stock_code,company_name,交易_日期,收盤價_元,漲跌價_元,漲跌幅_pct,河流圖_eps_元,目前_per_倍,本益比試算價格_15x_元,本益比試算價格_18x_元,本益比試算價格_21x_元,本益比試算價格_24x_元,本益比試算價格_27x_元,本益比試算價格_30x_元,file_type,source_file,download_success,download_timestamp,process_timestamp,stage1_process_timestamp
2882,國泰金,2021-01-04,42.05,,,,,,,,,,,ShowDailyK_ChartFlow,FinMind_API_TaiwanStockPrice_2882,True,2026-09-24T07:14:15,2026-09-24T07:14:15,2026-09-24T07:14:15
2882,國泰金,2021-01-05,42.1,0.05000000000000426,0.12%,,,,,,,,,ShowDailyK_ChartFlow,FinMind_API_TaiwanStockPrice_2882,True,2026-09-24T07:14:15,2026-09-24T07:14:15,2026-09-24T07:14:15
2882,國泰金,2021-01-06,41.55,-0.5500000000000043,-1.31%,,,,,,,,,ShowDailyK_ChartFlow,FinMind_API_TaiwanStockPrice_2882,True,2026-09-24T07:14:15,2026-09-24T07:14:15,2026-09-24T07:14:15
2882,國泰金,2021-01-07,41.9,0.3500000000000014,0.84%,,,,,,,,,ShowDailyK_ChartFlow,FinMind_API_TaiwanStockPrice_2882,True,2026-09-24T07:14:15,2026-09-24T07:14:15,2026-09-24T07:14:15
2882,國泰金,2021-01-08,42.85,0.9500000000000028,2.27%,,,,,,,,,ShowDailyK_ChartFlow,FinMind_API_TaiwanStockPrice_2882,True,2026-09-24T07:14:15,2026-09-24T07:14:15,2026-09-24T07:14:15
2882,國泰金,2021-01-11,42.6,-0.25,-0.58%,,,,,,,,,ShowDailyK_ChartFlow,FinMind_API_TaiwanStockPrice_2882,True,2026-09-24T07:14:15,2026-09-24T07:14:15,2026-09-24T07:14:15
2882,國泰金,2021-01-12,42.3,-0.30000000000000426,-0.70%,,,,,,,,,ShowDailyK_ChartFlow,FinMind_API_TaiwanStockPrice_2882,True,2026-09-24T07:14:15,2026-09-24T07:14:15,2026-09-24T07:14:15
2882,國泰金,2021-01-13,42.4,0.10000000000000142,0.24%,,,,,,,,,ShowDailyK_ChartFlow,FinMind_API_TaiwanStockPrice_2882,True,2026-09-24T07:14:15,2026-09-24T07:14:15,2026-09-24T07:14:15
2882,國泰金,2021-01-14,42.5,0.10000000000000142,0.24%,,,,,,,,,ShowDailyK_ChartFlow,FinMind_API_TaiwanStockPrice_2882,True,2026-09-24T07:14:15,2026-09-24T07:14:15,2026-09-24T07:14:15
2882,國泰金,2021-01-15,41.8,-0.7000000000000028,-1.65%,,,,,,,,,ShowDailyK_ChartFlow,FinMind_API_TaiwanStockPrice_2882,True,2026-09-24T07:14:15,2026-09-24T07:14:15,2026-09-24T07:14:15
2882,國泰金,2021-01-18,41.2,-0.5999999999999943,-1.44%,,,,,,,,,ShowDailyK_ChartFlow,FinMind_API_TaiwanStockPrice_2882,True,2026-09-24T07:14:15,2026-09-24T07:14:15,2026-09-24T07:14:15
2882,國泰金,2021-01-19,41.35,0.14999999999999858,0.36%,,,,,,,,,ShowDailyK_ChartFlow,FinMind_API_TaiwanStockPrice_2882,True,2026-09-24T07:14:15,2026-09-24T07:14:15,2026-09-24T07:14:15
2882,國泰金,2021-01-20,40.65,-0.7000000000000028,-1.69%,,,,,,,,,ShowDailyK_ChartFlow,FinMind_API_TaiwanStockPrice_2882,True,2026-09-24T07:14:15,2026-09-24T07:14:15,2026-09-24T07:14:15
2882,國泰金,2021-01-21,40.65,0.0,0.00%,,,,,,,,,ShowDailyK_ChartFlow,FinMind_API_TaiwanStockPrice_2882,True,2026-09-24T07:14:15,2026-09-24T07:14:15,2026-09-24T07:14:15
2882,國泰金,2021-01-22,40.55,-0.10000000000000142,-0.25%,,,,,,,,,ShowDailyK_ChartFlow,FinMind_API_TaiwanStockPrice_2882,True,2026-09-24T07:14:15,2026-09-24T07:14:15,2026-09-24T07:14:15
2882,國泰金,2021-01-25,41.0,0.45000000000000284,1.11%,,,,,,,,,ShowDailyK_ChartFlow,FinMind_API_TaiwanStockPrice_2882,True,2026-09-24T07:14:15,2026-09-24T07:14:15,2026-09-24T07:14:15
2882,國泰金,2021-01-26,40.5,-0.5,-1.22%,,,,,,,,,ShowDailyK_ChartFlow,FinMind_API_TaiwanStockPrice_2882,True,2026-09-24T07:14:15,2026-09-24T07:14:15,2026-09-24T07:14:15
2882,國泰金,2021-01-27,40.5,0.0,0.00%,,,,,,,,,ShowDailyK_ChartFlow,FinMind_API_TaiwanStockPrice_2882,True,2026-09-24T07:14:15,2026-09-24T07:14:15,2026-09-24T07:14:15
2882,國泰金,2021-01-28,40.1,-0.3999999999999986,-0.99%,,,,,,,,,ShowDailyK_ChartFlow,FinMind_API_TaiwanStockPrice_2882,True,2026-09-24T07:14:15,2026-09-24T07:14:15,2026-09-24T07:14:15
2882,國泰金,2021-01-29,39.9,-0.20000000000000284,-0.50%,,,,,,,,,ShowDailyK_ChartFlow,FinMind_API_TaiwanStockPrice_2882,True,2026-09-24T07:14:15,2026-09-24T07:14:15,2026-09-24T07:14:15
2882,國泰金,2021-02-01,39.9,0.0,0.00%,,,,,,,,,ShowDailyK_ChartFlow,FinMind_API_TaiwanStockPrice_2882,True,2026-09-24T07:14:15,2026-09-24T07:14:15,2026-09-24T07:14:15
2882,國泰金,2021-02-02,40.3,0.3999999999999986,1.00%,,,,,,,,,ShowDailyK_ChartFlow,FinMind_API_TaiwanStockPrice_2882,True,2026-09-24T07:14:15,2026-09-24T07:14:15,2026-09-24T07:14:15
2882,國泰金,2021-02-03,40.3,0.0,0.00%,,,,,,,,,ShowDailyK_ChartFlow,FinMind_API_TaiwanStockPrice_2882,True,2026-09-24T07:14:15,2026-09-24T07:14:15,2026-09-24T07:14:15
2882,國泰金,2021-02-04,40.7,0.4000000000000057,0.99%,,,,,,,,,ShowDailyK_ChartFlow,FinMind_API_TaiwanStockPrice_2882,True,2026-09-24T07:14:15,2026-09-24T07:14:15,2026-09-24T07:14:15
2882,國泰金,2021-02-05,40.6,-0.10000000000000142,-0.25%,,,,,,,,,ShowDailyK_ChartFlow,FinMind_API_TaiwanStockPrice_2882,True,2026-09-24T07:14:15,2026-09-24T07:14:15,2026-09-24T07:14:15
2882,國泰金,2021-02-17,41.95,1.3500000000000014,3.33%,,,,,,,,,ShowDailyK_ChartFlow,FinMind_API_TaiwanStockPrice_2882,True,2026-09-24T07:14:15,2026-09-24T07:14:15,2026-09-24T07:14:15
2882,國泰金,2021-02-18,42.2,0.25,0.60%,,,,,,,,,ShowDailyK_ChartFlow,FinMind_API_TaiwanStockPrice_2882,True,2026-09-24T07:14:15,2026-09-24T07:14:15,2026-09-24T07:14:15
2882,國泰金,2021-02-19,41.85,-0.3500000000000014,-0.83%,,,,,,,,,ShowDailyK_ChartFlow,FinMind_API_TaiwanStockPrice_2882,True,2026-09-24T07:14:15,2026-09-24T07:14:15,2026-09-24T07:14:15
2882,國泰金,2021-02-22,42.05,0.19999999999999574,0.48%,,,,,,,,,ShowDailyK_ChartFlow,FinMind_API_TaiwanStockPrice_2882,True,2026-09-24T07:14:15,2026-09-24T07:14:15,2026-09-24T07:14:15
2882,國泰金,2021-02-23,42.7,0.6500000000000057,1.55%,,,,,,,,,ShowDailyK_ChartFlow,FinMind_API_TaiwanStockPrice_2882,True,2026-09-24T07:14:15,2026-09-24T07:14:15,2026-09-24T07:14:15
2882,國泰金,2021-02-24,42.65,-0.05000000000000426,-0.12%,,,,,,,,,ShowDailyK_ChartFlow,FinMind_API_TaiwanStockPrice_2882,True,2026-09-24T07:14:15,2026-09-24T07:14:15,2026-09-24T07:14:15
2882,國泰金,2021-02-25,43.6,0.9500000000000028,2.23%,,,,,,,,,ShowDailyK_ChartFlow,FinMind_API_TaiwanStockPrice_2882,True,2026-09-24T07:14:15,2026-09-24T07:14:15,2026-09-24T07:14:15
2882,國泰金,2021-02-26,41.95,-1.6499999999999986,-3.78%,,,,,,,,,ShowDailyK_ChartFlow,FinMind_API_TaiwanStockPrice_2882,True,2026-09-24T07:14:15,2026-09-24T07:14:15,2026-09-24T07:14:15
2882,國泰金,2021-03-02,41.9,-0.05000000000000426,-0.12%,,,,,,,,,ShowDailyK_ChartFlow,FinMind_API_TaiwanStockPrice_2882,True,2026-09-24T07:14:15,2026-09-24T07:14:15,2026-09-24T07:14:15
2882,國泰金,2021-03-03,42.55,0.6499999999999986,1.55%,,,,,,,,,ShowDailyK_ChartFlow,FinMind_API_TaiwanStockPrice_2882,True,2026-09-24T07:14:15,2026-09-24T07:14:15,2026-09-24T07:14:15
2882,國泰金,2021-03-04,42.35,-0.19999999999999574,-0.47%,,,,,,,,,ShowDailyK_ChartFlow,FinMind_API_TaiwanStockPrice_2882,True,2026-09-24T07:14:15,2026-09-24T07:14:15,2026-09-24T07:14:15
2882,國泰金,2021-03-05,42.55,0.19999999999999574,0.47%,,,,,,,,,ShowDailyK_ChartFlow,FinMind_API_TaiwanStockPrice_2882,True,2026-09-24T07:14:15,2026-09-24T07:14:15,2026-09-24T07:14:15
2882,國泰金,2021-03-08,42.9,0.3500000000000014,0.82%,,,,,,,,,ShowDailyK_ChartFlow,FinMind_API_TaiwanStockPrice_2882,True,2026-09-24T07:14:15,2026-09-24T07:14:15,2026-09-24T07:14:15
2882,國泰金,2021-03-09,44.3,1.3999999999999986,3.26%,,,,,,,,,ShowDailyK_ChartFlow,FinMind_API_TaiwanStockPrice_2882,True,2026-09-24T07:14:15,2026-09-24T07:14:15,2026-09-24T07:14:15
2882,國泰金,2021-03-10,44.55,0.25,0.56%,,,,,,,,,ShowDailyK_ChartFlow,FinMind_API_TaiwanStockPrice_2882,True,2026-09-24T07:14:15,2026-09-24T07:14:15,2026-09-24T07:14:15
2882,國泰金,2021-03-11,45.75,1.2000000000000028,2.69%,,,,,,,,,ShowDailyK_ChartFlow,FinMind_API_TaiwanStockPrice_2882,True,2026-09-24T07:14:15,2026-09-24T07:14:15,2026-09-24T07:14:15
2882,國泰金,2021-03-12,45.9,0.14999999999999858,0.33%,,,,,,,,,ShowDailyK_ChartFlow,FinMind_API_TaiwanStockPrice_2882,True,2026-09-24T07:14:15,2026-09-24T07:14:15,2026-09-24T07:14:15
2882,國泰金,2021-03-15,46.7,0.8000000000000043,1.74%,,,,,,,,,ShowDailyK_ChartFlow,FinMind_API_TaiwanStockPrice_2882,True,2026-09-24T07:14:15,2026-09-24T07:14:15,2026-09-24T07:14:15
2882,國泰金,2021-03-16,46.45,-0.25,-0.54%,,,,,,,,,ShowDailyK_ChartFlow,FinMind_API_TaiwanStockPrice_2882,True,2026-09-24T07:14:15,2026-09-24T07:14:15,2026-09-24T07:14:15
2882,國泰金,2021-03-17,45.8,-0.6500000000000057,-1.40%,,,,,,,,,ShowDailyK_ChartFlow,FinMind_API_TaiwanStockPrice_2882,True,2026-09-24T07:14:15,2026-09-24T07:14:15,2026-09-24T07:14:15
2882,國泰金,2021-03-18,45.45,-0.3499999999999943,-0.76%,,,,,,,,,ShowDailyK_ChartFlow,FinMind_API_TaiwanStockPrice_2882,True,2026-09-24T07:14:15,2026-09-24T07:14:15,2026-09-24T07:14:15
2882,國泰金,2021-03-19,44.6,-0.8500000000000014,-1.87%,,,,,,,,,ShowDailyK_ChartFlow,FinMind_API_TaiwanStockPrice_2882,True,2026-09-24T07:14:15,2026-09-24T07:14:15,2026-09-24T07:14:15
2882,國泰金,2021-03-22,45.6,1.0,2.24%,,,,,,,,,ShowDailyK_ChartFlow,FinMind_API_TaiwanStockPrice_2882,True,2026-09-24T07:14:15,2026-09-24T07:14:15,2026-09-24T07:14:15
2882,國泰金,2021-03-23,46.8,1.1999999999999957,2.63%,,,,,,,,,ShowDailyK_ChartFlow,FinMind_API_TaiwanStockPrice_2882,True,2026-09-24T07:14:15,2026-09-24T07:14:15,2026-09-24T07:14:15
2882,國泰金,2021-03-24,46.5,-0.29999999999999716,-0.64%,,,,,,,,,ShowDailyK_ChartFlow,FinMind_API_TaiwanStockPrice_2882,True,2026-09-24T07:14:15,2026-09-24T07:14:15,2026-09-24T07:14:15
2882,國泰金,2021-03-25,46.85,0.3500000000000014,0.75%,,,,,,,,,ShowDailyK_ChartFlow,FinMind_API_TaiwanStockPrice_2882,True,2026-09-24T07:14:15,2026-09-24T07:14:15,2026-09-24T07:14:15
2882,國泰金,2021-03-26,47.6,0.75,1.60%,,,,,,,,,ShowDailyK_ChartFlow,FinMind_API_TaiwanStockPrice_2882,True,2026-09-24T07:14:15,2026-09-24T07:14:15,2026-09-24T07:14:15
2882,國泰金,2021-03-29,48.0,0.3999999999999986,0.84%,,,,,,,,,ShowDailyK_ChartFlow,FinMind_API_TaiwanStockPrice_2882,True,2026-09-24T07:14:15,2026-09-24T07:14:15,2026-09-24T07:14:15
2882,國泰金,2021-03-30,48.0,0.0,0.00%,,,,,,,,,ShowDailyK_ChartFlow,FinMind_API_TaiwanStockPrice_2882,True,2026-09-24T07:14:15,2026-09-24T07:14:15,2026-09-24T07:14:15
2882,國泰金,2021-03-31,47.95,-0.04999999999999716,-0.10%,,,,,,,,,ShowDailyK_ChartFlow,FinMind_API_TaiwanStockPrice_2882,True,2026-09-24T07:14:15,2026-09-24T07:14:15,2026-09-24T07:14:15
2882,國泰金,2021-04-01,47.95,0.0,0.00%,,,,,,,,,ShowDailyK_ChartFlow,FinMind_API_TaiwanStockPrice_2882,True,2026-09-24T07:14:15,2026-09-24T07:14:15,2026-09-24T07:14:15
2882,國泰金,2021-04-06,48.0,0.04999999999999716,0.10%,,,,,,,,,ShowDailyK_ChartFlow,FinMind_API_TaiwanStockPrice_2882,True,2026-09-24T07:14:15,2026-09-24T07:14:15,2026-09-24T07:14:15
2882,國泰金,2021-04-07,48.0,0.0,0.00%,,,,,,,,,ShowDailyK_ChartFlow,FinMind_API_TaiwanStockPrice_2882,True,2026-09-24T07:14:15,2026-09-24T07:14:15,2026-09-24T07:14:15
2882,國泰金,2021-04-08,47.65,-0.3500000000000014,-0.73%,,,,,,,,,ShowDailyK_ChartFlow,FinMind_API_TaiwanStockPrice_2882,True,2026-09-24T07:14:15,2026-09-24T07:14:15,2026-09-24T07:14:15
2882,國泰金,2021-04-09,47.25,-0.3999999999999986,-0.84%,,,,,,,,,ShowDailyK_ChartFlow,FinMind_API_TaiwanStockPrice_2882,True,2026-09-24T07:14:15,2026-09-24T07:14:15,2026-09-24T07:14:15
2882,國泰金,2021-04-12,48.8,1.5499999999999972,3.28%,,,,,,,,,ShowDailyK_ChartFlow,FinMind_API_TaiwanStockPrice_2882,True,2026-09-24T07:14:15,2026-09-24T07:14:15,2026-09-24T07:14:15
2882,國泰金,2021-04-13,49.0,0.20000000000000284,0.41%,,,,,,,,,ShowDailyK_ChartFlow,FinMind_API_TaiwanStockPrice_2882,True,2026-09-24T07:14:15,2026-09-24T07:14:15,2026-09-24T07:14:15
2882,國泰金,2021-04-14,48.55,-0.45000000000000284,-0.92%,,,,,,,,,ShowDailyK_ChartFlow,FinMind_API_TaiwanStockPrice_2882,True,2026-09-24T07:14:15,2026-09-24T07:14:15,2026-09-24T07:14:15
2882,國泰金,2021-04-15,49.8,1.25,2.57%,,,,,,,,,ShowDailyK_ChartFlow,FinMind_API_TaiwanStockPrice_2882,True,2026-09-24T07:14:15,2026-09-24T07:14:15,2026-09-24T07:14:15
2882,國泰金,2021-04-16,49.85,0.05000000000000426,0.10%,,,,,,,,,ShowDailyK_ChartFlow,FinMind_API_TaiwanStockPrice_2882,True,2026-09-24T07:14:15,2026-09-24T07:14:15,2026-09-24T07:14:15
2882,國泰金,2021-04-19,51.6,1.75,3.51%,,,,,,,,,ShowDailyK_ChartFlow,FinMind_API_TaiwanStockPrice_2882,True,2026-09-24T07:14:15,2026-09-24T07:14:15,2026-09-24T07:14:15
2882,國泰金,2021-04-20,51.4,-0.20000000000000284,-0.39%,,,,,,,,,ShowDailyK_ChartFlow,FinMind_API_TaiwanStockPrice_2882,True,2026-09-24T07:14:15,2026-09-24T07:14:15,2026-09-24T07:14:15
2882,國泰金,2021-04-21,50.9,-0.5,-0.97%,,,,,,,,,ShowDailyK_ChartFlow,FinMind_API_TaiwanStockPrice_2882,True,2026-09-24T07:14:15,2026-09-24T07:14:15,2026-09-24T07:14:15
2882,國泰金,2021-04-22,50.7,-0.19999999999999574,-0.39%,,,,,,,,,ShowDailyK_ChartFlow,FinMind_API_TaiwanStockPrice_2882,True,2026-09-24T07:14:15,2026-09-24T07:14:15,2026-09-24T07:14:15
2882,國泰金,2021-04-23,50.9,0.19999999999999574,0.39%,,,,,,,,,ShowDailyK_ChartFlow,FinMind_API_TaiwanStockPrice_2882,True,2026-09-24T07:14:15,2026-09-24T07:14:15,2026-09-24T07:14:15
2882,國泰金,2021-04-26,52.1,1.2000000000000028,2.36%,,,,,,,,,ShowDailyK_ChartFlow,FinMind_API_TaiwanStockPrice_2882,True,2026-09-24T07:14:15,2026-09-24T07:14:15,2026-09-24T07:14:15
2882,國泰金,2021-04-27,52.9,0.7999999999999972,1.54%,,,,,,,,,ShowDailyK_ChartFlow,FinMind_API_TaiwanStockPrice_2882,True,2026-09-24T07:14:15,2026-09-24T07:14:15,2026-09-24T07:14:15
2882,國泰金,2021-04-28,53.0,0.10000000000000142,0.19%,,,,,,,,,ShowDailyK_ChartFlow,FinMind_API_TaiwanStockPrice_2882,True,2026-09-24T07:14:15,2026-09-24T07:14:15,2026-09-24T07:14:15
2882,國泰金,2021-04-29,52.3,-0.7000000000000028,-1.32%,,,,,,,,,ShowDailyK_ChartFlow,FinMind_API_TaiwanStockPrice_2882,True,2026-09-24T07:14:15,2026-09-24T07:14:15,2026-09-24T07:14:15
2882,國泰金,2021-05-03,52.6,0.30000000000000426,0.57%,,,,,,,,,ShowDailyK_ChartFlow,FinMind_API_TaiwanStockPrice_2882,True,2026-09-24T07:14:15,2026-09-24T07:14:15,2026-09-24T07:14:15
2882,國泰金,2021-05-04,51.7,-0.8999999999999986,-1.71%,,,,,,,,,ShowDailyK_ChartFlow,FinMind_API_TaiwanStockPrice_2882,True,2026-09-24T07:14:15,2026-09-24T07:14:15,2026-09-24T07:14:15
2882,國泰金,2021-05-05,53.6,1.8999999999999986,3.68%,,,,,,,,,ShowDailyK_ChartFlow,FinMind_API_TaiwanStockPrice_2882,True,2026-09-24T07:14:15,2026-09-24T07:14:15,2026-09-24T07:14:15
2882,國泰金,2021-05-06,54.4,0.7999999999999972,1.49%,,,,,,,,,ShowDailyK_ChartFlow,FinMind_API_TaiwanStockPrice_2882,True,2026-09-24T07:14:15,2026-09-24T07:14:15,2026-09-24T07:14:15
2882,國泰金,2021-05-07,55.1,0.7000000000000028,1.29%,,,,,,,,,ShowDailyK_ChartFlow,FinMind_API_TaiwanStockPrice_2882,True,2026-09-24T07:14:15,2026-09-24T07:14:15,2026-09-24T07:14:15
2882,國泰金,2021-05-10,58.2,3.1000000000000014,5.63%,,,,,,,,,ShowDailyK_ChartFlow,FinMind_API_TaiwanStockPrice_2882,True,2026-09-24T07:14:15,2026-09-24T07:14:15,2026-09-24T07:14:15
2882,國泰金,2021-05-11,56.6,-1.6000000000000014,-2.75%,,,,,,,,,ShowDailyK_ChartFlow,FinMind_API_TaiwanStockPrice_2882,True,2026-09-24T07:14:15,2026-09-24T07:14:15,2026-09-24T07:14:15
2882,國泰金,2021-05-12,52.3,-4.300000000000004,-7.60%,,,,,,,,,ShowDailyK_ChartFlow,FinMind_API_TaiwanStockPrice_2882,True,2026-09-24T07:14:15,2026-09-24T07:14:15,2026-09-24T07:14:15
2882,國泰金,2021-05-13,51.1,-1.1999999999999957,-2.29%,,,,,,,,,ShowDailyK_ChartFlow,FinMind_API_TaiwanStockPrice_2882,True,2026-09-24T07:14:15,2026-09-24T07:14:15,2026-09-24T07:14:15
2882,國泰金,2021-05-14,51.5,0.3999999999999986,0.78%,,,,,,,,,ShowDailyK_ChartFlow,FinMind_API_TaiwanStockPrice_2882,True,2026-09-24T07:14:15,2026-09-24T07:14:15,2026-09-24T07:14:15
2882,國泰金,2021-05-17,48.65,-2.8500000000000014,-5.53%,,,,,,,,,ShowDailyK_ChartFlow,FinMind_API_TaiwanStockPrice_2882,True,2026-09-24T07:14:15,2026-09-24T07:14:15,2026-09-24T07:14:15
2882,國泰金,2021-05-18,53.5,4.850000000000001,9.97%,,,,,,,,,ShowDailyK_ChartFlow,FinMind_API_TaiwanStockPrice_2882,True,2026-09-24T07:14:15,2026-09-24T07:14:15,2026-09-24T07:14:15
2882,國泰金,2021-05-19,54.3,0.7999999999999972,1.50%,,,,,,,,,ShowDailyK_ChartFlow,FinMind_API_TaiwanStockPrice_2882,True,2026-09-24T07:14:15,2026-09-24T07:14:15,2026-09-24T07:14:15
2882,國泰金,2021-05-20,53.3,-1.0,-1.84%,,,,,,,,,ShowDailyK_ChartFlow,FinMind_API_TaiwanStockPrice_2882,True,2026-09-24T07:14:15,2026-09-24T07:14:15,2026-09-24T07:14:15
2882,國泰金,2021-05-21,54.2,0.9000000000000057,1.69%,,,,,,,,,ShowDailyK_ChartFlow,FinMind_API_TaiwanStockPrice_2882,True,2026-09-24T07:14:15,2026-09-24T07:14:15,2026-09-24T07:14:15
2882,國泰金,2021-05-24,53.9,-0.30000000000000426,-0.55%,,,,,,,,,ShowDailyK_ChartFlow,FinMind_API_TaiwanStockPrice_2882,True,2026-09-24T07:14:15,2026-09-24T07:14:15,2026-09-24T07:14:15
2882,國泰金,2021-05-25,54.3,0.3999999999999986,0.74%,,,,,,,,,ShowDailyK_ChartFlow,FinMind_API_TaiwanStockPrice_2882,True,2026-09-24T07:14:15,2026-09-24T07:14:15,2026-09-24T07:14:15
2882,國泰金,2021-05-26,54.4,0.10000000000000142,0.18%,,,,,,,,,ShowDailyK_ChartFlow,FinMind_API_TaiwanStockPrice_2882,True,2026-09-24T07:14:15,2026-09-24T07:14:15,2026-09-24T07:14:15
2882,國泰金,2021-05-27,54.4,0.0,0.00%,,,,,,,,,ShowDailyK_ChartFlow,FinMind_API_TaiwanStockPrice_2882,True,2026-09-24T07:14:15,2026-09-24T07:14:15,2026-09-24T07:14:15
2882,國泰金,2021-05-28,55.5,1.1000000000000014,2.02%,,,,,,,,,ShowDailyK_ChartFlow,FinMind_API_TaiwanStockPrice_2882,True,2026-09-24T07:14:15,2026-09-24T07:14:15,2026-09-24T07:14:15
2882,國泰金,2021-05-31,55.9,0.3999999999999986,0.72%,,,,,,,,,ShowDailyK_ChartFlow,FinMind_API_TaiwanStockPrice_2882,True,2026-09-24T07:14:15,2026-09-24T07:14:15,2026-09-24T07:14:15
2882,國泰金,2021-06-01,55.8,-0.10000000000000142,-0.18%,,,,,,,,,ShowDailyK_ChartFlow,FinMind_API_TaiwanStockPrice_2882,True,2026-09-24T07:14:15,2026-09-24T07:14:15,2026-09-24T07:14:15
2882,國泰金,2021-06-02,56.3,0.5,0.90%,,,,,,,,,ShowDailyK_ChartFlow,FinMind_API_TaiwanStockPrice_2882,True,2026-09-24T07:14:15,2026-09-24T07:14:15,2026-09-24T07:14:15
2882,國泰金,2021-06-03,55.8,-0.5,-0.89%,,,,,,,,,ShowDailyK_ChartFlow,FinMind_API_TaiwanStockPrice_2882,True,2026-09-24T07:14:15,2026-09-24T07:14:15,2026-09-24T07:14:15
2882,國泰金,2021-06-04,55.0,-0.7999999999999972,-1.43%,,,,,,,,,ShowDailyK_ChartFlow,FinMind_API_TaiwanStockPrice_2882,True,2026-09-24T07:14:15,2026-09-24T07:14:15,2026-09-24T07:14:15
2882,國泰金,2021-06-07,54.7,-0.29999999999999716,-0.55%,,,,,,,,,ShowDailyK_ChartFlow,FinMind_API_TaiwanStockPrice_2882,True,2026-09-24T07:14:15,2026-09-24T07:14:15,2026-09-24T07:14:15
2882,國泰金,2021-06-08,54.8,0.09999999999999432,0.18%,,,,,,,,,ShowDailyK_ChartFlow,FinMind_API_TaiwanStockPrice_2882,True,2026-09-24T07:14:15,2026-09-24T07:14:15,2026-09-24T07:14:15
2882,國泰金,2021-06-09,54.3,-0.5,-0.91%,,,,,,,,,ShowDailyK_ChartFlow,FinMind_API_TaiwanStockPrice_2882,True,2026-09-24T07:14:15,2026-09-24T07:14:15,2026-09-24T07:14:15
2882,國泰金,2021-06-10,54.7,0.4000000000000057,0.74%,,,,,,,,,ShowDailyK_ChartFlow,FinMind_API_TaiwanStockPrice_2882,True,2026-09-24T07:14:15,2026-09-24T07:14:15,2026-09-24T07:14:15
2882,國泰金,2021-06-11,54.5,-0.20000000000000284,-0.37%,,,,,,,,,ShowDailyK_ChartFlow,FinMind_API_TaiwanStockPrice_2882,True,2026-09-24T07:14:15,2026-09-24T07:14:15,2026-09-24T07:14:15
2882,國泰金,2021-06-15,54.3,-0.20000000000000284,-0.37%,,,,,,,,,ShowDailyK_ChartFlow,FinMind_API_TaiwanStockPrice_2882,True,2026-09-24T07:14:15,2026-09-24T07:14:15,2026-09-24T07:14:15
2882,國泰金,2021-06-16,54.3,0.0,0.00%,,,,,,,,,ShowDailyK_ChartFlow,FinMind_API_TaiwanStockPrice_2882,True,2026-09-24T07:14:15,2026-09-24T07:14:15,2026-09-24T07:14:15
2882,國泰金,2021-06-17,54.0,-0.29999999999999716,-0.55%,,,,,,,,,ShowDailyK_ChartFlow,FinMind_API_TaiwanStockPrice_2882,True,2026-09-24T07:14:15,2026-09-24T07:14:15,2026-09-24T07:14:15
2882,國泰金,2021-06-18,53.6,-0.3999999999999986,-0.74%,,,,,,,,,ShowDailyK_ChartFlow,FinMind_API_TaiwanStockPrice_2882,True,2026-09-24T07:14:15,2026-09-24T07:14:15,2026-09-24T07:14:15
2882,國泰金,2021-06-21,52.0,-1.6000000000000014,-2.99%,,,,,,,,,ShowDailyK_ChartFlow,FinMind_API_TaiwanStockPrice_2882,True,2026-09-24T07:14:15,2026-09-24T07:14:15,2026-09-24T07:14:15
2882,國泰金,2021-06-22,52.6,0.6000000000000014,1.15%,,,,,,,,,ShowDailyK_ChartFlow,FinMind_API_TaiwanStockPrice_2882,True,2026-09-24T07:14:15,2026-09-24T07:14:15,2026-09-24T07:14:15
2882,國泰金,2021-06-23,54.1,1.5,2.85%,,,,,,,,,ShowDailyK_ChartFlow,FinMind_API_TaiwanStockPrice_2882,True,2026-09-24T07:14:15,2026-09-24T07:14:15,2026-09-24T07:14:15
2882,國泰金,2021-06-24,53.8,-0.30000000000000426,-0.55%,,,,,,,,,ShowDailyK_ChartFlow,FinMind_API_TaiwanStockPrice_2882,True,2026-09-24T07:14:15,2026-09-24T07:14:15,2026-09-24T07:14:15
2882,國泰金,2021-06-25,54.3,0.5,0.93%,,,,,,,,,ShowDailyK_ChartFlow,FinMind_API_TaiwanStockPrice_2882,True,2026-09-24T07:14:15,2026-09-24T07:14:15,2026-09-24T07:14:15
2882,國泰金,2021-06-28,54.3,0.0,0.00%,,,,,,,,,ShowDailyK_ChartFlow,FinMind_API_TaiwanStockPrice_2882,True,2026-09-24T07:14:15,2026-09-24T07:14:15,2026-09-24T07:14:15
2882,國泰金,2021-06-29,53.7,-0.5999999999999943,-1.10%,,,,,,,,,ShowDailyK_ChartFlow,FinMind_API_TaiwanStockPrice_2882,True,2026-09-24T07:14:15,2026-09-24T07:14:15,2026-09-24T07:14:15
2882,國泰金,2021-06-30,53.9,0.19999999999999574,0.37%,,,,,,,,,ShowDailyK_ChartFlow,FinMind_API_TaiwanStockPrice_2882,True,2026-09-24T07:14:15,2026-09-24T07:14:15,2026-09-24T07:14:15
2882,國泰金,2021-07-01,53.9,0.0,0.00%,,,,,,,,,ShowDailyK_ChartFlow,FinMind_API_TaiwanStockPrice_2882,True,2026-09-24T07:14:15,2026-09-24T07:14:15,2026-09-24T07:14:15
2882,國泰金,2021-07-02,53.9,0.0,0.00%,,,,,,,,,ShowDailyK_ChartFlow,FinMind_API_TaiwanStockPrice_2882,True,2026-09-24T07:14:15,2026-09-24T07:14:15,2026-09-24T07:14:15
2882,國泰金,2021-07-05,54.2,0.30000000000000426,0.56%,,,,,,,,,ShowDailyK_ChartFlow,FinMind_API_TaiwanStockPrice_2882,True,2026-09-24T07:14:15,2026-09-24T07:14:15,2026-09-24T07:14:15
2882,國泰金,2021-07-06,54.1,-0.10000000000000142,-0.18%,,,,,,,,,ShowDailyK_ChartFlow,FinMind_API_TaiwanStockPrice_2882,True,2026-09-24T07:14:15,2026-09-24T07:14:15,2026-09-24T07:14:15
2882,國泰金,2021-07-07,54.0,-0.10000000000000142,-0.18%,,,,,,,,,ShowDailyK_ChartFlow,FinMind_API_TaiwanStockPrice_2882,True,2026-09-24T07:14:15,2026-09-24T07:14:15,2026-09-24T07:14:15
2882,國泰金,2021-07-08,54.4,0.3999999999999986,0.74%,,,,,,,,,ShowDailyK_ChartFlow,FinMind_API_TaiwanStockPrice_2882,True,2026-09-24T07:14:15,2026-09-24T07:14:15,2026-09-24T07:14:15
2882,國泰金,2021-07-09,53.8,-0.6000000000000014,-1.10%,,,,,,,,,ShowDailyK_ChartFlow,FinMind_API_TaiwanStockPrice_2882,True,2026-09-24T07:14:15,2026-09-24T07:14:15,2026-09-24T07:14:15
2882,國泰金,2021-07-12,55.7,1.9000000000000057,3.53%,,,,,,,,,ShowDailyK_ChartFlow,FinMind_API_TaiwanStockPrice_2882,True,2026-09-24T07:14:15,2026-09-24T07:14:15,2026-09-24T07:14:15
2882,國泰金,2021-07-13,56.1,0.3999999999999986,0.72%,,,,,,,,,ShowDailyK_ChartFlow,FinMind_API_TaiwanStockPrice_2882,True,2026-09-24T07:14:15,2026-09-24T07:14:15,2026-09-24T07:14:15
2882,國泰金,2021-07-14,57.0,0.8999999999999986,1.60%,,,,,,,,,ShowDailyK_ChartFlow,FinMind_API_TaiwanStockPrice_2882,True,2026-09-24T07:14:15,2026-09-24T07:14:15,2026-09-24T07:14:15
2882,國泰金,2021-07-15,58.1,1.1000000000000014,1.93%,,,,,,,,,ShowDailyK_ChartFlow,FinMind_API_TaiwanStockPrice_2882,True,2026-09-24T07:14:15,2026-09-24T07:14:15,2026-09-24T07:14:15
2882,國泰金,2021-07-16,59.8,1.6999999999999957,2.93%,,,,,,,,,ShowDailyK_ChartFlow,FinMind_API_TaiwanStockPrice_2882,True,2026-09-24T07:14:15,2026-09-24T07:14:15,2026-09-24T07:14:15
2882,國泰金,2021-07-19,59.7,-0.09999999999999432,-0.17%,,,,,,,,,ShowDailyK_ChartFlow,FinMind_API_TaiwanStockPrice_2882,True,2026-09-24T07:14:15,2026-09-24T07:14:15,2026-09-24T07:14:15
2882,國泰金,2021-07-20,57.9,-1.8000000000000043,-3.02%,,,,,,,,,ShowDailyK_ChartFlow,FinMind_API_TaiwanStockPrice_2882,True,2026-09-24T07:14:15,2026-09-24T07:14:15,2026-09-24T07:14:15
2882,國泰金,2021-07-21,58.3,0.3999999999999986,0.69%,,,,,,,,,ShowDailyK_ChartFlow,FinMind_API_TaiwanStockPrice_2882,True,2026-09-24T07:14:15,2026-09-24T07:14:15,2026-09-24T07:14:15
2882,國泰金,2021-07-22,60.1,1.8000000000000043,3.09%,,,,,,,,,ShowDailyK_ChartFlow,FinMind_API_TaiwanStockPrice_2882,True,2026-09-24T07:14:15,2026-09-24T07:14:15,2026-09-24T07:14:15
2882,國泰金,2021-07-23,60.3,0.19999999999999574,0.33%,,,,,,,,,ShowDailyK_ChartFlow,FinMind_API_TaiwanStockPrice_2882,True,2026-09-24T07:14:15,2026-09-24T07:14:15,2026-09-24T07:14:15
2882,國泰金,2021-07-26,56.2,-4.099999999999994,-6.80%,,,,,,,,,ShowDailyK_ChartFlow,FinMind_API_TaiwanStockPrice_2882,True,2026-09-24T07:14:15,2026-09-24T07:14:15,2026-09-24T07:14:15
2882,國泰金,2021-07-27,55.0,-1.2000000000000028,-2.14%,,,,,,,,,ShowDailyK_ChartFlow,FinMind_API_TaiwanStockPrice_2882,True,2026-09-24T07:14:15,2026-09-24T07:14:15,2026-09-24T07:14:15
2882,國泰金,2021-07-28,53.8,-1.2000000000000028,-2.18%,,,,,,,,,ShowDailyK_ChartFlow,FinMind_API_TaiwanStockPrice_2882,True,2026-09-24T07:14:15,2026-09-24T07:14:15,2026-09-24T07:14:15
2882,國泰金,2021-07-29,54.8,1.0,1.86%,,,,,,,,,ShowDailyK_ChartFlow,FinMind_API_TaiwanStockPrice_2882,True,2026-09-24T07:14:15,2026-09-24T07:14:15,2026-09-24T07:14:15
2882,國泰金,2021-07-30,54.3,-0.5,-0.91%,,,,,,,,,ShowDailyK_ChartFlow,FinMind_API_TaiwanStockPrice_2882,True,2026-09-24T07:14:15,2026-09-24T07:14:15,2026-09-24T07:14:15
2882,國泰金,2021-08-02,55.8,1.5,2.76%,,,,,,,,,ShowDailyK_ChartFlow,FinMind_API_TaiwanStockPrice_2882,True,2026-09-24T07:14:15,2026-09-24T07:14:15,2026-09-24T07:14:15
2882,國泰金,2021-08-03,55.4,-0.3999999999999986,-0.72%,,,,,,,,,ShowDailyK_ChartFlow,FinMind_API_TaiwanStockPrice_2882,True,2026-09-24T07:14:15,2026-09-24T07:14:15,2026-09-24T07:14:15
2882,國泰金,2021-08-04,55.2,-0.19999999999999574,-0.36%,,,,,,,,,ShowDailyK_ChartFlow,FinMind_API_TaiwanStockPrice_2882,True,2026-09-24T07:14:15,2026-09-24T07:14:15,2026-09-24T07:14:15
2882,國泰金,2021-08-05,55.2,0.0,0.00%,,,,,,,,,ShowDailyK_ChartFlow,FinMind_API_TaiwanStockPrice_2882,True,2026-09-24T07:14:15,2026-09-24T07:14:15,2026-09-24T07:14:15
2882,國泰金,2021-08-06,55.1,-0.10000000000000142,-0.18%,,,,,,,,,ShowDailyK_ChartFlow,FinMind_API_TaiwanStockPrice_2882,True,2026-09-24T07:14:15,2026-09-24T07:14:15,2026-09-24T07:14:15
2882,國泰金,2021-08-09,55.2,0.10000000000000142,0.18%,,,,,,,,,ShowDailyK_ChartFlow,FinMind_API_TaiwanStockPrice_2882,True,2026-09-24T07:14:15,2026-09-24T07:14:15,2026-09-24T07:14:15
2882,國泰金,2021-08-10,54.9,-0.30000000000000426,-0.54%,,,,,,,,,ShowDailyK_ChartFlow,FinMind_API_TaiwanStockPrice_2882,True,2026-09-24T07:14:15,2026-09-24T07:14:15,2026-09-24T07:14:15
2882,國泰金,2021-08-11,56.0,1.1000000000000014,2.00%,,,,,,,,,ShowDailyK_ChartFlow,FinMind_API_TaiwanStockPrice_2882,True,2026-09-24T07:14:15,2026-09-24T07:14:15,2026-09-24T07:14:15
2882,國泰金,2021-08-12,56.0,0.0,0.00%,,,,,,,,,ShowDailyK_ChartFlow,FinMind_API_TaiwanStockPrice_2882,True,2026-09-24T07:14:15,2026-09-24T07:14:15,2026-09-24T07:14:15
2882,國泰金,2021-08-13,55.0,-1.0,-1.79%,,,,,,,,,ShowDailyK_ChartFlow,FinMind_API_TaiwanStockPrice_2882,True,2026-09-24T07:14:15,2026-09-24T07:14:15,2026-09-24T07:14:15
2882,國泰金,2021-08-16,54.3,-0.7000000000000028,-1.27%,,,,,,,,,ShowDailyK_ChartFlow,FinMind_API_TaiwanStockPrice_2882,True,2026-09-24T07:14:15,2026-09-24T07:14:15,2026-09-24T07:14:15
2882,國泰金,2021-08-17,54.7,0.4000000000000057,0.74%,,,,,,,,,ShowDailyK_ChartFlow,FinMind_API_TaiwanStockPrice_2882,True,2026-09-24T07:14:15,2026-09-24T07:14:15,2026-09-24T07:14:15
2882,國泰金,2021-08-18,54.4,-0.30000000000000426,-0.55%,,,,,,,,,ShowDailyK_ChartFlow,FinMind_API_TaiwanStockPrice_2882,True,2026-09-24T07:14:15,2026-09-24T07:14:15,2026-09-24T07:14:15
2882,國泰金,2021-08-19,53.8,-0.6000000000000014,-1.10%,,,,,,,,,ShowDailyK_ChartFlow,FinMind_API_TaiwanStockPrice_2882,True,2026-09-24T07:14:15,2026-09-24T07:14:15,2026-09-24T07:14:15
2882,國泰金,2021-08-20,53.7,-0.09999999999999432,-0.19%,,,,,,,,,ShowDailyK_ChartFlow,FinMind_API_TaiwanStockPrice_2882,True,2026-09-24T07:14:15,2026-09-24T07:14:15,2026-09-24T07:14:15
2882,國泰金,2021-08-23,55.1,1.3999999999999986,2.61%,,,,,,,,,ShowDailyK_ChartFlow,FinMind_API_TaiwanStockPrice_2882,True,2026-09-24T07:14:15,2026-09-24T07:14:15,2026-09-24T07:14:15
2882,國泰金,2021-08-24,55.8,0.6999999999999957,1.27%,,,,,,,,,ShowDailyK_ChartFlow,FinMind_API_TaiwanStockPrice_2882,True,2026-09-24T07:14:15,2026-09-24T07:14:15,2026-09-24T07:14:15
2882,國泰金,2021-08-25,56.0,0.20000000000000284,0.36%,,,,,,,,,ShowDailyK_ChartFlow,FinMind_API_TaiwanStockPrice_2882,True,2026-09-24T07:14:15,2026-09-24T07:14:15,2026-09-24T07:14:15
2882,國泰金,2021-08-26,56.0,0.0,0.00%,,,,,,,,,ShowDailyK_ChartFlow,FinMind_API_TaiwanStockPrice_2882,True,2026-09-24T07:14:15,2026-09-24T07:14:15,2026-09-24T07:14:15
2882,國泰金,2021-08-27,57.7,1.7000000000000028,3.04%,,,,,,,,,ShowDailyK_ChartFlow,FinMind_API_TaiwanStockPrice_2882,True,2026-09-24T07:14:15,2026-09-24T07:14:15,2026-09-24T07:14:15
2882,國泰金,2021-08-30,59.5,1.7999999999999972,3.12%,,,,,,,,,ShowDailyK_ChartFlow,FinMind_API_TaiwanStockPrice_2882,True,2026-09-24T07:14:15,2026-09-24T07:14:15,2026-09-24T07:14:15
2882,國泰金,2021-08-31,59.6,0.10000000000000142,0.17%,,,,,,,,,ShowDailyK_ChartFlow,FinMind_API_TaiwanStockPrice_2882,True,2026-09-24T07:14:15,2026-09-24T07:14:15,2026-09-24T07:14:15
2882,國泰金,2021-09-01,59.2,-0.3999999999999986,-0.67%,,,,,,,,,ShowDailyK_ChartFlow,FinMind_API_TaiwanStockPrice_2882,True,2026-09-24T07:14:15,2026-09-24T07:14:15,2026-09-24T07:14:15
2882,國泰金,2021-09-02,58.7,-0.5,-0.84%,,,,,,,,,ShowDailyK_ChartFlow,FinMind_API_TaiwanStockPrice_2882,True,2026-09-24T07:14:15,2026-09-24T07:14:15,2026-09-24T07:14:15
2882,國泰金,2021-09-03,59.6,0.8999999999999986,1.53%,,,,,,,,,ShowDailyK_ChartFlow,FinMind_API_TaiwanStockPrice_2882,True,2026-09-24T07:14:15,2026-09-24T07:14:15,2026-09-24T07:14:15
2882,國泰金,2021-09-06,59.2,-0.3999999999999986,-0.67%,,,,,,,,,ShowDailyK_ChartFlow,FinMind_API_TaiwanStockPrice_2882,True,2026-09-24T07:14:15,2026-09-24T07:14:15,2026-09-24T07:14:15
2882,國泰金,2021-09-07,59.2,0.0,0.00%,,,,,,,,,ShowDailyK_ChartFlow,FinMind_API_TaiwanStockPrice_2882,True,2026-09-24T07:14:15,2026-09-24T07:14:15,2026-09-24T07:14:15
2882,國泰金,2021-09-08,58.5,-0.7000000000000028,-1.18%,,,,,,,,,ShowDailyK_ChartFlow,FinMind_API_TaiwanStockPrice_2882,True,2026-09-24T07:14:15,2026-09-24T07:14:15,2026-09-24T07:14:15
2882,國泰金,2021-09-09,58.7,0.20000000000000284,0.34%,,,,,,,,,ShowDailyK_ChartFlow,FinMind_API_TaiwanStockPrice_2882,True,2026-09-24T07:14:15,2026-09-24T07:14:15,2026-09-24T07:14:15
2882,國泰金,2021-09-10,59.2,0.5,0.85%,,,,,,,,,ShowDailyK_ChartFlow,FinMind_API_TaiwanStockPrice_2882,True,2026-09-24T07:14:15,2026-09-24T07:14:15,2026-09-24T07:14:15
2882,國泰金,2021-09-13,59.9,0.6999999999999957,1.18%,,,,,,,,,ShowDailyK_ChartFlow,FinMind_API_TaiwanStockPrice_2882,True,2026-09-24T07:14:15,2026-09-24T07:14:15,2026-09-24T07:14:15
2882,國泰金,2021-09-14,59.8,-0.10000000000000142,-0.17%,,,,,,,,,ShowDailyK_ChartFlow,FinMind_API_TaiwanStockPrice_2882,True,2026-09-24T07:14:15,2026-09-24T07:14:15,2026-09-24T07:14:15
2882,國泰金,2021-09-15,59.5,-0.29999999999999716,-0.50%,,,,,,,,,ShowDailyK_ChartFlow,FinMind_API_TaiwanStockPrice_2882,True,2026-09-24T07:14:15,2026-09-24T07:14:15,2026-09-24T07:14:15
2882,國泰金,2021-09-16,59.7,0.20000000000000284,0.34%,,,,,,,,,ShowDailyK_ChartFlow,FinMind_API_TaiwanStockPrice_2882,True,2026-09-24T07:14:15,2026-09-24T07:14:15,2026-09-24T07:14:15
2882,國泰金,2021-09-17,58.9,-0.8000000000000043,-1.34%,,,,,,,,,ShowDailyK_ChartFlow,FinMind_API_TaiwanStockPrice_2882,True,2026-09-24T07:14:15,2026-09-24T07:14:15,2026-09-24T07:14:15
2882,國泰金,2021-09-22,56.8,-2.1000000000000014,-3.57%,,,,,,,,,ShowDailyK_ChartFlow,FinMind_API_TaiwanStockPrice_2882,True,2026-09-24T07:14:15,2026-09-24T07:14:15,2026-09-24T07:14:15
2882,國泰金,2021-09-23,57.5,0.7000000000000028,1.23%,,,,,,,,,ShowDailyK_ChartFlow,FinMind_API_TaiwanStockPrice_2882,True,2026-09-24T07:14:15,2026-09-24T07:14:15,2026-09-24T07:14:15
2882,國泰金,2021-09-24,57.8,0.29999999999999716,0.52%,,,,,,,,,ShowDailyK_ChartFlow,FinMind_API_TaiwanStockPrice_2882,True,2026-09-24T07:14:15,2026-09-24T07:14:15,2026-09-24T07:14:15
2882,國泰金,2021-09-27,58.7,0.9000000000000057,1.56%,,,,,,,,,ShowDailyK_ChartFlow,FinMind_API_TaiwanStockPrice_2882,True,2026-09-24T07:14:15,2026-09-24T07:14:15,2026-09-24T07:14:15
2882,國泰金,2021-09-28,59.0,0.29999999999999716,0.51%,,,,,,,,,ShowDailyK_ChartFlow,FinMind_API_TaiwanStockPrice_2882,True,2026-09-24T07:14:15,2026-09-24T07:14:15,2026-09-24T07:14:15
2882,國泰金,2021-09-29,58.0,-1.0,-1.69%,,,,,,,,,ShowDailyK_ChartFlow,FinMind_API_TaiwanStockPrice_2882,True,2026-09-24T07:14:15,2026-09-24T07:14:15,2026-09-24T07:14:15
2882,國泰金,2021-09-30,57.9,-0.10000000000000142,-0.17%,,,,,,,,,ShowDailyK_ChartFlow,FinMind_API_TaiwanStockPrice_2882,True,2026-09-24T07:14:15,2026-09-24T07:14:15,2026-09-24T07:14:15
2882,國泰金,2021-10-01,56.9,-1.0,-1.73%,,,,,,,,,ShowDailyK_ChartFlow,FinMind_API_TaiwanStockPrice_2882,True,2026-09-24T07:14:15,2026-09-24T07:14:15,2026-09-24T07:14:15
2882,國泰金,2021-10-04,56.6,-0.29999999999999716,-0.53%,,,,,,,,,ShowDailyK_ChartFlow,FinMind_API_TaiwanStockPrice_2882,True,2026-09-24T07:14:15,2026-09-24T07:14:15,2026-09-24T07:14:15
2882,國泰金,2021-10-05,56.4,-0.20000000000000284,-0.35%,,,,,,,,,ShowDailyK_ChartFlow,FinMind_API_TaiwanStockPrice_2882,True,2026-09-24T07:14:15,2026-09-24T07:14:15,2026-09-24T07:14:15
2882,國泰金,2021-10-06,57.1,0.7000000000000028,1.24%,,,,,,,,,ShowDailyK_ChartFlow,FinMind_API_TaiwanStockPrice_2882,True,2026-09-24T07:14:15,2026-09-24T07:14:15,2026-09-24T07:14:15
2882,國泰金,2021-10-07,57.1,0.0,0.00%,,,,,,,,,ShowDailyK_ChartFlow,FinMind_API_TaiwanStockPrice_2882,True,2026-09-24T07:14:15,2026-09-24T07:14:15,2026-09-24T07:14:15
2882,國泰金,2021-10-08,57.1,0.0,0.00%,,,,,,,,,ShowDailyK_ChartFlow,FinMind_API_TaiwanStockPrice_2882,True,2026-09-24T07:14:15,2026-09-24T07:14:15,2026-09-24T07:14:15
2882,國泰金,2021-10-12,56.4,-0.7000000000000028,-1.23%,,,,,,,,,ShowDailyK_ChartFlow,FinMind_API_TaiwanStockPrice_2882,True,2026-09-24T07:14:15,2026-09-24T07:14:15,2026-09-24T07:14:15
2882,國泰金,2021-10-13,56.2,-0.19999999999999574,-0.35%,,,,,,,,,ShowDailyK_ChartFlow,FinMind_API_TaiwanStockPrice_2882,True,2026-09-24T07:14:15,2026-09-24T07:14:15,2026-09-24T07:14:15
2882,國泰金,2021-10-14,56.6,0.3999999999999986,0.71%,,,,,,,,,ShowDailyK_ChartFlow,FinMind_API_TaiwanStockPrice_2882,True,2026-09-24T07:14:15,2026-09-24T07:14:15,2026-09-24T07:14:15
2882,國泰金,2021-10-15,58.3,1.6999999999999957,3.00%,,,,,,,,,ShowDailyK_ChartFlow,FinMind_API_TaiwanStockPrice_2882,True,2026-09-24T07:14:15,2026-09-24T07:14:15,2026-09-24T07:14:15
2882,國泰金,2021-10-18,58.7,0.4000000000000057,0.69%,,,,,,,,,ShowDailyK_ChartFlow,FinMind_API_TaiwanStockPrice_2882,True,2026-09-24T07:14:15,2026-09-24T07:14:15,2026-09-24T07:14:15
2882,國泰金,2021-10-19,58.4,-0.30000000000000426,-0.51%,,,,,,,,,ShowDailyK_ChartFlow,FinMind_API_TaiwanStockPrice_2882,True,2026-09-24T07:14:15,2026-09-24T07:14:15,2026-09-24T07:14:15
2882,國泰金,2021-10-20,58.3,-0.10000000000000142,-0.17%,,,,,,,,,ShowDailyK_ChartFlow,FinMind_API_TaiwanStockPrice_2882,True,2026-09-24T07:14:15,2026-09-24T07:14:15,2026-09-24T07:14:15
2882,國泰金,2021-10-21,58.7,0.4000000000000057,0.69%,,,,,,,,,ShowDailyK_ChartFlow,FinMind_API_TaiwanStockPrice_2882,True,2026-09-24T07:14:15,2026-09-24T07:14:15,2026-09-24T07:14:15
2882,國泰金,2021-10-22,58.3,-0.4000000000000057,-0.68%,,,,,,,,,ShowDailyK_ChartFlow,FinMind_API_TaiwanStockPrice_2882,True,2026-09-24T07:14:15,2026-09-24T07:14:15,2026-09-24T07:14:15
2882,國泰金,2021-10-25,58.4,0.10000000000000142,0.17%,,,,,,,,,ShowDailyK_ChartFlow,FinMind_API_TaiwanStockPrice_2882,True,2026-09-24T07:14:15,2026-09-24T07:14:15,2026-09-24T07:14:15
2882,國泰金,2021-10-26,59.1,0.7000000000000028,1.20%,,,,,,,,,ShowDailyK_ChartFlow,FinMind_API_TaiwanStockPrice_2882,True,2026-09-24T07:14:15,2026-09-24T07:14:15,2026-09-24T07:14:15
2882,國泰金,2021-10-27,58.7,-0.3999999999999986,-0.68%,,,,,,,,,ShowDailyK_ChartFlow,FinMind_API_TaiwanStockPrice_2882,True,2026-09-24T07:14:15,2026-09-24T07:14:15,2026-09-24T07:14:15
2882,國泰金,2021-10-28,58.1,-0.6000000000000014,-1.02%,,,,,,,,,ShowDailyK_ChartFlow,FinMind_API_TaiwanStockPrice_2882,True,2026-09-24T07:14:15,2026-09-24T07:14:15,2026-09-24T07:14:15
2882,國泰金,2021-10-29,58.1,0.0,0.00%,,,,,,,,,ShowDailyK_ChartFlow,FinMind_API_TaiwanStockPrice_2882,True,2026-09-24T07:14:15,2026-09-24T07:14:15,2026-09-24T07:14:15
2882,國泰金,2021-11-01,57.6,-0.5,-0.86%,,,,,,,,,ShowDailyK_ChartFlow,FinMind_API_TaiwanStockPrice_2882,True,2026-09-24T07:14:15,2026-09-24T07:14:15,2026-09-24T07:14:15
2882,國泰金,2021-11-02,57.4,-0.20000000000000284,-0.35%,,,,,,,,,ShowDailyK_ChartFlow,FinMind_API_TaiwanStockPrice_2882,True,2026-09-24T07:14:15,2026-09-24T07:14:15,2026-09-24T07:14:15
2882,國泰金,2021-11-03,57.6,0.20000000000000284,0.35%,,,,,,,,,ShowDailyK_ChartFlow,FinMind_API_TaiwanStockPrice_2882,True,2026-09-24T07:14:15,2026-09-24T07:14:15,2026-09-24T07:14:15
2882,國泰金,2021-11-04,57.9,0.29999999999999716,0.52%,,,,,,,,,ShowDailyK_ChartFlow,FinMind_API_TaiwanStockPrice_2882,True,2026-09-24T07:14:15,2026-09-24T07:14:15,2026-09-24T07:14:15
2882,國泰金,2021-11-05,58.5,0.6000000000000014,1.04%,,,,,,,,,ShowDailyK_ChartFlow,FinMind_API_TaiwanStockPrice_2882,True,2026-09-24T07:14:15,2026-09-24T07:14:15,2026-09-24T07:14:15
2882,國泰金,2021-11-08,58.7,0.20000000000000284,0.34%,,,,,,,,,ShowDailyK_ChartFlow,FinMind_API_TaiwanStockPrice_2882,True,2026-09-24T07:14:15,2026-09-24T07:14:15,2026-09-24T07:14:15
2882,國泰金,2021-11-09,58.5,-0.20000000000000284,-0.34%,,,,,,,,,ShowDailyK_ChartFlow,FinMind_API_TaiwanStockPrice_2882,True,2026-09-24T07:14:15,2026-09-24T07:14:15,2026-09-24T07:14:15
2882,國泰金,2021-11-10,58.6,0.10000000000000142,0.17%,,,,,,,,,ShowDailyK_ChartFlow,FinMind_API_TaiwanStockPrice_2882,True,2026-09-24T07:14:15,2026-09-24T07:14:15,2026-09-24T07:14:15
2882,國泰金,2021-11-11,58.6,0.0,0.00%,,,,,,,,,ShowDailyK_ChartFlow,FinMind_API_TaiwanStockPrice_2882,True,2026-09-24T07:14:15,2026-09-24T07:14:15,2026-09-24T07:14:15
2882,國泰金,2021-11-12,58.9,0.29999999999999716,0.51%,,,,,,,,,ShowDailyK_ChartFlow,FinMind_API_TaiwanStockPrice_2882,True,2026-09-24T07:14:15,2026-09-24T07:14:15,2026-09-24T07:14:15
2882,國泰金,2021-11-15,59.7,0.8000000000000043,1.36%,,,,,,,,,ShowDailyK_ChartFlow,FinMind_API_TaiwanStockPrice_2882,True,2026-09-24T07:14:15,2026-09-24T07:14:15,2026-09-24T07:14:15
2882,國泰金,2021-11-16,60.0,0.29999999999999716,0.50%,,,,,,,,,ShowDailyK_ChartFlow,FinMind_API_TaiwanStockPrice_2882,True,2026-09-24T07:14:15,2026-09-24T07:14:15,2026-09-24T07:14:15
2882,國泰金,2021-11-17,62.2,2.200000000000003,3.67%,,,,,,,,,ShowDailyK_ChartFlow,FinMind_API_TaiwanStockPrice_2882,True,2026-09-24T07:14:15,2026-09-24T07:14:15,2026-09-24T07:14:15
2882,國泰金,2021-11-18,63.0,0.7999999999999972,1.29%,,,,,,,,,ShowDailyK_ChartFlow,FinMind_API_TaiwanStockPrice_2882,True,2026-09-24T07:14:15,2026-09-24T07:14:15,2026-09-24T07:14:15
2882,國泰金,2021-11-19,61.8,-1.2000000000000028,-1.90%,,,,,,,,,ShowDailyK_ChartFlow,FinMind_API_TaiwanStockPrice_2882,True,2026-09-24T07:14:15,2026-09-24T07:14:15,2026-09-24T07:14:15
2882,國泰金,2021-11-22,61.1,-0.6999999999999957,-1.13%,,,,,,,,,ShowDailyK_ChartFlow,FinMind_API_TaiwanStockPrice_2882,True,2026-09-24T07:14:15,2026-09-24T07:14:15,2026-09-24T07:14:15
2882,國泰金,2021-11-23,60.8,-0.30000000000000426,-0.49%,,,,,,,,,ShowDailyK_ChartFlow,FinMind_API_TaiwanStockPrice_2882,True,2026-09-24T07:14:15,2026-09-24T07:14:15,2026-09-24T07:14:15
2882,國泰金,2021-11-24,61.1,0.30000000000000426,0.49%,,,,,,,,,ShowDailyK_ChartFlow,FinMind_API_TaiwanStockPrice_2882,True,2026-09-24T07:14:15,2026-09-24T07:14:15,2026-09-24T07:14:15
2882,國泰金,2021-11-25,61.6,0.5,0.82%,,,,,,,,,ShowDailyK_ChartFlow,FinMind_API_TaiwanStockPrice_2882,True,2026-09-24T07:14:15,2026-09-24T07:14:15,2026-09-24T07:14:15
2882,國泰金,2021-11-26,60.2,-1.3999999999999986,-2.27%,,,,,,,,,ShowDailyK_ChartFlow,FinMind_API_TaiwanStockPrice_2882,True,2026-09-24T07:14:15,2026-09-24T07:14:15,2026-09-24T07:14:15
2882,國泰金,2021-11-29,59.3,-0.9000000000000057,-1.50%,,,,,,,,,ShowDailyK_ChartFlow,FinMind_API_TaiwanStockPrice_2882,True,2026-09-24T07:14:15,2026-09-24T07:14:15,2026-09-24T07:14:15
2882,國泰金,2021-11-30,60.0,0.7000000000000028,1.18%,,,,,,,,,ShowDailyK_ChartFlow,FinMind_API_TaiwanStockPrice_2882,True,2026-09-24T07:14:15,2026-09-24T07:14:15,2026-09-24T07:14:15
2882,國泰金,2021-12-01,59.9,-0.10000000000000142,-0.17%,,,,,,,,,ShowDailyK_ChartFlow,FinMind_API_TaiwanStockPrice_2882,True,2026-09-24T07:14:15,2026-09-24T07:14:15,2026-09-24T07:14:15
2882,國泰金,2021-12-02,59.5,-0.3999999999999986,-0.67%,,,,,,,,,ShowDailyK_ChartFlow,FinMind_API_TaiwanStockPrice_2882,True,2026-09-24T07:14:15,2026-09-24T07:14:15,2026-09-24T07:14:15
2882,國泰金,2021-12-03,59.9,0.3999999999999986,0.67%,,,,,,,,,ShowDailyK_ChartFlow,FinMind_API_TaiwanStockPrice_2882,True,2026-09-24T07:14:15,2026-09-24T07:14:15,2026-09-24T07:14:15
2882,國泰金,2021-12-06,60.0,0.10000000000000142,0.17%,,,,,,,,,ShowDailyK_ChartFlow,FinMind_API_TaiwanStockPrice_2882,True,2026-09-24T07:14:15,2026-09-24T07:14:15,2026-09-24T07:14:15
2882,國泰金,2021-12-07,60.7,0.7000000000000028,1.17%,,,,,,,,,ShowDailyK_ChartFlow,FinMind_API_TaiwanStockPrice_2882,True,2026-09-24T07:14:15,2026-09-24T07:14:15,2026-09-24T07:14:15
2882,國泰金,2021-12-08,60.7,0.0,0.00%,,,,,,,,,ShowDailyK_ChartFlow,FinMind_API_TaiwanStockPrice_2882,True,2026-09-24T07:14:15,2026-09-24T07:14:15,2026-09-24T07:14:15
2882,國泰金,2021-12-09,60.7,0.0,0.00%,,,,,,,,,ShowDailyK_ChartFlow,FinMind_API_TaiwanStockPrice_2882,True,2026-09-24T07:14:15,2026-09-24T07:14:15,2026-09-24T07:14:15
2882,國泰金,2021-12-10,60.5,-0.20000000000000284,-0.33%,,,,,,,,,ShowDailyK_ChartFlow,FinMind_API_TaiwanStockPrice_2882,True,2026-09-24T07:14:15,2026-09-24T07:14:15,2026-09-24T07:14:15
2882,國泰金,2021-12-13,60.7,0.20000000000000284,0.33%,,,,,,,,,ShowDailyK_ChartFlow,FinMind_API_TaiwanStockPrice_2882,True,2026-09-24T07:14:15,2026-09-24T07:14:15,2026-09-24T07:14:15
2882,國泰金,2021-12-14,60.2,-0.5,-0.82%,,,,,,,,,ShowDailyK_ChartFlow,FinMind_API_TaiwanStockPrice_2882,True,2026-09-24T07:14:15,2026-09-24T07:14:15,2026-09-24T07:14:15
2882,國泰金,2021-12-15,59.8,-0.4000000000000057,-0.66%,,,,,,,,,ShowDailyK_ChartFlow,FinMind_API_TaiwanStockPrice_2882,True,2026-09-24T07:14:15,2026-09-24T07:14:15,2026-09-24T07:14:15
2882,國泰金,2021-12-16,60.3,0.5,0.84%,,,,,,,,,ShowDailyK_ChartFlow,FinMind_API_TaiwanStockPrice_2882,True,2026-09-24T07:14:15,2026-09-24T07:14:15,2026-09-24T07:14:15
2882,國泰金,2021-12-17,60.5,0.20000000000000284,0.33%,,,,,,,,,ShowDailyK_ChartFlow,FinMind_API_TaiwanStockPrice_2882,True,2026-09-24T07:14:15,2026-09-24T07:14:15,2026-09-24T07:14:15
2882,國泰金,2021-12-20,59.9,-0.6000000000000014,-0.99%,,,,,,,,,ShowDailyK_ChartFlow,FinMind_API_TaiwanStockPrice_2882,True,2026-09-24T07:14:15,2026-09-24T07:14:15,2026-09-24T07:14:15
2882,國泰金,2021-12-21,60.3,0.3999999999999986,0.67%,,,,,,,,,ShowDailyK_ChartFlow,FinMind_API_TaiwanStockPrice_2882,True,2026-09-24T07:14:15,2026-09-24T07:14:15,2026-09-24T07:14:15
2882,國泰金,2021-12-22,60.3,0.0,0.00%,,,,,,,,,ShowDailyK_ChartFlow,FinMind_API_TaiwanStockPrice_2882,True,2026-09-24T07:14:15,2026-09-24T07:14:15,2026-09-24T07:14:15
2882,國泰金,2021-12-23,60.5,0.20000000000000284,0.33%,,,,,,,,,ShowDailyK_ChartFlow,FinMind_API_TaiwanStockPrice_2882,True,2026-09-24T07:14:15,2026-09-24T07:14:15,2026-09-24T07:14:15
2882,國泰金,2021-12-24,61.1,0.6000000000000014,0.99%,,,,,,,,,ShowDailyK_ChartFlow,FinMind_API_TaiwanStockPrice_2882,True,2026-09-24T07:14:15,2026-09-24T07:14:15,2026-09-24T07:14:15
2882,國泰金,2021-12-27,61.3,0.19999999999999574,0.33%,,,,,,,,,ShowDailyK_ChartFlow,FinMind_API_TaiwanStockPrice_2882,True,2026-09-24T07:14:15,2026-09-24T07:14:15,2026-09-24T07:14:15
2882,國泰金,2021-12-28,62.3,1.0,1.63%,,,,,,,,,ShowDailyK_ChartFlow,FinMind_API_TaiwanStockPrice_2882,True,2026-09-24T07:14:15,2026-09-24T07:14:15,2026-09-24T07:14:15
2882,國泰金,2021-12-29,63.0,0.7000000000000028,1.12%,,,,,,,,,ShowDailyK_ChartFlow,FinMind_API_TaiwanStockPrice_2882,True,2026-09-24T07:14:15,2026-09-24T07:14:15,2026-09-24T07:14:15
2882,國泰金,2021-12-30,62.5,-0.5,-0.79%,,,,,,,,,ShowDailyK_ChartFlow,FinMind_API_TaiwanStockPrice_2882,True,2026-09-24T07:14:15,2026-09-24T07:14:15,2026-09-24T07:14:15
2882,國泰金,2022-01-03,61.6,-0.8999999999999986,-1.44%,,,,,,,,,ShowDailyK_ChartFlow,FinMind_API_TaiwanStockPrice_2882,True,2026-09-24T07:14:15,2026-09-24T07:14:15,2026-09-24T07:14:15
2882,國泰金,2022-01-04,62.0,0.3999999999999986,0.65%,,,,,,,,,ShowDailyK_ChartFlow,FinMind_API_TaiwanStockPrice_2882,True,2026-09-24T07:14:15,2026-09-24T07:14:15,2026-09-24T07:14:15
2882,國泰金,2022-01-05,61.9,-0.10000000000000142,-0.16%,,,,,,,,,ShowDailyK_ChartFlow,FinMind_API_TaiwanStockPrice_2882,True,2026-09-24T07:14:15,2026-09-24T07:14:15,2026-09-24T07:14:15
2882,國泰金,2022-01-06,62.0,0.10000000000000142,0.16%,,,,,,,,,ShowDailyK_ChartFlow,FinMind_API_TaiwanStockPrice_2882,True,2026-09-24T07:14:15,2026-09-24T07:14:15,2026-09-24T07:14:15
2882,國泰金,2022-01-07,62.0,0.0,0.00%,,,,,,,,,ShowDailyK_ChartFlow,FinMind_API_TaiwanStockPrice_2882,True,2026-09-24T07:14:15,2026-09-24T07:14:15,2026-09-24T07:14:15
2882,國泰金,2022-01-10,62.1,0.10000000000000142,0.16%,,,,,,,,,ShowDailyK_ChartFlow,FinMind_API_TaiwanStockPrice_2882,True,2026-09-24T07:14:15,2026-09-24T07:14:15,2026-09-24T07:14:15
2882,國泰金,2022-01-11,64.5,2.3999999999999986,3.86%,,,,,,,,,ShowDailyK_ChartFlow,FinMind_API_TaiwanStockPrice_2882,True,2026-09-24T07:14:15,2026-09-24T07:14:15,2026-09-24T07:14:15
2882,國泰金,2022-01-12,64.7,0.20000000000000284,0.31%,,,,,,,,,ShowDailyK_ChartFlow,FinMind_API_TaiwanStockPrice_2882,True,2026-09-24T07:14:15,2026-09-24T07:14:15,2026-09-24T07:14:15
2882,國泰金,2022-01-13,67.4,2.700000000000003,4.17%,,,,,,,,,ShowDailyK_ChartFlow,FinMind_API_TaiwanStockPrice_2882,True,2026-09-24T07:14:15,2026-09-24T07:14:15,2026-09-24T07:14:15
2882,國泰金,2022-01-14,67.7,0.29999999999999716,0.45%,,,,,,,,,ShowDailyK_ChartFlow,FinMind_API_TaiwanStockPrice_2882,True,2026-09-24T07:14:15,2026-09-24T07:14:15,2026-09-24T07:14:15
2882,國泰金,2022-01-17,66.5,-1.2000000000000028,-1.77%,,,,,,,,,ShowDailyK_ChartFlow,FinMind_API_TaiwanStockPrice_2882,True,2026-09-24T07:14:15,2026-09-24T07:14:15,2026-09-24T07:14:15
2882,國泰金,2022-01-18,66.9,0.4000000000000057,0.60%,,,,,,,,,ShowDailyK_ChartFlow,FinMind_API_TaiwanStockPrice_2882,True,2026-09-24T07:14:15,2026-09-24T07:14:15,2026-09-24T07:14:15
2882,國泰金,2022-01-19,66.1,-0.8000000000000114,-1.20%,,,,,,,,,ShowDailyK_ChartFlow,FinMind_API_TaiwanStockPrice_2882,True,2026-09-24T07:14:15,2026-09-24T07:14:15,2026-09-24T07:14:15
2882,國泰金,2022-01-20,65.8,-0.29999999999999716,-0.45%,,,,,,,,,ShowDailyK_ChartFlow,FinMind_API_TaiwanStockPrice_2882,True,2026-09-24T07:14:15,2026-09-24T07:14:15,2026-09-24T07:14:15
2882,國泰金,2022-01-21,64.4,-1.3999999999999915,-2.13%,,,,,,,,,ShowDailyK_ChartFlow,FinMind_API_TaiwanStockPrice_2882,True,2026-09-24T07:14:15,2026-09-24T07:14:15,2026-09-24T07:14:15
2882,國泰金,2022-01-24,64.3,-0.10000000000000853,-0.16%,,,,,,,,,ShowDailyK_ChartFlow,FinMind_API_TaiwanStockPrice_2882,True,2026-09-24T07:14:15,2026-09-24T07:14:15,2026-09-24T07:14:15
2882,國泰金,2022-01-25,63.0,-1.2999999999999972,-2.02%,,,,,,,,,ShowDailyK_ChartFlow,FinMind_API_TaiwanStockPrice_2882,True,2026-09-24T07:14:15,2026-09-24T07:14:15,2026-09-24T07:14:15
2882,國泰金,2022-01-26,63.3,0.29999999999999716,0.48%,,,,,,,,,ShowDailyK_ChartFlow,FinMind_API_TaiwanStockPrice_2882,True,2026-09-24T07:14:15,2026-09-24T07:14:15,2026-09-24T07:14:15
2882,國泰金,2022-02-07,65.7,2.4000000000000057,3.79%,,,,,,,,,ShowDailyK_ChartFlow,FinMind_API_TaiwanStockPrice_2882,True,2026-09-24T07:14:15,2026-09-24T07:14:15,2026-09-24T07:14:15
2882,國泰金,2022-02-08,66.0,0.29999999999999716,0.46%,,,,,,,,,ShowDailyK_ChartFlow,FinMind_API_TaiwanStockPrice_2882,True,2026-09-24T07:14:15,2026-09-24T07:14:15,2026-09-24T07:14:15
2882,國泰金,2022-02-09,66.0,0.0,0.00%,,,,,,,,,ShowDailyK_ChartFlow,FinMind_API_TaiwanStockPrice_2882,True,2026-09-24T07:14:15,2026-09-24T07:14:15,2026-09-24T07:14:15
2882,國泰金,2022-02-10,65.8,-0.20000000000000284,-0.30%,,,,,,,,,ShowDailyK_ChartFlow,FinMind_API_TaiwanStockPrice_2882,True,2026-09-24T07:14:15,2026-09-24T07:14:15,2026-09-24T07:14:15
2882,國泰金,2022-02-11,65.6,-0.20000000000000284,-0.30%,,,,,,,,,ShowDailyK_ChartFlow,FinMind_API_TaiwanStockPrice_2882,True,2026-09-24T07:14:15,2026-09-24T07:14:15,2026-09-24T07:14:15
2882,國泰金,2022-02-14,64.2,-1.3999999999999915,-2.13%,,,,,,,,,ShowDailyK_ChartFlow,FinMind_API_TaiwanStockPrice_2882,True,2026-09-24T07:14:15,2026-09-24T07:14:15,2026-09-24T07:14:15
2882,國泰金,2022-02-15,64.3,0.09999999999999432,0.16%,,,,,,,,,ShowDailyK_ChartFlow,FinMind_API_TaiwanStockPrice_2882,True,2026-09-24T07:14:15,2026-09-24T07:14:15,2026-09-24T07:14:15
2882,國泰金,2022-02-16,64.8,0.5,0.78%,,,,,,,,,ShowDailyK_ChartFlow,FinMind_API_TaiwanStockPrice_2882,True,2026-09-24T07:14:15,2026-09-24T07:14:15,2026-09-24T07:14:15
2882,國泰金,2022-02-17,64.7,-0.09999999999999432,-0.15%,,,,,,,,,ShowDailyK_ChartFlow,FinMind_API_TaiwanStockPrice_2882,True,2026-09-24T07:14:15,2026-09-24T07:14:15,2026-09-24T07:14:15
2882,國泰金,2022-02-18,64.6,-0.10000000000000853,-0.15%,,,,,,,,,ShowDailyK_ChartFlow,FinMind_API_TaiwanStockPrice_2882,True,2026-09-24T07:14:15,2026-09-24T07:14:15,2026-09-24T07:14:15
2882,國泰金,2022-02-21,64.6,0.0,0.00%,,,,,,,,,ShowDailyK_ChartFlow,FinMind_API_TaiwanStockPrice_2882,True,2026-09-24T07:14:15,2026-09-24T07:14:15,2026-09-24T07:14:15
2882,國泰金,2022-02-22,63.7,-0.8999999999999915,-1.39%,,,,,,,,,ShowDailyK_ChartFlow,FinMind_API_TaiwanStockPrice_2882,True,2026-09-24T07:14:15,2026-09-24T07:14:15,2026-09-24T07:14:15
2882,國泰金,2022-02-23,63.7,0.0,0.00%,,,,,,,,,ShowDailyK_ChartFlow,FinMind_API_TaiwanStockPrice_2882,True,2026-09-24T07:14:15,2026-09-24T07:14:15,2026-09-24T07:14:15
2882,國泰金,2022-02-24,63.0,-0.7000000000000028,-1.10%,,,,,,,,,ShowDailyK_ChartFlow,FinMind_API_TaiwanStockPrice_2882,True,2026-09-24T07:14:15,2026-09-24T07:14:15,2026-09-24T07:14:15
2882,國泰金,2022-02-25,62.3,-0.7000000000000028,-1.11%,,,,,,,,,ShowDailyK_ChartFlow,FinMind_API_TaiwanStockPrice_2882,True,2026-09-24T07:14:15,2026-09-24T07:14:15,2026-09-24T07:14:15
2882,國泰金,2022-03-01,62.6,0.30000000000000426,0.48%,,,,,,,,,ShowDailyK_ChartFlow,FinMind_API_TaiwanStockPrice_2882,True,2026-09-24T07:14:15,2026-09-24T07:14:15,2026-09-24T07:14:15
2882,國泰金,2022-03-02,62.0,-0.6000000000000014,-0.96%,,,,,,,,,ShowDailyK_ChartFlow,FinMind_API_TaiwanStockPrice_2882,True,2026-09-24T07:14:15,2026-09-24T07:14:15,2026-09-24T07:14:15
2882,國泰金,2022-03-03,62.1,0.10000000000000142,0.16%,,,,,,,,,ShowDailyK_ChartFlow,FinMind_API_TaiwanStockPrice_2882,True,2026-09-24T07:14:15,2026-09-24T07:14:15,2026-09-24T07:14:15
2882,國泰金,2022-03-04,61.2,-0.8999999999999986,-1.45%,,,,,,,,,ShowDailyK_ChartFlow,FinMind_API_TaiwanStockPrice_2882,True,2026-09-24T07:14:15,2026-09-24T07:14:15,2026-09-24T07:14:15
2882,國泰金,2022-03-07,59.4,-1.8000000000000043,-2.94%,,,,,,,,,ShowDailyK_ChartFlow,FinMind_API_TaiwanStockPrice_2882,True,2026-09-24T07:14:15,2026-09-24T07:14:15,2026-09-24T07:14:15
2882,國泰金,2022-03-08,58.5,-0.8999999999999986,-1.52%,,,,,,,,,ShowDailyK_ChartFlow,FinMind_API_TaiwanStockPrice_2882,True,2026-09-24T07:14:15,2026-09-24T07:14:15,2026-09-24T07:14:15
2882,國泰金,2022-03-09,59.0,0.5,0.85%,,,,,,,,,ShowDailyK_ChartFlow,FinMind_API_TaiwanStockPrice_2882,True,2026-09-24T07:14:15,2026-09-24T07:14:15,2026-09-24T07:14:15
2882,國泰金,2022-03-10,60.3,1.2999999999999972,2.20%,,,,,,,,,ShowDailyK_ChartFlow,FinMind_API_TaiwanStockPrice_2882,True,2026-09-24T07:14:15,2026-09-24T07:14:15,2026-09-24T07:14:15
2882,國泰金,2022-03-11,60.3,0.0,0.00%,,,,,,,,,ShowDailyK_ChartFlow,FinMind_API_TaiwanStockPrice_2882,True,2026-09-24T07:14:15,2026-09-24T07:14:15,2026-09-24T07:14:15
2882,國泰金,2022-03-14,61.2,0.9000000000000057,1.49%,,,,,,,,,ShowDailyK_ChartFlow,FinMind_API_TaiwanStockPrice_2882,True,2026-09-24T07:14:15,2026-09-24T07:14:15,2026-09-24T07:14:15
2882,國泰金,2022-03-15,61.3,0.09999999999999432,0.16%,,,,,,,,,ShowDailyK_ChartFlow,FinMind_API_TaiwanStockPrice_2882,True,2026-09-24T07:14:15,2026-09-24T07:14:15,2026-09-24T07:14:15
2882,國泰金,2022-03-16,62.0,0.7000000000000028,1.14%,,,,,,,,,ShowDailyK_ChartFlow,FinMind_API_TaiwanStockPrice_2882,True,2026-09-24T07:14:15,2026-09-24T07:14:15,2026-09-24T07:14:15
2882,國泰金,2022-03-17,63.1,1.1000000000000014,1.77%,,,,,,,,,ShowDailyK_ChartFlow,FinMind_API_TaiwanStockPrice_2882,True,2026-09-24T07:14:15,2026-09-24T07:14:15,2026-09-24T07:14:15
2882,國泰金,2022-03-18,63.3,0.19999999999999574,0.32%,,,,,,,,,ShowDailyK_ChartFlow,FinMind_API_TaiwanStockPrice_2882,True,2026-09-24T07:14:15,2026-09-24T07:14:15,2026-09-24T07:14:15
2882,國泰金,2022-03-21,63.6,0.30000000000000426,0.47%,,,,,,,,,ShowDailyK_ChartFlow,FinMind_API_TaiwanStockPrice_2882,True,2026-09-24T07:14:15,2026-09-24T07:14:15,2026-09-24T07:14:15
2882,國泰金,2022-03-22,63.6,0.0,0.00%,,,,,,,,,ShowDailyK_ChartFlow,FinMind_API_TaiwanStockPrice_2882,True,2026-09-24T07:14:15,2026-09-24T07:14:15,2026-09-24T07:14:15
2882,國泰金,2022-03-23,64.8,1.1999999999999957,1.89%,,,,,,,,,ShowDailyK_ChartFlow,FinMind_API_TaiwanStockPrice_2882,True,2026-09-24T07:14:15,2026-09-24T07:14:15,2026-09-24T07:14:15
2882,國泰金,2022-03-24,64.3,-0.5,-0.77%,,,,,,,,,ShowDailyK_ChartFlow,FinMind_API_TaiwanStockPrice_2882,True,2026-09-24T07:14:15,2026-09-24T07:14:15,2026-09-24T07:14:15
2882,國泰金,2022-03-25,63.5,-0.7999999999999972,-1.24%,,,,,,,,,ShowDailyK_ChartFlow,FinMind_API_TaiwanStockPrice_2882,True,2026-09-24T07:14:15,2026-09-24T07:14:15,2026-09-24T07:14:15
2882,國泰金,2022-03-28,63.3,-0.20000000000000284,-0.31%,,,,,,,,,ShowDailyK_ChartFlow,FinMind_API_TaiwanStockPrice_2882,True,2026-09-24T07:14:15,2026-09-24T07:14:15,2026-09-24T07:14:15
2882,國泰金,2022-03-29,63.8,0.5,0.79%,,,,,,,,,ShowDailyK_ChartFlow,FinMind_API_TaiwanStockPrice_2882,True,2026-09-24T07:14:15,2026-09-24T07:14:15,2026-09-24T07:14:15
2882,國泰金,2022-03-30,64.4,0.6000000000000085,0.94%,,,,,,,,,ShowDailyK_ChartFlow,FinMind_API_TaiwanStockPrice_2882,True,2026-09-24T07:14:15,2026-09-24T07:14:15,2026-09-24T07:14:15
2882,國泰金,2022-03-31,64.5,0.09999999999999432,0.16%,,,,,,,,,ShowDailyK_ChartFlow,FinMind_API_TaiwanStockPrice_2882,True,2026-09-24T07:14:15,2026-09-24T07:14:15,2026-09-24T07:14:15
2882,國泰金,2022-04-01,65.0,0.5,0.78%,,,,,,,,,ShowDailyK_ChartFlow,FinMind_API_TaiwanStockPrice_2882,True,2026-09-24T07:14:15,2026-09-24T07:14:15,2026-09-24T07:14:15
2882,國泰金,2022-04-06,65.5,0.5,0.77%,,,,,,,,,ShowDailyK_ChartFlow,FinMind_API_TaiwanStockPrice_2882,True,2026-09-24T07:14:15,2026-09-24T07:14:15,2026-09-24T07:14:15
2882,國泰金,2022-04-07,64.8,-0.7000000000000028,-1.07%,,,,,,,,,ShowDailyK_ChartFlow,FinMind_API_TaiwanStockPrice_2882,True,2026-09-24T07:14:15,2026-09-24T07:14:15,2026-09-24T07:14:15
2882,國泰金,2022-04-08,65.0,0.20000000000000284,0.31%,,,,,,,,,ShowDailyK_ChartFlow,FinMind_API_TaiwanStockPrice_2882,True,2026-09-24T07:14:15,2026-09-24T07:14:15,2026-09-24T07:14:15
2882,國泰金,2022-04-11,64.8,-0.20000000000000284,-0.31%,,,,,,,,,ShowDailyK_ChartFlow,FinMind_API_TaiwanStockPrice_2882,True,2026-09-24T07:14:15,2026-09-24T07:14:15,2026-09-24T07:14:15
2882,國泰金,2022-04-12,64.9,0.10000000000000853,0.15%,,,,,,,,,ShowDailyK_ChartFlow,FinMind_API_TaiwanStockPrice_2882,True,2026-09-24T07:14:15,2026-09-24T07:14:15,2026-09-24T07:14:15
2882,國泰金,2022-04-13,65.4,0.5,0.77%,,,,,,,,,ShowDailyK_ChartFlow,FinMind_API_TaiwanStockPrice_2882,True,2026-09-24T07:14:15,2026-09-24T07:14:15,2026-09-24T07:14:15
2882,國泰金,2022-04-14,64.7,-0.7000000000000028,-1.07%,,,,,,,,,ShowDailyK_ChartFlow,FinMind_API_TaiwanStockPrice_2882,True,2026-09-24T07:14:15,2026-09-24T07:14:15,2026-09-24T07:14:15
2882,國泰金,2022-04-15,64.0,-0.7000000000000028,-1.08%,,,,,,,,,ShowDailyK_ChartFlow,FinMind_API_TaiwanStockPrice_2882,True,2026-09-24T07:14:15,2026-09-24T07:14:15,2026-09-24T07:14:15
2882,國泰金,2022-04-18,62.8,-1.2000000000000028,-1.88%,,,,,,,,,ShowDailyK_ChartFlow,FinMind_API_TaiwanStockPrice_2882,True,2026-09-24T07:14:15,2026-09-24T07:14:15,2026-09-24T07:14:15
2882,國泰金,2022-04-19,62.7,-0.09999999999999432,-0.16%,,,,,,,,,ShowDailyK_ChartFlow,FinMind_API_TaiwanStockPrice_2882,True,2026-09-24T07:14:15,2026-09-24T07:14:15,2026-09-24T07:14:15
2882,國泰金,2022-04-20,63.9,1.1999999999999957,1.91%,,,,,,,,,ShowDailyK_ChartFlow,FinMind_API_TaiwanStockPrice_2882,True,2026-09-24T07:14:15,2026-09-24T07:14:15,2026-09-24T07:14:15
2882,國泰金,2022-04-21,63.9,0.0,0.00%,,,,,,,,,ShowDailyK_ChartFlow,FinMind_API_TaiwanStockPrice_2882,True,2026-09-24T07:14:15,2026-09-24T07:14:15,2026-09-24T07:14:15
2882,國泰金,2022-04-22,64.2,0.30000000000000426,0.47%,,,,,,,,,ShowDailyK_ChartFlow,FinMind_API_TaiwanStockPrice_2882,True,2026-09-24T07:14:15,2026-09-24T07:14:15,2026-09-24T07:14:15
2882,國泰金,2022-04-25,63.8,-0.4000000000000057,-0.62%,,,,,,,,,ShowDailyK_ChartFlow,FinMind_API_TaiwanStockPrice_2882,True,2026-09-24T07:14:15,2026-09-24T07:14:15,2026-09-24T07:14:15
2882,國泰金,2022-04-26,64.0,0.20000000000000284,0.31%,,,,,,,,,ShowDailyK_ChartFlow,FinMind_API_TaiwanStockPrice_2882,True,2026-09-24T07:14:15,2026-09-24T07:14:15,2026-09-24T07:14:15
2882,國泰金,2022-04-27,62.0,-2.0,-3.12%,,,,,,,,,ShowDailyK_ChartFlow,FinMind_API_TaiwanStockPrice_2882,True,2026-09-24T07:14:15,2026-09-24T07:14:15,2026-09-24T07:14:15
2882,國泰金,2022-04-28,62.1,0.10000000000000142,0.16%,,,,,,,,,ShowDailyK_ChartFlow,FinMind_API_TaiwanStockPrice_2882,True,2026-09-24T07:14:15,2026-09-24T07:14:15,2026-09-24T07:14:15
2882,國泰金,2022-04-29,62.5,0.3999999999999986,0.64%,,,,,,,,,ShowDailyK_ChartFlow,FinMind_API_TaiwanStockPrice_2882,True,2026-09-24T07:14:15,2026-09-24T07:14:15,2026-09-24T07:14:15
2882,國泰金,2022-05-03,62.3,-0.20000000000000284,-0.32%,,,,,,,,,ShowDailyK_ChartFlow,FinMind_API_TaiwanStockPrice_2882,True,2026-09-24T07:14:15,2026-09-24T07:14:15,2026-09-24T07:14:15
2882,國泰金,2022-05-04,62.9,0.6000000000000014,0.96%,,,,,,,,,ShowDailyK_ChartFlow,FinMind_API_TaiwanStockPrice_2882,True,2026-09-24T07:14:15,2026-09-24T07:14:15,2026-09-24T07:14:15
2882,國泰金,2022-05-05,62.3,-0.6000000000000014,-0.95%,,,,,,,,,ShowDailyK_ChartFlow,FinMind_API_TaiwanStockPrice_2882,True,2026-09-24T07:14:15,2026-09-24T07:14:15,2026-09-24T07:14:15
2882,國泰金,2022-05-06,61.2,-1.0999999999999943,-1.77%,,,,,,,,,ShowDailyK_ChartFlow,FinMind_API_TaiwanStockPrice_2882,True,2026-09-24T07:14:15,2026-09-24T07:14:15,2026-09-24T07:14:15
2882,國泰金,2022-05-09,58.7,-2.5,-4.08%,,,,,,,,,ShowDailyK_ChartFlow,FinMind_API_TaiwanStockPrice_2882,True,2026-09-24T07:14:15,2026-09-24T07:14:15,2026-09-24T07:14:15
2882,國泰金,2022-05-10,58.0,-0.7000000000000028,-1.19%,,,,,,,,,ShowDailyK_ChartFlow,FinMind_API_TaiwanStockPrice_2882,True,2026-09-24T07:14:15,2026-09-24T07:14:15,2026-09-24T07:14:15
2882,國泰金,2022-05-11,56.2,-1.7999999999999972,-3.10%,,,,,,,,,ShowDailyK_ChartFlow,FinMind_API_TaiwanStockPrice_2882,True,2026-09-24T07:14:15,2026-09-24T07:14:15,2026-09-24T07:14:15
2882,國泰金,2022-05-12,54.1,-2.1000000000000014,-3.74%,,,,,,,,,ShowDailyK_ChartFlow,FinMind_API_TaiwanStockPrice_2882,True,2026-09-24T07:14:15,2026-09-24T07:14:15,2026-09-24T07:14:15
2882,國泰金,2022-05-13,54.3,0.19999999999999574,0.37%,,,,,,,,,ShowDailyK_ChartFlow,FinMind_API_TaiwanStockPrice_2882,True,2026-09-24T07:14:15,2026-09-24T07:14:15,2026-09-24T07:14:15
2882,國泰金,2022-05-16,53.2,-1.0999999999999943,-2.03%,,,,,,,,,ShowDailyK_ChartFlow,FinMind_API_TaiwanStockPrice_2882,True,2026-09-24T07:14:15,2026-09-24T07:14:15,2026-09-24T07:14:15
2882,國泰金,2022-05-17,52.6,-0.6000000000000014,-1.13%,,,,,,,,,ShowDailyK_ChartFlow,FinMind_API_TaiwanStockPrice_2882,True,2026-09-24T07:14:15,2026-09-24T07:14:15,2026-09-24T07:14:15
2882,國泰金,2022-05-18,54.1,1.5,2.85%,,,,,,,,,ShowDailyK_ChartFlow,FinMind_API_TaiwanStockPrice_2882,True,2026-09-24T07:14:15,2026-09-24T07:14:15,2026-09-24T07:14:15
2882,國泰金,2022-05-19,52.7,-1.3999999999999986,-2.59%,,,,,,,,,ShowDailyK_ChartFlow,FinMind_API_TaiwanStockPrice_2882,True,2026-09-24T07:14:15,2026-09-24T07:14:15,2026-09-24T07:14:15
2882,國泰金,2022-05-20,52.9,0.19999999999999574,0.38%,,,,,,,,,ShowDailyK_ChartFlow,FinMind_API_TaiwanStockPrice_2882,True,2026-09-24T07:14:15,2026-09-24T07:14:15,2026-09-24T07:14:15
2882,國泰金,2022-05-23,52.3,-0.6000000000000014,-1.13%,,,,,,,,,ShowDailyK_ChartFlow,FinMind_API_TaiwanStockPrice_2882,True,2026-09-24T07:14:15,2026-09-24T07:14:15,2026-09-24T07:14:15
2882,國泰金,2022-05-24,52.0,-0.29999999999999716,-0.57%,,,,,,,,,ShowDailyK_ChartFlow,FinMind_API_TaiwanStockPrice_2882,True,2026-09-24T07:14:15,2026-09-24T07:14:15,2026-09-24T07:14:15
2882,國泰金,2022-05-25,51.4,-0.6000000000000014,-1.15%,,,,,,,,,ShowDailyK_ChartFlow,FinMind_API_TaiwanStockPrice_2882,True,2026-09-24T07:14:15,2026-09-24T07:14:15,2026-09-24T07:14:15
2882,國泰金,2022-05-26,51.5,0.10000000000000142,0.19%,,,,,,,,,ShowDailyK_ChartFlow,FinMind_API_TaiwanStockPrice_2882,True,2026-09-24T07:14:15,2026-09-24T07:14:15,2026-09-24T07:14:15
2882,國泰金,2022-05-27,52.6,1.1000000000000014,2.14%,,,,,,,,,ShowDailyK_ChartFlow,FinMind_API_TaiwanStockPrice_2882,True,2026-09-24T07:14:15,2026-09-24T07:14:15,2026-09-24T07:14:15
2882,國泰金,2022-05-30,54.0,1.3999999999999986,2.66%,,,,,,,,,ShowDailyK_ChartFlow,FinMind_API_TaiwanStockPrice_2882,True,2026-09-24T07:14:15,2026-09-24T07:14:15,2026-09-24T07:14:15
2882,國泰金,2022-05-31,55.7,1.7000000000000028,3.15%,,,,,,,,,ShowDailyK_ChartFlow,FinMind_API_TaiwanStockPrice_2882,True,2026-09-24T07:14:15,2026-09-24T07:14:15,2026-09-24T07:14:15
2882,國泰金,2022-06-01,54.7,-1.0,-1.80%,,,,,,,,,ShowDailyK_ChartFlow,FinMind_API_TaiwanStockPrice_2882,True,2026-09-24T07:14:15,2026-09-24T07:14:15,2026-09-24T07:14:15
2882,國泰金,2022-06-02,54.5,-0.20000000000000284,-0.37%,,,,,,,,,ShowDailyK_ChartFlow,FinMind_API_TaiwanStockPrice_2882,True,2026-09-24T07:14:15,2026-09-24T07:14:15,2026-09-24T07:14:15
2882,國泰金,2022-06-06,54.8,0.29999999999999716,0.55%,,,,,,,,,ShowDailyK_ChartFlow,FinMind_API_TaiwanStockPrice_2882,True,2026-09-24T07:14:15,2026-09-24T07:14:15,2026-09-24T07:14:15
2882,國泰金,2022-06-07,54.8,0.0,0.00%,,,,,,,,,ShowDailyK_ChartFlow,FinMind_API_TaiwanStockPrice_2882,True,2026-09-24T07:14:15,2026-09-24T07:14:15,2026-09-24T07:14:15
2882,國泰金,2022-06-08,54.8,0.0,0.00%,,,,,,,,,ShowDailyK_ChartFlow,FinMind_API_TaiwanStockPrice_2882,True,2026-09-24T07:14:15,2026-09-24T07:14:15,2026-09-24T07:14:15
2882,國泰金,2022-06-09,54.8,0.0,0.00%,,,,,,,,,ShowDailyK_ChartFlow,FinMind_API_TaiwanStockPrice_2882,True,2026-09-24T07:14:15,2026-09-24T07:14:15,2026-09-24T07:14:15
2882,國泰金,2022-06-10,54.8,0.0,0.00%,,,,,,,,,ShowDailyK_ChartFlow,FinMind_API_TaiwanStockPrice_2882,True,2026-09-24T07:14:15,2026-09-24T07:14:15,2026-09-24T07:14:15
2882,國泰金,2022-06-13,53.8,-1.0,-1.82%,,,,,,,,,ShowDailyK_ChartFlow,FinMind_API_TaiwanStockPrice_2882,True,2026-09-24T07:14:15,2026-09-24T07:14:15,2026-09-24T07:14:15
2882,國泰金,2022-06-14,53.4,-0.3999999999999986,-0.74%,,,,,,,,,ShowDailyK_ChartFlow,FinMind_API_TaiwanStockPrice_2882,True,2026-09-24T07:14:15,2026-09-24T07:14:15,2026-09-24T07:14:15
2882,國泰金,2022-06-15,53.6,0.20000000000000284,0.37%,,,,,,,,,ShowDailyK_ChartFlow,FinMind_API_TaiwanStockPrice_2882,True,2026-09-24T07:14:15,2026-09-24T07:14:15,2026-09-24T07:14:15
2882,國泰金,2022-06-16,53.7,0.10000000000000142,0.19%,,,,,,,,,ShowDailyK_ChartFlow,FinMind_API_TaiwanStockPrice_2882,True,2026-09-24T07:14:15,2026-09-24T07:14:15,2026-09-24T07:14:15
2882,國泰金,2022-06-17,53.0,-0.7000000000000028,-1.30%,,,,,,,,,ShowDailyK_ChartFlow,FinMind_API_TaiwanStockPrice_2882,True,2026-09-24T07:14:15,2026-09-24T07:14:15,2026-09-24T07:14:15
2882,國泰金,2022-06-20,51.8,-1.2000000000000028,-2.26%,,,,,,,,,ShowDailyK_ChartFlow,FinMind_API_TaiwanStockPrice_2882,True,2026-09-24T07:14:15,2026-09-24T07:14:15,2026-09-24T07:14:15
2882,國泰金,2022-06-21,54.2,2.4000000000000057,4.63%,,,,,,,,,ShowDailyK_ChartFlow,FinMind_API_TaiwanStockPrice_2882,True,2026-09-24T07:14:15,2026-09-24T07:14:15,2026-09-24T07:14:15
2882,國泰金,2022-06-22,53.0,-1.2000000000000028,-2.21%,,,,,,,,,ShowDailyK_ChartFlow,FinMind_API_TaiwanStockPrice_2882,True,2026-09-24T07:14:15,2026-09-24T07:14:15,2026-09-24T07:14:15
2882,國泰金,2022-06-23,53.0,0.0,0.00%,,,,,,,,,ShowDailyK_ChartFlow,FinMind_API_TaiwanStockPrice_2882,True,2026-09-24T07:14:15,2026-09-24T07:14:15,2026-09-24T07:14:15
2882,國泰金,2022-06-24,53.4,0.3999999999999986,0.75%,,,,,,,,,ShowDailyK_ChartFlow,FinMind_API_TaiwanStockPrice_2882,True,2026-09-24T07:14:15,2026-09-24T07:14:15,2026-09-24T07:14:15
2882,國泰金,2022-06-27,53.5,0.10000000000000142,0.19%,,,,,,,,,ShowDailyK_ChartFlow,FinMind_API_TaiwanStockPrice_2882,True,2026-09-24T07:14:15,2026-09-24T07:14:15,2026-09-24T07:14:15
2882,國泰金,2022-06-28,53.8,0.29999999999999716,0.56%,,,,,,,,,ShowDailyK_ChartFlow,FinMind_API_TaiwanStockPrice_2882,True,2026-09-24T07:14:15,2026-09-24T07:14:15,2026-09-24T07:14:15
2882,國泰金,2022-06-29,52.8,-1.0,-1.86%,,,,,,,,,ShowDailyK_ChartFlow,FinMind_API_TaiwanStockPrice_2882,True,2026-09-24T07:14:15,2026-09-24T07:14:15,2026-09-24T07:14:15
2882,國泰金,2022-06-30,50.9,-1.8999999999999986,-3.60%,,,,,,,,,ShowDailyK_ChartFlow,FinMind_API_TaiwanStockPrice_2882,True,2026-09-24T07:14:15,2026-09-24T07:14:15,2026-09-24T07:14:15
2882,國泰金,2022-07-01,49.7,-1.1999999999999957,-2.36%,,,,,,,,,ShowDailyK_ChartFlow,FinMind_API_TaiwanStockPrice_2882,True,2026-09-24T07:14:15,2026-09-24T07:14:15,2026-09-24T07:14:15
2882,國泰金,2022-07-04,45.5,-4.200000000000003,-8.45%,,,,,,,,,ShowDailyK_ChartFlow,FinMind_API_TaiwanStockPrice_2882,True,2026-09-24T07:14:15,2026-09-24T07:14:15,2026-09-24T07:14:15
2882,國泰金,2022-07-05,46.75,1.25,2.75%,,,,,,,,,ShowDailyK_ChartFlow,FinMind_API_TaiwanStockPrice_2882,True,2026-09-24T07:14:15,2026-09-24T07:14:15,2026-09-24T07:14:15
2882,國泰金,2022-07-06,44.95,-1.7999999999999972,-3.85%,,,,,,,,,ShowDailyK_ChartFlow,FinMind_API_TaiwanStockPrice_2882,True,2026-09-24T07:14:15,2026-09-24T07:14:15,2026-09-24T07:14:15
2882,國泰金,2022-07-07,45.05,0.09999999999999432,0.22%,,,,,,,,,ShowDailyK_ChartFlow,FinMind_API_TaiwanStockPrice_2882,True,2026-09-24T07:14:15,2026-09-24T07:14:15,2026-09-24T07:14:15
2882,國泰金,2022-07-08,44.8,-0.25,-0.55%,,,,,,,,,ShowDailyK_ChartFlow,FinMind_API_TaiwanStockPrice_2882,True,2026-09-24T07:14:15,2026-09-24T07:14:15,2026-09-24T07:14:15
2882,國泰金,2022-07-11,45.05,0.25,0.56%,,,,,,,,,ShowDailyK_ChartFlow,FinMind_API_TaiwanStockPrice_2882,True,2026-09-24T07:14:15,2026-09-24T07:14:15,2026-09-24T07:14:15
2882,國泰金,2022-07-12,43.8,-1.25,-2.77%,,,,,,,,,ShowDailyK_ChartFlow,FinMind_API_TaiwanStockPrice_2882,True,2026-09-24T07:14:15,2026-09-24T07:14:15,2026-09-24T07:14:15
2882,國泰金,2022-07-13,45.5,1.7000000000000028,3.88%,,,,,,,,,ShowDailyK_ChartFlow,FinMind_API_TaiwanStockPrice_2882,True,2026-09-24T07:14:15,2026-09-24T07:14:15,2026-09-24T07:14:15
2882,國泰金,2022-07-14,45.0,-0.5,-1.10%,,,,,,,,,ShowDailyK_ChartFlow,FinMind_API_TaiwanStockPrice_2882,True,2026-09-24T07:14:15,2026-09-24T07:14:15,2026-09-24T07:14:15
2882,國泰金,2022-07-15,44.15,-0.8500000000000014,-1.89%,,,,,,,,,ShowDailyK_ChartFlow,FinMind_API_TaiwanStockPrice_2882,True,2026-09-24T07:14:15,2026-09-24T07:14:15,2026-09-24T07:14:15
2882,國泰金,2022-07-18,45.2,1.0500000000000043,2.38%,,,,,,,,,ShowDailyK_ChartFlow,FinMind_API_TaiwanStockPrice_2882,True,2026-09-24T07:14:15,2026-09-24T07:14:15,2026-09-24T07:14:15
2882,國泰金,2022-07-19,44.95,-0.25,-0.55%,,,,,,,,,ShowDailyK_ChartFlow,FinMind_API_TaiwanStockPrice_2882,True,2026-09-24T07:14:15,2026-09-24T07:14:15,2026-09-24T07:14:15
2882,國泰金,2022-07-20,44.9,-0.05000000000000426,-0.11%,,,,,,,,,ShowDailyK_ChartFlow,FinMind_API_TaiwanStockPrice_2882,True,2026-09-24T07:14:15,2026-09-24T07:14:15,2026-09-24T07:14:15
2882,國泰金,2022-07-21,45.05,0.14999999999999858,0.33%,,,,,,,,,ShowDailyK_ChartFlow,FinMind_API_TaiwanStockPrice_2882,True,2026-09-24T07:14:15,2026-09-24T07:14:15,2026-09-24T07:14:15
2882,國泰金,2022-07-22,45.0,-0.04999999999999716,-0.11%,,,,,,,,,ShowDailyK_ChartFlow,FinMind_API_TaiwanStockPrice_2882,True,2026-09-24T07:14:15,2026-09-24T07:14:15,2026-09-24T07:14:15
2882,國泰金,2022-07-25,45.55,0.5499999999999972,1.22%,,,,,,,,,ShowDailyK_ChartFlow,FinMind_API_TaiwanStockPrice_2882,True,2026-09-24T07:14:15,2026-09-24T07:14:15,2026-09-24T07:14:15
2882,國泰金,2022-07-26,45.6,0.05000000000000426,0.11%,,,,,,,,,ShowDailyK_ChartFlow,FinMind_API_TaiwanStockPrice_2882,True,2026-09-24T07:14:15,2026-09-24T07:14:15,2026-09-24T07:14:15
2882,國泰金,2022-07-27,45.25,-0.3500000000000014,-0.77%,,,,,,,,,ShowDailyK_ChartFlow,FinMind_API_TaiwanStockPrice_2882,True,2026-09-24T07:14:15,2026-09-24T07:14:15,2026-09-24T07:14:15
2882,國泰金,2022-07-28,45.8,0.5499999999999972,1.22%,,,,,,,,,ShowDailyK_ChartFlow,FinMind_API_TaiwanStockPrice_2882,True,2026-09-24T07:14:15,2026-09-24T07:14:15,2026-09-24T07:14:15
2882,國泰金,2022-07-29,45.5,-0.29999999999999716,-0.66%,,,,,,,,,ShowDailyK_ChartFlow,FinMind_API_TaiwanStockPrice_2882,True,2026-09-24T07:14:15,2026-09-24T07:14:15,2026-09-24T07:14:15
2882,國泰金,2022-08-01,45.45,-0.04999999999999716,-0.11%,,,,,,,,,ShowDailyK_ChartFlow,FinMind_API_TaiwanStockPrice_2882,True,2026-09-24T07:14:15,2026-09-24T07:14:15,2026-09-24T07:14:15
2882,國泰金,2022-08-02,44.85,-0.6000000000000014,-1.32%,,,,,,,,,ShowDailyK_ChartFlow,FinMind_API_TaiwanStockPrice_2882,True,2026-09-24T07:14:15,2026-09-24T07:14:15,2026-09-24T07:14:15
2882,國泰金,2022-08-03,44.95,0.10000000000000142,0.22%,,,,,,,,,ShowDailyK_ChartFlow,FinMind_API_TaiwanStockPrice_2882,True,2026-09-24T07:14:15,2026-09-24T07:14:15,2026-09-24T07:14:15
2882,國泰金,2022-08-04,44.85,-0.10000000000000142,-0.22%,,,,,,,,,ShowDailyK_ChartFlow,FinMind_API_TaiwanStockPrice_2882,True,2026-09-24T07:14:15,2026-09-24T07:14:15,2026-09-24T07:14:15
2882,國泰金,2022-08-05,45.75,0.8999999999999986,2.01%,,,,,,,,,ShowDailyK_ChartFlow,FinMind_API_TaiwanStockPrice_2882,True,2026-09-24T07:14:15,2026-09-24T07:14:15,2026-09-24T07:14:15
2882,國泰金,2022-08-08,46.15,0.3999999999999986,0.87%,,,,,,,,,ShowDailyK_ChartFlow,FinMind_API_TaiwanStockPrice_2882,True,2026-09-24T07:14:15,2026-09-24T07:14:15,2026-09-24T07:14:15
2882,國泰金,2022-08-09,46.1,-0.04999999999999716,-0.11%,,,,,,,,,ShowDailyK_ChartFlow,FinMind_API_TaiwanStockPrice_2882,True,2026-09-24T07:14:15,2026-09-24T07:14:15,2026-09-24T07:14:15
2882,國泰金,2022-08-10,46.4,0.29999999999999716,0.65%,,,,,,,,,ShowDailyK_ChartFlow,FinMind_API_TaiwanStockPrice_2882,True,2026-09-24T07:14:15,2026-09-24T07:14:15,2026-09-24T07:14:15
2882,國泰金,2022-08-11,47.2,0.8000000000000043,1.72%,,,,,,,,,ShowDailyK_ChartFlow,FinMind_API_TaiwanStockPrice_2882,True,2026-09-24T07:14:15,2026-09-24T07:14:15,2026-09-24T07:14:15
2882,國泰金,2022-08-12,47.25,0.04999999999999716,0.11%,,,,,,,,,ShowDailyK_ChartFlow,FinMind_API_TaiwanStockPrice_2882,True,2026-09-24T07:14:15,2026-09-24T07:14:15,2026-09-24T07:14:15
2882,國泰金,2022-08-15,47.3,0.04999999999999716,0.11%,,,,,,,,,ShowDailyK_ChartFlow,FinMind_API_TaiwanStockPrice_2882,True,2026-09-24T07:14:15,2026-09-24T07:14:15,2026-09-24T07:14:15
2882,國泰金,2022-08-16,47.1,-0.19999999999999574,-0.42%,,,,,,,,,ShowDailyK_ChartFlow,FinMind_API_TaiwanStockPrice_2882,True,2026-09-24T07:14:15,2026-09-24T07:14:15,2026-09-24T07:14:15
2882,國泰金,2022-08-17,47.45,0.3500000000000014,0.74%,,,,,,,,,ShowDailyK_ChartFlow,FinMind_API_TaiwanStockPrice_2882,True,2026-09-24T07:14:15,2026-09-24T07:14:15,2026-09-24T07:14:15
2882,國泰金,2022-08-18,47.25,-0.20000000000000284,-0.42%,,,,,,,,,ShowDailyK_ChartFlow,FinMind_API_TaiwanStockPrice_2882,True,2026-09-24T07:14:15,2026-09-24T07:14:15,2026-09-24T07:14:15
2882,國泰金,2022-08-19,47.5,0.25,0.53%,,,,,,,,,ShowDailyK_ChartFlow,FinMind_API_TaiwanStockPrice_2882,True,2026-09-24T07:14:15,2026-09-24T07:14:15,2026-09-24T07:14:15
2882,國泰金,2022-08-22,46.85,-0.6499999999999986,-1.37%,,,,,,,,,ShowDailyK_ChartFlow,FinMind_API_TaiwanStockPrice_2882,True,2026-09-24T07:14:15,2026-09-24T07:14:15,2026-09-24T07:14:15
2882,國泰金,2022-08-23,46.35,-0.5,-1.07%,,,,,,,,,ShowDailyK_ChartFlow,FinMind_API_TaiwanStockPrice_2882,True,2026-09-24T07:14:15,2026-09-24T07:14:15,2026-09-24T07:14:15
2882,國泰金,2022-08-24,46.35,0.0,0.00%,,,,,,,,,ShowDailyK_ChartFlow,FinMind_API_TaiwanStockPrice_2882,True,2026-09-24T07:14:15,2026-09-24T07:14:15,2026-09-24T07:14:15
2882,國泰金,2022-08-25,46.55,0.19999999999999574,0.43%,,,,,,,,,ShowDailyK_ChartFlow,FinMind_API_TaiwanStockPrice_2882,True,2026-09-24T07:14:15,2026-09-24T07:14:15,2026-09-24T07:14:15
2882,國泰金,2022-08-26,46.75,0.20000000000000284,0.43%,,,,,,,,,ShowDailyK_ChartFlow,FinMind_API_TaiwanStockPrice_2882,True,2026-09-24T07:14:15,2026-09-24T07:14:15,2026-09-24T07:14:15
2882,國泰金,2022-08-29,45.6,-1.1499999999999986,-2.46%,,,,,,,,,ShowDailyK_ChartFlow,FinMind_API_TaiwanStockPrice_2882,True,2026-09-24T07:14:15,2026-09-24T07:14:15,2026-09-24T07:14:15
2882,國泰金,2022-08-30,44.45,-1.1499999999999986,-2.52%,,,,,,,,,ShowDailyK_ChartFlow,FinMind_API_TaiwanStockPrice_2882,True,2026-09-24T07:14:15,2026-09-24T07:14:15,2026-09-24T07:14:15
2882,國泰金,2022-08-31,44.55,0.09999999999999432,0.22%,,,,,,,,,ShowDailyK_ChartFlow,FinMind_API_TaiwanStockPrice_2882,True,2026-09-24T07:14:15,2026-09-24T07:14:15,2026-09-24T07:14:15
2882,國泰金,2022-09-01,44.55,0.0,0.00%,,,,,,,,,ShowDailyK_ChartFlow,FinMind_API_TaiwanStockPrice_2882,True,2026-09-24T07:14:15,2026-09-24T07:14:15,2026-09-24T07:14:15
2882,國泰金,2022-09-02,44.05,-0.5,-1.12%,,,,,,,,,ShowDailyK_ChartFlow,FinMind_API_TaiwanStockPrice_2882,True,2026-09-24T07:14:15,2026-09-24T07:14:15,2026-09-24T07:14:15
2882,國泰金,2022-09-05,44.05,0.0,0.00%,,,,,,,,,ShowDailyK_ChartFlow,FinMind_API_TaiwanStockPrice_2882,True,2026-09-24T07:14:15,2026-09-24T07:14:15,2026-09-24T07:14:15
2882,國泰金,2022-09-06,44.25,0.20000000000000284,0.45%,,,,,,,,,ShowDailyK_ChartFlow,FinMind_API_TaiwanStockPrice_2882,True,2026-09-24T07:14:15,2026-09-24T07:14:15,2026-09-24T07:14:15
2882,國泰金,2022-09-07,43.15,-1.1000000000000014,-2.49%,,,,,,,,,ShowDailyK_ChartFlow,FinMind_API_TaiwanStockPrice_2882,True,2026-09-24T07:14:15,2026-09-24T07:14:15,2026-09-24T07:14:15
2882,國泰金,2022-09-08,43.15,0.0,0.00%,,,,,,,,,ShowDailyK_ChartFlow,FinMind_API_TaiwanStockPrice_2882,True,2026-09-24T07:14:15,2026-09-24T07:14:15,2026-09-24T07:14:15
2882,國泰金,2022-09-12,44.05,0.8999999999999986,2.09%,,,,,,,,,ShowDailyK_ChartFlow,FinMind_API_TaiwanStockPrice_2882,True,2026-09-24T07:14:15,2026-09-24T07:14:15,2026-09-24T07:14:15
2882,國泰金,2022-09-13,43.65,-0.3999999999999986,-0.91%,,,,,,,,,ShowDailyK_ChartFlow,FinMind_API_TaiwanStockPrice_2882,True,2026-09-24T07:14:15,2026-09-24T07:14:15,2026-09-24T07:14:15
2882,國泰金,2022-09-14,42.85,-0.7999999999999972,-1.83%,,,,,,,,,ShowDailyK_ChartFlow,FinMind_API_TaiwanStockPrice_2882,True,2026-09-24T07:14:15,2026-09-24T07:14:15,2026-09-24T07:14:15
2882,國泰金,2022-09-15,43.1,0.25,0.58%,,,,,,,,,ShowDailyK_ChartFlow,FinMind_API_TaiwanStockPrice_2882,True,2026-09-24T07:14:15,2026-09-24T07:14:15,2026-09-24T07:14:15
2882,國泰金,2022-09-16,42.8,-0.30000000000000426,-0.70%,,,,,,,,,ShowDailyK_ChartFlow,FinMind_API_TaiwanStockPrice_2882,True,2026-09-24T07:14:15,2026-09-24T07:14:15,2026-09-24T07:14:15
2882,國泰金,2022-09-19,42.75,-0.04999999999999716,-0.12%,,,,,,,,,ShowDailyK_ChartFlow,FinMind_API_TaiwanStockPrice_2882,True,2026-09-24T07:14:15,2026-09-24T07:14:15,2026-09-24T07:14:15
2882,國泰金,2022-09-20,43.05,0.29999999999999716,0.70%,,,,,,,,,ShowDailyK_ChartFlow,FinMind_API_TaiwanStockPrice_2882,True,2026-09-24T07:14:15,2026-09-24T07:14:15,2026-09-24T07:14:15
2882,國泰金,2022-09-21,42.55,-0.5,-1.16%,,,,,,,,,ShowDailyK_ChartFlow,FinMind_API_TaiwanStockPrice_2882,True,2026-09-24T07:14:15,2026-09-24T07:14:15,2026-09-24T07:14:15
2882,國泰金,2022-09-22,41.65,-0.8999999999999986,-2.12%,,,,,,,,,ShowDailyK_ChartFlow,FinMind_API_TaiwanStockPrice_2882,True,2026-09-24T07:14:15,2026-09-24T07:14:15,2026-09-24T07:14:15
2882,國泰金,2022-09-23,42.1,0.45000000000000284,1.08%,,,,,,,,,ShowDailyK_ChartFlow,FinMind_API_TaiwanStockPrice_2882,True,2026-09-24T07:14:15,2026-09-24T07:14:15,2026-09-24T07:14:15
2882,國泰金,2022-09-26,41.5,-0.6000000000000014,-1.43%,,,,,,,,,ShowDailyK_ChartFlow,FinMind_API_TaiwanStockPrice_2882,True,2026-09-24T07:14:15,2026-09-24T07:14:15,2026-09-24T07:14:15
2882,國泰金,2022-09-27,40.95,-0.5499999999999972,-1.33%,,,,,,,,,ShowDailyK_ChartFlow,FinMind_API_TaiwanStockPrice_2882,True,2026-09-24T07:14:15,2026-09-24T07:14:15,2026-09-24T07:14:15
2882,國泰金,2022-09-28,39.8,-1.1500000000000057,-2.81%,,,,,,,,,ShowDailyK_ChartFlow,FinMind_API_TaiwanStockPrice_2882,True,2026-09-24T07:14:15,2026-09-24T07:14:15,2026-09-24T07:14:15
2882,國泰金,2022-09-29,40.15,0.3500000000000014,0.88%,,,,,,,,,ShowDailyK_ChartFlow,FinMind_API_TaiwanStockPrice_2882,True,2026-09-24T07:14:15,2026-09-24T07:14:15,2026-09-24T07:14:15
2882,國泰金,2022-09-30,39.95,-0.19999999999999574,-0.50%,,,,,,,,,ShowDailyK_ChartFlow,FinMind_API_TaiwanStockPrice_2882,True,2026-09-24T07:14:15,2026-09-24T07:14:15,2026-09-24T07:14:15
2882,國泰金,2022-10-03,39.0,-0.9500000000000028,-2.38%,,,,,,,,,ShowDailyK_ChartFlow,FinMind_API_TaiwanStockPrice_2882,True,2026-09-24T07:14:15,2026-09-24T07:14:15,2026-09-24T07:14:15
2882,國泰金,2022-10-04,39.55,0.5499999999999972,1.41%,,,,,,,,,ShowDailyK_ChartFlow,FinMind_API_TaiwanStockPrice_2882,True,2026-09-24T07:14:15,2026-09-24T07:14:15,2026-09-24T07:14:15
2882,國泰金,2022-10-05,40.75,1.2000000000000028,3.03%,,,,,,,,,ShowDailyK_ChartFlow,FinMind_API_TaiwanStockPrice_2882,True,2026-09-24T07:14:15,2026-09-24T07:14:15,2026-09-24T07:14:15
2882,國泰金,2022-10-06,40.8,0.04999999999999716,0.12%,,,,,,,,,ShowDailyK_ChartFlow,FinMind_API_TaiwanStockPrice_2882,True,2026-09-24T07:14:15,2026-09-24T07:14:15,2026-09-24T07:14:15
2882,國泰金,2022-10-07,40.5,-0.29999999999999716,-0.74%,,,,,,,,,ShowDailyK_ChartFlow,FinMind_API_TaiwanStockPrice_2882,True,2026-09-24T07:14:15,2026-09-24T07:14:15,2026-09-24T07:14:15
2882,國泰金,2022-10-11,39.6,-0.8999999999999986,-2.22%,,,,,,,,,ShowDailyK_ChartFlow,FinMind_API_TaiwanStockPrice_2882,True,2026-09-24T07:14:15,2026-09-24T07:14:15,2026-09-24T07:14:15
2882,國泰金,2022-10-12,39.55,-0.05000000000000426,-0.13%,,,,,,,,,ShowDailyK_ChartFlow,FinMind_API_TaiwanStockPrice_2882,True,2026-09-24T07:14:15,2026-09-24T07:14:15,2026-09-24T07:14:15
2882,國泰金,2022-10-13,37.45,-2.0999999999999943,-5.31%,,,,,,,,,ShowDailyK_ChartFlow,FinMind_API_TaiwanStockPrice_2882,True,2026-09-24T07:14:15,2026-09-24T07:14:15,2026-09-24T07:14:15
2882,國泰金,2022-10-14,37.65,0.19999999999999574,0.53%,,,,,,,,,ShowDailyK_ChartFlow,FinMind_API_TaiwanStockPrice_2882,True,2026-09-24T07:14:15,2026-09-24T07:14:15,2026-09-24T07:14:15
2882,國泰金,2022-10-17,37.65,0.0,0.00%,,,,,,,,,ShowDailyK_ChartFlow,FinMind_API_TaiwanStockPrice_2882,True,2026-09-24T07:14:15,2026-09-24T07:14:15,2026-09-24T07:14:15
2882,國泰金,2022-10-18,38.15,0.5,1.33%,,,,,,,,,ShowDailyK_ChartFlow,FinMind_API_TaiwanStockPrice_2882,True,2026-09-24T07:14:15,2026-09-24T07:14:15,2026-09-24T07:14:15
2882,國泰金,2022-10-19,38.3,0.14999999999999858,0.39%,,,,,,,,,ShowDailyK_ChartFlow,FinMind_API_TaiwanStockPrice_2882,True,2026-09-24T07:14:15,2026-09-24T07:14:15,2026-09-24T07:14:15
2882,國泰金,2022-10-20,37.85,-0.44999999999999574,-1.17%,,,,,,,,,ShowDailyK_ChartFlow,FinMind_API_TaiwanStockPrice_2882,True,2026-09-24T07:14:15,2026-09-24T07:14:15,2026-09-24T07:14:15
2882,國泰金,2022-10-21,36.55,-1.3000000000000043,-3.43%,,,,,,,,,ShowDailyK_ChartFlow,FinMind_API_TaiwanStockPrice_2882,True,2026-09-24T07:14:15,2026-09-24T07:14:15,2026-09-24T07:14:15
2882,國泰金,2022-10-24,37.0,0.45000000000000284,1.23%,,,,,,,,,ShowDailyK_ChartFlow,FinMind_API_TaiwanStockPrice_2882,True,2026-09-24T07:14:15,2026-09-24T07:14:15,2026-09-24T07:14:15
2882,國泰金,2022-10-25,37.5,0.5,1.35%,,,,,,,,,ShowDailyK_ChartFlow,FinMind_API_TaiwanStockPrice_2882,True,2026-09-24T07:14:15,2026-09-24T07:14:15,2026-09-24T07:14:15
2882,國泰金,2022-10-26,38.5,1.0,2.67%,,,,,,,,,ShowDailyK_ChartFlow,FinMind_API_TaiwanStockPrice_2882,True,2026-09-24T07:14:15,2026-09-24T07:14:15,2026-09-24T07:14:15
2882,國泰金,2022-10-27,38.5,0.0,0.00%,,,,,,,,,ShowDailyK_ChartFlow,FinMind_API_TaiwanStockPrice_2882,True,2026-09-24T07:14:15,2026-09-24T07:14:15,2026-09-24T07:14:15
2882,國泰金,2022-10-28,38.25,-0.25,-0.65%,,,,,,,,,ShowDailyK_ChartFlow,FinMind_API_TaiwanStockPrice_2882,True,2026-09-24T07:14:15,2026-09-24T07:14:15,2026-09-24T07:14:15
2882,國泰金,2022-10-31,37.8,-0.45000000000000284,-1.18%,,,,,,,,,ShowDailyK_ChartFlow,FinMind_API_TaiwanStockPrice_2882,True,2026-09-24T07:14:15,2026-09-24T07:14:15,2026-09-24T07:14:15
2882,國泰金,2022-11-01,38.1,0.30000000000000426,0.79%,,,,,,,,,ShowDailyK_ChartFlow,FinMind_API_TaiwanStockPrice_2882,True,2026-09-24T07:14:15,2026-09-24T07:14:15,2026-09-24T07:14:15
2882,國泰金,2022-11-02,38.5,0.3999999999999986,1.05%,,,,,,,,,ShowDailyK_ChartFlow,FinMind_API_TaiwanStockPrice_2882,True,2026-09-24T07:14:15,2026-09-24T07:14:15,2026-09-24T07:14:15
2882,國泰金,2022-11-03,38.85,0.3500000000000014,0.91%,,,,,,,,,ShowDailyK_ChartFlow,FinMind_API_TaiwanStockPrice_2882,True,2026-09-24T07:14:15,2026-09-24T07:14:15,2026-09-24T07:14:15
2882,國泰金,2022-11-04,38.95,0.10000000000000142,0.26%,,,,,,,,,ShowDailyK_ChartFlow,FinMind_API_TaiwanStockPrice_2882,True,2026-09-24T07:14:15,2026-09-24T07:14:15,2026-09-24T07:14:15
2882,國泰金,2022-11-07,39.55,0.5999999999999943,1.54%,,,,,,,,,ShowDailyK_ChartFlow,FinMind_API_TaiwanStockPrice_2882,True,2026-09-24T07:14:15,2026-09-24T07:14:15,2026-09-24T07:14:15
2882,國泰金,2022-11-08,39.7,0.15000000000000568,0.38%,,,,,,,,,ShowDailyK_ChartFlow,FinMind_API_TaiwanStockPrice_2882,True,2026-09-24T07:14:15,2026-09-24T07:14:15,2026-09-24T07:14:15
2882,國泰金,2022-11-09,40.15,0.44999999999999574,1.13%,,,,,,,,,ShowDailyK_ChartFlow,FinMind_API_TaiwanStockPrice_2882,True,2026-09-24T07:14:15,2026-09-24T07:14:15,2026-09-24T07:14:15
2882,國泰金,2022-11-10,39.65,-0.5,-1.25%,,,,,,,,,ShowDailyK_ChartFlow,FinMind_API_TaiwanStockPrice_2882,True,2026-09-24T07:14:15,2026-09-24T07:14:15,2026-09-24T07:14:15
2882,國泰金,2022-11-11,41.9,2.25,5.67%,,,,,,,,,ShowDailyK_ChartFlow,FinMind_API_TaiwanStockPrice_2882,True,2026-09-24T07:14:15,2026-09-24T07:14:15,2026-09-24T07:14:15
2882,國泰金,2022-11-14,41.75,-0.14999999999999858,-0.36%,,,,,,,,,ShowDailyK_ChartFlow,FinMind_API_TaiwanStockPrice_2882,True,2026-09-24T07:14:15,2026-09-24T07:14:15,2026-09-24T07:14:15
2882,國泰金,2022-11-15,42.4,0.6499999999999986,1.56%,,,,,,,,,ShowDailyK_ChartFlow,FinMind_API_TaiwanStockPrice_2882,True,2026-09-24T07:14:15,2026-09-24T07:14:15,2026-09-24T07:14:15
2882,國泰金,2022-11-16,41.7,-0.6999999999999957,-1.65%,,,,,,,,,ShowDailyK_ChartFlow,FinMind_API_TaiwanStockPrice_2882,True,2026-09-24T07:14:15,2026-09-24T07:14:15,2026-09-24T07:14:15
2882,國泰金,2022-11-17,41.55,-0.15000000000000568,-0.36%,,,,,,,,,ShowDailyK_ChartFlow,FinMind_API_TaiwanStockPrice_2882,True,2026-09-24T07:14:15,2026-09-24T07:14:15,2026-09-24T07:14:15
2882,國泰金,2022-11-18,41.9,0.3500000000000014,0.84%,,,,,,,,,ShowDailyK_ChartFlow,FinMind_API_TaiwanStockPrice_2882,True,2026-09-24T07:14:15,2026-09-24T07:14:15,2026-09-24T07:14:15
2882,國泰金,2022-11-21,42.1,0.20000000000000284,0.48%,,,,,,,,,ShowDailyK_ChartFlow,FinMind_API_TaiwanStockPrice_2882,True,2026-09-24T07:14:15,2026-09-24T07:14:15,2026-09-24T07:14:15
2882,國泰金,2022-11-22,42.2,0.10000000000000142,0.24%,,,,,,,,,ShowDailyK_ChartFlow,FinMind_API_TaiwanStockPrice_2882,True,2026-09-24T07:14:15,2026-09-24T07:14:15,2026-09-24T07:14:15
2882,國泰金,2022-11-23,42.75,0.5499999999999972,1.30%,,,,,,,,,ShowDailyK_ChartFlow,FinMind_API_TaiwanStockPrice_2882,True,2026-09-24T07:14:15,2026-09-24T07:14:15,2026-09-24T07:14:15
2882,國泰金,2022-11-24,42.55,-0.20000000000000284,-0.47%,,,,,,,,,ShowDailyK_ChartFlow,FinMind_API_TaiwanStockPrice_2882,True,2026-09-24T07:14:15,2026-09-24T07:14:15,2026-09-24T07:14:15
2882,國泰金,2022-11-25,42.55,0.0,0.00%,,,,,,,,,ShowDailyK_ChartFlow,FinMind_API_TaiwanStockPrice_2882,True,2026-09-24T07:14:15,2026-09-24T07:14:15,2026-09-24T07:14:15
2882,國泰金,2022-11-28,42.0,-0.5499999999999972,-1.29%,,,,,,,,,ShowDailyK_ChartFlow,FinMind_API_TaiwanStockPrice_2882,True,2026-09-24T07:14:15,2026-09-24T07:14:15,2026-09-24T07:14:15
2882,國泰金,2022-11-29,43.45,1.4500000000000028,3.45%,,,,,,,,,ShowDailyK_ChartFlow,FinMind_API_TaiwanStockPrice_2882,True,2026-09-24T07:14:15,2026-09-24T07:14:15,2026-09-24T07:14:15
2882,國泰金,2022-11-30,43.55,0.09999999999999432,0.23%,,,,,,,,,ShowDailyK_ChartFlow,FinMind_API_TaiwanStockPrice_2882,True,2026-09-24T07:14:15,2026-09-24T07:14:15,2026-09-24T07:14:15
2882,國泰金,2022-12-01,44.15,0.6000000000000014,1.38%,,,,,,,,,ShowDailyK_ChartFlow,FinMind_API_TaiwanStockPrice_2882,True,2026-09-24T07:14:15,2026-09-24T07:14:15,2026-09-24T07:14:15
2882,國泰金,2022-12-02,44.0,-0.14999999999999858,-0.34%,,,,,,,,,ShowDailyK_ChartFlow,FinMind_API_TaiwanStockPrice_2882,True,2026-09-24T07:14:15,2026-09-24T07:14:15,2026-09-24T07:14:15
2882,國泰金,2022-12-05,42.85,-1.1499999999999986,-2.61%,,,,,,,,,ShowDailyK_ChartFlow,FinMind_API_TaiwanStockPrice_2882,True,2026-09-24T07:14:15,2026-09-24T07:14:15,2026-09-24T07:14:15
2882,國泰金,2022-12-06,41.4,-1.4500000000000028,-3.38%,,,,,,,,,ShowDailyK_ChartFlow,FinMind_API_TaiwanStockPrice_2882,True,2026-09-24T07:14:15,2026-09-24T07:14:15,2026-09-24T07:14:15
2882,國泰金,2022-12-07,41.4,0.0,0.00%,,,,,,,,,ShowDailyK_ChartFlow,FinMind_API_TaiwanStockPrice_2882,True,2026-09-24T07:14:15,2026-09-24T07:14:15,2026-09-24T07:14:15
2882,國泰金,2022-12-08,40.75,-0.6499999999999986,-1.57%,,,,,,,,,ShowDailyK_ChartFlow,FinMind_API_TaiwanStockPrice_2882,True,2026-09-24T07:14:15,2026-09-24T07:14:15,2026-09-24T07:14:15
2882,國泰金,2022-12-09,41.1,0.3500000000000014,0.86%,,,,,,,,,ShowDailyK_ChartFlow,FinMind_API_TaiwanStockPrice_2882,True,2026-09-24T07:14:15,2026-09-24T07:14:15,2026-09-24T07:14:15
2882,國泰金,2022-12-12,41.0,-0.10000000000000142,-0.24%,,,,,,,,,ShowDailyK_ChartFlow,FinMind_API_TaiwanStockPrice_2882,True,2026-09-24T07:14:15,2026-09-24T07:14:15,2026-09-24T07:14:15
2882,國泰金,2022-12-13,40.95,-0.04999999999999716,-0.12%,,,,,,,,,ShowDailyK_ChartFlow,FinMind_API_TaiwanStockPrice_2882,True,2026-09-24T07:14:15,2026-09-24T07:14:15,2026-09-24T07:14:15
2882,國泰金,2022-12-14,40.9,-0.05000000000000426,-0.12%,,,,,,,,,ShowDailyK_ChartFlow,FinMind_API_TaiwanStockPrice_2882,True,2026-09-24T07:14:15,2026-09-24T07:14:15,2026-09-24T07:14:15
2882,國泰金,2022-12-15,40.6,-0.29999999999999716,-0.73%,,,,,,,,,ShowDailyK_ChartFlow,FinMind_API_TaiwanStockPrice_2882,True,2026-09-24T07:14:15,2026-09-24T07:14:15,2026-09-24T07:14:15
2882,國泰金,2022-12-16,40.2,-0.3999999999999986,-0.99%,,,,,,,,,ShowDailyK_ChartFlow,FinMind_API_TaiwanStockPrice_2882,True,2026-09-24T07:14:15,2026-09-24T07:14:15,2026-09-24T07:14:15
2882,國泰金,2022-12-19,40.15,-0.05000000000000426,-0.12%,,,,,,,,,ShowDailyK_ChartFlow,FinMind_API_TaiwanStockPrice_2882,True,2026-09-24T07:14:15,2026-09-24T07:14:15,2026-09-24T07:14:15
2882,國泰金,2022-12-20,40.15,0.0,0.00%,,,,,,,,,ShowDailyK_ChartFlow,FinMind_API_TaiwanStockPrice_2882,True,2026-09-24T07:14:15,2026-09-24T07:14:15,2026-09-24T07:14:15
2882,國泰金,2022-12-21,40.0,-0.14999999999999858,-0.37%,,,,,,,,,ShowDailyK_ChartFlow,FinMind_API_TaiwanStockPrice_2882,True,2026-09-24T07:14:15,2026-09-24T07:14:15,2026-09-24T07:14:15
2882,國泰金,2022-12-22,40.4,0.3999999999999986,1.00%,,,,,,,,,ShowDailyK_ChartFlow,FinMind_API_TaiwanStockPrice_2882,True,2026-09-24T07:14:15,2026-09-24T07:14:15,2026-09-24T07:14:15
2882,國泰金,2022-12-23,41.15,0.75,1.86%,,,,,,,,,ShowDailyK_ChartFlow,FinMind_API_TaiwanStockPrice_2882,True,2026-09-24T07:14:15,2026-09-24T07:14:15,2026-09-24T07:14:15
2882,國泰金,2022-12-26,41.0,-0.14999999999999858,-0.36%,,,,,,,,,ShowDailyK_ChartFlow,FinMind_API_TaiwanStockPrice_2882,True,2026-09-24T07:14:15,2026-09-24T07:14:15,2026-09-24T07:14:15
2882,國泰金,2022-12-27,41.15,0.14999999999999858,0.37%,,,,,,,,,ShowDailyK_ChartFlow,FinMind_API_TaiwanStockPrice_2882,True,2026-09-24T07:14:15,2026-09-24T07:14:15,2026-09-24T07:14:15
2882,國泰金,2022-12-28,40.65,-0.5,-1.22%,,,,,,,,,ShowDailyK_ChartFlow,FinMind_API_TaiwanStockPrice_2882,True,2026-09-24T07:14:15,2026-09-24T07:14:15,2026-09-24T07:14:15
2882,國泰金,2022-12-29,40.1,-0.5499999999999972,-1.35%,,,,,,,,,ShowDailyK_ChartFlow,FinMind_API_TaiwanStockPrice_2882,True,2026-09-24T07:14:15,2026-09-24T07:14:15,2026-09-24T07:14:15
2882,國泰金,2022-12-30,40.0,-0.10000000000000142,-0.25%,,,,,,,,,ShowDailyK_ChartFlow,FinMind_API_TaiwanStockPrice_2882,True,2026-09-24T07:14:15,2026-09-24T07:14:15,2026-09-24T07:14:15
2882,國泰金,2023-01-03,39.95,-0.04999999999999716,-0.12%,,,,,,,,,ShowDailyK_ChartFlow,FinMind_API_TaiwanStockPrice_2882,True,2026-09-24T07:14:15,2026-09-24T07:14:15,2026-09-24T07:14:15
2882,國泰金,2023-01-04,39.95,0.0,0.00%,,,,,,,,,ShowDailyK_ChartFlow,FinMind_API_TaiwanStockPrice_2882,True,2026-09-24T07:14:15,2026-09-24T07:14:15,2026-09-24T07:14:15
2882,國泰金,2023-01-05,40.25,0.29999999999999716,0.75%,,,,,,,,,ShowDailyK_ChartFlow,FinMind_API_TaiwanStockPrice_2882,True,2026-09-24T07:14:15,2026-09-24T07:14:15,2026-09-24T07:14:15
2882,國泰金,2023-01-06,40.75,0.5,1.24%,,,,,,,,,ShowDailyK_ChartFlow,FinMind_API_TaiwanStockPrice_2882,True,2026-09-24T07:14:15,2026-09-24T07:14:15,2026-09-24T07:14:15
2882,國泰金,2023-01-09,42.0,1.25,3.07%,,,,,,,,,ShowDailyK_ChartFlow,FinMind_API_TaiwanStockPrice_2882,True,2026-09-24T07:14:15,2026-09-24T07:14:15,2026-09-24T07:14:15
2882,國泰金,2023-01-10,41.7,-0.29999999999999716,-0.71%,,,,,,,,,ShowDailyK_ChartFlow,FinMind_API_TaiwanStockPrice_2882,True,2026-09-24T07:14:15,2026-09-24T07:14:15,2026-09-24T07:14:15
2882,國泰金,2023-01-11,41.4,-0.30000000000000426,-0.72%,,,,,,,,,ShowDailyK_ChartFlow,FinMind_API_TaiwanStockPrice_2882,True,2026-09-24T07:14:15,2026-09-24T07:14:15,2026-09-24T07:14:15
2882,國泰金,2023-01-12,41.7,0.30000000000000426,0.72%,,,,,,,,,ShowDailyK_ChartFlow,FinMind_API_TaiwanStockPrice_2882,True,2026-09-24T07:14:15,2026-09-24T07:14:15,2026-09-24T07:14:15
2882,國泰金,2023-01-13,41.8,0.09999999999999432,0.24%,,,,,,,,,ShowDailyK_ChartFlow,FinMind_API_TaiwanStockPrice_2882,True,2026-09-24T07:14:15,2026-09-24T07:14:15,2026-09-24T07:14:15
2882,國泰金,2023-01-16,41.75,-0.04999999999999716,-0.12%,,,,,,,,,ShowDailyK_ChartFlow,FinMind_API_TaiwanStockPrice_2882,True,2026-09-24T07:14:15,2026-09-24T07:14:15,2026-09-24T07:14:15
2882,國泰金,2023-01-17,42.0,0.25,0.60%,,,,,,,,,ShowDailyK_ChartFlow,FinMind_API_TaiwanStockPrice_2882,True,2026-09-24T07:14:15,2026-09-24T07:14:15,2026-09-24T07:14:15
2882,國泰金,2023-01-30,42.7,0.7000000000000028,1.67%,,,,,,,,,ShowDailyK_ChartFlow,FinMind_API_TaiwanStockPrice_2882,True,2026-09-24T07:14:15,2026-09-24T07:14:15,2026-09-24T07:14:15
2882,國泰金,2023-01-31,42.55,-0.15000000000000568,-0.35%,,,,,,,,,ShowDailyK_ChartFlow,FinMind_API_TaiwanStockPrice_2882,True,2026-09-24T07:14:15,2026-09-24T07:14:15,2026-09-24T07:14:15
2882,國泰金,2023-02-01,43.0,0.45000000000000284,1.06%,,,,,,,,,ShowDailyK_ChartFlow,FinMind_API_TaiwanStockPrice_2882,True,2026-09-24T07:14:15,2026-09-24T07:14:15,2026-09-24T07:14:15
2882,國泰金,2023-02-02,44.05,1.0499999999999972,2.44%,,,,,,,,,ShowDailyK_ChartFlow,FinMind_API_TaiwanStockPrice_2882,True,2026-09-24T07:14:15,2026-09-24T07:14:15,2026-09-24T07:14:15
2882,國泰金,2023-02-03,43.3,-0.75,-1.70%,,,,,,,,,ShowDailyK_ChartFlow,FinMind_API_TaiwanStockPrice_2882,True,2026-09-24T07:14:15,2026-09-24T07:14:15,2026-09-24T07:14:15
2882,國泰金,2023-02-06,42.65,-0.6499999999999986,-1.50%,,,,,,,,,ShowDailyK_ChartFlow,FinMind_API_TaiwanStockPrice_2882,True,2026-09-24T07:14:15,2026-09-24T07:14:15,2026-09-24T07:14:15
2882,國泰金,2023-02-07,42.8,0.14999999999999858,0.35%,,,,,,,,,ShowDailyK_ChartFlow,FinMind_API_TaiwanStockPrice_2882,True,2026-09-24T07:14:15,2026-09-24T07:14:15,2026-09-24T07:14:15
2882,國泰金,2023-02-08,42.85,0.05000000000000426,0.12%,,,,,,,,,ShowDailyK_ChartFlow,FinMind_API_TaiwanStockPrice_2882,True,2026-09-24T07:14:15,2026-09-24T07:14:15,2026-09-24T07:14:15
2882,國泰金,2023-02-09,42.6,-0.25,-0.58%,,,,,,,,,ShowDailyK_ChartFlow,FinMind_API_TaiwanStockPrice_2882,True,2026-09-24T07:14:15,2026-09-24T07:14:15,2026-09-24T07:14:15
2882,國泰金,2023-02-10,42.65,0.04999999999999716,0.12%,,,,,,,,,ShowDailyK_ChartFlow,FinMind_API_TaiwanStockPrice_2882,True,2026-09-24T07:14:15,2026-09-24T07:14:15,2026-09-24T07:14:15
2882,國泰金,2023-02-13,42.9,0.25,0.59%,,,,,,,,,ShowDailyK_ChartFlow,FinMind_API_TaiwanStockPrice_2882,True,2026-09-24T07:14:15,2026-09-24T07:14:15,2026-09-24T07:14:15
2882,國泰金,2023-02-14,43.6,0.7000000000000028,1.63%,,,,,,,,,ShowDailyK_ChartFlow,FinMind_API_TaiwanStockPrice_2882,True,2026-09-24T07:14:15,2026-09-24T07:14:15,2026-09-24T07:14:15
2882,國泰金,2023-02-15,42.95,-0.6499999999999986,-1.49%,,,,,,,,,ShowDailyK_ChartFlow,FinMind_API_TaiwanStockPrice_2882,True,2026-09-24T07:14:15,2026-09-24T07:14:15,2026-09-24T07:14:15
2882,國泰金,2023-02-16,43.05,0.09999999999999432,0.23%,,,,,,,,,ShowDailyK_ChartFlow,FinMind_API_TaiwanStockPrice_2882,True,2026-09-24T07:14:15,2026-09-24T07:14:15,2026-09-24T07:14:15
2882,國泰金,2023-02-17,44.0,0.9500000000000028,2.21%,,,,,,,,,ShowDailyK_ChartFlow,FinMind_API_TaiwanStockPrice_2882,True,2026-09-24T07:14:15,2026-09-24T07:14:15,2026-09-24T07:14:15
2882,國泰金,2023-02-20,44.45,0.45000000000000284,1.02%,,,,,,,,,ShowDailyK_ChartFlow,FinMind_API_TaiwanStockPrice_2882,True,2026-09-24T07:14:15,2026-09-24T07:14:15,2026-09-24T07:14:15
2882,國泰金,2023-02-21,43.85,-0.6000000000000014,-1.35%,,,,,,,,,ShowDailyK_ChartFlow,FinMind_API_TaiwanStockPrice_2882,True,2026-09-24T07:14:15,2026-09-24T07:14:15,2026-09-24T07:14:15
2882,國泰金,2023-02-22,43.35,-0.5,-1.14%,,,,,,,,,ShowDailyK_ChartFlow,FinMind_API_TaiwanStockPrice_2882,True,2026-09-24T07:14:15,2026-09-24T07:14:15,2026-09-24T07:14:15
2882,國泰金,2023-02-23,43.3,-0.05000000000000426,-0.12%,,,,,,,,,ShowDailyK_ChartFlow,FinMind_API_TaiwanStockPrice_2882,True,2026-09-24T07:14:15,2026-09-24T07:14:15,2026-09-24T07:14:15
2882,國泰金,2023-02-24,43.45,0.15000000000000568,0.35%,,,,,,,,,ShowDailyK_ChartFlow,FinMind_API_TaiwanStockPrice_2882,True,2026-09-24T07:14:15,2026-09-24T07:14:15,2026-09-24T07:14:15
2882,國泰金,2023-03-01,42.75,-0.7000000000000028,-1.61%,,,,,,,,,ShowDailyK_ChartFlow,FinMind_API_TaiwanStockPrice_2882,True,2026-09-24T07:14:15,2026-09-24T07:14:15,2026-09-24T07:14:15
2882,國泰金,2023-03-02,43.0,0.25,0.58%,,,,,,,,,ShowDailyK_ChartFlow,FinMind_API_TaiwanStockPrice_2882,True,2026-09-24T07:14:15,2026-09-24T07:14:15,2026-09-24T07:14:15
2882,國泰金,2023-03-03,42.9,-0.10000000000000142,-0.23%,,,,,,,,,ShowDailyK_ChartFlow,FinMind_API_TaiwanStockPrice_2882,True,2026-09-24T07:14:15,2026-09-24T07:14:15,2026-09-24T07:14:15
2882,國泰金,2023-03-06,43.6,0.7000000000000028,1.63%,,,,,,,,,ShowDailyK_ChartFlow,FinMind_API_TaiwanStockPrice_2882,True,2026-09-24T07:14:15,2026-09-24T07:14:15,2026-09-24T07:14:15
2882,國泰金,2023-03-07,43.75,0.14999999999999858,0.34%,,,,,,,,,ShowDailyK_ChartFlow,FinMind_API_TaiwanStockPrice_2882,True,2026-09-24T07:14:15,2026-09-24T07:14:15,2026-09-24T07:14:15
2882,國泰金,2023-03-08,43.75,0.0,0.00%,,,,,,,,,ShowDailyK_ChartFlow,FinMind_API_TaiwanStockPrice_2882,True,2026-09-24T07:14:15,2026-09-24T07:14:15,2026-09-24T07:14:15
2882,國泰金,2023-03-09,43.65,-0.10000000000000142,-0.23%,,,,,,,,,ShowDailyK_ChartFlow,FinMind_API_TaiwanStockPrice_2882,True,2026-09-24T07:14:15,2026-09-24T07:14:15,2026-09-24T07:14:15
2882,國泰金,2023-03-10,42.7,-0.9499999999999957,-2.18%,,,,,,,,,ShowDailyK_ChartFlow,FinMind_API_TaiwanStockPrice_2882,True,2026-09-24T07:14:15,2026-09-24T07:14:15,2026-09-24T07:14:15
2882,國泰金,2023-03-13,42.3,-0.4000000000000057,-0.94%,,,,,,,,,ShowDailyK_ChartFlow,FinMind_API_TaiwanStockPrice_2882,True,2026-09-24T07:14:15,2026-09-24T07:14:15,2026-09-24T07:14:15
2882,國泰金,2023-03-14,41.55,-0.75,-1.77%,,,,,,,,,ShowDailyK_ChartFlow,FinMind_API_TaiwanStockPrice_2882,True,2026-09-24T07:14:15,2026-09-24T07:14:15,2026-09-24T07:14:15
2882,國泰金,2023-03-15,41.5,-0.04999999999999716,-0.12%,,,,,,,,,ShowDailyK_ChartFlow,FinMind_API_TaiwanStockPrice_2882,True,2026-09-24T07:14:15,2026-09-24T07:14:15,2026-09-24T07:14:15
2882,國泰金,2023-03-16,40.5,-1.0,-2.41%,,,,,,,,,ShowDailyK_ChartFlow,FinMind_API_TaiwanStockPrice_2882,True,2026-09-24T07:14:15,2026-09-24T07:14:15,2026-09-24T07:14:15
2882,國泰金,2023-03-17,41.0,0.5,1.23%,,,,,,,,,ShowDailyK_ChartFlow,FinMind_API_TaiwanStockPrice_2882,True,2026-09-24T07:14:15,2026-09-24T07:14:15,2026-09-24T07:14:15
2882,國泰金,2023-03-20,40.2,-0.7999999999999972,-1.95%,,,,,,,,,ShowDailyK_ChartFlow,FinMind_API_TaiwanStockPrice_2882,True,2026-09-24T07:14:15,2026-09-24T07:14:15,2026-09-24T07:14:15
2882,國泰金,2023-03-21,40.75,0.5499999999999972,1.37%,,,,,,,,,ShowDailyK_ChartFlow,FinMind_API_TaiwanStockPrice_2882,True,2026-09-24T07:14:15,2026-09-24T07:14:15,2026-09-24T07:14:15
2882,國泰金,2023-03-22,41.35,0.6000000000000014,1.47%,,,,,,,,,ShowDailyK_ChartFlow,FinMind_API_TaiwanStockPrice_2882,True,2026-09-24T07:14:15,2026-09-24T07:14:15,2026-09-24T07:14:15
2882,國泰金,2023-03-23,41.55,0.19999999999999574,0.48%,,,,,,,,,ShowDailyK_ChartFlow,FinMind_API_TaiwanStockPrice_2882,True,2026-09-24T07:14:15,2026-09-24T07:14:15,2026-09-24T07:14:15
2882,國泰金,2023-03-24,41.3,-0.25,-0.60%,,,,,,,,,ShowDailyK_ChartFlow,FinMind_API_TaiwanStockPrice_2882,True,2026-09-24T07:14:15,2026-09-24T07:14:15,2026-09-24T07:14:15
2882,國泰金,2023-03-27,41.35,0.05000000000000426,0.12%,,,,,,,,,ShowDailyK_ChartFlow,FinMind_API_TaiwanStockPrice_2882,True,2026-09-24T07:14:15,2026-09-24T07:14:15,2026-09-24T07:14:15
2882,國泰金,2023-03-28,41.55,0.19999999999999574,0.48%,,,,,,,,,ShowDailyK_ChartFlow,FinMind_API_TaiwanStockPrice_2882,True,2026-09-24T07:14:15,2026-09-24T07:14:15,2026-09-24T07:14:15
2882,國泰金,2023-03-29,41.85,0.30000000000000426,0.72%,,,,,,,,,ShowDailyK_ChartFlow,FinMind_API_TaiwanStockPrice_2882,True,2026-09-24T07:14:15,2026-09-24T07:14:15,2026-09-24T07:14:15
2882,國泰金,2023-03-30,41.6,-0.25,-0.60%,,,,,,,,,ShowDailyK_ChartFlow,FinMind_API_TaiwanStockPrice_2882,True,2026-09-24T07:14:15,2026-09-24T07:14:15,2026-09-24T07:14:15
2882,國泰金,2023-03-31,41.8,0.19999999999999574,0.48%,,,,,,,,,ShowDailyK_ChartFlow,FinMind_API_TaiwanStockPrice_2882,True,2026-09-24T07:14:15,2026-09-24T07:14:15,2026-09-24T07:14:15
2882,國泰金,2023-04-06,42.0,0.20000000000000284,0.48%,,,,,,,,,ShowDailyK_ChartFlow,FinMind_API_TaiwanStockPrice_2882,True,2026-09-24T07:14:15,2026-09-24T07:14:15,2026-09-24T07:14:15
2882,國泰金,2023-04-07,42.25,0.25,0.60%,,,,,,,,,ShowDailyK_ChartFlow,FinMind_API_TaiwanStockPrice_2882,True,2026-09-24T07:14:15,2026-09-24T07:14:15,2026-09-24T07:14:15
2882,國泰金,2023-04-10,42.55,0.29999999999999716,0.71%,,,,,,,,,ShowDailyK_ChartFlow,FinMind_API_TaiwanStockPrice_2882,True,2026-09-24T07:14:15,2026-09-24T07:14:15,2026-09-24T07:14:15
2882,國泰金,2023-04-11,42.65,0.10000000000000142,0.24%,,,,,,,,,ShowDailyK_ChartFlow,FinMind_API_TaiwanStockPrice_2882,True,2026-09-24T07:14:15,2026-09-24T07:14:15,2026-09-24T07:14:15
2882,國泰金,2023-04-12,42.95,0.30000000000000426,0.70%,,,,,,,,,ShowDailyK_ChartFlow,FinMind_API_TaiwanStockPrice_2882,True,2026-09-24T07:14:15,2026-09-24T07:14:15,2026-09-24T07:14:15
2882,國泰金,2023-04-13,42.6,-0.3500000000000014,-0.81%,,,,,,,,,ShowDailyK_ChartFlow,FinMind_API_TaiwanStockPrice_2882,True,2026-09-24T07:14:15,2026-09-24T07:14:15,2026-09-24T07:14:15
2882,國泰金,2023-04-14,43.15,0.5499999999999972,1.29%,,,,,,,,,ShowDailyK_ChartFlow,FinMind_API_TaiwanStockPrice_2882,True,2026-09-24T07:14:15,2026-09-24T07:14:15,2026-09-24T07:14:15
2882,國泰金,2023-04-17,43.2,0.05000000000000426,0.12%,,,,,,,,,ShowDailyK_ChartFlow,FinMind_API_TaiwanStockPrice_2882,True,2026-09-24T07:14:15,2026-09-24T07:14:15,2026-09-24T07:14:15
2882,國泰金,2023-04-18,43.1,-0.10000000000000142,-0.23%,,,,,,,,,ShowDailyK_ChartFlow,FinMind_API_TaiwanStockPrice_2882,True,2026-09-24T07:14:15,2026-09-24T07:14:15,2026-09-24T07:14:15
2882,國泰金,2023-04-19,42.75,-0.3500000000000014,-0.81%,,,,,,,,,ShowDailyK_ChartFlow,FinMind_API_TaiwanStockPrice_2882,True,2026-09-24T07:14:15,2026-09-24T07:14:15,2026-09-24T07:14:15
2882,國泰金,2023-04-20,42.95,0.20000000000000284,0.47%,,,,,,,,,ShowDailyK_ChartFlow,FinMind_API_TaiwanStockPrice_2882,True,2026-09-24T07:14:15,2026-09-24T07:14:15,2026-09-24T07:14:15
2882,國泰金,2023-04-21,42.7,-0.25,-0.58%,,,,,,,,,ShowDailyK_ChartFlow,FinMind_API_TaiwanStockPrice_2882,True,2026-09-24T07:14:15,2026-09-24T07:14:15,2026-09-24T07:14:15
2882,國泰金,2023-04-24,42.65,-0.05000000000000426,-0.12%,,,,,,,,,ShowDailyK_ChartFlow,FinMind_API_TaiwanStockPrice_2882,True,2026-09-24T07:14:15,2026-09-24T07:14:15,2026-09-24T07:14:15
2882,國泰金,2023-04-25,42.6,-0.04999999999999716,-0.12%,,,,,,,,,ShowDailyK_ChartFlow,FinMind_API_TaiwanStockPrice_2882,True,2026-09-24T07:14:15,2026-09-24T07:14:15,2026-09-24T07:14:15
2882,國泰金,2023-04-26,42.35,-0.25,-0.59%,,,,,,,,,ShowDailyK_ChartFlow,FinMind_API_TaiwanStockPrice_2882,True,2026-09-24T07:14:15,2026-09-24T07:14:15,2026-09-24T07:14:15
2882,國泰金,2023-04-27,42.25,-0.10000000000000142,-0.24%,,,,,,,,,ShowDailyK_ChartFlow,FinMind_API_TaiwanStockPrice_2882,True,2026-09-24T07:14:15,2026-09-24T07:14:15,2026-09-24T07:14:15
2882,國泰金,2023-04-28,42.45,0.20000000000000284,0.47%,,,,,,,,,ShowDailyK_ChartFlow,FinMind_API_TaiwanStockPrice_2882,True,2026-09-24T07:14:15,2026-09-24T07:14:15,2026-09-24T07:14:15
2882,國泰金,2023-05-02,42.5,0.04999999999999716,0.12%,,,,,,,,,ShowDailyK_ChartFlow,FinMind_API_TaiwanStockPrice_2882,True,2026-09-24T07:14:15,2026-09-24T07:14:15,2026-09-24T07:14:15
2882,國泰金,2023-05-03,42.4,-0.10000000000000142,-0.24%,,,,,,,,,ShowDailyK_ChartFlow,FinMind_API_TaiwanStockPrice_2882,True,2026-09-24T07:14:15,2026-09-24T07:14:15,2026-09-24T07:14:15
2882,國泰金,2023-05-04,42.5,0.10000000000000142,0.24%,,,,,,,,,ShowDailyK_ChartFlow,FinMind_API_TaiwanStockPrice_2882,True,2026-09-24T07:14:15,2026-09-24T07:14:15,2026-09-24T07:14:15
2882,國泰金,2023-05-05,42.65,0.14999999999999858,0.35%,,,,,,,,,ShowDailyK_ChartFlow,FinMind_API_TaiwanStockPrice_2882,True,2026-09-24T07:14:15,2026-09-24T07:14:15,2026-09-24T07:14:15
2882,國泰金,2023-05-08,43.05,0.3999999999999986,0.94%,,,,,,,,,ShowDailyK_ChartFlow,FinMind_API_TaiwanStockPrice_2882,True,2026-09-24T07:14:15,2026-09-24T07:14:15,2026-09-24T07:14:15
2882,國泰金,2023-05-09,43.5,0.45000000000000284,1.05%,,,,,,,,,ShowDailyK_ChartFlow,FinMind_API_TaiwanStockPrice_2882,True,2026-09-24T07:14:15,2026-09-24T07:14:15,2026-09-24T07:14:15
2882,國泰金,2023-05-10,43.05,-0.45000000000000284,-1.03%,,,,,,,,,ShowDailyK_ChartFlow,FinMind_API_TaiwanStockPrice_2882,True,2026-09-24T07:14:15,2026-09-24T07:14:15,2026-09-24T07:14:15
2882,國泰金,2023-05-11,43.7,0.6500000000000057,1.51%,,,,,,,,,ShowDailyK_ChartFlow,FinMind_API_TaiwanStockPrice_2882,True,2026-09-24T07:14:15,2026-09-24T07:14:15,2026-09-24T07:14:15
2882,國泰金,2023-05-12,42.65,-1.0500000000000043,-2.40%,,,,,,,,,ShowDailyK_ChartFlow,FinMind_API_TaiwanStockPrice_2882,True,2026-09-24T07:14:15,2026-09-24T07:14:15,2026-09-24T07:14:15
2882,國泰金,2023-05-15,43.35,0.7000000000000028,1.64%,,,,,,,,,ShowDailyK_ChartFlow,FinMind_API_TaiwanStockPrice_2882,True,2026-09-24T07:14:15,2026-09-24T07:14:15,2026-09-24T07:14:15
2882,國泰金,2023-05-16,43.6,0.25,0.58%,,,,,,,,,ShowDailyK_ChartFlow,FinMind_API_TaiwanStockPrice_2882,True,2026-09-24T07:14:15,2026-09-24T07:14:15,2026-09-24T07:14:15
2882,國泰金,2023-05-17,43.95,0.3500000000000014,0.80%,,,,,,,,,ShowDailyK_ChartFlow,FinMind_API_TaiwanStockPrice_2882,True,2026-09-24T07:14:15,2026-09-24T07:14:15,2026-09-24T07:14:15
2882,國泰金,2023-05-18,44.4,0.44999999999999574,1.02%,,,,,,,,,ShowDailyK_ChartFlow,FinMind_API_TaiwanStockPrice_2882,True,2026-09-24T07:14:15,2026-09-24T07:14:15,2026-09-24T07:14:15
2882,國泰金,2023-05-19,45.15,0.75,1.69%,,,,,,,,,ShowDailyK_ChartFlow,FinMind_API_TaiwanStockPrice_2882,True,2026-09-24T07:14:15,2026-09-24T07:14:15,2026-09-24T07:14:15
2882,國泰金,2023-05-22,45.15,0.0,0.00%,,,,,,,,,ShowDailyK_ChartFlow,FinMind_API_TaiwanStockPrice_2882,True,2026-09-24T07:14:15,2026-09-24T07:14:15,2026-09-24T07:14:15
2882,國泰金,2023-05-23,44.8,-0.3500000000000014,-0.78%,,,,,,,,,ShowDailyK_ChartFlow,FinMind_API_TaiwanStockPrice_2882,True,2026-09-24T07:14:15,2026-09-24T07:14:15,2026-09-24T07:14:15
2882,國泰金,2023-05-24,44.8,0.0,0.00%,,,,,,,,,ShowDailyK_ChartFlow,FinMind_API_TaiwanStockPrice_2882,True,2026-09-24T07:14:15,2026-09-24T07:14:15,2026-09-24T07:14:15
2882,國泰金,2023-05-25,44.05,-0.75,-1.67%,,,,,,,,,ShowDailyK_ChartFlow,FinMind_API_TaiwanStockPrice_2882,True,2026-09-24T07:14:15,2026-09-24T07:14:15,2026-09-24T07:14:15
2882,國泰金,2023-05-26,43.9,-0.14999999999999858,-0.34%,,,,,,,,,ShowDailyK_ChartFlow,FinMind_API_TaiwanStockPrice_2882,True,2026-09-24T07:14:15,2026-09-24T07:14:15,2026-09-24T07:14:15
2882,國泰金,2023-05-29,44.75,0.8500000000000014,1.94%,,,,,,,,,ShowDailyK_ChartFlow,FinMind_API_TaiwanStockPrice_2882,True,2026-09-24T07:14:15,2026-09-24T07:14:15,2026-09-24T07:14:15
2882,國泰金,2023-05-30,44.5,-0.25,-0.56%,,,,,,,,,ShowDailyK_ChartFlow,FinMind_API_TaiwanStockPrice_2882,True,2026-09-24T07:14:15,2026-09-24T07:14:15,2026-09-24T07:14:15
2882,國泰金,2023-05-31,44.3,-0.20000000000000284,-0.45%,,,,,,,,,ShowDailyK_ChartFlow,FinMind_API_TaiwanStockPrice_2882,True,2026-09-24T07:14:15,2026-09-24T07:14:15,2026-09-24T07:14:15
2882,國泰金,2023-06-01,44.0,-0.29999999999999716,-0.68%,,,,,,,,,ShowDailyK_ChartFlow,FinMind_API_TaiwanStockPrice_2882,True,2026-09-24T07:14:15,2026-09-24T07:14:15,2026-09-24T07:14:15
2882,國泰金,2023-06-02,44.45,0.45000000000000284,1.02%,,,,,,,,,ShowDailyK_ChartFlow,FinMind_API_TaiwanStockPrice_2882,True,2026-09-24T07:14:15,2026-09-24T07:14:15,2026-09-24T07:14:15
2882,國泰金,2023-06-05,45.25,0.7999999999999972,1.80%,,,,,,,,,ShowDailyK_ChartFlow,FinMind_API_TaiwanStockPrice_2882,True,2026-09-24T07:14:15,2026-09-24T07:14:15,2026-09-24T07:14:15
2882,國泰金,2023-06-06,45.25,0.0,0.00%,,,,,,,,,ShowDailyK_ChartFlow,FinMind_API_TaiwanStockPrice_2882,True,2026-09-24T07:14:15,2026-09-24T07:14:15,2026-09-24T07:14:15
2882,國泰金,2023-06-07,45.4,0.14999999999999858,0.33%,,,,,,,,,ShowDailyK_ChartFlow,FinMind_API_TaiwanStockPrice_2882,True,2026-09-24T07:14:15,2026-09-24T07:14:15,2026-09-24T07:14:15
2882,國泰金,2023-06-08,44.6,-0.7999999999999972,-1.76%,,,,,,,,,ShowDailyK_ChartFlow,FinMind_API_TaiwanStockPrice_2882,True,2026-09-24T07:14:15,2026-09-24T07:14:15,2026-09-24T07:14:15
2882,國泰金,2023-06-09,44.6,0.0,0.00%,,,,,,,,,ShowDailyK_ChartFlow,FinMind_API_TaiwanStockPrice_2882,True,2026-09-24T07:14:15,2026-09-24T07:14:15,2026-09-24T07:14:15
2882,國泰金,2023-06-12,44.05,-0.5500000000000043,-1.23%,,,,,,,,,ShowDailyK_ChartFlow,FinMind_API_TaiwanStockPrice_2882,True,2026-09-24T07:14:15,2026-09-24T07:14:15,2026-09-24T07:14:15
2882,國泰金,2023-06-13,44.1,0.05000000000000426,0.11%,,,,,,,,,ShowDailyK_ChartFlow,FinMind_API_TaiwanStockPrice_2882,True,2026-09-24T07:14:15,2026-09-24T07:14:15,2026-09-24T07:14:15
2882,國泰金,2023-06-14,44.6,0.5,1.13%,,,,,,,,,ShowDailyK_ChartFlow,FinMind_API_TaiwanStockPrice_2882,True,2026-09-24T07:14:15,2026-09-24T07:14:15,2026-09-24T07:14:15
2882,國泰金,2023-06-15,44.35,-0.25,-0.56%,,,,,,,,,ShowDailyK_ChartFlow,FinMind_API_TaiwanStockPrice_2882,True,2026-09-24T07:14:15,2026-09-24T07:14:15,2026-09-24T07:14:15
2882,國泰金,2023-06-16,43.9,-0.45000000000000284,-1.01%,,,,,,,,,ShowDailyK_ChartFlow,FinMind_API_TaiwanStockPrice_2882,True,2026-09-24T07:14:15,2026-09-24T07:14:15,2026-09-24T07:14:15
2882,國泰金,2023-06-19,43.9,0.0,0.00%,,,,,,,,,ShowDailyK_ChartFlow,FinMind_API_TaiwanStockPrice_2882,True,2026-09-24T07:14:15,2026-09-24T07:14:15,2026-09-24T07:14:15
2882,國泰金,2023-06-20,44.35,0.45000000000000284,1.03%,,,,,,,,,ShowDailyK_ChartFlow,FinMind_API_TaiwanStockPrice_2882,True,2026-09-24T07:14:15,2026-09-24T07:14:15,2026-09-24T07:14:15
2882,國泰金,2023-06-21,44.4,0.04999999999999716,0.11%,,,,,,,,,ShowDailyK_ChartFlow,FinMind_API_TaiwanStockPrice_2882,True,2026-09-24T07:14:15,2026-09-24T07:14:15,2026-09-24T07:14:15
2882,國泰金,2023-06-26,44.05,-0.3500000000000014,-0.79%,,,,,,,,,ShowDailyK_ChartFlow,FinMind_API_TaiwanStockPrice_2882,True,2026-09-24T07:14:15,2026-09-24T07:14:15,2026-09-24T07:14:15
2882,國泰金,2023-06-27,44.15,0.10000000000000142,0.23%,,,,,,,,,ShowDailyK_ChartFlow,FinMind_API_TaiwanStockPrice_2882,True,2026-09-24T07:14:15,2026-09-24T07:14:15,2026-09-24T07:14:15
2882,國泰金,2023-06-28,43.65,-0.5,-1.13%,,,,,,,,,ShowDailyK_ChartFlow,FinMind_API_TaiwanStockPrice_2882,True,2026-09-24T07:14:15,2026-09-24T07:14:15,2026-09-24T07:14:15
2882,國泰金,2023-06-29,43.4,-0.25,-0.57%,,,,,,,,,ShowDailyK_ChartFlow,FinMind_API_TaiwanStockPrice_2882,True,2026-09-24T07:14:15,2026-09-24T07:14:15,2026-09-24T07:14:15
2882,國泰金,2023-06-30,43.15,-0.25,-0.58%,,,,,,,,,ShowDailyK_ChartFlow,FinMind_API_TaiwanStockPrice_2882,True,2026-09-24T07:14:15,2026-09-24T07:14:15,2026-09-24T07:14:15
2882,國泰金,2023-07-03,43.3,0.14999999999999858,0.35%,,,,,,,,,ShowDailyK_ChartFlow,FinMind_API_TaiwanStockPrice_2882,True,2026-09-24T07:14:15,2026-09-24T07:14:15,2026-09-24T07:14:15
2882,國泰金,2023-07-04,43.05,-0.25,-0.58%,,,,,,,,,ShowDailyK_ChartFlow,FinMind_API_TaiwanStockPrice_2882,True,2026-09-24T07:14:15,2026-09-24T07:14:15,2026-09-24T07:14:15
2882,國泰金,2023-07-05,43.2,0.15000000000000568,0.35%,,,,,,,,,ShowDailyK_ChartFlow,FinMind_API_TaiwanStockPrice_2882,True,2026-09-24T07:14:15,2026-09-24T07:14:15,2026-09-24T07:14:15
2882,國泰金,2023-07-06,42.5,-0.7000000000000028,-1.62%,,,,,,,,,ShowDailyK_ChartFlow,FinMind_API_TaiwanStockPrice_2882,True,2026-09-24T07:14:15,2026-09-24T07:14:15,2026-09-24T07:14:15
2882,國泰金,2023-07-07,42.25,-0.25,-0.59%,,,,,,,,,ShowDailyK_ChartFlow,FinMind_API_TaiwanStockPrice_2882,True,2026-09-24T07:14:15,2026-09-24T07:14:15,2026-09-24T07:14:15
2882,國泰金,2023-07-10,42.65,0.3999999999999986,0.95%,,,,,,,,,ShowDailyK_ChartFlow,FinMind_API_TaiwanStockPrice_2882,True,2026-09-24T07:14:15,2026-09-24T07:14:15,2026-09-24T07:14:15
2882,國泰金,2023-07-11,43.6,0.9500000000000028,2.23%,,,,,,,,,ShowDailyK_ChartFlow,FinMind_API_TaiwanStockPrice_2882,True,2026-09-24T07:14:15,2026-09-24T07:14:15,2026-09-24T07:14:15
2882,國泰金,2023-07-12,44.0,0.3999999999999986,0.92%,,,,,,,,,ShowDailyK_ChartFlow,FinMind_API_TaiwanStockPrice_2882,True,2026-09-24T07:14:15,2026-09-24T07:14:15,2026-09-24T07:14:15
2882,國泰金,2023-07-13,43.6,-0.3999999999999986,-0.91%,,,,,,,,,ShowDailyK_ChartFlow,FinMind_API_TaiwanStockPrice_2882,True,2026-09-24T07:14:15,2026-09-24T07:14:15,2026-09-24T07:14:15
2882,國泰金,2023-07-14,44.1,0.5,1.15%,,,,,,,,,ShowDailyK_ChartFlow,FinMind_API_TaiwanStockPrice_2882,True,2026-09-24T07:14:15,2026-09-24T07:14:15,2026-09-24T07:14:15
2882,國泰金,2023-07-17,45.0,0.8999999999999986,2.04%,,,,,,,,,ShowDailyK_ChartFlow,FinMind_API_TaiwanStockPrice_2882,True,2026-09-24T07:14:15,2026-09-24T07:14:15,2026-09-24T07:14:15
2882,國泰金,2023-07-18,45.05,0.04999999999999716,0.11%,,,,,,,,,ShowDailyK_ChartFlow,FinMind_API_TaiwanStockPrice_2882,True,2026-09-24T07:14:15,2026-09-24T07:14:15,2026-09-24T07:14:15
2882,國泰金,2023-07-19,44.5,-0.5499999999999972,-1.22%,,,,,,,,,ShowDailyK_ChartFlow,FinMind_API_TaiwanStockPrice_2882,True,2026-09-24T07:14:15,2026-09-24T07:14:15,2026-09-24T07:14:15
2882,國泰金,2023-07-20,44.75,0.25,0.56%,,,,,,,,,ShowDailyK_ChartFlow,FinMind_API_TaiwanStockPrice_2882,True,2026-09-24T07:14:15,2026-09-24T07:14:15,2026-09-24T07:14:15
2882,國泰金,2023-07-21,44.4,-0.3500000000000014,-0.78%,,,,,,,,,ShowDailyK_ChartFlow,FinMind_API_TaiwanStockPrice_2882,True,2026-09-24T07:14:15,2026-09-24T07:14:15,2026-09-24T07:14:15
2882,國泰金,2023-07-24,44.2,-0.19999999999999574,-0.45%,,,,,,,,,ShowDailyK_ChartFlow,FinMind_API_TaiwanStockPrice_2882,True,2026-09-24T07:14:15,2026-09-24T07:14:15,2026-09-24T07:14:15
2882,國泰金,2023-07-25,44.55,0.3499999999999943,0.79%,,,,,,,,,ShowDailyK_ChartFlow,FinMind_API_TaiwanStockPrice_2882,True,2026-09-24T07:14:15,2026-09-24T07:14:15,2026-09-24T07:14:15
2882,國泰金,2023-07-26,45.35,0.8000000000000043,1.80%,,,,,,,,,ShowDailyK_ChartFlow,FinMind_API_TaiwanStockPrice_2882,True,2026-09-24T07:14:15,2026-09-24T07:14:15,2026-09-24T07:14:15
2882,國泰金,2023-07-27,46.0,0.6499999999999986,1.43%,,,,,,,,,ShowDailyK_ChartFlow,FinMind_API_TaiwanStockPrice_2882,True,2026-09-24T07:14:15,2026-09-24T07:14:15,2026-09-24T07:14:15
2882,國泰金,2023-07-28,45.75,-0.25,-0.54%,,,,,,,,,ShowDailyK_ChartFlow,FinMind_API_TaiwanStockPrice_2882,True,2026-09-24T07:14:15,2026-09-24T07:14:15,2026-09-24T07:14:15
2882,國泰金,2023-07-31,45.75,0.0,0.00%,,,,,,,,,ShowDailyK_ChartFlow,FinMind_API_TaiwanStockPrice_2882,True,2026-09-24T07:14:15,2026-09-24T07:14:15,2026-09-24T07:14:15
2882,國泰金,2023-08-01,47.25,1.5,3.28%,,,,,,,,,ShowDailyK_ChartFlow,FinMind_API_TaiwanStockPrice_2882,True,2026-09-24T07:14:15,2026-09-24T07:14:15,2026-09-24T07:14:15
2882,國泰金,2023-08-02,46.2,-1.0499999999999972,-2.22%,,,,,,,,,ShowDailyK_ChartFlow,FinMind_API_TaiwanStockPrice_2882,True,2026-09-24T07:14:15,2026-09-24T07:14:15,2026-09-24T07:14:15
2882,國泰金,2023-08-04,46.3,0.09999999999999432,0.22%,,,,,,,,,ShowDailyK_ChartFlow,FinMind_API_TaiwanStockPrice_2882,True,2026-09-24T07:14:15,2026-09-24T07:14:15,2026-09-24T07:14:15
2882,國泰金,2023-08-07,46.45,0.15000000000000568,0.32%,,,,,,,,,ShowDailyK_ChartFlow,FinMind_API_TaiwanStockPrice_2882,True,2026-09-24T07:14:15,2026-09-24T07:14:15,2026-09-24T07:14:15
2882,國泰金,2023-08-08,47.05,0.5999999999999943,1.29%,,,,,,,,,ShowDailyK_ChartFlow,FinMind_API_TaiwanStockPrice_2882,True,2026-09-24T07:14:15,2026-09-24T07:14:15,2026-09-24T07:14:15
2882,國泰金,2023-08-09,46.45,-0.5999999999999943,-1.28%,,,,,,,,,ShowDailyK_ChartFlow,FinMind_API_TaiwanStockPrice_2882,True,2026-09-24T07:14:15,2026-09-24T07:14:15,2026-09-24T07:14:15
2882,國泰金,2023-08-10,46.6,0.14999999999999858,0.32%,,,,,,,,,ShowDailyK_ChartFlow,FinMind_API_TaiwanStockPrice_2882,True,2026-09-24T07:14:15,2026-09-24T07:14:15,2026-09-24T07:14:15
2882,國泰金,2023-08-11,46.45,-0.14999999999999858,-0.32%,,,,,,,,,ShowDailyK_ChartFlow,FinMind_API_TaiwanStockPrice_2882,True,2026-09-24T07:14:15,2026-09-24T07:14:15,2026-09-24T07:14:15
2882,國泰金,2023-08-14,45.4,-1.0500000000000043,-2.26%,,,,,,,,,ShowDailyK_ChartFlow,FinMind_API_TaiwanStockPrice_2882,True,2026-09-24T07:14:15,2026-09-24T07:14:15,2026-09-24T07:14:15
2882,國泰金,2023-08-15,45.4,0.0,0.00%,,,,,,,,,ShowDailyK_ChartFlow,FinMind_API_TaiwanStockPrice_2882,True,2026-09-24T07:14:15,2026-09-24T07:14:15,2026-09-24T07:14:15
2882,國泰金,2023-08-16,45.1,-0.29999999999999716,-0.66%,,,,,,,,,ShowDailyK_ChartFlow,FinMind_API_TaiwanStockPrice_2882,True,2026-09-24T07:14:15,2026-09-24T07:14:15,2026-09-24T07:14:15
2882,國泰金,2023-08-17,45.3,0.19999999999999574,0.44%,,,,,,,,,ShowDailyK_ChartFlow,FinMind_API_TaiwanStockPrice_2882,True,2026-09-24T07:14:15,2026-09-24T07:14:15,2026-09-24T07:14:15
2882,國泰金,2023-08-18,45.2,-0.09999999999999432,-0.22%,,,,,,,,,ShowDailyK_ChartFlow,FinMind_API_TaiwanStockPrice_2882,True,2026-09-24T07:14:15,2026-09-24T07:14:15,2026-09-24T07:14:15
2882,國泰金,2023-08-21,45.4,0.19999999999999574,0.44%,,,,,,,,,ShowDailyK_ChartFlow,FinMind_API_TaiwanStockPrice_2882,True,2026-09-24T07:14:15,2026-09-24T07:14:15,2026-09-24T07:14:15
2882,國泰金,2023-08-22,45.0,-0.3999999999999986,-0.88%,,,,,,,,,ShowDailyK_ChartFlow,FinMind_API_TaiwanStockPrice_2882,True,2026-09-24T07:14:15,2026-09-24T07:14:15,2026-09-24T07:14:15
2882,國泰金,2023-08-23,44.7,-0.29999999999999716,-0.67%,,,,,,,,,ShowDailyK_ChartFlow,FinMind_API_TaiwanStockPrice_2882,True,2026-09-24T07:14:15,2026-09-24T07:14:15,2026-09-24T07:14:15
2882,國泰金,2023-08-24,44.65,-0.05000000000000426,-0.11%,,,,,,,,,ShowDailyK_ChartFlow,FinMind_API_TaiwanStockPrice_2882,True,2026-09-24T07:14:15,2026-09-24T07:14:15,2026-09-24T07:14:15
2882,國泰金,2023-08-25,44.5,-0.14999999999999858,-0.34%,,,,,,,,,ShowDailyK_ChartFlow,FinMind_API_TaiwanStockPrice_2882,True,2026-09-24T07:14:15,2026-09-24T07:14:15,2026-09-24T07:14:15
2882,國泰金,2023-08-28,45.4,0.8999999999999986,2.02%,,,,,,,,,ShowDailyK_ChartFlow,FinMind_API_TaiwanStockPrice_2882,True,2026-09-24T07:14:15,2026-09-24T07:14:15,2026-09-24T07:14:15
2882,國泰金,2023-08-29,46.05,0.6499999999999986,1.43%,,,,,,,,,ShowDailyK_ChartFlow,FinMind_API_TaiwanStockPrice_2882,True,2026-09-24T07:14:15,2026-09-24T07:14:15,2026-09-24T07:14:15
2882,國泰金,2023-08-30,46.1,0.05000000000000426,0.11%,,,,,,,,,ShowDailyK_ChartFlow,FinMind_API_TaiwanStockPrice_2882,True,2026-09-24T07:14:15,2026-09-24T07:14:15,2026-09-24T07:14:15
2882,國泰金,2023-08-31,45.6,-0.5,-1.08%,,,,,,,,,ShowDailyK_ChartFlow,FinMind_API_TaiwanStockPrice_2882,True,2026-09-24T07:14:15,2026-09-24T07:14:15,2026-09-24T07:14:15
2882,國泰金,2023-09-01,46.6,1.0,2.19%,,,,,,,,,ShowDailyK_ChartFlow,FinMind_API_TaiwanStockPrice_2882,True,2026-09-24T07:14:15,2026-09-24T07:14:15,2026-09-24T07:14:15
2882,國泰金,2023-09-04,46.65,0.04999999999999716,0.11%,,,,,,,,,ShowDailyK_ChartFlow,FinMind_API_TaiwanStockPrice_2882,True,2026-09-24T07:14:15,2026-09-24T07:14:15,2026-09-24T07:14:15
2882,國泰金,2023-09-05,46.45,-0.19999999999999574,-0.43%,,,,,,,,,ShowDailyK_ChartFlow,FinMind_API_TaiwanStockPrice_2882,True,2026-09-24T07:14:15,2026-09-24T07:14:15,2026-09-24T07:14:15
2882,國泰金,2023-09-06,45.8,-0.6500000000000057,-1.40%,,,,,,,,,ShowDailyK_ChartFlow,FinMind_API_TaiwanStockPrice_2882,True,2026-09-24T07:14:15,2026-09-24T07:14:15,2026-09-24T07:14:15
2882,國泰金,2023-09-07,45.7,-0.09999999999999432,-0.22%,,,,,,,,,ShowDailyK_ChartFlow,FinMind_API_TaiwanStockPrice_2882,True,2026-09-24T07:14:15,2026-09-24T07:14:15,2026-09-24T07:14:15
2882,國泰金,2023-09-08,46.3,0.5999999999999943,1.31%,,,,,,,,,ShowDailyK_ChartFlow,FinMind_API_TaiwanStockPrice_2882,True,2026-09-24T07:14:15,2026-09-24T07:14:15,2026-09-24T07:14:15
2882,國泰金,2023-09-11,46.55,0.25,0.54%,,,,,,,,,ShowDailyK_ChartFlow,FinMind_API_TaiwanStockPrice_2882,True,2026-09-24T07:14:15,2026-09-24T07:14:15,2026-09-24T07:14:15
2882,國泰金,2023-09-12,46.65,0.10000000000000142,0.21%,,,,,,,,,ShowDailyK_ChartFlow,FinMind_API_TaiwanStockPrice_2882,True,2026-09-24T07:14:15,2026-09-24T07:14:15,2026-09-24T07:14:15
2882,國泰金,2023-09-13,46.75,0.10000000000000142,0.21%,,,,,,,,,ShowDailyK_ChartFlow,FinMind_API_TaiwanStockPrice_2882,True,2026-09-24T07:14:15,2026-09-24T07:14:15,2026-09-24T07:14:15
2882,國泰金,2023-09-14,46.9,0.14999999999999858,0.32%,,,,,,,,,ShowDailyK_ChartFlow,FinMind_API_TaiwanStockPrice_2882,True,2026-09-24T07:14:15,2026-09-24T07:14:15,2026-09-24T07:14:15
2882,國泰金,2023-09-15,46.65,-0.25,-0.53%,,,,,,,,,ShowDailyK_ChartFlow,FinMind_API_TaiwanStockPrice_2882,True,2026-09-24T07:14:15,2026-09-24T07:14:15,2026-09-24T07:14:15
2882,國泰金,2023-09-18,46.4,-0.25,-0.54%,,,,,,,,,ShowDailyK_ChartFlow,FinMind_API_TaiwanStockPrice_2882,True,2026-09-24T07:14:15,2026-09-24T07:14:15,2026-09-24T07:14:15
2882,國泰金,2023-09-19,46.35,-0.04999999999999716,-0.11%,,,,,,,,,ShowDailyK_ChartFlow,FinMind_API_TaiwanStockPrice_2882,True,2026-09-24T07:14:15,2026-09-24T07:14:15,2026-09-24T07:14:15
2882,國泰金,2023-09-20,45.7,-0.6499999999999986,-1.40%,,,,,,,,,ShowDailyK_ChartFlow,FinMind_API_TaiwanStockPrice_2882,True,2026-09-24T07:14:15,2026-09-24T07:14:15,2026-09-24T07:14:15
2882,國泰金,2023-09-21,44.9,-0.8000000000000043,-1.75%,,,,,,,,,ShowDailyK_ChartFlow,FinMind_API_TaiwanStockPrice_2882,True,2026-09-24T07:14:15,2026-09-24T07:14:15,2026-09-24T07:14:15
2882,國泰金,2023-09-22,44.7,-0.19999999999999574,-0.45%,,,,,,,,,ShowDailyK_ChartFlow,FinMind_API_TaiwanStockPrice_2882,True,2026-09-24T07:14:15,2026-09-24T07:14:15,2026-09-24T07:14:15
2882,國泰金,2023-09-25,44.85,0.14999999999999858,0.34%,,,,,,,,,ShowDailyK_ChartFlow,FinMind_API_TaiwanStockPrice_2882,True,2026-09-24T07:14:15,2026-09-24T07:14:15,2026-09-24T07:14:15
2882,國泰金,2023-09-26,44.45,-0.3999999999999986,-0.89%,,,,,,,,,ShowDailyK_ChartFlow,FinMind_API_TaiwanStockPrice_2882,True,2026-09-24T07:14:15,2026-09-24T07:14:15,2026-09-24T07:14:15
2882,國泰金,2023-09-27,44.6,0.14999999999999858,0.34%,,,,,,,,,ShowDailyK_ChartFlow,FinMind_API_TaiwanStockPrice_2882,True,2026-09-24T07:14:15,2026-09-24T07:14:15,2026-09-24T07:14:15
2882,國泰金,2023-09-28,44.55,-0.05000000000000426,-0.11%,,,,,,,,,ShowDailyK_ChartFlow,FinMind_API_TaiwanStockPrice_2882,True,2026-09-24T07:14:15,2026-09-24T07:14:15,2026-09-24T07:14:15
2882,國泰金,2023-10-02,44.5,-0.04999999999999716,-0.11%,,,,,,,,,ShowDailyK_ChartFlow,FinMind_API_TaiwanStockPrice_2882,True,2026-09-24T07:14:15,2026-09-24T07:14:15,2026-09-24T07:14:15
2882,國泰金,2023-10-03,44.0,-0.5,-1.12%,,,,,,,,,ShowDailyK_ChartFlow,FinMind_API_TaiwanStockPrice_2882,True,2026-09-24T07:14:15,2026-09-24T07:14:15,2026-09-24T07:14:15
2882,國泰金,2023-10-04,43.55,-0.45000000000000284,-1.02%,,,,,,,,,ShowDailyK_ChartFlow,FinMind_API_TaiwanStockPrice_2882,True,2026-09-24T07:14:15,2026-09-24T07:14:15,2026-09-24T07:14:15
2882,國泰金,2023-10-05,44.05,0.5,1.15%,,,,,,,,,ShowDailyK_ChartFlow,FinMind_API_TaiwanStockPrice_2882,True,2026-09-24T07:14:15,2026-09-24T07:14:15,2026-09-24T07:14:15
2882,國泰金,2023-10-06,44.55,0.5,1.14%,,,,,,,,,ShowDailyK_ChartFlow,FinMind_API_TaiwanStockPrice_2882,True,2026-09-24T07:14:15,2026-09-24T07:14:15,2026-09-24T07:14:15
2882,國泰金,2023-10-11,45.95,1.4000000000000057,3.14%,,,,,,,,,ShowDailyK_ChartFlow,FinMind_API_TaiwanStockPrice_2882,True,2026-09-24T07:14:15,2026-09-24T07:14:15,2026-09-24T07:14:15
2882,國泰金,2023-10-12,46.15,0.19999999999999574,0.44%,,,,,,,,,ShowDailyK_ChartFlow,FinMind_API_TaiwanStockPrice_2882,True,2026-09-24T07:14:15,2026-09-24T07:14:15,2026-09-24T07:14:15
2882,國泰金,2023-10-13,45.3,-0.8500000000000014,-1.84%,,,,,,,,,ShowDailyK_ChartFlow,FinMind_API_TaiwanStockPrice_2882,True,2026-09-24T07:14:15,2026-09-24T07:14:15,2026-09-24T07:14:15
2882,國泰金,2023-10-16,45.5,0.20000000000000284,0.44%,,,,,,,,,ShowDailyK_ChartFlow,FinMind_API_TaiwanStockPrice_2882,True,2026-09-24T07:14:15,2026-09-24T07:14:15,2026-09-24T07:14:15
2882,國泰金,2023-10-17,45.25,-0.25,-0.55%,,,,,,,,,ShowDailyK_ChartFlow,FinMind_API_TaiwanStockPrice_2882,True,2026-09-24T07:14:15,2026-09-24T07:14:15,2026-09-24T07:14:15
2882,國泰金,2023-10-18,45.6,0.3500000000000014,0.77%,,,,,,,,,ShowDailyK_ChartFlow,FinMind_API_TaiwanStockPrice_2882,True,2026-09-24T07:14:15,2026-09-24T07:14:15,2026-09-24T07:14:15
2882,國泰金,2023-10-19,45.1,-0.5,-1.10%,,,,,,,,,ShowDailyK_ChartFlow,FinMind_API_TaiwanStockPrice_2882,True,2026-09-24T07:14:15,2026-09-24T07:14:15,2026-09-24T07:14:15
2882,國泰金,2023-10-20,44.7,-0.3999999999999986,-0.89%,,,,,,,,,ShowDailyK_ChartFlow,FinMind_API_TaiwanStockPrice_2882,True,2026-09-24T07:14:15,2026-09-24T07:14:15,2026-09-24T07:14:15
2882,國泰金,2023-10-23,44.1,-0.6000000000000014,-1.34%,,,,,,,,,ShowDailyK_ChartFlow,FinMind_API_TaiwanStockPrice_2882,True,2026-09-24T07:14:15,2026-09-24T07:14:15,2026-09-24T07:14:15
2882,國泰金,2023-10-24,44.15,0.04999999999999716,0.11%,,,,,,,,,ShowDailyK_ChartFlow,FinMind_API_TaiwanStockPrice_2882,True,2026-09-24T07:14:15,2026-09-24T07:14:15,2026-09-24T07:14:15
2882,國泰金,2023-10-25,44.15,0.0,0.00%,,,,,,,,,ShowDailyK_ChartFlow,FinMind_API_TaiwanStockPrice_2882,True,2026-09-24T07:14:15,2026-09-24T07:14:15,2026-09-24T07:14:15
2882,國泰金,2023-10-26,43.85,-0.29999999999999716,-0.68%,,,,,,,,,ShowDailyK_ChartFlow,FinMind_API_TaiwanStockPrice_2882,True,2026-09-24T07:14:15,2026-09-24T07:14:15,2026-09-24T07:14:15
2882,國泰金,2023-10-27,44.2,0.3500000000000014,0.80%,,,,,,,,,ShowDailyK_ChartFlow,FinMind_API_TaiwanStockPrice_2882,True,2026-09-24T07:14:15,2026-09-24T07:14:15,2026-09-24T07:14:15
2882,國泰金,2023-10-30,43.95,-0.25,-0.57%,,,,,,,,,ShowDailyK_ChartFlow,FinMind_API_TaiwanStockPrice_2882,True,2026-09-24T07:14:15,2026-09-24T07:14:15,2026-09-24T07:14:15
2882,國泰金,2023-10-31,43.9,-0.05000000000000426,-0.11%,,,,,,,,,ShowDailyK_ChartFlow,FinMind_API_TaiwanStockPrice_2882,True,2026-09-24T07:14:15,2026-09-24T07:14:15,2026-09-24T07:14:15
2882,國泰金,2023-11-01,44.3,0.3999999999999986,0.91%,,,,,,,,,ShowDailyK_ChartFlow,FinMind_API_TaiwanStockPrice_2882,True,2026-09-24T07:14:15,2026-09-24T07:14:15,2026-09-24T07:14:15
2882,國泰金,2023-11-02,44.85,0.5500000000000043,1.24%,,,,,,,,,ShowDailyK_ChartFlow,FinMind_API_TaiwanStockPrice_2882,True,2026-09-24T07:14:15,2026-09-24T07:14:15,2026-09-24T07:14:15
2882,國泰金,2023-11-03,45.35,0.5,1.11%,,,,,,,,,ShowDailyK_ChartFlow,FinMind_API_TaiwanStockPrice_2882,True,2026-09-24T07:14:15,2026-09-24T07:14:15,2026-09-24T07:14:15
2882,國泰金,2023-11-06,45.35,0.0,0.00%,,,,,,,,,ShowDailyK_ChartFlow,FinMind_API_TaiwanStockPrice_2882,True,2026-09-24T07:14:15,2026-09-24T07:14:15,2026-09-24T07:14:15
2882,國泰金,2023-11-07,45.2,-0.14999999999999858,-0.33%,,,,,,,,,ShowDailyK_ChartFlow,FinMind_API_TaiwanStockPrice_2882,True,2026-09-24T07:14:15,2026-09-24T07:14:15,2026-09-24T07:14:15
2882,國泰金,2023-11-08,45.05,-0.15000000000000568,-0.33%,,,,,,,,,ShowDailyK_ChartFlow,FinMind_API_TaiwanStockPrice_2882,True,2026-09-24T07:14:15,2026-09-24T07:14:15,2026-09-24T07:14:15
2882,國泰金,2023-11-09,45.15,0.10000000000000142,0.22%,,,,,,,,,ShowDailyK_ChartFlow,FinMind_API_TaiwanStockPrice_2882,True,2026-09-24T07:14:15,2026-09-24T07:14:15,2026-09-24T07:14:15
2882,國泰金,2023-11-10,44.95,-0.19999999999999574,-0.44%,,,,,,,,,ShowDailyK_ChartFlow,FinMind_API_TaiwanStockPrice_2882,True,2026-09-24T07:14:15,2026-09-24T07:14:15,2026-09-24T07:14:15
2882,國泰金,2023-11-13,45.25,0.29999999999999716,0.67%,,,,,,,,,ShowDailyK_ChartFlow,FinMind_API_TaiwanStockPrice_2882,True,2026-09-24T07:14:15,2026-09-24T07:14:15,2026-09-24T07:14:15
2882,國泰金,2023-11-14,45.45,0.20000000000000284,0.44%,,,,,,,,,ShowDailyK_ChartFlow,FinMind_API_TaiwanStockPrice_2882,True,2026-09-24T07:14:15,2026-09-24T07:14:15,2026-09-24T07:14:15
2882,國泰金,2023-11-15,45.75,0.29999999999999716,0.66%,,,,,,,,,ShowDailyK_ChartFlow,FinMind_API_TaiwanStockPrice_2882,True,2026-09-24T07:14:15,2026-09-24T07:14:15,2026-09-24T07:14:15
2882,國泰金,2023-11-16,45.65,-0.10000000000000142,-0.22%,,,,,,,,,ShowDailyK_ChartFlow,FinMind_API_TaiwanStockPrice_2882,True,2026-09-24T07:14:15,2026-09-24T07:14:15,2026-09-24T07:14:15
2882,國泰金,2023-11-17,45.8,0.14999999999999858,0.33%,,,,,,,,,ShowDailyK_ChartFlow,FinMind_API_TaiwanStockPrice_2882,True,2026-09-24T07:14:15,2026-09-24T07:14:15,2026-09-24T07:14:15
2882,國泰金,2023-11-20,45.7,-0.09999999999999432,-0.22%,,,,,,,,,ShowDailyK_ChartFlow,FinMind_API_TaiwanStockPrice_2882,True,2026-09-24T07:14:15,2026-09-24T07:14:15,2026-09-24T07:14:15
2882,國泰金,2023-11-21,46.15,0.44999999999999574,0.98%,,,,,,,,,ShowDailyK_ChartFlow,FinMind_API_TaiwanStockPrice_2882,True,2026-09-24T07:14:15,2026-09-24T07:14:15,2026-09-24T07:14:15
2882,國泰金,2023-11-22,46.3,0.14999999999999858,0.33%,,,,,,,,,ShowDailyK_ChartFlow,FinMind_API_TaiwanStockPrice_2882,True,2026-09-24T07:14:15,2026-09-24T07:14:15,2026-09-24T07:14:15
2882,國泰金,2023-11-23,46.3,0.0,0.00%,,,,,,,,,ShowDailyK_ChartFlow,FinMind_API_TaiwanStockPrice_2882,True,2026-09-24T07:14:15,2026-09-24T07:14:15,2026-09-24T07:14:15
2882,國泰金,2023-11-24,46.3,0.0,0.00%,,,,,,,,,ShowDailyK_ChartFlow,FinMind_API_TaiwanStockPrice_2882,True,2026-09-24T07:14:15,2026-09-24T07:14:15,2026-09-24T07:14:15
2882,國泰金,2023-11-27,45.75,-0.5499999999999972,-1.19%,,,,,,,,,ShowDailyK_ChartFlow,FinMind_API_TaiwanStockPrice_2882,True,2026-09-24T07:14:15,2026-09-24T07:14:15,2026-09-24T07:14:15
2882,國泰金,2023-11-28,46.0,0.25,0.55%,,,,,,,,,ShowDailyK_ChartFlow,FinMind_API_TaiwanStockPrice_2882,True,2026-09-24T07:14:15,2026-09-24T07:14:15,2026-09-24T07:14:15
2882,國泰金,2023-11-29,45.75,-0.25,-0.54%,,,,,,,,,ShowDailyK_ChartFlow,FinMind_API_TaiwanStockPrice_2882,True,2026-09-24T07:14:15,2026-09-24T07:14:15,2026-09-24T07:14:15
2882,國泰金,2023-11-30,46.5,0.75,1.64%,,,,,,,,,ShowDailyK_ChartFlow,FinMind_API_TaiwanStockPrice_2882,True,2026-09-24T07:14:15,2026-09-24T07:14:15,2026-09-24T07:14:15
2882,國泰金,2023-12-01,46.05,-0.45000000000000284,-0.97%,,,,,,,,,ShowDailyK_ChartFlow,FinMind_API_TaiwanStockPrice_2882,True,2026-09-24T07:14:15,2026-09-24T07:14:15,2026-09-24T07:14:15
2882,國泰金,2023-12-04,46.25,0.20000000000000284,0.43%,,,,,,,,,ShowDailyK_ChartFlow,FinMind_API_TaiwanStockPrice_2882,True,2026-09-24T07:14:15,2026-09-24T07:14:15,2026-09-24T07:14:15
2882,國泰金,2023-12-05,45.55,-0.7000000000000028,-1.51%,,,,,,,,,ShowDailyK_ChartFlow,FinMind_API_TaiwanStockPrice_2882,True,2026-09-24T07:14:15,2026-09-24T07:14:15,2026-09-24T07:14:15
2882,國泰金,2023-12-06,45.45,-0.09999999999999432,-0.22%,,,,,,,,,ShowDailyK_ChartFlow,FinMind_API_TaiwanStockPrice_2882,True,2026-09-24T07:14:15,2026-09-24T07:14:15,2026-09-24T07:14:15
2882,國泰金,2023-12-07,45.0,-0.45000000000000284,-0.99%,,,,,,,,,ShowDailyK_ChartFlow,FinMind_API_TaiwanStockPrice_2882,True,2026-09-24T07:14:15,2026-09-24T07:14:15,2026-09-24T07:14:15
2882,國泰金,2023-12-08,44.85,-0.14999999999999858,-0.33%,,,,,,,,,ShowDailyK_ChartFlow,FinMind_API_TaiwanStockPrice_2882,True,2026-09-24T07:14:15,2026-09-24T07:14:15,2026-09-24T07:14:15
2882,國泰金,2023-12-11,44.85,0.0,0.00%,,,,,,,,,ShowDailyK_ChartFlow,FinMind_API_TaiwanStockPrice_2882,True,2026-09-24T07:14:15,2026-09-24T07:14:15,2026-09-24T07:14:15
2882,國泰金,2023-12-12,44.75,-0.10000000000000142,-0.22%,,,,,,,,,ShowDailyK_ChartFlow,FinMind_API_TaiwanStockPrice_2882,True,2026-09-24T07:14:15,2026-09-24T07:14:15,2026-09-24T07:14:15
2882,國泰金,2023-12-13,44.7,-0.04999999999999716,-0.11%,,,,,,,,,ShowDailyK_ChartFlow,FinMind_API_TaiwanStockPrice_2882,True,2026-09-24T07:14:15,2026-09-24T07:14:15,2026-09-24T07:14:15
2882,國泰金,2023-12-14,45.9,1.1999999999999957,2.68%,,,,,,,,,ShowDailyK_ChartFlow,FinMind_API_TaiwanStockPrice_2882,True,2026-09-24T07:14:15,2026-09-24T07:14:15,2026-09-24T07:14:15
2882,國泰金,2023-12-15,45.85,-0.04999999999999716,-0.11%,,,,,,,,,ShowDailyK_ChartFlow,FinMind_API_TaiwanStockPrice_2882,True,2026-09-24T07:14:15,2026-09-24T07:14:15,2026-09-24T07:14:15
2882,國泰金,2023-12-18,45.5,-0.3500000000000014,-0.76%,,,,,,,,,ShowDailyK_ChartFlow,FinMind_API_TaiwanStockPrice_2882,True,2026-09-24T07:14:15,2026-09-24T07:14:15,2026-09-24T07:14:15
2882,國泰金,2023-12-19,44.9,-0.6000000000000014,-1.32%,,,,,,,,,ShowDailyK_ChartFlow,FinMind_API_TaiwanStockPrice_2882,True,2026-09-24T07:14:15,2026-09-24T07:14:15,2026-09-24T07:14:15
2882,國泰金,2023-12-20,44.85,-0.04999999999999716,-0.11%,,,,,,,,,ShowDailyK_ChartFlow,FinMind_API_TaiwanStockPrice_2882,True,2026-09-24T07:14:15,2026-09-24T07:14:15,2026-09-24T07:14:15
2882,國泰金,2023-12-21,44.7,-0.14999999999999858,-0.33%,,,,,,,,,ShowDailyK_ChartFlow,FinMind_API_TaiwanStockPrice_2882,True,2026-09-24T07:14:15,2026-09-24T07:14:15,2026-09-24T07:14:15
2882,國泰金,2023-12-22,44.65,-0.05000000000000426,-0.11%,,,,,,,,,ShowDailyK_ChartFlow,FinMind_API_TaiwanStockPrice_2882,True,2026-09-24T07:14:15,2026-09-24T07:14:15,2026-09-24T07:14:15
2882,國泰金,2023-12-25,44.85,0.20000000000000284,0.45%,,,,,,,,,ShowDailyK_ChartFlow,FinMind_API_TaiwanStockPrice_2882,True,2026-09-24T07:14:15,2026-09-24T07:14:15,2026-09-24T07:14:15
2882,國泰金,2023-12-26,45.2,0.3500000000000014,0.78%,,,,,,,,,ShowDailyK_ChartFlow,FinMind_API_TaiwanStockPrice_2882,True,2026-09-24T07:14:15,2026-09-24T07:14:15,2026-09-24T07:14:15
2882,國泰金,2023-12-27,45.45,0.25,0.55%,,,,,,,,,ShowDailyK_ChartFlow,FinMind_API_TaiwanStockPrice_2882,True,2026-09-24T07:14:15,2026-09-24T07:14:15,2026-09-24T07:14:15
2882,國泰金,2023-12-28,45.8,0.3499999999999943,0.77%,,,,,,,,,ShowDailyK_ChartFlow,FinMind_API_TaiwanStockPrice_2882,True,2026-09-24T07:14:15,2026-09-24T07:14:15,2026-09-24T07:14:15
2882,國泰金,2023-12-29,45.75,-0.04999999999999716,-0.11%,,,,,,,,,ShowDailyK_ChartFlow,FinMind_API_TaiwanStockPrice_2882,True,2026-09-24T07:14:15,2026-09-24T07:14:15,2026-09-24T07:14:15
2882,國泰金,2024-01-02,45.5,-0.25,-0.55%,,,,,,,,,ShowDailyK_ChartFlow,FinMind_API_TaiwanStockPrice_2882,True,2026-09-24T07:14:15,2026-09-24T07:14:15,2026-09-24T07:14:15
2882,國泰金,2024-01-03,44.95,-0.5499999999999972,-1.21%,,,,,,,,,ShowDailyK_ChartFlow,FinMind_API_TaiwanStockPrice_2882,True,2026-09-24T07:14:15,2026-09-24T07:14:15,2026-09-24T07:14:15
2882,國泰金,2024-01-04,44.7,-0.25,-0.56%,,,,,,,,,ShowDailyK_ChartFlow,FinMind_API_TaiwanStockPrice_2882,True,2026-09-24T07:14:15,2026-09-24T07:14:15,2026-09-24T07:14:15
2882,國泰金,2024-01-05,44.85,0.14999999999999858,0.34%,,,,,,,,,ShowDailyK_ChartFlow,FinMind_API_TaiwanStockPrice_2882,True,2026-09-24T07:14:15,2026-09-24T07:14:15,2026-09-24T07:14:15
2882,國泰金,2024-01-08,45.1,0.25,0.56%,,,,,,,,,ShowDailyK_ChartFlow,FinMind_API_TaiwanStockPrice_2882,True,2026-09-24T07:14:15,2026-09-24T07:14:15,2026-09-24T07:14:15
2882,國泰金,2024-01-09,44.75,-0.3500000000000014,-0.78%,,,,,,,,,ShowDailyK_ChartFlow,FinMind_API_TaiwanStockPrice_2882,True,2026-09-24T07:14:15,2026-09-24T07:14:15,2026-09-24T07:14:15
2882,國泰金,2024-01-10,44.7,-0.04999999999999716,-0.11%,,,,,,,,,ShowDailyK_ChartFlow,FinMind_API_TaiwanStockPrice_2882,True,2026-09-24T07:14:15,2026-09-24T07:14:15,2026-09-24T07:14:15
2882,國泰金,2024-01-11,44.6,-0.10000000000000142,-0.22%,,,,,,,,,ShowDailyK_ChartFlow,FinMind_API_TaiwanStockPrice_2882,True,2026-09-24T07:14:15,2026-09-24T07:14:15,2026-09-24T07:14:15
2882,國泰金,2024-01-12,44.5,-0.10000000000000142,-0.22%,,,,,,,,,ShowDailyK_ChartFlow,FinMind_API_TaiwanStockPrice_2882,True,2026-09-24T07:14:15,2026-09-24T07:14:15,2026-09-24T07:14:15
2882,國泰金,2024-01-15,44.45,-0.04999999999999716,-0.11%,,,,,,,,,ShowDailyK_ChartFlow,FinMind_API_TaiwanStockPrice_2882,True,2026-09-24T07:14:15,2026-09-24T07:14:15,2026-09-24T07:14:15
2882,國泰金,2024-01-16,44.0,-0.45000000000000284,-1.01%,,,,,,,,,ShowDailyK_ChartFlow,FinMind_API_TaiwanStockPrice_2882,True,2026-09-24T07:14:15,2026-09-24T07:14:15,2026-09-24T07:14:15
2882,國泰金,2024-01-17,43.3,-0.7000000000000028,-1.59%,,,,,,,,,ShowDailyK_ChartFlow,FinMind_API_TaiwanStockPrice_2882,True,2026-09-24T07:14:15,2026-09-24T07:14:15,2026-09-24T07:14:15
2882,國泰金,2024-01-18,43.3,0.0,0.00%,,,,,,,,,ShowDailyK_ChartFlow,FinMind_API_TaiwanStockPrice_2882,True,2026-09-24T07:14:15,2026-09-24T07:14:15,2026-09-24T07:14:15
2882,國泰金,2024-01-19,43.8,0.5,1.15%,,,,,,,,,ShowDailyK_ChartFlow,FinMind_API_TaiwanStockPrice_2882,True,2026-09-24T07:14:15,2026-09-24T07:14:15,2026-09-24T07:14:15
2882,國泰金,2024-01-22,43.85,0.05000000000000426,0.11%,,,,,,,,,ShowDailyK_ChartFlow,FinMind_API_TaiwanStockPrice_2882,True,2026-09-24T07:14:15,2026-09-24T07:14:15,2026-09-24T07:14:15
2882,國泰金,2024-01-23,44.2,0.3500000000000014,0.80%,,,,,,,,,ShowDailyK_ChartFlow,FinMind_API_TaiwanStockPrice_2882,True,2026-09-24T07:14:15,2026-09-24T07:14:15,2026-09-24T07:14:15
2882,國泰金,2024-01-24,44.2,0.0,0.00%,,,,,,,,,ShowDailyK_ChartFlow,FinMind_API_TaiwanStockPrice_2882,True,2026-09-24T07:14:15,2026-09-24T07:14:15,2026-09-24T07:14:15
2882,國泰金,2024-01-25,44.35,0.14999999999999858,0.34%,,,,,,,,,ShowDailyK_ChartFlow,FinMind_API_TaiwanStockPrice_2882,True,2026-09-24T07:14:15,2026-09-24T07:14:15,2026-09-24T07:14:15
2882,國泰金,2024-01-26,44.5,0.14999999999999858,0.34%,,,,,,,,,ShowDailyK_ChartFlow,FinMind_API_TaiwanStockPrice_2882,True,2026-09-24T07:14:15,2026-09-24T07:14:15,2026-09-24T07:14:15
2882,國泰金,2024-01-29,44.4,-0.10000000000000142,-0.22%,,,,,,,,,ShowDailyK_ChartFlow,FinMind_API_TaiwanStockPrice_2882,True,2026-09-24T07:14:15,2026-09-24T07:14:15,2026-09-24T07:14:15
2882,國泰金,2024-01-30,43.9,-0.5,-1.13%,,,,,,,,,ShowDailyK_ChartFlow,FinMind_API_TaiwanStockPrice_2882,True,2026-09-24T07:14:15,2026-09-24T07:14:15,2026-09-24T07:14:15
2882,國泰金,2024-01-31,44.15,0.25,0.57%,,,,,,,,,ShowDailyK_ChartFlow,FinMind_API_TaiwanStockPrice_2882,True,2026-09-24T07:14:15,2026-09-24T07:14:15,2026-09-24T07:14:15
2882,國泰金,2024-02-01,44.45,0.30000000000000426,0.68%,,,,,,,,,ShowDailyK_ChartFlow,FinMind_API_TaiwanStockPrice_2882,True,2026-09-24T07:14:15,2026-09-24T07:14:15,2026-09-24T07:14:15
2882,國泰金,2024-02-02,44.1,-0.3500000000000014,-0.79%,,,,,,,,,ShowDailyK_ChartFlow,FinMind_API_TaiwanStockPrice_2882,True,2026-09-24T07:14:15,2026-09-24T07:14:15,2026-09-24T07:14:15
2882,國泰金,2024-02-05,43.9,-0.20000000000000284,-0.45%,,,,,,,,,ShowDailyK_ChartFlow,FinMind_API_TaiwanStockPrice_2882,True,2026-09-24T07:14:15,2026-09-24T07:14:15,2026-09-24T07:14:15
2882,國泰金,2024-02-15,44.05,0.14999999999999858,0.34%,,,,,,,,,ShowDailyK_ChartFlow,FinMind_API_TaiwanStockPrice_2882,True,2026-09-24T07:14:15,2026-09-24T07:14:15,2026-09-24T07:14:15
2882,國泰金,2024-02-16,44.55,0.5,1.14%,,,,,,,,,ShowDailyK_ChartFlow,FinMind_API_TaiwanStockPrice_2882,True,2026-09-24T07:14:15,2026-09-24T07:14:15,2026-09-24T07:14:15
2882,國泰金,2024-02-19,45.0,0.45000000000000284,1.01%,,,,,,,,,ShowDailyK_ChartFlow,FinMind_API_TaiwanStockPrice_2882,True,2026-09-24T07:14:15,2026-09-24T07:14:15,2026-09-24T07:14:15
2882,國泰金,2024-02-20,45.1,0.10000000000000142,0.22%,,,,,,,,,ShowDailyK_ChartFlow,FinMind_API_TaiwanStockPrice_2882,True,2026-09-24T07:14:15,2026-09-24T07:14:15,2026-09-24T07:14:15
2882,國泰金,2024-02-21,44.75,-0.3500000000000014,-0.78%,,,,,,,,,ShowDailyK_ChartFlow,FinMind_API_TaiwanStockPrice_2882,True,2026-09-24T07:14:15,2026-09-24T07:14:15,2026-09-24T07:14:15
2882,國泰金,2024-02-22,44.9,0.14999999999999858,0.34%,,,,,,,,,ShowDailyK_ChartFlow,FinMind_API_TaiwanStockPrice_2882,True,2026-09-24T07:14:15,2026-09-24T07:14:15,2026-09-24T07:14:15
2882,國泰金,2024-02-23,44.45,-0.44999999999999574,-1.00%,,,,,,,,,ShowDailyK_ChartFlow,FinMind_API_TaiwanStockPrice_2882,True,2026-09-24T07:14:15,2026-09-24T07:14:15,2026-09-24T07:14:15
2882,國泰金,2024-02-26,44.3,-0.15000000000000568,-0.34%,,,,,,,,,ShowDailyK_ChartFlow,FinMind_API_TaiwanStockPrice_2882,True,2026-09-24T07:14:15,2026-09-24T07:14:15,2026-09-24T07:14:15
2882,國泰金,2024-02-27,44.3,0.0,0.00%,,,,,,,,,ShowDailyK_ChartFlow,FinMind_API_TaiwanStockPrice_2882,True,2026-09-24T07:14:15,2026-09-24T07:14:15,2026-09-24T07:14:15
2882,國泰金,2024-02-29,45.05,0.75,1.69%,,,,,,,,,ShowDailyK_ChartFlow,FinMind_API_TaiwanStockPrice_2882,True,2026-09-24T07:14:15,2026-09-24T07:14:15,2026-09-24T07:14:15
2882,國泰金,2024-03-01,44.65,-0.3999999999999986,-0.89%,,,,,,,,,ShowDailyK_ChartFlow,FinMind_API_TaiwanStockPrice_2882,True,2026-09-24T07:14:15,2026-09-24T07:14:15,2026-09-24T07:14:15
2882,國泰金,2024-03-04,44.65,0.0,0.00%,,,,,,,,,ShowDailyK_ChartFlow,FinMind_API_TaiwanStockPrice_2882,True,2026-09-24T07:14:15,2026-09-24T07:14:15,2026-09-24T07:14:15
2882,國泰金,2024-03-05,44.65,0.0,0.00%,,,,,,,,,ShowDailyK_ChartFlow,FinMind_API_TaiwanStockPrice_2882,True,2026-09-24T07:14:15,2026-09-24T07:14:15,2026-09-24T07:14:15
2882,國泰金,2024-03-06,44.55,-0.10000000000000142,-0.22%,,,,,,,,,ShowDailyK_ChartFlow,FinMind_API_TaiwanStockPrice_2882,True,2026-09-24T07:14:15,2026-09-24T07:14:15,2026-09-24T07:14:15
2882,國泰金,2024-03-07,44.85,0.30000000000000426,0.67%,,,,,,,,,ShowDailyK_ChartFlow,FinMind_API_TaiwanStockPrice_2882,True,2026-09-24T07:14:15,2026-09-24T07:14:15,2026-09-24T07:14:15
2882,國泰金,2024-03-08,45.3,0.44999999999999574,1.00%,,,,,,,,,ShowDailyK_ChartFlow,FinMind_API_TaiwanStockPrice_2882,True,2026-09-24T07:14:15,2026-09-24T07:14:15,2026-09-24T07:14:15
2882,國泰金,2024-03-11,46.05,0.75,1.66%,,,,,,,,,ShowDailyK_ChartFlow,FinMind_API_TaiwanStockPrice_2882,True,2026-09-24T07:14:15,2026-09-24T07:14:15,2026-09-24T07:14:15
2882,國泰金,2024-03-12,46.5,0.45000000000000284,0.98%,,,,,,,,,ShowDailyK_ChartFlow,FinMind_API_TaiwanStockPrice_2882,True,2026-09-24T07:14:15,2026-09-24T07:14:15,2026-09-24T07:14:15
2882,國泰金,2024-03-13,46.8,0.29999999999999716,0.65%,,,,,,,,,ShowDailyK_ChartFlow,FinMind_API_TaiwanStockPrice_2882,True,2026-09-24T07:14:15,2026-09-24T07:14:15,2026-09-24T07:14:15
2882,國泰金,2024-03-14,48.3,1.5,3.21%,,,,,,,,,ShowDailyK_ChartFlow,FinMind_API_TaiwanStockPrice_2882,True,2026-09-24T07:14:15,2026-09-24T07:14:15,2026-09-24T07:14:15
2882,國泰金,2024-03-15,47.65,-0.6499999999999986,-1.35%,,,,,,,,,ShowDailyK_ChartFlow,FinMind_API_TaiwanStockPrice_2882,True,2026-09-24T07:14:15,2026-09-24T07:14:15,2026-09-24T07:14:15
2882,國泰金,2024-03-18,47.55,-0.10000000000000142,-0.21%,,,,,,,,,ShowDailyK_ChartFlow,FinMind_API_TaiwanStockPrice_2882,True,2026-09-24T07:14:15,2026-09-24T07:14:15,2026-09-24T07:14:15
2882,國泰金,2024-03-19,47.75,0.20000000000000284,0.42%,,,,,,,,,ShowDailyK_ChartFlow,FinMind_API_TaiwanStockPrice_2882,True,2026-09-24T07:14:15,2026-09-24T07:14:15,2026-09-24T07:14:15
2882,國泰金,2024-03-20,47.5,-0.25,-0.52%,,,,,,,,,ShowDailyK_ChartFlow,FinMind_API_TaiwanStockPrice_2882,True,2026-09-24T07:14:15,2026-09-24T07:14:15,2026-09-24T07:14:15
2882,國泰金,2024-03-21,48.55,1.0499999999999972,2.21%,,,,,,,,,ShowDailyK_ChartFlow,FinMind_API_TaiwanStockPrice_2882,True,2026-09-24T07:14:15,2026-09-24T07:14:15,2026-09-24T07:14:15
2882,國泰金,2024-03-22,48.55,0.0,0.00%,,,,,,,,,ShowDailyK_ChartFlow,FinMind_API_TaiwanStockPrice_2882,True,2026-09-24T07:14:15,2026-09-24T07:14:15,2026-09-24T07:14:15
2882,國泰金,2024-03-25,48.1,-0.44999999999999574,-0.93%,,,,,,,,,ShowDailyK_ChartFlow,FinMind_API_TaiwanStockPrice_2882,True,2026-09-24T07:14:15,2026-09-24T07:14:15,2026-09-24T07:14:15
2882,國泰金,2024-03-26,48.35,0.25,0.52%,,,,,,,,,ShowDailyK_ChartFlow,FinMind_API_TaiwanStockPrice_2882,True,2026-09-24T07:14:15,2026-09-24T07:14:15,2026-09-24T07:14:15
2882,國泰金,2024-03-27,48.2,-0.14999999999999858,-0.31%,,,,,,,,,ShowDailyK_ChartFlow,FinMind_API_TaiwanStockPrice_2882,True,2026-09-24T07:14:15,2026-09-24T07:14:15,2026-09-24T07:14:15
2882,國泰金,2024-03-28,48.25,0.04999999999999716,0.10%,,,,,,,,,ShowDailyK_ChartFlow,FinMind_API_TaiwanStockPrice_2882,True,2026-09-24T07:14:15,2026-09-24T07:14:15,2026-09-24T07:14:15
2882,國泰金,2024-03-29,48.65,0.3999999999999986,0.83%,,,,,,,,,ShowDailyK_ChartFlow,FinMind_API_TaiwanStockPrice_2882,True,2026-09-24T07:14:15,2026-09-24T07:14:15,2026-09-24T07:14:15
2882,國泰金,2024-04-01,48.95,0.30000000000000426,0.62%,,,,,,,,,ShowDailyK_ChartFlow,FinMind_API_TaiwanStockPrice_2882,True,2026-09-24T07:14:15,2026-09-24T07:14:15,2026-09-24T07:14:15
2882,國泰金,2024-04-02,48.95,0.0,0.00%,,,,,,,,,ShowDailyK_ChartFlow,FinMind_API_TaiwanStockPrice_2882,True,2026-09-24T07:14:15,2026-09-24T07:14:15,2026-09-24T07:14:15
2882,國泰金,2024-04-03,48.05,-0.9000000000000057,-1.84%,,,,,,,,,ShowDailyK_ChartFlow,FinMind_API_TaiwanStockPrice_2882,True,2026-09-24T07:14:15,2026-09-24T07:14:15,2026-09-24T07:14:15
2882,國泰金,2024-04-08,48.35,0.30000000000000426,0.62%,,,,,,,,,ShowDailyK_ChartFlow,FinMind_API_TaiwanStockPrice_2882,True,2026-09-24T07:14:15,2026-09-24T07:14:15,2026-09-24T07:14:15
2882,國泰金,2024-04-09,49.45,1.1000000000000014,2.28%,,,,,,,,,ShowDailyK_ChartFlow,FinMind_API_TaiwanStockPrice_2882,True,2026-09-24T07:14:15,2026-09-24T07:14:15,2026-09-24T07:14:15
2882,國泰金,2024-04-10,48.75,-0.7000000000000028,-1.42%,,,,,,,,,ShowDailyK_ChartFlow,FinMind_API_TaiwanStockPrice_2882,True,2026-09-24T07:14:15,2026-09-24T07:14:15,2026-09-24T07:14:15
2882,國泰金,2024-04-11,49.7,0.9500000000000028,1.95%,,,,,,,,,ShowDailyK_ChartFlow,FinMind_API_TaiwanStockPrice_2882,True,2026-09-24T07:14:15,2026-09-24T07:14:15,2026-09-24T07:14:15
2882,國泰金,2024-04-12,49.05,-0.6500000000000057,-1.31%,,,,,,,,,ShowDailyK_ChartFlow,FinMind_API_TaiwanStockPrice_2882,True,2026-09-24T07:14:15,2026-09-24T07:14:15,2026-09-24T07:14:15
2882,國泰金,2024-04-15,48.95,-0.09999999999999432,-0.20%,,,,,,,,,ShowDailyK_ChartFlow,FinMind_API_TaiwanStockPrice_2882,True,2026-09-24T07:14:15,2026-09-24T07:14:15,2026-09-24T07:14:15
2882,國泰金,2024-04-16,47.85,-1.1000000000000014,-2.25%,,,,,,,,,ShowDailyK_ChartFlow,FinMind_API_TaiwanStockPrice_2882,True,2026-09-24T07:14:15,2026-09-24T07:14:15,2026-09-24T07:14:15
2882,國泰金,2024-04-17,47.9,0.04999999999999716,0.10%,,,,,,,,,ShowDailyK_ChartFlow,FinMind_API_TaiwanStockPrice_2882,True,2026-09-24T07:14:15,2026-09-24T07:14:15,2026-09-24T07:14:15
2882,國泰金,2024-04-18,48.45,0.5500000000000043,1.15%,,,,,,,,,ShowDailyK_ChartFlow,FinMind_API_TaiwanStockPrice_2882,True,2026-09-24T07:14:15,2026-09-24T07:14:15,2026-09-24T07:14:15
2882,國泰金,2024-04-19,47.45,-1.0,-2.06%,,,,,,,,,ShowDailyK_ChartFlow,FinMind_API_TaiwanStockPrice_2882,True,2026-09-24T07:14:15,2026-09-24T07:14:15,2026-09-24T07:14:15
2882,國泰金,2024-04-22,48.4,0.9499999999999957,2.00%,,,,,,,,,ShowDailyK_ChartFlow,FinMind_API_TaiwanStockPrice_2882,True,2026-09-24T07:14:15,2026-09-24T07:14:15,2026-09-24T07:14:15
2882,國泰金,2024-04-23,48.75,0.3500000000000014,0.72%,,,,,,,,,ShowDailyK_ChartFlow,FinMind_API_TaiwanStockPrice_2882,True,2026-09-24T07:14:15,2026-09-24T07:14:15,2026-09-24T07:14:15
2882,國泰金,2024-04-24,49.25,0.5,1.03%,,,,,,,,,ShowDailyK_ChartFlow,FinMind_API_TaiwanStockPrice_2882,True,2026-09-24T07:14:15,2026-09-24T07:14:15,2026-09-24T07:14:15
2882,國泰金,2024-04-25,48.55,-0.7000000000000028,-1.42%,,,,,,,,,ShowDailyK_ChartFlow,FinMind_API_TaiwanStockPrice_2882,True,2026-09-24T07:14:15,2026-09-24T07:14:15,2026-09-24T07:14:15
2882,國泰金,2024-04-26,48.9,0.3500000000000014,0.72%,,,,,,,,,ShowDailyK_ChartFlow,FinMind_API_TaiwanStockPrice_2882,True,2026-09-24T07:14:15,2026-09-24T07:14:15,2026-09-24T07:14:15
2882,國泰金,2024-04-29,50.8,1.8999999999999986,3.89%,,,,,,,,,ShowDailyK_ChartFlow,FinMind_API_TaiwanStockPrice_2882,True,2026-09-24T07:14:15,2026-09-24T07:14:15,2026-09-24T07:14:15
2882,國泰金,2024-04-30,50.5,-0.29999999999999716,-0.59%,,,,,,,,,ShowDailyK_ChartFlow,FinMind_API_TaiwanStockPrice_2882,True,2026-09-24T07:14:15,2026-09-24T07:14:15,2026-09-24T07:14:15
2882,國泰金,2024-05-02,50.3,-0.20000000000000284,-0.40%,,,,,,,,,ShowDailyK_ChartFlow,FinMind_API_TaiwanStockPrice_2882,True,2026-09-24T07:14:15,2026-09-24T07:14:15,2026-09-24T07:14:15
2882,國泰金,2024-05-03,50.2,-0.09999999999999432,-0.20%,,,,,,,,,ShowDailyK_ChartFlow,FinMind_API_TaiwanStockPrice_2882,True,2026-09-24T07:14:15,2026-09-24T07:14:15,2026-09-24T07:14:15
2882,國泰金,2024-05-06,50.9,0.6999999999999957,1.39%,,,,,,,,,ShowDailyK_ChartFlow,FinMind_API_TaiwanStockPrice_2882,True,2026-09-24T07:14:15,2026-09-24T07:14:15,2026-09-24T07:14:15
2882,國泰金,2024-05-07,50.9,0.0,0.00%,,,,,,,,,ShowDailyK_ChartFlow,FinMind_API_TaiwanStockPrice_2882,True,2026-09-24T07:14:15,2026-09-24T07:14:15,2026-09-24T07:14:15
2882,國泰金,2024-05-08,50.9,0.0,0.00%,,,,,,,,,ShowDailyK_ChartFlow,FinMind_API_TaiwanStockPrice_2882,True,2026-09-24T07:14:15,2026-09-24T07:14:15,2026-09-24T07:14:15
2882,國泰金,2024-05-09,51.7,0.8000000000000043,1.57%,,,,,,,,,ShowDailyK_ChartFlow,FinMind_API_TaiwanStockPrice_2882,True,2026-09-24T07:14:15,2026-09-24T07:14:15,2026-09-24T07:14:15
2882,國泰金,2024-05-10,55.5,3.799999999999997,7.35%,,,,,,,,,ShowDailyK_ChartFlow,FinMind_API_TaiwanStockPrice_2882,True,2026-09-24T07:14:15,2026-09-24T07:14:15,2026-09-24T07:14:15
2882,國泰金,2024-05-13,55.1,-0.3999999999999986,-0.72%,,,,,,,,,ShowDailyK_ChartFlow,FinMind_API_TaiwanStockPrice_2882,True,2026-09-24T07:14:15,2026-09-24T07:14:15,2026-09-24T07:14:15
2882,國泰金,2024-05-14,54.3,-0.8000000000000043,-1.45%,,,,,,,,,ShowDailyK_ChartFlow,FinMind_API_TaiwanStockPrice_2882,True,2026-09-24T07:14:15,2026-09-24T07:14:15,2026-09-24T07:14:15
2882,國泰金,2024-05-15,56.6,2.3000000000000043,4.24%,,,,,,,,,ShowDailyK_ChartFlow,FinMind_API_TaiwanStockPrice_2882,True,2026-09-24T07:14:15,2026-09-24T07:14:15,2026-09-24T07:14:15
2882,國泰金,2024-05-16,56.4,-0.20000000000000284,-0.35%,,,,,,,,,ShowDailyK_ChartFlow,FinMind_API_TaiwanStockPrice_2882,True,2026-09-24T07:14:15,2026-09-24T07:14:15,2026-09-24T07:14:15
2882,國泰金,2024-05-17,56.4,0.0,0.00%,,,,,,,,,ShowDailyK_ChartFlow,FinMind_API_TaiwanStockPrice_2882,True,2026-09-24T07:14:15,2026-09-24T07:14:15,2026-09-24T07:14:15
2882,國泰金,2024-05-20,56.0,-0.3999999999999986,-0.71%,,,,,,,,,ShowDailyK_ChartFlow,FinMind_API_TaiwanStockPrice_2882,True,2026-09-24T07:14:15,2026-09-24T07:14:15,2026-09-24T07:14:15
2882,國泰金,2024-05-21,55.4,-0.6000000000000014,-1.07%,,,,,,,,,ShowDailyK_ChartFlow,FinMind_API_TaiwanStockPrice_2882,True,2026-09-24T07:14:15,2026-09-24T07:14:15,2026-09-24T07:14:15
2882,國泰金,2024-05-22,56.0,0.6000000000000014,1.08%,,,,,,,,,ShowDailyK_ChartFlow,FinMind_API_TaiwanStockPrice_2882,True,2026-09-24T07:14:15,2026-09-24T07:14:15,2026-09-24T07:14:15
2882,國泰金,2024-05-23,54.8,-1.2000000000000028,-2.14%,,,,,,,,,ShowDailyK_ChartFlow,FinMind_API_TaiwanStockPrice_2882,True,2026-09-24T07:14:15,2026-09-24T07:14:15,2026-09-24T07:14:15
2882,國泰金,2024-05-24,54.9,0.10000000000000142,0.18%,,,,,,,,,ShowDailyK_ChartFlow,FinMind_API_TaiwanStockPrice_2882,True,2026-09-24T07:14:15,2026-09-24T07:14:15,2026-09-24T07:14:15
2882,國泰金,2024-05-27,55.6,0.7000000000000028,1.28%,,,,,,,,,ShowDailyK_ChartFlow,FinMind_API_TaiwanStockPrice_2882,True,2026-09-24T07:14:15,2026-09-24T07:14:15,2026-09-24T07:14:15
2882,國泰金,2024-05-28,56.8,1.1999999999999957,2.16%,,,,,,,,,ShowDailyK_ChartFlow,FinMind_API_TaiwanStockPrice_2882,True,2026-09-24T07:14:15,2026-09-24T07:14:15,2026-09-24T07:14:15
2882,國泰金,2024-05-29,55.6,-1.1999999999999957,-2.11%,,,,,,,,,ShowDailyK_ChartFlow,FinMind_API_TaiwanStockPrice_2882,True,2026-09-24T07:14:15,2026-09-24T07:14:15,2026-09-24T07:14:15
2882,國泰金,2024-05-30,55.6,0.0,0.00%,,,,,,,,,ShowDailyK_ChartFlow,FinMind_API_TaiwanStockPrice_2882,True,2026-09-24T07:14:15,2026-09-24T07:14:15,2026-09-24T07:14:15
2882,國泰金,2024-05-31,56.2,0.6000000000000014,1.08%,,,,,,,,,ShowDailyK_ChartFlow,FinMind_API_TaiwanStockPrice_2882,True,2026-09-24T07:14:15,2026-09-24T07:14:15,2026-09-24T07:14:15
2882,國泰金,2024-06-03,56.7,0.5,0.89%,,,,,,,,,ShowDailyK_ChartFlow,FinMind_API_TaiwanStockPrice_2882,True,2026-09-24T07:14:15,2026-09-24T07:14:15,2026-09-24T07:14:15
2882,國泰金,2024-06-04,56.4,-0.30000000000000426,-0.53%,,,,,,,,,ShowDailyK_ChartFlow,FinMind_API_TaiwanStockPrice_2882,True,2026-09-24T07:14:15,2026-09-24T07:14:15,2026-09-24T07:14:15
2882,國泰金,2024-06-05,56.5,0.10000000000000142,0.18%,,,,,,,,,ShowDailyK_ChartFlow,FinMind_API_TaiwanStockPrice_2882,True,2026-09-24T07:14:15,2026-09-24T07:14:15,2026-09-24T07:14:15
2882,國泰金,2024-06-06,57.5,1.0,1.77%,,,,,,,,,ShowDailyK_ChartFlow,FinMind_API_TaiwanStockPrice_2882,True,2026-09-24T07:14:15,2026-09-24T07:14:15,2026-09-24T07:14:15
2882,國泰金,2024-06-07,58.2,0.7000000000000028,1.22%,,,,,,,,,ShowDailyK_ChartFlow,FinMind_API_TaiwanStockPrice_2882,True,2026-09-24T07:14:15,2026-09-24T07:14:15,2026-09-24T07:14:15
2882,國泰金,2024-06-11,58.7,0.5,0.86%,,,,,,,,,ShowDailyK_ChartFlow,FinMind_API_TaiwanStockPrice_2882,True,2026-09-24T07:14:15,2026-09-24T07:14:15,2026-09-24T07:14:15
2882,國泰金,2024-06-12,57.9,-0.8000000000000043,-1.36%,,,,,,,,,ShowDailyK_ChartFlow,FinMind_API_TaiwanStockPrice_2882,True,2026-09-24T07:14:15,2026-09-24T07:14:15,2026-09-24T07:14:15
2882,國泰金,2024-06-13,58.1,0.20000000000000284,0.35%,,,,,,,,,ShowDailyK_ChartFlow,FinMind_API_TaiwanStockPrice_2882,True,2026-09-24T07:14:15,2026-09-24T07:14:15,2026-09-24T07:14:15
2882,國泰金,2024-06-14,58.2,0.10000000000000142,0.17%,,,,,,,,,ShowDailyK_ChartFlow,FinMind_API_TaiwanStockPrice_2882,True,2026-09-24T07:14:15,2026-09-24T07:14:15,2026-09-24T07:14:15
2882,國泰金,2024-06-17,57.5,-0.7000000000000028,-1.20%,,,,,,,,,ShowDailyK_ChartFlow,FinMind_API_TaiwanStockPrice_2882,True,2026-09-24T07:14:15,2026-09-24T07:14:15,2026-09-24T07:14:15
2882,國泰金,2024-06-18,58.9,1.3999999999999986,2.43%,,,,,,,,,ShowDailyK_ChartFlow,FinMind_API_TaiwanStockPrice_2882,True,2026-09-24T07:14:15,2026-09-24T07:14:15,2026-09-24T07:14:15
2882,國泰金,2024-06-19,59.0,0.10000000000000142,0.17%,,,,,,,,,ShowDailyK_ChartFlow,FinMind_API_TaiwanStockPrice_2882,True,2026-09-24T07:14:15,2026-09-24T07:14:15,2026-09-24T07:14:15
2882,國泰金,2024-06-20,60.1,1.1000000000000014,1.86%,,,,,,,,,ShowDailyK_ChartFlow,FinMind_API_TaiwanStockPrice_2882,True,2026-09-24T07:14:15,2026-09-24T07:14:15,2026-09-24T07:14:15
2882,國泰金,2024-06-21,60.1,0.0,0.00%,,,,,,,,,ShowDailyK_ChartFlow,FinMind_API_TaiwanStockPrice_2882,True,2026-09-24T07:14:15,2026-09-24T07:14:15,2026-09-24T07:14:15
2882,國泰金,2024-06-24,60.3,0.19999999999999574,0.33%,,,,,,,,,ShowDailyK_ChartFlow,FinMind_API_TaiwanStockPrice_2882,True,2026-09-24T07:14:15,2026-09-24T07:14:15,2026-09-24T07:14:15
2882,國泰金,2024-06-25,60.5,0.20000000000000284,0.33%,,,,,,,,,ShowDailyK_ChartFlow,FinMind_API_TaiwanStockPrice_2882,True,2026-09-24T07:14:15,2026-09-24T07:14:15,2026-09-24T07:14:15
2882,國泰金,2024-06-26,59.5,-1.0,-1.65%,,,,,,,,,ShowDailyK_ChartFlow,FinMind_API_TaiwanStockPrice_2882,True,2026-09-24T07:14:15,2026-09-24T07:14:15,2026-09-24T07:14:15
2882,國泰金,2024-06-27,59.1,-0.3999999999999986,-0.67%,,,,,,,,,ShowDailyK_ChartFlow,FinMind_API_TaiwanStockPrice_2882,True,2026-09-24T07:14:15,2026-09-24T07:14:15,2026-09-24T07:14:15
2882,國泰金,2024-06-28,59.0,-0.10000000000000142,-0.17%,,,,,,,,,ShowDailyK_ChartFlow,FinMind_API_TaiwanStockPrice_2882,True,2026-09-24T07:14:15,2026-09-24T07:14:15,2026-09-24T07:14:15
2882,國泰金,2024-07-01,58.1,-0.8999999999999986,-1.53%,,,,,,,,,ShowDailyK_ChartFlow,FinMind_API_TaiwanStockPrice_2882,True,2026-09-24T07:14:15,2026-09-24T07:14:15,2026-09-24T07:14:15
2882,國泰金,2024-07-02,58.2,0.10000000000000142,0.17%,,,,,,,,,ShowDailyK_ChartFlow,FinMind_API_TaiwanStockPrice_2882,True,2026-09-24T07:14:15,2026-09-24T07:14:15,2026-09-24T07:14:15
2882,國泰金,2024-07-03,61.5,3.299999999999997,5.67%,,,,,,,,,ShowDailyK_ChartFlow,FinMind_API_TaiwanStockPrice_2882,True,2026-09-24T07:14:15,2026-09-24T07:14:15,2026-09-24T07:14:15
2882,國泰金,2024-07-04,60.7,-0.7999999999999972,-1.30%,,,,,,,,,ShowDailyK_ChartFlow,FinMind_API_TaiwanStockPrice_2882,True,2026-09-24T07:14:15,2026-09-24T07:14:15,2026-09-24T07:14:15
2882,國泰金,2024-07-05,61.3,0.5999999999999943,0.99%,,,,,,,,,ShowDailyK_ChartFlow,FinMind_API_TaiwanStockPrice_2882,True,2026-09-24T07:14:15,2026-09-24T07:14:15,2026-09-24T07:14:15
2882,國泰金,2024-07-08,62.3,1.0,1.63%,,,,,,,,,ShowDailyK_ChartFlow,FinMind_API_TaiwanStockPrice_2882,True,2026-09-24T07:14:15,2026-09-24T07:14:15,2026-09-24T07:14:15
2882,國泰金,2024-07-09,62.1,-0.19999999999999574,-0.32%,,,,,,,,,ShowDailyK_ChartFlow,FinMind_API_TaiwanStockPrice_2882,True,2026-09-24T07:14:15,2026-09-24T07:14:15,2026-09-24T07:14:15
2882,國泰金,2024-07-10,63.6,1.5,2.42%,,,,,,,,,ShowDailyK_ChartFlow,FinMind_API_TaiwanStockPrice_2882,True,2026-09-24T07:14:15,2026-09-24T07:14:15,2026-09-24T07:14:15
2882,國泰金,2024-07-11,65.5,1.8999999999999986,2.99%,,,,,,,,,ShowDailyK_ChartFlow,FinMind_API_TaiwanStockPrice_2882,True,2026-09-24T07:14:15,2026-09-24T07:14:15,2026-09-24T07:14:15
2882,國泰金,2024-07-12,65.7,0.20000000000000284,0.31%,,,,,,,,,ShowDailyK_ChartFlow,FinMind_API_TaiwanStockPrice_2882,True,2026-09-24T07:14:15,2026-09-24T07:14:15,2026-09-24T07:14:15
2882,國泰金,2024-07-15,65.0,-0.7000000000000028,-1.07%,,,,,,,,,ShowDailyK_ChartFlow,FinMind_API_TaiwanStockPrice_2882,True,2026-09-24T07:14:15,2026-09-24T07:14:15,2026-09-24T07:14:15
2882,國泰金,2024-07-16,65.4,0.4000000000000057,0.62%,,,,,,,,,ShowDailyK_ChartFlow,FinMind_API_TaiwanStockPrice_2882,True,2026-09-24T07:14:15,2026-09-24T07:14:15,2026-09-24T07:14:15
2882,國泰金,2024-07-17,65.3,-0.10000000000000853,-0.15%,,,,,,,,,ShowDailyK_ChartFlow,FinMind_API_TaiwanStockPrice_2882,True,2026-09-24T07:14:15,2026-09-24T07:14:15,2026-09-24T07:14:15
2882,國泰金,2024-07-18,64.2,-1.0999999999999943,-1.68%,,,,,,,,,ShowDailyK_ChartFlow,FinMind_API_TaiwanStockPrice_2882,True,2026-09-24T07:14:15,2026-09-24T07:14:15,2026-09-24T07:14:15
2882,國泰金,2024-07-19,62.6,-1.6000000000000014,-2.49%,,,,,,,,,ShowDailyK_ChartFlow,FinMind_API_TaiwanStockPrice_2882,True,2026-09-24T07:14:15,2026-09-24T07:14:15,2026-09-24T07:14:15
2882,國泰金,2024-07-22,60.0,-2.6000000000000014,-4.15%,,,,,,,,,ShowDailyK_ChartFlow,FinMind_API_TaiwanStockPrice_2882,True,2026-09-24T07:14:15,2026-09-24T07:14:15,2026-09-24T07:14:15
2882,國泰金,2024-07-23,61.5,1.5,2.50%,,,,,,,,,ShowDailyK_ChartFlow,FinMind_API_TaiwanStockPrice_2882,True,2026-09-24T07:14:15,2026-09-24T07:14:15,2026-09-24T07:14:15
2882,國泰金,2024-07-26,61.5,0.0,0.00%,,,,,,,,,ShowDailyK_ChartFlow,FinMind_API_TaiwanStockPrice_2882,True,2026-09-24T07:14:15,2026-09-24T07:14:15,2026-09-24T07:14:15
2882,國泰金,2024-07-29,62.7,1.2000000000000028,1.95%,,,,,,,,,ShowDailyK_ChartFlow,FinMind_API_TaiwanStockPrice_2882,True,2026-09-24T07:14:15,2026-09-24T07:14:15,2026-09-24T07:14:15
2882,國泰金,2024-07-30,61.7,-1.0,-1.59%,,,,,,,,,ShowDailyK_ChartFlow,FinMind_API_TaiwanStockPrice_2882,True,2026-09-24T07:14:15,2026-09-24T07:14:15,2026-09-24T07:14:15
2882,國泰金,2024-07-31,62.4,0.6999999999999957,1.13%,,,,,,,,,ShowDailyK_ChartFlow,FinMind_API_TaiwanStockPrice_2882,True,2026-09-24T07:14:15,2026-09-24T07:14:15,2026-09-24T07:14:15
2882,國泰金,2024-08-01,62.8,0.3999999999999986,0.64%,,,,,,,,,ShowDailyK_ChartFlow,FinMind_API_TaiwanStockPrice_2882,True,2026-09-24T07:14:15,2026-09-24T07:14:15,2026-09-24T07:14:15
2882,國泰金,2024-08-02,61.3,-1.5,-2.39%,,,,,,,,,ShowDailyK_ChartFlow,FinMind_API_TaiwanStockPrice_2882,True,2026-09-24T07:14:15,2026-09-24T07:14:15,2026-09-24T07:14:15
2882,國泰金,2024-08-05,55.6,-5.699999999999996,-9.30%,,,,,,,,,ShowDailyK_ChartFlow,FinMind_API_TaiwanStockPrice_2882,True,2026-09-24T07:14:15,2026-09-24T07:14:15,2026-09-24T07:14:15
2882,國泰金,2024-08-06,56.1,0.5,0.90%,,,,,,,,,ShowDailyK_ChartFlow,FinMind_API_TaiwanStockPrice_2882,True,2026-09-24T07:14:15,2026-09-24T07:14:15,2026-09-24T07:14:15
2882,國泰金,2024-08-07,58.6,2.5,4.46%,,,,,,,,,ShowDailyK_ChartFlow,FinMind_API_TaiwanStockPrice_2882,True,2026-09-24T07:14:15,2026-09-24T07:14:15,2026-09-24T07:14:15
2882,國泰金,2024-08-08,57.8,-0.8000000000000043,-1.37%,,,,,,,,,ShowDailyK_ChartFlow,FinMind_API_TaiwanStockPrice_2882,True,2026-09-24T07:14:15,2026-09-24T07:14:15,2026-09-24T07:14:15
2882,國泰金,2024-08-09,60.5,2.700000000000003,4.67%,,,,,,,,,ShowDailyK_ChartFlow,FinMind_API_TaiwanStockPrice_2882,True,2026-09-24T07:14:15,2026-09-24T07:14:15,2026-09-24T07:14:15
2882,國泰金,2024-08-12,61.0,0.5,0.83%,,,,,,,,,ShowDailyK_ChartFlow,FinMind_API_TaiwanStockPrice_2882,True,2026-09-24T07:14:15,2026-09-24T07:14:15,2026-09-24T07:14:15
2882,國泰金,2024-08-13,61.3,0.29999999999999716,0.49%,,,,,,,,,ShowDailyK_ChartFlow,FinMind_API_TaiwanStockPrice_2882,True,2026-09-24T07:14:15,2026-09-24T07:14:15,2026-09-24T07:14:15
2882,國泰金,2024-08-14,61.9,0.6000000000000014,0.98%,,,,,,,,,ShowDailyK_ChartFlow,FinMind_API_TaiwanStockPrice_2882,True,2026-09-24T07:14:15,2026-09-24T07:14:15,2026-09-24T07:14:15
2882,國泰金,2024-08-15,61.6,-0.29999999999999716,-0.48%,,,,,,,,,ShowDailyK_ChartFlow,FinMind_API_TaiwanStockPrice_2882,True,2026-09-24T07:14:15,2026-09-24T07:14:15,2026-09-24T07:14:15
2882,國泰金,2024-08-16,63.0,1.3999999999999986,2.27%,,,,,,,,,ShowDailyK_ChartFlow,FinMind_API_TaiwanStockPrice_2882,True,2026-09-24T07:14:15,2026-09-24T07:14:15,2026-09-24T07:14:15
2882,國泰金,2024-08-19,62.3,-0.7000000000000028,-1.11%,,,,,,,,,ShowDailyK_ChartFlow,FinMind_API_TaiwanStockPrice_2882,True,2026-09-24T07:14:15,2026-09-24T07:14:15,2026-09-24T07:14:15
2882,國泰金,2024-08-20,61.7,-0.5999999999999943,-0.96%,,,,,,,,,ShowDailyK_ChartFlow,FinMind_API_TaiwanStockPrice_2882,True,2026-09-24T07:14:15,2026-09-24T07:14:15,2026-09-24T07:14:15
2882,國泰金,2024-08-21,61.9,0.19999999999999574,0.32%,,,,,,,,,ShowDailyK_ChartFlow,FinMind_API_TaiwanStockPrice_2882,True,2026-09-24T07:14:15,2026-09-24T07:14:15,2026-09-24T07:14:15
2882,國泰金,2024-08-22,61.4,-0.5,-0.81%,,,,,,,,,ShowDailyK_ChartFlow,FinMind_API_TaiwanStockPrice_2882,True,2026-09-24T07:14:15,2026-09-24T07:14:15,2026-09-24T07:14:15
2882,國泰金,2024-08-23,61.5,0.10000000000000142,0.16%,,,,,,,,,ShowDailyK_ChartFlow,FinMind_API_TaiwanStockPrice_2882,True,2026-09-24T07:14:15,2026-09-24T07:14:15,2026-09-24T07:14:15
2882,國泰金,2024-08-26,63.9,2.3999999999999986,3.90%,,,,,,,,,ShowDailyK_ChartFlow,FinMind_API_TaiwanStockPrice_2882,True,2026-09-24T07:14:15,2026-09-24T07:14:15,2026-09-24T07:14:15
2882,國泰金,2024-08-27,63.1,-0.7999999999999972,-1.25%,,,,,,,,,ShowDailyK_ChartFlow,FinMind_API_TaiwanStockPrice_2882,True,2026-09-24T07:14:15,2026-09-24T07:14:15,2026-09-24T07:14:15
2882,國泰金,2024-08-28,63.5,0.3999999999999986,0.63%,,,,,,,,,ShowDailyK_ChartFlow,FinMind_API_TaiwanStockPrice_2882,True,2026-09-24T07:14:15,2026-09-24T07:14:15,2026-09-24T07:14:15
2882,國泰金,2024-08-29,63.1,-0.3999999999999986,-0.63%,,,,,,,,,ShowDailyK_ChartFlow,FinMind_API_TaiwanStockPrice_2882,True,2026-09-24T07:14:15,2026-09-24T07:14:15,2026-09-24T07:14:15
2882,國泰金,2024-08-30,63.5,0.3999999999999986,0.63%,,,,,,,,,ShowDailyK_ChartFlow,FinMind_API_TaiwanStockPrice_2882,True,2026-09-24T07:14:15,2026-09-24T07:14:15,2026-09-24T07:14:15
2882,國泰金,2024-09-02,64.7,1.2000000000000028,1.89%,,,,,,,,,ShowDailyK_ChartFlow,FinMind_API_TaiwanStockPrice_2882,True,2026-09-24T07:14:15,2026-09-24T07:14:15,2026-09-24T07:14:15
2882,國泰金,2024-09-03,63.7,-1.0,-1.55%,,,,,,,,,ShowDailyK_ChartFlow,FinMind_API_TaiwanStockPrice_2882,True,2026-09-24T07:14:15,2026-09-24T07:14:15,2026-09-24T07:14:15
2882,國泰金,2024-09-04,61.6,-2.1000000000000014,-3.30%,,,,,,,,,ShowDailyK_ChartFlow,FinMind_API_TaiwanStockPrice_2882,True,2026-09-24T07:14:15,2026-09-24T07:14:15,2026-09-24T07:14:15
2882,國泰金,2024-09-05,62.4,0.7999999999999972,1.30%,,,,,,,,,ShowDailyK_ChartFlow,FinMind_API_TaiwanStockPrice_2882,True,2026-09-24T07:14:15,2026-09-24T07:14:15,2026-09-24T07:14:15
2882,國泰金,2024-09-06,63.5,1.1000000000000014,1.76%,,,,,,,,,ShowDailyK_ChartFlow,FinMind_API_TaiwanStockPrice_2882,True,2026-09-24T07:14:15,2026-09-24T07:14:15,2026-09-24T07:14:15
2882,國泰金,2024-09-09,62.5,-1.0,-1.57%,,,,,,,,,ShowDailyK_ChartFlow,FinMind_API_TaiwanStockPrice_2882,True,2026-09-24T07:14:15,2026-09-24T07:14:15,2026-09-24T07:14:15
2882,國泰金,2024-09-10,62.6,0.10000000000000142,0.16%,,,,,,,,,ShowDailyK_ChartFlow,FinMind_API_TaiwanStockPrice_2882,True,2026-09-24T07:14:15,2026-09-24T07:14:15,2026-09-24T07:14:15
2882,國泰金,2024-09-11,62.5,-0.10000000000000142,-0.16%,,,,,,,,,ShowDailyK_ChartFlow,FinMind_API_TaiwanStockPrice_2882,True,2026-09-24T07:14:15,2026-09-24T07:14:15,2026-09-24T07:14:15
2882,國泰金,2024-09-12,62.9,0.3999999999999986,0.64%,,,,,,,,,ShowDailyK_ChartFlow,FinMind_API_TaiwanStockPrice_2882,True,2026-09-24T07:14:15,2026-09-24T07:14:15,2026-09-24T07:14:15
2882,國泰金,2024-09-13,63.2,0.30000000000000426,0.48%,,,,,,,,,ShowDailyK_ChartFlow,FinMind_API_TaiwanStockPrice_2882,True,2026-09-24T07:14:15,2026-09-24T07:14:15,2026-09-24T07:14:15
2882,國泰金,2024-09-16,63.1,-0.10000000000000142,-0.16%,,,,,,,,,ShowDailyK_ChartFlow,FinMind_API_TaiwanStockPrice_2882,True,2026-09-24T07:14:15,2026-09-24T07:14:15,2026-09-24T07:14:15
2882,國泰金,2024-09-18,63.2,0.10000000000000142,0.16%,,,,,,,,,ShowDailyK_ChartFlow,FinMind_API_TaiwanStockPrice_2882,True,2026-09-24T07:14:15,2026-09-24T07:14:15,2026-09-24T07:14:15
2882,國泰金,2024-09-19,64.8,1.5999999999999943,2.53%,,,,,,,,,ShowDailyK_ChartFlow,FinMind_API_TaiwanStockPrice_2882,True,2026-09-24T07:14:15,2026-09-24T07:14:15,2026-09-24T07:14:15
2882,國泰金,2024-09-20,64.7,-0.09999999999999432,-0.15%,,,,,,,,,ShowDailyK_ChartFlow,FinMind_API_TaiwanStockPrice_2882,True,2026-09-24T07:14:15,2026-09-24T07:14:15,2026-09-24T07:14:15
2882,國泰金,2024-09-23,65.4,0.7000000000000028,1.08%,,,,,,,,,ShowDailyK_ChartFlow,FinMind_API_TaiwanStockPrice_2882,True,2026-09-24T07:14:15,2026-09-24T07:14:15,2026-09-24T07:14:15
2882,國泰金,2024-09-24,66.3,0.8999999999999915,1.38%,,,,,,,,,ShowDailyK_ChartFlow,FinMind_API_TaiwanStockPrice_2882,True,2026-09-24T07:14:15,2026-09-24T07:14:15,2026-09-24T07:14:15
2882,國泰金,2024-09-25,67.1,0.7999999999999972,1.21%,,,,,,,,,ShowDailyK_ChartFlow,FinMind_API_TaiwanStockPrice_2882,True,2026-09-24T07:14:15,2026-09-24T07:14:15,2026-09-24T07:14:15
2882,國泰金,2024-09-26,68.3,1.2000000000000028,1.79%,,,,,,,,,ShowDailyK_ChartFlow,FinMind_API_TaiwanStockPrice_2882,True,2026-09-24T07:14:15,2026-09-24T07:14:15,2026-09-24T07:14:15
2882,國泰金,2024-09-27,67.5,-0.7999999999999972,-1.17%,,,,,,,,,ShowDailyK_ChartFlow,FinMind_API_TaiwanStockPrice_2882,True,2026-09-24T07:14:15,2026-09-24T07:14:15,2026-09-24T07:14:15
2882,國泰金,2024-09-30,66.5,-1.0,-1.48%,,,,,,,,,ShowDailyK_ChartFlow,FinMind_API_TaiwanStockPrice_2882,True,2026-09-24T07:14:15,2026-09-24T07:14:15,2026-09-24T07:14:15
2882,國泰金,2024-10-01,66.7,0.20000000000000284,0.30%,,,,,,,,,ShowDailyK_ChartFlow,FinMind_API_TaiwanStockPrice_2882,True,2026-09-24T07:14:15,2026-09-24T07:14:15,2026-09-24T07:14:15
2882,國泰金,2024-10-04,66.0,-0.7000000000000028,-1.05%,,,,,,,,,ShowDailyK_ChartFlow,FinMind_API_TaiwanStockPrice_2882,True,2026-09-24T07:14:15,2026-09-24T07:14:15,2026-09-24T07:14:15
2882,國泰金,2024-10-07,68.0,2.0,3.03%,,,,,,,,,ShowDailyK_ChartFlow,FinMind_API_TaiwanStockPrice_2882,True,2026-09-24T07:14:15,2026-09-24T07:14:15,2026-09-24T07:14:15
2882,國泰金,2024-10-08,67.7,-0.29999999999999716,-0.44%,,,,,,,,,ShowDailyK_ChartFlow,FinMind_API_TaiwanStockPrice_2882,True,2026-09-24T07:14:15,2026-09-24T07:14:15,2026-09-24T07:14:15
2882,國泰金,2024-10-09,67.8,0.09999999999999432,0.15%,,,,,,,,,ShowDailyK_ChartFlow,FinMind_API_TaiwanStockPrice_2882,True,2026-09-24T07:14:15,2026-09-24T07:14:15,2026-09-24T07:14:15
2882,國泰金,2024-10-11,68.0,0.20000000000000284,0.29%,,,,,,,,,ShowDailyK_ChartFlow,FinMind_API_TaiwanStockPrice_2882,True,2026-09-24T07:14:15,2026-09-24T07:14:15,2026-09-24T07:14:15
2882,國泰金,2024-10-14,67.7,-0.29999999999999716,-0.44%,,,,,,,,,ShowDailyK_ChartFlow,FinMind_API_TaiwanStockPrice_2882,True,2026-09-24T07:14:15,2026-09-24T07:14:15,2026-09-24T07:14:15
2882,國泰金,2024-10-15,68.8,1.0999999999999943,1.62%,,,,,,,,,ShowDailyK_ChartFlow,FinMind_API_TaiwanStockPrice_2882,True,2026-09-24T07:14:15,2026-09-24T07:14:15,2026-09-24T07:14:15
2882,國泰金,2024-10-16,67.8,-1.0,-1.45%,,,,,,,,,ShowDailyK_ChartFlow,FinMind_API_TaiwanStockPrice_2882,True,2026-09-24T07:14:15,2026-09-24T07:14:15,2026-09-24T07:14:15
2882,國泰金,2024-10-17,68.6,0.7999999999999972,1.18%,,,,,,,,,ShowDailyK_ChartFlow,FinMind_API_TaiwanStockPrice_2882,True,2026-09-24T07:14:15,2026-09-24T07:14:15,2026-09-24T07:14:15
2882,國泰金,2024-10-18,69.8,1.2000000000000028,1.75%,,,,,,,,,ShowDailyK_ChartFlow,FinMind_API_TaiwanStockPrice_2882,True,2026-09-24T07:14:15,2026-09-24T07:14:15,2026-09-24T07:14:15
2882,國泰金,2024-10-21,68.3,-1.5,-2.15%,,,,,,,,,ShowDailyK_ChartFlow,FinMind_API_TaiwanStockPrice_2882,True,2026-09-24T07:14:15,2026-09-24T07:14:15,2026-09-24T07:14:15
2882,國泰金,2024-10-22,69.3,1.0,1.46%,,,,,,,,,ShowDailyK_ChartFlow,FinMind_API_TaiwanStockPrice_2882,True,2026-09-24T07:14:15,2026-09-24T07:14:15,2026-09-24T07:14:15
2882,國泰金,2024-10-23,69.2,-0.09999999999999432,-0.14%,,,,,,,,,ShowDailyK_ChartFlow,FinMind_API_TaiwanStockPrice_2882,True,2026-09-24T07:14:15,2026-09-24T07:14:15,2026-09-24T07:14:15
2882,國泰金,2024-10-24,68.2,-1.0,-1.45%,,,,,,,,,ShowDailyK_ChartFlow,FinMind_API_TaiwanStockPrice_2882,True,2026-09-24T07:14:15,2026-09-24T07:14:15,2026-09-24T07:14:15
2882,國泰金,2024-10-25,69.0,0.7999999999999972,1.17%,,,,,,,,,ShowDailyK_ChartFlow,FinMind_API_TaiwanStockPrice_2882,True,2026-09-24T07:14:15,2026-09-24T07:14:15,2026-09-24T07:14:15
2882,國泰金,2024-10-28,69.3,0.29999999999999716,0.43%,,,,,,,,,ShowDailyK_ChartFlow,FinMind_API_TaiwanStockPrice_2882,True,2026-09-24T07:14:15,2026-09-24T07:14:15,2026-09-24T07:14:15
2882,國泰金,2024-10-29,68.5,-0.7999999999999972,-1.15%,,,,,,,,,ShowDailyK_ChartFlow,FinMind_API_TaiwanStockPrice_2882,True,2026-09-24T07:14:15,2026-09-24T07:14:15,2026-09-24T07:14:15
2882,國泰金,2024-10-30,68.9,0.4000000000000057,0.58%,,,,,,,,,ShowDailyK_ChartFlow,FinMind_API_TaiwanStockPrice_2882,True,2026-09-24T07:14:15,2026-09-24T07:14:15,2026-09-24T07:14:15
2882,國泰金,2024-11-01,68.6,-0.30000000000001137,-0.44%,,,,,,,,,ShowDailyK_ChartFlow,FinMind_API_TaiwanStockPrice_2882,True,2026-09-24T07:14:15,2026-09-24T07:14:15,2026-09-24T07:14:15
2882,國泰金,2024-11-04,69.6,1.0,1.46%,,,,,,,,,ShowDailyK_ChartFlow,FinMind_API_TaiwanStockPrice_2882,True,2026-09-24T07:14:15,2026-09-24T07:14:15,2026-09-24T07:14:15
2882,國泰金,2024-11-05,69.8,0.20000000000000284,0.29%,,,,,,,,,ShowDailyK_ChartFlow,FinMind_API_TaiwanStockPrice_2882,True,2026-09-24T07:14:15,2026-09-24T07:14:15,2026-09-24T07:14:15
2882,國泰金,2024-11-06,69.1,-0.7000000000000028,-1.00%,,,,,,,,,ShowDailyK_ChartFlow,FinMind_API_TaiwanStockPrice_2882,True,2026-09-24T07:14:15,2026-09-24T07:14:15,2026-09-24T07:14:15
2882,國泰金,2024-11-07,69.8,0.7000000000000028,1.01%,,,,,,,,,ShowDailyK_ChartFlow,FinMind_API_TaiwanStockPrice_2882,True,2026-09-24T07:14:15,2026-09-24T07:14:15,2026-09-24T07:14:15
2882,國泰金,2024-11-08,69.5,-0.29999999999999716,-0.43%,,,,,,,,,ShowDailyK_ChartFlow,FinMind_API_TaiwanStockPrice_2882,True,2026-09-24T07:14:15,2026-09-24T07:14:15,2026-09-24T07:14:15
2882,國泰金,2024-11-11,68.7,-0.7999999999999972,-1.15%,,,,,,,,,ShowDailyK_ChartFlow,FinMind_API_TaiwanStockPrice_2882,True,2026-09-24T07:14:15,2026-09-24T07:14:15,2026-09-24T07:14:15
2882,國泰金,2024-11-12,67.5,-1.2000000000000028,-1.75%,,,,,,,,,ShowDailyK_ChartFlow,FinMind_API_TaiwanStockPrice_2882,True,2026-09-24T07:14:15,2026-09-24T07:14:15,2026-09-24T07:14:15
2882,國泰金,2024-11-13,66.8,-0.7000000000000028,-1.04%,,,,,,,,,ShowDailyK_ChartFlow,FinMind_API_TaiwanStockPrice_2882,True,2026-09-24T07:14:15,2026-09-24T07:14:15,2026-09-24T07:14:15
2882,國泰金,2024-11-14,66.2,-0.5999999999999943,-0.90%,,,,,,,,,ShowDailyK_ChartFlow,FinMind_API_TaiwanStockPrice_2882,True,2026-09-24T07:14:15,2026-09-24T07:14:15,2026-09-24T07:14:15
2882,國泰金,2024-11-15,66.9,0.7000000000000028,1.06%,,,,,,,,,ShowDailyK_ChartFlow,FinMind_API_TaiwanStockPrice_2882,True,2026-09-24T07:14:15,2026-09-24T07:14:15,2026-09-24T07:14:15
2882,國泰金,2024-11-18,67.0,0.09999999999999432,0.15%,,,,,,,,,ShowDailyK_ChartFlow,FinMind_API_TaiwanStockPrice_2882,True,2026-09-24T07:14:15,2026-09-24T07:14:15,2026-09-24T07:14:15
2882,國泰金,2024-11-19,67.7,0.7000000000000028,1.04%,,,,,,,,,ShowDailyK_ChartFlow,FinMind_API_TaiwanStockPrice_2882,True,2026-09-24T07:14:15,2026-09-24T07:14:15,2026-09-24T07:14:15
2882,國泰金,2024-11-20,67.4,-0.29999999999999716,-0.44%,,,,,,,,,ShowDailyK_ChartFlow,FinMind_API_TaiwanStockPrice_2882,True,2026-09-24T07:14:15,2026-09-24T07:14:15,2026-09-24T07:14:15
2882,國泰金,2024-11-21,66.6,-0.8000000000000114,-1.19%,,,,,,,,,ShowDailyK_ChartFlow,FinMind_API_TaiwanStockPrice_2882,True,2026-09-24T07:14:15,2026-09-24T07:14:15,2026-09-24T07:14:15
2882,國泰金,2024-11-22,66.8,0.20000000000000284,0.30%,,,,,,,,,ShowDailyK_ChartFlow,FinMind_API_TaiwanStockPrice_2882,True,2026-09-24T07:14:15,2026-09-24T07:14:15,2026-09-24T07:14:15
2882,國泰金,2024-11-25,67.3,0.5,0.75%,,,,,,,,,ShowDailyK_ChartFlow,FinMind_API_TaiwanStockPrice_2882,True,2026-09-24T07:14:15,2026-09-24T07:14:15,2026-09-24T07:14:15
2882,國泰金,2024-11-26,67.4,0.10000000000000853,0.15%,,,,,,,,,ShowDailyK_ChartFlow,FinMind_API_TaiwanStockPrice_2882,True,2026-09-24T07:14:15,2026-09-24T07:14:15,2026-09-24T07:14:15
2882,國泰金,2024-11-27,66.5,-0.9000000000000057,-1.34%,,,,,,,,,ShowDailyK_ChartFlow,FinMind_API_TaiwanStockPrice_2882,True,2026-09-24T07:14:15,2026-09-24T07:14:15,2026-09-24T07:14:15
2882,國泰金,2024-11-28,66.3,-0.20000000000000284,-0.30%,,,,,,,,,ShowDailyK_ChartFlow,FinMind_API_TaiwanStockPrice_2882,True,2026-09-24T07:14:15,2026-09-24T07:14:15,2026-09-24T07:14:15
2882,國泰金,2024-11-29,65.7,-0.5999999999999943,-0.90%,,,,,,,,,ShowDailyK_ChartFlow,FinMind_API_TaiwanStockPrice_2882,True,2026-09-24T07:14:15,2026-09-24T07:14:15,2026-09-24T07:14:15
2882,國泰金,2024-12-02,67.6,1.8999999999999915,2.89%,,,,,,,,,ShowDailyK_ChartFlow,FinMind_API_TaiwanStockPrice_2882,True,2026-09-24T07:14:15,2026-09-24T07:14:15,2026-09-24T07:14:15
2882,國泰金,2024-12-03,68.9,1.3000000000000114,1.92%,,,,,,,,,ShowDailyK_ChartFlow,FinMind_API_TaiwanStockPrice_2882,True,2026-09-24T07:14:15,2026-09-24T07:14:15,2026-09-24T07:14:15
2882,國泰金,2024-12-04,69.0,0.09999999999999432,0.15%,,,,,,,,,ShowDailyK_ChartFlow,FinMind_API_TaiwanStockPrice_2882,True,2026-09-24T07:14:15,2026-09-24T07:14:15,2026-09-24T07:14:15
2882,國泰金,2024-12-05,69.2,0.20000000000000284,0.29%,,,,,,,,,ShowDailyK_ChartFlow,FinMind_API_TaiwanStockPrice_2882,True,2026-09-24T07:14:15,2026-09-24T07:14:15,2026-09-24T07:14:15
2882,國泰金,2024-12-06,68.7,-0.5,-0.72%,,,,,,,,,ShowDailyK_ChartFlow,FinMind_API_TaiwanStockPrice_2882,True,2026-09-24T07:14:15,2026-09-24T07:14:15,2026-09-24T07:14:15
2882,國泰金,2024-12-09,69.2,0.5,0.73%,,,,,,,,,ShowDailyK_ChartFlow,FinMind_API_TaiwanStockPrice_2882,True,2026-09-24T07:14:15,2026-09-24T07:14:15,2026-09-24T07:14:15
2882,國泰金,2024-12-10,68.6,-0.6000000000000085,-0.87%,,,,,,,,,ShowDailyK_ChartFlow,FinMind_API_TaiwanStockPrice_2882,True,2026-09-24T07:14:15,2026-09-24T07:14:15,2026-09-24T07:14:15
2882,國泰金,2024-12-11,68.4,-0.19999999999998863,-0.29%,,,,,,,,,ShowDailyK_ChartFlow,FinMind_API_TaiwanStockPrice_2882,True,2026-09-24T07:14:15,2026-09-24T07:14:15,2026-09-24T07:14:15
2882,國泰金,2024-12-12,69.6,1.1999999999999886,1.75%,,,,,,,,,ShowDailyK_ChartFlow,FinMind_API_TaiwanStockPrice_2882,True,2026-09-24T07:14:15,2026-09-24T07:14:15,2026-09-24T07:14:15
2882,國泰金,2024-12-13,69.5,-0.09999999999999432,-0.14%,,,,,,,,,ShowDailyK_ChartFlow,FinMind_API_TaiwanStockPrice_2882,True,2026-09-24T07:14:15,2026-09-24T07:14:15,2026-09-24T07:14:15
2882,國泰金,2024-12-16,70.1,0.5999999999999943,0.86%,,,,,,,,,ShowDailyK_ChartFlow,FinMind_API_TaiwanStockPrice_2882,True,2026-09-24T07:14:15,2026-09-24T07:14:15,2026-09-24T07:14:15
2882,國泰金,2024-12-17,68.6,-1.5,-2.14%,,,,,,,,,ShowDailyK_ChartFlow,FinMind_API_TaiwanStockPrice_2882,True,2026-09-24T07:14:15,2026-09-24T07:14:15,2026-09-24T07:14:15
2882,國泰金,2024-12-18,68.8,0.20000000000000284,0.29%,,,,,,,,,ShowDailyK_ChartFlow,FinMind_API_TaiwanStockPrice_2882,True,2026-09-24T07:14:15,2026-09-24T07:14:15,2026-09-24T07:14:15
2882,國泰金,2024-12-19,67.7,-1.0999999999999943,-1.60%,,,,,,,,,ShowDailyK_ChartFlow,FinMind_API_TaiwanStockPrice_2882,True,2026-09-24T07:14:15,2026-09-24T07:14:15,2026-09-24T07:14:15
2882,國泰金,2024-12-20,67.3,-0.4000000000000057,-0.59%,,,,,,,,,ShowDailyK_ChartFlow,FinMind_API_TaiwanStockPrice_2882,True,2026-09-24T07:14:15,2026-09-24T07:14:15,2026-09-24T07:14:15
2882,國泰金,2024-12-23,69.0,1.7000000000000028,2.53%,,,,,,,,,ShowDailyK_ChartFlow,FinMind_API_TaiwanStockPrice_2882,True,2026-09-24T07:14:15,2026-09-24T07:14:15,2026-09-24T07:14:15
2882,國泰金,2024-12-24,68.9,-0.09999999999999432,-0.14%,,,,,,,,,ShowDailyK_ChartFlow,FinMind_API_TaiwanStockPrice_2882,True,2026-09-24T07:14:15,2026-09-24T07:14:15,2026-09-24T07:14:15
2882,國泰金,2024-12-25,68.7,-0.20000000000000284,-0.29%,,,,,,,,,ShowDailyK_ChartFlow,FinMind_API_TaiwanStockPrice_2882,True,2026-09-24T07:14:15,2026-09-24T07:14:15,2026-09-24T07:14:15
2882,國泰金,2024-12-26,68.7,0.0,0.00%,,,,,,,,,ShowDailyK_ChartFlow,FinMind_API_TaiwanStockPrice_2882,True,2026-09-24T07:14:15,2026-09-24T07:14:15,2026-09-24T07:14:15
2882,國泰金,2024-12-27,69.3,0.5999999999999943,0.87%,,,,,,,,,ShowDailyK_ChartFlow,FinMind_API_TaiwanStockPrice_2882,True,2026-09-24T07:14:15,2026-09-24T07:14:15,2026-09-24T07:14:15
2882,國泰金,2024-12-30,69.2,-0.09999999999999432,-0.14%,,,,,,,,,ShowDailyK_ChartFlow,FinMind_API_TaiwanStockPrice_2882,True,2026-09-24T07:14:15,2026-09-24T07:14:15,2026-09-24T07:14:15
2882,國泰金,2024-12-31,68.3,-0.9000000000000057,-1.30%,,,,,,,,,ShowDailyK_ChartFlow,FinMind_API_TaiwanStockPrice_2882,True,2026-09-24T07:14:15,2026-09-24T07:14:15,2026-09-24T07:14:15
2882,國泰金,2025-01-02,68.0,-0.29999999999999716,-0.44%,,,,,,,,,ShowDailyK_ChartFlow,FinMind_API_TaiwanStockPrice_2882,True,2026-09-24T07:14:15,2026-09-24T07:14:15,2026-09-24T07:14:15
2882,國泰金,2025-01-03,67.8,-0.20000000000000284,-0.29%,,,,,,,,,ShowDailyK_ChartFlow,FinMind_API_TaiwanStockPrice_2882,True,2026-09-24T07:14:15,2026-09-24T07:14:15,2026-09-24T07:14:15
2882,國泰金,2025-01-06,68.8,1.0,1.47%,,,,,,,,,ShowDailyK_ChartFlow,FinMind_API_TaiwanStockPrice_2882,True,2026-09-24T07:14:15,2026-09-24T07:14:15,2026-09-24T07:14:15
2882,國泰金,2025-01-07,69.1,0.29999999999999716,0.44%,,,,,,,,,ShowDailyK_ChartFlow,FinMind_API_TaiwanStockPrice_2882,True,2026-09-24T07:14:15,2026-09-24T07:14:15,2026-09-24T07:14:15
2882,國泰金,2025-01-08,68.8,-0.29999999999999716,-0.43%,,,,,,,,,ShowDailyK_ChartFlow,FinMind_API_TaiwanStockPrice_2882,True,2026-09-24T07:14:15,2026-09-24T07:14:15,2026-09-24T07:14:15
2882,國泰金,2025-01-09,68.3,-0.5,-0.73%,,,,,,,,,ShowDailyK_ChartFlow,FinMind_API_TaiwanStockPrice_2882,True,2026-09-24T07:14:15,2026-09-24T07:14:15,2026-09-24T07:14:15
2882,國泰金,2025-01-10,65.1,-3.200000000000003,-4.69%,,,,,,,,,ShowDailyK_ChartFlow,FinMind_API_TaiwanStockPrice_2882,True,2026-09-24T07:14:15,2026-09-24T07:14:15,2026-09-24T07:14:15
2882,國泰金,2025-01-13,64.2,-0.8999999999999915,-1.38%,,,,,,,,,ShowDailyK_ChartFlow,FinMind_API_TaiwanStockPrice_2882,True,2026-09-24T07:14:15,2026-09-24T07:14:15,2026-09-24T07:14:15
2882,國泰金,2025-01-14,65.5,1.2999999999999972,2.02%,,,,,,,,,ShowDailyK_ChartFlow,FinMind_API_TaiwanStockPrice_2882,True,2026-09-24T07:14:15,2026-09-24T07:14:15,2026-09-24T07:14:15
2882,國泰金,2025-01-15,64.7,-0.7999999999999972,-1.22%,,,,,,,,,ShowDailyK_ChartFlow,FinMind_API_TaiwanStockPrice_2882,True,2026-09-24T07:14:15,2026-09-24T07:14:15,2026-09-24T07:14:15
2882,國泰金,2025-01-16,65.5,0.7999999999999972,1.24%,,,,,,,,,ShowDailyK_ChartFlow,FinMind_API_TaiwanStockPrice_2882,True,2026-09-24T07:14:15,2026-09-24T07:14:15,2026-09-24T07:14:15
2882,國泰金,2025-01-17,65.5,0.0,0.00%,,,,,,,,,ShowDailyK_ChartFlow,FinMind_API_TaiwanStockPrice_2882,True,2026-09-24T07:14:15,2026-09-24T07:14:15,2026-09-24T07:14:15
2882,國泰金,2025-01-20,65.1,-0.4000000000000057,-0.61%,,,,,,,,,ShowDailyK_ChartFlow,FinMind_API_TaiwanStockPrice_2882,True,2026-09-24T07:14:15,2026-09-24T07:14:15,2026-09-24T07:14:15
2882,國泰金,2025-01-21,65.9,0.8000000000000114,1.23%,,,,,,,,,ShowDailyK_ChartFlow,FinMind_API_TaiwanStockPrice_2882,True,2026-09-24T07:14:15,2026-09-24T07:14:15,2026-09-24T07:14:15
2882,國泰金,2025-01-22,66.8,0.8999999999999915,1.37%,,,,,,,,,ShowDailyK_ChartFlow,FinMind_API_TaiwanStockPrice_2882,True,2026-09-24T07:14:15,2026-09-24T07:14:15,2026-09-24T07:14:15
2882,國泰金,2025-02-03,66.0,-0.7999999999999972,-1.20%,,,,,,,,,ShowDailyK_ChartFlow,FinMind_API_TaiwanStockPrice_2882,True,2026-09-24T07:14:15,2026-09-24T07:14:15,2026-09-24T07:14:15
2882,國泰金,2025-02-04,65.2,-0.7999999999999972,-1.21%,,,,,,,,,ShowDailyK_ChartFlow,FinMind_API_TaiwanStockPrice_2882,True,2026-09-24T07:14:15,2026-09-24T07:14:15,2026-09-24T07:14:15
2882,國泰金,2025-02-05,66.5,1.2999999999999972,1.99%,,,,,,,,,ShowDailyK_ChartFlow,FinMind_API_TaiwanStockPrice_2882,True,2026-09-24T07:14:15,2026-09-24T07:14:15,2026-09-24T07:14:15
2882,國泰金,2025-02-06,66.9,0.4000000000000057,0.60%,,,,,,,,,ShowDailyK_ChartFlow,FinMind_API_TaiwanStockPrice_2882,True,2026-09-24T07:14:15,2026-09-24T07:14:15,2026-09-24T07:14:15
2882,國泰金,2025-02-07,66.9,0.0,0.00%,,,,,,,,,ShowDailyK_ChartFlow,FinMind_API_TaiwanStockPrice_2882,True,2026-09-24T07:14:15,2026-09-24T07:14:15,2026-09-24T07:14:15
2882,國泰金,2025-02-10,67.4,0.5,0.75%,,,,,,,,,ShowDailyK_ChartFlow,FinMind_API_TaiwanStockPrice_2882,True,2026-09-24T07:14:15,2026-09-24T07:14:15,2026-09-24T07:14:15
2882,國泰金,2025-02-11,68.5,1.0999999999999943,1.63%,,,,,,,,,ShowDailyK_ChartFlow,FinMind_API_TaiwanStockPrice_2882,True,2026-09-24T07:14:15,2026-09-24T07:14:15,2026-09-24T07:14:15
2882,國泰金,2025-02-12,68.7,0.20000000000000284,0.29%,,,,,,,,,ShowDailyK_ChartFlow,FinMind_API_TaiwanStockPrice_2882,True,2026-09-24T07:14:15,2026-09-24T07:14:15,2026-09-24T07:14:15
2882,國泰金,2025-02-13,68.7,0.0,0.00%,,,,,,,,,ShowDailyK_ChartFlow,FinMind_API_TaiwanStockPrice_2882,True,2026-09-24T07:14:15,2026-09-24T07:14:15,2026-09-24T07:14:15
2882,國泰金,2025-02-14,68.7,0.0,0.00%,,,,,,,,,ShowDailyK_ChartFlow,FinMind_API_TaiwanStockPrice_2882,True,2026-09-24T07:14:15,2026-09-24T07:14:15,2026-09-24T07:14:15
2882,國泰金,2025-02-17,69.0,0.29999999999999716,0.44%,,,,,,,,,ShowDailyK_ChartFlow,FinMind_API_TaiwanStockPrice_2882,True,2026-09-24T07:14:15,2026-09-24T07:14:15,2026-09-24T07:14:15
2882,國泰金,2025-02-18,69.2,0.20000000000000284,0.29%,,,,,,,,,ShowDailyK_ChartFlow,FinMind_API_TaiwanStockPrice_2882,True,2026-09-24T07:14:15,2026-09-24T07:14:15,2026-09-24T07:14:15
2882,國泰金,2025-02-19,68.7,-0.5,-0.72%,,,,,,,,,ShowDailyK_ChartFlow,FinMind_API_TaiwanStockPrice_2882,True,2026-09-24T07:14:15,2026-09-24T07:14:15,2026-09-24T07:14:15
2882,國泰金,2025-02-20,68.8,0.09999999999999432,0.15%,,,,,,,,,ShowDailyK_ChartFlow,FinMind_API_TaiwanStockPrice_2882,True,2026-09-24T07:14:15,2026-09-24T07:14:15,2026-09-24T07:14:15
2882,國泰金,2025-02-21,68.9,0.10000000000000853,0.15%,,,,,,,,,ShowDailyK_ChartFlow,FinMind_API_TaiwanStockPrice_2882,True,2026-09-24T07:14:15,2026-09-24T07:14:15,2026-09-24T07:14:15
2882,國泰金,2025-02-24,68.7,-0.20000000000000284,-0.29%,,,,,,,,,ShowDailyK_ChartFlow,FinMind_API_TaiwanStockPrice_2882,True,2026-09-24T07:14:15,2026-09-24T07:14:15,2026-09-24T07:14:15
2882,國泰金,2025-02-25,68.7,0.0,0.00%,,,,,,,,,ShowDailyK_ChartFlow,FinMind_API_TaiwanStockPrice_2882,True,2026-09-24T07:14:15,2026-09-24T07:14:15,2026-09-24T07:14:15
2882,國泰金,2025-02-26,69.2,0.5,0.73%,,,,,,,,,ShowDailyK_ChartFlow,FinMind_API_TaiwanStockPrice_2882,True,2026-09-24T07:14:15,2026-09-24T07:14:15,2026-09-24T07:14:15
2882,國泰金,2025-02-27,68.4,-0.7999999999999972,-1.16%,,,,,,,,,ShowDailyK_ChartFlow,FinMind_API_TaiwanStockPrice_2882,True,2026-09-24T07:14:15,2026-09-24T07:14:15,2026-09-24T07:14:15
2882,國泰金,2025-03-03,68.8,0.3999999999999915,0.58%,,,,,,,,,ShowDailyK_ChartFlow,FinMind_API_TaiwanStockPrice_2882,True,2026-09-24T07:14:15,2026-09-24T07:14:15,2026-09-24T07:14:15
2882,國泰金,2025-03-04,67.7,-1.0999999999999943,-1.60%,,,,,,,,,ShowDailyK_ChartFlow,FinMind_API_TaiwanStockPrice_2882,True,2026-09-24T07:14:15,2026-09-24T07:14:15,2026-09-24T07:14:15
2882,國泰金,2025-03-05,68.2,0.5,0.74%,,,,,,,,,ShowDailyK_ChartFlow,FinMind_API_TaiwanStockPrice_2882,True,2026-09-24T07:14:15,2026-09-24T07:14:15,2026-09-24T07:14:15
2882,國泰金,2025-03-06,68.7,0.5,0.73%,,,,,,,,,ShowDailyK_ChartFlow,FinMind_API_TaiwanStockPrice_2882,True,2026-09-24T07:14:15,2026-09-24T07:14:15,2026-09-24T07:14:15
2882,國泰金,2025-03-07,67.3,-1.4000000000000057,-2.04%,,,,,,,,,ShowDailyK_ChartFlow,FinMind_API_TaiwanStockPrice_2882,True,2026-09-24T07:14:15,2026-09-24T07:14:15,2026-09-24T07:14:15
2882,國泰金,2025-03-10,67.3,0.0,0.00%,,,,,,,,,ShowDailyK_ChartFlow,FinMind_API_TaiwanStockPrice_2882,True,2026-09-24T07:14:15,2026-09-24T07:14:15,2026-09-24T07:14:15
2882,國泰金,2025-03-11,65.9,-1.3999999999999915,-2.08%,,,,,,,,,ShowDailyK_ChartFlow,FinMind_API_TaiwanStockPrice_2882,True,2026-09-24T07:14:15,2026-09-24T07:14:15,2026-09-24T07:14:15
2882,國泰金,2025-03-12,66.5,0.5999999999999943,0.91%,,,,,,,,,ShowDailyK_ChartFlow,FinMind_API_TaiwanStockPrice_2882,True,2026-09-24T07:14:15,2026-09-24T07:14:15,2026-09-24T07:14:15
2882,國泰金,2025-03-13,65.9,-0.5999999999999943,-0.90%,,,,,,,,,ShowDailyK_ChartFlow,FinMind_API_TaiwanStockPrice_2882,True,2026-09-24T07:14:15,2026-09-24T07:14:15,2026-09-24T07:14:15
2882,國泰金,2025-03-14,66.0,0.09999999999999432,0.15%,,,,,,,,,ShowDailyK_ChartFlow,FinMind_API_TaiwanStockPrice_2882,True,2026-09-24T07:14:15,2026-09-24T07:14:15,2026-09-24T07:14:15
2882,國泰金,2025-03-17,66.0,0.0,0.00%,,,,,,,,,ShowDailyK_ChartFlow,FinMind_API_TaiwanStockPrice_2882,True,2026-09-24T07:14:15,2026-09-24T07:14:15,2026-09-24T07:14:15
2882,國泰金,2025-03-18,66.5,0.5,0.76%,,,,,,,,,ShowDailyK_ChartFlow,FinMind_API_TaiwanStockPrice_2882,True,2026-09-24T07:14:15,2026-09-24T07:14:15,2026-09-24T07:14:15
2882,國泰金,2025-03-19,65.3,-1.2000000000000028,-1.80%,,,,,,,,,ShowDailyK_ChartFlow,FinMind_API_TaiwanStockPrice_2882,True,2026-09-24T07:14:15,2026-09-24T07:14:15,2026-09-24T07:14:15
2882,國泰金,2025-03-20,65.9,0.6000000000000085,0.92%,,,,,,,,,ShowDailyK_ChartFlow,FinMind_API_TaiwanStockPrice_2882,True,2026-09-24T07:14:15,2026-09-24T07:14:15,2026-09-24T07:14:15
2882,國泰金,2025-03-21,65.1,-0.8000000000000114,-1.21%,,,,,,,,,ShowDailyK_ChartFlow,FinMind_API_TaiwanStockPrice_2882,True,2026-09-24T07:14:15,2026-09-24T07:14:15,2026-09-24T07:14:15
2882,國泰金,2025-03-24,65.0,-0.09999999999999432,-0.15%,,,,,,,,,ShowDailyK_ChartFlow,FinMind_API_TaiwanStockPrice_2882,True,2026-09-24T07:14:15,2026-09-24T07:14:15,2026-09-24T07:14:15
2882,國泰金,2025-03-25,65.0,0.0,0.00%,,,,,,,,,ShowDailyK_ChartFlow,FinMind_API_TaiwanStockPrice_2882,True,2026-09-24T07:14:15,2026-09-24T07:14:15,2026-09-24T07:14:15
2882,國泰金,2025-03-26,65.4,0.4000000000000057,0.62%,,,,,,,,,ShowDailyK_ChartFlow,FinMind_API_TaiwanStockPrice_2882,True,2026-09-24T07:14:15,2026-09-24T07:14:15,2026-09-24T07:14:15
2882,國泰金,2025-03-27,65.3,-0.10000000000000853,-0.15%,,,,,,,,,ShowDailyK_ChartFlow,FinMind_API_TaiwanStockPrice_2882,True,2026-09-24T07:14:15,2026-09-24T07:14:15,2026-09-24T07:14:15
2882,國泰金,2025-03-28,64.0,-1.2999999999999972,-1.99%,,,,,,,,,ShowDailyK_ChartFlow,FinMind_API_TaiwanStockPrice_2882,True,2026-09-24T07:14:15,2026-09-24T07:14:15,2026-09-24T07:14:15
2882,國泰金,2025-03-31,61.2,-2.799999999999997,-4.37%,,,,,,,,,ShowDailyK_ChartFlow,FinMind_API_TaiwanStockPrice_2882,True,2026-09-24T07:14:15,2026-09-24T07:14:15,2026-09-24T07:14:15
2882,國泰金,2025-04-01,61.6,0.3999999999999986,0.65%,,,,,,,,,ShowDailyK_ChartFlow,FinMind_API_TaiwanStockPrice_2882,True,2026-09-24T07:14:15,2026-09-24T07:14:15,2026-09-24T07:14:15
2882,國泰金,2025-04-02,61.6,0.0,0.00%,,,,,,,,,ShowDailyK_ChartFlow,FinMind_API_TaiwanStockPrice_2882,True,2026-09-24T07:14:15,2026-09-24T07:14:15,2026-09-24T07:14:15
2882,國泰金,2025-04-07,55.5,-6.100000000000001,-9.90%,,,,,,,,,ShowDailyK_ChartFlow,FinMind_API_TaiwanStockPrice_2882,True,2026-09-24T07:14:15,2026-09-24T07:14:15,2026-09-24T07:14:15
2882,國泰金,2025-04-08,54.1,-1.3999999999999986,-2.52%,,,,,,,,,ShowDailyK_ChartFlow,FinMind_API_TaiwanStockPrice_2882,True,2026-09-24T07:14:15,2026-09-24T07:14:15,2026-09-24T07:14:15
2882,國泰金,2025-04-09,49.5,-4.600000000000001,-8.50%,,,,,,,,,ShowDailyK_ChartFlow,FinMind_API_TaiwanStockPrice_2882,True,2026-09-24T07:14:15,2026-09-24T07:14:15,2026-09-24T07:14:15
2882,國泰金,2025-04-10,54.4,4.899999999999999,9.90%,,,,,,,,,ShowDailyK_ChartFlow,FinMind_API_TaiwanStockPrice_2882,True,2026-09-24T07:14:15,2026-09-24T07:14:15,2026-09-24T07:14:15
2882,國泰金,2025-04-11,54.2,-0.19999999999999574,-0.37%,,,,,,,,,ShowDailyK_ChartFlow,FinMind_API_TaiwanStockPrice_2882,True,2026-09-24T07:14:15,2026-09-24T07:14:15,2026-09-24T07:14:15
2882,國泰金,2025-04-14,54.5,0.29999999999999716,0.55%,,,,,,,,,ShowDailyK_ChartFlow,FinMind_API_TaiwanStockPrice_2882,True,2026-09-24T07:14:15,2026-09-24T07:14:15,2026-09-24T07:14:15
2882,國泰金,2025-04-15,56.0,1.5,2.75%,,,,,,,,,ShowDailyK_ChartFlow,FinMind_API_TaiwanStockPrice_2882,True,2026-09-24T07:14:15,2026-09-24T07:14:15,2026-09-24T07:14:15
2882,國泰金,2025-04-16,54.8,-1.2000000000000028,-2.14%,,,,,,,,,ShowDailyK_ChartFlow,FinMind_API_TaiwanStockPrice_2882,True,2026-09-24T07:14:15,2026-09-24T07:14:15,2026-09-24T07:14:15
2882,國泰金,2025-04-17,53.9,-0.8999999999999986,-1.64%,,,,,,,,,ShowDailyK_ChartFlow,FinMind_API_TaiwanStockPrice_2882,True,2026-09-24T07:14:15,2026-09-24T07:14:15,2026-09-24T07:14:15
2882,國泰金,2025-04-18,53.6,-0.29999999999999716,-0.56%,,,,,,,,,ShowDailyK_ChartFlow,FinMind_API_TaiwanStockPrice_2882,True,2026-09-24T07:14:15,2026-09-24T07:14:15,2026-09-24T07:14:15
2882,國泰金,2025-04-21,54.1,0.5,0.93%,,,,,,,,,ShowDailyK_ChartFlow,FinMind_API_TaiwanStockPrice_2882,True,2026-09-24T07:14:15,2026-09-24T07:14:15,2026-09-24T07:14:15
2882,國泰金,2025-04-22,52.5,-1.6000000000000014,-2.96%,,,,,,,,,ShowDailyK_ChartFlow,FinMind_API_TaiwanStockPrice_2882,True,2026-09-24T07:14:15,2026-09-24T07:14:15,2026-09-24T07:14:15
2882,國泰金,2025-04-23,53.6,1.1000000000000014,2.10%,,,,,,,,,ShowDailyK_ChartFlow,FinMind_API_TaiwanStockPrice_2882,True,2026-09-24T07:14:15,2026-09-24T07:14:15,2026-09-24T07:14:15
2882,國泰金,2025-04-24,53.5,-0.10000000000000142,-0.19%,,,,,,,,,ShowDailyK_ChartFlow,FinMind_API_TaiwanStockPrice_2882,True,2026-09-24T07:14:15,2026-09-24T07:14:15,2026-09-24T07:14:15
2882,國泰金,2025-04-25,54.1,0.6000000000000014,1.12%,,,,,,,,,ShowDailyK_ChartFlow,FinMind_API_TaiwanStockPrice_2882,True,2026-09-24T07:14:15,2026-09-24T07:14:15,2026-09-24T07:14:15
2882,國泰金,2025-04-28,54.6,0.5,0.92%,,,,,,,,,ShowDailyK_ChartFlow,FinMind_API_TaiwanStockPrice_2882,True,2026-09-24T07:14:15,2026-09-24T07:14:15,2026-09-24T07:14:15
2882,國泰金,2025-04-29,55.7,1.1000000000000014,2.01%,,,,,,,,,ShowDailyK_ChartFlow,FinMind_API_TaiwanStockPrice_2882,True,2026-09-24T07:14:15,2026-09-24T07:14:15,2026-09-24T07:14:15
2882,國泰金,2025-04-30,58.5,2.799999999999997,5.03%,,,,,,,,,ShowDailyK_ChartFlow,FinMind_API_TaiwanStockPrice_2882,True,2026-09-24T07:14:15,2026-09-24T07:14:15,2026-09-24T07:14:15
2882,國泰金,2025-05-02,58.7,0.20000000000000284,0.34%,,,,,,,,,ShowDailyK_ChartFlow,FinMind_API_TaiwanStockPrice_2882,True,2026-09-24T07:14:15,2026-09-24T07:14:15,2026-09-24T07:14:15
2882,國泰金,2025-05-05,54.7,-4.0,-6.81%,,,,,,,,,ShowDailyK_ChartFlow,FinMind_API_TaiwanStockPrice_2882,True,2026-09-24T07:14:15,2026-09-24T07:14:15,2026-09-24T07:14:15
2882,國泰金,2025-05-06,55.9,1.1999999999999957,2.19%,,,,,,,,,ShowDailyK_ChartFlow,FinMind_API_TaiwanStockPrice_2882,True,2026-09-24T07:14:15,2026-09-24T07:14:15,2026-09-24T07:14:15
2882,國泰金,2025-05-07,56.2,0.30000000000000426,0.54%,,,,,,,,,ShowDailyK_ChartFlow,FinMind_API_TaiwanStockPrice_2882,True,2026-09-24T07:14:15,2026-09-24T07:14:15,2026-09-24T07:14:15
2882,國泰金,2025-05-08,55.2,-1.0,-1.78%,,,,,,,,,ShowDailyK_ChartFlow,FinMind_API_TaiwanStockPrice_2882,True,2026-09-24T07:14:15,2026-09-24T07:14:15,2026-09-24T07:14:15
2882,國泰金,2025-05-09,55.2,0.0,0.00%,,,,,,,,,ShowDailyK_ChartFlow,FinMind_API_TaiwanStockPrice_2882,True,2026-09-24T07:14:15,2026-09-24T07:14:15,2026-09-24T07:14:15
2882,國泰金,2025-05-12,56.1,0.8999999999999986,1.63%,,,,,,,,,ShowDailyK_ChartFlow,FinMind_API_TaiwanStockPrice_2882,True,2026-09-24T07:14:15,2026-09-24T07:14:15,2026-09-24T07:14:15
2882,國泰金,2025-05-13,57.9,1.7999999999999972,3.21%,,,,,,,,,ShowDailyK_ChartFlow,FinMind_API_TaiwanStockPrice_2882,True,2026-09-24T07:14:15,2026-09-24T07:14:15,2026-09-24T07:14:15
2882,國泰金,2025-05-14,58.8,0.8999999999999986,1.55%,,,,,,,,,ShowDailyK_ChartFlow,FinMind_API_TaiwanStockPrice_2882,True,2026-09-24T07:14:15,2026-09-24T07:14:15,2026-09-24T07:14:15
2882,國泰金,2025-05-15,59.6,0.8000000000000043,1.36%,,,,,,,,,ShowDailyK_ChartFlow,FinMind_API_TaiwanStockPrice_2882,True,2026-09-24T07:14:15,2026-09-24T07:14:15,2026-09-24T07:14:15
2882,國泰金,2025-05-16,63.0,3.3999999999999986,5.70%,,,,,,,,,ShowDailyK_ChartFlow,FinMind_API_TaiwanStockPrice_2882,True,2026-09-24T07:14:15,2026-09-24T07:14:15,2026-09-24T07:14:15
2882,國泰金,2025-05-19,60.5,-2.5,-3.97%,,,,,,,,,ShowDailyK_ChartFlow,FinMind_API_TaiwanStockPrice_2882,True,2026-09-24T07:14:15,2026-09-24T07:14:15,2026-09-24T07:14:15
2882,國泰金,2025-05-20,61.5,1.0,1.65%,,,,,,,,,ShowDailyK_ChartFlow,FinMind_API_TaiwanStockPrice_2882,True,2026-09-24T07:14:15,2026-09-24T07:14:15,2026-09-24T07:14:15
2882,國泰金,2025-05-21,63.5,2.0,3.25%,,,,,,,,,ShowDailyK_ChartFlow,FinMind_API_TaiwanStockPrice_2882,True,2026-09-24T07:14:15,2026-09-24T07:14:15,2026-09-24T07:14:15
2882,國泰金,2025-05-22,65.6,2.0999999999999943,3.31%,,,,,,,,,ShowDailyK_ChartFlow,FinMind_API_TaiwanStockPrice_2882,True,2026-09-24T07:14:15,2026-09-24T07:14:15,2026-09-24T07:14:15
2882,國泰金,2025-05-23,65.7,0.10000000000000853,0.15%,,,,,,,,,ShowDailyK_ChartFlow,FinMind_API_TaiwanStockPrice_2882,True,2026-09-24T07:14:15,2026-09-24T07:14:15,2026-09-24T07:14:15
2882,國泰金,2025-05-26,63.0,-2.700000000000003,-4.11%,,,,,,,,,ShowDailyK_ChartFlow,FinMind_API_TaiwanStockPrice_2882,True,2026-09-24T07:14:15,2026-09-24T07:14:15,2026-09-24T07:14:15
2882,國泰金,2025-05-27,62.2,-0.7999999999999972,-1.27%,,,,,,,,,ShowDailyK_ChartFlow,FinMind_API_TaiwanStockPrice_2882,True,2026-09-24T07:14:15,2026-09-24T07:14:15,2026-09-24T07:14:15
2882,國泰金,2025-05-28,61.2,-1.0,-1.61%,,,,,,,,,ShowDailyK_ChartFlow,FinMind_API_TaiwanStockPrice_2882,True,2026-09-24T07:14:15,2026-09-24T07:14:15,2026-09-24T07:14:15
2882,國泰金,2025-05-29,59.8,-1.4000000000000057,-2.29%,,,,,,,,,ShowDailyK_ChartFlow,FinMind_API_TaiwanStockPrice_2882,True,2026-09-24T07:14:15,2026-09-24T07:14:15,2026-09-24T07:14:15
2882,國泰金,2025-06-02,60.4,0.6000000000000014,1.00%,,,,,,,,,ShowDailyK_ChartFlow,FinMind_API_TaiwanStockPrice_2882,True,2026-09-24T07:14:15,2026-09-24T07:14:15,2026-09-24T07:14:15
2882,國泰金,2025-06-03,63.9,3.5,5.79%,,,,,,,,,ShowDailyK_ChartFlow,FinMind_API_TaiwanStockPrice_2882,True,2026-09-24T07:14:15,2026-09-24T07:14:15,2026-09-24T07:14:15
2882,國泰金,2025-06-04,64.7,0.8000000000000043,1.25%,,,,,,,,,ShowDailyK_ChartFlow,FinMind_API_TaiwanStockPrice_2882,True,2026-09-24T07:14:15,2026-09-24T07:14:15,2026-09-24T07:14:15
2882,國泰金,2025-06-05,66.1,1.3999999999999915,2.16%,,,,,,,,,ShowDailyK_ChartFlow,FinMind_API_TaiwanStockPrice_2882,True,2026-09-24T07:14:15,2026-09-24T07:14:15,2026-09-24T07:14:15
2882,國泰金,2025-06-06,66.3,0.20000000000000284,0.30%,,,,,,,,,ShowDailyK_ChartFlow,FinMind_API_TaiwanStockPrice_2882,True,2026-09-24T07:14:15,2026-09-24T07:14:15,2026-09-24T07:14:15
2882,國泰金,2025-06-09,67.7,1.4000000000000057,2.11%,,,,,,,,,ShowDailyK_ChartFlow,FinMind_API_TaiwanStockPrice_2882,True,2026-09-24T07:14:15,2026-09-24T07:14:15,2026-09-24T07:14:15
2882,國泰金,2025-06-10,66.0,-1.7000000000000028,-2.51%,,,,,,,,,ShowDailyK_ChartFlow,FinMind_API_TaiwanStockPrice_2882,True,2026-09-24T07:14:15,2026-09-24T07:14:15,2026-09-24T07:14:15
2882,國泰金,2025-06-11,68.4,2.4000000000000057,3.64%,,,,,,,,,ShowDailyK_ChartFlow,FinMind_API_TaiwanStockPrice_2882,True,2026-09-24T07:14:15,2026-09-24T07:14:15,2026-09-24T07:14:15
2882,國泰金,2025-06-12,68.5,0.09999999999999432,0.15%,,,,,,,,,ShowDailyK_ChartFlow,FinMind_API_TaiwanStockPrice_2882,True,2026-09-24T07:14:15,2026-09-24T07:14:15,2026-09-24T07:14:15
2882,國泰金,2025-06-13,69.0,0.5,0.73%,,,,,,,,,ShowDailyK_ChartFlow,FinMind_API_TaiwanStockPrice_2882,True,2026-09-24T07:14:15,2026-09-24T07:14:15,2026-09-24T07:14:15
2882,國泰金,2025-06-16,67.3,-1.7000000000000028,-2.46%,,,,,,,,,ShowDailyK_ChartFlow,FinMind_API_TaiwanStockPrice_2882,True,2026-09-24T07:14:15,2026-09-24T07:14:15,2026-09-24T07:14:15
2882,國泰金,2025-06-17,65.7,-1.5999999999999943,-2.38%,,,,,,,,,ShowDailyK_ChartFlow,FinMind_API_TaiwanStockPrice_2882,True,2026-09-24T07:14:15,2026-09-24T07:14:15,2026-09-24T07:14:15
2882,國泰金,2025-06-18,67.3,1.5999999999999943,2.44%,,,,,,,,,ShowDailyK_ChartFlow,FinMind_API_TaiwanStockPrice_2882,True,2026-09-24T07:14:15,2026-09-24T07:14:15,2026-09-24T07:14:15
2882,國泰金,2025-06-19,66.2,-1.0999999999999943,-1.63%,,,,,,,,,ShowDailyK_ChartFlow,FinMind_API_TaiwanStockPrice_2882,True,2026-09-24T07:14:15,2026-09-24T07:14:15,2026-09-24T07:14:15
2882,國泰金,2025-06-20,65.6,-0.6000000000000085,-0.91%,,,,,,,,,ShowDailyK_ChartFlow,FinMind_API_TaiwanStockPrice_2882,True,2026-09-24T07:14:15,2026-09-24T07:14:15,2026-09-24T07:14:15
2882,國泰金,2025-06-23,65.9,0.30000000000001137,0.46%,,,,,,,,,ShowDailyK_ChartFlow,FinMind_API_TaiwanStockPrice_2882,True,2026-09-24T07:14:15,2026-09-24T07:14:15,2026-09-24T07:14:15
2882,國泰金,2025-06-24,66.5,0.5999999999999943,0.91%,,,,,,,,,ShowDailyK_ChartFlow,FinMind_API_TaiwanStockPrice_2882,True,2026-09-24T07:14:15,2026-09-24T07:14:15,2026-09-24T07:14:15
2882,國泰金,2025-06-25,66.5,0.0,0.00%,,,,,,,,,ShowDailyK_ChartFlow,FinMind_API_TaiwanStockPrice_2882,True,2026-09-24T07:14:15,2026-09-24T07:14:15,2026-09-24T07:14:15
2882,國泰金,2025-06-26,66.7,0.20000000000000284,0.30%,,,,,,,,,ShowDailyK_ChartFlow,FinMind_API_TaiwanStockPrice_2882,True,2026-09-24T07:14:15,2026-09-24T07:14:15,2026-09-24T07:14:15
2882,國泰金,2025-06-27,67.9,1.2000000000000028,1.80%,,,,,,,,,ShowDailyK_ChartFlow,FinMind_API_TaiwanStockPrice_2882,True,2026-09-24T07:14:15,2026-09-24T07:14:15,2026-09-24T07:14:15
2882,國泰金,2025-06-30,62.8,-5.1000000000000085,-7.51%,,,,,,,,,ShowDailyK_ChartFlow,FinMind_API_TaiwanStockPrice_2882,True,2026-09-24T07:14:15,2026-09-24T07:14:15,2026-09-24T07:14:15
2882,國泰金,2025-07-01,63.4,0.6000000000000014,0.96%,,,,,,,,,ShowDailyK_ChartFlow,FinMind_API_TaiwanStockPrice_2882,True,2026-09-24T07:14:15,2026-09-24T07:14:15,2026-09-24T07:14:15
2882,國泰金,2025-07-02,62.6,-0.7999999999999972,-1.26%,,,,,,,,,ShowDailyK_ChartFlow,FinMind_API_TaiwanStockPrice_2882,True,2026-09-24T07:14:15,2026-09-24T07:14:15,2026-09-24T07:14:15
2882,國泰金,2025-07-03,62.7,0.10000000000000142,0.16%,,,,,,,,,ShowDailyK_ChartFlow,FinMind_API_TaiwanStockPrice_2882,True,2026-09-24T07:14:15,2026-09-24T07:14:15,2026-09-24T07:14:15
2882,國泰金,2025-07-04,61.5,-1.2000000000000028,-1.91%,,,,,,,,,ShowDailyK_ChartFlow,FinMind_API_TaiwanStockPrice_2882,True,2026-09-24T07:14:15,2026-09-24T07:14:15,2026-09-24T07:14:15
2882,國泰金,2025-07-07,61.8,0.29999999999999716,0.49%,,,,,,,,,ShowDailyK_ChartFlow,FinMind_API_TaiwanStockPrice_2882,True,2026-09-24T07:14:15,2026-09-24T07:14:15,2026-09-24T07:14:15
2882,國泰金,2025-07-08,61.6,-0.19999999999999574,-0.32%,,,,,,,,,ShowDailyK_ChartFlow,FinMind_API_TaiwanStockPrice_2882,True,2026-09-24T07:14:15,2026-09-24T07:14:15,2026-09-24T07:14:15
2882,國泰金,2025-07-09,61.1,-0.5,-0.81%,,,,,,,,,ShowDailyK_ChartFlow,FinMind_API_TaiwanStockPrice_2882,True,2026-09-24T07:14:15,2026-09-24T07:14:15,2026-09-24T07:14:15
2882,國泰金,2025-07-10,62.7,1.6000000000000014,2.62%,,,,,,,,,ShowDailyK_ChartFlow,FinMind_API_TaiwanStockPrice_2882,True,2026-09-24T07:14:15,2026-09-24T07:14:15,2026-09-24T07:14:15
2882,國泰金,2025-07-11,62.5,-0.20000000000000284,-0.32%,,,,,,,,,ShowDailyK_ChartFlow,FinMind_API_TaiwanStockPrice_2882,True,2026-09-24T07:14:15,2026-09-24T07:14:15,2026-09-24T07:14:15
2882,國泰金,2025-07-14,63.2,0.7000000000000028,1.12%,,,,,,,,,ShowDailyK_ChartFlow,FinMind_API_TaiwanStockPrice_2882,True,2026-09-24T07:14:15,2026-09-24T07:14:15,2026-09-24T07:14:15
2882,國泰金,2025-07-15,63.1,-0.10000000000000142,-0.16%,,,,,,,,,ShowDailyK_ChartFlow,FinMind_API_TaiwanStockPrice_2882,True,2026-09-24T07:14:15,2026-09-24T07:14:15,2026-09-24T07:14:15
2882,國泰金,2025-07-16,63.5,0.3999999999999986,0.63%,,,,,,,,,ShowDailyK_ChartFlow,FinMind_API_TaiwanStockPrice_2882,True,2026-09-24T07:14:15,2026-09-24T07:14:15,2026-09-24T07:14:15
2882,國泰金,2025-07-17,63.1,-0.3999999999999986,-0.63%,,,,,,,,,ShowDailyK_ChartFlow,FinMind_API_TaiwanStockPrice_2882,True,2026-09-24T07:14:15,2026-09-24T07:14:15,2026-09-24T07:14:15
2882,國泰金,2025-07-18,62.6,-0.5,-0.79%,,,,,,,,,ShowDailyK_ChartFlow,FinMind_API_TaiwanStockPrice_2882,True,2026-09-24T07:14:15,2026-09-24T07:14:15,2026-09-24T07:14:15
2882,國泰金,2025-07-21,62.3,-0.30000000000000426,-0.48%,,,,,,,,,ShowDailyK_ChartFlow,FinMind_API_TaiwanStockPrice_2882,True,2026-09-24T07:14:15,2026-09-24T07:14:15,2026-09-24T07:14:15
2882,國泰金,2025-07-22,61.7,-0.5999999999999943,-0.96%,,,,,,,,,ShowDailyK_ChartFlow,FinMind_API_TaiwanStockPrice_2882,True,2026-09-24T07:14:15,2026-09-24T07:14:15,2026-09-24T07:14:15
2882,國泰金,2025-07-23,62.7,1.0,1.62%,,,,,,,,,ShowDailyK_ChartFlow,FinMind_API_TaiwanStockPrice_2882,True,2026-09-24T07:14:15,2026-09-24T07:14:15,2026-09-24T07:14:15
2882,國泰金,2025-07-24,62.6,-0.10000000000000142,-0.16%,,,,,,,,,ShowDailyK_ChartFlow,FinMind_API_TaiwanStockPrice_2882,True,2026-09-24T07:14:15,2026-09-24T07:14:15,2026-09-24T07:14:15
2882,國泰金,2025-07-25,62.6,0.0,0.00%,,,,,,,,,ShowDailyK_ChartFlow,FinMind_API_TaiwanStockPrice_2882,True,2026-09-24T07:14:15,2026-09-24T07:14:15,2026-09-24T07:14:15
2882,國泰金,2025-07-28,61.9,-0.7000000000000028,-1.12%,,,,,,,,,ShowDailyK_ChartFlow,FinMind_API_TaiwanStockPrice_2882,True,2026-09-24T07:14:15,2026-09-24T07:14:15,2026-09-24T07:14:15
2882,國泰金,2025-07-29,61.3,-0.6000000000000014,-0.97%,,,,,,,,,ShowDailyK_ChartFlow,FinMind_API_TaiwanStockPrice_2882,True,2026-09-24T07:14:15,2026-09-24T07:14:15,2026-09-24T07:14:15
2882,國泰金,2025-07-30,61.5,0.20000000000000284,0.33%,,,,,,,,,ShowDailyK_ChartFlow,FinMind_API_TaiwanStockPrice_2882,True,2026-09-24T07:14:15,2026-09-24T07:14:15,2026-09-24T07:14:15
2882,國泰金,2025-07-31,60.9,-0.6000000000000014,-0.98%,,,,,,,,,ShowDailyK_ChartFlow,FinMind_API_TaiwanStockPrice_2882,True,2026-09-24T07:14:15,2026-09-24T07:14:15,2026-09-24T07:14:15
2882,國泰金,2025-08-01,61.2,0.30000000000000426,0.49%,,,,,,,,,ShowDailyK_ChartFlow,FinMind_API_TaiwanStockPrice_2882,True,2026-09-24T07:14:15,2026-09-24T07:14:15,2026-09-24T07:14:15
2882,國泰金,2025-08-04,62.5,1.2999999999999972,2.12%,,,,,,,,,ShowDailyK_ChartFlow,FinMind_API_TaiwanStockPrice_2882,True,2026-09-24T07:14:15,2026-09-24T07:14:15,2026-09-24T07:14:15
2882,國泰金,2025-08-05,62.8,0.29999999999999716,0.48%,,,,,,,,,ShowDailyK_ChartFlow,FinMind_API_TaiwanStockPrice_2882,True,2026-09-24T07:14:15,2026-09-24T07:14:15,2026-09-24T07:14:15
2882,國泰金,2025-08-06,62.7,-0.09999999999999432,-0.16%,,,,,,,,,ShowDailyK_ChartFlow,FinMind_API_TaiwanStockPrice_2882,True,2026-09-24T07:14:15,2026-09-24T07:14:15,2026-09-24T07:14:15
2882,國泰金,2025-08-07,62.9,0.19999999999999574,0.32%,,,,,,,,,ShowDailyK_ChartFlow,FinMind_API_TaiwanStockPrice_2882,True,2026-09-24T07:14:15,2026-09-24T07:14:15,2026-09-24T07:14:15
2882,國泰金,2025-08-08,63.2,0.30000000000000426,0.48%,,,,,,,,,ShowDailyK_ChartFlow,FinMind_API_TaiwanStockPrice_2882,True,2026-09-24T07:14:15,2026-09-24T07:14:15,2026-09-24T07:14:15
2882,國泰金,2025-08-11,63.9,0.6999999999999957,1.11%,,,,,,,,,ShowDailyK_ChartFlow,FinMind_API_TaiwanStockPrice_2882,True,2026-09-24T07:14:15,2026-09-24T07:14:15,2026-09-24T07:14:15
2882,國泰金,2025-08-12,63.6,-0.29999999999999716,-0.47%,,,,,,,,,ShowDailyK_ChartFlow,FinMind_API_TaiwanStockPrice_2882,True,2026-09-24T07:14:15,2026-09-24T07:14:15,2026-09-24T07:14:15
2882,國泰金,2025-08-13,63.7,0.10000000000000142,0.16%,,,,,,,,,ShowDailyK_ChartFlow,FinMind_API_TaiwanStockPrice_2882,True,2026-09-24T07:14:15,2026-09-24T07:14:15,2026-09-24T07:14:15
2882,國泰金,2025-08-14,64.6,0.8999999999999915,1.41%,,,,,,,,,ShowDailyK_ChartFlow,FinMind_API_TaiwanStockPrice_2882,True,2026-09-24T07:14:15,2026-09-24T07:14:15,2026-09-24T07:14:15
2882,國泰金,2025-08-15,64.7,0.10000000000000853,0.15%,,,,,,,,,ShowDailyK_ChartFlow,FinMind_API_TaiwanStockPrice_2882,True,2026-09-24T07:14:15,2026-09-24T07:14:15,2026-09-24T07:14:15
2882,國泰金,2025-08-18,64.4,-0.29999999999999716,-0.46%,,,,,,,,,ShowDailyK_ChartFlow,FinMind_API_TaiwanStockPrice_2882,True,2026-09-24T07:14:15,2026-09-24T07:14:15,2026-09-24T07:14:15
2882,國泰金,2025-08-19,64.2,-0.20000000000000284,-0.31%,,,,,,,,,ShowDailyK_ChartFlow,FinMind_API_TaiwanStockPrice_2882,True,2026-09-24T07:14:15,2026-09-24T07:14:15,2026-09-24T07:14:15
2882,國泰金,2025-08-20,63.1,-1.1000000000000014,-1.71%,,,,,,,,,ShowDailyK_ChartFlow,FinMind_API_TaiwanStockPrice_2882,True,2026-09-24T07:14:15,2026-09-24T07:14:15,2026-09-24T07:14:15
2882,國泰金,2025-08-21,64.5,1.3999999999999986,2.22%,,,,,,,,,ShowDailyK_ChartFlow,FinMind_API_TaiwanStockPrice_2882,True,2026-09-24T07:14:15,2026-09-24T07:14:15,2026-09-24T07:14:15
2882,國泰金,2025-08-22,63.8,-0.7000000000000028,-1.09%,,,,,,,,,ShowDailyK_ChartFlow,FinMind_API_TaiwanStockPrice_2882,True,2026-09-24T07:14:15,2026-09-24T07:14:15,2026-09-24T07:14:15
2882,國泰金,2025-08-25,64.6,0.7999999999999972,1.25%,,,,,,,,,ShowDailyK_ChartFlow,FinMind_API_TaiwanStockPrice_2882,True,2026-09-24T07:14:15,2026-09-24T07:14:15,2026-09-24T07:14:15
2882,國泰金,2025-08-26,63.4,-1.1999999999999957,-1.86%,,,,,,,,,ShowDailyK_ChartFlow,FinMind_API_TaiwanStockPrice_2882,True,2026-09-24T07:14:15,2026-09-24T07:14:15,2026-09-24T07:14:15
2882,國泰金,2025-08-27,62.6,-0.7999999999999972,-1.26%,,,,,,,,,ShowDailyK_ChartFlow,FinMind_API_TaiwanStockPrice_2882,True,2026-09-24T07:14:15,2026-09-24T07:14:15,2026-09-24T07:14:15
2882,國泰金,2025-08-28,62.3,-0.30000000000000426,-0.48%,,,,,,,,,ShowDailyK_ChartFlow,FinMind_API_TaiwanStockPrice_2882,True,2026-09-24T07:14:15,2026-09-24T07:14:15,2026-09-24T07:14:15
2882,國泰金,2025-08-29,61.5,-0.7999999999999972,-1.28%,,,,,,,,,ShowDailyK_ChartFlow,FinMind_API_TaiwanStockPrice_2882,True,2026-09-24T07:14:15,2026-09-24T07:14:15,2026-09-24T07:14:15
2882,國泰金,2025-09-01,62.6,1.1000000000000014,1.79%,,,,,,,,,ShowDailyK_ChartFlow,FinMind_API_TaiwanStockPrice_2882,True,2026-09-24T07:14:15,2026-09-24T07:14:15,2026-09-24T07:14:15
2882,國泰金,2025-09-02,63.5,0.8999999999999986,1.44%,,,,,,,,,ShowDailyK_ChartFlow,FinMind_API_TaiwanStockPrice_2882,True,2026-09-24T07:14:15,2026-09-24T07:14:15,2026-09-24T07:14:15
2882,國泰金,2025-09-03,63.5,0.0,0.00%,,,,,,,,,ShowDailyK_ChartFlow,FinMind_API_TaiwanStockPrice_2882,True,2026-09-24T07:14:15,2026-09-24T07:14:15,2026-09-24T07:14:15
2882,國泰金,2025-09-04,64.1,0.5999999999999943,0.94%,,,,,,,,,ShowDailyK_ChartFlow,FinMind_API_TaiwanStockPrice_2882,True,2026-09-24T07:14:15,2026-09-24T07:14:15,2026-09-24T07:14:15
2882,國泰金,2025-09-05,64.6,0.5,0.78%,,,,,,,,,ShowDailyK_ChartFlow,FinMind_API_TaiwanStockPrice_2882,True,2026-09-24T07:14:15,2026-09-24T07:14:15,2026-09-24T07:14:15
2882,國泰金,2025-09-08,63.8,-0.7999999999999972,-1.24%,,,,,,,,,ShowDailyK_ChartFlow,FinMind_API_TaiwanStockPrice_2882,True,2026-09-24T07:14:15,2026-09-24T07:14:15,2026-09-24T07:14:15
2882,國泰金,2025-09-09,64.1,0.29999999999999716,0.47%,,,,,,,,,ShowDailyK_ChartFlow,FinMind_API_TaiwanStockPrice_2882,True,2026-09-24T07:14:15,2026-09-24T07:14:15,2026-09-24T07:14:15
2882,國泰金,2025-09-10,64.9,0.8000000000000114,1.25%,,,,,,,,,ShowDailyK_ChartFlow,FinMind_API_TaiwanStockPrice_2882,True,2026-09-24T07:14:15,2026-09-24T07:14:15,2026-09-24T07:14:15
2882,國泰金,2025-09-11,64.4,-0.5,-0.77%,,,,,,,,,ShowDailyK_ChartFlow,FinMind_API_TaiwanStockPrice_2882,True,2026-09-24T07:14:15,2026-09-24T07:14:15,2026-09-24T07:14:15
2882,國泰金,2025-09-12,65.5,1.0999999999999943,1.71%,,,,,,,,,ShowDailyK_ChartFlow,FinMind_API_TaiwanStockPrice_2882,True,2026-09-24T07:14:15,2026-09-24T07:14:15,2026-09-24T07:14:15
2882,國泰金,2025-09-15,65.4,-0.09999999999999432,-0.15%,,,,,,,,,ShowDailyK_ChartFlow,FinMind_API_TaiwanStockPrice_2882,True,2026-09-24T07:14:15,2026-09-24T07:14:15,2026-09-24T07:14:15
2882,國泰金,2025-09-16,66.1,0.6999999999999886,1.07%,,,,,,,,,ShowDailyK_ChartFlow,FinMind_API_TaiwanStockPrice_2882,True,2026-09-24T07:14:15,2026-09-24T07:14:15,2026-09-24T07:14:15
2882,國泰金,2025-09-17,65.7,-0.3999999999999915,-0.61%,,,,,,,,,ShowDailyK_ChartFlow,FinMind_API_TaiwanStockPrice_2882,True,2026-09-24T07:14:15,2026-09-24T07:14:15,2026-09-24T07:14:15
2882,國泰金,2025-09-18,65.0,-0.7000000000000028,-1.07%,,,,,,,,,ShowDailyK_ChartFlow,FinMind_API_TaiwanStockPrice_2882,True,2026-09-24T07:14:15,2026-09-24T07:14:15,2026-09-24T07:14:15
2882,國泰金,2025-09-19,65.5,0.5,0.77%,,,,,,,,,ShowDailyK_ChartFlow,FinMind_API_TaiwanStockPrice_2882,True,2026-09-24T07:14:15,2026-09-24T07:14:15,2026-09-24T07:14:15
2882,國泰金,2025-09-22,66.0,0.5,0.76%,,,,,,,,,ShowDailyK_ChartFlow,FinMind_API_TaiwanStockPrice_2882,True,2026-09-24T07:14:15,2026-09-24T07:14:15,2026-09-24T07:14:15
2882,國泰金,2025-09-23,66.2,0.20000000000000284,0.30%,,,,,,,,,ShowDailyK_ChartFlow,FinMind_API_TaiwanStockPrice_2882,True,2026-09-24T07:14:15,2026-09-24T07:14:15,2026-09-24T07:14:15
2882,國泰金,2025-09-24,66.0,-0.20000000000000284,-0.30%,,,,,,,,,ShowDailyK_ChartFlow,FinMind_API_TaiwanStockPrice_2882,True,2026-09-24T07:14:15,2026-09-24T07:14:15,2026-09-24T07:14:15
2882,國泰金,2025-09-25,65.7,-0.29999999999999716,-0.45%,,,,,,,,,ShowDailyK_ChartFlow,FinMind_API_TaiwanStockPrice_2882,True,2026-09-24T07:14:15,2026-09-24T07:14:15,2026-09-24T07:14:15
2882,國泰金,2025-09-26,65.1,-0.6000000000000085,-0.91%,,,,,,,,,ShowDailyK_ChartFlow,FinMind_API_TaiwanStockPrice_2882,True,2026-09-24T07:14:15,2026-09-24T07:14:15,2026-09-24T07:14:15
2882,國泰金,2025-09-30,65.6,0.5,0.77%,,,,,,,,,ShowDailyK_ChartFlow,FinMind_API_TaiwanStockPrice_2882,True,2026-09-24T07:14:15,2026-09-24T07:14:15,2026-09-24T07:14:15
2882,國泰金,2025-10-01,65.3,-0.29999999999999716,-0.46%,,,,,,,,,ShowDailyK_ChartFlow,FinMind_API_TaiwanStockPrice_2882,True,2026-09-24T07:14:15,2026-09-24T07:14:15,2026-09-24T07:14:15
2882,國泰金,2025-10-02,65.0,-0.29999999999999716,-0.46%,,,,,,,,,ShowDailyK_ChartFlow,FinMind_API_TaiwanStockPrice_2882,True,2026-09-24T07:14:15,2026-09-24T07:14:15,2026-09-24T07:14:15
2882,國泰金,2025-10-03,65.0,0.0,0.00%,,,,,,,,,ShowDailyK_ChartFlow,FinMind_API_TaiwanStockPrice_2882,True,2026-09-24T07:14:15,2026-09-24T07:14:15,2026-09-24T07:14:15
2882,國泰金,2025-10-07,65.2,0.20000000000000284,0.31%,,,,,,,,,ShowDailyK_ChartFlow,FinMind_API_TaiwanStockPrice_2882,True,2026-09-24T07:14:15,2026-09-24T07:14:15,2026-09-24T07:14:15
2882,國泰金,2025-10-08,65.3,0.09999999999999432,0.15%,,,,,,,,,ShowDailyK_ChartFlow,FinMind_API_TaiwanStockPrice_2882,True,2026-09-24T07:14:15,2026-09-24T07:14:15,2026-09-24T07:14:15
2882,國泰金,2025-10-09,66.4,1.1000000000000085,1.68%,,,,,,,,,ShowDailyK_ChartFlow,FinMind_API_TaiwanStockPrice_2882,True,2026-09-24T07:14:15,2026-09-24T07:14:15,2026-09-24T07:14:15
2882,國泰金,2025-10-13,65.3,-1.1000000000000085,-1.66%,,,,,,,,,ShowDailyK_ChartFlow,FinMind_API_TaiwanStockPrice_2882,True,2026-09-24T07:14:15,2026-09-24T07:14:15,2026-09-24T07:14:15
2882,國泰金,2025-10-14,65.5,0.20000000000000284,0.31%,,,,,,,,,ShowDailyK_ChartFlow,FinMind_API_TaiwanStockPrice_2882,True,2026-09-24T07:14:15,2026-09-24T07:14:15,2026-09-24T07:14:15
2882,國泰金,2025-10-15,66.4,0.9000000000000057,1.37%,,,,,,,,,ShowDailyK_ChartFlow,FinMind_API_TaiwanStockPrice_2882,True,2026-09-24T07:14:15,2026-09-24T07:14:15,2026-09-24T07:14:15
2882,國泰金,2025-10-16,65.8,-0.6000000000000085,-0.90%,,,,,,,,,ShowDailyK_ChartFlow,FinMind_API_TaiwanStockPrice_2882,True,2026-09-24T07:14:15,2026-09-24T07:14:15,2026-09-24T07:14:15
2882,國泰金,2025-10-17,65.2,-0.5999999999999943,-0.91%,,,,,,,,,ShowDailyK_ChartFlow,FinMind_API_TaiwanStockPrice_2882,True,2026-09-24T07:14:15,2026-09-24T07:14:15,2026-09-24T07:14:15
2882,國泰金,2025-10-20,65.3,0.09999999999999432,0.15%,,,,,,,,,ShowDailyK_ChartFlow,FinMind_API_TaiwanStockPrice_2882,True,2026-09-24T07:14:15,2026-09-24T07:14:15,2026-09-24T07:14:15
2882,國泰金,2025-10-21,65.7,0.4000000000000057,0.61%,,,,,,,,,ShowDailyK_ChartFlow,FinMind_API_TaiwanStockPrice_2882,True,2026-09-24T07:14:15,2026-09-24T07:14:15,2026-09-24T07:14:15
2882,國泰金,2025-10-22,65.7,0.0,0.00%,,,,,,,,,ShowDailyK_ChartFlow,FinMind_API_TaiwanStockPrice_2882,True,2026-09-24T07:14:15,2026-09-24T07:14:15,2026-09-24T07:14:15
2882,國泰金,2025-10-23,65.7,0.0,0.00%,,,,,,,,,ShowDailyK_ChartFlow,FinMind_API_TaiwanStockPrice_2882,True,2026-09-24T07:14:15,2026-09-24T07:14:15,2026-09-24T07:14:15
2882,國泰金,2025-10-27,65.7,0.0,0.00%,,,,,,,,,ShowDailyK_ChartFlow,FinMind_API_TaiwanStockPrice_2882,True,2026-09-24T07:14:15,2026-09-24T07:14:15,2026-09-24T07:14:15
2882,國泰金,2025-10-28,64.8,-0.9000000000000057,-1.37%,,,,,,,,,ShowDailyK_ChartFlow,FinMind_API_TaiwanStockPrice_2882,True,2026-09-24T07:14:15,2026-09-24T07:14:15,2026-09-24T07:14:15
2882,國泰金,2025-10-29,64.8,0.0,0.00%,,,,,,,,,ShowDailyK_ChartFlow,FinMind_API_TaiwanStockPrice_2882,True,2026-09-24T07:14:15,2026-09-24T07:14:15,2026-09-24T07:14:15
2882,國泰金,2025-10-30,64.6,-0.20000000000000284,-0.31%,,,,,,,,,ShowDailyK_ChartFlow,FinMind_API_TaiwanStockPrice_2882,True,2026-09-24T07:14:15,2026-09-24T07:14:15,2026-09-24T07:14:15
2882,國泰金,2025-10-31,64.0,-0.5999999999999943,-0.93%,,,,,,,,,ShowDailyK_ChartFlow,FinMind_API_TaiwanStockPrice_2882,True,2026-09-24T07:14:15,2026-09-24T07:14:15,2026-09-24T07:14:15
2882,國泰金,2025-11-03,63.9,-0.10000000000000142,-0.16%,,,,,,,,,ShowDailyK_ChartFlow,FinMind_API_TaiwanStockPrice_2882,True,2026-09-24T07:14:15,2026-09-24T07:14:15,2026-09-24T07:14:15
2882,國泰金,2025-11-04,64.6,0.6999999999999957,1.10%,,,,,,,,,ShowDailyK_ChartFlow,FinMind_API_TaiwanStockPrice_2882,True,2026-09-24T07:14:15,2026-09-24T07:14:15,2026-09-24T07:14:15
2882,國泰金,2025-11-05,64.1,-0.5,-0.77%,,,,,,,,,ShowDailyK_ChartFlow,FinMind_API_TaiwanStockPrice_2882,True,2026-09-24T07:14:15,2026-09-24T07:14:15,2026-09-24T07:14:15
2882,國泰金,2025-11-06,64.7,0.6000000000000085,0.94%,,,,,,,,,ShowDailyK_ChartFlow,FinMind_API_TaiwanStockPrice_2882,True,2026-09-24T07:14:15,2026-09-24T07:14:15,2026-09-24T07:14:15
2882,國泰金,2025-11-07,63.5,-1.2000000000000028,-1.85%,,,,,,,,,ShowDailyK_ChartFlow,FinMind_API_TaiwanStockPrice_2882,True,2026-09-24T07:14:15,2026-09-24T07:14:15,2026-09-24T07:14:15
2882,國泰金,2025-11-10,63.8,0.29999999999999716,0.47%,,,,,,,,,ShowDailyK_ChartFlow,FinMind_API_TaiwanStockPrice_2882,True,2026-09-24T07:14:15,2026-09-24T07:14:15,2026-09-24T07:14:15
2882,國泰金,2025-11-11,64.8,1.0,1.57%,,,,,,,,,ShowDailyK_ChartFlow,FinMind_API_TaiwanStockPrice_2882,True,2026-09-24T07:14:15,2026-09-24T07:14:15,2026-09-24T07:14:15
2882,國泰金,2025-11-12,64.9,0.10000000000000853,0.15%,,,,,,,,,ShowDailyK_ChartFlow,FinMind_API_TaiwanStockPrice_2882,True,2026-09-24T07:14:15,2026-09-24T07:14:15,2026-09-24T07:14:15
2882,國泰金,2025-11-13,65.9,1.0,1.54%,,,,,,,,,ShowDailyK_ChartFlow,FinMind_API_TaiwanStockPrice_2882,True,2026-09-24T07:14:15,2026-09-24T07:14:15,2026-09-24T07:14:15
2882,國泰金,2025-11-14,66.0,0.09999999999999432,0.15%,,,,,,,,,ShowDailyK_ChartFlow,FinMind_API_TaiwanStockPrice_2882,True,2026-09-24T07:14:15,2026-09-24T07:14:15,2026-09-24T07:14:15
2882,國泰金,2025-11-17,65.3,-0.7000000000000028,-1.06%,,,,,,,,,ShowDailyK_ChartFlow,FinMind_API_TaiwanStockPrice_2882,True,2026-09-24T07:14:15,2026-09-24T07:14:15,2026-09-24T07:14:15
2882,國泰金,2025-11-18,64.8,-0.5,-0.77%,,,,,,,,,ShowDailyK_ChartFlow,FinMind_API_TaiwanStockPrice_2882,True,2026-09-24T07:14:15,2026-09-24T07:14:15,2026-09-24T07:14:15
2882,國泰金,2025-11-19,64.2,-0.5999999999999943,-0.93%,,,,,,,,,ShowDailyK_ChartFlow,FinMind_API_TaiwanStockPrice_2882,True,2026-09-24T07:14:15,2026-09-24T07:14:15,2026-09-24T07:14:15
2882,國泰金,2025-11-20,64.7,0.5,0.78%,,,,,,,,,ShowDailyK_ChartFlow,FinMind_API_TaiwanStockPrice_2882,True,2026-09-24T07:14:15,2026-09-24T07:14:15,2026-09-24T07:14:15
2882,國泰金,2025-11-21,63.6,-1.1000000000000014,-1.70%,,,,,,,,,ShowDailyK_ChartFlow,FinMind_API_TaiwanStockPrice_2882,True,2026-09-24T07:14:15,2026-09-24T07:14:15,2026-09-24T07:14:15
2882,國泰金,2025-11-24,65.5,1.8999999999999986,2.99%,,,,,,,,,ShowDailyK_ChartFlow,FinMind_API_TaiwanStockPrice_2882,True,2026-09-24T07:14:15,2026-09-24T07:14:15,2026-09-24T07:14:15
2882,國泰金,2025-11-25,65.1,-0.4000000000000057,-0.61%,,,,,,,,,ShowDailyK_ChartFlow,FinMind_API_TaiwanStockPrice_2882,True,2026-09-24T07:14:15,2026-09-24T07:14:15,2026-09-24T07:14:15
2882,國泰金,2025-11-26,65.8,0.7000000000000028,1.08%,,,,,,,,,ShowDailyK_ChartFlow,FinMind_API_TaiwanStockPrice_2882,True,2026-09-24T07:14:15,2026-09-24T07:14:15,2026-09-24T07:14:15
2882,國泰金,2025-11-27,65.8,0.0,0.00%,,,,,,,,,ShowDailyK_ChartFlow,FinMind_API_TaiwanStockPrice_2882,True,2026-09-24T07:14:15,2026-09-24T07:14:15,2026-09-24T07:14:15
2882,國泰金,2025-11-28,64.2,-1.5999999999999943,-2.43%,,,,,,,,,ShowDailyK_ChartFlow,FinMind_API_TaiwanStockPrice_2882,True,2026-09-24T07:14:15,2026-09-24T07:14:15,2026-09-24T07:14:15
2882,國泰金,2025-12-01,64.8,0.5999999999999943,0.93%,,,,,,,,,ShowDailyK_ChartFlow,FinMind_API_TaiwanStockPrice_2882,True,2026-09-24T07:14:15,2026-09-24T07:14:15,2026-09-24T07:14:15
2882,國泰金,2025-12-02,66.6,1.7999999999999972,2.78%,,,,,,,,,ShowDailyK_ChartFlow,FinMind_API_TaiwanStockPrice_2882,True,2026-09-24T07:14:15,2026-09-24T07:14:15,2026-09-24T07:14:15
2882,國泰金,2025-12-03,67.6,1.0,1.50%,,,,,,,,,ShowDailyK_ChartFlow,FinMind_API_TaiwanStockPrice_2882,True,2026-09-24T07:14:15,2026-09-24T07:14:15,2026-09-24T07:14:15
2882,國泰金,2025-12-04,69.0,1.4000000000000057,2.07%,,,,,,,,,ShowDailyK_ChartFlow,FinMind_API_TaiwanStockPrice_2882,True,2026-09-24T07:14:15,2026-09-24T07:14:15,2026-09-24T07:14:15
2882,國泰金,2025-12-05,68.7,-0.29999999999999716,-0.43%,,,,,,,,,ShowDailyK_ChartFlow,FinMind_API_TaiwanStockPrice_2882,True,2026-09-24T07:14:15,2026-09-24T07:14:15,2026-09-24T07:14:15
2882,國泰金,2025-12-08,69.0,0.29999999999999716,0.44%,,,,,,,,,ShowDailyK_ChartFlow,FinMind_API_TaiwanStockPrice_2882,True,2026-09-24T07:14:15,2026-09-24T07:14:15,2026-09-24T07:14:15
2882,國泰金,2025-12-09,69.2,0.20000000000000284,0.29%,,,,,,,,,ShowDailyK_ChartFlow,FinMind_API_TaiwanStockPrice_2882,True,2026-09-24T07:14:15,2026-09-24T07:14:15,2026-09-24T07:14:15
2882,國泰金,2025-12-10,68.5,-0.7000000000000028,-1.01%,,,,,,,,,ShowDailyK_ChartFlow,FinMind_API_TaiwanStockPrice_2882,True,2026-09-24T07:14:15,2026-09-24T07:14:15,2026-09-24T07:14:15
2882,國泰金,2025-12-11,69.2,0.7000000000000028,1.02%,,,,,,,,,ShowDailyK_ChartFlow,FinMind_API_TaiwanStockPrice_2882,True,2026-09-24T07:14:15,2026-09-24T07:14:15,2026-09-24T07:14:15
2882,國泰金,2025-12-12,70.1,0.8999999999999915,1.30%,,,,,,,,,ShowDailyK_ChartFlow,FinMind_API_TaiwanStockPrice_2882,True,2026-09-24T07:14:15,2026-09-24T07:14:15,2026-09-24T07:14:15
2882,國泰金,2025-12-15,70.1,0.0,0.00%,,,,,,,,,ShowDailyK_ChartFlow,FinMind_API_TaiwanStockPrice_2882,True,2026-09-24T07:14:15,2026-09-24T07:14:15,2026-09-24T07:14:15
2882,國泰金,2025-12-16,70.2,0.10000000000000853,0.14%,,,,,,,,,ShowDailyK_ChartFlow,FinMind_API_TaiwanStockPrice_2882,True,2026-09-24T07:14:15,2026-09-24T07:14:15,2026-09-24T07:14:15
2882,國泰金,2025-12-17,73.2,3.0,4.27%,,,,,,,,,ShowDailyK_ChartFlow,FinMind_API_TaiwanStockPrice_2882,True,2026-09-24T07:14:15,2026-09-24T07:14:15,2026-09-24T07:14:15
2882,國泰金,2025-12-18,74.4,1.2000000000000028,1.64%,,,,,,,,,ShowDailyK_ChartFlow,FinMind_API_TaiwanStockPrice_2882,True,2026-09-24T07:14:15,2026-09-24T07:14:15,2026-09-24T07:14:15
2882,國泰金,2025-12-19,75.5,1.0999999999999943,1.48%,,,,,,,,,ShowDailyK_ChartFlow,FinMind_API_TaiwanStockPrice_2882,True,2026-09-24T07:14:15,2026-09-24T07:14:15,2026-09-24T07:14:15
2882,國泰金,2025-12-22,76.5,1.0,1.32%,,,,,,,,,ShowDailyK_ChartFlow,FinMind_API_TaiwanStockPrice_2882,True,2026-09-24T07:14:15,2026-09-24T07:14:15,2026-09-24T07:14:15
2882,國泰金,2025-12-23,76.7,0.20000000000000284,0.26%,,,,,,,,,ShowDailyK_ChartFlow,FinMind_API_TaiwanStockPrice_2882,True,2026-09-24T07:14:15,2026-09-24T07:14:15,2026-09-24T07:14:15
2882,國泰金,2025-12-24,75.9,-0.7999999999999972,-1.04%,,,,,,,,,ShowDailyK_ChartFlow,FinMind_API_TaiwanStockPrice_2882,True,2026-09-24T07:14:15,2026-09-24T07:14:15,2026-09-24T07:14:15
2882,國泰金,2025-12-26,74.8,-1.1000000000000085,-1.45%,,,,,,,,,ShowDailyK_ChartFlow,FinMind_API_TaiwanStockPrice_2882,True,2026-09-24T07:14:15,2026-09-24T07:14:15,2026-09-24T07:14:15
2882,國泰金,2025-12-29,76.0,1.2000000000000028,1.60%,,,,,,,,,ShowDailyK_ChartFlow,FinMind_API_TaiwanStockPrice_2882,True,2026-09-24T07:14:15,2026-09-24T07:14:15,2026-09-24T07:14:15
2882,國泰金,2025-12-30,76.2,0.20000000000000284,0.26%,,,,,,,,,ShowDailyK_ChartFlow,FinMind_API_TaiwanStockPrice_2882,True,2026-09-24T07:14:15,2026-09-24T07:14:15,2026-09-24T07:14:15
2882,國泰金,2025-12-31,75.8,-0.4000000000000057,-0.52%,,,,,,,,,ShowDailyK_ChartFlow,FinMind_API_TaiwanStockPrice_2882,True,2026-09-24T07:14:15,2026-09-24T07:14:15,2026-09-24T07:14:15
2882,國泰金,2026-01-02,75.2,-0.5999999999999943,-0.79%,,,,,,,,,ShowDailyK_ChartFlow,FinMind_API_TaiwanStockPrice_2882,True,2026-09-24T07:14:15,2026-09-24T07:14:15,2026-09-24T07:14:15
2882,國泰金,2026-01-05,76.5,1.2999999999999972,1.73%,,,,,,,,,ShowDailyK_ChartFlow,FinMind_API_TaiwanStockPrice_2882,True,2026-09-24T07:14:15,2026-09-24T07:14:15,2026-09-24T07:14:15
2882,國泰金,2026-01-06,76.0,-0.5,-0.65%,,,,,,,,,ShowDailyK_ChartFlow,FinMind_API_TaiwanStockPrice_2882,True,2026-09-24T07:14:15,2026-09-24T07:14:15,2026-09-24T07:14:15
2882,國泰金,2026-01-07,75.6,-0.4000000000000057,-0.53%,,,,,,,,,ShowDailyK_ChartFlow,FinMind_API_TaiwanStockPrice_2882,True,2026-09-24T07:14:15,2026-09-24T07:14:15,2026-09-24T07:14:15
2882,國泰金,2026-01-08,76.4,0.8000000000000114,1.06%,,,,,,,,,ShowDailyK_ChartFlow,FinMind_API_TaiwanStockPrice_2882,True,2026-09-24T07:14:15,2026-09-24T07:14:15,2026-09-24T07:14:15
2882,國泰金,2026-01-09,75.9,-0.5,-0.65%,,,,,,,,,ShowDailyK_ChartFlow,FinMind_API_TaiwanStockPrice_2882,True,2026-09-24T07:14:15,2026-09-24T07:14:15,2026-09-24T07:14:15
2882,國泰金,2026-01-12,76.1,0.19999999999998863,0.26%,,,,,,,,,ShowDailyK_ChartFlow,FinMind_API_TaiwanStockPrice_2882,True,2026-09-24T07:14:15,2026-09-24T07:14:15,2026-09-24T07:14:15
2882,國泰金,2026-01-13,77.4,1.3000000000000114,1.71%,,,,,,,,,ShowDailyK_ChartFlow,FinMind_API_TaiwanStockPrice_2882,True,2026-09-24T07:14:15,2026-09-24T07:14:15,2026-09-24T07:14:15
2882,國泰金,2026-01-14,74.7,-2.700000000000003,-3.49%,,,,,,,,,ShowDailyK_ChartFlow,FinMind_API_TaiwanStockPrice_2882,True,2026-09-24T07:14:15,2026-09-24T07:14:15,2026-09-24T07:14:15
2882,國泰金,2026-01-15,75.2,0.5,0.67%,,,,,,,,,ShowDailyK_ChartFlow,FinMind_API_TaiwanStockPrice_2882,True,2026-09-24T07:14:15,2026-09-24T07:14:15,2026-09-24T07:14:15
2882,國泰金,2026-01-16,76.2,1.0,1.33%,,,,,,,,,ShowDailyK_ChartFlow,FinMind_API_TaiwanStockPrice_2882,True,2026-09-24T07:14:15,2026-09-24T07:14:15,2026-09-24T07:14:15
2882,國泰金,2026-01-19,77.4,1.2000000000000028,1.57%,,,,,,,,,ShowDailyK_ChartFlow,FinMind_API_TaiwanStockPrice_2882,True,2026-09-24T07:14:15,2026-09-24T07:14:15,2026-09-24T07:14:15
2882,國泰金,2026-01-20,76.6,-0.8000000000000114,-1.03%,,,,,,,,,ShowDailyK_ChartFlow,FinMind_API_TaiwanStockPrice_2882,True,2026-09-24T07:14:15,2026-09-24T07:14:15,2026-09-24T07:14:15
2882,國泰金,2026-01-21,75.7,-0.8999999999999915,-1.17%,,,,,,,,,ShowDailyK_ChartFlow,FinMind_API_TaiwanStockPrice_2882,True,2026-09-24T07:14:15,2026-09-24T07:14:15,2026-09-24T07:14:15
2882,國泰金,2026-01-22,75.6,-0.10000000000000853,-0.13%,,,,,,,,,ShowDailyK_ChartFlow,FinMind_API_TaiwanStockPrice_2882,True,2026-09-24T07:14:15,2026-09-24T07:14:15,2026-09-24T07:14:15
2882,國泰金,2026-01-23,76.6,1.0,1.32%,,,,,,,,,ShowDailyK_ChartFlow,FinMind_API_TaiwanStockPrice_2882,True,2026-09-24T07:14:15,2026-09-24T07:14:15,2026-09-24T07:14:15
2882,國泰金,2026-01-26,77.1,0.5,0.65%,,,,,,,,,ShowDailyK_ChartFlow,FinMind_API_TaiwanStockPrice_2882,True,2026-09-24T07:14:15,2026-09-24T07:14:15,2026-09-24T07:14:15
2882,國泰金,2026-01-27,75.9,-1.1999999999999886,-1.56%,,,,,,,,,ShowDailyK_ChartFlow,FinMind_API_TaiwanStockPrice_2882,True,2026-09-24T07:14:15,2026-09-24T07:14:15,2026-09-24T07:14:15
2882,國泰金,2026-01-28,75.8,-0.10000000000000853,-0.13%,,,,,,,,,ShowDailyK_ChartFlow,FinMind_API_TaiwanStockPrice_2882,True,2026-09-24T07:14:15,2026-09-24T07:14:15,2026-09-24T07:14:15
2882,國泰金,2026-01-29,76.4,0.6000000000000085,0.79%,,,,,,,,,ShowDailyK_ChartFlow,FinMind_API_TaiwanStockPrice_2882,True,2026-09-24T07:14:15,2026-09-24T07:14:15,2026-09-24T07:14:15
2882,國泰金,2026-01-30,75.4,-1.0,-1.31%,,,,,,,,,ShowDailyK_ChartFlow,FinMind_API_TaiwanStockPrice_2882,True,2026-09-24T07:14:15,2026-09-24T07:14:15,2026-09-24T07:14:15
2882,國泰金,2026-02-02,74.3,-1.1000000000000085,-1.46%,,,,,,,,,ShowDailyK_ChartFlow,FinMind_API_TaiwanStockPrice_2882,True,2026-09-24T07:14:15,2026-09-24T07:14:15,2026-09-24T07:14:15
2882,國泰金,2026-02-03,74.7,0.4000000000000057,0.54%,,,,,,,,,ShowDailyK_ChartFlow,FinMind_API_TaiwanStockPrice_2882,True,2026-09-24T07:14:15,2026-09-24T07:14:15,2026-09-24T07:14:15
2882,國泰金,2026-02-04,76.2,1.5,2.01%,,,,,,,,,ShowDailyK_ChartFlow,FinMind_API_TaiwanStockPrice_2882,True,2026-09-24T07:14:15,2026-09-24T07:14:15,2026-09-24T07:14:15
2882,國泰金,2026-02-05,76.0,-0.20000000000000284,-0.26%,,,,,,,,,ShowDailyK_ChartFlow,FinMind_API_TaiwanStockPrice_2882,True,2026-09-24T07:14:15,2026-09-24T07:14:15,2026-09-24T07:14:15
2882,國泰金,2026-02-06,75.7,-0.29999999999999716,-0.39%,,,,,,,,,ShowDailyK_ChartFlow,FinMind_API_TaiwanStockPrice_2882,True,2026-09-24T07:14:15,2026-09-24T07:14:15,2026-09-24T07:14:15
2882,國泰金,2026-02-09,77.2,1.5,1.98%,,,,,,,,,ShowDailyK_ChartFlow,FinMind_API_TaiwanStockPrice_2882,True,2026-09-24T07:14:15,2026-09-24T07:14:15,2026-09-24T07:14:15
2882,國泰金,2026-02-10,77.9,0.7000000000000028,0.91%,,,,,,,,,ShowDailyK_ChartFlow,FinMind_API_TaiwanStockPrice_2882,True,2026-09-24T07:14:15,2026-09-24T07:14:15,2026-09-24T07:14:15
2882,國泰金,2026-02-11,78.8,0.8999999999999915,1.16%,,,,,,,,,ShowDailyK_ChartFlow,FinMind_API_TaiwanStockPrice_2882,True,2026-09-24T07:14:15,2026-09-24T07:14:15,2026-09-24T07:14:15
2882,國泰金,2026-02-23,79.6,0.7999999999999972,1.02%,,,,,,,,,ShowDailyK_ChartFlow,FinMind_API_TaiwanStockPrice_2882,True,2026-09-24T07:14:15,2026-09-24T07:14:15,2026-09-24T07:14:15
2882,國泰金,2026-02-24,78.2,-1.3999999999999915,-1.76%,,,,,,,,,ShowDailyK_ChartFlow,FinMind_API_TaiwanStockPrice_2882,True,2026-09-24T07:14:15,2026-09-24T07:14:15,2026-09-24T07:14:15
2882,國泰金,2026-02-25,76.9,-1.2999999999999972,-1.66%,,,,,,,,,ShowDailyK_ChartFlow,FinMind_API_TaiwanStockPrice_2882,True,2026-09-24T07:14:15,2026-09-24T07:14:15,2026-09-24T07:14:15
2882,國泰金,2026-02-26,79.7,2.799999999999997,3.64%,,,,,,,,,ShowDailyK_ChartFlow,FinMind_API_TaiwanStockPrice_2882,True,2026-09-24T07:14:15,2026-09-24T07:14:15,2026-09-24T07:14:15
2882,國泰金,2026-03-02,77.9,-1.7999999999999972,-2.26%,,,,,,,,,ShowDailyK_ChartFlow,FinMind_API_TaiwanStockPrice_2882,True,2026-09-24T07:14:15,2026-09-24T07:14:15,2026-09-24T07:14:15
2882,國泰金,2026-03-03,77.6,-0.30000000000001137,-0.39%,,,,,,,,,ShowDailyK_ChartFlow,FinMind_API_TaiwanStockPrice_2882,True,2026-09-24T07:14:15,2026-09-24T07:14:15,2026-09-24T07:14:15
2882,國泰金,2026-03-04,73.2,-4.3999999999999915,-5.67%,,,,,,,,,ShowDailyK_ChartFlow,FinMind_API_TaiwanStockPrice_2882,True,2026-09-24T07:14:15,2026-09-24T07:14:15,2026-09-24T07:14:15
2882,國泰金,2026-03-05,73.6,0.3999999999999915,0.55%,,,,,,,,,ShowDailyK_ChartFlow,FinMind_API_TaiwanStockPrice_2882,True,2026-09-24T07:14:15,2026-09-24T07:14:15,2026-09-24T07:14:15
2882,國泰金,2026-03-06,73.0,-0.5999999999999943,-0.82%,,,,,,,,,ShowDailyK_ChartFlow,FinMind_API_TaiwanStockPrice_2882,True,2026-09-24T07:14:15,2026-09-24T07:14:15,2026-09-24T07:14:15
2882,國泰金,2026-03-09,70.0,-3.0,-4.11%,,,,,,,,,ShowDailyK_ChartFlow,FinMind_API_TaiwanStockPrice_2882,True,2026-09-24T07:14:15,2026-09-24T07:14:15,2026-09-24T07:14:15
2882,國泰金,2026-03-10,71.1,1.0999999999999943,1.57%,,,,,,,,,ShowDailyK_ChartFlow,FinMind_API_TaiwanStockPrice_2882,True,2026-09-24T07:14:15,2026-09-24T07:14:15,2026-09-24T07:14:15
2882,國泰金,2026-03-11,71.8,0.7000000000000028,0.98%,,,,,,,,,ShowDailyK_ChartFlow,FinMind_API_TaiwanStockPrice_2882,True,2026-09-24T07:14:15,2026-09-24T07:14:15,2026-09-24T07:14:15
2882,國泰金,2026-03-12,72.5,0.7000000000000028,0.97%,,,,,,,,,ShowDailyK_ChartFlow,FinMind_API_TaiwanStockPrice_2882,True,2026-09-24T07:14:15,2026-09-24T07:14:15,2026-09-24T07:14:15
2882,國泰金,2026-03-13,71.7,-0.7999999999999972,-1.10%,,,,,,,,,ShowDailyK_ChartFlow,FinMind_API_TaiwanStockPrice_2882,True,2026-09-24T07:14:15,2026-09-24T07:14:15,2026-09-24T07:14:15
2882,國泰金,2026-03-16,72.4,0.7000000000000028,0.98%,,,,,,,,,ShowDailyK_ChartFlow,FinMind_API_TaiwanStockPrice_2882,True,2026-09-24T07:14:15,2026-09-24T07:14:15,2026-09-24T07:14:15
2882,國泰金,2026-03-17,73.2,0.7999999999999972,1.10%,,,,,,,,,ShowDailyK_ChartFlow,FinMind_API_TaiwanStockPrice_2882,True,2026-09-24T07:14:15,2026-09-24T07:14:15,2026-09-24T07:14:15
2882,國泰金,2026-03-18,73.4,0.20000000000000284,0.27%,,,,,,,,,ShowDailyK_ChartFlow,FinMind_API_TaiwanStockPrice_2882,True,2026-09-24T07:14:15,2026-09-24T07:14:15,2026-09-24T07:14:15
2882,國泰金,2026-03-19,71.6,-1.8000000000000114,-2.45%,,,,,,,,,ShowDailyK_ChartFlow,FinMind_API_TaiwanStockPrice_2882,True,2026-09-24T07:14:15,2026-09-24T07:14:15,2026-09-24T07:14:15
2882,國泰金,2026-03-20,72.0,0.4000000000000057,0.56%,,,,,,,,,ShowDailyK_ChartFlow,FinMind_API_TaiwanStockPrice_2882,True,2026-09-24T07:14:15,2026-09-24T07:14:15,2026-09-24T07:14:15
2882,國泰金,2026-03-23,71.7,-0.29999999999999716,-0.42%,,,,,,,,,ShowDailyK_ChartFlow,FinMind_API_TaiwanStockPrice_2882,True,2026-09-24T07:14:15,2026-09-24T07:14:15,2026-09-24T07:14:15
2882,國泰金,2026-03-24,70.8,-0.9000000000000057,-1.26%,,,,,,,,,ShowDailyK_ChartFlow,FinMind_API_TaiwanStockPrice_2882,True,2026-09-24T07:14:15,2026-09-24T07:14:15,2026-09-24T07:14:15
2882,國泰金,2026-03-25,71.4,0.6000000000000085,0.85%,,,,,,,,,ShowDailyK_ChartFlow,FinMind_API_TaiwanStockPrice_2882,True,2026-09-24T07:14:15,2026-09-24T07:14:15,2026-09-24T07:14:15
2882,國泰金,2026-03-26,70.8,-0.6000000000000085,-0.84%,,,,,,,,,ShowDailyK_ChartFlow,FinMind_API_TaiwanStockPrice_2882,True,2026-09-24T07:14:15,2026-09-24T07:14:15,2026-09-24T07:14:15
2882,國泰金,2026-03-27,70.6,-0.20000000000000284,-0.28%,,,,,,,,,ShowDailyK_ChartFlow,FinMind_API_TaiwanStockPrice_2882,True,2026-09-24T07:14:15,2026-09-24T07:14:15,2026-09-24T07:14:15
2882,國泰金,2026-03-30,70.4,-0.19999999999998863,-0.28%,,,,,,,,,ShowDailyK_ChartFlow,FinMind_API_TaiwanStockPrice_2882,True,2026-09-24T07:14:15,2026-09-24T07:14:15,2026-09-24T07:14:15
2882,國泰金,2026-03-31,70.3,-0.10000000000000853,-0.14%,,,,,,,,,ShowDailyK_ChartFlow,FinMind_API_TaiwanStockPrice_2882,True,2026-09-24T07:14:15,2026-09-24T07:14:15,2026-09-24T07:14:15
2882,國泰金,2026-04-01,71.9,1.6000000000000085,2.28%,,,,,,,,,ShowDailyK_ChartFlow,FinMind_API_TaiwanStockPrice_2882,True,2026-09-24T07:14:15,2026-09-24T07:14:15,2026-09-24T07:14:15
2882,國泰金,2026-04-02,71.8,-0.10000000000000853,-0.14%,,,,,,,,,ShowDailyK_ChartFlow,FinMind_API_TaiwanStockPrice_2882,True,2026-09-24T07:14:15,2026-09-24T07:14:15,2026-09-24T07:14:15
2882,國泰金,2026-04-07,71.9,0.10000000000000853,0.14%,,,,,,,,,ShowDailyK_ChartFlow,FinMind_API_TaiwanStockPrice_2882,True,2026-09-24T07:14:15,2026-09-24T07:14:15,2026-09-24T07:14:15
2882,國泰金,2026-04-08,73.8,1.8999999999999915,2.64%,,,,,,,,,ShowDailyK_ChartFlow,FinMind_API_TaiwanStockPrice_2882,True,2026-09-24T07:14:15,2026-09-24T07:14:15,2026-09-24T07:14:15
2882,國泰金,2026-04-09,73.6,-0.20000000000000284,-0.27%,,,,,,,,,ShowDailyK_ChartFlow,FinMind_API_TaiwanStockPrice_2882,True,2026-09-24T07:14:15,2026-09-24T07:14:15,2026-09-24T07:14:15
2882,國泰金,2026-04-10,72.9,-0.6999999999999886,-0.95%,,,,,,,,,ShowDailyK_ChartFlow,FinMind_API_TaiwanStockPrice_2882,True,2026-09-24T07:14:15,2026-09-24T07:14:15,2026-09-24T07:14:15
2882,國泰金,2026-04-13,72.0,-0.9000000000000057,-1.23%,,,,,,,,,ShowDailyK_ChartFlow,FinMind_API_TaiwanStockPrice_2882,True,2026-09-24T07:14:15,2026-09-24T07:14:15,2026-09-24T07:14:15
2882,國泰金,2026-04-14,72.7,0.7000000000000028,0.97%,,,,,,,,,ShowDailyK_ChartFlow,FinMind_API_TaiwanStockPrice_2882,True,2026-09-24T07:14:15,2026-09-24T07:14:15,2026-09-24T07:14:15
2882,國泰金,2026-04-15,72.9,0.20000000000000284,0.28%,,,,,,,,,ShowDailyK_ChartFlow,FinMind_API_TaiwanStockPrice_2882,True,2026-09-24T07:14:15,2026-09-24T07:14:15,2026-09-24T07:14:15
2882,國泰金,2026-04-16,74.2,1.2999999999999972,1.78%,,,,,,,,,ShowDailyK_ChartFlow,FinMind_API_TaiwanStockPrice_2882,True,2026-09-24T07:14:15,2026-09-24T07:14:15,2026-09-24T07:14:15
2882,國泰金,2026-04-17,75.0,0.7999999999999972,1.08%,,,,,,,,,ShowDailyK_ChartFlow,FinMind_API_TaiwanStockPrice_2882,True,2026-09-24T07:14:15,2026-09-24T07:14:15,2026-09-24T07:14:15
2882,國泰金,2026-04-20,74.6,-0.4000000000000057,-0.53%,,,,,,,,,ShowDailyK_ChartFlow,FinMind_API_TaiwanStockPrice_2882,True,2026-09-24T07:14:15,2026-09-24T07:14:15,2026-09-24T07:14:15
2882,國泰金,2026-04-21,75.5,0.9000000000000057,1.21%,,,,,,,,,ShowDailyK_ChartFlow,FinMind_API_TaiwanStockPrice_2882,True,2026-09-24T07:14:15,2026-09-24T07:14:15,2026-09-24T07:14:15
2882,國泰金,2026-04-22,75.9,0.4000000000000057,0.53%,,,,,,,,,ShowDailyK_ChartFlow,FinMind_API_TaiwanStockPrice_2882,True,2026-09-24T07:14:15,2026-09-24T07:14:15,2026-09-24T07:14:15
2882,國泰金,2026-04-23,74.8,-1.1000000000000085,-1.45%,,,,,,,,,ShowDailyK_ChartFlow,FinMind_API_TaiwanStockPrice_2882,True,2026-09-24T07:14:15,2026-09-24T07:14:15,2026-09-24T07:14:15
2882,國泰金,2026-04-24,74.9,0.10000000000000853,0.13%,,,,,,,,,ShowDailyK_ChartFlow,FinMind_API_TaiwanStockPrice_2882,True,2026-09-24T07:14:15,2026-09-24T07:14:15,2026-09-24T07:14:15
2882,國泰金,2026-04-27,74.5,-0.4000000000000057,-0.53%,,,,,,,,,ShowDailyK_ChartFlow,FinMind_API_TaiwanStockPrice_2882,True,2026-09-24T07:14:15,2026-09-24T07:14:15,2026-09-24T07:14:15
2882,國泰金,2026-04-28,74.7,0.20000000000000284,0.27%,,,,,,,,,ShowDailyK_ChartFlow,FinMind_API_TaiwanStockPrice_2882,True,2026-09-24T07:14:15,2026-09-24T07:14:15,2026-09-24T07:14:15
2882,國泰金,2026-04-29,78.6,3.8999999999999915,5.22%,,,,,,,,,ShowDailyK_ChartFlow,FinMind_API_TaiwanStockPrice_2882,True,2026-09-24T07:14:15,2026-09-24T07:14:15,2026-09-24T07:14:15
2882,國泰金,2026-04-30,77.2,-1.3999999999999915,-1.78%,,,,,,,,,ShowDailyK_ChartFlow,FinMind_API_TaiwanStockPrice_2882,True,2026-09-24T07:14:15,2026-09-24T07:14:15,2026-09-24T07:14:15
2882,國泰金,2026-05-04,76.2,-1.0,-1.30%,,,,,,,,,ShowDailyK_ChartFlow,FinMind_API_TaiwanStockPrice_2882,True,2026-09-24T07:14:15,2026-09-24T07:14:15,2026-09-24T07:14:15
2882,國泰金,2026-05-05,77.2,1.0,1.31%,,,,,,,,,ShowDailyK_ChartFlow,FinMind_API_TaiwanStockPrice_2882,True,2026-09-24T07:14:15,2026-09-24T07:14:15,2026-09-24T07:14:15
2882,國泰金,2026-05-06,78.7,1.5,1.94%,,,,,,,,,ShowDailyK_ChartFlow,FinMind_API_TaiwanStockPrice_2882,True,2026-09-24T07:14:15,2026-09-24T07:14:15,2026-09-24T07:14:15
2882,國泰金,2026-05-07,79.0,0.29999999999999716,0.38%,,,,,,,,,ShowDailyK_ChartFlow,FinMind_API_TaiwanStockPrice_2882,True,2026-09-24T07:14:15,2026-09-24T07:14:15,2026-09-24T07:14:15
2882,國泰金,2026-05-08,80.0,1.0,1.27%,,,,,,,,,ShowDailyK_ChartFlow,FinMind_API_TaiwanStockPrice_2882,True,2026-09-24T07:14:15,2026-09-24T07:14:15,2026-09-24T07:14:15
2882,國泰金,2026-05-11,78.4,-1.5999999999999943,-2.00%,,,,,,,,,ShowDailyK_ChartFlow,FinMind_API_TaiwanStockPrice_2882,True,2026-09-24T07:14:15,2026-09-24T07:14:15,2026-09-24T07:14:15
2882,國泰金,2026-05-12,76.4,-2.0,-2.55%,,,,,,,,,ShowDailyK_ChartFlow,FinMind_API_TaiwanStockPrice_2882,True,2026-09-24T07:14:15,2026-09-24T07:14:15,2026-09-24T07:14:15
2882,國泰金,2026-05-13,77.3,0.8999999999999915,1.18%,,,,,,,,,ShowDailyK_ChartFlow,FinMind_API_TaiwanStockPrice_2882,True,2026-09-24T07:14:15,2026-09-24T07:14:15,2026-09-24T07:14:15
2882,國泰金,2026-05-14,76.7,-0.5999999999999943,-0.78%,,,,,,,,,ShowDailyK_ChartFlow,FinMind_API_TaiwanStockPrice_2882,True,2026-09-24T07:14:15,2026-09-24T07:14:15,2026-09-24T07:14:15
2882,國泰金,2026-05-15,77.9,1.2000000000000028,1.56%,,,,,,,,,ShowDailyK_ChartFlow,FinMind_API_TaiwanStockPrice_2882,True,2026-09-24T07:14:15,2026-09-24T07:14:15,2026-09-24T07:14:15
2882,國泰金,2026-05-18,76.8,-1.1000000000000085,-1.41%,,,,,,,,,ShowDailyK_ChartFlow,FinMind_API_TaiwanStockPrice_2882,True,2026-09-24T07:14:15,2026-09-24T07:14:15,2026-09-24T07:14:15
2882,國泰金,2026-05-19,77.8,1.0,1.30%,,,,,,,,,ShowDailyK_ChartFlow,FinMind_API_TaiwanStockPrice_2882,True,2026-09-24T07:14:15,2026-09-24T07:14:15,2026-09-24T07:14:15
2882,國泰金,2026-05-20,77.9,0.10000000000000853,0.13%,,,,,,,,,ShowDailyK_ChartFlow,FinMind_API_TaiwanStockPrice_2882,True,2026-09-24T07:14:15,2026-09-24T07:14:15,2026-09-24T07:14:15
2882,國泰金,2026-05-21,78.7,0.7999999999999972,1.03%,,,,,,,,,ShowDailyK_ChartFlow,FinMind_API_TaiwanStockPrice_2882,True,2026-09-24T07:14:15,2026-09-24T07:14:15,2026-09-24T07:14:15
2882,國泰金,2026-05-22,79.7,1.0,1.27%,,,,,,,,,ShowDailyK_ChartFlow,FinMind_API_TaiwanStockPrice_2882,True,2026-09-24T07:14:15,2026-09-24T07:14:15,2026-09-24T07:14:15
2882,國泰金,2026-05-25,81.5,1.7999999999999972,2.26%,,,,,,,,,ShowDailyK_ChartFlow,FinMind_API_TaiwanStockPrice_2882,True,2026-09-24T07:14:15,2026-09-24T07:14:15,2026-09-24T07:14:15
2882,國泰金,2026-05-26,83.1,1.5999999999999943,1.96%,,,,,,,,,ShowDailyK_ChartFlow,FinMind_API_TaiwanStockPrice_2882,True,2026-09-24T07:14:15,2026-09-24T07:14:15,2026-09-24T07:14:15
2882,國泰金,2026-05-27,85.4,2.3000000000000114,2.77%,,,,,,,,,ShowDailyK_ChartFlow,FinMind_API_TaiwanStockPrice_2882,True,2026-09-24T07:14:15,2026-09-24T07:14:15,2026-09-24T07:14:15
2882,國泰金,2026-05-28,84.8,-0.6000000000000085,-0.70%,,,,,,,,,ShowDailyK_ChartFlow,FinMind_API_TaiwanStockPrice_2882,True,2026-09-24T07:14:15,2026-09-24T07:14:15,2026-09-24T07:14:15
2882,國泰金,2026-05-29,85.7,0.9000000000000057,1.06%,,,,,,,,,ShowDailyK_ChartFlow,FinMind_API_TaiwanStockPrice_2882,True,2026-09-24T07:14:15,2026-09-24T07:14:15,2026-09-24T07:14:15
2882,國泰金,2026-06-01,88.2,2.5,2.92%,,,,,,,,,ShowDailyK_ChartFlow,FinMind_API_TaiwanStockPrice_2882,True,2026-09-24T07:14:15,2026-09-24T07:14:15,2026-09-24T07:14:15
2882,國泰金,2026-06-02,89.2,1.0,1.13%,,,,,,,,,ShowDailyK_ChartFlow,FinMind_API_TaiwanStockPrice_2882,True,2026-09-24T07:14:15,2026-09-24T07:14:15,2026-09-24T07:14:15
2882,國泰金,2026-06-03,91.8,2.5999999999999943,2.91%,,,,,,,,,ShowDailyK_ChartFlow,FinMind_API_TaiwanStockPrice_2882,True,2026-09-24T07:14:15,2026-09-24T07:14:15,2026-09-24T07:14:15
2882,國泰金,2026-06-04,94.4,2.6000000000000085,2.83%,,,,,,,,,ShowDailyK_ChartFlow,FinMind_API_TaiwanStockPrice_2882,True,2026-09-24T07:14:15,2026-09-24T07:14:15,2026-09-24T07:14:15
2882,國泰金,2026-06-05,100.0,5.599999999999994,5.93%,,,,,,,,,ShowDailyK_ChartFlow,FinMind_API_TaiwanStockPrice_2882,True,2026-09-24T07:14:15,2026-09-24T07:14:15,2026-09-24T07:14:15
2882,國泰金,2026-06-08,95.0,-5.0,-5.00%,,,,,,,,,ShowDailyK_ChartFlow,FinMind_API_TaiwanStockPrice_2882,True,2026-09-24T07:14:15,2026-09-24T07:14:15,2026-09-24T07:14:15
2882,國泰金,2026-06-09,104.0,9.0,9.47%,,,,,,,,,ShowDailyK_ChartFlow,FinMind_API_TaiwanStockPrice_2882,True,2026-09-24T07:14:15,2026-09-24T07:14:15,2026-09-24T07:14:15
2882,國泰金,2026-06-10,99.9,-4.099999999999994,-3.94%,,,,,,,,,ShowDailyK_ChartFlow,FinMind_API_TaiwanStockPrice_2882,True,2026-09-24T07:14:15,2026-09-24T07:14:15,2026-09-24T07:14:15
2882,國泰金,2026-06-11,100.5,0.5999999999999943,0.60%,,,,,,,,,ShowDailyK_ChartFlow,FinMind_API_TaiwanStockPrice_2882,True,2026-09-24T07:14:15,2026-09-24T07:14:15,2026-09-24T07:14:15
2882,國泰金,2026-06-12,100.5,0.0,0.00%,,,,,,,,,ShowDailyK_ChartFlow,FinMind_API_TaiwanStockPrice_2882,True,2026-09-24T07:14:15,2026-09-24T07:14:15,2026-09-24T07:14:15
2882,國泰金,2026-06-15,104.0,3.5,3.48%,,,,,,,,,ShowDailyK_ChartFlow,FinMind_API_TaiwanStockPrice_2882,True,2026-09-24T07:14:15,2026-09-24T07:14:15,2026-09-24T07:14:15
2882,國泰金,2026-06-16,109.5,5.5,5.29%,,,,,,,,,ShowDailyK_ChartFlow,FinMind_API_TaiwanStockPrice_2882,True,2026-09-24T07:14:15,2026-09-24T07:14:15,2026-09-24T07:14:15
2882,國泰金,2026-06-17,113.5,4.0,3.65%,,,,,,,,,ShowDailyK_ChartFlow,FinMind_API_TaiwanStockPrice_2882,True,2026-09-24T07:14:15,2026-09-24T07:14:15,2026-09-24T07:14:15
2882,國泰金,2026-06-18,115.5,2.0,1.76%,,,,,,,,,ShowDailyK_ChartFlow,FinMind_API_TaiwanStockPrice_2882,True,2026-09-24T07:14:15,2026-09-24T07:14:15,2026-09-24T07:14:15
2882,國泰金,2026-06-22,113.0,-2.5,-2.16%,,,,,,,,,ShowDailyK_ChartFlow,FinMind_API_TaiwanStockPrice_2882,True,2026-09-24T07:14:15,2026-09-24T07:14:15,2026-09-24T07:14:15
2882,國泰金,2026-06-23,113.5,0.5,0.44%,,,,,,,,,ShowDailyK_ChartFlow,FinMind_API_TaiwanStockPrice_2882,True,2026-09-24T07:14:15,2026-09-24T07:14:15,2026-09-24T07:14:15
2882,國泰金,2026-06-24,110.0,-3.5,-3.08%,,,,,,,,,ShowDailyK_ChartFlow,FinMind_API_TaiwanStockPrice_2882,True,2026-09-24T07:14:15,2026-09-24T07:14:15,2026-09-24T07:14:15
2882,國泰金,2026-06-25,111.5,1.5,1.36%,,,,,,,,,ShowDailyK_ChartFlow,FinMind_API_TaiwanStockPrice_2882,True,2026-09-24T07:14:15,2026-09-24T07:14:15,2026-09-24T07:14:15
2882,國泰金,2026-06-26,106.0,-5.5,-4.93%,,,,,,,,,ShowDailyK_ChartFlow,FinMind_API_TaiwanStockPrice_2882,True,2026-09-24T07:14:15,2026-09-24T07:14:15,2026-09-24T07:14:15
2882,國泰金,2026-06-29,101.5,-4.5,-4.25%,,,,,,,,,ShowDailyK_ChartFlow,FinMind_API_TaiwanStockPrice_2882,True,2026-09-24T07:14:15,2026-09-24T07:14:15,2026-09-24T07:14:15
2882,國泰金,2026-06-30,98.3,-3.200000000000003,-3.15%,,,,,,,,,ShowDailyK_ChartFlow,FinMind_API_TaiwanStockPrice_2882,True,2026-09-24T07:14:15,2026-09-24T07:14:15,2026-09-24T07:14:15
2882,國泰金,2026-07-01,95.0,-3.299999999999997,-3.36%,,,,,,,,,ShowDailyK_ChartFlow,FinMind_API_TaiwanStockPrice_2882,True,2026-09-24T07:14:15,2026-09-24T07:14:15,2026-09-24T07:14:15
2882,國泰金,2026-07-02,93.5,-1.5,-1.58%,,,,,,,,,ShowDailyK_ChartFlow,FinMind_API_TaiwanStockPrice_2882,True,2026-09-24T07:14:15,2026-09-24T07:14:15,2026-09-24T07:14:15
2882,國泰金,2026-07-03,93.6,0.09999999999999432,0.11%,,,,,,,,,ShowDailyK_ChartFlow,FinMind_API_TaiwanStockPrice_2882,True,2026-09-24T07:14:15,2026-09-24T07:14:15,2026-09-24T07:14:15
2882,國泰金,2026-07-06,93.4,-0.19999999999998863,-0.21%,,,,,,,,,ShowDailyK_ChartFlow,FinMind_API_TaiwanStockPrice_2882,True,2026-09-24T07:14:15,2026-09-24T07:14:15,2026-09-24T07:14:15
2882,國泰金,2026-07-07,97.0,3.5999999999999943,3.85%,,,,,,,,,ShowDailyK_ChartFlow,FinMind_API_TaiwanStockPrice_2882,True,2026-09-24T07:14:15,2026-09-24T07:14:15,2026-09-24T07:14:15
2882,國泰金,2026-07-08,98.0,1.0,1.03%,,,,,,,,,ShowDailyK_ChartFlow,FinMind_API_TaiwanStockPrice_2882,True,2026-09-24T07:14:15,2026-09-24T07:14:15,2026-09-24T07:14:15
2882,國泰金,2026-07-09,96.3,-1.7000000000000028,-1.73%,,,,,,,,,ShowDailyK_ChartFlow,FinMind_API_TaiwanStockPrice_2882,True,2026-09-24T07:14:15,2026-09-24T07:14:15,2026-09-24T07:14:15
2882,國泰金,2026-07-13,96.7,0.4000000000000057,0.42%,,,,,,,,,ShowDailyK_ChartFlow,FinMind_API_TaiwanStockPrice_2882,True,2026-09-24T07:14:15,2026-09-24T07:14:15,2026-09-24T07:14:15
2882,國泰金,2026-07-14,96.1,-0.6000000000000085,-0.62%,,,,,,,,,ShowDailyK_ChartFlow,FinMind_API_TaiwanStockPrice_2882,True,2026-09-24T07:14:15,2026-09-24T07:14:15,2026-09-24T07:14:15
2882,國泰金,2026-07-15,96.6,0.5,0.52%,,,,,,,,,ShowDailyK_ChartFlow,FinMind_API_TaiwanStockPrice_2882,True,2026-09-24T07:14:15,2026-09-24T07:14:15,2026-09-24T07:14:15
2882,國泰金,2026-07-16,97.3,0.7000000000000028,0.72%,,,,,,,,,ShowDailyK_ChartFlow,FinMind_API_TaiwanStockPrice_2882,True,2026-09-24T07:14:15,2026-09-24T07:14:15,2026-09-24T07:14:15
2882,國泰金,2026-07-17,94.3,-3.0,-3.08%,,,,,,,,,ShowDailyK_ChartFlow,FinMind_API_TaiwanStockPrice_2882,True,2026-09-24T07:14:15,2026-09-24T07:14:15,2026-09-24T07:14:15
2882,國泰金,2026-07-20,94.0,-0.29999999999999716,-0.32%,,,,,,,,,ShowDailyK_ChartFlow,FinMind_API_TaiwanStockPrice_2882,True,2026-09-24T07:14:15,2026-09-24T07:14:15,2026-09-24T07:14:15
2882,國泰金,2026-07-21,95.8,1.7999999999999972,1.91%,,,,,,,,,ShowDailyK_ChartFlow,FinMind_API_TaiwanStockPrice_2882,True,2026-09-24T07:14:15,2026-09-24T07:14:15,2026-09-24T07:14:15
2882,國泰金,2026-07-22,96.8,1.0,1.04%,,,,,,,,,ShowDailyK_ChartFlow,FinMind_API_TaiwanStockPrice_2882,True,2026-09-24T07:14:15,2026-09-24T07:14:15,2026-09-24T07:14:15
2882,國泰金,2026-07-23,97.3,0.5,0.52%,,,,,,,,,ShowDailyK_ChartFlow,FinMind_API_TaiwanStockPrice_2882,True,2026-09-24T07:14:15,2026-09-24T07:14:15,2026-09-24T07:14:15
2882,國泰金,2026-07-24,97.0,-0.29999999999999716,-0.31%,,,,,,,,,ShowDailyK_ChartFlow,FinMind_API_TaiwanStockPrice_2882,True,2026-09-24T07:14:15,2026-09-24T07:14:15,2026-09-24T07:14:15
2882,國泰金,2026-07-27,98.5,1.5,1.55%,,,,,,,,,ShowDailyK_ChartFlow,FinMind_API_TaiwanStockPrice_2882,True,2026-09-24T07:14:15,2026-09-24T07:14:15,2026-09-24T07:14:15
2882,國泰金,2026-07-28,95.4,-3.0999999999999943,-3.15%,,,,,,,,,ShowDailyK_ChartFlow,FinMind_API_TaiwanStockPrice_2882,True,2026-09-24T07:14:15,2026-09-24T07:14:15,2026-09-24T07:14:15
2882,國泰金,2026-07-29,94.1,-1.3000000000000114,-1.36%,,,,,,,,,ShowDailyK_ChartFlow,FinMind_API_TaiwanStockPrice_2882,True,2026-09-24T07:14:15,2026-09-24T07:14:15,2026-09-24T07:14:15
2882,國泰金,2026-07-30,95.2,1.1000000000000085,1.17%,,,,,,,,,ShowDailyK_ChartFlow,FinMind_API_TaiwanStockPrice_2882,True,2026-09-24T07:14:15,2026-09-24T07:14:15,2026-09-24T07:14:15
2882,國泰金,2026-07-31,101.5,6.299999999999997,6.62%,,,,,,,,,ShowDailyK_ChartFlow,FinMind_API_TaiwanStockPrice_2882,True,2026-09-24T07:14:15,2026-09-24T07:14:15,2026-09-24T07:14:15
2882,國泰金,2026-08-03,100.5,-1.0,-0.99%,,,,,,,,,ShowDailyK_ChartFlow,FinMind_API_TaiwanStockPrice_2882,True,2026-09-24T07:14:15,2026-09-24T07:14:15,2026-09-24T07:14:15
2882,國泰金,2026-08-04,99.2,-1.2999999999999972,-1.29%,,,,,,,,,ShowDailyK_ChartFlow,FinMind_API_TaiwanStockPrice_2882,True,2026-09-24T07:14:15,2026-09-24T07:14:15,2026-09-24T07:14:15
2882,國泰金,2026-08-05,100.5,1.2999999999999972,1.31%,,,,,,,,,ShowDailyK_ChartFlow,FinMind_API_TaiwanStockPrice_2882,True,2026-09-24T07:14:15,2026-09-24T07:14:15,2026-09-24T07:14:15
2882,國泰金,2026-08-06,97.5,-3.0,-2.99%,,,,,,,,,ShowDailyK_ChartFlow,FinMind_API_TaiwanStockPrice_2882,True,2026-09-24T07:14:15,2026-09-24T07:14:15,2026-09-24T07:14:15
2882,國泰金,2026-08-07,99.4,1.9000000000000057,1.95%,,,,,,,,,ShowDailyK_ChartFlow,FinMind_API_TaiwanStockPrice_2882,True,2026-09-24T07:14:15,2026-09-24T07:14:15,2026-09-24T07:14:15
2882,國泰金,2026-08-10,101.0,1.5999999999999943,1.61%,,,,,,,,,ShowDailyK_ChartFlow,FinMind_API_TaiwanStockPrice_2882,True,2026-09-24T07:14:15,2026-09-24T07:14:15,2026-09-24T07:14:15
2882,國泰金,2026-08-11,99.6,-1.4000000000000057,-1.39%,,,,,,,,,ShowDailyK_ChartFlow,FinMind_API_TaiwanStockPrice_2882,True,2026-09-24T07:14:15,2026-09-24T07:14:15,2026-09-24T07:14:15
2882,國泰金,2026-08-12,99.7,0.10000000000000853,0.10%,,,,,,,,,ShowDailyK_ChartFlow,FinMind_API_TaiwanStockPrice_2882,True,2026-09-24T07:14:15,2026-09-24T07:14:15,2026-09-24T07:14:15
2882,國泰金,2026-08-13,99.5,-0.20000000000000284,-0.20%,,,,,,,,,ShowDailyK_ChartFlow,FinMind_API_TaiwanStockPrice_2882,True,2026-09-24T07:14:15,2026-09-24T07:14:15,2026-09-24T07:14:15
2882,國泰金,2026-08-14,101.5,2.0,2.01%,,,,,,,,,ShowDailyK_ChartFlow,FinMind_API_TaiwanStockPrice_2882,True,2026-09-24T07:14:15,2026-09-24T07:14:15,2026-09-24T07:14:15
2882,國泰金,2026-08-17,98.1,-3.4000000000000057,-3.35%,,,,,,,,,ShowDailyK_ChartFlow,FinMind_API_TaiwanStockPrice_2882,True,2026-09-24T07:14:15,2026-09-24T07:14:15,2026-09-24T07:14:15
2882,國泰金,2026-08-18,99.2,1.1000000000000085,1.12%,,,,,,,,,ShowDailyK_ChartFlow,FinMind_API_TaiwanStockPrice_2882,True,2026-09-24T07:14:15,2026-09-24T07:14:15,2026-09-24T07:14:15
2882,國泰金,2026-08-19,98.3,-0.9000000000000057,-0.91%,,,,,,,,,ShowDailyK_ChartFlow,FinMind_API_TaiwanStockPrice_2882,True,2026-09-24T07:14:15,2026-09-24T07:14:15,2026-09-24T07:14:15
2882,國泰金,2026-08-20,97.7,-0.5999999999999943,-0.61%,,,,,,,,,ShowDailyK_ChartFlow,FinMind_API_TaiwanStockPrice_2882,True,2026-09-24T07:14:15,2026-09-24T07:14:15,2026-09-24T07:14:15
2882,國泰金,2026-08-21,100.5,2.799999999999997,2.87%,,,,,,,,,ShowDailyK_ChartFlow,FinMind_API_TaiwanStockPrice_2882,True,2026-09-24T07:14:15,2026-09-24T07:14:15,2026-09-24T07:14:15
2882,國泰金,2026-08-24,98.9,-1.5999999999999943,-1.59%,,,,,,,,,ShowDailyK_ChartFlow,FinMind_API_TaiwanStockPrice_2882,True,2026-09-24T07:14:15,2026-09-24T07:14:15,2026-09-24T07:14:15
2882,國泰金,2026-08-25,103.0,4.099999999999994,4.15%,,,,,,,,,ShowDailyK_ChartFlow,FinMind_API_TaiwanStockPrice_2882,True,2026-09-24T07:14:15,2026-09-24T07:14:15,2026-09-24T07:14:15
2882,國泰金,2026-08-26,102.5,-0.5,-0.49%,,,,,,,,,ShowDailyK_ChartFlow,FinMind_API_TaiwanStockPrice_2882,True,2026-09-24T07:14:15,2026-09-24T07:14:15,2026-09-24T07:14:15
2882,國泰金,2026-08-27,102.5,0.0,0.00%,,,,,,,,,ShowDailyK_ChartFlow,FinMind_API_TaiwanStockPrice_2882,True,2026-09-24T07:14:15,2026-09-24T07:14:15,2026-09-24T07:14:15
2882,國泰金,2026-08-28,105.5,3.0,2.93%,,,,,,,,,ShowDailyK_ChartFlow,FinMind_API_TaiwanStockPrice_2882,True,2026-09-24T07:14:15,2026-09-24T07:14:15,2026-09-24T07:14:15
2882,國泰金,2026-08-31,110.5,5.0,4.74%,,,,,,,,,ShowDailyK_ChartFlow,FinMind_API_TaiwanStockPrice_2882,True,2026-09-24T07:14:15,2026-09-24T07:14:15,2026-09-24T07:14:15
2882,國泰金,2026-09-01,111.0,0.5,0.45%,,,,,,,,,ShowDailyK_ChartFlow,FinMind_API_TaiwanStockPrice_2882,True,2026-09-24T07:14:15,2026-09-24T07:14:15,2026-09-24T07:14:15
2882,國泰金,2026-09-02,109.0,-2.0,-1.80%,,,,,,,,,ShowDailyK_ChartFlow,FinMind_API_TaiwanStockPrice_2882,True,2026-09-24T07:14:15,2026-09-24T07:14:15,2026-09-24T07:14:15
2882,國泰金,2026-09-03,112.5,3.5,3.21%,,,,,,,,,ShowDailyK_ChartFlow,FinMind_API_TaiwanStockPrice_2882,True,2026-09-24T07:14:15,2026-09-24T07:14:15,2026-09-24T07:14:15
2882,國泰金,2026-09-04,115.0,2.5,2.22%,,,,,,,,,ShowDailyK_ChartFlow,FinMind_API_TaiwanStockPrice_2882,True,2026-09-24T07:14:15,2026-09-24T07:14:15,2026-09-24T07:14:15
2882,國泰金,2026-09-07,114.5,-0.5,-0.43%,,,,,,,,,ShowDailyK_ChartFlow,FinMind_API_TaiwanStockPrice_2882,True,2026-09-24T07:14:15,2026-09-24T07:14:15,2026-09-24T07:14:15
2882,國泰金,2026-09-08,113.5,-1.0,-0.87%,,,,,,,,,ShowDailyK_ChartFlow,FinMind_API_TaiwanStockPrice_2882,True,2026-09-24T07:14:15,2026-09-24T07:14:15,2026-09-24T07:14:15
2882,國泰金,2026-09-09,110.5,-3.0,-2.64%,,,,,,,,,ShowDailyK_ChartFlow,FinMind_API_TaiwanStockPrice_2882,True,2026-09-24T07:14:15,2026-09-24T07:14:15,2026-09-24T07:14:15
2882,國泰金,2026-09-10,110.5,0.0,0.00%,,,,,,,,,ShowDailyK_ChartFlow,FinMind_API_TaiwanStockPrice_2882,True,2026-09-24T07:14:15,2026-09-24T07:14:15,2026-09-24T07:14:15
2882,國泰金,2026-09-11,110.5,0.0,0.00%,,,,,,,,,ShowDailyK_ChartFlow,FinMind_API_TaiwanStockPrice_2882,True,2026-09-24T07:14:15,2026-09-24T07:14:15,2026-09-24T07:14:15
2882,國泰金,2026-09-14,112.5,2.0,1.81%,,,,,,,,,ShowDailyK_ChartFlow,FinMind_API_TaiwanStockPrice_2882,True,2026-09-24T07:14:15,2026-09-24T07:14:15,2026-09-24T07:14:15
2882,國泰金,2026-09-15,110.0,-2.5,-2.22%,,,,,,,,,ShowDailyK_ChartFlow,FinMind_API_TaiwanStockPrice_2882,True,2026-09-24T07:14:15,2026-09-24T07:14:15,2026-09-24T07:14:15
2882,國泰金,2026-09-16,112.5,2.5,2.27%,,,,,,,,,ShowDailyK_ChartFlow,FinMind_API_TaiwanStockPrice_2882,True,2026-09-24T07:14:15,2026-09-24T07:14:15,2026-09-24T07:14:15
2882,國泰金,2026-09-17,112.0,-0.5,-0.44%,,,,,,,,,ShowDailyK_ChartFlow,FinMind_API_TaiwanStockPrice_2882,True,2026-09-24T07:14:15,2026-09-24T07:14:15,2026-09-24T07:14:15
2882,國泰金,2026-09-18,110.5,-1.5,-1.34%,,,,,,,,,ShowDailyK_ChartFlow,FinMind_API_TaiwanStockPrice_2882,True,2026-09-24T07:14:15,2026-09-24T07:14:15,2026-09-24T07:14:15
2882,國泰金,2026-09-21,113.0,2.5,2.26%,,,,,,,,,ShowDailyK_ChartFlow,FinMind_API_TaiwanStockPrice_2882,True,2026-09-24T07:14:15,2026-09-24T07:14:15,2026-09-24T07:14:15
2882,國泰金,2026-09-22,112.0,-1.0,-0.88%,,,,,,,,,ShowDailyK_ChartFlow,FinMind_API_TaiwanStockPrice_2882,True,2026-09-24T07:14:15,2026-09-24T07:14:15,2026-09-24T07:14:15
2882,國泰金,2026-09-23,111.5,-0.5,-0.45%,,,,,,,,,ShowDailyK_ChartFlow,FinMind_API_TaiwanStockPrice_2882,True,2026-09-24T07:14:15,2026-09-24T07:14:15,2026-09-24T07:14:15
2882,國泰金,2026-09-24,110.5,-1.0,-0.90%,,,,,,,,,ShowDailyK_ChartFlow,FinMind_API_TaiwanStockPrice_2882,True,2026-09-24T07:14:15,2026-09-24T07:14:15,2026-09-24T07:14:15
