stock_code,company_name,交易_日期,收盤價_元,漲跌價_元,漲跌幅_pct,河流圖_eps_元,目前_per_倍,本益比試算價格_15x_元,本益比試算價格_18x_元,本益比試算價格_21x_元,本益比試算價格_24x_元,本益比試算價格_27x_元,本益比試算價格_30x_元,file_type,source_file,download_success,download_timestamp,process_timestamp,stage1_process_timestamp
6035,悠遊卡,2023-01-03,105.0,,,0.58,,8.7,10.44,12.18,13.92,15.66,17.4,ShowDailyK_ChartFlow,FinMind_API_TaiwanStockPrice_6035,True,2026-09-22T15:44:25,2026-09-22T15:44:25,2026-09-22T15:44:25
6035,悠遊卡,2023-01-04,86.2,-18.799999999999997,-17.90%,0.58,,8.7,10.44,12.18,13.92,15.66,17.4,ShowDailyK_ChartFlow,FinMind_API_TaiwanStockPrice_6035,True,2026-09-22T15:44:25,2026-09-22T15:44:25,2026-09-22T15:44:25
6035,悠遊卡,2023-01-05,84.7,-1.5,-1.74%,0.58,,8.7,10.44,12.18,13.92,15.66,17.4,ShowDailyK_ChartFlow,FinMind_API_TaiwanStockPrice_6035,True,2026-09-22T15:44:25,2026-09-22T15:44:25,2026-09-22T15:44:25
6035,悠遊卡,2023-01-06,85.9,1.2000000000000028,1.42%,0.58,,8.7,10.44,12.18,13.92,15.66,17.4,ShowDailyK_ChartFlow,FinMind_API_TaiwanStockPrice_6035,True,2026-09-22T15:44:25,2026-09-22T15:44:25,2026-09-22T15:44:25
6035,悠遊卡,2023-01-09,88.7,2.799999999999997,3.26%,0.58,,8.7,10.44,12.18,13.92,15.66,17.4,ShowDailyK_ChartFlow,FinMind_API_TaiwanStockPrice_6035,True,2026-09-22T15:44:25,2026-09-22T15:44:25,2026-09-22T15:44:25
6035,悠遊卡,2023-01-10,87.8,-0.9000000000000057,-1.01%,0.58,,8.7,10.44,12.18,13.92,15.66,17.4,ShowDailyK_ChartFlow,FinMind_API_TaiwanStockPrice_6035,True,2026-09-22T15:44:25,2026-09-22T15:44:25,2026-09-22T15:44:25
6035,悠遊卡,2023-01-11,86.3,-1.5,-1.71%,0.58,,8.7,10.44,12.18,13.92,15.66,17.4,ShowDailyK_ChartFlow,FinMind_API_TaiwanStockPrice_6035,True,2026-09-22T15:44:25,2026-09-22T15:44:25,2026-09-22T15:44:25
6035,悠遊卡,2023-01-12,86.8,0.5,0.58%,0.58,,8.7,10.44,12.18,13.92,15.66,17.4,ShowDailyK_ChartFlow,FinMind_API_TaiwanStockPrice_6035,True,2026-09-22T15:44:25,2026-09-22T15:44:25,2026-09-22T15:44:25
6035,悠遊卡,2023-01-13,89.9,3.1000000000000085,3.57%,0.58,,8.7,10.44,12.18,13.92,15.66,17.4,ShowDailyK_ChartFlow,FinMind_API_TaiwanStockPrice_6035,True,2026-09-22T15:44:25,2026-09-22T15:44:25,2026-09-22T15:44:25
6035,悠遊卡,2023-01-16,92.2,2.299999999999997,2.56%,0.58,,8.7,10.44,12.18,13.92,15.66,17.4,ShowDailyK_ChartFlow,FinMind_API_TaiwanStockPrice_6035,True,2026-09-22T15:44:25,2026-09-22T15:44:25,2026-09-22T15:44:25
6035,悠遊卡,2023-01-17,90.8,-1.4000000000000057,-1.52%,0.58,,8.7,10.44,12.18,13.92,15.66,17.4,ShowDailyK_ChartFlow,FinMind_API_TaiwanStockPrice_6035,True,2026-09-22T15:44:25,2026-09-22T15:44:25,2026-09-22T15:44:25
6035,悠遊卡,2023-01-30,88.5,-2.299999999999997,-2.53%,0.58,,8.7,10.44,12.18,13.92,15.66,17.4,ShowDailyK_ChartFlow,FinMind_API_TaiwanStockPrice_6035,True,2026-09-22T15:44:25,2026-09-22T15:44:25,2026-09-22T15:44:25
6035,悠遊卡,2023-01-31,88.5,0.0,0.00%,0.58,,8.7,10.44,12.18,13.92,15.66,17.4,ShowDailyK_ChartFlow,FinMind_API_TaiwanStockPrice_6035,True,2026-09-22T15:44:25,2026-09-22T15:44:25,2026-09-22T15:44:25
6035,悠遊卡,2023-02-01,88.5,0.0,0.00%,0.58,,8.7,10.44,12.18,13.92,15.66,17.4,ShowDailyK_ChartFlow,FinMind_API_TaiwanStockPrice_6035,True,2026-09-22T15:44:25,2026-09-22T15:44:25,2026-09-22T15:44:25
6035,悠遊卡,2023-02-02,87.5,-1.0,-1.13%,0.58,,8.7,10.44,12.18,13.92,15.66,17.4,ShowDailyK_ChartFlow,FinMind_API_TaiwanStockPrice_6035,True,2026-09-22T15:44:25,2026-09-22T15:44:25,2026-09-22T15:44:25
6035,悠遊卡,2023-02-03,89.9,2.4000000000000057,2.74%,0.58,,8.7,10.44,12.18,13.92,15.66,17.4,ShowDailyK_ChartFlow,FinMind_API_TaiwanStockPrice_6035,True,2026-09-22T15:44:25,2026-09-22T15:44:25,2026-09-22T15:44:25
6035,悠遊卡,2023-02-06,87.0,-2.9000000000000057,-3.23%,0.58,,8.7,10.44,12.18,13.92,15.66,17.4,ShowDailyK_ChartFlow,FinMind_API_TaiwanStockPrice_6035,True,2026-09-22T15:44:25,2026-09-22T15:44:25,2026-09-22T15:44:25
6035,悠遊卡,2023-02-07,88.0,1.0,1.15%,0.58,,8.7,10.44,12.18,13.92,15.66,17.4,ShowDailyK_ChartFlow,FinMind_API_TaiwanStockPrice_6035,True,2026-09-22T15:44:25,2026-09-22T15:44:25,2026-09-22T15:44:25
6035,悠遊卡,2023-02-08,88.2,0.20000000000000284,0.23%,0.58,,8.7,10.44,12.18,13.92,15.66,17.4,ShowDailyK_ChartFlow,FinMind_API_TaiwanStockPrice_6035,True,2026-09-22T15:44:25,2026-09-22T15:44:25,2026-09-22T15:44:25
6035,悠遊卡,2023-02-09,88.3,0.09999999999999432,0.11%,0.58,,8.7,10.44,12.18,13.92,15.66,17.4,ShowDailyK_ChartFlow,FinMind_API_TaiwanStockPrice_6035,True,2026-09-22T15:44:25,2026-09-22T15:44:25,2026-09-22T15:44:25
6035,悠遊卡,2023-02-10,90.9,2.6000000000000085,2.94%,0.58,,8.7,10.44,12.18,13.92,15.66,17.4,ShowDailyK_ChartFlow,FinMind_API_TaiwanStockPrice_6035,True,2026-09-22T15:44:25,2026-09-22T15:44:25,2026-09-22T15:44:25
6035,悠遊卡,2023-02-13,88.9,-2.0,-2.20%,0.58,,8.7,10.44,12.18,13.92,15.66,17.4,ShowDailyK_ChartFlow,FinMind_API_TaiwanStockPrice_6035,True,2026-09-22T15:44:25,2026-09-22T15:44:25,2026-09-22T15:44:25
6035,悠遊卡,2023-02-14,88.8,-0.10000000000000853,-0.11%,0.58,,8.7,10.44,12.18,13.92,15.66,17.4,ShowDailyK_ChartFlow,FinMind_API_TaiwanStockPrice_6035,True,2026-09-22T15:44:25,2026-09-22T15:44:25,2026-09-22T15:44:25
6035,悠遊卡,2023-02-15,92.0,3.200000000000003,3.60%,0.58,,8.7,10.44,12.18,13.92,15.66,17.4,ShowDailyK_ChartFlow,FinMind_API_TaiwanStockPrice_6035,True,2026-09-22T15:44:25,2026-09-22T15:44:25,2026-09-22T15:44:25
6035,悠遊卡,2023-02-16,90.5,-1.5,-1.63%,0.58,,8.7,10.44,12.18,13.92,15.66,17.4,ShowDailyK_ChartFlow,FinMind_API_TaiwanStockPrice_6035,True,2026-09-22T15:44:25,2026-09-22T15:44:25,2026-09-22T15:44:25
6035,悠遊卡,2023-02-17,92.5,2.0,2.21%,0.58,,8.7,10.44,12.18,13.92,15.66,17.4,ShowDailyK_ChartFlow,FinMind_API_TaiwanStockPrice_6035,True,2026-09-22T15:44:25,2026-09-22T15:44:25,2026-09-22T15:44:25
6035,悠遊卡,2023-02-20,94.0,1.5,1.62%,0.58,,8.7,10.44,12.18,13.92,15.66,17.4,ShowDailyK_ChartFlow,FinMind_API_TaiwanStockPrice_6035,True,2026-09-22T15:44:25,2026-09-22T15:44:25,2026-09-22T15:44:25
6035,悠遊卡,2023-02-21,121.5,27.5,29.26%,0.58,,8.7,10.44,12.18,13.92,15.66,17.4,ShowDailyK_ChartFlow,FinMind_API_TaiwanStockPrice_6035,True,2026-09-22T15:44:25,2026-09-22T15:44:25,2026-09-22T15:44:25
6035,悠遊卡,2023-02-22,134.0,12.5,10.29%,0.58,,8.7,10.44,12.18,13.92,15.66,17.4,ShowDailyK_ChartFlow,FinMind_API_TaiwanStockPrice_6035,True,2026-09-22T15:44:25,2026-09-22T15:44:25,2026-09-22T15:44:25
6035,悠遊卡,2023-02-23,124.0,-10.0,-7.46%,0.58,,8.7,10.44,12.18,13.92,15.66,17.4,ShowDailyK_ChartFlow,FinMind_API_TaiwanStockPrice_6035,True,2026-09-22T15:44:25,2026-09-22T15:44:25,2026-09-22T15:44:25
6035,悠遊卡,2023-02-24,120.0,-4.0,-3.23%,0.58,,8.7,10.44,12.18,13.92,15.66,17.4,ShowDailyK_ChartFlow,FinMind_API_TaiwanStockPrice_6035,True,2026-09-22T15:44:25,2026-09-22T15:44:25,2026-09-22T15:44:25
6035,悠遊卡,2023-03-01,116.0,-4.0,-3.33%,0.58,,8.7,10.44,12.18,13.92,15.66,17.4,ShowDailyK_ChartFlow,FinMind_API_TaiwanStockPrice_6035,True,2026-09-22T15:44:25,2026-09-22T15:44:25,2026-09-22T15:44:25
6035,悠遊卡,2023-03-02,120.0,4.0,3.45%,0.58,,8.7,10.44,12.18,13.92,15.66,17.4,ShowDailyK_ChartFlow,FinMind_API_TaiwanStockPrice_6035,True,2026-09-22T15:44:25,2026-09-22T15:44:25,2026-09-22T15:44:25
6035,悠遊卡,2023-03-03,122.5,2.5,2.08%,0.58,,8.7,10.44,12.18,13.92,15.66,17.4,ShowDailyK_ChartFlow,FinMind_API_TaiwanStockPrice_6035,True,2026-09-22T15:44:25,2026-09-22T15:44:25,2026-09-22T15:44:25
6035,悠遊卡,2023-03-06,118.0,-4.5,-3.67%,0.58,,8.7,10.44,12.18,13.92,15.66,17.4,ShowDailyK_ChartFlow,FinMind_API_TaiwanStockPrice_6035,True,2026-09-22T15:44:25,2026-09-22T15:44:25,2026-09-22T15:44:25
6035,悠遊卡,2023-03-07,119.0,1.0,0.85%,0.58,,8.7,10.44,12.18,13.92,15.66,17.4,ShowDailyK_ChartFlow,FinMind_API_TaiwanStockPrice_6035,True,2026-09-22T15:44:25,2026-09-22T15:44:25,2026-09-22T15:44:25
6035,悠遊卡,2023-03-08,118.0,-1.0,-0.84%,0.58,,8.7,10.44,12.18,13.92,15.66,17.4,ShowDailyK_ChartFlow,FinMind_API_TaiwanStockPrice_6035,True,2026-09-22T15:44:25,2026-09-22T15:44:25,2026-09-22T15:44:25
6035,悠遊卡,2023-03-09,116.5,-1.5,-1.27%,0.58,,8.7,10.44,12.18,13.92,15.66,17.4,ShowDailyK_ChartFlow,FinMind_API_TaiwanStockPrice_6035,True,2026-09-22T15:44:25,2026-09-22T15:44:25,2026-09-22T15:44:25
6035,悠遊卡,2023-03-10,114.5,-2.0,-1.72%,0.58,,8.7,10.44,12.18,13.92,15.66,17.4,ShowDailyK_ChartFlow,FinMind_API_TaiwanStockPrice_6035,True,2026-09-22T15:44:25,2026-09-22T15:44:25,2026-09-22T15:44:25
6035,悠遊卡,2023-03-13,114.0,-0.5,-0.44%,0.58,,8.7,10.44,12.18,13.92,15.66,17.4,ShowDailyK_ChartFlow,FinMind_API_TaiwanStockPrice_6035,True,2026-09-22T15:44:25,2026-09-22T15:44:25,2026-09-22T15:44:25
6035,悠遊卡,2023-03-14,114.0,0.0,0.00%,0.58,,8.7,10.44,12.18,13.92,15.66,17.4,ShowDailyK_ChartFlow,FinMind_API_TaiwanStockPrice_6035,True,2026-09-22T15:44:25,2026-09-22T15:44:25,2026-09-22T15:44:25
6035,悠遊卡,2023-03-15,115.0,1.0,0.88%,0.58,,8.7,10.44,12.18,13.92,15.66,17.4,ShowDailyK_ChartFlow,FinMind_API_TaiwanStockPrice_6035,True,2026-09-22T15:44:25,2026-09-22T15:44:25,2026-09-22T15:44:25
6035,悠遊卡,2023-03-16,114.5,-0.5,-0.43%,0.58,,8.7,10.44,12.18,13.92,15.66,17.4,ShowDailyK_ChartFlow,FinMind_API_TaiwanStockPrice_6035,True,2026-09-22T15:44:25,2026-09-22T15:44:25,2026-09-22T15:44:25
6035,悠遊卡,2023-03-17,117.5,3.0,2.62%,0.58,,8.7,10.44,12.18,13.92,15.66,17.4,ShowDailyK_ChartFlow,FinMind_API_TaiwanStockPrice_6035,True,2026-09-22T15:44:25,2026-09-22T15:44:25,2026-09-22T15:44:25
6035,悠遊卡,2023-03-20,124.0,6.5,5.53%,0.58,,8.7,10.44,12.18,13.92,15.66,17.4,ShowDailyK_ChartFlow,FinMind_API_TaiwanStockPrice_6035,True,2026-09-22T15:44:25,2026-09-22T15:44:25,2026-09-22T15:44:25
6035,悠遊卡,2023-03-21,137.0,13.0,10.48%,0.58,,8.7,10.44,12.18,13.92,15.66,17.4,ShowDailyK_ChartFlow,FinMind_API_TaiwanStockPrice_6035,True,2026-09-22T15:44:25,2026-09-22T15:44:25,2026-09-22T15:44:25
6035,悠遊卡,2023-03-22,125.5,-11.5,-8.39%,0.58,,8.7,10.44,12.18,13.92,15.66,17.4,ShowDailyK_ChartFlow,FinMind_API_TaiwanStockPrice_6035,True,2026-09-22T15:44:25,2026-09-22T15:44:25,2026-09-22T15:44:25
6035,悠遊卡,2023-03-23,130.0,4.5,3.59%,0.58,,8.7,10.44,12.18,13.92,15.66,17.4,ShowDailyK_ChartFlow,FinMind_API_TaiwanStockPrice_6035,True,2026-09-22T15:44:25,2026-09-22T15:44:25,2026-09-22T15:44:25
6035,悠遊卡,2023-03-24,140.0,10.0,7.69%,0.58,,8.7,10.44,12.18,13.92,15.66,17.4,ShowDailyK_ChartFlow,FinMind_API_TaiwanStockPrice_6035,True,2026-09-22T15:44:25,2026-09-22T15:44:25,2026-09-22T15:44:25
6035,悠遊卡,2023-03-27,136.0,-4.0,-2.86%,0.58,,8.7,10.44,12.18,13.92,15.66,17.4,ShowDailyK_ChartFlow,FinMind_API_TaiwanStockPrice_6035,True,2026-09-22T15:44:25,2026-09-22T15:44:25,2026-09-22T15:44:25
6035,悠遊卡,2023-03-28,133.0,-3.0,-2.21%,0.58,,8.7,10.44,12.18,13.92,15.66,17.4,ShowDailyK_ChartFlow,FinMind_API_TaiwanStockPrice_6035,True,2026-09-22T15:44:25,2026-09-22T15:44:25,2026-09-22T15:44:25
6035,悠遊卡,2023-03-29,138.0,5.0,3.76%,0.58,,8.7,10.44,12.18,13.92,15.66,17.4,ShowDailyK_ChartFlow,FinMind_API_TaiwanStockPrice_6035,True,2026-09-22T15:44:25,2026-09-22T15:44:25,2026-09-22T15:44:25
6035,悠遊卡,2023-03-30,138.0,0.0,0.00%,0.58,,8.7,10.44,12.18,13.92,15.66,17.4,ShowDailyK_ChartFlow,FinMind_API_TaiwanStockPrice_6035,True,2026-09-22T15:44:25,2026-09-22T15:44:25,2026-09-22T15:44:25
6035,悠遊卡,2023-03-31,139.5,1.5,1.09%,0.58,,8.7,10.44,12.18,13.92,15.66,17.4,ShowDailyK_ChartFlow,FinMind_API_TaiwanStockPrice_6035,True,2026-09-22T15:44:25,2026-09-22T15:44:25,2026-09-22T15:44:25
6035,悠遊卡,2023-04-06,139.5,0.0,0.00%,0.58,,8.7,10.44,12.18,13.92,15.66,17.4,ShowDailyK_ChartFlow,FinMind_API_TaiwanStockPrice_6035,True,2026-09-22T15:44:25,2026-09-22T15:44:25,2026-09-22T15:44:25
6035,悠遊卡,2023-04-07,140.0,0.5,0.36%,0.58,,8.7,10.44,12.18,13.92,15.66,17.4,ShowDailyK_ChartFlow,FinMind_API_TaiwanStockPrice_6035,True,2026-09-22T15:44:25,2026-09-22T15:44:25,2026-09-22T15:44:25
6035,悠遊卡,2023-04-10,140.5,0.5,0.36%,0.58,,8.7,10.44,12.18,13.92,15.66,17.4,ShowDailyK_ChartFlow,FinMind_API_TaiwanStockPrice_6035,True,2026-09-22T15:44:25,2026-09-22T15:44:25,2026-09-22T15:44:25
6035,悠遊卡,2023-04-11,142.0,1.5,1.07%,0.58,,8.7,10.44,12.18,13.92,15.66,17.4,ShowDailyK_ChartFlow,FinMind_API_TaiwanStockPrice_6035,True,2026-09-22T15:44:25,2026-09-22T15:44:25,2026-09-22T15:44:25
6035,悠遊卡,2023-04-12,142.0,0.0,0.00%,0.58,,8.7,10.44,12.18,13.92,15.66,17.4,ShowDailyK_ChartFlow,FinMind_API_TaiwanStockPrice_6035,True,2026-09-22T15:44:25,2026-09-22T15:44:25,2026-09-22T15:44:25
6035,悠遊卡,2023-04-13,142.0,0.0,0.00%,0.58,,8.7,10.44,12.18,13.92,15.66,17.4,ShowDailyK_ChartFlow,FinMind_API_TaiwanStockPrice_6035,True,2026-09-22T15:44:25,2026-09-22T15:44:25,2026-09-22T15:44:25
6035,悠遊卡,2023-04-14,140.5,-1.5,-1.06%,0.58,,8.7,10.44,12.18,13.92,15.66,17.4,ShowDailyK_ChartFlow,FinMind_API_TaiwanStockPrice_6035,True,2026-09-22T15:44:25,2026-09-22T15:44:25,2026-09-22T15:44:25
6035,悠遊卡,2023-04-17,141.5,1.0,0.71%,0.58,,8.7,10.44,12.18,13.92,15.66,17.4,ShowDailyK_ChartFlow,FinMind_API_TaiwanStockPrice_6035,True,2026-09-22T15:44:25,2026-09-22T15:44:25,2026-09-22T15:44:25
6035,悠遊卡,2023-04-18,138.0,-3.5,-2.47%,0.58,,8.7,10.44,12.18,13.92,15.66,17.4,ShowDailyK_ChartFlow,FinMind_API_TaiwanStockPrice_6035,True,2026-09-22T15:44:25,2026-09-22T15:44:25,2026-09-22T15:44:25
6035,悠遊卡,2023-04-19,137.0,-1.0,-0.72%,0.58,,8.7,10.44,12.18,13.92,15.66,17.4,ShowDailyK_ChartFlow,FinMind_API_TaiwanStockPrice_6035,True,2026-09-22T15:44:25,2026-09-22T15:44:25,2026-09-22T15:44:25
6035,悠遊卡,2023-04-20,136.0,-1.0,-0.73%,0.58,,8.7,10.44,12.18,13.92,15.66,17.4,ShowDailyK_ChartFlow,FinMind_API_TaiwanStockPrice_6035,True,2026-09-22T15:44:25,2026-09-22T15:44:25,2026-09-22T15:44:25
6035,悠遊卡,2023-04-21,138.5,2.5,1.84%,0.58,,8.7,10.44,12.18,13.92,15.66,17.4,ShowDailyK_ChartFlow,FinMind_API_TaiwanStockPrice_6035,True,2026-09-22T15:44:25,2026-09-22T15:44:25,2026-09-22T15:44:25
6035,悠遊卡,2023-04-24,141.0,2.5,1.81%,0.58,,8.7,10.44,12.18,13.92,15.66,17.4,ShowDailyK_ChartFlow,FinMind_API_TaiwanStockPrice_6035,True,2026-09-22T15:44:25,2026-09-22T15:44:25,2026-09-22T15:44:25
6035,悠遊卡,2023-04-25,138.0,-3.0,-2.13%,0.58,,8.7,10.44,12.18,13.92,15.66,17.4,ShowDailyK_ChartFlow,FinMind_API_TaiwanStockPrice_6035,True,2026-09-22T15:44:25,2026-09-22T15:44:25,2026-09-22T15:44:25
6035,悠遊卡,2023-04-26,134.5,-3.5,-2.54%,0.58,,8.7,10.44,12.18,13.92,15.66,17.4,ShowDailyK_ChartFlow,FinMind_API_TaiwanStockPrice_6035,True,2026-09-22T15:44:25,2026-09-22T15:44:25,2026-09-22T15:44:25
6035,悠遊卡,2023-04-27,138.5,4.0,2.97%,0.58,,8.7,10.44,12.18,13.92,15.66,17.4,ShowDailyK_ChartFlow,FinMind_API_TaiwanStockPrice_6035,True,2026-09-22T15:44:25,2026-09-22T15:44:25,2026-09-22T15:44:25
6035,悠遊卡,2023-04-28,142.0,3.5,2.53%,0.58,,8.7,10.44,12.18,13.92,15.66,17.4,ShowDailyK_ChartFlow,FinMind_API_TaiwanStockPrice_6035,True,2026-09-22T15:44:25,2026-09-22T15:44:25,2026-09-22T15:44:25
6035,悠遊卡,2023-05-02,142.0,0.0,0.00%,0.58,,8.7,10.44,12.18,13.92,15.66,17.4,ShowDailyK_ChartFlow,FinMind_API_TaiwanStockPrice_6035,True,2026-09-22T15:44:25,2026-09-22T15:44:25,2026-09-22T15:44:25
6035,悠遊卡,2023-05-03,141.0,-1.0,-0.70%,0.58,,8.7,10.44,12.18,13.92,15.66,17.4,ShowDailyK_ChartFlow,FinMind_API_TaiwanStockPrice_6035,True,2026-09-22T15:44:25,2026-09-22T15:44:25,2026-09-22T15:44:25
6035,悠遊卡,2023-05-04,140.5,-0.5,-0.35%,0.58,,8.7,10.44,12.18,13.92,15.66,17.4,ShowDailyK_ChartFlow,FinMind_API_TaiwanStockPrice_6035,True,2026-09-22T15:44:25,2026-09-22T15:44:25,2026-09-22T15:44:25
6035,悠遊卡,2023-05-05,137.5,-3.0,-2.14%,0.58,,8.7,10.44,12.18,13.92,15.66,17.4,ShowDailyK_ChartFlow,FinMind_API_TaiwanStockPrice_6035,True,2026-09-22T15:44:25,2026-09-22T15:44:25,2026-09-22T15:44:25
6035,悠遊卡,2023-05-08,137.0,-0.5,-0.36%,0.58,,8.7,10.44,12.18,13.92,15.66,17.4,ShowDailyK_ChartFlow,FinMind_API_TaiwanStockPrice_6035,True,2026-09-22T15:44:25,2026-09-22T15:44:25,2026-09-22T15:44:25
6035,悠遊卡,2023-05-09,138.5,1.5,1.09%,0.58,,8.7,10.44,12.18,13.92,15.66,17.4,ShowDailyK_ChartFlow,FinMind_API_TaiwanStockPrice_6035,True,2026-09-22T15:44:25,2026-09-22T15:44:25,2026-09-22T15:44:25
6035,悠遊卡,2023-05-10,136.5,-2.0,-1.44%,0.58,,8.7,10.44,12.18,13.92,15.66,17.4,ShowDailyK_ChartFlow,FinMind_API_TaiwanStockPrice_6035,True,2026-09-22T15:44:25,2026-09-22T15:44:25,2026-09-22T15:44:25
6035,悠遊卡,2023-05-11,137.0,0.5,0.37%,0.58,,8.7,10.44,12.18,13.92,15.66,17.4,ShowDailyK_ChartFlow,FinMind_API_TaiwanStockPrice_6035,True,2026-09-22T15:44:25,2026-09-22T15:44:25,2026-09-22T15:44:25
6035,悠遊卡,2023-05-12,136.5,-0.5,-0.36%,0.58,,8.7,10.44,12.18,13.92,15.66,17.4,ShowDailyK_ChartFlow,FinMind_API_TaiwanStockPrice_6035,True,2026-09-22T15:44:25,2026-09-22T15:44:25,2026-09-22T15:44:25
6035,悠遊卡,2023-05-15,131.0,-5.5,-4.03%,0.58,,8.7,10.44,12.18,13.92,15.66,17.4,ShowDailyK_ChartFlow,FinMind_API_TaiwanStockPrice_6035,True,2026-09-22T15:44:25,2026-09-22T15:44:25,2026-09-22T15:44:25
6035,悠遊卡,2023-05-16,131.0,0.0,0.00%,0.58,,8.7,10.44,12.18,13.92,15.66,17.4,ShowDailyK_ChartFlow,FinMind_API_TaiwanStockPrice_6035,True,2026-09-22T15:44:25,2026-09-22T15:44:25,2026-09-22T15:44:25
6035,悠遊卡,2023-05-17,132.5,1.5,1.15%,0.58,,8.7,10.44,12.18,13.92,15.66,17.4,ShowDailyK_ChartFlow,FinMind_API_TaiwanStockPrice_6035,True,2026-09-22T15:44:25,2026-09-22T15:44:25,2026-09-22T15:44:25
6035,悠遊卡,2023-05-18,131.5,-1.0,-0.75%,0.58,,8.7,10.44,12.18,13.92,15.66,17.4,ShowDailyK_ChartFlow,FinMind_API_TaiwanStockPrice_6035,True,2026-09-22T15:44:25,2026-09-22T15:44:25,2026-09-22T15:44:25
6035,悠遊卡,2023-05-19,126.5,-5.0,-3.80%,0.58,,8.7,10.44,12.18,13.92,15.66,17.4,ShowDailyK_ChartFlow,FinMind_API_TaiwanStockPrice_6035,True,2026-09-22T15:44:25,2026-09-22T15:44:25,2026-09-22T15:44:25
6035,悠遊卡,2023-05-22,123.0,-3.5,-2.77%,0.58,,8.7,10.44,12.18,13.92,15.66,17.4,ShowDailyK_ChartFlow,FinMind_API_TaiwanStockPrice_6035,True,2026-09-22T15:44:25,2026-09-22T15:44:25,2026-09-22T15:44:25
6035,悠遊卡,2023-05-23,126.0,3.0,2.44%,0.58,,8.7,10.44,12.18,13.92,15.66,17.4,ShowDailyK_ChartFlow,FinMind_API_TaiwanStockPrice_6035,True,2026-09-22T15:44:25,2026-09-22T15:44:25,2026-09-22T15:44:25
6035,悠遊卡,2023-05-24,125.5,-0.5,-0.40%,0.58,,8.7,10.44,12.18,13.92,15.66,17.4,ShowDailyK_ChartFlow,FinMind_API_TaiwanStockPrice_6035,True,2026-09-22T15:44:25,2026-09-22T15:44:25,2026-09-22T15:44:25
6035,悠遊卡,2023-05-25,125.0,-0.5,-0.40%,0.58,,8.7,10.44,12.18,13.92,15.66,17.4,ShowDailyK_ChartFlow,FinMind_API_TaiwanStockPrice_6035,True,2026-09-22T15:44:25,2026-09-22T15:44:25,2026-09-22T15:44:25
6035,悠遊卡,2023-05-26,120.0,-5.0,-4.00%,0.58,,8.7,10.44,12.18,13.92,15.66,17.4,ShowDailyK_ChartFlow,FinMind_API_TaiwanStockPrice_6035,True,2026-09-22T15:44:25,2026-09-22T15:44:25,2026-09-22T15:44:25
6035,悠遊卡,2023-05-29,118.5,-1.5,-1.25%,0.58,,8.7,10.44,12.18,13.92,15.66,17.4,ShowDailyK_ChartFlow,FinMind_API_TaiwanStockPrice_6035,True,2026-09-22T15:44:25,2026-09-22T15:44:25,2026-09-22T15:44:25
6035,悠遊卡,2023-05-30,119.0,0.5,0.42%,0.58,,8.7,10.44,12.18,13.92,15.66,17.4,ShowDailyK_ChartFlow,FinMind_API_TaiwanStockPrice_6035,True,2026-09-22T15:44:25,2026-09-22T15:44:25,2026-09-22T15:44:25
6035,悠遊卡,2023-05-31,118.5,-0.5,-0.42%,0.58,,8.7,10.44,12.18,13.92,15.66,17.4,ShowDailyK_ChartFlow,FinMind_API_TaiwanStockPrice_6035,True,2026-09-22T15:44:25,2026-09-22T15:44:25,2026-09-22T15:44:25
6035,悠遊卡,2023-06-01,115.5,-3.0,-2.53%,0.58,,8.7,10.44,12.18,13.92,15.66,17.4,ShowDailyK_ChartFlow,FinMind_API_TaiwanStockPrice_6035,True,2026-09-22T15:44:25,2026-09-22T15:44:25,2026-09-22T15:44:25
6035,悠遊卡,2023-06-02,113.5,-2.0,-1.73%,0.58,,8.7,10.44,12.18,13.92,15.66,17.4,ShowDailyK_ChartFlow,FinMind_API_TaiwanStockPrice_6035,True,2026-09-22T15:44:25,2026-09-22T15:44:25,2026-09-22T15:44:25
6035,悠遊卡,2023-06-05,113.0,-0.5,-0.44%,0.58,,8.7,10.44,12.18,13.92,15.66,17.4,ShowDailyK_ChartFlow,FinMind_API_TaiwanStockPrice_6035,True,2026-09-22T15:44:25,2026-09-22T15:44:25,2026-09-22T15:44:25
6035,悠遊卡,2023-06-06,110.0,-3.0,-2.65%,0.58,,8.7,10.44,12.18,13.92,15.66,17.4,ShowDailyK_ChartFlow,FinMind_API_TaiwanStockPrice_6035,True,2026-09-22T15:44:25,2026-09-22T15:44:25,2026-09-22T15:44:25
6035,悠遊卡,2023-06-07,115.5,5.5,5.00%,0.58,,8.7,10.44,12.18,13.92,15.66,17.4,ShowDailyK_ChartFlow,FinMind_API_TaiwanStockPrice_6035,True,2026-09-22T15:44:25,2026-09-22T15:44:25,2026-09-22T15:44:25
6035,悠遊卡,2023-06-08,113.5,-2.0,-1.73%,0.58,,8.7,10.44,12.18,13.92,15.66,17.4,ShowDailyK_ChartFlow,FinMind_API_TaiwanStockPrice_6035,True,2026-09-22T15:44:25,2026-09-22T15:44:25,2026-09-22T15:44:25
6035,悠遊卡,2023-06-09,112.5,-1.0,-0.88%,0.58,,8.7,10.44,12.18,13.92,15.66,17.4,ShowDailyK_ChartFlow,FinMind_API_TaiwanStockPrice_6035,True,2026-09-22T15:44:25,2026-09-22T15:44:25,2026-09-22T15:44:25
6035,悠遊卡,2023-06-12,112.0,-0.5,-0.44%,0.58,,8.7,10.44,12.18,13.92,15.66,17.4,ShowDailyK_ChartFlow,FinMind_API_TaiwanStockPrice_6035,True,2026-09-22T15:44:25,2026-09-22T15:44:25,2026-09-22T15:44:25
6035,悠遊卡,2023-06-13,111.5,-0.5,-0.45%,0.58,,8.7,10.44,12.18,13.92,15.66,17.4,ShowDailyK_ChartFlow,FinMind_API_TaiwanStockPrice_6035,True,2026-09-22T15:44:25,2026-09-22T15:44:25,2026-09-22T15:44:25
6035,悠遊卡,2023-06-14,111.0,-0.5,-0.45%,0.58,,8.7,10.44,12.18,13.92,15.66,17.4,ShowDailyK_ChartFlow,FinMind_API_TaiwanStockPrice_6035,True,2026-09-22T15:44:25,2026-09-22T15:44:25,2026-09-22T15:44:25
6035,悠遊卡,2023-06-15,110.0,-1.0,-0.90%,0.58,,8.7,10.44,12.18,13.92,15.66,17.4,ShowDailyK_ChartFlow,FinMind_API_TaiwanStockPrice_6035,True,2026-09-22T15:44:25,2026-09-22T15:44:25,2026-09-22T15:44:25
6035,悠遊卡,2023-06-16,109.5,-0.5,-0.45%,0.58,,8.7,10.44,12.18,13.92,15.66,17.4,ShowDailyK_ChartFlow,FinMind_API_TaiwanStockPrice_6035,True,2026-09-22T15:44:25,2026-09-22T15:44:25,2026-09-22T15:44:25
6035,悠遊卡,2023-06-19,108.5,-1.0,-0.91%,0.58,,8.7,10.44,12.18,13.92,15.66,17.4,ShowDailyK_ChartFlow,FinMind_API_TaiwanStockPrice_6035,True,2026-09-22T15:44:25,2026-09-22T15:44:25,2026-09-22T15:44:25
6035,悠遊卡,2023-06-20,105.0,-3.5,-3.23%,0.58,,8.7,10.44,12.18,13.92,15.66,17.4,ShowDailyK_ChartFlow,FinMind_API_TaiwanStockPrice_6035,True,2026-09-22T15:44:25,2026-09-22T15:44:25,2026-09-22T15:44:25
6035,悠遊卡,2023-06-21,104.5,-0.5,-0.48%,0.58,,8.7,10.44,12.18,13.92,15.66,17.4,ShowDailyK_ChartFlow,FinMind_API_TaiwanStockPrice_6035,True,2026-09-22T15:44:25,2026-09-22T15:44:25,2026-09-22T15:44:25
6035,悠遊卡,2023-06-26,98.2,-6.299999999999997,-6.03%,0.58,,8.7,10.44,12.18,13.92,15.66,17.4,ShowDailyK_ChartFlow,FinMind_API_TaiwanStockPrice_6035,True,2026-09-22T15:44:25,2026-09-22T15:44:25,2026-09-22T15:44:25
6035,悠遊卡,2023-06-27,95.0,-3.200000000000003,-3.26%,0.58,,8.7,10.44,12.18,13.92,15.66,17.4,ShowDailyK_ChartFlow,FinMind_API_TaiwanStockPrice_6035,True,2026-09-22T15:44:25,2026-09-22T15:44:25,2026-09-22T15:44:25
6035,悠遊卡,2023-06-28,94.1,-0.9000000000000057,-0.95%,0.58,,8.7,10.44,12.18,13.92,15.66,17.4,ShowDailyK_ChartFlow,FinMind_API_TaiwanStockPrice_6035,True,2026-09-22T15:44:25,2026-09-22T15:44:25,2026-09-22T15:44:25
6035,悠遊卡,2023-06-29,93.2,-0.8999999999999915,-0.96%,0.58,,8.7,10.44,12.18,13.92,15.66,17.4,ShowDailyK_ChartFlow,FinMind_API_TaiwanStockPrice_6035,True,2026-09-22T15:44:25,2026-09-22T15:44:25,2026-09-22T15:44:25
6035,悠遊卡,2023-06-30,90.5,-2.700000000000003,-2.90%,2.41,,36.15,43.38,50.61,57.84,65.07,72.3,ShowDailyK_ChartFlow,FinMind_API_TaiwanStockPrice_6035,True,2026-09-22T15:44:25,2026-09-22T15:44:25,2026-09-22T15:44:25
6035,悠遊卡,2023-07-03,91.3,0.7999999999999972,0.88%,2.41,,36.15,43.38,50.61,57.84,65.07,72.3,ShowDailyK_ChartFlow,FinMind_API_TaiwanStockPrice_6035,True,2026-09-22T15:44:25,2026-09-22T15:44:25,2026-09-22T15:44:25
6035,悠遊卡,2023-07-04,100.5,9.200000000000003,10.08%,2.41,,36.15,43.38,50.61,57.84,65.07,72.3,ShowDailyK_ChartFlow,FinMind_API_TaiwanStockPrice_6035,True,2026-09-22T15:44:25,2026-09-22T15:44:25,2026-09-22T15:44:25
6035,悠遊卡,2023-07-05,99.9,-0.5999999999999943,-0.60%,2.41,,36.15,43.38,50.61,57.84,65.07,72.3,ShowDailyK_ChartFlow,FinMind_API_TaiwanStockPrice_6035,True,2026-09-22T15:44:25,2026-09-22T15:44:25,2026-09-22T15:44:25
6035,悠遊卡,2023-07-06,95.1,-4.800000000000011,-4.80%,2.41,,36.15,43.38,50.61,57.84,65.07,72.3,ShowDailyK_ChartFlow,FinMind_API_TaiwanStockPrice_6035,True,2026-09-22T15:44:25,2026-09-22T15:44:25,2026-09-22T15:44:25
6035,悠遊卡,2023-07-07,93.8,-1.2999999999999972,-1.37%,2.41,,36.15,43.38,50.61,57.84,65.07,72.3,ShowDailyK_ChartFlow,FinMind_API_TaiwanStockPrice_6035,True,2026-09-22T15:44:25,2026-09-22T15:44:25,2026-09-22T15:44:25
6035,悠遊卡,2023-07-10,93.2,-0.5999999999999943,-0.64%,2.41,,36.15,43.38,50.61,57.84,65.07,72.3,ShowDailyK_ChartFlow,FinMind_API_TaiwanStockPrice_6035,True,2026-09-22T15:44:25,2026-09-22T15:44:25,2026-09-22T15:44:25
6035,悠遊卡,2023-07-11,91.0,-2.200000000000003,-2.36%,2.41,,36.15,43.38,50.61,57.84,65.07,72.3,ShowDailyK_ChartFlow,FinMind_API_TaiwanStockPrice_6035,True,2026-09-22T15:44:25,2026-09-22T15:44:25,2026-09-22T15:44:25
6035,悠遊卡,2023-07-12,89.0,-2.0,-2.20%,2.41,,36.15,43.38,50.61,57.84,65.07,72.3,ShowDailyK_ChartFlow,FinMind_API_TaiwanStockPrice_6035,True,2026-09-22T15:44:25,2026-09-22T15:44:25,2026-09-22T15:44:25
6035,悠遊卡,2023-07-13,90.0,1.0,1.12%,2.41,,36.15,43.38,50.61,57.84,65.07,72.3,ShowDailyK_ChartFlow,FinMind_API_TaiwanStockPrice_6035,True,2026-09-22T15:44:25,2026-09-22T15:44:25,2026-09-22T15:44:25
6035,悠遊卡,2023-07-14,90.4,0.4000000000000057,0.44%,2.41,,36.15,43.38,50.61,57.84,65.07,72.3,ShowDailyK_ChartFlow,FinMind_API_TaiwanStockPrice_6035,True,2026-09-22T15:44:25,2026-09-22T15:44:25,2026-09-22T15:44:25
6035,悠遊卡,2023-07-17,90.3,-0.10000000000000853,-0.11%,2.41,,36.15,43.38,50.61,57.84,65.07,72.3,ShowDailyK_ChartFlow,FinMind_API_TaiwanStockPrice_6035,True,2026-09-22T15:44:25,2026-09-22T15:44:25,2026-09-22T15:44:25
6035,悠遊卡,2023-07-18,90.3,0.0,0.00%,2.41,,36.15,43.38,50.61,57.84,65.07,72.3,ShowDailyK_ChartFlow,FinMind_API_TaiwanStockPrice_6035,True,2026-09-22T15:44:25,2026-09-22T15:44:25,2026-09-22T15:44:25
6035,悠遊卡,2023-07-19,90.3,0.0,0.00%,2.41,,36.15,43.38,50.61,57.84,65.07,72.3,ShowDailyK_ChartFlow,FinMind_API_TaiwanStockPrice_6035,True,2026-09-22T15:44:25,2026-09-22T15:44:25,2026-09-22T15:44:25
6035,悠遊卡,2023-07-20,90.5,0.20000000000000284,0.22%,2.41,,36.15,43.38,50.61,57.84,65.07,72.3,ShowDailyK_ChartFlow,FinMind_API_TaiwanStockPrice_6035,True,2026-09-22T15:44:25,2026-09-22T15:44:25,2026-09-22T15:44:25
6035,悠遊卡,2023-07-21,91.0,0.5,0.55%,2.41,,36.15,43.38,50.61,57.84,65.07,72.3,ShowDailyK_ChartFlow,FinMind_API_TaiwanStockPrice_6035,True,2026-09-22T15:44:25,2026-09-22T15:44:25,2026-09-22T15:44:25
6035,悠遊卡,2023-07-24,90.1,-0.9000000000000057,-0.99%,2.41,,36.15,43.38,50.61,57.84,65.07,72.3,ShowDailyK_ChartFlow,FinMind_API_TaiwanStockPrice_6035,True,2026-09-22T15:44:25,2026-09-22T15:44:25,2026-09-22T15:44:25
6035,悠遊卡,2023-07-25,90.0,-0.09999999999999432,-0.11%,2.41,,36.15,43.38,50.61,57.84,65.07,72.3,ShowDailyK_ChartFlow,FinMind_API_TaiwanStockPrice_6035,True,2026-09-22T15:44:25,2026-09-22T15:44:25,2026-09-22T15:44:25
6035,悠遊卡,2023-07-26,90.1,0.09999999999999432,0.11%,2.41,,36.15,43.38,50.61,57.84,65.07,72.3,ShowDailyK_ChartFlow,FinMind_API_TaiwanStockPrice_6035,True,2026-09-22T15:44:25,2026-09-22T15:44:25,2026-09-22T15:44:25
6035,悠遊卡,2023-07-27,90.7,0.6000000000000085,0.67%,2.41,,36.15,43.38,50.61,57.84,65.07,72.3,ShowDailyK_ChartFlow,FinMind_API_TaiwanStockPrice_6035,True,2026-09-22T15:44:25,2026-09-22T15:44:25,2026-09-22T15:44:25
6035,悠遊卡,2023-07-28,90.4,-0.29999999999999716,-0.33%,2.41,,36.15,43.38,50.61,57.84,65.07,72.3,ShowDailyK_ChartFlow,FinMind_API_TaiwanStockPrice_6035,True,2026-09-22T15:44:25,2026-09-22T15:44:25,2026-09-22T15:44:25
6035,悠遊卡,2023-07-31,90.5,0.09999999999999432,0.11%,2.41,,36.15,43.38,50.61,57.84,65.07,72.3,ShowDailyK_ChartFlow,FinMind_API_TaiwanStockPrice_6035,True,2026-09-22T15:44:25,2026-09-22T15:44:25,2026-09-22T15:44:25
6035,悠遊卡,2023-08-01,90.3,-0.20000000000000284,-0.22%,2.41,,36.15,43.38,50.61,57.84,65.07,72.3,ShowDailyK_ChartFlow,FinMind_API_TaiwanStockPrice_6035,True,2026-09-22T15:44:25,2026-09-22T15:44:25,2026-09-22T15:44:25
6035,悠遊卡,2023-08-02,90.2,-0.09999999999999432,-0.11%,2.41,,36.15,43.38,50.61,57.84,65.07,72.3,ShowDailyK_ChartFlow,FinMind_API_TaiwanStockPrice_6035,True,2026-09-22T15:44:25,2026-09-22T15:44:25,2026-09-22T15:44:25
6035,悠遊卡,2023-08-04,90.2,0.0,0.00%,2.41,,36.15,43.38,50.61,57.84,65.07,72.3,ShowDailyK_ChartFlow,FinMind_API_TaiwanStockPrice_6035,True,2026-09-22T15:44:25,2026-09-22T15:44:25,2026-09-22T15:44:25
6035,悠遊卡,2023-08-07,89.0,-1.2000000000000028,-1.33%,2.41,,36.15,43.38,50.61,57.84,65.07,72.3,ShowDailyK_ChartFlow,FinMind_API_TaiwanStockPrice_6035,True,2026-09-22T15:44:25,2026-09-22T15:44:25,2026-09-22T15:44:25
6035,悠遊卡,2023-08-08,86.8,-2.200000000000003,-2.47%,2.41,,36.15,43.38,50.61,57.84,65.07,72.3,ShowDailyK_ChartFlow,FinMind_API_TaiwanStockPrice_6035,True,2026-09-22T15:44:25,2026-09-22T15:44:25,2026-09-22T15:44:25
6035,悠遊卡,2023-08-09,86.2,-0.5999999999999943,-0.69%,2.41,,36.15,43.38,50.61,57.84,65.07,72.3,ShowDailyK_ChartFlow,FinMind_API_TaiwanStockPrice_6035,True,2026-09-22T15:44:25,2026-09-22T15:44:25,2026-09-22T15:44:25
6035,悠遊卡,2023-08-10,83.9,-2.299999999999997,-2.67%,2.41,,36.15,43.38,50.61,57.84,65.07,72.3,ShowDailyK_ChartFlow,FinMind_API_TaiwanStockPrice_6035,True,2026-09-22T15:44:25,2026-09-22T15:44:25,2026-09-22T15:44:25
6035,悠遊卡,2023-08-11,83.6,-0.30000000000001137,-0.36%,2.41,,36.15,43.38,50.61,57.84,65.07,72.3,ShowDailyK_ChartFlow,FinMind_API_TaiwanStockPrice_6035,True,2026-09-22T15:44:25,2026-09-22T15:44:25,2026-09-22T15:44:25
6035,悠遊卡,2023-08-14,82.9,-0.6999999999999886,-0.84%,2.41,,36.15,43.38,50.61,57.84,65.07,72.3,ShowDailyK_ChartFlow,FinMind_API_TaiwanStockPrice_6035,True,2026-09-22T15:44:25,2026-09-22T15:44:25,2026-09-22T15:44:25
6035,悠遊卡,2023-08-15,80.0,-2.9000000000000057,-3.50%,2.41,,36.15,43.38,50.61,57.84,65.07,72.3,ShowDailyK_ChartFlow,FinMind_API_TaiwanStockPrice_6035,True,2026-09-22T15:44:25,2026-09-22T15:44:25,2026-09-22T15:44:25
6035,悠遊卡,2023-08-16,76.0,-4.0,-5.00%,2.41,,36.15,43.38,50.61,57.84,65.07,72.3,ShowDailyK_ChartFlow,FinMind_API_TaiwanStockPrice_6035,True,2026-09-22T15:44:25,2026-09-22T15:44:25,2026-09-22T15:44:25
6035,悠遊卡,2023-08-17,76.2,0.20000000000000284,0.26%,2.41,,36.15,43.38,50.61,57.84,65.07,72.3,ShowDailyK_ChartFlow,FinMind_API_TaiwanStockPrice_6035,True,2026-09-22T15:44:25,2026-09-22T15:44:25,2026-09-22T15:44:25
6035,悠遊卡,2023-08-18,75.5,-0.7000000000000028,-0.92%,2.41,,36.15,43.38,50.61,57.84,65.07,72.3,ShowDailyK_ChartFlow,FinMind_API_TaiwanStockPrice_6035,True,2026-09-22T15:44:25,2026-09-22T15:44:25,2026-09-22T15:44:25
6035,悠遊卡,2023-08-21,76.0,0.5,0.66%,2.41,,36.15,43.38,50.61,57.84,65.07,72.3,ShowDailyK_ChartFlow,FinMind_API_TaiwanStockPrice_6035,True,2026-09-22T15:44:25,2026-09-22T15:44:25,2026-09-22T15:44:25
6035,悠遊卡,2023-08-22,74.0,-2.0,-2.63%,2.41,,36.15,43.38,50.61,57.84,65.07,72.3,ShowDailyK_ChartFlow,FinMind_API_TaiwanStockPrice_6035,True,2026-09-22T15:44:25,2026-09-22T15:44:25,2026-09-22T15:44:25
6035,悠遊卡,2023-08-23,72.0,-2.0,-2.70%,2.41,,36.15,43.38,50.61,57.84,65.07,72.3,ShowDailyK_ChartFlow,FinMind_API_TaiwanStockPrice_6035,True,2026-09-22T15:44:25,2026-09-22T15:44:25,2026-09-22T15:44:25
6035,悠遊卡,2023-08-24,71.4,-0.5999999999999943,-0.83%,2.41,,36.15,43.38,50.61,57.84,65.07,72.3,ShowDailyK_ChartFlow,FinMind_API_TaiwanStockPrice_6035,True,2026-09-22T15:44:25,2026-09-22T15:44:25,2026-09-22T15:44:25
6035,悠遊卡,2023-08-25,71.3,-0.10000000000000853,-0.14%,2.41,,36.15,43.38,50.61,57.84,65.07,72.3,ShowDailyK_ChartFlow,FinMind_API_TaiwanStockPrice_6035,True,2026-09-22T15:44:25,2026-09-22T15:44:25,2026-09-22T15:44:25
6035,悠遊卡,2023-08-28,71.0,-0.29999999999999716,-0.42%,2.41,,36.15,43.38,50.61,57.84,65.07,72.3,ShowDailyK_ChartFlow,FinMind_API_TaiwanStockPrice_6035,True,2026-09-22T15:44:25,2026-09-22T15:44:25,2026-09-22T15:44:25
6035,悠遊卡,2023-08-29,70.2,-0.7999999999999972,-1.13%,2.41,,36.15,43.38,50.61,57.84,65.07,72.3,ShowDailyK_ChartFlow,FinMind_API_TaiwanStockPrice_6035,True,2026-09-22T15:44:25,2026-09-22T15:44:25,2026-09-22T15:44:25
6035,悠遊卡,2023-08-30,70.5,0.29999999999999716,0.43%,2.41,,36.15,43.38,50.61,57.84,65.07,72.3,ShowDailyK_ChartFlow,FinMind_API_TaiwanStockPrice_6035,True,2026-09-22T15:44:25,2026-09-22T15:44:25,2026-09-22T15:44:25
6035,悠遊卡,2023-08-31,72.3,1.7999999999999972,2.55%,2.41,,36.15,43.38,50.61,57.84,65.07,72.3,ShowDailyK_ChartFlow,FinMind_API_TaiwanStockPrice_6035,True,2026-09-22T15:44:25,2026-09-22T15:44:25,2026-09-22T15:44:25
6035,悠遊卡,2023-09-01,72.3,0.0,0.00%,2.41,,36.15,43.38,50.61,57.84,65.07,72.3,ShowDailyK_ChartFlow,FinMind_API_TaiwanStockPrice_6035,True,2026-09-22T15:44:25,2026-09-22T15:44:25,2026-09-22T15:44:25
6035,悠遊卡,2023-09-04,70.8,-1.5,-2.07%,2.41,,36.15,43.38,50.61,57.84,65.07,72.3,ShowDailyK_ChartFlow,FinMind_API_TaiwanStockPrice_6035,True,2026-09-22T15:44:25,2026-09-22T15:44:25,2026-09-22T15:44:25
6035,悠遊卡,2023-09-05,70.2,-0.5999999999999943,-0.85%,2.41,,36.15,43.38,50.61,57.84,65.07,72.3,ShowDailyK_ChartFlow,FinMind_API_TaiwanStockPrice_6035,True,2026-09-22T15:44:25,2026-09-22T15:44:25,2026-09-22T15:44:25
6035,悠遊卡,2023-09-06,70.5,0.29999999999999716,0.43%,2.41,,36.15,43.38,50.61,57.84,65.07,72.3,ShowDailyK_ChartFlow,FinMind_API_TaiwanStockPrice_6035,True,2026-09-22T15:44:25,2026-09-22T15:44:25,2026-09-22T15:44:25
6035,悠遊卡,2023-09-07,70.2,-0.29999999999999716,-0.43%,2.41,,36.15,43.38,50.61,57.84,65.07,72.3,ShowDailyK_ChartFlow,FinMind_API_TaiwanStockPrice_6035,True,2026-09-22T15:44:25,2026-09-22T15:44:25,2026-09-22T15:44:25
6035,悠遊卡,2023-09-08,70.5,0.29999999999999716,0.43%,2.41,,36.15,43.38,50.61,57.84,65.07,72.3,ShowDailyK_ChartFlow,FinMind_API_TaiwanStockPrice_6035,True,2026-09-22T15:44:25,2026-09-22T15:44:25,2026-09-22T15:44:25
6035,悠遊卡,2023-09-11,70.5,0.0,0.00%,2.41,,36.15,43.38,50.61,57.84,65.07,72.3,ShowDailyK_ChartFlow,FinMind_API_TaiwanStockPrice_6035,True,2026-09-22T15:44:25,2026-09-22T15:44:25,2026-09-22T15:44:25
6035,悠遊卡,2023-09-12,70.6,0.09999999999999432,0.14%,2.41,,36.15,43.38,50.61,57.84,65.07,72.3,ShowDailyK_ChartFlow,FinMind_API_TaiwanStockPrice_6035,True,2026-09-22T15:44:25,2026-09-22T15:44:25,2026-09-22T15:44:25
6035,悠遊卡,2023-09-13,71.3,0.7000000000000028,0.99%,2.41,,36.15,43.38,50.61,57.84,65.07,72.3,ShowDailyK_ChartFlow,FinMind_API_TaiwanStockPrice_6035,True,2026-09-22T15:44:25,2026-09-22T15:44:25,2026-09-22T15:44:25
6035,悠遊卡,2023-09-14,72.4,1.1000000000000085,1.54%,2.41,,36.15,43.38,50.61,57.84,65.07,72.3,ShowDailyK_ChartFlow,FinMind_API_TaiwanStockPrice_6035,True,2026-09-22T15:44:25,2026-09-22T15:44:25,2026-09-22T15:44:25
6035,悠遊卡,2023-09-15,75.1,2.6999999999999886,3.73%,2.41,,36.15,43.38,50.61,57.84,65.07,72.3,ShowDailyK_ChartFlow,FinMind_API_TaiwanStockPrice_6035,True,2026-09-22T15:44:25,2026-09-22T15:44:25,2026-09-22T15:44:25
6035,悠遊卡,2023-09-18,77.6,2.5,3.33%,2.41,,36.15,43.38,50.61,57.84,65.07,72.3,ShowDailyK_ChartFlow,FinMind_API_TaiwanStockPrice_6035,True,2026-09-22T15:44:25,2026-09-22T15:44:25,2026-09-22T15:44:25
6035,悠遊卡,2023-09-19,76.3,-1.2999999999999972,-1.68%,2.41,,36.15,43.38,50.61,57.84,65.07,72.3,ShowDailyK_ChartFlow,FinMind_API_TaiwanStockPrice_6035,True,2026-09-22T15:44:25,2026-09-22T15:44:25,2026-09-22T15:44:25
6035,悠遊卡,2023-09-20,75.8,-0.5,-0.66%,2.41,,36.15,43.38,50.61,57.84,65.07,72.3,ShowDailyK_ChartFlow,FinMind_API_TaiwanStockPrice_6035,True,2026-09-22T15:44:25,2026-09-22T15:44:25,2026-09-22T15:44:25
6035,悠遊卡,2023-09-21,75.2,-0.5999999999999943,-0.79%,2.41,,36.15,43.38,50.61,57.84,65.07,72.3,ShowDailyK_ChartFlow,FinMind_API_TaiwanStockPrice_6035,True,2026-09-22T15:44:25,2026-09-22T15:44:25,2026-09-22T15:44:25
6035,悠遊卡,2023-09-22,76.0,0.7999999999999972,1.06%,2.41,,36.15,43.38,50.61,57.84,65.07,72.3,ShowDailyK_ChartFlow,FinMind_API_TaiwanStockPrice_6035,True,2026-09-22T15:44:25,2026-09-22T15:44:25,2026-09-22T15:44:25
6035,悠遊卡,2023-09-25,75.2,-0.7999999999999972,-1.05%,2.41,,36.15,43.38,50.61,57.84,65.07,72.3,ShowDailyK_ChartFlow,FinMind_API_TaiwanStockPrice_6035,True,2026-09-22T15:44:25,2026-09-22T15:44:25,2026-09-22T15:44:25
6035,悠遊卡,2023-09-26,75.9,0.7000000000000028,0.93%,2.41,,36.15,43.38,50.61,57.84,65.07,72.3,ShowDailyK_ChartFlow,FinMind_API_TaiwanStockPrice_6035,True,2026-09-22T15:44:25,2026-09-22T15:44:25,2026-09-22T15:44:25
6035,悠遊卡,2023-09-27,75.3,-0.6000000000000085,-0.79%,2.41,,36.15,43.38,50.61,57.84,65.07,72.3,ShowDailyK_ChartFlow,FinMind_API_TaiwanStockPrice_6035,True,2026-09-22T15:44:25,2026-09-22T15:44:25,2026-09-22T15:44:25
6035,悠遊卡,2023-09-28,75.2,-0.09999999999999432,-0.13%,2.41,,36.15,43.38,50.61,57.84,65.07,72.3,ShowDailyK_ChartFlow,FinMind_API_TaiwanStockPrice_6035,True,2026-09-22T15:44:25,2026-09-22T15:44:25,2026-09-22T15:44:25
6035,悠遊卡,2023-10-02,75.2,0.0,0.00%,2.41,,36.15,43.38,50.61,57.84,65.07,72.3,ShowDailyK_ChartFlow,FinMind_API_TaiwanStockPrice_6035,True,2026-09-22T15:44:25,2026-09-22T15:44:25,2026-09-22T15:44:25
6035,悠遊卡,2023-10-03,74.3,-0.9000000000000057,-1.20%,2.41,,36.15,43.38,50.61,57.84,65.07,72.3,ShowDailyK_ChartFlow,FinMind_API_TaiwanStockPrice_6035,True,2026-09-22T15:44:25,2026-09-22T15:44:25,2026-09-22T15:44:25
6035,悠遊卡,2023-10-04,74.0,-0.29999999999999716,-0.40%,2.41,,36.15,43.38,50.61,57.84,65.07,72.3,ShowDailyK_ChartFlow,FinMind_API_TaiwanStockPrice_6035,True,2026-09-22T15:44:25,2026-09-22T15:44:25,2026-09-22T15:44:25
6035,悠遊卡,2023-10-05,73.0,-1.0,-1.35%,2.41,,36.15,43.38,50.61,57.84,65.07,72.3,ShowDailyK_ChartFlow,FinMind_API_TaiwanStockPrice_6035,True,2026-09-22T15:44:25,2026-09-22T15:44:25,2026-09-22T15:44:25
6035,悠遊卡,2023-10-06,74.0,1.0,1.37%,2.41,,36.15,43.38,50.61,57.84,65.07,72.3,ShowDailyK_ChartFlow,FinMind_API_TaiwanStockPrice_6035,True,2026-09-22T15:44:25,2026-09-22T15:44:25,2026-09-22T15:44:25
6035,悠遊卡,2023-10-11,72.2,-1.7999999999999972,-2.43%,2.41,,36.15,43.38,50.61,57.84,65.07,72.3,ShowDailyK_ChartFlow,FinMind_API_TaiwanStockPrice_6035,True,2026-09-22T15:44:25,2026-09-22T15:44:25,2026-09-22T15:44:25
6035,悠遊卡,2023-10-12,72.7,0.5,0.69%,2.41,,36.15,43.38,50.61,57.84,65.07,72.3,ShowDailyK_ChartFlow,FinMind_API_TaiwanStockPrice_6035,True,2026-09-22T15:44:25,2026-09-22T15:44:25,2026-09-22T15:44:25
6035,悠遊卡,2023-10-13,72.6,-0.10000000000000853,-0.14%,2.41,,36.15,43.38,50.61,57.84,65.07,72.3,ShowDailyK_ChartFlow,FinMind_API_TaiwanStockPrice_6035,True,2026-09-22T15:44:25,2026-09-22T15:44:25,2026-09-22T15:44:25
6035,悠遊卡,2023-10-16,72.2,-0.3999999999999915,-0.55%,2.41,,36.15,43.38,50.61,57.84,65.07,72.3,ShowDailyK_ChartFlow,FinMind_API_TaiwanStockPrice_6035,True,2026-09-22T15:44:25,2026-09-22T15:44:25,2026-09-22T15:44:25
6035,悠遊卡,2023-10-17,75.3,3.0999999999999943,4.29%,2.41,,36.15,43.38,50.61,57.84,65.07,72.3,ShowDailyK_ChartFlow,FinMind_API_TaiwanStockPrice_6035,True,2026-09-22T15:44:25,2026-09-22T15:44:25,2026-09-22T15:44:25
6035,悠遊卡,2023-10-18,73.3,-2.0,-2.66%,2.41,,36.15,43.38,50.61,57.84,65.07,72.3,ShowDailyK_ChartFlow,FinMind_API_TaiwanStockPrice_6035,True,2026-09-22T15:44:25,2026-09-22T15:44:25,2026-09-22T15:44:25
6035,悠遊卡,2023-10-19,78.0,4.700000000000003,6.41%,2.41,,36.15,43.38,50.61,57.84,65.07,72.3,ShowDailyK_ChartFlow,FinMind_API_TaiwanStockPrice_6035,True,2026-09-22T15:44:25,2026-09-22T15:44:25,2026-09-22T15:44:25
6035,悠遊卡,2023-10-20,82.1,4.099999999999994,5.26%,2.41,,36.15,43.38,50.61,57.84,65.07,72.3,ShowDailyK_ChartFlow,FinMind_API_TaiwanStockPrice_6035,True,2026-09-22T15:44:25,2026-09-22T15:44:25,2026-09-22T15:44:25
6035,悠遊卡,2023-10-23,88.3,6.200000000000003,7.55%,2.41,,36.15,43.38,50.61,57.84,65.07,72.3,ShowDailyK_ChartFlow,FinMind_API_TaiwanStockPrice_6035,True,2026-09-22T15:44:25,2026-09-22T15:44:25,2026-09-22T15:44:25
6035,悠遊卡,2023-10-24,90.3,2.0,2.27%,2.41,,36.15,43.38,50.61,57.84,65.07,72.3,ShowDailyK_ChartFlow,FinMind_API_TaiwanStockPrice_6035,True,2026-09-22T15:44:25,2026-09-22T15:44:25,2026-09-22T15:44:25
6035,悠遊卡,2023-10-25,90.8,0.5,0.55%,2.41,,36.15,43.38,50.61,57.84,65.07,72.3,ShowDailyK_ChartFlow,FinMind_API_TaiwanStockPrice_6035,True,2026-09-22T15:44:25,2026-09-22T15:44:25,2026-09-22T15:44:25
6035,悠遊卡,2023-10-26,95.0,4.200000000000003,4.63%,2.41,,36.15,43.38,50.61,57.84,65.07,72.3,ShowDailyK_ChartFlow,FinMind_API_TaiwanStockPrice_6035,True,2026-09-22T15:44:25,2026-09-22T15:44:25,2026-09-22T15:44:25
6035,悠遊卡,2023-10-27,100.5,5.5,5.79%,2.41,,36.15,43.38,50.61,57.84,65.07,72.3,ShowDailyK_ChartFlow,FinMind_API_TaiwanStockPrice_6035,True,2026-09-22T15:44:25,2026-09-22T15:44:25,2026-09-22T15:44:25
6035,悠遊卡,2023-10-30,99.4,-1.0999999999999943,-1.09%,2.41,,36.15,43.38,50.61,57.84,65.07,72.3,ShowDailyK_ChartFlow,FinMind_API_TaiwanStockPrice_6035,True,2026-09-22T15:44:25,2026-09-22T15:44:25,2026-09-22T15:44:25
6035,悠遊卡,2023-10-31,94.0,-5.400000000000006,-5.43%,2.41,,36.15,43.38,50.61,57.84,65.07,72.3,ShowDailyK_ChartFlow,FinMind_API_TaiwanStockPrice_6035,True,2026-09-22T15:44:25,2026-09-22T15:44:25,2026-09-22T15:44:25
6035,悠遊卡,2023-11-01,98.0,4.0,4.26%,2.41,,36.15,43.38,50.61,57.84,65.07,72.3,ShowDailyK_ChartFlow,FinMind_API_TaiwanStockPrice_6035,True,2026-09-22T15:44:25,2026-09-22T15:44:25,2026-09-22T15:44:25
6035,悠遊卡,2023-11-02,100.0,2.0,2.04%,2.41,,36.15,43.38,50.61,57.84,65.07,72.3,ShowDailyK_ChartFlow,FinMind_API_TaiwanStockPrice_6035,True,2026-09-22T15:44:25,2026-09-22T15:44:25,2026-09-22T15:44:25
6035,悠遊卡,2023-11-03,99.0,-1.0,-1.00%,2.41,,36.15,43.38,50.61,57.84,65.07,72.3,ShowDailyK_ChartFlow,FinMind_API_TaiwanStockPrice_6035,True,2026-09-22T15:44:25,2026-09-22T15:44:25,2026-09-22T15:44:25
6035,悠遊卡,2023-11-06,99.0,0.0,0.00%,2.41,,36.15,43.38,50.61,57.84,65.07,72.3,ShowDailyK_ChartFlow,FinMind_API_TaiwanStockPrice_6035,True,2026-09-22T15:44:25,2026-09-22T15:44:25,2026-09-22T15:44:25
6035,悠遊卡,2023-11-07,98.0,-1.0,-1.01%,2.41,,36.15,43.38,50.61,57.84,65.07,72.3,ShowDailyK_ChartFlow,FinMind_API_TaiwanStockPrice_6035,True,2026-09-22T15:44:25,2026-09-22T15:44:25,2026-09-22T15:44:25
6035,悠遊卡,2023-11-08,97.5,-0.5,-0.51%,2.41,,36.15,43.38,50.61,57.84,65.07,72.3,ShowDailyK_ChartFlow,FinMind_API_TaiwanStockPrice_6035,True,2026-09-22T15:44:25,2026-09-22T15:44:25,2026-09-22T15:44:25
6035,悠遊卡,2023-11-09,97.8,0.29999999999999716,0.31%,2.41,,36.15,43.38,50.61,57.84,65.07,72.3,ShowDailyK_ChartFlow,FinMind_API_TaiwanStockPrice_6035,True,2026-09-22T15:44:25,2026-09-22T15:44:25,2026-09-22T15:44:25
6035,悠遊卡,2023-11-10,96.6,-1.2000000000000028,-1.23%,2.41,,36.15,43.38,50.61,57.84,65.07,72.3,ShowDailyK_ChartFlow,FinMind_API_TaiwanStockPrice_6035,True,2026-09-22T15:44:25,2026-09-22T15:44:25,2026-09-22T15:44:25
6035,悠遊卡,2023-11-13,95.3,-1.2999999999999972,-1.35%,2.41,,36.15,43.38,50.61,57.84,65.07,72.3,ShowDailyK_ChartFlow,FinMind_API_TaiwanStockPrice_6035,True,2026-09-22T15:44:25,2026-09-22T15:44:25,2026-09-22T15:44:25
6035,悠遊卡,2023-11-14,94.9,-0.3999999999999915,-0.42%,2.41,,36.15,43.38,50.61,57.84,65.07,72.3,ShowDailyK_ChartFlow,FinMind_API_TaiwanStockPrice_6035,True,2026-09-22T15:44:25,2026-09-22T15:44:25,2026-09-22T15:44:25
6035,悠遊卡,2023-11-15,90.3,-4.6000000000000085,-4.85%,2.41,,36.15,43.38,50.61,57.84,65.07,72.3,ShowDailyK_ChartFlow,FinMind_API_TaiwanStockPrice_6035,True,2026-09-22T15:44:25,2026-09-22T15:44:25,2026-09-22T15:44:25
6035,悠遊卡,2023-11-16,91.3,1.0,1.11%,2.41,,36.15,43.38,50.61,57.84,65.07,72.3,ShowDailyK_ChartFlow,FinMind_API_TaiwanStockPrice_6035,True,2026-09-22T15:44:25,2026-09-22T15:44:25,2026-09-22T15:44:25
6035,悠遊卡,2023-11-17,91.3,0.0,0.00%,2.41,,36.15,43.38,50.61,57.84,65.07,72.3,ShowDailyK_ChartFlow,FinMind_API_TaiwanStockPrice_6035,True,2026-09-22T15:44:25,2026-09-22T15:44:25,2026-09-22T15:44:25
6035,悠遊卡,2023-11-20,91.4,0.10000000000000853,0.11%,2.41,,36.15,43.38,50.61,57.84,65.07,72.3,ShowDailyK_ChartFlow,FinMind_API_TaiwanStockPrice_6035,True,2026-09-22T15:44:25,2026-09-22T15:44:25,2026-09-22T15:44:25
6035,悠遊卡,2023-11-21,92.0,0.5999999999999943,0.66%,2.41,,36.15,43.38,50.61,57.84,65.07,72.3,ShowDailyK_ChartFlow,FinMind_API_TaiwanStockPrice_6035,True,2026-09-22T15:44:25,2026-09-22T15:44:25,2026-09-22T15:44:25
6035,悠遊卡,2023-11-22,92.2,0.20000000000000284,0.22%,2.41,,36.15,43.38,50.61,57.84,65.07,72.3,ShowDailyK_ChartFlow,FinMind_API_TaiwanStockPrice_6035,True,2026-09-22T15:44:25,2026-09-22T15:44:25,2026-09-22T15:44:25
6035,悠遊卡,2023-11-23,91.0,-1.2000000000000028,-1.30%,2.41,,36.15,43.38,50.61,57.84,65.07,72.3,ShowDailyK_ChartFlow,FinMind_API_TaiwanStockPrice_6035,True,2026-09-22T15:44:25,2026-09-22T15:44:25,2026-09-22T15:44:25
6035,悠遊卡,2023-11-24,90.3,-0.7000000000000028,-0.77%,2.41,,36.15,43.38,50.61,57.84,65.07,72.3,ShowDailyK_ChartFlow,FinMind_API_TaiwanStockPrice_6035,True,2026-09-22T15:44:25,2026-09-22T15:44:25,2026-09-22T15:44:25
6035,悠遊卡,2023-11-27,89.0,-1.2999999999999972,-1.44%,2.41,,36.15,43.38,50.61,57.84,65.07,72.3,ShowDailyK_ChartFlow,FinMind_API_TaiwanStockPrice_6035,True,2026-09-22T15:44:25,2026-09-22T15:44:25,2026-09-22T15:44:25
6035,悠遊卡,2023-11-28,90.0,1.0,1.12%,2.41,,36.15,43.38,50.61,57.84,65.07,72.3,ShowDailyK_ChartFlow,FinMind_API_TaiwanStockPrice_6035,True,2026-09-22T15:44:25,2026-09-22T15:44:25,2026-09-22T15:44:25
6035,悠遊卡,2023-11-29,90.2,0.20000000000000284,0.22%,2.41,,36.15,43.38,50.61,57.84,65.07,72.3,ShowDailyK_ChartFlow,FinMind_API_TaiwanStockPrice_6035,True,2026-09-22T15:44:25,2026-09-22T15:44:25,2026-09-22T15:44:25
6035,悠遊卡,2023-11-30,89.0,-1.2000000000000028,-1.33%,2.41,,36.15,43.38,50.61,57.84,65.07,72.3,ShowDailyK_ChartFlow,FinMind_API_TaiwanStockPrice_6035,True,2026-09-22T15:44:25,2026-09-22T15:44:25,2026-09-22T15:44:25
6035,悠遊卡,2023-12-01,88.0,-1.0,-1.12%,2.41,,36.15,43.38,50.61,57.84,65.07,72.3,ShowDailyK_ChartFlow,FinMind_API_TaiwanStockPrice_6035,True,2026-09-22T15:44:25,2026-09-22T15:44:25,2026-09-22T15:44:25
6035,悠遊卡,2023-12-04,88.0,0.0,0.00%,2.41,,36.15,43.38,50.61,57.84,65.07,72.3,ShowDailyK_ChartFlow,FinMind_API_TaiwanStockPrice_6035,True,2026-09-22T15:44:25,2026-09-22T15:44:25,2026-09-22T15:44:25
6035,悠遊卡,2023-12-05,88.1,0.09999999999999432,0.11%,2.41,,36.15,43.38,50.61,57.84,65.07,72.3,ShowDailyK_ChartFlow,FinMind_API_TaiwanStockPrice_6035,True,2026-09-22T15:44:25,2026-09-22T15:44:25,2026-09-22T15:44:25
6035,悠遊卡,2023-12-06,90.8,2.700000000000003,3.06%,2.41,,36.15,43.38,50.61,57.84,65.07,72.3,ShowDailyK_ChartFlow,FinMind_API_TaiwanStockPrice_6035,True,2026-09-22T15:44:25,2026-09-22T15:44:25,2026-09-22T15:44:25
6035,悠遊卡,2023-12-07,90.3,-0.5,-0.55%,2.41,,36.15,43.38,50.61,57.84,65.07,72.3,ShowDailyK_ChartFlow,FinMind_API_TaiwanStockPrice_6035,True,2026-09-22T15:44:25,2026-09-22T15:44:25,2026-09-22T15:44:25
6035,悠遊卡,2023-12-08,90.9,0.6000000000000085,0.66%,2.41,,36.15,43.38,50.61,57.84,65.07,72.3,ShowDailyK_ChartFlow,FinMind_API_TaiwanStockPrice_6035,True,2026-09-22T15:44:25,2026-09-22T15:44:25,2026-09-22T15:44:25
6035,悠遊卡,2023-12-11,90.9,0.0,0.00%,2.41,,36.15,43.38,50.61,57.84,65.07,72.3,ShowDailyK_ChartFlow,FinMind_API_TaiwanStockPrice_6035,True,2026-09-22T15:44:25,2026-09-22T15:44:25,2026-09-22T15:44:25
6035,悠遊卡,2023-12-12,90.9,0.0,0.00%,2.41,,36.15,43.38,50.61,57.84,65.07,72.3,ShowDailyK_ChartFlow,FinMind_API_TaiwanStockPrice_6035,True,2026-09-22T15:44:25,2026-09-22T15:44:25,2026-09-22T15:44:25
6035,悠遊卡,2023-12-13,90.9,0.0,0.00%,2.41,,36.15,43.38,50.61,57.84,65.07,72.3,ShowDailyK_ChartFlow,FinMind_API_TaiwanStockPrice_6035,True,2026-09-22T15:44:25,2026-09-22T15:44:25,2026-09-22T15:44:25
6035,悠遊卡,2023-12-14,89.5,-1.4000000000000057,-1.54%,2.41,,36.15,43.38,50.61,57.84,65.07,72.3,ShowDailyK_ChartFlow,FinMind_API_TaiwanStockPrice_6035,True,2026-09-22T15:44:25,2026-09-22T15:44:25,2026-09-22T15:44:25
6035,悠遊卡,2023-12-15,90.2,0.7000000000000028,0.78%,2.41,,36.15,43.38,50.61,57.84,65.07,72.3,ShowDailyK_ChartFlow,FinMind_API_TaiwanStockPrice_6035,True,2026-09-22T15:44:25,2026-09-22T15:44:25,2026-09-22T15:44:25
6035,悠遊卡,2023-12-18,90.2,0.0,0.00%,2.41,,36.15,43.38,50.61,57.84,65.07,72.3,ShowDailyK_ChartFlow,FinMind_API_TaiwanStockPrice_6035,True,2026-09-22T15:44:25,2026-09-22T15:44:25,2026-09-22T15:44:25
6035,悠遊卡,2023-12-19,91.2,1.0,1.11%,2.41,,36.15,43.38,50.61,57.84,65.07,72.3,ShowDailyK_ChartFlow,FinMind_API_TaiwanStockPrice_6035,True,2026-09-22T15:44:25,2026-09-22T15:44:25,2026-09-22T15:44:25
6035,悠遊卡,2023-12-20,91.0,-0.20000000000000284,-0.22%,2.41,,36.15,43.38,50.61,57.84,65.07,72.3,ShowDailyK_ChartFlow,FinMind_API_TaiwanStockPrice_6035,True,2026-09-22T15:44:25,2026-09-22T15:44:25,2026-09-22T15:44:25
6035,悠遊卡,2023-12-21,89.5,-1.5,-1.65%,2.41,,36.15,43.38,50.61,57.84,65.07,72.3,ShowDailyK_ChartFlow,FinMind_API_TaiwanStockPrice_6035,True,2026-09-22T15:44:25,2026-09-22T15:44:25,2026-09-22T15:44:25
6035,悠遊卡,2023-12-22,90.9,1.4000000000000057,1.56%,2.41,,36.15,43.38,50.61,57.84,65.07,72.3,ShowDailyK_ChartFlow,FinMind_API_TaiwanStockPrice_6035,True,2026-09-22T15:44:25,2026-09-22T15:44:25,2026-09-22T15:44:25
6035,悠遊卡,2023-12-25,88.5,-2.4000000000000057,-2.64%,2.41,,36.15,43.38,50.61,57.84,65.07,72.3,ShowDailyK_ChartFlow,FinMind_API_TaiwanStockPrice_6035,True,2026-09-22T15:44:25,2026-09-22T15:44:25,2026-09-22T15:44:25
6035,悠遊卡,2023-12-26,89.3,0.7999999999999972,0.90%,2.41,,36.15,43.38,50.61,57.84,65.07,72.3,ShowDailyK_ChartFlow,FinMind_API_TaiwanStockPrice_6035,True,2026-09-22T15:44:25,2026-09-22T15:44:25,2026-09-22T15:44:25
6035,悠遊卡,2023-12-27,89.3,0.0,0.00%,2.41,,36.15,43.38,50.61,57.84,65.07,72.3,ShowDailyK_ChartFlow,FinMind_API_TaiwanStockPrice_6035,True,2026-09-22T15:44:25,2026-09-22T15:44:25,2026-09-22T15:44:25
6035,悠遊卡,2023-12-28,90.6,1.2999999999999972,1.46%,2.41,,36.15,43.38,50.61,57.84,65.07,72.3,ShowDailyK_ChartFlow,FinMind_API_TaiwanStockPrice_6035,True,2026-09-22T15:44:25,2026-09-22T15:44:25,2026-09-22T15:44:25
6035,悠遊卡,2023-12-29,90.0,-0.5999999999999943,-0.66%,2.41,,36.15,43.38,50.61,57.84,65.07,72.3,ShowDailyK_ChartFlow,FinMind_API_TaiwanStockPrice_6035,True,2026-09-22T15:44:25,2026-09-22T15:44:25,2026-09-22T15:44:25
6035,悠遊卡,2024-01-02,88.9,-1.0999999999999943,-1.22%,3.7,,55.5,66.6,77.7,88.8,99.9,111.0,ShowDailyK_ChartFlow,FinMind_API_TaiwanStockPrice_6035,True,2026-09-22T15:44:25,2026-09-22T15:44:25,2026-09-22T15:44:25
6035,悠遊卡,2024-01-03,89.1,0.19999999999998863,0.22%,3.7,,55.5,66.6,77.7,88.8,99.9,111.0,ShowDailyK_ChartFlow,FinMind_API_TaiwanStockPrice_6035,True,2026-09-22T15:44:25,2026-09-22T15:44:25,2026-09-22T15:44:25
6035,悠遊卡,2024-01-04,90.0,0.9000000000000057,1.01%,3.7,,55.5,66.6,77.7,88.8,99.9,111.0,ShowDailyK_ChartFlow,FinMind_API_TaiwanStockPrice_6035,True,2026-09-22T15:44:25,2026-09-22T15:44:25,2026-09-22T15:44:25
6035,悠遊卡,2024-01-05,89.9,-0.09999999999999432,-0.11%,3.7,,55.5,66.6,77.7,88.8,99.9,111.0,ShowDailyK_ChartFlow,FinMind_API_TaiwanStockPrice_6035,True,2026-09-22T15:44:25,2026-09-22T15:44:25,2026-09-22T15:44:25
6035,悠遊卡,2024-01-08,90.3,0.3999999999999915,0.44%,3.7,,55.5,66.6,77.7,88.8,99.9,111.0,ShowDailyK_ChartFlow,FinMind_API_TaiwanStockPrice_6035,True,2026-09-22T15:44:25,2026-09-22T15:44:25,2026-09-22T15:44:25
6035,悠遊卡,2024-01-09,89.0,-1.2999999999999972,-1.44%,3.7,,55.5,66.6,77.7,88.8,99.9,111.0,ShowDailyK_ChartFlow,FinMind_API_TaiwanStockPrice_6035,True,2026-09-22T15:44:25,2026-09-22T15:44:25,2026-09-22T15:44:25
6035,悠遊卡,2024-01-10,90.3,1.2999999999999972,1.46%,3.7,,55.5,66.6,77.7,88.8,99.9,111.0,ShowDailyK_ChartFlow,FinMind_API_TaiwanStockPrice_6035,True,2026-09-22T15:44:25,2026-09-22T15:44:25,2026-09-22T15:44:25
6035,悠遊卡,2024-01-11,90.5,0.20000000000000284,0.22%,3.7,,55.5,66.6,77.7,88.8,99.9,111.0,ShowDailyK_ChartFlow,FinMind_API_TaiwanStockPrice_6035,True,2026-09-22T15:44:25,2026-09-22T15:44:25,2026-09-22T15:44:25
6035,悠遊卡,2024-01-12,90.0,-0.5,-0.55%,3.7,,55.5,66.6,77.7,88.8,99.9,111.0,ShowDailyK_ChartFlow,FinMind_API_TaiwanStockPrice_6035,True,2026-09-22T15:44:25,2026-09-22T15:44:25,2026-09-22T15:44:25
6035,悠遊卡,2024-01-15,88.0,-2.0,-2.22%,3.7,,55.5,66.6,77.7,88.8,99.9,111.0,ShowDailyK_ChartFlow,FinMind_API_TaiwanStockPrice_6035,True,2026-09-22T15:44:25,2026-09-22T15:44:25,2026-09-22T15:44:25
6035,悠遊卡,2024-01-16,88.0,0.0,0.00%,3.7,,55.5,66.6,77.7,88.8,99.9,111.0,ShowDailyK_ChartFlow,FinMind_API_TaiwanStockPrice_6035,True,2026-09-22T15:44:25,2026-09-22T15:44:25,2026-09-22T15:44:25
6035,悠遊卡,2024-01-17,90.1,2.0999999999999943,2.39%,3.7,,55.5,66.6,77.7,88.8,99.9,111.0,ShowDailyK_ChartFlow,FinMind_API_TaiwanStockPrice_6035,True,2026-09-22T15:44:25,2026-09-22T15:44:25,2026-09-22T15:44:25
6035,悠遊卡,2024-01-18,90.1,0.0,0.00%,3.7,,55.5,66.6,77.7,88.8,99.9,111.0,ShowDailyK_ChartFlow,FinMind_API_TaiwanStockPrice_6035,True,2026-09-22T15:44:25,2026-09-22T15:44:25,2026-09-22T15:44:25
6035,悠遊卡,2024-01-19,90.4,0.30000000000001137,0.33%,3.7,,55.5,66.6,77.7,88.8,99.9,111.0,ShowDailyK_ChartFlow,FinMind_API_TaiwanStockPrice_6035,True,2026-09-22T15:44:25,2026-09-22T15:44:25,2026-09-22T15:44:25
6035,悠遊卡,2024-01-22,90.0,-0.4000000000000057,-0.44%,3.7,,55.5,66.6,77.7,88.8,99.9,111.0,ShowDailyK_ChartFlow,FinMind_API_TaiwanStockPrice_6035,True,2026-09-22T15:44:25,2026-09-22T15:44:25,2026-09-22T15:44:25
6035,悠遊卡,2024-01-23,90.5,0.5,0.56%,3.7,,55.5,66.6,77.7,88.8,99.9,111.0,ShowDailyK_ChartFlow,FinMind_API_TaiwanStockPrice_6035,True,2026-09-22T15:44:25,2026-09-22T15:44:25,2026-09-22T15:44:25
6035,悠遊卡,2024-01-24,91.0,0.5,0.55%,3.7,,55.5,66.6,77.7,88.8,99.9,111.0,ShowDailyK_ChartFlow,FinMind_API_TaiwanStockPrice_6035,True,2026-09-22T15:44:25,2026-09-22T15:44:25,2026-09-22T15:44:25
6035,悠遊卡,2024-01-25,91.2,0.20000000000000284,0.22%,3.7,,55.5,66.6,77.7,88.8,99.9,111.0,ShowDailyK_ChartFlow,FinMind_API_TaiwanStockPrice_6035,True,2026-09-22T15:44:25,2026-09-22T15:44:25,2026-09-22T15:44:25
6035,悠遊卡,2024-01-26,94.3,3.0999999999999943,3.40%,3.7,,55.5,66.6,77.7,88.8,99.9,111.0,ShowDailyK_ChartFlow,FinMind_API_TaiwanStockPrice_6035,True,2026-09-22T15:44:25,2026-09-22T15:44:25,2026-09-22T15:44:25
6035,悠遊卡,2024-01-29,89.6,-4.700000000000003,-4.98%,3.7,,55.5,66.6,77.7,88.8,99.9,111.0,ShowDailyK_ChartFlow,FinMind_API_TaiwanStockPrice_6035,True,2026-09-22T15:44:25,2026-09-22T15:44:25,2026-09-22T15:44:25
6035,悠遊卡,2024-01-30,92.0,2.4000000000000057,2.68%,3.7,,55.5,66.6,77.7,88.8,99.9,111.0,ShowDailyK_ChartFlow,FinMind_API_TaiwanStockPrice_6035,True,2026-09-22T15:44:25,2026-09-22T15:44:25,2026-09-22T15:44:25
6035,悠遊卡,2024-01-31,90.0,-2.0,-2.17%,3.7,,55.5,66.6,77.7,88.8,99.9,111.0,ShowDailyK_ChartFlow,FinMind_API_TaiwanStockPrice_6035,True,2026-09-22T15:44:25,2026-09-22T15:44:25,2026-09-22T15:44:25
6035,悠遊卡,2024-02-01,91.2,1.2000000000000028,1.33%,3.7,,55.5,66.6,77.7,88.8,99.9,111.0,ShowDailyK_ChartFlow,FinMind_API_TaiwanStockPrice_6035,True,2026-09-22T15:44:25,2026-09-22T15:44:25,2026-09-22T15:44:25
6035,悠遊卡,2024-02-02,89.0,-2.200000000000003,-2.41%,3.7,,55.5,66.6,77.7,88.8,99.9,111.0,ShowDailyK_ChartFlow,FinMind_API_TaiwanStockPrice_6035,True,2026-09-22T15:44:25,2026-09-22T15:44:25,2026-09-22T15:44:25
6035,悠遊卡,2024-02-05,91.0,2.0,2.25%,3.7,,55.5,66.6,77.7,88.8,99.9,111.0,ShowDailyK_ChartFlow,FinMind_API_TaiwanStockPrice_6035,True,2026-09-22T15:44:25,2026-09-22T15:44:25,2026-09-22T15:44:25
6035,悠遊卡,2024-02-15,90.6,-0.4000000000000057,-0.44%,3.7,,55.5,66.6,77.7,88.8,99.9,111.0,ShowDailyK_ChartFlow,FinMind_API_TaiwanStockPrice_6035,True,2026-09-22T15:44:25,2026-09-22T15:44:25,2026-09-22T15:44:25
6035,悠遊卡,2024-02-16,88.8,-1.7999999999999972,-1.99%,3.7,,55.5,66.6,77.7,88.8,99.9,111.0,ShowDailyK_ChartFlow,FinMind_API_TaiwanStockPrice_6035,True,2026-09-22T15:44:25,2026-09-22T15:44:25,2026-09-22T15:44:25
6035,悠遊卡,2024-02-19,88.1,-0.7000000000000028,-0.79%,3.7,,55.5,66.6,77.7,88.8,99.9,111.0,ShowDailyK_ChartFlow,FinMind_API_TaiwanStockPrice_6035,True,2026-09-22T15:44:25,2026-09-22T15:44:25,2026-09-22T15:44:25
6035,悠遊卡,2024-02-20,88.7,0.6000000000000085,0.68%,3.7,,55.5,66.6,77.7,88.8,99.9,111.0,ShowDailyK_ChartFlow,FinMind_API_TaiwanStockPrice_6035,True,2026-09-22T15:44:25,2026-09-22T15:44:25,2026-09-22T15:44:25
6035,悠遊卡,2024-02-21,88.7,0.0,0.00%,3.7,,55.5,66.6,77.7,88.8,99.9,111.0,ShowDailyK_ChartFlow,FinMind_API_TaiwanStockPrice_6035,True,2026-09-22T15:44:25,2026-09-22T15:44:25,2026-09-22T15:44:25
6035,悠遊卡,2024-02-22,87.8,-0.9000000000000057,-1.01%,3.7,,55.5,66.6,77.7,88.8,99.9,111.0,ShowDailyK_ChartFlow,FinMind_API_TaiwanStockPrice_6035,True,2026-09-22T15:44:25,2026-09-22T15:44:25,2026-09-22T15:44:25
6035,悠遊卡,2024-02-23,89.0,1.2000000000000028,1.37%,3.7,,55.5,66.6,77.7,88.8,99.9,111.0,ShowDailyK_ChartFlow,FinMind_API_TaiwanStockPrice_6035,True,2026-09-22T15:44:25,2026-09-22T15:44:25,2026-09-22T15:44:25
6035,悠遊卡,2024-02-26,89.6,0.5999999999999943,0.67%,3.7,,55.5,66.6,77.7,88.8,99.9,111.0,ShowDailyK_ChartFlow,FinMind_API_TaiwanStockPrice_6035,True,2026-09-22T15:44:25,2026-09-22T15:44:25,2026-09-22T15:44:25
6035,悠遊卡,2024-02-27,87.6,-2.0,-2.23%,3.7,,55.5,66.6,77.7,88.8,99.9,111.0,ShowDailyK_ChartFlow,FinMind_API_TaiwanStockPrice_6035,True,2026-09-22T15:44:25,2026-09-22T15:44:25,2026-09-22T15:44:25
6035,悠遊卡,2024-02-29,89.3,1.7000000000000028,1.94%,3.7,,55.5,66.6,77.7,88.8,99.9,111.0,ShowDailyK_ChartFlow,FinMind_API_TaiwanStockPrice_6035,True,2026-09-22T15:44:25,2026-09-22T15:44:25,2026-09-22T15:44:25
6035,悠遊卡,2024-03-01,89.2,-0.09999999999999432,-0.11%,3.7,,55.5,66.6,77.7,88.8,99.9,111.0,ShowDailyK_ChartFlow,FinMind_API_TaiwanStockPrice_6035,True,2026-09-22T15:44:25,2026-09-22T15:44:25,2026-09-22T15:44:25
6035,悠遊卡,2024-03-04,87.0,-2.200000000000003,-2.47%,3.7,,55.5,66.6,77.7,88.8,99.9,111.0,ShowDailyK_ChartFlow,FinMind_API_TaiwanStockPrice_6035,True,2026-09-22T15:44:25,2026-09-22T15:44:25,2026-09-22T15:44:25
6035,悠遊卡,2024-03-05,87.2,0.20000000000000284,0.23%,3.7,,55.5,66.6,77.7,88.8,99.9,111.0,ShowDailyK_ChartFlow,FinMind_API_TaiwanStockPrice_6035,True,2026-09-22T15:44:25,2026-09-22T15:44:25,2026-09-22T15:44:25
6035,悠遊卡,2024-03-06,87.5,0.29999999999999716,0.34%,3.7,,55.5,66.6,77.7,88.8,99.9,111.0,ShowDailyK_ChartFlow,FinMind_API_TaiwanStockPrice_6035,True,2026-09-22T15:44:25,2026-09-22T15:44:25,2026-09-22T15:44:25
6035,悠遊卡,2024-03-07,87.5,0.0,0.00%,3.7,,55.5,66.6,77.7,88.8,99.9,111.0,ShowDailyK_ChartFlow,FinMind_API_TaiwanStockPrice_6035,True,2026-09-22T15:44:25,2026-09-22T15:44:25,2026-09-22T15:44:25
6035,悠遊卡,2024-03-08,88.3,0.7999999999999972,0.91%,3.7,,55.5,66.6,77.7,88.8,99.9,111.0,ShowDailyK_ChartFlow,FinMind_API_TaiwanStockPrice_6035,True,2026-09-22T15:44:25,2026-09-22T15:44:25,2026-09-22T15:44:25
6035,悠遊卡,2024-03-11,88.3,0.0,0.00%,3.7,,55.5,66.6,77.7,88.8,99.9,111.0,ShowDailyK_ChartFlow,FinMind_API_TaiwanStockPrice_6035,True,2026-09-22T15:44:25,2026-09-22T15:44:25,2026-09-22T15:44:25
6035,悠遊卡,2024-03-12,87.8,-0.5,-0.57%,3.7,,55.5,66.6,77.7,88.8,99.9,111.0,ShowDailyK_ChartFlow,FinMind_API_TaiwanStockPrice_6035,True,2026-09-22T15:44:25,2026-09-22T15:44:25,2026-09-22T15:44:25
6035,悠遊卡,2024-03-13,87.8,0.0,0.00%,3.7,,55.5,66.6,77.7,88.8,99.9,111.0,ShowDailyK_ChartFlow,FinMind_API_TaiwanStockPrice_6035,True,2026-09-22T15:44:25,2026-09-22T15:44:25,2026-09-22T15:44:25
6035,悠遊卡,2024-03-14,85.0,-2.799999999999997,-3.19%,3.7,,55.5,66.6,77.7,88.8,99.9,111.0,ShowDailyK_ChartFlow,FinMind_API_TaiwanStockPrice_6035,True,2026-09-22T15:44:25,2026-09-22T15:44:25,2026-09-22T15:44:25
6035,悠遊卡,2024-03-15,87.0,2.0,2.35%,3.7,,55.5,66.6,77.7,88.8,99.9,111.0,ShowDailyK_ChartFlow,FinMind_API_TaiwanStockPrice_6035,True,2026-09-22T15:44:25,2026-09-22T15:44:25,2026-09-22T15:44:25
6035,悠遊卡,2024-03-18,87.0,0.0,0.00%,3.7,,55.5,66.6,77.7,88.8,99.9,111.0,ShowDailyK_ChartFlow,FinMind_API_TaiwanStockPrice_6035,True,2026-09-22T15:44:25,2026-09-22T15:44:25,2026-09-22T15:44:25
6035,悠遊卡,2024-03-19,87.0,0.0,0.00%,3.7,,55.5,66.6,77.7,88.8,99.9,111.0,ShowDailyK_ChartFlow,FinMind_API_TaiwanStockPrice_6035,True,2026-09-22T15:44:25,2026-09-22T15:44:25,2026-09-22T15:44:25
6035,悠遊卡,2024-03-20,86.7,-0.29999999999999716,-0.34%,3.7,,55.5,66.6,77.7,88.8,99.9,111.0,ShowDailyK_ChartFlow,FinMind_API_TaiwanStockPrice_6035,True,2026-09-22T15:44:25,2026-09-22T15:44:25,2026-09-22T15:44:25
6035,悠遊卡,2024-03-21,86.3,-0.4000000000000057,-0.46%,3.7,,55.5,66.6,77.7,88.8,99.9,111.0,ShowDailyK_ChartFlow,FinMind_API_TaiwanStockPrice_6035,True,2026-09-22T15:44:25,2026-09-22T15:44:25,2026-09-22T15:44:25
6035,悠遊卡,2024-03-22,84.4,-1.8999999999999915,-2.20%,3.7,,55.5,66.6,77.7,88.8,99.9,111.0,ShowDailyK_ChartFlow,FinMind_API_TaiwanStockPrice_6035,True,2026-09-22T15:44:25,2026-09-22T15:44:25,2026-09-22T15:44:25
6035,悠遊卡,2024-03-25,81.0,-3.4000000000000057,-4.03%,3.7,,55.5,66.6,77.7,88.8,99.9,111.0,ShowDailyK_ChartFlow,FinMind_API_TaiwanStockPrice_6035,True,2026-09-22T15:44:25,2026-09-22T15:44:25,2026-09-22T15:44:25
6035,悠遊卡,2024-03-26,81.0,0.0,0.00%,3.7,,55.5,66.6,77.7,88.8,99.9,111.0,ShowDailyK_ChartFlow,FinMind_API_TaiwanStockPrice_6035,True,2026-09-22T15:44:25,2026-09-22T15:44:25,2026-09-22T15:44:25
6035,悠遊卡,2024-03-27,81.3,0.29999999999999716,0.37%,3.7,,55.5,66.6,77.7,88.8,99.9,111.0,ShowDailyK_ChartFlow,FinMind_API_TaiwanStockPrice_6035,True,2026-09-22T15:44:25,2026-09-22T15:44:25,2026-09-22T15:44:25
6035,悠遊卡,2024-03-28,81.6,0.29999999999999716,0.37%,3.7,,55.5,66.6,77.7,88.8,99.9,111.0,ShowDailyK_ChartFlow,FinMind_API_TaiwanStockPrice_6035,True,2026-09-22T15:44:25,2026-09-22T15:44:25,2026-09-22T15:44:25
6035,悠遊卡,2024-03-29,81.6,0.0,0.00%,3.7,,55.5,66.6,77.7,88.8,99.9,111.0,ShowDailyK_ChartFlow,FinMind_API_TaiwanStockPrice_6035,True,2026-09-22T15:44:25,2026-09-22T15:44:25,2026-09-22T15:44:25
6035,悠遊卡,2024-04-01,81.0,-0.5999999999999943,-0.74%,3.7,,55.5,66.6,77.7,88.8,99.9,111.0,ShowDailyK_ChartFlow,FinMind_API_TaiwanStockPrice_6035,True,2026-09-22T15:44:25,2026-09-22T15:44:25,2026-09-22T15:44:25
6035,悠遊卡,2024-04-02,81.3,0.29999999999999716,0.37%,3.7,,55.5,66.6,77.7,88.8,99.9,111.0,ShowDailyK_ChartFlow,FinMind_API_TaiwanStockPrice_6035,True,2026-09-22T15:44:25,2026-09-22T15:44:25,2026-09-22T15:44:25
6035,悠遊卡,2024-04-03,81.3,0.0,0.00%,3.7,,55.5,66.6,77.7,88.8,99.9,111.0,ShowDailyK_ChartFlow,FinMind_API_TaiwanStockPrice_6035,True,2026-09-22T15:44:25,2026-09-22T15:44:25,2026-09-22T15:44:25
6035,悠遊卡,2024-04-08,81.6,0.29999999999999716,0.37%,3.7,,55.5,66.6,77.7,88.8,99.9,111.0,ShowDailyK_ChartFlow,FinMind_API_TaiwanStockPrice_6035,True,2026-09-22T15:44:25,2026-09-22T15:44:25,2026-09-22T15:44:25
6035,悠遊卡,2024-04-09,81.1,-0.5,-0.61%,3.7,,55.5,66.6,77.7,88.8,99.9,111.0,ShowDailyK_ChartFlow,FinMind_API_TaiwanStockPrice_6035,True,2026-09-22T15:44:25,2026-09-22T15:44:25,2026-09-22T15:44:25
6035,悠遊卡,2024-04-10,81.6,0.5,0.62%,3.7,,55.5,66.6,77.7,88.8,99.9,111.0,ShowDailyK_ChartFlow,FinMind_API_TaiwanStockPrice_6035,True,2026-09-22T15:44:25,2026-09-22T15:44:25,2026-09-22T15:44:25
6035,悠遊卡,2024-04-11,81.2,-0.3999999999999915,-0.49%,3.7,,55.5,66.6,77.7,88.8,99.9,111.0,ShowDailyK_ChartFlow,FinMind_API_TaiwanStockPrice_6035,True,2026-09-22T15:44:25,2026-09-22T15:44:25,2026-09-22T15:44:25
6035,悠遊卡,2024-04-12,80.0,-1.2000000000000028,-1.48%,3.7,,55.5,66.6,77.7,88.8,99.9,111.0,ShowDailyK_ChartFlow,FinMind_API_TaiwanStockPrice_6035,True,2026-09-22T15:44:25,2026-09-22T15:44:25,2026-09-22T15:44:25
6035,悠遊卡,2024-04-15,80.4,0.4000000000000057,0.50%,3.7,,55.5,66.6,77.7,88.8,99.9,111.0,ShowDailyK_ChartFlow,FinMind_API_TaiwanStockPrice_6035,True,2026-09-22T15:44:25,2026-09-22T15:44:25,2026-09-22T15:44:25
6035,悠遊卡,2024-04-16,80.0,-0.4000000000000057,-0.50%,3.7,,55.5,66.6,77.7,88.8,99.9,111.0,ShowDailyK_ChartFlow,FinMind_API_TaiwanStockPrice_6035,True,2026-09-22T15:44:25,2026-09-22T15:44:25,2026-09-22T15:44:25
6035,悠遊卡,2024-04-17,81.2,1.2000000000000028,1.50%,3.7,,55.5,66.6,77.7,88.8,99.9,111.0,ShowDailyK_ChartFlow,FinMind_API_TaiwanStockPrice_6035,True,2026-09-22T15:44:25,2026-09-22T15:44:25,2026-09-22T15:44:25
6035,悠遊卡,2024-04-18,82.3,1.0999999999999943,1.35%,3.7,,55.5,66.6,77.7,88.8,99.9,111.0,ShowDailyK_ChartFlow,FinMind_API_TaiwanStockPrice_6035,True,2026-09-22T15:44:25,2026-09-22T15:44:25,2026-09-22T15:44:25
6035,悠遊卡,2024-04-19,81.3,-1.0,-1.22%,3.7,,55.5,66.6,77.7,88.8,99.9,111.0,ShowDailyK_ChartFlow,FinMind_API_TaiwanStockPrice_6035,True,2026-09-22T15:44:25,2026-09-22T15:44:25,2026-09-22T15:44:25
6035,悠遊卡,2024-04-22,82.6,1.2999999999999972,1.60%,3.7,,55.5,66.6,77.7,88.8,99.9,111.0,ShowDailyK_ChartFlow,FinMind_API_TaiwanStockPrice_6035,True,2026-09-22T15:44:25,2026-09-22T15:44:25,2026-09-22T15:44:25
6035,悠遊卡,2024-04-23,82.0,-0.5999999999999943,-0.73%,3.7,,55.5,66.6,77.7,88.8,99.9,111.0,ShowDailyK_ChartFlow,FinMind_API_TaiwanStockPrice_6035,True,2026-09-22T15:44:25,2026-09-22T15:44:25,2026-09-22T15:44:25
6035,悠遊卡,2024-04-24,80.0,-2.0,-2.44%,3.7,,55.5,66.6,77.7,88.8,99.9,111.0,ShowDailyK_ChartFlow,FinMind_API_TaiwanStockPrice_6035,True,2026-09-22T15:44:25,2026-09-22T15:44:25,2026-09-22T15:44:25
6035,悠遊卡,2024-04-25,82.3,2.299999999999997,2.87%,3.7,,55.5,66.6,77.7,88.8,99.9,111.0,ShowDailyK_ChartFlow,FinMind_API_TaiwanStockPrice_6035,True,2026-09-22T15:44:25,2026-09-22T15:44:25,2026-09-22T15:44:25
6035,悠遊卡,2024-04-26,80.0,-2.299999999999997,-2.79%,3.7,,55.5,66.6,77.7,88.8,99.9,111.0,ShowDailyK_ChartFlow,FinMind_API_TaiwanStockPrice_6035,True,2026-09-22T15:44:25,2026-09-22T15:44:25,2026-09-22T15:44:25
6035,悠遊卡,2024-04-29,80.0,0.0,0.00%,3.7,,55.5,66.6,77.7,88.8,99.9,111.0,ShowDailyK_ChartFlow,FinMind_API_TaiwanStockPrice_6035,True,2026-09-22T15:44:25,2026-09-22T15:44:25,2026-09-22T15:44:25
6035,悠遊卡,2024-04-30,80.0,0.0,0.00%,3.7,,55.5,66.6,77.7,88.8,99.9,111.0,ShowDailyK_ChartFlow,FinMind_API_TaiwanStockPrice_6035,True,2026-09-22T15:44:25,2026-09-22T15:44:25,2026-09-22T15:44:25
6035,悠遊卡,2024-05-02,80.0,0.0,0.00%,3.7,,55.5,66.6,77.7,88.8,99.9,111.0,ShowDailyK_ChartFlow,FinMind_API_TaiwanStockPrice_6035,True,2026-09-22T15:44:25,2026-09-22T15:44:25,2026-09-22T15:44:25
6035,悠遊卡,2024-05-03,82.3,2.299999999999997,2.87%,3.7,,55.5,66.6,77.7,88.8,99.9,111.0,ShowDailyK_ChartFlow,FinMind_API_TaiwanStockPrice_6035,True,2026-09-22T15:44:25,2026-09-22T15:44:25,2026-09-22T15:44:25
6035,悠遊卡,2024-05-06,81.8,-0.5,-0.61%,3.7,,55.5,66.6,77.7,88.8,99.9,111.0,ShowDailyK_ChartFlow,FinMind_API_TaiwanStockPrice_6035,True,2026-09-22T15:44:25,2026-09-22T15:44:25,2026-09-22T15:44:25
6035,悠遊卡,2024-05-07,82.0,0.20000000000000284,0.24%,3.7,,55.5,66.6,77.7,88.8,99.9,111.0,ShowDailyK_ChartFlow,FinMind_API_TaiwanStockPrice_6035,True,2026-09-22T15:44:25,2026-09-22T15:44:25,2026-09-22T15:44:25
6035,悠遊卡,2024-05-08,81.7,-0.29999999999999716,-0.37%,3.7,,55.5,66.6,77.7,88.8,99.9,111.0,ShowDailyK_ChartFlow,FinMind_API_TaiwanStockPrice_6035,True,2026-09-22T15:44:25,2026-09-22T15:44:25,2026-09-22T15:44:25
6035,悠遊卡,2024-05-09,84.0,2.299999999999997,2.82%,3.7,,55.5,66.6,77.7,88.8,99.9,111.0,ShowDailyK_ChartFlow,FinMind_API_TaiwanStockPrice_6035,True,2026-09-22T15:44:25,2026-09-22T15:44:25,2026-09-22T15:44:25
6035,悠遊卡,2024-05-10,83.1,-0.9000000000000057,-1.07%,3.7,,55.5,66.6,77.7,88.8,99.9,111.0,ShowDailyK_ChartFlow,FinMind_API_TaiwanStockPrice_6035,True,2026-09-22T15:44:25,2026-09-22T15:44:25,2026-09-22T15:44:25
6035,悠遊卡,2024-05-13,0.0,-83.1,-100.00%,3.7,,55.5,66.6,77.7,88.8,99.9,111.0,ShowDailyK_ChartFlow,FinMind_API_TaiwanStockPrice_6035,True,2026-09-22T15:44:25,2026-09-22T15:44:25,2026-09-22T15:44:25
6035,悠遊卡,2024-05-14,79.7,79.7,,3.7,,55.5,66.6,77.7,88.8,99.9,111.0,ShowDailyK_ChartFlow,FinMind_API_TaiwanStockPrice_6035,True,2026-09-22T15:44:25,2026-09-22T15:44:25,2026-09-22T15:44:25
6035,悠遊卡,2024-05-15,82.0,2.299999999999997,2.89%,3.7,,55.5,66.6,77.7,88.8,99.9,111.0,ShowDailyK_ChartFlow,FinMind_API_TaiwanStockPrice_6035,True,2026-09-22T15:44:25,2026-09-22T15:44:25,2026-09-22T15:44:25
6035,悠遊卡,2024-05-16,82.0,0.0,0.00%,3.7,,55.5,66.6,77.7,88.8,99.9,111.0,ShowDailyK_ChartFlow,FinMind_API_TaiwanStockPrice_6035,True,2026-09-22T15:44:25,2026-09-22T15:44:25,2026-09-22T15:44:25
6035,悠遊卡,2024-05-17,82.0,0.0,0.00%,3.7,,55.5,66.6,77.7,88.8,99.9,111.0,ShowDailyK_ChartFlow,FinMind_API_TaiwanStockPrice_6035,True,2026-09-22T15:44:25,2026-09-22T15:44:25,2026-09-22T15:44:25
6035,悠遊卡,2024-05-20,81.0,-1.0,-1.22%,3.7,,55.5,66.6,77.7,88.8,99.9,111.0,ShowDailyK_ChartFlow,FinMind_API_TaiwanStockPrice_6035,True,2026-09-22T15:44:25,2026-09-22T15:44:25,2026-09-22T15:44:25
6035,悠遊卡,2024-05-21,80.8,-0.20000000000000284,-0.25%,3.7,,55.5,66.6,77.7,88.8,99.9,111.0,ShowDailyK_ChartFlow,FinMind_API_TaiwanStockPrice_6035,True,2026-09-22T15:44:25,2026-09-22T15:44:25,2026-09-22T15:44:25
6035,悠遊卡,2024-05-22,81.0,0.20000000000000284,0.25%,3.7,,55.5,66.6,77.7,88.8,99.9,111.0,ShowDailyK_ChartFlow,FinMind_API_TaiwanStockPrice_6035,True,2026-09-22T15:44:25,2026-09-22T15:44:25,2026-09-22T15:44:25
6035,悠遊卡,2024-05-23,81.3,0.29999999999999716,0.37%,3.7,,55.5,66.6,77.7,88.8,99.9,111.0,ShowDailyK_ChartFlow,FinMind_API_TaiwanStockPrice_6035,True,2026-09-22T15:44:25,2026-09-22T15:44:25,2026-09-22T15:44:25
6035,悠遊卡,2024-05-24,81.6,0.29999999999999716,0.37%,3.7,,55.5,66.6,77.7,88.8,99.9,111.0,ShowDailyK_ChartFlow,FinMind_API_TaiwanStockPrice_6035,True,2026-09-22T15:44:25,2026-09-22T15:44:25,2026-09-22T15:44:25
6035,悠遊卡,2024-05-27,80.5,-1.0999999999999943,-1.35%,3.7,,55.5,66.6,77.7,88.8,99.9,111.0,ShowDailyK_ChartFlow,FinMind_API_TaiwanStockPrice_6035,True,2026-09-22T15:44:25,2026-09-22T15:44:25,2026-09-22T15:44:25
6035,悠遊卡,2024-05-28,81.3,0.7999999999999972,0.99%,3.7,,55.5,66.6,77.7,88.8,99.9,111.0,ShowDailyK_ChartFlow,FinMind_API_TaiwanStockPrice_6035,True,2026-09-22T15:44:25,2026-09-22T15:44:25,2026-09-22T15:44:25
6035,悠遊卡,2024-05-29,81.0,-0.29999999999999716,-0.37%,3.7,,55.5,66.6,77.7,88.8,99.9,111.0,ShowDailyK_ChartFlow,FinMind_API_TaiwanStockPrice_6035,True,2026-09-22T15:44:25,2026-09-22T15:44:25,2026-09-22T15:44:25
6035,悠遊卡,2024-05-30,81.0,0.0,0.00%,3.7,,55.5,66.6,77.7,88.8,99.9,111.0,ShowDailyK_ChartFlow,FinMind_API_TaiwanStockPrice_6035,True,2026-09-22T15:44:25,2026-09-22T15:44:25,2026-09-22T15:44:25
6035,悠遊卡,2024-05-31,81.0,0.0,0.00%,3.7,,55.5,66.6,77.7,88.8,99.9,111.0,ShowDailyK_ChartFlow,FinMind_API_TaiwanStockPrice_6035,True,2026-09-22T15:44:25,2026-09-22T15:44:25,2026-09-22T15:44:25
6035,悠遊卡,2024-06-03,80.5,-0.5,-0.62%,3.7,,55.5,66.6,77.7,88.8,99.9,111.0,ShowDailyK_ChartFlow,FinMind_API_TaiwanStockPrice_6035,True,2026-09-22T15:44:25,2026-09-22T15:44:25,2026-09-22T15:44:25
6035,悠遊卡,2024-06-04,80.8,0.29999999999999716,0.37%,3.7,,55.5,66.6,77.7,88.8,99.9,111.0,ShowDailyK_ChartFlow,FinMind_API_TaiwanStockPrice_6035,True,2026-09-22T15:44:25,2026-09-22T15:44:25,2026-09-22T15:44:25
6035,悠遊卡,2024-06-05,80.4,-0.3999999999999915,-0.50%,3.7,,55.5,66.6,77.7,88.8,99.9,111.0,ShowDailyK_ChartFlow,FinMind_API_TaiwanStockPrice_6035,True,2026-09-22T15:44:25,2026-09-22T15:44:25,2026-09-22T15:44:25
6035,悠遊卡,2024-06-06,81.2,0.7999999999999972,1.00%,3.7,,55.5,66.6,77.7,88.8,99.9,111.0,ShowDailyK_ChartFlow,FinMind_API_TaiwanStockPrice_6035,True,2026-09-22T15:44:25,2026-09-22T15:44:25,2026-09-22T15:44:25
6035,悠遊卡,2024-06-07,80.3,-0.9000000000000057,-1.11%,3.7,,55.5,66.6,77.7,88.8,99.9,111.0,ShowDailyK_ChartFlow,FinMind_API_TaiwanStockPrice_6035,True,2026-09-22T15:44:25,2026-09-22T15:44:25,2026-09-22T15:44:25
6035,悠遊卡,2024-06-11,81.3,1.0,1.25%,3.7,,55.5,66.6,77.7,88.8,99.9,111.0,ShowDailyK_ChartFlow,FinMind_API_TaiwanStockPrice_6035,True,2026-09-22T15:44:25,2026-09-22T15:44:25,2026-09-22T15:44:25
6035,悠遊卡,2024-06-12,82.0,0.7000000000000028,0.86%,3.7,,55.5,66.6,77.7,88.8,99.9,111.0,ShowDailyK_ChartFlow,FinMind_API_TaiwanStockPrice_6035,True,2026-09-22T15:44:25,2026-09-22T15:44:25,2026-09-22T15:44:25
6035,悠遊卡,2024-06-13,82.3,0.29999999999999716,0.37%,3.7,,55.5,66.6,77.7,88.8,99.9,111.0,ShowDailyK_ChartFlow,FinMind_API_TaiwanStockPrice_6035,True,2026-09-22T15:44:25,2026-09-22T15:44:25,2026-09-22T15:44:25
6035,悠遊卡,2024-06-14,79.7,-2.5999999999999943,-3.16%,3.7,,55.5,66.6,77.7,88.8,99.9,111.0,ShowDailyK_ChartFlow,FinMind_API_TaiwanStockPrice_6035,True,2026-09-22T15:44:25,2026-09-22T15:44:25,2026-09-22T15:44:25
6035,悠遊卡,2024-06-17,79.7,0.0,0.00%,3.7,,55.5,66.6,77.7,88.8,99.9,111.0,ShowDailyK_ChartFlow,FinMind_API_TaiwanStockPrice_6035,True,2026-09-22T15:44:25,2026-09-22T15:44:25,2026-09-22T15:44:25
6035,悠遊卡,2024-06-18,82.3,2.5999999999999943,3.26%,3.7,,55.5,66.6,77.7,88.8,99.9,111.0,ShowDailyK_ChartFlow,FinMind_API_TaiwanStockPrice_6035,True,2026-09-22T15:44:25,2026-09-22T15:44:25,2026-09-22T15:44:25
6035,悠遊卡,2024-06-19,82.3,0.0,0.00%,3.7,,55.5,66.6,77.7,88.8,99.9,111.0,ShowDailyK_ChartFlow,FinMind_API_TaiwanStockPrice_6035,True,2026-09-22T15:44:25,2026-09-22T15:44:25,2026-09-22T15:44:25
6035,悠遊卡,2024-06-20,0.0,-82.3,-100.00%,3.7,,55.5,66.6,77.7,88.8,99.9,111.0,ShowDailyK_ChartFlow,FinMind_API_TaiwanStockPrice_6035,True,2026-09-22T15:44:25,2026-09-22T15:44:25,2026-09-22T15:44:25
6035,悠遊卡,2024-06-21,82.3,82.3,,3.7,,55.5,66.6,77.7,88.8,99.9,111.0,ShowDailyK_ChartFlow,FinMind_API_TaiwanStockPrice_6035,True,2026-09-22T15:44:25,2026-09-22T15:44:25,2026-09-22T15:44:25
6035,悠遊卡,2024-06-24,79.7,-2.5999999999999943,-3.16%,3.7,,55.5,66.6,77.7,88.8,99.9,111.0,ShowDailyK_ChartFlow,FinMind_API_TaiwanStockPrice_6035,True,2026-09-22T15:44:25,2026-09-22T15:44:25,2026-09-22T15:44:25
6035,悠遊卡,2024-06-25,79.7,0.0,0.00%,3.7,,55.5,66.6,77.7,88.8,99.9,111.0,ShowDailyK_ChartFlow,FinMind_API_TaiwanStockPrice_6035,True,2026-09-22T15:44:25,2026-09-22T15:44:25,2026-09-22T15:44:25
6035,悠遊卡,2024-06-26,82.3,2.5999999999999943,3.26%,3.7,,55.5,66.6,77.7,88.8,99.9,111.0,ShowDailyK_ChartFlow,FinMind_API_TaiwanStockPrice_6035,True,2026-09-22T15:44:25,2026-09-22T15:44:25,2026-09-22T15:44:25
6035,悠遊卡,2024-06-27,82.1,-0.20000000000000284,-0.24%,3.7,,55.5,66.6,77.7,88.8,99.9,111.0,ShowDailyK_ChartFlow,FinMind_API_TaiwanStockPrice_6035,True,2026-09-22T15:44:25,2026-09-22T15:44:25,2026-09-22T15:44:25
6035,悠遊卡,2024-06-28,81.5,-0.5999999999999943,-0.73%,3.7,,55.5,66.6,77.7,88.8,99.9,111.0,ShowDailyK_ChartFlow,FinMind_API_TaiwanStockPrice_6035,True,2026-09-22T15:44:25,2026-09-22T15:44:25,2026-09-22T15:44:25
6035,悠遊卡,2024-07-01,81.5,0.0,0.00%,5.680000000000001,,85.2,102.24,119.28,136.32,153.36,170.4,ShowDailyK_ChartFlow,FinMind_API_TaiwanStockPrice_6035,True,2026-09-22T15:44:25,2026-09-22T15:44:25,2026-09-22T15:44:25
6035,悠遊卡,2024-07-02,80.7,-0.7999999999999972,-0.98%,5.680000000000001,,85.2,102.24,119.28,136.32,153.36,170.4,ShowDailyK_ChartFlow,FinMind_API_TaiwanStockPrice_6035,True,2026-09-22T15:44:25,2026-09-22T15:44:25,2026-09-22T15:44:25
6035,悠遊卡,2024-07-03,80.8,0.09999999999999432,0.12%,5.680000000000001,,85.2,102.24,119.28,136.32,153.36,170.4,ShowDailyK_ChartFlow,FinMind_API_TaiwanStockPrice_6035,True,2026-09-22T15:44:25,2026-09-22T15:44:25,2026-09-22T15:44:25
6035,悠遊卡,2024-07-04,80.9,0.10000000000000853,0.12%,5.680000000000001,,85.2,102.24,119.28,136.32,153.36,170.4,ShowDailyK_ChartFlow,FinMind_API_TaiwanStockPrice_6035,True,2026-09-22T15:44:25,2026-09-22T15:44:25,2026-09-22T15:44:25
6035,悠遊卡,2024-07-05,81.0,0.09999999999999432,0.12%,5.680000000000001,,85.2,102.24,119.28,136.32,153.36,170.4,ShowDailyK_ChartFlow,FinMind_API_TaiwanStockPrice_6035,True,2026-09-22T15:44:25,2026-09-22T15:44:25,2026-09-22T15:44:25
6035,悠遊卡,2024-07-08,82.6,1.5999999999999943,1.98%,5.680000000000001,,85.2,102.24,119.28,136.32,153.36,170.4,ShowDailyK_ChartFlow,FinMind_API_TaiwanStockPrice_6035,True,2026-09-22T15:44:25,2026-09-22T15:44:25,2026-09-22T15:44:25
6035,悠遊卡,2024-07-09,81.0,-1.5999999999999943,-1.94%,5.680000000000001,,85.2,102.24,119.28,136.32,153.36,170.4,ShowDailyK_ChartFlow,FinMind_API_TaiwanStockPrice_6035,True,2026-09-22T15:44:25,2026-09-22T15:44:25,2026-09-22T15:44:25
6035,悠遊卡,2024-07-10,82.0,1.0,1.23%,5.680000000000001,,85.2,102.24,119.28,136.32,153.36,170.4,ShowDailyK_ChartFlow,FinMind_API_TaiwanStockPrice_6035,True,2026-09-22T15:44:25,2026-09-22T15:44:25,2026-09-22T15:44:25
6035,悠遊卡,2024-07-11,81.0,-1.0,-1.22%,5.680000000000001,,85.2,102.24,119.28,136.32,153.36,170.4,ShowDailyK_ChartFlow,FinMind_API_TaiwanStockPrice_6035,True,2026-09-22T15:44:25,2026-09-22T15:44:25,2026-09-22T15:44:25
6035,悠遊卡,2024-07-12,82.0,1.0,1.23%,5.680000000000001,,85.2,102.24,119.28,136.32,153.36,170.4,ShowDailyK_ChartFlow,FinMind_API_TaiwanStockPrice_6035,True,2026-09-22T15:44:25,2026-09-22T15:44:25,2026-09-22T15:44:25
6035,悠遊卡,2024-07-15,78.6,-3.4000000000000057,-4.15%,5.680000000000001,,85.2,102.24,119.28,136.32,153.36,170.4,ShowDailyK_ChartFlow,FinMind_API_TaiwanStockPrice_6035,True,2026-09-22T15:44:25,2026-09-22T15:44:25,2026-09-22T15:44:25
6035,悠遊卡,2024-07-16,78.9,0.30000000000001137,0.38%,5.680000000000001,,85.2,102.24,119.28,136.32,153.36,170.4,ShowDailyK_ChartFlow,FinMind_API_TaiwanStockPrice_6035,True,2026-09-22T15:44:25,2026-09-22T15:44:25,2026-09-22T15:44:25
6035,悠遊卡,2024-07-17,82.0,3.0999999999999943,3.93%,5.680000000000001,,85.2,102.24,119.28,136.32,153.36,170.4,ShowDailyK_ChartFlow,FinMind_API_TaiwanStockPrice_6035,True,2026-09-22T15:44:25,2026-09-22T15:44:25,2026-09-22T15:44:25
6035,悠遊卡,2024-07-18,82.0,0.0,0.00%,5.680000000000001,,85.2,102.24,119.28,136.32,153.36,170.4,ShowDailyK_ChartFlow,FinMind_API_TaiwanStockPrice_6035,True,2026-09-22T15:44:25,2026-09-22T15:44:25,2026-09-22T15:44:25
6035,悠遊卡,2024-07-19,81.9,-0.09999999999999432,-0.12%,5.680000000000001,,85.2,102.24,119.28,136.32,153.36,170.4,ShowDailyK_ChartFlow,FinMind_API_TaiwanStockPrice_6035,True,2026-09-22T15:44:25,2026-09-22T15:44:25,2026-09-22T15:44:25
6035,悠遊卡,2024-07-22,81.9,0.0,0.00%,5.680000000000001,,85.2,102.24,119.28,136.32,153.36,170.4,ShowDailyK_ChartFlow,FinMind_API_TaiwanStockPrice_6035,True,2026-09-22T15:44:25,2026-09-22T15:44:25,2026-09-22T15:44:25
6035,悠遊卡,2024-07-23,81.9,0.0,0.00%,5.680000000000001,,85.2,102.24,119.28,136.32,153.36,170.4,ShowDailyK_ChartFlow,FinMind_API_TaiwanStockPrice_6035,True,2026-09-22T15:44:25,2026-09-22T15:44:25,2026-09-22T15:44:25
6035,悠遊卡,2024-07-26,80.0,-1.9000000000000057,-2.32%,5.680000000000001,,85.2,102.24,119.28,136.32,153.36,170.4,ShowDailyK_ChartFlow,FinMind_API_TaiwanStockPrice_6035,True,2026-09-22T15:44:25,2026-09-22T15:44:25,2026-09-22T15:44:25
6035,悠遊卡,2024-07-29,80.0,0.0,0.00%,5.680000000000001,,85.2,102.24,119.28,136.32,153.36,170.4,ShowDailyK_ChartFlow,FinMind_API_TaiwanStockPrice_6035,True,2026-09-22T15:44:25,2026-09-22T15:44:25,2026-09-22T15:44:25
6035,悠遊卡,2024-07-30,80.4,0.4000000000000057,0.50%,5.680000000000001,,85.2,102.24,119.28,136.32,153.36,170.4,ShowDailyK_ChartFlow,FinMind_API_TaiwanStockPrice_6035,True,2026-09-22T15:44:25,2026-09-22T15:44:25,2026-09-22T15:44:25
6035,悠遊卡,2024-07-31,80.8,0.3999999999999915,0.50%,5.680000000000001,,85.2,102.24,119.28,136.32,153.36,170.4,ShowDailyK_ChartFlow,FinMind_API_TaiwanStockPrice_6035,True,2026-09-22T15:44:25,2026-09-22T15:44:25,2026-09-22T15:44:25
6035,悠遊卡,2024-08-01,80.8,0.0,0.00%,5.680000000000001,,85.2,102.24,119.28,136.32,153.36,170.4,ShowDailyK_ChartFlow,FinMind_API_TaiwanStockPrice_6035,True,2026-09-22T15:44:25,2026-09-22T15:44:25,2026-09-22T15:44:25
6035,悠遊卡,2024-08-02,80.8,0.0,0.00%,5.680000000000001,,85.2,102.24,119.28,136.32,153.36,170.4,ShowDailyK_ChartFlow,FinMind_API_TaiwanStockPrice_6035,True,2026-09-22T15:44:25,2026-09-22T15:44:25,2026-09-22T15:44:25
6035,悠遊卡,2024-08-05,78.5,-2.299999999999997,-2.85%,5.680000000000001,,85.2,102.24,119.28,136.32,153.36,170.4,ShowDailyK_ChartFlow,FinMind_API_TaiwanStockPrice_6035,True,2026-09-22T15:44:25,2026-09-22T15:44:25,2026-09-22T15:44:25
6035,悠遊卡,2024-08-06,80.0,1.5,1.91%,5.680000000000001,,85.2,102.24,119.28,136.32,153.36,170.4,ShowDailyK_ChartFlow,FinMind_API_TaiwanStockPrice_6035,True,2026-09-22T15:44:25,2026-09-22T15:44:25,2026-09-22T15:44:25
6035,悠遊卡,2024-08-07,80.9,0.9000000000000057,1.13%,5.680000000000001,,85.2,102.24,119.28,136.32,153.36,170.4,ShowDailyK_ChartFlow,FinMind_API_TaiwanStockPrice_6035,True,2026-09-22T15:44:25,2026-09-22T15:44:25,2026-09-22T15:44:25
6035,悠遊卡,2024-08-08,80.9,0.0,0.00%,5.680000000000001,,85.2,102.24,119.28,136.32,153.36,170.4,ShowDailyK_ChartFlow,FinMind_API_TaiwanStockPrice_6035,True,2026-09-22T15:44:25,2026-09-22T15:44:25,2026-09-22T15:44:25
6035,悠遊卡,2024-08-09,80.9,0.0,0.00%,5.680000000000001,,85.2,102.24,119.28,136.32,153.36,170.4,ShowDailyK_ChartFlow,FinMind_API_TaiwanStockPrice_6035,True,2026-09-22T15:44:25,2026-09-22T15:44:25,2026-09-22T15:44:25
6035,悠遊卡,2024-08-12,80.0,-0.9000000000000057,-1.11%,5.680000000000001,,85.2,102.24,119.28,136.32,153.36,170.4,ShowDailyK_ChartFlow,FinMind_API_TaiwanStockPrice_6035,True,2026-09-22T15:44:25,2026-09-22T15:44:25,2026-09-22T15:44:25
6035,悠遊卡,2024-08-13,83.1,3.0999999999999943,3.87%,5.680000000000001,,85.2,102.24,119.28,136.32,153.36,170.4,ShowDailyK_ChartFlow,FinMind_API_TaiwanStockPrice_6035,True,2026-09-22T15:44:25,2026-09-22T15:44:25,2026-09-22T15:44:25
6035,悠遊卡,2024-08-14,83.1,0.0,0.00%,5.680000000000001,,85.2,102.24,119.28,136.32,153.36,170.4,ShowDailyK_ChartFlow,FinMind_API_TaiwanStockPrice_6035,True,2026-09-22T15:44:25,2026-09-22T15:44:25,2026-09-22T15:44:25
6035,悠遊卡,2024-08-15,83.3,0.20000000000000284,0.24%,5.680000000000001,,85.2,102.24,119.28,136.32,153.36,170.4,ShowDailyK_ChartFlow,FinMind_API_TaiwanStockPrice_6035,True,2026-09-22T15:44:25,2026-09-22T15:44:25,2026-09-22T15:44:25
6035,悠遊卡,2024-08-16,80.0,-3.299999999999997,-3.96%,5.680000000000001,,85.2,102.24,119.28,136.32,153.36,170.4,ShowDailyK_ChartFlow,FinMind_API_TaiwanStockPrice_6035,True,2026-09-22T15:44:25,2026-09-22T15:44:25,2026-09-22T15:44:25
6035,悠遊卡,2024-08-19,83.6,3.5999999999999943,4.50%,5.680000000000001,,85.2,102.24,119.28,136.32,153.36,170.4,ShowDailyK_ChartFlow,FinMind_API_TaiwanStockPrice_6035,True,2026-09-22T15:44:25,2026-09-22T15:44:25,2026-09-22T15:44:25
6035,悠遊卡,2024-08-20,80.0,-3.5999999999999943,-4.31%,5.680000000000001,,85.2,102.24,119.28,136.32,153.36,170.4,ShowDailyK_ChartFlow,FinMind_API_TaiwanStockPrice_6035,True,2026-09-22T15:44:25,2026-09-22T15:44:25,2026-09-22T15:44:25
6035,悠遊卡,2024-08-21,0.0,-80.0,-100.00%,5.680000000000001,,85.2,102.24,119.28,136.32,153.36,170.4,ShowDailyK_ChartFlow,FinMind_API_TaiwanStockPrice_6035,True,2026-09-22T15:44:25,2026-09-22T15:44:25,2026-09-22T15:44:25
6035,悠遊卡,2024-08-22,82.0,82.0,,5.680000000000001,,85.2,102.24,119.28,136.32,153.36,170.4,ShowDailyK_ChartFlow,FinMind_API_TaiwanStockPrice_6035,True,2026-09-22T15:44:25,2026-09-22T15:44:25,2026-09-22T15:44:25
6035,悠遊卡,2024-08-23,81.5,-0.5,-0.61%,5.680000000000001,,85.2,102.24,119.28,136.32,153.36,170.4,ShowDailyK_ChartFlow,FinMind_API_TaiwanStockPrice_6035,True,2026-09-22T15:44:25,2026-09-22T15:44:25,2026-09-22T15:44:25
6035,悠遊卡,2024-08-26,81.5,0.0,0.00%,5.680000000000001,,85.2,102.24,119.28,136.32,153.36,170.4,ShowDailyK_ChartFlow,FinMind_API_TaiwanStockPrice_6035,True,2026-09-22T15:44:25,2026-09-22T15:44:25,2026-09-22T15:44:25
6035,悠遊卡,2024-08-27,79.6,-1.9000000000000057,-2.33%,5.680000000000001,,85.2,102.24,119.28,136.32,153.36,170.4,ShowDailyK_ChartFlow,FinMind_API_TaiwanStockPrice_6035,True,2026-09-22T15:44:25,2026-09-22T15:44:25,2026-09-22T15:44:25
6035,悠遊卡,2024-08-28,79.7,0.10000000000000853,0.13%,5.680000000000001,,85.2,102.24,119.28,136.32,153.36,170.4,ShowDailyK_ChartFlow,FinMind_API_TaiwanStockPrice_6035,True,2026-09-22T15:44:25,2026-09-22T15:44:25,2026-09-22T15:44:25
6035,悠遊卡,2024-08-29,81.5,1.7999999999999972,2.26%,5.680000000000001,,85.2,102.24,119.28,136.32,153.36,170.4,ShowDailyK_ChartFlow,FinMind_API_TaiwanStockPrice_6035,True,2026-09-22T15:44:25,2026-09-22T15:44:25,2026-09-22T15:44:25
6035,悠遊卡,2024-08-30,80.0,-1.5,-1.84%,5.680000000000001,,85.2,102.24,119.28,136.32,153.36,170.4,ShowDailyK_ChartFlow,FinMind_API_TaiwanStockPrice_6035,True,2026-09-22T15:44:25,2026-09-22T15:44:25,2026-09-22T15:44:25
6035,悠遊卡,2024-09-02,79.2,-0.7999999999999972,-1.00%,5.680000000000001,,85.2,102.24,119.28,136.32,153.36,170.4,ShowDailyK_ChartFlow,FinMind_API_TaiwanStockPrice_6035,True,2026-09-22T15:44:25,2026-09-22T15:44:25,2026-09-22T15:44:25
6035,悠遊卡,2024-09-03,81.0,1.7999999999999972,2.27%,5.680000000000001,,85.2,102.24,119.28,136.32,153.36,170.4,ShowDailyK_ChartFlow,FinMind_API_TaiwanStockPrice_6035,True,2026-09-22T15:44:25,2026-09-22T15:44:25,2026-09-22T15:44:25
6035,悠遊卡,2024-09-04,79.2,-1.7999999999999972,-2.22%,5.680000000000001,,85.2,102.24,119.28,136.32,153.36,170.4,ShowDailyK_ChartFlow,FinMind_API_TaiwanStockPrice_6035,True,2026-09-22T15:44:25,2026-09-22T15:44:25,2026-09-22T15:44:25
6035,悠遊卡,2024-09-05,80.3,1.0999999999999943,1.39%,5.680000000000001,,85.2,102.24,119.28,136.32,153.36,170.4,ShowDailyK_ChartFlow,FinMind_API_TaiwanStockPrice_6035,True,2026-09-22T15:44:25,2026-09-22T15:44:25,2026-09-22T15:44:25
6035,悠遊卡,2024-09-06,0.0,-80.3,-100.00%,5.680000000000001,,85.2,102.24,119.28,136.32,153.36,170.4,ShowDailyK_ChartFlow,FinMind_API_TaiwanStockPrice_6035,True,2026-09-22T15:44:25,2026-09-22T15:44:25,2026-09-22T15:44:25
6035,悠遊卡,2024-09-09,79.2,79.2,,5.680000000000001,,85.2,102.24,119.28,136.32,153.36,170.4,ShowDailyK_ChartFlow,FinMind_API_TaiwanStockPrice_6035,True,2026-09-22T15:44:25,2026-09-22T15:44:25,2026-09-22T15:44:25
6035,悠遊卡,2024-09-10,0.0,-79.2,-100.00%,5.680000000000001,,85.2,102.24,119.28,136.32,153.36,170.4,ShowDailyK_ChartFlow,FinMind_API_TaiwanStockPrice_6035,True,2026-09-22T15:44:25,2026-09-22T15:44:25,2026-09-22T15:44:25
6035,悠遊卡,2024-09-11,80.0,80.0,,5.680000000000001,,85.2,102.24,119.28,136.32,153.36,170.4,ShowDailyK_ChartFlow,FinMind_API_TaiwanStockPrice_6035,True,2026-09-22T15:44:25,2026-09-22T15:44:25,2026-09-22T15:44:25
6035,悠遊卡,2024-09-12,80.0,0.0,0.00%,5.680000000000001,,85.2,102.24,119.28,136.32,153.36,170.4,ShowDailyK_ChartFlow,FinMind_API_TaiwanStockPrice_6035,True,2026-09-22T15:44:25,2026-09-22T15:44:25,2026-09-22T15:44:25
6035,悠遊卡,2024-09-13,80.0,0.0,0.00%,5.680000000000001,,85.2,102.24,119.28,136.32,153.36,170.4,ShowDailyK_ChartFlow,FinMind_API_TaiwanStockPrice_6035,True,2026-09-22T15:44:25,2026-09-22T15:44:25,2026-09-22T15:44:25
6035,悠遊卡,2024-09-16,80.0,0.0,0.00%,5.680000000000001,,85.2,102.24,119.28,136.32,153.36,170.4,ShowDailyK_ChartFlow,FinMind_API_TaiwanStockPrice_6035,True,2026-09-22T15:44:25,2026-09-22T15:44:25,2026-09-22T15:44:25
6035,悠遊卡,2024-09-18,82.0,2.0,2.50%,5.680000000000001,,85.2,102.24,119.28,136.32,153.36,170.4,ShowDailyK_ChartFlow,FinMind_API_TaiwanStockPrice_6035,True,2026-09-22T15:44:25,2026-09-22T15:44:25,2026-09-22T15:44:25
6035,悠遊卡,2024-09-19,82.0,0.0,0.00%,5.680000000000001,,85.2,102.24,119.28,136.32,153.36,170.4,ShowDailyK_ChartFlow,FinMind_API_TaiwanStockPrice_6035,True,2026-09-22T15:44:25,2026-09-22T15:44:25,2026-09-22T15:44:25
6035,悠遊卡,2024-09-20,82.0,0.0,0.00%,5.680000000000001,,85.2,102.24,119.28,136.32,153.36,170.4,ShowDailyK_ChartFlow,FinMind_API_TaiwanStockPrice_6035,True,2026-09-22T15:44:25,2026-09-22T15:44:25,2026-09-22T15:44:25
6035,悠遊卡,2024-09-23,78.6,-3.4000000000000057,-4.15%,5.680000000000001,,85.2,102.24,119.28,136.32,153.36,170.4,ShowDailyK_ChartFlow,FinMind_API_TaiwanStockPrice_6035,True,2026-09-22T15:44:25,2026-09-22T15:44:25,2026-09-22T15:44:25
6035,悠遊卡,2024-09-24,82.0,3.4000000000000057,4.33%,5.680000000000001,,85.2,102.24,119.28,136.32,153.36,170.4,ShowDailyK_ChartFlow,FinMind_API_TaiwanStockPrice_6035,True,2026-09-22T15:44:25,2026-09-22T15:44:25,2026-09-22T15:44:25
6035,悠遊卡,2024-09-25,82.3,0.29999999999999716,0.37%,5.680000000000001,,85.2,102.24,119.28,136.32,153.36,170.4,ShowDailyK_ChartFlow,FinMind_API_TaiwanStockPrice_6035,True,2026-09-22T15:44:25,2026-09-22T15:44:25,2026-09-22T15:44:25
6035,悠遊卡,2024-09-26,81.0,-1.2999999999999972,-1.58%,5.680000000000001,,85.2,102.24,119.28,136.32,153.36,170.4,ShowDailyK_ChartFlow,FinMind_API_TaiwanStockPrice_6035,True,2026-09-22T15:44:25,2026-09-22T15:44:25,2026-09-22T15:44:25
6035,悠遊卡,2024-09-27,0.0,-81.0,-100.00%,5.680000000000001,,85.2,102.24,119.28,136.32,153.36,170.4,ShowDailyK_ChartFlow,FinMind_API_TaiwanStockPrice_6035,True,2026-09-22T15:44:25,2026-09-22T15:44:25,2026-09-22T15:44:25
6035,悠遊卡,2024-09-30,0.0,0.0,,5.680000000000001,,85.2,102.24,119.28,136.32,153.36,170.4,ShowDailyK_ChartFlow,FinMind_API_TaiwanStockPrice_6035,True,2026-09-22T15:44:25,2026-09-22T15:44:25,2026-09-22T15:44:25
6035,悠遊卡,2024-10-01,82.0,82.0,,5.680000000000001,,85.2,102.24,119.28,136.32,153.36,170.4,ShowDailyK_ChartFlow,FinMind_API_TaiwanStockPrice_6035,True,2026-09-22T15:44:25,2026-09-22T15:44:25,2026-09-22T15:44:25
6035,悠遊卡,2024-10-04,82.0,0.0,0.00%,5.680000000000001,,85.2,102.24,119.28,136.32,153.36,170.4,ShowDailyK_ChartFlow,FinMind_API_TaiwanStockPrice_6035,True,2026-09-22T15:44:25,2026-09-22T15:44:25,2026-09-22T15:44:25
6035,悠遊卡,2024-10-07,82.0,0.0,0.00%,5.680000000000001,,85.2,102.24,119.28,136.32,153.36,170.4,ShowDailyK_ChartFlow,FinMind_API_TaiwanStockPrice_6035,True,2026-09-22T15:44:25,2026-09-22T15:44:25,2026-09-22T15:44:25
6035,悠遊卡,2024-10-08,82.3,0.29999999999999716,0.37%,5.680000000000001,,85.2,102.24,119.28,136.32,153.36,170.4,ShowDailyK_ChartFlow,FinMind_API_TaiwanStockPrice_6035,True,2026-09-22T15:44:25,2026-09-22T15:44:25,2026-09-22T15:44:25
6035,悠遊卡,2024-10-09,79.0,-3.299999999999997,-4.01%,5.680000000000001,,85.2,102.24,119.28,136.32,153.36,170.4,ShowDailyK_ChartFlow,FinMind_API_TaiwanStockPrice_6035,True,2026-09-22T15:44:25,2026-09-22T15:44:25,2026-09-22T15:44:25
6035,悠遊卡,2024-10-11,80.3,1.2999999999999972,1.65%,5.680000000000001,,85.2,102.24,119.28,136.32,153.36,170.4,ShowDailyK_ChartFlow,FinMind_API_TaiwanStockPrice_6035,True,2026-09-22T15:44:25,2026-09-22T15:44:25,2026-09-22T15:44:25
6035,悠遊卡,2024-10-14,82.0,1.7000000000000028,2.12%,5.680000000000001,,85.2,102.24,119.28,136.32,153.36,170.4,ShowDailyK_ChartFlow,FinMind_API_TaiwanStockPrice_6035,True,2026-09-22T15:44:25,2026-09-22T15:44:25,2026-09-22T15:44:25
6035,悠遊卡,2024-10-15,79.7,-2.299999999999997,-2.80%,5.680000000000001,,85.2,102.24,119.28,136.32,153.36,170.4,ShowDailyK_ChartFlow,FinMind_API_TaiwanStockPrice_6035,True,2026-09-22T15:44:25,2026-09-22T15:44:25,2026-09-22T15:44:25
6035,悠遊卡,2024-10-16,80.3,0.5999999999999943,0.75%,5.680000000000001,,85.2,102.24,119.28,136.32,153.36,170.4,ShowDailyK_ChartFlow,FinMind_API_TaiwanStockPrice_6035,True,2026-09-22T15:44:25,2026-09-22T15:44:25,2026-09-22T15:44:25
6035,悠遊卡,2024-10-17,80.0,-0.29999999999999716,-0.37%,5.680000000000001,,85.2,102.24,119.28,136.32,153.36,170.4,ShowDailyK_ChartFlow,FinMind_API_TaiwanStockPrice_6035,True,2026-09-22T15:44:25,2026-09-22T15:44:25,2026-09-22T15:44:25
6035,悠遊卡,2024-10-18,79.8,-0.20000000000000284,-0.25%,5.680000000000001,,85.2,102.24,119.28,136.32,153.36,170.4,ShowDailyK_ChartFlow,FinMind_API_TaiwanStockPrice_6035,True,2026-09-22T15:44:25,2026-09-22T15:44:25,2026-09-22T15:44:25
6035,悠遊卡,2024-10-21,83.3,3.5,4.39%,5.680000000000001,,85.2,102.24,119.28,136.32,153.36,170.4,ShowDailyK_ChartFlow,FinMind_API_TaiwanStockPrice_6035,True,2026-09-22T15:44:25,2026-09-22T15:44:25,2026-09-22T15:44:25
6035,悠遊卡,2024-10-22,83.0,-0.29999999999999716,-0.36%,5.680000000000001,,85.2,102.24,119.28,136.32,153.36,170.4,ShowDailyK_ChartFlow,FinMind_API_TaiwanStockPrice_6035,True,2026-09-22T15:44:25,2026-09-22T15:44:25,2026-09-22T15:44:25
6035,悠遊卡,2024-10-23,83.0,0.0,0.00%,5.680000000000001,,85.2,102.24,119.28,136.32,153.36,170.4,ShowDailyK_ChartFlow,FinMind_API_TaiwanStockPrice_6035,True,2026-09-22T15:44:25,2026-09-22T15:44:25,2026-09-22T15:44:25
6035,悠遊卡,2024-10-24,0.0,-83.0,-100.00%,5.680000000000001,,85.2,102.24,119.28,136.32,153.36,170.4,ShowDailyK_ChartFlow,FinMind_API_TaiwanStockPrice_6035,True,2026-09-22T15:44:25,2026-09-22T15:44:25,2026-09-22T15:44:25
6035,悠遊卡,2024-10-25,82.3,82.3,,5.680000000000001,,85.2,102.24,119.28,136.32,153.36,170.4,ShowDailyK_ChartFlow,FinMind_API_TaiwanStockPrice_6035,True,2026-09-22T15:44:25,2026-09-22T15:44:25,2026-09-22T15:44:25
6035,悠遊卡,2024-10-28,83.3,1.0,1.22%,5.680000000000001,,85.2,102.24,119.28,136.32,153.36,170.4,ShowDailyK_ChartFlow,FinMind_API_TaiwanStockPrice_6035,True,2026-09-22T15:44:25,2026-09-22T15:44:25,2026-09-22T15:44:25
6035,悠遊卡,2024-10-29,80.8,-2.5,-3.00%,5.680000000000001,,85.2,102.24,119.28,136.32,153.36,170.4,ShowDailyK_ChartFlow,FinMind_API_TaiwanStockPrice_6035,True,2026-09-22T15:44:25,2026-09-22T15:44:25,2026-09-22T15:44:25
6035,悠遊卡,2024-10-30,83.3,2.5,3.09%,5.680000000000001,,85.2,102.24,119.28,136.32,153.36,170.4,ShowDailyK_ChartFlow,FinMind_API_TaiwanStockPrice_6035,True,2026-09-22T15:44:25,2026-09-22T15:44:25,2026-09-22T15:44:25
6035,悠遊卡,2024-11-01,83.3,0.0,0.00%,5.680000000000001,,85.2,102.24,119.28,136.32,153.36,170.4,ShowDailyK_ChartFlow,FinMind_API_TaiwanStockPrice_6035,True,2026-09-22T15:44:25,2026-09-22T15:44:25,2026-09-22T15:44:25
6035,悠遊卡,2024-11-04,83.3,0.0,0.00%,5.680000000000001,,85.2,102.24,119.28,136.32,153.36,170.4,ShowDailyK_ChartFlow,FinMind_API_TaiwanStockPrice_6035,True,2026-09-22T15:44:25,2026-09-22T15:44:25,2026-09-22T15:44:25
6035,悠遊卡,2024-11-05,83.1,-0.20000000000000284,-0.24%,5.680000000000001,,85.2,102.24,119.28,136.32,153.36,170.4,ShowDailyK_ChartFlow,FinMind_API_TaiwanStockPrice_6035,True,2026-09-22T15:44:25,2026-09-22T15:44:25,2026-09-22T15:44:25
6035,悠遊卡,2024-11-06,83.6,0.5,0.60%,5.680000000000001,,85.2,102.24,119.28,136.32,153.36,170.4,ShowDailyK_ChartFlow,FinMind_API_TaiwanStockPrice_6035,True,2026-09-22T15:44:25,2026-09-22T15:44:25,2026-09-22T15:44:25
6035,悠遊卡,2024-11-07,83.6,0.0,0.00%,5.680000000000001,,85.2,102.24,119.28,136.32,153.36,170.4,ShowDailyK_ChartFlow,FinMind_API_TaiwanStockPrice_6035,True,2026-09-22T15:44:25,2026-09-22T15:44:25,2026-09-22T15:44:25
6035,悠遊卡,2024-11-08,83.6,0.0,0.00%,5.680000000000001,,85.2,102.24,119.28,136.32,153.36,170.4,ShowDailyK_ChartFlow,FinMind_API_TaiwanStockPrice_6035,True,2026-09-22T15:44:25,2026-09-22T15:44:25,2026-09-22T15:44:25
6035,悠遊卡,2024-11-11,83.6,0.0,0.00%,5.680000000000001,,85.2,102.24,119.28,136.32,153.36,170.4,ShowDailyK_ChartFlow,FinMind_API_TaiwanStockPrice_6035,True,2026-09-22T15:44:25,2026-09-22T15:44:25,2026-09-22T15:44:25
6035,悠遊卡,2024-11-12,82.3,-1.2999999999999972,-1.56%,5.680000000000001,,85.2,102.24,119.28,136.32,153.36,170.4,ShowDailyK_ChartFlow,FinMind_API_TaiwanStockPrice_6035,True,2026-09-22T15:44:25,2026-09-22T15:44:25,2026-09-22T15:44:25
6035,悠遊卡,2024-11-13,83.3,1.0,1.22%,5.680000000000001,,85.2,102.24,119.28,136.32,153.36,170.4,ShowDailyK_ChartFlow,FinMind_API_TaiwanStockPrice_6035,True,2026-09-22T15:44:25,2026-09-22T15:44:25,2026-09-22T15:44:25
6035,悠遊卡,2024-11-14,83.2,-0.09999999999999432,-0.12%,5.680000000000001,,85.2,102.24,119.28,136.32,153.36,170.4,ShowDailyK_ChartFlow,FinMind_API_TaiwanStockPrice_6035,True,2026-09-22T15:44:25,2026-09-22T15:44:25,2026-09-22T15:44:25
6035,悠遊卡,2024-11-15,79.5,-3.700000000000003,-4.45%,5.680000000000001,,85.2,102.24,119.28,136.32,153.36,170.4,ShowDailyK_ChartFlow,FinMind_API_TaiwanStockPrice_6035,True,2026-09-22T15:44:25,2026-09-22T15:44:25,2026-09-22T15:44:25
6035,悠遊卡,2024-11-18,81.0,1.5,1.89%,5.680000000000001,,85.2,102.24,119.28,136.32,153.36,170.4,ShowDailyK_ChartFlow,FinMind_API_TaiwanStockPrice_6035,True,2026-09-22T15:44:25,2026-09-22T15:44:25,2026-09-22T15:44:25
6035,悠遊卡,2024-11-19,81.4,0.4000000000000057,0.49%,5.680000000000001,,85.2,102.24,119.28,136.32,153.36,170.4,ShowDailyK_ChartFlow,FinMind_API_TaiwanStockPrice_6035,True,2026-09-22T15:44:25,2026-09-22T15:44:25,2026-09-22T15:44:25
6035,悠遊卡,2024-11-20,81.4,0.0,0.00%,5.680000000000001,,85.2,102.24,119.28,136.32,153.36,170.4,ShowDailyK_ChartFlow,FinMind_API_TaiwanStockPrice_6035,True,2026-09-22T15:44:25,2026-09-22T15:44:25,2026-09-22T15:44:25
6035,悠遊卡,2024-11-21,81.4,0.0,0.00%,5.680000000000001,,85.2,102.24,119.28,136.32,153.36,170.4,ShowDailyK_ChartFlow,FinMind_API_TaiwanStockPrice_6035,True,2026-09-22T15:44:25,2026-09-22T15:44:25,2026-09-22T15:44:25
6035,悠遊卡,2024-11-22,83.0,1.5999999999999943,1.97%,5.680000000000001,,85.2,102.24,119.28,136.32,153.36,170.4,ShowDailyK_ChartFlow,FinMind_API_TaiwanStockPrice_6035,True,2026-09-22T15:44:25,2026-09-22T15:44:25,2026-09-22T15:44:25
6035,悠遊卡,2024-11-25,80.7,-2.299999999999997,-2.77%,5.680000000000001,,85.2,102.24,119.28,136.32,153.36,170.4,ShowDailyK_ChartFlow,FinMind_API_TaiwanStockPrice_6035,True,2026-09-22T15:44:25,2026-09-22T15:44:25,2026-09-22T15:44:25
6035,悠遊卡,2024-11-26,82.0,1.2999999999999972,1.61%,5.680000000000001,,85.2,102.24,119.28,136.32,153.36,170.4,ShowDailyK_ChartFlow,FinMind_API_TaiwanStockPrice_6035,True,2026-09-22T15:44:25,2026-09-22T15:44:25,2026-09-22T15:44:25
6035,悠遊卡,2024-11-27,0.0,-82.0,-100.00%,5.680000000000001,,85.2,102.24,119.28,136.32,153.36,170.4,ShowDailyK_ChartFlow,FinMind_API_TaiwanStockPrice_6035,True,2026-09-22T15:44:25,2026-09-22T15:44:25,2026-09-22T15:44:25
6035,悠遊卡,2024-11-28,80.7,80.7,,5.680000000000001,,85.2,102.24,119.28,136.32,153.36,170.4,ShowDailyK_ChartFlow,FinMind_API_TaiwanStockPrice_6035,True,2026-09-22T15:44:25,2026-09-22T15:44:25,2026-09-22T15:44:25
6035,悠遊卡,2024-11-29,80.7,0.0,0.00%,5.680000000000001,,85.2,102.24,119.28,136.32,153.36,170.4,ShowDailyK_ChartFlow,FinMind_API_TaiwanStockPrice_6035,True,2026-09-22T15:44:25,2026-09-22T15:44:25,2026-09-22T15:44:25
6035,悠遊卡,2024-12-02,82.9,2.200000000000003,2.73%,5.680000000000001,,85.2,102.24,119.28,136.32,153.36,170.4,ShowDailyK_ChartFlow,FinMind_API_TaiwanStockPrice_6035,True,2026-09-22T15:44:25,2026-09-22T15:44:25,2026-09-22T15:44:25
6035,悠遊卡,2024-12-03,82.9,0.0,0.00%,5.680000000000001,,85.2,102.24,119.28,136.32,153.36,170.4,ShowDailyK_ChartFlow,FinMind_API_TaiwanStockPrice_6035,True,2026-09-22T15:44:25,2026-09-22T15:44:25,2026-09-22T15:44:25
6035,悠遊卡,2024-12-04,82.9,0.0,0.00%,5.680000000000001,,85.2,102.24,119.28,136.32,153.36,170.4,ShowDailyK_ChartFlow,FinMind_API_TaiwanStockPrice_6035,True,2026-09-22T15:44:25,2026-09-22T15:44:25,2026-09-22T15:44:25
6035,悠遊卡,2024-12-05,83.1,0.19999999999998863,0.24%,5.680000000000001,,85.2,102.24,119.28,136.32,153.36,170.4,ShowDailyK_ChartFlow,FinMind_API_TaiwanStockPrice_6035,True,2026-09-22T15:44:25,2026-09-22T15:44:25,2026-09-22T15:44:25
6035,悠遊卡,2024-12-06,83.1,0.0,0.00%,5.680000000000001,,85.2,102.24,119.28,136.32,153.36,170.4,ShowDailyK_ChartFlow,FinMind_API_TaiwanStockPrice_6035,True,2026-09-22T15:44:25,2026-09-22T15:44:25,2026-09-22T15:44:25
6035,悠遊卡,2024-12-09,83.1,0.0,0.00%,5.680000000000001,,85.2,102.24,119.28,136.32,153.36,170.4,ShowDailyK_ChartFlow,FinMind_API_TaiwanStockPrice_6035,True,2026-09-22T15:44:25,2026-09-22T15:44:25,2026-09-22T15:44:25
6035,悠遊卡,2024-12-10,83.1,0.0,0.00%,5.680000000000001,,85.2,102.24,119.28,136.32,153.36,170.4,ShowDailyK_ChartFlow,FinMind_API_TaiwanStockPrice_6035,True,2026-09-22T15:44:25,2026-09-22T15:44:25,2026-09-22T15:44:25
6035,悠遊卡,2024-12-11,80.8,-2.299999999999997,-2.77%,5.680000000000001,,85.2,102.24,119.28,136.32,153.36,170.4,ShowDailyK_ChartFlow,FinMind_API_TaiwanStockPrice_6035,True,2026-09-22T15:44:25,2026-09-22T15:44:25,2026-09-22T15:44:25
6035,悠遊卡,2024-12-12,82.3,1.5,1.86%,5.680000000000001,,85.2,102.24,119.28,136.32,153.36,170.4,ShowDailyK_ChartFlow,FinMind_API_TaiwanStockPrice_6035,True,2026-09-22T15:44:25,2026-09-22T15:44:25,2026-09-22T15:44:25
6035,悠遊卡,2024-12-13,77.0,-5.299999999999997,-6.44%,5.680000000000001,,85.2,102.24,119.28,136.32,153.36,170.4,ShowDailyK_ChartFlow,FinMind_API_TaiwanStockPrice_6035,True,2026-09-22T15:44:25,2026-09-22T15:44:25,2026-09-22T15:44:25
6035,悠遊卡,2024-12-16,77.0,0.0,0.00%,5.680000000000001,,85.2,102.24,119.28,136.32,153.36,170.4,ShowDailyK_ChartFlow,FinMind_API_TaiwanStockPrice_6035,True,2026-09-22T15:44:25,2026-09-22T15:44:25,2026-09-22T15:44:25
6035,悠遊卡,2024-12-17,76.8,-0.20000000000000284,-0.26%,5.680000000000001,,85.2,102.24,119.28,136.32,153.36,170.4,ShowDailyK_ChartFlow,FinMind_API_TaiwanStockPrice_6035,True,2026-09-22T15:44:25,2026-09-22T15:44:25,2026-09-22T15:44:25
6035,悠遊卡,2024-12-18,75.3,-1.5,-1.95%,5.680000000000001,,85.2,102.24,119.28,136.32,153.36,170.4,ShowDailyK_ChartFlow,FinMind_API_TaiwanStockPrice_6035,True,2026-09-22T15:44:25,2026-09-22T15:44:25,2026-09-22T15:44:25
6035,悠遊卡,2024-12-19,73.3,-2.0,-2.66%,5.680000000000001,,85.2,102.24,119.28,136.32,153.36,170.4,ShowDailyK_ChartFlow,FinMind_API_TaiwanStockPrice_6035,True,2026-09-22T15:44:25,2026-09-22T15:44:25,2026-09-22T15:44:25
6035,悠遊卡,2024-12-20,71.5,-1.7999999999999972,-2.46%,5.680000000000001,,85.2,102.24,119.28,136.32,153.36,170.4,ShowDailyK_ChartFlow,FinMind_API_TaiwanStockPrice_6035,True,2026-09-22T15:44:25,2026-09-22T15:44:25,2026-09-22T15:44:25
6035,悠遊卡,2024-12-23,71.1,-0.4000000000000057,-0.56%,5.680000000000001,,85.2,102.24,119.28,136.32,153.36,170.4,ShowDailyK_ChartFlow,FinMind_API_TaiwanStockPrice_6035,True,2026-09-22T15:44:25,2026-09-22T15:44:25,2026-09-22T15:44:25
6035,悠遊卡,2024-12-24,70.5,-0.5999999999999943,-0.84%,5.680000000000001,,85.2,102.24,119.28,136.32,153.36,170.4,ShowDailyK_ChartFlow,FinMind_API_TaiwanStockPrice_6035,True,2026-09-22T15:44:25,2026-09-22T15:44:25,2026-09-22T15:44:25
6035,悠遊卡,2024-12-25,70.3,-0.20000000000000284,-0.28%,5.680000000000001,,85.2,102.24,119.28,136.32,153.36,170.4,ShowDailyK_ChartFlow,FinMind_API_TaiwanStockPrice_6035,True,2026-09-22T15:44:25,2026-09-22T15:44:25,2026-09-22T15:44:25
6035,悠遊卡,2024-12-26,70.4,0.10000000000000853,0.14%,5.680000000000001,,85.2,102.24,119.28,136.32,153.36,170.4,ShowDailyK_ChartFlow,FinMind_API_TaiwanStockPrice_6035,True,2026-09-22T15:44:25,2026-09-22T15:44:25,2026-09-22T15:44:25
6035,悠遊卡,2024-12-27,70.5,0.09999999999999432,0.14%,5.680000000000001,,85.2,102.24,119.28,136.32,153.36,170.4,ShowDailyK_ChartFlow,FinMind_API_TaiwanStockPrice_6035,True,2026-09-22T15:44:25,2026-09-22T15:44:25,2026-09-22T15:44:25
6035,悠遊卡,2024-12-30,70.3,-0.20000000000000284,-0.28%,5.680000000000001,,85.2,102.24,119.28,136.32,153.36,170.4,ShowDailyK_ChartFlow,FinMind_API_TaiwanStockPrice_6035,True,2026-09-22T15:44:25,2026-09-22T15:44:25,2026-09-22T15:44:25
6035,悠遊卡,2024-12-31,70.3,0.0,0.00%,8.15,,122.25,146.7,171.15,195.6,220.05,244.5,ShowDailyK_ChartFlow,FinMind_API_TaiwanStockPrice_6035,True,2026-09-22T15:44:25,2026-09-22T15:44:25,2026-09-22T15:44:25
6035,悠遊卡,2025-01-02,70.3,0.0,0.00%,8.15,,122.25,146.7,171.15,195.6,220.05,244.5,ShowDailyK_ChartFlow,FinMind_API_TaiwanStockPrice_6035,True,2026-09-22T15:44:25,2026-09-22T15:44:25,2026-09-22T15:44:25
6035,悠遊卡,2025-01-03,69.0,-1.2999999999999972,-1.85%,8.15,,122.25,146.7,171.15,195.6,220.05,244.5,ShowDailyK_ChartFlow,FinMind_API_TaiwanStockPrice_6035,True,2026-09-22T15:44:25,2026-09-22T15:44:25,2026-09-22T15:44:25
6035,悠遊卡,2025-01-06,69.9,0.9000000000000057,1.30%,8.15,,122.25,146.7,171.15,195.6,220.05,244.5,ShowDailyK_ChartFlow,FinMind_API_TaiwanStockPrice_6035,True,2026-09-22T15:44:25,2026-09-22T15:44:25,2026-09-22T15:44:25
6035,悠遊卡,2025-01-07,69.8,-0.10000000000000853,-0.14%,8.15,,122.25,146.7,171.15,195.6,220.05,244.5,ShowDailyK_ChartFlow,FinMind_API_TaiwanStockPrice_6035,True,2026-09-22T15:44:25,2026-09-22T15:44:25,2026-09-22T15:44:25
6035,悠遊卡,2025-01-08,68.8,-1.0,-1.43%,8.15,,122.25,146.7,171.15,195.6,220.05,244.5,ShowDailyK_ChartFlow,FinMind_API_TaiwanStockPrice_6035,True,2026-09-22T15:44:25,2026-09-22T15:44:25,2026-09-22T15:44:25
6035,悠遊卡,2025-01-09,67.0,-1.7999999999999972,-2.62%,8.15,,122.25,146.7,171.15,195.6,220.05,244.5,ShowDailyK_ChartFlow,FinMind_API_TaiwanStockPrice_6035,True,2026-09-22T15:44:25,2026-09-22T15:44:25,2026-09-22T15:44:25
6035,悠遊卡,2025-01-10,66.7,-0.29999999999999716,-0.45%,8.15,,122.25,146.7,171.15,195.6,220.05,244.5,ShowDailyK_ChartFlow,FinMind_API_TaiwanStockPrice_6035,True,2026-09-22T15:44:25,2026-09-22T15:44:25,2026-09-22T15:44:25
6035,悠遊卡,2025-01-13,64.6,-2.1000000000000085,-3.15%,8.15,,122.25,146.7,171.15,195.6,220.05,244.5,ShowDailyK_ChartFlow,FinMind_API_TaiwanStockPrice_6035,True,2026-09-22T15:44:25,2026-09-22T15:44:25,2026-09-22T15:44:25
6035,悠遊卡,2025-01-14,63.9,-0.6999999999999957,-1.08%,8.15,,122.25,146.7,171.15,195.6,220.05,244.5,ShowDailyK_ChartFlow,FinMind_API_TaiwanStockPrice_6035,True,2026-09-22T15:44:25,2026-09-22T15:44:25,2026-09-22T15:44:25
6035,悠遊卡,2025-01-15,65.6,1.6999999999999957,2.66%,8.15,,122.25,146.7,171.15,195.6,220.05,244.5,ShowDailyK_ChartFlow,FinMind_API_TaiwanStockPrice_6035,True,2026-09-22T15:44:25,2026-09-22T15:44:25,2026-09-22T15:44:25
6035,悠遊卡,2025-01-16,65.0,-0.5999999999999943,-0.91%,8.15,,122.25,146.7,171.15,195.6,220.05,244.5,ShowDailyK_ChartFlow,FinMind_API_TaiwanStockPrice_6035,True,2026-09-22T15:44:25,2026-09-22T15:44:25,2026-09-22T15:44:25
6035,悠遊卡,2025-01-17,65.5,0.5,0.77%,8.15,,122.25,146.7,171.15,195.6,220.05,244.5,ShowDailyK_ChartFlow,FinMind_API_TaiwanStockPrice_6035,True,2026-09-22T15:44:25,2026-09-22T15:44:25,2026-09-22T15:44:25
6035,悠遊卡,2025-01-20,64.0,-1.5,-2.29%,8.15,,122.25,146.7,171.15,195.6,220.05,244.5,ShowDailyK_ChartFlow,FinMind_API_TaiwanStockPrice_6035,True,2026-09-22T15:44:25,2026-09-22T15:44:25,2026-09-22T15:44:25
6035,悠遊卡,2025-01-21,63.9,-0.10000000000000142,-0.16%,8.15,,122.25,146.7,171.15,195.6,220.05,244.5,ShowDailyK_ChartFlow,FinMind_API_TaiwanStockPrice_6035,True,2026-09-22T15:44:25,2026-09-22T15:44:25,2026-09-22T15:44:25
6035,悠遊卡,2025-01-22,64.3,0.3999999999999986,0.63%,8.15,,122.25,146.7,171.15,195.6,220.05,244.5,ShowDailyK_ChartFlow,FinMind_API_TaiwanStockPrice_6035,True,2026-09-22T15:44:25,2026-09-22T15:44:25,2026-09-22T15:44:25
6035,悠遊卡,2025-02-03,65.3,1.0,1.56%,8.15,,122.25,146.7,171.15,195.6,220.05,244.5,ShowDailyK_ChartFlow,FinMind_API_TaiwanStockPrice_6035,True,2026-09-22T15:44:25,2026-09-22T15:44:25,2026-09-22T15:44:25
6035,悠遊卡,2025-02-04,68.6,3.299999999999997,5.05%,8.15,,122.25,146.7,171.15,195.6,220.05,244.5,ShowDailyK_ChartFlow,FinMind_API_TaiwanStockPrice_6035,True,2026-09-22T15:44:25,2026-09-22T15:44:25,2026-09-22T15:44:25
6035,悠遊卡,2025-02-05,68.5,-0.09999999999999432,-0.15%,8.15,,122.25,146.7,171.15,195.6,220.05,244.5,ShowDailyK_ChartFlow,FinMind_API_TaiwanStockPrice_6035,True,2026-09-22T15:44:25,2026-09-22T15:44:25,2026-09-22T15:44:25
6035,悠遊卡,2025-02-06,69.0,0.5,0.73%,8.15,,122.25,146.7,171.15,195.6,220.05,244.5,ShowDailyK_ChartFlow,FinMind_API_TaiwanStockPrice_6035,True,2026-09-22T15:44:25,2026-09-22T15:44:25,2026-09-22T15:44:25
6035,悠遊卡,2025-02-07,69.5,0.5,0.72%,8.15,,122.25,146.7,171.15,195.6,220.05,244.5,ShowDailyK_ChartFlow,FinMind_API_TaiwanStockPrice_6035,True,2026-09-22T15:44:25,2026-09-22T15:44:25,2026-09-22T15:44:25
6035,悠遊卡,2025-02-10,70.6,1.0999999999999943,1.58%,8.15,,122.25,146.7,171.15,195.6,220.05,244.5,ShowDailyK_ChartFlow,FinMind_API_TaiwanStockPrice_6035,True,2026-09-22T15:44:25,2026-09-22T15:44:25,2026-09-22T15:44:25
6035,悠遊卡,2025-02-11,70.3,-0.29999999999999716,-0.42%,8.15,,122.25,146.7,171.15,195.6,220.05,244.5,ShowDailyK_ChartFlow,FinMind_API_TaiwanStockPrice_6035,True,2026-09-22T15:44:25,2026-09-22T15:44:25,2026-09-22T15:44:25
6035,悠遊卡,2025-02-12,69.4,-0.8999999999999915,-1.28%,8.15,,122.25,146.7,171.15,195.6,220.05,244.5,ShowDailyK_ChartFlow,FinMind_API_TaiwanStockPrice_6035,True,2026-09-22T15:44:25,2026-09-22T15:44:25,2026-09-22T15:44:25
6035,悠遊卡,2025-02-13,69.1,-0.30000000000001137,-0.43%,8.15,,122.25,146.7,171.15,195.6,220.05,244.5,ShowDailyK_ChartFlow,FinMind_API_TaiwanStockPrice_6035,True,2026-09-22T15:44:25,2026-09-22T15:44:25,2026-09-22T15:44:25
6035,悠遊卡,2025-02-14,67.8,-1.2999999999999972,-1.88%,8.15,,122.25,146.7,171.15,195.6,220.05,244.5,ShowDailyK_ChartFlow,FinMind_API_TaiwanStockPrice_6035,True,2026-09-22T15:44:25,2026-09-22T15:44:25,2026-09-22T15:44:25
6035,悠遊卡,2025-02-17,67.9,0.10000000000000853,0.15%,8.15,,122.25,146.7,171.15,195.6,220.05,244.5,ShowDailyK_ChartFlow,FinMind_API_TaiwanStockPrice_6035,True,2026-09-22T15:44:25,2026-09-22T15:44:25,2026-09-22T15:44:25
6035,悠遊卡,2025-02-18,68.3,0.3999999999999915,0.59%,8.15,,122.25,146.7,171.15,195.6,220.05,244.5,ShowDailyK_ChartFlow,FinMind_API_TaiwanStockPrice_6035,True,2026-09-22T15:44:25,2026-09-22T15:44:25,2026-09-22T15:44:25
6035,悠遊卡,2025-02-19,68.3,0.0,0.00%,8.15,,122.25,146.7,171.15,195.6,220.05,244.5,ShowDailyK_ChartFlow,FinMind_API_TaiwanStockPrice_6035,True,2026-09-22T15:44:25,2026-09-22T15:44:25,2026-09-22T15:44:25
6035,悠遊卡,2025-02-20,68.5,0.20000000000000284,0.29%,8.15,,122.25,146.7,171.15,195.6,220.05,244.5,ShowDailyK_ChartFlow,FinMind_API_TaiwanStockPrice_6035,True,2026-09-22T15:44:25,2026-09-22T15:44:25,2026-09-22T15:44:25
6035,悠遊卡,2025-02-21,69.2,0.7000000000000028,1.02%,8.15,,122.25,146.7,171.15,195.6,220.05,244.5,ShowDailyK_ChartFlow,FinMind_API_TaiwanStockPrice_6035,True,2026-09-22T15:44:25,2026-09-22T15:44:25,2026-09-22T15:44:25
6035,悠遊卡,2025-02-24,67.7,-1.5,-2.17%,8.15,,122.25,146.7,171.15,195.6,220.05,244.5,ShowDailyK_ChartFlow,FinMind_API_TaiwanStockPrice_6035,True,2026-09-22T15:44:25,2026-09-22T15:44:25,2026-09-22T15:44:25
6035,悠遊卡,2025-02-25,69.3,1.5999999999999943,2.36%,8.15,,122.25,146.7,171.15,195.6,220.05,244.5,ShowDailyK_ChartFlow,FinMind_API_TaiwanStockPrice_6035,True,2026-09-22T15:44:25,2026-09-22T15:44:25,2026-09-22T15:44:25
6035,悠遊卡,2025-02-26,68.1,-1.2000000000000028,-1.73%,8.15,,122.25,146.7,171.15,195.6,220.05,244.5,ShowDailyK_ChartFlow,FinMind_API_TaiwanStockPrice_6035,True,2026-09-22T15:44:25,2026-09-22T15:44:25,2026-09-22T15:44:25
6035,悠遊卡,2025-02-27,68.1,0.0,0.00%,8.15,,122.25,146.7,171.15,195.6,220.05,244.5,ShowDailyK_ChartFlow,FinMind_API_TaiwanStockPrice_6035,True,2026-09-22T15:44:25,2026-09-22T15:44:25,2026-09-22T15:44:25
6035,悠遊卡,2025-03-03,68.1,0.0,0.00%,8.15,,122.25,146.7,171.15,195.6,220.05,244.5,ShowDailyK_ChartFlow,FinMind_API_TaiwanStockPrice_6035,True,2026-09-22T15:44:25,2026-09-22T15:44:25,2026-09-22T15:44:25
6035,悠遊卡,2025-03-04,68.2,0.10000000000000853,0.15%,8.15,,122.25,146.7,171.15,195.6,220.05,244.5,ShowDailyK_ChartFlow,FinMind_API_TaiwanStockPrice_6035,True,2026-09-22T15:44:25,2026-09-22T15:44:25,2026-09-22T15:44:25
6035,悠遊卡,2025-03-05,68.0,-0.20000000000000284,-0.29%,8.15,,122.25,146.7,171.15,195.6,220.05,244.5,ShowDailyK_ChartFlow,FinMind_API_TaiwanStockPrice_6035,True,2026-09-22T15:44:25,2026-09-22T15:44:25,2026-09-22T15:44:25
6035,悠遊卡,2025-03-06,68.2,0.20000000000000284,0.29%,8.15,,122.25,146.7,171.15,195.6,220.05,244.5,ShowDailyK_ChartFlow,FinMind_API_TaiwanStockPrice_6035,True,2026-09-22T15:44:25,2026-09-22T15:44:25,2026-09-22T15:44:25
6035,悠遊卡,2025-03-07,68.2,0.0,0.00%,8.15,,122.25,146.7,171.15,195.6,220.05,244.5,ShowDailyK_ChartFlow,FinMind_API_TaiwanStockPrice_6035,True,2026-09-22T15:44:25,2026-09-22T15:44:25,2026-09-22T15:44:25
6035,悠遊卡,2025-03-10,67.8,-0.4000000000000057,-0.59%,8.15,,122.25,146.7,171.15,195.6,220.05,244.5,ShowDailyK_ChartFlow,FinMind_API_TaiwanStockPrice_6035,True,2026-09-22T15:44:25,2026-09-22T15:44:25,2026-09-22T15:44:25
6035,悠遊卡,2025-03-11,67.3,-0.5,-0.74%,8.15,,122.25,146.7,171.15,195.6,220.05,244.5,ShowDailyK_ChartFlow,FinMind_API_TaiwanStockPrice_6035,True,2026-09-22T15:44:25,2026-09-22T15:44:25,2026-09-22T15:44:25
6035,悠遊卡,2025-03-12,66.5,-0.7999999999999972,-1.19%,8.15,,122.25,146.7,171.15,195.6,220.05,244.5,ShowDailyK_ChartFlow,FinMind_API_TaiwanStockPrice_6035,True,2026-09-22T15:44:25,2026-09-22T15:44:25,2026-09-22T15:44:25
6035,悠遊卡,2025-03-13,68.3,1.7999999999999972,2.71%,8.15,,122.25,146.7,171.15,195.6,220.05,244.5,ShowDailyK_ChartFlow,FinMind_API_TaiwanStockPrice_6035,True,2026-09-22T15:44:25,2026-09-22T15:44:25,2026-09-22T15:44:25
6035,悠遊卡,2025-03-14,68.2,-0.09999999999999432,-0.15%,8.15,,122.25,146.7,171.15,195.6,220.05,244.5,ShowDailyK_ChartFlow,FinMind_API_TaiwanStockPrice_6035,True,2026-09-22T15:44:25,2026-09-22T15:44:25,2026-09-22T15:44:25
6035,悠遊卡,2025-03-17,67.9,-0.29999999999999716,-0.44%,8.15,,122.25,146.7,171.15,195.6,220.05,244.5,ShowDailyK_ChartFlow,FinMind_API_TaiwanStockPrice_6035,True,2026-09-22T15:44:25,2026-09-22T15:44:25,2026-09-22T15:44:25
6035,悠遊卡,2025-03-18,67.9,0.0,0.00%,8.15,,122.25,146.7,171.15,195.6,220.05,244.5,ShowDailyK_ChartFlow,FinMind_API_TaiwanStockPrice_6035,True,2026-09-22T15:44:25,2026-09-22T15:44:25,2026-09-22T15:44:25
6035,悠遊卡,2025-03-19,67.9,0.0,0.00%,8.15,,122.25,146.7,171.15,195.6,220.05,244.5,ShowDailyK_ChartFlow,FinMind_API_TaiwanStockPrice_6035,True,2026-09-22T15:44:25,2026-09-22T15:44:25,2026-09-22T15:44:25
6035,悠遊卡,2025-03-20,68.1,0.19999999999998863,0.29%,8.15,,122.25,146.7,171.15,195.6,220.05,244.5,ShowDailyK_ChartFlow,FinMind_API_TaiwanStockPrice_6035,True,2026-09-22T15:44:25,2026-09-22T15:44:25,2026-09-22T15:44:25
6035,悠遊卡,2025-03-21,71.0,2.9000000000000057,4.26%,8.15,,122.25,146.7,171.15,195.6,220.05,244.5,ShowDailyK_ChartFlow,FinMind_API_TaiwanStockPrice_6035,True,2026-09-22T15:44:25,2026-09-22T15:44:25,2026-09-22T15:44:25
6035,悠遊卡,2025-03-24,68.9,-2.0999999999999943,-2.96%,8.15,,122.25,146.7,171.15,195.6,220.05,244.5,ShowDailyK_ChartFlow,FinMind_API_TaiwanStockPrice_6035,True,2026-09-22T15:44:25,2026-09-22T15:44:25,2026-09-22T15:44:25
6035,悠遊卡,2025-03-25,68.0,-0.9000000000000057,-1.31%,8.15,,122.25,146.7,171.15,195.6,220.05,244.5,ShowDailyK_ChartFlow,FinMind_API_TaiwanStockPrice_6035,True,2026-09-22T15:44:25,2026-09-22T15:44:25,2026-09-22T15:44:25
6035,悠遊卡,2025-03-26,68.8,0.7999999999999972,1.18%,8.15,,122.25,146.7,171.15,195.6,220.05,244.5,ShowDailyK_ChartFlow,FinMind_API_TaiwanStockPrice_6035,True,2026-09-22T15:44:25,2026-09-22T15:44:25,2026-09-22T15:44:25
6035,悠遊卡,2025-03-27,70.0,1.2000000000000028,1.74%,8.15,,122.25,146.7,171.15,195.6,220.05,244.5,ShowDailyK_ChartFlow,FinMind_API_TaiwanStockPrice_6035,True,2026-09-22T15:44:25,2026-09-22T15:44:25,2026-09-22T15:44:25
6035,悠遊卡,2025-03-28,69.4,-0.5999999999999943,-0.86%,8.15,,122.25,146.7,171.15,195.6,220.05,244.5,ShowDailyK_ChartFlow,FinMind_API_TaiwanStockPrice_6035,True,2026-09-22T15:44:25,2026-09-22T15:44:25,2026-09-22T15:44:25
6035,悠遊卡,2025-03-31,66.7,-2.700000000000003,-3.89%,8.15,,122.25,146.7,171.15,195.6,220.05,244.5,ShowDailyK_ChartFlow,FinMind_API_TaiwanStockPrice_6035,True,2026-09-22T15:44:25,2026-09-22T15:44:25,2026-09-22T15:44:25
6035,悠遊卡,2025-04-01,69.0,2.299999999999997,3.45%,8.15,,122.25,146.7,171.15,195.6,220.05,244.5,ShowDailyK_ChartFlow,FinMind_API_TaiwanStockPrice_6035,True,2026-09-22T15:44:25,2026-09-22T15:44:25,2026-09-22T15:44:25
6035,悠遊卡,2025-04-02,69.3,0.29999999999999716,0.43%,8.15,,122.25,146.7,171.15,195.6,220.05,244.5,ShowDailyK_ChartFlow,FinMind_API_TaiwanStockPrice_6035,True,2026-09-22T15:44:25,2026-09-22T15:44:25,2026-09-22T15:44:25
6035,悠遊卡,2025-04-07,64.5,-4.799999999999997,-6.93%,8.15,,122.25,146.7,171.15,195.6,220.05,244.5,ShowDailyK_ChartFlow,FinMind_API_TaiwanStockPrice_6035,True,2026-09-22T15:44:25,2026-09-22T15:44:25,2026-09-22T15:44:25
6035,悠遊卡,2025-04-08,66.2,1.7000000000000028,2.64%,8.15,,122.25,146.7,171.15,195.6,220.05,244.5,ShowDailyK_ChartFlow,FinMind_API_TaiwanStockPrice_6035,True,2026-09-22T15:44:25,2026-09-22T15:44:25,2026-09-22T15:44:25
6035,悠遊卡,2025-04-09,65.5,-0.7000000000000028,-1.06%,8.15,,122.25,146.7,171.15,195.6,220.05,244.5,ShowDailyK_ChartFlow,FinMind_API_TaiwanStockPrice_6035,True,2026-09-22T15:44:25,2026-09-22T15:44:25,2026-09-22T15:44:25
6035,悠遊卡,2025-04-10,67.3,1.7999999999999972,2.75%,8.15,,122.25,146.7,171.15,195.6,220.05,244.5,ShowDailyK_ChartFlow,FinMind_API_TaiwanStockPrice_6035,True,2026-09-22T15:44:25,2026-09-22T15:44:25,2026-09-22T15:44:25
6035,悠遊卡,2025-04-11,67.7,0.4000000000000057,0.59%,8.15,,122.25,146.7,171.15,195.6,220.05,244.5,ShowDailyK_ChartFlow,FinMind_API_TaiwanStockPrice_6035,True,2026-09-22T15:44:25,2026-09-22T15:44:25,2026-09-22T15:44:25
6035,悠遊卡,2025-04-14,66.8,-0.9000000000000057,-1.33%,8.15,,122.25,146.7,171.15,195.6,220.05,244.5,ShowDailyK_ChartFlow,FinMind_API_TaiwanStockPrice_6035,True,2026-09-22T15:44:25,2026-09-22T15:44:25,2026-09-22T15:44:25
6035,悠遊卡,2025-04-15,66.3,-0.5,-0.75%,8.15,,122.25,146.7,171.15,195.6,220.05,244.5,ShowDailyK_ChartFlow,FinMind_API_TaiwanStockPrice_6035,True,2026-09-22T15:44:25,2026-09-22T15:44:25,2026-09-22T15:44:25
6035,悠遊卡,2025-04-16,66.5,0.20000000000000284,0.30%,8.15,,122.25,146.7,171.15,195.6,220.05,244.5,ShowDailyK_ChartFlow,FinMind_API_TaiwanStockPrice_6035,True,2026-09-22T15:44:25,2026-09-22T15:44:25,2026-09-22T15:44:25
6035,悠遊卡,2025-04-17,65.5,-1.0,-1.50%,8.15,,122.25,146.7,171.15,195.6,220.05,244.5,ShowDailyK_ChartFlow,FinMind_API_TaiwanStockPrice_6035,True,2026-09-22T15:44:25,2026-09-22T15:44:25,2026-09-22T15:44:25
6035,悠遊卡,2025-04-18,66.3,0.7999999999999972,1.22%,8.15,,122.25,146.7,171.15,195.6,220.05,244.5,ShowDailyK_ChartFlow,FinMind_API_TaiwanStockPrice_6035,True,2026-09-22T15:44:25,2026-09-22T15:44:25,2026-09-22T15:44:25
6035,悠遊卡,2025-04-21,66.3,0.0,0.00%,8.15,,122.25,146.7,171.15,195.6,220.05,244.5,ShowDailyK_ChartFlow,FinMind_API_TaiwanStockPrice_6035,True,2026-09-22T15:44:25,2026-09-22T15:44:25,2026-09-22T15:44:25
6035,悠遊卡,2025-04-22,66.3,0.0,0.00%,8.15,,122.25,146.7,171.15,195.6,220.05,244.5,ShowDailyK_ChartFlow,FinMind_API_TaiwanStockPrice_6035,True,2026-09-22T15:44:25,2026-09-22T15:44:25,2026-09-22T15:44:25
6035,悠遊卡,2025-04-23,66.3,0.0,0.00%,8.15,,122.25,146.7,171.15,195.6,220.05,244.5,ShowDailyK_ChartFlow,FinMind_API_TaiwanStockPrice_6035,True,2026-09-22T15:44:25,2026-09-22T15:44:25,2026-09-22T15:44:25
6035,悠遊卡,2025-04-24,66.4,0.10000000000000853,0.15%,8.15,,122.25,146.7,171.15,195.6,220.05,244.5,ShowDailyK_ChartFlow,FinMind_API_TaiwanStockPrice_6035,True,2026-09-22T15:44:25,2026-09-22T15:44:25,2026-09-22T15:44:25
6035,悠遊卡,2025-04-25,66.4,0.0,0.00%,8.15,,122.25,146.7,171.15,195.6,220.05,244.5,ShowDailyK_ChartFlow,FinMind_API_TaiwanStockPrice_6035,True,2026-09-22T15:44:25,2026-09-22T15:44:25,2026-09-22T15:44:25
6035,悠遊卡,2025-04-28,64.9,-1.5,-2.26%,8.15,,122.25,146.7,171.15,195.6,220.05,244.5,ShowDailyK_ChartFlow,FinMind_API_TaiwanStockPrice_6035,True,2026-09-22T15:44:25,2026-09-22T15:44:25,2026-09-22T15:44:25
6035,悠遊卡,2025-04-29,67.2,2.299999999999997,3.54%,8.15,,122.25,146.7,171.15,195.6,220.05,244.5,ShowDailyK_ChartFlow,FinMind_API_TaiwanStockPrice_6035,True,2026-09-22T15:44:25,2026-09-22T15:44:25,2026-09-22T15:44:25
6035,悠遊卡,2025-04-30,67.3,0.09999999999999432,0.15%,8.15,,122.25,146.7,171.15,195.6,220.05,244.5,ShowDailyK_ChartFlow,FinMind_API_TaiwanStockPrice_6035,True,2026-09-22T15:44:25,2026-09-22T15:44:25,2026-09-22T15:44:25
6035,悠遊卡,2025-05-02,67.4,0.10000000000000853,0.15%,8.15,,122.25,146.7,171.15,195.6,220.05,244.5,ShowDailyK_ChartFlow,FinMind_API_TaiwanStockPrice_6035,True,2026-09-22T15:44:25,2026-09-22T15:44:25,2026-09-22T15:44:25
6035,悠遊卡,2025-05-05,66.0,-1.4000000000000057,-2.08%,8.15,,122.25,146.7,171.15,195.6,220.05,244.5,ShowDailyK_ChartFlow,FinMind_API_TaiwanStockPrice_6035,True,2026-09-22T15:44:25,2026-09-22T15:44:25,2026-09-22T15:44:25
6035,悠遊卡,2025-05-06,66.3,0.29999999999999716,0.45%,8.15,,122.25,146.7,171.15,195.6,220.05,244.5,ShowDailyK_ChartFlow,FinMind_API_TaiwanStockPrice_6035,True,2026-09-22T15:44:25,2026-09-22T15:44:25,2026-09-22T15:44:25
6035,悠遊卡,2025-05-07,66.7,0.4000000000000057,0.60%,8.15,,122.25,146.7,171.15,195.6,220.05,244.5,ShowDailyK_ChartFlow,FinMind_API_TaiwanStockPrice_6035,True,2026-09-22T15:44:25,2026-09-22T15:44:25,2026-09-22T15:44:25
6035,悠遊卡,2025-05-08,66.3,-0.4000000000000057,-0.60%,8.15,,122.25,146.7,171.15,195.6,220.05,244.5,ShowDailyK_ChartFlow,FinMind_API_TaiwanStockPrice_6035,True,2026-09-22T15:44:25,2026-09-22T15:44:25,2026-09-22T15:44:25
6035,悠遊卡,2025-05-09,66.3,0.0,0.00%,8.15,,122.25,146.7,171.15,195.6,220.05,244.5,ShowDailyK_ChartFlow,FinMind_API_TaiwanStockPrice_6035,True,2026-09-22T15:44:25,2026-09-22T15:44:25,2026-09-22T15:44:25
6035,悠遊卡,2025-05-12,66.6,0.29999999999999716,0.45%,8.15,,122.25,146.7,171.15,195.6,220.05,244.5,ShowDailyK_ChartFlow,FinMind_API_TaiwanStockPrice_6035,True,2026-09-22T15:44:25,2026-09-22T15:44:25,2026-09-22T15:44:25
6035,悠遊卡,2025-05-13,66.6,0.0,0.00%,8.15,,122.25,146.7,171.15,195.6,220.05,244.5,ShowDailyK_ChartFlow,FinMind_API_TaiwanStockPrice_6035,True,2026-09-22T15:44:25,2026-09-22T15:44:25,2026-09-22T15:44:25
6035,悠遊卡,2025-05-14,66.2,-0.3999999999999915,-0.60%,8.15,,122.25,146.7,171.15,195.6,220.05,244.5,ShowDailyK_ChartFlow,FinMind_API_TaiwanStockPrice_6035,True,2026-09-22T15:44:25,2026-09-22T15:44:25,2026-09-22T15:44:25
6035,悠遊卡,2025-05-15,65.4,-0.7999999999999972,-1.21%,8.15,,122.25,146.7,171.15,195.6,220.05,244.5,ShowDailyK_ChartFlow,FinMind_API_TaiwanStockPrice_6035,True,2026-09-22T15:44:25,2026-09-22T15:44:25,2026-09-22T15:44:25
6035,悠遊卡,2025-05-16,69.1,3.6999999999999886,5.66%,8.15,,122.25,146.7,171.15,195.6,220.05,244.5,ShowDailyK_ChartFlow,FinMind_API_TaiwanStockPrice_6035,True,2026-09-22T15:44:25,2026-09-22T15:44:25,2026-09-22T15:44:25
6035,悠遊卡,2025-05-19,67.0,-2.0999999999999943,-3.04%,8.15,,122.25,146.7,171.15,195.6,220.05,244.5,ShowDailyK_ChartFlow,FinMind_API_TaiwanStockPrice_6035,True,2026-09-22T15:44:25,2026-09-22T15:44:25,2026-09-22T15:44:25
6035,悠遊卡,2025-05-20,67.1,0.09999999999999432,0.15%,8.15,,122.25,146.7,171.15,195.6,220.05,244.5,ShowDailyK_ChartFlow,FinMind_API_TaiwanStockPrice_6035,True,2026-09-22T15:44:25,2026-09-22T15:44:25,2026-09-22T15:44:25
6035,悠遊卡,2025-05-21,66.3,-0.7999999999999972,-1.19%,8.15,,122.25,146.7,171.15,195.6,220.05,244.5,ShowDailyK_ChartFlow,FinMind_API_TaiwanStockPrice_6035,True,2026-09-22T15:44:25,2026-09-22T15:44:25,2026-09-22T15:44:25
6035,悠遊卡,2025-05-22,67.4,1.1000000000000085,1.66%,8.15,,122.25,146.7,171.15,195.6,220.05,244.5,ShowDailyK_ChartFlow,FinMind_API_TaiwanStockPrice_6035,True,2026-09-22T15:44:25,2026-09-22T15:44:25,2026-09-22T15:44:25
6035,悠遊卡,2025-05-23,66.0,-1.4000000000000057,-2.08%,8.15,,122.25,146.7,171.15,195.6,220.05,244.5,ShowDailyK_ChartFlow,FinMind_API_TaiwanStockPrice_6035,True,2026-09-22T15:44:25,2026-09-22T15:44:25,2026-09-22T15:44:25
6035,悠遊卡,2025-05-26,67.4,1.4000000000000057,2.12%,8.15,,122.25,146.7,171.15,195.6,220.05,244.5,ShowDailyK_ChartFlow,FinMind_API_TaiwanStockPrice_6035,True,2026-09-22T15:44:25,2026-09-22T15:44:25,2026-09-22T15:44:25
6035,悠遊卡,2025-05-27,67.6,0.19999999999998863,0.30%,8.15,,122.25,146.7,171.15,195.6,220.05,244.5,ShowDailyK_ChartFlow,FinMind_API_TaiwanStockPrice_6035,True,2026-09-22T15:44:25,2026-09-22T15:44:25,2026-09-22T15:44:25
6035,悠遊卡,2025-05-28,67.6,0.0,0.00%,8.15,,122.25,146.7,171.15,195.6,220.05,244.5,ShowDailyK_ChartFlow,FinMind_API_TaiwanStockPrice_6035,True,2026-09-22T15:44:25,2026-09-22T15:44:25,2026-09-22T15:44:25
6035,悠遊卡,2025-05-29,67.6,0.0,0.00%,8.15,,122.25,146.7,171.15,195.6,220.05,244.5,ShowDailyK_ChartFlow,FinMind_API_TaiwanStockPrice_6035,True,2026-09-22T15:44:25,2026-09-22T15:44:25,2026-09-22T15:44:25
6035,悠遊卡,2025-06-02,67.7,0.10000000000000853,0.15%,8.15,,122.25,146.7,171.15,195.6,220.05,244.5,ShowDailyK_ChartFlow,FinMind_API_TaiwanStockPrice_6035,True,2026-09-22T15:44:25,2026-09-22T15:44:25,2026-09-22T15:44:25
6035,悠遊卡,2025-06-03,67.3,-0.4000000000000057,-0.59%,8.15,,122.25,146.7,171.15,195.6,220.05,244.5,ShowDailyK_ChartFlow,FinMind_API_TaiwanStockPrice_6035,True,2026-09-22T15:44:25,2026-09-22T15:44:25,2026-09-22T15:44:25
6035,悠遊卡,2025-06-04,66.2,-1.0999999999999943,-1.63%,8.15,,122.25,146.7,171.15,195.6,220.05,244.5,ShowDailyK_ChartFlow,FinMind_API_TaiwanStockPrice_6035,True,2026-09-22T15:44:25,2026-09-22T15:44:25,2026-09-22T15:44:25
6035,悠遊卡,2025-06-05,66.2,0.0,0.00%,8.15,,122.25,146.7,171.15,195.6,220.05,244.5,ShowDailyK_ChartFlow,FinMind_API_TaiwanStockPrice_6035,True,2026-09-22T15:44:25,2026-09-22T15:44:25,2026-09-22T15:44:25
6035,悠遊卡,2025-06-06,67.0,0.7999999999999972,1.21%,8.15,,122.25,146.7,171.15,195.6,220.05,244.5,ShowDailyK_ChartFlow,FinMind_API_TaiwanStockPrice_6035,True,2026-09-22T15:44:25,2026-09-22T15:44:25,2026-09-22T15:44:25
6035,悠遊卡,2025-06-09,67.0,0.0,0.00%,8.15,,122.25,146.7,171.15,195.6,220.05,244.5,ShowDailyK_ChartFlow,FinMind_API_TaiwanStockPrice_6035,True,2026-09-22T15:44:25,2026-09-22T15:44:25,2026-09-22T15:44:25
6035,悠遊卡,2025-06-10,67.6,0.5999999999999943,0.90%,8.15,,122.25,146.7,171.15,195.6,220.05,244.5,ShowDailyK_ChartFlow,FinMind_API_TaiwanStockPrice_6035,True,2026-09-22T15:44:25,2026-09-22T15:44:25,2026-09-22T15:44:25
6035,悠遊卡,2025-06-11,66.3,-1.2999999999999972,-1.92%,8.15,,122.25,146.7,171.15,195.6,220.05,244.5,ShowDailyK_ChartFlow,FinMind_API_TaiwanStockPrice_6035,True,2026-09-22T15:44:25,2026-09-22T15:44:25,2026-09-22T15:44:25
6035,悠遊卡,2025-06-12,66.0,-0.29999999999999716,-0.45%,8.15,,122.25,146.7,171.15,195.6,220.05,244.5,ShowDailyK_ChartFlow,FinMind_API_TaiwanStockPrice_6035,True,2026-09-22T15:44:25,2026-09-22T15:44:25,2026-09-22T15:44:25
6035,悠遊卡,2025-06-13,67.0,1.0,1.52%,8.15,,122.25,146.7,171.15,195.6,220.05,244.5,ShowDailyK_ChartFlow,FinMind_API_TaiwanStockPrice_6035,True,2026-09-22T15:44:25,2026-09-22T15:44:25,2026-09-22T15:44:25
6035,悠遊卡,2025-06-16,67.0,0.0,0.00%,8.15,,122.25,146.7,171.15,195.6,220.05,244.5,ShowDailyK_ChartFlow,FinMind_API_TaiwanStockPrice_6035,True,2026-09-22T15:44:25,2026-09-22T15:44:25,2026-09-22T15:44:25
6035,悠遊卡,2025-06-17,67.6,0.5999999999999943,0.90%,8.15,,122.25,146.7,171.15,195.6,220.05,244.5,ShowDailyK_ChartFlow,FinMind_API_TaiwanStockPrice_6035,True,2026-09-22T15:44:25,2026-09-22T15:44:25,2026-09-22T15:44:25
6035,悠遊卡,2025-06-18,67.4,-0.19999999999998863,-0.30%,8.15,,122.25,146.7,171.15,195.6,220.05,244.5,ShowDailyK_ChartFlow,FinMind_API_TaiwanStockPrice_6035,True,2026-09-22T15:44:25,2026-09-22T15:44:25,2026-09-22T15:44:25
6035,悠遊卡,2025-06-19,66.7,-0.7000000000000028,-1.04%,8.15,,122.25,146.7,171.15,195.6,220.05,244.5,ShowDailyK_ChartFlow,FinMind_API_TaiwanStockPrice_6035,True,2026-09-22T15:44:25,2026-09-22T15:44:25,2026-09-22T15:44:25
6035,悠遊卡,2025-06-20,66.6,-0.10000000000000853,-0.15%,8.15,,122.25,146.7,171.15,195.6,220.05,244.5,ShowDailyK_ChartFlow,FinMind_API_TaiwanStockPrice_6035,True,2026-09-22T15:44:25,2026-09-22T15:44:25,2026-09-22T15:44:25
6035,悠遊卡,2025-06-23,69.2,2.6000000000000085,3.90%,8.15,,122.25,146.7,171.15,195.6,220.05,244.5,ShowDailyK_ChartFlow,FinMind_API_TaiwanStockPrice_6035,True,2026-09-22T15:44:25,2026-09-22T15:44:25,2026-09-22T15:44:25
6035,悠遊卡,2025-06-24,69.3,0.09999999999999432,0.14%,8.15,,122.25,146.7,171.15,195.6,220.05,244.5,ShowDailyK_ChartFlow,FinMind_API_TaiwanStockPrice_6035,True,2026-09-22T15:44:25,2026-09-22T15:44:25,2026-09-22T15:44:25
6035,悠遊卡,2025-06-25,69.3,0.0,0.00%,8.15,,122.25,146.7,171.15,195.6,220.05,244.5,ShowDailyK_ChartFlow,FinMind_API_TaiwanStockPrice_6035,True,2026-09-22T15:44:25,2026-09-22T15:44:25,2026-09-22T15:44:25
6035,悠遊卡,2025-06-26,72.7,3.4000000000000057,4.91%,8.15,,122.25,146.7,171.15,195.6,220.05,244.5,ShowDailyK_ChartFlow,FinMind_API_TaiwanStockPrice_6035,True,2026-09-22T15:44:25,2026-09-22T15:44:25,2026-09-22T15:44:25
6035,悠遊卡,2025-06-27,71.3,-1.4000000000000057,-1.93%,8.15,,122.25,146.7,171.15,195.6,220.05,244.5,ShowDailyK_ChartFlow,FinMind_API_TaiwanStockPrice_6035,True,2026-09-22T15:44:25,2026-09-22T15:44:25,2026-09-22T15:44:25
6035,悠遊卡,2025-06-30,72.9,1.6000000000000085,2.24%,8.26,,123.9,148.68,173.46,198.24,223.02,247.8,ShowDailyK_ChartFlow,FinMind_API_TaiwanStockPrice_6035,True,2026-09-22T15:44:25,2026-09-22T15:44:25,2026-09-22T15:44:25
6035,悠遊卡,2025-07-01,72.9,0.0,0.00%,8.26,,123.9,148.68,173.46,198.24,223.02,247.8,ShowDailyK_ChartFlow,FinMind_API_TaiwanStockPrice_6035,True,2026-09-22T15:44:25,2026-09-22T15:44:25,2026-09-22T15:44:25
6035,悠遊卡,2025-07-02,69.8,-3.1000000000000085,-4.25%,8.26,,123.9,148.68,173.46,198.24,223.02,247.8,ShowDailyK_ChartFlow,FinMind_API_TaiwanStockPrice_6035,True,2026-09-22T15:44:25,2026-09-22T15:44:25,2026-09-22T15:44:25
6035,悠遊卡,2025-07-03,72.9,3.1000000000000085,4.44%,8.26,,123.9,148.68,173.46,198.24,223.02,247.8,ShowDailyK_ChartFlow,FinMind_API_TaiwanStockPrice_6035,True,2026-09-22T15:44:25,2026-09-22T15:44:25,2026-09-22T15:44:25
6035,悠遊卡,2025-07-04,71.6,-1.3000000000000114,-1.78%,8.26,,123.9,148.68,173.46,198.24,223.02,247.8,ShowDailyK_ChartFlow,FinMind_API_TaiwanStockPrice_6035,True,2026-09-22T15:44:25,2026-09-22T15:44:25,2026-09-22T15:44:25
6035,悠遊卡,2025-07-07,71.0,-0.5999999999999943,-0.84%,8.26,,123.9,148.68,173.46,198.24,223.02,247.8,ShowDailyK_ChartFlow,FinMind_API_TaiwanStockPrice_6035,True,2026-09-22T15:44:25,2026-09-22T15:44:25,2026-09-22T15:44:25
6035,悠遊卡,2025-07-08,71.0,0.0,0.00%,8.26,,123.9,148.68,173.46,198.24,223.02,247.8,ShowDailyK_ChartFlow,FinMind_API_TaiwanStockPrice_6035,True,2026-09-22T15:44:25,2026-09-22T15:44:25,2026-09-22T15:44:25
6035,悠遊卡,2025-07-09,71.0,0.0,0.00%,8.26,,123.9,148.68,173.46,198.24,223.02,247.8,ShowDailyK_ChartFlow,FinMind_API_TaiwanStockPrice_6035,True,2026-09-22T15:44:25,2026-09-22T15:44:25,2026-09-22T15:44:25
6035,悠遊卡,2025-07-10,70.1,-0.9000000000000057,-1.27%,8.26,,123.9,148.68,173.46,198.24,223.02,247.8,ShowDailyK_ChartFlow,FinMind_API_TaiwanStockPrice_6035,True,2026-09-22T15:44:25,2026-09-22T15:44:25,2026-09-22T15:44:25
6035,悠遊卡,2025-07-11,72.0,1.9000000000000057,2.71%,8.26,,123.9,148.68,173.46,198.24,223.02,247.8,ShowDailyK_ChartFlow,FinMind_API_TaiwanStockPrice_6035,True,2026-09-22T15:44:25,2026-09-22T15:44:25,2026-09-22T15:44:25
6035,悠遊卡,2025-07-14,72.0,0.0,0.00%,8.26,,123.9,148.68,173.46,198.24,223.02,247.8,ShowDailyK_ChartFlow,FinMind_API_TaiwanStockPrice_6035,True,2026-09-22T15:44:25,2026-09-22T15:44:25,2026-09-22T15:44:25
6035,悠遊卡,2025-07-15,66.8,-5.200000000000003,-7.22%,8.26,,123.9,148.68,173.46,198.24,223.02,247.8,ShowDailyK_ChartFlow,FinMind_API_TaiwanStockPrice_6035,True,2026-09-22T15:44:25,2026-09-22T15:44:25,2026-09-22T15:44:25
6035,悠遊卡,2025-07-16,69.3,2.5,3.74%,8.26,,123.9,148.68,173.46,198.24,223.02,247.8,ShowDailyK_ChartFlow,FinMind_API_TaiwanStockPrice_6035,True,2026-09-22T15:44:25,2026-09-22T15:44:25,2026-09-22T15:44:25
6035,悠遊卡,2025-07-17,68.8,-0.5,-0.72%,8.26,,123.9,148.68,173.46,198.24,223.02,247.8,ShowDailyK_ChartFlow,FinMind_API_TaiwanStockPrice_6035,True,2026-09-22T15:44:25,2026-09-22T15:44:25,2026-09-22T15:44:25
6035,悠遊卡,2025-07-18,69.0,0.20000000000000284,0.29%,8.26,,123.9,148.68,173.46,198.24,223.02,247.8,ShowDailyK_ChartFlow,FinMind_API_TaiwanStockPrice_6035,True,2026-09-22T15:44:25,2026-09-22T15:44:25,2026-09-22T15:44:25
6035,悠遊卡,2025-07-21,69.0,0.0,0.00%,8.26,,123.9,148.68,173.46,198.24,223.02,247.8,ShowDailyK_ChartFlow,FinMind_API_TaiwanStockPrice_6035,True,2026-09-22T15:44:25,2026-09-22T15:44:25,2026-09-22T15:44:25
6035,悠遊卡,2025-07-22,69.0,0.0,0.00%,8.26,,123.9,148.68,173.46,198.24,223.02,247.8,ShowDailyK_ChartFlow,FinMind_API_TaiwanStockPrice_6035,True,2026-09-22T15:44:25,2026-09-22T15:44:25,2026-09-22T15:44:25
6035,悠遊卡,2025-07-23,68.8,-0.20000000000000284,-0.29%,8.26,,123.9,148.68,173.46,198.24,223.02,247.8,ShowDailyK_ChartFlow,FinMind_API_TaiwanStockPrice_6035,True,2026-09-22T15:44:25,2026-09-22T15:44:25,2026-09-22T15:44:25
6035,悠遊卡,2025-07-24,68.0,-0.7999999999999972,-1.16%,8.26,,123.9,148.68,173.46,198.24,223.02,247.8,ShowDailyK_ChartFlow,FinMind_API_TaiwanStockPrice_6035,True,2026-09-22T15:44:25,2026-09-22T15:44:25,2026-09-22T15:44:25
6035,悠遊卡,2025-07-25,68.0,0.0,0.00%,8.26,,123.9,148.68,173.46,198.24,223.02,247.8,ShowDailyK_ChartFlow,FinMind_API_TaiwanStockPrice_6035,True,2026-09-22T15:44:25,2026-09-22T15:44:25,2026-09-22T15:44:25
6035,悠遊卡,2025-07-28,69.1,1.0999999999999943,1.62%,8.26,,123.9,148.68,173.46,198.24,223.02,247.8,ShowDailyK_ChartFlow,FinMind_API_TaiwanStockPrice_6035,True,2026-09-22T15:44:25,2026-09-22T15:44:25,2026-09-22T15:44:25
6035,悠遊卡,2025-07-29,68.3,-0.7999999999999972,-1.16%,8.26,,123.9,148.68,173.46,198.24,223.02,247.8,ShowDailyK_ChartFlow,FinMind_API_TaiwanStockPrice_6035,True,2026-09-22T15:44:25,2026-09-22T15:44:25,2026-09-22T15:44:25
6035,悠遊卡,2025-07-30,68.0,-0.29999999999999716,-0.44%,8.26,,123.9,148.68,173.46,198.24,223.02,247.8,ShowDailyK_ChartFlow,FinMind_API_TaiwanStockPrice_6035,True,2026-09-22T15:44:25,2026-09-22T15:44:25,2026-09-22T15:44:25
6035,悠遊卡,2025-07-31,69.3,1.2999999999999972,1.91%,8.26,,123.9,148.68,173.46,198.24,223.02,247.8,ShowDailyK_ChartFlow,FinMind_API_TaiwanStockPrice_6035,True,2026-09-22T15:44:25,2026-09-22T15:44:25,2026-09-22T15:44:25
6035,悠遊卡,2025-08-01,69.3,0.0,0.00%,8.26,,123.9,148.68,173.46,198.24,223.02,247.8,ShowDailyK_ChartFlow,FinMind_API_TaiwanStockPrice_6035,True,2026-09-22T15:44:25,2026-09-22T15:44:25,2026-09-22T15:44:25
6035,悠遊卡,2025-08-04,69.4,0.10000000000000853,0.14%,8.26,,123.9,148.68,173.46,198.24,223.02,247.8,ShowDailyK_ChartFlow,FinMind_API_TaiwanStockPrice_6035,True,2026-09-22T15:44:25,2026-09-22T15:44:25,2026-09-22T15:44:25
6035,悠遊卡,2025-08-05,68.0,-1.4000000000000057,-2.02%,8.26,,123.9,148.68,173.46,198.24,223.02,247.8,ShowDailyK_ChartFlow,FinMind_API_TaiwanStockPrice_6035,True,2026-09-22T15:44:25,2026-09-22T15:44:25,2026-09-22T15:44:25
6035,悠遊卡,2025-08-06,67.5,-0.5,-0.74%,8.26,,123.9,148.68,173.46,198.24,223.02,247.8,ShowDailyK_ChartFlow,FinMind_API_TaiwanStockPrice_6035,True,2026-09-22T15:44:25,2026-09-22T15:44:25,2026-09-22T15:44:25
6035,悠遊卡,2025-08-07,67.3,-0.20000000000000284,-0.30%,8.26,,123.9,148.68,173.46,198.24,223.02,247.8,ShowDailyK_ChartFlow,FinMind_API_TaiwanStockPrice_6035,True,2026-09-22T15:44:25,2026-09-22T15:44:25,2026-09-22T15:44:25
6035,悠遊卡,2025-08-08,67.5,0.20000000000000284,0.30%,8.26,,123.9,148.68,173.46,198.24,223.02,247.8,ShowDailyK_ChartFlow,FinMind_API_TaiwanStockPrice_6035,True,2026-09-22T15:44:25,2026-09-22T15:44:25,2026-09-22T15:44:25
6035,悠遊卡,2025-08-11,67.0,-0.5,-0.74%,8.26,,123.9,148.68,173.46,198.24,223.02,247.8,ShowDailyK_ChartFlow,FinMind_API_TaiwanStockPrice_6035,True,2026-09-22T15:44:25,2026-09-22T15:44:25,2026-09-22T15:44:25
6035,悠遊卡,2025-08-12,67.1,0.09999999999999432,0.15%,8.26,,123.9,148.68,173.46,198.24,223.02,247.8,ShowDailyK_ChartFlow,FinMind_API_TaiwanStockPrice_6035,True,2026-09-22T15:44:25,2026-09-22T15:44:25,2026-09-22T15:44:25
6035,悠遊卡,2025-08-13,67.8,0.7000000000000028,1.04%,8.26,,123.9,148.68,173.46,198.24,223.02,247.8,ShowDailyK_ChartFlow,FinMind_API_TaiwanStockPrice_6035,True,2026-09-22T15:44:25,2026-09-22T15:44:25,2026-09-22T15:44:25
6035,悠遊卡,2025-08-14,66.9,-0.8999999999999915,-1.33%,8.26,,123.9,148.68,173.46,198.24,223.02,247.8,ShowDailyK_ChartFlow,FinMind_API_TaiwanStockPrice_6035,True,2026-09-22T15:44:25,2026-09-22T15:44:25,2026-09-22T15:44:25
6035,悠遊卡,2025-08-15,66.9,0.0,0.00%,8.26,,123.9,148.68,173.46,198.24,223.02,247.8,ShowDailyK_ChartFlow,FinMind_API_TaiwanStockPrice_6035,True,2026-09-22T15:44:25,2026-09-22T15:44:25,2026-09-22T15:44:25
6035,悠遊卡,2025-08-18,67.2,0.29999999999999716,0.45%,8.26,,123.9,148.68,173.46,198.24,223.02,247.8,ShowDailyK_ChartFlow,FinMind_API_TaiwanStockPrice_6035,True,2026-09-22T15:44:25,2026-09-22T15:44:25,2026-09-22T15:44:25
6035,悠遊卡,2025-08-19,66.6,-0.6000000000000085,-0.89%,8.26,,123.9,148.68,173.46,198.24,223.02,247.8,ShowDailyK_ChartFlow,FinMind_API_TaiwanStockPrice_6035,True,2026-09-22T15:44:25,2026-09-22T15:44:25,2026-09-22T15:44:25
6035,悠遊卡,2025-08-20,66.9,0.30000000000001137,0.45%,8.26,,123.9,148.68,173.46,198.24,223.02,247.8,ShowDailyK_ChartFlow,FinMind_API_TaiwanStockPrice_6035,True,2026-09-22T15:44:25,2026-09-22T15:44:25,2026-09-22T15:44:25
6035,悠遊卡,2025-08-21,66.0,-0.9000000000000057,-1.35%,8.26,,123.9,148.68,173.46,198.24,223.02,247.8,ShowDailyK_ChartFlow,FinMind_API_TaiwanStockPrice_6035,True,2026-09-22T15:44:25,2026-09-22T15:44:25,2026-09-22T15:44:25
6035,悠遊卡,2025-08-22,66.2,0.20000000000000284,0.30%,8.26,,123.9,148.68,173.46,198.24,223.02,247.8,ShowDailyK_ChartFlow,FinMind_API_TaiwanStockPrice_6035,True,2026-09-22T15:44:25,2026-09-22T15:44:25,2026-09-22T15:44:25
6035,悠遊卡,2025-08-25,64.7,-1.5,-2.27%,8.26,,123.9,148.68,173.46,198.24,223.02,247.8,ShowDailyK_ChartFlow,FinMind_API_TaiwanStockPrice_6035,True,2026-09-22T15:44:25,2026-09-22T15:44:25,2026-09-22T15:44:25
6035,悠遊卡,2025-08-26,66.1,1.3999999999999915,2.16%,8.26,,123.9,148.68,173.46,198.24,223.02,247.8,ShowDailyK_ChartFlow,FinMind_API_TaiwanStockPrice_6035,True,2026-09-22T15:44:25,2026-09-22T15:44:25,2026-09-22T15:44:25
6035,悠遊卡,2025-08-27,66.1,0.0,0.00%,8.26,,123.9,148.68,173.46,198.24,223.02,247.8,ShowDailyK_ChartFlow,FinMind_API_TaiwanStockPrice_6035,True,2026-09-22T15:44:25,2026-09-22T15:44:25,2026-09-22T15:44:25
6035,悠遊卡,2025-08-28,65.8,-0.29999999999999716,-0.45%,8.26,,123.9,148.68,173.46,198.24,223.02,247.8,ShowDailyK_ChartFlow,FinMind_API_TaiwanStockPrice_6035,True,2026-09-22T15:44:25,2026-09-22T15:44:25,2026-09-22T15:44:25
6035,悠遊卡,2025-08-29,66.3,0.5,0.76%,8.26,,123.9,148.68,173.46,198.24,223.02,247.8,ShowDailyK_ChartFlow,FinMind_API_TaiwanStockPrice_6035,True,2026-09-22T15:44:25,2026-09-22T15:44:25,2026-09-22T15:44:25
6035,悠遊卡,2025-09-01,66.3,0.0,0.00%,8.26,,123.9,148.68,173.46,198.24,223.02,247.8,ShowDailyK_ChartFlow,FinMind_API_TaiwanStockPrice_6035,True,2026-09-22T15:44:25,2026-09-22T15:44:25,2026-09-22T15:44:25
6035,悠遊卡,2025-09-02,65.8,-0.5,-0.75%,8.26,,123.9,148.68,173.46,198.24,223.02,247.8,ShowDailyK_ChartFlow,FinMind_API_TaiwanStockPrice_6035,True,2026-09-22T15:44:25,2026-09-22T15:44:25,2026-09-22T15:44:25
6035,悠遊卡,2025-09-03,65.8,0.0,0.00%,8.26,,123.9,148.68,173.46,198.24,223.02,247.8,ShowDailyK_ChartFlow,FinMind_API_TaiwanStockPrice_6035,True,2026-09-22T15:44:25,2026-09-22T15:44:25,2026-09-22T15:44:25
6035,悠遊卡,2025-09-04,65.6,-0.20000000000000284,-0.30%,8.26,,123.9,148.68,173.46,198.24,223.02,247.8,ShowDailyK_ChartFlow,FinMind_API_TaiwanStockPrice_6035,True,2026-09-22T15:44:25,2026-09-22T15:44:25,2026-09-22T15:44:25
6035,悠遊卡,2025-09-05,64.9,-0.6999999999999886,-1.07%,8.26,,123.9,148.68,173.46,198.24,223.02,247.8,ShowDailyK_ChartFlow,FinMind_API_TaiwanStockPrice_6035,True,2026-09-22T15:44:25,2026-09-22T15:44:25,2026-09-22T15:44:25
6035,悠遊卡,2025-09-08,66.0,1.0999999999999943,1.69%,8.26,,123.9,148.68,173.46,198.24,223.02,247.8,ShowDailyK_ChartFlow,FinMind_API_TaiwanStockPrice_6035,True,2026-09-22T15:44:25,2026-09-22T15:44:25,2026-09-22T15:44:25
6035,悠遊卡,2025-09-09,65.5,-0.5,-0.76%,8.26,,123.9,148.68,173.46,198.24,223.02,247.8,ShowDailyK_ChartFlow,FinMind_API_TaiwanStockPrice_6035,True,2026-09-22T15:44:25,2026-09-22T15:44:25,2026-09-22T15:44:25
6035,悠遊卡,2025-09-10,66.3,0.7999999999999972,1.22%,8.26,,123.9,148.68,173.46,198.24,223.02,247.8,ShowDailyK_ChartFlow,FinMind_API_TaiwanStockPrice_6035,True,2026-09-22T15:44:25,2026-09-22T15:44:25,2026-09-22T15:44:25
6035,悠遊卡,2025-09-11,65.8,-0.5,-0.75%,8.26,,123.9,148.68,173.46,198.24,223.02,247.8,ShowDailyK_ChartFlow,FinMind_API_TaiwanStockPrice_6035,True,2026-09-22T15:44:25,2026-09-22T15:44:25,2026-09-22T15:44:25
6035,悠遊卡,2025-09-12,65.5,-0.29999999999999716,-0.46%,8.26,,123.9,148.68,173.46,198.24,223.02,247.8,ShowDailyK_ChartFlow,FinMind_API_TaiwanStockPrice_6035,True,2026-09-22T15:44:25,2026-09-22T15:44:25,2026-09-22T15:44:25
6035,悠遊卡,2025-09-15,65.9,0.4000000000000057,0.61%,8.26,,123.9,148.68,173.46,198.24,223.02,247.8,ShowDailyK_ChartFlow,FinMind_API_TaiwanStockPrice_6035,True,2026-09-22T15:44:25,2026-09-22T15:44:25,2026-09-22T15:44:25
6035,悠遊卡,2025-09-16,64.4,-1.5,-2.28%,8.26,,123.9,148.68,173.46,198.24,223.02,247.8,ShowDailyK_ChartFlow,FinMind_API_TaiwanStockPrice_6035,True,2026-09-22T15:44:25,2026-09-22T15:44:25,2026-09-22T15:44:25
6035,悠遊卡,2025-09-17,63.9,-0.5000000000000071,-0.78%,8.26,,123.9,148.68,173.46,198.24,223.02,247.8,ShowDailyK_ChartFlow,FinMind_API_TaiwanStockPrice_6035,True,2026-09-22T15:44:25,2026-09-22T15:44:25,2026-09-22T15:44:25
6035,悠遊卡,2025-09-18,65.3,1.3999999999999986,2.19%,8.26,,123.9,148.68,173.46,198.24,223.02,247.8,ShowDailyK_ChartFlow,FinMind_API_TaiwanStockPrice_6035,True,2026-09-22T15:44:25,2026-09-22T15:44:25,2026-09-22T15:44:25
6035,悠遊卡,2025-09-19,65.5,0.20000000000000284,0.31%,8.26,,123.9,148.68,173.46,198.24,223.02,247.8,ShowDailyK_ChartFlow,FinMind_API_TaiwanStockPrice_6035,True,2026-09-22T15:44:25,2026-09-22T15:44:25,2026-09-22T15:44:25
6035,悠遊卡,2025-09-22,66.7,1.2000000000000028,1.83%,8.26,,123.9,148.68,173.46,198.24,223.02,247.8,ShowDailyK_ChartFlow,FinMind_API_TaiwanStockPrice_6035,True,2026-09-22T15:44:25,2026-09-22T15:44:25,2026-09-22T15:44:25
6035,悠遊卡,2025-09-23,65.0,-1.7000000000000028,-2.55%,8.26,,123.9,148.68,173.46,198.24,223.02,247.8,ShowDailyK_ChartFlow,FinMind_API_TaiwanStockPrice_6035,True,2026-09-22T15:44:25,2026-09-22T15:44:25,2026-09-22T15:44:25
6035,悠遊卡,2025-09-24,65.0,0.0,0.00%,8.26,,123.9,148.68,173.46,198.24,223.02,247.8,ShowDailyK_ChartFlow,FinMind_API_TaiwanStockPrice_6035,True,2026-09-22T15:44:25,2026-09-22T15:44:25,2026-09-22T15:44:25
6035,悠遊卡,2025-09-25,65.1,0.09999999999999432,0.15%,8.26,,123.9,148.68,173.46,198.24,223.02,247.8,ShowDailyK_ChartFlow,FinMind_API_TaiwanStockPrice_6035,True,2026-09-22T15:44:25,2026-09-22T15:44:25,2026-09-22T15:44:25
6035,悠遊卡,2025-09-26,65.1,0.0,0.00%,8.26,,123.9,148.68,173.46,198.24,223.02,247.8,ShowDailyK_ChartFlow,FinMind_API_TaiwanStockPrice_6035,True,2026-09-22T15:44:25,2026-09-22T15:44:25,2026-09-22T15:44:25
6035,悠遊卡,2025-09-30,65.5,0.4000000000000057,0.61%,8.26,,123.9,148.68,173.46,198.24,223.02,247.8,ShowDailyK_ChartFlow,FinMind_API_TaiwanStockPrice_6035,True,2026-09-22T15:44:25,2026-09-22T15:44:25,2026-09-22T15:44:25
6035,悠遊卡,2025-10-01,67.0,1.5,2.29%,8.26,,123.9,148.68,173.46,198.24,223.02,247.8,ShowDailyK_ChartFlow,FinMind_API_TaiwanStockPrice_6035,True,2026-09-22T15:44:25,2026-09-22T15:44:25,2026-09-22T15:44:25
6035,悠遊卡,2025-10-02,65.3,-1.7000000000000028,-2.54%,8.26,,123.9,148.68,173.46,198.24,223.02,247.8,ShowDailyK_ChartFlow,FinMind_API_TaiwanStockPrice_6035,True,2026-09-22T15:44:25,2026-09-22T15:44:25,2026-09-22T15:44:25
6035,悠遊卡,2025-10-03,65.0,-0.29999999999999716,-0.46%,8.26,,123.9,148.68,173.46,198.24,223.02,247.8,ShowDailyK_ChartFlow,FinMind_API_TaiwanStockPrice_6035,True,2026-09-22T15:44:25,2026-09-22T15:44:25,2026-09-22T15:44:25
6035,悠遊卡,2025-10-07,65.8,0.7999999999999972,1.23%,8.26,,123.9,148.68,173.46,198.24,223.02,247.8,ShowDailyK_ChartFlow,FinMind_API_TaiwanStockPrice_6035,True,2026-09-22T15:44:25,2026-09-22T15:44:25,2026-09-22T15:44:25
6035,悠遊卡,2025-10-08,65.7,-0.09999999999999432,-0.15%,8.26,,123.9,148.68,173.46,198.24,223.02,247.8,ShowDailyK_ChartFlow,FinMind_API_TaiwanStockPrice_6035,True,2026-09-22T15:44:25,2026-09-22T15:44:25,2026-09-22T15:44:25
6035,悠遊卡,2025-10-09,65.5,-0.20000000000000284,-0.30%,8.26,,123.9,148.68,173.46,198.24,223.02,247.8,ShowDailyK_ChartFlow,FinMind_API_TaiwanStockPrice_6035,True,2026-09-22T15:44:25,2026-09-22T15:44:25,2026-09-22T15:44:25
6035,悠遊卡,2025-10-13,65.7,0.20000000000000284,0.31%,8.26,,123.9,148.68,173.46,198.24,223.02,247.8,ShowDailyK_ChartFlow,FinMind_API_TaiwanStockPrice_6035,True,2026-09-22T15:44:25,2026-09-22T15:44:25,2026-09-22T15:44:25
6035,悠遊卡,2025-10-14,63.7,-2.0,-3.04%,8.26,,123.9,148.68,173.46,198.24,223.02,247.8,ShowDailyK_ChartFlow,FinMind_API_TaiwanStockPrice_6035,True,2026-09-22T15:44:25,2026-09-22T15:44:25,2026-09-22T15:44:25
6035,悠遊卡,2025-10-15,65.8,2.0999999999999943,3.30%,8.26,,123.9,148.68,173.46,198.24,223.02,247.8,ShowDailyK_ChartFlow,FinMind_API_TaiwanStockPrice_6035,True,2026-09-22T15:44:25,2026-09-22T15:44:25,2026-09-22T15:44:25
6035,悠遊卡,2025-10-16,65.7,-0.09999999999999432,-0.15%,8.26,,123.9,148.68,173.46,198.24,223.02,247.8,ShowDailyK_ChartFlow,FinMind_API_TaiwanStockPrice_6035,True,2026-09-22T15:44:25,2026-09-22T15:44:25,2026-09-22T15:44:25
6035,悠遊卡,2025-10-17,65.2,-0.5,-0.76%,8.26,,123.9,148.68,173.46,198.24,223.02,247.8,ShowDailyK_ChartFlow,FinMind_API_TaiwanStockPrice_6035,True,2026-09-22T15:44:25,2026-09-22T15:44:25,2026-09-22T15:44:25
6035,悠遊卡,2025-10-20,65.2,0.0,0.00%,8.26,,123.9,148.68,173.46,198.24,223.02,247.8,ShowDailyK_ChartFlow,FinMind_API_TaiwanStockPrice_6035,True,2026-09-22T15:44:25,2026-09-22T15:44:25,2026-09-22T15:44:25
6035,悠遊卡,2025-10-21,64.5,-0.7000000000000028,-1.07%,8.26,,123.9,148.68,173.46,198.24,223.02,247.8,ShowDailyK_ChartFlow,FinMind_API_TaiwanStockPrice_6035,True,2026-09-22T15:44:25,2026-09-22T15:44:25,2026-09-22T15:44:25
6035,悠遊卡,2025-10-22,65.9,1.4000000000000057,2.17%,8.26,,123.9,148.68,173.46,198.24,223.02,247.8,ShowDailyK_ChartFlow,FinMind_API_TaiwanStockPrice_6035,True,2026-09-22T15:44:25,2026-09-22T15:44:25,2026-09-22T15:44:25
6035,悠遊卡,2025-10-23,65.9,0.0,0.00%,8.26,,123.9,148.68,173.46,198.24,223.02,247.8,ShowDailyK_ChartFlow,FinMind_API_TaiwanStockPrice_6035,True,2026-09-22T15:44:25,2026-09-22T15:44:25,2026-09-22T15:44:25
6035,悠遊卡,2025-10-27,63.0,-2.9000000000000057,-4.40%,8.26,,123.9,148.68,173.46,198.24,223.02,247.8,ShowDailyK_ChartFlow,FinMind_API_TaiwanStockPrice_6035,True,2026-09-22T15:44:25,2026-09-22T15:44:25,2026-09-22T15:44:25
6035,悠遊卡,2025-10-28,63.0,0.0,0.00%,8.26,,123.9,148.68,173.46,198.24,223.02,247.8,ShowDailyK_ChartFlow,FinMind_API_TaiwanStockPrice_6035,True,2026-09-22T15:44:25,2026-09-22T15:44:25,2026-09-22T15:44:25
6035,悠遊卡,2025-10-29,63.9,0.8999999999999986,1.43%,8.26,,123.9,148.68,173.46,198.24,223.02,247.8,ShowDailyK_ChartFlow,FinMind_API_TaiwanStockPrice_6035,True,2026-09-22T15:44:25,2026-09-22T15:44:25,2026-09-22T15:44:25
6035,悠遊卡,2025-10-30,63.9,0.0,0.00%,8.26,,123.9,148.68,173.46,198.24,223.02,247.8,ShowDailyK_ChartFlow,FinMind_API_TaiwanStockPrice_6035,True,2026-09-22T15:44:25,2026-09-22T15:44:25,2026-09-22T15:44:25
6035,悠遊卡,2025-10-31,65.4,1.500000000000007,2.35%,8.26,,123.9,148.68,173.46,198.24,223.02,247.8,ShowDailyK_ChartFlow,FinMind_API_TaiwanStockPrice_6035,True,2026-09-22T15:44:25,2026-09-22T15:44:25,2026-09-22T15:44:25
6035,悠遊卡,2025-11-03,62.7,-2.700000000000003,-4.13%,8.26,,123.9,148.68,173.46,198.24,223.02,247.8,ShowDailyK_ChartFlow,FinMind_API_TaiwanStockPrice_6035,True,2026-09-22T15:44:25,2026-09-22T15:44:25,2026-09-22T15:44:25
6035,悠遊卡,2025-11-04,63.0,0.29999999999999716,0.48%,8.26,,123.9,148.68,173.46,198.24,223.02,247.8,ShowDailyK_ChartFlow,FinMind_API_TaiwanStockPrice_6035,True,2026-09-22T15:44:25,2026-09-22T15:44:25,2026-09-22T15:44:25
6035,悠遊卡,2025-11-05,63.6,0.6000000000000014,0.95%,8.26,,123.9,148.68,173.46,198.24,223.02,247.8,ShowDailyK_ChartFlow,FinMind_API_TaiwanStockPrice_6035,True,2026-09-22T15:44:25,2026-09-22T15:44:25,2026-09-22T15:44:25
6035,悠遊卡,2025-11-06,64.9,1.3000000000000043,2.04%,8.26,,123.9,148.68,173.46,198.24,223.02,247.8,ShowDailyK_ChartFlow,FinMind_API_TaiwanStockPrice_6035,True,2026-09-22T15:44:25,2026-09-22T15:44:25,2026-09-22T15:44:25
6035,悠遊卡,2025-11-07,62.1,-2.8000000000000043,-4.31%,8.26,,123.9,148.68,173.46,198.24,223.02,247.8,ShowDailyK_ChartFlow,FinMind_API_TaiwanStockPrice_6035,True,2026-09-22T15:44:25,2026-09-22T15:44:25,2026-09-22T15:44:25
6035,悠遊卡,2025-11-10,61.3,-0.8000000000000043,-1.29%,8.26,,123.9,148.68,173.46,198.24,223.02,247.8,ShowDailyK_ChartFlow,FinMind_API_TaiwanStockPrice_6035,True,2026-09-22T15:44:25,2026-09-22T15:44:25,2026-09-22T15:44:25
6035,悠遊卡,2025-11-11,62.0,0.7000000000000028,1.14%,8.26,,123.9,148.68,173.46,198.24,223.02,247.8,ShowDailyK_ChartFlow,FinMind_API_TaiwanStockPrice_6035,True,2026-09-22T15:44:25,2026-09-22T15:44:25,2026-09-22T15:44:25
6035,悠遊卡,2025-11-12,63.5,1.5,2.42%,8.26,,123.9,148.68,173.46,198.24,223.02,247.8,ShowDailyK_ChartFlow,FinMind_API_TaiwanStockPrice_6035,True,2026-09-22T15:44:25,2026-09-22T15:44:25,2026-09-22T15:44:25
6035,悠遊卡,2025-11-13,63.9,0.3999999999999986,0.63%,8.26,,123.9,148.68,173.46,198.24,223.02,247.8,ShowDailyK_ChartFlow,FinMind_API_TaiwanStockPrice_6035,True,2026-09-22T15:44:25,2026-09-22T15:44:25,2026-09-22T15:44:25
6035,悠遊卡,2025-11-14,63.9,0.0,0.00%,8.26,,123.9,148.68,173.46,198.24,223.02,247.8,ShowDailyK_ChartFlow,FinMind_API_TaiwanStockPrice_6035,True,2026-09-22T15:44:25,2026-09-22T15:44:25,2026-09-22T15:44:25
6035,悠遊卡,2025-11-17,63.3,-0.6000000000000014,-0.94%,8.26,,123.9,148.68,173.46,198.24,223.02,247.8,ShowDailyK_ChartFlow,FinMind_API_TaiwanStockPrice_6035,True,2026-09-22T15:44:25,2026-09-22T15:44:25,2026-09-22T15:44:25
6035,悠遊卡,2025-11-18,63.8,0.5,0.79%,8.26,,123.9,148.68,173.46,198.24,223.02,247.8,ShowDailyK_ChartFlow,FinMind_API_TaiwanStockPrice_6035,True,2026-09-22T15:44:25,2026-09-22T15:44:25,2026-09-22T15:44:25
6035,悠遊卡,2025-11-19,63.8,0.0,0.00%,8.26,,123.9,148.68,173.46,198.24,223.02,247.8,ShowDailyK_ChartFlow,FinMind_API_TaiwanStockPrice_6035,True,2026-09-22T15:44:25,2026-09-22T15:44:25,2026-09-22T15:44:25
6035,悠遊卡,2025-11-20,63.1,-0.6999999999999957,-1.10%,8.26,,123.9,148.68,173.46,198.24,223.02,247.8,ShowDailyK_ChartFlow,FinMind_API_TaiwanStockPrice_6035,True,2026-09-22T15:44:25,2026-09-22T15:44:25,2026-09-22T15:44:25
6035,悠遊卡,2025-11-21,63.6,0.5,0.79%,8.26,,123.9,148.68,173.46,198.24,223.02,247.8,ShowDailyK_ChartFlow,FinMind_API_TaiwanStockPrice_6035,True,2026-09-22T15:44:25,2026-09-22T15:44:25,2026-09-22T15:44:25
6035,悠遊卡,2025-11-24,64.2,0.6000000000000014,0.94%,8.26,,123.9,148.68,173.46,198.24,223.02,247.8,ShowDailyK_ChartFlow,FinMind_API_TaiwanStockPrice_6035,True,2026-09-22T15:44:25,2026-09-22T15:44:25,2026-09-22T15:44:25
6035,悠遊卡,2025-11-25,63.8,-0.4000000000000057,-0.62%,8.26,,123.9,148.68,173.46,198.24,223.02,247.8,ShowDailyK_ChartFlow,FinMind_API_TaiwanStockPrice_6035,True,2026-09-22T15:44:25,2026-09-22T15:44:25,2026-09-22T15:44:25
6035,悠遊卡,2025-11-26,65.9,2.1000000000000085,3.29%,8.26,,123.9,148.68,173.46,198.24,223.02,247.8,ShowDailyK_ChartFlow,FinMind_API_TaiwanStockPrice_6035,True,2026-09-22T15:44:25,2026-09-22T15:44:25,2026-09-22T15:44:25
6035,悠遊卡,2025-11-27,65.9,0.0,0.00%,8.26,,123.9,148.68,173.46,198.24,223.02,247.8,ShowDailyK_ChartFlow,FinMind_API_TaiwanStockPrice_6035,True,2026-09-22T15:44:25,2026-09-22T15:44:25,2026-09-22T15:44:25
6035,悠遊卡,2025-11-28,64.6,-1.3000000000000114,-1.97%,8.26,,123.9,148.68,173.46,198.24,223.02,247.8,ShowDailyK_ChartFlow,FinMind_API_TaiwanStockPrice_6035,True,2026-09-22T15:44:25,2026-09-22T15:44:25,2026-09-22T15:44:25
6035,悠遊卡,2025-12-01,64.0,-0.5999999999999943,-0.93%,8.26,,123.9,148.68,173.46,198.24,223.02,247.8,ShowDailyK_ChartFlow,FinMind_API_TaiwanStockPrice_6035,True,2026-09-22T15:44:25,2026-09-22T15:44:25,2026-09-22T15:44:25
6035,悠遊卡,2025-12-02,66.2,2.200000000000003,3.44%,8.26,,123.9,148.68,173.46,198.24,223.02,247.8,ShowDailyK_ChartFlow,FinMind_API_TaiwanStockPrice_6035,True,2026-09-22T15:44:25,2026-09-22T15:44:25,2026-09-22T15:44:25
6035,悠遊卡,2025-12-03,63.1,-3.1000000000000014,-4.68%,8.26,,123.9,148.68,173.46,198.24,223.02,247.8,ShowDailyK_ChartFlow,FinMind_API_TaiwanStockPrice_6035,True,2026-09-22T15:44:25,2026-09-22T15:44:25,2026-09-22T15:44:25
6035,悠遊卡,2025-12-04,66.1,2.999999999999993,4.75%,8.26,,123.9,148.68,173.46,198.24,223.02,247.8,ShowDailyK_ChartFlow,FinMind_API_TaiwanStockPrice_6035,True,2026-09-22T15:44:25,2026-09-22T15:44:25,2026-09-22T15:44:25
6035,悠遊卡,2025-12-05,66.2,0.10000000000000853,0.15%,8.26,,123.9,148.68,173.46,198.24,223.02,247.8,ShowDailyK_ChartFlow,FinMind_API_TaiwanStockPrice_6035,True,2026-09-22T15:44:25,2026-09-22T15:44:25,2026-09-22T15:44:25
6035,悠遊卡,2025-12-08,66.2,0.0,0.00%,8.26,,123.9,148.68,173.46,198.24,223.02,247.8,ShowDailyK_ChartFlow,FinMind_API_TaiwanStockPrice_6035,True,2026-09-22T15:44:25,2026-09-22T15:44:25,2026-09-22T15:44:25
6035,悠遊卡,2025-12-09,66.2,0.0,0.00%,8.26,,123.9,148.68,173.46,198.24,223.02,247.8,ShowDailyK_ChartFlow,FinMind_API_TaiwanStockPrice_6035,True,2026-09-22T15:44:25,2026-09-22T15:44:25,2026-09-22T15:44:25
6035,悠遊卡,2025-12-10,66.2,0.0,0.00%,8.26,,123.9,148.68,173.46,198.24,223.02,247.8,ShowDailyK_ChartFlow,FinMind_API_TaiwanStockPrice_6035,True,2026-09-22T15:44:25,2026-09-22T15:44:25,2026-09-22T15:44:25
6035,悠遊卡,2025-12-11,63.9,-2.3000000000000043,-3.47%,8.26,,123.9,148.68,173.46,198.24,223.02,247.8,ShowDailyK_ChartFlow,FinMind_API_TaiwanStockPrice_6035,True,2026-09-22T15:44:25,2026-09-22T15:44:25,2026-09-22T15:44:25
6035,悠遊卡,2025-12-12,63.0,-0.8999999999999986,-1.41%,8.26,,123.9,148.68,173.46,198.24,223.02,247.8,ShowDailyK_ChartFlow,FinMind_API_TaiwanStockPrice_6035,True,2026-09-22T15:44:25,2026-09-22T15:44:25,2026-09-22T15:44:25
6035,悠遊卡,2025-12-15,61.0,-2.0,-3.17%,8.26,,123.9,148.68,173.46,198.24,223.02,247.8,ShowDailyK_ChartFlow,FinMind_API_TaiwanStockPrice_6035,True,2026-09-22T15:44:25,2026-09-22T15:44:25,2026-09-22T15:44:25
6035,悠遊卡,2025-12-16,61.0,0.0,0.00%,8.26,,123.9,148.68,173.46,198.24,223.02,247.8,ShowDailyK_ChartFlow,FinMind_API_TaiwanStockPrice_6035,True,2026-09-22T15:44:25,2026-09-22T15:44:25,2026-09-22T15:44:25
6035,悠遊卡,2025-12-17,61.2,0.20000000000000284,0.33%,8.26,,123.9,148.68,173.46,198.24,223.02,247.8,ShowDailyK_ChartFlow,FinMind_API_TaiwanStockPrice_6035,True,2026-09-22T15:44:25,2026-09-22T15:44:25,2026-09-22T15:44:25
6035,悠遊卡,2025-12-18,60.5,-0.7000000000000028,-1.14%,8.26,,123.9,148.68,173.46,198.24,223.02,247.8,ShowDailyK_ChartFlow,FinMind_API_TaiwanStockPrice_6035,True,2026-09-22T15:44:25,2026-09-22T15:44:25,2026-09-22T15:44:25
6035,悠遊卡,2025-12-19,59.8,-0.7000000000000028,-1.16%,8.26,,123.9,148.68,173.46,198.24,223.02,247.8,ShowDailyK_ChartFlow,FinMind_API_TaiwanStockPrice_6035,True,2026-09-22T15:44:25,2026-09-22T15:44:25,2026-09-22T15:44:25
6035,悠遊卡,2025-12-22,58.9,-0.8999999999999986,-1.51%,8.26,,123.9,148.68,173.46,198.24,223.02,247.8,ShowDailyK_ChartFlow,FinMind_API_TaiwanStockPrice_6035,True,2026-09-22T15:44:25,2026-09-22T15:44:25,2026-09-22T15:44:25
6035,悠遊卡,2025-12-23,59.0,0.10000000000000142,0.17%,8.26,,123.9,148.68,173.46,198.24,223.02,247.8,ShowDailyK_ChartFlow,FinMind_API_TaiwanStockPrice_6035,True,2026-09-22T15:44:25,2026-09-22T15:44:25,2026-09-22T15:44:25
6035,悠遊卡,2025-12-24,60.9,1.8999999999999986,3.22%,8.26,,123.9,148.68,173.46,198.24,223.02,247.8,ShowDailyK_ChartFlow,FinMind_API_TaiwanStockPrice_6035,True,2026-09-22T15:44:25,2026-09-22T15:44:25,2026-09-22T15:44:25
6035,悠遊卡,2025-12-26,60.9,0.0,0.00%,8.26,,123.9,148.68,173.46,198.24,223.02,247.8,ShowDailyK_ChartFlow,FinMind_API_TaiwanStockPrice_6035,True,2026-09-22T15:44:25,2026-09-22T15:44:25,2026-09-22T15:44:25
6035,悠遊卡,2025-12-29,60.9,0.0,0.00%,8.26,,123.9,148.68,173.46,198.24,223.02,247.8,ShowDailyK_ChartFlow,FinMind_API_TaiwanStockPrice_6035,True,2026-09-22T15:44:25,2026-09-22T15:44:25,2026-09-22T15:44:25
6035,悠遊卡,2025-12-30,59.9,-1.0,-1.64%,8.26,,123.9,148.68,173.46,198.24,223.02,247.8,ShowDailyK_ChartFlow,FinMind_API_TaiwanStockPrice_6035,True,2026-09-22T15:44:25,2026-09-22T15:44:25,2026-09-22T15:44:25
6035,悠遊卡,2025-12-31,59.4,-0.5,-0.83%,10.59,,158.85,190.62,222.39,254.16,285.93,317.7,ShowDailyK_ChartFlow,FinMind_API_TaiwanStockPrice_6035,True,2026-09-22T15:44:25,2026-09-22T15:44:25,2026-09-22T15:44:25
6035,悠遊卡,2026-01-02,58.5,-0.8999999999999986,-1.52%,10.59,,158.85,190.62,222.39,254.16,285.93,317.7,ShowDailyK_ChartFlow,FinMind_API_TaiwanStockPrice_6035,True,2026-09-22T15:44:25,2026-09-22T15:44:25,2026-09-22T15:44:25
6035,悠遊卡,2026-01-05,58.3,-0.20000000000000284,-0.34%,10.59,,158.85,190.62,222.39,254.16,285.93,317.7,ShowDailyK_ChartFlow,FinMind_API_TaiwanStockPrice_6035,True,2026-09-22T15:44:25,2026-09-22T15:44:25,2026-09-22T15:44:25
6035,悠遊卡,2026-01-06,56.0,-2.299999999999997,-3.95%,10.59,,158.85,190.62,222.39,254.16,285.93,317.7,ShowDailyK_ChartFlow,FinMind_API_TaiwanStockPrice_6035,True,2026-09-22T15:44:25,2026-09-22T15:44:25,2026-09-22T15:44:25
6035,悠遊卡,2026-01-07,52.7,-3.299999999999997,-5.89%,10.59,,158.85,190.62,222.39,254.16,285.93,317.7,ShowDailyK_ChartFlow,FinMind_API_TaiwanStockPrice_6035,True,2026-09-22T15:44:25,2026-09-22T15:44:25,2026-09-22T15:44:25
6035,悠遊卡,2026-01-08,53.2,0.5,0.95%,10.59,,158.85,190.62,222.39,254.16,285.93,317.7,ShowDailyK_ChartFlow,FinMind_API_TaiwanStockPrice_6035,True,2026-09-22T15:44:25,2026-09-22T15:44:25,2026-09-22T15:44:25
6035,悠遊卡,2026-01-09,56.2,3.0,5.64%,10.59,,158.85,190.62,222.39,254.16,285.93,317.7,ShowDailyK_ChartFlow,FinMind_API_TaiwanStockPrice_6035,True,2026-09-22T15:44:25,2026-09-22T15:44:25,2026-09-22T15:44:25
6035,悠遊卡,2026-01-12,56.2,0.0,0.00%,10.59,,158.85,190.62,222.39,254.16,285.93,317.7,ShowDailyK_ChartFlow,FinMind_API_TaiwanStockPrice_6035,True,2026-09-22T15:44:25,2026-09-22T15:44:25,2026-09-22T15:44:25
6035,悠遊卡,2026-01-13,56.1,-0.10000000000000142,-0.18%,10.59,,158.85,190.62,222.39,254.16,285.93,317.7,ShowDailyK_ChartFlow,FinMind_API_TaiwanStockPrice_6035,True,2026-09-22T15:44:25,2026-09-22T15:44:25,2026-09-22T15:44:25
6035,悠遊卡,2026-01-14,56.2,0.10000000000000142,0.18%,10.59,,158.85,190.62,222.39,254.16,285.93,317.7,ShowDailyK_ChartFlow,FinMind_API_TaiwanStockPrice_6035,True,2026-09-22T15:44:25,2026-09-22T15:44:25,2026-09-22T15:44:25
6035,悠遊卡,2026-01-15,56.1,-0.10000000000000142,-0.18%,10.59,,158.85,190.62,222.39,254.16,285.93,317.7,ShowDailyK_ChartFlow,FinMind_API_TaiwanStockPrice_6035,True,2026-09-22T15:44:25,2026-09-22T15:44:25,2026-09-22T15:44:25
6035,悠遊卡,2026-01-16,56.1,0.0,0.00%,10.59,,158.85,190.62,222.39,254.16,285.93,317.7,ShowDailyK_ChartFlow,FinMind_API_TaiwanStockPrice_6035,True,2026-09-22T15:44:25,2026-09-22T15:44:25,2026-09-22T15:44:25
6035,悠遊卡,2026-01-19,55.2,-0.8999999999999986,-1.60%,10.59,,158.85,190.62,222.39,254.16,285.93,317.7,ShowDailyK_ChartFlow,FinMind_API_TaiwanStockPrice_6035,True,2026-09-22T15:44:25,2026-09-22T15:44:25,2026-09-22T15:44:25
6035,悠遊卡,2026-01-20,54.9,-0.30000000000000426,-0.54%,10.59,,158.85,190.62,222.39,254.16,285.93,317.7,ShowDailyK_ChartFlow,FinMind_API_TaiwanStockPrice_6035,True,2026-09-22T15:44:25,2026-09-22T15:44:25,2026-09-22T15:44:25
6035,悠遊卡,2026-01-21,55.1,0.20000000000000284,0.36%,10.59,,158.85,190.62,222.39,254.16,285.93,317.7,ShowDailyK_ChartFlow,FinMind_API_TaiwanStockPrice_6035,True,2026-09-22T15:44:25,2026-09-22T15:44:25,2026-09-22T15:44:25
6035,悠遊卡,2026-01-22,55.2,0.10000000000000142,0.18%,10.59,,158.85,190.62,222.39,254.16,285.93,317.7,ShowDailyK_ChartFlow,FinMind_API_TaiwanStockPrice_6035,True,2026-09-22T15:44:25,2026-09-22T15:44:25,2026-09-22T15:44:25
6035,悠遊卡,2026-01-23,55.4,0.19999999999999574,0.36%,10.59,,158.85,190.62,222.39,254.16,285.93,317.7,ShowDailyK_ChartFlow,FinMind_API_TaiwanStockPrice_6035,True,2026-09-22T15:44:25,2026-09-22T15:44:25,2026-09-22T15:44:25
6035,悠遊卡,2026-01-26,56.9,1.5,2.71%,10.59,,158.85,190.62,222.39,254.16,285.93,317.7,ShowDailyK_ChartFlow,FinMind_API_TaiwanStockPrice_6035,True,2026-09-22T15:44:25,2026-09-22T15:44:25,2026-09-22T15:44:25
6035,悠遊卡,2026-01-27,56.9,0.0,0.00%,10.59,,158.85,190.62,222.39,254.16,285.93,317.7,ShowDailyK_ChartFlow,FinMind_API_TaiwanStockPrice_6035,True,2026-09-22T15:44:25,2026-09-22T15:44:25,2026-09-22T15:44:25
6035,悠遊卡,2026-01-28,56.9,0.0,0.00%,10.59,,158.85,190.62,222.39,254.16,285.93,317.7,ShowDailyK_ChartFlow,FinMind_API_TaiwanStockPrice_6035,True,2026-09-22T15:44:25,2026-09-22T15:44:25,2026-09-22T15:44:25
6035,悠遊卡,2026-01-29,56.9,0.0,0.00%,10.59,,158.85,190.62,222.39,254.16,285.93,317.7,ShowDailyK_ChartFlow,FinMind_API_TaiwanStockPrice_6035,True,2026-09-22T15:44:25,2026-09-22T15:44:25,2026-09-22T15:44:25
6035,悠遊卡,2026-01-30,56.9,0.0,0.00%,10.59,,158.85,190.62,222.39,254.16,285.93,317.7,ShowDailyK_ChartFlow,FinMind_API_TaiwanStockPrice_6035,True,2026-09-22T15:44:25,2026-09-22T15:44:25,2026-09-22T15:44:25
6035,悠遊卡,2026-02-02,54.0,-2.8999999999999986,-5.10%,10.59,,158.85,190.62,222.39,254.16,285.93,317.7,ShowDailyK_ChartFlow,FinMind_API_TaiwanStockPrice_6035,True,2026-09-22T15:44:25,2026-09-22T15:44:25,2026-09-22T15:44:25
6035,悠遊卡,2026-02-03,55.2,1.2000000000000028,2.22%,10.59,,158.85,190.62,222.39,254.16,285.93,317.7,ShowDailyK_ChartFlow,FinMind_API_TaiwanStockPrice_6035,True,2026-09-22T15:44:25,2026-09-22T15:44:25,2026-09-22T15:44:25
6035,悠遊卡,2026-02-04,55.0,-0.20000000000000284,-0.36%,10.59,,158.85,190.62,222.39,254.16,285.93,317.7,ShowDailyK_ChartFlow,FinMind_API_TaiwanStockPrice_6035,True,2026-09-22T15:44:25,2026-09-22T15:44:25,2026-09-22T15:44:25
6035,悠遊卡,2026-02-05,55.0,0.0,0.00%,10.59,,158.85,190.62,222.39,254.16,285.93,317.7,ShowDailyK_ChartFlow,FinMind_API_TaiwanStockPrice_6035,True,2026-09-22T15:44:25,2026-09-22T15:44:25,2026-09-22T15:44:25
6035,悠遊卡,2026-02-06,54.3,-0.7000000000000028,-1.27%,10.59,,158.85,190.62,222.39,254.16,285.93,317.7,ShowDailyK_ChartFlow,FinMind_API_TaiwanStockPrice_6035,True,2026-09-22T15:44:25,2026-09-22T15:44:25,2026-09-22T15:44:25
6035,悠遊卡,2026-02-09,54.4,0.10000000000000142,0.18%,10.59,,158.85,190.62,222.39,254.16,285.93,317.7,ShowDailyK_ChartFlow,FinMind_API_TaiwanStockPrice_6035,True,2026-09-22T15:44:25,2026-09-22T15:44:25,2026-09-22T15:44:25
6035,悠遊卡,2026-02-10,54.0,-0.3999999999999986,-0.74%,10.59,,158.85,190.62,222.39,254.16,285.93,317.7,ShowDailyK_ChartFlow,FinMind_API_TaiwanStockPrice_6035,True,2026-09-22T15:44:25,2026-09-22T15:44:25,2026-09-22T15:44:25
6035,悠遊卡,2026-02-11,54.2,0.20000000000000284,0.37%,10.59,,158.85,190.62,222.39,254.16,285.93,317.7,ShowDailyK_ChartFlow,FinMind_API_TaiwanStockPrice_6035,True,2026-09-22T15:44:25,2026-09-22T15:44:25,2026-09-22T15:44:25
6035,悠遊卡,2026-02-23,54.2,0.0,0.00%,10.59,,158.85,190.62,222.39,254.16,285.93,317.7,ShowDailyK_ChartFlow,FinMind_API_TaiwanStockPrice_6035,True,2026-09-22T15:44:25,2026-09-22T15:44:25,2026-09-22T15:44:25
6035,悠遊卡,2026-02-24,54.1,-0.10000000000000142,-0.18%,10.59,,158.85,190.62,222.39,254.16,285.93,317.7,ShowDailyK_ChartFlow,FinMind_API_TaiwanStockPrice_6035,True,2026-09-22T15:44:25,2026-09-22T15:44:25,2026-09-22T15:44:25
6035,悠遊卡,2026-02-25,53.9,-0.20000000000000284,-0.37%,10.59,,158.85,190.62,222.39,254.16,285.93,317.7,ShowDailyK_ChartFlow,FinMind_API_TaiwanStockPrice_6035,True,2026-09-22T15:44:25,2026-09-22T15:44:25,2026-09-22T15:44:25
6035,悠遊卡,2026-02-26,54.2,0.30000000000000426,0.56%,10.59,,158.85,190.62,222.39,254.16,285.93,317.7,ShowDailyK_ChartFlow,FinMind_API_TaiwanStockPrice_6035,True,2026-09-22T15:44:25,2026-09-22T15:44:25,2026-09-22T15:44:25
6035,悠遊卡,2026-03-02,54.2,0.0,0.00%,10.59,,158.85,190.62,222.39,254.16,285.93,317.7,ShowDailyK_ChartFlow,FinMind_API_TaiwanStockPrice_6035,True,2026-09-22T15:44:25,2026-09-22T15:44:25,2026-09-22T15:44:25
6035,悠遊卡,2026-03-03,54.4,0.19999999999999574,0.37%,10.59,,158.85,190.62,222.39,254.16,285.93,317.7,ShowDailyK_ChartFlow,FinMind_API_TaiwanStockPrice_6035,True,2026-09-22T15:44:25,2026-09-22T15:44:25,2026-09-22T15:44:25
6035,悠遊卡,2026-03-04,53.0,-1.3999999999999986,-2.57%,10.59,,158.85,190.62,222.39,254.16,285.93,317.7,ShowDailyK_ChartFlow,FinMind_API_TaiwanStockPrice_6035,True,2026-09-22T15:44:25,2026-09-22T15:44:25,2026-09-22T15:44:25
6035,悠遊卡,2026-03-05,53.8,0.7999999999999972,1.51%,10.59,,158.85,190.62,222.39,254.16,285.93,317.7,ShowDailyK_ChartFlow,FinMind_API_TaiwanStockPrice_6035,True,2026-09-22T15:44:25,2026-09-22T15:44:25,2026-09-22T15:44:25
6035,悠遊卡,2026-03-06,53.4,-0.3999999999999986,-0.74%,10.59,,158.85,190.62,222.39,254.16,285.93,317.7,ShowDailyK_ChartFlow,FinMind_API_TaiwanStockPrice_6035,True,2026-09-22T15:44:25,2026-09-22T15:44:25,2026-09-22T15:44:25
6035,悠遊卡,2026-03-09,53.4,0.0,0.00%,10.59,,158.85,190.62,222.39,254.16,285.93,317.7,ShowDailyK_ChartFlow,FinMind_API_TaiwanStockPrice_6035,True,2026-09-22T15:44:25,2026-09-22T15:44:25,2026-09-22T15:44:25
6035,悠遊卡,2026-03-10,53.4,0.0,0.00%,10.59,,158.85,190.62,222.39,254.16,285.93,317.7,ShowDailyK_ChartFlow,FinMind_API_TaiwanStockPrice_6035,True,2026-09-22T15:44:25,2026-09-22T15:44:25,2026-09-22T15:44:25
6035,悠遊卡,2026-03-11,52.0,-1.3999999999999986,-2.62%,10.59,,158.85,190.62,222.39,254.16,285.93,317.7,ShowDailyK_ChartFlow,FinMind_API_TaiwanStockPrice_6035,True,2026-09-22T15:44:25,2026-09-22T15:44:25,2026-09-22T15:44:25
6035,悠遊卡,2026-03-12,53.5,1.5,2.88%,10.59,,158.85,190.62,222.39,254.16,285.93,317.7,ShowDailyK_ChartFlow,FinMind_API_TaiwanStockPrice_6035,True,2026-09-22T15:44:25,2026-09-22T15:44:25,2026-09-22T15:44:25
6035,悠遊卡,2026-03-13,52.5,-1.0,-1.87%,10.59,,158.85,190.62,222.39,254.16,285.93,317.7,ShowDailyK_ChartFlow,FinMind_API_TaiwanStockPrice_6035,True,2026-09-22T15:44:25,2026-09-22T15:44:25,2026-09-22T15:44:25
6035,悠遊卡,2026-03-16,52.7,0.20000000000000284,0.38%,10.59,,158.85,190.62,222.39,254.16,285.93,317.7,ShowDailyK_ChartFlow,FinMind_API_TaiwanStockPrice_6035,True,2026-09-22T15:44:25,2026-09-22T15:44:25,2026-09-22T15:44:25
6035,悠遊卡,2026-03-17,52.9,0.19999999999999574,0.38%,10.59,,158.85,190.62,222.39,254.16,285.93,317.7,ShowDailyK_ChartFlow,FinMind_API_TaiwanStockPrice_6035,True,2026-09-22T15:44:25,2026-09-22T15:44:25,2026-09-22T15:44:25
6035,悠遊卡,2026-03-18,53.5,0.6000000000000014,1.13%,10.59,,158.85,190.62,222.39,254.16,285.93,317.7,ShowDailyK_ChartFlow,FinMind_API_TaiwanStockPrice_6035,True,2026-09-22T15:44:25,2026-09-22T15:44:25,2026-09-22T15:44:25
6035,悠遊卡,2026-03-19,53.5,0.0,0.00%,10.59,,158.85,190.62,222.39,254.16,285.93,317.7,ShowDailyK_ChartFlow,FinMind_API_TaiwanStockPrice_6035,True,2026-09-22T15:44:25,2026-09-22T15:44:25,2026-09-22T15:44:25
6035,悠遊卡,2026-03-20,52.5,-1.0,-1.87%,10.59,,158.85,190.62,222.39,254.16,285.93,317.7,ShowDailyK_ChartFlow,FinMind_API_TaiwanStockPrice_6035,True,2026-09-22T15:44:25,2026-09-22T15:44:25,2026-09-22T15:44:25
6035,悠遊卡,2026-03-23,52.7,0.20000000000000284,0.38%,10.59,,158.85,190.62,222.39,254.16,285.93,317.7,ShowDailyK_ChartFlow,FinMind_API_TaiwanStockPrice_6035,True,2026-09-22T15:44:25,2026-09-22T15:44:25,2026-09-22T15:44:25
6035,悠遊卡,2026-03-24,53.0,0.29999999999999716,0.57%,10.59,,158.85,190.62,222.39,254.16,285.93,317.7,ShowDailyK_ChartFlow,FinMind_API_TaiwanStockPrice_6035,True,2026-09-22T15:44:25,2026-09-22T15:44:25,2026-09-22T15:44:25
6035,悠遊卡,2026-03-25,53.2,0.20000000000000284,0.38%,10.59,,158.85,190.62,222.39,254.16,285.93,317.7,ShowDailyK_ChartFlow,FinMind_API_TaiwanStockPrice_6035,True,2026-09-22T15:44:25,2026-09-22T15:44:25,2026-09-22T15:44:25
6035,悠遊卡,2026-03-26,56.2,3.0,5.64%,10.59,,158.85,190.62,222.39,254.16,285.93,317.7,ShowDailyK_ChartFlow,FinMind_API_TaiwanStockPrice_6035,True,2026-09-22T15:44:25,2026-09-22T15:44:25,2026-09-22T15:44:25
6035,悠遊卡,2026-03-27,55.8,-0.4000000000000057,-0.71%,10.59,,158.85,190.62,222.39,254.16,285.93,317.7,ShowDailyK_ChartFlow,FinMind_API_TaiwanStockPrice_6035,True,2026-09-22T15:44:25,2026-09-22T15:44:25,2026-09-22T15:44:25
6035,悠遊卡,2026-03-30,55.4,-0.3999999999999986,-0.72%,10.59,,158.85,190.62,222.39,254.16,285.93,317.7,ShowDailyK_ChartFlow,FinMind_API_TaiwanStockPrice_6035,True,2026-09-22T15:44:25,2026-09-22T15:44:25,2026-09-22T15:44:25
6035,悠遊卡,2026-03-31,54.7,-0.6999999999999957,-1.26%,10.59,,158.85,190.62,222.39,254.16,285.93,317.7,ShowDailyK_ChartFlow,FinMind_API_TaiwanStockPrice_6035,True,2026-09-22T15:44:25,2026-09-22T15:44:25,2026-09-22T15:44:25
6035,悠遊卡,2026-04-01,54.9,0.19999999999999574,0.37%,10.59,,158.85,190.62,222.39,254.16,285.93,317.7,ShowDailyK_ChartFlow,FinMind_API_TaiwanStockPrice_6035,True,2026-09-22T15:44:25,2026-09-22T15:44:25,2026-09-22T15:44:25
6035,悠遊卡,2026-04-02,54.9,0.0,0.00%,10.59,,158.85,190.62,222.39,254.16,285.93,317.7,ShowDailyK_ChartFlow,FinMind_API_TaiwanStockPrice_6035,True,2026-09-22T15:44:25,2026-09-22T15:44:25,2026-09-22T15:44:25
6035,悠遊卡,2026-04-07,53.5,-1.3999999999999986,-2.55%,10.59,,158.85,190.62,222.39,254.16,285.93,317.7,ShowDailyK_ChartFlow,FinMind_API_TaiwanStockPrice_6035,True,2026-09-22T15:44:25,2026-09-22T15:44:25,2026-09-22T15:44:25
6035,悠遊卡,2026-04-08,54.4,0.8999999999999986,1.68%,10.59,,158.85,190.62,222.39,254.16,285.93,317.7,ShowDailyK_ChartFlow,FinMind_API_TaiwanStockPrice_6035,True,2026-09-22T15:44:25,2026-09-22T15:44:25,2026-09-22T15:44:25
6035,悠遊卡,2026-04-09,54.3,-0.10000000000000142,-0.18%,10.59,,158.85,190.62,222.39,254.16,285.93,317.7,ShowDailyK_ChartFlow,FinMind_API_TaiwanStockPrice_6035,True,2026-09-22T15:44:25,2026-09-22T15:44:25,2026-09-22T15:44:25
6035,悠遊卡,2026-04-10,52.1,-2.1999999999999957,-4.05%,10.59,,158.85,190.62,222.39,254.16,285.93,317.7,ShowDailyK_ChartFlow,FinMind_API_TaiwanStockPrice_6035,True,2026-09-22T15:44:25,2026-09-22T15:44:25,2026-09-22T15:44:25
6035,悠遊卡,2026-04-13,54.4,2.299999999999997,4.41%,10.59,,158.85,190.62,222.39,254.16,285.93,317.7,ShowDailyK_ChartFlow,FinMind_API_TaiwanStockPrice_6035,True,2026-09-22T15:44:25,2026-09-22T15:44:25,2026-09-22T15:44:25
6035,悠遊卡,2026-04-14,53.0,-1.3999999999999986,-2.57%,10.59,,158.85,190.62,222.39,254.16,285.93,317.7,ShowDailyK_ChartFlow,FinMind_API_TaiwanStockPrice_6035,True,2026-09-22T15:44:25,2026-09-22T15:44:25,2026-09-22T15:44:25
6035,悠遊卡,2026-04-15,54.0,1.0,1.89%,10.59,,158.85,190.62,222.39,254.16,285.93,317.7,ShowDailyK_ChartFlow,FinMind_API_TaiwanStockPrice_6035,True,2026-09-22T15:44:25,2026-09-22T15:44:25,2026-09-22T15:44:25
6035,悠遊卡,2026-04-16,51.1,-2.8999999999999986,-5.37%,10.59,,158.85,190.62,222.39,254.16,285.93,317.7,ShowDailyK_ChartFlow,FinMind_API_TaiwanStockPrice_6035,True,2026-09-22T15:44:25,2026-09-22T15:44:25,2026-09-22T15:44:25
6035,悠遊卡,2026-04-17,53.5,2.3999999999999986,4.70%,10.59,,158.85,190.62,222.39,254.16,285.93,317.7,ShowDailyK_ChartFlow,FinMind_API_TaiwanStockPrice_6035,True,2026-09-22T15:44:25,2026-09-22T15:44:25,2026-09-22T15:44:25
6035,悠遊卡,2026-04-20,53.2,-0.29999999999999716,-0.56%,10.59,,158.85,190.62,222.39,254.16,285.93,317.7,ShowDailyK_ChartFlow,FinMind_API_TaiwanStockPrice_6035,True,2026-09-22T15:44:25,2026-09-22T15:44:25,2026-09-22T15:44:25
6035,悠遊卡,2026-04-21,51.7,-1.5,-2.82%,10.59,,158.85,190.62,222.39,254.16,285.93,317.7,ShowDailyK_ChartFlow,FinMind_API_TaiwanStockPrice_6035,True,2026-09-22T15:44:25,2026-09-22T15:44:25,2026-09-22T15:44:25
6035,悠遊卡,2026-04-22,53.2,1.5,2.90%,10.59,,158.85,190.62,222.39,254.16,285.93,317.7,ShowDailyK_ChartFlow,FinMind_API_TaiwanStockPrice_6035,True,2026-09-22T15:44:25,2026-09-22T15:44:25,2026-09-22T15:44:25
6035,悠遊卡,2026-04-23,53.2,0.0,0.00%,10.59,,158.85,190.62,222.39,254.16,285.93,317.7,ShowDailyK_ChartFlow,FinMind_API_TaiwanStockPrice_6035,True,2026-09-22T15:44:25,2026-09-22T15:44:25,2026-09-22T15:44:25
6035,悠遊卡,2026-04-24,51.4,-1.8000000000000043,-3.38%,10.59,,158.85,190.62,222.39,254.16,285.93,317.7,ShowDailyK_ChartFlow,FinMind_API_TaiwanStockPrice_6035,True,2026-09-22T15:44:25,2026-09-22T15:44:25,2026-09-22T15:44:25
6035,悠遊卡,2026-04-27,51.9,0.5,0.97%,10.59,,158.85,190.62,222.39,254.16,285.93,317.7,ShowDailyK_ChartFlow,FinMind_API_TaiwanStockPrice_6035,True,2026-09-22T15:44:25,2026-09-22T15:44:25,2026-09-22T15:44:25
6035,悠遊卡,2026-04-28,51.5,-0.3999999999999986,-0.77%,10.59,,158.85,190.62,222.39,254.16,285.93,317.7,ShowDailyK_ChartFlow,FinMind_API_TaiwanStockPrice_6035,True,2026-09-22T15:44:25,2026-09-22T15:44:25,2026-09-22T15:44:25
6035,悠遊卡,2026-04-29,51.3,-0.20000000000000284,-0.39%,10.59,,158.85,190.62,222.39,254.16,285.93,317.7,ShowDailyK_ChartFlow,FinMind_API_TaiwanStockPrice_6035,True,2026-09-22T15:44:25,2026-09-22T15:44:25,2026-09-22T15:44:25
6035,悠遊卡,2026-04-30,51.9,0.6000000000000014,1.17%,10.59,,158.85,190.62,222.39,254.16,285.93,317.7,ShowDailyK_ChartFlow,FinMind_API_TaiwanStockPrice_6035,True,2026-09-22T15:44:25,2026-09-22T15:44:25,2026-09-22T15:44:25
6035,悠遊卡,2026-05-04,51.0,-0.8999999999999986,-1.73%,10.59,,158.85,190.62,222.39,254.16,285.93,317.7,ShowDailyK_ChartFlow,FinMind_API_TaiwanStockPrice_6035,True,2026-09-22T15:44:25,2026-09-22T15:44:25,2026-09-22T15:44:25
6035,悠遊卡,2026-05-05,52.6,1.6000000000000014,3.14%,10.59,,158.85,190.62,222.39,254.16,285.93,317.7,ShowDailyK_ChartFlow,FinMind_API_TaiwanStockPrice_6035,True,2026-09-22T15:44:25,2026-09-22T15:44:25,2026-09-22T15:44:25
6035,悠遊卡,2026-05-06,52.0,-0.6000000000000014,-1.14%,10.59,,158.85,190.62,222.39,254.16,285.93,317.7,ShowDailyK_ChartFlow,FinMind_API_TaiwanStockPrice_6035,True,2026-09-22T15:44:25,2026-09-22T15:44:25,2026-09-22T15:44:25
6035,悠遊卡,2026-05-07,53.0,1.0,1.92%,10.59,,158.85,190.62,222.39,254.16,285.93,317.7,ShowDailyK_ChartFlow,FinMind_API_TaiwanStockPrice_6035,True,2026-09-22T15:44:25,2026-09-22T15:44:25,2026-09-22T15:44:25
6035,悠遊卡,2026-05-08,52.2,-0.7999999999999972,-1.51%,10.59,,158.85,190.62,222.39,254.16,285.93,317.7,ShowDailyK_ChartFlow,FinMind_API_TaiwanStockPrice_6035,True,2026-09-22T15:44:25,2026-09-22T15:44:25,2026-09-22T15:44:25
6035,悠遊卡,2026-05-11,52.9,0.6999999999999957,1.34%,10.59,,158.85,190.62,222.39,254.16,285.93,317.7,ShowDailyK_ChartFlow,FinMind_API_TaiwanStockPrice_6035,True,2026-09-22T15:44:25,2026-09-22T15:44:25,2026-09-22T15:44:25
6035,悠遊卡,2026-05-12,52.7,-0.19999999999999574,-0.38%,10.59,,158.85,190.62,222.39,254.16,285.93,317.7,ShowDailyK_ChartFlow,FinMind_API_TaiwanStockPrice_6035,True,2026-09-22T15:44:25,2026-09-22T15:44:25,2026-09-22T15:44:25
6035,悠遊卡,2026-05-13,50.6,-2.1000000000000014,-3.98%,10.59,,158.85,190.62,222.39,254.16,285.93,317.7,ShowDailyK_ChartFlow,FinMind_API_TaiwanStockPrice_6035,True,2026-09-22T15:44:25,2026-09-22T15:44:25,2026-09-22T15:44:25
6035,悠遊卡,2026-05-14,53.2,2.6000000000000014,5.14%,10.59,,158.85,190.62,222.39,254.16,285.93,317.7,ShowDailyK_ChartFlow,FinMind_API_TaiwanStockPrice_6035,True,2026-09-22T15:44:25,2026-09-22T15:44:25,2026-09-22T15:44:25
6035,悠遊卡,2026-05-15,53.1,-0.10000000000000142,-0.19%,10.59,,158.85,190.62,222.39,254.16,285.93,317.7,ShowDailyK_ChartFlow,FinMind_API_TaiwanStockPrice_6035,True,2026-09-22T15:44:25,2026-09-22T15:44:25,2026-09-22T15:44:25
6035,悠遊卡,2026-05-18,52.7,-0.3999999999999986,-0.75%,10.59,,158.85,190.62,222.39,254.16,285.93,317.7,ShowDailyK_ChartFlow,FinMind_API_TaiwanStockPrice_6035,True,2026-09-22T15:44:25,2026-09-22T15:44:25,2026-09-22T15:44:25
6035,悠遊卡,2026-05-19,52.9,0.19999999999999574,0.38%,10.59,,158.85,190.62,222.39,254.16,285.93,317.7,ShowDailyK_ChartFlow,FinMind_API_TaiwanStockPrice_6035,True,2026-09-22T15:44:25,2026-09-22T15:44:25,2026-09-22T15:44:25
6035,悠遊卡,2026-05-20,52.8,-0.10000000000000142,-0.19%,10.59,,158.85,190.62,222.39,254.16,285.93,317.7,ShowDailyK_ChartFlow,FinMind_API_TaiwanStockPrice_6035,True,2026-09-22T15:44:25,2026-09-22T15:44:25,2026-09-22T15:44:25
6035,悠遊卡,2026-05-21,53.0,0.20000000000000284,0.38%,10.59,,158.85,190.62,222.39,254.16,285.93,317.7,ShowDailyK_ChartFlow,FinMind_API_TaiwanStockPrice_6035,True,2026-09-22T15:44:25,2026-09-22T15:44:25,2026-09-22T15:44:25
6035,悠遊卡,2026-05-22,52.2,-0.7999999999999972,-1.51%,10.59,,158.85,190.62,222.39,254.16,285.93,317.7,ShowDailyK_ChartFlow,FinMind_API_TaiwanStockPrice_6035,True,2026-09-22T15:44:25,2026-09-22T15:44:25,2026-09-22T15:44:25
6035,悠遊卡,2026-05-25,53.0,0.7999999999999972,1.53%,10.59,,158.85,190.62,222.39,254.16,285.93,317.7,ShowDailyK_ChartFlow,FinMind_API_TaiwanStockPrice_6035,True,2026-09-22T15:44:25,2026-09-22T15:44:25,2026-09-22T15:44:25
6035,悠遊卡,2026-05-26,52.5,-0.5,-0.94%,10.59,,158.85,190.62,222.39,254.16,285.93,317.7,ShowDailyK_ChartFlow,FinMind_API_TaiwanStockPrice_6035,True,2026-09-22T15:44:25,2026-09-22T15:44:25,2026-09-22T15:44:25
6035,悠遊卡,2026-05-27,52.4,-0.10000000000000142,-0.19%,10.59,,158.85,190.62,222.39,254.16,285.93,317.7,ShowDailyK_ChartFlow,FinMind_API_TaiwanStockPrice_6035,True,2026-09-22T15:44:25,2026-09-22T15:44:25,2026-09-22T15:44:25
6035,悠遊卡,2026-05-28,52.2,-0.19999999999999574,-0.38%,10.59,,158.85,190.62,222.39,254.16,285.93,317.7,ShowDailyK_ChartFlow,FinMind_API_TaiwanStockPrice_6035,True,2026-09-22T15:44:25,2026-09-22T15:44:25,2026-09-22T15:44:25
6035,悠遊卡,2026-05-29,52.4,0.19999999999999574,0.38%,10.59,,158.85,190.62,222.39,254.16,285.93,317.7,ShowDailyK_ChartFlow,FinMind_API_TaiwanStockPrice_6035,True,2026-09-22T15:44:25,2026-09-22T15:44:25,2026-09-22T15:44:25
6035,悠遊卡,2026-06-01,51.2,-1.1999999999999957,-2.29%,10.59,,158.85,190.62,222.39,254.16,285.93,317.7,ShowDailyK_ChartFlow,FinMind_API_TaiwanStockPrice_6035,True,2026-09-22T15:44:25,2026-09-22T15:44:25,2026-09-22T15:44:25
6035,悠遊卡,2026-06-02,52.4,1.1999999999999957,2.34%,10.59,,158.85,190.62,222.39,254.16,285.93,317.7,ShowDailyK_ChartFlow,FinMind_API_TaiwanStockPrice_6035,True,2026-09-22T15:44:25,2026-09-22T15:44:25,2026-09-22T15:44:25
6035,悠遊卡,2026-06-03,52.4,0.0,0.00%,10.59,,158.85,190.62,222.39,254.16,285.93,317.7,ShowDailyK_ChartFlow,FinMind_API_TaiwanStockPrice_6035,True,2026-09-22T15:44:25,2026-09-22T15:44:25,2026-09-22T15:44:25
6035,悠遊卡,2026-06-04,52.2,-0.19999999999999574,-0.38%,10.59,,158.85,190.62,222.39,254.16,285.93,317.7,ShowDailyK_ChartFlow,FinMind_API_TaiwanStockPrice_6035,True,2026-09-22T15:44:25,2026-09-22T15:44:25,2026-09-22T15:44:25
6035,悠遊卡,2026-06-05,53.0,0.7999999999999972,1.53%,10.59,,158.85,190.62,222.39,254.16,285.93,317.7,ShowDailyK_ChartFlow,FinMind_API_TaiwanStockPrice_6035,True,2026-09-22T15:44:25,2026-09-22T15:44:25,2026-09-22T15:44:25
6035,悠遊卡,2026-06-08,52.5,-0.5,-0.94%,10.59,,158.85,190.62,222.39,254.16,285.93,317.7,ShowDailyK_ChartFlow,FinMind_API_TaiwanStockPrice_6035,True,2026-09-22T15:44:25,2026-09-22T15:44:25,2026-09-22T15:44:25
6035,悠遊卡,2026-06-09,52.5,0.0,0.00%,10.59,,158.85,190.62,222.39,254.16,285.93,317.7,ShowDailyK_ChartFlow,FinMind_API_TaiwanStockPrice_6035,True,2026-09-22T15:44:25,2026-09-22T15:44:25,2026-09-22T15:44:25
6035,悠遊卡,2026-06-10,52.6,0.10000000000000142,0.19%,10.59,,158.85,190.62,222.39,254.16,285.93,317.7,ShowDailyK_ChartFlow,FinMind_API_TaiwanStockPrice_6035,True,2026-09-22T15:44:25,2026-09-22T15:44:25,2026-09-22T15:44:25
6035,悠遊卡,2026-06-11,52.6,0.0,0.00%,10.59,,158.85,190.62,222.39,254.16,285.93,317.7,ShowDailyK_ChartFlow,FinMind_API_TaiwanStockPrice_6035,True,2026-09-22T15:44:25,2026-09-22T15:44:25,2026-09-22T15:44:25
6035,悠遊卡,2026-06-12,52.0,-0.6000000000000014,-1.14%,10.59,,158.85,190.62,222.39,254.16,285.93,317.7,ShowDailyK_ChartFlow,FinMind_API_TaiwanStockPrice_6035,True,2026-09-22T15:44:25,2026-09-22T15:44:25,2026-09-22T15:44:25
6035,悠遊卡,2026-06-15,52.7,0.7000000000000028,1.35%,10.59,,158.85,190.62,222.39,254.16,285.93,317.7,ShowDailyK_ChartFlow,FinMind_API_TaiwanStockPrice_6035,True,2026-09-22T15:44:25,2026-09-22T15:44:25,2026-09-22T15:44:25
6035,悠遊卡,2026-06-16,52.4,-0.30000000000000426,-0.57%,10.59,,158.85,190.62,222.39,254.16,285.93,317.7,ShowDailyK_ChartFlow,FinMind_API_TaiwanStockPrice_6035,True,2026-09-22T15:44:25,2026-09-22T15:44:25,2026-09-22T15:44:25
6035,悠遊卡,2026-06-17,52.4,0.0,0.00%,10.59,,158.85,190.62,222.39,254.16,285.93,317.7,ShowDailyK_ChartFlow,FinMind_API_TaiwanStockPrice_6035,True,2026-09-22T15:44:25,2026-09-22T15:44:25,2026-09-22T15:44:25
6035,悠遊卡,2026-06-18,52.5,0.10000000000000142,0.19%,10.59,,158.85,190.62,222.39,254.16,285.93,317.7,ShowDailyK_ChartFlow,FinMind_API_TaiwanStockPrice_6035,True,2026-09-22T15:44:25,2026-09-22T15:44:25,2026-09-22T15:44:25
6035,悠遊卡,2026-06-22,51.9,-0.6000000000000014,-1.14%,10.59,,158.85,190.62,222.39,254.16,285.93,317.7,ShowDailyK_ChartFlow,FinMind_API_TaiwanStockPrice_6035,True,2026-09-22T15:44:25,2026-09-22T15:44:25,2026-09-22T15:44:25
6035,悠遊卡,2026-06-23,52.0,0.10000000000000142,0.19%,10.59,,158.85,190.62,222.39,254.16,285.93,317.7,ShowDailyK_ChartFlow,FinMind_API_TaiwanStockPrice_6035,True,2026-09-22T15:44:25,2026-09-22T15:44:25,2026-09-22T15:44:25
6035,悠遊卡,2026-06-24,51.9,-0.10000000000000142,-0.19%,10.59,,158.85,190.62,222.39,254.16,285.93,317.7,ShowDailyK_ChartFlow,FinMind_API_TaiwanStockPrice_6035,True,2026-09-22T15:44:25,2026-09-22T15:44:25,2026-09-22T15:44:25
6035,悠遊卡,2026-06-25,52.0,0.10000000000000142,0.19%,10.59,,158.85,190.62,222.39,254.16,285.93,317.7,ShowDailyK_ChartFlow,FinMind_API_TaiwanStockPrice_6035,True,2026-09-22T15:44:25,2026-09-22T15:44:25,2026-09-22T15:44:25
6035,悠遊卡,2026-06-26,52.0,0.0,0.00%,10.59,,158.85,190.62,222.39,254.16,285.93,317.7,ShowDailyK_ChartFlow,FinMind_API_TaiwanStockPrice_6035,True,2026-09-22T15:44:25,2026-09-22T15:44:25,2026-09-22T15:44:25
6035,悠遊卡,2026-06-29,53.4,1.3999999999999986,2.69%,10.59,,158.85,190.62,222.39,254.16,285.93,317.7,ShowDailyK_ChartFlow,FinMind_API_TaiwanStockPrice_6035,True,2026-09-22T15:44:25,2026-09-22T15:44:25,2026-09-22T15:44:25
6035,悠遊卡,2026-06-30,53.2,-0.19999999999999574,-0.37%,10.969999999999999,,164.55,197.46,230.37,263.28,296.19,329.1,ShowDailyK_ChartFlow,FinMind_API_TaiwanStockPrice_6035,True,2026-09-22T15:44:25,2026-09-22T15:44:25,2026-09-22T15:44:25
6035,悠遊卡,2026-07-01,52.1,-1.1000000000000014,-2.07%,10.969999999999999,,164.55,197.46,230.37,263.28,296.19,329.1,ShowDailyK_ChartFlow,FinMind_API_TaiwanStockPrice_6035,True,2026-09-22T15:44:25,2026-09-22T15:44:25,2026-09-22T15:44:25
6035,悠遊卡,2026-07-02,52.0,-0.10000000000000142,-0.19%,10.969999999999999,,164.55,197.46,230.37,263.28,296.19,329.1,ShowDailyK_ChartFlow,FinMind_API_TaiwanStockPrice_6035,True,2026-09-22T15:44:25,2026-09-22T15:44:25,2026-09-22T15:44:25
6035,悠遊卡,2026-07-03,52.3,0.29999999999999716,0.58%,10.969999999999999,,164.55,197.46,230.37,263.28,296.19,329.1,ShowDailyK_ChartFlow,FinMind_API_TaiwanStockPrice_6035,True,2026-09-22T15:44:25,2026-09-22T15:44:25,2026-09-22T15:44:25
6035,悠遊卡,2026-07-06,52.0,-0.29999999999999716,-0.57%,10.969999999999999,,164.55,197.46,230.37,263.28,296.19,329.1,ShowDailyK_ChartFlow,FinMind_API_TaiwanStockPrice_6035,True,2026-09-22T15:44:25,2026-09-22T15:44:25,2026-09-22T15:44:25
6035,悠遊卡,2026-07-07,52.2,0.20000000000000284,0.38%,10.969999999999999,,164.55,197.46,230.37,263.28,296.19,329.1,ShowDailyK_ChartFlow,FinMind_API_TaiwanStockPrice_6035,True,2026-09-22T15:44:25,2026-09-22T15:44:25,2026-09-22T15:44:25
6035,悠遊卡,2026-07-08,53.0,0.7999999999999972,1.53%,10.969999999999999,,164.55,197.46,230.37,263.28,296.19,329.1,ShowDailyK_ChartFlow,FinMind_API_TaiwanStockPrice_6035,True,2026-09-22T15:44:25,2026-09-22T15:44:25,2026-09-22T15:44:25
6035,悠遊卡,2026-07-09,52.9,-0.10000000000000142,-0.19%,10.969999999999999,,164.55,197.46,230.37,263.28,296.19,329.1,ShowDailyK_ChartFlow,FinMind_API_TaiwanStockPrice_6035,True,2026-09-22T15:44:25,2026-09-22T15:44:25,2026-09-22T15:44:25
6035,悠遊卡,2026-07-13,52.9,0.0,0.00%,10.969999999999999,,164.55,197.46,230.37,263.28,296.19,329.1,ShowDailyK_ChartFlow,FinMind_API_TaiwanStockPrice_6035,True,2026-09-22T15:44:25,2026-09-22T15:44:25,2026-09-22T15:44:25
6035,悠遊卡,2026-07-14,52.6,-0.29999999999999716,-0.57%,10.969999999999999,,164.55,197.46,230.37,263.28,296.19,329.1,ShowDailyK_ChartFlow,FinMind_API_TaiwanStockPrice_6035,True,2026-09-22T15:44:25,2026-09-22T15:44:25,2026-09-22T15:44:25
6035,悠遊卡,2026-07-15,53.2,0.6000000000000014,1.14%,10.969999999999999,,164.55,197.46,230.37,263.28,296.19,329.1,ShowDailyK_ChartFlow,FinMind_API_TaiwanStockPrice_6035,True,2026-09-22T15:44:25,2026-09-22T15:44:25,2026-09-22T15:44:25
6035,悠遊卡,2026-07-16,54.5,1.2999999999999972,2.44%,10.969999999999999,,164.55,197.46,230.37,263.28,296.19,329.1,ShowDailyK_ChartFlow,FinMind_API_TaiwanStockPrice_6035,True,2026-09-22T15:44:25,2026-09-22T15:44:25,2026-09-22T15:44:25
6035,悠遊卡,2026-07-17,53.9,-0.6000000000000014,-1.10%,10.969999999999999,,164.55,197.46,230.37,263.28,296.19,329.1,ShowDailyK_ChartFlow,FinMind_API_TaiwanStockPrice_6035,True,2026-09-22T15:44:25,2026-09-22T15:44:25,2026-09-22T15:44:25
6035,悠遊卡,2026-07-20,53.9,0.0,0.00%,10.969999999999999,,164.55,197.46,230.37,263.28,296.19,329.1,ShowDailyK_ChartFlow,FinMind_API_TaiwanStockPrice_6035,True,2026-09-22T15:44:25,2026-09-22T15:44:25,2026-09-22T15:44:25
6035,悠遊卡,2026-07-21,51.9,-2.0,-3.71%,10.969999999999999,,164.55,197.46,230.37,263.28,296.19,329.1,ShowDailyK_ChartFlow,FinMind_API_TaiwanStockPrice_6035,True,2026-09-22T15:44:25,2026-09-22T15:44:25,2026-09-22T15:44:25
6035,悠遊卡,2026-07-22,53.0,1.1000000000000014,2.12%,10.969999999999999,,164.55,197.46,230.37,263.28,296.19,329.1,ShowDailyK_ChartFlow,FinMind_API_TaiwanStockPrice_6035,True,2026-09-22T15:44:25,2026-09-22T15:44:25,2026-09-22T15:44:25
6035,悠遊卡,2026-07-23,52.0,-1.0,-1.89%,10.969999999999999,,164.55,197.46,230.37,263.28,296.19,329.1,ShowDailyK_ChartFlow,FinMind_API_TaiwanStockPrice_6035,True,2026-09-22T15:44:25,2026-09-22T15:44:25,2026-09-22T15:44:25
6035,悠遊卡,2026-07-24,51.8,-0.20000000000000284,-0.38%,10.969999999999999,,164.55,197.46,230.37,263.28,296.19,329.1,ShowDailyK_ChartFlow,FinMind_API_TaiwanStockPrice_6035,True,2026-09-22T15:44:25,2026-09-22T15:44:25,2026-09-22T15:44:25
6035,悠遊卡,2026-07-27,53.0,1.2000000000000028,2.32%,10.969999999999999,,164.55,197.46,230.37,263.28,296.19,329.1,ShowDailyK_ChartFlow,FinMind_API_TaiwanStockPrice_6035,True,2026-09-22T15:44:25,2026-09-22T15:44:25,2026-09-22T15:44:25
6035,悠遊卡,2026-07-28,52.0,-1.0,-1.89%,10.969999999999999,,164.55,197.46,230.37,263.28,296.19,329.1,ShowDailyK_ChartFlow,FinMind_API_TaiwanStockPrice_6035,True,2026-09-22T15:44:25,2026-09-22T15:44:25,2026-09-22T15:44:25
6035,悠遊卡,2026-07-29,51.0,-1.0,-1.92%,10.969999999999999,,164.55,197.46,230.37,263.28,296.19,329.1,ShowDailyK_ChartFlow,FinMind_API_TaiwanStockPrice_6035,True,2026-09-22T15:44:25,2026-09-22T15:44:25,2026-09-22T15:44:25
6035,悠遊卡,2026-07-30,52.4,1.3999999999999986,2.75%,10.969999999999999,,164.55,197.46,230.37,263.28,296.19,329.1,ShowDailyK_ChartFlow,FinMind_API_TaiwanStockPrice_6035,True,2026-09-22T15:44:25,2026-09-22T15:44:25,2026-09-22T15:44:25
6035,悠遊卡,2026-07-31,52.4,0.0,0.00%,10.969999999999999,,164.55,197.46,230.37,263.28,296.19,329.1,ShowDailyK_ChartFlow,FinMind_API_TaiwanStockPrice_6035,True,2026-09-22T15:44:25,2026-09-22T15:44:25,2026-09-22T15:44:25
6035,悠遊卡,2026-08-03,52.4,0.0,0.00%,10.969999999999999,,164.55,197.46,230.37,263.28,296.19,329.1,ShowDailyK_ChartFlow,FinMind_API_TaiwanStockPrice_6035,True,2026-09-22T15:44:25,2026-09-22T15:44:25,2026-09-22T15:44:25
6035,悠遊卡,2026-08-04,52.4,0.0,0.00%,10.969999999999999,,164.55,197.46,230.37,263.28,296.19,329.1,ShowDailyK_ChartFlow,FinMind_API_TaiwanStockPrice_6035,True,2026-09-22T15:44:25,2026-09-22T15:44:25,2026-09-22T15:44:25
6035,悠遊卡,2026-08-05,52.4,0.0,0.00%,10.969999999999999,,164.55,197.46,230.37,263.28,296.19,329.1,ShowDailyK_ChartFlow,FinMind_API_TaiwanStockPrice_6035,True,2026-09-22T15:44:25,2026-09-22T15:44:25,2026-09-22T15:44:25
6035,悠遊卡,2026-08-06,52.2,-0.19999999999999574,-0.38%,10.969999999999999,,164.55,197.46,230.37,263.28,296.19,329.1,ShowDailyK_ChartFlow,FinMind_API_TaiwanStockPrice_6035,True,2026-09-22T15:44:25,2026-09-22T15:44:25,2026-09-22T15:44:25
6035,悠遊卡,2026-08-07,52.1,-0.10000000000000142,-0.19%,10.969999999999999,,164.55,197.46,230.37,263.28,296.19,329.1,ShowDailyK_ChartFlow,FinMind_API_TaiwanStockPrice_6035,True,2026-09-22T15:44:25,2026-09-22T15:44:25,2026-09-22T15:44:25
6035,悠遊卡,2026-08-10,52.6,0.5,0.96%,10.969999999999999,,164.55,197.46,230.37,263.28,296.19,329.1,ShowDailyK_ChartFlow,FinMind_API_TaiwanStockPrice_6035,True,2026-09-22T15:44:25,2026-09-22T15:44:25,2026-09-22T15:44:25
6035,悠遊卡,2026-08-11,50.7,-1.8999999999999986,-3.61%,10.969999999999999,,164.55,197.46,230.37,263.28,296.19,329.1,ShowDailyK_ChartFlow,FinMind_API_TaiwanStockPrice_6035,True,2026-09-22T15:44:25,2026-09-22T15:44:25,2026-09-22T15:44:25
6035,悠遊卡,2026-08-12,52.2,1.5,2.96%,10.969999999999999,,164.55,197.46,230.37,263.28,296.19,329.1,ShowDailyK_ChartFlow,FinMind_API_TaiwanStockPrice_6035,True,2026-09-22T15:44:25,2026-09-22T15:44:25,2026-09-22T15:44:25
6035,悠遊卡,2026-08-13,52.2,0.0,0.00%,10.969999999999999,,164.55,197.46,230.37,263.28,296.19,329.1,ShowDailyK_ChartFlow,FinMind_API_TaiwanStockPrice_6035,True,2026-09-22T15:44:25,2026-09-22T15:44:25,2026-09-22T15:44:25
6035,悠遊卡,2026-08-14,52.0,-0.20000000000000284,-0.38%,10.969999999999999,,164.55,197.46,230.37,263.28,296.19,329.1,ShowDailyK_ChartFlow,FinMind_API_TaiwanStockPrice_6035,True,2026-09-22T15:44:25,2026-09-22T15:44:25,2026-09-22T15:44:25
6035,悠遊卡,2026-08-17,51.1,-0.8999999999999986,-1.73%,10.969999999999999,,164.55,197.46,230.37,263.28,296.19,329.1,ShowDailyK_ChartFlow,FinMind_API_TaiwanStockPrice_6035,True,2026-09-22T15:44:25,2026-09-22T15:44:25,2026-09-22T15:44:25
6035,悠遊卡,2026-08-18,50.7,-0.3999999999999986,-0.78%,10.969999999999999,,164.55,197.46,230.37,263.28,296.19,329.1,ShowDailyK_ChartFlow,FinMind_API_TaiwanStockPrice_6035,True,2026-09-22T15:44:25,2026-09-22T15:44:25,2026-09-22T15:44:25
6035,悠遊卡,2026-08-19,51.5,0.7999999999999972,1.58%,10.969999999999999,,164.55,197.46,230.37,263.28,296.19,329.1,ShowDailyK_ChartFlow,FinMind_API_TaiwanStockPrice_6035,True,2026-09-22T15:44:25,2026-09-22T15:44:25,2026-09-22T15:44:25
6035,悠遊卡,2026-08-20,51.5,0.0,0.00%,10.969999999999999,,164.55,197.46,230.37,263.28,296.19,329.1,ShowDailyK_ChartFlow,FinMind_API_TaiwanStockPrice_6035,True,2026-09-22T15:44:25,2026-09-22T15:44:25,2026-09-22T15:44:25
6035,悠遊卡,2026-08-21,50.3,-1.2000000000000028,-2.33%,10.969999999999999,,164.55,197.46,230.37,263.28,296.19,329.1,ShowDailyK_ChartFlow,FinMind_API_TaiwanStockPrice_6035,True,2026-09-22T15:44:25,2026-09-22T15:44:25,2026-09-22T15:44:25
6035,悠遊卡,2026-08-24,51.5,1.2000000000000028,2.39%,10.969999999999999,,164.55,197.46,230.37,263.28,296.19,329.1,ShowDailyK_ChartFlow,FinMind_API_TaiwanStockPrice_6035,True,2026-09-22T15:44:25,2026-09-22T15:44:25,2026-09-22T15:44:25
6035,悠遊卡,2026-08-25,51.5,0.0,0.00%,10.969999999999999,,164.55,197.46,230.37,263.28,296.19,329.1,ShowDailyK_ChartFlow,FinMind_API_TaiwanStockPrice_6035,True,2026-09-22T15:44:25,2026-09-22T15:44:25,2026-09-22T15:44:25
6035,悠遊卡,2026-08-26,51.2,-0.29999999999999716,-0.58%,10.969999999999999,,164.55,197.46,230.37,263.28,296.19,329.1,ShowDailyK_ChartFlow,FinMind_API_TaiwanStockPrice_6035,True,2026-09-22T15:44:25,2026-09-22T15:44:25,2026-09-22T15:44:25
6035,悠遊卡,2026-08-27,50.0,-1.2000000000000028,-2.34%,10.969999999999999,,164.55,197.46,230.37,263.28,296.19,329.1,ShowDailyK_ChartFlow,FinMind_API_TaiwanStockPrice_6035,True,2026-09-22T15:44:25,2026-09-22T15:44:25,2026-09-22T15:44:25
6035,悠遊卡,2026-08-28,50.7,0.7000000000000028,1.40%,10.969999999999999,,164.55,197.46,230.37,263.28,296.19,329.1,ShowDailyK_ChartFlow,FinMind_API_TaiwanStockPrice_6035,True,2026-09-22T15:44:25,2026-09-22T15:44:25,2026-09-22T15:44:25
6035,悠遊卡,2026-08-31,50.5,-0.20000000000000284,-0.39%,10.969999999999999,,164.55,197.46,230.37,263.28,296.19,329.1,ShowDailyK_ChartFlow,FinMind_API_TaiwanStockPrice_6035,True,2026-09-22T15:44:25,2026-09-22T15:44:25,2026-09-22T15:44:25
6035,悠遊卡,2026-09-01,50.7,0.20000000000000284,0.40%,10.969999999999999,,164.55,197.46,230.37,263.28,296.19,329.1,ShowDailyK_ChartFlow,FinMind_API_TaiwanStockPrice_6035,True,2026-09-22T15:44:25,2026-09-22T15:44:25,2026-09-22T15:44:25
6035,悠遊卡,2026-09-02,50.2,-0.5,-0.99%,10.969999999999999,,164.55,197.46,230.37,263.28,296.19,329.1,ShowDailyK_ChartFlow,FinMind_API_TaiwanStockPrice_6035,True,2026-09-22T15:44:25,2026-09-22T15:44:25,2026-09-22T15:44:25
6035,悠遊卡,2026-09-03,51.0,0.7999999999999972,1.59%,10.969999999999999,,164.55,197.46,230.37,263.28,296.19,329.1,ShowDailyK_ChartFlow,FinMind_API_TaiwanStockPrice_6035,True,2026-09-22T15:44:25,2026-09-22T15:44:25,2026-09-22T15:44:25
6035,悠遊卡,2026-09-04,50.2,-0.7999999999999972,-1.57%,10.969999999999999,,164.55,197.46,230.37,263.28,296.19,329.1,ShowDailyK_ChartFlow,FinMind_API_TaiwanStockPrice_6035,True,2026-09-22T15:44:25,2026-09-22T15:44:25,2026-09-22T15:44:25
6035,悠遊卡,2026-09-07,50.5,0.29999999999999716,0.60%,10.969999999999999,,164.55,197.46,230.37,263.28,296.19,329.1,ShowDailyK_ChartFlow,FinMind_API_TaiwanStockPrice_6035,True,2026-09-22T15:44:25,2026-09-22T15:44:25,2026-09-22T15:44:25
6035,悠遊卡,2026-09-08,50.5,0.0,0.00%,10.969999999999999,,164.55,197.46,230.37,263.28,296.19,329.1,ShowDailyK_ChartFlow,FinMind_API_TaiwanStockPrice_6035,True,2026-09-22T15:44:25,2026-09-22T15:44:25,2026-09-22T15:44:25
6035,悠遊卡,2026-09-09,50.5,0.0,0.00%,10.969999999999999,,164.55,197.46,230.37,263.28,296.19,329.1,ShowDailyK_ChartFlow,FinMind_API_TaiwanStockPrice_6035,True,2026-09-22T15:44:25,2026-09-22T15:44:25,2026-09-22T15:44:25
6035,悠遊卡,2026-09-10,50.0,-0.5,-0.99%,10.969999999999999,,164.55,197.46,230.37,263.28,296.19,329.1,ShowDailyK_ChartFlow,FinMind_API_TaiwanStockPrice_6035,True,2026-09-22T15:44:25,2026-09-22T15:44:25,2026-09-22T15:44:25
6035,悠遊卡,2026-09-11,50.0,0.0,0.00%,10.969999999999999,,164.55,197.46,230.37,263.28,296.19,329.1,ShowDailyK_ChartFlow,FinMind_API_TaiwanStockPrice_6035,True,2026-09-22T15:44:25,2026-09-22T15:44:25,2026-09-22T15:44:25
6035,悠遊卡,2026-09-14,51.2,1.2000000000000028,2.40%,10.969999999999999,,164.55,197.46,230.37,263.28,296.19,329.1,ShowDailyK_ChartFlow,FinMind_API_TaiwanStockPrice_6035,True,2026-09-22T15:44:25,2026-09-22T15:44:25,2026-09-22T15:44:25
6035,悠遊卡,2026-09-15,51.4,0.19999999999999574,0.39%,10.969999999999999,,164.55,197.46,230.37,263.28,296.19,329.1,ShowDailyK_ChartFlow,FinMind_API_TaiwanStockPrice_6035,True,2026-09-22T15:44:25,2026-09-22T15:44:25,2026-09-22T15:44:25
6035,悠遊卡,2026-09-16,51.4,0.0,0.00%,10.969999999999999,,164.55,197.46,230.37,263.28,296.19,329.1,ShowDailyK_ChartFlow,FinMind_API_TaiwanStockPrice_6035,True,2026-09-22T15:44:25,2026-09-22T15:44:25,2026-09-22T15:44:25
6035,悠遊卡,2026-09-17,51.0,-0.3999999999999986,-0.78%,10.969999999999999,,164.55,197.46,230.37,263.28,296.19,329.1,ShowDailyK_ChartFlow,FinMind_API_TaiwanStockPrice_6035,True,2026-09-22T15:44:25,2026-09-22T15:44:25,2026-09-22T15:44:25
6035,悠遊卡,2026-09-18,51.0,0.0,0.00%,10.969999999999999,,164.55,197.46,230.37,263.28,296.19,329.1,ShowDailyK_ChartFlow,FinMind_API_TaiwanStockPrice_6035,True,2026-09-22T15:44:25,2026-09-22T15:44:25,2026-09-22T15:44:25
6035,悠遊卡,2026-09-21,51.4,0.3999999999999986,0.78%,10.969999999999999,,164.55,197.46,230.37,263.28,296.19,329.1,ShowDailyK_ChartFlow,FinMind_API_TaiwanStockPrice_6035,True,2026-09-22T15:44:25,2026-09-22T15:44:25,2026-09-22T15:44:25
6035,悠遊卡,2026-09-22,51.4,0.0,0.00%,10.969999999999999,,164.55,197.46,230.37,263.28,296.19,329.1,ShowDailyK_ChartFlow,FinMind_API_TaiwanStockPrice_6035,True,2026-09-22T15:44:25,2026-09-22T15:44:25,2026-09-22T15:44:25
