stock_code,company_name,交易_日期,收盤價_元,漲跌價_元,漲跌幅_pct,河流圖_eps_元,目前_per_倍,本益比試算價格_15x_元,本益比試算價格_18x_元,本益比試算價格_21x_元,本益比試算價格_24x_元,本益比試算價格_27x_元,本益比試算價格_30x_元,file_type,source_file,download_success,download_timestamp,process_timestamp,stage1_process_timestamp
7547,碩網,2021-02-03,55.1,,,,,,,,,,,ShowDailyK_ChartFlow,FinMind_API_TaiwanStockPrice_7547,True,2026-09-25T07:02:02,2026-09-25T07:02:02,2026-09-25T07:02:02
7547,碩網,2021-02-04,40.0,-15.100000000000001,-27.40%,,,,,,,,,ShowDailyK_ChartFlow,FinMind_API_TaiwanStockPrice_7547,True,2026-09-25T07:02:02,2026-09-25T07:02:02,2026-09-25T07:02:02
7547,碩網,2021-02-05,38.15,-1.8500000000000014,-4.63%,,,,,,,,,ShowDailyK_ChartFlow,FinMind_API_TaiwanStockPrice_7547,True,2026-09-25T07:02:02,2026-09-25T07:02:02,2026-09-25T07:02:02
7547,碩網,2021-02-17,35.45,-2.6999999999999957,-7.08%,,,,,,,,,ShowDailyK_ChartFlow,FinMind_API_TaiwanStockPrice_7547,True,2026-09-25T07:02:02,2026-09-25T07:02:02,2026-09-25T07:02:02
7547,碩網,2021-02-18,33.6,-1.8500000000000014,-5.22%,,,,,,,,,ShowDailyK_ChartFlow,FinMind_API_TaiwanStockPrice_7547,True,2026-09-25T07:02:02,2026-09-25T07:02:02,2026-09-25T07:02:02
7547,碩網,2021-02-19,38.2,4.600000000000001,13.69%,,,,,,,,,ShowDailyK_ChartFlow,FinMind_API_TaiwanStockPrice_7547,True,2026-09-25T07:02:02,2026-09-25T07:02:02,2026-09-25T07:02:02
7547,碩網,2021-02-22,47.35,9.149999999999999,23.95%,,,,,,,,,ShowDailyK_ChartFlow,FinMind_API_TaiwanStockPrice_7547,True,2026-09-25T07:02:02,2026-09-25T07:02:02,2026-09-25T07:02:02
7547,碩網,2021-02-23,47.0,-0.3500000000000014,-0.74%,,,,,,,,,ShowDailyK_ChartFlow,FinMind_API_TaiwanStockPrice_7547,True,2026-09-25T07:02:02,2026-09-25T07:02:02,2026-09-25T07:02:02
7547,碩網,2021-02-24,50.3,3.299999999999997,7.02%,,,,,,,,,ShowDailyK_ChartFlow,FinMind_API_TaiwanStockPrice_7547,True,2026-09-25T07:02:02,2026-09-25T07:02:02,2026-09-25T07:02:02
7547,碩網,2021-02-25,47.55,-2.75,-5.47%,,,,,,,,,ShowDailyK_ChartFlow,FinMind_API_TaiwanStockPrice_7547,True,2026-09-25T07:02:02,2026-09-25T07:02:02,2026-09-25T07:02:02
7547,碩網,2021-02-26,48.0,0.45000000000000284,0.95%,,,,,,,,,ShowDailyK_ChartFlow,FinMind_API_TaiwanStockPrice_7547,True,2026-09-25T07:02:02,2026-09-25T07:02:02,2026-09-25T07:02:02
7547,碩網,2021-03-02,46.0,-2.0,-4.17%,,,,,,,,,ShowDailyK_ChartFlow,FinMind_API_TaiwanStockPrice_7547,True,2026-09-25T07:02:02,2026-09-25T07:02:02,2026-09-25T07:02:02
7547,碩網,2021-03-03,45.85,-0.14999999999999858,-0.33%,,,,,,,,,ShowDailyK_ChartFlow,FinMind_API_TaiwanStockPrice_7547,True,2026-09-25T07:02:02,2026-09-25T07:02:02,2026-09-25T07:02:02
7547,碩網,2021-03-04,44.55,-1.3000000000000043,-2.84%,,,,,,,,,ShowDailyK_ChartFlow,FinMind_API_TaiwanStockPrice_7547,True,2026-09-25T07:02:02,2026-09-25T07:02:02,2026-09-25T07:02:02
7547,碩網,2021-03-05,45.0,0.45000000000000284,1.01%,,,,,,,,,ShowDailyK_ChartFlow,FinMind_API_TaiwanStockPrice_7547,True,2026-09-25T07:02:02,2026-09-25T07:02:02,2026-09-25T07:02:02
7547,碩網,2021-03-08,45.0,0.0,0.00%,,,,,,,,,ShowDailyK_ChartFlow,FinMind_API_TaiwanStockPrice_7547,True,2026-09-25T07:02:02,2026-09-25T07:02:02,2026-09-25T07:02:02
7547,碩網,2021-03-09,45.0,0.0,0.00%,,,,,,,,,ShowDailyK_ChartFlow,FinMind_API_TaiwanStockPrice_7547,True,2026-09-25T07:02:02,2026-09-25T07:02:02,2026-09-25T07:02:02
7547,碩網,2021-03-10,44.0,-1.0,-2.22%,,,,,,,,,ShowDailyK_ChartFlow,FinMind_API_TaiwanStockPrice_7547,True,2026-09-25T07:02:02,2026-09-25T07:02:02,2026-09-25T07:02:02
7547,碩網,2021-03-11,44.5,0.5,1.14%,,,,,,,,,ShowDailyK_ChartFlow,FinMind_API_TaiwanStockPrice_7547,True,2026-09-25T07:02:02,2026-09-25T07:02:02,2026-09-25T07:02:02
7547,碩網,2021-03-12,43.55,-0.9500000000000028,-2.13%,,,,,,,,,ShowDailyK_ChartFlow,FinMind_API_TaiwanStockPrice_7547,True,2026-09-25T07:02:02,2026-09-25T07:02:02,2026-09-25T07:02:02
7547,碩網,2021-03-15,42.5,-1.0499999999999972,-2.41%,,,,,,,,,ShowDailyK_ChartFlow,FinMind_API_TaiwanStockPrice_7547,True,2026-09-25T07:02:02,2026-09-25T07:02:02,2026-09-25T07:02:02
7547,碩網,2021-03-16,43.45,0.9500000000000028,2.24%,,,,,,,,,ShowDailyK_ChartFlow,FinMind_API_TaiwanStockPrice_7547,True,2026-09-25T07:02:02,2026-09-25T07:02:02,2026-09-25T07:02:02
7547,碩網,2021-03-17,43.2,-0.25,-0.58%,,,,,,,,,ShowDailyK_ChartFlow,FinMind_API_TaiwanStockPrice_7547,True,2026-09-25T07:02:02,2026-09-25T07:02:02,2026-09-25T07:02:02
7547,碩網,2021-03-18,43.45,0.25,0.58%,,,,,,,,,ShowDailyK_ChartFlow,FinMind_API_TaiwanStockPrice_7547,True,2026-09-25T07:02:02,2026-09-25T07:02:02,2026-09-25T07:02:02
7547,碩網,2021-03-19,42.5,-0.9500000000000028,-2.19%,,,,,,,,,ShowDailyK_ChartFlow,FinMind_API_TaiwanStockPrice_7547,True,2026-09-25T07:02:02,2026-09-25T07:02:02,2026-09-25T07:02:02
7547,碩網,2021-03-22,44.5,2.0,4.71%,,,,,,,,,ShowDailyK_ChartFlow,FinMind_API_TaiwanStockPrice_7547,True,2026-09-25T07:02:02,2026-09-25T07:02:02,2026-09-25T07:02:02
7547,碩網,2021-03-23,46.8,2.299999999999997,5.17%,,,,,,,,,ShowDailyK_ChartFlow,FinMind_API_TaiwanStockPrice_7547,True,2026-09-25T07:02:02,2026-09-25T07:02:02,2026-09-25T07:02:02
7547,碩網,2021-03-24,45.0,-1.7999999999999972,-3.85%,,,,,,,,,ShowDailyK_ChartFlow,FinMind_API_TaiwanStockPrice_7547,True,2026-09-25T07:02:02,2026-09-25T07:02:02,2026-09-25T07:02:02
7547,碩網,2021-03-25,45.9,0.8999999999999986,2.00%,,,,,,,,,ShowDailyK_ChartFlow,FinMind_API_TaiwanStockPrice_7547,True,2026-09-25T07:02:02,2026-09-25T07:02:02,2026-09-25T07:02:02
7547,碩網,2021-03-26,46.0,0.10000000000000142,0.22%,,,,,,,,,ShowDailyK_ChartFlow,FinMind_API_TaiwanStockPrice_7547,True,2026-09-25T07:02:02,2026-09-25T07:02:02,2026-09-25T07:02:02
7547,碩網,2021-03-29,46.2,0.20000000000000284,0.43%,,,,,,,,,ShowDailyK_ChartFlow,FinMind_API_TaiwanStockPrice_7547,True,2026-09-25T07:02:02,2026-09-25T07:02:02,2026-09-25T07:02:02
7547,碩網,2021-03-30,45.6,-0.6000000000000014,-1.30%,,,,,,,,,ShowDailyK_ChartFlow,FinMind_API_TaiwanStockPrice_7547,True,2026-09-25T07:02:02,2026-09-25T07:02:02,2026-09-25T07:02:02
7547,碩網,2021-03-31,46.5,0.8999999999999986,1.97%,,,,,,,,,ShowDailyK_ChartFlow,FinMind_API_TaiwanStockPrice_7547,True,2026-09-25T07:02:02,2026-09-25T07:02:02,2026-09-25T07:02:02
7547,碩網,2021-04-01,45.95,-0.5499999999999972,-1.18%,,,,,,,,,ShowDailyK_ChartFlow,FinMind_API_TaiwanStockPrice_7547,True,2026-09-25T07:02:02,2026-09-25T07:02:02,2026-09-25T07:02:02
7547,碩網,2021-04-06,47.5,1.5499999999999972,3.37%,,,,,,,,,ShowDailyK_ChartFlow,FinMind_API_TaiwanStockPrice_7547,True,2026-09-25T07:02:02,2026-09-25T07:02:02,2026-09-25T07:02:02
7547,碩網,2021-04-07,47.5,0.0,0.00%,,,,,,,,,ShowDailyK_ChartFlow,FinMind_API_TaiwanStockPrice_7547,True,2026-09-25T07:02:02,2026-09-25T07:02:02,2026-09-25T07:02:02
7547,碩網,2021-04-08,48.0,0.5,1.05%,,,,,,,,,ShowDailyK_ChartFlow,FinMind_API_TaiwanStockPrice_7547,True,2026-09-25T07:02:02,2026-09-25T07:02:02,2026-09-25T07:02:02
7547,碩網,2021-04-09,47.9,-0.10000000000000142,-0.21%,,,,,,,,,ShowDailyK_ChartFlow,FinMind_API_TaiwanStockPrice_7547,True,2026-09-25T07:02:02,2026-09-25T07:02:02,2026-09-25T07:02:02
7547,碩網,2021-04-12,46.45,-1.4499999999999957,-3.03%,,,,,,,,,ShowDailyK_ChartFlow,FinMind_API_TaiwanStockPrice_7547,True,2026-09-25T07:02:02,2026-09-25T07:02:02,2026-09-25T07:02:02
7547,碩網,2021-04-13,45.0,-1.4500000000000028,-3.12%,,,,,,,,,ShowDailyK_ChartFlow,FinMind_API_TaiwanStockPrice_7547,True,2026-09-25T07:02:02,2026-09-25T07:02:02,2026-09-25T07:02:02
7547,碩網,2021-04-14,45.3,0.29999999999999716,0.67%,,,,,,,,,ShowDailyK_ChartFlow,FinMind_API_TaiwanStockPrice_7547,True,2026-09-25T07:02:02,2026-09-25T07:02:02,2026-09-25T07:02:02
7547,碩網,2021-04-15,44.0,-1.2999999999999972,-2.87%,,,,,,,,,ShowDailyK_ChartFlow,FinMind_API_TaiwanStockPrice_7547,True,2026-09-25T07:02:02,2026-09-25T07:02:02,2026-09-25T07:02:02
7547,碩網,2021-04-16,40.5,-3.5,-7.95%,,,,,,,,,ShowDailyK_ChartFlow,FinMind_API_TaiwanStockPrice_7547,True,2026-09-25T07:02:02,2026-09-25T07:02:02,2026-09-25T07:02:02
7547,碩網,2021-04-19,39.5,-1.0,-2.47%,,,,,,,,,ShowDailyK_ChartFlow,FinMind_API_TaiwanStockPrice_7547,True,2026-09-25T07:02:02,2026-09-25T07:02:02,2026-09-25T07:02:02
7547,碩網,2021-04-20,39.55,0.04999999999999716,0.13%,,,,,,,,,ShowDailyK_ChartFlow,FinMind_API_TaiwanStockPrice_7547,True,2026-09-25T07:02:02,2026-09-25T07:02:02,2026-09-25T07:02:02
7547,碩網,2021-04-21,39.0,-0.5499999999999972,-1.39%,,,,,,,,,ShowDailyK_ChartFlow,FinMind_API_TaiwanStockPrice_7547,True,2026-09-25T07:02:02,2026-09-25T07:02:02,2026-09-25T07:02:02
7547,碩網,2021-04-22,38.5,-0.5,-1.28%,,,,,,,,,ShowDailyK_ChartFlow,FinMind_API_TaiwanStockPrice_7547,True,2026-09-25T07:02:02,2026-09-25T07:02:02,2026-09-25T07:02:02
7547,碩網,2021-04-23,39.0,0.5,1.30%,,,,,,,,,ShowDailyK_ChartFlow,FinMind_API_TaiwanStockPrice_7547,True,2026-09-25T07:02:02,2026-09-25T07:02:02,2026-09-25T07:02:02
7547,碩網,2021-04-26,38.95,-0.04999999999999716,-0.13%,,,,,,,,,ShowDailyK_ChartFlow,FinMind_API_TaiwanStockPrice_7547,True,2026-09-25T07:02:02,2026-09-25T07:02:02,2026-09-25T07:02:02
7547,碩網,2021-04-27,39.0,0.04999999999999716,0.13%,,,,,,,,,ShowDailyK_ChartFlow,FinMind_API_TaiwanStockPrice_7547,True,2026-09-25T07:02:02,2026-09-25T07:02:02,2026-09-25T07:02:02
7547,碩網,2021-04-28,38.6,-0.3999999999999986,-1.03%,,,,,,,,,ShowDailyK_ChartFlow,FinMind_API_TaiwanStockPrice_7547,True,2026-09-25T07:02:02,2026-09-25T07:02:02,2026-09-25T07:02:02
7547,碩網,2021-04-29,38.95,0.3500000000000014,0.91%,,,,,,,,,ShowDailyK_ChartFlow,FinMind_API_TaiwanStockPrice_7547,True,2026-09-25T07:02:02,2026-09-25T07:02:02,2026-09-25T07:02:02
7547,碩網,2021-05-03,38.85,-0.10000000000000142,-0.26%,,,,,,,,,ShowDailyK_ChartFlow,FinMind_API_TaiwanStockPrice_7547,True,2026-09-25T07:02:02,2026-09-25T07:02:02,2026-09-25T07:02:02
7547,碩網,2021-05-04,38.45,-0.3999999999999986,-1.03%,,,,,,,,,ShowDailyK_ChartFlow,FinMind_API_TaiwanStockPrice_7547,True,2026-09-25T07:02:02,2026-09-25T07:02:02,2026-09-25T07:02:02
7547,碩網,2021-05-05,39.2,0.75,1.95%,,,,,,,,,ShowDailyK_ChartFlow,FinMind_API_TaiwanStockPrice_7547,True,2026-09-25T07:02:02,2026-09-25T07:02:02,2026-09-25T07:02:02
7547,碩網,2021-05-06,38.5,-0.7000000000000028,-1.79%,,,,,,,,,ShowDailyK_ChartFlow,FinMind_API_TaiwanStockPrice_7547,True,2026-09-25T07:02:02,2026-09-25T07:02:02,2026-09-25T07:02:02
7547,碩網,2021-05-07,0.0,-38.5,-100.00%,,,,,,,,,ShowDailyK_ChartFlow,FinMind_API_TaiwanStockPrice_7547,True,2026-09-25T07:02:02,2026-09-25T07:02:02,2026-09-25T07:02:02
7547,碩網,2021-05-10,38.1,38.1,,,,,,,,,,ShowDailyK_ChartFlow,FinMind_API_TaiwanStockPrice_7547,True,2026-09-25T07:02:02,2026-09-25T07:02:02,2026-09-25T07:02:02
7547,碩網,2021-05-11,36.6,-1.5,-3.94%,,,,,,,,,ShowDailyK_ChartFlow,FinMind_API_TaiwanStockPrice_7547,True,2026-09-25T07:02:02,2026-09-25T07:02:02,2026-09-25T07:02:02
7547,碩網,2021-05-12,35.9,-0.7000000000000028,-1.91%,,,,,,,,,ShowDailyK_ChartFlow,FinMind_API_TaiwanStockPrice_7547,True,2026-09-25T07:02:02,2026-09-25T07:02:02,2026-09-25T07:02:02
7547,碩網,2021-05-13,36.6,0.7000000000000028,1.95%,,,,,,,,,ShowDailyK_ChartFlow,FinMind_API_TaiwanStockPrice_7547,True,2026-09-25T07:02:02,2026-09-25T07:02:02,2026-09-25T07:02:02
7547,碩網,2021-05-14,35.8,-0.8000000000000043,-2.19%,,,,,,,,,ShowDailyK_ChartFlow,FinMind_API_TaiwanStockPrice_7547,True,2026-09-25T07:02:02,2026-09-25T07:02:02,2026-09-25T07:02:02
7547,碩網,2021-05-17,33.0,-2.799999999999997,-7.82%,,,,,,,,,ShowDailyK_ChartFlow,FinMind_API_TaiwanStockPrice_7547,True,2026-09-25T07:02:02,2026-09-25T07:02:02,2026-09-25T07:02:02
7547,碩網,2021-05-18,33.5,0.5,1.52%,,,,,,,,,ShowDailyK_ChartFlow,FinMind_API_TaiwanStockPrice_7547,True,2026-09-25T07:02:02,2026-09-25T07:02:02,2026-09-25T07:02:02
7547,碩網,2021-05-19,35.1,1.6000000000000014,4.78%,,,,,,,,,ShowDailyK_ChartFlow,FinMind_API_TaiwanStockPrice_7547,True,2026-09-25T07:02:02,2026-09-25T07:02:02,2026-09-25T07:02:02
7547,碩網,2021-05-20,34.3,-0.8000000000000043,-2.28%,,,,,,,,,ShowDailyK_ChartFlow,FinMind_API_TaiwanStockPrice_7547,True,2026-09-25T07:02:02,2026-09-25T07:02:02,2026-09-25T07:02:02
7547,碩網,2021-05-21,34.6,0.30000000000000426,0.87%,,,,,,,,,ShowDailyK_ChartFlow,FinMind_API_TaiwanStockPrice_7547,True,2026-09-25T07:02:02,2026-09-25T07:02:02,2026-09-25T07:02:02
7547,碩網,2021-05-24,34.7,0.10000000000000142,0.29%,,,,,,,,,ShowDailyK_ChartFlow,FinMind_API_TaiwanStockPrice_7547,True,2026-09-25T07:02:02,2026-09-25T07:02:02,2026-09-25T07:02:02
7547,碩網,2021-05-25,0.0,-34.7,-100.00%,,,,,,,,,ShowDailyK_ChartFlow,FinMind_API_TaiwanStockPrice_7547,True,2026-09-25T07:02:02,2026-09-25T07:02:02,2026-09-25T07:02:02
7547,碩網,2021-05-26,0.0,0.0,,,,,,,,,,ShowDailyK_ChartFlow,FinMind_API_TaiwanStockPrice_7547,True,2026-09-25T07:02:02,2026-09-25T07:02:02,2026-09-25T07:02:02
7547,碩網,2021-05-27,35.0,35.0,,,,,,,,,,ShowDailyK_ChartFlow,FinMind_API_TaiwanStockPrice_7547,True,2026-09-25T07:02:02,2026-09-25T07:02:02,2026-09-25T07:02:02
7547,碩網,2021-05-28,35.3,0.29999999999999716,0.86%,,,,,,,,,ShowDailyK_ChartFlow,FinMind_API_TaiwanStockPrice_7547,True,2026-09-25T07:02:02,2026-09-25T07:02:02,2026-09-25T07:02:02
7547,碩網,2021-05-31,33.85,-1.4499999999999957,-4.11%,,,,,,,,,ShowDailyK_ChartFlow,FinMind_API_TaiwanStockPrice_7547,True,2026-09-25T07:02:02,2026-09-25T07:02:02,2026-09-25T07:02:02
7547,碩網,2021-06-01,34.7,0.8500000000000014,2.51%,,,,,,,,,ShowDailyK_ChartFlow,FinMind_API_TaiwanStockPrice_7547,True,2026-09-25T07:02:02,2026-09-25T07:02:02,2026-09-25T07:02:02
7547,碩網,2021-06-02,35.4,0.6999999999999957,2.02%,,,,,,,,,ShowDailyK_ChartFlow,FinMind_API_TaiwanStockPrice_7547,True,2026-09-25T07:02:02,2026-09-25T07:02:02,2026-09-25T07:02:02
7547,碩網,2021-06-03,0.0,-35.4,-100.00%,,,,,,,,,ShowDailyK_ChartFlow,FinMind_API_TaiwanStockPrice_7547,True,2026-09-25T07:02:02,2026-09-25T07:02:02,2026-09-25T07:02:02
7547,碩網,2021-06-04,35.4,35.4,,,,,,,,,,ShowDailyK_ChartFlow,FinMind_API_TaiwanStockPrice_7547,True,2026-09-25T07:02:02,2026-09-25T07:02:02,2026-09-25T07:02:02
7547,碩網,2021-06-07,35.4,0.0,0.00%,,,,,,,,,ShowDailyK_ChartFlow,FinMind_API_TaiwanStockPrice_7547,True,2026-09-25T07:02:02,2026-09-25T07:02:02,2026-09-25T07:02:02
7547,碩網,2021-06-08,35.35,-0.04999999999999716,-0.14%,,,,,,,,,ShowDailyK_ChartFlow,FinMind_API_TaiwanStockPrice_7547,True,2026-09-25T07:02:02,2026-09-25T07:02:02,2026-09-25T07:02:02
7547,碩網,2021-06-09,0.0,-35.35,-100.00%,,,,,,,,,ShowDailyK_ChartFlow,FinMind_API_TaiwanStockPrice_7547,True,2026-09-25T07:02:02,2026-09-25T07:02:02,2026-09-25T07:02:02
7547,碩網,2021-06-10,0.0,0.0,,,,,,,,,,ShowDailyK_ChartFlow,FinMind_API_TaiwanStockPrice_7547,True,2026-09-25T07:02:02,2026-09-25T07:02:02,2026-09-25T07:02:02
7547,碩網,2021-06-11,35.0,35.0,,,,,,,,,,ShowDailyK_ChartFlow,FinMind_API_TaiwanStockPrice_7547,True,2026-09-25T07:02:02,2026-09-25T07:02:02,2026-09-25T07:02:02
7547,碩網,2021-06-15,0.0,-35.0,-100.00%,,,,,,,,,ShowDailyK_ChartFlow,FinMind_API_TaiwanStockPrice_7547,True,2026-09-25T07:02:02,2026-09-25T07:02:02,2026-09-25T07:02:02
7547,碩網,2021-06-16,0.0,0.0,,,,,,,,,,ShowDailyK_ChartFlow,FinMind_API_TaiwanStockPrice_7547,True,2026-09-25T07:02:02,2026-09-25T07:02:02,2026-09-25T07:02:02
7547,碩網,2021-06-17,34.1,34.1,,,,,,,,,,ShowDailyK_ChartFlow,FinMind_API_TaiwanStockPrice_7547,True,2026-09-25T07:02:02,2026-09-25T07:02:02,2026-09-25T07:02:02
7547,碩網,2021-06-18,34.45,0.3500000000000014,1.03%,,,,,,,,,ShowDailyK_ChartFlow,FinMind_API_TaiwanStockPrice_7547,True,2026-09-25T07:02:02,2026-09-25T07:02:02,2026-09-25T07:02:02
7547,碩網,2021-06-21,33.55,-0.9000000000000057,-2.61%,,,,,,,,,ShowDailyK_ChartFlow,FinMind_API_TaiwanStockPrice_7547,True,2026-09-25T07:02:02,2026-09-25T07:02:02,2026-09-25T07:02:02
7547,碩網,2021-06-22,33.55,0.0,0.00%,,,,,,,,,ShowDailyK_ChartFlow,FinMind_API_TaiwanStockPrice_7547,True,2026-09-25T07:02:02,2026-09-25T07:02:02,2026-09-25T07:02:02
7547,碩網,2021-06-23,34.0,0.45000000000000284,1.34%,,,,,,,,,ShowDailyK_ChartFlow,FinMind_API_TaiwanStockPrice_7547,True,2026-09-25T07:02:02,2026-09-25T07:02:02,2026-09-25T07:02:02
7547,碩網,2021-06-24,34.2,0.20000000000000284,0.59%,,,,,,,,,ShowDailyK_ChartFlow,FinMind_API_TaiwanStockPrice_7547,True,2026-09-25T07:02:02,2026-09-25T07:02:02,2026-09-25T07:02:02
7547,碩網,2021-06-25,34.3,0.09999999999999432,0.29%,,,,,,,,,ShowDailyK_ChartFlow,FinMind_API_TaiwanStockPrice_7547,True,2026-09-25T07:02:02,2026-09-25T07:02:02,2026-09-25T07:02:02
7547,碩網,2021-06-28,34.4,0.10000000000000142,0.29%,,,,,,,,,ShowDailyK_ChartFlow,FinMind_API_TaiwanStockPrice_7547,True,2026-09-25T07:02:02,2026-09-25T07:02:02,2026-09-25T07:02:02
7547,碩網,2021-06-29,34.5,0.10000000000000142,0.29%,,,,,,,,,ShowDailyK_ChartFlow,FinMind_API_TaiwanStockPrice_7547,True,2026-09-25T07:02:02,2026-09-25T07:02:02,2026-09-25T07:02:02
7547,碩網,2021-06-30,34.5,0.0,0.00%,-0.31,,-4.65,-5.58,-6.51,-7.44,-8.37,-9.3,ShowDailyK_ChartFlow,FinMind_API_TaiwanStockPrice_7547,True,2026-09-25T07:02:02,2026-09-25T07:02:02,2026-09-25T07:02:02
7547,碩網,2021-07-01,34.0,-0.5,-1.45%,-0.31,,-4.65,-5.58,-6.51,-7.44,-8.37,-9.3,ShowDailyK_ChartFlow,FinMind_API_TaiwanStockPrice_7547,True,2026-09-25T07:02:02,2026-09-25T07:02:02,2026-09-25T07:02:02
7547,碩網,2021-07-02,0.0,-34.0,-100.00%,-0.31,,-4.65,-5.58,-6.51,-7.44,-8.37,-9.3,ShowDailyK_ChartFlow,FinMind_API_TaiwanStockPrice_7547,True,2026-09-25T07:02:02,2026-09-25T07:02:02,2026-09-25T07:02:02
7547,碩網,2021-07-05,33.3,33.3,,-0.31,,-4.65,-5.58,-6.51,-7.44,-8.37,-9.3,ShowDailyK_ChartFlow,FinMind_API_TaiwanStockPrice_7547,True,2026-09-25T07:02:02,2026-09-25T07:02:02,2026-09-25T07:02:02
7547,碩網,2021-07-06,34.0,0.7000000000000028,2.10%,-0.31,,-4.65,-5.58,-6.51,-7.44,-8.37,-9.3,ShowDailyK_ChartFlow,FinMind_API_TaiwanStockPrice_7547,True,2026-09-25T07:02:02,2026-09-25T07:02:02,2026-09-25T07:02:02
7547,碩網,2021-07-07,0.0,-34.0,-100.00%,-0.31,,-4.65,-5.58,-6.51,-7.44,-8.37,-9.3,ShowDailyK_ChartFlow,FinMind_API_TaiwanStockPrice_7547,True,2026-09-25T07:02:02,2026-09-25T07:02:02,2026-09-25T07:02:02
7547,碩網,2021-07-08,0.0,0.0,,-0.31,,-4.65,-5.58,-6.51,-7.44,-8.37,-9.3,ShowDailyK_ChartFlow,FinMind_API_TaiwanStockPrice_7547,True,2026-09-25T07:02:02,2026-09-25T07:02:02,2026-09-25T07:02:02
7547,碩網,2021-07-09,0.0,0.0,,-0.31,,-4.65,-5.58,-6.51,-7.44,-8.37,-9.3,ShowDailyK_ChartFlow,FinMind_API_TaiwanStockPrice_7547,True,2026-09-25T07:02:02,2026-09-25T07:02:02,2026-09-25T07:02:02
7547,碩網,2021-07-12,34.55,34.55,,-0.31,,-4.65,-5.58,-6.51,-7.44,-8.37,-9.3,ShowDailyK_ChartFlow,FinMind_API_TaiwanStockPrice_7547,True,2026-09-25T07:02:02,2026-09-25T07:02:02,2026-09-25T07:02:02
7547,碩網,2021-07-13,34.5,-0.04999999999999716,-0.14%,-0.31,,-4.65,-5.58,-6.51,-7.44,-8.37,-9.3,ShowDailyK_ChartFlow,FinMind_API_TaiwanStockPrice_7547,True,2026-09-25T07:02:02,2026-09-25T07:02:02,2026-09-25T07:02:02
7547,碩網,2021-07-14,34.5,0.0,0.00%,-0.31,,-4.65,-5.58,-6.51,-7.44,-8.37,-9.3,ShowDailyK_ChartFlow,FinMind_API_TaiwanStockPrice_7547,True,2026-09-25T07:02:02,2026-09-25T07:02:02,2026-09-25T07:02:02
7547,碩網,2021-07-15,0.0,-34.5,-100.00%,-0.31,,-4.65,-5.58,-6.51,-7.44,-8.37,-9.3,ShowDailyK_ChartFlow,FinMind_API_TaiwanStockPrice_7547,True,2026-09-25T07:02:02,2026-09-25T07:02:02,2026-09-25T07:02:02
7547,碩網,2021-07-16,0.0,0.0,,-0.31,,-4.65,-5.58,-6.51,-7.44,-8.37,-9.3,ShowDailyK_ChartFlow,FinMind_API_TaiwanStockPrice_7547,True,2026-09-25T07:02:02,2026-09-25T07:02:02,2026-09-25T07:02:02
7547,碩網,2021-07-19,0.0,0.0,,-0.31,,-4.65,-5.58,-6.51,-7.44,-8.37,-9.3,ShowDailyK_ChartFlow,FinMind_API_TaiwanStockPrice_7547,True,2026-09-25T07:02:02,2026-09-25T07:02:02,2026-09-25T07:02:02
7547,碩網,2021-07-20,0.0,0.0,,-0.31,,-4.65,-5.58,-6.51,-7.44,-8.37,-9.3,ShowDailyK_ChartFlow,FinMind_API_TaiwanStockPrice_7547,True,2026-09-25T07:02:02,2026-09-25T07:02:02,2026-09-25T07:02:02
7547,碩網,2021-07-21,33.5,33.5,,-0.31,,-4.65,-5.58,-6.51,-7.44,-8.37,-9.3,ShowDailyK_ChartFlow,FinMind_API_TaiwanStockPrice_7547,True,2026-09-25T07:02:02,2026-09-25T07:02:02,2026-09-25T07:02:02
7547,碩網,2021-07-22,33.0,-0.5,-1.49%,-0.31,,-4.65,-5.58,-6.51,-7.44,-8.37,-9.3,ShowDailyK_ChartFlow,FinMind_API_TaiwanStockPrice_7547,True,2026-09-25T07:02:02,2026-09-25T07:02:02,2026-09-25T07:02:02
7547,碩網,2021-07-23,33.0,0.0,0.00%,-0.31,,-4.65,-5.58,-6.51,-7.44,-8.37,-9.3,ShowDailyK_ChartFlow,FinMind_API_TaiwanStockPrice_7547,True,2026-09-25T07:02:02,2026-09-25T07:02:02,2026-09-25T07:02:02
7547,碩網,2021-07-26,34.0,1.0,3.03%,-0.31,,-4.65,-5.58,-6.51,-7.44,-8.37,-9.3,ShowDailyK_ChartFlow,FinMind_API_TaiwanStockPrice_7547,True,2026-09-25T07:02:02,2026-09-25T07:02:02,2026-09-25T07:02:02
7547,碩網,2021-07-27,33.05,-0.9500000000000028,-2.79%,-0.31,,-4.65,-5.58,-6.51,-7.44,-8.37,-9.3,ShowDailyK_ChartFlow,FinMind_API_TaiwanStockPrice_7547,True,2026-09-25T07:02:02,2026-09-25T07:02:02,2026-09-25T07:02:02
7547,碩網,2021-07-28,0.0,-33.05,-100.00%,-0.31,,-4.65,-5.58,-6.51,-7.44,-8.37,-9.3,ShowDailyK_ChartFlow,FinMind_API_TaiwanStockPrice_7547,True,2026-09-25T07:02:02,2026-09-25T07:02:02,2026-09-25T07:02:02
7547,碩網,2021-07-29,0.0,0.0,,-0.31,,-4.65,-5.58,-6.51,-7.44,-8.37,-9.3,ShowDailyK_ChartFlow,FinMind_API_TaiwanStockPrice_7547,True,2026-09-25T07:02:02,2026-09-25T07:02:02,2026-09-25T07:02:02
7547,碩網,2021-07-30,33.1,33.1,,-0.31,,-4.65,-5.58,-6.51,-7.44,-8.37,-9.3,ShowDailyK_ChartFlow,FinMind_API_TaiwanStockPrice_7547,True,2026-09-25T07:02:02,2026-09-25T07:02:02,2026-09-25T07:02:02
7547,碩網,2021-08-02,34.2,1.1000000000000014,3.32%,-0.31,,-4.65,-5.58,-6.51,-7.44,-8.37,-9.3,ShowDailyK_ChartFlow,FinMind_API_TaiwanStockPrice_7547,True,2026-09-25T07:02:02,2026-09-25T07:02:02,2026-09-25T07:02:02
7547,碩網,2021-08-03,34.7,0.5,1.46%,-0.31,,-4.65,-5.58,-6.51,-7.44,-8.37,-9.3,ShowDailyK_ChartFlow,FinMind_API_TaiwanStockPrice_7547,True,2026-09-25T07:02:02,2026-09-25T07:02:02,2026-09-25T07:02:02
7547,碩網,2021-08-04,34.75,0.04999999999999716,0.14%,-0.31,,-4.65,-5.58,-6.51,-7.44,-8.37,-9.3,ShowDailyK_ChartFlow,FinMind_API_TaiwanStockPrice_7547,True,2026-09-25T07:02:02,2026-09-25T07:02:02,2026-09-25T07:02:02
7547,碩網,2021-08-05,0.0,-34.75,-100.00%,-0.31,,-4.65,-5.58,-6.51,-7.44,-8.37,-9.3,ShowDailyK_ChartFlow,FinMind_API_TaiwanStockPrice_7547,True,2026-09-25T07:02:02,2026-09-25T07:02:02,2026-09-25T07:02:02
7547,碩網,2021-08-06,33.3,33.3,,-0.31,,-4.65,-5.58,-6.51,-7.44,-8.37,-9.3,ShowDailyK_ChartFlow,FinMind_API_TaiwanStockPrice_7547,True,2026-09-25T07:02:02,2026-09-25T07:02:02,2026-09-25T07:02:02
7547,碩網,2021-08-09,0.0,-33.3,-100.00%,-0.31,,-4.65,-5.58,-6.51,-7.44,-8.37,-9.3,ShowDailyK_ChartFlow,FinMind_API_TaiwanStockPrice_7547,True,2026-09-25T07:02:02,2026-09-25T07:02:02,2026-09-25T07:02:02
7547,碩網,2021-08-10,33.3,33.3,,-0.31,,-4.65,-5.58,-6.51,-7.44,-8.37,-9.3,ShowDailyK_ChartFlow,FinMind_API_TaiwanStockPrice_7547,True,2026-09-25T07:02:02,2026-09-25T07:02:02,2026-09-25T07:02:02
7547,碩網,2021-08-11,33.95,0.6500000000000057,1.95%,-0.31,,-4.65,-5.58,-6.51,-7.44,-8.37,-9.3,ShowDailyK_ChartFlow,FinMind_API_TaiwanStockPrice_7547,True,2026-09-25T07:02:02,2026-09-25T07:02:02,2026-09-25T07:02:02
7547,碩網,2021-08-12,0.0,-33.95,-100.00%,-0.31,,-4.65,-5.58,-6.51,-7.44,-8.37,-9.3,ShowDailyK_ChartFlow,FinMind_API_TaiwanStockPrice_7547,True,2026-09-25T07:02:02,2026-09-25T07:02:02,2026-09-25T07:02:02
7547,碩網,2021-08-13,33.25,33.25,,-0.31,,-4.65,-5.58,-6.51,-7.44,-8.37,-9.3,ShowDailyK_ChartFlow,FinMind_API_TaiwanStockPrice_7547,True,2026-09-25T07:02:02,2026-09-25T07:02:02,2026-09-25T07:02:02
7547,碩網,2021-08-16,0.0,-33.25,-100.00%,-0.31,,-4.65,-5.58,-6.51,-7.44,-8.37,-9.3,ShowDailyK_ChartFlow,FinMind_API_TaiwanStockPrice_7547,True,2026-09-25T07:02:02,2026-09-25T07:02:02,2026-09-25T07:02:02
7547,碩網,2021-08-17,0.0,0.0,,-0.31,,-4.65,-5.58,-6.51,-7.44,-8.37,-9.3,ShowDailyK_ChartFlow,FinMind_API_TaiwanStockPrice_7547,True,2026-09-25T07:02:02,2026-09-25T07:02:02,2026-09-25T07:02:02
7547,碩網,2021-08-18,0.0,0.0,,-0.31,,-4.65,-5.58,-6.51,-7.44,-8.37,-9.3,ShowDailyK_ChartFlow,FinMind_API_TaiwanStockPrice_7547,True,2026-09-25T07:02:02,2026-09-25T07:02:02,2026-09-25T07:02:02
7547,碩網,2021-08-19,0.0,0.0,,-0.31,,-4.65,-5.58,-6.51,-7.44,-8.37,-9.3,ShowDailyK_ChartFlow,FinMind_API_TaiwanStockPrice_7547,True,2026-09-25T07:02:02,2026-09-25T07:02:02,2026-09-25T07:02:02
7547,碩網,2021-08-20,34.7,34.7,,-0.31,,-4.65,-5.58,-6.51,-7.44,-8.37,-9.3,ShowDailyK_ChartFlow,FinMind_API_TaiwanStockPrice_7547,True,2026-09-25T07:02:02,2026-09-25T07:02:02,2026-09-25T07:02:02
7547,碩網,2021-08-23,34.7,0.0,0.00%,-0.31,,-4.65,-5.58,-6.51,-7.44,-8.37,-9.3,ShowDailyK_ChartFlow,FinMind_API_TaiwanStockPrice_7547,True,2026-09-25T07:02:02,2026-09-25T07:02:02,2026-09-25T07:02:02
7547,碩網,2021-08-24,34.7,0.0,0.00%,-0.31,,-4.65,-5.58,-6.51,-7.44,-8.37,-9.3,ShowDailyK_ChartFlow,FinMind_API_TaiwanStockPrice_7547,True,2026-09-25T07:02:02,2026-09-25T07:02:02,2026-09-25T07:02:02
7547,碩網,2021-08-25,0.0,-34.7,-100.00%,-0.31,,-4.65,-5.58,-6.51,-7.44,-8.37,-9.3,ShowDailyK_ChartFlow,FinMind_API_TaiwanStockPrice_7547,True,2026-09-25T07:02:02,2026-09-25T07:02:02,2026-09-25T07:02:02
7547,碩網,2021-08-26,0.0,0.0,,-0.31,,-4.65,-5.58,-6.51,-7.44,-8.37,-9.3,ShowDailyK_ChartFlow,FinMind_API_TaiwanStockPrice_7547,True,2026-09-25T07:02:02,2026-09-25T07:02:02,2026-09-25T07:02:02
7547,碩網,2021-08-27,0.0,0.0,,-0.31,,-4.65,-5.58,-6.51,-7.44,-8.37,-9.3,ShowDailyK_ChartFlow,FinMind_API_TaiwanStockPrice_7547,True,2026-09-25T07:02:02,2026-09-25T07:02:02,2026-09-25T07:02:02
7547,碩網,2021-08-30,0.0,0.0,,-0.31,,-4.65,-5.58,-6.51,-7.44,-8.37,-9.3,ShowDailyK_ChartFlow,FinMind_API_TaiwanStockPrice_7547,True,2026-09-25T07:02:02,2026-09-25T07:02:02,2026-09-25T07:02:02
7547,碩網,2021-08-31,34.3,34.3,,-0.31,,-4.65,-5.58,-6.51,-7.44,-8.37,-9.3,ShowDailyK_ChartFlow,FinMind_API_TaiwanStockPrice_7547,True,2026-09-25T07:02:02,2026-09-25T07:02:02,2026-09-25T07:02:02
7547,碩網,2021-09-01,0.0,-34.3,-100.00%,-0.31,,-4.65,-5.58,-6.51,-7.44,-8.37,-9.3,ShowDailyK_ChartFlow,FinMind_API_TaiwanStockPrice_7547,True,2026-09-25T07:02:02,2026-09-25T07:02:02,2026-09-25T07:02:02
7547,碩網,2021-09-02,0.0,0.0,,-0.31,,-4.65,-5.58,-6.51,-7.44,-8.37,-9.3,ShowDailyK_ChartFlow,FinMind_API_TaiwanStockPrice_7547,True,2026-09-25T07:02:02,2026-09-25T07:02:02,2026-09-25T07:02:02
7547,碩網,2021-09-03,0.0,0.0,,-0.31,,-4.65,-5.58,-6.51,-7.44,-8.37,-9.3,ShowDailyK_ChartFlow,FinMind_API_TaiwanStockPrice_7547,True,2026-09-25T07:02:02,2026-09-25T07:02:02,2026-09-25T07:02:02
7547,碩網,2021-09-06,0.0,0.0,,-0.31,,-4.65,-5.58,-6.51,-7.44,-8.37,-9.3,ShowDailyK_ChartFlow,FinMind_API_TaiwanStockPrice_7547,True,2026-09-25T07:02:02,2026-09-25T07:02:02,2026-09-25T07:02:02
7547,碩網,2021-09-07,34.3,34.3,,-0.31,,-4.65,-5.58,-6.51,-7.44,-8.37,-9.3,ShowDailyK_ChartFlow,FinMind_API_TaiwanStockPrice_7547,True,2026-09-25T07:02:02,2026-09-25T07:02:02,2026-09-25T07:02:02
7547,碩網,2021-09-08,34.25,-0.04999999999999716,-0.15%,-0.31,,-4.65,-5.58,-6.51,-7.44,-8.37,-9.3,ShowDailyK_ChartFlow,FinMind_API_TaiwanStockPrice_7547,True,2026-09-25T07:02:02,2026-09-25T07:02:02,2026-09-25T07:02:02
7547,碩網,2021-09-09,34.3,0.04999999999999716,0.15%,-0.31,,-4.65,-5.58,-6.51,-7.44,-8.37,-9.3,ShowDailyK_ChartFlow,FinMind_API_TaiwanStockPrice_7547,True,2026-09-25T07:02:02,2026-09-25T07:02:02,2026-09-25T07:02:02
7547,碩網,2021-09-10,0.0,-34.3,-100.00%,-0.31,,-4.65,-5.58,-6.51,-7.44,-8.37,-9.3,ShowDailyK_ChartFlow,FinMind_API_TaiwanStockPrice_7547,True,2026-09-25T07:02:02,2026-09-25T07:02:02,2026-09-25T07:02:02
7547,碩網,2021-09-13,33.0,33.0,,-0.31,,-4.65,-5.58,-6.51,-7.44,-8.37,-9.3,ShowDailyK_ChartFlow,FinMind_API_TaiwanStockPrice_7547,True,2026-09-25T07:02:02,2026-09-25T07:02:02,2026-09-25T07:02:02
7547,碩網,2021-09-14,34.0,1.0,3.03%,-0.31,,-4.65,-5.58,-6.51,-7.44,-8.37,-9.3,ShowDailyK_ChartFlow,FinMind_API_TaiwanStockPrice_7547,True,2026-09-25T07:02:02,2026-09-25T07:02:02,2026-09-25T07:02:02
7547,碩網,2021-09-15,0.0,-34.0,-100.00%,-0.31,,-4.65,-5.58,-6.51,-7.44,-8.37,-9.3,ShowDailyK_ChartFlow,FinMind_API_TaiwanStockPrice_7547,True,2026-09-25T07:02:02,2026-09-25T07:02:02,2026-09-25T07:02:02
7547,碩網,2021-09-16,0.0,0.0,,-0.31,,-4.65,-5.58,-6.51,-7.44,-8.37,-9.3,ShowDailyK_ChartFlow,FinMind_API_TaiwanStockPrice_7547,True,2026-09-25T07:02:02,2026-09-25T07:02:02,2026-09-25T07:02:02
7547,碩網,2021-09-17,0.0,0.0,,-0.31,,-4.65,-5.58,-6.51,-7.44,-8.37,-9.3,ShowDailyK_ChartFlow,FinMind_API_TaiwanStockPrice_7547,True,2026-09-25T07:02:02,2026-09-25T07:02:02,2026-09-25T07:02:02
7547,碩網,2021-09-22,34.15,34.15,,-0.31,,-4.65,-5.58,-6.51,-7.44,-8.37,-9.3,ShowDailyK_ChartFlow,FinMind_API_TaiwanStockPrice_7547,True,2026-09-25T07:02:02,2026-09-25T07:02:02,2026-09-25T07:02:02
7547,碩網,2021-09-23,34.0,-0.14999999999999858,-0.44%,-0.31,,-4.65,-5.58,-6.51,-7.44,-8.37,-9.3,ShowDailyK_ChartFlow,FinMind_API_TaiwanStockPrice_7547,True,2026-09-25T07:02:02,2026-09-25T07:02:02,2026-09-25T07:02:02
7547,碩網,2021-09-24,32.4,-1.6000000000000014,-4.71%,-0.31,,-4.65,-5.58,-6.51,-7.44,-8.37,-9.3,ShowDailyK_ChartFlow,FinMind_API_TaiwanStockPrice_7547,True,2026-09-25T07:02:02,2026-09-25T07:02:02,2026-09-25T07:02:02
7547,碩網,2021-09-27,33.45,1.0500000000000043,3.24%,-0.31,,-4.65,-5.58,-6.51,-7.44,-8.37,-9.3,ShowDailyK_ChartFlow,FinMind_API_TaiwanStockPrice_7547,True,2026-09-25T07:02:02,2026-09-25T07:02:02,2026-09-25T07:02:02
7547,碩網,2021-09-28,34.05,0.5999999999999943,1.79%,-0.31,,-4.65,-5.58,-6.51,-7.44,-8.37,-9.3,ShowDailyK_ChartFlow,FinMind_API_TaiwanStockPrice_7547,True,2026-09-25T07:02:02,2026-09-25T07:02:02,2026-09-25T07:02:02
7547,碩網,2021-09-29,33.7,-0.3499999999999943,-1.03%,-0.31,,-4.65,-5.58,-6.51,-7.44,-8.37,-9.3,ShowDailyK_ChartFlow,FinMind_API_TaiwanStockPrice_7547,True,2026-09-25T07:02:02,2026-09-25T07:02:02,2026-09-25T07:02:02
7547,碩網,2021-09-30,0.0,-33.7,-100.00%,-0.31,,-4.65,-5.58,-6.51,-7.44,-8.37,-9.3,ShowDailyK_ChartFlow,FinMind_API_TaiwanStockPrice_7547,True,2026-09-25T07:02:02,2026-09-25T07:02:02,2026-09-25T07:02:02
7547,碩網,2021-10-01,33.5,33.5,,-0.31,,-4.65,-5.58,-6.51,-7.44,-8.37,-9.3,ShowDailyK_ChartFlow,FinMind_API_TaiwanStockPrice_7547,True,2026-09-25T07:02:02,2026-09-25T07:02:02,2026-09-25T07:02:02
7547,碩網,2021-10-04,31.1,-2.3999999999999986,-7.16%,-0.31,,-4.65,-5.58,-6.51,-7.44,-8.37,-9.3,ShowDailyK_ChartFlow,FinMind_API_TaiwanStockPrice_7547,True,2026-09-25T07:02:02,2026-09-25T07:02:02,2026-09-25T07:02:02
7547,碩網,2021-10-05,30.1,-1.0,-3.22%,-0.31,,-4.65,-5.58,-6.51,-7.44,-8.37,-9.3,ShowDailyK_ChartFlow,FinMind_API_TaiwanStockPrice_7547,True,2026-09-25T07:02:02,2026-09-25T07:02:02,2026-09-25T07:02:02
7547,碩網,2021-10-06,30.8,0.6999999999999993,2.33%,-0.31,,-4.65,-5.58,-6.51,-7.44,-8.37,-9.3,ShowDailyK_ChartFlow,FinMind_API_TaiwanStockPrice_7547,True,2026-09-25T07:02:02,2026-09-25T07:02:02,2026-09-25T07:02:02
7547,碩網,2021-10-07,30.15,-0.6500000000000021,-2.11%,-0.31,,-4.65,-5.58,-6.51,-7.44,-8.37,-9.3,ShowDailyK_ChartFlow,FinMind_API_TaiwanStockPrice_7547,True,2026-09-25T07:02:02,2026-09-25T07:02:02,2026-09-25T07:02:02
7547,碩網,2021-10-08,29.7,-0.4499999999999993,-1.49%,-0.31,,-4.65,-5.58,-6.51,-7.44,-8.37,-9.3,ShowDailyK_ChartFlow,FinMind_API_TaiwanStockPrice_7547,True,2026-09-25T07:02:02,2026-09-25T07:02:02,2026-09-25T07:02:02
7547,碩網,2021-10-12,29.7,0.0,0.00%,-0.31,,-4.65,-5.58,-6.51,-7.44,-8.37,-9.3,ShowDailyK_ChartFlow,FinMind_API_TaiwanStockPrice_7547,True,2026-09-25T07:02:02,2026-09-25T07:02:02,2026-09-25T07:02:02
7547,碩網,2021-10-13,29.5,-0.1999999999999993,-0.67%,-0.31,,-4.65,-5.58,-6.51,-7.44,-8.37,-9.3,ShowDailyK_ChartFlow,FinMind_API_TaiwanStockPrice_7547,True,2026-09-25T07:02:02,2026-09-25T07:02:02,2026-09-25T07:02:02
7547,碩網,2021-10-14,29.3,-0.1999999999999993,-0.68%,-0.31,,-4.65,-5.58,-6.51,-7.44,-8.37,-9.3,ShowDailyK_ChartFlow,FinMind_API_TaiwanStockPrice_7547,True,2026-09-25T07:02:02,2026-09-25T07:02:02,2026-09-25T07:02:02
7547,碩網,2021-10-15,0.0,-29.3,-100.00%,-0.31,,-4.65,-5.58,-6.51,-7.44,-8.37,-9.3,ShowDailyK_ChartFlow,FinMind_API_TaiwanStockPrice_7547,True,2026-09-25T07:02:02,2026-09-25T07:02:02,2026-09-25T07:02:02
7547,碩網,2021-10-18,0.0,0.0,,-0.31,,-4.65,-5.58,-6.51,-7.44,-8.37,-9.3,ShowDailyK_ChartFlow,FinMind_API_TaiwanStockPrice_7547,True,2026-09-25T07:02:02,2026-09-25T07:02:02,2026-09-25T07:02:02
7547,碩網,2021-10-19,0.0,0.0,,-0.31,,-4.65,-5.58,-6.51,-7.44,-8.37,-9.3,ShowDailyK_ChartFlow,FinMind_API_TaiwanStockPrice_7547,True,2026-09-25T07:02:02,2026-09-25T07:02:02,2026-09-25T07:02:02
7547,碩網,2021-10-20,0.0,0.0,,-0.31,,-4.65,-5.58,-6.51,-7.44,-8.37,-9.3,ShowDailyK_ChartFlow,FinMind_API_TaiwanStockPrice_7547,True,2026-09-25T07:02:02,2026-09-25T07:02:02,2026-09-25T07:02:02
7547,碩網,2021-10-21,28.5,28.5,,-0.31,,-4.65,-5.58,-6.51,-7.44,-8.37,-9.3,ShowDailyK_ChartFlow,FinMind_API_TaiwanStockPrice_7547,True,2026-09-25T07:02:02,2026-09-25T07:02:02,2026-09-25T07:02:02
7547,碩網,2021-10-22,27.55,-0.9499999999999993,-3.33%,-0.31,,-4.65,-5.58,-6.51,-7.44,-8.37,-9.3,ShowDailyK_ChartFlow,FinMind_API_TaiwanStockPrice_7547,True,2026-09-25T07:02:02,2026-09-25T07:02:02,2026-09-25T07:02:02
7547,碩網,2021-10-25,0.0,-27.55,-100.00%,-0.31,,-4.65,-5.58,-6.51,-7.44,-8.37,-9.3,ShowDailyK_ChartFlow,FinMind_API_TaiwanStockPrice_7547,True,2026-09-25T07:02:02,2026-09-25T07:02:02,2026-09-25T07:02:02
7547,碩網,2021-10-26,28.2,28.2,,-0.31,,-4.65,-5.58,-6.51,-7.44,-8.37,-9.3,ShowDailyK_ChartFlow,FinMind_API_TaiwanStockPrice_7547,True,2026-09-25T07:02:02,2026-09-25T07:02:02,2026-09-25T07:02:02
7547,碩網,2021-10-27,30.0,1.8000000000000007,6.38%,-0.31,,-4.65,-5.58,-6.51,-7.44,-8.37,-9.3,ShowDailyK_ChartFlow,FinMind_API_TaiwanStockPrice_7547,True,2026-09-25T07:02:02,2026-09-25T07:02:02,2026-09-25T07:02:02
7547,碩網,2021-10-28,30.0,0.0,0.00%,-0.31,,-4.65,-5.58,-6.51,-7.44,-8.37,-9.3,ShowDailyK_ChartFlow,FinMind_API_TaiwanStockPrice_7547,True,2026-09-25T07:02:02,2026-09-25T07:02:02,2026-09-25T07:02:02
7547,碩網,2021-10-29,0.0,-30.0,-100.00%,-0.31,,-4.65,-5.58,-6.51,-7.44,-8.37,-9.3,ShowDailyK_ChartFlow,FinMind_API_TaiwanStockPrice_7547,True,2026-09-25T07:02:02,2026-09-25T07:02:02,2026-09-25T07:02:02
7547,碩網,2021-11-01,0.0,0.0,,-0.31,,-4.65,-5.58,-6.51,-7.44,-8.37,-9.3,ShowDailyK_ChartFlow,FinMind_API_TaiwanStockPrice_7547,True,2026-09-25T07:02:02,2026-09-25T07:02:02,2026-09-25T07:02:02
7547,碩網,2021-11-02,29.25,29.25,,-0.31,,-4.65,-5.58,-6.51,-7.44,-8.37,-9.3,ShowDailyK_ChartFlow,FinMind_API_TaiwanStockPrice_7547,True,2026-09-25T07:02:02,2026-09-25T07:02:02,2026-09-25T07:02:02
7547,碩網,2021-11-03,30.0,0.75,2.56%,-0.31,,-4.65,-5.58,-6.51,-7.44,-8.37,-9.3,ShowDailyK_ChartFlow,FinMind_API_TaiwanStockPrice_7547,True,2026-09-25T07:02:02,2026-09-25T07:02:02,2026-09-25T07:02:02
7547,碩網,2021-11-04,29.5,-0.5,-1.67%,-0.31,,-4.65,-5.58,-6.51,-7.44,-8.37,-9.3,ShowDailyK_ChartFlow,FinMind_API_TaiwanStockPrice_7547,True,2026-09-25T07:02:02,2026-09-25T07:02:02,2026-09-25T07:02:02
7547,碩網,2021-11-05,29.0,-0.5,-1.69%,-0.31,,-4.65,-5.58,-6.51,-7.44,-8.37,-9.3,ShowDailyK_ChartFlow,FinMind_API_TaiwanStockPrice_7547,True,2026-09-25T07:02:02,2026-09-25T07:02:02,2026-09-25T07:02:02
7547,碩網,2021-11-08,31.0,2.0,6.90%,-0.31,,-4.65,-5.58,-6.51,-7.44,-8.37,-9.3,ShowDailyK_ChartFlow,FinMind_API_TaiwanStockPrice_7547,True,2026-09-25T07:02:02,2026-09-25T07:02:02,2026-09-25T07:02:02
7547,碩網,2021-11-09,30.5,-0.5,-1.61%,-0.31,,-4.65,-5.58,-6.51,-7.44,-8.37,-9.3,ShowDailyK_ChartFlow,FinMind_API_TaiwanStockPrice_7547,True,2026-09-25T07:02:02,2026-09-25T07:02:02,2026-09-25T07:02:02
7547,碩網,2021-11-10,32.0,1.5,4.92%,-0.31,,-4.65,-5.58,-6.51,-7.44,-8.37,-9.3,ShowDailyK_ChartFlow,FinMind_API_TaiwanStockPrice_7547,True,2026-09-25T07:02:02,2026-09-25T07:02:02,2026-09-25T07:02:02
7547,碩網,2021-11-11,30.55,-1.4499999999999993,-4.53%,-0.31,,-4.65,-5.58,-6.51,-7.44,-8.37,-9.3,ShowDailyK_ChartFlow,FinMind_API_TaiwanStockPrice_7547,True,2026-09-25T07:02:02,2026-09-25T07:02:02,2026-09-25T07:02:02
7547,碩網,2021-11-12,31.0,0.4499999999999993,1.47%,-0.31,,-4.65,-5.58,-6.51,-7.44,-8.37,-9.3,ShowDailyK_ChartFlow,FinMind_API_TaiwanStockPrice_7547,True,2026-09-25T07:02:02,2026-09-25T07:02:02,2026-09-25T07:02:02
7547,碩網,2021-11-15,29.45,-1.5500000000000007,-5.00%,-0.31,,-4.65,-5.58,-6.51,-7.44,-8.37,-9.3,ShowDailyK_ChartFlow,FinMind_API_TaiwanStockPrice_7547,True,2026-09-25T07:02:02,2026-09-25T07:02:02,2026-09-25T07:02:02
7547,碩網,2021-11-16,29.0,-0.4499999999999993,-1.53%,-0.31,,-4.65,-5.58,-6.51,-7.44,-8.37,-9.3,ShowDailyK_ChartFlow,FinMind_API_TaiwanStockPrice_7547,True,2026-09-25T07:02:02,2026-09-25T07:02:02,2026-09-25T07:02:02
7547,碩網,2021-11-17,30.0,1.0,3.45%,-0.31,,-4.65,-5.58,-6.51,-7.44,-8.37,-9.3,ShowDailyK_ChartFlow,FinMind_API_TaiwanStockPrice_7547,True,2026-09-25T07:02:02,2026-09-25T07:02:02,2026-09-25T07:02:02
7547,碩網,2021-11-18,30.75,0.75,2.50%,-0.31,,-4.65,-5.58,-6.51,-7.44,-8.37,-9.3,ShowDailyK_ChartFlow,FinMind_API_TaiwanStockPrice_7547,True,2026-09-25T07:02:02,2026-09-25T07:02:02,2026-09-25T07:02:02
7547,碩網,2021-11-19,0.0,-30.75,-100.00%,-0.31,,-4.65,-5.58,-6.51,-7.44,-8.37,-9.3,ShowDailyK_ChartFlow,FinMind_API_TaiwanStockPrice_7547,True,2026-09-25T07:02:02,2026-09-25T07:02:02,2026-09-25T07:02:02
7547,碩網,2021-11-22,0.0,0.0,,-0.31,,-4.65,-5.58,-6.51,-7.44,-8.37,-9.3,ShowDailyK_ChartFlow,FinMind_API_TaiwanStockPrice_7547,True,2026-09-25T07:02:02,2026-09-25T07:02:02,2026-09-25T07:02:02
7547,碩網,2021-11-23,30.0,30.0,,-0.31,,-4.65,-5.58,-6.51,-7.44,-8.37,-9.3,ShowDailyK_ChartFlow,FinMind_API_TaiwanStockPrice_7547,True,2026-09-25T07:02:02,2026-09-25T07:02:02,2026-09-25T07:02:02
7547,碩網,2021-11-24,42.0,12.0,40.00%,-0.31,,-4.65,-5.58,-6.51,-7.44,-8.37,-9.3,ShowDailyK_ChartFlow,FinMind_API_TaiwanStockPrice_7547,True,2026-09-25T07:02:02,2026-09-25T07:02:02,2026-09-25T07:02:02
7547,碩網,2021-11-25,43.75,1.75,4.17%,-0.31,,-4.65,-5.58,-6.51,-7.44,-8.37,-9.3,ShowDailyK_ChartFlow,FinMind_API_TaiwanStockPrice_7547,True,2026-09-25T07:02:02,2026-09-25T07:02:02,2026-09-25T07:02:02
7547,碩網,2021-11-26,37.45,-6.299999999999997,-14.40%,-0.31,,-4.65,-5.58,-6.51,-7.44,-8.37,-9.3,ShowDailyK_ChartFlow,FinMind_API_TaiwanStockPrice_7547,True,2026-09-25T07:02:02,2026-09-25T07:02:02,2026-09-25T07:02:02
7547,碩網,2021-11-29,36.8,-0.6500000000000057,-1.74%,-0.31,,-4.65,-5.58,-6.51,-7.44,-8.37,-9.3,ShowDailyK_ChartFlow,FinMind_API_TaiwanStockPrice_7547,True,2026-09-25T07:02:02,2026-09-25T07:02:02,2026-09-25T07:02:02
7547,碩網,2021-11-30,37.7,0.9000000000000057,2.45%,-0.31,,-4.65,-5.58,-6.51,-7.44,-8.37,-9.3,ShowDailyK_ChartFlow,FinMind_API_TaiwanStockPrice_7547,True,2026-09-25T07:02:02,2026-09-25T07:02:02,2026-09-25T07:02:02
7547,碩網,2021-12-01,36.0,-1.7000000000000028,-4.51%,-0.31,,-4.65,-5.58,-6.51,-7.44,-8.37,-9.3,ShowDailyK_ChartFlow,FinMind_API_TaiwanStockPrice_7547,True,2026-09-25T07:02:02,2026-09-25T07:02:02,2026-09-25T07:02:02
7547,碩網,2021-12-02,37.5,1.5,4.17%,-0.31,,-4.65,-5.58,-6.51,-7.44,-8.37,-9.3,ShowDailyK_ChartFlow,FinMind_API_TaiwanStockPrice_7547,True,2026-09-25T07:02:02,2026-09-25T07:02:02,2026-09-25T07:02:02
7547,碩網,2021-12-03,37.5,0.0,0.00%,-0.31,,-4.65,-5.58,-6.51,-7.44,-8.37,-9.3,ShowDailyK_ChartFlow,FinMind_API_TaiwanStockPrice_7547,True,2026-09-25T07:02:02,2026-09-25T07:02:02,2026-09-25T07:02:02
7547,碩網,2021-12-06,36.45,-1.0499999999999972,-2.80%,-0.31,,-4.65,-5.58,-6.51,-7.44,-8.37,-9.3,ShowDailyK_ChartFlow,FinMind_API_TaiwanStockPrice_7547,True,2026-09-25T07:02:02,2026-09-25T07:02:02,2026-09-25T07:02:02
7547,碩網,2021-12-07,0.0,-36.45,-100.00%,-0.31,,-4.65,-5.58,-6.51,-7.44,-8.37,-9.3,ShowDailyK_ChartFlow,FinMind_API_TaiwanStockPrice_7547,True,2026-09-25T07:02:02,2026-09-25T07:02:02,2026-09-25T07:02:02
7547,碩網,2021-12-08,45.0,45.0,,-0.31,,-4.65,-5.58,-6.51,-7.44,-8.37,-9.3,ShowDailyK_ChartFlow,FinMind_API_TaiwanStockPrice_7547,True,2026-09-25T07:02:02,2026-09-25T07:02:02,2026-09-25T07:02:02
7547,碩網,2021-12-09,42.1,-2.8999999999999986,-6.44%,-0.31,,-4.65,-5.58,-6.51,-7.44,-8.37,-9.3,ShowDailyK_ChartFlow,FinMind_API_TaiwanStockPrice_7547,True,2026-09-25T07:02:02,2026-09-25T07:02:02,2026-09-25T07:02:02
7547,碩網,2021-12-10,40.05,-2.0500000000000043,-4.87%,-0.31,,-4.65,-5.58,-6.51,-7.44,-8.37,-9.3,ShowDailyK_ChartFlow,FinMind_API_TaiwanStockPrice_7547,True,2026-09-25T07:02:02,2026-09-25T07:02:02,2026-09-25T07:02:02
7547,碩網,2021-12-13,40.9,0.8500000000000014,2.12%,-0.31,,-4.65,-5.58,-6.51,-7.44,-8.37,-9.3,ShowDailyK_ChartFlow,FinMind_API_TaiwanStockPrice_7547,True,2026-09-25T07:02:02,2026-09-25T07:02:02,2026-09-25T07:02:02
7547,碩網,2021-12-14,40.2,-0.6999999999999957,-1.71%,-0.31,,-4.65,-5.58,-6.51,-7.44,-8.37,-9.3,ShowDailyK_ChartFlow,FinMind_API_TaiwanStockPrice_7547,True,2026-09-25T07:02:02,2026-09-25T07:02:02,2026-09-25T07:02:02
7547,碩網,2021-12-15,0.0,-40.2,-100.00%,-0.31,,-4.65,-5.58,-6.51,-7.44,-8.37,-9.3,ShowDailyK_ChartFlow,FinMind_API_TaiwanStockPrice_7547,True,2026-09-25T07:02:02,2026-09-25T07:02:02,2026-09-25T07:02:02
7547,碩網,2021-12-16,0.0,0.0,,-0.31,,-4.65,-5.58,-6.51,-7.44,-8.37,-9.3,ShowDailyK_ChartFlow,FinMind_API_TaiwanStockPrice_7547,True,2026-09-25T07:02:02,2026-09-25T07:02:02,2026-09-25T07:02:02
7547,碩網,2021-12-17,0.0,0.0,,-0.31,,-4.65,-5.58,-6.51,-7.44,-8.37,-9.3,ShowDailyK_ChartFlow,FinMind_API_TaiwanStockPrice_7547,True,2026-09-25T07:02:02,2026-09-25T07:02:02,2026-09-25T07:02:02
7547,碩網,2021-12-20,0.0,0.0,,-0.31,,-4.65,-5.58,-6.51,-7.44,-8.37,-9.3,ShowDailyK_ChartFlow,FinMind_API_TaiwanStockPrice_7547,True,2026-09-25T07:02:02,2026-09-25T07:02:02,2026-09-25T07:02:02
7547,碩網,2021-12-21,39.0,39.0,,-0.31,,-4.65,-5.58,-6.51,-7.44,-8.37,-9.3,ShowDailyK_ChartFlow,FinMind_API_TaiwanStockPrice_7547,True,2026-09-25T07:02:02,2026-09-25T07:02:02,2026-09-25T07:02:02
7547,碩網,2021-12-22,0.0,-39.0,-100.00%,-0.31,,-4.65,-5.58,-6.51,-7.44,-8.37,-9.3,ShowDailyK_ChartFlow,FinMind_API_TaiwanStockPrice_7547,True,2026-09-25T07:02:02,2026-09-25T07:02:02,2026-09-25T07:02:02
7547,碩網,2021-12-23,41.5,41.5,,-0.31,,-4.65,-5.58,-6.51,-7.44,-8.37,-9.3,ShowDailyK_ChartFlow,FinMind_API_TaiwanStockPrice_7547,True,2026-09-25T07:02:02,2026-09-25T07:02:02,2026-09-25T07:02:02
7547,碩網,2021-12-24,41.0,-0.5,-1.20%,-0.31,,-4.65,-5.58,-6.51,-7.44,-8.37,-9.3,ShowDailyK_ChartFlow,FinMind_API_TaiwanStockPrice_7547,True,2026-09-25T07:02:02,2026-09-25T07:02:02,2026-09-25T07:02:02
7547,碩網,2021-12-27,40.95,-0.04999999999999716,-0.12%,-0.31,,-4.65,-5.58,-6.51,-7.44,-8.37,-9.3,ShowDailyK_ChartFlow,FinMind_API_TaiwanStockPrice_7547,True,2026-09-25T07:02:02,2026-09-25T07:02:02,2026-09-25T07:02:02
7547,碩網,2021-12-28,40.9,-0.05000000000000426,-0.12%,-0.31,,-4.65,-5.58,-6.51,-7.44,-8.37,-9.3,ShowDailyK_ChartFlow,FinMind_API_TaiwanStockPrice_7547,True,2026-09-25T07:02:02,2026-09-25T07:02:02,2026-09-25T07:02:02
7547,碩網,2021-12-29,40.7,-0.19999999999999574,-0.49%,-0.31,,-4.65,-5.58,-6.51,-7.44,-8.37,-9.3,ShowDailyK_ChartFlow,FinMind_API_TaiwanStockPrice_7547,True,2026-09-25T07:02:02,2026-09-25T07:02:02,2026-09-25T07:02:02
7547,碩網,2021-12-30,40.05,-0.6500000000000057,-1.60%,-0.31,,-4.65,-5.58,-6.51,-7.44,-8.37,-9.3,ShowDailyK_ChartFlow,FinMind_API_TaiwanStockPrice_7547,True,2026-09-25T07:02:02,2026-09-25T07:02:02,2026-09-25T07:02:02
7547,碩網,2022-01-03,39.25,-0.7999999999999972,-2.00%,-0.31,,-4.65,-5.58,-6.51,-7.44,-8.37,-9.3,ShowDailyK_ChartFlow,FinMind_API_TaiwanStockPrice_7547,True,2026-09-25T07:02:02,2026-09-25T07:02:02,2026-09-25T07:02:02
7547,碩網,2022-01-04,40.0,0.75,1.91%,-0.31,,-4.65,-5.58,-6.51,-7.44,-8.37,-9.3,ShowDailyK_ChartFlow,FinMind_API_TaiwanStockPrice_7547,True,2026-09-25T07:02:02,2026-09-25T07:02:02,2026-09-25T07:02:02
7547,碩網,2022-01-05,0.0,-40.0,-100.00%,-0.31,,-4.65,-5.58,-6.51,-7.44,-8.37,-9.3,ShowDailyK_ChartFlow,FinMind_API_TaiwanStockPrice_7547,True,2026-09-25T07:02:02,2026-09-25T07:02:02,2026-09-25T07:02:02
7547,碩網,2022-01-06,41.0,41.0,,-0.31,,-4.65,-5.58,-6.51,-7.44,-8.37,-9.3,ShowDailyK_ChartFlow,FinMind_API_TaiwanStockPrice_7547,True,2026-09-25T07:02:02,2026-09-25T07:02:02,2026-09-25T07:02:02
7547,碩網,2022-01-07,39.5,-1.5,-3.66%,-0.31,,-4.65,-5.58,-6.51,-7.44,-8.37,-9.3,ShowDailyK_ChartFlow,FinMind_API_TaiwanStockPrice_7547,True,2026-09-25T07:02:02,2026-09-25T07:02:02,2026-09-25T07:02:02
7547,碩網,2022-01-10,39.35,-0.14999999999999858,-0.38%,-0.31,,-4.65,-5.58,-6.51,-7.44,-8.37,-9.3,ShowDailyK_ChartFlow,FinMind_API_TaiwanStockPrice_7547,True,2026-09-25T07:02:02,2026-09-25T07:02:02,2026-09-25T07:02:02
7547,碩網,2022-01-11,39.0,-0.3500000000000014,-0.89%,-0.31,,-4.65,-5.58,-6.51,-7.44,-8.37,-9.3,ShowDailyK_ChartFlow,FinMind_API_TaiwanStockPrice_7547,True,2026-09-25T07:02:02,2026-09-25T07:02:02,2026-09-25T07:02:02
7547,碩網,2022-01-12,38.1,-0.8999999999999986,-2.31%,-0.31,,-4.65,-5.58,-6.51,-7.44,-8.37,-9.3,ShowDailyK_ChartFlow,FinMind_API_TaiwanStockPrice_7547,True,2026-09-25T07:02:02,2026-09-25T07:02:02,2026-09-25T07:02:02
7547,碩網,2022-01-13,0.0,-38.1,-100.00%,-0.31,,-4.65,-5.58,-6.51,-7.44,-8.37,-9.3,ShowDailyK_ChartFlow,FinMind_API_TaiwanStockPrice_7547,True,2026-09-25T07:02:02,2026-09-25T07:02:02,2026-09-25T07:02:02
7547,碩網,2022-01-14,38.0,38.0,,-0.31,,-4.65,-5.58,-6.51,-7.44,-8.37,-9.3,ShowDailyK_ChartFlow,FinMind_API_TaiwanStockPrice_7547,True,2026-09-25T07:02:02,2026-09-25T07:02:02,2026-09-25T07:02:02
7547,碩網,2022-01-17,38.0,0.0,0.00%,-0.31,,-4.65,-5.58,-6.51,-7.44,-8.37,-9.3,ShowDailyK_ChartFlow,FinMind_API_TaiwanStockPrice_7547,True,2026-09-25T07:02:02,2026-09-25T07:02:02,2026-09-25T07:02:02
7547,碩網,2022-01-18,39.5,1.5,3.95%,-0.31,,-4.65,-5.58,-6.51,-7.44,-8.37,-9.3,ShowDailyK_ChartFlow,FinMind_API_TaiwanStockPrice_7547,True,2026-09-25T07:02:02,2026-09-25T07:02:02,2026-09-25T07:02:02
7547,碩網,2022-01-19,38.1,-1.3999999999999986,-3.54%,-0.31,,-4.65,-5.58,-6.51,-7.44,-8.37,-9.3,ShowDailyK_ChartFlow,FinMind_API_TaiwanStockPrice_7547,True,2026-09-25T07:02:02,2026-09-25T07:02:02,2026-09-25T07:02:02
7547,碩網,2022-01-20,0.0,-38.1,-100.00%,-0.31,,-4.65,-5.58,-6.51,-7.44,-8.37,-9.3,ShowDailyK_ChartFlow,FinMind_API_TaiwanStockPrice_7547,True,2026-09-25T07:02:02,2026-09-25T07:02:02,2026-09-25T07:02:02
7547,碩網,2022-01-21,37.6,37.6,,-0.31,,-4.65,-5.58,-6.51,-7.44,-8.37,-9.3,ShowDailyK_ChartFlow,FinMind_API_TaiwanStockPrice_7547,True,2026-09-25T07:02:02,2026-09-25T07:02:02,2026-09-25T07:02:02
7547,碩網,2022-01-24,0.0,-37.6,-100.00%,-0.31,,-4.65,-5.58,-6.51,-7.44,-8.37,-9.3,ShowDailyK_ChartFlow,FinMind_API_TaiwanStockPrice_7547,True,2026-09-25T07:02:02,2026-09-25T07:02:02,2026-09-25T07:02:02
7547,碩網,2022-01-25,38.0,38.0,,-0.31,,-4.65,-5.58,-6.51,-7.44,-8.37,-9.3,ShowDailyK_ChartFlow,FinMind_API_TaiwanStockPrice_7547,True,2026-09-25T07:02:02,2026-09-25T07:02:02,2026-09-25T07:02:02
7547,碩網,2022-01-26,37.95,-0.04999999999999716,-0.13%,-0.31,,-4.65,-5.58,-6.51,-7.44,-8.37,-9.3,ShowDailyK_ChartFlow,FinMind_API_TaiwanStockPrice_7547,True,2026-09-25T07:02:02,2026-09-25T07:02:02,2026-09-25T07:02:02
7547,碩網,2022-02-07,0.0,-37.95,-100.00%,-0.31,,-4.65,-5.58,-6.51,-7.44,-8.37,-9.3,ShowDailyK_ChartFlow,FinMind_API_TaiwanStockPrice_7547,True,2026-09-25T07:02:02,2026-09-25T07:02:02,2026-09-25T07:02:02
7547,碩網,2022-02-08,0.0,0.0,,-0.31,,-4.65,-5.58,-6.51,-7.44,-8.37,-9.3,ShowDailyK_ChartFlow,FinMind_API_TaiwanStockPrice_7547,True,2026-09-25T07:02:02,2026-09-25T07:02:02,2026-09-25T07:02:02
7547,碩網,2022-02-09,0.0,0.0,,-0.31,,-4.65,-5.58,-6.51,-7.44,-8.37,-9.3,ShowDailyK_ChartFlow,FinMind_API_TaiwanStockPrice_7547,True,2026-09-25T07:02:02,2026-09-25T07:02:02,2026-09-25T07:02:02
7547,碩網,2022-02-10,36.15,36.15,,-0.31,,-4.65,-5.58,-6.51,-7.44,-8.37,-9.3,ShowDailyK_ChartFlow,FinMind_API_TaiwanStockPrice_7547,True,2026-09-25T07:02:02,2026-09-25T07:02:02,2026-09-25T07:02:02
7547,碩網,2022-02-11,0.0,-36.15,-100.00%,-0.31,,-4.65,-5.58,-6.51,-7.44,-8.37,-9.3,ShowDailyK_ChartFlow,FinMind_API_TaiwanStockPrice_7547,True,2026-09-25T07:02:02,2026-09-25T07:02:02,2026-09-25T07:02:02
7547,碩網,2022-02-14,36.3,36.3,,-0.31,,-4.65,-5.58,-6.51,-7.44,-8.37,-9.3,ShowDailyK_ChartFlow,FinMind_API_TaiwanStockPrice_7547,True,2026-09-25T07:02:02,2026-09-25T07:02:02,2026-09-25T07:02:02
7547,碩網,2022-02-15,36.5,0.20000000000000284,0.55%,-0.31,,-4.65,-5.58,-6.51,-7.44,-8.37,-9.3,ShowDailyK_ChartFlow,FinMind_API_TaiwanStockPrice_7547,True,2026-09-25T07:02:02,2026-09-25T07:02:02,2026-09-25T07:02:02
7547,碩網,2022-02-16,0.0,-36.5,-100.00%,-0.31,,-4.65,-5.58,-6.51,-7.44,-8.37,-9.3,ShowDailyK_ChartFlow,FinMind_API_TaiwanStockPrice_7547,True,2026-09-25T07:02:02,2026-09-25T07:02:02,2026-09-25T07:02:02
7547,碩網,2022-02-17,0.0,0.0,,-0.31,,-4.65,-5.58,-6.51,-7.44,-8.37,-9.3,ShowDailyK_ChartFlow,FinMind_API_TaiwanStockPrice_7547,True,2026-09-25T07:02:02,2026-09-25T07:02:02,2026-09-25T07:02:02
7547,碩網,2022-02-18,37.5,37.5,,-0.31,,-4.65,-5.58,-6.51,-7.44,-8.37,-9.3,ShowDailyK_ChartFlow,FinMind_API_TaiwanStockPrice_7547,True,2026-09-25T07:02:02,2026-09-25T07:02:02,2026-09-25T07:02:02
7547,碩網,2022-02-21,37.3,-0.20000000000000284,-0.53%,-0.31,,-4.65,-5.58,-6.51,-7.44,-8.37,-9.3,ShowDailyK_ChartFlow,FinMind_API_TaiwanStockPrice_7547,True,2026-09-25T07:02:02,2026-09-25T07:02:02,2026-09-25T07:02:02
7547,碩網,2022-02-22,36.6,-0.6999999999999957,-1.88%,-0.31,,-4.65,-5.58,-6.51,-7.44,-8.37,-9.3,ShowDailyK_ChartFlow,FinMind_API_TaiwanStockPrice_7547,True,2026-09-25T07:02:02,2026-09-25T07:02:02,2026-09-25T07:02:02
7547,碩網,2022-02-23,36.8,0.19999999999999574,0.55%,-0.31,,-4.65,-5.58,-6.51,-7.44,-8.37,-9.3,ShowDailyK_ChartFlow,FinMind_API_TaiwanStockPrice_7547,True,2026-09-25T07:02:02,2026-09-25T07:02:02,2026-09-25T07:02:02
7547,碩網,2022-02-24,37.5,0.7000000000000028,1.90%,-0.31,,-4.65,-5.58,-6.51,-7.44,-8.37,-9.3,ShowDailyK_ChartFlow,FinMind_API_TaiwanStockPrice_7547,True,2026-09-25T07:02:02,2026-09-25T07:02:02,2026-09-25T07:02:02
7547,碩網,2022-02-25,36.2,-1.2999999999999972,-3.47%,-0.31,,-4.65,-5.58,-6.51,-7.44,-8.37,-9.3,ShowDailyK_ChartFlow,FinMind_API_TaiwanStockPrice_7547,True,2026-09-25T07:02:02,2026-09-25T07:02:02,2026-09-25T07:02:02
7547,碩網,2022-03-01,36.0,-0.20000000000000284,-0.55%,-0.31,,-4.65,-5.58,-6.51,-7.44,-8.37,-9.3,ShowDailyK_ChartFlow,FinMind_API_TaiwanStockPrice_7547,True,2026-09-25T07:02:02,2026-09-25T07:02:02,2026-09-25T07:02:02
7547,碩網,2022-03-02,0.0,-36.0,-100.00%,-0.31,,-4.65,-5.58,-6.51,-7.44,-8.37,-9.3,ShowDailyK_ChartFlow,FinMind_API_TaiwanStockPrice_7547,True,2026-09-25T07:02:02,2026-09-25T07:02:02,2026-09-25T07:02:02
7547,碩網,2022-03-03,0.0,0.0,,-0.31,,-4.65,-5.58,-6.51,-7.44,-8.37,-9.3,ShowDailyK_ChartFlow,FinMind_API_TaiwanStockPrice_7547,True,2026-09-25T07:02:02,2026-09-25T07:02:02,2026-09-25T07:02:02
7547,碩網,2022-03-04,36.0,36.0,,-0.31,,-4.65,-5.58,-6.51,-7.44,-8.37,-9.3,ShowDailyK_ChartFlow,FinMind_API_TaiwanStockPrice_7547,True,2026-09-25T07:02:02,2026-09-25T07:02:02,2026-09-25T07:02:02
7547,碩網,2022-03-07,35.0,-1.0,-2.78%,-0.31,,-4.65,-5.58,-6.51,-7.44,-8.37,-9.3,ShowDailyK_ChartFlow,FinMind_API_TaiwanStockPrice_7547,True,2026-09-25T07:02:02,2026-09-25T07:02:02,2026-09-25T07:02:02
7547,碩網,2022-03-08,34.7,-0.29999999999999716,-0.86%,-0.31,,-4.65,-5.58,-6.51,-7.44,-8.37,-9.3,ShowDailyK_ChartFlow,FinMind_API_TaiwanStockPrice_7547,True,2026-09-25T07:02:02,2026-09-25T07:02:02,2026-09-25T07:02:02
7547,碩網,2022-03-09,34.95,0.25,0.72%,-0.31,,-4.65,-5.58,-6.51,-7.44,-8.37,-9.3,ShowDailyK_ChartFlow,FinMind_API_TaiwanStockPrice_7547,True,2026-09-25T07:02:02,2026-09-25T07:02:02,2026-09-25T07:02:02
7547,碩網,2022-03-10,35.5,0.5499999999999972,1.57%,-0.31,,-4.65,-5.58,-6.51,-7.44,-8.37,-9.3,ShowDailyK_ChartFlow,FinMind_API_TaiwanStockPrice_7547,True,2026-09-25T07:02:02,2026-09-25T07:02:02,2026-09-25T07:02:02
7547,碩網,2022-03-11,0.0,-35.5,-100.00%,-0.31,,-4.65,-5.58,-6.51,-7.44,-8.37,-9.3,ShowDailyK_ChartFlow,FinMind_API_TaiwanStockPrice_7547,True,2026-09-25T07:02:02,2026-09-25T07:02:02,2026-09-25T07:02:02
7547,碩網,2022-03-14,35.5,35.5,,-0.31,,-4.65,-5.58,-6.51,-7.44,-8.37,-9.3,ShowDailyK_ChartFlow,FinMind_API_TaiwanStockPrice_7547,True,2026-09-25T07:02:02,2026-09-25T07:02:02,2026-09-25T07:02:02
7547,碩網,2022-03-15,0.0,-35.5,-100.00%,-0.31,,-4.65,-5.58,-6.51,-7.44,-8.37,-9.3,ShowDailyK_ChartFlow,FinMind_API_TaiwanStockPrice_7547,True,2026-09-25T07:02:02,2026-09-25T07:02:02,2026-09-25T07:02:02
7547,碩網,2022-03-16,0.0,0.0,,-0.31,,-4.65,-5.58,-6.51,-7.44,-8.37,-9.3,ShowDailyK_ChartFlow,FinMind_API_TaiwanStockPrice_7547,True,2026-09-25T07:02:02,2026-09-25T07:02:02,2026-09-25T07:02:02
7547,碩網,2022-03-17,0.0,0.0,,-0.31,,-4.65,-5.58,-6.51,-7.44,-8.37,-9.3,ShowDailyK_ChartFlow,FinMind_API_TaiwanStockPrice_7547,True,2026-09-25T07:02:02,2026-09-25T07:02:02,2026-09-25T07:02:02
7547,碩網,2022-03-18,0.0,0.0,,-0.31,,-4.65,-5.58,-6.51,-7.44,-8.37,-9.3,ShowDailyK_ChartFlow,FinMind_API_TaiwanStockPrice_7547,True,2026-09-25T07:02:02,2026-09-25T07:02:02,2026-09-25T07:02:02
7547,碩網,2022-03-21,33.85,33.85,,-0.31,,-4.65,-5.58,-6.51,-7.44,-8.37,-9.3,ShowDailyK_ChartFlow,FinMind_API_TaiwanStockPrice_7547,True,2026-09-25T07:02:02,2026-09-25T07:02:02,2026-09-25T07:02:02
7547,碩網,2022-03-22,0.0,-33.85,-100.00%,-0.31,,-4.65,-5.58,-6.51,-7.44,-8.37,-9.3,ShowDailyK_ChartFlow,FinMind_API_TaiwanStockPrice_7547,True,2026-09-25T07:02:02,2026-09-25T07:02:02,2026-09-25T07:02:02
7547,碩網,2022-03-23,0.0,0.0,,-0.31,,-4.65,-5.58,-6.51,-7.44,-8.37,-9.3,ShowDailyK_ChartFlow,FinMind_API_TaiwanStockPrice_7547,True,2026-09-25T07:02:02,2026-09-25T07:02:02,2026-09-25T07:02:02
7547,碩網,2022-03-24,33.75,33.75,,-0.31,,-4.65,-5.58,-6.51,-7.44,-8.37,-9.3,ShowDailyK_ChartFlow,FinMind_API_TaiwanStockPrice_7547,True,2026-09-25T07:02:02,2026-09-25T07:02:02,2026-09-25T07:02:02
7547,碩網,2022-03-25,33.8,0.04999999999999716,0.15%,-0.31,,-4.65,-5.58,-6.51,-7.44,-8.37,-9.3,ShowDailyK_ChartFlow,FinMind_API_TaiwanStockPrice_7547,True,2026-09-25T07:02:02,2026-09-25T07:02:02,2026-09-25T07:02:02
7547,碩網,2022-03-28,33.75,-0.04999999999999716,-0.15%,-0.31,,-4.65,-5.58,-6.51,-7.44,-8.37,-9.3,ShowDailyK_ChartFlow,FinMind_API_TaiwanStockPrice_7547,True,2026-09-25T07:02:02,2026-09-25T07:02:02,2026-09-25T07:02:02
7547,碩網,2022-03-29,33.5,-0.25,-0.74%,-0.31,,-4.65,-5.58,-6.51,-7.44,-8.37,-9.3,ShowDailyK_ChartFlow,FinMind_API_TaiwanStockPrice_7547,True,2026-09-25T07:02:02,2026-09-25T07:02:02,2026-09-25T07:02:02
7547,碩網,2022-03-30,0.0,-33.5,-100.00%,-0.31,,-4.65,-5.58,-6.51,-7.44,-8.37,-9.3,ShowDailyK_ChartFlow,FinMind_API_TaiwanStockPrice_7547,True,2026-09-25T07:02:02,2026-09-25T07:02:02,2026-09-25T07:02:02
7547,碩網,2022-03-31,33.6,33.6,,-0.31,,-4.65,-5.58,-6.51,-7.44,-8.37,-9.3,ShowDailyK_ChartFlow,FinMind_API_TaiwanStockPrice_7547,True,2026-09-25T07:02:02,2026-09-25T07:02:02,2026-09-25T07:02:02
7547,碩網,2022-04-01,0.0,-33.6,-100.00%,-0.31,,-4.65,-5.58,-6.51,-7.44,-8.37,-9.3,ShowDailyK_ChartFlow,FinMind_API_TaiwanStockPrice_7547,True,2026-09-25T07:02:02,2026-09-25T07:02:02,2026-09-25T07:02:02
7547,碩網,2022-04-06,0.0,0.0,,-0.31,,-4.65,-5.58,-6.51,-7.44,-8.37,-9.3,ShowDailyK_ChartFlow,FinMind_API_TaiwanStockPrice_7547,True,2026-09-25T07:02:02,2026-09-25T07:02:02,2026-09-25T07:02:02
7547,碩網,2022-04-07,0.0,0.0,,-0.31,,-4.65,-5.58,-6.51,-7.44,-8.37,-9.3,ShowDailyK_ChartFlow,FinMind_API_TaiwanStockPrice_7547,True,2026-09-25T07:02:02,2026-09-25T07:02:02,2026-09-25T07:02:02
7547,碩網,2022-04-08,0.0,0.0,,-0.31,,-4.65,-5.58,-6.51,-7.44,-8.37,-9.3,ShowDailyK_ChartFlow,FinMind_API_TaiwanStockPrice_7547,True,2026-09-25T07:02:02,2026-09-25T07:02:02,2026-09-25T07:02:02
7547,碩網,2022-04-11,33.95,33.95,,-0.31,,-4.65,-5.58,-6.51,-7.44,-8.37,-9.3,ShowDailyK_ChartFlow,FinMind_API_TaiwanStockPrice_7547,True,2026-09-25T07:02:02,2026-09-25T07:02:02,2026-09-25T07:02:02
7547,碩網,2022-04-12,0.0,-33.95,-100.00%,-0.31,,-4.65,-5.58,-6.51,-7.44,-8.37,-9.3,ShowDailyK_ChartFlow,FinMind_API_TaiwanStockPrice_7547,True,2026-09-25T07:02:02,2026-09-25T07:02:02,2026-09-25T07:02:02
7547,碩網,2022-04-13,33.2,33.2,,-0.31,,-4.65,-5.58,-6.51,-7.44,-8.37,-9.3,ShowDailyK_ChartFlow,FinMind_API_TaiwanStockPrice_7547,True,2026-09-25T07:02:02,2026-09-25T07:02:02,2026-09-25T07:02:02
7547,碩網,2022-04-14,0.0,-33.2,-100.00%,-0.31,,-4.65,-5.58,-6.51,-7.44,-8.37,-9.3,ShowDailyK_ChartFlow,FinMind_API_TaiwanStockPrice_7547,True,2026-09-25T07:02:02,2026-09-25T07:02:02,2026-09-25T07:02:02
7547,碩網,2022-04-15,0.0,0.0,,-0.31,,-4.65,-5.58,-6.51,-7.44,-8.37,-9.3,ShowDailyK_ChartFlow,FinMind_API_TaiwanStockPrice_7547,True,2026-09-25T07:02:02,2026-09-25T07:02:02,2026-09-25T07:02:02
7547,碩網,2022-04-18,0.0,0.0,,-0.31,,-4.65,-5.58,-6.51,-7.44,-8.37,-9.3,ShowDailyK_ChartFlow,FinMind_API_TaiwanStockPrice_7547,True,2026-09-25T07:02:02,2026-09-25T07:02:02,2026-09-25T07:02:02
7547,碩網,2022-04-19,0.0,0.0,,-0.31,,-4.65,-5.58,-6.51,-7.44,-8.37,-9.3,ShowDailyK_ChartFlow,FinMind_API_TaiwanStockPrice_7547,True,2026-09-25T07:02:02,2026-09-25T07:02:02,2026-09-25T07:02:02
7547,碩網,2022-04-20,33.5,33.5,,-0.31,,-4.65,-5.58,-6.51,-7.44,-8.37,-9.3,ShowDailyK_ChartFlow,FinMind_API_TaiwanStockPrice_7547,True,2026-09-25T07:02:02,2026-09-25T07:02:02,2026-09-25T07:02:02
7547,碩網,2022-04-21,32.3,-1.2000000000000028,-3.58%,-0.31,,-4.65,-5.58,-6.51,-7.44,-8.37,-9.3,ShowDailyK_ChartFlow,FinMind_API_TaiwanStockPrice_7547,True,2026-09-25T07:02:02,2026-09-25T07:02:02,2026-09-25T07:02:02
7547,碩網,2022-04-22,0.0,-32.3,-100.00%,-0.31,,-4.65,-5.58,-6.51,-7.44,-8.37,-9.3,ShowDailyK_ChartFlow,FinMind_API_TaiwanStockPrice_7547,True,2026-09-25T07:02:02,2026-09-25T07:02:02,2026-09-25T07:02:02
7547,碩網,2022-04-25,32.0,32.0,,-0.31,,-4.65,-5.58,-6.51,-7.44,-8.37,-9.3,ShowDailyK_ChartFlow,FinMind_API_TaiwanStockPrice_7547,True,2026-09-25T07:02:02,2026-09-25T07:02:02,2026-09-25T07:02:02
7547,碩網,2022-04-26,0.0,-32.0,-100.00%,-0.31,,-4.65,-5.58,-6.51,-7.44,-8.37,-9.3,ShowDailyK_ChartFlow,FinMind_API_TaiwanStockPrice_7547,True,2026-09-25T07:02:02,2026-09-25T07:02:02,2026-09-25T07:02:02
7547,碩網,2022-04-27,31.3,31.3,,-0.31,,-4.65,-5.58,-6.51,-7.44,-8.37,-9.3,ShowDailyK_ChartFlow,FinMind_API_TaiwanStockPrice_7547,True,2026-09-25T07:02:02,2026-09-25T07:02:02,2026-09-25T07:02:02
7547,碩網,2022-04-28,0.0,-31.3,-100.00%,-0.31,,-4.65,-5.58,-6.51,-7.44,-8.37,-9.3,ShowDailyK_ChartFlow,FinMind_API_TaiwanStockPrice_7547,True,2026-09-25T07:02:02,2026-09-25T07:02:02,2026-09-25T07:02:02
7547,碩網,2022-04-29,30.55,30.55,,-0.31,,-4.65,-5.58,-6.51,-7.44,-8.37,-9.3,ShowDailyK_ChartFlow,FinMind_API_TaiwanStockPrice_7547,True,2026-09-25T07:02:02,2026-09-25T07:02:02,2026-09-25T07:02:02
7547,碩網,2022-05-03,0.0,-30.55,-100.00%,-0.31,,-4.65,-5.58,-6.51,-7.44,-8.37,-9.3,ShowDailyK_ChartFlow,FinMind_API_TaiwanStockPrice_7547,True,2026-09-25T07:02:02,2026-09-25T07:02:02,2026-09-25T07:02:02
7547,碩網,2022-05-04,0.0,0.0,,-0.31,,-4.65,-5.58,-6.51,-7.44,-8.37,-9.3,ShowDailyK_ChartFlow,FinMind_API_TaiwanStockPrice_7547,True,2026-09-25T07:02:02,2026-09-25T07:02:02,2026-09-25T07:02:02
7547,碩網,2022-05-05,30.5,30.5,,-0.31,,-4.65,-5.58,-6.51,-7.44,-8.37,-9.3,ShowDailyK_ChartFlow,FinMind_API_TaiwanStockPrice_7547,True,2026-09-25T07:02:02,2026-09-25T07:02:02,2026-09-25T07:02:02
7547,碩網,2022-05-06,29.05,-1.4499999999999993,-4.75%,-0.31,,-4.65,-5.58,-6.51,-7.44,-8.37,-9.3,ShowDailyK_ChartFlow,FinMind_API_TaiwanStockPrice_7547,True,2026-09-25T07:02:02,2026-09-25T07:02:02,2026-09-25T07:02:02
7547,碩網,2022-05-09,29.05,0.0,0.00%,-0.31,,-4.65,-5.58,-6.51,-7.44,-8.37,-9.3,ShowDailyK_ChartFlow,FinMind_API_TaiwanStockPrice_7547,True,2026-09-25T07:02:02,2026-09-25T07:02:02,2026-09-25T07:02:02
7547,碩網,2022-05-10,30.4,1.3499999999999979,4.65%,-0.31,,-4.65,-5.58,-6.51,-7.44,-8.37,-9.3,ShowDailyK_ChartFlow,FinMind_API_TaiwanStockPrice_7547,True,2026-09-25T07:02:02,2026-09-25T07:02:02,2026-09-25T07:02:02
7547,碩網,2022-05-11,30.0,-0.3999999999999986,-1.32%,-0.31,,-4.65,-5.58,-6.51,-7.44,-8.37,-9.3,ShowDailyK_ChartFlow,FinMind_API_TaiwanStockPrice_7547,True,2026-09-25T07:02:02,2026-09-25T07:02:02,2026-09-25T07:02:02
7547,碩網,2022-05-12,28.7,-1.3000000000000007,-4.33%,-0.31,,-4.65,-5.58,-6.51,-7.44,-8.37,-9.3,ShowDailyK_ChartFlow,FinMind_API_TaiwanStockPrice_7547,True,2026-09-25T07:02:02,2026-09-25T07:02:02,2026-09-25T07:02:02
7547,碩網,2022-05-13,0.0,-28.7,-100.00%,-0.31,,-4.65,-5.58,-6.51,-7.44,-8.37,-9.3,ShowDailyK_ChartFlow,FinMind_API_TaiwanStockPrice_7547,True,2026-09-25T07:02:02,2026-09-25T07:02:02,2026-09-25T07:02:02
7547,碩網,2022-05-16,28.0,28.0,,-0.31,,-4.65,-5.58,-6.51,-7.44,-8.37,-9.3,ShowDailyK_ChartFlow,FinMind_API_TaiwanStockPrice_7547,True,2026-09-25T07:02:02,2026-09-25T07:02:02,2026-09-25T07:02:02
7547,碩網,2022-05-17,28.0,0.0,0.00%,-0.31,,-4.65,-5.58,-6.51,-7.44,-8.37,-9.3,ShowDailyK_ChartFlow,FinMind_API_TaiwanStockPrice_7547,True,2026-09-25T07:02:02,2026-09-25T07:02:02,2026-09-25T07:02:02
7547,碩網,2022-05-18,27.5,-0.5,-1.79%,-0.31,,-4.65,-5.58,-6.51,-7.44,-8.37,-9.3,ShowDailyK_ChartFlow,FinMind_API_TaiwanStockPrice_7547,True,2026-09-25T07:02:02,2026-09-25T07:02:02,2026-09-25T07:02:02
7547,碩網,2022-05-19,27.2,-0.3000000000000007,-1.09%,-0.31,,-4.65,-5.58,-6.51,-7.44,-8.37,-9.3,ShowDailyK_ChartFlow,FinMind_API_TaiwanStockPrice_7547,True,2026-09-25T07:02:02,2026-09-25T07:02:02,2026-09-25T07:02:02
7547,碩網,2022-05-20,27.1,-0.09999999999999787,-0.37%,-0.31,,-4.65,-5.58,-6.51,-7.44,-8.37,-9.3,ShowDailyK_ChartFlow,FinMind_API_TaiwanStockPrice_7547,True,2026-09-25T07:02:02,2026-09-25T07:02:02,2026-09-25T07:02:02
7547,碩網,2022-05-23,27.2,0.09999999999999787,0.37%,-0.31,,-4.65,-5.58,-6.51,-7.44,-8.37,-9.3,ShowDailyK_ChartFlow,FinMind_API_TaiwanStockPrice_7547,True,2026-09-25T07:02:02,2026-09-25T07:02:02,2026-09-25T07:02:02
7547,碩網,2022-05-24,27.0,-0.1999999999999993,-0.74%,-0.31,,-4.65,-5.58,-6.51,-7.44,-8.37,-9.3,ShowDailyK_ChartFlow,FinMind_API_TaiwanStockPrice_7547,True,2026-09-25T07:02:02,2026-09-25T07:02:02,2026-09-25T07:02:02
7547,碩網,2022-05-25,0.0,-27.0,-100.00%,-0.31,,-4.65,-5.58,-6.51,-7.44,-8.37,-9.3,ShowDailyK_ChartFlow,FinMind_API_TaiwanStockPrice_7547,True,2026-09-25T07:02:02,2026-09-25T07:02:02,2026-09-25T07:02:02
7547,碩網,2022-05-26,26.9,26.9,,-0.31,,-4.65,-5.58,-6.51,-7.44,-8.37,-9.3,ShowDailyK_ChartFlow,FinMind_API_TaiwanStockPrice_7547,True,2026-09-25T07:02:02,2026-09-25T07:02:02,2026-09-25T07:02:02
7547,碩網,2022-05-27,0.0,-26.9,-100.00%,-0.31,,-4.65,-5.58,-6.51,-7.44,-8.37,-9.3,ShowDailyK_ChartFlow,FinMind_API_TaiwanStockPrice_7547,True,2026-09-25T07:02:02,2026-09-25T07:02:02,2026-09-25T07:02:02
7547,碩網,2022-05-30,0.0,0.0,,-0.31,,-4.65,-5.58,-6.51,-7.44,-8.37,-9.3,ShowDailyK_ChartFlow,FinMind_API_TaiwanStockPrice_7547,True,2026-09-25T07:02:02,2026-09-25T07:02:02,2026-09-25T07:02:02
7547,碩網,2022-05-31,0.0,0.0,,-0.31,,-4.65,-5.58,-6.51,-7.44,-8.37,-9.3,ShowDailyK_ChartFlow,FinMind_API_TaiwanStockPrice_7547,True,2026-09-25T07:02:02,2026-09-25T07:02:02,2026-09-25T07:02:02
7547,碩網,2022-06-01,26.9,26.9,,-0.31,,-4.65,-5.58,-6.51,-7.44,-8.37,-9.3,ShowDailyK_ChartFlow,FinMind_API_TaiwanStockPrice_7547,True,2026-09-25T07:02:02,2026-09-25T07:02:02,2026-09-25T07:02:02
7547,碩網,2022-06-02,26.9,0.0,0.00%,-0.31,,-4.65,-5.58,-6.51,-7.44,-8.37,-9.3,ShowDailyK_ChartFlow,FinMind_API_TaiwanStockPrice_7547,True,2026-09-25T07:02:02,2026-09-25T07:02:02,2026-09-25T07:02:02
7547,碩網,2022-06-06,31.0,4.100000000000001,15.24%,-0.31,,-4.65,-5.58,-6.51,-7.44,-8.37,-9.3,ShowDailyK_ChartFlow,FinMind_API_TaiwanStockPrice_7547,True,2026-09-25T07:02:02,2026-09-25T07:02:02,2026-09-25T07:02:02
7547,碩網,2022-06-07,29.5,-1.5,-4.84%,-0.31,,-4.65,-5.58,-6.51,-7.44,-8.37,-9.3,ShowDailyK_ChartFlow,FinMind_API_TaiwanStockPrice_7547,True,2026-09-25T07:02:02,2026-09-25T07:02:02,2026-09-25T07:02:02
7547,碩網,2022-06-08,29.5,0.0,0.00%,-0.31,,-4.65,-5.58,-6.51,-7.44,-8.37,-9.3,ShowDailyK_ChartFlow,FinMind_API_TaiwanStockPrice_7547,True,2026-09-25T07:02:02,2026-09-25T07:02:02,2026-09-25T07:02:02
7547,碩網,2022-06-09,0.0,-29.5,-100.00%,-0.31,,-4.65,-5.58,-6.51,-7.44,-8.37,-9.3,ShowDailyK_ChartFlow,FinMind_API_TaiwanStockPrice_7547,True,2026-09-25T07:02:02,2026-09-25T07:02:02,2026-09-25T07:02:02
7547,碩網,2022-06-10,0.0,0.0,,-0.31,,-4.65,-5.58,-6.51,-7.44,-8.37,-9.3,ShowDailyK_ChartFlow,FinMind_API_TaiwanStockPrice_7547,True,2026-09-25T07:02:02,2026-09-25T07:02:02,2026-09-25T07:02:02
7547,碩網,2022-06-13,28.5,28.5,,-0.31,,-4.65,-5.58,-6.51,-7.44,-8.37,-9.3,ShowDailyK_ChartFlow,FinMind_API_TaiwanStockPrice_7547,True,2026-09-25T07:02:02,2026-09-25T07:02:02,2026-09-25T07:02:02
7547,碩網,2022-06-14,0.0,-28.5,-100.00%,-0.31,,-4.65,-5.58,-6.51,-7.44,-8.37,-9.3,ShowDailyK_ChartFlow,FinMind_API_TaiwanStockPrice_7547,True,2026-09-25T07:02:02,2026-09-25T07:02:02,2026-09-25T07:02:02
7547,碩網,2022-06-15,0.0,0.0,,-0.31,,-4.65,-5.58,-6.51,-7.44,-8.37,-9.3,ShowDailyK_ChartFlow,FinMind_API_TaiwanStockPrice_7547,True,2026-09-25T07:02:02,2026-09-25T07:02:02,2026-09-25T07:02:02
7547,碩網,2022-06-16,0.0,0.0,,-0.31,,-4.65,-5.58,-6.51,-7.44,-8.37,-9.3,ShowDailyK_ChartFlow,FinMind_API_TaiwanStockPrice_7547,True,2026-09-25T07:02:02,2026-09-25T07:02:02,2026-09-25T07:02:02
7547,碩網,2022-06-17,28.5,28.5,,-0.31,,-4.65,-5.58,-6.51,-7.44,-8.37,-9.3,ShowDailyK_ChartFlow,FinMind_API_TaiwanStockPrice_7547,True,2026-09-25T07:02:02,2026-09-25T07:02:02,2026-09-25T07:02:02
7547,碩網,2022-06-20,0.0,-28.5,-100.00%,-0.31,,-4.65,-5.58,-6.51,-7.44,-8.37,-9.3,ShowDailyK_ChartFlow,FinMind_API_TaiwanStockPrice_7547,True,2026-09-25T07:02:02,2026-09-25T07:02:02,2026-09-25T07:02:02
7547,碩網,2022-06-21,0.0,0.0,,-0.31,,-4.65,-5.58,-6.51,-7.44,-8.37,-9.3,ShowDailyK_ChartFlow,FinMind_API_TaiwanStockPrice_7547,True,2026-09-25T07:02:02,2026-09-25T07:02:02,2026-09-25T07:02:02
7547,碩網,2022-06-22,28.5,28.5,,-0.31,,-4.65,-5.58,-6.51,-7.44,-8.37,-9.3,ShowDailyK_ChartFlow,FinMind_API_TaiwanStockPrice_7547,True,2026-09-25T07:02:02,2026-09-25T07:02:02,2026-09-25T07:02:02
7547,碩網,2022-06-23,27.1,-1.3999999999999986,-4.91%,-0.31,,-4.65,-5.58,-6.51,-7.44,-8.37,-9.3,ShowDailyK_ChartFlow,FinMind_API_TaiwanStockPrice_7547,True,2026-09-25T07:02:02,2026-09-25T07:02:02,2026-09-25T07:02:02
7547,碩網,2022-06-24,27.2,0.09999999999999787,0.37%,-0.31,,-4.65,-5.58,-6.51,-7.44,-8.37,-9.3,ShowDailyK_ChartFlow,FinMind_API_TaiwanStockPrice_7547,True,2026-09-25T07:02:02,2026-09-25T07:02:02,2026-09-25T07:02:02
7547,碩網,2022-06-27,28.9,1.6999999999999993,6.25%,-0.31,,-4.65,-5.58,-6.51,-7.44,-8.37,-9.3,ShowDailyK_ChartFlow,FinMind_API_TaiwanStockPrice_7547,True,2026-09-25T07:02:02,2026-09-25T07:02:02,2026-09-25T07:02:02
7547,碩網,2022-06-28,26.8,-2.099999999999998,-7.27%,-0.31,,-4.65,-5.58,-6.51,-7.44,-8.37,-9.3,ShowDailyK_ChartFlow,FinMind_API_TaiwanStockPrice_7547,True,2026-09-25T07:02:02,2026-09-25T07:02:02,2026-09-25T07:02:02
7547,碩網,2022-06-29,0.0,-26.8,-100.00%,-0.31,,-4.65,-5.58,-6.51,-7.44,-8.37,-9.3,ShowDailyK_ChartFlow,FinMind_API_TaiwanStockPrice_7547,True,2026-09-25T07:02:02,2026-09-25T07:02:02,2026-09-25T07:02:02
7547,碩網,2022-06-30,0.0,0.0,,-0.22999999999999998,,-3.45,-4.14,-4.83,-5.52,-6.21,-6.9,ShowDailyK_ChartFlow,FinMind_API_TaiwanStockPrice_7547,True,2026-09-25T07:02:02,2026-09-25T07:02:02,2026-09-25T07:02:02
7547,碩網,2022-07-01,27.25,27.25,,-0.22999999999999998,,-3.45,-4.14,-4.83,-5.52,-6.21,-6.9,ShowDailyK_ChartFlow,FinMind_API_TaiwanStockPrice_7547,True,2026-09-25T07:02:02,2026-09-25T07:02:02,2026-09-25T07:02:02
7547,碩網,2022-07-04,27.25,0.0,0.00%,-0.22999999999999998,,-3.45,-4.14,-4.83,-5.52,-6.21,-6.9,ShowDailyK_ChartFlow,FinMind_API_TaiwanStockPrice_7547,True,2026-09-25T07:02:02,2026-09-25T07:02:02,2026-09-25T07:02:02
7547,碩網,2022-07-05,0.0,-27.25,-100.00%,-0.22999999999999998,,-3.45,-4.14,-4.83,-5.52,-6.21,-6.9,ShowDailyK_ChartFlow,FinMind_API_TaiwanStockPrice_7547,True,2026-09-25T07:02:02,2026-09-25T07:02:02,2026-09-25T07:02:02
7547,碩網,2022-07-06,0.0,0.0,,-0.22999999999999998,,-3.45,-4.14,-4.83,-5.52,-6.21,-6.9,ShowDailyK_ChartFlow,FinMind_API_TaiwanStockPrice_7547,True,2026-09-25T07:02:02,2026-09-25T07:02:02,2026-09-25T07:02:02
7547,碩網,2022-07-07,0.0,0.0,,-0.22999999999999998,,-3.45,-4.14,-4.83,-5.52,-6.21,-6.9,ShowDailyK_ChartFlow,FinMind_API_TaiwanStockPrice_7547,True,2026-09-25T07:02:02,2026-09-25T07:02:02,2026-09-25T07:02:02
7547,碩網,2022-07-08,0.0,0.0,,-0.22999999999999998,,-3.45,-4.14,-4.83,-5.52,-6.21,-6.9,ShowDailyK_ChartFlow,FinMind_API_TaiwanStockPrice_7547,True,2026-09-25T07:02:02,2026-09-25T07:02:02,2026-09-25T07:02:02
7547,碩網,2022-07-11,0.0,0.0,,-0.22999999999999998,,-3.45,-4.14,-4.83,-5.52,-6.21,-6.9,ShowDailyK_ChartFlow,FinMind_API_TaiwanStockPrice_7547,True,2026-09-25T07:02:02,2026-09-25T07:02:02,2026-09-25T07:02:02
7547,碩網,2022-07-12,0.0,0.0,,-0.22999999999999998,,-3.45,-4.14,-4.83,-5.52,-6.21,-6.9,ShowDailyK_ChartFlow,FinMind_API_TaiwanStockPrice_7547,True,2026-09-25T07:02:02,2026-09-25T07:02:02,2026-09-25T07:02:02
7547,碩網,2022-07-13,26.0,26.0,,-0.22999999999999998,,-3.45,-4.14,-4.83,-5.52,-6.21,-6.9,ShowDailyK_ChartFlow,FinMind_API_TaiwanStockPrice_7547,True,2026-09-25T07:02:02,2026-09-25T07:02:02,2026-09-25T07:02:02
7547,碩網,2022-07-14,0.0,-26.0,-100.00%,-0.22999999999999998,,-3.45,-4.14,-4.83,-5.52,-6.21,-6.9,ShowDailyK_ChartFlow,FinMind_API_TaiwanStockPrice_7547,True,2026-09-25T07:02:02,2026-09-25T07:02:02,2026-09-25T07:02:02
7547,碩網,2022-07-15,0.0,0.0,,-0.22999999999999998,,-3.45,-4.14,-4.83,-5.52,-6.21,-6.9,ShowDailyK_ChartFlow,FinMind_API_TaiwanStockPrice_7547,True,2026-09-25T07:02:02,2026-09-25T07:02:02,2026-09-25T07:02:02
7547,碩網,2022-07-18,0.0,0.0,,-0.22999999999999998,,-3.45,-4.14,-4.83,-5.52,-6.21,-6.9,ShowDailyK_ChartFlow,FinMind_API_TaiwanStockPrice_7547,True,2026-09-25T07:02:02,2026-09-25T07:02:02,2026-09-25T07:02:02
7547,碩網,2022-07-19,0.0,0.0,,-0.22999999999999998,,-3.45,-4.14,-4.83,-5.52,-6.21,-6.9,ShowDailyK_ChartFlow,FinMind_API_TaiwanStockPrice_7547,True,2026-09-25T07:02:02,2026-09-25T07:02:02,2026-09-25T07:02:02
7547,碩網,2022-07-20,0.0,0.0,,-0.22999999999999998,,-3.45,-4.14,-4.83,-5.52,-6.21,-6.9,ShowDailyK_ChartFlow,FinMind_API_TaiwanStockPrice_7547,True,2026-09-25T07:02:02,2026-09-25T07:02:02,2026-09-25T07:02:02
7547,碩網,2022-07-21,0.0,0.0,,-0.22999999999999998,,-3.45,-4.14,-4.83,-5.52,-6.21,-6.9,ShowDailyK_ChartFlow,FinMind_API_TaiwanStockPrice_7547,True,2026-09-25T07:02:02,2026-09-25T07:02:02,2026-09-25T07:02:02
7547,碩網,2022-07-22,26.2,26.2,,-0.22999999999999998,,-3.45,-4.14,-4.83,-5.52,-6.21,-6.9,ShowDailyK_ChartFlow,FinMind_API_TaiwanStockPrice_7547,True,2026-09-25T07:02:02,2026-09-25T07:02:02,2026-09-25T07:02:02
7547,碩網,2022-07-25,24.9,-1.3000000000000007,-4.96%,-0.22999999999999998,,-3.45,-4.14,-4.83,-5.52,-6.21,-6.9,ShowDailyK_ChartFlow,FinMind_API_TaiwanStockPrice_7547,True,2026-09-25T07:02:02,2026-09-25T07:02:02,2026-09-25T07:02:02
7547,碩網,2022-07-26,0.0,-24.9,-100.00%,-0.22999999999999998,,-3.45,-4.14,-4.83,-5.52,-6.21,-6.9,ShowDailyK_ChartFlow,FinMind_API_TaiwanStockPrice_7547,True,2026-09-25T07:02:02,2026-09-25T07:02:02,2026-09-25T07:02:02
7547,碩網,2022-07-27,0.0,0.0,,-0.22999999999999998,,-3.45,-4.14,-4.83,-5.52,-6.21,-6.9,ShowDailyK_ChartFlow,FinMind_API_TaiwanStockPrice_7547,True,2026-09-25T07:02:02,2026-09-25T07:02:02,2026-09-25T07:02:02
7547,碩網,2022-07-28,0.0,0.0,,-0.22999999999999998,,-3.45,-4.14,-4.83,-5.52,-6.21,-6.9,ShowDailyK_ChartFlow,FinMind_API_TaiwanStockPrice_7547,True,2026-09-25T07:02:02,2026-09-25T07:02:02,2026-09-25T07:02:02
7547,碩網,2022-07-29,0.0,0.0,,-0.22999999999999998,,-3.45,-4.14,-4.83,-5.52,-6.21,-6.9,ShowDailyK_ChartFlow,FinMind_API_TaiwanStockPrice_7547,True,2026-09-25T07:02:02,2026-09-25T07:02:02,2026-09-25T07:02:02
7547,碩網,2022-08-01,24.9,24.9,,-0.22999999999999998,,-3.45,-4.14,-4.83,-5.52,-6.21,-6.9,ShowDailyK_ChartFlow,FinMind_API_TaiwanStockPrice_7547,True,2026-09-25T07:02:02,2026-09-25T07:02:02,2026-09-25T07:02:02
7547,碩網,2022-08-02,0.0,-24.9,-100.00%,-0.22999999999999998,,-3.45,-4.14,-4.83,-5.52,-6.21,-6.9,ShowDailyK_ChartFlow,FinMind_API_TaiwanStockPrice_7547,True,2026-09-25T07:02:02,2026-09-25T07:02:02,2026-09-25T07:02:02
7547,碩網,2022-08-03,0.0,0.0,,-0.22999999999999998,,-3.45,-4.14,-4.83,-5.52,-6.21,-6.9,ShowDailyK_ChartFlow,FinMind_API_TaiwanStockPrice_7547,True,2026-09-25T07:02:02,2026-09-25T07:02:02,2026-09-25T07:02:02
7547,碩網,2022-08-04,0.0,0.0,,-0.22999999999999998,,-3.45,-4.14,-4.83,-5.52,-6.21,-6.9,ShowDailyK_ChartFlow,FinMind_API_TaiwanStockPrice_7547,True,2026-09-25T07:02:02,2026-09-25T07:02:02,2026-09-25T07:02:02
7547,碩網,2022-08-05,26.2,26.2,,-0.22999999999999998,,-3.45,-4.14,-4.83,-5.52,-6.21,-6.9,ShowDailyK_ChartFlow,FinMind_API_TaiwanStockPrice_7547,True,2026-09-25T07:02:02,2026-09-25T07:02:02,2026-09-25T07:02:02
7547,碩網,2022-08-08,26.0,-0.1999999999999993,-0.76%,-0.22999999999999998,,-3.45,-4.14,-4.83,-5.52,-6.21,-6.9,ShowDailyK_ChartFlow,FinMind_API_TaiwanStockPrice_7547,True,2026-09-25T07:02:02,2026-09-25T07:02:02,2026-09-25T07:02:02
7547,碩網,2022-08-09,0.0,-26.0,-100.00%,-0.22999999999999998,,-3.45,-4.14,-4.83,-5.52,-6.21,-6.9,ShowDailyK_ChartFlow,FinMind_API_TaiwanStockPrice_7547,True,2026-09-25T07:02:02,2026-09-25T07:02:02,2026-09-25T07:02:02
7547,碩網,2022-08-10,26.45,26.45,,-0.22999999999999998,,-3.45,-4.14,-4.83,-5.52,-6.21,-6.9,ShowDailyK_ChartFlow,FinMind_API_TaiwanStockPrice_7547,True,2026-09-25T07:02:02,2026-09-25T07:02:02,2026-09-25T07:02:02
7547,碩網,2022-08-11,0.0,-26.45,-100.00%,-0.22999999999999998,,-3.45,-4.14,-4.83,-5.52,-6.21,-6.9,ShowDailyK_ChartFlow,FinMind_API_TaiwanStockPrice_7547,True,2026-09-25T07:02:02,2026-09-25T07:02:02,2026-09-25T07:02:02
7547,碩網,2022-08-12,0.0,0.0,,-0.22999999999999998,,-3.45,-4.14,-4.83,-5.52,-6.21,-6.9,ShowDailyK_ChartFlow,FinMind_API_TaiwanStockPrice_7547,True,2026-09-25T07:02:02,2026-09-25T07:02:02,2026-09-25T07:02:02
7547,碩網,2022-08-15,26.45,26.45,,-0.22999999999999998,,-3.45,-4.14,-4.83,-5.52,-6.21,-6.9,ShowDailyK_ChartFlow,FinMind_API_TaiwanStockPrice_7547,True,2026-09-25T07:02:02,2026-09-25T07:02:02,2026-09-25T07:02:02
7547,碩網,2022-08-16,26.85,0.40000000000000213,1.51%,-0.22999999999999998,,-3.45,-4.14,-4.83,-5.52,-6.21,-6.9,ShowDailyK_ChartFlow,FinMind_API_TaiwanStockPrice_7547,True,2026-09-25T07:02:02,2026-09-25T07:02:02,2026-09-25T07:02:02
7547,碩網,2022-08-17,26.9,0.04999999999999716,0.19%,-0.22999999999999998,,-3.45,-4.14,-4.83,-5.52,-6.21,-6.9,ShowDailyK_ChartFlow,FinMind_API_TaiwanStockPrice_7547,True,2026-09-25T07:02:02,2026-09-25T07:02:02,2026-09-25T07:02:02
7547,碩網,2022-08-18,28.3,1.4000000000000021,5.20%,-0.22999999999999998,,-3.45,-4.14,-4.83,-5.52,-6.21,-6.9,ShowDailyK_ChartFlow,FinMind_API_TaiwanStockPrice_7547,True,2026-09-25T07:02:02,2026-09-25T07:02:02,2026-09-25T07:02:02
7547,碩網,2022-08-19,27.1,-1.1999999999999993,-4.24%,-0.22999999999999998,,-3.45,-4.14,-4.83,-5.52,-6.21,-6.9,ShowDailyK_ChartFlow,FinMind_API_TaiwanStockPrice_7547,True,2026-09-25T07:02:02,2026-09-25T07:02:02,2026-09-25T07:02:02
7547,碩網,2022-08-22,0.0,-27.1,-100.00%,-0.22999999999999998,,-3.45,-4.14,-4.83,-5.52,-6.21,-6.9,ShowDailyK_ChartFlow,FinMind_API_TaiwanStockPrice_7547,True,2026-09-25T07:02:02,2026-09-25T07:02:02,2026-09-25T07:02:02
7547,碩網,2022-08-23,0.0,0.0,,-0.22999999999999998,,-3.45,-4.14,-4.83,-5.52,-6.21,-6.9,ShowDailyK_ChartFlow,FinMind_API_TaiwanStockPrice_7547,True,2026-09-25T07:02:02,2026-09-25T07:02:02,2026-09-25T07:02:02
7547,碩網,2022-08-24,28.4,28.4,,-0.22999999999999998,,-3.45,-4.14,-4.83,-5.52,-6.21,-6.9,ShowDailyK_ChartFlow,FinMind_API_TaiwanStockPrice_7547,True,2026-09-25T07:02:02,2026-09-25T07:02:02,2026-09-25T07:02:02
7547,碩網,2022-08-25,0.0,-28.4,-100.00%,-0.22999999999999998,,-3.45,-4.14,-4.83,-5.52,-6.21,-6.9,ShowDailyK_ChartFlow,FinMind_API_TaiwanStockPrice_7547,True,2026-09-25T07:02:02,2026-09-25T07:02:02,2026-09-25T07:02:02
7547,碩網,2022-08-26,0.0,0.0,,-0.22999999999999998,,-3.45,-4.14,-4.83,-5.52,-6.21,-6.9,ShowDailyK_ChartFlow,FinMind_API_TaiwanStockPrice_7547,True,2026-09-25T07:02:02,2026-09-25T07:02:02,2026-09-25T07:02:02
7547,碩網,2022-08-29,26.9,26.9,,-0.22999999999999998,,-3.45,-4.14,-4.83,-5.52,-6.21,-6.9,ShowDailyK_ChartFlow,FinMind_API_TaiwanStockPrice_7547,True,2026-09-25T07:02:02,2026-09-25T07:02:02,2026-09-25T07:02:02
7547,碩網,2022-08-30,26.6,-0.29999999999999716,-1.12%,-0.22999999999999998,,-3.45,-4.14,-4.83,-5.52,-6.21,-6.9,ShowDailyK_ChartFlow,FinMind_API_TaiwanStockPrice_7547,True,2026-09-25T07:02:02,2026-09-25T07:02:02,2026-09-25T07:02:02
7547,碩網,2022-08-31,27.15,0.5499999999999972,2.07%,-0.22999999999999998,,-3.45,-4.14,-4.83,-5.52,-6.21,-6.9,ShowDailyK_ChartFlow,FinMind_API_TaiwanStockPrice_7547,True,2026-09-25T07:02:02,2026-09-25T07:02:02,2026-09-25T07:02:02
7547,碩網,2022-09-01,27.35,0.20000000000000284,0.74%,-0.22999999999999998,,-3.45,-4.14,-4.83,-5.52,-6.21,-6.9,ShowDailyK_ChartFlow,FinMind_API_TaiwanStockPrice_7547,True,2026-09-25T07:02:02,2026-09-25T07:02:02,2026-09-25T07:02:02
7547,碩網,2022-09-02,27.5,0.14999999999999858,0.55%,-0.22999999999999998,,-3.45,-4.14,-4.83,-5.52,-6.21,-6.9,ShowDailyK_ChartFlow,FinMind_API_TaiwanStockPrice_7547,True,2026-09-25T07:02:02,2026-09-25T07:02:02,2026-09-25T07:02:02
7547,碩網,2022-09-05,27.5,0.0,0.00%,-0.22999999999999998,,-3.45,-4.14,-4.83,-5.52,-6.21,-6.9,ShowDailyK_ChartFlow,FinMind_API_TaiwanStockPrice_7547,True,2026-09-25T07:02:02,2026-09-25T07:02:02,2026-09-25T07:02:02
7547,碩網,2022-09-06,26.3,-1.1999999999999993,-4.36%,-0.22999999999999998,,-3.45,-4.14,-4.83,-5.52,-6.21,-6.9,ShowDailyK_ChartFlow,FinMind_API_TaiwanStockPrice_7547,True,2026-09-25T07:02:02,2026-09-25T07:02:02,2026-09-25T07:02:02
7547,碩網,2022-09-07,27.5,1.1999999999999993,4.56%,-0.22999999999999998,,-3.45,-4.14,-4.83,-5.52,-6.21,-6.9,ShowDailyK_ChartFlow,FinMind_API_TaiwanStockPrice_7547,True,2026-09-25T07:02:02,2026-09-25T07:02:02,2026-09-25T07:02:02
7547,碩網,2022-09-08,27.5,0.0,0.00%,-0.22999999999999998,,-3.45,-4.14,-4.83,-5.52,-6.21,-6.9,ShowDailyK_ChartFlow,FinMind_API_TaiwanStockPrice_7547,True,2026-09-25T07:02:02,2026-09-25T07:02:02,2026-09-25T07:02:02
7547,碩網,2022-09-12,0.0,-27.5,-100.00%,-0.22999999999999998,,-3.45,-4.14,-4.83,-5.52,-6.21,-6.9,ShowDailyK_ChartFlow,FinMind_API_TaiwanStockPrice_7547,True,2026-09-25T07:02:02,2026-09-25T07:02:02,2026-09-25T07:02:02
7547,碩網,2022-09-13,0.0,0.0,,-0.22999999999999998,,-3.45,-4.14,-4.83,-5.52,-6.21,-6.9,ShowDailyK_ChartFlow,FinMind_API_TaiwanStockPrice_7547,True,2026-09-25T07:02:02,2026-09-25T07:02:02,2026-09-25T07:02:02
7547,碩網,2022-09-14,0.0,0.0,,-0.22999999999999998,,-3.45,-4.14,-4.83,-5.52,-6.21,-6.9,ShowDailyK_ChartFlow,FinMind_API_TaiwanStockPrice_7547,True,2026-09-25T07:02:02,2026-09-25T07:02:02,2026-09-25T07:02:02
7547,碩網,2022-09-15,0.0,0.0,,-0.22999999999999998,,-3.45,-4.14,-4.83,-5.52,-6.21,-6.9,ShowDailyK_ChartFlow,FinMind_API_TaiwanStockPrice_7547,True,2026-09-25T07:02:02,2026-09-25T07:02:02,2026-09-25T07:02:02
7547,碩網,2022-09-16,0.0,0.0,,-0.22999999999999998,,-3.45,-4.14,-4.83,-5.52,-6.21,-6.9,ShowDailyK_ChartFlow,FinMind_API_TaiwanStockPrice_7547,True,2026-09-25T07:02:02,2026-09-25T07:02:02,2026-09-25T07:02:02
7547,碩網,2022-09-19,0.0,0.0,,-0.22999999999999998,,-3.45,-4.14,-4.83,-5.52,-6.21,-6.9,ShowDailyK_ChartFlow,FinMind_API_TaiwanStockPrice_7547,True,2026-09-25T07:02:02,2026-09-25T07:02:02,2026-09-25T07:02:02
7547,碩網,2022-09-20,27.5,27.5,,-0.22999999999999998,,-3.45,-4.14,-4.83,-5.52,-6.21,-6.9,ShowDailyK_ChartFlow,FinMind_API_TaiwanStockPrice_7547,True,2026-09-25T07:02:02,2026-09-25T07:02:02,2026-09-25T07:02:02
7547,碩網,2022-09-21,27.5,0.0,0.00%,-0.22999999999999998,,-3.45,-4.14,-4.83,-5.52,-6.21,-6.9,ShowDailyK_ChartFlow,FinMind_API_TaiwanStockPrice_7547,True,2026-09-25T07:02:02,2026-09-25T07:02:02,2026-09-25T07:02:02
7547,碩網,2022-09-22,27.5,0.0,0.00%,-0.22999999999999998,,-3.45,-4.14,-4.83,-5.52,-6.21,-6.9,ShowDailyK_ChartFlow,FinMind_API_TaiwanStockPrice_7547,True,2026-09-25T07:02:02,2026-09-25T07:02:02,2026-09-25T07:02:02
7547,碩網,2022-09-23,0.0,-27.5,-100.00%,-0.22999999999999998,,-3.45,-4.14,-4.83,-5.52,-6.21,-6.9,ShowDailyK_ChartFlow,FinMind_API_TaiwanStockPrice_7547,True,2026-09-25T07:02:02,2026-09-25T07:02:02,2026-09-25T07:02:02
7547,碩網,2022-09-26,0.0,0.0,,-0.22999999999999998,,-3.45,-4.14,-4.83,-5.52,-6.21,-6.9,ShowDailyK_ChartFlow,FinMind_API_TaiwanStockPrice_7547,True,2026-09-25T07:02:02,2026-09-25T07:02:02,2026-09-25T07:02:02
7547,碩網,2022-09-27,26.15,26.15,,-0.22999999999999998,,-3.45,-4.14,-4.83,-5.52,-6.21,-6.9,ShowDailyK_ChartFlow,FinMind_API_TaiwanStockPrice_7547,True,2026-09-25T07:02:02,2026-09-25T07:02:02,2026-09-25T07:02:02
7547,碩網,2022-09-28,0.0,-26.15,-100.00%,-0.22999999999999998,,-3.45,-4.14,-4.83,-5.52,-6.21,-6.9,ShowDailyK_ChartFlow,FinMind_API_TaiwanStockPrice_7547,True,2026-09-25T07:02:02,2026-09-25T07:02:02,2026-09-25T07:02:02
7547,碩網,2022-09-29,27.5,27.5,,-0.22999999999999998,,-3.45,-4.14,-4.83,-5.52,-6.21,-6.9,ShowDailyK_ChartFlow,FinMind_API_TaiwanStockPrice_7547,True,2026-09-25T07:02:02,2026-09-25T07:02:02,2026-09-25T07:02:02
7547,碩網,2022-09-30,26.15,-1.3500000000000014,-4.91%,-0.22999999999999998,,-3.45,-4.14,-4.83,-5.52,-6.21,-6.9,ShowDailyK_ChartFlow,FinMind_API_TaiwanStockPrice_7547,True,2026-09-25T07:02:02,2026-09-25T07:02:02,2026-09-25T07:02:02
7547,碩網,2022-10-03,0.0,-26.15,-100.00%,-0.22999999999999998,,-3.45,-4.14,-4.83,-5.52,-6.21,-6.9,ShowDailyK_ChartFlow,FinMind_API_TaiwanStockPrice_7547,True,2026-09-25T07:02:02,2026-09-25T07:02:02,2026-09-25T07:02:02
7547,碩網,2022-10-04,26.15,26.15,,-0.22999999999999998,,-3.45,-4.14,-4.83,-5.52,-6.21,-6.9,ShowDailyK_ChartFlow,FinMind_API_TaiwanStockPrice_7547,True,2026-09-25T07:02:02,2026-09-25T07:02:02,2026-09-25T07:02:02
7547,碩網,2022-10-05,0.0,-26.15,-100.00%,-0.22999999999999998,,-3.45,-4.14,-4.83,-5.52,-6.21,-6.9,ShowDailyK_ChartFlow,FinMind_API_TaiwanStockPrice_7547,True,2026-09-25T07:02:02,2026-09-25T07:02:02,2026-09-25T07:02:02
7547,碩網,2022-10-06,0.0,0.0,,-0.22999999999999998,,-3.45,-4.14,-4.83,-5.52,-6.21,-6.9,ShowDailyK_ChartFlow,FinMind_API_TaiwanStockPrice_7547,True,2026-09-25T07:02:02,2026-09-25T07:02:02,2026-09-25T07:02:02
7547,碩網,2022-10-07,0.0,0.0,,-0.22999999999999998,,-3.45,-4.14,-4.83,-5.52,-6.21,-6.9,ShowDailyK_ChartFlow,FinMind_API_TaiwanStockPrice_7547,True,2026-09-25T07:02:02,2026-09-25T07:02:02,2026-09-25T07:02:02
7547,碩網,2022-10-11,0.0,0.0,,-0.22999999999999998,,-3.45,-4.14,-4.83,-5.52,-6.21,-6.9,ShowDailyK_ChartFlow,FinMind_API_TaiwanStockPrice_7547,True,2026-09-25T07:02:02,2026-09-25T07:02:02,2026-09-25T07:02:02
7547,碩網,2022-10-12,0.0,0.0,,-0.22999999999999998,,-3.45,-4.14,-4.83,-5.52,-6.21,-6.9,ShowDailyK_ChartFlow,FinMind_API_TaiwanStockPrice_7547,True,2026-09-25T07:02:02,2026-09-25T07:02:02,2026-09-25T07:02:02
7547,碩網,2022-10-13,0.0,0.0,,-0.22999999999999998,,-3.45,-4.14,-4.83,-5.52,-6.21,-6.9,ShowDailyK_ChartFlow,FinMind_API_TaiwanStockPrice_7547,True,2026-09-25T07:02:02,2026-09-25T07:02:02,2026-09-25T07:02:02
7547,碩網,2022-10-14,0.0,0.0,,-0.22999999999999998,,-3.45,-4.14,-4.83,-5.52,-6.21,-6.9,ShowDailyK_ChartFlow,FinMind_API_TaiwanStockPrice_7547,True,2026-09-25T07:02:02,2026-09-25T07:02:02,2026-09-25T07:02:02
7547,碩網,2022-10-17,0.0,0.0,,-0.22999999999999998,,-3.45,-4.14,-4.83,-5.52,-6.21,-6.9,ShowDailyK_ChartFlow,FinMind_API_TaiwanStockPrice_7547,True,2026-09-25T07:02:02,2026-09-25T07:02:02,2026-09-25T07:02:02
7547,碩網,2022-10-18,0.0,0.0,,-0.22999999999999998,,-3.45,-4.14,-4.83,-5.52,-6.21,-6.9,ShowDailyK_ChartFlow,FinMind_API_TaiwanStockPrice_7547,True,2026-09-25T07:02:02,2026-09-25T07:02:02,2026-09-25T07:02:02
7547,碩網,2022-10-19,27.5,27.5,,-0.22999999999999998,,-3.45,-4.14,-4.83,-5.52,-6.21,-6.9,ShowDailyK_ChartFlow,FinMind_API_TaiwanStockPrice_7547,True,2026-09-25T07:02:02,2026-09-25T07:02:02,2026-09-25T07:02:02
7547,碩網,2022-10-20,0.0,-27.5,-100.00%,-0.22999999999999998,,-3.45,-4.14,-4.83,-5.52,-6.21,-6.9,ShowDailyK_ChartFlow,FinMind_API_TaiwanStockPrice_7547,True,2026-09-25T07:02:02,2026-09-25T07:02:02,2026-09-25T07:02:02
7547,碩網,2022-10-21,0.0,0.0,,-0.22999999999999998,,-3.45,-4.14,-4.83,-5.52,-6.21,-6.9,ShowDailyK_ChartFlow,FinMind_API_TaiwanStockPrice_7547,True,2026-09-25T07:02:02,2026-09-25T07:02:02,2026-09-25T07:02:02
7547,碩網,2022-10-24,0.0,0.0,,-0.22999999999999998,,-3.45,-4.14,-4.83,-5.52,-6.21,-6.9,ShowDailyK_ChartFlow,FinMind_API_TaiwanStockPrice_7547,True,2026-09-25T07:02:02,2026-09-25T07:02:02,2026-09-25T07:02:02
7547,碩網,2022-10-25,0.0,0.0,,-0.22999999999999998,,-3.45,-4.14,-4.83,-5.52,-6.21,-6.9,ShowDailyK_ChartFlow,FinMind_API_TaiwanStockPrice_7547,True,2026-09-25T07:02:02,2026-09-25T07:02:02,2026-09-25T07:02:02
7547,碩網,2022-10-26,0.0,0.0,,-0.22999999999999998,,-3.45,-4.14,-4.83,-5.52,-6.21,-6.9,ShowDailyK_ChartFlow,FinMind_API_TaiwanStockPrice_7547,True,2026-09-25T07:02:02,2026-09-25T07:02:02,2026-09-25T07:02:02
7547,碩網,2022-10-27,0.0,0.0,,-0.22999999999999998,,-3.45,-4.14,-4.83,-5.52,-6.21,-6.9,ShowDailyK_ChartFlow,FinMind_API_TaiwanStockPrice_7547,True,2026-09-25T07:02:02,2026-09-25T07:02:02,2026-09-25T07:02:02
7547,碩網,2022-10-28,0.0,0.0,,-0.22999999999999998,,-3.45,-4.14,-4.83,-5.52,-6.21,-6.9,ShowDailyK_ChartFlow,FinMind_API_TaiwanStockPrice_7547,True,2026-09-25T07:02:02,2026-09-25T07:02:02,2026-09-25T07:02:02
7547,碩網,2022-10-31,0.0,0.0,,-0.22999999999999998,,-3.45,-4.14,-4.83,-5.52,-6.21,-6.9,ShowDailyK_ChartFlow,FinMind_API_TaiwanStockPrice_7547,True,2026-09-25T07:02:02,2026-09-25T07:02:02,2026-09-25T07:02:02
7547,碩網,2022-11-01,0.0,0.0,,-0.22999999999999998,,-3.45,-4.14,-4.83,-5.52,-6.21,-6.9,ShowDailyK_ChartFlow,FinMind_API_TaiwanStockPrice_7547,True,2026-09-25T07:02:02,2026-09-25T07:02:02,2026-09-25T07:02:02
7547,碩網,2022-11-02,0.0,0.0,,-0.22999999999999998,,-3.45,-4.14,-4.83,-5.52,-6.21,-6.9,ShowDailyK_ChartFlow,FinMind_API_TaiwanStockPrice_7547,True,2026-09-25T07:02:02,2026-09-25T07:02:02,2026-09-25T07:02:02
7547,碩網,2022-11-03,0.0,0.0,,-0.22999999999999998,,-3.45,-4.14,-4.83,-5.52,-6.21,-6.9,ShowDailyK_ChartFlow,FinMind_API_TaiwanStockPrice_7547,True,2026-09-25T07:02:02,2026-09-25T07:02:02,2026-09-25T07:02:02
7547,碩網,2022-11-04,0.0,0.0,,-0.22999999999999998,,-3.45,-4.14,-4.83,-5.52,-6.21,-6.9,ShowDailyK_ChartFlow,FinMind_API_TaiwanStockPrice_7547,True,2026-09-25T07:02:02,2026-09-25T07:02:02,2026-09-25T07:02:02
7547,碩網,2022-11-07,0.0,0.0,,-0.22999999999999998,,-3.45,-4.14,-4.83,-5.52,-6.21,-6.9,ShowDailyK_ChartFlow,FinMind_API_TaiwanStockPrice_7547,True,2026-09-25T07:02:02,2026-09-25T07:02:02,2026-09-25T07:02:02
7547,碩網,2022-11-08,0.0,0.0,,-0.22999999999999998,,-3.45,-4.14,-4.83,-5.52,-6.21,-6.9,ShowDailyK_ChartFlow,FinMind_API_TaiwanStockPrice_7547,True,2026-09-25T07:02:02,2026-09-25T07:02:02,2026-09-25T07:02:02
7547,碩網,2022-11-09,0.0,0.0,,-0.22999999999999998,,-3.45,-4.14,-4.83,-5.52,-6.21,-6.9,ShowDailyK_ChartFlow,FinMind_API_TaiwanStockPrice_7547,True,2026-09-25T07:02:02,2026-09-25T07:02:02,2026-09-25T07:02:02
7547,碩網,2022-11-10,0.0,0.0,,-0.22999999999999998,,-3.45,-4.14,-4.83,-5.52,-6.21,-6.9,ShowDailyK_ChartFlow,FinMind_API_TaiwanStockPrice_7547,True,2026-09-25T07:02:02,2026-09-25T07:02:02,2026-09-25T07:02:02
7547,碩網,2022-11-11,0.0,0.0,,-0.22999999999999998,,-3.45,-4.14,-4.83,-5.52,-6.21,-6.9,ShowDailyK_ChartFlow,FinMind_API_TaiwanStockPrice_7547,True,2026-09-25T07:02:02,2026-09-25T07:02:02,2026-09-25T07:02:02
7547,碩網,2022-11-14,0.0,0.0,,-0.22999999999999998,,-3.45,-4.14,-4.83,-5.52,-6.21,-6.9,ShowDailyK_ChartFlow,FinMind_API_TaiwanStockPrice_7547,True,2026-09-25T07:02:02,2026-09-25T07:02:02,2026-09-25T07:02:02
7547,碩網,2022-11-15,0.0,0.0,,-0.22999999999999998,,-3.45,-4.14,-4.83,-5.52,-6.21,-6.9,ShowDailyK_ChartFlow,FinMind_API_TaiwanStockPrice_7547,True,2026-09-25T07:02:02,2026-09-25T07:02:02,2026-09-25T07:02:02
7547,碩網,2022-11-16,0.0,0.0,,-0.22999999999999998,,-3.45,-4.14,-4.83,-5.52,-6.21,-6.9,ShowDailyK_ChartFlow,FinMind_API_TaiwanStockPrice_7547,True,2026-09-25T07:02:02,2026-09-25T07:02:02,2026-09-25T07:02:02
7547,碩網,2022-11-17,0.0,0.0,,-0.22999999999999998,,-3.45,-4.14,-4.83,-5.52,-6.21,-6.9,ShowDailyK_ChartFlow,FinMind_API_TaiwanStockPrice_7547,True,2026-09-25T07:02:02,2026-09-25T07:02:02,2026-09-25T07:02:02
7547,碩網,2022-11-18,0.0,0.0,,-0.22999999999999998,,-3.45,-4.14,-4.83,-5.52,-6.21,-6.9,ShowDailyK_ChartFlow,FinMind_API_TaiwanStockPrice_7547,True,2026-09-25T07:02:02,2026-09-25T07:02:02,2026-09-25T07:02:02
7547,碩網,2022-11-21,0.0,0.0,,-0.22999999999999998,,-3.45,-4.14,-4.83,-5.52,-6.21,-6.9,ShowDailyK_ChartFlow,FinMind_API_TaiwanStockPrice_7547,True,2026-09-25T07:02:02,2026-09-25T07:02:02,2026-09-25T07:02:02
7547,碩網,2022-11-22,0.0,0.0,,-0.22999999999999998,,-3.45,-4.14,-4.83,-5.52,-6.21,-6.9,ShowDailyK_ChartFlow,FinMind_API_TaiwanStockPrice_7547,True,2026-09-25T07:02:02,2026-09-25T07:02:02,2026-09-25T07:02:02
7547,碩網,2022-11-23,0.0,0.0,,-0.22999999999999998,,-3.45,-4.14,-4.83,-5.52,-6.21,-6.9,ShowDailyK_ChartFlow,FinMind_API_TaiwanStockPrice_7547,True,2026-09-25T07:02:02,2026-09-25T07:02:02,2026-09-25T07:02:02
7547,碩網,2022-11-24,0.0,0.0,,-0.22999999999999998,,-3.45,-4.14,-4.83,-5.52,-6.21,-6.9,ShowDailyK_ChartFlow,FinMind_API_TaiwanStockPrice_7547,True,2026-09-25T07:02:02,2026-09-25T07:02:02,2026-09-25T07:02:02
7547,碩網,2022-11-25,0.0,0.0,,-0.22999999999999998,,-3.45,-4.14,-4.83,-5.52,-6.21,-6.9,ShowDailyK_ChartFlow,FinMind_API_TaiwanStockPrice_7547,True,2026-09-25T07:02:02,2026-09-25T07:02:02,2026-09-25T07:02:02
7547,碩網,2022-11-28,0.0,0.0,,-0.22999999999999998,,-3.45,-4.14,-4.83,-5.52,-6.21,-6.9,ShowDailyK_ChartFlow,FinMind_API_TaiwanStockPrice_7547,True,2026-09-25T07:02:02,2026-09-25T07:02:02,2026-09-25T07:02:02
7547,碩網,2022-11-29,0.0,0.0,,-0.22999999999999998,,-3.45,-4.14,-4.83,-5.52,-6.21,-6.9,ShowDailyK_ChartFlow,FinMind_API_TaiwanStockPrice_7547,True,2026-09-25T07:02:02,2026-09-25T07:02:02,2026-09-25T07:02:02
7547,碩網,2022-11-30,0.0,0.0,,-0.22999999999999998,,-3.45,-4.14,-4.83,-5.52,-6.21,-6.9,ShowDailyK_ChartFlow,FinMind_API_TaiwanStockPrice_7547,True,2026-09-25T07:02:02,2026-09-25T07:02:02,2026-09-25T07:02:02
7547,碩網,2022-12-01,27.35,27.35,,-0.22999999999999998,,-3.45,-4.14,-4.83,-5.52,-6.21,-6.9,ShowDailyK_ChartFlow,FinMind_API_TaiwanStockPrice_7547,True,2026-09-25T07:02:02,2026-09-25T07:02:02,2026-09-25T07:02:02
7547,碩網,2022-12-02,0.0,-27.35,-100.00%,-0.22999999999999998,,-3.45,-4.14,-4.83,-5.52,-6.21,-6.9,ShowDailyK_ChartFlow,FinMind_API_TaiwanStockPrice_7547,True,2026-09-25T07:02:02,2026-09-25T07:02:02,2026-09-25T07:02:02
7547,碩網,2022-12-05,0.0,0.0,,-0.22999999999999998,,-3.45,-4.14,-4.83,-5.52,-6.21,-6.9,ShowDailyK_ChartFlow,FinMind_API_TaiwanStockPrice_7547,True,2026-09-25T07:02:02,2026-09-25T07:02:02,2026-09-25T07:02:02
7547,碩網,2022-12-06,0.0,0.0,,-0.22999999999999998,,-3.45,-4.14,-4.83,-5.52,-6.21,-6.9,ShowDailyK_ChartFlow,FinMind_API_TaiwanStockPrice_7547,True,2026-09-25T07:02:02,2026-09-25T07:02:02,2026-09-25T07:02:02
7547,碩網,2022-12-07,0.0,0.0,,-0.22999999999999998,,-3.45,-4.14,-4.83,-5.52,-6.21,-6.9,ShowDailyK_ChartFlow,FinMind_API_TaiwanStockPrice_7547,True,2026-09-25T07:02:02,2026-09-25T07:02:02,2026-09-25T07:02:02
7547,碩網,2022-12-08,27.35,27.35,,-0.22999999999999998,,-3.45,-4.14,-4.83,-5.52,-6.21,-6.9,ShowDailyK_ChartFlow,FinMind_API_TaiwanStockPrice_7547,True,2026-09-25T07:02:02,2026-09-25T07:02:02,2026-09-25T07:02:02
7547,碩網,2022-12-09,26.5,-0.8500000000000014,-3.11%,-0.22999999999999998,,-3.45,-4.14,-4.83,-5.52,-6.21,-6.9,ShowDailyK_ChartFlow,FinMind_API_TaiwanStockPrice_7547,True,2026-09-25T07:02:02,2026-09-25T07:02:02,2026-09-25T07:02:02
7547,碩網,2022-12-12,0.0,-26.5,-100.00%,-0.22999999999999998,,-3.45,-4.14,-4.83,-5.52,-6.21,-6.9,ShowDailyK_ChartFlow,FinMind_API_TaiwanStockPrice_7547,True,2026-09-25T07:02:02,2026-09-25T07:02:02,2026-09-25T07:02:02
7547,碩網,2022-12-13,27.4,27.4,,-0.22999999999999998,,-3.45,-4.14,-4.83,-5.52,-6.21,-6.9,ShowDailyK_ChartFlow,FinMind_API_TaiwanStockPrice_7547,True,2026-09-25T07:02:02,2026-09-25T07:02:02,2026-09-25T07:02:02
7547,碩網,2022-12-14,0.0,-27.4,-100.00%,-0.22999999999999998,,-3.45,-4.14,-4.83,-5.52,-6.21,-6.9,ShowDailyK_ChartFlow,FinMind_API_TaiwanStockPrice_7547,True,2026-09-25T07:02:02,2026-09-25T07:02:02,2026-09-25T07:02:02
7547,碩網,2022-12-15,0.0,0.0,,-0.22999999999999998,,-3.45,-4.14,-4.83,-5.52,-6.21,-6.9,ShowDailyK_ChartFlow,FinMind_API_TaiwanStockPrice_7547,True,2026-09-25T07:02:02,2026-09-25T07:02:02,2026-09-25T07:02:02
7547,碩網,2022-12-16,0.0,0.0,,-0.22999999999999998,,-3.45,-4.14,-4.83,-5.52,-6.21,-6.9,ShowDailyK_ChartFlow,FinMind_API_TaiwanStockPrice_7547,True,2026-09-25T07:02:02,2026-09-25T07:02:02,2026-09-25T07:02:02
7547,碩網,2022-12-19,0.0,0.0,,-0.22999999999999998,,-3.45,-4.14,-4.83,-5.52,-6.21,-6.9,ShowDailyK_ChartFlow,FinMind_API_TaiwanStockPrice_7547,True,2026-09-25T07:02:02,2026-09-25T07:02:02,2026-09-25T07:02:02
7547,碩網,2022-12-20,0.0,0.0,,-0.22999999999999998,,-3.45,-4.14,-4.83,-5.52,-6.21,-6.9,ShowDailyK_ChartFlow,FinMind_API_TaiwanStockPrice_7547,True,2026-09-25T07:02:02,2026-09-25T07:02:02,2026-09-25T07:02:02
7547,碩網,2022-12-21,0.0,0.0,,-0.22999999999999998,,-3.45,-4.14,-4.83,-5.52,-6.21,-6.9,ShowDailyK_ChartFlow,FinMind_API_TaiwanStockPrice_7547,True,2026-09-25T07:02:02,2026-09-25T07:02:02,2026-09-25T07:02:02
7547,碩網,2022-12-22,0.0,0.0,,-0.22999999999999998,,-3.45,-4.14,-4.83,-5.52,-6.21,-6.9,ShowDailyK_ChartFlow,FinMind_API_TaiwanStockPrice_7547,True,2026-09-25T07:02:02,2026-09-25T07:02:02,2026-09-25T07:02:02
7547,碩網,2022-12-23,0.0,0.0,,-0.22999999999999998,,-3.45,-4.14,-4.83,-5.52,-6.21,-6.9,ShowDailyK_ChartFlow,FinMind_API_TaiwanStockPrice_7547,True,2026-09-25T07:02:02,2026-09-25T07:02:02,2026-09-25T07:02:02
7547,碩網,2022-12-26,0.0,0.0,,-0.22999999999999998,,-3.45,-4.14,-4.83,-5.52,-6.21,-6.9,ShowDailyK_ChartFlow,FinMind_API_TaiwanStockPrice_7547,True,2026-09-25T07:02:02,2026-09-25T07:02:02,2026-09-25T07:02:02
7547,碩網,2022-12-27,28.4,28.4,,-0.22999999999999998,,-3.45,-4.14,-4.83,-5.52,-6.21,-6.9,ShowDailyK_ChartFlow,FinMind_API_TaiwanStockPrice_7547,True,2026-09-25T07:02:02,2026-09-25T07:02:02,2026-09-25T07:02:02
7547,碩網,2022-12-28,0.0,-28.4,-100.00%,-0.22999999999999998,,-3.45,-4.14,-4.83,-5.52,-6.21,-6.9,ShowDailyK_ChartFlow,FinMind_API_TaiwanStockPrice_7547,True,2026-09-25T07:02:02,2026-09-25T07:02:02,2026-09-25T07:02:02
7547,碩網,2022-12-29,28.95,28.95,,-0.22999999999999998,,-3.45,-4.14,-4.83,-5.52,-6.21,-6.9,ShowDailyK_ChartFlow,FinMind_API_TaiwanStockPrice_7547,True,2026-09-25T07:02:02,2026-09-25T07:02:02,2026-09-25T07:02:02
7547,碩網,2022-12-30,30.3,1.3500000000000014,4.66%,-0.22999999999999998,,-3.45,-4.14,-4.83,-5.52,-6.21,-6.9,ShowDailyK_ChartFlow,FinMind_API_TaiwanStockPrice_7547,True,2026-09-25T07:02:02,2026-09-25T07:02:02,2026-09-25T07:02:02
7547,碩網,2023-01-03,30.0,-0.3000000000000007,-0.99%,0.28,,4.2,5.04,5.88,6.72,7.56,8.4,ShowDailyK_ChartFlow,FinMind_API_TaiwanStockPrice_7547,True,2026-09-25T07:02:02,2026-09-25T07:02:02,2026-09-25T07:02:02
7547,碩網,2023-01-04,0.0,-30.0,-100.00%,0.28,,4.2,5.04,5.88,6.72,7.56,8.4,ShowDailyK_ChartFlow,FinMind_API_TaiwanStockPrice_7547,True,2026-09-25T07:02:02,2026-09-25T07:02:02,2026-09-25T07:02:02
7547,碩網,2023-01-05,31.3,31.3,,0.28,,4.2,5.04,5.88,6.72,7.56,8.4,ShowDailyK_ChartFlow,FinMind_API_TaiwanStockPrice_7547,True,2026-09-25T07:02:02,2026-09-25T07:02:02,2026-09-25T07:02:02
7547,碩網,2023-01-06,31.55,0.25,0.80%,0.28,,4.2,5.04,5.88,6.72,7.56,8.4,ShowDailyK_ChartFlow,FinMind_API_TaiwanStockPrice_7547,True,2026-09-25T07:02:02,2026-09-25T07:02:02,2026-09-25T07:02:02
7547,碩網,2023-01-09,31.55,0.0,0.00%,0.28,,4.2,5.04,5.88,6.72,7.56,8.4,ShowDailyK_ChartFlow,FinMind_API_TaiwanStockPrice_7547,True,2026-09-25T07:02:02,2026-09-25T07:02:02,2026-09-25T07:02:02
7547,碩網,2023-01-10,0.0,-31.55,-100.00%,0.28,,4.2,5.04,5.88,6.72,7.56,8.4,ShowDailyK_ChartFlow,FinMind_API_TaiwanStockPrice_7547,True,2026-09-25T07:02:02,2026-09-25T07:02:02,2026-09-25T07:02:02
7547,碩網,2023-01-11,0.0,0.0,,0.28,,4.2,5.04,5.88,6.72,7.56,8.4,ShowDailyK_ChartFlow,FinMind_API_TaiwanStockPrice_7547,True,2026-09-25T07:02:02,2026-09-25T07:02:02,2026-09-25T07:02:02
7547,碩網,2023-01-12,0.0,0.0,,0.28,,4.2,5.04,5.88,6.72,7.56,8.4,ShowDailyK_ChartFlow,FinMind_API_TaiwanStockPrice_7547,True,2026-09-25T07:02:02,2026-09-25T07:02:02,2026-09-25T07:02:02
7547,碩網,2023-01-13,0.0,0.0,,0.28,,4.2,5.04,5.88,6.72,7.56,8.4,ShowDailyK_ChartFlow,FinMind_API_TaiwanStockPrice_7547,True,2026-09-25T07:02:02,2026-09-25T07:02:02,2026-09-25T07:02:02
7547,碩網,2023-01-16,0.0,0.0,,0.28,,4.2,5.04,5.88,6.72,7.56,8.4,ShowDailyK_ChartFlow,FinMind_API_TaiwanStockPrice_7547,True,2026-09-25T07:02:02,2026-09-25T07:02:02,2026-09-25T07:02:02
7547,碩網,2023-01-17,0.0,0.0,,0.28,,4.2,5.04,5.88,6.72,7.56,8.4,ShowDailyK_ChartFlow,FinMind_API_TaiwanStockPrice_7547,True,2026-09-25T07:02:02,2026-09-25T07:02:02,2026-09-25T07:02:02
7547,碩網,2023-01-30,0.0,0.0,,0.28,,4.2,5.04,5.88,6.72,7.56,8.4,ShowDailyK_ChartFlow,FinMind_API_TaiwanStockPrice_7547,True,2026-09-25T07:02:02,2026-09-25T07:02:02,2026-09-25T07:02:02
7547,碩網,2023-01-31,31.5,31.5,,0.28,,4.2,5.04,5.88,6.72,7.56,8.4,ShowDailyK_ChartFlow,FinMind_API_TaiwanStockPrice_7547,True,2026-09-25T07:02:02,2026-09-25T07:02:02,2026-09-25T07:02:02
7547,碩網,2023-02-01,31.5,0.0,0.00%,0.28,,4.2,5.04,5.88,6.72,7.56,8.4,ShowDailyK_ChartFlow,FinMind_API_TaiwanStockPrice_7547,True,2026-09-25T07:02:02,2026-09-25T07:02:02,2026-09-25T07:02:02
7547,碩網,2023-02-02,32.45,0.9500000000000028,3.02%,0.28,,4.2,5.04,5.88,6.72,7.56,8.4,ShowDailyK_ChartFlow,FinMind_API_TaiwanStockPrice_7547,True,2026-09-25T07:02:02,2026-09-25T07:02:02,2026-09-25T07:02:02
7547,碩網,2023-02-03,0.0,-32.45,-100.00%,0.28,,4.2,5.04,5.88,6.72,7.56,8.4,ShowDailyK_ChartFlow,FinMind_API_TaiwanStockPrice_7547,True,2026-09-25T07:02:02,2026-09-25T07:02:02,2026-09-25T07:02:02
7547,碩網,2023-02-06,0.0,0.0,,0.28,,4.2,5.04,5.88,6.72,7.56,8.4,ShowDailyK_ChartFlow,FinMind_API_TaiwanStockPrice_7547,True,2026-09-25T07:02:02,2026-09-25T07:02:02,2026-09-25T07:02:02
7547,碩網,2023-02-07,0.0,0.0,,0.28,,4.2,5.04,5.88,6.72,7.56,8.4,ShowDailyK_ChartFlow,FinMind_API_TaiwanStockPrice_7547,True,2026-09-25T07:02:02,2026-09-25T07:02:02,2026-09-25T07:02:02
7547,碩網,2023-02-08,0.0,0.0,,0.28,,4.2,5.04,5.88,6.72,7.56,8.4,ShowDailyK_ChartFlow,FinMind_API_TaiwanStockPrice_7547,True,2026-09-25T07:02:02,2026-09-25T07:02:02,2026-09-25T07:02:02
7547,碩網,2023-02-09,34.1,34.1,,0.28,,4.2,5.04,5.88,6.72,7.56,8.4,ShowDailyK_ChartFlow,FinMind_API_TaiwanStockPrice_7547,True,2026-09-25T07:02:02,2026-09-25T07:02:02,2026-09-25T07:02:02
7547,碩網,2023-02-10,33.1,-1.0,-2.93%,0.28,,4.2,5.04,5.88,6.72,7.56,8.4,ShowDailyK_ChartFlow,FinMind_API_TaiwanStockPrice_7547,True,2026-09-25T07:02:02,2026-09-25T07:02:02,2026-09-25T07:02:02
7547,碩網,2023-02-13,34.1,1.0,3.02%,0.28,,4.2,5.04,5.88,6.72,7.56,8.4,ShowDailyK_ChartFlow,FinMind_API_TaiwanStockPrice_7547,True,2026-09-25T07:02:02,2026-09-25T07:02:02,2026-09-25T07:02:02
7547,碩網,2023-02-14,34.9,0.7999999999999972,2.35%,0.28,,4.2,5.04,5.88,6.72,7.56,8.4,ShowDailyK_ChartFlow,FinMind_API_TaiwanStockPrice_7547,True,2026-09-25T07:02:02,2026-09-25T07:02:02,2026-09-25T07:02:02
7547,碩網,2023-02-15,35.75,0.8500000000000014,2.44%,0.28,,4.2,5.04,5.88,6.72,7.56,8.4,ShowDailyK_ChartFlow,FinMind_API_TaiwanStockPrice_7547,True,2026-09-25T07:02:02,2026-09-25T07:02:02,2026-09-25T07:02:02
7547,碩網,2023-02-16,36.2,0.45000000000000284,1.26%,0.28,,4.2,5.04,5.88,6.72,7.56,8.4,ShowDailyK_ChartFlow,FinMind_API_TaiwanStockPrice_7547,True,2026-09-25T07:02:02,2026-09-25T07:02:02,2026-09-25T07:02:02
7547,碩網,2023-02-17,36.0,-0.20000000000000284,-0.55%,0.28,,4.2,5.04,5.88,6.72,7.56,8.4,ShowDailyK_ChartFlow,FinMind_API_TaiwanStockPrice_7547,True,2026-09-25T07:02:02,2026-09-25T07:02:02,2026-09-25T07:02:02
7547,碩網,2023-02-20,39.5,3.5,9.72%,0.28,,4.2,5.04,5.88,6.72,7.56,8.4,ShowDailyK_ChartFlow,FinMind_API_TaiwanStockPrice_7547,True,2026-09-25T07:02:02,2026-09-25T07:02:02,2026-09-25T07:02:02
7547,碩網,2023-02-21,39.9,0.3999999999999986,1.01%,0.28,,4.2,5.04,5.88,6.72,7.56,8.4,ShowDailyK_ChartFlow,FinMind_API_TaiwanStockPrice_7547,True,2026-09-25T07:02:02,2026-09-25T07:02:02,2026-09-25T07:02:02
7547,碩網,2023-02-22,38.5,-1.3999999999999986,-3.51%,0.28,,4.2,5.04,5.88,6.72,7.56,8.4,ShowDailyK_ChartFlow,FinMind_API_TaiwanStockPrice_7547,True,2026-09-25T07:02:02,2026-09-25T07:02:02,2026-09-25T07:02:02
7547,碩網,2023-02-23,35.75,-2.75,-7.14%,0.28,,4.2,5.04,5.88,6.72,7.56,8.4,ShowDailyK_ChartFlow,FinMind_API_TaiwanStockPrice_7547,True,2026-09-25T07:02:02,2026-09-25T07:02:02,2026-09-25T07:02:02
7547,碩網,2023-02-24,33.8,-1.9500000000000028,-5.45%,0.28,,4.2,5.04,5.88,6.72,7.56,8.4,ShowDailyK_ChartFlow,FinMind_API_TaiwanStockPrice_7547,True,2026-09-25T07:02:02,2026-09-25T07:02:02,2026-09-25T07:02:02
7547,碩網,2023-03-01,34.0,0.20000000000000284,0.59%,0.28,,4.2,5.04,5.88,6.72,7.56,8.4,ShowDailyK_ChartFlow,FinMind_API_TaiwanStockPrice_7547,True,2026-09-25T07:02:02,2026-09-25T07:02:02,2026-09-25T07:02:02
7547,碩網,2023-03-02,35.6,1.6000000000000014,4.71%,0.28,,4.2,5.04,5.88,6.72,7.56,8.4,ShowDailyK_ChartFlow,FinMind_API_TaiwanStockPrice_7547,True,2026-09-25T07:02:02,2026-09-25T07:02:02,2026-09-25T07:02:02
7547,碩網,2023-03-03,35.85,0.25,0.70%,0.28,,4.2,5.04,5.88,6.72,7.56,8.4,ShowDailyK_ChartFlow,FinMind_API_TaiwanStockPrice_7547,True,2026-09-25T07:02:02,2026-09-25T07:02:02,2026-09-25T07:02:02
7547,碩網,2023-03-06,36.95,1.1000000000000014,3.07%,0.28,,4.2,5.04,5.88,6.72,7.56,8.4,ShowDailyK_ChartFlow,FinMind_API_TaiwanStockPrice_7547,True,2026-09-25T07:02:02,2026-09-25T07:02:02,2026-09-25T07:02:02
7547,碩網,2023-03-07,37.85,0.8999999999999986,2.44%,0.28,,4.2,5.04,5.88,6.72,7.56,8.4,ShowDailyK_ChartFlow,FinMind_API_TaiwanStockPrice_7547,True,2026-09-25T07:02:02,2026-09-25T07:02:02,2026-09-25T07:02:02
7547,碩網,2023-03-08,36.25,-1.6000000000000014,-4.23%,0.28,,4.2,5.04,5.88,6.72,7.56,8.4,ShowDailyK_ChartFlow,FinMind_API_TaiwanStockPrice_7547,True,2026-09-25T07:02:02,2026-09-25T07:02:02,2026-09-25T07:02:02
7547,碩網,2023-03-09,38.5,2.25,6.21%,0.28,,4.2,5.04,5.88,6.72,7.56,8.4,ShowDailyK_ChartFlow,FinMind_API_TaiwanStockPrice_7547,True,2026-09-25T07:02:02,2026-09-25T07:02:02,2026-09-25T07:02:02
7547,碩網,2023-03-10,38.35,-0.14999999999999858,-0.39%,0.28,,4.2,5.04,5.88,6.72,7.56,8.4,ShowDailyK_ChartFlow,FinMind_API_TaiwanStockPrice_7547,True,2026-09-25T07:02:02,2026-09-25T07:02:02,2026-09-25T07:02:02
7547,碩網,2023-03-13,36.9,-1.4500000000000028,-3.78%,0.28,,4.2,5.04,5.88,6.72,7.56,8.4,ShowDailyK_ChartFlow,FinMind_API_TaiwanStockPrice_7547,True,2026-09-25T07:02:02,2026-09-25T07:02:02,2026-09-25T07:02:02
7547,碩網,2023-03-14,35.15,-1.75,-4.74%,0.28,,4.2,5.04,5.88,6.72,7.56,8.4,ShowDailyK_ChartFlow,FinMind_API_TaiwanStockPrice_7547,True,2026-09-25T07:02:02,2026-09-25T07:02:02,2026-09-25T07:02:02
7547,碩網,2023-03-15,35.5,0.3500000000000014,1.00%,0.28,,4.2,5.04,5.88,6.72,7.56,8.4,ShowDailyK_ChartFlow,FinMind_API_TaiwanStockPrice_7547,True,2026-09-25T07:02:02,2026-09-25T07:02:02,2026-09-25T07:02:02
7547,碩網,2023-03-16,34.2,-1.2999999999999972,-3.66%,0.28,,4.2,5.04,5.88,6.72,7.56,8.4,ShowDailyK_ChartFlow,FinMind_API_TaiwanStockPrice_7547,True,2026-09-25T07:02:02,2026-09-25T07:02:02,2026-09-25T07:02:02
7547,碩網,2023-03-17,34.65,0.44999999999999574,1.32%,0.28,,4.2,5.04,5.88,6.72,7.56,8.4,ShowDailyK_ChartFlow,FinMind_API_TaiwanStockPrice_7547,True,2026-09-25T07:02:02,2026-09-25T07:02:02,2026-09-25T07:02:02
7547,碩網,2023-03-20,0.0,-34.65,-100.00%,0.28,,4.2,5.04,5.88,6.72,7.56,8.4,ShowDailyK_ChartFlow,FinMind_API_TaiwanStockPrice_7547,True,2026-09-25T07:02:02,2026-09-25T07:02:02,2026-09-25T07:02:02
7547,碩網,2023-03-21,35.5,35.5,,0.28,,4.2,5.04,5.88,6.72,7.56,8.4,ShowDailyK_ChartFlow,FinMind_API_TaiwanStockPrice_7547,True,2026-09-25T07:02:02,2026-09-25T07:02:02,2026-09-25T07:02:02
7547,碩網,2023-03-22,38.0,2.5,7.04%,0.28,,4.2,5.04,5.88,6.72,7.56,8.4,ShowDailyK_ChartFlow,FinMind_API_TaiwanStockPrice_7547,True,2026-09-25T07:02:02,2026-09-25T07:02:02,2026-09-25T07:02:02
7547,碩網,2023-03-23,38.5,0.5,1.32%,0.28,,4.2,5.04,5.88,6.72,7.56,8.4,ShowDailyK_ChartFlow,FinMind_API_TaiwanStockPrice_7547,True,2026-09-25T07:02:02,2026-09-25T07:02:02,2026-09-25T07:02:02
7547,碩網,2023-03-24,38.05,-0.45000000000000284,-1.17%,0.28,,4.2,5.04,5.88,6.72,7.56,8.4,ShowDailyK_ChartFlow,FinMind_API_TaiwanStockPrice_7547,True,2026-09-25T07:02:02,2026-09-25T07:02:02,2026-09-25T07:02:02
7547,碩網,2023-03-27,37.05,-1.0,-2.63%,0.28,,4.2,5.04,5.88,6.72,7.56,8.4,ShowDailyK_ChartFlow,FinMind_API_TaiwanStockPrice_7547,True,2026-09-25T07:02:02,2026-09-25T07:02:02,2026-09-25T07:02:02
7547,碩網,2023-03-28,36.9,-0.14999999999999858,-0.40%,0.28,,4.2,5.04,5.88,6.72,7.56,8.4,ShowDailyK_ChartFlow,FinMind_API_TaiwanStockPrice_7547,True,2026-09-25T07:02:02,2026-09-25T07:02:02,2026-09-25T07:02:02
7547,碩網,2023-03-29,36.1,-0.7999999999999972,-2.17%,0.28,,4.2,5.04,5.88,6.72,7.56,8.4,ShowDailyK_ChartFlow,FinMind_API_TaiwanStockPrice_7547,True,2026-09-25T07:02:02,2026-09-25T07:02:02,2026-09-25T07:02:02
7547,碩網,2023-03-30,37.2,1.1000000000000014,3.05%,0.28,,4.2,5.04,5.88,6.72,7.56,8.4,ShowDailyK_ChartFlow,FinMind_API_TaiwanStockPrice_7547,True,2026-09-25T07:02:02,2026-09-25T07:02:02,2026-09-25T07:02:02
7547,碩網,2023-03-31,0.0,-37.2,-100.00%,0.28,,4.2,5.04,5.88,6.72,7.56,8.4,ShowDailyK_ChartFlow,FinMind_API_TaiwanStockPrice_7547,True,2026-09-25T07:02:02,2026-09-25T07:02:02,2026-09-25T07:02:02
7547,碩網,2023-04-06,38.0,38.0,,0.28,,4.2,5.04,5.88,6.72,7.56,8.4,ShowDailyK_ChartFlow,FinMind_API_TaiwanStockPrice_7547,True,2026-09-25T07:02:02,2026-09-25T07:02:02,2026-09-25T07:02:02
7547,碩網,2023-04-07,38.95,0.9500000000000028,2.50%,0.28,,4.2,5.04,5.88,6.72,7.56,8.4,ShowDailyK_ChartFlow,FinMind_API_TaiwanStockPrice_7547,True,2026-09-25T07:02:02,2026-09-25T07:02:02,2026-09-25T07:02:02
7547,碩網,2023-04-10,38.75,-0.20000000000000284,-0.51%,0.28,,4.2,5.04,5.88,6.72,7.56,8.4,ShowDailyK_ChartFlow,FinMind_API_TaiwanStockPrice_7547,True,2026-09-25T07:02:02,2026-09-25T07:02:02,2026-09-25T07:02:02
7547,碩網,2023-04-11,37.45,-1.2999999999999972,-3.35%,0.28,,4.2,5.04,5.88,6.72,7.56,8.4,ShowDailyK_ChartFlow,FinMind_API_TaiwanStockPrice_7547,True,2026-09-25T07:02:02,2026-09-25T07:02:02,2026-09-25T07:02:02
7547,碩網,2023-04-12,35.65,-1.8000000000000043,-4.81%,0.28,,4.2,5.04,5.88,6.72,7.56,8.4,ShowDailyK_ChartFlow,FinMind_API_TaiwanStockPrice_7547,True,2026-09-25T07:02:02,2026-09-25T07:02:02,2026-09-25T07:02:02
7547,碩網,2023-04-13,37.0,1.3500000000000014,3.79%,0.28,,4.2,5.04,5.88,6.72,7.56,8.4,ShowDailyK_ChartFlow,FinMind_API_TaiwanStockPrice_7547,True,2026-09-25T07:02:02,2026-09-25T07:02:02,2026-09-25T07:02:02
7547,碩網,2023-04-14,37.0,0.0,0.00%,0.28,,4.2,5.04,5.88,6.72,7.56,8.4,ShowDailyK_ChartFlow,FinMind_API_TaiwanStockPrice_7547,True,2026-09-25T07:02:02,2026-09-25T07:02:02,2026-09-25T07:02:02
7547,碩網,2023-04-17,43.95,6.950000000000003,18.78%,0.28,,4.2,5.04,5.88,6.72,7.56,8.4,ShowDailyK_ChartFlow,FinMind_API_TaiwanStockPrice_7547,True,2026-09-25T07:02:02,2026-09-25T07:02:02,2026-09-25T07:02:02
7547,碩網,2023-04-18,46.85,2.8999999999999986,6.60%,0.28,,4.2,5.04,5.88,6.72,7.56,8.4,ShowDailyK_ChartFlow,FinMind_API_TaiwanStockPrice_7547,True,2026-09-25T07:02:02,2026-09-25T07:02:02,2026-09-25T07:02:02
7547,碩網,2023-04-19,43.5,-3.3500000000000014,-7.15%,0.28,,4.2,5.04,5.88,6.72,7.56,8.4,ShowDailyK_ChartFlow,FinMind_API_TaiwanStockPrice_7547,True,2026-09-25T07:02:02,2026-09-25T07:02:02,2026-09-25T07:02:02
7547,碩網,2023-04-20,43.1,-0.3999999999999986,-0.92%,0.28,,4.2,5.04,5.88,6.72,7.56,8.4,ShowDailyK_ChartFlow,FinMind_API_TaiwanStockPrice_7547,True,2026-09-25T07:02:02,2026-09-25T07:02:02,2026-09-25T07:02:02
7547,碩網,2023-04-21,42.5,-0.6000000000000014,-1.39%,0.28,,4.2,5.04,5.88,6.72,7.56,8.4,ShowDailyK_ChartFlow,FinMind_API_TaiwanStockPrice_7547,True,2026-09-25T07:02:02,2026-09-25T07:02:02,2026-09-25T07:02:02
7547,碩網,2023-04-24,42.15,-0.3500000000000014,-0.82%,0.28,,4.2,5.04,5.88,6.72,7.56,8.4,ShowDailyK_ChartFlow,FinMind_API_TaiwanStockPrice_7547,True,2026-09-25T07:02:02,2026-09-25T07:02:02,2026-09-25T07:02:02
7547,碩網,2023-04-25,40.0,-2.1499999999999986,-5.10%,0.28,,4.2,5.04,5.88,6.72,7.56,8.4,ShowDailyK_ChartFlow,FinMind_API_TaiwanStockPrice_7547,True,2026-09-25T07:02:02,2026-09-25T07:02:02,2026-09-25T07:02:02
7547,碩網,2023-04-26,40.25,0.25,0.62%,0.28,,4.2,5.04,5.88,6.72,7.56,8.4,ShowDailyK_ChartFlow,FinMind_API_TaiwanStockPrice_7547,True,2026-09-25T07:02:02,2026-09-25T07:02:02,2026-09-25T07:02:02
7547,碩網,2023-04-27,40.0,-0.25,-0.62%,0.28,,4.2,5.04,5.88,6.72,7.56,8.4,ShowDailyK_ChartFlow,FinMind_API_TaiwanStockPrice_7547,True,2026-09-25T07:02:02,2026-09-25T07:02:02,2026-09-25T07:02:02
7547,碩網,2023-04-28,39.65,-0.3500000000000014,-0.88%,0.28,,4.2,5.04,5.88,6.72,7.56,8.4,ShowDailyK_ChartFlow,FinMind_API_TaiwanStockPrice_7547,True,2026-09-25T07:02:02,2026-09-25T07:02:02,2026-09-25T07:02:02
7547,碩網,2023-05-02,39.85,0.20000000000000284,0.50%,0.28,,4.2,5.04,5.88,6.72,7.56,8.4,ShowDailyK_ChartFlow,FinMind_API_TaiwanStockPrice_7547,True,2026-09-25T07:02:02,2026-09-25T07:02:02,2026-09-25T07:02:02
7547,碩網,2023-05-03,41.4,1.5499999999999972,3.89%,0.28,,4.2,5.04,5.88,6.72,7.56,8.4,ShowDailyK_ChartFlow,FinMind_API_TaiwanStockPrice_7547,True,2026-09-25T07:02:02,2026-09-25T07:02:02,2026-09-25T07:02:02
7547,碩網,2023-05-04,40.3,-1.1000000000000014,-2.66%,0.28,,4.2,5.04,5.88,6.72,7.56,8.4,ShowDailyK_ChartFlow,FinMind_API_TaiwanStockPrice_7547,True,2026-09-25T07:02:02,2026-09-25T07:02:02,2026-09-25T07:02:02
7547,碩網,2023-05-05,39.95,-0.3499999999999943,-0.87%,0.28,,4.2,5.04,5.88,6.72,7.56,8.4,ShowDailyK_ChartFlow,FinMind_API_TaiwanStockPrice_7547,True,2026-09-25T07:02:02,2026-09-25T07:02:02,2026-09-25T07:02:02
7547,碩網,2023-05-08,40.8,0.8499999999999943,2.13%,0.28,,4.2,5.04,5.88,6.72,7.56,8.4,ShowDailyK_ChartFlow,FinMind_API_TaiwanStockPrice_7547,True,2026-09-25T07:02:02,2026-09-25T07:02:02,2026-09-25T07:02:02
7547,碩網,2023-05-09,40.5,-0.29999999999999716,-0.74%,0.28,,4.2,5.04,5.88,6.72,7.56,8.4,ShowDailyK_ChartFlow,FinMind_API_TaiwanStockPrice_7547,True,2026-09-25T07:02:02,2026-09-25T07:02:02,2026-09-25T07:02:02
7547,碩網,2023-05-10,39.85,-0.6499999999999986,-1.60%,0.28,,4.2,5.04,5.88,6.72,7.56,8.4,ShowDailyK_ChartFlow,FinMind_API_TaiwanStockPrice_7547,True,2026-09-25T07:02:02,2026-09-25T07:02:02,2026-09-25T07:02:02
7547,碩網,2023-05-11,38.5,-1.3500000000000014,-3.39%,0.28,,4.2,5.04,5.88,6.72,7.56,8.4,ShowDailyK_ChartFlow,FinMind_API_TaiwanStockPrice_7547,True,2026-09-25T07:02:02,2026-09-25T07:02:02,2026-09-25T07:02:02
7547,碩網,2023-05-12,39.4,0.8999999999999986,2.34%,0.28,,4.2,5.04,5.88,6.72,7.56,8.4,ShowDailyK_ChartFlow,FinMind_API_TaiwanStockPrice_7547,True,2026-09-25T07:02:02,2026-09-25T07:02:02,2026-09-25T07:02:02
7547,碩網,2023-05-15,37.55,-1.8500000000000014,-4.70%,0.28,,4.2,5.04,5.88,6.72,7.56,8.4,ShowDailyK_ChartFlow,FinMind_API_TaiwanStockPrice_7547,True,2026-09-25T07:02:02,2026-09-25T07:02:02,2026-09-25T07:02:02
7547,碩網,2023-05-16,39.45,1.9000000000000057,5.06%,0.28,,4.2,5.04,5.88,6.72,7.56,8.4,ShowDailyK_ChartFlow,FinMind_API_TaiwanStockPrice_7547,True,2026-09-25T07:02:02,2026-09-25T07:02:02,2026-09-25T07:02:02
7547,碩網,2023-05-17,39.3,-0.15000000000000568,-0.38%,0.28,,4.2,5.04,5.88,6.72,7.56,8.4,ShowDailyK_ChartFlow,FinMind_API_TaiwanStockPrice_7547,True,2026-09-25T07:02:02,2026-09-25T07:02:02,2026-09-25T07:02:02
7547,碩網,2023-05-18,39.0,-0.29999999999999716,-0.76%,0.28,,4.2,5.04,5.88,6.72,7.56,8.4,ShowDailyK_ChartFlow,FinMind_API_TaiwanStockPrice_7547,True,2026-09-25T07:02:02,2026-09-25T07:02:02,2026-09-25T07:02:02
7547,碩網,2023-05-19,0.0,-39.0,-100.00%,0.28,,4.2,5.04,5.88,6.72,7.56,8.4,ShowDailyK_ChartFlow,FinMind_API_TaiwanStockPrice_7547,True,2026-09-25T07:02:02,2026-09-25T07:02:02,2026-09-25T07:02:02
7547,碩網,2023-05-22,40.65,40.65,,0.28,,4.2,5.04,5.88,6.72,7.56,8.4,ShowDailyK_ChartFlow,FinMind_API_TaiwanStockPrice_7547,True,2026-09-25T07:02:02,2026-09-25T07:02:02,2026-09-25T07:02:02
7547,碩網,2023-05-23,40.0,-0.6499999999999986,-1.60%,0.28,,4.2,5.04,5.88,6.72,7.56,8.4,ShowDailyK_ChartFlow,FinMind_API_TaiwanStockPrice_7547,True,2026-09-25T07:02:02,2026-09-25T07:02:02,2026-09-25T07:02:02
7547,碩網,2023-05-24,39.05,-0.9500000000000028,-2.38%,0.28,,4.2,5.04,5.88,6.72,7.56,8.4,ShowDailyK_ChartFlow,FinMind_API_TaiwanStockPrice_7547,True,2026-09-25T07:02:02,2026-09-25T07:02:02,2026-09-25T07:02:02
7547,碩網,2023-05-25,41.05,2.0,5.12%,0.28,,4.2,5.04,5.88,6.72,7.56,8.4,ShowDailyK_ChartFlow,FinMind_API_TaiwanStockPrice_7547,True,2026-09-25T07:02:02,2026-09-25T07:02:02,2026-09-25T07:02:02
7547,碩網,2023-05-26,45.95,4.900000000000006,11.94%,0.28,,4.2,5.04,5.88,6.72,7.56,8.4,ShowDailyK_ChartFlow,FinMind_API_TaiwanStockPrice_7547,True,2026-09-25T07:02:02,2026-09-25T07:02:02,2026-09-25T07:02:02
7547,碩網,2023-05-29,46.2,0.25,0.54%,0.28,,4.2,5.04,5.88,6.72,7.56,8.4,ShowDailyK_ChartFlow,FinMind_API_TaiwanStockPrice_7547,True,2026-09-25T07:02:02,2026-09-25T07:02:02,2026-09-25T07:02:02
7547,碩網,2023-05-30,40.8,-5.400000000000006,-11.69%,0.28,,4.2,5.04,5.88,6.72,7.56,8.4,ShowDailyK_ChartFlow,FinMind_API_TaiwanStockPrice_7547,True,2026-09-25T07:02:02,2026-09-25T07:02:02,2026-09-25T07:02:02
7547,碩網,2023-05-31,40.15,-0.6499999999999986,-1.59%,0.28,,4.2,5.04,5.88,6.72,7.56,8.4,ShowDailyK_ChartFlow,FinMind_API_TaiwanStockPrice_7547,True,2026-09-25T07:02:02,2026-09-25T07:02:02,2026-09-25T07:02:02
7547,碩網,2023-06-01,39.75,-0.3999999999999986,-1.00%,0.28,,4.2,5.04,5.88,6.72,7.56,8.4,ShowDailyK_ChartFlow,FinMind_API_TaiwanStockPrice_7547,True,2026-09-25T07:02:02,2026-09-25T07:02:02,2026-09-25T07:02:02
7547,碩網,2023-06-02,40.5,0.75,1.89%,0.28,,4.2,5.04,5.88,6.72,7.56,8.4,ShowDailyK_ChartFlow,FinMind_API_TaiwanStockPrice_7547,True,2026-09-25T07:02:02,2026-09-25T07:02:02,2026-09-25T07:02:02
7547,碩網,2023-06-05,40.8,0.29999999999999716,0.74%,0.28,,4.2,5.04,5.88,6.72,7.56,8.4,ShowDailyK_ChartFlow,FinMind_API_TaiwanStockPrice_7547,True,2026-09-25T07:02:02,2026-09-25T07:02:02,2026-09-25T07:02:02
7547,碩網,2023-06-06,40.6,-0.19999999999999574,-0.49%,0.28,,4.2,5.04,5.88,6.72,7.56,8.4,ShowDailyK_ChartFlow,FinMind_API_TaiwanStockPrice_7547,True,2026-09-25T07:02:02,2026-09-25T07:02:02,2026-09-25T07:02:02
7547,碩網,2023-06-07,38.95,-1.6499999999999986,-4.06%,0.28,,4.2,5.04,5.88,6.72,7.56,8.4,ShowDailyK_ChartFlow,FinMind_API_TaiwanStockPrice_7547,True,2026-09-25T07:02:02,2026-09-25T07:02:02,2026-09-25T07:02:02
7547,碩網,2023-06-08,39.0,0.04999999999999716,0.13%,0.28,,4.2,5.04,5.88,6.72,7.56,8.4,ShowDailyK_ChartFlow,FinMind_API_TaiwanStockPrice_7547,True,2026-09-25T07:02:02,2026-09-25T07:02:02,2026-09-25T07:02:02
7547,碩網,2023-06-09,38.7,-0.29999999999999716,-0.77%,0.28,,4.2,5.04,5.88,6.72,7.56,8.4,ShowDailyK_ChartFlow,FinMind_API_TaiwanStockPrice_7547,True,2026-09-25T07:02:02,2026-09-25T07:02:02,2026-09-25T07:02:02
7547,碩網,2023-06-12,38.0,-0.7000000000000028,-1.81%,0.28,,4.2,5.04,5.88,6.72,7.56,8.4,ShowDailyK_ChartFlow,FinMind_API_TaiwanStockPrice_7547,True,2026-09-25T07:02:02,2026-09-25T07:02:02,2026-09-25T07:02:02
7547,碩網,2023-06-13,38.0,0.0,0.00%,0.28,,4.2,5.04,5.88,6.72,7.56,8.4,ShowDailyK_ChartFlow,FinMind_API_TaiwanStockPrice_7547,True,2026-09-25T07:02:02,2026-09-25T07:02:02,2026-09-25T07:02:02
7547,碩網,2023-06-14,40.0,2.0,5.26%,0.28,,4.2,5.04,5.88,6.72,7.56,8.4,ShowDailyK_ChartFlow,FinMind_API_TaiwanStockPrice_7547,True,2026-09-25T07:02:02,2026-09-25T07:02:02,2026-09-25T07:02:02
7547,碩網,2023-06-15,39.95,-0.04999999999999716,-0.12%,0.28,,4.2,5.04,5.88,6.72,7.56,8.4,ShowDailyK_ChartFlow,FinMind_API_TaiwanStockPrice_7547,True,2026-09-25T07:02:02,2026-09-25T07:02:02,2026-09-25T07:02:02
7547,碩網,2023-06-16,37.8,-2.1500000000000057,-5.38%,0.28,,4.2,5.04,5.88,6.72,7.56,8.4,ShowDailyK_ChartFlow,FinMind_API_TaiwanStockPrice_7547,True,2026-09-25T07:02:02,2026-09-25T07:02:02,2026-09-25T07:02:02
7547,碩網,2023-06-19,37.7,-0.09999999999999432,-0.26%,0.28,,4.2,5.04,5.88,6.72,7.56,8.4,ShowDailyK_ChartFlow,FinMind_API_TaiwanStockPrice_7547,True,2026-09-25T07:02:02,2026-09-25T07:02:02,2026-09-25T07:02:02
7547,碩網,2023-06-20,38.1,0.3999999999999986,1.06%,0.28,,4.2,5.04,5.88,6.72,7.56,8.4,ShowDailyK_ChartFlow,FinMind_API_TaiwanStockPrice_7547,True,2026-09-25T07:02:02,2026-09-25T07:02:02,2026-09-25T07:02:02
7547,碩網,2023-06-21,0.0,-38.1,-100.00%,0.28,,4.2,5.04,5.88,6.72,7.56,8.4,ShowDailyK_ChartFlow,FinMind_API_TaiwanStockPrice_7547,True,2026-09-25T07:02:02,2026-09-25T07:02:02,2026-09-25T07:02:02
7547,碩網,2023-06-26,0.0,0.0,,0.28,,4.2,5.04,5.88,6.72,7.56,8.4,ShowDailyK_ChartFlow,FinMind_API_TaiwanStockPrice_7547,True,2026-09-25T07:02:02,2026-09-25T07:02:02,2026-09-25T07:02:02
7547,碩網,2023-06-27,0.0,0.0,,0.28,,4.2,5.04,5.88,6.72,7.56,8.4,ShowDailyK_ChartFlow,FinMind_API_TaiwanStockPrice_7547,True,2026-09-25T07:02:02,2026-09-25T07:02:02,2026-09-25T07:02:02
7547,碩網,2023-06-28,0.0,0.0,,0.28,,4.2,5.04,5.88,6.72,7.56,8.4,ShowDailyK_ChartFlow,FinMind_API_TaiwanStockPrice_7547,True,2026-09-25T07:02:02,2026-09-25T07:02:02,2026-09-25T07:02:02
7547,碩網,2023-06-29,37.55,37.55,,0.28,,4.2,5.04,5.88,6.72,7.56,8.4,ShowDailyK_ChartFlow,FinMind_API_TaiwanStockPrice_7547,True,2026-09-25T07:02:02,2026-09-25T07:02:02,2026-09-25T07:02:02
7547,碩網,2023-06-30,0.0,-37.55,-100.00%,1.01,,15.15,18.18,21.21,24.24,27.27,30.3,ShowDailyK_ChartFlow,FinMind_API_TaiwanStockPrice_7547,True,2026-09-25T07:02:02,2026-09-25T07:02:02,2026-09-25T07:02:02
7547,碩網,2023-07-03,0.0,0.0,,1.01,,15.15,18.18,21.21,24.24,27.27,30.3,ShowDailyK_ChartFlow,FinMind_API_TaiwanStockPrice_7547,True,2026-09-25T07:02:02,2026-09-25T07:02:02,2026-09-25T07:02:02
7547,碩網,2023-07-04,39.4,39.4,,1.01,,15.15,18.18,21.21,24.24,27.27,30.3,ShowDailyK_ChartFlow,FinMind_API_TaiwanStockPrice_7547,True,2026-09-25T07:02:02,2026-09-25T07:02:02,2026-09-25T07:02:02
7547,碩網,2023-07-05,37.5,-1.8999999999999986,-4.82%,1.01,,15.15,18.18,21.21,24.24,27.27,30.3,ShowDailyK_ChartFlow,FinMind_API_TaiwanStockPrice_7547,True,2026-09-25T07:02:02,2026-09-25T07:02:02,2026-09-25T07:02:02
7547,碩網,2023-07-06,37.55,0.04999999999999716,0.13%,1.01,,15.15,18.18,21.21,24.24,27.27,30.3,ShowDailyK_ChartFlow,FinMind_API_TaiwanStockPrice_7547,True,2026-09-25T07:02:02,2026-09-25T07:02:02,2026-09-25T07:02:02
7547,碩網,2023-07-07,37.5,-0.04999999999999716,-0.13%,1.01,,15.15,18.18,21.21,24.24,27.27,30.3,ShowDailyK_ChartFlow,FinMind_API_TaiwanStockPrice_7547,True,2026-09-25T07:02:02,2026-09-25T07:02:02,2026-09-25T07:02:02
7547,碩網,2023-07-10,39.45,1.9500000000000028,5.20%,1.01,,15.15,18.18,21.21,24.24,27.27,30.3,ShowDailyK_ChartFlow,FinMind_API_TaiwanStockPrice_7547,True,2026-09-25T07:02:02,2026-09-25T07:02:02,2026-09-25T07:02:02
7547,碩網,2023-07-11,37.95,-1.5,-3.80%,1.01,,15.15,18.18,21.21,24.24,27.27,30.3,ShowDailyK_ChartFlow,FinMind_API_TaiwanStockPrice_7547,True,2026-09-25T07:02:02,2026-09-25T07:02:02,2026-09-25T07:02:02
7547,碩網,2023-07-12,0.0,-37.95,-100.00%,1.01,,15.15,18.18,21.21,24.24,27.27,30.3,ShowDailyK_ChartFlow,FinMind_API_TaiwanStockPrice_7547,True,2026-09-25T07:02:02,2026-09-25T07:02:02,2026-09-25T07:02:02
7547,碩網,2023-07-13,37.55,37.55,,1.01,,15.15,18.18,21.21,24.24,27.27,30.3,ShowDailyK_ChartFlow,FinMind_API_TaiwanStockPrice_7547,True,2026-09-25T07:02:02,2026-09-25T07:02:02,2026-09-25T07:02:02
7547,碩網,2023-07-14,37.5,-0.04999999999999716,-0.13%,1.01,,15.15,18.18,21.21,24.24,27.27,30.3,ShowDailyK_ChartFlow,FinMind_API_TaiwanStockPrice_7547,True,2026-09-25T07:02:02,2026-09-25T07:02:02,2026-09-25T07:02:02
7547,碩網,2023-07-17,37.5,0.0,0.00%,1.01,,15.15,18.18,21.21,24.24,27.27,30.3,ShowDailyK_ChartFlow,FinMind_API_TaiwanStockPrice_7547,True,2026-09-25T07:02:02,2026-09-25T07:02:02,2026-09-25T07:02:02
7547,碩網,2023-07-18,38.0,0.5,1.33%,1.01,,15.15,18.18,21.21,24.24,27.27,30.3,ShowDailyK_ChartFlow,FinMind_API_TaiwanStockPrice_7547,True,2026-09-25T07:02:02,2026-09-25T07:02:02,2026-09-25T07:02:02
7547,碩網,2023-07-19,37.75,-0.25,-0.66%,1.01,,15.15,18.18,21.21,24.24,27.27,30.3,ShowDailyK_ChartFlow,FinMind_API_TaiwanStockPrice_7547,True,2026-09-25T07:02:02,2026-09-25T07:02:02,2026-09-25T07:02:02
7547,碩網,2023-07-20,37.55,-0.20000000000000284,-0.53%,1.01,,15.15,18.18,21.21,24.24,27.27,30.3,ShowDailyK_ChartFlow,FinMind_API_TaiwanStockPrice_7547,True,2026-09-25T07:02:02,2026-09-25T07:02:02,2026-09-25T07:02:02
7547,碩網,2023-07-21,38.0,0.45000000000000284,1.20%,1.01,,15.15,18.18,21.21,24.24,27.27,30.3,ShowDailyK_ChartFlow,FinMind_API_TaiwanStockPrice_7547,True,2026-09-25T07:02:02,2026-09-25T07:02:02,2026-09-25T07:02:02
7547,碩網,2023-07-24,37.75,-0.25,-0.66%,1.01,,15.15,18.18,21.21,24.24,27.27,30.3,ShowDailyK_ChartFlow,FinMind_API_TaiwanStockPrice_7547,True,2026-09-25T07:02:02,2026-09-25T07:02:02,2026-09-25T07:02:02
7547,碩網,2023-07-25,38.15,0.3999999999999986,1.06%,1.01,,15.15,18.18,21.21,24.24,27.27,30.3,ShowDailyK_ChartFlow,FinMind_API_TaiwanStockPrice_7547,True,2026-09-25T07:02:02,2026-09-25T07:02:02,2026-09-25T07:02:02
7547,碩網,2023-07-26,38.3,0.14999999999999858,0.39%,1.01,,15.15,18.18,21.21,24.24,27.27,30.3,ShowDailyK_ChartFlow,FinMind_API_TaiwanStockPrice_7547,True,2026-09-25T07:02:02,2026-09-25T07:02:02,2026-09-25T07:02:02
7547,碩網,2023-07-27,38.0,-0.29999999999999716,-0.78%,1.01,,15.15,18.18,21.21,24.24,27.27,30.3,ShowDailyK_ChartFlow,FinMind_API_TaiwanStockPrice_7547,True,2026-09-25T07:02:02,2026-09-25T07:02:02,2026-09-25T07:02:02
7547,碩網,2023-07-28,43.0,5.0,13.16%,1.01,,15.15,18.18,21.21,24.24,27.27,30.3,ShowDailyK_ChartFlow,FinMind_API_TaiwanStockPrice_7547,True,2026-09-25T07:02:02,2026-09-25T07:02:02,2026-09-25T07:02:02
7547,碩網,2023-07-31,40.95,-2.049999999999997,-4.77%,1.01,,15.15,18.18,21.21,24.24,27.27,30.3,ShowDailyK_ChartFlow,FinMind_API_TaiwanStockPrice_7547,True,2026-09-25T07:02:02,2026-09-25T07:02:02,2026-09-25T07:02:02
7547,碩網,2023-08-01,38.9,-2.0500000000000043,-5.01%,1.01,,15.15,18.18,21.21,24.24,27.27,30.3,ShowDailyK_ChartFlow,FinMind_API_TaiwanStockPrice_7547,True,2026-09-25T07:02:02,2026-09-25T07:02:02,2026-09-25T07:02:02
7547,碩網,2023-08-02,37.0,-1.8999999999999986,-4.88%,1.01,,15.15,18.18,21.21,24.24,27.27,30.3,ShowDailyK_ChartFlow,FinMind_API_TaiwanStockPrice_7547,True,2026-09-25T07:02:02,2026-09-25T07:02:02,2026-09-25T07:02:02
7547,碩網,2023-08-04,37.5,0.5,1.35%,1.01,,15.15,18.18,21.21,24.24,27.27,30.3,ShowDailyK_ChartFlow,FinMind_API_TaiwanStockPrice_7547,True,2026-09-25T07:02:02,2026-09-25T07:02:02,2026-09-25T07:02:02
7547,碩網,2023-08-07,37.85,0.3500000000000014,0.93%,1.01,,15.15,18.18,21.21,24.24,27.27,30.3,ShowDailyK_ChartFlow,FinMind_API_TaiwanStockPrice_7547,True,2026-09-25T07:02:02,2026-09-25T07:02:02,2026-09-25T07:02:02
7547,碩網,2023-08-08,37.9,0.04999999999999716,0.13%,1.01,,15.15,18.18,21.21,24.24,27.27,30.3,ShowDailyK_ChartFlow,FinMind_API_TaiwanStockPrice_7547,True,2026-09-25T07:02:02,2026-09-25T07:02:02,2026-09-25T07:02:02
7547,碩網,2023-08-09,37.9,0.0,0.00%,1.01,,15.15,18.18,21.21,24.24,27.27,30.3,ShowDailyK_ChartFlow,FinMind_API_TaiwanStockPrice_7547,True,2026-09-25T07:02:02,2026-09-25T07:02:02,2026-09-25T07:02:02
7547,碩網,2023-08-10,37.85,-0.04999999999999716,-0.13%,1.01,,15.15,18.18,21.21,24.24,27.27,30.3,ShowDailyK_ChartFlow,FinMind_API_TaiwanStockPrice_7547,True,2026-09-25T07:02:02,2026-09-25T07:02:02,2026-09-25T07:02:02
7547,碩網,2023-08-11,0.0,-37.85,-100.00%,1.01,,15.15,18.18,21.21,24.24,27.27,30.3,ShowDailyK_ChartFlow,FinMind_API_TaiwanStockPrice_7547,True,2026-09-25T07:02:02,2026-09-25T07:02:02,2026-09-25T07:02:02
7547,碩網,2023-08-14,37.8,37.8,,1.01,,15.15,18.18,21.21,24.24,27.27,30.3,ShowDailyK_ChartFlow,FinMind_API_TaiwanStockPrice_7547,True,2026-09-25T07:02:02,2026-09-25T07:02:02,2026-09-25T07:02:02
7547,碩網,2023-08-15,0.0,-37.8,-100.00%,1.01,,15.15,18.18,21.21,24.24,27.27,30.3,ShowDailyK_ChartFlow,FinMind_API_TaiwanStockPrice_7547,True,2026-09-25T07:02:02,2026-09-25T07:02:02,2026-09-25T07:02:02
7547,碩網,2023-08-16,37.0,37.0,,1.01,,15.15,18.18,21.21,24.24,27.27,30.3,ShowDailyK_ChartFlow,FinMind_API_TaiwanStockPrice_7547,True,2026-09-25T07:02:02,2026-09-25T07:02:02,2026-09-25T07:02:02
7547,碩網,2023-08-17,37.5,0.5,1.35%,1.01,,15.15,18.18,21.21,24.24,27.27,30.3,ShowDailyK_ChartFlow,FinMind_API_TaiwanStockPrice_7547,True,2026-09-25T07:02:02,2026-09-25T07:02:02,2026-09-25T07:02:02
7547,碩網,2023-08-18,37.5,0.0,0.00%,1.01,,15.15,18.18,21.21,24.24,27.27,30.3,ShowDailyK_ChartFlow,FinMind_API_TaiwanStockPrice_7547,True,2026-09-25T07:02:02,2026-09-25T07:02:02,2026-09-25T07:02:02
7547,碩網,2023-08-21,40.3,2.799999999999997,7.47%,1.01,,15.15,18.18,21.21,24.24,27.27,30.3,ShowDailyK_ChartFlow,FinMind_API_TaiwanStockPrice_7547,True,2026-09-25T07:02:02,2026-09-25T07:02:02,2026-09-25T07:02:02
7547,碩網,2023-08-22,40.25,-0.04999999999999716,-0.12%,1.01,,15.15,18.18,21.21,24.24,27.27,30.3,ShowDailyK_ChartFlow,FinMind_API_TaiwanStockPrice_7547,True,2026-09-25T07:02:02,2026-09-25T07:02:02,2026-09-25T07:02:02
7547,碩網,2023-08-23,40.0,-0.25,-0.62%,1.01,,15.15,18.18,21.21,24.24,27.27,30.3,ShowDailyK_ChartFlow,FinMind_API_TaiwanStockPrice_7547,True,2026-09-25T07:02:02,2026-09-25T07:02:02,2026-09-25T07:02:02
7547,碩網,2023-08-24,38.9,-1.1000000000000014,-2.75%,1.01,,15.15,18.18,21.21,24.24,27.27,30.3,ShowDailyK_ChartFlow,FinMind_API_TaiwanStockPrice_7547,True,2026-09-25T07:02:02,2026-09-25T07:02:02,2026-09-25T07:02:02
7547,碩網,2023-08-25,38.5,-0.3999999999999986,-1.03%,1.01,,15.15,18.18,21.21,24.24,27.27,30.3,ShowDailyK_ChartFlow,FinMind_API_TaiwanStockPrice_7547,True,2026-09-25T07:02:02,2026-09-25T07:02:02,2026-09-25T07:02:02
7547,碩網,2023-08-28,0.0,-38.5,-100.00%,1.01,,15.15,18.18,21.21,24.24,27.27,30.3,ShowDailyK_ChartFlow,FinMind_API_TaiwanStockPrice_7547,True,2026-09-25T07:02:02,2026-09-25T07:02:02,2026-09-25T07:02:02
7547,碩網,2023-08-29,39.7,39.7,,1.01,,15.15,18.18,21.21,24.24,27.27,30.3,ShowDailyK_ChartFlow,FinMind_API_TaiwanStockPrice_7547,True,2026-09-25T07:02:02,2026-09-25T07:02:02,2026-09-25T07:02:02
7547,碩網,2023-08-30,0.0,-39.7,-100.00%,1.01,,15.15,18.18,21.21,24.24,27.27,30.3,ShowDailyK_ChartFlow,FinMind_API_TaiwanStockPrice_7547,True,2026-09-25T07:02:02,2026-09-25T07:02:02,2026-09-25T07:02:02
7547,碩網,2023-08-31,0.0,0.0,,1.01,,15.15,18.18,21.21,24.24,27.27,30.3,ShowDailyK_ChartFlow,FinMind_API_TaiwanStockPrice_7547,True,2026-09-25T07:02:02,2026-09-25T07:02:02,2026-09-25T07:02:02
7547,碩網,2023-09-01,38.2,38.2,,1.01,,15.15,18.18,21.21,24.24,27.27,30.3,ShowDailyK_ChartFlow,FinMind_API_TaiwanStockPrice_7547,True,2026-09-25T07:02:02,2026-09-25T07:02:02,2026-09-25T07:02:02
7547,碩網,2023-09-04,38.2,0.0,0.00%,1.01,,15.15,18.18,21.21,24.24,27.27,30.3,ShowDailyK_ChartFlow,FinMind_API_TaiwanStockPrice_7547,True,2026-09-25T07:02:02,2026-09-25T07:02:02,2026-09-25T07:02:02
7547,碩網,2023-09-05,37.95,-0.25,-0.65%,1.01,,15.15,18.18,21.21,24.24,27.27,30.3,ShowDailyK_ChartFlow,FinMind_API_TaiwanStockPrice_7547,True,2026-09-25T07:02:02,2026-09-25T07:02:02,2026-09-25T07:02:02
7547,碩網,2023-09-06,38.0,0.04999999999999716,0.13%,1.01,,15.15,18.18,21.21,24.24,27.27,30.3,ShowDailyK_ChartFlow,FinMind_API_TaiwanStockPrice_7547,True,2026-09-25T07:02:02,2026-09-25T07:02:02,2026-09-25T07:02:02
7547,碩網,2023-09-07,37.75,-0.25,-0.66%,1.01,,15.15,18.18,21.21,24.24,27.27,30.3,ShowDailyK_ChartFlow,FinMind_API_TaiwanStockPrice_7547,True,2026-09-25T07:02:02,2026-09-25T07:02:02,2026-09-25T07:02:02
7547,碩網,2023-09-08,0.0,-37.75,-100.00%,1.01,,15.15,18.18,21.21,24.24,27.27,30.3,ShowDailyK_ChartFlow,FinMind_API_TaiwanStockPrice_7547,True,2026-09-25T07:02:02,2026-09-25T07:02:02,2026-09-25T07:02:02
7547,碩網,2023-09-11,37.85,37.85,,1.01,,15.15,18.18,21.21,24.24,27.27,30.3,ShowDailyK_ChartFlow,FinMind_API_TaiwanStockPrice_7547,True,2026-09-25T07:02:02,2026-09-25T07:02:02,2026-09-25T07:02:02
7547,碩網,2023-09-12,37.8,-0.05000000000000426,-0.13%,1.01,,15.15,18.18,21.21,24.24,27.27,30.3,ShowDailyK_ChartFlow,FinMind_API_TaiwanStockPrice_7547,True,2026-09-25T07:02:02,2026-09-25T07:02:02,2026-09-25T07:02:02
7547,碩網,2023-09-13,37.95,0.15000000000000568,0.40%,1.01,,15.15,18.18,21.21,24.24,27.27,30.3,ShowDailyK_ChartFlow,FinMind_API_TaiwanStockPrice_7547,True,2026-09-25T07:02:02,2026-09-25T07:02:02,2026-09-25T07:02:02
7547,碩網,2023-09-14,0.0,-37.95,-100.00%,1.01,,15.15,18.18,21.21,24.24,27.27,30.3,ShowDailyK_ChartFlow,FinMind_API_TaiwanStockPrice_7547,True,2026-09-25T07:02:02,2026-09-25T07:02:02,2026-09-25T07:02:02
7547,碩網,2023-09-15,0.0,0.0,,1.01,,15.15,18.18,21.21,24.24,27.27,30.3,ShowDailyK_ChartFlow,FinMind_API_TaiwanStockPrice_7547,True,2026-09-25T07:02:02,2026-09-25T07:02:02,2026-09-25T07:02:02
7547,碩網,2023-09-18,38.7,38.7,,1.01,,15.15,18.18,21.21,24.24,27.27,30.3,ShowDailyK_ChartFlow,FinMind_API_TaiwanStockPrice_7547,True,2026-09-25T07:02:02,2026-09-25T07:02:02,2026-09-25T07:02:02
7547,碩網,2023-09-19,38.0,-0.7000000000000028,-1.81%,1.01,,15.15,18.18,21.21,24.24,27.27,30.3,ShowDailyK_ChartFlow,FinMind_API_TaiwanStockPrice_7547,True,2026-09-25T07:02:02,2026-09-25T07:02:02,2026-09-25T07:02:02
7547,碩網,2023-09-20,37.85,-0.14999999999999858,-0.39%,1.01,,15.15,18.18,21.21,24.24,27.27,30.3,ShowDailyK_ChartFlow,FinMind_API_TaiwanStockPrice_7547,True,2026-09-25T07:02:02,2026-09-25T07:02:02,2026-09-25T07:02:02
7547,碩網,2023-09-21,0.0,-37.85,-100.00%,1.01,,15.15,18.18,21.21,24.24,27.27,30.3,ShowDailyK_ChartFlow,FinMind_API_TaiwanStockPrice_7547,True,2026-09-25T07:02:02,2026-09-25T07:02:02,2026-09-25T07:02:02
7547,碩網,2023-09-22,38.95,38.95,,1.01,,15.15,18.18,21.21,24.24,27.27,30.3,ShowDailyK_ChartFlow,FinMind_API_TaiwanStockPrice_7547,True,2026-09-25T07:02:02,2026-09-25T07:02:02,2026-09-25T07:02:02
7547,碩網,2023-09-25,0.0,-38.95,-100.00%,1.01,,15.15,18.18,21.21,24.24,27.27,30.3,ShowDailyK_ChartFlow,FinMind_API_TaiwanStockPrice_7547,True,2026-09-25T07:02:02,2026-09-25T07:02:02,2026-09-25T07:02:02
7547,碩網,2023-09-26,0.0,0.0,,1.01,,15.15,18.18,21.21,24.24,27.27,30.3,ShowDailyK_ChartFlow,FinMind_API_TaiwanStockPrice_7547,True,2026-09-25T07:02:02,2026-09-25T07:02:02,2026-09-25T07:02:02
7547,碩網,2023-09-27,0.0,0.0,,1.01,,15.15,18.18,21.21,24.24,27.27,30.3,ShowDailyK_ChartFlow,FinMind_API_TaiwanStockPrice_7547,True,2026-09-25T07:02:02,2026-09-25T07:02:02,2026-09-25T07:02:02
7547,碩網,2023-09-28,0.0,0.0,,1.01,,15.15,18.18,21.21,24.24,27.27,30.3,ShowDailyK_ChartFlow,FinMind_API_TaiwanStockPrice_7547,True,2026-09-25T07:02:02,2026-09-25T07:02:02,2026-09-25T07:02:02
7547,碩網,2023-10-02,0.0,0.0,,1.01,,15.15,18.18,21.21,24.24,27.27,30.3,ShowDailyK_ChartFlow,FinMind_API_TaiwanStockPrice_7547,True,2026-09-25T07:02:02,2026-09-25T07:02:02,2026-09-25T07:02:02
7547,碩網,2023-10-03,0.0,0.0,,1.01,,15.15,18.18,21.21,24.24,27.27,30.3,ShowDailyK_ChartFlow,FinMind_API_TaiwanStockPrice_7547,True,2026-09-25T07:02:02,2026-09-25T07:02:02,2026-09-25T07:02:02
7547,碩網,2023-10-04,0.0,0.0,,1.01,,15.15,18.18,21.21,24.24,27.27,30.3,ShowDailyK_ChartFlow,FinMind_API_TaiwanStockPrice_7547,True,2026-09-25T07:02:02,2026-09-25T07:02:02,2026-09-25T07:02:02
7547,碩網,2023-10-05,0.0,0.0,,1.01,,15.15,18.18,21.21,24.24,27.27,30.3,ShowDailyK_ChartFlow,FinMind_API_TaiwanStockPrice_7547,True,2026-09-25T07:02:02,2026-09-25T07:02:02,2026-09-25T07:02:02
7547,碩網,2023-10-06,0.0,0.0,,1.01,,15.15,18.18,21.21,24.24,27.27,30.3,ShowDailyK_ChartFlow,FinMind_API_TaiwanStockPrice_7547,True,2026-09-25T07:02:02,2026-09-25T07:02:02,2026-09-25T07:02:02
7547,碩網,2023-10-11,38.9,38.9,,1.01,,15.15,18.18,21.21,24.24,27.27,30.3,ShowDailyK_ChartFlow,FinMind_API_TaiwanStockPrice_7547,True,2026-09-25T07:02:02,2026-09-25T07:02:02,2026-09-25T07:02:02
7547,碩網,2023-10-12,39.0,0.10000000000000142,0.26%,1.01,,15.15,18.18,21.21,24.24,27.27,30.3,ShowDailyK_ChartFlow,FinMind_API_TaiwanStockPrice_7547,True,2026-09-25T07:02:02,2026-09-25T07:02:02,2026-09-25T07:02:02
7547,碩網,2023-10-13,0.0,-39.0,-100.00%,1.01,,15.15,18.18,21.21,24.24,27.27,30.3,ShowDailyK_ChartFlow,FinMind_API_TaiwanStockPrice_7547,True,2026-09-25T07:02:02,2026-09-25T07:02:02,2026-09-25T07:02:02
7547,碩網,2023-10-16,0.0,0.0,,1.01,,15.15,18.18,21.21,24.24,27.27,30.3,ShowDailyK_ChartFlow,FinMind_API_TaiwanStockPrice_7547,True,2026-09-25T07:02:02,2026-09-25T07:02:02,2026-09-25T07:02:02
7547,碩網,2023-10-17,0.0,0.0,,1.01,,15.15,18.18,21.21,24.24,27.27,30.3,ShowDailyK_ChartFlow,FinMind_API_TaiwanStockPrice_7547,True,2026-09-25T07:02:02,2026-09-25T07:02:02,2026-09-25T07:02:02
7547,碩網,2023-10-18,38.0,38.0,,1.01,,15.15,18.18,21.21,24.24,27.27,30.3,ShowDailyK_ChartFlow,FinMind_API_TaiwanStockPrice_7547,True,2026-09-25T07:02:02,2026-09-25T07:02:02,2026-09-25T07:02:02
7547,碩網,2023-10-19,38.8,0.7999999999999972,2.11%,1.01,,15.15,18.18,21.21,24.24,27.27,30.3,ShowDailyK_ChartFlow,FinMind_API_TaiwanStockPrice_7547,True,2026-09-25T07:02:02,2026-09-25T07:02:02,2026-09-25T07:02:02
7547,碩網,2023-10-20,39.6,0.8000000000000043,2.06%,1.01,,15.15,18.18,21.21,24.24,27.27,30.3,ShowDailyK_ChartFlow,FinMind_API_TaiwanStockPrice_7547,True,2026-09-25T07:02:02,2026-09-25T07:02:02,2026-09-25T07:02:02
7547,碩網,2023-10-23,39.65,0.04999999999999716,0.13%,1.01,,15.15,18.18,21.21,24.24,27.27,30.3,ShowDailyK_ChartFlow,FinMind_API_TaiwanStockPrice_7547,True,2026-09-25T07:02:02,2026-09-25T07:02:02,2026-09-25T07:02:02
7547,碩網,2023-10-24,39.65,0.0,0.00%,1.01,,15.15,18.18,21.21,24.24,27.27,30.3,ShowDailyK_ChartFlow,FinMind_API_TaiwanStockPrice_7547,True,2026-09-25T07:02:02,2026-09-25T07:02:02,2026-09-25T07:02:02
7547,碩網,2023-10-25,0.0,-39.65,-100.00%,1.01,,15.15,18.18,21.21,24.24,27.27,30.3,ShowDailyK_ChartFlow,FinMind_API_TaiwanStockPrice_7547,True,2026-09-25T07:02:02,2026-09-25T07:02:02,2026-09-25T07:02:02
7547,碩網,2023-10-26,38.5,38.5,,1.01,,15.15,18.18,21.21,24.24,27.27,30.3,ShowDailyK_ChartFlow,FinMind_API_TaiwanStockPrice_7547,True,2026-09-25T07:02:02,2026-09-25T07:02:02,2026-09-25T07:02:02
7547,碩網,2023-10-27,0.0,-38.5,-100.00%,1.01,,15.15,18.18,21.21,24.24,27.27,30.3,ShowDailyK_ChartFlow,FinMind_API_TaiwanStockPrice_7547,True,2026-09-25T07:02:02,2026-09-25T07:02:02,2026-09-25T07:02:02
7547,碩網,2023-10-30,40.15,40.15,,1.01,,15.15,18.18,21.21,24.24,27.27,30.3,ShowDailyK_ChartFlow,FinMind_API_TaiwanStockPrice_7547,True,2026-09-25T07:02:02,2026-09-25T07:02:02,2026-09-25T07:02:02
7547,碩網,2023-10-31,40.15,0.0,0.00%,1.01,,15.15,18.18,21.21,24.24,27.27,30.3,ShowDailyK_ChartFlow,FinMind_API_TaiwanStockPrice_7547,True,2026-09-25T07:02:02,2026-09-25T07:02:02,2026-09-25T07:02:02
7547,碩網,2023-11-01,39.5,-0.6499999999999986,-1.62%,1.01,,15.15,18.18,21.21,24.24,27.27,30.3,ShowDailyK_ChartFlow,FinMind_API_TaiwanStockPrice_7547,True,2026-09-25T07:02:02,2026-09-25T07:02:02,2026-09-25T07:02:02
7547,碩網,2023-11-02,0.0,-39.5,-100.00%,1.01,,15.15,18.18,21.21,24.24,27.27,30.3,ShowDailyK_ChartFlow,FinMind_API_TaiwanStockPrice_7547,True,2026-09-25T07:02:02,2026-09-25T07:02:02,2026-09-25T07:02:02
7547,碩網,2023-11-03,38.45,38.45,,1.01,,15.15,18.18,21.21,24.24,27.27,30.3,ShowDailyK_ChartFlow,FinMind_API_TaiwanStockPrice_7547,True,2026-09-25T07:02:02,2026-09-25T07:02:02,2026-09-25T07:02:02
7547,碩網,2023-11-06,0.0,-38.45,-100.00%,1.01,,15.15,18.18,21.21,24.24,27.27,30.3,ShowDailyK_ChartFlow,FinMind_API_TaiwanStockPrice_7547,True,2026-09-25T07:02:02,2026-09-25T07:02:02,2026-09-25T07:02:02
7547,碩網,2023-11-07,0.0,0.0,,1.01,,15.15,18.18,21.21,24.24,27.27,30.3,ShowDailyK_ChartFlow,FinMind_API_TaiwanStockPrice_7547,True,2026-09-25T07:02:02,2026-09-25T07:02:02,2026-09-25T07:02:02
7547,碩網,2023-11-08,0.0,0.0,,1.01,,15.15,18.18,21.21,24.24,27.27,30.3,ShowDailyK_ChartFlow,FinMind_API_TaiwanStockPrice_7547,True,2026-09-25T07:02:02,2026-09-25T07:02:02,2026-09-25T07:02:02
7547,碩網,2023-11-09,0.0,0.0,,1.01,,15.15,18.18,21.21,24.24,27.27,30.3,ShowDailyK_ChartFlow,FinMind_API_TaiwanStockPrice_7547,True,2026-09-25T07:02:02,2026-09-25T07:02:02,2026-09-25T07:02:02
7547,碩網,2023-11-10,38.1,38.1,,1.01,,15.15,18.18,21.21,24.24,27.27,30.3,ShowDailyK_ChartFlow,FinMind_API_TaiwanStockPrice_7547,True,2026-09-25T07:02:02,2026-09-25T07:02:02,2026-09-25T07:02:02
7547,碩網,2023-11-13,0.0,-38.1,-100.00%,1.01,,15.15,18.18,21.21,24.24,27.27,30.3,ShowDailyK_ChartFlow,FinMind_API_TaiwanStockPrice_7547,True,2026-09-25T07:02:02,2026-09-25T07:02:02,2026-09-25T07:02:02
7547,碩網,2023-11-14,38.0,38.0,,1.01,,15.15,18.18,21.21,24.24,27.27,30.3,ShowDailyK_ChartFlow,FinMind_API_TaiwanStockPrice_7547,True,2026-09-25T07:02:02,2026-09-25T07:02:02,2026-09-25T07:02:02
7547,碩網,2023-11-15,37.35,-0.6499999999999986,-1.71%,1.01,,15.15,18.18,21.21,24.24,27.27,30.3,ShowDailyK_ChartFlow,FinMind_API_TaiwanStockPrice_7547,True,2026-09-25T07:02:02,2026-09-25T07:02:02,2026-09-25T07:02:02
7547,碩網,2023-11-16,37.45,0.10000000000000142,0.27%,1.01,,15.15,18.18,21.21,24.24,27.27,30.3,ShowDailyK_ChartFlow,FinMind_API_TaiwanStockPrice_7547,True,2026-09-25T07:02:02,2026-09-25T07:02:02,2026-09-25T07:02:02
7547,碩網,2023-11-17,37.2,-0.25,-0.67%,1.01,,15.15,18.18,21.21,24.24,27.27,30.3,ShowDailyK_ChartFlow,FinMind_API_TaiwanStockPrice_7547,True,2026-09-25T07:02:02,2026-09-25T07:02:02,2026-09-25T07:02:02
7547,碩網,2023-11-20,37.1,-0.10000000000000142,-0.27%,1.01,,15.15,18.18,21.21,24.24,27.27,30.3,ShowDailyK_ChartFlow,FinMind_API_TaiwanStockPrice_7547,True,2026-09-25T07:02:02,2026-09-25T07:02:02,2026-09-25T07:02:02
7547,碩網,2023-11-21,37.1,0.0,0.00%,1.01,,15.15,18.18,21.21,24.24,27.27,30.3,ShowDailyK_ChartFlow,FinMind_API_TaiwanStockPrice_7547,True,2026-09-25T07:02:02,2026-09-25T07:02:02,2026-09-25T07:02:02
7547,碩網,2023-11-22,38.15,1.0499999999999972,2.83%,1.01,,15.15,18.18,21.21,24.24,27.27,30.3,ShowDailyK_ChartFlow,FinMind_API_TaiwanStockPrice_7547,True,2026-09-25T07:02:02,2026-09-25T07:02:02,2026-09-25T07:02:02
7547,碩網,2023-11-23,37.5,-0.6499999999999986,-1.70%,1.01,,15.15,18.18,21.21,24.24,27.27,30.3,ShowDailyK_ChartFlow,FinMind_API_TaiwanStockPrice_7547,True,2026-09-25T07:02:02,2026-09-25T07:02:02,2026-09-25T07:02:02
7547,碩網,2023-11-24,38.1,0.6000000000000014,1.60%,1.01,,15.15,18.18,21.21,24.24,27.27,30.3,ShowDailyK_ChartFlow,FinMind_API_TaiwanStockPrice_7547,True,2026-09-25T07:02:02,2026-09-25T07:02:02,2026-09-25T07:02:02
7547,碩網,2023-11-27,38.15,0.04999999999999716,0.13%,1.01,,15.15,18.18,21.21,24.24,27.27,30.3,ShowDailyK_ChartFlow,FinMind_API_TaiwanStockPrice_7547,True,2026-09-25T07:02:02,2026-09-25T07:02:02,2026-09-25T07:02:02
7547,碩網,2023-11-28,38.8,0.6499999999999986,1.70%,1.01,,15.15,18.18,21.21,24.24,27.27,30.3,ShowDailyK_ChartFlow,FinMind_API_TaiwanStockPrice_7547,True,2026-09-25T07:02:02,2026-09-25T07:02:02,2026-09-25T07:02:02
7547,碩網,2023-11-29,38.6,-0.19999999999999574,-0.52%,1.01,,15.15,18.18,21.21,24.24,27.27,30.3,ShowDailyK_ChartFlow,FinMind_API_TaiwanStockPrice_7547,True,2026-09-25T07:02:02,2026-09-25T07:02:02,2026-09-25T07:02:02
7547,碩網,2023-11-30,39.15,0.5499999999999972,1.42%,1.01,,15.15,18.18,21.21,24.24,27.27,30.3,ShowDailyK_ChartFlow,FinMind_API_TaiwanStockPrice_7547,True,2026-09-25T07:02:02,2026-09-25T07:02:02,2026-09-25T07:02:02
7547,碩網,2023-12-01,39.35,0.20000000000000284,0.51%,1.01,,15.15,18.18,21.21,24.24,27.27,30.3,ShowDailyK_ChartFlow,FinMind_API_TaiwanStockPrice_7547,True,2026-09-25T07:02:02,2026-09-25T07:02:02,2026-09-25T07:02:02
7547,碩網,2023-12-04,40.0,0.6499999999999986,1.65%,1.01,,15.15,18.18,21.21,24.24,27.27,30.3,ShowDailyK_ChartFlow,FinMind_API_TaiwanStockPrice_7547,True,2026-09-25T07:02:02,2026-09-25T07:02:02,2026-09-25T07:02:02
7547,碩網,2023-12-05,40.0,0.0,0.00%,1.01,,15.15,18.18,21.21,24.24,27.27,30.3,ShowDailyK_ChartFlow,FinMind_API_TaiwanStockPrice_7547,True,2026-09-25T07:02:02,2026-09-25T07:02:02,2026-09-25T07:02:02
7547,碩網,2023-12-06,38.95,-1.0499999999999972,-2.62%,1.01,,15.15,18.18,21.21,24.24,27.27,30.3,ShowDailyK_ChartFlow,FinMind_API_TaiwanStockPrice_7547,True,2026-09-25T07:02:02,2026-09-25T07:02:02,2026-09-25T07:02:02
7547,碩網,2023-12-07,39.0,0.04999999999999716,0.13%,1.01,,15.15,18.18,21.21,24.24,27.27,30.3,ShowDailyK_ChartFlow,FinMind_API_TaiwanStockPrice_7547,True,2026-09-25T07:02:02,2026-09-25T07:02:02,2026-09-25T07:02:02
7547,碩網,2023-12-08,39.0,0.0,0.00%,1.01,,15.15,18.18,21.21,24.24,27.27,30.3,ShowDailyK_ChartFlow,FinMind_API_TaiwanStockPrice_7547,True,2026-09-25T07:02:02,2026-09-25T07:02:02,2026-09-25T07:02:02
7547,碩網,2023-12-11,39.5,0.5,1.28%,1.01,,15.15,18.18,21.21,24.24,27.27,30.3,ShowDailyK_ChartFlow,FinMind_API_TaiwanStockPrice_7547,True,2026-09-25T07:02:02,2026-09-25T07:02:02,2026-09-25T07:02:02
7547,碩網,2023-12-12,39.55,0.04999999999999716,0.13%,1.01,,15.15,18.18,21.21,24.24,27.27,30.3,ShowDailyK_ChartFlow,FinMind_API_TaiwanStockPrice_7547,True,2026-09-25T07:02:02,2026-09-25T07:02:02,2026-09-25T07:02:02
7547,碩網,2023-12-13,39.5,-0.04999999999999716,-0.13%,1.01,,15.15,18.18,21.21,24.24,27.27,30.3,ShowDailyK_ChartFlow,FinMind_API_TaiwanStockPrice_7547,True,2026-09-25T07:02:02,2026-09-25T07:02:02,2026-09-25T07:02:02
7547,碩網,2023-12-14,39.4,-0.10000000000000142,-0.25%,1.01,,15.15,18.18,21.21,24.24,27.27,30.3,ShowDailyK_ChartFlow,FinMind_API_TaiwanStockPrice_7547,True,2026-09-25T07:02:02,2026-09-25T07:02:02,2026-09-25T07:02:02
7547,碩網,2023-12-15,39.4,0.0,0.00%,1.01,,15.15,18.18,21.21,24.24,27.27,30.3,ShowDailyK_ChartFlow,FinMind_API_TaiwanStockPrice_7547,True,2026-09-25T07:02:02,2026-09-25T07:02:02,2026-09-25T07:02:02
7547,碩網,2023-12-18,39.0,-0.3999999999999986,-1.02%,1.01,,15.15,18.18,21.21,24.24,27.27,30.3,ShowDailyK_ChartFlow,FinMind_API_TaiwanStockPrice_7547,True,2026-09-25T07:02:02,2026-09-25T07:02:02,2026-09-25T07:02:02
7547,碩網,2023-12-19,0.0,-39.0,-100.00%,1.01,,15.15,18.18,21.21,24.24,27.27,30.3,ShowDailyK_ChartFlow,FinMind_API_TaiwanStockPrice_7547,True,2026-09-25T07:02:02,2026-09-25T07:02:02,2026-09-25T07:02:02
7547,碩網,2023-12-20,39.1,39.1,,1.01,,15.15,18.18,21.21,24.24,27.27,30.3,ShowDailyK_ChartFlow,FinMind_API_TaiwanStockPrice_7547,True,2026-09-25T07:02:02,2026-09-25T07:02:02,2026-09-25T07:02:02
7547,碩網,2023-12-21,38.4,-0.7000000000000028,-1.79%,1.01,,15.15,18.18,21.21,24.24,27.27,30.3,ShowDailyK_ChartFlow,FinMind_API_TaiwanStockPrice_7547,True,2026-09-25T07:02:02,2026-09-25T07:02:02,2026-09-25T07:02:02
7547,碩網,2023-12-22,38.4,0.0,0.00%,1.01,,15.15,18.18,21.21,24.24,27.27,30.3,ShowDailyK_ChartFlow,FinMind_API_TaiwanStockPrice_7547,True,2026-09-25T07:02:02,2026-09-25T07:02:02,2026-09-25T07:02:02
7547,碩網,2023-12-25,39.5,1.1000000000000014,2.86%,1.01,,15.15,18.18,21.21,24.24,27.27,30.3,ShowDailyK_ChartFlow,FinMind_API_TaiwanStockPrice_7547,True,2026-09-25T07:02:02,2026-09-25T07:02:02,2026-09-25T07:02:02
7547,碩網,2023-12-26,0.0,-39.5,-100.00%,1.01,,15.15,18.18,21.21,24.24,27.27,30.3,ShowDailyK_ChartFlow,FinMind_API_TaiwanStockPrice_7547,True,2026-09-25T07:02:02,2026-09-25T07:02:02,2026-09-25T07:02:02
7547,碩網,2023-12-27,40.1,40.1,,1.01,,15.15,18.18,21.21,24.24,27.27,30.3,ShowDailyK_ChartFlow,FinMind_API_TaiwanStockPrice_7547,True,2026-09-25T07:02:02,2026-09-25T07:02:02,2026-09-25T07:02:02
7547,碩網,2023-12-28,40.8,0.6999999999999957,1.75%,1.01,,15.15,18.18,21.21,24.24,27.27,30.3,ShowDailyK_ChartFlow,FinMind_API_TaiwanStockPrice_7547,True,2026-09-25T07:02:02,2026-09-25T07:02:02,2026-09-25T07:02:02
7547,碩網,2023-12-29,40.9,0.10000000000000142,0.25%,1.01,,15.15,18.18,21.21,24.24,27.27,30.3,ShowDailyK_ChartFlow,FinMind_API_TaiwanStockPrice_7547,True,2026-09-25T07:02:02,2026-09-25T07:02:02,2026-09-25T07:02:02
7547,碩網,2024-01-02,0.0,-40.9,-100.00%,2.23,,33.45,40.14,46.83,53.52,60.21,66.9,ShowDailyK_ChartFlow,FinMind_API_TaiwanStockPrice_7547,True,2026-09-25T07:02:02,2026-09-25T07:02:02,2026-09-25T07:02:02
7547,碩網,2024-01-03,40.8,40.8,,2.23,,33.45,40.14,46.83,53.52,60.21,66.9,ShowDailyK_ChartFlow,FinMind_API_TaiwanStockPrice_7547,True,2026-09-25T07:02:02,2026-09-25T07:02:02,2026-09-25T07:02:02
7547,碩網,2024-01-04,40.15,-0.6499999999999986,-1.59%,2.23,,33.45,40.14,46.83,53.52,60.21,66.9,ShowDailyK_ChartFlow,FinMind_API_TaiwanStockPrice_7547,True,2026-09-25T07:02:02,2026-09-25T07:02:02,2026-09-25T07:02:02
7547,碩網,2024-01-05,40.9,0.75,1.87%,2.23,,33.45,40.14,46.83,53.52,60.21,66.9,ShowDailyK_ChartFlow,FinMind_API_TaiwanStockPrice_7547,True,2026-09-25T07:02:02,2026-09-25T07:02:02,2026-09-25T07:02:02
7547,碩網,2024-01-08,39.6,-1.2999999999999972,-3.18%,2.23,,33.45,40.14,46.83,53.52,60.21,66.9,ShowDailyK_ChartFlow,FinMind_API_TaiwanStockPrice_7547,True,2026-09-25T07:02:02,2026-09-25T07:02:02,2026-09-25T07:02:02
7547,碩網,2024-01-09,39.8,0.19999999999999574,0.51%,2.23,,33.45,40.14,46.83,53.52,60.21,66.9,ShowDailyK_ChartFlow,FinMind_API_TaiwanStockPrice_7547,True,2026-09-25T07:02:02,2026-09-25T07:02:02,2026-09-25T07:02:02
7547,碩網,2024-01-10,39.5,-0.29999999999999716,-0.75%,2.23,,33.45,40.14,46.83,53.52,60.21,66.9,ShowDailyK_ChartFlow,FinMind_API_TaiwanStockPrice_7547,True,2026-09-25T07:02:02,2026-09-25T07:02:02,2026-09-25T07:02:02
7547,碩網,2024-01-11,39.5,0.0,0.00%,2.23,,33.45,40.14,46.83,53.52,60.21,66.9,ShowDailyK_ChartFlow,FinMind_API_TaiwanStockPrice_7547,True,2026-09-25T07:02:02,2026-09-25T07:02:02,2026-09-25T07:02:02
7547,碩網,2024-01-12,39.55,0.04999999999999716,0.13%,2.23,,33.45,40.14,46.83,53.52,60.21,66.9,ShowDailyK_ChartFlow,FinMind_API_TaiwanStockPrice_7547,True,2026-09-25T07:02:02,2026-09-25T07:02:02,2026-09-25T07:02:02
7547,碩網,2024-01-15,39.9,0.3500000000000014,0.88%,2.23,,33.45,40.14,46.83,53.52,60.21,66.9,ShowDailyK_ChartFlow,FinMind_API_TaiwanStockPrice_7547,True,2026-09-25T07:02:02,2026-09-25T07:02:02,2026-09-25T07:02:02
7547,碩網,2024-01-16,39.45,-0.44999999999999574,-1.13%,2.23,,33.45,40.14,46.83,53.52,60.21,66.9,ShowDailyK_ChartFlow,FinMind_API_TaiwanStockPrice_7547,True,2026-09-25T07:02:02,2026-09-25T07:02:02,2026-09-25T07:02:02
7547,碩網,2024-01-17,39.2,-0.25,-0.63%,2.23,,33.45,40.14,46.83,53.52,60.21,66.9,ShowDailyK_ChartFlow,FinMind_API_TaiwanStockPrice_7547,True,2026-09-25T07:02:02,2026-09-25T07:02:02,2026-09-25T07:02:02
7547,碩網,2024-01-18,39.1,-0.10000000000000142,-0.26%,2.23,,33.45,40.14,46.83,53.52,60.21,66.9,ShowDailyK_ChartFlow,FinMind_API_TaiwanStockPrice_7547,True,2026-09-25T07:02:02,2026-09-25T07:02:02,2026-09-25T07:02:02
7547,碩網,2024-01-19,38.9,-0.20000000000000284,-0.51%,2.23,,33.45,40.14,46.83,53.52,60.21,66.9,ShowDailyK_ChartFlow,FinMind_API_TaiwanStockPrice_7547,True,2026-09-25T07:02:02,2026-09-25T07:02:02,2026-09-25T07:02:02
7547,碩網,2024-01-22,38.8,-0.10000000000000142,-0.26%,2.23,,33.45,40.14,46.83,53.52,60.21,66.9,ShowDailyK_ChartFlow,FinMind_API_TaiwanStockPrice_7547,True,2026-09-25T07:02:02,2026-09-25T07:02:02,2026-09-25T07:02:02
7547,碩網,2024-01-23,39.35,0.5500000000000043,1.42%,2.23,,33.45,40.14,46.83,53.52,60.21,66.9,ShowDailyK_ChartFlow,FinMind_API_TaiwanStockPrice_7547,True,2026-09-25T07:02:02,2026-09-25T07:02:02,2026-09-25T07:02:02
7547,碩網,2024-01-24,39.4,0.04999999999999716,0.13%,2.23,,33.45,40.14,46.83,53.52,60.21,66.9,ShowDailyK_ChartFlow,FinMind_API_TaiwanStockPrice_7547,True,2026-09-25T07:02:02,2026-09-25T07:02:02,2026-09-25T07:02:02
7547,碩網,2024-01-25,38.4,-1.0,-2.54%,2.23,,33.45,40.14,46.83,53.52,60.21,66.9,ShowDailyK_ChartFlow,FinMind_API_TaiwanStockPrice_7547,True,2026-09-25T07:02:02,2026-09-25T07:02:02,2026-09-25T07:02:02
7547,碩網,2024-01-26,38.1,-0.29999999999999716,-0.78%,2.23,,33.45,40.14,46.83,53.52,60.21,66.9,ShowDailyK_ChartFlow,FinMind_API_TaiwanStockPrice_7547,True,2026-09-25T07:02:02,2026-09-25T07:02:02,2026-09-25T07:02:02
7547,碩網,2024-01-29,38.95,0.8500000000000014,2.23%,2.23,,33.45,40.14,46.83,53.52,60.21,66.9,ShowDailyK_ChartFlow,FinMind_API_TaiwanStockPrice_7547,True,2026-09-25T07:02:02,2026-09-25T07:02:02,2026-09-25T07:02:02
7547,碩網,2024-01-30,37.85,-1.1000000000000014,-2.82%,2.23,,33.45,40.14,46.83,53.52,60.21,66.9,ShowDailyK_ChartFlow,FinMind_API_TaiwanStockPrice_7547,True,2026-09-25T07:02:02,2026-09-25T07:02:02,2026-09-25T07:02:02
7547,碩網,2024-01-31,38.05,0.19999999999999574,0.53%,2.23,,33.45,40.14,46.83,53.52,60.21,66.9,ShowDailyK_ChartFlow,FinMind_API_TaiwanStockPrice_7547,True,2026-09-25T07:02:02,2026-09-25T07:02:02,2026-09-25T07:02:02
7547,碩網,2024-02-01,0.0,-38.05,-100.00%,2.23,,33.45,40.14,46.83,53.52,60.21,66.9,ShowDailyK_ChartFlow,FinMind_API_TaiwanStockPrice_7547,True,2026-09-25T07:02:02,2026-09-25T07:02:02,2026-09-25T07:02:02
7547,碩網,2024-02-02,39.3,39.3,,2.23,,33.45,40.14,46.83,53.52,60.21,66.9,ShowDailyK_ChartFlow,FinMind_API_TaiwanStockPrice_7547,True,2026-09-25T07:02:02,2026-09-25T07:02:02,2026-09-25T07:02:02
7547,碩網,2024-02-05,39.3,0.0,0.00%,2.23,,33.45,40.14,46.83,53.52,60.21,66.9,ShowDailyK_ChartFlow,FinMind_API_TaiwanStockPrice_7547,True,2026-09-25T07:02:02,2026-09-25T07:02:02,2026-09-25T07:02:02
7547,碩網,2024-02-15,39.5,0.20000000000000284,0.51%,2.23,,33.45,40.14,46.83,53.52,60.21,66.9,ShowDailyK_ChartFlow,FinMind_API_TaiwanStockPrice_7547,True,2026-09-25T07:02:02,2026-09-25T07:02:02,2026-09-25T07:02:02
7547,碩網,2024-02-16,39.0,-0.5,-1.27%,2.23,,33.45,40.14,46.83,53.52,60.21,66.9,ShowDailyK_ChartFlow,FinMind_API_TaiwanStockPrice_7547,True,2026-09-25T07:02:02,2026-09-25T07:02:02,2026-09-25T07:02:02
7547,碩網,2024-02-19,39.6,0.6000000000000014,1.54%,2.23,,33.45,40.14,46.83,53.52,60.21,66.9,ShowDailyK_ChartFlow,FinMind_API_TaiwanStockPrice_7547,True,2026-09-25T07:02:02,2026-09-25T07:02:02,2026-09-25T07:02:02
7547,碩網,2024-02-20,39.0,-0.6000000000000014,-1.52%,2.23,,33.45,40.14,46.83,53.52,60.21,66.9,ShowDailyK_ChartFlow,FinMind_API_TaiwanStockPrice_7547,True,2026-09-25T07:02:02,2026-09-25T07:02:02,2026-09-25T07:02:02
7547,碩網,2024-02-21,0.0,-39.0,-100.00%,2.23,,33.45,40.14,46.83,53.52,60.21,66.9,ShowDailyK_ChartFlow,FinMind_API_TaiwanStockPrice_7547,True,2026-09-25T07:02:02,2026-09-25T07:02:02,2026-09-25T07:02:02
7547,碩網,2024-02-22,39.95,39.95,,2.23,,33.45,40.14,46.83,53.52,60.21,66.9,ShowDailyK_ChartFlow,FinMind_API_TaiwanStockPrice_7547,True,2026-09-25T07:02:02,2026-09-25T07:02:02,2026-09-25T07:02:02
7547,碩網,2024-02-23,39.2,-0.75,-1.88%,2.23,,33.45,40.14,46.83,53.52,60.21,66.9,ShowDailyK_ChartFlow,FinMind_API_TaiwanStockPrice_7547,True,2026-09-25T07:02:02,2026-09-25T07:02:02,2026-09-25T07:02:02
7547,碩網,2024-02-26,0.0,-39.2,-100.00%,2.23,,33.45,40.14,46.83,53.52,60.21,66.9,ShowDailyK_ChartFlow,FinMind_API_TaiwanStockPrice_7547,True,2026-09-25T07:02:02,2026-09-25T07:02:02,2026-09-25T07:02:02
7547,碩網,2024-02-27,39.5,39.5,,2.23,,33.45,40.14,46.83,53.52,60.21,66.9,ShowDailyK_ChartFlow,FinMind_API_TaiwanStockPrice_7547,True,2026-09-25T07:02:02,2026-09-25T07:02:02,2026-09-25T07:02:02
7547,碩網,2024-02-29,39.15,-0.3500000000000014,-0.89%,2.23,,33.45,40.14,46.83,53.52,60.21,66.9,ShowDailyK_ChartFlow,FinMind_API_TaiwanStockPrice_7547,True,2026-09-25T07:02:02,2026-09-25T07:02:02,2026-09-25T07:02:02
7547,碩網,2024-03-01,0.0,-39.15,-100.00%,2.23,,33.45,40.14,46.83,53.52,60.21,66.9,ShowDailyK_ChartFlow,FinMind_API_TaiwanStockPrice_7547,True,2026-09-25T07:02:02,2026-09-25T07:02:02,2026-09-25T07:02:02
7547,碩網,2024-03-04,39.1,39.1,,2.23,,33.45,40.14,46.83,53.52,60.21,66.9,ShowDailyK_ChartFlow,FinMind_API_TaiwanStockPrice_7547,True,2026-09-25T07:02:02,2026-09-25T07:02:02,2026-09-25T07:02:02
7547,碩網,2024-03-05,39.35,0.25,0.64%,2.23,,33.45,40.14,46.83,53.52,60.21,66.9,ShowDailyK_ChartFlow,FinMind_API_TaiwanStockPrice_7547,True,2026-09-25T07:02:02,2026-09-25T07:02:02,2026-09-25T07:02:02
7547,碩網,2024-03-06,39.35,0.0,0.00%,2.23,,33.45,40.14,46.83,53.52,60.21,66.9,ShowDailyK_ChartFlow,FinMind_API_TaiwanStockPrice_7547,True,2026-09-25T07:02:02,2026-09-25T07:02:02,2026-09-25T07:02:02
7547,碩網,2024-03-07,39.95,0.6000000000000014,1.52%,2.23,,33.45,40.14,46.83,53.52,60.21,66.9,ShowDailyK_ChartFlow,FinMind_API_TaiwanStockPrice_7547,True,2026-09-25T07:02:02,2026-09-25T07:02:02,2026-09-25T07:02:02
7547,碩網,2024-03-08,40.0,0.04999999999999716,0.13%,2.23,,33.45,40.14,46.83,53.52,60.21,66.9,ShowDailyK_ChartFlow,FinMind_API_TaiwanStockPrice_7547,True,2026-09-25T07:02:02,2026-09-25T07:02:02,2026-09-25T07:02:02
7547,碩網,2024-03-11,39.2,-0.7999999999999972,-2.00%,2.23,,33.45,40.14,46.83,53.52,60.21,66.9,ShowDailyK_ChartFlow,FinMind_API_TaiwanStockPrice_7547,True,2026-09-25T07:02:02,2026-09-25T07:02:02,2026-09-25T07:02:02
7547,碩網,2024-03-12,39.05,-0.15000000000000568,-0.38%,2.23,,33.45,40.14,46.83,53.52,60.21,66.9,ShowDailyK_ChartFlow,FinMind_API_TaiwanStockPrice_7547,True,2026-09-25T07:02:02,2026-09-25T07:02:02,2026-09-25T07:02:02
7547,碩網,2024-03-13,40.0,0.9500000000000028,2.43%,2.23,,33.45,40.14,46.83,53.52,60.21,66.9,ShowDailyK_ChartFlow,FinMind_API_TaiwanStockPrice_7547,True,2026-09-25T07:02:02,2026-09-25T07:02:02,2026-09-25T07:02:02
7547,碩網,2024-03-14,39.35,-0.6499999999999986,-1.62%,2.23,,33.45,40.14,46.83,53.52,60.21,66.9,ShowDailyK_ChartFlow,FinMind_API_TaiwanStockPrice_7547,True,2026-09-25T07:02:02,2026-09-25T07:02:02,2026-09-25T07:02:02
7547,碩網,2024-03-15,39.95,0.6000000000000014,1.52%,2.23,,33.45,40.14,46.83,53.52,60.21,66.9,ShowDailyK_ChartFlow,FinMind_API_TaiwanStockPrice_7547,True,2026-09-25T07:02:02,2026-09-25T07:02:02,2026-09-25T07:02:02
7547,碩網,2024-03-18,39.8,-0.15000000000000568,-0.38%,2.23,,33.45,40.14,46.83,53.52,60.21,66.9,ShowDailyK_ChartFlow,FinMind_API_TaiwanStockPrice_7547,True,2026-09-25T07:02:02,2026-09-25T07:02:02,2026-09-25T07:02:02
7547,碩網,2024-03-19,39.85,0.05000000000000426,0.13%,2.23,,33.45,40.14,46.83,53.52,60.21,66.9,ShowDailyK_ChartFlow,FinMind_API_TaiwanStockPrice_7547,True,2026-09-25T07:02:02,2026-09-25T07:02:02,2026-09-25T07:02:02
7547,碩網,2024-03-20,39.45,-0.3999999999999986,-1.00%,2.23,,33.45,40.14,46.83,53.52,60.21,66.9,ShowDailyK_ChartFlow,FinMind_API_TaiwanStockPrice_7547,True,2026-09-25T07:02:02,2026-09-25T07:02:02,2026-09-25T07:02:02
7547,碩網,2024-03-21,0.0,-39.45,-100.00%,2.23,,33.45,40.14,46.83,53.52,60.21,66.9,ShowDailyK_ChartFlow,FinMind_API_TaiwanStockPrice_7547,True,2026-09-25T07:02:02,2026-09-25T07:02:02,2026-09-25T07:02:02
7547,碩網,2024-03-22,39.9,39.9,,2.23,,33.45,40.14,46.83,53.52,60.21,66.9,ShowDailyK_ChartFlow,FinMind_API_TaiwanStockPrice_7547,True,2026-09-25T07:02:02,2026-09-25T07:02:02,2026-09-25T07:02:02
7547,碩網,2024-03-25,39.35,-0.5499999999999972,-1.38%,2.23,,33.45,40.14,46.83,53.52,60.21,66.9,ShowDailyK_ChartFlow,FinMind_API_TaiwanStockPrice_7547,True,2026-09-25T07:02:02,2026-09-25T07:02:02,2026-09-25T07:02:02
7547,碩網,2024-03-26,0.0,-39.35,-100.00%,2.23,,33.45,40.14,46.83,53.52,60.21,66.9,ShowDailyK_ChartFlow,FinMind_API_TaiwanStockPrice_7547,True,2026-09-25T07:02:02,2026-09-25T07:02:02,2026-09-25T07:02:02
7547,碩網,2024-03-27,40.1,40.1,,2.23,,33.45,40.14,46.83,53.52,60.21,66.9,ShowDailyK_ChartFlow,FinMind_API_TaiwanStockPrice_7547,True,2026-09-25T07:02:02,2026-09-25T07:02:02,2026-09-25T07:02:02
7547,碩網,2024-03-28,39.5,-0.6000000000000014,-1.50%,2.23,,33.45,40.14,46.83,53.52,60.21,66.9,ShowDailyK_ChartFlow,FinMind_API_TaiwanStockPrice_7547,True,2026-09-25T07:02:02,2026-09-25T07:02:02,2026-09-25T07:02:02
7547,碩網,2024-03-29,40.0,0.5,1.27%,2.23,,33.45,40.14,46.83,53.52,60.21,66.9,ShowDailyK_ChartFlow,FinMind_API_TaiwanStockPrice_7547,True,2026-09-25T07:02:02,2026-09-25T07:02:02,2026-09-25T07:02:02
7547,碩網,2024-04-01,40.55,0.5499999999999972,1.37%,2.23,,33.45,40.14,46.83,53.52,60.21,66.9,ShowDailyK_ChartFlow,FinMind_API_TaiwanStockPrice_7547,True,2026-09-25T07:02:02,2026-09-25T07:02:02,2026-09-25T07:02:02
7547,碩網,2024-04-02,42.65,2.1000000000000014,5.18%,2.23,,33.45,40.14,46.83,53.52,60.21,66.9,ShowDailyK_ChartFlow,FinMind_API_TaiwanStockPrice_7547,True,2026-09-25T07:02:02,2026-09-25T07:02:02,2026-09-25T07:02:02
7547,碩網,2024-04-03,42.6,-0.04999999999999716,-0.12%,2.23,,33.45,40.14,46.83,53.52,60.21,66.9,ShowDailyK_ChartFlow,FinMind_API_TaiwanStockPrice_7547,True,2026-09-25T07:02:02,2026-09-25T07:02:02,2026-09-25T07:02:02
7547,碩網,2024-04-08,43.0,0.3999999999999986,0.94%,2.23,,33.45,40.14,46.83,53.52,60.21,66.9,ShowDailyK_ChartFlow,FinMind_API_TaiwanStockPrice_7547,True,2026-09-25T07:02:02,2026-09-25T07:02:02,2026-09-25T07:02:02
7547,碩網,2024-04-09,42.35,-0.6499999999999986,-1.51%,2.23,,33.45,40.14,46.83,53.52,60.21,66.9,ShowDailyK_ChartFlow,FinMind_API_TaiwanStockPrice_7547,True,2026-09-25T07:02:02,2026-09-25T07:02:02,2026-09-25T07:02:02
7547,碩網,2024-04-10,42.7,0.3500000000000014,0.83%,2.23,,33.45,40.14,46.83,53.52,60.21,66.9,ShowDailyK_ChartFlow,FinMind_API_TaiwanStockPrice_7547,True,2026-09-25T07:02:02,2026-09-25T07:02:02,2026-09-25T07:02:02
7547,碩網,2024-04-11,42.55,-0.15000000000000568,-0.35%,2.23,,33.45,40.14,46.83,53.52,60.21,66.9,ShowDailyK_ChartFlow,FinMind_API_TaiwanStockPrice_7547,True,2026-09-25T07:02:02,2026-09-25T07:02:02,2026-09-25T07:02:02
7547,碩網,2024-04-12,42.85,0.30000000000000426,0.71%,2.23,,33.45,40.14,46.83,53.52,60.21,66.9,ShowDailyK_ChartFlow,FinMind_API_TaiwanStockPrice_7547,True,2026-09-25T07:02:02,2026-09-25T07:02:02,2026-09-25T07:02:02
7547,碩網,2024-04-15,43.3,0.44999999999999574,1.05%,2.23,,33.45,40.14,46.83,53.52,60.21,66.9,ShowDailyK_ChartFlow,FinMind_API_TaiwanStockPrice_7547,True,2026-09-25T07:02:02,2026-09-25T07:02:02,2026-09-25T07:02:02
7547,碩網,2024-04-16,42.5,-0.7999999999999972,-1.85%,2.23,,33.45,40.14,46.83,53.52,60.21,66.9,ShowDailyK_ChartFlow,FinMind_API_TaiwanStockPrice_7547,True,2026-09-25T07:02:02,2026-09-25T07:02:02,2026-09-25T07:02:02
7547,碩網,2024-04-17,0.0,-42.5,-100.00%,2.23,,33.45,40.14,46.83,53.52,60.21,66.9,ShowDailyK_ChartFlow,FinMind_API_TaiwanStockPrice_7547,True,2026-09-25T07:02:02,2026-09-25T07:02:02,2026-09-25T07:02:02
7547,碩網,2024-04-18,41.85,41.85,,2.23,,33.45,40.14,46.83,53.52,60.21,66.9,ShowDailyK_ChartFlow,FinMind_API_TaiwanStockPrice_7547,True,2026-09-25T07:02:02,2026-09-25T07:02:02,2026-09-25T07:02:02
7547,碩網,2024-04-19,42.0,0.14999999999999858,0.36%,2.23,,33.45,40.14,46.83,53.52,60.21,66.9,ShowDailyK_ChartFlow,FinMind_API_TaiwanStockPrice_7547,True,2026-09-25T07:02:02,2026-09-25T07:02:02,2026-09-25T07:02:02
7547,碩網,2024-04-22,41.85,-0.14999999999999858,-0.36%,2.23,,33.45,40.14,46.83,53.52,60.21,66.9,ShowDailyK_ChartFlow,FinMind_API_TaiwanStockPrice_7547,True,2026-09-25T07:02:02,2026-09-25T07:02:02,2026-09-25T07:02:02
7547,碩網,2024-04-23,0.0,-41.85,-100.00%,2.23,,33.45,40.14,46.83,53.52,60.21,66.9,ShowDailyK_ChartFlow,FinMind_API_TaiwanStockPrice_7547,True,2026-09-25T07:02:02,2026-09-25T07:02:02,2026-09-25T07:02:02
7547,碩網,2024-04-24,0.0,0.0,,2.23,,33.45,40.14,46.83,53.52,60.21,66.9,ShowDailyK_ChartFlow,FinMind_API_TaiwanStockPrice_7547,True,2026-09-25T07:02:02,2026-09-25T07:02:02,2026-09-25T07:02:02
7547,碩網,2024-04-25,0.0,0.0,,2.23,,33.45,40.14,46.83,53.52,60.21,66.9,ShowDailyK_ChartFlow,FinMind_API_TaiwanStockPrice_7547,True,2026-09-25T07:02:02,2026-09-25T07:02:02,2026-09-25T07:02:02
7547,碩網,2024-04-26,42.95,42.95,,2.23,,33.45,40.14,46.83,53.52,60.21,66.9,ShowDailyK_ChartFlow,FinMind_API_TaiwanStockPrice_7547,True,2026-09-25T07:02:02,2026-09-25T07:02:02,2026-09-25T07:02:02
7547,碩網,2024-04-29,43.5,0.5499999999999972,1.28%,2.23,,33.45,40.14,46.83,53.52,60.21,66.9,ShowDailyK_ChartFlow,FinMind_API_TaiwanStockPrice_7547,True,2026-09-25T07:02:02,2026-09-25T07:02:02,2026-09-25T07:02:02
7547,碩網,2024-04-30,44.45,0.9500000000000028,2.18%,2.23,,33.45,40.14,46.83,53.52,60.21,66.9,ShowDailyK_ChartFlow,FinMind_API_TaiwanStockPrice_7547,True,2026-09-25T07:02:02,2026-09-25T07:02:02,2026-09-25T07:02:02
7547,碩網,2024-05-02,0.0,-44.45,-100.00%,2.23,,33.45,40.14,46.83,53.52,60.21,66.9,ShowDailyK_ChartFlow,FinMind_API_TaiwanStockPrice_7547,True,2026-09-25T07:02:02,2026-09-25T07:02:02,2026-09-25T07:02:02
7547,碩網,2024-05-03,45.0,45.0,,2.23,,33.45,40.14,46.83,53.52,60.21,66.9,ShowDailyK_ChartFlow,FinMind_API_TaiwanStockPrice_7547,True,2026-09-25T07:02:02,2026-09-25T07:02:02,2026-09-25T07:02:02
7547,碩網,2024-05-06,50.8,5.799999999999997,12.89%,2.23,,33.45,40.14,46.83,53.52,60.21,66.9,ShowDailyK_ChartFlow,FinMind_API_TaiwanStockPrice_7547,True,2026-09-25T07:02:02,2026-09-25T07:02:02,2026-09-25T07:02:02
7547,碩網,2024-05-07,50.4,-0.3999999999999986,-0.79%,2.23,,33.45,40.14,46.83,53.52,60.21,66.9,ShowDailyK_ChartFlow,FinMind_API_TaiwanStockPrice_7547,True,2026-09-25T07:02:02,2026-09-25T07:02:02,2026-09-25T07:02:02
7547,碩網,2024-05-08,50.9,0.5,0.99%,2.23,,33.45,40.14,46.83,53.52,60.21,66.9,ShowDailyK_ChartFlow,FinMind_API_TaiwanStockPrice_7547,True,2026-09-25T07:02:02,2026-09-25T07:02:02,2026-09-25T07:02:02
7547,碩網,2024-05-09,50.5,-0.3999999999999986,-0.79%,2.23,,33.45,40.14,46.83,53.52,60.21,66.9,ShowDailyK_ChartFlow,FinMind_API_TaiwanStockPrice_7547,True,2026-09-25T07:02:02,2026-09-25T07:02:02,2026-09-25T07:02:02
7547,碩網,2024-05-10,50.1,-0.3999999999999986,-0.79%,2.23,,33.45,40.14,46.83,53.52,60.21,66.9,ShowDailyK_ChartFlow,FinMind_API_TaiwanStockPrice_7547,True,2026-09-25T07:02:02,2026-09-25T07:02:02,2026-09-25T07:02:02
7547,碩網,2024-05-13,52.0,1.8999999999999986,3.79%,2.23,,33.45,40.14,46.83,53.52,60.21,66.9,ShowDailyK_ChartFlow,FinMind_API_TaiwanStockPrice_7547,True,2026-09-25T07:02:02,2026-09-25T07:02:02,2026-09-25T07:02:02
7547,碩網,2024-05-14,51.6,-0.3999999999999986,-0.77%,2.23,,33.45,40.14,46.83,53.52,60.21,66.9,ShowDailyK_ChartFlow,FinMind_API_TaiwanStockPrice_7547,True,2026-09-25T07:02:02,2026-09-25T07:02:02,2026-09-25T07:02:02
7547,碩網,2024-05-15,48.5,-3.1000000000000014,-6.01%,2.23,,33.45,40.14,46.83,53.52,60.21,66.9,ShowDailyK_ChartFlow,FinMind_API_TaiwanStockPrice_7547,True,2026-09-25T07:02:02,2026-09-25T07:02:02,2026-09-25T07:02:02
7547,碩網,2024-05-16,48.9,0.3999999999999986,0.82%,2.23,,33.45,40.14,46.83,53.52,60.21,66.9,ShowDailyK_ChartFlow,FinMind_API_TaiwanStockPrice_7547,True,2026-09-25T07:02:02,2026-09-25T07:02:02,2026-09-25T07:02:02
7547,碩網,2024-05-17,48.4,-0.5,-1.02%,2.23,,33.45,40.14,46.83,53.52,60.21,66.9,ShowDailyK_ChartFlow,FinMind_API_TaiwanStockPrice_7547,True,2026-09-25T07:02:02,2026-09-25T07:02:02,2026-09-25T07:02:02
7547,碩網,2024-05-20,47.15,-1.25,-2.58%,2.23,,33.45,40.14,46.83,53.52,60.21,66.9,ShowDailyK_ChartFlow,FinMind_API_TaiwanStockPrice_7547,True,2026-09-25T07:02:02,2026-09-25T07:02:02,2026-09-25T07:02:02
7547,碩網,2024-05-21,46.5,-0.6499999999999986,-1.38%,2.23,,33.45,40.14,46.83,53.52,60.21,66.9,ShowDailyK_ChartFlow,FinMind_API_TaiwanStockPrice_7547,True,2026-09-25T07:02:02,2026-09-25T07:02:02,2026-09-25T07:02:02
7547,碩網,2024-05-22,45.85,-0.6499999999999986,-1.40%,2.23,,33.45,40.14,46.83,53.52,60.21,66.9,ShowDailyK_ChartFlow,FinMind_API_TaiwanStockPrice_7547,True,2026-09-25T07:02:02,2026-09-25T07:02:02,2026-09-25T07:02:02
7547,碩網,2024-05-23,43.7,-2.1499999999999986,-4.69%,2.23,,33.45,40.14,46.83,53.52,60.21,66.9,ShowDailyK_ChartFlow,FinMind_API_TaiwanStockPrice_7547,True,2026-09-25T07:02:02,2026-09-25T07:02:02,2026-09-25T07:02:02
7547,碩網,2024-05-24,44.85,1.1499999999999986,2.63%,2.23,,33.45,40.14,46.83,53.52,60.21,66.9,ShowDailyK_ChartFlow,FinMind_API_TaiwanStockPrice_7547,True,2026-09-25T07:02:02,2026-09-25T07:02:02,2026-09-25T07:02:02
7547,碩網,2024-05-27,44.9,0.04999999999999716,0.11%,2.23,,33.45,40.14,46.83,53.52,60.21,66.9,ShowDailyK_ChartFlow,FinMind_API_TaiwanStockPrice_7547,True,2026-09-25T07:02:02,2026-09-25T07:02:02,2026-09-25T07:02:02
7547,碩網,2024-05-28,43.45,-1.4499999999999957,-3.23%,2.23,,33.45,40.14,46.83,53.52,60.21,66.9,ShowDailyK_ChartFlow,FinMind_API_TaiwanStockPrice_7547,True,2026-09-25T07:02:02,2026-09-25T07:02:02,2026-09-25T07:02:02
7547,碩網,2024-05-29,44.75,1.2999999999999972,2.99%,2.23,,33.45,40.14,46.83,53.52,60.21,66.9,ShowDailyK_ChartFlow,FinMind_API_TaiwanStockPrice_7547,True,2026-09-25T07:02:02,2026-09-25T07:02:02,2026-09-25T07:02:02
7547,碩網,2024-05-30,0.0,-44.75,-100.00%,2.23,,33.45,40.14,46.83,53.52,60.21,66.9,ShowDailyK_ChartFlow,FinMind_API_TaiwanStockPrice_7547,True,2026-09-25T07:02:02,2026-09-25T07:02:02,2026-09-25T07:02:02
7547,碩網,2024-05-31,46.15,46.15,,2.23,,33.45,40.14,46.83,53.52,60.21,66.9,ShowDailyK_ChartFlow,FinMind_API_TaiwanStockPrice_7547,True,2026-09-25T07:02:02,2026-09-25T07:02:02,2026-09-25T07:02:02
7547,碩網,2024-06-03,45.65,-0.5,-1.08%,2.23,,33.45,40.14,46.83,53.52,60.21,66.9,ShowDailyK_ChartFlow,FinMind_API_TaiwanStockPrice_7547,True,2026-09-25T07:02:02,2026-09-25T07:02:02,2026-09-25T07:02:02
7547,碩網,2024-06-04,0.0,-45.65,-100.00%,2.23,,33.45,40.14,46.83,53.52,60.21,66.9,ShowDailyK_ChartFlow,FinMind_API_TaiwanStockPrice_7547,True,2026-09-25T07:02:02,2026-09-25T07:02:02,2026-09-25T07:02:02
7547,碩網,2024-06-05,0.0,0.0,,2.23,,33.45,40.14,46.83,53.52,60.21,66.9,ShowDailyK_ChartFlow,FinMind_API_TaiwanStockPrice_7547,True,2026-09-25T07:02:02,2026-09-25T07:02:02,2026-09-25T07:02:02
7547,碩網,2024-06-06,0.0,0.0,,2.23,,33.45,40.14,46.83,53.52,60.21,66.9,ShowDailyK_ChartFlow,FinMind_API_TaiwanStockPrice_7547,True,2026-09-25T07:02:02,2026-09-25T07:02:02,2026-09-25T07:02:02
7547,碩網,2024-06-07,45.0,45.0,,2.23,,33.45,40.14,46.83,53.52,60.21,66.9,ShowDailyK_ChartFlow,FinMind_API_TaiwanStockPrice_7547,True,2026-09-25T07:02:02,2026-09-25T07:02:02,2026-09-25T07:02:02
7547,碩網,2024-06-11,46.6,1.6000000000000014,3.56%,2.23,,33.45,40.14,46.83,53.52,60.21,66.9,ShowDailyK_ChartFlow,FinMind_API_TaiwanStockPrice_7547,True,2026-09-25T07:02:02,2026-09-25T07:02:02,2026-09-25T07:02:02
7547,碩網,2024-06-12,49.95,3.3500000000000014,7.19%,2.23,,33.45,40.14,46.83,53.52,60.21,66.9,ShowDailyK_ChartFlow,FinMind_API_TaiwanStockPrice_7547,True,2026-09-25T07:02:02,2026-09-25T07:02:02,2026-09-25T07:02:02
7547,碩網,2024-06-13,49.55,-0.4000000000000057,-0.80%,2.23,,33.45,40.14,46.83,53.52,60.21,66.9,ShowDailyK_ChartFlow,FinMind_API_TaiwanStockPrice_7547,True,2026-09-25T07:02:02,2026-09-25T07:02:02,2026-09-25T07:02:02
7547,碩網,2024-06-14,47.65,-1.8999999999999986,-3.83%,2.23,,33.45,40.14,46.83,53.52,60.21,66.9,ShowDailyK_ChartFlow,FinMind_API_TaiwanStockPrice_7547,True,2026-09-25T07:02:02,2026-09-25T07:02:02,2026-09-25T07:02:02
7547,碩網,2024-06-17,46.25,-1.3999999999999986,-2.94%,2.23,,33.45,40.14,46.83,53.52,60.21,66.9,ShowDailyK_ChartFlow,FinMind_API_TaiwanStockPrice_7547,True,2026-09-25T07:02:02,2026-09-25T07:02:02,2026-09-25T07:02:02
7547,碩網,2024-06-18,46.35,0.10000000000000142,0.22%,2.23,,33.45,40.14,46.83,53.52,60.21,66.9,ShowDailyK_ChartFlow,FinMind_API_TaiwanStockPrice_7547,True,2026-09-25T07:02:02,2026-09-25T07:02:02,2026-09-25T07:02:02
7547,碩網,2024-06-19,45.95,-0.3999999999999986,-0.86%,2.23,,33.45,40.14,46.83,53.52,60.21,66.9,ShowDailyK_ChartFlow,FinMind_API_TaiwanStockPrice_7547,True,2026-09-25T07:02:02,2026-09-25T07:02:02,2026-09-25T07:02:02
7547,碩網,2024-06-20,47.15,1.1999999999999957,2.61%,2.23,,33.45,40.14,46.83,53.52,60.21,66.9,ShowDailyK_ChartFlow,FinMind_API_TaiwanStockPrice_7547,True,2026-09-25T07:02:02,2026-09-25T07:02:02,2026-09-25T07:02:02
7547,碩網,2024-06-21,47.65,0.5,1.06%,2.23,,33.45,40.14,46.83,53.52,60.21,66.9,ShowDailyK_ChartFlow,FinMind_API_TaiwanStockPrice_7547,True,2026-09-25T07:02:02,2026-09-25T07:02:02,2026-09-25T07:02:02
7547,碩網,2024-06-24,47.85,0.20000000000000284,0.42%,2.23,,33.45,40.14,46.83,53.52,60.21,66.9,ShowDailyK_ChartFlow,FinMind_API_TaiwanStockPrice_7547,True,2026-09-25T07:02:02,2026-09-25T07:02:02,2026-09-25T07:02:02
7547,碩網,2024-06-25,47.45,-0.3999999999999986,-0.84%,2.23,,33.45,40.14,46.83,53.52,60.21,66.9,ShowDailyK_ChartFlow,FinMind_API_TaiwanStockPrice_7547,True,2026-09-25T07:02:02,2026-09-25T07:02:02,2026-09-25T07:02:02
7547,碩網,2024-06-26,46.95,-0.5,-1.05%,2.23,,33.45,40.14,46.83,53.52,60.21,66.9,ShowDailyK_ChartFlow,FinMind_API_TaiwanStockPrice_7547,True,2026-09-25T07:02:02,2026-09-25T07:02:02,2026-09-25T07:02:02
7547,碩網,2024-06-27,47.5,0.5499999999999972,1.17%,2.23,,33.45,40.14,46.83,53.52,60.21,66.9,ShowDailyK_ChartFlow,FinMind_API_TaiwanStockPrice_7547,True,2026-09-25T07:02:02,2026-09-25T07:02:02,2026-09-25T07:02:02
7547,碩網,2024-06-28,47.5,0.0,0.00%,2.23,,33.45,40.14,46.83,53.52,60.21,66.9,ShowDailyK_ChartFlow,FinMind_API_TaiwanStockPrice_7547,True,2026-09-25T07:02:02,2026-09-25T07:02:02,2026-09-25T07:02:02
7547,碩網,2024-07-01,46.25,-1.25,-2.63%,2.81,,42.15,50.58,59.01,67.44,75.87,84.3,ShowDailyK_ChartFlow,FinMind_API_TaiwanStockPrice_7547,True,2026-09-25T07:02:02,2026-09-25T07:02:02,2026-09-25T07:02:02
7547,碩網,2024-07-02,48.15,1.8999999999999986,4.11%,2.81,,42.15,50.58,59.01,67.44,75.87,84.3,ShowDailyK_ChartFlow,FinMind_API_TaiwanStockPrice_7547,True,2026-09-25T07:02:02,2026-09-25T07:02:02,2026-09-25T07:02:02
7547,碩網,2024-07-03,47.0,-1.1499999999999986,-2.39%,2.81,,42.15,50.58,59.01,67.44,75.87,84.3,ShowDailyK_ChartFlow,FinMind_API_TaiwanStockPrice_7547,True,2026-09-25T07:02:02,2026-09-25T07:02:02,2026-09-25T07:02:02
7547,碩網,2024-07-04,49.0,2.0,4.26%,2.81,,42.15,50.58,59.01,67.44,75.87,84.3,ShowDailyK_ChartFlow,FinMind_API_TaiwanStockPrice_7547,True,2026-09-25T07:02:02,2026-09-25T07:02:02,2026-09-25T07:02:02
7547,碩網,2024-07-05,49.1,0.10000000000000142,0.20%,2.81,,42.15,50.58,59.01,67.44,75.87,84.3,ShowDailyK_ChartFlow,FinMind_API_TaiwanStockPrice_7547,True,2026-09-25T07:02:02,2026-09-25T07:02:02,2026-09-25T07:02:02
7547,碩網,2024-07-08,48.9,-0.20000000000000284,-0.41%,2.81,,42.15,50.58,59.01,67.44,75.87,84.3,ShowDailyK_ChartFlow,FinMind_API_TaiwanStockPrice_7547,True,2026-09-25T07:02:02,2026-09-25T07:02:02,2026-09-25T07:02:02
7547,碩網,2024-07-09,49.6,0.7000000000000028,1.43%,2.81,,42.15,50.58,59.01,67.44,75.87,84.3,ShowDailyK_ChartFlow,FinMind_API_TaiwanStockPrice_7547,True,2026-09-25T07:02:02,2026-09-25T07:02:02,2026-09-25T07:02:02
7547,碩網,2024-07-10,49.65,0.04999999999999716,0.10%,2.81,,42.15,50.58,59.01,67.44,75.87,84.3,ShowDailyK_ChartFlow,FinMind_API_TaiwanStockPrice_7547,True,2026-09-25T07:02:02,2026-09-25T07:02:02,2026-09-25T07:02:02
7547,碩網,2024-07-11,62.0,12.350000000000001,24.87%,2.81,,42.15,50.58,59.01,67.44,75.87,84.3,ShowDailyK_ChartFlow,FinMind_API_TaiwanStockPrice_7547,True,2026-09-25T07:02:02,2026-09-25T07:02:02,2026-09-25T07:02:02
7547,碩網,2024-07-12,76.0,14.0,22.58%,2.81,,42.15,50.58,59.01,67.44,75.87,84.3,ShowDailyK_ChartFlow,FinMind_API_TaiwanStockPrice_7547,True,2026-09-25T07:02:02,2026-09-25T07:02:02,2026-09-25T07:02:02
7547,碩網,2024-07-15,87.4,11.400000000000006,15.00%,2.81,,42.15,50.58,59.01,67.44,75.87,84.3,ShowDailyK_ChartFlow,FinMind_API_TaiwanStockPrice_7547,True,2026-09-25T07:02:02,2026-09-25T07:02:02,2026-09-25T07:02:02
7547,碩網,2024-07-16,83.4,-4.0,-4.58%,2.81,,42.15,50.58,59.01,67.44,75.87,84.3,ShowDailyK_ChartFlow,FinMind_API_TaiwanStockPrice_7547,True,2026-09-25T07:02:02,2026-09-25T07:02:02,2026-09-25T07:02:02
7547,碩網,2024-07-17,78.1,-5.300000000000011,-6.35%,2.81,,42.15,50.58,59.01,67.44,75.87,84.3,ShowDailyK_ChartFlow,FinMind_API_TaiwanStockPrice_7547,True,2026-09-25T07:02:02,2026-09-25T07:02:02,2026-09-25T07:02:02
7547,碩網,2024-07-18,86.0,7.900000000000006,10.12%,2.81,,42.15,50.58,59.01,67.44,75.87,84.3,ShowDailyK_ChartFlow,FinMind_API_TaiwanStockPrice_7547,True,2026-09-25T07:02:02,2026-09-25T07:02:02,2026-09-25T07:02:02
7547,碩網,2024-07-19,84.5,-1.5,-1.74%,2.81,,42.15,50.58,59.01,67.44,75.87,84.3,ShowDailyK_ChartFlow,FinMind_API_TaiwanStockPrice_7547,True,2026-09-25T07:02:02,2026-09-25T07:02:02,2026-09-25T07:02:02
7547,碩網,2024-07-22,81.4,-3.0999999999999943,-3.67%,2.81,,42.15,50.58,59.01,67.44,75.87,84.3,ShowDailyK_ChartFlow,FinMind_API_TaiwanStockPrice_7547,True,2026-09-25T07:02:02,2026-09-25T07:02:02,2026-09-25T07:02:02
7547,碩網,2024-07-23,82.5,1.0999999999999943,1.35%,2.81,,42.15,50.58,59.01,67.44,75.87,84.3,ShowDailyK_ChartFlow,FinMind_API_TaiwanStockPrice_7547,True,2026-09-25T07:02:02,2026-09-25T07:02:02,2026-09-25T07:02:02
7547,碩網,2024-07-26,81.7,-0.7999999999999972,-0.97%,2.81,,42.15,50.58,59.01,67.44,75.87,84.3,ShowDailyK_ChartFlow,FinMind_API_TaiwanStockPrice_7547,True,2026-09-25T07:02:02,2026-09-25T07:02:02,2026-09-25T07:02:02
7547,碩網,2024-07-29,93.1,11.399999999999991,13.95%,2.81,,42.15,50.58,59.01,67.44,75.87,84.3,ShowDailyK_ChartFlow,FinMind_API_TaiwanStockPrice_7547,True,2026-09-25T07:02:02,2026-09-25T07:02:02,2026-09-25T07:02:02
7547,碩網,2024-07-30,91.5,-1.5999999999999943,-1.72%,2.81,,42.15,50.58,59.01,67.44,75.87,84.3,ShowDailyK_ChartFlow,FinMind_API_TaiwanStockPrice_7547,True,2026-09-25T07:02:02,2026-09-25T07:02:02,2026-09-25T07:02:02
7547,碩網,2024-07-31,86.4,-5.099999999999994,-5.57%,2.81,,42.15,50.58,59.01,67.44,75.87,84.3,ShowDailyK_ChartFlow,FinMind_API_TaiwanStockPrice_7547,True,2026-09-25T07:02:02,2026-09-25T07:02:02,2026-09-25T07:02:02
7547,碩網,2024-08-01,82.4,-4.0,-4.63%,2.81,,42.15,50.58,59.01,67.44,75.87,84.3,ShowDailyK_ChartFlow,FinMind_API_TaiwanStockPrice_7547,True,2026-09-25T07:02:02,2026-09-25T07:02:02,2026-09-25T07:02:02
7547,碩網,2024-08-02,78.0,-4.400000000000006,-5.34%,2.81,,42.15,50.58,59.01,67.44,75.87,84.3,ShowDailyK_ChartFlow,FinMind_API_TaiwanStockPrice_7547,True,2026-09-25T07:02:02,2026-09-25T07:02:02,2026-09-25T07:02:02
7547,碩網,2024-08-05,68.0,-10.0,-12.82%,2.81,,42.15,50.58,59.01,67.44,75.87,84.3,ShowDailyK_ChartFlow,FinMind_API_TaiwanStockPrice_7547,True,2026-09-25T07:02:02,2026-09-25T07:02:02,2026-09-25T07:02:02
7547,碩網,2024-08-06,68.5,0.5,0.74%,2.81,,42.15,50.58,59.01,67.44,75.87,84.3,ShowDailyK_ChartFlow,FinMind_API_TaiwanStockPrice_7547,True,2026-09-25T07:02:02,2026-09-25T07:02:02,2026-09-25T07:02:02
7547,碩網,2024-08-07,73.2,4.700000000000003,6.86%,2.81,,42.15,50.58,59.01,67.44,75.87,84.3,ShowDailyK_ChartFlow,FinMind_API_TaiwanStockPrice_7547,True,2026-09-25T07:02:02,2026-09-25T07:02:02,2026-09-25T07:02:02
7547,碩網,2024-08-08,72.1,-1.1000000000000085,-1.50%,2.81,,42.15,50.58,59.01,67.44,75.87,84.3,ShowDailyK_ChartFlow,FinMind_API_TaiwanStockPrice_7547,True,2026-09-25T07:02:02,2026-09-25T07:02:02,2026-09-25T07:02:02
7547,碩網,2024-08-09,71.1,-1.0,-1.39%,2.81,,42.15,50.58,59.01,67.44,75.87,84.3,ShowDailyK_ChartFlow,FinMind_API_TaiwanStockPrice_7547,True,2026-09-25T07:02:02,2026-09-25T07:02:02,2026-09-25T07:02:02
7547,碩網,2024-08-12,69.5,-1.5999999999999943,-2.25%,2.81,,42.15,50.58,59.01,67.44,75.87,84.3,ShowDailyK_ChartFlow,FinMind_API_TaiwanStockPrice_7547,True,2026-09-25T07:02:02,2026-09-25T07:02:02,2026-09-25T07:02:02
7547,碩網,2024-08-13,68.1,-1.4000000000000057,-2.01%,2.81,,42.15,50.58,59.01,67.44,75.87,84.3,ShowDailyK_ChartFlow,FinMind_API_TaiwanStockPrice_7547,True,2026-09-25T07:02:02,2026-09-25T07:02:02,2026-09-25T07:02:02
7547,碩網,2024-08-14,68.0,-0.09999999999999432,-0.15%,2.81,,42.15,50.58,59.01,67.44,75.87,84.3,ShowDailyK_ChartFlow,FinMind_API_TaiwanStockPrice_7547,True,2026-09-25T07:02:02,2026-09-25T07:02:02,2026-09-25T07:02:02
7547,碩網,2024-08-15,72.0,4.0,5.88%,2.81,,42.15,50.58,59.01,67.44,75.87,84.3,ShowDailyK_ChartFlow,FinMind_API_TaiwanStockPrice_7547,True,2026-09-25T07:02:02,2026-09-25T07:02:02,2026-09-25T07:02:02
7547,碩網,2024-08-16,79.3,7.299999999999997,10.14%,2.81,,42.15,50.58,59.01,67.44,75.87,84.3,ShowDailyK_ChartFlow,FinMind_API_TaiwanStockPrice_7547,True,2026-09-25T07:02:02,2026-09-25T07:02:02,2026-09-25T07:02:02
7547,碩網,2024-08-19,90.7,11.400000000000006,14.38%,2.81,,42.15,50.58,59.01,67.44,75.87,84.3,ShowDailyK_ChartFlow,FinMind_API_TaiwanStockPrice_7547,True,2026-09-25T07:02:02,2026-09-25T07:02:02,2026-09-25T07:02:02
7547,碩網,2024-08-20,89.3,-1.4000000000000057,-1.54%,2.81,,42.15,50.58,59.01,67.44,75.87,84.3,ShowDailyK_ChartFlow,FinMind_API_TaiwanStockPrice_7547,True,2026-09-25T07:02:02,2026-09-25T07:02:02,2026-09-25T07:02:02
7547,碩網,2024-08-21,85.1,-4.200000000000003,-4.70%,2.81,,42.15,50.58,59.01,67.44,75.87,84.3,ShowDailyK_ChartFlow,FinMind_API_TaiwanStockPrice_7547,True,2026-09-25T07:02:02,2026-09-25T07:02:02,2026-09-25T07:02:02
7547,碩網,2024-08-22,85.0,-0.09999999999999432,-0.12%,2.81,,42.15,50.58,59.01,67.44,75.87,84.3,ShowDailyK_ChartFlow,FinMind_API_TaiwanStockPrice_7547,True,2026-09-25T07:02:02,2026-09-25T07:02:02,2026-09-25T07:02:02
7547,碩網,2024-08-23,86.5,1.5,1.76%,2.81,,42.15,50.58,59.01,67.44,75.87,84.3,ShowDailyK_ChartFlow,FinMind_API_TaiwanStockPrice_7547,True,2026-09-25T07:02:02,2026-09-25T07:02:02,2026-09-25T07:02:02
7547,碩網,2024-08-26,84.8,-1.7000000000000028,-1.97%,2.81,,42.15,50.58,59.01,67.44,75.87,84.3,ShowDailyK_ChartFlow,FinMind_API_TaiwanStockPrice_7547,True,2026-09-25T07:02:02,2026-09-25T07:02:02,2026-09-25T07:02:02
7547,碩網,2024-08-27,82.5,-2.299999999999997,-2.71%,2.81,,42.15,50.58,59.01,67.44,75.87,84.3,ShowDailyK_ChartFlow,FinMind_API_TaiwanStockPrice_7547,True,2026-09-25T07:02:02,2026-09-25T07:02:02,2026-09-25T07:02:02
7547,碩網,2024-08-28,79.7,-2.799999999999997,-3.39%,2.81,,42.15,50.58,59.01,67.44,75.87,84.3,ShowDailyK_ChartFlow,FinMind_API_TaiwanStockPrice_7547,True,2026-09-25T07:02:02,2026-09-25T07:02:02,2026-09-25T07:02:02
7547,碩網,2024-08-29,80.3,0.5999999999999943,0.75%,2.81,,42.15,50.58,59.01,67.44,75.87,84.3,ShowDailyK_ChartFlow,FinMind_API_TaiwanStockPrice_7547,True,2026-09-25T07:02:02,2026-09-25T07:02:02,2026-09-25T07:02:02
7547,碩網,2024-08-30,83.5,3.200000000000003,3.99%,2.81,,42.15,50.58,59.01,67.44,75.87,84.3,ShowDailyK_ChartFlow,FinMind_API_TaiwanStockPrice_7547,True,2026-09-25T07:02:02,2026-09-25T07:02:02,2026-09-25T07:02:02
7547,碩網,2024-09-02,81.8,-1.7000000000000028,-2.04%,2.81,,42.15,50.58,59.01,67.44,75.87,84.3,ShowDailyK_ChartFlow,FinMind_API_TaiwanStockPrice_7547,True,2026-09-25T07:02:02,2026-09-25T07:02:02,2026-09-25T07:02:02
7547,碩網,2024-09-03,79.5,-2.299999999999997,-2.81%,2.81,,42.15,50.58,59.01,67.44,75.87,84.3,ShowDailyK_ChartFlow,FinMind_API_TaiwanStockPrice_7547,True,2026-09-25T07:02:02,2026-09-25T07:02:02,2026-09-25T07:02:02
7547,碩網,2024-09-04,76.3,-3.200000000000003,-4.03%,2.81,,42.15,50.58,59.01,67.44,75.87,84.3,ShowDailyK_ChartFlow,FinMind_API_TaiwanStockPrice_7547,True,2026-09-25T07:02:02,2026-09-25T07:02:02,2026-09-25T07:02:02
7547,碩網,2024-09-05,77.5,1.2000000000000028,1.57%,2.81,,42.15,50.58,59.01,67.44,75.87,84.3,ShowDailyK_ChartFlow,FinMind_API_TaiwanStockPrice_7547,True,2026-09-25T07:02:02,2026-09-25T07:02:02,2026-09-25T07:02:02
7547,碩網,2024-09-06,77.7,0.20000000000000284,0.26%,2.81,,42.15,50.58,59.01,67.44,75.87,84.3,ShowDailyK_ChartFlow,FinMind_API_TaiwanStockPrice_7547,True,2026-09-25T07:02:02,2026-09-25T07:02:02,2026-09-25T07:02:02
7547,碩網,2024-09-09,79.3,1.5999999999999943,2.06%,2.81,,42.15,50.58,59.01,67.44,75.87,84.3,ShowDailyK_ChartFlow,FinMind_API_TaiwanStockPrice_7547,True,2026-09-25T07:02:02,2026-09-25T07:02:02,2026-09-25T07:02:02
7547,碩網,2024-09-10,83.5,4.200000000000003,5.30%,2.81,,42.15,50.58,59.01,67.44,75.87,84.3,ShowDailyK_ChartFlow,FinMind_API_TaiwanStockPrice_7547,True,2026-09-25T07:02:02,2026-09-25T07:02:02,2026-09-25T07:02:02
7547,碩網,2024-09-11,86.6,3.0999999999999943,3.71%,2.81,,42.15,50.58,59.01,67.44,75.87,84.3,ShowDailyK_ChartFlow,FinMind_API_TaiwanStockPrice_7547,True,2026-09-25T07:02:02,2026-09-25T07:02:02,2026-09-25T07:02:02
7547,碩網,2024-09-12,83.3,-3.299999999999997,-3.81%,2.81,,42.15,50.58,59.01,67.44,75.87,84.3,ShowDailyK_ChartFlow,FinMind_API_TaiwanStockPrice_7547,True,2026-09-25T07:02:02,2026-09-25T07:02:02,2026-09-25T07:02:02
7547,碩網,2024-09-13,80.5,-2.799999999999997,-3.36%,2.81,,42.15,50.58,59.01,67.44,75.87,84.3,ShowDailyK_ChartFlow,FinMind_API_TaiwanStockPrice_7547,True,2026-09-25T07:02:02,2026-09-25T07:02:02,2026-09-25T07:02:02
7547,碩網,2024-09-16,80.4,-0.09999999999999432,-0.12%,2.81,,42.15,50.58,59.01,67.44,75.87,84.3,ShowDailyK_ChartFlow,FinMind_API_TaiwanStockPrice_7547,True,2026-09-25T07:02:02,2026-09-25T07:02:02,2026-09-25T07:02:02
7547,碩網,2024-09-18,79.1,-1.3000000000000114,-1.62%,2.81,,42.15,50.58,59.01,67.44,75.87,84.3,ShowDailyK_ChartFlow,FinMind_API_TaiwanStockPrice_7547,True,2026-09-25T07:02:02,2026-09-25T07:02:02,2026-09-25T07:02:02
7547,碩網,2024-09-19,79.3,0.20000000000000284,0.25%,2.81,,42.15,50.58,59.01,67.44,75.87,84.3,ShowDailyK_ChartFlow,FinMind_API_TaiwanStockPrice_7547,True,2026-09-25T07:02:02,2026-09-25T07:02:02,2026-09-25T07:02:02
7547,碩網,2024-09-20,82.0,2.700000000000003,3.40%,2.81,,42.15,50.58,59.01,67.44,75.87,84.3,ShowDailyK_ChartFlow,FinMind_API_TaiwanStockPrice_7547,True,2026-09-25T07:02:02,2026-09-25T07:02:02,2026-09-25T07:02:02
7547,碩網,2024-09-23,79.5,-2.5,-3.05%,2.81,,42.15,50.58,59.01,67.44,75.87,84.3,ShowDailyK_ChartFlow,FinMind_API_TaiwanStockPrice_7547,True,2026-09-25T07:02:02,2026-09-25T07:02:02,2026-09-25T07:02:02
7547,碩網,2024-09-24,78.8,-0.7000000000000028,-0.88%,2.81,,42.15,50.58,59.01,67.44,75.87,84.3,ShowDailyK_ChartFlow,FinMind_API_TaiwanStockPrice_7547,True,2026-09-25T07:02:02,2026-09-25T07:02:02,2026-09-25T07:02:02
7547,碩網,2024-09-25,78.6,-0.20000000000000284,-0.25%,2.81,,42.15,50.58,59.01,67.44,75.87,84.3,ShowDailyK_ChartFlow,FinMind_API_TaiwanStockPrice_7547,True,2026-09-25T07:02:02,2026-09-25T07:02:02,2026-09-25T07:02:02
7547,碩網,2024-09-26,76.3,-2.299999999999997,-2.93%,2.81,,42.15,50.58,59.01,67.44,75.87,84.3,ShowDailyK_ChartFlow,FinMind_API_TaiwanStockPrice_7547,True,2026-09-25T07:02:02,2026-09-25T07:02:02,2026-09-25T07:02:02
7547,碩網,2024-09-27,78.0,1.7000000000000028,2.23%,2.81,,42.15,50.58,59.01,67.44,75.87,84.3,ShowDailyK_ChartFlow,FinMind_API_TaiwanStockPrice_7547,True,2026-09-25T07:02:02,2026-09-25T07:02:02,2026-09-25T07:02:02
7547,碩網,2024-09-30,78.9,0.9000000000000057,1.15%,3.03,,45.45,54.54,63.63,72.72,81.81,90.9,ShowDailyK_ChartFlow,FinMind_API_TaiwanStockPrice_7547,True,2026-09-25T07:02:02,2026-09-25T07:02:02,2026-09-25T07:02:02
7547,碩網,2024-10-01,79.0,0.09999999999999432,0.13%,3.03,,45.45,54.54,63.63,72.72,81.81,90.9,ShowDailyK_ChartFlow,FinMind_API_TaiwanStockPrice_7547,True,2026-09-25T07:02:02,2026-09-25T07:02:02,2026-09-25T07:02:02
7547,碩網,2024-10-04,79.5,0.5,0.63%,3.03,,45.45,54.54,63.63,72.72,81.81,90.9,ShowDailyK_ChartFlow,FinMind_API_TaiwanStockPrice_7547,True,2026-09-25T07:02:02,2026-09-25T07:02:02,2026-09-25T07:02:02
7547,碩網,2024-10-07,79.1,-0.4000000000000057,-0.50%,3.03,,45.45,54.54,63.63,72.72,81.81,90.9,ShowDailyK_ChartFlow,FinMind_API_TaiwanStockPrice_7547,True,2026-09-25T07:02:02,2026-09-25T07:02:02,2026-09-25T07:02:02
7547,碩網,2024-10-08,78.5,-0.5999999999999943,-0.76%,3.03,,45.45,54.54,63.63,72.72,81.81,90.9,ShowDailyK_ChartFlow,FinMind_API_TaiwanStockPrice_7547,True,2026-09-25T07:02:02,2026-09-25T07:02:02,2026-09-25T07:02:02
7547,碩網,2024-10-09,78.8,0.29999999999999716,0.38%,3.03,,45.45,54.54,63.63,72.72,81.81,90.9,ShowDailyK_ChartFlow,FinMind_API_TaiwanStockPrice_7547,True,2026-09-25T07:02:02,2026-09-25T07:02:02,2026-09-25T07:02:02
7547,碩網,2024-10-11,84.4,5.6000000000000085,7.11%,3.03,,45.45,54.54,63.63,72.72,81.81,90.9,ShowDailyK_ChartFlow,FinMind_API_TaiwanStockPrice_7547,True,2026-09-25T07:02:02,2026-09-25T07:02:02,2026-09-25T07:02:02
7547,碩網,2024-10-14,82.9,-1.5,-1.78%,3.03,,45.45,54.54,63.63,72.72,81.81,90.9,ShowDailyK_ChartFlow,FinMind_API_TaiwanStockPrice_7547,True,2026-09-25T07:02:02,2026-09-25T07:02:02,2026-09-25T07:02:02
7547,碩網,2024-10-15,84.5,1.5999999999999943,1.93%,3.03,,45.45,54.54,63.63,72.72,81.81,90.9,ShowDailyK_ChartFlow,FinMind_API_TaiwanStockPrice_7547,True,2026-09-25T07:02:02,2026-09-25T07:02:02,2026-09-25T07:02:02
7547,碩網,2024-10-16,99.0,14.5,17.16%,3.03,,45.45,54.54,63.63,72.72,81.81,90.9,ShowDailyK_ChartFlow,FinMind_API_TaiwanStockPrice_7547,True,2026-09-25T07:02:02,2026-09-25T07:02:02,2026-09-25T07:02:02
7547,碩網,2024-10-17,95.6,-3.4000000000000057,-3.43%,3.03,,45.45,54.54,63.63,72.72,81.81,90.9,ShowDailyK_ChartFlow,FinMind_API_TaiwanStockPrice_7547,True,2026-09-25T07:02:02,2026-09-25T07:02:02,2026-09-25T07:02:02
7547,碩網,2024-10-18,93.0,-2.5999999999999943,-2.72%,3.03,,45.45,54.54,63.63,72.72,81.81,90.9,ShowDailyK_ChartFlow,FinMind_API_TaiwanStockPrice_7547,True,2026-09-25T07:02:02,2026-09-25T07:02:02,2026-09-25T07:02:02
7547,碩網,2024-10-21,91.5,-1.5,-1.61%,3.03,,45.45,54.54,63.63,72.72,81.81,90.9,ShowDailyK_ChartFlow,FinMind_API_TaiwanStockPrice_7547,True,2026-09-25T07:02:02,2026-09-25T07:02:02,2026-09-25T07:02:02
7547,碩網,2024-10-22,93.1,1.5999999999999943,1.75%,3.03,,45.45,54.54,63.63,72.72,81.81,90.9,ShowDailyK_ChartFlow,FinMind_API_TaiwanStockPrice_7547,True,2026-09-25T07:02:02,2026-09-25T07:02:02,2026-09-25T07:02:02
7547,碩網,2024-10-23,92.5,-0.5999999999999943,-0.64%,3.03,,45.45,54.54,63.63,72.72,81.81,90.9,ShowDailyK_ChartFlow,FinMind_API_TaiwanStockPrice_7547,True,2026-09-25T07:02:02,2026-09-25T07:02:02,2026-09-25T07:02:02
7547,碩網,2024-10-24,87.9,-4.599999999999994,-4.97%,3.03,,45.45,54.54,63.63,72.72,81.81,90.9,ShowDailyK_ChartFlow,FinMind_API_TaiwanStockPrice_7547,True,2026-09-25T07:02:02,2026-09-25T07:02:02,2026-09-25T07:02:02
7547,碩網,2024-10-25,87.4,-0.5,-0.57%,3.03,,45.45,54.54,63.63,72.72,81.81,90.9,ShowDailyK_ChartFlow,FinMind_API_TaiwanStockPrice_7547,True,2026-09-25T07:02:02,2026-09-25T07:02:02,2026-09-25T07:02:02
7547,碩網,2024-10-28,86.3,-1.1000000000000085,-1.26%,3.03,,45.45,54.54,63.63,72.72,81.81,90.9,ShowDailyK_ChartFlow,FinMind_API_TaiwanStockPrice_7547,True,2026-09-25T07:02:02,2026-09-25T07:02:02,2026-09-25T07:02:02
7547,碩網,2024-10-29,85.5,-0.7999999999999972,-0.93%,3.03,,45.45,54.54,63.63,72.72,81.81,90.9,ShowDailyK_ChartFlow,FinMind_API_TaiwanStockPrice_7547,True,2026-09-25T07:02:02,2026-09-25T07:02:02,2026-09-25T07:02:02
7547,碩網,2024-10-30,85.0,-0.5,-0.58%,3.03,,45.45,54.54,63.63,72.72,81.81,90.9,ShowDailyK_ChartFlow,FinMind_API_TaiwanStockPrice_7547,True,2026-09-25T07:02:02,2026-09-25T07:02:02,2026-09-25T07:02:02
7547,碩網,2024-11-01,86.2,1.2000000000000028,1.41%,3.03,,45.45,54.54,63.63,72.72,81.81,90.9,ShowDailyK_ChartFlow,FinMind_API_TaiwanStockPrice_7547,True,2026-09-25T07:02:02,2026-09-25T07:02:02,2026-09-25T07:02:02
7547,碩網,2024-11-04,86.8,0.5999999999999943,0.70%,3.03,,45.45,54.54,63.63,72.72,81.81,90.9,ShowDailyK_ChartFlow,FinMind_API_TaiwanStockPrice_7547,True,2026-09-25T07:02:02,2026-09-25T07:02:02,2026-09-25T07:02:02
7547,碩網,2024-11-05,86.6,-0.20000000000000284,-0.23%,3.03,,45.45,54.54,63.63,72.72,81.81,90.9,ShowDailyK_ChartFlow,FinMind_API_TaiwanStockPrice_7547,True,2026-09-25T07:02:02,2026-09-25T07:02:02,2026-09-25T07:02:02
7547,碩網,2024-11-06,88.0,1.4000000000000057,1.62%,3.03,,45.45,54.54,63.63,72.72,81.81,90.9,ShowDailyK_ChartFlow,FinMind_API_TaiwanStockPrice_7547,True,2026-09-25T07:02:02,2026-09-25T07:02:02,2026-09-25T07:02:02
7547,碩網,2024-11-07,86.5,-1.5,-1.70%,3.03,,45.45,54.54,63.63,72.72,81.81,90.9,ShowDailyK_ChartFlow,FinMind_API_TaiwanStockPrice_7547,True,2026-09-25T07:02:02,2026-09-25T07:02:02,2026-09-25T07:02:02
7547,碩網,2024-11-08,86.0,-0.5,-0.58%,3.03,,45.45,54.54,63.63,72.72,81.81,90.9,ShowDailyK_ChartFlow,FinMind_API_TaiwanStockPrice_7547,True,2026-09-25T07:02:02,2026-09-25T07:02:02,2026-09-25T07:02:02
7547,碩網,2024-11-11,83.4,-2.5999999999999943,-3.02%,3.03,,45.45,54.54,63.63,72.72,81.81,90.9,ShowDailyK_ChartFlow,FinMind_API_TaiwanStockPrice_7547,True,2026-09-25T07:02:02,2026-09-25T07:02:02,2026-09-25T07:02:02
7547,碩網,2024-11-12,81.5,-1.9000000000000057,-2.28%,3.03,,45.45,54.54,63.63,72.72,81.81,90.9,ShowDailyK_ChartFlow,FinMind_API_TaiwanStockPrice_7547,True,2026-09-25T07:02:02,2026-09-25T07:02:02,2026-09-25T07:02:02
7547,碩網,2024-11-13,80.1,-1.4000000000000057,-1.72%,3.03,,45.45,54.54,63.63,72.72,81.81,90.9,ShowDailyK_ChartFlow,FinMind_API_TaiwanStockPrice_7547,True,2026-09-25T07:02:02,2026-09-25T07:02:02,2026-09-25T07:02:02
7547,碩網,2024-11-14,78.7,-1.3999999999999915,-1.75%,3.03,,45.45,54.54,63.63,72.72,81.81,90.9,ShowDailyK_ChartFlow,FinMind_API_TaiwanStockPrice_7547,True,2026-09-25T07:02:02,2026-09-25T07:02:02,2026-09-25T07:02:02
7547,碩網,2024-11-15,75.8,-2.9000000000000057,-3.68%,3.03,,45.45,54.54,63.63,72.72,81.81,90.9,ShowDailyK_ChartFlow,FinMind_API_TaiwanStockPrice_7547,True,2026-09-25T07:02:02,2026-09-25T07:02:02,2026-09-25T07:02:02
7547,碩網,2024-11-18,72.3,-3.5,-4.62%,3.03,,45.45,54.54,63.63,72.72,81.81,90.9,ShowDailyK_ChartFlow,FinMind_API_TaiwanStockPrice_7547,True,2026-09-25T07:02:02,2026-09-25T07:02:02,2026-09-25T07:02:02
7547,碩網,2024-11-19,70.1,-2.200000000000003,-3.04%,3.03,,45.45,54.54,63.63,72.72,81.81,90.9,ShowDailyK_ChartFlow,FinMind_API_TaiwanStockPrice_7547,True,2026-09-25T07:02:02,2026-09-25T07:02:02,2026-09-25T07:02:02
7547,碩網,2024-11-20,71.0,0.9000000000000057,1.28%,3.03,,45.45,54.54,63.63,72.72,81.81,90.9,ShowDailyK_ChartFlow,FinMind_API_TaiwanStockPrice_7547,True,2026-09-25T07:02:02,2026-09-25T07:02:02,2026-09-25T07:02:02
7547,碩網,2024-11-21,68.3,-2.700000000000003,-3.80%,3.03,,45.45,54.54,63.63,72.72,81.81,90.9,ShowDailyK_ChartFlow,FinMind_API_TaiwanStockPrice_7547,True,2026-09-25T07:02:02,2026-09-25T07:02:02,2026-09-25T07:02:02
7547,碩網,2024-11-22,70.0,1.7000000000000028,2.49%,3.03,,45.45,54.54,63.63,72.72,81.81,90.9,ShowDailyK_ChartFlow,FinMind_API_TaiwanStockPrice_7547,True,2026-09-25T07:02:02,2026-09-25T07:02:02,2026-09-25T07:02:02
7547,碩網,2024-11-25,73.6,3.5999999999999943,5.14%,3.03,,45.45,54.54,63.63,72.72,81.81,90.9,ShowDailyK_ChartFlow,FinMind_API_TaiwanStockPrice_7547,True,2026-09-25T07:02:02,2026-09-25T07:02:02,2026-09-25T07:02:02
7547,碩網,2024-11-26,73.9,0.30000000000001137,0.41%,3.03,,45.45,54.54,63.63,72.72,81.81,90.9,ShowDailyK_ChartFlow,FinMind_API_TaiwanStockPrice_7547,True,2026-09-25T07:02:02,2026-09-25T07:02:02,2026-09-25T07:02:02
7547,碩網,2024-11-27,75.3,1.3999999999999915,1.89%,3.03,,45.45,54.54,63.63,72.72,81.81,90.9,ShowDailyK_ChartFlow,FinMind_API_TaiwanStockPrice_7547,True,2026-09-25T07:02:02,2026-09-25T07:02:02,2026-09-25T07:02:02
7547,碩網,2024-11-28,75.3,0.0,0.00%,3.03,,45.45,54.54,63.63,72.72,81.81,90.9,ShowDailyK_ChartFlow,FinMind_API_TaiwanStockPrice_7547,True,2026-09-25T07:02:02,2026-09-25T07:02:02,2026-09-25T07:02:02
7547,碩網,2024-11-29,77.0,1.7000000000000028,2.26%,3.03,,45.45,54.54,63.63,72.72,81.81,90.9,ShowDailyK_ChartFlow,FinMind_API_TaiwanStockPrice_7547,True,2026-09-25T07:02:02,2026-09-25T07:02:02,2026-09-25T07:02:02
7547,碩網,2024-12-02,77.4,0.4000000000000057,0.52%,3.03,,45.45,54.54,63.63,72.72,81.81,90.9,ShowDailyK_ChartFlow,FinMind_API_TaiwanStockPrice_7547,True,2026-09-25T07:02:02,2026-09-25T07:02:02,2026-09-25T07:02:02
7547,碩網,2024-12-03,80.5,3.0999999999999943,4.01%,3.03,,45.45,54.54,63.63,72.72,81.81,90.9,ShowDailyK_ChartFlow,FinMind_API_TaiwanStockPrice_7547,True,2026-09-25T07:02:02,2026-09-25T07:02:02,2026-09-25T07:02:02
7547,碩網,2024-12-04,79.0,-1.5,-1.86%,3.03,,45.45,54.54,63.63,72.72,81.81,90.9,ShowDailyK_ChartFlow,FinMind_API_TaiwanStockPrice_7547,True,2026-09-25T07:02:02,2026-09-25T07:02:02,2026-09-25T07:02:02
7547,碩網,2024-12-05,75.4,-3.5999999999999943,-4.56%,3.03,,45.45,54.54,63.63,72.72,81.81,90.9,ShowDailyK_ChartFlow,FinMind_API_TaiwanStockPrice_7547,True,2026-09-25T07:02:02,2026-09-25T07:02:02,2026-09-25T07:02:02
7547,碩網,2024-12-06,78.4,3.0,3.98%,3.03,,45.45,54.54,63.63,72.72,81.81,90.9,ShowDailyK_ChartFlow,FinMind_API_TaiwanStockPrice_7547,True,2026-09-25T07:02:02,2026-09-25T07:02:02,2026-09-25T07:02:02
7547,碩網,2024-12-09,81.7,3.299999999999997,4.21%,3.03,,45.45,54.54,63.63,72.72,81.81,90.9,ShowDailyK_ChartFlow,FinMind_API_TaiwanStockPrice_7547,True,2026-09-25T07:02:02,2026-09-25T07:02:02,2026-09-25T07:02:02
7547,碩網,2024-12-10,77.7,-4.0,-4.90%,3.03,,45.45,54.54,63.63,72.72,81.81,90.9,ShowDailyK_ChartFlow,FinMind_API_TaiwanStockPrice_7547,True,2026-09-25T07:02:02,2026-09-25T07:02:02,2026-09-25T07:02:02
7547,碩網,2024-12-11,80.5,2.799999999999997,3.60%,3.03,,45.45,54.54,63.63,72.72,81.81,90.9,ShowDailyK_ChartFlow,FinMind_API_TaiwanStockPrice_7547,True,2026-09-25T07:02:02,2026-09-25T07:02:02,2026-09-25T07:02:02
7547,碩網,2024-12-12,78.7,-1.7999999999999972,-2.24%,3.03,,45.45,54.54,63.63,72.72,81.81,90.9,ShowDailyK_ChartFlow,FinMind_API_TaiwanStockPrice_7547,True,2026-09-25T07:02:02,2026-09-25T07:02:02,2026-09-25T07:02:02
7547,碩網,2024-12-13,80.3,1.5999999999999943,2.03%,3.03,,45.45,54.54,63.63,72.72,81.81,90.9,ShowDailyK_ChartFlow,FinMind_API_TaiwanStockPrice_7547,True,2026-09-25T07:02:02,2026-09-25T07:02:02,2026-09-25T07:02:02
7547,碩網,2024-12-16,77.3,-3.0,-3.74%,3.03,,45.45,54.54,63.63,72.72,81.81,90.9,ShowDailyK_ChartFlow,FinMind_API_TaiwanStockPrice_7547,True,2026-09-25T07:02:02,2026-09-25T07:02:02,2026-09-25T07:02:02
7547,碩網,2024-12-17,74.2,-3.0999999999999943,-4.01%,3.03,,45.45,54.54,63.63,72.72,81.81,90.9,ShowDailyK_ChartFlow,FinMind_API_TaiwanStockPrice_7547,True,2026-09-25T07:02:02,2026-09-25T07:02:02,2026-09-25T07:02:02
7547,碩網,2024-12-18,75.6,1.3999999999999915,1.89%,3.03,,45.45,54.54,63.63,72.72,81.81,90.9,ShowDailyK_ChartFlow,FinMind_API_TaiwanStockPrice_7547,True,2026-09-25T07:02:02,2026-09-25T07:02:02,2026-09-25T07:02:02
7547,碩網,2024-12-19,73.4,-2.1999999999999886,-2.91%,3.03,,45.45,54.54,63.63,72.72,81.81,90.9,ShowDailyK_ChartFlow,FinMind_API_TaiwanStockPrice_7547,True,2026-09-25T07:02:02,2026-09-25T07:02:02,2026-09-25T07:02:02
7547,碩網,2024-12-20,74.0,0.5999999999999943,0.82%,3.03,,45.45,54.54,63.63,72.72,81.81,90.9,ShowDailyK_ChartFlow,FinMind_API_TaiwanStockPrice_7547,True,2026-09-25T07:02:02,2026-09-25T07:02:02,2026-09-25T07:02:02
7547,碩網,2024-12-23,75.0,1.0,1.35%,3.03,,45.45,54.54,63.63,72.72,81.81,90.9,ShowDailyK_ChartFlow,FinMind_API_TaiwanStockPrice_7547,True,2026-09-25T07:02:02,2026-09-25T07:02:02,2026-09-25T07:02:02
7547,碩網,2024-12-24,72.2,-2.799999999999997,-3.73%,3.03,,45.45,54.54,63.63,72.72,81.81,90.9,ShowDailyK_ChartFlow,FinMind_API_TaiwanStockPrice_7547,True,2026-09-25T07:02:02,2026-09-25T07:02:02,2026-09-25T07:02:02
7547,碩網,2024-12-25,72.0,-0.20000000000000284,-0.28%,3.03,,45.45,54.54,63.63,72.72,81.81,90.9,ShowDailyK_ChartFlow,FinMind_API_TaiwanStockPrice_7547,True,2026-09-25T07:02:02,2026-09-25T07:02:02,2026-09-25T07:02:02
7547,碩網,2024-12-26,71.5,-0.5,-0.69%,3.03,,45.45,54.54,63.63,72.72,81.81,90.9,ShowDailyK_ChartFlow,FinMind_API_TaiwanStockPrice_7547,True,2026-09-25T07:02:02,2026-09-25T07:02:02,2026-09-25T07:02:02
7547,碩網,2024-12-27,68.8,-2.700000000000003,-3.78%,3.03,,45.45,54.54,63.63,72.72,81.81,90.9,ShowDailyK_ChartFlow,FinMind_API_TaiwanStockPrice_7547,True,2026-09-25T07:02:02,2026-09-25T07:02:02,2026-09-25T07:02:02
7547,碩網,2024-12-30,70.0,1.2000000000000028,1.74%,3.03,,45.45,54.54,63.63,72.72,81.81,90.9,ShowDailyK_ChartFlow,FinMind_API_TaiwanStockPrice_7547,True,2026-09-25T07:02:02,2026-09-25T07:02:02,2026-09-25T07:02:02
7547,碩網,2024-12-31,70.7,0.7000000000000028,1.00%,3.2299999999999995,,48.45,58.14,67.83,77.52,87.21,96.9,ShowDailyK_ChartFlow,FinMind_API_TaiwanStockPrice_7547,True,2026-09-25T07:02:02,2026-09-25T07:02:02,2026-09-25T07:02:02
7547,碩網,2025-01-02,74.0,3.299999999999997,4.67%,3.2299999999999995,,48.45,58.14,67.83,77.52,87.21,96.9,ShowDailyK_ChartFlow,FinMind_API_TaiwanStockPrice_7547,True,2026-09-25T07:02:02,2026-09-25T07:02:02,2026-09-25T07:02:02
7547,碩網,2025-01-03,73.0,-1.0,-1.35%,3.2299999999999995,,48.45,58.14,67.83,77.52,87.21,96.9,ShowDailyK_ChartFlow,FinMind_API_TaiwanStockPrice_7547,True,2026-09-25T07:02:02,2026-09-25T07:02:02,2026-09-25T07:02:02
7547,碩網,2025-01-06,77.3,4.299999999999997,5.89%,3.2299999999999995,,48.45,58.14,67.83,77.52,87.21,96.9,ShowDailyK_ChartFlow,FinMind_API_TaiwanStockPrice_7547,True,2026-09-25T07:02:02,2026-09-25T07:02:02,2026-09-25T07:02:02
7547,碩網,2025-01-07,78.2,0.9000000000000057,1.16%,3.2299999999999995,,48.45,58.14,67.83,77.52,87.21,96.9,ShowDailyK_ChartFlow,FinMind_API_TaiwanStockPrice_7547,True,2026-09-25T07:02:02,2026-09-25T07:02:02,2026-09-25T07:02:02
7547,碩網,2025-01-08,74.8,-3.4000000000000057,-4.35%,3.2299999999999995,,48.45,58.14,67.83,77.52,87.21,96.9,ShowDailyK_ChartFlow,FinMind_API_TaiwanStockPrice_7547,True,2026-09-25T07:02:02,2026-09-25T07:02:02,2026-09-25T07:02:02
7547,碩網,2025-01-09,74.4,-0.3999999999999915,-0.53%,3.2299999999999995,,48.45,58.14,67.83,77.52,87.21,96.9,ShowDailyK_ChartFlow,FinMind_API_TaiwanStockPrice_7547,True,2026-09-25T07:02:02,2026-09-25T07:02:02,2026-09-25T07:02:02
7547,碩網,2025-01-10,74.7,0.29999999999999716,0.40%,3.2299999999999995,,48.45,58.14,67.83,77.52,87.21,96.9,ShowDailyK_ChartFlow,FinMind_API_TaiwanStockPrice_7547,True,2026-09-25T07:02:02,2026-09-25T07:02:02,2026-09-25T07:02:02
7547,碩網,2025-01-13,75.2,0.5,0.67%,3.2299999999999995,,48.45,58.14,67.83,77.52,87.21,96.9,ShowDailyK_ChartFlow,FinMind_API_TaiwanStockPrice_7547,True,2026-09-25T07:02:02,2026-09-25T07:02:02,2026-09-25T07:02:02
7547,碩網,2025-01-14,75.3,0.09999999999999432,0.13%,3.2299999999999995,,48.45,58.14,67.83,77.52,87.21,96.9,ShowDailyK_ChartFlow,FinMind_API_TaiwanStockPrice_7547,True,2026-09-25T07:02:02,2026-09-25T07:02:02,2026-09-25T07:02:02
7547,碩網,2025-01-15,75.0,-0.29999999999999716,-0.40%,3.2299999999999995,,48.45,58.14,67.83,77.52,87.21,96.9,ShowDailyK_ChartFlow,FinMind_API_TaiwanStockPrice_7547,True,2026-09-25T07:02:02,2026-09-25T07:02:02,2026-09-25T07:02:02
7547,碩網,2025-01-16,74.2,-0.7999999999999972,-1.07%,3.2299999999999995,,48.45,58.14,67.83,77.52,87.21,96.9,ShowDailyK_ChartFlow,FinMind_API_TaiwanStockPrice_7547,True,2026-09-25T07:02:02,2026-09-25T07:02:02,2026-09-25T07:02:02
7547,碩網,2025-01-17,74.9,0.7000000000000028,0.94%,3.2299999999999995,,48.45,58.14,67.83,77.52,87.21,96.9,ShowDailyK_ChartFlow,FinMind_API_TaiwanStockPrice_7547,True,2026-09-25T07:02:02,2026-09-25T07:02:02,2026-09-25T07:02:02
7547,碩網,2025-01-20,76.9,2.0,2.67%,3.2299999999999995,,48.45,58.14,67.83,77.52,87.21,96.9,ShowDailyK_ChartFlow,FinMind_API_TaiwanStockPrice_7547,True,2026-09-25T07:02:02,2026-09-25T07:02:02,2026-09-25T07:02:02
7547,碩網,2025-01-21,74.7,-2.200000000000003,-2.86%,3.2299999999999995,,48.45,58.14,67.83,77.52,87.21,96.9,ShowDailyK_ChartFlow,FinMind_API_TaiwanStockPrice_7547,True,2026-09-25T07:02:02,2026-09-25T07:02:02,2026-09-25T07:02:02
7547,碩網,2025-01-22,74.5,-0.20000000000000284,-0.27%,3.2299999999999995,,48.45,58.14,67.83,77.52,87.21,96.9,ShowDailyK_ChartFlow,FinMind_API_TaiwanStockPrice_7547,True,2026-09-25T07:02:02,2026-09-25T07:02:02,2026-09-25T07:02:02
7547,碩網,2025-02-03,75.2,0.7000000000000028,0.94%,3.2299999999999995,,48.45,58.14,67.83,77.52,87.21,96.9,ShowDailyK_ChartFlow,FinMind_API_TaiwanStockPrice_7547,True,2026-09-25T07:02:02,2026-09-25T07:02:02,2026-09-25T07:02:02
7547,碩網,2025-02-04,78.3,3.0999999999999943,4.12%,3.2299999999999995,,48.45,58.14,67.83,77.52,87.21,96.9,ShowDailyK_ChartFlow,FinMind_API_TaiwanStockPrice_7547,True,2026-09-25T07:02:02,2026-09-25T07:02:02,2026-09-25T07:02:02
7547,碩網,2025-02-05,86.5,8.200000000000003,10.47%,3.2299999999999995,,48.45,58.14,67.83,77.52,87.21,96.9,ShowDailyK_ChartFlow,FinMind_API_TaiwanStockPrice_7547,True,2026-09-25T07:02:02,2026-09-25T07:02:02,2026-09-25T07:02:02
7547,碩網,2025-02-06,86.1,-0.4000000000000057,-0.46%,3.2299999999999995,,48.45,58.14,67.83,77.52,87.21,96.9,ShowDailyK_ChartFlow,FinMind_API_TaiwanStockPrice_7547,True,2026-09-25T07:02:02,2026-09-25T07:02:02,2026-09-25T07:02:02
7547,碩網,2025-02-07,86.9,0.8000000000000114,0.93%,3.2299999999999995,,48.45,58.14,67.83,77.52,87.21,96.9,ShowDailyK_ChartFlow,FinMind_API_TaiwanStockPrice_7547,True,2026-09-25T07:02:02,2026-09-25T07:02:02,2026-09-25T07:02:02
7547,碩網,2025-02-10,84.3,-2.6000000000000085,-2.99%,3.2299999999999995,,48.45,58.14,67.83,77.52,87.21,96.9,ShowDailyK_ChartFlow,FinMind_API_TaiwanStockPrice_7547,True,2026-09-25T07:02:02,2026-09-25T07:02:02,2026-09-25T07:02:02
7547,碩網,2025-02-11,78.9,-5.3999999999999915,-6.41%,3.2299999999999995,,48.45,58.14,67.83,77.52,87.21,96.9,ShowDailyK_ChartFlow,FinMind_API_TaiwanStockPrice_7547,True,2026-09-25T07:02:02,2026-09-25T07:02:02,2026-09-25T07:02:02
7547,碩網,2025-02-12,79.3,0.3999999999999915,0.51%,3.2299999999999995,,48.45,58.14,67.83,77.52,87.21,96.9,ShowDailyK_ChartFlow,FinMind_API_TaiwanStockPrice_7547,True,2026-09-25T07:02:02,2026-09-25T07:02:02,2026-09-25T07:02:02
7547,碩網,2025-02-13,79.2,-0.09999999999999432,-0.13%,3.2299999999999995,,48.45,58.14,67.83,77.52,87.21,96.9,ShowDailyK_ChartFlow,FinMind_API_TaiwanStockPrice_7547,True,2026-09-25T07:02:02,2026-09-25T07:02:02,2026-09-25T07:02:02
7547,碩網,2025-02-14,78.5,-0.7000000000000028,-0.88%,3.2299999999999995,,48.45,58.14,67.83,77.52,87.21,96.9,ShowDailyK_ChartFlow,FinMind_API_TaiwanStockPrice_7547,True,2026-09-25T07:02:02,2026-09-25T07:02:02,2026-09-25T07:02:02
7547,碩網,2025-02-17,77.5,-1.0,-1.27%,3.2299999999999995,,48.45,58.14,67.83,77.52,87.21,96.9,ShowDailyK_ChartFlow,FinMind_API_TaiwanStockPrice_7547,True,2026-09-25T07:02:02,2026-09-25T07:02:02,2026-09-25T07:02:02
7547,碩網,2025-02-18,76.8,-0.7000000000000028,-0.90%,3.2299999999999995,,48.45,58.14,67.83,77.52,87.21,96.9,ShowDailyK_ChartFlow,FinMind_API_TaiwanStockPrice_7547,True,2026-09-25T07:02:02,2026-09-25T07:02:02,2026-09-25T07:02:02
7547,碩網,2025-02-19,76.9,0.10000000000000853,0.13%,3.2299999999999995,,48.45,58.14,67.83,77.52,87.21,96.9,ShowDailyK_ChartFlow,FinMind_API_TaiwanStockPrice_7547,True,2026-09-25T07:02:02,2026-09-25T07:02:02,2026-09-25T07:02:02
7547,碩網,2025-02-20,78.0,1.0999999999999943,1.43%,3.2299999999999995,,48.45,58.14,67.83,77.52,87.21,96.9,ShowDailyK_ChartFlow,FinMind_API_TaiwanStockPrice_7547,True,2026-09-25T07:02:02,2026-09-25T07:02:02,2026-09-25T07:02:02
7547,碩網,2025-02-21,77.9,-0.09999999999999432,-0.13%,3.2299999999999995,,48.45,58.14,67.83,77.52,87.21,96.9,ShowDailyK_ChartFlow,FinMind_API_TaiwanStockPrice_7547,True,2026-09-25T07:02:02,2026-09-25T07:02:02,2026-09-25T07:02:02
7547,碩網,2025-02-24,79.0,1.0999999999999943,1.41%,3.2299999999999995,,48.45,58.14,67.83,77.52,87.21,96.9,ShowDailyK_ChartFlow,FinMind_API_TaiwanStockPrice_7547,True,2026-09-25T07:02:02,2026-09-25T07:02:02,2026-09-25T07:02:02
7547,碩網,2025-02-25,79.7,0.7000000000000028,0.89%,3.2299999999999995,,48.45,58.14,67.83,77.52,87.21,96.9,ShowDailyK_ChartFlow,FinMind_API_TaiwanStockPrice_7547,True,2026-09-25T07:02:02,2026-09-25T07:02:02,2026-09-25T07:02:02
7547,碩網,2025-02-26,77.2,-2.5,-3.14%,3.2299999999999995,,48.45,58.14,67.83,77.52,87.21,96.9,ShowDailyK_ChartFlow,FinMind_API_TaiwanStockPrice_7547,True,2026-09-25T07:02:02,2026-09-25T07:02:02,2026-09-25T07:02:02
7547,碩網,2025-02-27,77.5,0.29999999999999716,0.39%,3.2299999999999995,,48.45,58.14,67.83,77.52,87.21,96.9,ShowDailyK_ChartFlow,FinMind_API_TaiwanStockPrice_7547,True,2026-09-25T07:02:02,2026-09-25T07:02:02,2026-09-25T07:02:02
7547,碩網,2025-03-03,76.0,-1.5,-1.94%,3.2299999999999995,,48.45,58.14,67.83,77.52,87.21,96.9,ShowDailyK_ChartFlow,FinMind_API_TaiwanStockPrice_7547,True,2026-09-25T07:02:02,2026-09-25T07:02:02,2026-09-25T07:02:02
7547,碩網,2025-03-04,77.5,1.5,1.97%,3.2299999999999995,,48.45,58.14,67.83,77.52,87.21,96.9,ShowDailyK_ChartFlow,FinMind_API_TaiwanStockPrice_7547,True,2026-09-25T07:02:02,2026-09-25T07:02:02,2026-09-25T07:02:02
7547,碩網,2025-03-05,77.3,-0.20000000000000284,-0.26%,3.2299999999999995,,48.45,58.14,67.83,77.52,87.21,96.9,ShowDailyK_ChartFlow,FinMind_API_TaiwanStockPrice_7547,True,2026-09-25T07:02:02,2026-09-25T07:02:02,2026-09-25T07:02:02
7547,碩網,2025-03-06,76.0,-1.2999999999999972,-1.68%,3.2299999999999995,,48.45,58.14,67.83,77.52,87.21,96.9,ShowDailyK_ChartFlow,FinMind_API_TaiwanStockPrice_7547,True,2026-09-25T07:02:02,2026-09-25T07:02:02,2026-09-25T07:02:02
7547,碩網,2025-03-07,75.1,-0.9000000000000057,-1.18%,3.2299999999999995,,48.45,58.14,67.83,77.52,87.21,96.9,ShowDailyK_ChartFlow,FinMind_API_TaiwanStockPrice_7547,True,2026-09-25T07:02:02,2026-09-25T07:02:02,2026-09-25T07:02:02
7547,碩網,2025-03-10,76.0,0.9000000000000057,1.20%,3.2299999999999995,,48.45,58.14,67.83,77.52,87.21,96.9,ShowDailyK_ChartFlow,FinMind_API_TaiwanStockPrice_7547,True,2026-09-25T07:02:02,2026-09-25T07:02:02,2026-09-25T07:02:02
7547,碩網,2025-03-11,73.7,-2.299999999999997,-3.03%,3.2299999999999995,,48.45,58.14,67.83,77.52,87.21,96.9,ShowDailyK_ChartFlow,FinMind_API_TaiwanStockPrice_7547,True,2026-09-25T07:02:02,2026-09-25T07:02:02,2026-09-25T07:02:02
7547,碩網,2025-03-12,76.2,2.5,3.39%,3.2299999999999995,,48.45,58.14,67.83,77.52,87.21,96.9,ShowDailyK_ChartFlow,FinMind_API_TaiwanStockPrice_7547,True,2026-09-25T07:02:02,2026-09-25T07:02:02,2026-09-25T07:02:02
7547,碩網,2025-03-13,74.4,-1.7999999999999972,-2.36%,3.2299999999999995,,48.45,58.14,67.83,77.52,87.21,96.9,ShowDailyK_ChartFlow,FinMind_API_TaiwanStockPrice_7547,True,2026-09-25T07:02:02,2026-09-25T07:02:02,2026-09-25T07:02:02
7547,碩網,2025-03-14,72.7,-1.7000000000000028,-2.28%,3.2299999999999995,,48.45,58.14,67.83,77.52,87.21,96.9,ShowDailyK_ChartFlow,FinMind_API_TaiwanStockPrice_7547,True,2026-09-25T07:02:02,2026-09-25T07:02:02,2026-09-25T07:02:02
7547,碩網,2025-03-17,72.6,-0.10000000000000853,-0.14%,3.2299999999999995,,48.45,58.14,67.83,77.52,87.21,96.9,ShowDailyK_ChartFlow,FinMind_API_TaiwanStockPrice_7547,True,2026-09-25T07:02:02,2026-09-25T07:02:02,2026-09-25T07:02:02
7547,碩網,2025-03-18,74.5,1.9000000000000057,2.62%,3.2299999999999995,,48.45,58.14,67.83,77.52,87.21,96.9,ShowDailyK_ChartFlow,FinMind_API_TaiwanStockPrice_7547,True,2026-09-25T07:02:02,2026-09-25T07:02:02,2026-09-25T07:02:02
7547,碩網,2025-03-19,71.8,-2.700000000000003,-3.62%,3.2299999999999995,,48.45,58.14,67.83,77.52,87.21,96.9,ShowDailyK_ChartFlow,FinMind_API_TaiwanStockPrice_7547,True,2026-09-25T07:02:02,2026-09-25T07:02:02,2026-09-25T07:02:02
7547,碩網,2025-03-20,72.6,0.7999999999999972,1.11%,3.2299999999999995,,48.45,58.14,67.83,77.52,87.21,96.9,ShowDailyK_ChartFlow,FinMind_API_TaiwanStockPrice_7547,True,2026-09-25T07:02:02,2026-09-25T07:02:02,2026-09-25T07:02:02
7547,碩網,2025-03-21,73.8,1.2000000000000028,1.65%,3.2299999999999995,,48.45,58.14,67.83,77.52,87.21,96.9,ShowDailyK_ChartFlow,FinMind_API_TaiwanStockPrice_7547,True,2026-09-25T07:02:02,2026-09-25T07:02:02,2026-09-25T07:02:02
7547,碩網,2025-03-24,72.0,-1.7999999999999972,-2.44%,3.2299999999999995,,48.45,58.14,67.83,77.52,87.21,96.9,ShowDailyK_ChartFlow,FinMind_API_TaiwanStockPrice_7547,True,2026-09-25T07:02:02,2026-09-25T07:02:02,2026-09-25T07:02:02
7547,碩網,2025-03-25,73.5,1.5,2.08%,3.2299999999999995,,48.45,58.14,67.83,77.52,87.21,96.9,ShowDailyK_ChartFlow,FinMind_API_TaiwanStockPrice_7547,True,2026-09-25T07:02:02,2026-09-25T07:02:02,2026-09-25T07:02:02
7547,碩網,2025-03-26,74.5,1.0,1.36%,3.2299999999999995,,48.45,58.14,67.83,77.52,87.21,96.9,ShowDailyK_ChartFlow,FinMind_API_TaiwanStockPrice_7547,True,2026-09-25T07:02:02,2026-09-25T07:02:02,2026-09-25T07:02:02
7547,碩網,2025-03-27,74.8,0.29999999999999716,0.40%,3.2299999999999995,,48.45,58.14,67.83,77.52,87.21,96.9,ShowDailyK_ChartFlow,FinMind_API_TaiwanStockPrice_7547,True,2026-09-25T07:02:02,2026-09-25T07:02:02,2026-09-25T07:02:02
7547,碩網,2025-03-28,71.8,-3.0,-4.01%,3.2299999999999995,,48.45,58.14,67.83,77.52,87.21,96.9,ShowDailyK_ChartFlow,FinMind_API_TaiwanStockPrice_7547,True,2026-09-25T07:02:02,2026-09-25T07:02:02,2026-09-25T07:02:02
7547,碩網,2025-03-31,69.0,-2.799999999999997,-3.90%,2.44,,36.6,43.92,51.24,58.56,65.88,73.2,ShowDailyK_ChartFlow,FinMind_API_TaiwanStockPrice_7547,True,2026-09-25T07:02:02,2026-09-25T07:02:02,2026-09-25T07:02:02
7547,碩網,2025-04-01,71.5,2.5,3.62%,2.44,,36.6,43.92,51.24,58.56,65.88,73.2,ShowDailyK_ChartFlow,FinMind_API_TaiwanStockPrice_7547,True,2026-09-25T07:02:02,2026-09-25T07:02:02,2026-09-25T07:02:02
7547,碩網,2025-04-02,71.9,0.4000000000000057,0.56%,2.44,,36.6,43.92,51.24,58.56,65.88,73.2,ShowDailyK_ChartFlow,FinMind_API_TaiwanStockPrice_7547,True,2026-09-25T07:02:02,2026-09-25T07:02:02,2026-09-25T07:02:02
7547,碩網,2025-04-07,59.0,-12.900000000000006,-17.94%,2.44,,36.6,43.92,51.24,58.56,65.88,73.2,ShowDailyK_ChartFlow,FinMind_API_TaiwanStockPrice_7547,True,2026-09-25T07:02:02,2026-09-25T07:02:02,2026-09-25T07:02:02
7547,碩網,2025-04-08,55.9,-3.1000000000000014,-5.25%,2.44,,36.6,43.92,51.24,58.56,65.88,73.2,ShowDailyK_ChartFlow,FinMind_API_TaiwanStockPrice_7547,True,2026-09-25T07:02:02,2026-09-25T07:02:02,2026-09-25T07:02:02
7547,碩網,2025-04-09,45.9,-10.0,-17.89%,2.44,,36.6,43.92,51.24,58.56,65.88,73.2,ShowDailyK_ChartFlow,FinMind_API_TaiwanStockPrice_7547,True,2026-09-25T07:02:02,2026-09-25T07:02:02,2026-09-25T07:02:02
7547,碩網,2025-04-10,55.1,9.200000000000003,20.04%,2.44,,36.6,43.92,51.24,58.56,65.88,73.2,ShowDailyK_ChartFlow,FinMind_API_TaiwanStockPrice_7547,True,2026-09-25T07:02:02,2026-09-25T07:02:02,2026-09-25T07:02:02
7547,碩網,2025-04-11,53.0,-2.1000000000000014,-3.81%,2.44,,36.6,43.92,51.24,58.56,65.88,73.2,ShowDailyK_ChartFlow,FinMind_API_TaiwanStockPrice_7547,True,2026-09-25T07:02:02,2026-09-25T07:02:02,2026-09-25T07:02:02
7547,碩網,2025-04-14,53.8,0.7999999999999972,1.51%,2.44,,36.6,43.92,51.24,58.56,65.88,73.2,ShowDailyK_ChartFlow,FinMind_API_TaiwanStockPrice_7547,True,2026-09-25T07:02:02,2026-09-25T07:02:02,2026-09-25T07:02:02
7547,碩網,2025-04-15,54.7,0.9000000000000057,1.67%,2.44,,36.6,43.92,51.24,58.56,65.88,73.2,ShowDailyK_ChartFlow,FinMind_API_TaiwanStockPrice_7547,True,2026-09-25T07:02:02,2026-09-25T07:02:02,2026-09-25T07:02:02
7547,碩網,2025-04-16,54.0,-0.7000000000000028,-1.28%,2.44,,36.6,43.92,51.24,58.56,65.88,73.2,ShowDailyK_ChartFlow,FinMind_API_TaiwanStockPrice_7547,True,2026-09-25T07:02:02,2026-09-25T07:02:02,2026-09-25T07:02:02
7547,碩網,2025-04-17,54.4,0.3999999999999986,0.74%,2.44,,36.6,43.92,51.24,58.56,65.88,73.2,ShowDailyK_ChartFlow,FinMind_API_TaiwanStockPrice_7547,True,2026-09-25T07:02:02,2026-09-25T07:02:02,2026-09-25T07:02:02
7547,碩網,2025-04-18,54.9,0.5,0.92%,2.44,,36.6,43.92,51.24,58.56,65.88,73.2,ShowDailyK_ChartFlow,FinMind_API_TaiwanStockPrice_7547,True,2026-09-25T07:02:02,2026-09-25T07:02:02,2026-09-25T07:02:02
7547,碩網,2025-04-21,53.2,-1.6999999999999957,-3.10%,2.44,,36.6,43.92,51.24,58.56,65.88,73.2,ShowDailyK_ChartFlow,FinMind_API_TaiwanStockPrice_7547,True,2026-09-25T07:02:02,2026-09-25T07:02:02,2026-09-25T07:02:02
7547,碩網,2025-04-22,53.0,-0.20000000000000284,-0.38%,2.44,,36.6,43.92,51.24,58.56,65.88,73.2,ShowDailyK_ChartFlow,FinMind_API_TaiwanStockPrice_7547,True,2026-09-25T07:02:02,2026-09-25T07:02:02,2026-09-25T07:02:02
7547,碩網,2025-04-23,55.0,2.0,3.77%,2.44,,36.6,43.92,51.24,58.56,65.88,73.2,ShowDailyK_ChartFlow,FinMind_API_TaiwanStockPrice_7547,True,2026-09-25T07:02:02,2026-09-25T07:02:02,2026-09-25T07:02:02
7547,碩網,2025-04-24,55.0,0.0,0.00%,2.44,,36.6,43.92,51.24,58.56,65.88,73.2,ShowDailyK_ChartFlow,FinMind_API_TaiwanStockPrice_7547,True,2026-09-25T07:02:02,2026-09-25T07:02:02,2026-09-25T07:02:02
7547,碩網,2025-04-25,57.8,2.799999999999997,5.09%,2.44,,36.6,43.92,51.24,58.56,65.88,73.2,ShowDailyK_ChartFlow,FinMind_API_TaiwanStockPrice_7547,True,2026-09-25T07:02:02,2026-09-25T07:02:02,2026-09-25T07:02:02
7547,碩網,2025-04-28,67.0,9.200000000000003,15.92%,2.44,,36.6,43.92,51.24,58.56,65.88,73.2,ShowDailyK_ChartFlow,FinMind_API_TaiwanStockPrice_7547,True,2026-09-25T07:02:02,2026-09-25T07:02:02,2026-09-25T07:02:02
7547,碩網,2025-04-29,62.5,-4.5,-6.72%,2.44,,36.6,43.92,51.24,58.56,65.88,73.2,ShowDailyK_ChartFlow,FinMind_API_TaiwanStockPrice_7547,True,2026-09-25T07:02:02,2026-09-25T07:02:02,2026-09-25T07:02:02
7547,碩網,2025-04-30,62.8,0.29999999999999716,0.48%,2.44,,36.6,43.92,51.24,58.56,65.88,73.2,ShowDailyK_ChartFlow,FinMind_API_TaiwanStockPrice_7547,True,2026-09-25T07:02:02,2026-09-25T07:02:02,2026-09-25T07:02:02
7547,碩網,2025-05-02,61.3,-1.5,-2.39%,2.44,,36.6,43.92,51.24,58.56,65.88,73.2,ShowDailyK_ChartFlow,FinMind_API_TaiwanStockPrice_7547,True,2026-09-25T07:02:02,2026-09-25T07:02:02,2026-09-25T07:02:02
7547,碩網,2025-05-05,59.4,-1.8999999999999986,-3.10%,2.44,,36.6,43.92,51.24,58.56,65.88,73.2,ShowDailyK_ChartFlow,FinMind_API_TaiwanStockPrice_7547,True,2026-09-25T07:02:02,2026-09-25T07:02:02,2026-09-25T07:02:02
7547,碩網,2025-05-06,59.6,0.20000000000000284,0.34%,2.44,,36.6,43.92,51.24,58.56,65.88,73.2,ShowDailyK_ChartFlow,FinMind_API_TaiwanStockPrice_7547,True,2026-09-25T07:02:02,2026-09-25T07:02:02,2026-09-25T07:02:02
7547,碩網,2025-05-07,59.6,0.0,0.00%,2.44,,36.6,43.92,51.24,58.56,65.88,73.2,ShowDailyK_ChartFlow,FinMind_API_TaiwanStockPrice_7547,True,2026-09-25T07:02:02,2026-09-25T07:02:02,2026-09-25T07:02:02
7547,碩網,2025-05-08,59.6,0.0,0.00%,2.44,,36.6,43.92,51.24,58.56,65.88,73.2,ShowDailyK_ChartFlow,FinMind_API_TaiwanStockPrice_7547,True,2026-09-25T07:02:02,2026-09-25T07:02:02,2026-09-25T07:02:02
7547,碩網,2025-05-09,58.7,-0.8999999999999986,-1.51%,2.44,,36.6,43.92,51.24,58.56,65.88,73.2,ShowDailyK_ChartFlow,FinMind_API_TaiwanStockPrice_7547,True,2026-09-25T07:02:02,2026-09-25T07:02:02,2026-09-25T07:02:02
7547,碩網,2025-05-12,60.3,1.5999999999999943,2.73%,2.44,,36.6,43.92,51.24,58.56,65.88,73.2,ShowDailyK_ChartFlow,FinMind_API_TaiwanStockPrice_7547,True,2026-09-25T07:02:02,2026-09-25T07:02:02,2026-09-25T07:02:02
7547,碩網,2025-05-13,61.0,0.7000000000000028,1.16%,2.44,,36.6,43.92,51.24,58.56,65.88,73.2,ShowDailyK_ChartFlow,FinMind_API_TaiwanStockPrice_7547,True,2026-09-25T07:02:02,2026-09-25T07:02:02,2026-09-25T07:02:02
7547,碩網,2025-05-14,62.0,1.0,1.64%,2.44,,36.6,43.92,51.24,58.56,65.88,73.2,ShowDailyK_ChartFlow,FinMind_API_TaiwanStockPrice_7547,True,2026-09-25T07:02:02,2026-09-25T07:02:02,2026-09-25T07:02:02
7547,碩網,2025-05-15,63.9,1.8999999999999986,3.06%,2.44,,36.6,43.92,51.24,58.56,65.88,73.2,ShowDailyK_ChartFlow,FinMind_API_TaiwanStockPrice_7547,True,2026-09-25T07:02:02,2026-09-25T07:02:02,2026-09-25T07:02:02
7547,碩網,2025-05-16,63.8,-0.10000000000000142,-0.16%,2.44,,36.6,43.92,51.24,58.56,65.88,73.2,ShowDailyK_ChartFlow,FinMind_API_TaiwanStockPrice_7547,True,2026-09-25T07:02:02,2026-09-25T07:02:02,2026-09-25T07:02:02
7547,碩網,2025-05-19,65.0,1.2000000000000028,1.88%,2.44,,36.6,43.92,51.24,58.56,65.88,73.2,ShowDailyK_ChartFlow,FinMind_API_TaiwanStockPrice_7547,True,2026-09-25T07:02:02,2026-09-25T07:02:02,2026-09-25T07:02:02
7547,碩網,2025-05-20,67.2,2.200000000000003,3.38%,2.44,,36.6,43.92,51.24,58.56,65.88,73.2,ShowDailyK_ChartFlow,FinMind_API_TaiwanStockPrice_7547,True,2026-09-25T07:02:02,2026-09-25T07:02:02,2026-09-25T07:02:02
7547,碩網,2025-05-21,66.8,-0.4000000000000057,-0.60%,2.44,,36.6,43.92,51.24,58.56,65.88,73.2,ShowDailyK_ChartFlow,FinMind_API_TaiwanStockPrice_7547,True,2026-09-25T07:02:02,2026-09-25T07:02:02,2026-09-25T07:02:02
7547,碩網,2025-05-22,64.4,-2.3999999999999915,-3.59%,2.44,,36.6,43.92,51.24,58.56,65.88,73.2,ShowDailyK_ChartFlow,FinMind_API_TaiwanStockPrice_7547,True,2026-09-25T07:02:02,2026-09-25T07:02:02,2026-09-25T07:02:02
7547,碩網,2025-05-23,62.3,-2.1000000000000085,-3.26%,2.44,,36.6,43.92,51.24,58.56,65.88,73.2,ShowDailyK_ChartFlow,FinMind_API_TaiwanStockPrice_7547,True,2026-09-25T07:02:02,2026-09-25T07:02:02,2026-09-25T07:02:02
7547,碩網,2025-05-26,64.0,1.7000000000000028,2.73%,2.44,,36.6,43.92,51.24,58.56,65.88,73.2,ShowDailyK_ChartFlow,FinMind_API_TaiwanStockPrice_7547,True,2026-09-25T07:02:02,2026-09-25T07:02:02,2026-09-25T07:02:02
7547,碩網,2025-05-27,61.8,-2.200000000000003,-3.44%,2.44,,36.6,43.92,51.24,58.56,65.88,73.2,ShowDailyK_ChartFlow,FinMind_API_TaiwanStockPrice_7547,True,2026-09-25T07:02:02,2026-09-25T07:02:02,2026-09-25T07:02:02
7547,碩網,2025-05-28,61.2,-0.5999999999999943,-0.97%,2.44,,36.6,43.92,51.24,58.56,65.88,73.2,ShowDailyK_ChartFlow,FinMind_API_TaiwanStockPrice_7547,True,2026-09-25T07:02:02,2026-09-25T07:02:02,2026-09-25T07:02:02
7547,碩網,2025-05-29,64.5,3.299999999999997,5.39%,2.44,,36.6,43.92,51.24,58.56,65.88,73.2,ShowDailyK_ChartFlow,FinMind_API_TaiwanStockPrice_7547,True,2026-09-25T07:02:02,2026-09-25T07:02:02,2026-09-25T07:02:02
7547,碩網,2025-06-02,75.7,11.200000000000003,17.36%,2.44,,36.6,43.92,51.24,58.56,65.88,73.2,ShowDailyK_ChartFlow,FinMind_API_TaiwanStockPrice_7547,True,2026-09-25T07:02:02,2026-09-25T07:02:02,2026-09-25T07:02:02
7547,碩網,2025-06-03,70.9,-4.799999999999997,-6.34%,2.44,,36.6,43.92,51.24,58.56,65.88,73.2,ShowDailyK_ChartFlow,FinMind_API_TaiwanStockPrice_7547,True,2026-09-25T07:02:02,2026-09-25T07:02:02,2026-09-25T07:02:02
7547,碩網,2025-06-04,70.7,-0.20000000000000284,-0.28%,2.44,,36.6,43.92,51.24,58.56,65.88,73.2,ShowDailyK_ChartFlow,FinMind_API_TaiwanStockPrice_7547,True,2026-09-25T07:02:02,2026-09-25T07:02:02,2026-09-25T07:02:02
7547,碩網,2025-06-05,73.8,3.0999999999999943,4.38%,2.44,,36.6,43.92,51.24,58.56,65.88,73.2,ShowDailyK_ChartFlow,FinMind_API_TaiwanStockPrice_7547,True,2026-09-25T07:02:02,2026-09-25T07:02:02,2026-09-25T07:02:02
7547,碩網,2025-06-06,83.3,9.5,12.87%,2.44,,36.6,43.92,51.24,58.56,65.88,73.2,ShowDailyK_ChartFlow,FinMind_API_TaiwanStockPrice_7547,True,2026-09-25T07:02:02,2026-09-25T07:02:02,2026-09-25T07:02:02
7547,碩網,2025-06-09,88.2,4.900000000000006,5.88%,2.44,,36.6,43.92,51.24,58.56,65.88,73.2,ShowDailyK_ChartFlow,FinMind_API_TaiwanStockPrice_7547,True,2026-09-25T07:02:02,2026-09-25T07:02:02,2026-09-25T07:02:02
7547,碩網,2025-06-10,80.0,-8.200000000000003,-9.30%,2.44,,36.6,43.92,51.24,58.56,65.88,73.2,ShowDailyK_ChartFlow,FinMind_API_TaiwanStockPrice_7547,True,2026-09-25T07:02:02,2026-09-25T07:02:02,2026-09-25T07:02:02
7547,碩網,2025-06-11,82.7,2.700000000000003,3.38%,2.44,,36.6,43.92,51.24,58.56,65.88,73.2,ShowDailyK_ChartFlow,FinMind_API_TaiwanStockPrice_7547,True,2026-09-25T07:02:02,2026-09-25T07:02:02,2026-09-25T07:02:02
7547,碩網,2025-06-12,84.3,1.5999999999999943,1.93%,2.44,,36.6,43.92,51.24,58.56,65.88,73.2,ShowDailyK_ChartFlow,FinMind_API_TaiwanStockPrice_7547,True,2026-09-25T07:02:02,2026-09-25T07:02:02,2026-09-25T07:02:02
7547,碩網,2025-06-13,81.1,-3.200000000000003,-3.80%,2.44,,36.6,43.92,51.24,58.56,65.88,73.2,ShowDailyK_ChartFlow,FinMind_API_TaiwanStockPrice_7547,True,2026-09-25T07:02:02,2026-09-25T07:02:02,2026-09-25T07:02:02
7547,碩網,2025-06-16,82.3,1.2000000000000028,1.48%,2.44,,36.6,43.92,51.24,58.56,65.88,73.2,ShowDailyK_ChartFlow,FinMind_API_TaiwanStockPrice_7547,True,2026-09-25T07:02:02,2026-09-25T07:02:02,2026-09-25T07:02:02
7547,碩網,2025-06-17,82.6,0.29999999999999716,0.36%,2.44,,36.6,43.92,51.24,58.56,65.88,73.2,ShowDailyK_ChartFlow,FinMind_API_TaiwanStockPrice_7547,True,2026-09-25T07:02:02,2026-09-25T07:02:02,2026-09-25T07:02:02
7547,碩網,2025-06-18,84.1,1.5,1.82%,2.44,,36.6,43.92,51.24,58.56,65.88,73.2,ShowDailyK_ChartFlow,FinMind_API_TaiwanStockPrice_7547,True,2026-09-25T07:02:02,2026-09-25T07:02:02,2026-09-25T07:02:02
7547,碩網,2025-06-19,90.2,6.1000000000000085,7.25%,2.44,,36.6,43.92,51.24,58.56,65.88,73.2,ShowDailyK_ChartFlow,FinMind_API_TaiwanStockPrice_7547,True,2026-09-25T07:02:02,2026-09-25T07:02:02,2026-09-25T07:02:02
7547,碩網,2025-06-20,90.0,-0.20000000000000284,-0.22%,2.44,,36.6,43.92,51.24,58.56,65.88,73.2,ShowDailyK_ChartFlow,FinMind_API_TaiwanStockPrice_7547,True,2026-09-25T07:02:02,2026-09-25T07:02:02,2026-09-25T07:02:02
7547,碩網,2025-06-23,90.0,0.0,0.00%,2.44,,36.6,43.92,51.24,58.56,65.88,73.2,ShowDailyK_ChartFlow,FinMind_API_TaiwanStockPrice_7547,True,2026-09-25T07:02:02,2026-09-25T07:02:02,2026-09-25T07:02:02
7547,碩網,2025-06-24,91.0,1.0,1.11%,2.44,,36.6,43.92,51.24,58.56,65.88,73.2,ShowDailyK_ChartFlow,FinMind_API_TaiwanStockPrice_7547,True,2026-09-25T07:02:02,2026-09-25T07:02:02,2026-09-25T07:02:02
7547,碩網,2025-06-25,94.9,3.9000000000000057,4.29%,2.44,,36.6,43.92,51.24,58.56,65.88,73.2,ShowDailyK_ChartFlow,FinMind_API_TaiwanStockPrice_7547,True,2026-09-25T07:02:02,2026-09-25T07:02:02,2026-09-25T07:02:02
7547,碩網,2025-06-26,92.1,-2.8000000000000114,-2.95%,2.44,,36.6,43.92,51.24,58.56,65.88,73.2,ShowDailyK_ChartFlow,FinMind_API_TaiwanStockPrice_7547,True,2026-09-25T07:02:02,2026-09-25T07:02:02,2026-09-25T07:02:02
7547,碩網,2025-06-27,90.3,-1.7999999999999972,-1.95%,2.44,,36.6,43.92,51.24,58.56,65.88,73.2,ShowDailyK_ChartFlow,FinMind_API_TaiwanStockPrice_7547,True,2026-09-25T07:02:02,2026-09-25T07:02:02,2026-09-25T07:02:02
7547,碩網,2025-06-30,90.0,-0.29999999999999716,-0.33%,2.3499999999999996,,35.25,42.3,49.35,56.4,63.45,70.5,ShowDailyK_ChartFlow,FinMind_API_TaiwanStockPrice_7547,True,2026-09-25T07:02:02,2026-09-25T07:02:02,2026-09-25T07:02:02
7547,碩網,2025-07-01,92.3,2.299999999999997,2.56%,2.3499999999999996,,35.25,42.3,49.35,56.4,63.45,70.5,ShowDailyK_ChartFlow,FinMind_API_TaiwanStockPrice_7547,True,2026-09-25T07:02:02,2026-09-25T07:02:02,2026-09-25T07:02:02
7547,碩網,2025-07-02,98.5,6.200000000000003,6.72%,2.3499999999999996,,35.25,42.3,49.35,56.4,63.45,70.5,ShowDailyK_ChartFlow,FinMind_API_TaiwanStockPrice_7547,True,2026-09-25T07:02:02,2026-09-25T07:02:02,2026-09-25T07:02:02
7547,碩網,2025-07-03,108.5,10.0,10.15%,2.3499999999999996,,35.25,42.3,49.35,56.4,63.45,70.5,ShowDailyK_ChartFlow,FinMind_API_TaiwanStockPrice_7547,True,2026-09-25T07:02:02,2026-09-25T07:02:02,2026-09-25T07:02:02
7547,碩網,2025-07-04,117.5,9.0,8.29%,2.3499999999999996,,35.25,42.3,49.35,56.4,63.45,70.5,ShowDailyK_ChartFlow,FinMind_API_TaiwanStockPrice_7547,True,2026-09-25T07:02:02,2026-09-25T07:02:02,2026-09-25T07:02:02
7547,碩網,2025-07-07,108.5,-9.0,-7.66%,2.3499999999999996,,35.25,42.3,49.35,56.4,63.45,70.5,ShowDailyK_ChartFlow,FinMind_API_TaiwanStockPrice_7547,True,2026-09-25T07:02:02,2026-09-25T07:02:02,2026-09-25T07:02:02
7547,碩網,2025-07-08,105.5,-3.0,-2.76%,2.3499999999999996,,35.25,42.3,49.35,56.4,63.45,70.5,ShowDailyK_ChartFlow,FinMind_API_TaiwanStockPrice_7547,True,2026-09-25T07:02:02,2026-09-25T07:02:02,2026-09-25T07:02:02
7547,碩網,2025-07-09,112.0,6.5,6.16%,2.3499999999999996,,35.25,42.3,49.35,56.4,63.45,70.5,ShowDailyK_ChartFlow,FinMind_API_TaiwanStockPrice_7547,True,2026-09-25T07:02:02,2026-09-25T07:02:02,2026-09-25T07:02:02
7547,碩網,2025-07-10,106.5,-5.5,-4.91%,2.3499999999999996,,35.25,42.3,49.35,56.4,63.45,70.5,ShowDailyK_ChartFlow,FinMind_API_TaiwanStockPrice_7547,True,2026-09-25T07:02:02,2026-09-25T07:02:02,2026-09-25T07:02:02
7547,碩網,2025-07-11,104.0,-2.5,-2.35%,2.3499999999999996,,35.25,42.3,49.35,56.4,63.45,70.5,ShowDailyK_ChartFlow,FinMind_API_TaiwanStockPrice_7547,True,2026-09-25T07:02:02,2026-09-25T07:02:02,2026-09-25T07:02:02
7547,碩網,2025-07-14,113.5,9.5,9.13%,2.3499999999999996,,35.25,42.3,49.35,56.4,63.45,70.5,ShowDailyK_ChartFlow,FinMind_API_TaiwanStockPrice_7547,True,2026-09-25T07:02:02,2026-09-25T07:02:02,2026-09-25T07:02:02
7547,碩網,2025-07-15,113.5,0.0,0.00%,2.3499999999999996,,35.25,42.3,49.35,56.4,63.45,70.5,ShowDailyK_ChartFlow,FinMind_API_TaiwanStockPrice_7547,True,2026-09-25T07:02:02,2026-09-25T07:02:02,2026-09-25T07:02:02
7547,碩網,2025-07-16,105.0,-8.5,-7.49%,2.3499999999999996,,35.25,42.3,49.35,56.4,63.45,70.5,ShowDailyK_ChartFlow,FinMind_API_TaiwanStockPrice_7547,True,2026-09-25T07:02:02,2026-09-25T07:02:02,2026-09-25T07:02:02
7547,碩網,2025-07-17,105.0,0.0,0.00%,2.3499999999999996,,35.25,42.3,49.35,56.4,63.45,70.5,ShowDailyK_ChartFlow,FinMind_API_TaiwanStockPrice_7547,True,2026-09-25T07:02:02,2026-09-25T07:02:02,2026-09-25T07:02:02
7547,碩網,2025-07-18,120.5,15.5,14.76%,2.3499999999999996,,35.25,42.3,49.35,56.4,63.45,70.5,ShowDailyK_ChartFlow,FinMind_API_TaiwanStockPrice_7547,True,2026-09-25T07:02:02,2026-09-25T07:02:02,2026-09-25T07:02:02
7547,碩網,2025-07-21,118.5,-2.0,-1.66%,2.3499999999999996,,35.25,42.3,49.35,56.4,63.45,70.5,ShowDailyK_ChartFlow,FinMind_API_TaiwanStockPrice_7547,True,2026-09-25T07:02:02,2026-09-25T07:02:02,2026-09-25T07:02:02
7547,碩網,2025-07-22,114.5,-4.0,-3.38%,2.3499999999999996,,35.25,42.3,49.35,56.4,63.45,70.5,ShowDailyK_ChartFlow,FinMind_API_TaiwanStockPrice_7547,True,2026-09-25T07:02:02,2026-09-25T07:02:02,2026-09-25T07:02:02
7547,碩網,2025-07-23,115.0,0.5,0.44%,2.3499999999999996,,35.25,42.3,49.35,56.4,63.45,70.5,ShowDailyK_ChartFlow,FinMind_API_TaiwanStockPrice_7547,True,2026-09-25T07:02:02,2026-09-25T07:02:02,2026-09-25T07:02:02
7547,碩網,2025-07-24,114.0,-1.0,-0.87%,2.3499999999999996,,35.25,42.3,49.35,56.4,63.45,70.5,ShowDailyK_ChartFlow,FinMind_API_TaiwanStockPrice_7547,True,2026-09-25T07:02:02,2026-09-25T07:02:02,2026-09-25T07:02:02
7547,碩網,2025-07-25,114.0,0.0,0.00%,2.3499999999999996,,35.25,42.3,49.35,56.4,63.45,70.5,ShowDailyK_ChartFlow,FinMind_API_TaiwanStockPrice_7547,True,2026-09-25T07:02:02,2026-09-25T07:02:02,2026-09-25T07:02:02
7547,碩網,2025-07-28,120.0,6.0,5.26%,2.3499999999999996,,35.25,42.3,49.35,56.4,63.45,70.5,ShowDailyK_ChartFlow,FinMind_API_TaiwanStockPrice_7547,True,2026-09-25T07:02:02,2026-09-25T07:02:02,2026-09-25T07:02:02
7547,碩網,2025-07-29,116.5,-3.5,-2.92%,2.3499999999999996,51.1,35.25,42.3,49.35,56.4,63.45,70.5,ShowDailyK_ChartFlow,FinMind_API_TaiwanStockPrice_7547,True,2026-09-25T07:02:02,2026-09-25T07:02:02,2026-09-25T07:02:02
7547,碩網,2025-07-30,108.5,-8.0,-6.87%,2.3499999999999996,47.59,35.25,42.3,49.35,56.4,63.45,70.5,ShowDailyK_ChartFlow,FinMind_API_TaiwanStockPrice_7547,True,2026-09-25T07:02:02,2026-09-25T07:02:02,2026-09-25T07:02:02
7547,碩網,2025-07-31,111.5,3.0,2.76%,2.3499999999999996,48.9,35.25,42.3,49.35,56.4,63.45,70.5,ShowDailyK_ChartFlow,FinMind_API_TaiwanStockPrice_7547,True,2026-09-25T07:02:02,2026-09-25T07:02:02,2026-09-25T07:02:02
7547,碩網,2025-08-01,109.5,-2.0,-1.79%,2.3499999999999996,48.03,35.25,42.3,49.35,56.4,63.45,70.5,ShowDailyK_ChartFlow,FinMind_API_TaiwanStockPrice_7547,True,2026-09-25T07:02:02,2026-09-25T07:02:02,2026-09-25T07:02:02
7547,碩網,2025-08-04,116.0,6.5,5.94%,2.3499999999999996,50.88,35.25,42.3,49.35,56.4,63.45,70.5,ShowDailyK_ChartFlow,FinMind_API_TaiwanStockPrice_7547,True,2026-09-25T07:02:02,2026-09-25T07:02:02,2026-09-25T07:02:02
7547,碩網,2025-08-05,127.5,11.5,9.91%,2.3499999999999996,54.26,35.25,42.3,49.35,56.4,63.45,70.5,ShowDailyK_ChartFlow,FinMind_API_TaiwanStockPrice_7547,True,2026-09-25T07:02:02,2026-09-25T07:02:02,2026-09-25T07:02:02
7547,碩網,2025-08-06,140.0,12.5,9.80%,2.3499999999999996,59.57,35.25,42.3,49.35,56.4,63.45,70.5,ShowDailyK_ChartFlow,FinMind_API_TaiwanStockPrice_7547,True,2026-09-25T07:02:02,2026-09-25T07:02:02,2026-09-25T07:02:02
7547,碩網,2025-08-07,147.0,7.0,5.00%,2.3499999999999996,62.55,35.25,42.3,49.35,56.4,63.45,70.5,ShowDailyK_ChartFlow,FinMind_API_TaiwanStockPrice_7547,True,2026-09-25T07:02:02,2026-09-25T07:02:02,2026-09-25T07:02:02
7547,碩網,2025-08-08,144.0,-3.0,-2.04%,2.3499999999999996,61.28,35.25,42.3,49.35,56.4,63.45,70.5,ShowDailyK_ChartFlow,FinMind_API_TaiwanStockPrice_7547,True,2026-09-25T07:02:02,2026-09-25T07:02:02,2026-09-25T07:02:02
7547,碩網,2025-08-11,130.0,-14.0,-9.72%,2.3499999999999996,55.32,35.25,42.3,49.35,56.4,63.45,70.5,ShowDailyK_ChartFlow,FinMind_API_TaiwanStockPrice_7547,True,2026-09-25T07:02:02,2026-09-25T07:02:02,2026-09-25T07:02:02
7547,碩網,2025-08-12,133.0,3.0,2.31%,2.3499999999999996,56.6,35.25,42.3,49.35,56.4,63.45,70.5,ShowDailyK_ChartFlow,FinMind_API_TaiwanStockPrice_7547,True,2026-09-25T07:02:02,2026-09-25T07:02:02,2026-09-25T07:02:02
7547,碩網,2025-08-13,140.0,7.0,5.26%,2.3499999999999996,59.57,35.25,42.3,49.35,56.4,63.45,70.5,ShowDailyK_ChartFlow,FinMind_API_TaiwanStockPrice_7547,True,2026-09-25T07:02:02,2026-09-25T07:02:02,2026-09-25T07:02:02
7547,碩網,2025-08-14,132.0,-8.0,-5.71%,2.3499999999999996,56.17,35.25,42.3,49.35,56.4,63.45,70.5,ShowDailyK_ChartFlow,FinMind_API_TaiwanStockPrice_7547,True,2026-09-25T07:02:02,2026-09-25T07:02:02,2026-09-25T07:02:02
7547,碩網,2025-08-15,125.5,-6.5,-4.92%,2.3499999999999996,53.4,35.25,42.3,49.35,56.4,63.45,70.5,ShowDailyK_ChartFlow,FinMind_API_TaiwanStockPrice_7547,True,2026-09-25T07:02:02,2026-09-25T07:02:02,2026-09-25T07:02:02
7547,碩網,2025-08-18,121.0,-4.5,-3.59%,2.3499999999999996,51.49,35.25,42.3,49.35,56.4,63.45,70.5,ShowDailyK_ChartFlow,FinMind_API_TaiwanStockPrice_7547,True,2026-09-25T07:02:02,2026-09-25T07:02:02,2026-09-25T07:02:02
7547,碩網,2025-08-19,121.0,0.0,0.00%,2.3499999999999996,51.49,35.25,42.3,49.35,56.4,63.45,70.5,ShowDailyK_ChartFlow,FinMind_API_TaiwanStockPrice_7547,True,2026-09-25T07:02:02,2026-09-25T07:02:02,2026-09-25T07:02:02
7547,碩網,2025-08-20,119.0,-2.0,-1.65%,2.3499999999999996,50.64,35.25,42.3,49.35,56.4,63.45,70.5,ShowDailyK_ChartFlow,FinMind_API_TaiwanStockPrice_7547,True,2026-09-25T07:02:02,2026-09-25T07:02:02,2026-09-25T07:02:02
7547,碩網,2025-08-21,119.0,0.0,0.00%,2.3499999999999996,50.64,35.25,42.3,49.35,56.4,63.45,70.5,ShowDailyK_ChartFlow,FinMind_API_TaiwanStockPrice_7547,True,2026-09-25T07:02:02,2026-09-25T07:02:02,2026-09-25T07:02:02
7547,碩網,2025-08-22,123.0,4.0,3.36%,2.3499999999999996,52.34,35.25,42.3,49.35,56.4,63.45,70.5,ShowDailyK_ChartFlow,FinMind_API_TaiwanStockPrice_7547,True,2026-09-25T07:02:02,2026-09-25T07:02:02,2026-09-25T07:02:02
7547,碩網,2025-08-25,119.5,-3.5,-2.85%,2.3499999999999996,50.85,35.25,42.3,49.35,56.4,63.45,70.5,ShowDailyK_ChartFlow,FinMind_API_TaiwanStockPrice_7547,True,2026-09-25T07:02:02,2026-09-25T07:02:02,2026-09-25T07:02:02
7547,碩網,2025-08-26,120.0,0.5,0.42%,2.3499999999999996,51.06,35.25,42.3,49.35,56.4,63.45,70.5,ShowDailyK_ChartFlow,FinMind_API_TaiwanStockPrice_7547,True,2026-09-25T07:02:02,2026-09-25T07:02:02,2026-09-25T07:02:02
7547,碩網,2025-08-27,116.5,-3.5,-2.92%,2.3499999999999996,49.57,35.25,42.3,49.35,56.4,63.45,70.5,ShowDailyK_ChartFlow,FinMind_API_TaiwanStockPrice_7547,True,2026-09-25T07:02:02,2026-09-25T07:02:02,2026-09-25T07:02:02
7547,碩網,2025-08-28,115.5,-1.0,-0.86%,2.3499999999999996,49.15,35.25,42.3,49.35,56.4,63.45,70.5,ShowDailyK_ChartFlow,FinMind_API_TaiwanStockPrice_7547,True,2026-09-25T07:02:02,2026-09-25T07:02:02,2026-09-25T07:02:02
7547,碩網,2025-08-29,112.5,-3.0,-2.60%,2.3499999999999996,47.87,35.25,42.3,49.35,56.4,63.45,70.5,ShowDailyK_ChartFlow,FinMind_API_TaiwanStockPrice_7547,True,2026-09-25T07:02:02,2026-09-25T07:02:02,2026-09-25T07:02:02
7547,碩網,2025-09-01,105.0,-7.5,-6.67%,2.3499999999999996,44.68,35.25,42.3,49.35,56.4,63.45,70.5,ShowDailyK_ChartFlow,FinMind_API_TaiwanStockPrice_7547,True,2026-09-25T07:02:02,2026-09-25T07:02:02,2026-09-25T07:02:02
7547,碩網,2025-09-02,102.5,-2.5,-2.38%,2.3499999999999996,43.62,35.25,42.3,49.35,56.4,63.45,70.5,ShowDailyK_ChartFlow,FinMind_API_TaiwanStockPrice_7547,True,2026-09-25T07:02:02,2026-09-25T07:02:02,2026-09-25T07:02:02
7547,碩網,2025-09-03,100.5,-2.0,-1.95%,2.3499999999999996,42.77,35.25,42.3,49.35,56.4,63.45,70.5,ShowDailyK_ChartFlow,FinMind_API_TaiwanStockPrice_7547,True,2026-09-25T07:02:02,2026-09-25T07:02:02,2026-09-25T07:02:02
7547,碩網,2025-09-04,99.5,-1.0,-1.00%,2.3499999999999996,42.34,35.25,42.3,49.35,56.4,63.45,70.5,ShowDailyK_ChartFlow,FinMind_API_TaiwanStockPrice_7547,True,2026-09-25T07:02:02,2026-09-25T07:02:02,2026-09-25T07:02:02
7547,碩網,2025-09-05,99.0,-0.5,-0.50%,2.3499999999999996,42.13,35.25,42.3,49.35,56.4,63.45,70.5,ShowDailyK_ChartFlow,FinMind_API_TaiwanStockPrice_7547,True,2026-09-25T07:02:02,2026-09-25T07:02:02,2026-09-25T07:02:02
7547,碩網,2025-09-08,99.5,0.5,0.51%,2.3499999999999996,42.34,35.25,42.3,49.35,56.4,63.45,70.5,ShowDailyK_ChartFlow,FinMind_API_TaiwanStockPrice_7547,True,2026-09-25T07:02:02,2026-09-25T07:02:02,2026-09-25T07:02:02
7547,碩網,2025-09-09,98.5,-1.0,-1.01%,2.3499999999999996,41.91,35.25,42.3,49.35,56.4,63.45,70.5,ShowDailyK_ChartFlow,FinMind_API_TaiwanStockPrice_7547,True,2026-09-25T07:02:02,2026-09-25T07:02:02,2026-09-25T07:02:02
7547,碩網,2025-09-10,108.0,9.5,9.64%,2.3499999999999996,45.96,35.25,42.3,49.35,56.4,63.45,70.5,ShowDailyK_ChartFlow,FinMind_API_TaiwanStockPrice_7547,True,2026-09-25T07:02:02,2026-09-25T07:02:02,2026-09-25T07:02:02
7547,碩網,2025-09-11,103.0,-5.0,-4.63%,2.3499999999999996,43.83,35.25,42.3,49.35,56.4,63.45,70.5,ShowDailyK_ChartFlow,FinMind_API_TaiwanStockPrice_7547,True,2026-09-25T07:02:02,2026-09-25T07:02:02,2026-09-25T07:02:02
7547,碩網,2025-09-12,100.0,-3.0,-2.91%,2.3499999999999996,42.55,35.25,42.3,49.35,56.4,63.45,70.5,ShowDailyK_ChartFlow,FinMind_API_TaiwanStockPrice_7547,True,2026-09-25T07:02:02,2026-09-25T07:02:02,2026-09-25T07:02:02
7547,碩網,2025-09-15,98.1,-1.9000000000000057,-1.90%,2.3499999999999996,41.74,35.25,42.3,49.35,56.4,63.45,70.5,ShowDailyK_ChartFlow,FinMind_API_TaiwanStockPrice_7547,True,2026-09-25T07:02:02,2026-09-25T07:02:02,2026-09-25T07:02:02
7547,碩網,2025-09-16,98.6,0.5,0.51%,2.3499999999999996,41.96,35.25,42.3,49.35,56.4,63.45,70.5,ShowDailyK_ChartFlow,FinMind_API_TaiwanStockPrice_7547,True,2026-09-25T07:02:02,2026-09-25T07:02:02,2026-09-25T07:02:02
7547,碩網,2025-09-17,96.8,-1.7999999999999972,-1.83%,2.3499999999999996,41.19,35.25,42.3,49.35,56.4,63.45,70.5,ShowDailyK_ChartFlow,FinMind_API_TaiwanStockPrice_7547,True,2026-09-25T07:02:02,2026-09-25T07:02:02,2026-09-25T07:02:02
7547,碩網,2025-09-18,97.2,0.4000000000000057,0.41%,2.3499999999999996,41.36,35.25,42.3,49.35,56.4,63.45,70.5,ShowDailyK_ChartFlow,FinMind_API_TaiwanStockPrice_7547,True,2026-09-25T07:02:02,2026-09-25T07:02:02,2026-09-25T07:02:02
7547,碩網,2025-09-19,97.2,0.0,0.00%,2.3499999999999996,41.36,35.25,42.3,49.35,56.4,63.45,70.5,ShowDailyK_ChartFlow,FinMind_API_TaiwanStockPrice_7547,True,2026-09-25T07:02:02,2026-09-25T07:02:02,2026-09-25T07:02:02
7547,碩網,2025-09-22,97.5,0.29999999999999716,0.31%,2.3499999999999996,41.49,35.25,42.3,49.35,56.4,63.45,70.5,ShowDailyK_ChartFlow,FinMind_API_TaiwanStockPrice_7547,True,2026-09-25T07:02:02,2026-09-25T07:02:02,2026-09-25T07:02:02
7547,碩網,2025-09-23,97.0,-0.5,-0.51%,2.3499999999999996,41.28,35.25,42.3,49.35,56.4,63.45,70.5,ShowDailyK_ChartFlow,FinMind_API_TaiwanStockPrice_7547,True,2026-09-25T07:02:02,2026-09-25T07:02:02,2026-09-25T07:02:02
7547,碩網,2025-09-24,92.6,-4.400000000000006,-4.54%,2.3499999999999996,39.4,35.25,42.3,49.35,56.4,63.45,70.5,ShowDailyK_ChartFlow,FinMind_API_TaiwanStockPrice_7547,True,2026-09-25T07:02:02,2026-09-25T07:02:02,2026-09-25T07:02:02
7547,碩網,2025-09-25,92.7,0.10000000000000853,0.11%,2.3499999999999996,39.45,35.25,42.3,49.35,56.4,63.45,70.5,ShowDailyK_ChartFlow,FinMind_API_TaiwanStockPrice_7547,True,2026-09-25T07:02:02,2026-09-25T07:02:02,2026-09-25T07:02:02
7547,碩網,2025-09-26,89.8,-2.9000000000000057,-3.13%,2.3499999999999996,38.21,35.25,42.3,49.35,56.4,63.45,70.5,ShowDailyK_ChartFlow,FinMind_API_TaiwanStockPrice_7547,True,2026-09-25T07:02:02,2026-09-25T07:02:02,2026-09-25T07:02:02
7547,碩網,2025-09-30,90.1,0.29999999999999716,0.33%,2.71,38.34,40.65,48.78,56.91,65.04,73.17,81.3,ShowDailyK_ChartFlow,FinMind_API_TaiwanStockPrice_7547,True,2026-09-25T07:02:02,2026-09-25T07:02:02,2026-09-25T07:02:02
7547,碩網,2025-10-01,90.0,-0.09999999999999432,-0.11%,2.71,38.3,40.65,48.78,56.91,65.04,73.17,81.3,ShowDailyK_ChartFlow,FinMind_API_TaiwanStockPrice_7547,True,2026-09-25T07:02:02,2026-09-25T07:02:02,2026-09-25T07:02:02
7547,碩網,2025-10-02,85.4,-4.599999999999994,-5.11%,2.71,36.34,40.65,48.78,56.91,65.04,73.17,81.3,ShowDailyK_ChartFlow,FinMind_API_TaiwanStockPrice_7547,True,2026-09-25T07:02:02,2026-09-25T07:02:02,2026-09-25T07:02:02
7547,碩網,2025-10-03,85.8,0.3999999999999915,0.47%,2.71,36.51,40.65,48.78,56.91,65.04,73.17,81.3,ShowDailyK_ChartFlow,FinMind_API_TaiwanStockPrice_7547,True,2026-09-25T07:02:02,2026-09-25T07:02:02,2026-09-25T07:02:02
7547,碩網,2025-10-07,84.3,-1.5,-1.75%,2.71,35.87,40.65,48.78,56.91,65.04,73.17,81.3,ShowDailyK_ChartFlow,FinMind_API_TaiwanStockPrice_7547,True,2026-09-25T07:02:02,2026-09-25T07:02:02,2026-09-25T07:02:02
7547,碩網,2025-10-08,82.5,-1.7999999999999972,-2.14%,2.71,35.11,40.65,48.78,56.91,65.04,73.17,81.3,ShowDailyK_ChartFlow,FinMind_API_TaiwanStockPrice_7547,True,2026-09-25T07:02:02,2026-09-25T07:02:02,2026-09-25T07:02:02
7547,碩網,2025-10-09,87.7,5.200000000000003,6.30%,2.71,37.32,40.65,48.78,56.91,65.04,73.17,81.3,ShowDailyK_ChartFlow,FinMind_API_TaiwanStockPrice_7547,True,2026-09-25T07:02:02,2026-09-25T07:02:02,2026-09-25T07:02:02
7547,碩網,2025-10-13,79.0,-8.700000000000003,-9.92%,2.71,33.62,40.65,48.78,56.91,65.04,73.17,81.3,ShowDailyK_ChartFlow,FinMind_API_TaiwanStockPrice_7547,True,2026-09-25T07:02:02,2026-09-25T07:02:02,2026-09-25T07:02:02
7547,碩網,2025-10-14,78.3,-0.7000000000000028,-0.89%,2.71,33.32,40.65,48.78,56.91,65.04,73.17,81.3,ShowDailyK_ChartFlow,FinMind_API_TaiwanStockPrice_7547,True,2026-09-25T07:02:02,2026-09-25T07:02:02,2026-09-25T07:02:02
7547,碩網,2025-10-15,77.5,-0.7999999999999972,-1.02%,2.71,32.98,40.65,48.78,56.91,65.04,73.17,81.3,ShowDailyK_ChartFlow,FinMind_API_TaiwanStockPrice_7547,True,2026-09-25T07:02:02,2026-09-25T07:02:02,2026-09-25T07:02:02
7547,碩網,2025-10-16,78.5,1.0,1.29%,2.71,33.4,40.65,48.78,56.91,65.04,73.17,81.3,ShowDailyK_ChartFlow,FinMind_API_TaiwanStockPrice_7547,True,2026-09-25T07:02:02,2026-09-25T07:02:02,2026-09-25T07:02:02
7547,碩網,2025-10-17,78.9,0.4000000000000057,0.51%,2.71,33.57,40.65,48.78,56.91,65.04,73.17,81.3,ShowDailyK_ChartFlow,FinMind_API_TaiwanStockPrice_7547,True,2026-09-25T07:02:02,2026-09-25T07:02:02,2026-09-25T07:02:02
7547,碩網,2025-10-20,79.2,0.29999999999999716,0.38%,2.71,33.7,40.65,48.78,56.91,65.04,73.17,81.3,ShowDailyK_ChartFlow,FinMind_API_TaiwanStockPrice_7547,True,2026-09-25T07:02:02,2026-09-25T07:02:02,2026-09-25T07:02:02
7547,碩網,2025-10-21,79.0,-0.20000000000000284,-0.25%,2.71,33.62,40.65,48.78,56.91,65.04,73.17,81.3,ShowDailyK_ChartFlow,FinMind_API_TaiwanStockPrice_7547,True,2026-09-25T07:02:02,2026-09-25T07:02:02,2026-09-25T07:02:02
7547,碩網,2025-10-22,80.4,1.4000000000000057,1.77%,2.71,34.21,40.65,48.78,56.91,65.04,73.17,81.3,ShowDailyK_ChartFlow,FinMind_API_TaiwanStockPrice_7547,True,2026-09-25T07:02:02,2026-09-25T07:02:02,2026-09-25T07:02:02
7547,碩網,2025-10-23,80.4,0.0,0.00%,2.71,34.21,40.65,48.78,56.91,65.04,73.17,81.3,ShowDailyK_ChartFlow,FinMind_API_TaiwanStockPrice_7547,True,2026-09-25T07:02:02,2026-09-25T07:02:02,2026-09-25T07:02:02
7547,碩網,2025-10-27,78.3,-2.1000000000000085,-2.61%,2.71,33.32,40.65,48.78,56.91,65.04,73.17,81.3,ShowDailyK_ChartFlow,FinMind_API_TaiwanStockPrice_7547,True,2026-09-25T07:02:02,2026-09-25T07:02:02,2026-09-25T07:02:02
7547,碩網,2025-10-28,78.0,-0.29999999999999716,-0.38%,2.71,33.19,40.65,48.78,56.91,65.04,73.17,81.3,ShowDailyK_ChartFlow,FinMind_API_TaiwanStockPrice_7547,True,2026-09-25T07:02:02,2026-09-25T07:02:02,2026-09-25T07:02:02
7547,碩網,2025-10-29,77.0,-1.0,-1.28%,2.71,32.77,40.65,48.78,56.91,65.04,73.17,81.3,ShowDailyK_ChartFlow,FinMind_API_TaiwanStockPrice_7547,True,2026-09-25T07:02:02,2026-09-25T07:02:02,2026-09-25T07:02:02
7547,碩網,2025-10-30,74.7,-2.299999999999997,-2.99%,2.71,31.79,40.65,48.78,56.91,65.04,73.17,81.3,ShowDailyK_ChartFlow,FinMind_API_TaiwanStockPrice_7547,True,2026-09-25T07:02:02,2026-09-25T07:02:02,2026-09-25T07:02:02
7547,碩網,2025-10-31,75.4,0.7000000000000028,0.94%,2.71,32.09,40.65,48.78,56.91,65.04,73.17,81.3,ShowDailyK_ChartFlow,FinMind_API_TaiwanStockPrice_7547,True,2026-09-25T07:02:02,2026-09-25T07:02:02,2026-09-25T07:02:02
7547,碩網,2025-11-03,76.0,0.5999999999999943,0.80%,2.71,32.34,40.65,48.78,56.91,65.04,73.17,81.3,ShowDailyK_ChartFlow,FinMind_API_TaiwanStockPrice_7547,True,2026-09-25T07:02:02,2026-09-25T07:02:02,2026-09-25T07:02:02
7547,碩網,2025-11-04,73.3,-2.700000000000003,-3.55%,2.71,31.19,40.65,48.78,56.91,65.04,73.17,81.3,ShowDailyK_ChartFlow,FinMind_API_TaiwanStockPrice_7547,True,2026-09-25T07:02:02,2026-09-25T07:02:02,2026-09-25T07:02:02
7547,碩網,2025-11-05,73.0,-0.29999999999999716,-0.41%,2.71,31.06,40.65,48.78,56.91,65.04,73.17,81.3,ShowDailyK_ChartFlow,FinMind_API_TaiwanStockPrice_7547,True,2026-09-25T07:02:02,2026-09-25T07:02:02,2026-09-25T07:02:02
7547,碩網,2025-11-06,73.1,0.09999999999999432,0.14%,2.71,31.11,40.65,48.78,56.91,65.04,73.17,81.3,ShowDailyK_ChartFlow,FinMind_API_TaiwanStockPrice_7547,True,2026-09-25T07:02:02,2026-09-25T07:02:02,2026-09-25T07:02:02
7547,碩網,2025-11-07,71.6,-1.5,-2.05%,2.71,30.47,40.65,48.78,56.91,65.04,73.17,81.3,ShowDailyK_ChartFlow,FinMind_API_TaiwanStockPrice_7547,True,2026-09-25T07:02:02,2026-09-25T07:02:02,2026-09-25T07:02:02
7547,碩網,2025-11-10,72.6,1.0,1.40%,2.71,30.89,40.65,48.78,56.91,65.04,73.17,81.3,ShowDailyK_ChartFlow,FinMind_API_TaiwanStockPrice_7547,True,2026-09-25T07:02:02,2026-09-25T07:02:02,2026-09-25T07:02:02
7547,碩網,2025-11-11,70.8,-1.7999999999999972,-2.48%,2.71,30.13,40.65,48.78,56.91,65.04,73.17,81.3,ShowDailyK_ChartFlow,FinMind_API_TaiwanStockPrice_7547,True,2026-09-25T07:02:02,2026-09-25T07:02:02,2026-09-25T07:02:02
7547,碩網,2025-11-12,73.2,2.4000000000000057,3.39%,2.71,29.28,40.65,48.78,56.91,65.04,73.17,81.3,ShowDailyK_ChartFlow,FinMind_API_TaiwanStockPrice_7547,True,2026-09-25T07:02:02,2026-09-25T07:02:02,2026-09-25T07:02:02
7547,碩網,2025-11-13,75.6,2.3999999999999915,3.28%,2.71,30.24,40.65,48.78,56.91,65.04,73.17,81.3,ShowDailyK_ChartFlow,FinMind_API_TaiwanStockPrice_7547,True,2026-09-25T07:02:02,2026-09-25T07:02:02,2026-09-25T07:02:02
7547,碩網,2025-11-14,74.8,-0.7999999999999972,-1.06%,2.71,29.92,40.65,48.78,56.91,65.04,73.17,81.3,ShowDailyK_ChartFlow,FinMind_API_TaiwanStockPrice_7547,True,2026-09-25T07:02:02,2026-09-25T07:02:02,2026-09-25T07:02:02
7547,碩網,2025-11-17,70.2,-4.599999999999994,-6.15%,2.71,28.08,40.65,48.78,56.91,65.04,73.17,81.3,ShowDailyK_ChartFlow,FinMind_API_TaiwanStockPrice_7547,True,2026-09-25T07:02:02,2026-09-25T07:02:02,2026-09-25T07:02:02
7547,碩網,2025-11-18,66.4,-3.799999999999997,-5.41%,2.71,26.56,40.65,48.78,56.91,65.04,73.17,81.3,ShowDailyK_ChartFlow,FinMind_API_TaiwanStockPrice_7547,True,2026-09-25T07:02:02,2026-09-25T07:02:02,2026-09-25T07:02:02
7547,碩網,2025-11-19,67.2,0.7999999999999972,1.20%,2.71,26.88,40.65,48.78,56.91,65.04,73.17,81.3,ShowDailyK_ChartFlow,FinMind_API_TaiwanStockPrice_7547,True,2026-09-25T07:02:02,2026-09-25T07:02:02,2026-09-25T07:02:02
7547,碩網,2025-11-20,68.5,1.2999999999999972,1.93%,2.71,27.4,40.65,48.78,56.91,65.04,73.17,81.3,ShowDailyK_ChartFlow,FinMind_API_TaiwanStockPrice_7547,True,2026-09-25T07:02:02,2026-09-25T07:02:02,2026-09-25T07:02:02
7547,碩網,2025-11-21,66.8,-1.7000000000000028,-2.48%,2.71,26.72,40.65,48.78,56.91,65.04,73.17,81.3,ShowDailyK_ChartFlow,FinMind_API_TaiwanStockPrice_7547,True,2026-09-25T07:02:02,2026-09-25T07:02:02,2026-09-25T07:02:02
7547,碩網,2025-11-24,70.0,3.200000000000003,4.79%,2.71,28.0,40.65,48.78,56.91,65.04,73.17,81.3,ShowDailyK_ChartFlow,FinMind_API_TaiwanStockPrice_7547,True,2026-09-25T07:02:02,2026-09-25T07:02:02,2026-09-25T07:02:02
7547,碩網,2025-11-25,70.0,0.0,0.00%,2.71,28.0,40.65,48.78,56.91,65.04,73.17,81.3,ShowDailyK_ChartFlow,FinMind_API_TaiwanStockPrice_7547,True,2026-09-25T07:02:02,2026-09-25T07:02:02,2026-09-25T07:02:02
7547,碩網,2025-11-26,70.0,0.0,0.00%,2.71,28.0,40.65,48.78,56.91,65.04,73.17,81.3,ShowDailyK_ChartFlow,FinMind_API_TaiwanStockPrice_7547,True,2026-09-25T07:02:02,2026-09-25T07:02:02,2026-09-25T07:02:02
7547,碩網,2025-11-27,70.0,0.0,0.00%,2.71,28.0,40.65,48.78,56.91,65.04,73.17,81.3,ShowDailyK_ChartFlow,FinMind_API_TaiwanStockPrice_7547,True,2026-09-25T07:02:02,2026-09-25T07:02:02,2026-09-25T07:02:02
7547,碩網,2025-11-28,71.1,1.0999999999999943,1.57%,2.71,28.44,40.65,48.78,56.91,65.04,73.17,81.3,ShowDailyK_ChartFlow,FinMind_API_TaiwanStockPrice_7547,True,2026-09-25T07:02:02,2026-09-25T07:02:02,2026-09-25T07:02:02
7547,碩網,2025-12-01,71.2,0.10000000000000853,0.14%,2.71,28.48,40.65,48.78,56.91,65.04,73.17,81.3,ShowDailyK_ChartFlow,FinMind_API_TaiwanStockPrice_7547,True,2026-09-25T07:02:02,2026-09-25T07:02:02,2026-09-25T07:02:02
7547,碩網,2025-12-02,70.2,-1.0,-1.40%,2.71,28.08,40.65,48.78,56.91,65.04,73.17,81.3,ShowDailyK_ChartFlow,FinMind_API_TaiwanStockPrice_7547,True,2026-09-25T07:02:02,2026-09-25T07:02:02,2026-09-25T07:02:02
7547,碩網,2025-12-03,70.0,-0.20000000000000284,-0.28%,2.71,28.0,40.65,48.78,56.91,65.04,73.17,81.3,ShowDailyK_ChartFlow,FinMind_API_TaiwanStockPrice_7547,True,2026-09-25T07:02:02,2026-09-25T07:02:02,2026-09-25T07:02:02
7547,碩網,2025-12-04,71.3,1.2999999999999972,1.86%,2.71,28.52,40.65,48.78,56.91,65.04,73.17,81.3,ShowDailyK_ChartFlow,FinMind_API_TaiwanStockPrice_7547,True,2026-09-25T07:02:02,2026-09-25T07:02:02,2026-09-25T07:02:02
7547,碩網,2025-12-05,70.0,-1.2999999999999972,-1.82%,2.71,28.0,40.65,48.78,56.91,65.04,73.17,81.3,ShowDailyK_ChartFlow,FinMind_API_TaiwanStockPrice_7547,True,2026-09-25T07:02:02,2026-09-25T07:02:02,2026-09-25T07:02:02
7547,碩網,2025-12-08,69.1,-0.9000000000000057,-1.29%,2.71,27.64,40.65,48.78,56.91,65.04,73.17,81.3,ShowDailyK_ChartFlow,FinMind_API_TaiwanStockPrice_7547,True,2026-09-25T07:02:02,2026-09-25T07:02:02,2026-09-25T07:02:02
7547,碩網,2025-12-09,69.9,0.8000000000000114,1.16%,2.71,27.96,40.65,48.78,56.91,65.04,73.17,81.3,ShowDailyK_ChartFlow,FinMind_API_TaiwanStockPrice_7547,True,2026-09-25T07:02:02,2026-09-25T07:02:02,2026-09-25T07:02:02
7547,碩網,2025-12-10,64.1,-5.800000000000011,-8.30%,2.71,25.64,40.65,48.78,56.91,65.04,73.17,81.3,ShowDailyK_ChartFlow,FinMind_API_TaiwanStockPrice_7547,True,2026-09-25T07:02:02,2026-09-25T07:02:02,2026-09-25T07:02:02
7547,碩網,2025-12-11,61.4,-2.6999999999999957,-4.21%,2.71,24.56,40.65,48.78,56.91,65.04,73.17,81.3,ShowDailyK_ChartFlow,FinMind_API_TaiwanStockPrice_7547,True,2026-09-25T07:02:02,2026-09-25T07:02:02,2026-09-25T07:02:02
7547,碩網,2025-12-12,61.5,0.10000000000000142,0.16%,2.71,24.6,40.65,48.78,56.91,65.04,73.17,81.3,ShowDailyK_ChartFlow,FinMind_API_TaiwanStockPrice_7547,True,2026-09-25T07:02:02,2026-09-25T07:02:02,2026-09-25T07:02:02
7547,碩網,2025-12-15,61.7,0.20000000000000284,0.33%,2.71,24.68,40.65,48.78,56.91,65.04,73.17,81.3,ShowDailyK_ChartFlow,FinMind_API_TaiwanStockPrice_7547,True,2026-09-25T07:02:02,2026-09-25T07:02:02,2026-09-25T07:02:02
7547,碩網,2025-12-16,61.7,0.0,0.00%,2.71,24.68,40.65,48.78,56.91,65.04,73.17,81.3,ShowDailyK_ChartFlow,FinMind_API_TaiwanStockPrice_7547,True,2026-09-25T07:02:02,2026-09-25T07:02:02,2026-09-25T07:02:02
7547,碩網,2025-12-17,61.6,-0.10000000000000142,-0.16%,2.71,24.64,40.65,48.78,56.91,65.04,73.17,81.3,ShowDailyK_ChartFlow,FinMind_API_TaiwanStockPrice_7547,True,2026-09-25T07:02:02,2026-09-25T07:02:02,2026-09-25T07:02:02
7547,碩網,2025-12-18,60.6,-1.0,-1.62%,2.71,24.24,40.65,48.78,56.91,65.04,73.17,81.3,ShowDailyK_ChartFlow,FinMind_API_TaiwanStockPrice_7547,True,2026-09-25T07:02:02,2026-09-25T07:02:02,2026-09-25T07:02:02
7547,碩網,2025-12-19,60.4,-0.20000000000000284,-0.33%,2.71,24.16,40.65,48.78,56.91,65.04,73.17,81.3,ShowDailyK_ChartFlow,FinMind_API_TaiwanStockPrice_7547,True,2026-09-25T07:02:02,2026-09-25T07:02:02,2026-09-25T07:02:02
7547,碩網,2025-12-22,62.0,1.6000000000000014,2.65%,2.71,24.8,40.65,48.78,56.91,65.04,73.17,81.3,ShowDailyK_ChartFlow,FinMind_API_TaiwanStockPrice_7547,True,2026-09-25T07:02:02,2026-09-25T07:02:02,2026-09-25T07:02:02
7547,碩網,2025-12-23,62.1,0.10000000000000142,0.16%,2.71,24.84,40.65,48.78,56.91,65.04,73.17,81.3,ShowDailyK_ChartFlow,FinMind_API_TaiwanStockPrice_7547,True,2026-09-25T07:02:02,2026-09-25T07:02:02,2026-09-25T07:02:02
7547,碩網,2025-12-24,61.5,-0.6000000000000014,-0.97%,2.71,24.6,40.65,48.78,56.91,65.04,73.17,81.3,ShowDailyK_ChartFlow,FinMind_API_TaiwanStockPrice_7547,True,2026-09-25T07:02:02,2026-09-25T07:02:02,2026-09-25T07:02:02
7547,碩網,2025-12-26,61.3,-0.20000000000000284,-0.33%,2.71,24.52,40.65,48.78,56.91,65.04,73.17,81.3,ShowDailyK_ChartFlow,FinMind_API_TaiwanStockPrice_7547,True,2026-09-25T07:02:02,2026-09-25T07:02:02,2026-09-25T07:02:02
7547,碩網,2025-12-29,59.5,-1.7999999999999972,-2.94%,2.71,23.8,40.65,48.78,56.91,65.04,73.17,81.3,ShowDailyK_ChartFlow,FinMind_API_TaiwanStockPrice_7547,True,2026-09-25T07:02:02,2026-09-25T07:02:02,2026-09-25T07:02:02
7547,碩網,2025-12-30,57.5,-2.0,-3.36%,2.71,23.0,40.65,48.78,56.91,65.04,73.17,81.3,ShowDailyK_ChartFlow,FinMind_API_TaiwanStockPrice_7547,True,2026-09-25T07:02:02,2026-09-25T07:02:02,2026-09-25T07:02:02
7547,碩網,2025-12-31,57.2,-0.29999999999999716,-0.52%,2.61,22.88,39.15,46.98,54.81,62.64,70.47,78.3,ShowDailyK_ChartFlow,FinMind_API_TaiwanStockPrice_7547,True,2026-09-25T07:02:02,2026-09-25T07:02:02,2026-09-25T07:02:02
7547,碩網,2026-01-02,57.3,0.09999999999999432,0.17%,2.61,22.92,39.15,46.98,54.81,62.64,70.47,78.3,ShowDailyK_ChartFlow,FinMind_API_TaiwanStockPrice_7547,True,2026-09-25T07:02:02,2026-09-25T07:02:02,2026-09-25T07:02:02
7547,碩網,2026-01-05,57.6,0.30000000000000426,0.52%,2.61,23.04,39.15,46.98,54.81,62.64,70.47,78.3,ShowDailyK_ChartFlow,FinMind_API_TaiwanStockPrice_7547,True,2026-09-25T07:02:02,2026-09-25T07:02:02,2026-09-25T07:02:02
7547,碩網,2026-01-06,55.5,-2.1000000000000014,-3.65%,2.61,22.2,39.15,46.98,54.81,62.64,70.47,78.3,ShowDailyK_ChartFlow,FinMind_API_TaiwanStockPrice_7547,True,2026-09-25T07:02:02,2026-09-25T07:02:02,2026-09-25T07:02:02
7547,碩網,2026-01-07,56.0,0.5,0.90%,2.61,22.4,39.15,46.98,54.81,62.64,70.47,78.3,ShowDailyK_ChartFlow,FinMind_API_TaiwanStockPrice_7547,True,2026-09-25T07:02:02,2026-09-25T07:02:02,2026-09-25T07:02:02
7547,碩網,2026-01-08,56.8,0.7999999999999972,1.43%,2.61,22.72,39.15,46.98,54.81,62.64,70.47,78.3,ShowDailyK_ChartFlow,FinMind_API_TaiwanStockPrice_7547,True,2026-09-25T07:02:02,2026-09-25T07:02:02,2026-09-25T07:02:02
7547,碩網,2026-01-09,57.0,0.20000000000000284,0.35%,2.61,22.8,39.15,46.98,54.81,62.64,70.47,78.3,ShowDailyK_ChartFlow,FinMind_API_TaiwanStockPrice_7547,True,2026-09-25T07:02:02,2026-09-25T07:02:02,2026-09-25T07:02:02
7547,碩網,2026-01-12,57.5,0.5,0.88%,2.61,23.0,39.15,46.98,54.81,62.64,70.47,78.3,ShowDailyK_ChartFlow,FinMind_API_TaiwanStockPrice_7547,True,2026-09-25T07:02:02,2026-09-25T07:02:02,2026-09-25T07:02:02
7547,碩網,2026-01-13,58.1,0.6000000000000014,1.04%,2.61,23.24,39.15,46.98,54.81,62.64,70.47,78.3,ShowDailyK_ChartFlow,FinMind_API_TaiwanStockPrice_7547,True,2026-09-25T07:02:02,2026-09-25T07:02:02,2026-09-25T07:02:02
7547,碩網,2026-01-14,58.8,0.6999999999999957,1.20%,2.61,23.52,39.15,46.98,54.81,62.64,70.47,78.3,ShowDailyK_ChartFlow,FinMind_API_TaiwanStockPrice_7547,True,2026-09-25T07:02:02,2026-09-25T07:02:02,2026-09-25T07:02:02
7547,碩網,2026-01-15,59.1,0.30000000000000426,0.51%,2.61,23.64,39.15,46.98,54.81,62.64,70.47,78.3,ShowDailyK_ChartFlow,FinMind_API_TaiwanStockPrice_7547,True,2026-09-25T07:02:02,2026-09-25T07:02:02,2026-09-25T07:02:02
7547,碩網,2026-01-16,58.4,-0.7000000000000028,-1.18%,2.61,23.36,39.15,46.98,54.81,62.64,70.47,78.3,ShowDailyK_ChartFlow,FinMind_API_TaiwanStockPrice_7547,True,2026-09-25T07:02:02,2026-09-25T07:02:02,2026-09-25T07:02:02
7547,碩網,2026-01-19,60.2,1.8000000000000043,3.08%,2.61,24.08,39.15,46.98,54.81,62.64,70.47,78.3,ShowDailyK_ChartFlow,FinMind_API_TaiwanStockPrice_7547,True,2026-09-25T07:02:02,2026-09-25T07:02:02,2026-09-25T07:02:02
7547,碩網,2026-01-20,61.8,1.5999999999999943,2.66%,2.61,24.72,39.15,46.98,54.81,62.64,70.47,78.3,ShowDailyK_ChartFlow,FinMind_API_TaiwanStockPrice_7547,True,2026-09-25T07:02:02,2026-09-25T07:02:02,2026-09-25T07:02:02
7547,碩網,2026-01-21,61.0,-0.7999999999999972,-1.29%,2.61,24.4,39.15,46.98,54.81,62.64,70.47,78.3,ShowDailyK_ChartFlow,FinMind_API_TaiwanStockPrice_7547,True,2026-09-25T07:02:02,2026-09-25T07:02:02,2026-09-25T07:02:02
7547,碩網,2026-01-22,59.1,-1.8999999999999986,-3.11%,2.61,23.64,39.15,46.98,54.81,62.64,70.47,78.3,ShowDailyK_ChartFlow,FinMind_API_TaiwanStockPrice_7547,True,2026-09-25T07:02:02,2026-09-25T07:02:02,2026-09-25T07:02:02
7547,碩網,2026-01-23,58.9,-0.20000000000000284,-0.34%,2.61,23.56,39.15,46.98,54.81,62.64,70.47,78.3,ShowDailyK_ChartFlow,FinMind_API_TaiwanStockPrice_7547,True,2026-09-25T07:02:02,2026-09-25T07:02:02,2026-09-25T07:02:02
7547,碩網,2026-01-26,59.0,0.10000000000000142,0.17%,2.61,23.6,39.15,46.98,54.81,62.64,70.47,78.3,ShowDailyK_ChartFlow,FinMind_API_TaiwanStockPrice_7547,True,2026-09-25T07:02:02,2026-09-25T07:02:02,2026-09-25T07:02:02
7547,碩網,2026-01-27,58.6,-0.3999999999999986,-0.68%,2.61,23.44,39.15,46.98,54.81,62.64,70.47,78.3,ShowDailyK_ChartFlow,FinMind_API_TaiwanStockPrice_7547,True,2026-09-25T07:02:02,2026-09-25T07:02:02,2026-09-25T07:02:02
7547,碩網,2026-01-28,58.5,-0.10000000000000142,-0.17%,2.61,23.4,39.15,46.98,54.81,62.64,70.47,78.3,ShowDailyK_ChartFlow,FinMind_API_TaiwanStockPrice_7547,True,2026-09-25T07:02:02,2026-09-25T07:02:02,2026-09-25T07:02:02
7547,碩網,2026-01-29,56.3,-2.200000000000003,-3.76%,2.61,22.52,39.15,46.98,54.81,62.64,70.47,78.3,ShowDailyK_ChartFlow,FinMind_API_TaiwanStockPrice_7547,True,2026-09-25T07:02:02,2026-09-25T07:02:02,2026-09-25T07:02:02
7547,碩網,2026-01-30,55.3,-1.0,-1.78%,2.61,22.12,39.15,46.98,54.81,62.64,70.47,78.3,ShowDailyK_ChartFlow,FinMind_API_TaiwanStockPrice_7547,True,2026-09-25T07:02:02,2026-09-25T07:02:02,2026-09-25T07:02:02
7547,碩網,2026-02-02,53.1,-2.1999999999999957,-3.98%,2.61,21.24,39.15,46.98,54.81,62.64,70.47,78.3,ShowDailyK_ChartFlow,FinMind_API_TaiwanStockPrice_7547,True,2026-09-25T07:02:02,2026-09-25T07:02:02,2026-09-25T07:02:02
7547,碩網,2026-02-03,54.0,0.8999999999999986,1.69%,2.61,21.6,39.15,46.98,54.81,62.64,70.47,78.3,ShowDailyK_ChartFlow,FinMind_API_TaiwanStockPrice_7547,True,2026-09-25T07:02:02,2026-09-25T07:02:02,2026-09-25T07:02:02
7547,碩網,2026-02-04,55.7,1.7000000000000028,3.15%,2.61,22.28,39.15,46.98,54.81,62.64,70.47,78.3,ShowDailyK_ChartFlow,FinMind_API_TaiwanStockPrice_7547,True,2026-09-25T07:02:02,2026-09-25T07:02:02,2026-09-25T07:02:02
7547,碩網,2026-02-05,55.9,0.19999999999999574,0.36%,2.61,22.36,39.15,46.98,54.81,62.64,70.47,78.3,ShowDailyK_ChartFlow,FinMind_API_TaiwanStockPrice_7547,True,2026-09-25T07:02:02,2026-09-25T07:02:02,2026-09-25T07:02:02
7547,碩網,2026-02-06,55.7,-0.19999999999999574,-0.36%,2.61,22.28,39.15,46.98,54.81,62.64,70.47,78.3,ShowDailyK_ChartFlow,FinMind_API_TaiwanStockPrice_7547,True,2026-09-25T07:02:02,2026-09-25T07:02:02,2026-09-25T07:02:02
7547,碩網,2026-02-09,56.3,0.5999999999999943,1.08%,2.61,22.52,39.15,46.98,54.81,62.64,70.47,78.3,ShowDailyK_ChartFlow,FinMind_API_TaiwanStockPrice_7547,True,2026-09-25T07:02:02,2026-09-25T07:02:02,2026-09-25T07:02:02
7547,碩網,2026-02-10,56.7,0.4000000000000057,0.71%,2.61,22.68,39.15,46.98,54.81,62.64,70.47,78.3,ShowDailyK_ChartFlow,FinMind_API_TaiwanStockPrice_7547,True,2026-09-25T07:02:02,2026-09-25T07:02:02,2026-09-25T07:02:02
7547,碩網,2026-02-11,55.5,-1.2000000000000028,-2.12%,2.61,22.2,39.15,46.98,54.81,62.64,70.47,78.3,ShowDailyK_ChartFlow,FinMind_API_TaiwanStockPrice_7547,True,2026-09-25T07:02:02,2026-09-25T07:02:02,2026-09-25T07:02:02
7547,碩網,2026-02-23,54.2,-1.2999999999999972,-2.34%,2.61,21.68,39.15,46.98,54.81,62.64,70.47,78.3,ShowDailyK_ChartFlow,FinMind_API_TaiwanStockPrice_7547,True,2026-09-25T07:02:02,2026-09-25T07:02:02,2026-09-25T07:02:02
7547,碩網,2026-02-24,54.2,0.0,0.00%,2.61,21.68,39.15,46.98,54.81,62.64,70.47,78.3,ShowDailyK_ChartFlow,FinMind_API_TaiwanStockPrice_7547,True,2026-09-25T07:02:02,2026-09-25T07:02:02,2026-09-25T07:02:02
7547,碩網,2026-02-25,53.9,-0.30000000000000426,-0.55%,2.61,21.56,39.15,46.98,54.81,62.64,70.47,78.3,ShowDailyK_ChartFlow,FinMind_API_TaiwanStockPrice_7547,True,2026-09-25T07:02:02,2026-09-25T07:02:02,2026-09-25T07:02:02
7547,碩網,2026-02-26,55.8,1.8999999999999986,3.53%,2.61,22.32,39.15,46.98,54.81,62.64,70.47,78.3,ShowDailyK_ChartFlow,FinMind_API_TaiwanStockPrice_7547,True,2026-09-25T07:02:02,2026-09-25T07:02:02,2026-09-25T07:02:02
7547,碩網,2026-03-02,54.8,-1.0,-1.79%,2.61,21.92,39.15,46.98,54.81,62.64,70.47,78.3,ShowDailyK_ChartFlow,FinMind_API_TaiwanStockPrice_7547,True,2026-09-25T07:02:02,2026-09-25T07:02:02,2026-09-25T07:02:02
7547,碩網,2026-03-03,54.4,-0.3999999999999986,-0.73%,2.61,21.76,39.15,46.98,54.81,62.64,70.47,78.3,ShowDailyK_ChartFlow,FinMind_API_TaiwanStockPrice_7547,True,2026-09-25T07:02:02,2026-09-25T07:02:02,2026-09-25T07:02:02
7547,碩網,2026-03-04,50.5,-3.8999999999999986,-7.17%,2.61,20.2,39.15,46.98,54.81,62.64,70.47,78.3,ShowDailyK_ChartFlow,FinMind_API_TaiwanStockPrice_7547,True,2026-09-25T07:02:02,2026-09-25T07:02:02,2026-09-25T07:02:02
7547,碩網,2026-03-05,51.5,1.0,1.98%,2.61,20.6,39.15,46.98,54.81,62.64,70.47,78.3,ShowDailyK_ChartFlow,FinMind_API_TaiwanStockPrice_7547,True,2026-09-25T07:02:02,2026-09-25T07:02:02,2026-09-25T07:02:02
7547,碩網,2026-03-06,52.0,0.5,0.97%,2.61,20.8,39.15,46.98,54.81,62.64,70.47,78.3,ShowDailyK_ChartFlow,FinMind_API_TaiwanStockPrice_7547,True,2026-09-25T07:02:02,2026-09-25T07:02:02,2026-09-25T07:02:02
7547,碩網,2026-03-09,50.1,-1.8999999999999986,-3.65%,2.61,20.04,39.15,46.98,54.81,62.64,70.47,78.3,ShowDailyK_ChartFlow,FinMind_API_TaiwanStockPrice_7547,True,2026-09-25T07:02:02,2026-09-25T07:02:02,2026-09-25T07:02:02
7547,碩網,2026-03-10,50.6,0.5,1.00%,2.61,20.24,39.15,46.98,54.81,62.64,70.47,78.3,ShowDailyK_ChartFlow,FinMind_API_TaiwanStockPrice_7547,True,2026-09-25T07:02:02,2026-09-25T07:02:02,2026-09-25T07:02:02
7547,碩網,2026-03-11,52.0,1.3999999999999986,2.77%,2.61,20.8,39.15,46.98,54.81,62.64,70.47,78.3,ShowDailyK_ChartFlow,FinMind_API_TaiwanStockPrice_7547,True,2026-09-25T07:02:02,2026-09-25T07:02:02,2026-09-25T07:02:02
7547,碩網,2026-03-12,57.2,5.200000000000003,10.00%,2.61,22.88,39.15,46.98,54.81,62.64,70.47,78.3,ShowDailyK_ChartFlow,FinMind_API_TaiwanStockPrice_7547,True,2026-09-25T07:02:02,2026-09-25T07:02:02,2026-09-25T07:02:02
7547,碩網,2026-03-13,62.9,5.699999999999996,9.97%,2.61,25.16,39.15,46.98,54.81,62.64,70.47,78.3,ShowDailyK_ChartFlow,FinMind_API_TaiwanStockPrice_7547,True,2026-09-25T07:02:02,2026-09-25T07:02:02,2026-09-25T07:02:02
7547,碩網,2026-03-16,61.8,-1.1000000000000014,-1.75%,2.61,23.32,39.15,46.98,54.81,62.64,70.47,78.3,ShowDailyK_ChartFlow,FinMind_API_TaiwanStockPrice_7547,True,2026-09-25T07:02:02,2026-09-25T07:02:02,2026-09-25T07:02:02
7547,碩網,2026-03-17,60.0,-1.7999999999999972,-2.91%,2.61,22.64,39.15,46.98,54.81,62.64,70.47,78.3,ShowDailyK_ChartFlow,FinMind_API_TaiwanStockPrice_7547,True,2026-09-25T07:02:02,2026-09-25T07:02:02,2026-09-25T07:02:02
7547,碩網,2026-03-18,63.0,3.0,5.00%,2.61,23.77,39.15,46.98,54.81,62.64,70.47,78.3,ShowDailyK_ChartFlow,FinMind_API_TaiwanStockPrice_7547,True,2026-09-25T07:02:02,2026-09-25T07:02:02,2026-09-25T07:02:02
7547,碩網,2026-03-19,69.3,6.299999999999997,10.00%,2.61,26.15,39.15,46.98,54.81,62.64,70.47,78.3,ShowDailyK_ChartFlow,FinMind_API_TaiwanStockPrice_7547,True,2026-09-25T07:02:02,2026-09-25T07:02:02,2026-09-25T07:02:02
7547,碩網,2026-03-20,68.3,-1.0,-1.44%,2.61,25.77,39.15,46.98,54.81,62.64,70.47,78.3,ShowDailyK_ChartFlow,FinMind_API_TaiwanStockPrice_7547,True,2026-09-25T07:02:02,2026-09-25T07:02:02,2026-09-25T07:02:02
7547,碩網,2026-03-23,66.7,-1.5999999999999943,-2.34%,2.61,25.17,39.15,46.98,54.81,62.64,70.47,78.3,ShowDailyK_ChartFlow,FinMind_API_TaiwanStockPrice_7547,True,2026-09-25T07:02:02,2026-09-25T07:02:02,2026-09-25T07:02:02
7547,碩網,2026-03-24,69.4,2.700000000000003,4.05%,2.61,26.19,39.15,46.98,54.81,62.64,70.47,78.3,ShowDailyK_ChartFlow,FinMind_API_TaiwanStockPrice_7547,True,2026-09-25T07:02:02,2026-09-25T07:02:02,2026-09-25T07:02:02
7547,碩網,2026-03-25,76.3,6.8999999999999915,9.94%,2.61,28.79,39.15,46.98,54.81,62.64,70.47,78.3,ShowDailyK_ChartFlow,FinMind_API_TaiwanStockPrice_7547,True,2026-09-25T07:02:02,2026-09-25T07:02:02,2026-09-25T07:02:02
7547,碩網,2026-03-26,78.9,2.6000000000000085,3.41%,2.61,29.77,39.15,46.98,54.81,62.64,70.47,78.3,ShowDailyK_ChartFlow,FinMind_API_TaiwanStockPrice_7547,True,2026-09-25T07:02:02,2026-09-25T07:02:02,2026-09-25T07:02:02
7547,碩網,2026-03-27,79.9,1.0,1.27%,2.61,30.15,39.15,46.98,54.81,62.64,70.47,78.3,ShowDailyK_ChartFlow,FinMind_API_TaiwanStockPrice_7547,True,2026-09-25T07:02:02,2026-09-25T07:02:02,2026-09-25T07:02:02
7547,碩網,2026-03-30,83.0,3.0999999999999943,3.88%,2.61,31.32,39.15,46.98,54.81,62.64,70.47,78.3,ShowDailyK_ChartFlow,FinMind_API_TaiwanStockPrice_7547,True,2026-09-25T07:02:02,2026-09-25T07:02:02,2026-09-25T07:02:02
7547,碩網,2026-03-31,83.2,0.20000000000000284,0.24%,2.6,31.4,39.0,46.8,54.6,62.4,70.2,78.0,ShowDailyK_ChartFlow,FinMind_API_TaiwanStockPrice_7547,True,2026-09-25T07:02:02,2026-09-25T07:02:02,2026-09-25T07:02:02
7547,碩網,2026-04-01,85.7,2.5,3.00%,2.6,32.34,39.0,46.8,54.6,62.4,70.2,78.0,ShowDailyK_ChartFlow,FinMind_API_TaiwanStockPrice_7547,True,2026-09-25T07:02:02,2026-09-25T07:02:02,2026-09-25T07:02:02
7547,碩網,2026-04-02,77.2,-8.5,-9.92%,2.6,29.13,39.0,46.8,54.6,62.4,70.2,78.0,ShowDailyK_ChartFlow,FinMind_API_TaiwanStockPrice_7547,True,2026-09-25T07:02:02,2026-09-25T07:02:02,2026-09-25T07:02:02
7547,碩網,2026-04-07,75.5,-1.7000000000000028,-2.20%,2.6,28.49,39.0,46.8,54.6,62.4,70.2,78.0,ShowDailyK_ChartFlow,FinMind_API_TaiwanStockPrice_7547,True,2026-09-25T07:02:02,2026-09-25T07:02:02,2026-09-25T07:02:02
7547,碩網,2026-04-08,76.6,1.0999999999999943,1.46%,2.6,28.91,39.0,46.8,54.6,62.4,70.2,78.0,ShowDailyK_ChartFlow,FinMind_API_TaiwanStockPrice_7547,True,2026-09-25T07:02:02,2026-09-25T07:02:02,2026-09-25T07:02:02
7547,碩網,2026-04-09,70.0,-6.599999999999994,-8.62%,2.6,26.42,39.0,46.8,54.6,62.4,70.2,78.0,ShowDailyK_ChartFlow,FinMind_API_TaiwanStockPrice_7547,True,2026-09-25T07:02:02,2026-09-25T07:02:02,2026-09-25T07:02:02
7547,碩網,2026-04-10,68.3,-1.7000000000000028,-2.43%,2.6,25.77,39.0,46.8,54.6,62.4,70.2,78.0,ShowDailyK_ChartFlow,FinMind_API_TaiwanStockPrice_7547,True,2026-09-25T07:02:02,2026-09-25T07:02:02,2026-09-25T07:02:02
7547,碩網,2026-04-13,70.0,1.7000000000000028,2.49%,2.6,26.42,39.0,46.8,54.6,62.4,70.2,78.0,ShowDailyK_ChartFlow,FinMind_API_TaiwanStockPrice_7547,True,2026-09-25T07:02:02,2026-09-25T07:02:02,2026-09-25T07:02:02
7547,碩網,2026-04-14,69.7,-0.29999999999999716,-0.43%,2.6,26.3,39.0,46.8,54.6,62.4,70.2,78.0,ShowDailyK_ChartFlow,FinMind_API_TaiwanStockPrice_7547,True,2026-09-25T07:02:02,2026-09-25T07:02:02,2026-09-25T07:02:02
7547,碩網,2026-04-15,70.4,0.7000000000000028,1.00%,2.6,26.57,39.0,46.8,54.6,62.4,70.2,78.0,ShowDailyK_ChartFlow,FinMind_API_TaiwanStockPrice_7547,True,2026-09-25T07:02:02,2026-09-25T07:02:02,2026-09-25T07:02:02
7547,碩網,2026-04-16,70.9,0.5,0.71%,2.6,26.75,39.0,46.8,54.6,62.4,70.2,78.0,ShowDailyK_ChartFlow,FinMind_API_TaiwanStockPrice_7547,True,2026-09-25T07:02:02,2026-09-25T07:02:02,2026-09-25T07:02:02
7547,碩網,2026-04-17,69.6,-1.3000000000000114,-1.83%,2.6,26.26,39.0,46.8,54.6,62.4,70.2,78.0,ShowDailyK_ChartFlow,FinMind_API_TaiwanStockPrice_7547,True,2026-09-25T07:02:02,2026-09-25T07:02:02,2026-09-25T07:02:02
7547,碩網,2026-04-20,70.3,0.7000000000000028,1.01%,2.6,26.53,39.0,46.8,54.6,62.4,70.2,78.0,ShowDailyK_ChartFlow,FinMind_API_TaiwanStockPrice_7547,True,2026-09-25T07:02:02,2026-09-25T07:02:02,2026-09-25T07:02:02
7547,碩網,2026-04-21,77.3,7.0,9.96%,2.6,29.17,39.0,46.8,54.6,62.4,70.2,78.0,ShowDailyK_ChartFlow,FinMind_API_TaiwanStockPrice_7547,True,2026-09-25T07:02:02,2026-09-25T07:02:02,2026-09-25T07:02:02
7547,碩網,2026-04-22,77.5,0.20000000000000284,0.26%,2.6,29.25,39.0,46.8,54.6,62.4,70.2,78.0,ShowDailyK_ChartFlow,FinMind_API_TaiwanStockPrice_7547,True,2026-09-25T07:02:02,2026-09-25T07:02:02,2026-09-25T07:02:02
7547,碩網,2026-04-23,75.0,-2.5,-3.23%,2.6,28.3,39.0,46.8,54.6,62.4,70.2,78.0,ShowDailyK_ChartFlow,FinMind_API_TaiwanStockPrice_7547,True,2026-09-25T07:02:02,2026-09-25T07:02:02,2026-09-25T07:02:02
7547,碩網,2026-04-24,74.1,-0.9000000000000057,-1.20%,2.6,27.96,39.0,46.8,54.6,62.4,70.2,78.0,ShowDailyK_ChartFlow,FinMind_API_TaiwanStockPrice_7547,True,2026-09-25T07:02:02,2026-09-25T07:02:02,2026-09-25T07:02:02
7547,碩網,2026-04-27,69.0,-5.099999999999994,-6.88%,2.6,26.04,39.0,46.8,54.6,62.4,70.2,78.0,ShowDailyK_ChartFlow,FinMind_API_TaiwanStockPrice_7547,True,2026-09-25T07:02:02,2026-09-25T07:02:02,2026-09-25T07:02:02
7547,碩網,2026-04-28,68.8,-0.20000000000000284,-0.29%,2.6,25.96,39.0,46.8,54.6,62.4,70.2,78.0,ShowDailyK_ChartFlow,FinMind_API_TaiwanStockPrice_7547,True,2026-09-25T07:02:02,2026-09-25T07:02:02,2026-09-25T07:02:02
7547,碩網,2026-04-29,70.7,1.9000000000000057,2.76%,2.6,26.68,39.0,46.8,54.6,62.4,70.2,78.0,ShowDailyK_ChartFlow,FinMind_API_TaiwanStockPrice_7547,True,2026-09-25T07:02:02,2026-09-25T07:02:02,2026-09-25T07:02:02
7547,碩網,2026-04-30,69.0,-1.7000000000000028,-2.40%,2.6,26.04,39.0,46.8,54.6,62.4,70.2,78.0,ShowDailyK_ChartFlow,FinMind_API_TaiwanStockPrice_7547,True,2026-09-25T07:02:02,2026-09-25T07:02:02,2026-09-25T07:02:02
7547,碩網,2026-05-04,71.7,2.700000000000003,3.91%,2.6,27.06,39.0,46.8,54.6,62.4,70.2,78.0,ShowDailyK_ChartFlow,FinMind_API_TaiwanStockPrice_7547,True,2026-09-25T07:02:02,2026-09-25T07:02:02,2026-09-25T07:02:02
7547,碩網,2026-05-05,73.9,2.200000000000003,3.07%,2.6,27.89,39.0,46.8,54.6,62.4,70.2,78.0,ShowDailyK_ChartFlow,FinMind_API_TaiwanStockPrice_7547,True,2026-09-25T07:02:02,2026-09-25T07:02:02,2026-09-25T07:02:02
7547,碩網,2026-05-06,71.8,-2.1000000000000085,-2.84%,2.6,27.09,39.0,46.8,54.6,62.4,70.2,78.0,ShowDailyK_ChartFlow,FinMind_API_TaiwanStockPrice_7547,True,2026-09-25T07:02:02,2026-09-25T07:02:02,2026-09-25T07:02:02
7547,碩網,2026-05-07,74.6,2.799999999999997,3.90%,2.6,28.15,39.0,46.8,54.6,62.4,70.2,78.0,ShowDailyK_ChartFlow,FinMind_API_TaiwanStockPrice_7547,True,2026-09-25T07:02:02,2026-09-25T07:02:02,2026-09-25T07:02:02
7547,碩網,2026-05-08,72.9,-1.6999999999999886,-2.28%,2.6,27.51,39.0,46.8,54.6,62.4,70.2,78.0,ShowDailyK_ChartFlow,FinMind_API_TaiwanStockPrice_7547,True,2026-09-25T07:02:02,2026-09-25T07:02:02,2026-09-25T07:02:02
7547,碩網,2026-05-11,71.2,-1.7000000000000028,-2.33%,2.6,26.87,39.0,46.8,54.6,62.4,70.2,78.0,ShowDailyK_ChartFlow,FinMind_API_TaiwanStockPrice_7547,True,2026-09-25T07:02:02,2026-09-25T07:02:02,2026-09-25T07:02:02
7547,碩網,2026-05-12,69.2,-2.0,-2.81%,2.6,26.11,39.0,46.8,54.6,62.4,70.2,78.0,ShowDailyK_ChartFlow,FinMind_API_TaiwanStockPrice_7547,True,2026-09-25T07:02:02,2026-09-25T07:02:02,2026-09-25T07:02:02
7547,碩網,2026-05-13,72.4,3.200000000000003,4.62%,2.6,29.31,39.0,46.8,54.6,62.4,70.2,78.0,ShowDailyK_ChartFlow,FinMind_API_TaiwanStockPrice_7547,True,2026-09-25T07:02:02,2026-09-25T07:02:02,2026-09-25T07:02:02
7547,碩網,2026-05-14,70.1,-2.3000000000000114,-3.18%,2.6,28.38,39.0,46.8,54.6,62.4,70.2,78.0,ShowDailyK_ChartFlow,FinMind_API_TaiwanStockPrice_7547,True,2026-09-25T07:02:02,2026-09-25T07:02:02,2026-09-25T07:02:02
7547,碩網,2026-05-15,71.0,0.9000000000000057,1.28%,2.6,28.74,39.0,46.8,54.6,62.4,70.2,78.0,ShowDailyK_ChartFlow,FinMind_API_TaiwanStockPrice_7547,True,2026-09-25T07:02:02,2026-09-25T07:02:02,2026-09-25T07:02:02
7547,碩網,2026-05-18,71.7,0.7000000000000028,0.99%,2.6,29.03,39.0,46.8,54.6,62.4,70.2,78.0,ShowDailyK_ChartFlow,FinMind_API_TaiwanStockPrice_7547,True,2026-09-25T07:02:02,2026-09-25T07:02:02,2026-09-25T07:02:02
7547,碩網,2026-05-19,64.6,-7.1000000000000085,-9.90%,2.6,26.15,39.0,46.8,54.6,62.4,70.2,78.0,ShowDailyK_ChartFlow,FinMind_API_TaiwanStockPrice_7547,True,2026-09-25T07:02:02,2026-09-25T07:02:02,2026-09-25T07:02:02
7547,碩網,2026-05-20,67.7,3.1000000000000085,4.80%,2.6,27.41,39.0,46.8,54.6,62.4,70.2,78.0,ShowDailyK_ChartFlow,FinMind_API_TaiwanStockPrice_7547,True,2026-09-25T07:02:02,2026-09-25T07:02:02,2026-09-25T07:02:02
7547,碩網,2026-05-21,68.3,0.5999999999999943,0.89%,2.6,27.65,39.0,46.8,54.6,62.4,70.2,78.0,ShowDailyK_ChartFlow,FinMind_API_TaiwanStockPrice_7547,True,2026-09-25T07:02:02,2026-09-25T07:02:02,2026-09-25T07:02:02
7547,碩網,2026-05-22,68.2,-0.09999999999999432,-0.15%,2.6,27.61,39.0,46.8,54.6,62.4,70.2,78.0,ShowDailyK_ChartFlow,FinMind_API_TaiwanStockPrice_7547,True,2026-09-25T07:02:02,2026-09-25T07:02:02,2026-09-25T07:02:02
7547,碩網,2026-05-25,68.9,0.7000000000000028,1.03%,2.6,27.89,39.0,46.8,54.6,62.4,70.2,78.0,ShowDailyK_ChartFlow,FinMind_API_TaiwanStockPrice_7547,True,2026-09-25T07:02:02,2026-09-25T07:02:02,2026-09-25T07:02:02
7547,碩網,2026-05-26,64.6,-4.300000000000011,-6.24%,2.6,26.15,39.0,46.8,54.6,62.4,70.2,78.0,ShowDailyK_ChartFlow,FinMind_API_TaiwanStockPrice_7547,True,2026-09-25T07:02:02,2026-09-25T07:02:02,2026-09-25T07:02:02
7547,碩網,2026-05-27,62.6,-1.999999999999993,-3.10%,2.6,25.34,39.0,46.8,54.6,62.4,70.2,78.0,ShowDailyK_ChartFlow,FinMind_API_TaiwanStockPrice_7547,True,2026-09-25T07:02:02,2026-09-25T07:02:02,2026-09-25T07:02:02
7547,碩網,2026-05-28,61.0,-1.6000000000000014,-2.56%,2.6,24.7,39.0,46.8,54.6,62.4,70.2,78.0,ShowDailyK_ChartFlow,FinMind_API_TaiwanStockPrice_7547,True,2026-09-25T07:02:02,2026-09-25T07:02:02,2026-09-25T07:02:02
7547,碩網,2026-05-29,60.9,-0.10000000000000142,-0.16%,2.6,24.66,39.0,46.8,54.6,62.4,70.2,78.0,ShowDailyK_ChartFlow,FinMind_API_TaiwanStockPrice_7547,True,2026-09-25T07:02:02,2026-09-25T07:02:02,2026-09-25T07:02:02
7547,碩網,2026-06-01,63.4,2.5,4.11%,2.6,25.67,39.0,46.8,54.6,62.4,70.2,78.0,ShowDailyK_ChartFlow,FinMind_API_TaiwanStockPrice_7547,True,2026-09-25T07:02:02,2026-09-25T07:02:02,2026-09-25T07:02:02
7547,碩網,2026-06-02,63.1,-0.29999999999999716,-0.47%,2.6,25.55,39.0,46.8,54.6,62.4,70.2,78.0,ShowDailyK_ChartFlow,FinMind_API_TaiwanStockPrice_7547,True,2026-09-25T07:02:02,2026-09-25T07:02:02,2026-09-25T07:02:02
7547,碩網,2026-06-03,63.2,0.10000000000000142,0.16%,2.6,25.59,39.0,46.8,54.6,62.4,70.2,78.0,ShowDailyK_ChartFlow,FinMind_API_TaiwanStockPrice_7547,True,2026-09-25T07:02:02,2026-09-25T07:02:02,2026-09-25T07:02:02
7547,碩網,2026-06-04,61.6,-1.6000000000000014,-2.53%,2.6,24.94,39.0,46.8,54.6,62.4,70.2,78.0,ShowDailyK_ChartFlow,FinMind_API_TaiwanStockPrice_7547,True,2026-09-25T07:02:02,2026-09-25T07:02:02,2026-09-25T07:02:02
7547,碩網,2026-06-05,62.5,0.8999999999999986,1.46%,2.6,25.3,39.0,46.8,54.6,62.4,70.2,78.0,ShowDailyK_ChartFlow,FinMind_API_TaiwanStockPrice_7547,True,2026-09-25T07:02:02,2026-09-25T07:02:02,2026-09-25T07:02:02
7547,碩網,2026-06-08,60.0,-2.5,-4.00%,2.6,24.29,39.0,46.8,54.6,62.4,70.2,78.0,ShowDailyK_ChartFlow,FinMind_API_TaiwanStockPrice_7547,True,2026-09-25T07:02:02,2026-09-25T07:02:02,2026-09-25T07:02:02
7547,碩網,2026-06-09,61.3,1.2999999999999972,2.17%,2.6,24.82,39.0,46.8,54.6,62.4,70.2,78.0,ShowDailyK_ChartFlow,FinMind_API_TaiwanStockPrice_7547,True,2026-09-25T07:02:02,2026-09-25T07:02:02,2026-09-25T07:02:02
7547,碩網,2026-06-10,58.7,-2.5999999999999943,-4.24%,2.6,23.77,39.0,46.8,54.6,62.4,70.2,78.0,ShowDailyK_ChartFlow,FinMind_API_TaiwanStockPrice_7547,True,2026-09-25T07:02:02,2026-09-25T07:02:02,2026-09-25T07:02:02
7547,碩網,2026-06-11,57.6,-1.1000000000000014,-1.87%,2.6,23.32,39.0,46.8,54.6,62.4,70.2,78.0,ShowDailyK_ChartFlow,FinMind_API_TaiwanStockPrice_7547,True,2026-09-25T07:02:02,2026-09-25T07:02:02,2026-09-25T07:02:02
7547,碩網,2026-06-12,59.5,1.8999999999999986,3.30%,2.6,24.09,39.0,46.8,54.6,62.4,70.2,78.0,ShowDailyK_ChartFlow,FinMind_API_TaiwanStockPrice_7547,True,2026-09-25T07:02:02,2026-09-25T07:02:02,2026-09-25T07:02:02
7547,碩網,2026-06-15,59.2,-0.29999999999999716,-0.50%,2.6,23.97,39.0,46.8,54.6,62.4,70.2,78.0,ShowDailyK_ChartFlow,FinMind_API_TaiwanStockPrice_7547,True,2026-09-25T07:02:02,2026-09-25T07:02:02,2026-09-25T07:02:02
7547,碩網,2026-06-16,58.2,-1.0,-1.69%,2.6,23.56,39.0,46.8,54.6,62.4,70.2,78.0,ShowDailyK_ChartFlow,FinMind_API_TaiwanStockPrice_7547,True,2026-09-25T07:02:02,2026-09-25T07:02:02,2026-09-25T07:02:02
7547,碩網,2026-06-17,58.2,0.0,0.00%,2.6,23.56,39.0,46.8,54.6,62.4,70.2,78.0,ShowDailyK_ChartFlow,FinMind_API_TaiwanStockPrice_7547,True,2026-09-25T07:02:02,2026-09-25T07:02:02,2026-09-25T07:02:02
7547,碩網,2026-06-18,59.3,1.0999999999999943,1.89%,2.6,24.01,39.0,46.8,54.6,62.4,70.2,78.0,ShowDailyK_ChartFlow,FinMind_API_TaiwanStockPrice_7547,True,2026-09-25T07:02:02,2026-09-25T07:02:02,2026-09-25T07:02:02
7547,碩網,2026-06-22,59.9,0.6000000000000014,1.01%,2.6,24.25,39.0,46.8,54.6,62.4,70.2,78.0,ShowDailyK_ChartFlow,FinMind_API_TaiwanStockPrice_7547,True,2026-09-25T07:02:02,2026-09-25T07:02:02,2026-09-25T07:02:02
7547,碩網,2026-06-23,58.5,-1.3999999999999986,-2.34%,2.6,23.68,39.0,46.8,54.6,62.4,70.2,78.0,ShowDailyK_ChartFlow,FinMind_API_TaiwanStockPrice_7547,True,2026-09-25T07:02:02,2026-09-25T07:02:02,2026-09-25T07:02:02
7547,碩網,2026-06-24,58.2,-0.29999999999999716,-0.51%,2.6,23.56,39.0,46.8,54.6,62.4,70.2,78.0,ShowDailyK_ChartFlow,FinMind_API_TaiwanStockPrice_7547,True,2026-09-25T07:02:02,2026-09-25T07:02:02,2026-09-25T07:02:02
7547,碩網,2026-06-25,58.4,0.19999999999999574,0.34%,2.6,23.64,39.0,46.8,54.6,62.4,70.2,78.0,ShowDailyK_ChartFlow,FinMind_API_TaiwanStockPrice_7547,True,2026-09-25T07:02:02,2026-09-25T07:02:02,2026-09-25T07:02:02
7547,碩網,2026-06-26,55.9,-2.5,-4.28%,2.6,22.63,39.0,46.8,54.6,62.4,70.2,78.0,ShowDailyK_ChartFlow,FinMind_API_TaiwanStockPrice_7547,True,2026-09-25T07:02:02,2026-09-25T07:02:02,2026-09-25T07:02:02
7547,碩網,2026-06-29,56.4,0.5,0.89%,2.6,22.83,39.0,46.8,54.6,62.4,70.2,78.0,ShowDailyK_ChartFlow,FinMind_API_TaiwanStockPrice_7547,True,2026-09-25T07:02:02,2026-09-25T07:02:02,2026-09-25T07:02:02
7547,碩網,2026-06-30,56.9,0.5,0.89%,3.1400000000000006,23.04,47.1,56.52,65.94,75.36,84.78,94.2,ShowDailyK_ChartFlow,FinMind_API_TaiwanStockPrice_7547,True,2026-09-25T07:02:02,2026-09-25T07:02:02,2026-09-25T07:02:02
7547,碩網,2026-07-01,58.5,1.6000000000000014,2.81%,3.1400000000000006,23.68,47.1,56.52,65.94,75.36,84.78,94.2,ShowDailyK_ChartFlow,FinMind_API_TaiwanStockPrice_7547,True,2026-09-25T07:02:02,2026-09-25T07:02:02,2026-09-25T07:02:02
7547,碩網,2026-07-02,58.3,-0.20000000000000284,-0.34%,3.1400000000000006,23.6,47.1,56.52,65.94,75.36,84.78,94.2,ShowDailyK_ChartFlow,FinMind_API_TaiwanStockPrice_7547,True,2026-09-25T07:02:02,2026-09-25T07:02:02,2026-09-25T07:02:02
7547,碩網,2026-07-03,58.7,0.4000000000000057,0.69%,3.1400000000000006,23.77,47.1,56.52,65.94,75.36,84.78,94.2,ShowDailyK_ChartFlow,FinMind_API_TaiwanStockPrice_7547,True,2026-09-25T07:02:02,2026-09-25T07:02:02,2026-09-25T07:02:02
7547,碩網,2026-07-06,58.5,-0.20000000000000284,-0.34%,3.1400000000000006,23.68,47.1,56.52,65.94,75.36,84.78,94.2,ShowDailyK_ChartFlow,FinMind_API_TaiwanStockPrice_7547,True,2026-09-25T07:02:02,2026-09-25T07:02:02,2026-09-25T07:02:02
7547,碩網,2026-07-07,56.7,-1.7999999999999972,-3.08%,3.1400000000000006,22.96,47.1,56.52,65.94,75.36,84.78,94.2,ShowDailyK_ChartFlow,FinMind_API_TaiwanStockPrice_7547,True,2026-09-25T07:02:02,2026-09-25T07:02:02,2026-09-25T07:02:02
7547,碩網,2026-07-08,57.8,1.0999999999999943,1.94%,3.1400000000000006,23.4,47.1,56.52,65.94,75.36,84.78,94.2,ShowDailyK_ChartFlow,FinMind_API_TaiwanStockPrice_7547,True,2026-09-25T07:02:02,2026-09-25T07:02:02,2026-09-25T07:02:02
7547,碩網,2026-07-09,57.5,-0.29999999999999716,-0.52%,3.1400000000000006,23.28,47.1,56.52,65.94,75.36,84.78,94.2,ShowDailyK_ChartFlow,FinMind_API_TaiwanStockPrice_7547,True,2026-09-25T07:02:02,2026-09-25T07:02:02,2026-09-25T07:02:02
7547,碩網,2026-07-13,56.6,-0.8999999999999986,-1.57%,3.1400000000000006,22.91,47.1,56.52,65.94,75.36,84.78,94.2,ShowDailyK_ChartFlow,FinMind_API_TaiwanStockPrice_7547,True,2026-09-25T07:02:02,2026-09-25T07:02:02,2026-09-25T07:02:02
7547,碩網,2026-07-14,54.5,-2.1000000000000014,-3.71%,3.1400000000000006,22.06,47.1,56.52,65.94,75.36,84.78,94.2,ShowDailyK_ChartFlow,FinMind_API_TaiwanStockPrice_7547,True,2026-09-25T07:02:02,2026-09-25T07:02:02,2026-09-25T07:02:02
7547,碩網,2026-07-15,54.8,0.29999999999999716,0.55%,3.1400000000000006,22.19,47.1,56.52,65.94,75.36,84.78,94.2,ShowDailyK_ChartFlow,FinMind_API_TaiwanStockPrice_7547,True,2026-09-25T07:02:02,2026-09-25T07:02:02,2026-09-25T07:02:02
7547,碩網,2026-07-16,54.8,0.0,0.00%,3.1400000000000006,22.19,47.1,56.52,65.94,75.36,84.78,94.2,ShowDailyK_ChartFlow,FinMind_API_TaiwanStockPrice_7547,True,2026-09-25T07:02:02,2026-09-25T07:02:02,2026-09-25T07:02:02
7547,碩網,2026-07-17,53.7,-1.0999999999999943,-2.01%,3.1400000000000006,21.74,47.1,56.52,65.94,75.36,84.78,94.2,ShowDailyK_ChartFlow,FinMind_API_TaiwanStockPrice_7547,True,2026-09-25T07:02:02,2026-09-25T07:02:02,2026-09-25T07:02:02
7547,碩網,2026-07-20,53.2,-0.5,-0.93%,3.1400000000000006,21.54,47.1,56.52,65.94,75.36,84.78,94.2,ShowDailyK_ChartFlow,FinMind_API_TaiwanStockPrice_7547,True,2026-09-25T07:02:02,2026-09-25T07:02:02,2026-09-25T07:02:02
7547,碩網,2026-07-21,53.3,0.09999999999999432,0.19%,3.1400000000000006,21.58,47.1,56.52,65.94,75.36,84.78,94.2,ShowDailyK_ChartFlow,FinMind_API_TaiwanStockPrice_7547,True,2026-09-25T07:02:02,2026-09-25T07:02:02,2026-09-25T07:02:02
7547,碩網,2026-07-22,53.5,0.20000000000000284,0.38%,3.1400000000000006,21.66,47.1,56.52,65.94,75.36,84.78,94.2,ShowDailyK_ChartFlow,FinMind_API_TaiwanStockPrice_7547,True,2026-09-25T07:02:02,2026-09-25T07:02:02,2026-09-25T07:02:02
7547,碩網,2026-07-23,52.3,-1.2000000000000028,-2.24%,3.1400000000000006,21.17,47.1,56.52,65.94,75.36,84.78,94.2,ShowDailyK_ChartFlow,FinMind_API_TaiwanStockPrice_7547,True,2026-09-25T07:02:02,2026-09-25T07:02:02,2026-09-25T07:02:02
7547,碩網,2026-07-24,53.3,1.0,1.91%,3.1400000000000006,21.58,47.1,56.52,65.94,75.36,84.78,94.2,ShowDailyK_ChartFlow,FinMind_API_TaiwanStockPrice_7547,True,2026-09-25T07:02:02,2026-09-25T07:02:02,2026-09-25T07:02:02
7547,碩網,2026-07-27,52.7,-0.5999999999999943,-1.13%,3.1400000000000006,21.34,47.1,56.52,65.94,75.36,84.78,94.2,ShowDailyK_ChartFlow,FinMind_API_TaiwanStockPrice_7547,True,2026-09-25T07:02:02,2026-09-25T07:02:02,2026-09-25T07:02:02
7547,碩網,2026-07-28,49.35,-3.3500000000000014,-6.36%,3.1400000000000006,19.98,47.1,56.52,65.94,75.36,84.78,94.2,ShowDailyK_ChartFlow,FinMind_API_TaiwanStockPrice_7547,True,2026-09-25T07:02:02,2026-09-25T07:02:02,2026-09-25T07:02:02
7547,碩網,2026-07-29,45.5,-3.8500000000000014,-7.80%,3.1400000000000006,18.42,47.1,56.52,65.94,75.36,84.78,94.2,ShowDailyK_ChartFlow,FinMind_API_TaiwanStockPrice_7547,True,2026-09-25T07:02:02,2026-09-25T07:02:02,2026-09-25T07:02:02
7547,碩網,2026-07-30,44.55,-0.9500000000000028,-2.09%,3.1400000000000006,18.04,47.1,56.52,65.94,75.36,84.78,94.2,ShowDailyK_ChartFlow,FinMind_API_TaiwanStockPrice_7547,True,2026-09-25T07:02:02,2026-09-25T07:02:02,2026-09-25T07:02:02
7547,碩網,2026-07-31,45.8,1.25,2.81%,3.1400000000000006,18.54,47.1,56.52,65.94,75.36,84.78,94.2,ShowDailyK_ChartFlow,FinMind_API_TaiwanStockPrice_7547,True,2026-09-25T07:02:02,2026-09-25T07:02:02,2026-09-25T07:02:02
7547,碩網,2026-08-03,47.1,1.3000000000000043,2.84%,3.1400000000000006,19.07,47.1,56.52,65.94,75.36,84.78,94.2,ShowDailyK_ChartFlow,FinMind_API_TaiwanStockPrice_7547,True,2026-09-25T07:02:02,2026-09-25T07:02:02,2026-09-25T07:02:02
7547,碩網,2026-08-04,47.1,0.0,0.00%,3.1400000000000006,19.07,47.1,56.52,65.94,75.36,84.78,94.2,ShowDailyK_ChartFlow,FinMind_API_TaiwanStockPrice_7547,True,2026-09-25T07:02:02,2026-09-25T07:02:02,2026-09-25T07:02:02
7547,碩網,2026-08-05,48.4,1.2999999999999972,2.76%,3.1400000000000006,19.6,47.1,56.52,65.94,75.36,84.78,94.2,ShowDailyK_ChartFlow,FinMind_API_TaiwanStockPrice_7547,True,2026-09-25T07:02:02,2026-09-25T07:02:02,2026-09-25T07:02:02
7547,碩網,2026-08-06,49.4,1.0,2.07%,3.1400000000000006,20.0,47.1,56.52,65.94,75.36,84.78,94.2,ShowDailyK_ChartFlow,FinMind_API_TaiwanStockPrice_7547,True,2026-09-25T07:02:02,2026-09-25T07:02:02,2026-09-25T07:02:02
7547,碩網,2026-08-07,54.3,4.899999999999999,9.92%,3.1400000000000006,21.98,47.1,56.52,65.94,75.36,84.78,94.2,ShowDailyK_ChartFlow,FinMind_API_TaiwanStockPrice_7547,True,2026-09-25T07:02:02,2026-09-25T07:02:02,2026-09-25T07:02:02
7547,碩網,2026-08-10,57.1,2.8000000000000043,5.16%,3.1400000000000006,23.12,47.1,56.52,65.94,75.36,84.78,94.2,ShowDailyK_ChartFlow,FinMind_API_TaiwanStockPrice_7547,True,2026-09-25T07:02:02,2026-09-25T07:02:02,2026-09-25T07:02:02
7547,碩網,2026-08-11,54.4,-2.700000000000003,-4.73%,3.1400000000000006,22.02,47.1,56.52,65.94,75.36,84.78,94.2,ShowDailyK_ChartFlow,FinMind_API_TaiwanStockPrice_7547,True,2026-09-25T07:02:02,2026-09-25T07:02:02,2026-09-25T07:02:02
7547,碩網,2026-08-12,54.4,0.0,0.00%,3.1400000000000006,22.02,47.1,56.52,65.94,75.36,84.78,94.2,ShowDailyK_ChartFlow,FinMind_API_TaiwanStockPrice_7547,True,2026-09-25T07:02:02,2026-09-25T07:02:02,2026-09-25T07:02:02
7547,碩網,2026-08-13,54.5,0.10000000000000142,0.18%,3.1400000000000006,17.64,47.1,56.52,65.94,75.36,84.78,94.2,ShowDailyK_ChartFlow,FinMind_API_TaiwanStockPrice_7547,True,2026-09-25T07:02:02,2026-09-25T07:02:02,2026-09-25T07:02:02
7547,碩網,2026-08-14,52.2,-2.299999999999997,-4.22%,3.1400000000000006,16.89,47.1,56.52,65.94,75.36,84.78,94.2,ShowDailyK_ChartFlow,FinMind_API_TaiwanStockPrice_7547,True,2026-09-25T07:02:02,2026-09-25T07:02:02,2026-09-25T07:02:02
7547,碩網,2026-08-17,52.0,-0.20000000000000284,-0.38%,3.1400000000000006,16.83,47.1,56.52,65.94,75.36,84.78,94.2,ShowDailyK_ChartFlow,FinMind_API_TaiwanStockPrice_7547,True,2026-09-25T07:02:02,2026-09-25T07:02:02,2026-09-25T07:02:02
7547,碩網,2026-08-18,53.5,1.5,2.88%,3.1400000000000006,17.31,47.1,56.52,65.94,75.36,84.78,94.2,ShowDailyK_ChartFlow,FinMind_API_TaiwanStockPrice_7547,True,2026-09-25T07:02:02,2026-09-25T07:02:02,2026-09-25T07:02:02
7547,碩網,2026-08-19,53.5,0.0,0.00%,3.1400000000000006,17.31,47.1,56.52,65.94,75.36,84.78,94.2,ShowDailyK_ChartFlow,FinMind_API_TaiwanStockPrice_7547,True,2026-09-25T07:02:02,2026-09-25T07:02:02,2026-09-25T07:02:02
7547,碩網,2026-08-20,54.4,0.8999999999999986,1.68%,3.1400000000000006,17.61,47.1,56.52,65.94,75.36,84.78,94.2,ShowDailyK_ChartFlow,FinMind_API_TaiwanStockPrice_7547,True,2026-09-25T07:02:02,2026-09-25T07:02:02,2026-09-25T07:02:02
7547,碩網,2026-08-21,53.1,-1.2999999999999972,-2.39%,3.1400000000000006,17.18,47.1,56.52,65.94,75.36,84.78,94.2,ShowDailyK_ChartFlow,FinMind_API_TaiwanStockPrice_7547,True,2026-09-25T07:02:02,2026-09-25T07:02:02,2026-09-25T07:02:02
7547,碩網,2026-08-24,51.5,-1.6000000000000014,-3.01%,3.1400000000000006,16.67,47.1,56.52,65.94,75.36,84.78,94.2,ShowDailyK_ChartFlow,FinMind_API_TaiwanStockPrice_7547,True,2026-09-25T07:02:02,2026-09-25T07:02:02,2026-09-25T07:02:02
7547,碩網,2026-08-25,51.1,-0.3999999999999986,-0.78%,3.1400000000000006,16.54,47.1,56.52,65.94,75.36,84.78,94.2,ShowDailyK_ChartFlow,FinMind_API_TaiwanStockPrice_7547,True,2026-09-25T07:02:02,2026-09-25T07:02:02,2026-09-25T07:02:02
7547,碩網,2026-08-26,51.1,0.0,0.00%,3.1400000000000006,16.54,47.1,56.52,65.94,75.36,84.78,94.2,ShowDailyK_ChartFlow,FinMind_API_TaiwanStockPrice_7547,True,2026-09-25T07:02:02,2026-09-25T07:02:02,2026-09-25T07:02:02
7547,碩網,2026-08-27,50.6,-0.5,-0.98%,3.1400000000000006,16.38,47.1,56.52,65.94,75.36,84.78,94.2,ShowDailyK_ChartFlow,FinMind_API_TaiwanStockPrice_7547,True,2026-09-25T07:02:02,2026-09-25T07:02:02,2026-09-25T07:02:02
7547,碩網,2026-08-28,50.1,-0.5,-0.99%,3.1400000000000006,16.21,47.1,56.52,65.94,75.36,84.78,94.2,ShowDailyK_ChartFlow,FinMind_API_TaiwanStockPrice_7547,True,2026-09-25T07:02:02,2026-09-25T07:02:02,2026-09-25T07:02:02
7547,碩網,2026-08-31,50.7,0.6000000000000014,1.20%,3.1400000000000006,16.41,47.1,56.52,65.94,75.36,84.78,94.2,ShowDailyK_ChartFlow,FinMind_API_TaiwanStockPrice_7547,True,2026-09-25T07:02:02,2026-09-25T07:02:02,2026-09-25T07:02:02
7547,碩網,2026-09-01,51.6,0.8999999999999986,1.78%,3.1400000000000006,16.7,47.1,56.52,65.94,75.36,84.78,94.2,ShowDailyK_ChartFlow,FinMind_API_TaiwanStockPrice_7547,True,2026-09-25T07:02:02,2026-09-25T07:02:02,2026-09-25T07:02:02
7547,碩網,2026-09-02,50.8,-0.8000000000000043,-1.55%,3.1400000000000006,16.44,47.1,56.52,65.94,75.36,84.78,94.2,ShowDailyK_ChartFlow,FinMind_API_TaiwanStockPrice_7547,True,2026-09-25T07:02:02,2026-09-25T07:02:02,2026-09-25T07:02:02
7547,碩網,2026-09-03,50.6,-0.19999999999999574,-0.39%,3.1400000000000006,16.38,47.1,56.52,65.94,75.36,84.78,94.2,ShowDailyK_ChartFlow,FinMind_API_TaiwanStockPrice_7547,True,2026-09-25T07:02:02,2026-09-25T07:02:02,2026-09-25T07:02:02
7547,碩網,2026-09-04,50.8,0.19999999999999574,0.40%,3.1400000000000006,16.44,47.1,56.52,65.94,75.36,84.78,94.2,ShowDailyK_ChartFlow,FinMind_API_TaiwanStockPrice_7547,True,2026-09-25T07:02:02,2026-09-25T07:02:02,2026-09-25T07:02:02
7547,碩網,2026-09-07,50.3,-0.5,-0.98%,3.1400000000000006,16.28,47.1,56.52,65.94,75.36,84.78,94.2,ShowDailyK_ChartFlow,FinMind_API_TaiwanStockPrice_7547,True,2026-09-25T07:02:02,2026-09-25T07:02:02,2026-09-25T07:02:02
7547,碩網,2026-09-08,49.5,-0.7999999999999972,-1.59%,3.1400000000000006,16.02,47.1,56.52,65.94,75.36,84.78,94.2,ShowDailyK_ChartFlow,FinMind_API_TaiwanStockPrice_7547,True,2026-09-25T07:02:02,2026-09-25T07:02:02,2026-09-25T07:02:02
7547,碩網,2026-09-09,49.25,-0.25,-0.51%,3.1400000000000006,15.94,47.1,56.52,65.94,75.36,84.78,94.2,ShowDailyK_ChartFlow,FinMind_API_TaiwanStockPrice_7547,True,2026-09-25T07:02:02,2026-09-25T07:02:02,2026-09-25T07:02:02
7547,碩網,2026-09-10,48.85,-0.3999999999999986,-0.81%,3.1400000000000006,15.81,47.1,56.52,65.94,75.36,84.78,94.2,ShowDailyK_ChartFlow,FinMind_API_TaiwanStockPrice_7547,True,2026-09-25T07:02:02,2026-09-25T07:02:02,2026-09-25T07:02:02
7547,碩網,2026-09-11,48.5,-0.3500000000000014,-0.72%,3.1400000000000006,15.7,47.1,56.52,65.94,75.36,84.78,94.2,ShowDailyK_ChartFlow,FinMind_API_TaiwanStockPrice_7547,True,2026-09-25T07:02:02,2026-09-25T07:02:02,2026-09-25T07:02:02
7547,碩網,2026-09-14,49.5,1.0,2.06%,3.1400000000000006,16.02,47.1,56.52,65.94,75.36,84.78,94.2,ShowDailyK_ChartFlow,FinMind_API_TaiwanStockPrice_7547,True,2026-09-25T07:02:02,2026-09-25T07:02:02,2026-09-25T07:02:02
7547,碩網,2026-09-15,50.9,1.3999999999999986,2.83%,3.1400000000000006,16.47,47.1,56.52,65.94,75.36,84.78,94.2,ShowDailyK_ChartFlow,FinMind_API_TaiwanStockPrice_7547,True,2026-09-25T07:02:02,2026-09-25T07:02:02,2026-09-25T07:02:02
7547,碩網,2026-09-16,50.2,-0.6999999999999957,-1.38%,3.1400000000000006,16.25,47.1,56.52,65.94,75.36,84.78,94.2,ShowDailyK_ChartFlow,FinMind_API_TaiwanStockPrice_7547,True,2026-09-25T07:02:02,2026-09-25T07:02:02,2026-09-25T07:02:02
7547,碩網,2026-09-17,49.7,-0.5,-1.00%,3.1400000000000006,16.08,47.1,56.52,65.94,75.36,84.78,94.2,ShowDailyK_ChartFlow,FinMind_API_TaiwanStockPrice_7547,True,2026-09-25T07:02:02,2026-09-25T07:02:02,2026-09-25T07:02:02
7547,碩網,2026-09-18,49.95,0.25,0.50%,3.1400000000000006,16.17,47.1,56.52,65.94,75.36,84.78,94.2,ShowDailyK_ChartFlow,FinMind_API_TaiwanStockPrice_7547,True,2026-09-25T07:02:02,2026-09-25T07:02:02,2026-09-25T07:02:02
7547,碩網,2026-09-21,50.7,0.75,1.50%,3.1400000000000006,16.41,47.1,56.52,65.94,75.36,84.78,94.2,ShowDailyK_ChartFlow,FinMind_API_TaiwanStockPrice_7547,True,2026-09-25T07:02:02,2026-09-25T07:02:02,2026-09-25T07:02:02
7547,碩網,2026-09-22,51.8,1.0999999999999943,2.17%,3.1400000000000006,16.76,47.1,56.52,65.94,75.36,84.78,94.2,ShowDailyK_ChartFlow,FinMind_API_TaiwanStockPrice_7547,True,2026-09-25T07:02:02,2026-09-25T07:02:02,2026-09-25T07:02:02
7547,碩網,2026-09-23,54.0,2.200000000000003,4.25%,3.1400000000000006,17.48,47.1,56.52,65.94,75.36,84.78,94.2,ShowDailyK_ChartFlow,FinMind_API_TaiwanStockPrice_7547,True,2026-09-25T07:02:02,2026-09-25T07:02:02,2026-09-25T07:02:02
7547,碩網,2026-09-24,59.4,5.399999999999999,10.00%,3.1400000000000006,19.22,47.1,56.52,65.94,75.36,84.78,94.2,ShowDailyK_ChartFlow,FinMind_API_TaiwanStockPrice_7547,True,2026-09-25T07:02:02,2026-09-25T07:02:02,2026-09-25T07:02:02
