stock_code,company_name,交易_日期,收盤價_元,漲跌價_元,漲跌幅_pct,河流圖_eps_元,目前_per_倍,本益比試算價格_15x_元,本益比試算價格_18x_元,本益比試算價格_21x_元,本益比試算價格_24x_元,本益比試算價格_27x_元,本益比試算價格_30x_元,file_type,source_file,download_success,download_timestamp,process_timestamp,stage1_process_timestamp
6751,智聯服務,2021-01-04,78.7,,,,27.81,,,,,,,ShowDailyK_ChartFlow,FinMind_API_TaiwanStockPrice_6751,True,2026-09-24T07:10:44,2026-09-24T07:10:44,2026-09-24T07:10:44
6751,智聯服務,2021-01-05,83.8,5.099999999999994,6.48%,,29.61,,,,,,,ShowDailyK_ChartFlow,FinMind_API_TaiwanStockPrice_6751,True,2026-09-24T07:10:44,2026-09-24T07:10:44,2026-09-24T07:10:44
6751,智聯服務,2021-01-06,79.6,-4.200000000000003,-5.01%,,28.13,,,,,,,ShowDailyK_ChartFlow,FinMind_API_TaiwanStockPrice_6751,True,2026-09-24T07:10:44,2026-09-24T07:10:44,2026-09-24T07:10:44
6751,智聯服務,2021-01-07,80.8,1.2000000000000028,1.51%,,28.55,,,,,,,ShowDailyK_ChartFlow,FinMind_API_TaiwanStockPrice_6751,True,2026-09-24T07:10:44,2026-09-24T07:10:44,2026-09-24T07:10:44
6751,智聯服務,2021-01-08,80.8,0.0,0.00%,,28.55,,,,,,,ShowDailyK_ChartFlow,FinMind_API_TaiwanStockPrice_6751,True,2026-09-24T07:10:44,2026-09-24T07:10:44,2026-09-24T07:10:44
6751,智聯服務,2021-01-11,79.5,-1.2999999999999972,-1.61%,,28.09,,,,,,,ShowDailyK_ChartFlow,FinMind_API_TaiwanStockPrice_6751,True,2026-09-24T07:10:44,2026-09-24T07:10:44,2026-09-24T07:10:44
6751,智聯服務,2021-01-12,78.3,-1.2000000000000028,-1.51%,,27.67,,,,,,,ShowDailyK_ChartFlow,FinMind_API_TaiwanStockPrice_6751,True,2026-09-24T07:10:44,2026-09-24T07:10:44,2026-09-24T07:10:44
6751,智聯服務,2021-01-13,77.8,-0.5,-0.64%,,27.49,,,,,,,ShowDailyK_ChartFlow,FinMind_API_TaiwanStockPrice_6751,True,2026-09-24T07:10:44,2026-09-24T07:10:44,2026-09-24T07:10:44
6751,智聯服務,2021-01-14,77.2,-0.5999999999999943,-0.77%,,27.28,,,,,,,ShowDailyK_ChartFlow,FinMind_API_TaiwanStockPrice_6751,True,2026-09-24T07:10:44,2026-09-24T07:10:44,2026-09-24T07:10:44
6751,智聯服務,2021-01-15,73.0,-4.200000000000003,-5.44%,,25.8,,,,,,,ShowDailyK_ChartFlow,FinMind_API_TaiwanStockPrice_6751,True,2026-09-24T07:10:44,2026-09-24T07:10:44,2026-09-24T07:10:44
6751,智聯服務,2021-01-18,75.5,2.5,3.42%,,26.68,,,,,,,ShowDailyK_ChartFlow,FinMind_API_TaiwanStockPrice_6751,True,2026-09-24T07:10:44,2026-09-24T07:10:44,2026-09-24T07:10:44
6751,智聯服務,2021-01-19,74.5,-1.0,-1.32%,,26.33,,,,,,,ShowDailyK_ChartFlow,FinMind_API_TaiwanStockPrice_6751,True,2026-09-24T07:10:44,2026-09-24T07:10:44,2026-09-24T07:10:44
6751,智聯服務,2021-01-20,73.0,-1.5,-2.01%,,25.8,,,,,,,ShowDailyK_ChartFlow,FinMind_API_TaiwanStockPrice_6751,True,2026-09-24T07:10:44,2026-09-24T07:10:44,2026-09-24T07:10:44
6751,智聯服務,2021-01-21,75.0,2.0,2.74%,,26.5,,,,,,,ShowDailyK_ChartFlow,FinMind_API_TaiwanStockPrice_6751,True,2026-09-24T07:10:44,2026-09-24T07:10:44,2026-09-24T07:10:44
6751,智聯服務,2021-01-22,75.4,0.4000000000000057,0.53%,,26.64,,,,,,,ShowDailyK_ChartFlow,FinMind_API_TaiwanStockPrice_6751,True,2026-09-24T07:10:44,2026-09-24T07:10:44,2026-09-24T07:10:44
6751,智聯服務,2021-01-25,75.5,0.09999999999999432,0.13%,,26.68,,,,,,,ShowDailyK_ChartFlow,FinMind_API_TaiwanStockPrice_6751,True,2026-09-24T07:10:44,2026-09-24T07:10:44,2026-09-24T07:10:44
6751,智聯服務,2021-01-26,74.5,-1.0,-1.32%,,26.33,,,,,,,ShowDailyK_ChartFlow,FinMind_API_TaiwanStockPrice_6751,True,2026-09-24T07:10:44,2026-09-24T07:10:44,2026-09-24T07:10:44
6751,智聯服務,2021-01-27,76.2,1.7000000000000028,2.28%,,26.93,,,,,,,ShowDailyK_ChartFlow,FinMind_API_TaiwanStockPrice_6751,True,2026-09-24T07:10:44,2026-09-24T07:10:44,2026-09-24T07:10:44
6751,智聯服務,2021-01-28,76.2,0.0,0.00%,,26.93,,,,,,,ShowDailyK_ChartFlow,FinMind_API_TaiwanStockPrice_6751,True,2026-09-24T07:10:44,2026-09-24T07:10:44,2026-09-24T07:10:44
6751,智聯服務,2021-01-29,74.0,-2.200000000000003,-2.89%,,26.15,,,,,,,ShowDailyK_ChartFlow,FinMind_API_TaiwanStockPrice_6751,True,2026-09-24T07:10:44,2026-09-24T07:10:44,2026-09-24T07:10:44
6751,智聯服務,2021-02-01,73.5,-0.5,-0.68%,,25.97,,,,,,,ShowDailyK_ChartFlow,FinMind_API_TaiwanStockPrice_6751,True,2026-09-24T07:10:44,2026-09-24T07:10:44,2026-09-24T07:10:44
6751,智聯服務,2021-02-02,72.0,-1.5,-2.04%,,25.44,,,,,,,ShowDailyK_ChartFlow,FinMind_API_TaiwanStockPrice_6751,True,2026-09-24T07:10:44,2026-09-24T07:10:44,2026-09-24T07:10:44
6751,智聯服務,2021-02-03,71.8,-0.20000000000000284,-0.28%,,25.37,,,,,,,ShowDailyK_ChartFlow,FinMind_API_TaiwanStockPrice_6751,True,2026-09-24T07:10:44,2026-09-24T07:10:44,2026-09-24T07:10:44
6751,智聯服務,2021-02-04,72.0,0.20000000000000284,0.28%,,25.44,,,,,,,ShowDailyK_ChartFlow,FinMind_API_TaiwanStockPrice_6751,True,2026-09-24T07:10:44,2026-09-24T07:10:44,2026-09-24T07:10:44
6751,智聯服務,2021-02-05,71.1,-0.9000000000000057,-1.25%,,25.12,,,,,,,ShowDailyK_ChartFlow,FinMind_API_TaiwanStockPrice_6751,True,2026-09-24T07:10:44,2026-09-24T07:10:44,2026-09-24T07:10:44
6751,智聯服務,2021-02-17,70.5,-0.5999999999999943,-0.84%,,24.91,,,,,,,ShowDailyK_ChartFlow,FinMind_API_TaiwanStockPrice_6751,True,2026-09-24T07:10:44,2026-09-24T07:10:44,2026-09-24T07:10:44
6751,智聯服務,2021-02-18,71.9,1.4000000000000057,1.99%,,25.41,,,,,,,ShowDailyK_ChartFlow,FinMind_API_TaiwanStockPrice_6751,True,2026-09-24T07:10:44,2026-09-24T07:10:44,2026-09-24T07:10:44
6751,智聯服務,2021-02-19,72.6,0.6999999999999886,0.97%,,25.65,,,,,,,ShowDailyK_ChartFlow,FinMind_API_TaiwanStockPrice_6751,True,2026-09-24T07:10:44,2026-09-24T07:10:44,2026-09-24T07:10:44
6751,智聯服務,2021-02-22,73.5,0.9000000000000057,1.24%,,25.97,,,,,,,ShowDailyK_ChartFlow,FinMind_API_TaiwanStockPrice_6751,True,2026-09-24T07:10:44,2026-09-24T07:10:44,2026-09-24T07:10:44
6751,智聯服務,2021-02-23,74.2,0.7000000000000028,0.95%,,26.22,,,,,,,ShowDailyK_ChartFlow,FinMind_API_TaiwanStockPrice_6751,True,2026-09-24T07:10:44,2026-09-24T07:10:44,2026-09-24T07:10:44
6751,智聯服務,2021-02-24,81.6,7.3999999999999915,9.97%,,28.83,,,,,,,ShowDailyK_ChartFlow,FinMind_API_TaiwanStockPrice_6751,True,2026-09-24T07:10:44,2026-09-24T07:10:44,2026-09-24T07:10:44
6751,智聯服務,2021-02-25,77.8,-3.799999999999997,-4.66%,,27.49,,,,,,,ShowDailyK_ChartFlow,FinMind_API_TaiwanStockPrice_6751,True,2026-09-24T07:10:44,2026-09-24T07:10:44,2026-09-24T07:10:44
6751,智聯服務,2021-02-26,78.7,0.9000000000000057,1.16%,,27.81,,,,,,,ShowDailyK_ChartFlow,FinMind_API_TaiwanStockPrice_6751,True,2026-09-24T07:10:44,2026-09-24T07:10:44,2026-09-24T07:10:44
6751,智聯服務,2021-03-02,75.7,-3.0,-3.81%,,26.75,,,,,,,ShowDailyK_ChartFlow,FinMind_API_TaiwanStockPrice_6751,True,2026-09-24T07:10:44,2026-09-24T07:10:44,2026-09-24T07:10:44
6751,智聯服務,2021-03-03,77.9,2.200000000000003,2.91%,,27.53,,,,,,,ShowDailyK_ChartFlow,FinMind_API_TaiwanStockPrice_6751,True,2026-09-24T07:10:44,2026-09-24T07:10:44,2026-09-24T07:10:44
6751,智聯服務,2021-03-04,76.7,-1.2000000000000028,-1.54%,,27.1,,,,,,,ShowDailyK_ChartFlow,FinMind_API_TaiwanStockPrice_6751,True,2026-09-24T07:10:44,2026-09-24T07:10:44,2026-09-24T07:10:44
6751,智聯服務,2021-03-05,77.1,0.3999999999999915,0.52%,,27.24,,,,,,,ShowDailyK_ChartFlow,FinMind_API_TaiwanStockPrice_6751,True,2026-09-24T07:10:44,2026-09-24T07:10:44,2026-09-24T07:10:44
6751,智聯服務,2021-03-08,77.0,-0.09999999999999432,-0.13%,,27.21,,,,,,,ShowDailyK_ChartFlow,FinMind_API_TaiwanStockPrice_6751,True,2026-09-24T07:10:44,2026-09-24T07:10:44,2026-09-24T07:10:44
6751,智聯服務,2021-03-09,77.0,0.0,0.00%,,27.21,,,,,,,ShowDailyK_ChartFlow,FinMind_API_TaiwanStockPrice_6751,True,2026-09-24T07:10:44,2026-09-24T07:10:44,2026-09-24T07:10:44
6751,智聯服務,2021-03-10,76.2,-0.7999999999999972,-1.04%,,26.93,,,,,,,ShowDailyK_ChartFlow,FinMind_API_TaiwanStockPrice_6751,True,2026-09-24T07:10:44,2026-09-24T07:10:44,2026-09-24T07:10:44
6751,智聯服務,2021-03-11,76.9,0.7000000000000028,0.92%,,27.17,,,,,,,ShowDailyK_ChartFlow,FinMind_API_TaiwanStockPrice_6751,True,2026-09-24T07:10:44,2026-09-24T07:10:44,2026-09-24T07:10:44
6751,智聯服務,2021-03-12,77.4,0.5,0.65%,,27.35,,,,,,,ShowDailyK_ChartFlow,FinMind_API_TaiwanStockPrice_6751,True,2026-09-24T07:10:44,2026-09-24T07:10:44,2026-09-24T07:10:44
6751,智聯服務,2021-03-15,77.9,0.5,0.65%,,27.53,,,,,,,ShowDailyK_ChartFlow,FinMind_API_TaiwanStockPrice_6751,True,2026-09-24T07:10:44,2026-09-24T07:10:44,2026-09-24T07:10:44
6751,智聯服務,2021-03-16,0.0,-77.9,-100.00%,,27.53,,,,,,,ShowDailyK_ChartFlow,FinMind_API_TaiwanStockPrice_6751,True,2026-09-24T07:10:44,2026-09-24T07:10:44,2026-09-24T07:10:44
6751,智聯服務,2021-03-17,78.2,78.2,,,28.33,,,,,,,ShowDailyK_ChartFlow,FinMind_API_TaiwanStockPrice_6751,True,2026-09-24T07:10:44,2026-09-24T07:10:44,2026-09-24T07:10:44
6751,智聯服務,2021-03-18,79.0,0.7999999999999972,1.02%,,28.62,,,,,,,ShowDailyK_ChartFlow,FinMind_API_TaiwanStockPrice_6751,True,2026-09-24T07:10:44,2026-09-24T07:10:44,2026-09-24T07:10:44
6751,智聯服務,2021-03-19,76.1,-2.9000000000000057,-3.67%,,27.57,,,,,,,ShowDailyK_ChartFlow,FinMind_API_TaiwanStockPrice_6751,True,2026-09-24T07:10:44,2026-09-24T07:10:44,2026-09-24T07:10:44
6751,智聯服務,2021-03-22,75.7,-0.3999999999999915,-0.53%,,27.43,,,,,,,ShowDailyK_ChartFlow,FinMind_API_TaiwanStockPrice_6751,True,2026-09-24T07:10:44,2026-09-24T07:10:44,2026-09-24T07:10:44
6751,智聯服務,2021-03-23,76.5,0.7999999999999972,1.06%,,27.72,,,,,,,ShowDailyK_ChartFlow,FinMind_API_TaiwanStockPrice_6751,True,2026-09-24T07:10:44,2026-09-24T07:10:44,2026-09-24T07:10:44
6751,智聯服務,2021-03-24,76.0,-0.5,-0.65%,,27.54,,,,,,,ShowDailyK_ChartFlow,FinMind_API_TaiwanStockPrice_6751,True,2026-09-24T07:10:44,2026-09-24T07:10:44,2026-09-24T07:10:44
6751,智聯服務,2021-03-25,77.5,1.5,1.97%,,28.08,,,,,,,ShowDailyK_ChartFlow,FinMind_API_TaiwanStockPrice_6751,True,2026-09-24T07:10:44,2026-09-24T07:10:44,2026-09-24T07:10:44
6751,智聯服務,2021-03-26,77.0,-0.5,-0.65%,,27.9,,,,,,,ShowDailyK_ChartFlow,FinMind_API_TaiwanStockPrice_6751,True,2026-09-24T07:10:44,2026-09-24T07:10:44,2026-09-24T07:10:44
6751,智聯服務,2021-03-29,77.5,0.5,0.65%,,28.08,,,,,,,ShowDailyK_ChartFlow,FinMind_API_TaiwanStockPrice_6751,True,2026-09-24T07:10:44,2026-09-24T07:10:44,2026-09-24T07:10:44
6751,智聯服務,2021-03-30,77.1,-0.4000000000000057,-0.52%,,27.93,,,,,,,ShowDailyK_ChartFlow,FinMind_API_TaiwanStockPrice_6751,True,2026-09-24T07:10:44,2026-09-24T07:10:44,2026-09-24T07:10:44
6751,智聯服務,2021-03-31,77.7,0.6000000000000085,0.78%,0.49,28.15,7.35,8.82,10.29,11.76,13.23,14.7,ShowDailyK_ChartFlow,FinMind_API_TaiwanStockPrice_6751,True,2026-09-24T07:10:44,2026-09-24T07:10:44,2026-09-24T07:10:44
6751,智聯服務,2021-04-01,77.9,0.20000000000000284,0.26%,0.49,28.22,7.35,8.82,10.29,11.76,13.23,14.7,ShowDailyK_ChartFlow,FinMind_API_TaiwanStockPrice_6751,True,2026-09-24T07:10:44,2026-09-24T07:10:44,2026-09-24T07:10:44
6751,智聯服務,2021-04-06,81.4,3.5,4.49%,0.49,29.49,7.35,8.82,10.29,11.76,13.23,14.7,ShowDailyK_ChartFlow,FinMind_API_TaiwanStockPrice_6751,True,2026-09-24T07:10:44,2026-09-24T07:10:44,2026-09-24T07:10:44
6751,智聯服務,2021-04-07,80.9,-0.5,-0.61%,0.49,29.31,7.35,8.82,10.29,11.76,13.23,14.7,ShowDailyK_ChartFlow,FinMind_API_TaiwanStockPrice_6751,True,2026-09-24T07:10:44,2026-09-24T07:10:44,2026-09-24T07:10:44
6751,智聯服務,2021-04-08,80.0,-0.9000000000000057,-1.11%,0.49,28.99,7.35,8.82,10.29,11.76,13.23,14.7,ShowDailyK_ChartFlow,FinMind_API_TaiwanStockPrice_6751,True,2026-09-24T07:10:44,2026-09-24T07:10:44,2026-09-24T07:10:44
6751,智聯服務,2021-04-09,81.2,1.2000000000000028,1.50%,0.49,29.42,7.35,8.82,10.29,11.76,13.23,14.7,ShowDailyK_ChartFlow,FinMind_API_TaiwanStockPrice_6751,True,2026-09-24T07:10:44,2026-09-24T07:10:44,2026-09-24T07:10:44
6751,智聯服務,2021-04-12,82.5,1.2999999999999972,1.60%,0.49,29.89,7.35,8.82,10.29,11.76,13.23,14.7,ShowDailyK_ChartFlow,FinMind_API_TaiwanStockPrice_6751,True,2026-09-24T07:10:44,2026-09-24T07:10:44,2026-09-24T07:10:44
6751,智聯服務,2021-04-13,78.1,-4.400000000000006,-5.33%,0.49,28.3,7.35,8.82,10.29,11.76,13.23,14.7,ShowDailyK_ChartFlow,FinMind_API_TaiwanStockPrice_6751,True,2026-09-24T07:10:44,2026-09-24T07:10:44,2026-09-24T07:10:44
6751,智聯服務,2021-04-14,78.0,-0.09999999999999432,-0.13%,0.49,28.26,7.35,8.82,10.29,11.76,13.23,14.7,ShowDailyK_ChartFlow,FinMind_API_TaiwanStockPrice_6751,True,2026-09-24T07:10:44,2026-09-24T07:10:44,2026-09-24T07:10:44
6751,智聯服務,2021-04-15,78.0,0.0,0.00%,0.49,28.26,7.35,8.82,10.29,11.76,13.23,14.7,ShowDailyK_ChartFlow,FinMind_API_TaiwanStockPrice_6751,True,2026-09-24T07:10:44,2026-09-24T07:10:44,2026-09-24T07:10:44
6751,智聯服務,2021-04-16,0.0,-78.0,-100.00%,0.49,28.26,7.35,8.82,10.29,11.76,13.23,14.7,ShowDailyK_ChartFlow,FinMind_API_TaiwanStockPrice_6751,True,2026-09-24T07:10:44,2026-09-24T07:10:44,2026-09-24T07:10:44
6751,智聯服務,2021-04-19,79.8,79.8,,0.49,28.91,7.35,8.82,10.29,11.76,13.23,14.7,ShowDailyK_ChartFlow,FinMind_API_TaiwanStockPrice_6751,True,2026-09-24T07:10:44,2026-09-24T07:10:44,2026-09-24T07:10:44
6751,智聯服務,2021-04-20,79.9,0.10000000000000853,0.13%,0.49,28.95,7.35,8.82,10.29,11.76,13.23,14.7,ShowDailyK_ChartFlow,FinMind_API_TaiwanStockPrice_6751,True,2026-09-24T07:10:44,2026-09-24T07:10:44,2026-09-24T07:10:44
6751,智聯服務,2021-04-21,79.5,-0.4000000000000057,-0.50%,0.49,28.8,7.35,8.82,10.29,11.76,13.23,14.7,ShowDailyK_ChartFlow,FinMind_API_TaiwanStockPrice_6751,True,2026-09-24T07:10:44,2026-09-24T07:10:44,2026-09-24T07:10:44
6751,智聯服務,2021-04-22,77.8,-1.7000000000000028,-2.14%,0.49,28.19,7.35,8.82,10.29,11.76,13.23,14.7,ShowDailyK_ChartFlow,FinMind_API_TaiwanStockPrice_6751,True,2026-09-24T07:10:44,2026-09-24T07:10:44,2026-09-24T07:10:44
6751,智聯服務,2021-04-23,78.0,0.20000000000000284,0.26%,0.49,28.26,7.35,8.82,10.29,11.76,13.23,14.7,ShowDailyK_ChartFlow,FinMind_API_TaiwanStockPrice_6751,True,2026-09-24T07:10:44,2026-09-24T07:10:44,2026-09-24T07:10:44
6751,智聯服務,2021-04-26,78.8,0.7999999999999972,1.03%,0.49,28.55,7.35,8.82,10.29,11.76,13.23,14.7,ShowDailyK_ChartFlow,FinMind_API_TaiwanStockPrice_6751,True,2026-09-24T07:10:44,2026-09-24T07:10:44,2026-09-24T07:10:44
6751,智聯服務,2021-04-27,78.5,-0.29999999999999716,-0.38%,0.49,28.44,7.35,8.82,10.29,11.76,13.23,14.7,ShowDailyK_ChartFlow,FinMind_API_TaiwanStockPrice_6751,True,2026-09-24T07:10:44,2026-09-24T07:10:44,2026-09-24T07:10:44
6751,智聯服務,2021-04-28,76.9,-1.5999999999999943,-2.04%,0.49,27.86,7.35,8.82,10.29,11.76,13.23,14.7,ShowDailyK_ChartFlow,FinMind_API_TaiwanStockPrice_6751,True,2026-09-24T07:10:44,2026-09-24T07:10:44,2026-09-24T07:10:44
6751,智聯服務,2021-04-29,75.2,-1.7000000000000028,-2.21%,0.49,27.25,7.35,8.82,10.29,11.76,13.23,14.7,ShowDailyK_ChartFlow,FinMind_API_TaiwanStockPrice_6751,True,2026-09-24T07:10:44,2026-09-24T07:10:44,2026-09-24T07:10:44
6751,智聯服務,2021-05-03,73.0,-2.200000000000003,-2.93%,0.49,26.45,7.35,8.82,10.29,11.76,13.23,14.7,ShowDailyK_ChartFlow,FinMind_API_TaiwanStockPrice_6751,True,2026-09-24T07:10:44,2026-09-24T07:10:44,2026-09-24T07:10:44
6751,智聯服務,2021-05-04,74.9,1.9000000000000057,2.60%,0.49,27.14,7.35,8.82,10.29,11.76,13.23,14.7,ShowDailyK_ChartFlow,FinMind_API_TaiwanStockPrice_6751,True,2026-09-24T07:10:44,2026-09-24T07:10:44,2026-09-24T07:10:44
6751,智聯服務,2021-05-05,74.0,-0.9000000000000057,-1.20%,0.49,33.18,7.35,8.82,10.29,11.76,13.23,14.7,ShowDailyK_ChartFlow,FinMind_API_TaiwanStockPrice_6751,True,2026-09-24T07:10:44,2026-09-24T07:10:44,2026-09-24T07:10:44
6751,智聯服務,2021-05-06,73.4,-0.5999999999999943,-0.81%,0.49,32.91,7.35,8.82,10.29,11.76,13.23,14.7,ShowDailyK_ChartFlow,FinMind_API_TaiwanStockPrice_6751,True,2026-09-24T07:10:44,2026-09-24T07:10:44,2026-09-24T07:10:44
6751,智聯服務,2021-05-07,73.5,0.09999999999999432,0.14%,0.49,32.96,7.35,8.82,10.29,11.76,13.23,14.7,ShowDailyK_ChartFlow,FinMind_API_TaiwanStockPrice_6751,True,2026-09-24T07:10:44,2026-09-24T07:10:44,2026-09-24T07:10:44
6751,智聯服務,2021-05-10,73.8,0.29999999999999716,0.41%,0.49,33.09,7.35,8.82,10.29,11.76,13.23,14.7,ShowDailyK_ChartFlow,FinMind_API_TaiwanStockPrice_6751,True,2026-09-24T07:10:44,2026-09-24T07:10:44,2026-09-24T07:10:44
6751,智聯服務,2021-05-11,71.7,-2.0999999999999943,-2.85%,0.49,32.15,7.35,8.82,10.29,11.76,13.23,14.7,ShowDailyK_ChartFlow,FinMind_API_TaiwanStockPrice_6751,True,2026-09-24T07:10:44,2026-09-24T07:10:44,2026-09-24T07:10:44
6751,智聯服務,2021-05-12,67.0,-4.700000000000003,-6.56%,0.49,30.04,7.35,8.82,10.29,11.76,13.23,14.7,ShowDailyK_ChartFlow,FinMind_API_TaiwanStockPrice_6751,True,2026-09-24T07:10:44,2026-09-24T07:10:44,2026-09-24T07:10:44
6751,智聯服務,2021-05-13,73.2,6.200000000000003,9.25%,0.49,32.83,7.35,8.82,10.29,11.76,13.23,14.7,ShowDailyK_ChartFlow,FinMind_API_TaiwanStockPrice_6751,True,2026-09-24T07:10:44,2026-09-24T07:10:44,2026-09-24T07:10:44
6751,智聯服務,2021-05-14,71.0,-2.200000000000003,-3.01%,0.49,31.84,7.35,8.82,10.29,11.76,13.23,14.7,ShowDailyK_ChartFlow,FinMind_API_TaiwanStockPrice_6751,True,2026-09-24T07:10:44,2026-09-24T07:10:44,2026-09-24T07:10:44
6751,智聯服務,2021-05-17,69.9,-1.0999999999999943,-1.55%,0.49,31.35,7.35,8.82,10.29,11.76,13.23,14.7,ShowDailyK_ChartFlow,FinMind_API_TaiwanStockPrice_6751,True,2026-09-24T07:10:44,2026-09-24T07:10:44,2026-09-24T07:10:44
6751,智聯服務,2021-05-18,69.4,-0.5,-0.72%,0.49,31.12,7.35,8.82,10.29,11.76,13.23,14.7,ShowDailyK_ChartFlow,FinMind_API_TaiwanStockPrice_6751,True,2026-09-24T07:10:44,2026-09-24T07:10:44,2026-09-24T07:10:44
6751,智聯服務,2021-05-19,66.2,-3.200000000000003,-4.61%,0.49,29.69,7.35,8.82,10.29,11.76,13.23,14.7,ShowDailyK_ChartFlow,FinMind_API_TaiwanStockPrice_6751,True,2026-09-24T07:10:44,2026-09-24T07:10:44,2026-09-24T07:10:44
6751,智聯服務,2021-05-20,65.9,-0.29999999999999716,-0.45%,0.49,29.55,7.35,8.82,10.29,11.76,13.23,14.7,ShowDailyK_ChartFlow,FinMind_API_TaiwanStockPrice_6751,True,2026-09-24T07:10:44,2026-09-24T07:10:44,2026-09-24T07:10:44
6751,智聯服務,2021-05-21,64.8,-1.1000000000000085,-1.67%,0.49,29.06,7.35,8.82,10.29,11.76,13.23,14.7,ShowDailyK_ChartFlow,FinMind_API_TaiwanStockPrice_6751,True,2026-09-24T07:10:44,2026-09-24T07:10:44,2026-09-24T07:10:44
6751,智聯服務,2021-05-24,64.1,-0.7000000000000028,-1.08%,0.49,28.74,7.35,8.82,10.29,11.76,13.23,14.7,ShowDailyK_ChartFlow,FinMind_API_TaiwanStockPrice_6751,True,2026-09-24T07:10:44,2026-09-24T07:10:44,2026-09-24T07:10:44
6751,智聯服務,2021-05-25,67.7,3.6000000000000085,5.62%,0.49,30.36,7.35,8.82,10.29,11.76,13.23,14.7,ShowDailyK_ChartFlow,FinMind_API_TaiwanStockPrice_6751,True,2026-09-24T07:10:44,2026-09-24T07:10:44,2026-09-24T07:10:44
6751,智聯服務,2021-05-26,68.1,0.3999999999999915,0.59%,0.49,30.54,7.35,8.82,10.29,11.76,13.23,14.7,ShowDailyK_ChartFlow,FinMind_API_TaiwanStockPrice_6751,True,2026-09-24T07:10:44,2026-09-24T07:10:44,2026-09-24T07:10:44
6751,智聯服務,2021-05-27,64.1,-4.0,-5.87%,0.49,28.74,7.35,8.82,10.29,11.76,13.23,14.7,ShowDailyK_ChartFlow,FinMind_API_TaiwanStockPrice_6751,True,2026-09-24T07:10:44,2026-09-24T07:10:44,2026-09-24T07:10:44
6751,智聯服務,2021-05-28,63.5,-0.5999999999999943,-0.94%,0.49,28.48,7.35,8.82,10.29,11.76,13.23,14.7,ShowDailyK_ChartFlow,FinMind_API_TaiwanStockPrice_6751,True,2026-09-24T07:10:44,2026-09-24T07:10:44,2026-09-24T07:10:44
6751,智聯服務,2021-05-31,63.8,0.29999999999999716,0.47%,0.49,28.61,7.35,8.82,10.29,11.76,13.23,14.7,ShowDailyK_ChartFlow,FinMind_API_TaiwanStockPrice_6751,True,2026-09-24T07:10:44,2026-09-24T07:10:44,2026-09-24T07:10:44
6751,智聯服務,2021-06-01,63.5,-0.29999999999999716,-0.47%,0.49,28.48,7.35,8.82,10.29,11.76,13.23,14.7,ShowDailyK_ChartFlow,FinMind_API_TaiwanStockPrice_6751,True,2026-09-24T07:10:44,2026-09-24T07:10:44,2026-09-24T07:10:44
6751,智聯服務,2021-06-02,62.5,-1.0,-1.57%,0.49,28.03,7.35,8.82,10.29,11.76,13.23,14.7,ShowDailyK_ChartFlow,FinMind_API_TaiwanStockPrice_6751,True,2026-09-24T07:10:44,2026-09-24T07:10:44,2026-09-24T07:10:44
6751,智聯服務,2021-06-03,63.0,0.5,0.80%,0.49,28.25,7.35,8.82,10.29,11.76,13.23,14.7,ShowDailyK_ChartFlow,FinMind_API_TaiwanStockPrice_6751,True,2026-09-24T07:10:44,2026-09-24T07:10:44,2026-09-24T07:10:44
6751,智聯服務,2021-06-04,62.8,-0.20000000000000284,-0.32%,0.49,28.16,7.35,8.82,10.29,11.76,13.23,14.7,ShowDailyK_ChartFlow,FinMind_API_TaiwanStockPrice_6751,True,2026-09-24T07:10:44,2026-09-24T07:10:44,2026-09-24T07:10:44
6751,智聯服務,2021-06-07,62.2,-0.5999999999999943,-0.96%,0.49,27.89,7.35,8.82,10.29,11.76,13.23,14.7,ShowDailyK_ChartFlow,FinMind_API_TaiwanStockPrice_6751,True,2026-09-24T07:10:44,2026-09-24T07:10:44,2026-09-24T07:10:44
6751,智聯服務,2021-06-08,63.8,1.5999999999999943,2.57%,0.49,28.61,7.35,8.82,10.29,11.76,13.23,14.7,ShowDailyK_ChartFlow,FinMind_API_TaiwanStockPrice_6751,True,2026-09-24T07:10:44,2026-09-24T07:10:44,2026-09-24T07:10:44
6751,智聯服務,2021-06-09,63.7,-0.09999999999999432,-0.16%,0.49,28.57,7.35,8.82,10.29,11.76,13.23,14.7,ShowDailyK_ChartFlow,FinMind_API_TaiwanStockPrice_6751,True,2026-09-24T07:10:44,2026-09-24T07:10:44,2026-09-24T07:10:44
6751,智聯服務,2021-06-10,63.1,-0.6000000000000014,-0.94%,0.49,28.3,7.35,8.82,10.29,11.76,13.23,14.7,ShowDailyK_ChartFlow,FinMind_API_TaiwanStockPrice_6751,True,2026-09-24T07:10:44,2026-09-24T07:10:44,2026-09-24T07:10:44
6751,智聯服務,2021-06-11,64.3,1.1999999999999957,1.90%,0.49,28.83,7.35,8.82,10.29,11.76,13.23,14.7,ShowDailyK_ChartFlow,FinMind_API_TaiwanStockPrice_6751,True,2026-09-24T07:10:44,2026-09-24T07:10:44,2026-09-24T07:10:44
6751,智聯服務,2021-06-15,64.1,-0.20000000000000284,-0.31%,0.49,28.74,7.35,8.82,10.29,11.76,13.23,14.7,ShowDailyK_ChartFlow,FinMind_API_TaiwanStockPrice_6751,True,2026-09-24T07:10:44,2026-09-24T07:10:44,2026-09-24T07:10:44
6751,智聯服務,2021-06-16,64.5,0.4000000000000057,0.62%,0.49,28.92,7.35,8.82,10.29,11.76,13.23,14.7,ShowDailyK_ChartFlow,FinMind_API_TaiwanStockPrice_6751,True,2026-09-24T07:10:44,2026-09-24T07:10:44,2026-09-24T07:10:44
6751,智聯服務,2021-06-17,66.0,1.5,2.33%,0.49,29.6,7.35,8.82,10.29,11.76,13.23,14.7,ShowDailyK_ChartFlow,FinMind_API_TaiwanStockPrice_6751,True,2026-09-24T07:10:44,2026-09-24T07:10:44,2026-09-24T07:10:44
6751,智聯服務,2021-06-18,67.4,1.4000000000000057,2.12%,0.49,30.22,7.35,8.82,10.29,11.76,13.23,14.7,ShowDailyK_ChartFlow,FinMind_API_TaiwanStockPrice_6751,True,2026-09-24T07:10:44,2026-09-24T07:10:44,2026-09-24T07:10:44
6751,智聯服務,2021-06-21,68.6,1.1999999999999886,1.78%,0.49,30.76,7.35,8.82,10.29,11.76,13.23,14.7,ShowDailyK_ChartFlow,FinMind_API_TaiwanStockPrice_6751,True,2026-09-24T07:10:44,2026-09-24T07:10:44,2026-09-24T07:10:44
6751,智聯服務,2021-06-22,66.3,-2.299999999999997,-3.35%,0.49,29.73,7.35,8.82,10.29,11.76,13.23,14.7,ShowDailyK_ChartFlow,FinMind_API_TaiwanStockPrice_6751,True,2026-09-24T07:10:44,2026-09-24T07:10:44,2026-09-24T07:10:44
6751,智聯服務,2021-06-23,68.0,1.7000000000000028,2.56%,0.49,30.49,7.35,8.82,10.29,11.76,13.23,14.7,ShowDailyK_ChartFlow,FinMind_API_TaiwanStockPrice_6751,True,2026-09-24T07:10:44,2026-09-24T07:10:44,2026-09-24T07:10:44
6751,智聯服務,2021-06-24,68.0,0.0,0.00%,0.49,30.49,7.35,8.82,10.29,11.76,13.23,14.7,ShowDailyK_ChartFlow,FinMind_API_TaiwanStockPrice_6751,True,2026-09-24T07:10:44,2026-09-24T07:10:44,2026-09-24T07:10:44
6751,智聯服務,2021-06-25,64.5,-3.5,-5.15%,0.49,28.92,7.35,8.82,10.29,11.76,13.23,14.7,ShowDailyK_ChartFlow,FinMind_API_TaiwanStockPrice_6751,True,2026-09-24T07:10:44,2026-09-24T07:10:44,2026-09-24T07:10:44
6751,智聯服務,2021-06-28,65.0,0.5,0.78%,0.49,29.15,7.35,8.82,10.29,11.76,13.23,14.7,ShowDailyK_ChartFlow,FinMind_API_TaiwanStockPrice_6751,True,2026-09-24T07:10:44,2026-09-24T07:10:44,2026-09-24T07:10:44
6751,智聯服務,2021-06-29,64.9,-0.09999999999999432,-0.15%,0.49,29.1,7.35,8.82,10.29,11.76,13.23,14.7,ShowDailyK_ChartFlow,FinMind_API_TaiwanStockPrice_6751,True,2026-09-24T07:10:44,2026-09-24T07:10:44,2026-09-24T07:10:44
6751,智聯服務,2021-06-30,63.0,-1.9000000000000057,-2.93%,1.28,28.25,19.2,23.04,26.88,30.72,34.56,38.4,ShowDailyK_ChartFlow,FinMind_API_TaiwanStockPrice_6751,True,2026-09-24T07:10:44,2026-09-24T07:10:44,2026-09-24T07:10:44
6751,智聯服務,2021-07-01,62.5,-0.5,-0.79%,1.28,28.03,19.2,23.04,26.88,30.72,34.56,38.4,ShowDailyK_ChartFlow,FinMind_API_TaiwanStockPrice_6751,True,2026-09-24T07:10:44,2026-09-24T07:10:44,2026-09-24T07:10:44
6751,智聯服務,2021-07-02,63.0,0.5,0.80%,1.28,28.25,19.2,23.04,26.88,30.72,34.56,38.4,ShowDailyK_ChartFlow,FinMind_API_TaiwanStockPrice_6751,True,2026-09-24T07:10:44,2026-09-24T07:10:44,2026-09-24T07:10:44
6751,智聯服務,2021-07-05,63.8,0.7999999999999972,1.27%,1.28,28.61,19.2,23.04,26.88,30.72,34.56,38.4,ShowDailyK_ChartFlow,FinMind_API_TaiwanStockPrice_6751,True,2026-09-24T07:10:44,2026-09-24T07:10:44,2026-09-24T07:10:44
6751,智聯服務,2021-07-06,64.4,0.6000000000000085,0.94%,1.28,28.88,19.2,23.04,26.88,30.72,34.56,38.4,ShowDailyK_ChartFlow,FinMind_API_TaiwanStockPrice_6751,True,2026-09-24T07:10:44,2026-09-24T07:10:44,2026-09-24T07:10:44
6751,智聯服務,2021-07-07,64.8,0.3999999999999915,0.62%,1.28,29.06,19.2,23.04,26.88,30.72,34.56,38.4,ShowDailyK_ChartFlow,FinMind_API_TaiwanStockPrice_6751,True,2026-09-24T07:10:44,2026-09-24T07:10:44,2026-09-24T07:10:44
6751,智聯服務,2021-07-08,64.2,-0.5999999999999943,-0.93%,1.28,28.79,19.2,23.04,26.88,30.72,34.56,38.4,ShowDailyK_ChartFlow,FinMind_API_TaiwanStockPrice_6751,True,2026-09-24T07:10:44,2026-09-24T07:10:44,2026-09-24T07:10:44
6751,智聯服務,2021-07-09,63.6,-0.6000000000000014,-0.93%,1.28,28.52,19.2,23.04,26.88,30.72,34.56,38.4,ShowDailyK_ChartFlow,FinMind_API_TaiwanStockPrice_6751,True,2026-09-24T07:10:44,2026-09-24T07:10:44,2026-09-24T07:10:44
6751,智聯服務,2021-07-12,66.7,3.1000000000000014,4.87%,1.28,29.91,19.2,23.04,26.88,30.72,34.56,38.4,ShowDailyK_ChartFlow,FinMind_API_TaiwanStockPrice_6751,True,2026-09-24T07:10:44,2026-09-24T07:10:44,2026-09-24T07:10:44
6751,智聯服務,2021-07-13,65.1,-1.6000000000000085,-2.40%,1.28,29.19,19.2,23.04,26.88,30.72,34.56,38.4,ShowDailyK_ChartFlow,FinMind_API_TaiwanStockPrice_6751,True,2026-09-24T07:10:44,2026-09-24T07:10:44,2026-09-24T07:10:44
6751,智聯服務,2021-07-14,64.1,-1.0,-1.54%,1.28,28.74,19.2,23.04,26.88,30.72,34.56,38.4,ShowDailyK_ChartFlow,FinMind_API_TaiwanStockPrice_6751,True,2026-09-24T07:10:44,2026-09-24T07:10:44,2026-09-24T07:10:44
6751,智聯服務,2021-07-15,64.4,0.30000000000001137,0.47%,1.28,28.88,19.2,23.04,26.88,30.72,34.56,38.4,ShowDailyK_ChartFlow,FinMind_API_TaiwanStockPrice_6751,True,2026-09-24T07:10:44,2026-09-24T07:10:44,2026-09-24T07:10:44
6751,智聯服務,2021-07-16,63.8,-0.6000000000000085,-0.93%,1.28,28.61,19.2,23.04,26.88,30.72,34.56,38.4,ShowDailyK_ChartFlow,FinMind_API_TaiwanStockPrice_6751,True,2026-09-24T07:10:44,2026-09-24T07:10:44,2026-09-24T07:10:44
6751,智聯服務,2021-07-19,65.0,1.2000000000000028,1.88%,1.28,29.15,19.2,23.04,26.88,30.72,34.56,38.4,ShowDailyK_ChartFlow,FinMind_API_TaiwanStockPrice_6751,True,2026-09-24T07:10:44,2026-09-24T07:10:44,2026-09-24T07:10:44
6751,智聯服務,2021-07-20,64.0,-1.0,-1.54%,1.28,28.7,19.2,23.04,26.88,30.72,34.56,38.4,ShowDailyK_ChartFlow,FinMind_API_TaiwanStockPrice_6751,True,2026-09-24T07:10:44,2026-09-24T07:10:44,2026-09-24T07:10:44
6751,智聯服務,2021-07-21,63.5,-0.5,-0.78%,1.28,28.48,19.2,23.04,26.88,30.72,34.56,38.4,ShowDailyK_ChartFlow,FinMind_API_TaiwanStockPrice_6751,True,2026-09-24T07:10:44,2026-09-24T07:10:44,2026-09-24T07:10:44
6751,智聯服務,2021-07-22,64.7,1.2000000000000028,1.89%,1.28,29.01,19.2,23.04,26.88,30.72,34.56,38.4,ShowDailyK_ChartFlow,FinMind_API_TaiwanStockPrice_6751,True,2026-09-24T07:10:44,2026-09-24T07:10:44,2026-09-24T07:10:44
6751,智聯服務,2021-07-23,64.5,-0.20000000000000284,-0.31%,1.28,28.92,19.2,23.04,26.88,30.72,34.56,38.4,ShowDailyK_ChartFlow,FinMind_API_TaiwanStockPrice_6751,True,2026-09-24T07:10:44,2026-09-24T07:10:44,2026-09-24T07:10:44
6751,智聯服務,2021-07-26,65.4,0.9000000000000057,1.40%,1.28,29.33,19.2,23.04,26.88,30.72,34.56,38.4,ShowDailyK_ChartFlow,FinMind_API_TaiwanStockPrice_6751,True,2026-09-24T07:10:44,2026-09-24T07:10:44,2026-09-24T07:10:44
6751,智聯服務,2021-07-27,64.5,-0.9000000000000057,-1.38%,1.28,28.92,19.2,23.04,26.88,30.72,34.56,38.4,ShowDailyK_ChartFlow,FinMind_API_TaiwanStockPrice_6751,True,2026-09-24T07:10:44,2026-09-24T07:10:44,2026-09-24T07:10:44
6751,智聯服務,2021-07-28,64.5,0.0,0.00%,1.28,28.92,19.2,23.04,26.88,30.72,34.56,38.4,ShowDailyK_ChartFlow,FinMind_API_TaiwanStockPrice_6751,True,2026-09-24T07:10:44,2026-09-24T07:10:44,2026-09-24T07:10:44
6751,智聯服務,2021-07-29,65.5,1.0,1.55%,1.28,29.37,19.2,23.04,26.88,30.72,34.56,38.4,ShowDailyK_ChartFlow,FinMind_API_TaiwanStockPrice_6751,True,2026-09-24T07:10:44,2026-09-24T07:10:44,2026-09-24T07:10:44
6751,智聯服務,2021-07-30,64.3,-1.2000000000000028,-1.83%,1.28,28.83,19.2,23.04,26.88,30.72,34.56,38.4,ShowDailyK_ChartFlow,FinMind_API_TaiwanStockPrice_6751,True,2026-09-24T07:10:44,2026-09-24T07:10:44,2026-09-24T07:10:44
6751,智聯服務,2021-08-02,64.4,0.10000000000000853,0.16%,1.28,28.88,19.2,23.04,26.88,30.72,34.56,38.4,ShowDailyK_ChartFlow,FinMind_API_TaiwanStockPrice_6751,True,2026-09-24T07:10:44,2026-09-24T07:10:44,2026-09-24T07:10:44
6751,智聯服務,2021-08-03,64.4,0.0,0.00%,1.28,28.88,19.2,23.04,26.88,30.72,34.56,38.4,ShowDailyK_ChartFlow,FinMind_API_TaiwanStockPrice_6751,True,2026-09-24T07:10:44,2026-09-24T07:10:44,2026-09-24T07:10:44
6751,智聯服務,2021-08-04,64.6,0.19999999999998863,0.31%,1.28,28.33,19.2,23.04,26.88,30.72,34.56,38.4,ShowDailyK_ChartFlow,FinMind_API_TaiwanStockPrice_6751,True,2026-09-24T07:10:44,2026-09-24T07:10:44,2026-09-24T07:10:44
6751,智聯服務,2021-08-05,64.4,-0.19999999999998863,-0.31%,1.28,28.25,19.2,23.04,26.88,30.72,34.56,38.4,ShowDailyK_ChartFlow,FinMind_API_TaiwanStockPrice_6751,True,2026-09-24T07:10:44,2026-09-24T07:10:44,2026-09-24T07:10:44
6751,智聯服務,2021-08-06,64.0,-0.4000000000000057,-0.62%,1.28,28.07,19.2,23.04,26.88,30.72,34.56,38.4,ShowDailyK_ChartFlow,FinMind_API_TaiwanStockPrice_6751,True,2026-09-24T07:10:44,2026-09-24T07:10:44,2026-09-24T07:10:44
6751,智聯服務,2021-08-09,62.4,-1.6000000000000014,-2.50%,1.28,27.37,19.2,23.04,26.88,30.72,34.56,38.4,ShowDailyK_ChartFlow,FinMind_API_TaiwanStockPrice_6751,True,2026-09-24T07:10:44,2026-09-24T07:10:44,2026-09-24T07:10:44
6751,智聯服務,2021-08-10,62.5,0.10000000000000142,0.16%,1.28,27.41,19.2,23.04,26.88,30.72,34.56,38.4,ShowDailyK_ChartFlow,FinMind_API_TaiwanStockPrice_6751,True,2026-09-24T07:10:44,2026-09-24T07:10:44,2026-09-24T07:10:44
6751,智聯服務,2021-08-11,61.5,-1.0,-1.60%,1.28,26.97,19.2,23.04,26.88,30.72,34.56,38.4,ShowDailyK_ChartFlow,FinMind_API_TaiwanStockPrice_6751,True,2026-09-24T07:10:44,2026-09-24T07:10:44,2026-09-24T07:10:44
6751,智聯服務,2021-08-12,63.6,2.1000000000000014,3.41%,1.28,27.89,19.2,23.04,26.88,30.72,34.56,38.4,ShowDailyK_ChartFlow,FinMind_API_TaiwanStockPrice_6751,True,2026-09-24T07:10:44,2026-09-24T07:10:44,2026-09-24T07:10:44
6751,智聯服務,2021-08-13,60.0,-3.6000000000000014,-5.66%,1.28,26.32,19.2,23.04,26.88,30.72,34.56,38.4,ShowDailyK_ChartFlow,FinMind_API_TaiwanStockPrice_6751,True,2026-09-24T07:10:44,2026-09-24T07:10:44,2026-09-24T07:10:44
6751,智聯服務,2021-08-16,59.9,-0.10000000000000142,-0.17%,1.28,26.27,19.2,23.04,26.88,30.72,34.56,38.4,ShowDailyK_ChartFlow,FinMind_API_TaiwanStockPrice_6751,True,2026-09-24T07:10:44,2026-09-24T07:10:44,2026-09-24T07:10:44
6751,智聯服務,2021-08-17,60.0,0.10000000000000142,0.17%,1.28,26.32,19.2,23.04,26.88,30.72,34.56,38.4,ShowDailyK_ChartFlow,FinMind_API_TaiwanStockPrice_6751,True,2026-09-24T07:10:44,2026-09-24T07:10:44,2026-09-24T07:10:44
6751,智聯服務,2021-08-18,61.0,1.0,1.67%,1.28,26.75,19.2,23.04,26.88,30.72,34.56,38.4,ShowDailyK_ChartFlow,FinMind_API_TaiwanStockPrice_6751,True,2026-09-24T07:10:44,2026-09-24T07:10:44,2026-09-24T07:10:44
6751,智聯服務,2021-08-19,61.0,0.0,0.00%,1.28,26.75,19.2,23.04,26.88,30.72,34.56,38.4,ShowDailyK_ChartFlow,FinMind_API_TaiwanStockPrice_6751,True,2026-09-24T07:10:44,2026-09-24T07:10:44,2026-09-24T07:10:44
6751,智聯服務,2021-08-20,59.8,-1.2000000000000028,-1.97%,1.28,26.23,19.2,23.04,26.88,30.72,34.56,38.4,ShowDailyK_ChartFlow,FinMind_API_TaiwanStockPrice_6751,True,2026-09-24T07:10:44,2026-09-24T07:10:44,2026-09-24T07:10:44
6751,智聯服務,2021-08-23,60.0,0.20000000000000284,0.33%,1.28,26.32,19.2,23.04,26.88,30.72,34.56,38.4,ShowDailyK_ChartFlow,FinMind_API_TaiwanStockPrice_6751,True,2026-09-24T07:10:44,2026-09-24T07:10:44,2026-09-24T07:10:44
6751,智聯服務,2021-08-24,59.2,-0.7999999999999972,-1.33%,1.28,25.96,19.2,23.04,26.88,30.72,34.56,38.4,ShowDailyK_ChartFlow,FinMind_API_TaiwanStockPrice_6751,True,2026-09-24T07:10:44,2026-09-24T07:10:44,2026-09-24T07:10:44
6751,智聯服務,2021-08-25,59.9,0.6999999999999957,1.18%,1.28,26.27,19.2,23.04,26.88,30.72,34.56,38.4,ShowDailyK_ChartFlow,FinMind_API_TaiwanStockPrice_6751,True,2026-09-24T07:10:44,2026-09-24T07:10:44,2026-09-24T07:10:44
6751,智聯服務,2021-08-26,59.5,-0.3999999999999986,-0.67%,1.28,26.1,19.2,23.04,26.88,30.72,34.56,38.4,ShowDailyK_ChartFlow,FinMind_API_TaiwanStockPrice_6751,True,2026-09-24T07:10:44,2026-09-24T07:10:44,2026-09-24T07:10:44
6751,智聯服務,2021-08-27,59.4,-0.10000000000000142,-0.17%,1.28,26.05,19.2,23.04,26.88,30.72,34.56,38.4,ShowDailyK_ChartFlow,FinMind_API_TaiwanStockPrice_6751,True,2026-09-24T07:10:44,2026-09-24T07:10:44,2026-09-24T07:10:44
6751,智聯服務,2021-08-30,59.5,0.10000000000000142,0.17%,1.28,26.1,19.2,23.04,26.88,30.72,34.56,38.4,ShowDailyK_ChartFlow,FinMind_API_TaiwanStockPrice_6751,True,2026-09-24T07:10:44,2026-09-24T07:10:44,2026-09-24T07:10:44
6751,智聯服務,2021-08-31,59.0,-0.5,-0.84%,1.28,25.88,19.2,23.04,26.88,30.72,34.56,38.4,ShowDailyK_ChartFlow,FinMind_API_TaiwanStockPrice_6751,True,2026-09-24T07:10:44,2026-09-24T07:10:44,2026-09-24T07:10:44
6751,智聯服務,2021-09-01,58.0,-1.0,-1.69%,1.28,25.44,19.2,23.04,26.88,30.72,34.56,38.4,ShowDailyK_ChartFlow,FinMind_API_TaiwanStockPrice_6751,True,2026-09-24T07:10:44,2026-09-24T07:10:44,2026-09-24T07:10:44
6751,智聯服務,2021-09-02,58.5,0.5,0.86%,1.28,25.66,19.2,23.04,26.88,30.72,34.56,38.4,ShowDailyK_ChartFlow,FinMind_API_TaiwanStockPrice_6751,True,2026-09-24T07:10:44,2026-09-24T07:10:44,2026-09-24T07:10:44
6751,智聯服務,2021-09-03,59.7,1.2000000000000028,2.05%,1.28,26.18,19.2,23.04,26.88,30.72,34.56,38.4,ShowDailyK_ChartFlow,FinMind_API_TaiwanStockPrice_6751,True,2026-09-24T07:10:44,2026-09-24T07:10:44,2026-09-24T07:10:44
6751,智聯服務,2021-09-06,58.2,-1.5,-2.51%,1.28,25.53,19.2,23.04,26.88,30.72,34.56,38.4,ShowDailyK_ChartFlow,FinMind_API_TaiwanStockPrice_6751,True,2026-09-24T07:10:44,2026-09-24T07:10:44,2026-09-24T07:10:44
6751,智聯服務,2021-09-07,60.1,1.8999999999999986,3.26%,1.28,26.36,19.2,23.04,26.88,30.72,34.56,38.4,ShowDailyK_ChartFlow,FinMind_API_TaiwanStockPrice_6751,True,2026-09-24T07:10:44,2026-09-24T07:10:44,2026-09-24T07:10:44
6751,智聯服務,2021-09-08,59.9,-0.20000000000000284,-0.33%,1.28,26.27,19.2,23.04,26.88,30.72,34.56,38.4,ShowDailyK_ChartFlow,FinMind_API_TaiwanStockPrice_6751,True,2026-09-24T07:10:44,2026-09-24T07:10:44,2026-09-24T07:10:44
6751,智聯服務,2021-09-09,59.7,-0.19999999999999574,-0.33%,1.28,26.18,19.2,23.04,26.88,30.72,34.56,38.4,ShowDailyK_ChartFlow,FinMind_API_TaiwanStockPrice_6751,True,2026-09-24T07:10:44,2026-09-24T07:10:44,2026-09-24T07:10:44
6751,智聯服務,2021-09-10,60.4,0.6999999999999957,1.17%,1.28,26.49,19.2,23.04,26.88,30.72,34.56,38.4,ShowDailyK_ChartFlow,FinMind_API_TaiwanStockPrice_6751,True,2026-09-24T07:10:44,2026-09-24T07:10:44,2026-09-24T07:10:44
6751,智聯服務,2021-09-13,60.0,-0.3999999999999986,-0.66%,1.28,26.32,19.2,23.04,26.88,30.72,34.56,38.4,ShowDailyK_ChartFlow,FinMind_API_TaiwanStockPrice_6751,True,2026-09-24T07:10:44,2026-09-24T07:10:44,2026-09-24T07:10:44
6751,智聯服務,2021-09-14,60.0,0.0,0.00%,1.28,26.32,19.2,23.04,26.88,30.72,34.56,38.4,ShowDailyK_ChartFlow,FinMind_API_TaiwanStockPrice_6751,True,2026-09-24T07:10:44,2026-09-24T07:10:44,2026-09-24T07:10:44
6751,智聯服務,2021-09-15,58.5,-1.5,-2.50%,1.28,25.66,19.2,23.04,26.88,30.72,34.56,38.4,ShowDailyK_ChartFlow,FinMind_API_TaiwanStockPrice_6751,True,2026-09-24T07:10:44,2026-09-24T07:10:44,2026-09-24T07:10:44
6751,智聯服務,2021-09-16,59.5,1.0,1.71%,1.28,26.1,19.2,23.04,26.88,30.72,34.56,38.4,ShowDailyK_ChartFlow,FinMind_API_TaiwanStockPrice_6751,True,2026-09-24T07:10:44,2026-09-24T07:10:44,2026-09-24T07:10:44
6751,智聯服務,2021-09-17,58.5,-1.0,-1.68%,1.28,25.66,19.2,23.04,26.88,30.72,34.56,38.4,ShowDailyK_ChartFlow,FinMind_API_TaiwanStockPrice_6751,True,2026-09-24T07:10:44,2026-09-24T07:10:44,2026-09-24T07:10:44
6751,智聯服務,2021-09-22,59.0,0.5,0.85%,1.28,25.88,19.2,23.04,26.88,30.72,34.56,38.4,ShowDailyK_ChartFlow,FinMind_API_TaiwanStockPrice_6751,True,2026-09-24T07:10:44,2026-09-24T07:10:44,2026-09-24T07:10:44
6751,智聯服務,2021-09-23,58.9,-0.10000000000000142,-0.17%,1.28,25.83,19.2,23.04,26.88,30.72,34.56,38.4,ShowDailyK_ChartFlow,FinMind_API_TaiwanStockPrice_6751,True,2026-09-24T07:10:44,2026-09-24T07:10:44,2026-09-24T07:10:44
6751,智聯服務,2021-09-24,58.3,-0.6000000000000014,-1.02%,1.28,25.57,19.2,23.04,26.88,30.72,34.56,38.4,ShowDailyK_ChartFlow,FinMind_API_TaiwanStockPrice_6751,True,2026-09-24T07:10:44,2026-09-24T07:10:44,2026-09-24T07:10:44
6751,智聯服務,2021-09-27,58.3,0.0,0.00%,1.28,25.57,19.2,23.04,26.88,30.72,34.56,38.4,ShowDailyK_ChartFlow,FinMind_API_TaiwanStockPrice_6751,True,2026-09-24T07:10:44,2026-09-24T07:10:44,2026-09-24T07:10:44
6751,智聯服務,2021-09-28,57.6,-0.6999999999999957,-1.20%,1.28,25.26,19.2,23.04,26.88,30.72,34.56,38.4,ShowDailyK_ChartFlow,FinMind_API_TaiwanStockPrice_6751,True,2026-09-24T07:10:44,2026-09-24T07:10:44,2026-09-24T07:10:44
6751,智聯服務,2021-09-29,57.2,-0.3999999999999986,-0.69%,1.28,25.09,19.2,23.04,26.88,30.72,34.56,38.4,ShowDailyK_ChartFlow,FinMind_API_TaiwanStockPrice_6751,True,2026-09-24T07:10:44,2026-09-24T07:10:44,2026-09-24T07:10:44
6751,智聯服務,2021-09-30,56.8,-0.4000000000000057,-0.70%,1.58,24.91,23.7,28.44,33.18,37.92,42.66,47.4,ShowDailyK_ChartFlow,FinMind_API_TaiwanStockPrice_6751,True,2026-09-24T07:10:44,2026-09-24T07:10:44,2026-09-24T07:10:44
6751,智聯服務,2021-10-01,55.0,-1.7999999999999972,-3.17%,1.58,24.12,23.7,28.44,33.18,37.92,42.66,47.4,ShowDailyK_ChartFlow,FinMind_API_TaiwanStockPrice_6751,True,2026-09-24T07:10:44,2026-09-24T07:10:44,2026-09-24T07:10:44
6751,智聯服務,2021-10-04,54.7,-0.29999999999999716,-0.55%,1.58,23.99,23.7,28.44,33.18,37.92,42.66,47.4,ShowDailyK_ChartFlow,FinMind_API_TaiwanStockPrice_6751,True,2026-09-24T07:10:44,2026-09-24T07:10:44,2026-09-24T07:10:44
6751,智聯服務,2021-10-05,53.1,-1.6000000000000014,-2.93%,1.58,23.29,23.7,28.44,33.18,37.92,42.66,47.4,ShowDailyK_ChartFlow,FinMind_API_TaiwanStockPrice_6751,True,2026-09-24T07:10:44,2026-09-24T07:10:44,2026-09-24T07:10:44
6751,智聯服務,2021-10-06,0.0,-53.1,-100.00%,1.58,23.29,23.7,28.44,33.18,37.92,42.66,47.4,ShowDailyK_ChartFlow,FinMind_API_TaiwanStockPrice_6751,True,2026-09-24T07:10:44,2026-09-24T07:10:44,2026-09-24T07:10:44
6751,智聯服務,2021-10-07,54.5,54.5,,1.58,23.9,23.7,28.44,33.18,37.92,42.66,47.4,ShowDailyK_ChartFlow,FinMind_API_TaiwanStockPrice_6751,True,2026-09-24T07:10:44,2026-09-24T07:10:44,2026-09-24T07:10:44
6751,智聯服務,2021-10-08,56.9,2.3999999999999986,4.40%,1.58,24.96,23.7,28.44,33.18,37.92,42.66,47.4,ShowDailyK_ChartFlow,FinMind_API_TaiwanStockPrice_6751,True,2026-09-24T07:10:44,2026-09-24T07:10:44,2026-09-24T07:10:44
6751,智聯服務,2021-10-12,56.9,0.0,0.00%,1.58,24.96,23.7,28.44,33.18,37.92,42.66,47.4,ShowDailyK_ChartFlow,FinMind_API_TaiwanStockPrice_6751,True,2026-09-24T07:10:44,2026-09-24T07:10:44,2026-09-24T07:10:44
6751,智聯服務,2021-10-13,55.8,-1.1000000000000014,-1.93%,1.58,24.47,23.7,28.44,33.18,37.92,42.66,47.4,ShowDailyK_ChartFlow,FinMind_API_TaiwanStockPrice_6751,True,2026-09-24T07:10:44,2026-09-24T07:10:44,2026-09-24T07:10:44
6751,智聯服務,2021-10-14,0.0,-55.8,-100.00%,1.58,24.47,23.7,28.44,33.18,37.92,42.66,47.4,ShowDailyK_ChartFlow,FinMind_API_TaiwanStockPrice_6751,True,2026-09-24T07:10:44,2026-09-24T07:10:44,2026-09-24T07:10:44
6751,智聯服務,2021-10-15,56.0,56.0,,1.58,24.56,23.7,28.44,33.18,37.92,42.66,47.4,ShowDailyK_ChartFlow,FinMind_API_TaiwanStockPrice_6751,True,2026-09-24T07:10:44,2026-09-24T07:10:44,2026-09-24T07:10:44
6751,智聯服務,2021-10-18,54.0,-2.0,-3.57%,1.58,23.68,23.7,28.44,33.18,37.92,42.66,47.4,ShowDailyK_ChartFlow,FinMind_API_TaiwanStockPrice_6751,True,2026-09-24T07:10:44,2026-09-24T07:10:44,2026-09-24T07:10:44
6751,智聯服務,2021-10-19,54.4,0.3999999999999986,0.74%,1.58,23.86,23.7,28.44,33.18,37.92,42.66,47.4,ShowDailyK_ChartFlow,FinMind_API_TaiwanStockPrice_6751,True,2026-09-24T07:10:44,2026-09-24T07:10:44,2026-09-24T07:10:44
6751,智聯服務,2021-10-20,54.2,-0.19999999999999574,-0.37%,1.58,23.77,23.7,28.44,33.18,37.92,42.66,47.4,ShowDailyK_ChartFlow,FinMind_API_TaiwanStockPrice_6751,True,2026-09-24T07:10:44,2026-09-24T07:10:44,2026-09-24T07:10:44
6751,智聯服務,2021-10-21,53.3,-0.9000000000000057,-1.66%,1.58,23.38,23.7,28.44,33.18,37.92,42.66,47.4,ShowDailyK_ChartFlow,FinMind_API_TaiwanStockPrice_6751,True,2026-09-24T07:10:44,2026-09-24T07:10:44,2026-09-24T07:10:44
6751,智聯服務,2021-10-22,54.4,1.1000000000000014,2.06%,1.58,23.86,23.7,28.44,33.18,37.92,42.66,47.4,ShowDailyK_ChartFlow,FinMind_API_TaiwanStockPrice_6751,True,2026-09-24T07:10:44,2026-09-24T07:10:44,2026-09-24T07:10:44
6751,智聯服務,2021-10-25,54.0,-0.3999999999999986,-0.74%,1.58,23.68,23.7,28.44,33.18,37.92,42.66,47.4,ShowDailyK_ChartFlow,FinMind_API_TaiwanStockPrice_6751,True,2026-09-24T07:10:44,2026-09-24T07:10:44,2026-09-24T07:10:44
6751,智聯服務,2021-10-26,58.7,4.700000000000003,8.70%,1.58,25.75,23.7,28.44,33.18,37.92,42.66,47.4,ShowDailyK_ChartFlow,FinMind_API_TaiwanStockPrice_6751,True,2026-09-24T07:10:44,2026-09-24T07:10:44,2026-09-24T07:10:44
6751,智聯服務,2021-10-27,55.0,-3.700000000000003,-6.30%,1.58,24.12,23.7,28.44,33.18,37.92,42.66,47.4,ShowDailyK_ChartFlow,FinMind_API_TaiwanStockPrice_6751,True,2026-09-24T07:10:44,2026-09-24T07:10:44,2026-09-24T07:10:44
6751,智聯服務,2021-10-28,55.3,0.29999999999999716,0.55%,1.58,24.25,23.7,28.44,33.18,37.92,42.66,47.4,ShowDailyK_ChartFlow,FinMind_API_TaiwanStockPrice_6751,True,2026-09-24T07:10:44,2026-09-24T07:10:44,2026-09-24T07:10:44
6751,智聯服務,2021-10-29,57.7,2.4000000000000057,4.34%,1.58,25.31,23.7,28.44,33.18,37.92,42.66,47.4,ShowDailyK_ChartFlow,FinMind_API_TaiwanStockPrice_6751,True,2026-09-24T07:10:44,2026-09-24T07:10:44,2026-09-24T07:10:44
6751,智聯服務,2021-11-01,58.3,0.5999999999999943,1.04%,1.58,25.57,23.7,28.44,33.18,37.92,42.66,47.4,ShowDailyK_ChartFlow,FinMind_API_TaiwanStockPrice_6751,True,2026-09-24T07:10:44,2026-09-24T07:10:44,2026-09-24T07:10:44
6751,智聯服務,2021-11-02,58.6,0.30000000000000426,0.51%,1.58,27.26,23.7,28.44,33.18,37.92,42.66,47.4,ShowDailyK_ChartFlow,FinMind_API_TaiwanStockPrice_6751,True,2026-09-24T07:10:44,2026-09-24T07:10:44,2026-09-24T07:10:44
6751,智聯服務,2021-11-03,60.6,2.0,3.41%,1.58,28.19,23.7,28.44,33.18,37.92,42.66,47.4,ShowDailyK_ChartFlow,FinMind_API_TaiwanStockPrice_6751,True,2026-09-24T07:10:44,2026-09-24T07:10:44,2026-09-24T07:10:44
6751,智聯服務,2021-11-04,56.2,-4.399999999999999,-7.26%,1.58,26.14,23.7,28.44,33.18,37.92,42.66,47.4,ShowDailyK_ChartFlow,FinMind_API_TaiwanStockPrice_6751,True,2026-09-24T07:10:44,2026-09-24T07:10:44,2026-09-24T07:10:44
6751,智聯服務,2021-11-05,53.1,-3.1000000000000014,-5.52%,1.58,24.7,23.7,28.44,33.18,37.92,42.66,47.4,ShowDailyK_ChartFlow,FinMind_API_TaiwanStockPrice_6751,True,2026-09-24T07:10:44,2026-09-24T07:10:44,2026-09-24T07:10:44
6751,智聯服務,2021-11-08,52.6,-0.5,-0.94%,1.58,24.47,23.7,28.44,33.18,37.92,42.66,47.4,ShowDailyK_ChartFlow,FinMind_API_TaiwanStockPrice_6751,True,2026-09-24T07:10:44,2026-09-24T07:10:44,2026-09-24T07:10:44
6751,智聯服務,2021-11-09,51.9,-0.7000000000000028,-1.33%,1.58,24.14,23.7,28.44,33.18,37.92,42.66,47.4,ShowDailyK_ChartFlow,FinMind_API_TaiwanStockPrice_6751,True,2026-09-24T07:10:44,2026-09-24T07:10:44,2026-09-24T07:10:44
6751,智聯服務,2021-11-10,53.1,1.2000000000000028,2.31%,1.58,24.7,23.7,28.44,33.18,37.92,42.66,47.4,ShowDailyK_ChartFlow,FinMind_API_TaiwanStockPrice_6751,True,2026-09-24T07:10:44,2026-09-24T07:10:44,2026-09-24T07:10:44
6751,智聯服務,2021-11-11,52.5,-0.6000000000000014,-1.13%,1.58,24.42,23.7,28.44,33.18,37.92,42.66,47.4,ShowDailyK_ChartFlow,FinMind_API_TaiwanStockPrice_6751,True,2026-09-24T07:10:44,2026-09-24T07:10:44,2026-09-24T07:10:44
6751,智聯服務,2021-11-12,51.6,-0.8999999999999986,-1.71%,1.58,24.0,23.7,28.44,33.18,37.92,42.66,47.4,ShowDailyK_ChartFlow,FinMind_API_TaiwanStockPrice_6751,True,2026-09-24T07:10:44,2026-09-24T07:10:44,2026-09-24T07:10:44
6751,智聯服務,2021-11-15,51.8,0.19999999999999574,0.39%,1.58,24.09,23.7,28.44,33.18,37.92,42.66,47.4,ShowDailyK_ChartFlow,FinMind_API_TaiwanStockPrice_6751,True,2026-09-24T07:10:44,2026-09-24T07:10:44,2026-09-24T07:10:44
6751,智聯服務,2021-11-16,52.4,0.6000000000000014,1.16%,1.58,24.37,23.7,28.44,33.18,37.92,42.66,47.4,ShowDailyK_ChartFlow,FinMind_API_TaiwanStockPrice_6751,True,2026-09-24T07:10:44,2026-09-24T07:10:44,2026-09-24T07:10:44
6751,智聯服務,2021-11-17,52.0,-0.3999999999999986,-0.76%,1.58,24.19,23.7,28.44,33.18,37.92,42.66,47.4,ShowDailyK_ChartFlow,FinMind_API_TaiwanStockPrice_6751,True,2026-09-24T07:10:44,2026-09-24T07:10:44,2026-09-24T07:10:44
6751,智聯服務,2021-11-18,52.2,0.20000000000000284,0.38%,1.58,24.28,23.7,28.44,33.18,37.92,42.66,47.4,ShowDailyK_ChartFlow,FinMind_API_TaiwanStockPrice_6751,True,2026-09-24T07:10:44,2026-09-24T07:10:44,2026-09-24T07:10:44
6751,智聯服務,2021-11-19,52.1,-0.10000000000000142,-0.19%,1.58,24.23,23.7,28.44,33.18,37.92,42.66,47.4,ShowDailyK_ChartFlow,FinMind_API_TaiwanStockPrice_6751,True,2026-09-24T07:10:44,2026-09-24T07:10:44,2026-09-24T07:10:44
6751,智聯服務,2021-11-22,52.3,0.19999999999999574,0.38%,1.58,24.33,23.7,28.44,33.18,37.92,42.66,47.4,ShowDailyK_ChartFlow,FinMind_API_TaiwanStockPrice_6751,True,2026-09-24T07:10:44,2026-09-24T07:10:44,2026-09-24T07:10:44
6751,智聯服務,2021-11-23,51.2,-1.0999999999999943,-2.10%,1.58,23.81,23.7,28.44,33.18,37.92,42.66,47.4,ShowDailyK_ChartFlow,FinMind_API_TaiwanStockPrice_6751,True,2026-09-24T07:10:44,2026-09-24T07:10:44,2026-09-24T07:10:44
6751,智聯服務,2021-11-24,52.3,1.0999999999999943,2.15%,1.58,24.33,23.7,28.44,33.18,37.92,42.66,47.4,ShowDailyK_ChartFlow,FinMind_API_TaiwanStockPrice_6751,True,2026-09-24T07:10:44,2026-09-24T07:10:44,2026-09-24T07:10:44
6751,智聯服務,2021-11-25,51.3,-1.0,-1.91%,1.58,23.86,23.7,28.44,33.18,37.92,42.66,47.4,ShowDailyK_ChartFlow,FinMind_API_TaiwanStockPrice_6751,True,2026-09-24T07:10:44,2026-09-24T07:10:44,2026-09-24T07:10:44
6751,智聯服務,2021-11-26,51.4,0.10000000000000142,0.19%,1.58,23.91,23.7,28.44,33.18,37.92,42.66,47.4,ShowDailyK_ChartFlow,FinMind_API_TaiwanStockPrice_6751,True,2026-09-24T07:10:44,2026-09-24T07:10:44,2026-09-24T07:10:44
6751,智聯服務,2021-11-29,49.85,-1.5499999999999972,-3.02%,1.58,23.19,23.7,28.44,33.18,37.92,42.66,47.4,ShowDailyK_ChartFlow,FinMind_API_TaiwanStockPrice_6751,True,2026-09-24T07:10:44,2026-09-24T07:10:44,2026-09-24T07:10:44
6751,智聯服務,2021-11-30,50.2,0.3500000000000014,0.70%,1.58,23.35,23.7,28.44,33.18,37.92,42.66,47.4,ShowDailyK_ChartFlow,FinMind_API_TaiwanStockPrice_6751,True,2026-09-24T07:10:44,2026-09-24T07:10:44,2026-09-24T07:10:44
6751,智聯服務,2021-12-01,50.3,0.09999999999999432,0.20%,1.58,23.4,23.7,28.44,33.18,37.92,42.66,47.4,ShowDailyK_ChartFlow,FinMind_API_TaiwanStockPrice_6751,True,2026-09-24T07:10:44,2026-09-24T07:10:44,2026-09-24T07:10:44
6751,智聯服務,2021-12-02,52.0,1.7000000000000028,3.38%,1.58,24.19,23.7,28.44,33.18,37.92,42.66,47.4,ShowDailyK_ChartFlow,FinMind_API_TaiwanStockPrice_6751,True,2026-09-24T07:10:44,2026-09-24T07:10:44,2026-09-24T07:10:44
6751,智聯服務,2021-12-03,52.4,0.3999999999999986,0.77%,1.58,24.37,23.7,28.44,33.18,37.92,42.66,47.4,ShowDailyK_ChartFlow,FinMind_API_TaiwanStockPrice_6751,True,2026-09-24T07:10:44,2026-09-24T07:10:44,2026-09-24T07:10:44
6751,智聯服務,2021-12-06,52.0,-0.3999999999999986,-0.76%,1.58,24.19,23.7,28.44,33.18,37.92,42.66,47.4,ShowDailyK_ChartFlow,FinMind_API_TaiwanStockPrice_6751,True,2026-09-24T07:10:44,2026-09-24T07:10:44,2026-09-24T07:10:44
6751,智聯服務,2021-12-07,53.9,1.8999999999999986,3.65%,1.58,25.07,23.7,28.44,33.18,37.92,42.66,47.4,ShowDailyK_ChartFlow,FinMind_API_TaiwanStockPrice_6751,True,2026-09-24T07:10:44,2026-09-24T07:10:44,2026-09-24T07:10:44
6751,智聯服務,2021-12-08,54.0,0.10000000000000142,0.19%,1.58,25.12,23.7,28.44,33.18,37.92,42.66,47.4,ShowDailyK_ChartFlow,FinMind_API_TaiwanStockPrice_6751,True,2026-09-24T07:10:44,2026-09-24T07:10:44,2026-09-24T07:10:44
6751,智聯服務,2021-12-09,53.8,-0.20000000000000284,-0.37%,1.58,25.02,23.7,28.44,33.18,37.92,42.66,47.4,ShowDailyK_ChartFlow,FinMind_API_TaiwanStockPrice_6751,True,2026-09-24T07:10:44,2026-09-24T07:10:44,2026-09-24T07:10:44
6751,智聯服務,2021-12-10,54.0,0.20000000000000284,0.37%,1.58,25.12,23.7,28.44,33.18,37.92,42.66,47.4,ShowDailyK_ChartFlow,FinMind_API_TaiwanStockPrice_6751,True,2026-09-24T07:10:44,2026-09-24T07:10:44,2026-09-24T07:10:44
6751,智聯服務,2021-12-13,54.4,0.3999999999999986,0.74%,1.58,25.3,23.7,28.44,33.18,37.92,42.66,47.4,ShowDailyK_ChartFlow,FinMind_API_TaiwanStockPrice_6751,True,2026-09-24T07:10:44,2026-09-24T07:10:44,2026-09-24T07:10:44
6751,智聯服務,2021-12-14,54.8,0.3999999999999986,0.74%,1.58,25.49,23.7,28.44,33.18,37.92,42.66,47.4,ShowDailyK_ChartFlow,FinMind_API_TaiwanStockPrice_6751,True,2026-09-24T07:10:44,2026-09-24T07:10:44,2026-09-24T07:10:44
6751,智聯服務,2021-12-15,0.0,-54.8,-100.00%,1.58,25.49,23.7,28.44,33.18,37.92,42.66,47.4,ShowDailyK_ChartFlow,FinMind_API_TaiwanStockPrice_6751,True,2026-09-24T07:10:44,2026-09-24T07:10:44,2026-09-24T07:10:44
6751,智聯服務,2021-12-16,54.8,54.8,,1.58,25.49,23.7,28.44,33.18,37.92,42.66,47.4,ShowDailyK_ChartFlow,FinMind_API_TaiwanStockPrice_6751,True,2026-09-24T07:10:44,2026-09-24T07:10:44,2026-09-24T07:10:44
6751,智聯服務,2021-12-17,54.8,0.0,0.00%,1.58,25.49,23.7,28.44,33.18,37.92,42.66,47.4,ShowDailyK_ChartFlow,FinMind_API_TaiwanStockPrice_6751,True,2026-09-24T07:10:44,2026-09-24T07:10:44,2026-09-24T07:10:44
6751,智聯服務,2021-12-20,54.8,0.0,0.00%,1.58,25.49,23.7,28.44,33.18,37.92,42.66,47.4,ShowDailyK_ChartFlow,FinMind_API_TaiwanStockPrice_6751,True,2026-09-24T07:10:44,2026-09-24T07:10:44,2026-09-24T07:10:44
6751,智聯服務,2021-12-21,53.6,-1.1999999999999957,-2.19%,1.58,24.93,23.7,28.44,33.18,37.92,42.66,47.4,ShowDailyK_ChartFlow,FinMind_API_TaiwanStockPrice_6751,True,2026-09-24T07:10:44,2026-09-24T07:10:44,2026-09-24T07:10:44
6751,智聯服務,2021-12-22,51.0,-2.6000000000000014,-4.85%,1.58,23.72,23.7,28.44,33.18,37.92,42.66,47.4,ShowDailyK_ChartFlow,FinMind_API_TaiwanStockPrice_6751,True,2026-09-24T07:10:44,2026-09-24T07:10:44,2026-09-24T07:10:44
6751,智聯服務,2021-12-23,50.9,-0.10000000000000142,-0.20%,1.58,23.67,23.7,28.44,33.18,37.92,42.66,47.4,ShowDailyK_ChartFlow,FinMind_API_TaiwanStockPrice_6751,True,2026-09-24T07:10:44,2026-09-24T07:10:44,2026-09-24T07:10:44
6751,智聯服務,2021-12-24,50.8,-0.10000000000000142,-0.20%,1.58,23.63,23.7,28.44,33.18,37.92,42.66,47.4,ShowDailyK_ChartFlow,FinMind_API_TaiwanStockPrice_6751,True,2026-09-24T07:10:44,2026-09-24T07:10:44,2026-09-24T07:10:44
6751,智聯服務,2021-12-27,49.85,-0.9499999999999957,-1.87%,1.58,23.19,23.7,28.44,33.18,37.92,42.66,47.4,ShowDailyK_ChartFlow,FinMind_API_TaiwanStockPrice_6751,True,2026-09-24T07:10:44,2026-09-24T07:10:44,2026-09-24T07:10:44
6751,智聯服務,2021-12-28,49.05,-0.8000000000000043,-1.60%,1.58,22.81,23.7,28.44,33.18,37.92,42.66,47.4,ShowDailyK_ChartFlow,FinMind_API_TaiwanStockPrice_6751,True,2026-09-24T07:10:44,2026-09-24T07:10:44,2026-09-24T07:10:44
6751,智聯服務,2021-12-29,50.3,1.25,2.55%,1.58,23.4,23.7,28.44,33.18,37.92,42.66,47.4,ShowDailyK_ChartFlow,FinMind_API_TaiwanStockPrice_6751,True,2026-09-24T07:10:44,2026-09-24T07:10:44,2026-09-24T07:10:44
6751,智聯服務,2021-12-30,49.7,-0.5999999999999943,-1.19%,1.58,23.12,23.7,28.44,33.18,37.92,42.66,47.4,ShowDailyK_ChartFlow,FinMind_API_TaiwanStockPrice_6751,True,2026-09-24T07:10:44,2026-09-24T07:10:44,2026-09-24T07:10:44
6751,智聯服務,2022-01-03,51.7,2.0,4.02%,2.4299999999999997,24.05,36.45,43.74,51.03,58.32,65.61,72.9,ShowDailyK_ChartFlow,FinMind_API_TaiwanStockPrice_6751,True,2026-09-24T07:10:44,2026-09-24T07:10:44,2026-09-24T07:10:44
6751,智聯服務,2022-01-04,52.3,0.5999999999999943,1.16%,2.4299999999999997,24.33,36.45,43.74,51.03,58.32,65.61,72.9,ShowDailyK_ChartFlow,FinMind_API_TaiwanStockPrice_6751,True,2026-09-24T07:10:44,2026-09-24T07:10:44,2026-09-24T07:10:44
6751,智聯服務,2022-01-05,53.4,1.1000000000000014,2.10%,2.4299999999999997,24.84,36.45,43.74,51.03,58.32,65.61,72.9,ShowDailyK_ChartFlow,FinMind_API_TaiwanStockPrice_6751,True,2026-09-24T07:10:44,2026-09-24T07:10:44,2026-09-24T07:10:44
6751,智聯服務,2022-01-06,53.1,-0.29999999999999716,-0.56%,2.4299999999999997,24.7,36.45,43.74,51.03,58.32,65.61,72.9,ShowDailyK_ChartFlow,FinMind_API_TaiwanStockPrice_6751,True,2026-09-24T07:10:44,2026-09-24T07:10:44,2026-09-24T07:10:44
6751,智聯服務,2022-01-07,53.1,0.0,0.00%,2.4299999999999997,24.7,36.45,43.74,51.03,58.32,65.61,72.9,ShowDailyK_ChartFlow,FinMind_API_TaiwanStockPrice_6751,True,2026-09-24T07:10:44,2026-09-24T07:10:44,2026-09-24T07:10:44
6751,智聯服務,2022-01-10,51.3,-1.8000000000000043,-3.39%,2.4299999999999997,23.86,36.45,43.74,51.03,58.32,65.61,72.9,ShowDailyK_ChartFlow,FinMind_API_TaiwanStockPrice_6751,True,2026-09-24T07:10:44,2026-09-24T07:10:44,2026-09-24T07:10:44
6751,智聯服務,2022-01-11,50.5,-0.7999999999999972,-1.56%,2.4299999999999997,23.49,36.45,43.74,51.03,58.32,65.61,72.9,ShowDailyK_ChartFlow,FinMind_API_TaiwanStockPrice_6751,True,2026-09-24T07:10:44,2026-09-24T07:10:44,2026-09-24T07:10:44
6751,智聯服務,2022-01-12,50.2,-0.29999999999999716,-0.59%,2.4299999999999997,23.35,36.45,43.74,51.03,58.32,65.61,72.9,ShowDailyK_ChartFlow,FinMind_API_TaiwanStockPrice_6751,True,2026-09-24T07:10:44,2026-09-24T07:10:44,2026-09-24T07:10:44
6751,智聯服務,2022-01-13,49.55,-0.6500000000000057,-1.29%,2.4299999999999997,23.05,36.45,43.74,51.03,58.32,65.61,72.9,ShowDailyK_ChartFlow,FinMind_API_TaiwanStockPrice_6751,True,2026-09-24T07:10:44,2026-09-24T07:10:44,2026-09-24T07:10:44
6751,智聯服務,2022-01-14,48.95,-0.5999999999999943,-1.21%,2.4299999999999997,22.77,36.45,43.74,51.03,58.32,65.61,72.9,ShowDailyK_ChartFlow,FinMind_API_TaiwanStockPrice_6751,True,2026-09-24T07:10:44,2026-09-24T07:10:44,2026-09-24T07:10:44
6751,智聯服務,2022-01-17,48.5,-0.45000000000000284,-0.92%,2.4299999999999997,22.56,36.45,43.74,51.03,58.32,65.61,72.9,ShowDailyK_ChartFlow,FinMind_API_TaiwanStockPrice_6751,True,2026-09-24T07:10:44,2026-09-24T07:10:44,2026-09-24T07:10:44
6751,智聯服務,2022-01-18,48.55,0.04999999999999716,0.10%,2.4299999999999997,22.58,36.45,43.74,51.03,58.32,65.61,72.9,ShowDailyK_ChartFlow,FinMind_API_TaiwanStockPrice_6751,True,2026-09-24T07:10:44,2026-09-24T07:10:44,2026-09-24T07:10:44
6751,智聯服務,2022-01-19,49.0,0.45000000000000284,0.93%,2.4299999999999997,22.79,36.45,43.74,51.03,58.32,65.61,72.9,ShowDailyK_ChartFlow,FinMind_API_TaiwanStockPrice_6751,True,2026-09-24T07:10:44,2026-09-24T07:10:44,2026-09-24T07:10:44
6751,智聯服務,2022-01-20,48.0,-1.0,-2.04%,2.4299999999999997,22.33,36.45,43.74,51.03,58.32,65.61,72.9,ShowDailyK_ChartFlow,FinMind_API_TaiwanStockPrice_6751,True,2026-09-24T07:10:44,2026-09-24T07:10:44,2026-09-24T07:10:44
6751,智聯服務,2022-01-21,49.4,1.3999999999999986,2.92%,2.4299999999999997,22.98,36.45,43.74,51.03,58.32,65.61,72.9,ShowDailyK_ChartFlow,FinMind_API_TaiwanStockPrice_6751,True,2026-09-24T07:10:44,2026-09-24T07:10:44,2026-09-24T07:10:44
6751,智聯服務,2022-01-24,50.0,0.6000000000000014,1.21%,2.4299999999999997,23.26,36.45,43.74,51.03,58.32,65.61,72.9,ShowDailyK_ChartFlow,FinMind_API_TaiwanStockPrice_6751,True,2026-09-24T07:10:44,2026-09-24T07:10:44,2026-09-24T07:10:44
6751,智聯服務,2022-01-25,49.1,-0.8999999999999986,-1.80%,2.4299999999999997,22.84,36.45,43.74,51.03,58.32,65.61,72.9,ShowDailyK_ChartFlow,FinMind_API_TaiwanStockPrice_6751,True,2026-09-24T07:10:44,2026-09-24T07:10:44,2026-09-24T07:10:44
6751,智聯服務,2022-01-26,49.1,0.0,0.00%,2.4299999999999997,22.84,36.45,43.74,51.03,58.32,65.61,72.9,ShowDailyK_ChartFlow,FinMind_API_TaiwanStockPrice_6751,True,2026-09-24T07:10:44,2026-09-24T07:10:44,2026-09-24T07:10:44
6751,智聯服務,2022-02-07,50.5,1.3999999999999986,2.85%,2.4299999999999997,23.49,36.45,43.74,51.03,58.32,65.61,72.9,ShowDailyK_ChartFlow,FinMind_API_TaiwanStockPrice_6751,True,2026-09-24T07:10:44,2026-09-24T07:10:44,2026-09-24T07:10:44
6751,智聯服務,2022-02-08,49.8,-0.7000000000000028,-1.39%,2.4299999999999997,23.16,36.45,43.74,51.03,58.32,65.61,72.9,ShowDailyK_ChartFlow,FinMind_API_TaiwanStockPrice_6751,True,2026-09-24T07:10:44,2026-09-24T07:10:44,2026-09-24T07:10:44
6751,智聯服務,2022-02-09,49.8,0.0,0.00%,2.4299999999999997,23.16,36.45,43.74,51.03,58.32,65.61,72.9,ShowDailyK_ChartFlow,FinMind_API_TaiwanStockPrice_6751,True,2026-09-24T07:10:44,2026-09-24T07:10:44,2026-09-24T07:10:44
6751,智聯服務,2022-02-10,48.3,-1.5,-3.01%,2.4299999999999997,22.47,36.45,43.74,51.03,58.32,65.61,72.9,ShowDailyK_ChartFlow,FinMind_API_TaiwanStockPrice_6751,True,2026-09-24T07:10:44,2026-09-24T07:10:44,2026-09-24T07:10:44
6751,智聯服務,2022-02-11,48.15,-0.14999999999999858,-0.31%,2.4299999999999997,22.4,36.45,43.74,51.03,58.32,65.61,72.9,ShowDailyK_ChartFlow,FinMind_API_TaiwanStockPrice_6751,True,2026-09-24T07:10:44,2026-09-24T07:10:44,2026-09-24T07:10:44
6751,智聯服務,2022-02-14,48.25,0.10000000000000142,0.21%,2.4299999999999997,22.44,36.45,43.74,51.03,58.32,65.61,72.9,ShowDailyK_ChartFlow,FinMind_API_TaiwanStockPrice_6751,True,2026-09-24T07:10:44,2026-09-24T07:10:44,2026-09-24T07:10:44
6751,智聯服務,2022-02-15,48.3,0.04999999999999716,0.10%,2.4299999999999997,22.47,36.45,43.74,51.03,58.32,65.61,72.9,ShowDailyK_ChartFlow,FinMind_API_TaiwanStockPrice_6751,True,2026-09-24T07:10:44,2026-09-24T07:10:44,2026-09-24T07:10:44
6751,智聯服務,2022-02-16,50.2,1.9000000000000057,3.93%,2.4299999999999997,23.35,36.45,43.74,51.03,58.32,65.61,72.9,ShowDailyK_ChartFlow,FinMind_API_TaiwanStockPrice_6751,True,2026-09-24T07:10:44,2026-09-24T07:10:44,2026-09-24T07:10:44
6751,智聯服務,2022-02-17,48.1,-2.1000000000000014,-4.18%,2.4299999999999997,22.37,36.45,43.74,51.03,58.32,65.61,72.9,ShowDailyK_ChartFlow,FinMind_API_TaiwanStockPrice_6751,True,2026-09-24T07:10:44,2026-09-24T07:10:44,2026-09-24T07:10:44
6751,智聯服務,2022-02-18,48.0,-0.10000000000000142,-0.21%,2.4299999999999997,22.33,36.45,43.74,51.03,58.32,65.61,72.9,ShowDailyK_ChartFlow,FinMind_API_TaiwanStockPrice_6751,True,2026-09-24T07:10:44,2026-09-24T07:10:44,2026-09-24T07:10:44
6751,智聯服務,2022-02-21,48.25,0.25,0.52%,2.4299999999999997,22.44,36.45,43.74,51.03,58.32,65.61,72.9,ShowDailyK_ChartFlow,FinMind_API_TaiwanStockPrice_6751,True,2026-09-24T07:10:44,2026-09-24T07:10:44,2026-09-24T07:10:44
6751,智聯服務,2022-02-22,47.1,-1.1499999999999986,-2.38%,2.4299999999999997,21.91,36.45,43.74,51.03,58.32,65.61,72.9,ShowDailyK_ChartFlow,FinMind_API_TaiwanStockPrice_6751,True,2026-09-24T07:10:44,2026-09-24T07:10:44,2026-09-24T07:10:44
6751,智聯服務,2022-02-23,47.8,0.6999999999999957,1.49%,2.4299999999999997,22.23,36.45,43.74,51.03,58.32,65.61,72.9,ShowDailyK_ChartFlow,FinMind_API_TaiwanStockPrice_6751,True,2026-09-24T07:10:44,2026-09-24T07:10:44,2026-09-24T07:10:44
6751,智聯服務,2022-02-24,47.2,-0.5999999999999943,-1.26%,2.4299999999999997,21.95,36.45,43.74,51.03,58.32,65.61,72.9,ShowDailyK_ChartFlow,FinMind_API_TaiwanStockPrice_6751,True,2026-09-24T07:10:44,2026-09-24T07:10:44,2026-09-24T07:10:44
6751,智聯服務,2022-02-25,47.3,0.09999999999999432,0.21%,2.4299999999999997,22.0,36.45,43.74,51.03,58.32,65.61,72.9,ShowDailyK_ChartFlow,FinMind_API_TaiwanStockPrice_6751,True,2026-09-24T07:10:44,2026-09-24T07:10:44,2026-09-24T07:10:44
6751,智聯服務,2022-03-01,48.2,0.9000000000000057,1.90%,2.4299999999999997,22.42,36.45,43.74,51.03,58.32,65.61,72.9,ShowDailyK_ChartFlow,FinMind_API_TaiwanStockPrice_6751,True,2026-09-24T07:10:44,2026-09-24T07:10:44,2026-09-24T07:10:44
6751,智聯服務,2022-03-02,47.6,-0.6000000000000014,-1.24%,2.4299999999999997,22.14,36.45,43.74,51.03,58.32,65.61,72.9,ShowDailyK_ChartFlow,FinMind_API_TaiwanStockPrice_6751,True,2026-09-24T07:10:44,2026-09-24T07:10:44,2026-09-24T07:10:44
6751,智聯服務,2022-03-03,47.0,-0.6000000000000014,-1.26%,2.4299999999999997,21.86,36.45,43.74,51.03,58.32,65.61,72.9,ShowDailyK_ChartFlow,FinMind_API_TaiwanStockPrice_6751,True,2026-09-24T07:10:44,2026-09-24T07:10:44,2026-09-24T07:10:44
6751,智聯服務,2022-03-04,46.5,-0.5,-1.06%,2.4299999999999997,21.63,36.45,43.74,51.03,58.32,65.61,72.9,ShowDailyK_ChartFlow,FinMind_API_TaiwanStockPrice_6751,True,2026-09-24T07:10:44,2026-09-24T07:10:44,2026-09-24T07:10:44
6751,智聯服務,2022-03-07,45.15,-1.3500000000000014,-2.90%,2.4299999999999997,21.0,36.45,43.74,51.03,58.32,65.61,72.9,ShowDailyK_ChartFlow,FinMind_API_TaiwanStockPrice_6751,True,2026-09-24T07:10:44,2026-09-24T07:10:44,2026-09-24T07:10:44
6751,智聯服務,2022-03-08,44.35,-0.7999999999999972,-1.77%,2.4299999999999997,20.63,36.45,43.74,51.03,58.32,65.61,72.9,ShowDailyK_ChartFlow,FinMind_API_TaiwanStockPrice_6751,True,2026-09-24T07:10:44,2026-09-24T07:10:44,2026-09-24T07:10:44
6751,智聯服務,2022-03-09,46.6,2.25,5.07%,2.4299999999999997,21.67,36.45,43.74,51.03,58.32,65.61,72.9,ShowDailyK_ChartFlow,FinMind_API_TaiwanStockPrice_6751,True,2026-09-24T07:10:44,2026-09-24T07:10:44,2026-09-24T07:10:44
6751,智聯服務,2022-03-10,45.5,-1.1000000000000014,-2.36%,2.4299999999999997,21.16,36.45,43.74,51.03,58.32,65.61,72.9,ShowDailyK_ChartFlow,FinMind_API_TaiwanStockPrice_6751,True,2026-09-24T07:10:44,2026-09-24T07:10:44,2026-09-24T07:10:44
6751,智聯服務,2022-03-11,45.25,-0.25,-0.55%,2.4299999999999997,21.05,36.45,43.74,51.03,58.32,65.61,72.9,ShowDailyK_ChartFlow,FinMind_API_TaiwanStockPrice_6751,True,2026-09-24T07:10:44,2026-09-24T07:10:44,2026-09-24T07:10:44
6751,智聯服務,2022-03-14,45.5,0.25,0.55%,2.4299999999999997,18.65,36.45,43.74,51.03,58.32,65.61,72.9,ShowDailyK_ChartFlow,FinMind_API_TaiwanStockPrice_6751,True,2026-09-24T07:10:44,2026-09-24T07:10:44,2026-09-24T07:10:44
6751,智聯服務,2022-03-15,44.85,-0.6499999999999986,-1.43%,2.4299999999999997,18.38,36.45,43.74,51.03,58.32,65.61,72.9,ShowDailyK_ChartFlow,FinMind_API_TaiwanStockPrice_6751,True,2026-09-24T07:10:44,2026-09-24T07:10:44,2026-09-24T07:10:44
6751,智聯服務,2022-03-16,44.3,-0.5500000000000043,-1.23%,2.4299999999999997,18.16,36.45,43.74,51.03,58.32,65.61,72.9,ShowDailyK_ChartFlow,FinMind_API_TaiwanStockPrice_6751,True,2026-09-24T07:10:44,2026-09-24T07:10:44,2026-09-24T07:10:44
6751,智聯服務,2022-03-17,44.6,0.30000000000000426,0.68%,2.4299999999999997,18.28,36.45,43.74,51.03,58.32,65.61,72.9,ShowDailyK_ChartFlow,FinMind_API_TaiwanStockPrice_6751,True,2026-09-24T07:10:44,2026-09-24T07:10:44,2026-09-24T07:10:44
6751,智聯服務,2022-03-18,44.25,-0.3500000000000014,-0.78%,2.4299999999999997,18.14,36.45,43.74,51.03,58.32,65.61,72.9,ShowDailyK_ChartFlow,FinMind_API_TaiwanStockPrice_6751,True,2026-09-24T07:10:44,2026-09-24T07:10:44,2026-09-24T07:10:44
6751,智聯服務,2022-03-21,44.2,-0.04999999999999716,-0.11%,2.4299999999999997,18.11,36.45,43.74,51.03,58.32,65.61,72.9,ShowDailyK_ChartFlow,FinMind_API_TaiwanStockPrice_6751,True,2026-09-24T07:10:44,2026-09-24T07:10:44,2026-09-24T07:10:44
6751,智聯服務,2022-03-22,45.5,1.2999999999999972,2.94%,2.4299999999999997,18.65,36.45,43.74,51.03,58.32,65.61,72.9,ShowDailyK_ChartFlow,FinMind_API_TaiwanStockPrice_6751,True,2026-09-24T07:10:44,2026-09-24T07:10:44,2026-09-24T07:10:44
6751,智聯服務,2022-03-23,45.55,0.04999999999999716,0.11%,2.4299999999999997,18.67,36.45,43.74,51.03,58.32,65.61,72.9,ShowDailyK_ChartFlow,FinMind_API_TaiwanStockPrice_6751,True,2026-09-24T07:10:44,2026-09-24T07:10:44,2026-09-24T07:10:44
6751,智聯服務,2022-03-24,45.6,0.05000000000000426,0.11%,2.4299999999999997,18.69,36.45,43.74,51.03,58.32,65.61,72.9,ShowDailyK_ChartFlow,FinMind_API_TaiwanStockPrice_6751,True,2026-09-24T07:10:44,2026-09-24T07:10:44,2026-09-24T07:10:44
6751,智聯服務,2022-03-25,45.0,-0.6000000000000014,-1.32%,2.4299999999999997,18.44,36.45,43.74,51.03,58.32,65.61,72.9,ShowDailyK_ChartFlow,FinMind_API_TaiwanStockPrice_6751,True,2026-09-24T07:10:44,2026-09-24T07:10:44,2026-09-24T07:10:44
6751,智聯服務,2022-03-28,45.0,0.0,0.00%,2.4299999999999997,18.44,36.45,43.74,51.03,58.32,65.61,72.9,ShowDailyK_ChartFlow,FinMind_API_TaiwanStockPrice_6751,True,2026-09-24T07:10:44,2026-09-24T07:10:44,2026-09-24T07:10:44
6751,智聯服務,2022-03-29,44.9,-0.10000000000000142,-0.22%,2.4299999999999997,18.4,36.45,43.74,51.03,58.32,65.61,72.9,ShowDailyK_ChartFlow,FinMind_API_TaiwanStockPrice_6751,True,2026-09-24T07:10:44,2026-09-24T07:10:44,2026-09-24T07:10:44
6751,智聯服務,2022-03-30,44.75,-0.14999999999999858,-0.33%,2.4299999999999997,18.34,36.45,43.74,51.03,58.32,65.61,72.9,ShowDailyK_ChartFlow,FinMind_API_TaiwanStockPrice_6751,True,2026-09-24T07:10:44,2026-09-24T07:10:44,2026-09-24T07:10:44
6751,智聯服務,2022-03-31,44.45,-0.29999999999999716,-0.67%,2.51,18.22,37.65,45.18,52.71,60.24,67.77,75.3,ShowDailyK_ChartFlow,FinMind_API_TaiwanStockPrice_6751,True,2026-09-24T07:10:44,2026-09-24T07:10:44,2026-09-24T07:10:44
6751,智聯服務,2022-04-01,44.2,-0.25,-0.56%,2.51,18.11,37.65,45.18,52.71,60.24,67.77,75.3,ShowDailyK_ChartFlow,FinMind_API_TaiwanStockPrice_6751,True,2026-09-24T07:10:44,2026-09-24T07:10:44,2026-09-24T07:10:44
6751,智聯服務,2022-04-06,44.2,0.0,0.00%,2.51,18.11,37.65,45.18,52.71,60.24,67.77,75.3,ShowDailyK_ChartFlow,FinMind_API_TaiwanStockPrice_6751,True,2026-09-24T07:10:44,2026-09-24T07:10:44,2026-09-24T07:10:44
6751,智聯服務,2022-04-07,43.3,-0.9000000000000057,-2.04%,2.51,17.75,37.65,45.18,52.71,60.24,67.77,75.3,ShowDailyK_ChartFlow,FinMind_API_TaiwanStockPrice_6751,True,2026-09-24T07:10:44,2026-09-24T07:10:44,2026-09-24T07:10:44
6751,智聯服務,2022-04-08,43.45,0.15000000000000568,0.35%,2.51,17.81,37.65,45.18,52.71,60.24,67.77,75.3,ShowDailyK_ChartFlow,FinMind_API_TaiwanStockPrice_6751,True,2026-09-24T07:10:44,2026-09-24T07:10:44,2026-09-24T07:10:44
6751,智聯服務,2022-04-11,42.95,-0.5,-1.15%,2.51,17.6,37.65,45.18,52.71,60.24,67.77,75.3,ShowDailyK_ChartFlow,FinMind_API_TaiwanStockPrice_6751,True,2026-09-24T07:10:44,2026-09-24T07:10:44,2026-09-24T07:10:44
6751,智聯服務,2022-04-12,43.2,0.25,0.58%,2.51,17.7,37.65,45.18,52.71,60.24,67.77,75.3,ShowDailyK_ChartFlow,FinMind_API_TaiwanStockPrice_6751,True,2026-09-24T07:10:44,2026-09-24T07:10:44,2026-09-24T07:10:44
6751,智聯服務,2022-04-13,44.0,0.7999999999999972,1.85%,2.51,18.03,37.65,45.18,52.71,60.24,67.77,75.3,ShowDailyK_ChartFlow,FinMind_API_TaiwanStockPrice_6751,True,2026-09-24T07:10:44,2026-09-24T07:10:44,2026-09-24T07:10:44
6751,智聯服務,2022-04-14,44.65,0.6499999999999986,1.48%,2.51,18.3,37.65,45.18,52.71,60.24,67.77,75.3,ShowDailyK_ChartFlow,FinMind_API_TaiwanStockPrice_6751,True,2026-09-24T07:10:44,2026-09-24T07:10:44,2026-09-24T07:10:44
6751,智聯服務,2022-04-15,44.0,-0.6499999999999986,-1.46%,2.51,18.03,37.65,45.18,52.71,60.24,67.77,75.3,ShowDailyK_ChartFlow,FinMind_API_TaiwanStockPrice_6751,True,2026-09-24T07:10:44,2026-09-24T07:10:44,2026-09-24T07:10:44
6751,智聯服務,2022-04-18,43.45,-0.5499999999999972,-1.25%,2.51,17.81,37.65,45.18,52.71,60.24,67.77,75.3,ShowDailyK_ChartFlow,FinMind_API_TaiwanStockPrice_6751,True,2026-09-24T07:10:44,2026-09-24T07:10:44,2026-09-24T07:10:44
6751,智聯服務,2022-04-19,42.85,-0.6000000000000014,-1.38%,2.51,17.56,37.65,45.18,52.71,60.24,67.77,75.3,ShowDailyK_ChartFlow,FinMind_API_TaiwanStockPrice_6751,True,2026-09-24T07:10:44,2026-09-24T07:10:44,2026-09-24T07:10:44
6751,智聯服務,2022-04-20,41.5,-1.3500000000000014,-3.15%,2.51,17.01,37.65,45.18,52.71,60.24,67.77,75.3,ShowDailyK_ChartFlow,FinMind_API_TaiwanStockPrice_6751,True,2026-09-24T07:10:44,2026-09-24T07:10:44,2026-09-24T07:10:44
6751,智聯服務,2022-04-21,42.0,0.5,1.20%,2.51,17.21,37.65,45.18,52.71,60.24,67.77,75.3,ShowDailyK_ChartFlow,FinMind_API_TaiwanStockPrice_6751,True,2026-09-24T07:10:44,2026-09-24T07:10:44,2026-09-24T07:10:44
6751,智聯服務,2022-04-22,41.75,-0.25,-0.60%,2.51,17.11,37.65,45.18,52.71,60.24,67.77,75.3,ShowDailyK_ChartFlow,FinMind_API_TaiwanStockPrice_6751,True,2026-09-24T07:10:44,2026-09-24T07:10:44,2026-09-24T07:10:44
6751,智聯服務,2022-04-25,40.9,-0.8500000000000014,-2.04%,2.51,16.76,37.65,45.18,52.71,60.24,67.77,75.3,ShowDailyK_ChartFlow,FinMind_API_TaiwanStockPrice_6751,True,2026-09-24T07:10:44,2026-09-24T07:10:44,2026-09-24T07:10:44
6751,智聯服務,2022-04-26,41.9,1.0,2.44%,2.51,17.17,37.65,45.18,52.71,60.24,67.77,75.3,ShowDailyK_ChartFlow,FinMind_API_TaiwanStockPrice_6751,True,2026-09-24T07:10:44,2026-09-24T07:10:44,2026-09-24T07:10:44
6751,智聯服務,2022-04-27,41.95,0.05000000000000426,0.12%,2.51,17.19,37.65,45.18,52.71,60.24,67.77,75.3,ShowDailyK_ChartFlow,FinMind_API_TaiwanStockPrice_6751,True,2026-09-24T07:10:44,2026-09-24T07:10:44,2026-09-24T07:10:44
6751,智聯服務,2022-04-28,42.3,0.3499999999999943,0.83%,2.51,17.34,37.65,45.18,52.71,60.24,67.77,75.3,ShowDailyK_ChartFlow,FinMind_API_TaiwanStockPrice_6751,True,2026-09-24T07:10:44,2026-09-24T07:10:44,2026-09-24T07:10:44
6751,智聯服務,2022-04-29,42.0,-0.29999999999999716,-0.71%,2.51,17.21,37.65,45.18,52.71,60.24,67.77,75.3,ShowDailyK_ChartFlow,FinMind_API_TaiwanStockPrice_6751,True,2026-09-24T07:10:44,2026-09-24T07:10:44,2026-09-24T07:10:44
6751,智聯服務,2022-05-03,43.0,1.0,2.38%,2.51,17.62,37.65,45.18,52.71,60.24,67.77,75.3,ShowDailyK_ChartFlow,FinMind_API_TaiwanStockPrice_6751,True,2026-09-24T07:10:44,2026-09-24T07:10:44,2026-09-24T07:10:44
6751,智聯服務,2022-05-04,41.8,-1.2000000000000028,-2.79%,2.51,24.73,37.65,45.18,52.71,60.24,67.77,75.3,ShowDailyK_ChartFlow,FinMind_API_TaiwanStockPrice_6751,True,2026-09-24T07:10:44,2026-09-24T07:10:44,2026-09-24T07:10:44
6751,智聯服務,2022-05-05,41.65,-0.14999999999999858,-0.36%,2.51,24.64,37.65,45.18,52.71,60.24,67.77,75.3,ShowDailyK_ChartFlow,FinMind_API_TaiwanStockPrice_6751,True,2026-09-24T07:10:44,2026-09-24T07:10:44,2026-09-24T07:10:44
6751,智聯服務,2022-05-06,40.85,-0.7999999999999972,-1.92%,2.51,24.17,37.65,45.18,52.71,60.24,67.77,75.3,ShowDailyK_ChartFlow,FinMind_API_TaiwanStockPrice_6751,True,2026-09-24T07:10:44,2026-09-24T07:10:44,2026-09-24T07:10:44
6751,智聯服務,2022-05-09,40.9,0.04999999999999716,0.12%,2.51,24.2,37.65,45.18,52.71,60.24,67.77,75.3,ShowDailyK_ChartFlow,FinMind_API_TaiwanStockPrice_6751,True,2026-09-24T07:10:44,2026-09-24T07:10:44,2026-09-24T07:10:44
6751,智聯服務,2022-05-10,40.55,-0.3500000000000014,-0.86%,2.51,23.99,37.65,45.18,52.71,60.24,67.77,75.3,ShowDailyK_ChartFlow,FinMind_API_TaiwanStockPrice_6751,True,2026-09-24T07:10:44,2026-09-24T07:10:44,2026-09-24T07:10:44
6751,智聯服務,2022-05-11,40.2,-0.3499999999999943,-0.86%,2.51,23.79,37.65,45.18,52.71,60.24,67.77,75.3,ShowDailyK_ChartFlow,FinMind_API_TaiwanStockPrice_6751,True,2026-09-24T07:10:44,2026-09-24T07:10:44,2026-09-24T07:10:44
6751,智聯服務,2022-05-12,40.0,-0.20000000000000284,-0.50%,2.51,23.67,37.65,45.18,52.71,60.24,67.77,75.3,ShowDailyK_ChartFlow,FinMind_API_TaiwanStockPrice_6751,True,2026-09-24T07:10:44,2026-09-24T07:10:44,2026-09-24T07:10:44
6751,智聯服務,2022-05-13,40.2,0.20000000000000284,0.50%,2.51,23.79,37.65,45.18,52.71,60.24,67.77,75.3,ShowDailyK_ChartFlow,FinMind_API_TaiwanStockPrice_6751,True,2026-09-24T07:10:44,2026-09-24T07:10:44,2026-09-24T07:10:44
6751,智聯服務,2022-05-16,40.45,0.25,0.62%,2.51,23.93,37.65,45.18,52.71,60.24,67.77,75.3,ShowDailyK_ChartFlow,FinMind_API_TaiwanStockPrice_6751,True,2026-09-24T07:10:44,2026-09-24T07:10:44,2026-09-24T07:10:44
6751,智聯服務,2022-05-17,40.15,-0.30000000000000426,-0.74%,2.51,23.76,37.65,45.18,52.71,60.24,67.77,75.3,ShowDailyK_ChartFlow,FinMind_API_TaiwanStockPrice_6751,True,2026-09-24T07:10:44,2026-09-24T07:10:44,2026-09-24T07:10:44
6751,智聯服務,2022-05-18,40.2,0.05000000000000426,0.12%,2.51,23.79,37.65,45.18,52.71,60.24,67.77,75.3,ShowDailyK_ChartFlow,FinMind_API_TaiwanStockPrice_6751,True,2026-09-24T07:10:44,2026-09-24T07:10:44,2026-09-24T07:10:44
6751,智聯服務,2022-05-19,40.05,-0.15000000000000568,-0.37%,2.51,23.7,37.65,45.18,52.71,60.24,67.77,75.3,ShowDailyK_ChartFlow,FinMind_API_TaiwanStockPrice_6751,True,2026-09-24T07:10:44,2026-09-24T07:10:44,2026-09-24T07:10:44
6751,智聯服務,2022-05-20,40.2,0.15000000000000568,0.37%,2.51,23.79,37.65,45.18,52.71,60.24,67.77,75.3,ShowDailyK_ChartFlow,FinMind_API_TaiwanStockPrice_6751,True,2026-09-24T07:10:44,2026-09-24T07:10:44,2026-09-24T07:10:44
6751,智聯服務,2022-05-23,40.2,0.0,0.00%,2.51,23.79,37.65,45.18,52.71,60.24,67.77,75.3,ShowDailyK_ChartFlow,FinMind_API_TaiwanStockPrice_6751,True,2026-09-24T07:10:44,2026-09-24T07:10:44,2026-09-24T07:10:44
6751,智聯服務,2022-05-24,40.25,0.04999999999999716,0.12%,2.51,23.82,37.65,45.18,52.71,60.24,67.77,75.3,ShowDailyK_ChartFlow,FinMind_API_TaiwanStockPrice_6751,True,2026-09-24T07:10:44,2026-09-24T07:10:44,2026-09-24T07:10:44
6751,智聯服務,2022-05-25,40.2,-0.04999999999999716,-0.12%,2.51,23.79,37.65,45.18,52.71,60.24,67.77,75.3,ShowDailyK_ChartFlow,FinMind_API_TaiwanStockPrice_6751,True,2026-09-24T07:10:44,2026-09-24T07:10:44,2026-09-24T07:10:44
6751,智聯服務,2022-05-26,41.0,0.7999999999999972,1.99%,2.51,24.26,37.65,45.18,52.71,60.24,67.77,75.3,ShowDailyK_ChartFlow,FinMind_API_TaiwanStockPrice_6751,True,2026-09-24T07:10:44,2026-09-24T07:10:44,2026-09-24T07:10:44
6751,智聯服務,2022-05-27,40.7,-0.29999999999999716,-0.73%,2.51,24.08,37.65,45.18,52.71,60.24,67.77,75.3,ShowDailyK_ChartFlow,FinMind_API_TaiwanStockPrice_6751,True,2026-09-24T07:10:44,2026-09-24T07:10:44,2026-09-24T07:10:44
6751,智聯服務,2022-05-30,41.7,1.0,2.46%,2.51,24.67,37.65,45.18,52.71,60.24,67.77,75.3,ShowDailyK_ChartFlow,FinMind_API_TaiwanStockPrice_6751,True,2026-09-24T07:10:44,2026-09-24T07:10:44,2026-09-24T07:10:44
6751,智聯服務,2022-05-31,41.55,-0.15000000000000568,-0.36%,2.51,24.59,37.65,45.18,52.71,60.24,67.77,75.3,ShowDailyK_ChartFlow,FinMind_API_TaiwanStockPrice_6751,True,2026-09-24T07:10:44,2026-09-24T07:10:44,2026-09-24T07:10:44
6751,智聯服務,2022-06-01,42.0,0.45000000000000284,1.08%,2.51,24.85,37.65,45.18,52.71,60.24,67.77,75.3,ShowDailyK_ChartFlow,FinMind_API_TaiwanStockPrice_6751,True,2026-09-24T07:10:44,2026-09-24T07:10:44,2026-09-24T07:10:44
6751,智聯服務,2022-06-02,41.5,-0.5,-1.19%,2.51,24.56,37.65,45.18,52.71,60.24,67.77,75.3,ShowDailyK_ChartFlow,FinMind_API_TaiwanStockPrice_6751,True,2026-09-24T07:10:44,2026-09-24T07:10:44,2026-09-24T07:10:44
6751,智聯服務,2022-06-06,41.9,0.3999999999999986,0.96%,2.51,24.79,37.65,45.18,52.71,60.24,67.77,75.3,ShowDailyK_ChartFlow,FinMind_API_TaiwanStockPrice_6751,True,2026-09-24T07:10:44,2026-09-24T07:10:44,2026-09-24T07:10:44
6751,智聯服務,2022-06-07,41.2,-0.6999999999999957,-1.67%,2.51,24.38,37.65,45.18,52.71,60.24,67.77,75.3,ShowDailyK_ChartFlow,FinMind_API_TaiwanStockPrice_6751,True,2026-09-24T07:10:44,2026-09-24T07:10:44,2026-09-24T07:10:44
6751,智聯服務,2022-06-08,41.3,0.09999999999999432,0.24%,2.51,24.44,37.65,45.18,52.71,60.24,67.77,75.3,ShowDailyK_ChartFlow,FinMind_API_TaiwanStockPrice_6751,True,2026-09-24T07:10:44,2026-09-24T07:10:44,2026-09-24T07:10:44
6751,智聯服務,2022-06-09,41.25,-0.04999999999999716,-0.12%,2.51,24.41,37.65,45.18,52.71,60.24,67.77,75.3,ShowDailyK_ChartFlow,FinMind_API_TaiwanStockPrice_6751,True,2026-09-24T07:10:44,2026-09-24T07:10:44,2026-09-24T07:10:44
6751,智聯服務,2022-06-10,41.85,0.6000000000000014,1.45%,2.51,24.76,37.65,45.18,52.71,60.24,67.77,75.3,ShowDailyK_ChartFlow,FinMind_API_TaiwanStockPrice_6751,True,2026-09-24T07:10:44,2026-09-24T07:10:44,2026-09-24T07:10:44
6751,智聯服務,2022-06-13,41.25,-0.6000000000000014,-1.43%,2.51,24.41,37.65,45.18,52.71,60.24,67.77,75.3,ShowDailyK_ChartFlow,FinMind_API_TaiwanStockPrice_6751,True,2026-09-24T07:10:44,2026-09-24T07:10:44,2026-09-24T07:10:44
6751,智聯服務,2022-06-14,42.1,0.8500000000000014,2.06%,2.51,24.91,37.65,45.18,52.71,60.24,67.77,75.3,ShowDailyK_ChartFlow,FinMind_API_TaiwanStockPrice_6751,True,2026-09-24T07:10:44,2026-09-24T07:10:44,2026-09-24T07:10:44
6751,智聯服務,2022-06-15,42.0,-0.10000000000000142,-0.24%,2.51,24.85,37.65,45.18,52.71,60.24,67.77,75.3,ShowDailyK_ChartFlow,FinMind_API_TaiwanStockPrice_6751,True,2026-09-24T07:10:44,2026-09-24T07:10:44,2026-09-24T07:10:44
6751,智聯服務,2022-06-16,42.2,0.20000000000000284,0.48%,2.51,24.97,37.65,45.18,52.71,60.24,67.77,75.3,ShowDailyK_ChartFlow,FinMind_API_TaiwanStockPrice_6751,True,2026-09-24T07:10:44,2026-09-24T07:10:44,2026-09-24T07:10:44
6751,智聯服務,2022-06-17,41.0,-1.2000000000000028,-2.84%,2.51,24.26,37.65,45.18,52.71,60.24,67.77,75.3,ShowDailyK_ChartFlow,FinMind_API_TaiwanStockPrice_6751,True,2026-09-24T07:10:44,2026-09-24T07:10:44,2026-09-24T07:10:44
6751,智聯服務,2022-06-20,40.6,-0.3999999999999986,-0.98%,2.51,24.02,37.65,45.18,52.71,60.24,67.77,75.3,ShowDailyK_ChartFlow,FinMind_API_TaiwanStockPrice_6751,True,2026-09-24T07:10:44,2026-09-24T07:10:44,2026-09-24T07:10:44
6751,智聯服務,2022-06-21,41.1,0.5,1.23%,2.51,24.32,37.65,45.18,52.71,60.24,67.77,75.3,ShowDailyK_ChartFlow,FinMind_API_TaiwanStockPrice_6751,True,2026-09-24T07:10:44,2026-09-24T07:10:44,2026-09-24T07:10:44
6751,智聯服務,2022-06-22,41.35,0.25,0.61%,2.51,24.47,37.65,45.18,52.71,60.24,67.77,75.3,ShowDailyK_ChartFlow,FinMind_API_TaiwanStockPrice_6751,True,2026-09-24T07:10:44,2026-09-24T07:10:44,2026-09-24T07:10:44
6751,智聯服務,2022-06-23,41.15,-0.20000000000000284,-0.48%,2.51,24.35,37.65,45.18,52.71,60.24,67.77,75.3,ShowDailyK_ChartFlow,FinMind_API_TaiwanStockPrice_6751,True,2026-09-24T07:10:44,2026-09-24T07:10:44,2026-09-24T07:10:44
6751,智聯服務,2022-06-24,41.1,-0.04999999999999716,-0.12%,2.51,24.32,37.65,45.18,52.71,60.24,67.77,75.3,ShowDailyK_ChartFlow,FinMind_API_TaiwanStockPrice_6751,True,2026-09-24T07:10:44,2026-09-24T07:10:44,2026-09-24T07:10:44
6751,智聯服務,2022-06-27,41.3,0.19999999999999574,0.49%,2.51,24.44,37.65,45.18,52.71,60.24,67.77,75.3,ShowDailyK_ChartFlow,FinMind_API_TaiwanStockPrice_6751,True,2026-09-24T07:10:44,2026-09-24T07:10:44,2026-09-24T07:10:44
6751,智聯服務,2022-06-28,40.35,-0.9499999999999957,-2.30%,2.51,23.88,37.65,45.18,52.71,60.24,67.77,75.3,ShowDailyK_ChartFlow,FinMind_API_TaiwanStockPrice_6751,True,2026-09-24T07:10:44,2026-09-24T07:10:44,2026-09-24T07:10:44
6751,智聯服務,2022-06-29,40.5,0.14999999999999858,0.37%,2.51,23.96,37.65,45.18,52.71,60.24,67.77,75.3,ShowDailyK_ChartFlow,FinMind_API_TaiwanStockPrice_6751,True,2026-09-24T07:10:44,2026-09-24T07:10:44,2026-09-24T07:10:44
6751,智聯服務,2022-06-30,0.0,-40.5,-100.00%,2.48,23.96,37.2,44.64,52.08,59.52,66.96,74.4,ShowDailyK_ChartFlow,FinMind_API_TaiwanStockPrice_6751,True,2026-09-24T07:10:44,2026-09-24T07:10:44,2026-09-24T07:10:44
6751,智聯服務,2022-07-01,39.0,39.0,,2.48,23.08,37.2,44.64,52.08,59.52,66.96,74.4,ShowDailyK_ChartFlow,FinMind_API_TaiwanStockPrice_6751,True,2026-09-24T07:10:44,2026-09-24T07:10:44,2026-09-24T07:10:44
6751,智聯服務,2022-07-04,37.8,-1.2000000000000028,-3.08%,2.48,22.37,37.2,44.64,52.08,59.52,66.96,74.4,ShowDailyK_ChartFlow,FinMind_API_TaiwanStockPrice_6751,True,2026-09-24T07:10:44,2026-09-24T07:10:44,2026-09-24T07:10:44
6751,智聯服務,2022-07-05,38.1,0.30000000000000426,0.79%,2.48,22.54,37.2,44.64,52.08,59.52,66.96,74.4,ShowDailyK_ChartFlow,FinMind_API_TaiwanStockPrice_6751,True,2026-09-24T07:10:44,2026-09-24T07:10:44,2026-09-24T07:10:44
6751,智聯服務,2022-07-06,37.35,-0.75,-1.97%,2.48,22.1,37.2,44.64,52.08,59.52,66.96,74.4,ShowDailyK_ChartFlow,FinMind_API_TaiwanStockPrice_6751,True,2026-09-24T07:10:44,2026-09-24T07:10:44,2026-09-24T07:10:44
6751,智聯服務,2022-07-07,37.95,0.6000000000000014,1.61%,2.48,22.46,37.2,44.64,52.08,59.52,66.96,74.4,ShowDailyK_ChartFlow,FinMind_API_TaiwanStockPrice_6751,True,2026-09-24T07:10:44,2026-09-24T07:10:44,2026-09-24T07:10:44
6751,智聯服務,2022-07-08,38.45,0.5,1.32%,2.48,22.75,37.2,44.64,52.08,59.52,66.96,74.4,ShowDailyK_ChartFlow,FinMind_API_TaiwanStockPrice_6751,True,2026-09-24T07:10:44,2026-09-24T07:10:44,2026-09-24T07:10:44
6751,智聯服務,2022-07-11,0.0,-38.45,-100.00%,2.48,22.75,37.2,44.64,52.08,59.52,66.96,74.4,ShowDailyK_ChartFlow,FinMind_API_TaiwanStockPrice_6751,True,2026-09-24T07:10:44,2026-09-24T07:10:44,2026-09-24T07:10:44
6751,智聯服務,2022-07-12,37.2,37.2,,2.48,22.01,37.2,44.64,52.08,59.52,66.96,74.4,ShowDailyK_ChartFlow,FinMind_API_TaiwanStockPrice_6751,True,2026-09-24T07:10:44,2026-09-24T07:10:44,2026-09-24T07:10:44
6751,智聯服務,2022-07-13,37.2,0.0,0.00%,2.48,22.01,37.2,44.64,52.08,59.52,66.96,74.4,ShowDailyK_ChartFlow,FinMind_API_TaiwanStockPrice_6751,True,2026-09-24T07:10:44,2026-09-24T07:10:44,2026-09-24T07:10:44
6751,智聯服務,2022-07-14,38.85,1.6499999999999986,4.44%,2.48,22.99,37.2,44.64,52.08,59.52,66.96,74.4,ShowDailyK_ChartFlow,FinMind_API_TaiwanStockPrice_6751,True,2026-09-24T07:10:44,2026-09-24T07:10:44,2026-09-24T07:10:44
6751,智聯服務,2022-07-15,38.2,-0.6499999999999986,-1.67%,2.48,22.6,37.2,44.64,52.08,59.52,66.96,74.4,ShowDailyK_ChartFlow,FinMind_API_TaiwanStockPrice_6751,True,2026-09-24T07:10:44,2026-09-24T07:10:44,2026-09-24T07:10:44
6751,智聯服務,2022-07-18,0.0,-38.2,-100.00%,2.48,22.6,37.2,44.64,52.08,59.52,66.96,74.4,ShowDailyK_ChartFlow,FinMind_API_TaiwanStockPrice_6751,True,2026-09-24T07:10:44,2026-09-24T07:10:44,2026-09-24T07:10:44
6751,智聯服務,2022-07-19,38.25,38.25,,2.48,22.63,37.2,44.64,52.08,59.52,66.96,74.4,ShowDailyK_ChartFlow,FinMind_API_TaiwanStockPrice_6751,True,2026-09-24T07:10:44,2026-09-24T07:10:44,2026-09-24T07:10:44
6751,智聯服務,2022-07-20,0.0,-38.25,-100.00%,2.48,22.63,37.2,44.64,52.08,59.52,66.96,74.4,ShowDailyK_ChartFlow,FinMind_API_TaiwanStockPrice_6751,True,2026-09-24T07:10:44,2026-09-24T07:10:44,2026-09-24T07:10:44
6751,智聯服務,2022-07-21,38.05,38.05,,2.48,22.51,37.2,44.64,52.08,59.52,66.96,74.4,ShowDailyK_ChartFlow,FinMind_API_TaiwanStockPrice_6751,True,2026-09-24T07:10:44,2026-09-24T07:10:44,2026-09-24T07:10:44
6751,智聯服務,2022-07-22,38.5,0.45000000000000284,1.18%,2.48,22.78,37.2,44.64,52.08,59.52,66.96,74.4,ShowDailyK_ChartFlow,FinMind_API_TaiwanStockPrice_6751,True,2026-09-24T07:10:44,2026-09-24T07:10:44,2026-09-24T07:10:44
6751,智聯服務,2022-07-25,38.1,-0.3999999999999986,-1.04%,2.48,22.54,37.2,44.64,52.08,59.52,66.96,74.4,ShowDailyK_ChartFlow,FinMind_API_TaiwanStockPrice_6751,True,2026-09-24T07:10:44,2026-09-24T07:10:44,2026-09-24T07:10:44
6751,智聯服務,2022-07-26,37.65,-0.45000000000000284,-1.18%,2.48,22.28,37.2,44.64,52.08,59.52,66.96,74.4,ShowDailyK_ChartFlow,FinMind_API_TaiwanStockPrice_6751,True,2026-09-24T07:10:44,2026-09-24T07:10:44,2026-09-24T07:10:44
6751,智聯服務,2022-07-27,38.5,0.8500000000000014,2.26%,2.48,22.78,37.2,44.64,52.08,59.52,66.96,74.4,ShowDailyK_ChartFlow,FinMind_API_TaiwanStockPrice_6751,True,2026-09-24T07:10:44,2026-09-24T07:10:44,2026-09-24T07:10:44
6751,智聯服務,2022-07-28,38.8,0.29999999999999716,0.78%,2.48,22.96,37.2,44.64,52.08,59.52,66.96,74.4,ShowDailyK_ChartFlow,FinMind_API_TaiwanStockPrice_6751,True,2026-09-24T07:10:44,2026-09-24T07:10:44,2026-09-24T07:10:44
6751,智聯服務,2022-07-29,39.1,0.30000000000000426,0.77%,2.48,23.14,37.2,44.64,52.08,59.52,66.96,74.4,ShowDailyK_ChartFlow,FinMind_API_TaiwanStockPrice_6751,True,2026-09-24T07:10:44,2026-09-24T07:10:44,2026-09-24T07:10:44
6751,智聯服務,2022-08-01,40.9,1.7999999999999972,4.60%,2.48,24.2,37.2,44.64,52.08,59.52,66.96,74.4,ShowDailyK_ChartFlow,FinMind_API_TaiwanStockPrice_6751,True,2026-09-24T07:10:44,2026-09-24T07:10:44,2026-09-24T07:10:44
6751,智聯服務,2022-08-02,40.8,-0.10000000000000142,-0.24%,2.48,21.14,37.2,44.64,52.08,59.52,66.96,74.4,ShowDailyK_ChartFlow,FinMind_API_TaiwanStockPrice_6751,True,2026-09-24T07:10:44,2026-09-24T07:10:44,2026-09-24T07:10:44
6751,智聯服務,2022-08-03,40.0,-0.7999999999999972,-1.96%,2.48,20.73,37.2,44.64,52.08,59.52,66.96,74.4,ShowDailyK_ChartFlow,FinMind_API_TaiwanStockPrice_6751,True,2026-09-24T07:10:44,2026-09-24T07:10:44,2026-09-24T07:10:44
6751,智聯服務,2022-08-04,40.0,0.0,0.00%,2.48,20.73,37.2,44.64,52.08,59.52,66.96,74.4,ShowDailyK_ChartFlow,FinMind_API_TaiwanStockPrice_6751,True,2026-09-24T07:10:44,2026-09-24T07:10:44,2026-09-24T07:10:44
6751,智聯服務,2022-08-05,40.0,0.0,0.00%,2.48,20.73,37.2,44.64,52.08,59.52,66.96,74.4,ShowDailyK_ChartFlow,FinMind_API_TaiwanStockPrice_6751,True,2026-09-24T07:10:44,2026-09-24T07:10:44,2026-09-24T07:10:44
6751,智聯服務,2022-08-08,40.3,0.29999999999999716,0.75%,2.48,20.88,37.2,44.64,52.08,59.52,66.96,74.4,ShowDailyK_ChartFlow,FinMind_API_TaiwanStockPrice_6751,True,2026-09-24T07:10:44,2026-09-24T07:10:44,2026-09-24T07:10:44
6751,智聯服務,2022-08-09,44.3,4.0,9.93%,2.48,22.95,37.2,44.64,52.08,59.52,66.96,74.4,ShowDailyK_ChartFlow,FinMind_API_TaiwanStockPrice_6751,True,2026-09-24T07:10:44,2026-09-24T07:10:44,2026-09-24T07:10:44
6751,智聯服務,2022-08-10,44.65,0.3500000000000014,0.79%,2.48,23.13,37.2,44.64,52.08,59.52,66.96,74.4,ShowDailyK_ChartFlow,FinMind_API_TaiwanStockPrice_6751,True,2026-09-24T07:10:44,2026-09-24T07:10:44,2026-09-24T07:10:44
6751,智聯服務,2022-08-11,43.6,-1.0499999999999972,-2.35%,2.48,22.59,37.2,44.64,52.08,59.52,66.96,74.4,ShowDailyK_ChartFlow,FinMind_API_TaiwanStockPrice_6751,True,2026-09-24T07:10:44,2026-09-24T07:10:44,2026-09-24T07:10:44
6751,智聯服務,2022-08-12,43.65,0.04999999999999716,0.11%,2.48,22.62,37.2,44.64,52.08,59.52,66.96,74.4,ShowDailyK_ChartFlow,FinMind_API_TaiwanStockPrice_6751,True,2026-09-24T07:10:44,2026-09-24T07:10:44,2026-09-24T07:10:44
6751,智聯服務,2022-08-15,43.75,0.10000000000000142,0.23%,2.48,22.67,37.2,44.64,52.08,59.52,66.96,74.4,ShowDailyK_ChartFlow,FinMind_API_TaiwanStockPrice_6751,True,2026-09-24T07:10:44,2026-09-24T07:10:44,2026-09-24T07:10:44
6751,智聯服務,2022-08-16,44.3,0.5499999999999972,1.26%,2.48,22.95,37.2,44.64,52.08,59.52,66.96,74.4,ShowDailyK_ChartFlow,FinMind_API_TaiwanStockPrice_6751,True,2026-09-24T07:10:44,2026-09-24T07:10:44,2026-09-24T07:10:44
6751,智聯服務,2022-08-17,44.85,0.5500000000000043,1.24%,2.48,23.24,37.2,44.64,52.08,59.52,66.96,74.4,ShowDailyK_ChartFlow,FinMind_API_TaiwanStockPrice_6751,True,2026-09-24T07:10:44,2026-09-24T07:10:44,2026-09-24T07:10:44
6751,智聯服務,2022-08-18,48.8,3.9499999999999957,8.81%,2.48,25.28,37.2,44.64,52.08,59.52,66.96,74.4,ShowDailyK_ChartFlow,FinMind_API_TaiwanStockPrice_6751,True,2026-09-24T07:10:44,2026-09-24T07:10:44,2026-09-24T07:10:44
6751,智聯服務,2022-08-19,49.5,0.7000000000000028,1.43%,2.48,25.65,37.2,44.64,52.08,59.52,66.96,74.4,ShowDailyK_ChartFlow,FinMind_API_TaiwanStockPrice_6751,True,2026-09-24T07:10:44,2026-09-24T07:10:44,2026-09-24T07:10:44
6751,智聯服務,2022-08-22,48.55,-0.9500000000000028,-1.92%,2.48,25.16,37.2,44.64,52.08,59.52,66.96,74.4,ShowDailyK_ChartFlow,FinMind_API_TaiwanStockPrice_6751,True,2026-09-24T07:10:44,2026-09-24T07:10:44,2026-09-24T07:10:44
6751,智聯服務,2022-08-23,48.6,0.05000000000000426,0.10%,2.48,25.18,37.2,44.64,52.08,59.52,66.96,74.4,ShowDailyK_ChartFlow,FinMind_API_TaiwanStockPrice_6751,True,2026-09-24T07:10:44,2026-09-24T07:10:44,2026-09-24T07:10:44
6751,智聯服務,2022-08-24,48.0,-0.6000000000000014,-1.23%,2.48,24.87,37.2,44.64,52.08,59.52,66.96,74.4,ShowDailyK_ChartFlow,FinMind_API_TaiwanStockPrice_6751,True,2026-09-24T07:10:44,2026-09-24T07:10:44,2026-09-24T07:10:44
6751,智聯服務,2022-08-25,48.0,0.0,0.00%,2.48,24.87,37.2,44.64,52.08,59.52,66.96,74.4,ShowDailyK_ChartFlow,FinMind_API_TaiwanStockPrice_6751,True,2026-09-24T07:10:44,2026-09-24T07:10:44,2026-09-24T07:10:44
6751,智聯服務,2022-08-26,47.2,-0.7999999999999972,-1.67%,2.48,24.46,37.2,44.64,52.08,59.52,66.96,74.4,ShowDailyK_ChartFlow,FinMind_API_TaiwanStockPrice_6751,True,2026-09-24T07:10:44,2026-09-24T07:10:44,2026-09-24T07:10:44
6751,智聯服務,2022-08-29,46.4,-0.8000000000000043,-1.69%,2.48,24.04,37.2,44.64,52.08,59.52,66.96,74.4,ShowDailyK_ChartFlow,FinMind_API_TaiwanStockPrice_6751,True,2026-09-24T07:10:44,2026-09-24T07:10:44,2026-09-24T07:10:44
6751,智聯服務,2022-08-30,46.6,0.20000000000000284,0.43%,2.48,24.15,37.2,44.64,52.08,59.52,66.96,74.4,ShowDailyK_ChartFlow,FinMind_API_TaiwanStockPrice_6751,True,2026-09-24T07:10:44,2026-09-24T07:10:44,2026-09-24T07:10:44
6751,智聯服務,2022-08-31,46.4,-0.20000000000000284,-0.43%,2.48,24.04,37.2,44.64,52.08,59.52,66.96,74.4,ShowDailyK_ChartFlow,FinMind_API_TaiwanStockPrice_6751,True,2026-09-24T07:10:44,2026-09-24T07:10:44,2026-09-24T07:10:44
6751,智聯服務,2022-09-01,45.8,-0.6000000000000014,-1.29%,2.48,23.73,37.2,44.64,52.08,59.52,66.96,74.4,ShowDailyK_ChartFlow,FinMind_API_TaiwanStockPrice_6751,True,2026-09-24T07:10:44,2026-09-24T07:10:44,2026-09-24T07:10:44
6751,智聯服務,2022-09-02,45.9,0.10000000000000142,0.22%,2.48,23.78,37.2,44.64,52.08,59.52,66.96,74.4,ShowDailyK_ChartFlow,FinMind_API_TaiwanStockPrice_6751,True,2026-09-24T07:10:44,2026-09-24T07:10:44,2026-09-24T07:10:44
6751,智聯服務,2022-09-05,46.0,0.10000000000000142,0.22%,2.48,23.83,37.2,44.64,52.08,59.52,66.96,74.4,ShowDailyK_ChartFlow,FinMind_API_TaiwanStockPrice_6751,True,2026-09-24T07:10:44,2026-09-24T07:10:44,2026-09-24T07:10:44
6751,智聯服務,2022-09-06,45.45,-0.5499999999999972,-1.20%,2.48,23.55,37.2,44.64,52.08,59.52,66.96,74.4,ShowDailyK_ChartFlow,FinMind_API_TaiwanStockPrice_6751,True,2026-09-24T07:10:44,2026-09-24T07:10:44,2026-09-24T07:10:44
6751,智聯服務,2022-09-07,45.0,-0.45000000000000284,-0.99%,2.48,23.32,37.2,44.64,52.08,59.52,66.96,74.4,ShowDailyK_ChartFlow,FinMind_API_TaiwanStockPrice_6751,True,2026-09-24T07:10:44,2026-09-24T07:10:44,2026-09-24T07:10:44
6751,智聯服務,2022-09-08,45.4,0.3999999999999986,0.89%,2.48,23.52,37.2,44.64,52.08,59.52,66.96,74.4,ShowDailyK_ChartFlow,FinMind_API_TaiwanStockPrice_6751,True,2026-09-24T07:10:44,2026-09-24T07:10:44,2026-09-24T07:10:44
6751,智聯服務,2022-09-12,45.4,0.0,0.00%,2.48,23.52,37.2,44.64,52.08,59.52,66.96,74.4,ShowDailyK_ChartFlow,FinMind_API_TaiwanStockPrice_6751,True,2026-09-24T07:10:44,2026-09-24T07:10:44,2026-09-24T07:10:44
6751,智聯服務,2022-09-13,45.65,0.25,0.55%,2.48,23.65,37.2,44.64,52.08,59.52,66.96,74.4,ShowDailyK_ChartFlow,FinMind_API_TaiwanStockPrice_6751,True,2026-09-24T07:10:44,2026-09-24T07:10:44,2026-09-24T07:10:44
6751,智聯服務,2022-09-14,46.0,0.3500000000000014,0.77%,2.48,23.83,37.2,44.64,52.08,59.52,66.96,74.4,ShowDailyK_ChartFlow,FinMind_API_TaiwanStockPrice_6751,True,2026-09-24T07:10:44,2026-09-24T07:10:44,2026-09-24T07:10:44
6751,智聯服務,2022-09-15,46.0,0.0,0.00%,2.48,23.83,37.2,44.64,52.08,59.52,66.96,74.4,ShowDailyK_ChartFlow,FinMind_API_TaiwanStockPrice_6751,True,2026-09-24T07:10:44,2026-09-24T07:10:44,2026-09-24T07:10:44
6751,智聯服務,2022-09-16,45.9,-0.10000000000000142,-0.22%,2.48,23.78,37.2,44.64,52.08,59.52,66.96,74.4,ShowDailyK_ChartFlow,FinMind_API_TaiwanStockPrice_6751,True,2026-09-24T07:10:44,2026-09-24T07:10:44,2026-09-24T07:10:44
6751,智聯服務,2022-09-19,46.6,0.7000000000000028,1.53%,2.48,24.15,37.2,44.64,52.08,59.52,66.96,74.4,ShowDailyK_ChartFlow,FinMind_API_TaiwanStockPrice_6751,True,2026-09-24T07:10:44,2026-09-24T07:10:44,2026-09-24T07:10:44
6751,智聯服務,2022-09-20,44.05,-2.5500000000000043,-5.47%,2.48,22.82,37.2,44.64,52.08,59.52,66.96,74.4,ShowDailyK_ChartFlow,FinMind_API_TaiwanStockPrice_6751,True,2026-09-24T07:10:44,2026-09-24T07:10:44,2026-09-24T07:10:44
6751,智聯服務,2022-09-21,43.3,-0.75,-1.70%,2.48,22.44,37.2,44.64,52.08,59.52,66.96,74.4,ShowDailyK_ChartFlow,FinMind_API_TaiwanStockPrice_6751,True,2026-09-24T07:10:44,2026-09-24T07:10:44,2026-09-24T07:10:44
6751,智聯服務,2022-09-22,42.15,-1.1499999999999986,-2.66%,2.48,21.84,37.2,44.64,52.08,59.52,66.96,74.4,ShowDailyK_ChartFlow,FinMind_API_TaiwanStockPrice_6751,True,2026-09-24T07:10:44,2026-09-24T07:10:44,2026-09-24T07:10:44
6751,智聯服務,2022-09-23,41.75,-0.3999999999999986,-0.95%,2.48,21.63,37.2,44.64,52.08,59.52,66.96,74.4,ShowDailyK_ChartFlow,FinMind_API_TaiwanStockPrice_6751,True,2026-09-24T07:10:44,2026-09-24T07:10:44,2026-09-24T07:10:44
6751,智聯服務,2022-09-26,41.9,0.14999999999999858,0.36%,2.48,21.71,37.2,44.64,52.08,59.52,66.96,74.4,ShowDailyK_ChartFlow,FinMind_API_TaiwanStockPrice_6751,True,2026-09-24T07:10:44,2026-09-24T07:10:44,2026-09-24T07:10:44
6751,智聯服務,2022-09-27,41.3,-0.6000000000000014,-1.43%,2.48,21.4,37.2,44.64,52.08,59.52,66.96,74.4,ShowDailyK_ChartFlow,FinMind_API_TaiwanStockPrice_6751,True,2026-09-24T07:10:44,2026-09-24T07:10:44,2026-09-24T07:10:44
6751,智聯服務,2022-09-28,39.2,-2.0999999999999943,-5.08%,2.48,20.31,37.2,44.64,52.08,59.52,66.96,74.4,ShowDailyK_ChartFlow,FinMind_API_TaiwanStockPrice_6751,True,2026-09-24T07:10:44,2026-09-24T07:10:44,2026-09-24T07:10:44
6751,智聯服務,2022-09-29,38.85,-0.3500000000000014,-0.89%,2.48,20.13,37.2,44.64,52.08,59.52,66.96,74.4,ShowDailyK_ChartFlow,FinMind_API_TaiwanStockPrice_6751,True,2026-09-24T07:10:44,2026-09-24T07:10:44,2026-09-24T07:10:44
6751,智聯服務,2022-09-30,38.95,0.10000000000000142,0.26%,3.25,20.18,48.75,58.5,68.25,78.0,87.75,97.5,ShowDailyK_ChartFlow,FinMind_API_TaiwanStockPrice_6751,True,2026-09-24T07:10:44,2026-09-24T07:10:44,2026-09-24T07:10:44
6751,智聯服務,2022-10-03,40.65,1.6999999999999957,4.36%,3.25,21.06,48.75,58.5,68.25,78.0,87.75,97.5,ShowDailyK_ChartFlow,FinMind_API_TaiwanStockPrice_6751,True,2026-09-24T07:10:44,2026-09-24T07:10:44,2026-09-24T07:10:44
6751,智聯服務,2022-10-04,41.5,0.8500000000000014,2.09%,3.25,21.5,48.75,58.5,68.25,78.0,87.75,97.5,ShowDailyK_ChartFlow,FinMind_API_TaiwanStockPrice_6751,True,2026-09-24T07:10:44,2026-09-24T07:10:44,2026-09-24T07:10:44
6751,智聯服務,2022-10-05,40.9,-0.6000000000000014,-1.45%,3.25,21.19,48.75,58.5,68.25,78.0,87.75,97.5,ShowDailyK_ChartFlow,FinMind_API_TaiwanStockPrice_6751,True,2026-09-24T07:10:44,2026-09-24T07:10:44,2026-09-24T07:10:44
6751,智聯服務,2022-10-06,40.3,-0.6000000000000014,-1.47%,3.25,20.88,48.75,58.5,68.25,78.0,87.75,97.5,ShowDailyK_ChartFlow,FinMind_API_TaiwanStockPrice_6751,True,2026-09-24T07:10:44,2026-09-24T07:10:44,2026-09-24T07:10:44
6751,智聯服務,2022-10-07,40.15,-0.14999999999999858,-0.37%,3.25,20.8,48.75,58.5,68.25,78.0,87.75,97.5,ShowDailyK_ChartFlow,FinMind_API_TaiwanStockPrice_6751,True,2026-09-24T07:10:44,2026-09-24T07:10:44,2026-09-24T07:10:44
6751,智聯服務,2022-10-11,39.6,-0.5499999999999972,-1.37%,3.25,20.52,48.75,58.5,68.25,78.0,87.75,97.5,ShowDailyK_ChartFlow,FinMind_API_TaiwanStockPrice_6751,True,2026-09-24T07:10:44,2026-09-24T07:10:44,2026-09-24T07:10:44
6751,智聯服務,2022-10-12,39.45,-0.14999999999999858,-0.38%,3.25,20.44,48.75,58.5,68.25,78.0,87.75,97.5,ShowDailyK_ChartFlow,FinMind_API_TaiwanStockPrice_6751,True,2026-09-24T07:10:44,2026-09-24T07:10:44,2026-09-24T07:10:44
6751,智聯服務,2022-10-13,38.55,-0.9000000000000057,-2.28%,3.25,19.97,48.75,58.5,68.25,78.0,87.75,97.5,ShowDailyK_ChartFlow,FinMind_API_TaiwanStockPrice_6751,True,2026-09-24T07:10:44,2026-09-24T07:10:44,2026-09-24T07:10:44
6751,智聯服務,2022-10-14,39.25,0.7000000000000028,1.82%,3.25,20.34,48.75,58.5,68.25,78.0,87.75,97.5,ShowDailyK_ChartFlow,FinMind_API_TaiwanStockPrice_6751,True,2026-09-24T07:10:44,2026-09-24T07:10:44,2026-09-24T07:10:44
6751,智聯服務,2022-10-17,39.0,-0.25,-0.64%,3.25,20.21,48.75,58.5,68.25,78.0,87.75,97.5,ShowDailyK_ChartFlow,FinMind_API_TaiwanStockPrice_6751,True,2026-09-24T07:10:44,2026-09-24T07:10:44,2026-09-24T07:10:44
6751,智聯服務,2022-10-18,38.85,-0.14999999999999858,-0.38%,3.25,20.13,48.75,58.5,68.25,78.0,87.75,97.5,ShowDailyK_ChartFlow,FinMind_API_TaiwanStockPrice_6751,True,2026-09-24T07:10:44,2026-09-24T07:10:44,2026-09-24T07:10:44
6751,智聯服務,2022-10-19,38.9,0.04999999999999716,0.13%,3.25,20.16,48.75,58.5,68.25,78.0,87.75,97.5,ShowDailyK_ChartFlow,FinMind_API_TaiwanStockPrice_6751,True,2026-09-24T07:10:44,2026-09-24T07:10:44,2026-09-24T07:10:44
6751,智聯服務,2022-10-20,39.05,0.14999999999999858,0.39%,3.25,20.23,48.75,58.5,68.25,78.0,87.75,97.5,ShowDailyK_ChartFlow,FinMind_API_TaiwanStockPrice_6751,True,2026-09-24T07:10:44,2026-09-24T07:10:44,2026-09-24T07:10:44
6751,智聯服務,2022-10-21,38.8,-0.25,-0.64%,3.25,20.1,48.75,58.5,68.25,78.0,87.75,97.5,ShowDailyK_ChartFlow,FinMind_API_TaiwanStockPrice_6751,True,2026-09-24T07:10:44,2026-09-24T07:10:44,2026-09-24T07:10:44
6751,智聯服務,2022-10-24,38.7,-0.09999999999999432,-0.26%,3.25,20.05,48.75,58.5,68.25,78.0,87.75,97.5,ShowDailyK_ChartFlow,FinMind_API_TaiwanStockPrice_6751,True,2026-09-24T07:10:44,2026-09-24T07:10:44,2026-09-24T07:10:44
6751,智聯服務,2022-10-25,38.6,-0.10000000000000142,-0.26%,3.25,20.0,48.75,58.5,68.25,78.0,87.75,97.5,ShowDailyK_ChartFlow,FinMind_API_TaiwanStockPrice_6751,True,2026-09-24T07:10:44,2026-09-24T07:10:44,2026-09-24T07:10:44
6751,智聯服務,2022-10-26,38.65,0.04999999999999716,0.13%,3.25,20.03,48.75,58.5,68.25,78.0,87.75,97.5,ShowDailyK_ChartFlow,FinMind_API_TaiwanStockPrice_6751,True,2026-09-24T07:10:44,2026-09-24T07:10:44,2026-09-24T07:10:44
6751,智聯服務,2022-10-27,38.8,0.14999999999999858,0.39%,3.25,20.1,48.75,58.5,68.25,78.0,87.75,97.5,ShowDailyK_ChartFlow,FinMind_API_TaiwanStockPrice_6751,True,2026-09-24T07:10:44,2026-09-24T07:10:44,2026-09-24T07:10:44
6751,智聯服務,2022-10-28,38.5,-0.29999999999999716,-0.77%,3.25,19.95,48.75,58.5,68.25,78.0,87.75,97.5,ShowDailyK_ChartFlow,FinMind_API_TaiwanStockPrice_6751,True,2026-09-24T07:10:44,2026-09-24T07:10:44,2026-09-24T07:10:44
6751,智聯服務,2022-10-31,38.85,0.3500000000000014,0.91%,3.25,20.13,48.75,58.5,68.25,78.0,87.75,97.5,ShowDailyK_ChartFlow,FinMind_API_TaiwanStockPrice_6751,True,2026-09-24T07:10:44,2026-09-24T07:10:44,2026-09-24T07:10:44
6751,智聯服務,2022-11-01,41.7,2.8500000000000014,7.34%,3.25,14.84,48.75,58.5,68.25,78.0,87.75,97.5,ShowDailyK_ChartFlow,FinMind_API_TaiwanStockPrice_6751,True,2026-09-24T07:10:44,2026-09-24T07:10:44,2026-09-24T07:10:44
6751,智聯服務,2022-11-02,40.8,-0.9000000000000057,-2.16%,3.25,14.52,48.75,58.5,68.25,78.0,87.75,97.5,ShowDailyK_ChartFlow,FinMind_API_TaiwanStockPrice_6751,True,2026-09-24T07:10:44,2026-09-24T07:10:44,2026-09-24T07:10:44
6751,智聯服務,2022-11-03,41.7,0.9000000000000057,2.21%,3.25,14.84,48.75,58.5,68.25,78.0,87.75,97.5,ShowDailyK_ChartFlow,FinMind_API_TaiwanStockPrice_6751,True,2026-09-24T07:10:44,2026-09-24T07:10:44,2026-09-24T07:10:44
6751,智聯服務,2022-11-04,40.75,-0.9500000000000028,-2.28%,3.25,14.5,48.75,58.5,68.25,78.0,87.75,97.5,ShowDailyK_ChartFlow,FinMind_API_TaiwanStockPrice_6751,True,2026-09-24T07:10:44,2026-09-24T07:10:44,2026-09-24T07:10:44
6751,智聯服務,2022-11-07,42.9,2.1499999999999986,5.28%,3.25,15.27,48.75,58.5,68.25,78.0,87.75,97.5,ShowDailyK_ChartFlow,FinMind_API_TaiwanStockPrice_6751,True,2026-09-24T07:10:44,2026-09-24T07:10:44,2026-09-24T07:10:44
6751,智聯服務,2022-11-08,43.6,0.7000000000000028,1.63%,3.25,15.52,48.75,58.5,68.25,78.0,87.75,97.5,ShowDailyK_ChartFlow,FinMind_API_TaiwanStockPrice_6751,True,2026-09-24T07:10:44,2026-09-24T07:10:44,2026-09-24T07:10:44
6751,智聯服務,2022-11-09,43.7,0.10000000000000142,0.23%,3.25,15.55,48.75,58.5,68.25,78.0,87.75,97.5,ShowDailyK_ChartFlow,FinMind_API_TaiwanStockPrice_6751,True,2026-09-24T07:10:44,2026-09-24T07:10:44,2026-09-24T07:10:44
6751,智聯服務,2022-11-10,42.95,-0.75,-1.72%,3.25,15.28,48.75,58.5,68.25,78.0,87.75,97.5,ShowDailyK_ChartFlow,FinMind_API_TaiwanStockPrice_6751,True,2026-09-24T07:10:44,2026-09-24T07:10:44,2026-09-24T07:10:44
6751,智聯服務,2022-11-11,42.95,0.0,0.00%,3.25,15.28,48.75,58.5,68.25,78.0,87.75,97.5,ShowDailyK_ChartFlow,FinMind_API_TaiwanStockPrice_6751,True,2026-09-24T07:10:44,2026-09-24T07:10:44,2026-09-24T07:10:44
6751,智聯服務,2022-11-14,43.25,0.29999999999999716,0.70%,3.25,15.39,48.75,58.5,68.25,78.0,87.75,97.5,ShowDailyK_ChartFlow,FinMind_API_TaiwanStockPrice_6751,True,2026-09-24T07:10:44,2026-09-24T07:10:44,2026-09-24T07:10:44
6751,智聯服務,2022-11-15,43.25,0.0,0.00%,3.25,15.39,48.75,58.5,68.25,78.0,87.75,97.5,ShowDailyK_ChartFlow,FinMind_API_TaiwanStockPrice_6751,True,2026-09-24T07:10:44,2026-09-24T07:10:44,2026-09-24T07:10:44
6751,智聯服務,2022-11-16,43.6,0.3500000000000014,0.81%,3.25,15.52,48.75,58.5,68.25,78.0,87.75,97.5,ShowDailyK_ChartFlow,FinMind_API_TaiwanStockPrice_6751,True,2026-09-24T07:10:44,2026-09-24T07:10:44,2026-09-24T07:10:44
6751,智聯服務,2022-11-17,43.1,-0.5,-1.15%,3.25,15.34,48.75,58.5,68.25,78.0,87.75,97.5,ShowDailyK_ChartFlow,FinMind_API_TaiwanStockPrice_6751,True,2026-09-24T07:10:44,2026-09-24T07:10:44,2026-09-24T07:10:44
6751,智聯服務,2022-11-18,43.4,0.29999999999999716,0.70%,3.25,15.44,48.75,58.5,68.25,78.0,87.75,97.5,ShowDailyK_ChartFlow,FinMind_API_TaiwanStockPrice_6751,True,2026-09-24T07:10:44,2026-09-24T07:10:44,2026-09-24T07:10:44
6751,智聯服務,2022-11-21,43.15,-0.25,-0.58%,3.25,15.36,48.75,58.5,68.25,78.0,87.75,97.5,ShowDailyK_ChartFlow,FinMind_API_TaiwanStockPrice_6751,True,2026-09-24T07:10:44,2026-09-24T07:10:44,2026-09-24T07:10:44
6751,智聯服務,2022-11-22,43.15,0.0,0.00%,3.25,15.36,48.75,58.5,68.25,78.0,87.75,97.5,ShowDailyK_ChartFlow,FinMind_API_TaiwanStockPrice_6751,True,2026-09-24T07:10:44,2026-09-24T07:10:44,2026-09-24T07:10:44
6751,智聯服務,2022-11-23,42.95,-0.19999999999999574,-0.46%,3.25,15.28,48.75,58.5,68.25,78.0,87.75,97.5,ShowDailyK_ChartFlow,FinMind_API_TaiwanStockPrice_6751,True,2026-09-24T07:10:44,2026-09-24T07:10:44,2026-09-24T07:10:44
6751,智聯服務,2022-11-24,43.05,0.09999999999999432,0.23%,3.25,15.32,48.75,58.5,68.25,78.0,87.75,97.5,ShowDailyK_ChartFlow,FinMind_API_TaiwanStockPrice_6751,True,2026-09-24T07:10:44,2026-09-24T07:10:44,2026-09-24T07:10:44
6751,智聯服務,2022-11-25,43.6,0.5500000000000043,1.28%,3.25,15.52,48.75,58.5,68.25,78.0,87.75,97.5,ShowDailyK_ChartFlow,FinMind_API_TaiwanStockPrice_6751,True,2026-09-24T07:10:44,2026-09-24T07:10:44,2026-09-24T07:10:44
6751,智聯服務,2022-11-28,43.6,0.0,0.00%,3.25,15.52,48.75,58.5,68.25,78.0,87.75,97.5,ShowDailyK_ChartFlow,FinMind_API_TaiwanStockPrice_6751,True,2026-09-24T07:10:44,2026-09-24T07:10:44,2026-09-24T07:10:44
6751,智聯服務,2022-11-29,43.6,0.0,0.00%,3.25,15.52,48.75,58.5,68.25,78.0,87.75,97.5,ShowDailyK_ChartFlow,FinMind_API_TaiwanStockPrice_6751,True,2026-09-24T07:10:44,2026-09-24T07:10:44,2026-09-24T07:10:44
6751,智聯服務,2022-11-30,43.9,0.29999999999999716,0.69%,3.25,15.62,48.75,58.5,68.25,78.0,87.75,97.5,ShowDailyK_ChartFlow,FinMind_API_TaiwanStockPrice_6751,True,2026-09-24T07:10:44,2026-09-24T07:10:44,2026-09-24T07:10:44
6751,智聯服務,2022-12-01,44.5,0.6000000000000014,1.37%,3.25,15.84,48.75,58.5,68.25,78.0,87.75,97.5,ShowDailyK_ChartFlow,FinMind_API_TaiwanStockPrice_6751,True,2026-09-24T07:10:44,2026-09-24T07:10:44,2026-09-24T07:10:44
6751,智聯服務,2022-12-02,44.85,0.3500000000000014,0.79%,3.25,15.96,48.75,58.5,68.25,78.0,87.75,97.5,ShowDailyK_ChartFlow,FinMind_API_TaiwanStockPrice_6751,True,2026-09-24T07:10:44,2026-09-24T07:10:44,2026-09-24T07:10:44
6751,智聯服務,2022-12-05,45.45,0.6000000000000014,1.34%,3.25,16.17,48.75,58.5,68.25,78.0,87.75,97.5,ShowDailyK_ChartFlow,FinMind_API_TaiwanStockPrice_6751,True,2026-09-24T07:10:44,2026-09-24T07:10:44,2026-09-24T07:10:44
6751,智聯服務,2022-12-06,45.05,-0.4000000000000057,-0.88%,3.25,16.03,48.75,58.5,68.25,78.0,87.75,97.5,ShowDailyK_ChartFlow,FinMind_API_TaiwanStockPrice_6751,True,2026-09-24T07:10:44,2026-09-24T07:10:44,2026-09-24T07:10:44
6751,智聯服務,2022-12-07,44.1,-0.9499999999999957,-2.11%,3.25,15.69,48.75,58.5,68.25,78.0,87.75,97.5,ShowDailyK_ChartFlow,FinMind_API_TaiwanStockPrice_6751,True,2026-09-24T07:10:44,2026-09-24T07:10:44,2026-09-24T07:10:44
6751,智聯服務,2022-12-08,43.65,-0.45000000000000284,-1.02%,3.25,15.53,48.75,58.5,68.25,78.0,87.75,97.5,ShowDailyK_ChartFlow,FinMind_API_TaiwanStockPrice_6751,True,2026-09-24T07:10:44,2026-09-24T07:10:44,2026-09-24T07:10:44
6751,智聯服務,2022-12-09,44.25,0.6000000000000014,1.37%,3.25,15.75,48.75,58.5,68.25,78.0,87.75,97.5,ShowDailyK_ChartFlow,FinMind_API_TaiwanStockPrice_6751,True,2026-09-24T07:10:44,2026-09-24T07:10:44,2026-09-24T07:10:44
6751,智聯服務,2022-12-12,44.0,-0.25,-0.56%,3.25,15.66,48.75,58.5,68.25,78.0,87.75,97.5,ShowDailyK_ChartFlow,FinMind_API_TaiwanStockPrice_6751,True,2026-09-24T07:10:44,2026-09-24T07:10:44,2026-09-24T07:10:44
6751,智聯服務,2022-12-13,43.5,-0.5,-1.14%,3.25,15.48,48.75,58.5,68.25,78.0,87.75,97.5,ShowDailyK_ChartFlow,FinMind_API_TaiwanStockPrice_6751,True,2026-09-24T07:10:44,2026-09-24T07:10:44,2026-09-24T07:10:44
6751,智聯服務,2022-12-14,43.9,0.3999999999999986,0.92%,3.25,15.62,48.75,58.5,68.25,78.0,87.75,97.5,ShowDailyK_ChartFlow,FinMind_API_TaiwanStockPrice_6751,True,2026-09-24T07:10:44,2026-09-24T07:10:44,2026-09-24T07:10:44
6751,智聯服務,2022-12-15,44.15,0.25,0.57%,3.25,15.71,48.75,58.5,68.25,78.0,87.75,97.5,ShowDailyK_ChartFlow,FinMind_API_TaiwanStockPrice_6751,True,2026-09-24T07:10:44,2026-09-24T07:10:44,2026-09-24T07:10:44
6751,智聯服務,2022-12-16,43.5,-0.6499999999999986,-1.47%,3.25,15.48,48.75,58.5,68.25,78.0,87.75,97.5,ShowDailyK_ChartFlow,FinMind_API_TaiwanStockPrice_6751,True,2026-09-24T07:10:44,2026-09-24T07:10:44,2026-09-24T07:10:44
6751,智聯服務,2022-12-19,44.0,0.5,1.15%,3.25,15.66,48.75,58.5,68.25,78.0,87.75,97.5,ShowDailyK_ChartFlow,FinMind_API_TaiwanStockPrice_6751,True,2026-09-24T07:10:44,2026-09-24T07:10:44,2026-09-24T07:10:44
6751,智聯服務,2022-12-20,43.8,-0.20000000000000284,-0.45%,3.25,15.59,48.75,58.5,68.25,78.0,87.75,97.5,ShowDailyK_ChartFlow,FinMind_API_TaiwanStockPrice_6751,True,2026-09-24T07:10:44,2026-09-24T07:10:44,2026-09-24T07:10:44
6751,智聯服務,2022-12-21,43.5,-0.29999999999999716,-0.68%,3.25,15.48,48.75,58.5,68.25,78.0,87.75,97.5,ShowDailyK_ChartFlow,FinMind_API_TaiwanStockPrice_6751,True,2026-09-24T07:10:44,2026-09-24T07:10:44,2026-09-24T07:10:44
6751,智聯服務,2022-12-22,43.65,0.14999999999999858,0.34%,3.25,15.53,48.75,58.5,68.25,78.0,87.75,97.5,ShowDailyK_ChartFlow,FinMind_API_TaiwanStockPrice_6751,True,2026-09-24T07:10:44,2026-09-24T07:10:44,2026-09-24T07:10:44
6751,智聯服務,2022-12-23,43.7,0.05000000000000426,0.11%,3.25,15.55,48.75,58.5,68.25,78.0,87.75,97.5,ShowDailyK_ChartFlow,FinMind_API_TaiwanStockPrice_6751,True,2026-09-24T07:10:44,2026-09-24T07:10:44,2026-09-24T07:10:44
6751,智聯服務,2022-12-26,43.8,0.09999999999999432,0.23%,3.25,15.59,48.75,58.5,68.25,78.0,87.75,97.5,ShowDailyK_ChartFlow,FinMind_API_TaiwanStockPrice_6751,True,2026-09-24T07:10:44,2026-09-24T07:10:44,2026-09-24T07:10:44
6751,智聯服務,2022-12-27,43.55,-0.25,-0.57%,3.25,15.5,48.75,58.5,68.25,78.0,87.75,97.5,ShowDailyK_ChartFlow,FinMind_API_TaiwanStockPrice_6751,True,2026-09-24T07:10:44,2026-09-24T07:10:44,2026-09-24T07:10:44
6751,智聯服務,2022-12-28,43.3,-0.25,-0.57%,3.25,15.41,48.75,58.5,68.25,78.0,87.75,97.5,ShowDailyK_ChartFlow,FinMind_API_TaiwanStockPrice_6751,True,2026-09-24T07:10:44,2026-09-24T07:10:44,2026-09-24T07:10:44
6751,智聯服務,2022-12-29,43.0,-0.29999999999999716,-0.69%,3.25,15.3,48.75,58.5,68.25,78.0,87.75,97.5,ShowDailyK_ChartFlow,FinMind_API_TaiwanStockPrice_6751,True,2026-09-24T07:10:44,2026-09-24T07:10:44,2026-09-24T07:10:44
6751,智聯服務,2022-12-30,42.9,-0.10000000000000142,-0.23%,3.25,15.27,48.75,58.5,68.25,78.0,87.75,97.5,ShowDailyK_ChartFlow,FinMind_API_TaiwanStockPrice_6751,True,2026-09-24T07:10:44,2026-09-24T07:10:44,2026-09-24T07:10:44
6751,智聯服務,2023-01-03,43.4,0.5,1.17%,3.99,15.44,59.85,71.82,83.79,95.76,107.73,119.7,ShowDailyK_ChartFlow,FinMind_API_TaiwanStockPrice_6751,True,2026-09-24T07:10:44,2026-09-24T07:10:44,2026-09-24T07:10:44
6751,智聯服務,2023-01-04,43.4,0.0,0.00%,3.99,15.44,59.85,71.82,83.79,95.76,107.73,119.7,ShowDailyK_ChartFlow,FinMind_API_TaiwanStockPrice_6751,True,2026-09-24T07:10:44,2026-09-24T07:10:44,2026-09-24T07:10:44
6751,智聯服務,2023-01-05,43.15,-0.25,-0.58%,3.99,15.36,59.85,71.82,83.79,95.76,107.73,119.7,ShowDailyK_ChartFlow,FinMind_API_TaiwanStockPrice_6751,True,2026-09-24T07:10:44,2026-09-24T07:10:44,2026-09-24T07:10:44
6751,智聯服務,2023-01-06,43.9,0.75,1.74%,3.99,15.62,59.85,71.82,83.79,95.76,107.73,119.7,ShowDailyK_ChartFlow,FinMind_API_TaiwanStockPrice_6751,True,2026-09-24T07:10:44,2026-09-24T07:10:44,2026-09-24T07:10:44
6751,智聯服務,2023-01-09,44.5,0.6000000000000014,1.37%,3.99,15.84,59.85,71.82,83.79,95.76,107.73,119.7,ShowDailyK_ChartFlow,FinMind_API_TaiwanStockPrice_6751,True,2026-09-24T07:10:44,2026-09-24T07:10:44,2026-09-24T07:10:44
6751,智聯服務,2023-01-10,44.4,-0.10000000000000142,-0.22%,3.99,15.8,59.85,71.82,83.79,95.76,107.73,119.7,ShowDailyK_ChartFlow,FinMind_API_TaiwanStockPrice_6751,True,2026-09-24T07:10:44,2026-09-24T07:10:44,2026-09-24T07:10:44
6751,智聯服務,2023-01-11,44.7,0.30000000000000426,0.68%,3.99,15.91,59.85,71.82,83.79,95.76,107.73,119.7,ShowDailyK_ChartFlow,FinMind_API_TaiwanStockPrice_6751,True,2026-09-24T07:10:44,2026-09-24T07:10:44,2026-09-24T07:10:44
6751,智聯服務,2023-01-12,45.0,0.29999999999999716,0.67%,3.99,16.01,59.85,71.82,83.79,95.76,107.73,119.7,ShowDailyK_ChartFlow,FinMind_API_TaiwanStockPrice_6751,True,2026-09-24T07:10:44,2026-09-24T07:10:44,2026-09-24T07:10:44
6751,智聯服務,2023-01-13,46.2,1.2000000000000028,2.67%,3.99,16.44,59.85,71.82,83.79,95.76,107.73,119.7,ShowDailyK_ChartFlow,FinMind_API_TaiwanStockPrice_6751,True,2026-09-24T07:10:44,2026-09-24T07:10:44,2026-09-24T07:10:44
6751,智聯服務,2023-01-16,45.45,-0.75,-1.62%,3.99,16.17,59.85,71.82,83.79,95.76,107.73,119.7,ShowDailyK_ChartFlow,FinMind_API_TaiwanStockPrice_6751,True,2026-09-24T07:10:44,2026-09-24T07:10:44,2026-09-24T07:10:44
6751,智聯服務,2023-01-17,46.0,0.5499999999999972,1.21%,3.99,16.37,59.85,71.82,83.79,95.76,107.73,119.7,ShowDailyK_ChartFlow,FinMind_API_TaiwanStockPrice_6751,True,2026-09-24T07:10:44,2026-09-24T07:10:44,2026-09-24T07:10:44
6751,智聯服務,2023-01-30,46.4,0.3999999999999986,0.87%,3.99,16.51,59.85,71.82,83.79,95.76,107.73,119.7,ShowDailyK_ChartFlow,FinMind_API_TaiwanStockPrice_6751,True,2026-09-24T07:10:44,2026-09-24T07:10:44,2026-09-24T07:10:44
6751,智聯服務,2023-01-31,46.5,0.10000000000000142,0.22%,3.99,16.55,59.85,71.82,83.79,95.76,107.73,119.7,ShowDailyK_ChartFlow,FinMind_API_TaiwanStockPrice_6751,True,2026-09-24T07:10:44,2026-09-24T07:10:44,2026-09-24T07:10:44
6751,智聯服務,2023-02-01,46.0,-0.5,-1.08%,3.99,16.37,59.85,71.82,83.79,95.76,107.73,119.7,ShowDailyK_ChartFlow,FinMind_API_TaiwanStockPrice_6751,True,2026-09-24T07:10:44,2026-09-24T07:10:44,2026-09-24T07:10:44
6751,智聯服務,2023-02-02,46.55,0.5499999999999972,1.20%,3.99,16.57,59.85,71.82,83.79,95.76,107.73,119.7,ShowDailyK_ChartFlow,FinMind_API_TaiwanStockPrice_6751,True,2026-09-24T07:10:44,2026-09-24T07:10:44,2026-09-24T07:10:44
6751,智聯服務,2023-02-03,47.5,0.9500000000000028,2.04%,3.99,16.9,59.85,71.82,83.79,95.76,107.73,119.7,ShowDailyK_ChartFlow,FinMind_API_TaiwanStockPrice_6751,True,2026-09-24T07:10:44,2026-09-24T07:10:44,2026-09-24T07:10:44
6751,智聯服務,2023-02-06,46.85,-0.6499999999999986,-1.37%,3.99,16.67,59.85,71.82,83.79,95.76,107.73,119.7,ShowDailyK_ChartFlow,FinMind_API_TaiwanStockPrice_6751,True,2026-09-24T07:10:44,2026-09-24T07:10:44,2026-09-24T07:10:44
6751,智聯服務,2023-02-07,47.1,0.25,0.53%,3.99,16.76,59.85,71.82,83.79,95.76,107.73,119.7,ShowDailyK_ChartFlow,FinMind_API_TaiwanStockPrice_6751,True,2026-09-24T07:10:44,2026-09-24T07:10:44,2026-09-24T07:10:44
6751,智聯服務,2023-02-08,47.45,0.3500000000000014,0.74%,3.99,16.89,59.85,71.82,83.79,95.76,107.73,119.7,ShowDailyK_ChartFlow,FinMind_API_TaiwanStockPrice_6751,True,2026-09-24T07:10:44,2026-09-24T07:10:44,2026-09-24T07:10:44
6751,智聯服務,2023-02-09,47.0,-0.45000000000000284,-0.95%,3.99,16.73,59.85,71.82,83.79,95.76,107.73,119.7,ShowDailyK_ChartFlow,FinMind_API_TaiwanStockPrice_6751,True,2026-09-24T07:10:44,2026-09-24T07:10:44,2026-09-24T07:10:44
6751,智聯服務,2023-02-10,46.55,-0.45000000000000284,-0.96%,3.99,16.57,59.85,71.82,83.79,95.76,107.73,119.7,ShowDailyK_ChartFlow,FinMind_API_TaiwanStockPrice_6751,True,2026-09-24T07:10:44,2026-09-24T07:10:44,2026-09-24T07:10:44
6751,智聯服務,2023-02-13,47.8,1.25,2.69%,3.99,17.01,59.85,71.82,83.79,95.76,107.73,119.7,ShowDailyK_ChartFlow,FinMind_API_TaiwanStockPrice_6751,True,2026-09-24T07:10:44,2026-09-24T07:10:44,2026-09-24T07:10:44
6751,智聯服務,2023-02-14,47.6,-0.19999999999999574,-0.42%,3.99,16.94,59.85,71.82,83.79,95.76,107.73,119.7,ShowDailyK_ChartFlow,FinMind_API_TaiwanStockPrice_6751,True,2026-09-24T07:10:44,2026-09-24T07:10:44,2026-09-24T07:10:44
6751,智聯服務,2023-02-15,47.7,0.10000000000000142,0.21%,3.99,16.98,59.85,71.82,83.79,95.76,107.73,119.7,ShowDailyK_ChartFlow,FinMind_API_TaiwanStockPrice_6751,True,2026-09-24T07:10:44,2026-09-24T07:10:44,2026-09-24T07:10:44
6751,智聯服務,2023-02-16,48.0,0.29999999999999716,0.63%,3.99,17.08,59.85,71.82,83.79,95.76,107.73,119.7,ShowDailyK_ChartFlow,FinMind_API_TaiwanStockPrice_6751,True,2026-09-24T07:10:44,2026-09-24T07:10:44,2026-09-24T07:10:44
6751,智聯服務,2023-02-17,48.25,0.25,0.52%,3.99,17.17,59.85,71.82,83.79,95.76,107.73,119.7,ShowDailyK_ChartFlow,FinMind_API_TaiwanStockPrice_6751,True,2026-09-24T07:10:44,2026-09-24T07:10:44,2026-09-24T07:10:44
6751,智聯服務,2023-02-20,49.4,1.1499999999999986,2.38%,3.99,17.58,59.85,71.82,83.79,95.76,107.73,119.7,ShowDailyK_ChartFlow,FinMind_API_TaiwanStockPrice_6751,True,2026-09-24T07:10:44,2026-09-24T07:10:44,2026-09-24T07:10:44
6751,智聯服務,2023-02-21,50.4,1.0,2.02%,3.99,17.94,59.85,71.82,83.79,95.76,107.73,119.7,ShowDailyK_ChartFlow,FinMind_API_TaiwanStockPrice_6751,True,2026-09-24T07:10:44,2026-09-24T07:10:44,2026-09-24T07:10:44
6751,智聯服務,2023-02-22,50.1,-0.29999999999999716,-0.60%,3.99,17.83,59.85,71.82,83.79,95.76,107.73,119.7,ShowDailyK_ChartFlow,FinMind_API_TaiwanStockPrice_6751,True,2026-09-24T07:10:44,2026-09-24T07:10:44,2026-09-24T07:10:44
6751,智聯服務,2023-02-23,55.1,5.0,9.98%,3.99,19.61,59.85,71.82,83.79,95.76,107.73,119.7,ShowDailyK_ChartFlow,FinMind_API_TaiwanStockPrice_6751,True,2026-09-24T07:10:44,2026-09-24T07:10:44,2026-09-24T07:10:44
6751,智聯服務,2023-02-24,60.6,5.5,9.98%,3.99,21.57,59.85,71.82,83.79,95.76,107.73,119.7,ShowDailyK_ChartFlow,FinMind_API_TaiwanStockPrice_6751,True,2026-09-24T07:10:44,2026-09-24T07:10:44,2026-09-24T07:10:44
6751,智聯服務,2023-03-01,66.6,5.999999999999993,9.90%,3.99,23.7,59.85,71.82,83.79,95.76,107.73,119.7,ShowDailyK_ChartFlow,FinMind_API_TaiwanStockPrice_6751,True,2026-09-24T07:10:44,2026-09-24T07:10:44,2026-09-24T07:10:44
6751,智聯服務,2023-03-02,70.5,3.9000000000000057,5.86%,3.99,25.09,59.85,71.82,83.79,95.76,107.73,119.7,ShowDailyK_ChartFlow,FinMind_API_TaiwanStockPrice_6751,True,2026-09-24T07:10:44,2026-09-24T07:10:44,2026-09-24T07:10:44
6751,智聯服務,2023-03-03,73.6,3.0999999999999943,4.40%,3.99,26.19,59.85,71.82,83.79,95.76,107.73,119.7,ShowDailyK_ChartFlow,FinMind_API_TaiwanStockPrice_6751,True,2026-09-24T07:10:44,2026-09-24T07:10:44,2026-09-24T07:10:44
6751,智聯服務,2023-03-06,73.0,-0.5999999999999943,-0.82%,3.99,25.98,59.85,71.82,83.79,95.76,107.73,119.7,ShowDailyK_ChartFlow,FinMind_API_TaiwanStockPrice_6751,True,2026-09-24T07:10:44,2026-09-24T07:10:44,2026-09-24T07:10:44
6751,智聯服務,2023-03-07,80.2,7.200000000000003,9.86%,3.99,28.54,59.85,71.82,83.79,95.76,107.73,119.7,ShowDailyK_ChartFlow,FinMind_API_TaiwanStockPrice_6751,True,2026-09-24T07:10:44,2026-09-24T07:10:44,2026-09-24T07:10:44
6751,智聯服務,2023-03-08,80.9,0.7000000000000028,0.87%,3.99,28.79,59.85,71.82,83.79,95.76,107.73,119.7,ShowDailyK_ChartFlow,FinMind_API_TaiwanStockPrice_6751,True,2026-09-24T07:10:44,2026-09-24T07:10:44,2026-09-24T07:10:44
6751,智聯服務,2023-03-09,76.6,-4.300000000000011,-5.32%,3.99,27.26,59.85,71.82,83.79,95.76,107.73,119.7,ShowDailyK_ChartFlow,FinMind_API_TaiwanStockPrice_6751,True,2026-09-24T07:10:44,2026-09-24T07:10:44,2026-09-24T07:10:44
6751,智聯服務,2023-03-10,69.5,-7.099999999999994,-9.27%,3.99,24.73,59.85,71.82,83.79,95.76,107.73,119.7,ShowDailyK_ChartFlow,FinMind_API_TaiwanStockPrice_6751,True,2026-09-24T07:10:44,2026-09-24T07:10:44,2026-09-24T07:10:44
6751,智聯服務,2023-03-13,67.3,-2.200000000000003,-3.17%,3.99,23.95,59.85,71.82,83.79,95.76,107.73,119.7,ShowDailyK_ChartFlow,FinMind_API_TaiwanStockPrice_6751,True,2026-09-24T07:10:44,2026-09-24T07:10:44,2026-09-24T07:10:44
6751,智聯服務,2023-03-14,67.3,0.0,0.00%,3.99,23.95,59.85,71.82,83.79,95.76,107.73,119.7,ShowDailyK_ChartFlow,FinMind_API_TaiwanStockPrice_6751,True,2026-09-24T07:10:44,2026-09-24T07:10:44,2026-09-24T07:10:44
6751,智聯服務,2023-03-15,74.0,6.700000000000003,9.96%,3.99,18.27,59.85,71.82,83.79,95.76,107.73,119.7,ShowDailyK_ChartFlow,FinMind_API_TaiwanStockPrice_6751,True,2026-09-24T07:10:44,2026-09-24T07:10:44,2026-09-24T07:10:44
6751,智聯服務,2023-03-16,67.3,-6.700000000000003,-9.05%,3.99,16.62,59.85,71.82,83.79,95.76,107.73,119.7,ShowDailyK_ChartFlow,FinMind_API_TaiwanStockPrice_6751,True,2026-09-24T07:10:44,2026-09-24T07:10:44,2026-09-24T07:10:44
6751,智聯服務,2023-03-17,74.0,6.700000000000003,9.96%,3.99,18.27,59.85,71.82,83.79,95.76,107.73,119.7,ShowDailyK_ChartFlow,FinMind_API_TaiwanStockPrice_6751,True,2026-09-24T07:10:44,2026-09-24T07:10:44,2026-09-24T07:10:44
6751,智聯服務,2023-03-20,81.4,7.400000000000006,10.00%,3.99,20.1,59.85,71.82,83.79,95.76,107.73,119.7,ShowDailyK_ChartFlow,FinMind_API_TaiwanStockPrice_6751,True,2026-09-24T07:10:44,2026-09-24T07:10:44,2026-09-24T07:10:44
6751,智聯服務,2023-03-21,89.5,8.099999999999994,9.95%,3.99,22.1,59.85,71.82,83.79,95.76,107.73,119.7,ShowDailyK_ChartFlow,FinMind_API_TaiwanStockPrice_6751,True,2026-09-24T07:10:44,2026-09-24T07:10:44,2026-09-24T07:10:44
6751,智聯服務,2023-03-22,97.3,7.799999999999997,8.72%,3.99,24.02,59.85,71.82,83.79,95.76,107.73,119.7,ShowDailyK_ChartFlow,FinMind_API_TaiwanStockPrice_6751,True,2026-09-24T07:10:44,2026-09-24T07:10:44,2026-09-24T07:10:44
6751,智聯服務,2023-03-23,100.0,2.700000000000003,2.77%,3.99,24.69,59.85,71.82,83.79,95.76,107.73,119.7,ShowDailyK_ChartFlow,FinMind_API_TaiwanStockPrice_6751,True,2026-09-24T07:10:44,2026-09-24T07:10:44,2026-09-24T07:10:44
6751,智聯服務,2023-03-24,93.4,-6.599999999999994,-6.60%,3.99,23.06,59.85,71.82,83.79,95.76,107.73,119.7,ShowDailyK_ChartFlow,FinMind_API_TaiwanStockPrice_6751,True,2026-09-24T07:10:44,2026-09-24T07:10:44,2026-09-24T07:10:44
6751,智聯服務,2023-03-27,92.2,-1.2000000000000028,-1.28%,3.99,22.77,59.85,71.82,83.79,95.76,107.73,119.7,ShowDailyK_ChartFlow,FinMind_API_TaiwanStockPrice_6751,True,2026-09-24T07:10:44,2026-09-24T07:10:44,2026-09-24T07:10:44
6751,智聯服務,2023-03-28,93.0,0.7999999999999972,0.87%,3.99,22.96,59.85,71.82,83.79,95.76,107.73,119.7,ShowDailyK_ChartFlow,FinMind_API_TaiwanStockPrice_6751,True,2026-09-24T07:10:44,2026-09-24T07:10:44,2026-09-24T07:10:44
6751,智聯服務,2023-03-29,94.5,1.5,1.61%,3.99,23.33,59.85,71.82,83.79,95.76,107.73,119.7,ShowDailyK_ChartFlow,FinMind_API_TaiwanStockPrice_6751,True,2026-09-24T07:10:44,2026-09-24T07:10:44,2026-09-24T07:10:44
6751,智聯服務,2023-03-30,97.0,2.5,2.65%,3.99,23.95,59.85,71.82,83.79,95.76,107.73,119.7,ShowDailyK_ChartFlow,FinMind_API_TaiwanStockPrice_6751,True,2026-09-24T07:10:44,2026-09-24T07:10:44,2026-09-24T07:10:44
6751,智聯服務,2023-03-31,95.0,-2.0,-2.06%,4.55,23.46,68.25,81.9,95.55,109.2,122.85,136.5,ShowDailyK_ChartFlow,FinMind_API_TaiwanStockPrice_6751,True,2026-09-24T07:10:44,2026-09-24T07:10:44,2026-09-24T07:10:44
6751,智聯服務,2023-04-06,94.9,-0.09999999999999432,-0.11%,4.55,23.43,68.25,81.9,95.55,109.2,122.85,136.5,ShowDailyK_ChartFlow,FinMind_API_TaiwanStockPrice_6751,True,2026-09-24T07:10:44,2026-09-24T07:10:44,2026-09-24T07:10:44
6751,智聯服務,2023-04-07,93.1,-1.8000000000000114,-1.90%,4.55,22.99,68.25,81.9,95.55,109.2,122.85,136.5,ShowDailyK_ChartFlow,FinMind_API_TaiwanStockPrice_6751,True,2026-09-24T07:10:44,2026-09-24T07:10:44,2026-09-24T07:10:44
6751,智聯服務,2023-04-10,97.9,4.800000000000011,5.16%,4.55,24.17,68.25,81.9,95.55,109.2,122.85,136.5,ShowDailyK_ChartFlow,FinMind_API_TaiwanStockPrice_6751,True,2026-09-24T07:10:44,2026-09-24T07:10:44,2026-09-24T07:10:44
6751,智聯服務,2023-04-11,104.5,6.599999999999994,6.74%,4.55,25.8,68.25,81.9,95.55,109.2,122.85,136.5,ShowDailyK_ChartFlow,FinMind_API_TaiwanStockPrice_6751,True,2026-09-24T07:10:44,2026-09-24T07:10:44,2026-09-24T07:10:44
6751,智聯服務,2023-04-12,102.0,-2.5,-2.39%,4.55,25.19,68.25,81.9,95.55,109.2,122.85,136.5,ShowDailyK_ChartFlow,FinMind_API_TaiwanStockPrice_6751,True,2026-09-24T07:10:44,2026-09-24T07:10:44,2026-09-24T07:10:44
6751,智聯服務,2023-04-13,95.9,-6.099999999999994,-5.98%,4.55,23.68,68.25,81.9,95.55,109.2,122.85,136.5,ShowDailyK_ChartFlow,FinMind_API_TaiwanStockPrice_6751,True,2026-09-24T07:10:44,2026-09-24T07:10:44,2026-09-24T07:10:44
6751,智聯服務,2023-04-14,105.0,9.099999999999994,9.49%,4.55,25.93,68.25,81.9,95.55,109.2,122.85,136.5,ShowDailyK_ChartFlow,FinMind_API_TaiwanStockPrice_6751,True,2026-09-24T07:10:44,2026-09-24T07:10:44,2026-09-24T07:10:44
6751,智聯服務,2023-04-17,115.5,10.5,10.00%,4.55,28.52,68.25,81.9,95.55,109.2,122.85,136.5,ShowDailyK_ChartFlow,FinMind_API_TaiwanStockPrice_6751,True,2026-09-24T07:10:44,2026-09-24T07:10:44,2026-09-24T07:10:44
6751,智聯服務,2023-04-18,123.0,7.5,6.49%,4.55,30.37,68.25,81.9,95.55,109.2,122.85,136.5,ShowDailyK_ChartFlow,FinMind_API_TaiwanStockPrice_6751,True,2026-09-24T07:10:44,2026-09-24T07:10:44,2026-09-24T07:10:44
6751,智聯服務,2023-04-19,134.5,11.5,9.35%,4.55,33.21,68.25,81.9,95.55,109.2,122.85,136.5,ShowDailyK_ChartFlow,FinMind_API_TaiwanStockPrice_6751,True,2026-09-24T07:10:44,2026-09-24T07:10:44,2026-09-24T07:10:44
6751,智聯服務,2023-04-20,131.0,-3.5,-2.60%,4.55,32.35,68.25,81.9,95.55,109.2,122.85,136.5,ShowDailyK_ChartFlow,FinMind_API_TaiwanStockPrice_6751,True,2026-09-24T07:10:44,2026-09-24T07:10:44,2026-09-24T07:10:44
6751,智聯服務,2023-04-21,121.0,-10.0,-7.63%,4.55,29.88,68.25,81.9,95.55,109.2,122.85,136.5,ShowDailyK_ChartFlow,FinMind_API_TaiwanStockPrice_6751,True,2026-09-24T07:10:44,2026-09-24T07:10:44,2026-09-24T07:10:44
6751,智聯服務,2023-04-24,133.0,12.0,9.92%,4.55,32.84,68.25,81.9,95.55,109.2,122.85,136.5,ShowDailyK_ChartFlow,FinMind_API_TaiwanStockPrice_6751,True,2026-09-24T07:10:44,2026-09-24T07:10:44,2026-09-24T07:10:44
6751,智聯服務,2023-04-25,139.5,6.5,4.89%,4.55,34.44,68.25,81.9,95.55,109.2,122.85,136.5,ShowDailyK_ChartFlow,FinMind_API_TaiwanStockPrice_6751,True,2026-09-24T07:10:44,2026-09-24T07:10:44,2026-09-24T07:10:44
6751,智聯服務,2023-04-26,130.0,-9.5,-6.81%,4.55,32.1,68.25,81.9,95.55,109.2,122.85,136.5,ShowDailyK_ChartFlow,FinMind_API_TaiwanStockPrice_6751,True,2026-09-24T07:10:44,2026-09-24T07:10:44,2026-09-24T07:10:44
6751,智聯服務,2023-04-27,126.5,-3.5,-2.69%,4.55,31.23,68.25,81.9,95.55,109.2,122.85,136.5,ShowDailyK_ChartFlow,FinMind_API_TaiwanStockPrice_6751,True,2026-09-24T07:10:44,2026-09-24T07:10:44,2026-09-24T07:10:44
6751,智聯服務,2023-04-28,139.0,12.5,9.88%,4.55,34.32,68.25,81.9,95.55,109.2,122.85,136.5,ShowDailyK_ChartFlow,FinMind_API_TaiwanStockPrice_6751,True,2026-09-24T07:10:44,2026-09-24T07:10:44,2026-09-24T07:10:44
6751,智聯服務,2023-05-02,134.0,-5.0,-3.60%,4.55,29.78,68.25,81.9,95.55,109.2,122.85,136.5,ShowDailyK_ChartFlow,FinMind_API_TaiwanStockPrice_6751,True,2026-09-24T07:10:44,2026-09-24T07:10:44,2026-09-24T07:10:44
6751,智聯服務,2023-05-03,130.0,-4.0,-2.99%,4.55,28.89,68.25,81.9,95.55,109.2,122.85,136.5,ShowDailyK_ChartFlow,FinMind_API_TaiwanStockPrice_6751,True,2026-09-24T07:10:44,2026-09-24T07:10:44,2026-09-24T07:10:44
6751,智聯服務,2023-05-04,128.0,-2.0,-1.54%,4.55,28.44,68.25,81.9,95.55,109.2,122.85,136.5,ShowDailyK_ChartFlow,FinMind_API_TaiwanStockPrice_6751,True,2026-09-24T07:10:44,2026-09-24T07:10:44,2026-09-24T07:10:44
6751,智聯服務,2023-05-05,123.5,-4.5,-3.52%,4.55,27.44,68.25,81.9,95.55,109.2,122.85,136.5,ShowDailyK_ChartFlow,FinMind_API_TaiwanStockPrice_6751,True,2026-09-24T07:10:44,2026-09-24T07:10:44,2026-09-24T07:10:44
6751,智聯服務,2023-05-08,130.0,6.5,5.26%,4.55,28.89,68.25,81.9,95.55,109.2,122.85,136.5,ShowDailyK_ChartFlow,FinMind_API_TaiwanStockPrice_6751,True,2026-09-24T07:10:44,2026-09-24T07:10:44,2026-09-24T07:10:44
6751,智聯服務,2023-05-09,123.5,-6.5,-5.00%,4.55,27.44,68.25,81.9,95.55,109.2,122.85,136.5,ShowDailyK_ChartFlow,FinMind_API_TaiwanStockPrice_6751,True,2026-09-24T07:10:44,2026-09-24T07:10:44,2026-09-24T07:10:44
6751,智聯服務,2023-05-10,127.0,3.5,2.83%,4.55,28.22,68.25,81.9,95.55,109.2,122.85,136.5,ShowDailyK_ChartFlow,FinMind_API_TaiwanStockPrice_6751,True,2026-09-24T07:10:44,2026-09-24T07:10:44,2026-09-24T07:10:44
6751,智聯服務,2023-05-11,119.5,-7.5,-5.91%,4.55,26.56,68.25,81.9,95.55,109.2,122.85,136.5,ShowDailyK_ChartFlow,FinMind_API_TaiwanStockPrice_6751,True,2026-09-24T07:10:44,2026-09-24T07:10:44,2026-09-24T07:10:44
6751,智聯服務,2023-05-12,121.5,2.0,1.67%,4.55,27.0,68.25,81.9,95.55,109.2,122.85,136.5,ShowDailyK_ChartFlow,FinMind_API_TaiwanStockPrice_6751,True,2026-09-24T07:10:44,2026-09-24T07:10:44,2026-09-24T07:10:44
6751,智聯服務,2023-05-15,112.5,-9.0,-7.41%,4.55,25.0,68.25,81.9,95.55,109.2,122.85,136.5,ShowDailyK_ChartFlow,FinMind_API_TaiwanStockPrice_6751,True,2026-09-24T07:10:44,2026-09-24T07:10:44,2026-09-24T07:10:44
6751,智聯服務,2023-05-16,112.0,-0.5,-0.44%,4.55,24.89,68.25,81.9,95.55,109.2,122.85,136.5,ShowDailyK_ChartFlow,FinMind_API_TaiwanStockPrice_6751,True,2026-09-24T07:10:44,2026-09-24T07:10:44,2026-09-24T07:10:44
6751,智聯服務,2023-05-17,123.0,11.0,9.82%,4.55,27.33,68.25,81.9,95.55,109.2,122.85,136.5,ShowDailyK_ChartFlow,FinMind_API_TaiwanStockPrice_6751,True,2026-09-24T07:10:44,2026-09-24T07:10:44,2026-09-24T07:10:44
6751,智聯服務,2023-05-18,124.0,1.0,0.81%,4.55,27.56,68.25,81.9,95.55,109.2,122.85,136.5,ShowDailyK_ChartFlow,FinMind_API_TaiwanStockPrice_6751,True,2026-09-24T07:10:44,2026-09-24T07:10:44,2026-09-24T07:10:44
6751,智聯服務,2023-05-19,118.0,-6.0,-4.84%,4.55,26.22,68.25,81.9,95.55,109.2,122.85,136.5,ShowDailyK_ChartFlow,FinMind_API_TaiwanStockPrice_6751,True,2026-09-24T07:10:44,2026-09-24T07:10:44,2026-09-24T07:10:44
6751,智聯服務,2023-05-22,119.0,1.0,0.85%,4.55,26.44,68.25,81.9,95.55,109.2,122.85,136.5,ShowDailyK_ChartFlow,FinMind_API_TaiwanStockPrice_6751,True,2026-09-24T07:10:44,2026-09-24T07:10:44,2026-09-24T07:10:44
6751,智聯服務,2023-05-23,121.5,2.5,2.10%,4.55,27.0,68.25,81.9,95.55,109.2,122.85,136.5,ShowDailyK_ChartFlow,FinMind_API_TaiwanStockPrice_6751,True,2026-09-24T07:10:44,2026-09-24T07:10:44,2026-09-24T07:10:44
6751,智聯服務,2023-05-24,118.0,-3.5,-2.88%,4.55,26.22,68.25,81.9,95.55,109.2,122.85,136.5,ShowDailyK_ChartFlow,FinMind_API_TaiwanStockPrice_6751,True,2026-09-24T07:10:44,2026-09-24T07:10:44,2026-09-24T07:10:44
6751,智聯服務,2023-05-25,114.5,-3.5,-2.97%,4.55,25.44,68.25,81.9,95.55,109.2,122.85,136.5,ShowDailyK_ChartFlow,FinMind_API_TaiwanStockPrice_6751,True,2026-09-24T07:10:44,2026-09-24T07:10:44,2026-09-24T07:10:44
6751,智聯服務,2023-05-26,114.0,-0.5,-0.44%,4.55,25.33,68.25,81.9,95.55,109.2,122.85,136.5,ShowDailyK_ChartFlow,FinMind_API_TaiwanStockPrice_6751,True,2026-09-24T07:10:44,2026-09-24T07:10:44,2026-09-24T07:10:44
6751,智聯服務,2023-05-29,115.5,1.5,1.32%,4.55,25.67,68.25,81.9,95.55,109.2,122.85,136.5,ShowDailyK_ChartFlow,FinMind_API_TaiwanStockPrice_6751,True,2026-09-24T07:10:44,2026-09-24T07:10:44,2026-09-24T07:10:44
6751,智聯服務,2023-05-30,113.0,-2.5,-2.16%,4.55,25.11,68.25,81.9,95.55,109.2,122.85,136.5,ShowDailyK_ChartFlow,FinMind_API_TaiwanStockPrice_6751,True,2026-09-24T07:10:44,2026-09-24T07:10:44,2026-09-24T07:10:44
6751,智聯服務,2023-05-31,111.5,-1.5,-1.33%,4.55,24.78,68.25,81.9,95.55,109.2,122.85,136.5,ShowDailyK_ChartFlow,FinMind_API_TaiwanStockPrice_6751,True,2026-09-24T07:10:44,2026-09-24T07:10:44,2026-09-24T07:10:44
6751,智聯服務,2023-06-01,118.5,7.0,6.28%,4.55,26.33,68.25,81.9,95.55,109.2,122.85,136.5,ShowDailyK_ChartFlow,FinMind_API_TaiwanStockPrice_6751,True,2026-09-24T07:10:44,2026-09-24T07:10:44,2026-09-24T07:10:44
6751,智聯服務,2023-06-02,116.0,-2.5,-2.11%,4.55,25.78,68.25,81.9,95.55,109.2,122.85,136.5,ShowDailyK_ChartFlow,FinMind_API_TaiwanStockPrice_6751,True,2026-09-24T07:10:44,2026-09-24T07:10:44,2026-09-24T07:10:44
6751,智聯服務,2023-06-05,115.5,-0.5,-0.43%,4.55,25.67,68.25,81.9,95.55,109.2,122.85,136.5,ShowDailyK_ChartFlow,FinMind_API_TaiwanStockPrice_6751,True,2026-09-24T07:10:44,2026-09-24T07:10:44,2026-09-24T07:10:44
6751,智聯服務,2023-06-06,112.5,-3.0,-2.60%,4.55,25.0,68.25,81.9,95.55,109.2,122.85,136.5,ShowDailyK_ChartFlow,FinMind_API_TaiwanStockPrice_6751,True,2026-09-24T07:10:44,2026-09-24T07:10:44,2026-09-24T07:10:44
6751,智聯服務,2023-06-07,113.0,0.5,0.44%,4.55,25.11,68.25,81.9,95.55,109.2,122.85,136.5,ShowDailyK_ChartFlow,FinMind_API_TaiwanStockPrice_6751,True,2026-09-24T07:10:44,2026-09-24T07:10:44,2026-09-24T07:10:44
6751,智聯服務,2023-06-08,110.5,-2.5,-2.21%,4.55,24.56,68.25,81.9,95.55,109.2,122.85,136.5,ShowDailyK_ChartFlow,FinMind_API_TaiwanStockPrice_6751,True,2026-09-24T07:10:44,2026-09-24T07:10:44,2026-09-24T07:10:44
6751,智聯服務,2023-06-09,108.0,-2.5,-2.26%,4.55,24.0,68.25,81.9,95.55,109.2,122.85,136.5,ShowDailyK_ChartFlow,FinMind_API_TaiwanStockPrice_6751,True,2026-09-24T07:10:44,2026-09-24T07:10:44,2026-09-24T07:10:44
6751,智聯服務,2023-06-12,99.9,-8.099999999999994,-7.50%,4.55,22.2,68.25,81.9,95.55,109.2,122.85,136.5,ShowDailyK_ChartFlow,FinMind_API_TaiwanStockPrice_6751,True,2026-09-24T07:10:44,2026-09-24T07:10:44,2026-09-24T07:10:44
6751,智聯服務,2023-06-13,96.9,-3.0,-3.00%,4.55,21.53,68.25,81.9,95.55,109.2,122.85,136.5,ShowDailyK_ChartFlow,FinMind_API_TaiwanStockPrice_6751,True,2026-09-24T07:10:44,2026-09-24T07:10:44,2026-09-24T07:10:44
6751,智聯服務,2023-06-14,99.9,3.0,3.10%,4.55,22.2,68.25,81.9,95.55,109.2,122.85,136.5,ShowDailyK_ChartFlow,FinMind_API_TaiwanStockPrice_6751,True,2026-09-24T07:10:44,2026-09-24T07:10:44,2026-09-24T07:10:44
6751,智聯服務,2023-06-15,99.1,-0.8000000000000114,-0.80%,4.55,22.02,68.25,81.9,95.55,109.2,122.85,136.5,ShowDailyK_ChartFlow,FinMind_API_TaiwanStockPrice_6751,True,2026-09-24T07:10:44,2026-09-24T07:10:44,2026-09-24T07:10:44
6751,智聯服務,2023-06-16,98.1,-1.0,-1.01%,4.55,21.8,68.25,81.9,95.55,109.2,122.85,136.5,ShowDailyK_ChartFlow,FinMind_API_TaiwanStockPrice_6751,True,2026-09-24T07:10:44,2026-09-24T07:10:44,2026-09-24T07:10:44
6751,智聯服務,2023-06-19,107.5,9.400000000000006,9.58%,4.55,23.89,68.25,81.9,95.55,109.2,122.85,136.5,ShowDailyK_ChartFlow,FinMind_API_TaiwanStockPrice_6751,True,2026-09-24T07:10:44,2026-09-24T07:10:44,2026-09-24T07:10:44
6751,智聯服務,2023-06-20,103.5,-4.0,-3.72%,4.55,23.0,68.25,81.9,95.55,109.2,122.85,136.5,ShowDailyK_ChartFlow,FinMind_API_TaiwanStockPrice_6751,True,2026-09-24T07:10:44,2026-09-24T07:10:44,2026-09-24T07:10:44
6751,智聯服務,2023-06-21,101.5,-2.0,-1.93%,4.55,22.56,68.25,81.9,95.55,109.2,122.85,136.5,ShowDailyK_ChartFlow,FinMind_API_TaiwanStockPrice_6751,True,2026-09-24T07:10:44,2026-09-24T07:10:44,2026-09-24T07:10:44
6751,智聯服務,2023-06-26,99.0,-2.5,-2.46%,4.55,22.0,68.25,81.9,95.55,109.2,122.85,136.5,ShowDailyK_ChartFlow,FinMind_API_TaiwanStockPrice_6751,True,2026-09-24T07:10:44,2026-09-24T07:10:44,2026-09-24T07:10:44
6751,智聯服務,2023-06-27,98.7,-0.29999999999999716,-0.30%,4.55,21.93,68.25,81.9,95.55,109.2,122.85,136.5,ShowDailyK_ChartFlow,FinMind_API_TaiwanStockPrice_6751,True,2026-09-24T07:10:44,2026-09-24T07:10:44,2026-09-24T07:10:44
6751,智聯服務,2023-06-28,99.3,0.5999999999999943,0.61%,4.55,22.07,68.25,81.9,95.55,109.2,122.85,136.5,ShowDailyK_ChartFlow,FinMind_API_TaiwanStockPrice_6751,True,2026-09-24T07:10:44,2026-09-24T07:10:44,2026-09-24T07:10:44
6751,智聯服務,2023-06-29,101.0,1.7000000000000028,1.71%,4.55,22.44,68.25,81.9,95.55,109.2,122.85,136.5,ShowDailyK_ChartFlow,FinMind_API_TaiwanStockPrice_6751,True,2026-09-24T07:10:44,2026-09-24T07:10:44,2026-09-24T07:10:44
6751,智聯服務,2023-06-30,102.0,1.0,0.99%,4.64,22.67,69.6,83.52,97.44,111.36,125.28,139.2,ShowDailyK_ChartFlow,FinMind_API_TaiwanStockPrice_6751,True,2026-09-24T07:10:44,2026-09-24T07:10:44,2026-09-24T07:10:44
6751,智聯服務,2023-07-03,99.7,-2.299999999999997,-2.25%,4.64,22.16,69.6,83.52,97.44,111.36,125.28,139.2,ShowDailyK_ChartFlow,FinMind_API_TaiwanStockPrice_6751,True,2026-09-24T07:10:44,2026-09-24T07:10:44,2026-09-24T07:10:44
6751,智聯服務,2023-07-04,98.2,-1.5,-1.50%,4.64,21.82,69.6,83.52,97.44,111.36,125.28,139.2,ShowDailyK_ChartFlow,FinMind_API_TaiwanStockPrice_6751,True,2026-09-24T07:10:44,2026-09-24T07:10:44,2026-09-24T07:10:44
6751,智聯服務,2023-07-05,98.5,0.29999999999999716,0.31%,4.64,21.89,69.6,83.52,97.44,111.36,125.28,139.2,ShowDailyK_ChartFlow,FinMind_API_TaiwanStockPrice_6751,True,2026-09-24T07:10:44,2026-09-24T07:10:44,2026-09-24T07:10:44
6751,智聯服務,2023-07-06,96.8,-1.7000000000000028,-1.73%,4.64,21.51,69.6,83.52,97.44,111.36,125.28,139.2,ShowDailyK_ChartFlow,FinMind_API_TaiwanStockPrice_6751,True,2026-09-24T07:10:44,2026-09-24T07:10:44,2026-09-24T07:10:44
6751,智聯服務,2023-07-07,97.2,0.4000000000000057,0.41%,4.64,21.6,69.6,83.52,97.44,111.36,125.28,139.2,ShowDailyK_ChartFlow,FinMind_API_TaiwanStockPrice_6751,True,2026-09-24T07:10:44,2026-09-24T07:10:44,2026-09-24T07:10:44
6751,智聯服務,2023-07-10,101.5,4.299999999999997,4.42%,4.64,22.56,69.6,83.52,97.44,111.36,125.28,139.2,ShowDailyK_ChartFlow,FinMind_API_TaiwanStockPrice_6751,True,2026-09-24T07:10:44,2026-09-24T07:10:44,2026-09-24T07:10:44
6751,智聯服務,2023-07-11,97.7,-3.799999999999997,-3.74%,4.64,21.71,69.6,83.52,97.44,111.36,125.28,139.2,ShowDailyK_ChartFlow,FinMind_API_TaiwanStockPrice_6751,True,2026-09-24T07:10:44,2026-09-24T07:10:44,2026-09-24T07:10:44
6751,智聯服務,2023-07-12,94.5,-3.200000000000003,-3.28%,4.64,21.0,69.6,83.52,97.44,111.36,125.28,139.2,ShowDailyK_ChartFlow,FinMind_API_TaiwanStockPrice_6751,True,2026-09-24T07:10:44,2026-09-24T07:10:44,2026-09-24T07:10:44
6751,智聯服務,2023-07-13,92.0,-2.5,-2.65%,4.64,20.44,69.6,83.52,97.44,111.36,125.28,139.2,ShowDailyK_ChartFlow,FinMind_API_TaiwanStockPrice_6751,True,2026-09-24T07:10:44,2026-09-24T07:10:44,2026-09-24T07:10:44
6751,智聯服務,2023-07-14,91.5,-0.5,-0.54%,4.64,20.33,69.6,83.52,97.44,111.36,125.28,139.2,ShowDailyK_ChartFlow,FinMind_API_TaiwanStockPrice_6751,True,2026-09-24T07:10:44,2026-09-24T07:10:44,2026-09-24T07:10:44
6751,智聯服務,2023-07-17,92.1,0.5999999999999943,0.66%,4.64,20.47,69.6,83.52,97.44,111.36,125.28,139.2,ShowDailyK_ChartFlow,FinMind_API_TaiwanStockPrice_6751,True,2026-09-24T07:10:44,2026-09-24T07:10:44,2026-09-24T07:10:44
6751,智聯服務,2023-07-18,90.0,-2.0999999999999943,-2.28%,4.64,20.0,69.6,83.52,97.44,111.36,125.28,139.2,ShowDailyK_ChartFlow,FinMind_API_TaiwanStockPrice_6751,True,2026-09-24T07:10:44,2026-09-24T07:10:44,2026-09-24T07:10:44
6751,智聯服務,2023-07-19,97.9,7.900000000000006,8.78%,4.64,21.76,69.6,83.52,97.44,111.36,125.28,139.2,ShowDailyK_ChartFlow,FinMind_API_TaiwanStockPrice_6751,True,2026-09-24T07:10:44,2026-09-24T07:10:44,2026-09-24T07:10:44
6751,智聯服務,2023-07-20,100.0,2.0999999999999943,2.15%,4.64,22.22,69.6,83.52,97.44,111.36,125.28,139.2,ShowDailyK_ChartFlow,FinMind_API_TaiwanStockPrice_6751,True,2026-09-24T07:10:44,2026-09-24T07:10:44,2026-09-24T07:10:44
6751,智聯服務,2023-07-21,99.0,-1.0,-1.00%,4.64,22.0,69.6,83.52,97.44,111.36,125.28,139.2,ShowDailyK_ChartFlow,FinMind_API_TaiwanStockPrice_6751,True,2026-09-24T07:10:44,2026-09-24T07:10:44,2026-09-24T07:10:44
6751,智聯服務,2023-07-24,99.2,0.20000000000000284,0.20%,4.64,22.04,69.6,83.52,97.44,111.36,125.28,139.2,ShowDailyK_ChartFlow,FinMind_API_TaiwanStockPrice_6751,True,2026-09-24T07:10:44,2026-09-24T07:10:44,2026-09-24T07:10:44
6751,智聯服務,2023-07-25,109.0,9.799999999999997,9.88%,4.64,24.22,69.6,83.52,97.44,111.36,125.28,139.2,ShowDailyK_ChartFlow,FinMind_API_TaiwanStockPrice_6751,True,2026-09-24T07:10:44,2026-09-24T07:10:44,2026-09-24T07:10:44
6751,智聯服務,2023-07-26,118.0,9.0,8.26%,4.64,26.22,69.6,83.52,97.44,111.36,125.28,139.2,ShowDailyK_ChartFlow,FinMind_API_TaiwanStockPrice_6751,True,2026-09-24T07:10:44,2026-09-24T07:10:44,2026-09-24T07:10:44
6751,智聯服務,2023-07-27,112.0,-6.0,-5.08%,4.64,24.89,69.6,83.52,97.44,111.36,125.28,139.2,ShowDailyK_ChartFlow,FinMind_API_TaiwanStockPrice_6751,True,2026-09-24T07:10:44,2026-09-24T07:10:44,2026-09-24T07:10:44
6751,智聯服務,2023-07-28,105.5,-6.5,-5.80%,4.64,23.44,69.6,83.52,97.44,111.36,125.28,139.2,ShowDailyK_ChartFlow,FinMind_API_TaiwanStockPrice_6751,True,2026-09-24T07:10:44,2026-09-24T07:10:44,2026-09-24T07:10:44
6751,智聯服務,2023-07-31,100.0,-5.5,-5.21%,4.64,22.22,69.6,83.52,97.44,111.36,125.28,139.2,ShowDailyK_ChartFlow,FinMind_API_TaiwanStockPrice_6751,True,2026-09-24T07:10:44,2026-09-24T07:10:44,2026-09-24T07:10:44
6751,智聯服務,2023-08-01,99.0,-1.0,-1.00%,4.64,22.0,69.6,83.52,97.44,111.36,125.28,139.2,ShowDailyK_ChartFlow,FinMind_API_TaiwanStockPrice_6751,True,2026-09-24T07:10:44,2026-09-24T07:10:44,2026-09-24T07:10:44
6751,智聯服務,2023-08-02,98.7,-0.29999999999999716,-0.30%,4.64,21.46,69.6,83.52,97.44,111.36,125.28,139.2,ShowDailyK_ChartFlow,FinMind_API_TaiwanStockPrice_6751,True,2026-09-24T07:10:44,2026-09-24T07:10:44,2026-09-24T07:10:44
6751,智聯服務,2023-08-04,95.0,-3.700000000000003,-3.75%,4.64,20.65,69.6,83.52,97.44,111.36,125.28,139.2,ShowDailyK_ChartFlow,FinMind_API_TaiwanStockPrice_6751,True,2026-09-24T07:10:44,2026-09-24T07:10:44,2026-09-24T07:10:44
6751,智聯服務,2023-08-07,98.3,3.299999999999997,3.47%,4.64,21.37,69.6,83.52,97.44,111.36,125.28,139.2,ShowDailyK_ChartFlow,FinMind_API_TaiwanStockPrice_6751,True,2026-09-24T07:10:44,2026-09-24T07:10:44,2026-09-24T07:10:44
6751,智聯服務,2023-08-08,94.5,-3.799999999999997,-3.87%,4.64,20.54,69.6,83.52,97.44,111.36,125.28,139.2,ShowDailyK_ChartFlow,FinMind_API_TaiwanStockPrice_6751,True,2026-09-24T07:10:44,2026-09-24T07:10:44,2026-09-24T07:10:44
6751,智聯服務,2023-08-09,93.2,-1.2999999999999972,-1.38%,4.64,20.26,69.6,83.52,97.44,111.36,125.28,139.2,ShowDailyK_ChartFlow,FinMind_API_TaiwanStockPrice_6751,True,2026-09-24T07:10:44,2026-09-24T07:10:44,2026-09-24T07:10:44
6751,智聯服務,2023-08-10,91.1,-2.1000000000000085,-2.25%,4.64,19.8,69.6,83.52,97.44,111.36,125.28,139.2,ShowDailyK_ChartFlow,FinMind_API_TaiwanStockPrice_6751,True,2026-09-24T07:10:44,2026-09-24T07:10:44,2026-09-24T07:10:44
6751,智聯服務,2023-08-11,92.4,1.3000000000000114,1.43%,4.64,20.09,69.6,83.52,97.44,111.36,125.28,139.2,ShowDailyK_ChartFlow,FinMind_API_TaiwanStockPrice_6751,True,2026-09-24T07:10:44,2026-09-24T07:10:44,2026-09-24T07:10:44
6751,智聯服務,2023-08-14,88.1,-4.300000000000011,-4.65%,4.64,19.15,69.6,83.52,97.44,111.36,125.28,139.2,ShowDailyK_ChartFlow,FinMind_API_TaiwanStockPrice_6751,True,2026-09-24T07:10:44,2026-09-24T07:10:44,2026-09-24T07:10:44
6751,智聯服務,2023-08-15,85.6,-2.5,-2.84%,4.64,18.61,69.6,83.52,97.44,111.36,125.28,139.2,ShowDailyK_ChartFlow,FinMind_API_TaiwanStockPrice_6751,True,2026-09-24T07:10:44,2026-09-24T07:10:44,2026-09-24T07:10:44
6751,智聯服務,2023-08-16,84.3,-1.2999999999999972,-1.52%,4.64,18.33,69.6,83.52,97.44,111.36,125.28,139.2,ShowDailyK_ChartFlow,FinMind_API_TaiwanStockPrice_6751,True,2026-09-24T07:10:44,2026-09-24T07:10:44,2026-09-24T07:10:44
6751,智聯服務,2023-08-17,88.0,3.700000000000003,4.39%,4.64,19.13,69.6,83.52,97.44,111.36,125.28,139.2,ShowDailyK_ChartFlow,FinMind_API_TaiwanStockPrice_6751,True,2026-09-24T07:10:44,2026-09-24T07:10:44,2026-09-24T07:10:44
6751,智聯服務,2023-08-18,89.0,1.0,1.14%,4.64,19.35,69.6,83.52,97.44,111.36,125.28,139.2,ShowDailyK_ChartFlow,FinMind_API_TaiwanStockPrice_6751,True,2026-09-24T07:10:44,2026-09-24T07:10:44,2026-09-24T07:10:44
6751,智聯服務,2023-08-21,88.5,-0.5,-0.56%,4.64,19.24,69.6,83.52,97.44,111.36,125.28,139.2,ShowDailyK_ChartFlow,FinMind_API_TaiwanStockPrice_6751,True,2026-09-24T07:10:44,2026-09-24T07:10:44,2026-09-24T07:10:44
6751,智聯服務,2023-08-22,85.0,-3.5,-3.95%,4.64,18.48,69.6,83.52,97.44,111.36,125.28,139.2,ShowDailyK_ChartFlow,FinMind_API_TaiwanStockPrice_6751,True,2026-09-24T07:10:44,2026-09-24T07:10:44,2026-09-24T07:10:44
6751,智聯服務,2023-08-23,86.5,1.5,1.76%,4.64,18.8,69.6,83.52,97.44,111.36,125.28,139.2,ShowDailyK_ChartFlow,FinMind_API_TaiwanStockPrice_6751,True,2026-09-24T07:10:44,2026-09-24T07:10:44,2026-09-24T07:10:44
6751,智聯服務,2023-08-24,86.3,-0.20000000000000284,-0.23%,4.64,18.76,69.6,83.52,97.44,111.36,125.28,139.2,ShowDailyK_ChartFlow,FinMind_API_TaiwanStockPrice_6751,True,2026-09-24T07:10:44,2026-09-24T07:10:44,2026-09-24T07:10:44
6751,智聯服務,2023-08-25,84.9,-1.3999999999999915,-1.62%,4.64,18.46,69.6,83.52,97.44,111.36,125.28,139.2,ShowDailyK_ChartFlow,FinMind_API_TaiwanStockPrice_6751,True,2026-09-24T07:10:44,2026-09-24T07:10:44,2026-09-24T07:10:44
6751,智聯服務,2023-08-28,83.1,-1.8000000000000114,-2.12%,4.64,18.07,69.6,83.52,97.44,111.36,125.28,139.2,ShowDailyK_ChartFlow,FinMind_API_TaiwanStockPrice_6751,True,2026-09-24T07:10:44,2026-09-24T07:10:44,2026-09-24T07:10:44
6751,智聯服務,2023-08-29,83.4,0.30000000000001137,0.36%,4.64,18.13,69.6,83.52,97.44,111.36,125.28,139.2,ShowDailyK_ChartFlow,FinMind_API_TaiwanStockPrice_6751,True,2026-09-24T07:10:44,2026-09-24T07:10:44,2026-09-24T07:10:44
6751,智聯服務,2023-08-30,84.0,0.5999999999999943,0.72%,4.64,18.26,69.6,83.52,97.44,111.36,125.28,139.2,ShowDailyK_ChartFlow,FinMind_API_TaiwanStockPrice_6751,True,2026-09-24T07:10:44,2026-09-24T07:10:44,2026-09-24T07:10:44
6751,智聯服務,2023-08-31,83.9,-0.09999999999999432,-0.12%,4.64,18.24,69.6,83.52,97.44,111.36,125.28,139.2,ShowDailyK_ChartFlow,FinMind_API_TaiwanStockPrice_6751,True,2026-09-24T07:10:44,2026-09-24T07:10:44,2026-09-24T07:10:44
6751,智聯服務,2023-09-01,85.0,1.0999999999999943,1.31%,4.64,18.48,69.6,83.52,97.44,111.36,125.28,139.2,ShowDailyK_ChartFlow,FinMind_API_TaiwanStockPrice_6751,True,2026-09-24T07:10:44,2026-09-24T07:10:44,2026-09-24T07:10:44
6751,智聯服務,2023-09-04,87.0,2.0,2.35%,4.64,18.91,69.6,83.52,97.44,111.36,125.28,139.2,ShowDailyK_ChartFlow,FinMind_API_TaiwanStockPrice_6751,True,2026-09-24T07:10:44,2026-09-24T07:10:44,2026-09-24T07:10:44
6751,智聯服務,2023-09-05,88.0,1.0,1.15%,4.64,19.13,69.6,83.52,97.44,111.36,125.28,139.2,ShowDailyK_ChartFlow,FinMind_API_TaiwanStockPrice_6751,True,2026-09-24T07:10:44,2026-09-24T07:10:44,2026-09-24T07:10:44
6751,智聯服務,2023-09-06,87.0,-1.0,-1.14%,4.64,18.91,69.6,83.52,97.44,111.36,125.28,139.2,ShowDailyK_ChartFlow,FinMind_API_TaiwanStockPrice_6751,True,2026-09-24T07:10:44,2026-09-24T07:10:44,2026-09-24T07:10:44
6751,智聯服務,2023-09-07,95.7,8.700000000000003,10.00%,4.64,20.8,69.6,83.52,97.44,111.36,125.28,139.2,ShowDailyK_ChartFlow,FinMind_API_TaiwanStockPrice_6751,True,2026-09-24T07:10:44,2026-09-24T07:10:44,2026-09-24T07:10:44
6751,智聯服務,2023-09-08,91.7,-4.0,-4.18%,4.64,19.93,69.6,83.52,97.44,111.36,125.28,139.2,ShowDailyK_ChartFlow,FinMind_API_TaiwanStockPrice_6751,True,2026-09-24T07:10:44,2026-09-24T07:10:44,2026-09-24T07:10:44
6751,智聯服務,2023-09-11,88.9,-2.799999999999997,-3.05%,4.64,19.33,69.6,83.52,97.44,111.36,125.28,139.2,ShowDailyK_ChartFlow,FinMind_API_TaiwanStockPrice_6751,True,2026-09-24T07:10:44,2026-09-24T07:10:44,2026-09-24T07:10:44
6751,智聯服務,2023-09-12,88.0,-0.9000000000000057,-1.01%,4.64,19.13,69.6,83.52,97.44,111.36,125.28,139.2,ShowDailyK_ChartFlow,FinMind_API_TaiwanStockPrice_6751,True,2026-09-24T07:10:44,2026-09-24T07:10:44,2026-09-24T07:10:44
6751,智聯服務,2023-09-13,88.8,0.7999999999999972,0.91%,4.64,19.3,69.6,83.52,97.44,111.36,125.28,139.2,ShowDailyK_ChartFlow,FinMind_API_TaiwanStockPrice_6751,True,2026-09-24T07:10:44,2026-09-24T07:10:44,2026-09-24T07:10:44
6751,智聯服務,2023-09-14,88.3,-0.5,-0.56%,4.64,19.2,69.6,83.52,97.44,111.36,125.28,139.2,ShowDailyK_ChartFlow,FinMind_API_TaiwanStockPrice_6751,True,2026-09-24T07:10:44,2026-09-24T07:10:44,2026-09-24T07:10:44
6751,智聯服務,2023-09-15,89.0,0.7000000000000028,0.79%,4.64,19.35,69.6,83.52,97.44,111.36,125.28,139.2,ShowDailyK_ChartFlow,FinMind_API_TaiwanStockPrice_6751,True,2026-09-24T07:10:44,2026-09-24T07:10:44,2026-09-24T07:10:44
6751,智聯服務,2023-09-18,88.0,-1.0,-1.12%,4.64,19.13,69.6,83.52,97.44,111.36,125.28,139.2,ShowDailyK_ChartFlow,FinMind_API_TaiwanStockPrice_6751,True,2026-09-24T07:10:44,2026-09-24T07:10:44,2026-09-24T07:10:44
6751,智聯服務,2023-09-19,88.0,0.0,0.00%,4.64,19.13,69.6,83.52,97.44,111.36,125.28,139.2,ShowDailyK_ChartFlow,FinMind_API_TaiwanStockPrice_6751,True,2026-09-24T07:10:44,2026-09-24T07:10:44,2026-09-24T07:10:44
6751,智聯服務,2023-09-20,86.4,-1.5999999999999943,-1.82%,4.64,18.78,69.6,83.52,97.44,111.36,125.28,139.2,ShowDailyK_ChartFlow,FinMind_API_TaiwanStockPrice_6751,True,2026-09-24T07:10:44,2026-09-24T07:10:44,2026-09-24T07:10:44
6751,智聯服務,2023-09-21,84.4,-2.0,-2.31%,4.64,18.35,69.6,83.52,97.44,111.36,125.28,139.2,ShowDailyK_ChartFlow,FinMind_API_TaiwanStockPrice_6751,True,2026-09-24T07:10:44,2026-09-24T07:10:44,2026-09-24T07:10:44
6751,智聯服務,2023-09-22,84.5,0.09999999999999432,0.12%,4.64,18.37,69.6,83.52,97.44,111.36,125.28,139.2,ShowDailyK_ChartFlow,FinMind_API_TaiwanStockPrice_6751,True,2026-09-24T07:10:44,2026-09-24T07:10:44,2026-09-24T07:10:44
6751,智聯服務,2023-09-25,85.8,1.2999999999999972,1.54%,4.64,18.65,69.6,83.52,97.44,111.36,125.28,139.2,ShowDailyK_ChartFlow,FinMind_API_TaiwanStockPrice_6751,True,2026-09-24T07:10:44,2026-09-24T07:10:44,2026-09-24T07:10:44
6751,智聯服務,2023-09-26,87.0,1.2000000000000028,1.40%,4.64,18.91,69.6,83.52,97.44,111.36,125.28,139.2,ShowDailyK_ChartFlow,FinMind_API_TaiwanStockPrice_6751,True,2026-09-24T07:10:44,2026-09-24T07:10:44,2026-09-24T07:10:44
6751,智聯服務,2023-09-27,85.7,-1.2999999999999972,-1.49%,4.64,18.63,69.6,83.52,97.44,111.36,125.28,139.2,ShowDailyK_ChartFlow,FinMind_API_TaiwanStockPrice_6751,True,2026-09-24T07:10:44,2026-09-24T07:10:44,2026-09-24T07:10:44
6751,智聯服務,2023-09-28,87.5,1.7999999999999972,2.10%,4.64,19.02,69.6,83.52,97.44,111.36,125.28,139.2,ShowDailyK_ChartFlow,FinMind_API_TaiwanStockPrice_6751,True,2026-09-24T07:10:44,2026-09-24T07:10:44,2026-09-24T07:10:44
6751,智聯服務,2023-10-02,88.0,0.5,0.57%,4.15,19.13,62.25,74.7,87.15,99.6,112.05,124.5,ShowDailyK_ChartFlow,FinMind_API_TaiwanStockPrice_6751,True,2026-09-24T07:10:44,2026-09-24T07:10:44,2026-09-24T07:10:44
6751,智聯服務,2023-10-03,88.3,0.29999999999999716,0.34%,4.15,19.2,62.25,74.7,87.15,99.6,112.05,124.5,ShowDailyK_ChartFlow,FinMind_API_TaiwanStockPrice_6751,True,2026-09-24T07:10:44,2026-09-24T07:10:44,2026-09-24T07:10:44
6751,智聯服務,2023-10-04,88.1,-0.20000000000000284,-0.23%,4.15,19.15,62.25,74.7,87.15,99.6,112.05,124.5,ShowDailyK_ChartFlow,FinMind_API_TaiwanStockPrice_6751,True,2026-09-24T07:10:44,2026-09-24T07:10:44,2026-09-24T07:10:44
6751,智聯服務,2023-10-05,89.0,0.9000000000000057,1.02%,4.15,19.35,62.25,74.7,87.15,99.6,112.05,124.5,ShowDailyK_ChartFlow,FinMind_API_TaiwanStockPrice_6751,True,2026-09-24T07:10:44,2026-09-24T07:10:44,2026-09-24T07:10:44
6751,智聯服務,2023-10-06,91.3,2.299999999999997,2.58%,4.15,19.85,62.25,74.7,87.15,99.6,112.05,124.5,ShowDailyK_ChartFlow,FinMind_API_TaiwanStockPrice_6751,True,2026-09-24T07:10:44,2026-09-24T07:10:44,2026-09-24T07:10:44
6751,智聯服務,2023-10-11,89.5,-1.7999999999999972,-1.97%,4.15,19.46,62.25,74.7,87.15,99.6,112.05,124.5,ShowDailyK_ChartFlow,FinMind_API_TaiwanStockPrice_6751,True,2026-09-24T07:10:44,2026-09-24T07:10:44,2026-09-24T07:10:44
6751,智聯服務,2023-10-12,88.0,-1.5,-1.68%,4.15,19.13,62.25,74.7,87.15,99.6,112.05,124.5,ShowDailyK_ChartFlow,FinMind_API_TaiwanStockPrice_6751,True,2026-09-24T07:10:44,2026-09-24T07:10:44,2026-09-24T07:10:44
6751,智聯服務,2023-10-13,86.0,-2.0,-2.27%,4.15,18.7,62.25,74.7,87.15,99.6,112.05,124.5,ShowDailyK_ChartFlow,FinMind_API_TaiwanStockPrice_6751,True,2026-09-24T07:10:44,2026-09-24T07:10:44,2026-09-24T07:10:44
6751,智聯服務,2023-10-16,85.8,-0.20000000000000284,-0.23%,4.15,18.65,62.25,74.7,87.15,99.6,112.05,124.5,ShowDailyK_ChartFlow,FinMind_API_TaiwanStockPrice_6751,True,2026-09-24T07:10:44,2026-09-24T07:10:44,2026-09-24T07:10:44
6751,智聯服務,2023-10-17,85.2,-0.5999999999999943,-0.70%,4.15,18.52,62.25,74.7,87.15,99.6,112.05,124.5,ShowDailyK_ChartFlow,FinMind_API_TaiwanStockPrice_6751,True,2026-09-24T07:10:44,2026-09-24T07:10:44,2026-09-24T07:10:44
6751,智聯服務,2023-10-18,84.2,-1.0,-1.17%,4.15,18.3,62.25,74.7,87.15,99.6,112.05,124.5,ShowDailyK_ChartFlow,FinMind_API_TaiwanStockPrice_6751,True,2026-09-24T07:10:44,2026-09-24T07:10:44,2026-09-24T07:10:44
6751,智聯服務,2023-10-19,83.9,-0.29999999999999716,-0.36%,4.15,18.24,62.25,74.7,87.15,99.6,112.05,124.5,ShowDailyK_ChartFlow,FinMind_API_TaiwanStockPrice_6751,True,2026-09-24T07:10:44,2026-09-24T07:10:44,2026-09-24T07:10:44
6751,智聯服務,2023-10-20,83.3,-0.6000000000000085,-0.72%,4.15,18.11,62.25,74.7,87.15,99.6,112.05,124.5,ShowDailyK_ChartFlow,FinMind_API_TaiwanStockPrice_6751,True,2026-09-24T07:10:44,2026-09-24T07:10:44,2026-09-24T07:10:44
6751,智聯服務,2023-10-23,82.6,-0.7000000000000028,-0.84%,4.15,17.96,62.25,74.7,87.15,99.6,112.05,124.5,ShowDailyK_ChartFlow,FinMind_API_TaiwanStockPrice_6751,True,2026-09-24T07:10:44,2026-09-24T07:10:44,2026-09-24T07:10:44
6751,智聯服務,2023-10-24,83.6,1.0,1.21%,4.15,18.17,62.25,74.7,87.15,99.6,112.05,124.5,ShowDailyK_ChartFlow,FinMind_API_TaiwanStockPrice_6751,True,2026-09-24T07:10:44,2026-09-24T07:10:44,2026-09-24T07:10:44
6751,智聯服務,2023-10-25,84.1,0.5,0.60%,4.15,18.28,62.25,74.7,87.15,99.6,112.05,124.5,ShowDailyK_ChartFlow,FinMind_API_TaiwanStockPrice_6751,True,2026-09-24T07:10:44,2026-09-24T07:10:44,2026-09-24T07:10:44
6751,智聯服務,2023-10-26,83.9,-0.19999999999998863,-0.24%,4.15,18.24,62.25,74.7,87.15,99.6,112.05,124.5,ShowDailyK_ChartFlow,FinMind_API_TaiwanStockPrice_6751,True,2026-09-24T07:10:44,2026-09-24T07:10:44,2026-09-24T07:10:44
6751,智聯服務,2023-10-27,83.2,-0.7000000000000028,-0.83%,4.15,18.09,62.25,74.7,87.15,99.6,112.05,124.5,ShowDailyK_ChartFlow,FinMind_API_TaiwanStockPrice_6751,True,2026-09-24T07:10:44,2026-09-24T07:10:44,2026-09-24T07:10:44
6751,智聯服務,2023-10-30,83.5,0.29999999999999716,0.36%,4.15,18.15,62.25,74.7,87.15,99.6,112.05,124.5,ShowDailyK_ChartFlow,FinMind_API_TaiwanStockPrice_6751,True,2026-09-24T07:10:44,2026-09-24T07:10:44,2026-09-24T07:10:44
6751,智聯服務,2023-10-31,83.0,-0.5,-0.60%,4.15,22.25,62.25,74.7,87.15,99.6,112.05,124.5,ShowDailyK_ChartFlow,FinMind_API_TaiwanStockPrice_6751,True,2026-09-24T07:10:44,2026-09-24T07:10:44,2026-09-24T07:10:44
6751,智聯服務,2023-11-01,82.0,-1.0,-1.20%,4.15,21.98,62.25,74.7,87.15,99.6,112.05,124.5,ShowDailyK_ChartFlow,FinMind_API_TaiwanStockPrice_6751,True,2026-09-24T07:10:44,2026-09-24T07:10:44,2026-09-24T07:10:44
6751,智聯服務,2023-11-02,81.0,-1.0,-1.22%,4.15,21.72,62.25,74.7,87.15,99.6,112.05,124.5,ShowDailyK_ChartFlow,FinMind_API_TaiwanStockPrice_6751,True,2026-09-24T07:10:44,2026-09-24T07:10:44,2026-09-24T07:10:44
6751,智聯服務,2023-11-03,81.7,0.7000000000000028,0.86%,4.15,21.9,62.25,74.7,87.15,99.6,112.05,124.5,ShowDailyK_ChartFlow,FinMind_API_TaiwanStockPrice_6751,True,2026-09-24T07:10:44,2026-09-24T07:10:44,2026-09-24T07:10:44
6751,智聯服務,2023-11-06,81.4,-0.29999999999999716,-0.37%,4.15,21.82,62.25,74.7,87.15,99.6,112.05,124.5,ShowDailyK_ChartFlow,FinMind_API_TaiwanStockPrice_6751,True,2026-09-24T07:10:44,2026-09-24T07:10:44,2026-09-24T07:10:44
6751,智聯服務,2023-11-07,82.5,1.0999999999999943,1.35%,4.15,22.12,62.25,74.7,87.15,99.6,112.05,124.5,ShowDailyK_ChartFlow,FinMind_API_TaiwanStockPrice_6751,True,2026-09-24T07:10:44,2026-09-24T07:10:44,2026-09-24T07:10:44
6751,智聯服務,2023-11-08,80.9,-1.5999999999999943,-1.94%,4.15,21.69,62.25,74.7,87.15,99.6,112.05,124.5,ShowDailyK_ChartFlow,FinMind_API_TaiwanStockPrice_6751,True,2026-09-24T07:10:44,2026-09-24T07:10:44,2026-09-24T07:10:44
6751,智聯服務,2023-11-09,79.9,-1.0,-1.24%,4.15,21.42,62.25,74.7,87.15,99.6,112.05,124.5,ShowDailyK_ChartFlow,FinMind_API_TaiwanStockPrice_6751,True,2026-09-24T07:10:44,2026-09-24T07:10:44,2026-09-24T07:10:44
6751,智聯服務,2023-11-10,77.9,-2.0,-2.50%,4.15,20.88,62.25,74.7,87.15,99.6,112.05,124.5,ShowDailyK_ChartFlow,FinMind_API_TaiwanStockPrice_6751,True,2026-09-24T07:10:44,2026-09-24T07:10:44,2026-09-24T07:10:44
6751,智聯服務,2023-11-13,78.0,0.09999999999999432,0.13%,4.15,20.91,62.25,74.7,87.15,99.6,112.05,124.5,ShowDailyK_ChartFlow,FinMind_API_TaiwanStockPrice_6751,True,2026-09-24T07:10:44,2026-09-24T07:10:44,2026-09-24T07:10:44
6751,智聯服務,2023-11-14,77.8,-0.20000000000000284,-0.26%,4.15,20.86,62.25,74.7,87.15,99.6,112.05,124.5,ShowDailyK_ChartFlow,FinMind_API_TaiwanStockPrice_6751,True,2026-09-24T07:10:44,2026-09-24T07:10:44,2026-09-24T07:10:44
6751,智聯服務,2023-11-15,79.6,1.7999999999999972,2.31%,4.15,21.34,62.25,74.7,87.15,99.6,112.05,124.5,ShowDailyK_ChartFlow,FinMind_API_TaiwanStockPrice_6751,True,2026-09-24T07:10:44,2026-09-24T07:10:44,2026-09-24T07:10:44
6751,智聯服務,2023-11-16,80.3,0.7000000000000028,0.88%,4.15,21.53,62.25,74.7,87.15,99.6,112.05,124.5,ShowDailyK_ChartFlow,FinMind_API_TaiwanStockPrice_6751,True,2026-09-24T07:10:44,2026-09-24T07:10:44,2026-09-24T07:10:44
6751,智聯服務,2023-11-17,80.3,0.0,0.00%,4.15,21.53,62.25,74.7,87.15,99.6,112.05,124.5,ShowDailyK_ChartFlow,FinMind_API_TaiwanStockPrice_6751,True,2026-09-24T07:10:44,2026-09-24T07:10:44,2026-09-24T07:10:44
6751,智聯服務,2023-11-20,79.2,-1.0999999999999943,-1.37%,4.15,21.23,62.25,74.7,87.15,99.6,112.05,124.5,ShowDailyK_ChartFlow,FinMind_API_TaiwanStockPrice_6751,True,2026-09-24T07:10:44,2026-09-24T07:10:44,2026-09-24T07:10:44
6751,智聯服務,2023-11-21,79.3,0.09999999999999432,0.13%,4.15,21.26,62.25,74.7,87.15,99.6,112.05,124.5,ShowDailyK_ChartFlow,FinMind_API_TaiwanStockPrice_6751,True,2026-09-24T07:10:44,2026-09-24T07:10:44,2026-09-24T07:10:44
6751,智聯服務,2023-11-22,87.2,7.900000000000006,9.96%,4.15,23.38,62.25,74.7,87.15,99.6,112.05,124.5,ShowDailyK_ChartFlow,FinMind_API_TaiwanStockPrice_6751,True,2026-09-24T07:10:44,2026-09-24T07:10:44,2026-09-24T07:10:44
6751,智聯服務,2023-11-23,88.0,0.7999999999999972,0.92%,4.15,23.59,62.25,74.7,87.15,99.6,112.05,124.5,ShowDailyK_ChartFlow,FinMind_API_TaiwanStockPrice_6751,True,2026-09-24T07:10:44,2026-09-24T07:10:44,2026-09-24T07:10:44
6751,智聯服務,2023-11-24,84.5,-3.5,-3.98%,4.15,22.65,62.25,74.7,87.15,99.6,112.05,124.5,ShowDailyK_ChartFlow,FinMind_API_TaiwanStockPrice_6751,True,2026-09-24T07:10:44,2026-09-24T07:10:44,2026-09-24T07:10:44
6751,智聯服務,2023-11-27,84.0,-0.5,-0.59%,4.15,22.52,62.25,74.7,87.15,99.6,112.05,124.5,ShowDailyK_ChartFlow,FinMind_API_TaiwanStockPrice_6751,True,2026-09-24T07:10:44,2026-09-24T07:10:44,2026-09-24T07:10:44
6751,智聯服務,2023-11-28,82.9,-1.0999999999999943,-1.31%,4.15,22.23,62.25,74.7,87.15,99.6,112.05,124.5,ShowDailyK_ChartFlow,FinMind_API_TaiwanStockPrice_6751,True,2026-09-24T07:10:44,2026-09-24T07:10:44,2026-09-24T07:10:44
6751,智聯服務,2023-11-29,83.5,0.5999999999999943,0.72%,4.15,22.39,62.25,74.7,87.15,99.6,112.05,124.5,ShowDailyK_ChartFlow,FinMind_API_TaiwanStockPrice_6751,True,2026-09-24T07:10:44,2026-09-24T07:10:44,2026-09-24T07:10:44
6751,智聯服務,2023-11-30,82.4,-1.0999999999999943,-1.32%,4.15,22.09,62.25,74.7,87.15,99.6,112.05,124.5,ShowDailyK_ChartFlow,FinMind_API_TaiwanStockPrice_6751,True,2026-09-24T07:10:44,2026-09-24T07:10:44,2026-09-24T07:10:44
6751,智聯服務,2023-12-01,82.8,0.3999999999999915,0.49%,4.15,22.2,62.25,74.7,87.15,99.6,112.05,124.5,ShowDailyK_ChartFlow,FinMind_API_TaiwanStockPrice_6751,True,2026-09-24T07:10:44,2026-09-24T07:10:44,2026-09-24T07:10:44
6751,智聯服務,2023-12-04,88.6,5.799999999999997,7.00%,4.15,23.75,62.25,74.7,87.15,99.6,112.05,124.5,ShowDailyK_ChartFlow,FinMind_API_TaiwanStockPrice_6751,True,2026-09-24T07:10:44,2026-09-24T07:10:44,2026-09-24T07:10:44
6751,智聯服務,2023-12-05,84.0,-4.599999999999994,-5.19%,4.15,22.52,62.25,74.7,87.15,99.6,112.05,124.5,ShowDailyK_ChartFlow,FinMind_API_TaiwanStockPrice_6751,True,2026-09-24T07:10:44,2026-09-24T07:10:44,2026-09-24T07:10:44
6751,智聯服務,2023-12-06,87.3,3.299999999999997,3.93%,4.15,23.4,62.25,74.7,87.15,99.6,112.05,124.5,ShowDailyK_ChartFlow,FinMind_API_TaiwanStockPrice_6751,True,2026-09-24T07:10:44,2026-09-24T07:10:44,2026-09-24T07:10:44
6751,智聯服務,2023-12-07,86.8,-0.5,-0.57%,4.15,23.27,62.25,74.7,87.15,99.6,112.05,124.5,ShowDailyK_ChartFlow,FinMind_API_TaiwanStockPrice_6751,True,2026-09-24T07:10:44,2026-09-24T07:10:44,2026-09-24T07:10:44
6751,智聯服務,2023-12-08,87.0,0.20000000000000284,0.23%,4.15,23.32,62.25,74.7,87.15,99.6,112.05,124.5,ShowDailyK_ChartFlow,FinMind_API_TaiwanStockPrice_6751,True,2026-09-24T07:10:44,2026-09-24T07:10:44,2026-09-24T07:10:44
6751,智聯服務,2023-12-11,85.1,-1.9000000000000057,-2.18%,4.15,22.82,62.25,74.7,87.15,99.6,112.05,124.5,ShowDailyK_ChartFlow,FinMind_API_TaiwanStockPrice_6751,True,2026-09-24T07:10:44,2026-09-24T07:10:44,2026-09-24T07:10:44
6751,智聯服務,2023-12-12,83.7,-1.3999999999999915,-1.65%,4.15,22.44,62.25,74.7,87.15,99.6,112.05,124.5,ShowDailyK_ChartFlow,FinMind_API_TaiwanStockPrice_6751,True,2026-09-24T07:10:44,2026-09-24T07:10:44,2026-09-24T07:10:44
6751,智聯服務,2023-12-13,83.9,0.20000000000000284,0.24%,4.15,22.49,62.25,74.7,87.15,99.6,112.05,124.5,ShowDailyK_ChartFlow,FinMind_API_TaiwanStockPrice_6751,True,2026-09-24T07:10:44,2026-09-24T07:10:44,2026-09-24T07:10:44
6751,智聯服務,2023-12-14,83.7,-0.20000000000000284,-0.24%,4.15,22.44,62.25,74.7,87.15,99.6,112.05,124.5,ShowDailyK_ChartFlow,FinMind_API_TaiwanStockPrice_6751,True,2026-09-24T07:10:44,2026-09-24T07:10:44,2026-09-24T07:10:44
6751,智聯服務,2023-12-15,82.8,-0.9000000000000057,-1.08%,4.15,22.2,62.25,74.7,87.15,99.6,112.05,124.5,ShowDailyK_ChartFlow,FinMind_API_TaiwanStockPrice_6751,True,2026-09-24T07:10:44,2026-09-24T07:10:44,2026-09-24T07:10:44
6751,智聯服務,2023-12-18,83.8,1.0,1.21%,4.15,22.47,62.25,74.7,87.15,99.6,112.05,124.5,ShowDailyK_ChartFlow,FinMind_API_TaiwanStockPrice_6751,True,2026-09-24T07:10:44,2026-09-24T07:10:44,2026-09-24T07:10:44
6751,智聯服務,2023-12-19,82.5,-1.2999999999999972,-1.55%,4.15,22.12,62.25,74.7,87.15,99.6,112.05,124.5,ShowDailyK_ChartFlow,FinMind_API_TaiwanStockPrice_6751,True,2026-09-24T07:10:44,2026-09-24T07:10:44,2026-09-24T07:10:44
6751,智聯服務,2023-12-20,82.5,0.0,0.00%,4.15,22.12,62.25,74.7,87.15,99.6,112.05,124.5,ShowDailyK_ChartFlow,FinMind_API_TaiwanStockPrice_6751,True,2026-09-24T07:10:44,2026-09-24T07:10:44,2026-09-24T07:10:44
6751,智聯服務,2023-12-21,82.4,-0.09999999999999432,-0.12%,4.15,22.09,62.25,74.7,87.15,99.6,112.05,124.5,ShowDailyK_ChartFlow,FinMind_API_TaiwanStockPrice_6751,True,2026-09-24T07:10:44,2026-09-24T07:10:44,2026-09-24T07:10:44
6751,智聯服務,2023-12-22,82.0,-0.4000000000000057,-0.49%,4.15,21.98,62.25,74.7,87.15,99.6,112.05,124.5,ShowDailyK_ChartFlow,FinMind_API_TaiwanStockPrice_6751,True,2026-09-24T07:10:44,2026-09-24T07:10:44,2026-09-24T07:10:44
6751,智聯服務,2023-12-25,81.7,-0.29999999999999716,-0.37%,4.15,21.9,62.25,74.7,87.15,99.6,112.05,124.5,ShowDailyK_ChartFlow,FinMind_API_TaiwanStockPrice_6751,True,2026-09-24T07:10:44,2026-09-24T07:10:44,2026-09-24T07:10:44
6751,智聯服務,2023-12-26,82.0,0.29999999999999716,0.37%,4.15,21.98,62.25,74.7,87.15,99.6,112.05,124.5,ShowDailyK_ChartFlow,FinMind_API_TaiwanStockPrice_6751,True,2026-09-24T07:10:44,2026-09-24T07:10:44,2026-09-24T07:10:44
6751,智聯服務,2023-12-27,82.3,0.29999999999999716,0.37%,4.15,22.06,62.25,74.7,87.15,99.6,112.05,124.5,ShowDailyK_ChartFlow,FinMind_API_TaiwanStockPrice_6751,True,2026-09-24T07:10:44,2026-09-24T07:10:44,2026-09-24T07:10:44
6751,智聯服務,2023-12-28,82.8,0.5,0.61%,4.15,22.2,62.25,74.7,87.15,99.6,112.05,124.5,ShowDailyK_ChartFlow,FinMind_API_TaiwanStockPrice_6751,True,2026-09-24T07:10:44,2026-09-24T07:10:44,2026-09-24T07:10:44
6751,智聯服務,2023-12-29,82.8,0.0,0.00%,4.15,22.2,62.25,74.7,87.15,99.6,112.05,124.5,ShowDailyK_ChartFlow,FinMind_API_TaiwanStockPrice_6751,True,2026-09-24T07:10:44,2026-09-24T07:10:44,2026-09-24T07:10:44
6751,智聯服務,2024-01-02,82.5,-0.29999999999999716,-0.36%,3.09,22.12,46.35,55.62,64.89,74.16,83.43,92.7,ShowDailyK_ChartFlow,FinMind_API_TaiwanStockPrice_6751,True,2026-09-24T07:10:44,2026-09-24T07:10:44,2026-09-24T07:10:44
6751,智聯服務,2024-01-03,81.7,-0.7999999999999972,-0.97%,3.09,21.9,46.35,55.62,64.89,74.16,83.43,92.7,ShowDailyK_ChartFlow,FinMind_API_TaiwanStockPrice_6751,True,2026-09-24T07:10:44,2026-09-24T07:10:44,2026-09-24T07:10:44
6751,智聯服務,2024-01-04,81.0,-0.7000000000000028,-0.86%,3.09,21.72,46.35,55.62,64.89,74.16,83.43,92.7,ShowDailyK_ChartFlow,FinMind_API_TaiwanStockPrice_6751,True,2026-09-24T07:10:44,2026-09-24T07:10:44,2026-09-24T07:10:44
6751,智聯服務,2024-01-05,81.2,0.20000000000000284,0.25%,3.09,21.77,46.35,55.62,64.89,74.16,83.43,92.7,ShowDailyK_ChartFlow,FinMind_API_TaiwanStockPrice_6751,True,2026-09-24T07:10:44,2026-09-24T07:10:44,2026-09-24T07:10:44
6751,智聯服務,2024-01-08,80.6,-0.6000000000000085,-0.74%,3.09,21.61,46.35,55.62,64.89,74.16,83.43,92.7,ShowDailyK_ChartFlow,FinMind_API_TaiwanStockPrice_6751,True,2026-09-24T07:10:44,2026-09-24T07:10:44,2026-09-24T07:10:44
6751,智聯服務,2024-01-09,80.5,-0.09999999999999432,-0.12%,3.09,21.58,46.35,55.62,64.89,74.16,83.43,92.7,ShowDailyK_ChartFlow,FinMind_API_TaiwanStockPrice_6751,True,2026-09-24T07:10:44,2026-09-24T07:10:44,2026-09-24T07:10:44
6751,智聯服務,2024-01-10,80.1,-0.4000000000000057,-0.50%,3.09,21.47,46.35,55.62,64.89,74.16,83.43,92.7,ShowDailyK_ChartFlow,FinMind_API_TaiwanStockPrice_6751,True,2026-09-24T07:10:44,2026-09-24T07:10:44,2026-09-24T07:10:44
6751,智聯服務,2024-01-11,81.0,0.9000000000000057,1.12%,3.09,21.72,46.35,55.62,64.89,74.16,83.43,92.7,ShowDailyK_ChartFlow,FinMind_API_TaiwanStockPrice_6751,True,2026-09-24T07:10:44,2026-09-24T07:10:44,2026-09-24T07:10:44
6751,智聯服務,2024-01-12,81.2,0.20000000000000284,0.25%,3.09,21.77,46.35,55.62,64.89,74.16,83.43,92.7,ShowDailyK_ChartFlow,FinMind_API_TaiwanStockPrice_6751,True,2026-09-24T07:10:44,2026-09-24T07:10:44,2026-09-24T07:10:44
6751,智聯服務,2024-01-15,82.7,1.5,1.85%,3.09,22.17,46.35,55.62,64.89,74.16,83.43,92.7,ShowDailyK_ChartFlow,FinMind_API_TaiwanStockPrice_6751,True,2026-09-24T07:10:44,2026-09-24T07:10:44,2026-09-24T07:10:44
6751,智聯服務,2024-01-16,82.5,-0.20000000000000284,-0.24%,3.09,22.12,46.35,55.62,64.89,74.16,83.43,92.7,ShowDailyK_ChartFlow,FinMind_API_TaiwanStockPrice_6751,True,2026-09-24T07:10:44,2026-09-24T07:10:44,2026-09-24T07:10:44
6751,智聯服務,2024-01-17,81.0,-1.5,-1.82%,3.09,21.72,46.35,55.62,64.89,74.16,83.43,92.7,ShowDailyK_ChartFlow,FinMind_API_TaiwanStockPrice_6751,True,2026-09-24T07:10:44,2026-09-24T07:10:44,2026-09-24T07:10:44
6751,智聯服務,2024-01-18,81.0,0.0,0.00%,3.09,21.72,46.35,55.62,64.89,74.16,83.43,92.7,ShowDailyK_ChartFlow,FinMind_API_TaiwanStockPrice_6751,True,2026-09-24T07:10:44,2026-09-24T07:10:44,2026-09-24T07:10:44
6751,智聯服務,2024-01-19,80.1,-0.9000000000000057,-1.11%,3.09,21.47,46.35,55.62,64.89,74.16,83.43,92.7,ShowDailyK_ChartFlow,FinMind_API_TaiwanStockPrice_6751,True,2026-09-24T07:10:44,2026-09-24T07:10:44,2026-09-24T07:10:44
6751,智聯服務,2024-01-22,79.6,-0.5,-0.62%,3.09,21.34,46.35,55.62,64.89,74.16,83.43,92.7,ShowDailyK_ChartFlow,FinMind_API_TaiwanStockPrice_6751,True,2026-09-24T07:10:44,2026-09-24T07:10:44,2026-09-24T07:10:44
6751,智聯服務,2024-01-23,79.6,0.0,0.00%,3.09,21.34,46.35,55.62,64.89,74.16,83.43,92.7,ShowDailyK_ChartFlow,FinMind_API_TaiwanStockPrice_6751,True,2026-09-24T07:10:44,2026-09-24T07:10:44,2026-09-24T07:10:44
6751,智聯服務,2024-01-24,81.0,1.4000000000000057,1.76%,3.09,21.72,46.35,55.62,64.89,74.16,83.43,92.7,ShowDailyK_ChartFlow,FinMind_API_TaiwanStockPrice_6751,True,2026-09-24T07:10:44,2026-09-24T07:10:44,2026-09-24T07:10:44
6751,智聯服務,2024-01-25,80.0,-1.0,-1.23%,3.09,21.45,46.35,55.62,64.89,74.16,83.43,92.7,ShowDailyK_ChartFlow,FinMind_API_TaiwanStockPrice_6751,True,2026-09-24T07:10:44,2026-09-24T07:10:44,2026-09-24T07:10:44
6751,智聯服務,2024-01-26,79.5,-0.5,-0.62%,3.09,21.31,46.35,55.62,64.89,74.16,83.43,92.7,ShowDailyK_ChartFlow,FinMind_API_TaiwanStockPrice_6751,True,2026-09-24T07:10:44,2026-09-24T07:10:44,2026-09-24T07:10:44
6751,智聯服務,2024-01-29,79.6,0.09999999999999432,0.13%,3.09,21.34,46.35,55.62,64.89,74.16,83.43,92.7,ShowDailyK_ChartFlow,FinMind_API_TaiwanStockPrice_6751,True,2026-09-24T07:10:44,2026-09-24T07:10:44,2026-09-24T07:10:44
6751,智聯服務,2024-01-30,80.4,0.8000000000000114,1.01%,3.09,21.55,46.35,55.62,64.89,74.16,83.43,92.7,ShowDailyK_ChartFlow,FinMind_API_TaiwanStockPrice_6751,True,2026-09-24T07:10:44,2026-09-24T07:10:44,2026-09-24T07:10:44
6751,智聯服務,2024-01-31,79.6,-0.8000000000000114,-1.00%,3.09,21.34,46.35,55.62,64.89,74.16,83.43,92.7,ShowDailyK_ChartFlow,FinMind_API_TaiwanStockPrice_6751,True,2026-09-24T07:10:44,2026-09-24T07:10:44,2026-09-24T07:10:44
6751,智聯服務,2024-02-01,80.8,1.2000000000000028,1.51%,3.09,21.66,46.35,55.62,64.89,74.16,83.43,92.7,ShowDailyK_ChartFlow,FinMind_API_TaiwanStockPrice_6751,True,2026-09-24T07:10:44,2026-09-24T07:10:44,2026-09-24T07:10:44
6751,智聯服務,2024-02-02,80.1,-0.7000000000000028,-0.87%,3.09,21.47,46.35,55.62,64.89,74.16,83.43,92.7,ShowDailyK_ChartFlow,FinMind_API_TaiwanStockPrice_6751,True,2026-09-24T07:10:44,2026-09-24T07:10:44,2026-09-24T07:10:44
6751,智聯服務,2024-02-05,79.0,-1.0999999999999943,-1.37%,3.09,21.18,46.35,55.62,64.89,74.16,83.43,92.7,ShowDailyK_ChartFlow,FinMind_API_TaiwanStockPrice_6751,True,2026-09-24T07:10:44,2026-09-24T07:10:44,2026-09-24T07:10:44
6751,智聯服務,2024-02-15,79.9,0.9000000000000057,1.14%,3.09,21.42,46.35,55.62,64.89,74.16,83.43,92.7,ShowDailyK_ChartFlow,FinMind_API_TaiwanStockPrice_6751,True,2026-09-24T07:10:44,2026-09-24T07:10:44,2026-09-24T07:10:44
6751,智聯服務,2024-02-16,81.0,1.0999999999999943,1.38%,3.09,21.72,46.35,55.62,64.89,74.16,83.43,92.7,ShowDailyK_ChartFlow,FinMind_API_TaiwanStockPrice_6751,True,2026-09-24T07:10:44,2026-09-24T07:10:44,2026-09-24T07:10:44
6751,智聯服務,2024-02-19,81.1,0.09999999999999432,0.12%,3.09,21.74,46.35,55.62,64.89,74.16,83.43,92.7,ShowDailyK_ChartFlow,FinMind_API_TaiwanStockPrice_6751,True,2026-09-24T07:10:44,2026-09-24T07:10:44,2026-09-24T07:10:44
6751,智聯服務,2024-02-20,80.1,-1.0,-1.23%,3.09,21.47,46.35,55.62,64.89,74.16,83.43,92.7,ShowDailyK_ChartFlow,FinMind_API_TaiwanStockPrice_6751,True,2026-09-24T07:10:44,2026-09-24T07:10:44,2026-09-24T07:10:44
6751,智聯服務,2024-02-21,79.5,-0.5999999999999943,-0.75%,3.09,21.31,46.35,55.62,64.89,74.16,83.43,92.7,ShowDailyK_ChartFlow,FinMind_API_TaiwanStockPrice_6751,True,2026-09-24T07:10:44,2026-09-24T07:10:44,2026-09-24T07:10:44
6751,智聯服務,2024-02-22,79.9,0.4000000000000057,0.50%,3.09,21.42,46.35,55.62,64.89,74.16,83.43,92.7,ShowDailyK_ChartFlow,FinMind_API_TaiwanStockPrice_6751,True,2026-09-24T07:10:44,2026-09-24T07:10:44,2026-09-24T07:10:44
6751,智聯服務,2024-02-23,80.9,1.0,1.25%,3.09,21.69,46.35,55.62,64.89,74.16,83.43,92.7,ShowDailyK_ChartFlow,FinMind_API_TaiwanStockPrice_6751,True,2026-09-24T07:10:44,2026-09-24T07:10:44,2026-09-24T07:10:44
6751,智聯服務,2024-02-26,80.3,-0.6000000000000085,-0.74%,3.09,21.53,46.35,55.62,64.89,74.16,83.43,92.7,ShowDailyK_ChartFlow,FinMind_API_TaiwanStockPrice_6751,True,2026-09-24T07:10:44,2026-09-24T07:10:44,2026-09-24T07:10:44
6751,智聯服務,2024-02-27,80.5,0.20000000000000284,0.25%,3.09,21.58,46.35,55.62,64.89,74.16,83.43,92.7,ShowDailyK_ChartFlow,FinMind_API_TaiwanStockPrice_6751,True,2026-09-24T07:10:44,2026-09-24T07:10:44,2026-09-24T07:10:44
6751,智聯服務,2024-02-29,80.0,-0.5,-0.62%,3.09,21.45,46.35,55.62,64.89,74.16,83.43,92.7,ShowDailyK_ChartFlow,FinMind_API_TaiwanStockPrice_6751,True,2026-09-24T07:10:44,2026-09-24T07:10:44,2026-09-24T07:10:44
6751,智聯服務,2024-03-01,80.4,0.4000000000000057,0.50%,3.09,21.55,46.35,55.62,64.89,74.16,83.43,92.7,ShowDailyK_ChartFlow,FinMind_API_TaiwanStockPrice_6751,True,2026-09-24T07:10:44,2026-09-24T07:10:44,2026-09-24T07:10:44
6751,智聯服務,2024-03-04,80.0,-0.4000000000000057,-0.50%,3.09,21.45,46.35,55.62,64.89,74.16,83.43,92.7,ShowDailyK_ChartFlow,FinMind_API_TaiwanStockPrice_6751,True,2026-09-24T07:10:44,2026-09-24T07:10:44,2026-09-24T07:10:44
6751,智聯服務,2024-03-05,79.9,-0.09999999999999432,-0.12%,3.09,21.42,46.35,55.62,64.89,74.16,83.43,92.7,ShowDailyK_ChartFlow,FinMind_API_TaiwanStockPrice_6751,True,2026-09-24T07:10:44,2026-09-24T07:10:44,2026-09-24T07:10:44
6751,智聯服務,2024-03-06,79.0,-0.9000000000000057,-1.13%,3.09,21.18,46.35,55.62,64.89,74.16,83.43,92.7,ShowDailyK_ChartFlow,FinMind_API_TaiwanStockPrice_6751,True,2026-09-24T07:10:44,2026-09-24T07:10:44,2026-09-24T07:10:44
6751,智聯服務,2024-03-07,78.7,-0.29999999999999716,-0.38%,3.09,21.1,46.35,55.62,64.89,74.16,83.43,92.7,ShowDailyK_ChartFlow,FinMind_API_TaiwanStockPrice_6751,True,2026-09-24T07:10:44,2026-09-24T07:10:44,2026-09-24T07:10:44
6751,智聯服務,2024-03-08,77.7,-1.0,-1.27%,3.09,20.83,46.35,55.62,64.89,74.16,83.43,92.7,ShowDailyK_ChartFlow,FinMind_API_TaiwanStockPrice_6751,True,2026-09-24T07:10:44,2026-09-24T07:10:44,2026-09-24T07:10:44
6751,智聯服務,2024-03-11,77.7,0.0,0.00%,3.09,20.83,46.35,55.62,64.89,74.16,83.43,92.7,ShowDailyK_ChartFlow,FinMind_API_TaiwanStockPrice_6751,True,2026-09-24T07:10:44,2026-09-24T07:10:44,2026-09-24T07:10:44
6751,智聯服務,2024-03-12,79.0,1.2999999999999972,1.67%,3.09,21.18,46.35,55.62,64.89,74.16,83.43,92.7,ShowDailyK_ChartFlow,FinMind_API_TaiwanStockPrice_6751,True,2026-09-24T07:10:44,2026-09-24T07:10:44,2026-09-24T07:10:44
6751,智聯服務,2024-03-13,76.7,-2.299999999999997,-2.91%,3.09,24.98,46.35,55.62,64.89,74.16,83.43,92.7,ShowDailyK_ChartFlow,FinMind_API_TaiwanStockPrice_6751,True,2026-09-24T07:10:44,2026-09-24T07:10:44,2026-09-24T07:10:44
6751,智聯服務,2024-03-14,75.2,-1.5,-1.96%,3.09,24.5,46.35,55.62,64.89,74.16,83.43,92.7,ShowDailyK_ChartFlow,FinMind_API_TaiwanStockPrice_6751,True,2026-09-24T07:10:44,2026-09-24T07:10:44,2026-09-24T07:10:44
6751,智聯服務,2024-03-15,74.9,-0.29999999999999716,-0.40%,3.09,24.4,46.35,55.62,64.89,74.16,83.43,92.7,ShowDailyK_ChartFlow,FinMind_API_TaiwanStockPrice_6751,True,2026-09-24T07:10:44,2026-09-24T07:10:44,2026-09-24T07:10:44
6751,智聯服務,2024-03-18,74.7,-0.20000000000000284,-0.27%,3.09,24.33,46.35,55.62,64.89,74.16,83.43,92.7,ShowDailyK_ChartFlow,FinMind_API_TaiwanStockPrice_6751,True,2026-09-24T07:10:44,2026-09-24T07:10:44,2026-09-24T07:10:44
6751,智聯服務,2024-03-19,74.6,-0.10000000000000853,-0.13%,3.09,24.3,46.35,55.62,64.89,74.16,83.43,92.7,ShowDailyK_ChartFlow,FinMind_API_TaiwanStockPrice_6751,True,2026-09-24T07:10:44,2026-09-24T07:10:44,2026-09-24T07:10:44
6751,智聯服務,2024-03-20,74.8,0.20000000000000284,0.27%,3.09,24.36,46.35,55.62,64.89,74.16,83.43,92.7,ShowDailyK_ChartFlow,FinMind_API_TaiwanStockPrice_6751,True,2026-09-24T07:10:44,2026-09-24T07:10:44,2026-09-24T07:10:44
6751,智聯服務,2024-03-21,75.0,0.20000000000000284,0.27%,3.09,24.43,46.35,55.62,64.89,74.16,83.43,92.7,ShowDailyK_ChartFlow,FinMind_API_TaiwanStockPrice_6751,True,2026-09-24T07:10:44,2026-09-24T07:10:44,2026-09-24T07:10:44
6751,智聯服務,2024-03-22,74.2,-0.7999999999999972,-1.07%,3.09,24.17,46.35,55.62,64.89,74.16,83.43,92.7,ShowDailyK_ChartFlow,FinMind_API_TaiwanStockPrice_6751,True,2026-09-24T07:10:44,2026-09-24T07:10:44,2026-09-24T07:10:44
6751,智聯服務,2024-03-25,74.0,-0.20000000000000284,-0.27%,3.09,24.1,46.35,55.62,64.89,74.16,83.43,92.7,ShowDailyK_ChartFlow,FinMind_API_TaiwanStockPrice_6751,True,2026-09-24T07:10:44,2026-09-24T07:10:44,2026-09-24T07:10:44
6751,智聯服務,2024-03-26,72.8,-1.2000000000000028,-1.62%,3.09,23.71,46.35,55.62,64.89,74.16,83.43,92.7,ShowDailyK_ChartFlow,FinMind_API_TaiwanStockPrice_6751,True,2026-09-24T07:10:44,2026-09-24T07:10:44,2026-09-24T07:10:44
6751,智聯服務,2024-03-27,72.0,-0.7999999999999972,-1.10%,3.09,23.45,46.35,55.62,64.89,74.16,83.43,92.7,ShowDailyK_ChartFlow,FinMind_API_TaiwanStockPrice_6751,True,2026-09-24T07:10:44,2026-09-24T07:10:44,2026-09-24T07:10:44
6751,智聯服務,2024-03-28,72.0,0.0,0.00%,3.09,23.45,46.35,55.62,64.89,74.16,83.43,92.7,ShowDailyK_ChartFlow,FinMind_API_TaiwanStockPrice_6751,True,2026-09-24T07:10:44,2026-09-24T07:10:44,2026-09-24T07:10:44
6751,智聯服務,2024-03-29,71.2,-0.7999999999999972,-1.11%,3.09,23.19,46.35,55.62,64.89,74.16,83.43,92.7,ShowDailyK_ChartFlow,FinMind_API_TaiwanStockPrice_6751,True,2026-09-24T07:10:44,2026-09-24T07:10:44,2026-09-24T07:10:44
6751,智聯服務,2024-04-01,74.9,3.700000000000003,5.20%,2.02,24.4,30.3,36.36,42.42,48.48,54.54,60.6,ShowDailyK_ChartFlow,FinMind_API_TaiwanStockPrice_6751,True,2026-09-24T07:10:44,2026-09-24T07:10:44,2026-09-24T07:10:44
6751,智聯服務,2024-04-02,72.9,-2.0,-2.67%,2.02,23.75,30.3,36.36,42.42,48.48,54.54,60.6,ShowDailyK_ChartFlow,FinMind_API_TaiwanStockPrice_6751,True,2026-09-24T07:10:44,2026-09-24T07:10:44,2026-09-24T07:10:44
6751,智聯服務,2024-04-03,71.5,-1.4000000000000057,-1.92%,2.02,23.29,30.3,36.36,42.42,48.48,54.54,60.6,ShowDailyK_ChartFlow,FinMind_API_TaiwanStockPrice_6751,True,2026-09-24T07:10:44,2026-09-24T07:10:44,2026-09-24T07:10:44
6751,智聯服務,2024-04-08,71.2,-0.29999999999999716,-0.42%,2.02,23.19,30.3,36.36,42.42,48.48,54.54,60.6,ShowDailyK_ChartFlow,FinMind_API_TaiwanStockPrice_6751,True,2026-09-24T07:10:44,2026-09-24T07:10:44,2026-09-24T07:10:44
6751,智聯服務,2024-04-09,71.0,-0.20000000000000284,-0.28%,2.02,23.13,30.3,36.36,42.42,48.48,54.54,60.6,ShowDailyK_ChartFlow,FinMind_API_TaiwanStockPrice_6751,True,2026-09-24T07:10:44,2026-09-24T07:10:44,2026-09-24T07:10:44
6751,智聯服務,2024-04-10,71.7,0.7000000000000028,0.99%,2.02,23.36,30.3,36.36,42.42,48.48,54.54,60.6,ShowDailyK_ChartFlow,FinMind_API_TaiwanStockPrice_6751,True,2026-09-24T07:10:44,2026-09-24T07:10:44,2026-09-24T07:10:44
6751,智聯服務,2024-04-11,71.2,-0.5,-0.70%,2.02,23.19,30.3,36.36,42.42,48.48,54.54,60.6,ShowDailyK_ChartFlow,FinMind_API_TaiwanStockPrice_6751,True,2026-09-24T07:10:44,2026-09-24T07:10:44,2026-09-24T07:10:44
6751,智聯服務,2024-04-12,70.9,-0.29999999999999716,-0.42%,2.02,23.09,30.3,36.36,42.42,48.48,54.54,60.6,ShowDailyK_ChartFlow,FinMind_API_TaiwanStockPrice_6751,True,2026-09-24T07:10:44,2026-09-24T07:10:44,2026-09-24T07:10:44
6751,智聯服務,2024-04-15,70.1,-0.8000000000000114,-1.13%,2.02,22.83,30.3,36.36,42.42,48.48,54.54,60.6,ShowDailyK_ChartFlow,FinMind_API_TaiwanStockPrice_6751,True,2026-09-24T07:10:44,2026-09-24T07:10:44,2026-09-24T07:10:44
6751,智聯服務,2024-04-16,67.1,-3.0,-4.28%,2.02,21.86,30.3,36.36,42.42,48.48,54.54,60.6,ShowDailyK_ChartFlow,FinMind_API_TaiwanStockPrice_6751,True,2026-09-24T07:10:44,2026-09-24T07:10:44,2026-09-24T07:10:44
6751,智聯服務,2024-04-17,68.3,1.2000000000000028,1.79%,2.02,22.25,30.3,36.36,42.42,48.48,54.54,60.6,ShowDailyK_ChartFlow,FinMind_API_TaiwanStockPrice_6751,True,2026-09-24T07:10:44,2026-09-24T07:10:44,2026-09-24T07:10:44
6751,智聯服務,2024-04-18,67.4,-0.8999999999999915,-1.32%,2.02,21.95,30.3,36.36,42.42,48.48,54.54,60.6,ShowDailyK_ChartFlow,FinMind_API_TaiwanStockPrice_6751,True,2026-09-24T07:10:44,2026-09-24T07:10:44,2026-09-24T07:10:44
6751,智聯服務,2024-04-19,65.8,-1.6000000000000085,-2.37%,2.02,21.43,30.3,36.36,42.42,48.48,54.54,60.6,ShowDailyK_ChartFlow,FinMind_API_TaiwanStockPrice_6751,True,2026-09-24T07:10:44,2026-09-24T07:10:44,2026-09-24T07:10:44
6751,智聯服務,2024-04-22,64.5,-1.2999999999999972,-1.98%,2.02,21.01,30.3,36.36,42.42,48.48,54.54,60.6,ShowDailyK_ChartFlow,FinMind_API_TaiwanStockPrice_6751,True,2026-09-24T07:10:44,2026-09-24T07:10:44,2026-09-24T07:10:44
6751,智聯服務,2024-04-23,64.6,0.09999999999999432,0.16%,2.02,21.04,30.3,36.36,42.42,48.48,54.54,60.6,ShowDailyK_ChartFlow,FinMind_API_TaiwanStockPrice_6751,True,2026-09-24T07:10:44,2026-09-24T07:10:44,2026-09-24T07:10:44
6751,智聯服務,2024-04-24,65.8,1.2000000000000028,1.86%,2.02,21.43,30.3,36.36,42.42,48.48,54.54,60.6,ShowDailyK_ChartFlow,FinMind_API_TaiwanStockPrice_6751,True,2026-09-24T07:10:44,2026-09-24T07:10:44,2026-09-24T07:10:44
6751,智聯服務,2024-04-25,64.2,-1.5999999999999943,-2.43%,2.02,20.91,30.3,36.36,42.42,48.48,54.54,60.6,ShowDailyK_ChartFlow,FinMind_API_TaiwanStockPrice_6751,True,2026-09-24T07:10:44,2026-09-24T07:10:44,2026-09-24T07:10:44
6751,智聯服務,2024-04-26,64.4,0.20000000000000284,0.31%,2.02,20.98,30.3,36.36,42.42,48.48,54.54,60.6,ShowDailyK_ChartFlow,FinMind_API_TaiwanStockPrice_6751,True,2026-09-24T07:10:44,2026-09-24T07:10:44,2026-09-24T07:10:44
6751,智聯服務,2024-04-29,65.0,0.5999999999999943,0.93%,2.02,21.17,30.3,36.36,42.42,48.48,54.54,60.6,ShowDailyK_ChartFlow,FinMind_API_TaiwanStockPrice_6751,True,2026-09-24T07:10:44,2026-09-24T07:10:44,2026-09-24T07:10:44
6751,智聯服務,2024-04-30,64.5,-0.5,-0.77%,2.02,21.01,30.3,36.36,42.42,48.48,54.54,60.6,ShowDailyK_ChartFlow,FinMind_API_TaiwanStockPrice_6751,True,2026-09-24T07:10:44,2026-09-24T07:10:44,2026-09-24T07:10:44
6751,智聯服務,2024-05-02,65.8,1.2999999999999972,2.02%,2.02,21.43,30.3,36.36,42.42,48.48,54.54,60.6,ShowDailyK_ChartFlow,FinMind_API_TaiwanStockPrice_6751,True,2026-09-24T07:10:44,2026-09-24T07:10:44,2026-09-24T07:10:44
6751,智聯服務,2024-05-03,67.3,1.5,2.28%,2.02,21.92,30.3,36.36,42.42,48.48,54.54,60.6,ShowDailyK_ChartFlow,FinMind_API_TaiwanStockPrice_6751,True,2026-09-24T07:10:44,2026-09-24T07:10:44,2026-09-24T07:10:44
6751,智聯服務,2024-05-06,68.8,1.5,2.23%,2.02,22.41,30.3,36.36,42.42,48.48,54.54,60.6,ShowDailyK_ChartFlow,FinMind_API_TaiwanStockPrice_6751,True,2026-09-24T07:10:44,2026-09-24T07:10:44,2026-09-24T07:10:44
6751,智聯服務,2024-05-07,68.3,-0.5,-0.73%,2.02,22.25,30.3,36.36,42.42,48.48,54.54,60.6,ShowDailyK_ChartFlow,FinMind_API_TaiwanStockPrice_6751,True,2026-09-24T07:10:44,2026-09-24T07:10:44,2026-09-24T07:10:44
6751,智聯服務,2024-05-08,65.5,-2.799999999999997,-4.10%,2.02,33.76,30.3,36.36,42.42,48.48,54.54,60.6,ShowDailyK_ChartFlow,FinMind_API_TaiwanStockPrice_6751,True,2026-09-24T07:10:44,2026-09-24T07:10:44,2026-09-24T07:10:44
6751,智聯服務,2024-05-09,65.5,0.0,0.00%,2.02,33.76,30.3,36.36,42.42,48.48,54.54,60.6,ShowDailyK_ChartFlow,FinMind_API_TaiwanStockPrice_6751,True,2026-09-24T07:10:44,2026-09-24T07:10:44,2026-09-24T07:10:44
6751,智聯服務,2024-05-10,63.8,-1.7000000000000028,-2.60%,2.02,32.89,30.3,36.36,42.42,48.48,54.54,60.6,ShowDailyK_ChartFlow,FinMind_API_TaiwanStockPrice_6751,True,2026-09-24T07:10:44,2026-09-24T07:10:44,2026-09-24T07:10:44
6751,智聯服務,2024-05-13,62.1,-1.6999999999999957,-2.66%,2.02,32.01,30.3,36.36,42.42,48.48,54.54,60.6,ShowDailyK_ChartFlow,FinMind_API_TaiwanStockPrice_6751,True,2026-09-24T07:10:44,2026-09-24T07:10:44,2026-09-24T07:10:44
6751,智聯服務,2024-05-14,62.0,-0.10000000000000142,-0.16%,2.02,31.96,30.3,36.36,42.42,48.48,54.54,60.6,ShowDailyK_ChartFlow,FinMind_API_TaiwanStockPrice_6751,True,2026-09-24T07:10:44,2026-09-24T07:10:44,2026-09-24T07:10:44
6751,智聯服務,2024-05-15,61.9,-0.10000000000000142,-0.16%,2.02,31.91,30.3,36.36,42.42,48.48,54.54,60.6,ShowDailyK_ChartFlow,FinMind_API_TaiwanStockPrice_6751,True,2026-09-24T07:10:44,2026-09-24T07:10:44,2026-09-24T07:10:44
6751,智聯服務,2024-05-16,64.5,2.6000000000000014,4.20%,2.02,33.25,30.3,36.36,42.42,48.48,54.54,60.6,ShowDailyK_ChartFlow,FinMind_API_TaiwanStockPrice_6751,True,2026-09-24T07:10:44,2026-09-24T07:10:44,2026-09-24T07:10:44
6751,智聯服務,2024-05-17,64.5,0.0,0.00%,2.02,33.25,30.3,36.36,42.42,48.48,54.54,60.6,ShowDailyK_ChartFlow,FinMind_API_TaiwanStockPrice_6751,True,2026-09-24T07:10:44,2026-09-24T07:10:44,2026-09-24T07:10:44
6751,智聯服務,2024-05-20,0.0,-64.5,-100.00%,2.02,33.25,30.3,36.36,42.42,48.48,54.54,60.6,ShowDailyK_ChartFlow,FinMind_API_TaiwanStockPrice_6751,True,2026-09-24T07:10:44,2026-09-24T07:10:44,2026-09-24T07:10:44
6751,智聯服務,2024-05-21,64.5,64.5,,2.02,33.25,30.3,36.36,42.42,48.48,54.54,60.6,ShowDailyK_ChartFlow,FinMind_API_TaiwanStockPrice_6751,True,2026-09-24T07:10:44,2026-09-24T07:10:44,2026-09-24T07:10:44
6751,智聯服務,2024-05-22,64.3,-0.20000000000000284,-0.31%,2.02,33.14,30.3,36.36,42.42,48.48,54.54,60.6,ShowDailyK_ChartFlow,FinMind_API_TaiwanStockPrice_6751,True,2026-09-24T07:10:44,2026-09-24T07:10:44,2026-09-24T07:10:44
6751,智聯服務,2024-05-23,63.8,-0.5,-0.78%,2.02,32.89,30.3,36.36,42.42,48.48,54.54,60.6,ShowDailyK_ChartFlow,FinMind_API_TaiwanStockPrice_6751,True,2026-09-24T07:10:44,2026-09-24T07:10:44,2026-09-24T07:10:44
6751,智聯服務,2024-05-24,63.2,-0.5999999999999943,-0.94%,2.02,32.58,30.3,36.36,42.42,48.48,54.54,60.6,ShowDailyK_ChartFlow,FinMind_API_TaiwanStockPrice_6751,True,2026-09-24T07:10:44,2026-09-24T07:10:44,2026-09-24T07:10:44
6751,智聯服務,2024-05-27,63.5,0.29999999999999716,0.47%,2.02,32.73,30.3,36.36,42.42,48.48,54.54,60.6,ShowDailyK_ChartFlow,FinMind_API_TaiwanStockPrice_6751,True,2026-09-24T07:10:44,2026-09-24T07:10:44,2026-09-24T07:10:44
6751,智聯服務,2024-05-28,63.3,-0.20000000000000284,-0.31%,2.02,32.63,30.3,36.36,42.42,48.48,54.54,60.6,ShowDailyK_ChartFlow,FinMind_API_TaiwanStockPrice_6751,True,2026-09-24T07:10:44,2026-09-24T07:10:44,2026-09-24T07:10:44
6751,智聯服務,2024-05-29,63.0,-0.29999999999999716,-0.47%,2.02,32.47,30.3,36.36,42.42,48.48,54.54,60.6,ShowDailyK_ChartFlow,FinMind_API_TaiwanStockPrice_6751,True,2026-09-24T07:10:44,2026-09-24T07:10:44,2026-09-24T07:10:44
6751,智聯服務,2024-05-30,62.0,-1.0,-1.59%,2.02,31.96,30.3,36.36,42.42,48.48,54.54,60.6,ShowDailyK_ChartFlow,FinMind_API_TaiwanStockPrice_6751,True,2026-09-24T07:10:44,2026-09-24T07:10:44,2026-09-24T07:10:44
6751,智聯服務,2024-05-31,63.8,1.7999999999999972,2.90%,2.02,32.89,30.3,36.36,42.42,48.48,54.54,60.6,ShowDailyK_ChartFlow,FinMind_API_TaiwanStockPrice_6751,True,2026-09-24T07:10:44,2026-09-24T07:10:44,2026-09-24T07:10:44
6751,智聯服務,2024-06-03,64.0,0.20000000000000284,0.31%,2.02,32.99,30.3,36.36,42.42,48.48,54.54,60.6,ShowDailyK_ChartFlow,FinMind_API_TaiwanStockPrice_6751,True,2026-09-24T07:10:44,2026-09-24T07:10:44,2026-09-24T07:10:44
6751,智聯服務,2024-06-04,64.0,0.0,0.00%,2.02,32.99,30.3,36.36,42.42,48.48,54.54,60.6,ShowDailyK_ChartFlow,FinMind_API_TaiwanStockPrice_6751,True,2026-09-24T07:10:44,2026-09-24T07:10:44,2026-09-24T07:10:44
6751,智聯服務,2024-06-05,64.1,0.09999999999999432,0.16%,2.02,33.04,30.3,36.36,42.42,48.48,54.54,60.6,ShowDailyK_ChartFlow,FinMind_API_TaiwanStockPrice_6751,True,2026-09-24T07:10:44,2026-09-24T07:10:44,2026-09-24T07:10:44
6751,智聯服務,2024-06-06,63.8,-0.29999999999999716,-0.47%,2.02,32.89,30.3,36.36,42.42,48.48,54.54,60.6,ShowDailyK_ChartFlow,FinMind_API_TaiwanStockPrice_6751,True,2026-09-24T07:10:44,2026-09-24T07:10:44,2026-09-24T07:10:44
6751,智聯服務,2024-06-07,70.1,6.299999999999997,9.87%,2.02,36.13,30.3,36.36,42.42,48.48,54.54,60.6,ShowDailyK_ChartFlow,FinMind_API_TaiwanStockPrice_6751,True,2026-09-24T07:10:44,2026-09-24T07:10:44,2026-09-24T07:10:44
6751,智聯服務,2024-06-11,77.1,7.0,9.99%,2.02,39.74,30.3,36.36,42.42,48.48,54.54,60.6,ShowDailyK_ChartFlow,FinMind_API_TaiwanStockPrice_6751,True,2026-09-24T07:10:44,2026-09-24T07:10:44,2026-09-24T07:10:44
6751,智聯服務,2024-06-12,76.1,-1.0,-1.30%,2.02,39.23,30.3,36.36,42.42,48.48,54.54,60.6,ShowDailyK_ChartFlow,FinMind_API_TaiwanStockPrice_6751,True,2026-09-24T07:10:44,2026-09-24T07:10:44,2026-09-24T07:10:44
6751,智聯服務,2024-06-13,73.3,-2.799999999999997,-3.68%,2.02,37.78,30.3,36.36,42.42,48.48,54.54,60.6,ShowDailyK_ChartFlow,FinMind_API_TaiwanStockPrice_6751,True,2026-09-24T07:10:44,2026-09-24T07:10:44,2026-09-24T07:10:44
6751,智聯服務,2024-06-14,73.6,0.29999999999999716,0.41%,2.02,37.94,30.3,36.36,42.42,48.48,54.54,60.6,ShowDailyK_ChartFlow,FinMind_API_TaiwanStockPrice_6751,True,2026-09-24T07:10:44,2026-09-24T07:10:44,2026-09-24T07:10:44
6751,智聯服務,2024-06-17,70.8,-2.799999999999997,-3.80%,2.02,36.49,30.3,36.36,42.42,48.48,54.54,60.6,ShowDailyK_ChartFlow,FinMind_API_TaiwanStockPrice_6751,True,2026-09-24T07:10:44,2026-09-24T07:10:44,2026-09-24T07:10:44
6751,智聯服務,2024-06-18,73.6,2.799999999999997,3.95%,2.02,37.94,30.3,36.36,42.42,48.48,54.54,60.6,ShowDailyK_ChartFlow,FinMind_API_TaiwanStockPrice_6751,True,2026-09-24T07:10:44,2026-09-24T07:10:44,2026-09-24T07:10:44
6751,智聯服務,2024-06-19,73.3,-0.29999999999999716,-0.41%,2.02,37.78,30.3,36.36,42.42,48.48,54.54,60.6,ShowDailyK_ChartFlow,FinMind_API_TaiwanStockPrice_6751,True,2026-09-24T07:10:44,2026-09-24T07:10:44,2026-09-24T07:10:44
6751,智聯服務,2024-06-20,72.0,-1.2999999999999972,-1.77%,2.02,37.11,30.3,36.36,42.42,48.48,54.54,60.6,ShowDailyK_ChartFlow,FinMind_API_TaiwanStockPrice_6751,True,2026-09-24T07:10:44,2026-09-24T07:10:44,2026-09-24T07:10:44
6751,智聯服務,2024-06-21,72.0,0.0,0.00%,2.02,37.11,30.3,36.36,42.42,48.48,54.54,60.6,ShowDailyK_ChartFlow,FinMind_API_TaiwanStockPrice_6751,True,2026-09-24T07:10:44,2026-09-24T07:10:44,2026-09-24T07:10:44
6751,智聯服務,2024-06-24,71.1,-0.9000000000000057,-1.25%,2.02,36.65,30.3,36.36,42.42,48.48,54.54,60.6,ShowDailyK_ChartFlow,FinMind_API_TaiwanStockPrice_6751,True,2026-09-24T07:10:44,2026-09-24T07:10:44,2026-09-24T07:10:44
6751,智聯服務,2024-06-25,70.1,-1.0,-1.41%,2.02,36.13,30.3,36.36,42.42,48.48,54.54,60.6,ShowDailyK_ChartFlow,FinMind_API_TaiwanStockPrice_6751,True,2026-09-24T07:10:44,2026-09-24T07:10:44,2026-09-24T07:10:44
6751,智聯服務,2024-06-26,70.5,0.4000000000000057,0.57%,2.02,36.34,30.3,36.36,42.42,48.48,54.54,60.6,ShowDailyK_ChartFlow,FinMind_API_TaiwanStockPrice_6751,True,2026-09-24T07:10:44,2026-09-24T07:10:44,2026-09-24T07:10:44
6751,智聯服務,2024-06-27,70.1,-0.4000000000000057,-0.57%,2.02,36.13,30.3,36.36,42.42,48.48,54.54,60.6,ShowDailyK_ChartFlow,FinMind_API_TaiwanStockPrice_6751,True,2026-09-24T07:10:44,2026-09-24T07:10:44,2026-09-24T07:10:44
6751,智聯服務,2024-06-28,70.0,-0.09999999999999432,-0.14%,2.02,36.08,30.3,36.36,42.42,48.48,54.54,60.6,ShowDailyK_ChartFlow,FinMind_API_TaiwanStockPrice_6751,True,2026-09-24T07:10:44,2026-09-24T07:10:44,2026-09-24T07:10:44
6751,智聯服務,2024-07-01,74.8,4.799999999999997,6.86%,1.94,38.56,29.1,34.92,40.74,46.56,52.38,58.2,ShowDailyK_ChartFlow,FinMind_API_TaiwanStockPrice_6751,True,2026-09-24T07:10:44,2026-09-24T07:10:44,2026-09-24T07:10:44
6751,智聯服務,2024-07-02,72.2,-2.5999999999999943,-3.48%,1.94,37.22,29.1,34.92,40.74,46.56,52.38,58.2,ShowDailyK_ChartFlow,FinMind_API_TaiwanStockPrice_6751,True,2026-09-24T07:10:44,2026-09-24T07:10:44,2026-09-24T07:10:44
6751,智聯服務,2024-07-03,72.2,0.0,0.00%,1.94,37.22,29.1,34.92,40.74,46.56,52.38,58.2,ShowDailyK_ChartFlow,FinMind_API_TaiwanStockPrice_6751,True,2026-09-24T07:10:44,2026-09-24T07:10:44,2026-09-24T07:10:44
6751,智聯服務,2024-07-04,70.6,-1.6000000000000085,-2.22%,1.94,36.39,29.1,34.92,40.74,46.56,52.38,58.2,ShowDailyK_ChartFlow,FinMind_API_TaiwanStockPrice_6751,True,2026-09-24T07:10:44,2026-09-24T07:10:44,2026-09-24T07:10:44
6751,智聯服務,2024-07-05,71.3,0.7000000000000028,0.99%,1.94,36.75,29.1,34.92,40.74,46.56,52.38,58.2,ShowDailyK_ChartFlow,FinMind_API_TaiwanStockPrice_6751,True,2026-09-24T07:10:44,2026-09-24T07:10:44,2026-09-24T07:10:44
6751,智聯服務,2024-07-08,72.2,0.9000000000000057,1.26%,1.94,37.22,29.1,34.92,40.74,46.56,52.38,58.2,ShowDailyK_ChartFlow,FinMind_API_TaiwanStockPrice_6751,True,2026-09-24T07:10:44,2026-09-24T07:10:44,2026-09-24T07:10:44
6751,智聯服務,2024-07-09,76.5,4.299999999999997,5.96%,1.94,39.43,29.1,34.92,40.74,46.56,52.38,58.2,ShowDailyK_ChartFlow,FinMind_API_TaiwanStockPrice_6751,True,2026-09-24T07:10:44,2026-09-24T07:10:44,2026-09-24T07:10:44
6751,智聯服務,2024-07-10,75.5,-1.0,-1.31%,1.94,38.92,29.1,34.92,40.74,46.56,52.38,58.2,ShowDailyK_ChartFlow,FinMind_API_TaiwanStockPrice_6751,True,2026-09-24T07:10:44,2026-09-24T07:10:44,2026-09-24T07:10:44
6751,智聯服務,2024-07-11,74.3,-1.2000000000000028,-1.59%,1.94,38.3,29.1,34.92,40.74,46.56,52.38,58.2,ShowDailyK_ChartFlow,FinMind_API_TaiwanStockPrice_6751,True,2026-09-24T07:10:44,2026-09-24T07:10:44,2026-09-24T07:10:44
6751,智聯服務,2024-07-12,73.5,-0.7999999999999972,-1.08%,1.94,37.89,29.1,34.92,40.74,46.56,52.38,58.2,ShowDailyK_ChartFlow,FinMind_API_TaiwanStockPrice_6751,True,2026-09-24T07:10:44,2026-09-24T07:10:44,2026-09-24T07:10:44
6751,智聯服務,2024-07-15,74.0,0.5,0.68%,1.94,38.14,29.1,34.92,40.74,46.56,52.38,58.2,ShowDailyK_ChartFlow,FinMind_API_TaiwanStockPrice_6751,True,2026-09-24T07:10:44,2026-09-24T07:10:44,2026-09-24T07:10:44
6751,智聯服務,2024-07-16,74.1,0.09999999999999432,0.14%,1.94,38.2,29.1,34.92,40.74,46.56,52.38,58.2,ShowDailyK_ChartFlow,FinMind_API_TaiwanStockPrice_6751,True,2026-09-24T07:10:44,2026-09-24T07:10:44,2026-09-24T07:10:44
6751,智聯服務,2024-07-17,74.5,0.4000000000000057,0.54%,1.94,38.4,29.1,34.92,40.74,46.56,52.38,58.2,ShowDailyK_ChartFlow,FinMind_API_TaiwanStockPrice_6751,True,2026-09-24T07:10:44,2026-09-24T07:10:44,2026-09-24T07:10:44
6751,智聯服務,2024-07-18,72.5,-2.0,-2.68%,1.94,37.37,29.1,34.92,40.74,46.56,52.38,58.2,ShowDailyK_ChartFlow,FinMind_API_TaiwanStockPrice_6751,True,2026-09-24T07:10:44,2026-09-24T07:10:44,2026-09-24T07:10:44
6751,智聯服務,2024-07-19,69.9,-2.5999999999999943,-3.59%,1.94,36.03,29.1,34.92,40.74,46.56,52.38,58.2,ShowDailyK_ChartFlow,FinMind_API_TaiwanStockPrice_6751,True,2026-09-24T07:10:44,2026-09-24T07:10:44,2026-09-24T07:10:44
6751,智聯服務,2024-07-22,67.7,-2.200000000000003,-3.15%,1.94,34.9,29.1,34.92,40.74,46.56,52.38,58.2,ShowDailyK_ChartFlow,FinMind_API_TaiwanStockPrice_6751,True,2026-09-24T07:10:44,2026-09-24T07:10:44,2026-09-24T07:10:44
6751,智聯服務,2024-07-23,67.6,-0.10000000000000853,-0.15%,1.94,34.85,29.1,34.92,40.74,46.56,52.38,58.2,ShowDailyK_ChartFlow,FinMind_API_TaiwanStockPrice_6751,True,2026-09-24T07:10:44,2026-09-24T07:10:44,2026-09-24T07:10:44
6751,智聯服務,2024-07-26,67.0,-0.5999999999999943,-0.89%,1.94,34.54,29.1,34.92,40.74,46.56,52.38,58.2,ShowDailyK_ChartFlow,FinMind_API_TaiwanStockPrice_6751,True,2026-09-24T07:10:44,2026-09-24T07:10:44,2026-09-24T07:10:44
6751,智聯服務,2024-07-29,67.0,0.0,0.00%,1.94,34.54,29.1,34.92,40.74,46.56,52.38,58.2,ShowDailyK_ChartFlow,FinMind_API_TaiwanStockPrice_6751,True,2026-09-24T07:10:44,2026-09-24T07:10:44,2026-09-24T07:10:44
6751,智聯服務,2024-07-30,68.0,1.0,1.49%,1.94,35.05,29.1,34.92,40.74,46.56,52.38,58.2,ShowDailyK_ChartFlow,FinMind_API_TaiwanStockPrice_6751,True,2026-09-24T07:10:44,2026-09-24T07:10:44,2026-09-24T07:10:44
6751,智聯服務,2024-07-31,67.0,-1.0,-1.47%,1.94,34.54,29.1,34.92,40.74,46.56,52.38,58.2,ShowDailyK_ChartFlow,FinMind_API_TaiwanStockPrice_6751,True,2026-09-24T07:10:44,2026-09-24T07:10:44,2026-09-24T07:10:44
6751,智聯服務,2024-08-01,67.5,0.5,0.75%,1.94,34.79,29.1,34.92,40.74,46.56,52.38,58.2,ShowDailyK_ChartFlow,FinMind_API_TaiwanStockPrice_6751,True,2026-09-24T07:10:44,2026-09-24T07:10:44,2026-09-24T07:10:44
6751,智聯服務,2024-08-02,66.5,-1.0,-1.48%,1.94,34.28,29.1,34.92,40.74,46.56,52.38,58.2,ShowDailyK_ChartFlow,FinMind_API_TaiwanStockPrice_6751,True,2026-09-24T07:10:44,2026-09-24T07:10:44,2026-09-24T07:10:44
6751,智聯服務,2024-08-05,59.9,-6.600000000000001,-9.92%,1.94,30.88,29.1,34.92,40.74,46.56,52.38,58.2,ShowDailyK_ChartFlow,FinMind_API_TaiwanStockPrice_6751,True,2026-09-24T07:10:44,2026-09-24T07:10:44,2026-09-24T07:10:44
6751,智聯服務,2024-08-06,55.4,-4.5,-7.51%,1.94,28.56,29.1,34.92,40.74,46.56,52.38,58.2,ShowDailyK_ChartFlow,FinMind_API_TaiwanStockPrice_6751,True,2026-09-24T07:10:44,2026-09-24T07:10:44,2026-09-24T07:10:44
6751,智聯服務,2024-08-07,57.2,1.8000000000000043,3.25%,1.94,29.48,29.1,34.92,40.74,46.56,52.38,58.2,ShowDailyK_ChartFlow,FinMind_API_TaiwanStockPrice_6751,True,2026-09-24T07:10:44,2026-09-24T07:10:44,2026-09-24T07:10:44
6751,智聯服務,2024-08-08,56.6,-0.6000000000000014,-1.05%,1.94,29.18,29.1,34.92,40.74,46.56,52.38,58.2,ShowDailyK_ChartFlow,FinMind_API_TaiwanStockPrice_6751,True,2026-09-24T07:10:44,2026-09-24T07:10:44,2026-09-24T07:10:44
6751,智聯服務,2024-08-09,56.4,-0.20000000000000284,-0.35%,1.94,29.07,29.1,34.92,40.74,46.56,52.38,58.2,ShowDailyK_ChartFlow,FinMind_API_TaiwanStockPrice_6751,True,2026-09-24T07:10:44,2026-09-24T07:10:44,2026-09-24T07:10:44
6751,智聯服務,2024-08-12,56.9,0.5,0.89%,1.94,29.33,29.1,34.92,40.74,46.56,52.38,58.2,ShowDailyK_ChartFlow,FinMind_API_TaiwanStockPrice_6751,True,2026-09-24T07:10:44,2026-09-24T07:10:44,2026-09-24T07:10:44
6751,智聯服務,2024-08-13,57.5,0.6000000000000014,1.05%,1.94,29.64,29.1,34.92,40.74,46.56,52.38,58.2,ShowDailyK_ChartFlow,FinMind_API_TaiwanStockPrice_6751,True,2026-09-24T07:10:44,2026-09-24T07:10:44,2026-09-24T07:10:44
6751,智聯服務,2024-08-14,0.0,-57.5,-100.00%,1.94,29.64,29.1,34.92,40.74,46.56,52.38,58.2,ShowDailyK_ChartFlow,FinMind_API_TaiwanStockPrice_6751,True,2026-09-24T07:10:44,2026-09-24T07:10:44,2026-09-24T07:10:44
6751,智聯服務,2024-08-15,56.1,56.1,,1.94,28.92,29.1,34.92,40.74,46.56,52.38,58.2,ShowDailyK_ChartFlow,FinMind_API_TaiwanStockPrice_6751,True,2026-09-24T07:10:44,2026-09-24T07:10:44,2026-09-24T07:10:44
6751,智聯服務,2024-08-16,55.6,-0.5,-0.89%,1.94,28.66,29.1,34.92,40.74,46.56,52.38,58.2,ShowDailyK_ChartFlow,FinMind_API_TaiwanStockPrice_6751,True,2026-09-24T07:10:44,2026-09-24T07:10:44,2026-09-24T07:10:44
6751,智聯服務,2024-08-19,55.5,-0.10000000000000142,-0.18%,1.94,28.61,29.1,34.92,40.74,46.56,52.38,58.2,ShowDailyK_ChartFlow,FinMind_API_TaiwanStockPrice_6751,True,2026-09-24T07:10:44,2026-09-24T07:10:44,2026-09-24T07:10:44
6751,智聯服務,2024-08-20,55.7,0.20000000000000284,0.36%,1.94,28.71,29.1,34.92,40.74,46.56,52.38,58.2,ShowDailyK_ChartFlow,FinMind_API_TaiwanStockPrice_6751,True,2026-09-24T07:10:44,2026-09-24T07:10:44,2026-09-24T07:10:44
6751,智聯服務,2024-08-21,55.0,-0.7000000000000028,-1.26%,1.94,28.35,29.1,34.92,40.74,46.56,52.38,58.2,ShowDailyK_ChartFlow,FinMind_API_TaiwanStockPrice_6751,True,2026-09-24T07:10:44,2026-09-24T07:10:44,2026-09-24T07:10:44
6751,智聯服務,2024-08-22,56.0,1.0,1.82%,1.94,28.87,29.1,34.92,40.74,46.56,52.38,58.2,ShowDailyK_ChartFlow,FinMind_API_TaiwanStockPrice_6751,True,2026-09-24T07:10:44,2026-09-24T07:10:44,2026-09-24T07:10:44
6751,智聯服務,2024-08-23,55.8,-0.20000000000000284,-0.36%,1.94,28.76,29.1,34.92,40.74,46.56,52.38,58.2,ShowDailyK_ChartFlow,FinMind_API_TaiwanStockPrice_6751,True,2026-09-24T07:10:44,2026-09-24T07:10:44,2026-09-24T07:10:44
6751,智聯服務,2024-08-26,55.8,0.0,0.00%,1.94,28.76,29.1,34.92,40.74,46.56,52.38,58.2,ShowDailyK_ChartFlow,FinMind_API_TaiwanStockPrice_6751,True,2026-09-24T07:10:44,2026-09-24T07:10:44,2026-09-24T07:10:44
6751,智聯服務,2024-08-27,54.0,-1.7999999999999972,-3.23%,1.94,27.84,29.1,34.92,40.74,46.56,52.38,58.2,ShowDailyK_ChartFlow,FinMind_API_TaiwanStockPrice_6751,True,2026-09-24T07:10:44,2026-09-24T07:10:44,2026-09-24T07:10:44
6751,智聯服務,2024-08-28,54.7,0.7000000000000028,1.30%,1.94,28.2,29.1,34.92,40.74,46.56,52.38,58.2,ShowDailyK_ChartFlow,FinMind_API_TaiwanStockPrice_6751,True,2026-09-24T07:10:44,2026-09-24T07:10:44,2026-09-24T07:10:44
6751,智聯服務,2024-08-29,54.6,-0.10000000000000142,-0.18%,1.94,28.14,29.1,34.92,40.74,46.56,52.38,58.2,ShowDailyK_ChartFlow,FinMind_API_TaiwanStockPrice_6751,True,2026-09-24T07:10:44,2026-09-24T07:10:44,2026-09-24T07:10:44
6751,智聯服務,2024-08-30,53.5,-1.1000000000000014,-2.01%,1.94,27.58,29.1,34.92,40.74,46.56,52.38,58.2,ShowDailyK_ChartFlow,FinMind_API_TaiwanStockPrice_6751,True,2026-09-24T07:10:44,2026-09-24T07:10:44,2026-09-24T07:10:44
6751,智聯服務,2024-09-02,54.0,0.5,0.93%,1.94,27.84,29.1,34.92,40.74,46.56,52.38,58.2,ShowDailyK_ChartFlow,FinMind_API_TaiwanStockPrice_6751,True,2026-09-24T07:10:44,2026-09-24T07:10:44,2026-09-24T07:10:44
6751,智聯服務,2024-09-03,54.6,0.6000000000000014,1.11%,1.94,28.14,29.1,34.92,40.74,46.56,52.38,58.2,ShowDailyK_ChartFlow,FinMind_API_TaiwanStockPrice_6751,True,2026-09-24T07:10:44,2026-09-24T07:10:44,2026-09-24T07:10:44
6751,智聯服務,2024-09-04,53.3,-1.3000000000000043,-2.38%,1.94,27.47,29.1,34.92,40.74,46.56,52.38,58.2,ShowDailyK_ChartFlow,FinMind_API_TaiwanStockPrice_6751,True,2026-09-24T07:10:44,2026-09-24T07:10:44,2026-09-24T07:10:44
6751,智聯服務,2024-09-05,53.1,-0.19999999999999574,-0.38%,1.94,27.37,29.1,34.92,40.74,46.56,52.38,58.2,ShowDailyK_ChartFlow,FinMind_API_TaiwanStockPrice_6751,True,2026-09-24T07:10:44,2026-09-24T07:10:44,2026-09-24T07:10:44
6751,智聯服務,2024-09-06,52.7,-0.3999999999999986,-0.75%,1.94,27.16,29.1,34.92,40.74,46.56,52.38,58.2,ShowDailyK_ChartFlow,FinMind_API_TaiwanStockPrice_6751,True,2026-09-24T07:10:44,2026-09-24T07:10:44,2026-09-24T07:10:44
6751,智聯服務,2024-09-09,52.6,-0.10000000000000142,-0.19%,1.94,27.11,29.1,34.92,40.74,46.56,52.38,58.2,ShowDailyK_ChartFlow,FinMind_API_TaiwanStockPrice_6751,True,2026-09-24T07:10:44,2026-09-24T07:10:44,2026-09-24T07:10:44
6751,智聯服務,2024-09-10,52.3,-0.30000000000000426,-0.57%,1.94,26.96,29.1,34.92,40.74,46.56,52.38,58.2,ShowDailyK_ChartFlow,FinMind_API_TaiwanStockPrice_6751,True,2026-09-24T07:10:44,2026-09-24T07:10:44,2026-09-24T07:10:44
6751,智聯服務,2024-09-11,52.3,0.0,0.00%,1.94,26.96,29.1,34.92,40.74,46.56,52.38,58.2,ShowDailyK_ChartFlow,FinMind_API_TaiwanStockPrice_6751,True,2026-09-24T07:10:44,2026-09-24T07:10:44,2026-09-24T07:10:44
6751,智聯服務,2024-09-12,52.4,0.10000000000000142,0.19%,1.94,27.01,29.1,34.92,40.74,46.56,52.38,58.2,ShowDailyK_ChartFlow,FinMind_API_TaiwanStockPrice_6751,True,2026-09-24T07:10:44,2026-09-24T07:10:44,2026-09-24T07:10:44
6751,智聯服務,2024-09-13,53.4,1.0,1.91%,1.94,27.53,29.1,34.92,40.74,46.56,52.38,58.2,ShowDailyK_ChartFlow,FinMind_API_TaiwanStockPrice_6751,True,2026-09-24T07:10:44,2026-09-24T07:10:44,2026-09-24T07:10:44
6751,智聯服務,2024-09-16,52.4,-1.0,-1.87%,1.94,27.01,29.1,34.92,40.74,46.56,52.38,58.2,ShowDailyK_ChartFlow,FinMind_API_TaiwanStockPrice_6751,True,2026-09-24T07:10:44,2026-09-24T07:10:44,2026-09-24T07:10:44
6751,智聯服務,2024-09-18,52.4,0.0,0.00%,1.94,27.01,29.1,34.92,40.74,46.56,52.38,58.2,ShowDailyK_ChartFlow,FinMind_API_TaiwanStockPrice_6751,True,2026-09-24T07:10:44,2026-09-24T07:10:44,2026-09-24T07:10:44
6751,智聯服務,2024-09-19,53.0,0.6000000000000014,1.15%,1.94,27.32,29.1,34.92,40.74,46.56,52.38,58.2,ShowDailyK_ChartFlow,FinMind_API_TaiwanStockPrice_6751,True,2026-09-24T07:10:44,2026-09-24T07:10:44,2026-09-24T07:10:44
6751,智聯服務,2024-09-20,52.9,-0.10000000000000142,-0.19%,1.94,27.27,29.1,34.92,40.74,46.56,52.38,58.2,ShowDailyK_ChartFlow,FinMind_API_TaiwanStockPrice_6751,True,2026-09-24T07:10:44,2026-09-24T07:10:44,2026-09-24T07:10:44
6751,智聯服務,2024-09-23,52.5,-0.3999999999999986,-0.76%,1.94,27.06,29.1,34.92,40.74,46.56,52.38,58.2,ShowDailyK_ChartFlow,FinMind_API_TaiwanStockPrice_6751,True,2026-09-24T07:10:44,2026-09-24T07:10:44,2026-09-24T07:10:44
6751,智聯服務,2024-09-24,52.4,-0.10000000000000142,-0.19%,1.94,27.01,29.1,34.92,40.74,46.56,52.38,58.2,ShowDailyK_ChartFlow,FinMind_API_TaiwanStockPrice_6751,True,2026-09-24T07:10:44,2026-09-24T07:10:44,2026-09-24T07:10:44
6751,智聯服務,2024-09-25,52.6,0.20000000000000284,0.38%,1.94,27.11,29.1,34.92,40.74,46.56,52.38,58.2,ShowDailyK_ChartFlow,FinMind_API_TaiwanStockPrice_6751,True,2026-09-24T07:10:44,2026-09-24T07:10:44,2026-09-24T07:10:44
6751,智聯服務,2024-09-26,52.5,-0.10000000000000142,-0.19%,1.94,27.06,29.1,34.92,40.74,46.56,52.38,58.2,ShowDailyK_ChartFlow,FinMind_API_TaiwanStockPrice_6751,True,2026-09-24T07:10:44,2026-09-24T07:10:44,2026-09-24T07:10:44
6751,智聯服務,2024-09-27,53.5,1.0,1.90%,1.94,27.58,29.1,34.92,40.74,46.56,52.38,58.2,ShowDailyK_ChartFlow,FinMind_API_TaiwanStockPrice_6751,True,2026-09-24T07:10:44,2026-09-24T07:10:44,2026-09-24T07:10:44
6751,智聯服務,2024-09-30,52.8,-0.7000000000000028,-1.31%,0.9200000000000002,27.22,13.8,16.56,19.32,22.08,24.84,27.6,ShowDailyK_ChartFlow,FinMind_API_TaiwanStockPrice_6751,True,2026-09-24T07:10:44,2026-09-24T07:10:44,2026-09-24T07:10:44
6751,智聯服務,2024-10-01,53.8,1.0,1.89%,0.9200000000000002,27.73,13.8,16.56,19.32,22.08,24.84,27.6,ShowDailyK_ChartFlow,FinMind_API_TaiwanStockPrice_6751,True,2026-09-24T07:10:44,2026-09-24T07:10:44,2026-09-24T07:10:44
6751,智聯服務,2024-10-04,53.5,-0.29999999999999716,-0.56%,0.9200000000000002,27.58,13.8,16.56,19.32,22.08,24.84,27.6,ShowDailyK_ChartFlow,FinMind_API_TaiwanStockPrice_6751,True,2026-09-24T07:10:44,2026-09-24T07:10:44,2026-09-24T07:10:44
6751,智聯服務,2024-10-07,52.9,-0.6000000000000014,-1.12%,0.9200000000000002,27.27,13.8,16.56,19.32,22.08,24.84,27.6,ShowDailyK_ChartFlow,FinMind_API_TaiwanStockPrice_6751,True,2026-09-24T07:10:44,2026-09-24T07:10:44,2026-09-24T07:10:44
6751,智聯服務,2024-10-08,52.8,-0.10000000000000142,-0.19%,0.9200000000000002,27.22,13.8,16.56,19.32,22.08,24.84,27.6,ShowDailyK_ChartFlow,FinMind_API_TaiwanStockPrice_6751,True,2026-09-24T07:10:44,2026-09-24T07:10:44,2026-09-24T07:10:44
6751,智聯服務,2024-10-09,52.8,0.0,0.00%,0.9200000000000002,27.22,13.8,16.56,19.32,22.08,24.84,27.6,ShowDailyK_ChartFlow,FinMind_API_TaiwanStockPrice_6751,True,2026-09-24T07:10:44,2026-09-24T07:10:44,2026-09-24T07:10:44
6751,智聯服務,2024-10-11,52.8,0.0,0.00%,0.9200000000000002,27.22,13.8,16.56,19.32,22.08,24.84,27.6,ShowDailyK_ChartFlow,FinMind_API_TaiwanStockPrice_6751,True,2026-09-24T07:10:44,2026-09-24T07:10:44,2026-09-24T07:10:44
6751,智聯服務,2024-10-14,0.0,-52.8,-100.00%,0.9200000000000002,27.22,13.8,16.56,19.32,22.08,24.84,27.6,ShowDailyK_ChartFlow,FinMind_API_TaiwanStockPrice_6751,True,2026-09-24T07:10:44,2026-09-24T07:10:44,2026-09-24T07:10:44
6751,智聯服務,2024-10-15,52.5,52.5,,0.9200000000000002,27.06,13.8,16.56,19.32,22.08,24.84,27.6,ShowDailyK_ChartFlow,FinMind_API_TaiwanStockPrice_6751,True,2026-09-24T07:10:44,2026-09-24T07:10:44,2026-09-24T07:10:44
6751,智聯服務,2024-10-16,52.5,0.0,0.00%,0.9200000000000002,27.06,13.8,16.56,19.32,22.08,24.84,27.6,ShowDailyK_ChartFlow,FinMind_API_TaiwanStockPrice_6751,True,2026-09-24T07:10:44,2026-09-24T07:10:44,2026-09-24T07:10:44
6751,智聯服務,2024-10-17,53.0,0.5,0.95%,0.9200000000000002,27.32,13.8,16.56,19.32,22.08,24.84,27.6,ShowDailyK_ChartFlow,FinMind_API_TaiwanStockPrice_6751,True,2026-09-24T07:10:44,2026-09-24T07:10:44,2026-09-24T07:10:44
6751,智聯服務,2024-10-18,52.9,-0.10000000000000142,-0.19%,0.9200000000000002,27.27,13.8,16.56,19.32,22.08,24.84,27.6,ShowDailyK_ChartFlow,FinMind_API_TaiwanStockPrice_6751,True,2026-09-24T07:10:44,2026-09-24T07:10:44,2026-09-24T07:10:44
6751,智聯服務,2024-10-21,52.6,-0.29999999999999716,-0.57%,0.9200000000000002,27.11,13.8,16.56,19.32,22.08,24.84,27.6,ShowDailyK_ChartFlow,FinMind_API_TaiwanStockPrice_6751,True,2026-09-24T07:10:44,2026-09-24T07:10:44,2026-09-24T07:10:44
6751,智聯服務,2024-10-22,53.0,0.3999999999999986,0.76%,0.9200000000000002,27.32,13.8,16.56,19.32,22.08,24.84,27.6,ShowDailyK_ChartFlow,FinMind_API_TaiwanStockPrice_6751,True,2026-09-24T07:10:44,2026-09-24T07:10:44,2026-09-24T07:10:44
6751,智聯服務,2024-10-23,53.5,0.5,0.94%,0.9200000000000002,27.58,13.8,16.56,19.32,22.08,24.84,27.6,ShowDailyK_ChartFlow,FinMind_API_TaiwanStockPrice_6751,True,2026-09-24T07:10:44,2026-09-24T07:10:44,2026-09-24T07:10:44
6751,智聯服務,2024-10-24,58.8,5.299999999999997,9.91%,0.9200000000000002,30.31,13.8,16.56,19.32,22.08,24.84,27.6,ShowDailyK_ChartFlow,FinMind_API_TaiwanStockPrice_6751,True,2026-09-24T07:10:44,2026-09-24T07:10:44,2026-09-24T07:10:44
6751,智聯服務,2024-10-25,64.6,5.799999999999997,9.86%,0.9200000000000002,33.3,13.8,16.56,19.32,22.08,24.84,27.6,ShowDailyK_ChartFlow,FinMind_API_TaiwanStockPrice_6751,True,2026-09-24T07:10:44,2026-09-24T07:10:44,2026-09-24T07:10:44
6751,智聯服務,2024-10-28,60.3,-4.299999999999997,-6.66%,0.9200000000000002,31.08,13.8,16.56,19.32,22.08,24.84,27.6,ShowDailyK_ChartFlow,FinMind_API_TaiwanStockPrice_6751,True,2026-09-24T07:10:44,2026-09-24T07:10:44,2026-09-24T07:10:44
6751,智聯服務,2024-10-29,60.4,0.10000000000000142,0.17%,0.9200000000000002,31.13,13.8,16.56,19.32,22.08,24.84,27.6,ShowDailyK_ChartFlow,FinMind_API_TaiwanStockPrice_6751,True,2026-09-24T07:10:44,2026-09-24T07:10:44,2026-09-24T07:10:44
6751,智聯服務,2024-10-30,58.5,-1.8999999999999986,-3.15%,0.9200000000000002,30.15,13.8,16.56,19.32,22.08,24.84,27.6,ShowDailyK_ChartFlow,FinMind_API_TaiwanStockPrice_6751,True,2026-09-24T07:10:44,2026-09-24T07:10:44,2026-09-24T07:10:44
6751,智聯服務,2024-11-01,58.2,-0.29999999999999716,-0.51%,0.9200000000000002,30.0,13.8,16.56,19.32,22.08,24.84,27.6,ShowDailyK_ChartFlow,FinMind_API_TaiwanStockPrice_6751,True,2026-09-24T07:10:44,2026-09-24T07:10:44,2026-09-24T07:10:44
6751,智聯服務,2024-11-04,56.6,-1.6000000000000014,-2.75%,0.9200000000000002,29.18,13.8,16.56,19.32,22.08,24.84,27.6,ShowDailyK_ChartFlow,FinMind_API_TaiwanStockPrice_6751,True,2026-09-24T07:10:44,2026-09-24T07:10:44,2026-09-24T07:10:44
6751,智聯服務,2024-11-05,56.7,0.10000000000000142,0.18%,0.9200000000000002,60.32,13.8,16.56,19.32,22.08,24.84,27.6,ShowDailyK_ChartFlow,FinMind_API_TaiwanStockPrice_6751,True,2026-09-24T07:10:44,2026-09-24T07:10:44,2026-09-24T07:10:44
6751,智聯服務,2024-11-06,56.7,0.0,0.00%,0.9200000000000002,60.32,13.8,16.56,19.32,22.08,24.84,27.6,ShowDailyK_ChartFlow,FinMind_API_TaiwanStockPrice_6751,True,2026-09-24T07:10:44,2026-09-24T07:10:44,2026-09-24T07:10:44
6751,智聯服務,2024-11-07,62.3,5.599999999999994,9.88%,0.9200000000000002,66.28,13.8,16.56,19.32,22.08,24.84,27.6,ShowDailyK_ChartFlow,FinMind_API_TaiwanStockPrice_6751,True,2026-09-24T07:10:44,2026-09-24T07:10:44,2026-09-24T07:10:44
6751,智聯服務,2024-11-08,68.5,6.200000000000003,9.95%,0.9200000000000002,72.87,13.8,16.56,19.32,22.08,24.84,27.6,ShowDailyK_ChartFlow,FinMind_API_TaiwanStockPrice_6751,True,2026-09-24T07:10:44,2026-09-24T07:10:44,2026-09-24T07:10:44
6751,智聯服務,2024-11-11,63.4,-5.100000000000001,-7.45%,0.9200000000000002,67.45,13.8,16.56,19.32,22.08,24.84,27.6,ShowDailyK_ChartFlow,FinMind_API_TaiwanStockPrice_6751,True,2026-09-24T07:10:44,2026-09-24T07:10:44,2026-09-24T07:10:44
6751,智聯服務,2024-11-12,58.4,-5.0,-7.89%,0.9200000000000002,62.13,13.8,16.56,19.32,22.08,24.84,27.6,ShowDailyK_ChartFlow,FinMind_API_TaiwanStockPrice_6751,True,2026-09-24T07:10:44,2026-09-24T07:10:44,2026-09-24T07:10:44
6751,智聯服務,2024-11-13,59.6,1.2000000000000028,2.05%,0.9200000000000002,63.4,13.8,16.56,19.32,22.08,24.84,27.6,ShowDailyK_ChartFlow,FinMind_API_TaiwanStockPrice_6751,True,2026-09-24T07:10:44,2026-09-24T07:10:44,2026-09-24T07:10:44
6751,智聯服務,2024-11-14,57.4,-2.200000000000003,-3.69%,0.9200000000000002,61.06,13.8,16.56,19.32,22.08,24.84,27.6,ShowDailyK_ChartFlow,FinMind_API_TaiwanStockPrice_6751,True,2026-09-24T07:10:44,2026-09-24T07:10:44,2026-09-24T07:10:44
6751,智聯服務,2024-11-15,57.3,-0.10000000000000142,-0.17%,0.9200000000000002,60.96,13.8,16.56,19.32,22.08,24.84,27.6,ShowDailyK_ChartFlow,FinMind_API_TaiwanStockPrice_6751,True,2026-09-24T07:10:44,2026-09-24T07:10:44,2026-09-24T07:10:44
6751,智聯服務,2024-11-18,56.4,-0.8999999999999986,-1.57%,0.9200000000000002,60.0,13.8,16.56,19.32,22.08,24.84,27.6,ShowDailyK_ChartFlow,FinMind_API_TaiwanStockPrice_6751,True,2026-09-24T07:10:44,2026-09-24T07:10:44,2026-09-24T07:10:44
6751,智聯服務,2024-11-19,57.5,1.1000000000000014,1.95%,0.9200000000000002,61.17,13.8,16.56,19.32,22.08,24.84,27.6,ShowDailyK_ChartFlow,FinMind_API_TaiwanStockPrice_6751,True,2026-09-24T07:10:44,2026-09-24T07:10:44,2026-09-24T07:10:44
6751,智聯服務,2024-11-20,58.1,0.6000000000000014,1.04%,0.9200000000000002,61.81,13.8,16.56,19.32,22.08,24.84,27.6,ShowDailyK_ChartFlow,FinMind_API_TaiwanStockPrice_6751,True,2026-09-24T07:10:44,2026-09-24T07:10:44,2026-09-24T07:10:44
6751,智聯服務,2024-11-21,58.7,0.6000000000000014,1.03%,0.9200000000000002,62.45,13.8,16.56,19.32,22.08,24.84,27.6,ShowDailyK_ChartFlow,FinMind_API_TaiwanStockPrice_6751,True,2026-09-24T07:10:44,2026-09-24T07:10:44,2026-09-24T07:10:44
6751,智聯服務,2024-11-22,58.7,0.0,0.00%,0.9200000000000002,62.45,13.8,16.56,19.32,22.08,24.84,27.6,ShowDailyK_ChartFlow,FinMind_API_TaiwanStockPrice_6751,True,2026-09-24T07:10:44,2026-09-24T07:10:44,2026-09-24T07:10:44
6751,智聯服務,2024-11-25,59.2,0.5,0.85%,0.9200000000000002,62.98,13.8,16.56,19.32,22.08,24.84,27.6,ShowDailyK_ChartFlow,FinMind_API_TaiwanStockPrice_6751,True,2026-09-24T07:10:44,2026-09-24T07:10:44,2026-09-24T07:10:44
6751,智聯服務,2024-11-26,58.1,-1.1000000000000014,-1.86%,0.9200000000000002,61.81,13.8,16.56,19.32,22.08,24.84,27.6,ShowDailyK_ChartFlow,FinMind_API_TaiwanStockPrice_6751,True,2026-09-24T07:10:44,2026-09-24T07:10:44,2026-09-24T07:10:44
6751,智聯服務,2024-11-27,57.5,-0.6000000000000014,-1.03%,0.9200000000000002,61.17,13.8,16.56,19.32,22.08,24.84,27.6,ShowDailyK_ChartFlow,FinMind_API_TaiwanStockPrice_6751,True,2026-09-24T07:10:44,2026-09-24T07:10:44,2026-09-24T07:10:44
6751,智聯服務,2024-11-28,56.1,-1.3999999999999986,-2.43%,0.9200000000000002,59.68,13.8,16.56,19.32,22.08,24.84,27.6,ShowDailyK_ChartFlow,FinMind_API_TaiwanStockPrice_6751,True,2026-09-24T07:10:44,2026-09-24T07:10:44,2026-09-24T07:10:44
6751,智聯服務,2024-11-29,55.6,-0.5,-0.89%,0.9200000000000002,59.15,13.8,16.56,19.32,22.08,24.84,27.6,ShowDailyK_ChartFlow,FinMind_API_TaiwanStockPrice_6751,True,2026-09-24T07:10:44,2026-09-24T07:10:44,2026-09-24T07:10:44
6751,智聯服務,2024-12-02,55.5,-0.10000000000000142,-0.18%,0.9200000000000002,59.04,13.8,16.56,19.32,22.08,24.84,27.6,ShowDailyK_ChartFlow,FinMind_API_TaiwanStockPrice_6751,True,2026-09-24T07:10:44,2026-09-24T07:10:44,2026-09-24T07:10:44
6751,智聯服務,2024-12-03,55.5,0.0,0.00%,0.9200000000000002,59.04,13.8,16.56,19.32,22.08,24.84,27.6,ShowDailyK_ChartFlow,FinMind_API_TaiwanStockPrice_6751,True,2026-09-24T07:10:44,2026-09-24T07:10:44,2026-09-24T07:10:44
6751,智聯服務,2024-12-04,55.9,0.3999999999999986,0.72%,0.9200000000000002,59.47,13.8,16.56,19.32,22.08,24.84,27.6,ShowDailyK_ChartFlow,FinMind_API_TaiwanStockPrice_6751,True,2026-09-24T07:10:44,2026-09-24T07:10:44,2026-09-24T07:10:44
6751,智聯服務,2024-12-05,61.4,5.5,9.84%,0.9200000000000002,65.32,13.8,16.56,19.32,22.08,24.84,27.6,ShowDailyK_ChartFlow,FinMind_API_TaiwanStockPrice_6751,True,2026-09-24T07:10:44,2026-09-24T07:10:44,2026-09-24T07:10:44
6751,智聯服務,2024-12-06,64.2,2.8000000000000043,4.56%,0.9200000000000002,68.3,13.8,16.56,19.32,22.08,24.84,27.6,ShowDailyK_ChartFlow,FinMind_API_TaiwanStockPrice_6751,True,2026-09-24T07:10:44,2026-09-24T07:10:44,2026-09-24T07:10:44
6751,智聯服務,2024-12-09,61.0,-3.200000000000003,-4.98%,0.9200000000000002,64.89,13.8,16.56,19.32,22.08,24.84,27.6,ShowDailyK_ChartFlow,FinMind_API_TaiwanStockPrice_6751,True,2026-09-24T07:10:44,2026-09-24T07:10:44,2026-09-24T07:10:44
6751,智聯服務,2024-12-10,57.5,-3.5,-5.74%,0.9200000000000002,61.17,13.8,16.56,19.32,22.08,24.84,27.6,ShowDailyK_ChartFlow,FinMind_API_TaiwanStockPrice_6751,True,2026-09-24T07:10:44,2026-09-24T07:10:44,2026-09-24T07:10:44
6751,智聯服務,2024-12-11,61.5,4.0,6.96%,0.9200000000000002,65.43,13.8,16.56,19.32,22.08,24.84,27.6,ShowDailyK_ChartFlow,FinMind_API_TaiwanStockPrice_6751,True,2026-09-24T07:10:44,2026-09-24T07:10:44,2026-09-24T07:10:44
6751,智聯服務,2024-12-12,57.9,-3.6000000000000014,-5.85%,0.9200000000000002,61.6,13.8,16.56,19.32,22.08,24.84,27.6,ShowDailyK_ChartFlow,FinMind_API_TaiwanStockPrice_6751,True,2026-09-24T07:10:44,2026-09-24T07:10:44,2026-09-24T07:10:44
6751,智聯服務,2024-12-13,56.0,-1.8999999999999986,-3.28%,0.9200000000000002,59.57,13.8,16.56,19.32,22.08,24.84,27.6,ShowDailyK_ChartFlow,FinMind_API_TaiwanStockPrice_6751,True,2026-09-24T07:10:44,2026-09-24T07:10:44,2026-09-24T07:10:44
6751,智聯服務,2024-12-16,56.5,0.5,0.89%,0.9200000000000002,60.11,13.8,16.56,19.32,22.08,24.84,27.6,ShowDailyK_ChartFlow,FinMind_API_TaiwanStockPrice_6751,True,2026-09-24T07:10:44,2026-09-24T07:10:44,2026-09-24T07:10:44
6751,智聯服務,2024-12-17,55.0,-1.5,-2.65%,0.9200000000000002,58.51,13.8,16.56,19.32,22.08,24.84,27.6,ShowDailyK_ChartFlow,FinMind_API_TaiwanStockPrice_6751,True,2026-09-24T07:10:44,2026-09-24T07:10:44,2026-09-24T07:10:44
6751,智聯服務,2024-12-18,56.0,1.0,1.82%,0.9200000000000002,59.57,13.8,16.56,19.32,22.08,24.84,27.6,ShowDailyK_ChartFlow,FinMind_API_TaiwanStockPrice_6751,True,2026-09-24T07:10:44,2026-09-24T07:10:44,2026-09-24T07:10:44
6751,智聯服務,2024-12-19,55.1,-0.8999999999999986,-1.61%,0.9200000000000002,58.62,13.8,16.56,19.32,22.08,24.84,27.6,ShowDailyK_ChartFlow,FinMind_API_TaiwanStockPrice_6751,True,2026-09-24T07:10:44,2026-09-24T07:10:44,2026-09-24T07:10:44
6751,智聯服務,2024-12-20,54.5,-0.6000000000000014,-1.09%,0.9200000000000002,57.98,13.8,16.56,19.32,22.08,24.84,27.6,ShowDailyK_ChartFlow,FinMind_API_TaiwanStockPrice_6751,True,2026-09-24T07:10:44,2026-09-24T07:10:44,2026-09-24T07:10:44
6751,智聯服務,2024-12-23,55.0,0.5,0.92%,0.9200000000000002,58.51,13.8,16.56,19.32,22.08,24.84,27.6,ShowDailyK_ChartFlow,FinMind_API_TaiwanStockPrice_6751,True,2026-09-24T07:10:44,2026-09-24T07:10:44,2026-09-24T07:10:44
6751,智聯服務,2024-12-24,55.0,0.0,0.00%,0.9200000000000002,58.51,13.8,16.56,19.32,22.08,24.84,27.6,ShowDailyK_ChartFlow,FinMind_API_TaiwanStockPrice_6751,True,2026-09-24T07:10:44,2026-09-24T07:10:44,2026-09-24T07:10:44
6751,智聯服務,2024-12-25,55.3,0.29999999999999716,0.55%,0.9200000000000002,58.83,13.8,16.56,19.32,22.08,24.84,27.6,ShowDailyK_ChartFlow,FinMind_API_TaiwanStockPrice_6751,True,2026-09-24T07:10:44,2026-09-24T07:10:44,2026-09-24T07:10:44
6751,智聯服務,2024-12-26,56.5,1.2000000000000028,2.17%,0.9200000000000002,60.11,13.8,16.56,19.32,22.08,24.84,27.6,ShowDailyK_ChartFlow,FinMind_API_TaiwanStockPrice_6751,True,2026-09-24T07:10:44,2026-09-24T07:10:44,2026-09-24T07:10:44
6751,智聯服務,2024-12-27,56.1,-0.3999999999999986,-0.71%,0.9200000000000002,59.68,13.8,16.56,19.32,22.08,24.84,27.6,ShowDailyK_ChartFlow,FinMind_API_TaiwanStockPrice_6751,True,2026-09-24T07:10:44,2026-09-24T07:10:44,2026-09-24T07:10:44
6751,智聯服務,2024-12-30,56.3,0.19999999999999574,0.36%,0.9200000000000002,59.89,13.8,16.56,19.32,22.08,24.84,27.6,ShowDailyK_ChartFlow,FinMind_API_TaiwanStockPrice_6751,True,2026-09-24T07:10:44,2026-09-24T07:10:44,2026-09-24T07:10:44
6751,智聯服務,2024-12-31,0.0,-56.3,-100.00%,0.8300000000000001,59.89,12.45,14.94,17.43,19.92,22.41,24.9,ShowDailyK_ChartFlow,FinMind_API_TaiwanStockPrice_6751,True,2026-09-24T07:10:44,2026-09-24T07:10:44,2026-09-24T07:10:44
6751,智聯服務,2025-01-02,56.3,56.3,,0.8300000000000001,59.89,12.45,14.94,17.43,19.92,22.41,24.9,ShowDailyK_ChartFlow,FinMind_API_TaiwanStockPrice_6751,True,2026-09-24T07:10:44,2026-09-24T07:10:44,2026-09-24T07:10:44
6751,智聯服務,2025-01-03,56.2,-0.09999999999999432,-0.18%,0.8300000000000001,59.79,12.45,14.94,17.43,19.92,22.41,24.9,ShowDailyK_ChartFlow,FinMind_API_TaiwanStockPrice_6751,True,2026-09-24T07:10:44,2026-09-24T07:10:44,2026-09-24T07:10:44
6751,智聯服務,2025-01-06,56.9,0.6999999999999957,1.25%,0.8300000000000001,60.53,12.45,14.94,17.43,19.92,22.41,24.9,ShowDailyK_ChartFlow,FinMind_API_TaiwanStockPrice_6751,True,2026-09-24T07:10:44,2026-09-24T07:10:44,2026-09-24T07:10:44
6751,智聯服務,2025-01-07,55.2,-1.6999999999999957,-2.99%,0.8300000000000001,58.72,12.45,14.94,17.43,19.92,22.41,24.9,ShowDailyK_ChartFlow,FinMind_API_TaiwanStockPrice_6751,True,2026-09-24T07:10:44,2026-09-24T07:10:44,2026-09-24T07:10:44
6751,智聯服務,2025-01-08,60.7,5.5,9.96%,0.8300000000000001,64.57,12.45,14.94,17.43,19.92,22.41,24.9,ShowDailyK_ChartFlow,FinMind_API_TaiwanStockPrice_6751,True,2026-09-24T07:10:44,2026-09-24T07:10:44,2026-09-24T07:10:44
6751,智聯服務,2025-01-09,58.0,-2.700000000000003,-4.45%,0.8300000000000001,61.7,12.45,14.94,17.43,19.92,22.41,24.9,ShowDailyK_ChartFlow,FinMind_API_TaiwanStockPrice_6751,True,2026-09-24T07:10:44,2026-09-24T07:10:44,2026-09-24T07:10:44
6751,智聯服務,2025-01-10,54.7,-3.299999999999997,-5.69%,0.8300000000000001,58.19,12.45,14.94,17.43,19.92,22.41,24.9,ShowDailyK_ChartFlow,FinMind_API_TaiwanStockPrice_6751,True,2026-09-24T07:10:44,2026-09-24T07:10:44,2026-09-24T07:10:44
6751,智聯服務,2025-01-13,51.6,-3.1000000000000014,-5.67%,0.8300000000000001,54.89,12.45,14.94,17.43,19.92,22.41,24.9,ShowDailyK_ChartFlow,FinMind_API_TaiwanStockPrice_6751,True,2026-09-24T07:10:44,2026-09-24T07:10:44,2026-09-24T07:10:44
6751,智聯服務,2025-01-14,52.7,1.1000000000000014,2.13%,0.8300000000000001,56.06,12.45,14.94,17.43,19.92,22.41,24.9,ShowDailyK_ChartFlow,FinMind_API_TaiwanStockPrice_6751,True,2026-09-24T07:10:44,2026-09-24T07:10:44,2026-09-24T07:10:44
6751,智聯服務,2025-01-15,53.1,0.3999999999999986,0.76%,0.8300000000000001,56.49,12.45,14.94,17.43,19.92,22.41,24.9,ShowDailyK_ChartFlow,FinMind_API_TaiwanStockPrice_6751,True,2026-09-24T07:10:44,2026-09-24T07:10:44,2026-09-24T07:10:44
6751,智聯服務,2025-01-16,53.1,0.0,0.00%,0.8300000000000001,56.49,12.45,14.94,17.43,19.92,22.41,24.9,ShowDailyK_ChartFlow,FinMind_API_TaiwanStockPrice_6751,True,2026-09-24T07:10:44,2026-09-24T07:10:44,2026-09-24T07:10:44
6751,智聯服務,2025-01-17,53.6,0.5,0.94%,0.8300000000000001,57.02,12.45,14.94,17.43,19.92,22.41,24.9,ShowDailyK_ChartFlow,FinMind_API_TaiwanStockPrice_6751,True,2026-09-24T07:10:44,2026-09-24T07:10:44,2026-09-24T07:10:44
6751,智聯服務,2025-01-20,53.5,-0.10000000000000142,-0.19%,0.8300000000000001,56.91,12.45,14.94,17.43,19.92,22.41,24.9,ShowDailyK_ChartFlow,FinMind_API_TaiwanStockPrice_6751,True,2026-09-24T07:10:44,2026-09-24T07:10:44,2026-09-24T07:10:44
6751,智聯服務,2025-01-21,53.0,-0.5,-0.93%,0.8300000000000001,56.38,12.45,14.94,17.43,19.92,22.41,24.9,ShowDailyK_ChartFlow,FinMind_API_TaiwanStockPrice_6751,True,2026-09-24T07:10:44,2026-09-24T07:10:44,2026-09-24T07:10:44
6751,智聯服務,2025-01-22,53.8,0.7999999999999972,1.51%,0.8300000000000001,57.23,12.45,14.94,17.43,19.92,22.41,24.9,ShowDailyK_ChartFlow,FinMind_API_TaiwanStockPrice_6751,True,2026-09-24T07:10:44,2026-09-24T07:10:44,2026-09-24T07:10:44
6751,智聯服務,2025-02-03,54.0,0.20000000000000284,0.37%,0.8300000000000001,57.45,12.45,14.94,17.43,19.92,22.41,24.9,ShowDailyK_ChartFlow,FinMind_API_TaiwanStockPrice_6751,True,2026-09-24T07:10:44,2026-09-24T07:10:44,2026-09-24T07:10:44
6751,智聯服務,2025-02-04,54.5,0.5,0.93%,0.8300000000000001,57.98,12.45,14.94,17.43,19.92,22.41,24.9,ShowDailyK_ChartFlow,FinMind_API_TaiwanStockPrice_6751,True,2026-09-24T07:10:44,2026-09-24T07:10:44,2026-09-24T07:10:44
6751,智聯服務,2025-02-05,55.6,1.1000000000000014,2.02%,0.8300000000000001,59.15,12.45,14.94,17.43,19.92,22.41,24.9,ShowDailyK_ChartFlow,FinMind_API_TaiwanStockPrice_6751,True,2026-09-24T07:10:44,2026-09-24T07:10:44,2026-09-24T07:10:44
6751,智聯服務,2025-02-06,55.8,0.19999999999999574,0.36%,0.8300000000000001,59.36,12.45,14.94,17.43,19.92,22.41,24.9,ShowDailyK_ChartFlow,FinMind_API_TaiwanStockPrice_6751,True,2026-09-24T07:10:44,2026-09-24T07:10:44,2026-09-24T07:10:44
6751,智聯服務,2025-02-07,59.3,3.5,6.27%,0.8300000000000001,63.09,12.45,14.94,17.43,19.92,22.41,24.9,ShowDailyK_ChartFlow,FinMind_API_TaiwanStockPrice_6751,True,2026-09-24T07:10:44,2026-09-24T07:10:44,2026-09-24T07:10:44
6751,智聯服務,2025-02-10,58.9,-0.3999999999999986,-0.67%,0.8300000000000001,62.66,12.45,14.94,17.43,19.92,22.41,24.9,ShowDailyK_ChartFlow,FinMind_API_TaiwanStockPrice_6751,True,2026-09-24T07:10:44,2026-09-24T07:10:44,2026-09-24T07:10:44
6751,智聯服務,2025-02-11,57.5,-1.3999999999999986,-2.38%,0.8300000000000001,61.17,12.45,14.94,17.43,19.92,22.41,24.9,ShowDailyK_ChartFlow,FinMind_API_TaiwanStockPrice_6751,True,2026-09-24T07:10:44,2026-09-24T07:10:44,2026-09-24T07:10:44
6751,智聯服務,2025-02-12,57.1,-0.3999999999999986,-0.70%,0.8300000000000001,60.74,12.45,14.94,17.43,19.92,22.41,24.9,ShowDailyK_ChartFlow,FinMind_API_TaiwanStockPrice_6751,True,2026-09-24T07:10:44,2026-09-24T07:10:44,2026-09-24T07:10:44
6751,智聯服務,2025-02-13,57.9,0.7999999999999972,1.40%,0.8300000000000001,61.6,12.45,14.94,17.43,19.92,22.41,24.9,ShowDailyK_ChartFlow,FinMind_API_TaiwanStockPrice_6751,True,2026-09-24T07:10:44,2026-09-24T07:10:44,2026-09-24T07:10:44
6751,智聯服務,2025-02-14,57.7,-0.19999999999999574,-0.35%,0.8300000000000001,61.38,12.45,14.94,17.43,19.92,22.41,24.9,ShowDailyK_ChartFlow,FinMind_API_TaiwanStockPrice_6751,True,2026-09-24T07:10:44,2026-09-24T07:10:44,2026-09-24T07:10:44
6751,智聯服務,2025-02-17,57.8,0.09999999999999432,0.17%,0.8300000000000001,61.49,12.45,14.94,17.43,19.92,22.41,24.9,ShowDailyK_ChartFlow,FinMind_API_TaiwanStockPrice_6751,True,2026-09-24T07:10:44,2026-09-24T07:10:44,2026-09-24T07:10:44
6751,智聯服務,2025-02-18,58.7,0.9000000000000057,1.56%,0.8300000000000001,62.45,12.45,14.94,17.43,19.92,22.41,24.9,ShowDailyK_ChartFlow,FinMind_API_TaiwanStockPrice_6751,True,2026-09-24T07:10:44,2026-09-24T07:10:44,2026-09-24T07:10:44
6751,智聯服務,2025-02-19,58.3,-0.4000000000000057,-0.68%,0.8300000000000001,62.02,12.45,14.94,17.43,19.92,22.41,24.9,ShowDailyK_ChartFlow,FinMind_API_TaiwanStockPrice_6751,True,2026-09-24T07:10:44,2026-09-24T07:10:44,2026-09-24T07:10:44
6751,智聯服務,2025-02-20,58.3,0.0,0.00%,0.8300000000000001,62.02,12.45,14.94,17.43,19.92,22.41,24.9,ShowDailyK_ChartFlow,FinMind_API_TaiwanStockPrice_6751,True,2026-09-24T07:10:44,2026-09-24T07:10:44,2026-09-24T07:10:44
6751,智聯服務,2025-02-21,58.5,0.20000000000000284,0.34%,0.8300000000000001,62.23,12.45,14.94,17.43,19.92,22.41,24.9,ShowDailyK_ChartFlow,FinMind_API_TaiwanStockPrice_6751,True,2026-09-24T07:10:44,2026-09-24T07:10:44,2026-09-24T07:10:44
6751,智聯服務,2025-02-24,56.6,-1.8999999999999986,-3.25%,0.8300000000000001,60.21,12.45,14.94,17.43,19.92,22.41,24.9,ShowDailyK_ChartFlow,FinMind_API_TaiwanStockPrice_6751,True,2026-09-24T07:10:44,2026-09-24T07:10:44,2026-09-24T07:10:44
6751,智聯服務,2025-02-25,56.1,-0.5,-0.88%,0.8300000000000001,59.68,12.45,14.94,17.43,19.92,22.41,24.9,ShowDailyK_ChartFlow,FinMind_API_TaiwanStockPrice_6751,True,2026-09-24T07:10:44,2026-09-24T07:10:44,2026-09-24T07:10:44
6751,智聯服務,2025-02-26,56.5,0.3999999999999986,0.71%,0.8300000000000001,60.11,12.45,14.94,17.43,19.92,22.41,24.9,ShowDailyK_ChartFlow,FinMind_API_TaiwanStockPrice_6751,True,2026-09-24T07:10:44,2026-09-24T07:10:44,2026-09-24T07:10:44
6751,智聯服務,2025-02-27,56.2,-0.29999999999999716,-0.53%,0.8300000000000001,59.79,12.45,14.94,17.43,19.92,22.41,24.9,ShowDailyK_ChartFlow,FinMind_API_TaiwanStockPrice_6751,True,2026-09-24T07:10:44,2026-09-24T07:10:44,2026-09-24T07:10:44
6751,智聯服務,2025-03-03,54.8,-1.4000000000000057,-2.49%,0.8300000000000001,58.3,12.45,14.94,17.43,19.92,22.41,24.9,ShowDailyK_ChartFlow,FinMind_API_TaiwanStockPrice_6751,True,2026-09-24T07:10:44,2026-09-24T07:10:44,2026-09-24T07:10:44
6751,智聯服務,2025-03-04,55.2,0.4000000000000057,0.73%,0.8300000000000001,58.72,12.45,14.94,17.43,19.92,22.41,24.9,ShowDailyK_ChartFlow,FinMind_API_TaiwanStockPrice_6751,True,2026-09-24T07:10:44,2026-09-24T07:10:44,2026-09-24T07:10:44
6751,智聯服務,2025-03-05,55.2,0.0,0.00%,0.8300000000000001,58.72,12.45,14.94,17.43,19.92,22.41,24.9,ShowDailyK_ChartFlow,FinMind_API_TaiwanStockPrice_6751,True,2026-09-24T07:10:44,2026-09-24T07:10:44,2026-09-24T07:10:44
6751,智聯服務,2025-03-06,56.3,1.0999999999999943,1.99%,0.8300000000000001,59.89,12.45,14.94,17.43,19.92,22.41,24.9,ShowDailyK_ChartFlow,FinMind_API_TaiwanStockPrice_6751,True,2026-09-24T07:10:44,2026-09-24T07:10:44,2026-09-24T07:10:44
6751,智聯服務,2025-03-07,57.3,1.0,1.78%,0.8300000000000001,60.96,12.45,14.94,17.43,19.92,22.41,24.9,ShowDailyK_ChartFlow,FinMind_API_TaiwanStockPrice_6751,True,2026-09-24T07:10:44,2026-09-24T07:10:44,2026-09-24T07:10:44
6751,智聯服務,2025-03-10,56.7,-0.5999999999999943,-1.05%,0.8300000000000001,60.32,12.45,14.94,17.43,19.92,22.41,24.9,ShowDailyK_ChartFlow,FinMind_API_TaiwanStockPrice_6751,True,2026-09-24T07:10:44,2026-09-24T07:10:44,2026-09-24T07:10:44
6751,智聯服務,2025-03-11,55.6,-1.1000000000000014,-1.94%,0.8300000000000001,66.99,12.45,14.94,17.43,19.92,22.41,24.9,ShowDailyK_ChartFlow,FinMind_API_TaiwanStockPrice_6751,True,2026-09-24T07:10:44,2026-09-24T07:10:44,2026-09-24T07:10:44
6751,智聯服務,2025-03-12,55.4,-0.20000000000000284,-0.36%,0.8300000000000001,66.75,12.45,14.94,17.43,19.92,22.41,24.9,ShowDailyK_ChartFlow,FinMind_API_TaiwanStockPrice_6751,True,2026-09-24T07:10:44,2026-09-24T07:10:44,2026-09-24T07:10:44
6751,智聯服務,2025-03-13,56.2,0.8000000000000043,1.44%,0.8300000000000001,67.71,12.45,14.94,17.43,19.92,22.41,24.9,ShowDailyK_ChartFlow,FinMind_API_TaiwanStockPrice_6751,True,2026-09-24T07:10:44,2026-09-24T07:10:44,2026-09-24T07:10:44
6751,智聯服務,2025-03-14,55.7,-0.5,-0.89%,0.8300000000000001,67.11,12.45,14.94,17.43,19.92,22.41,24.9,ShowDailyK_ChartFlow,FinMind_API_TaiwanStockPrice_6751,True,2026-09-24T07:10:44,2026-09-24T07:10:44,2026-09-24T07:10:44
6751,智聯服務,2025-03-17,55.5,-0.20000000000000284,-0.36%,0.8300000000000001,66.87,12.45,14.94,17.43,19.92,22.41,24.9,ShowDailyK_ChartFlow,FinMind_API_TaiwanStockPrice_6751,True,2026-09-24T07:10:44,2026-09-24T07:10:44,2026-09-24T07:10:44
6751,智聯服務,2025-03-18,55.7,0.20000000000000284,0.36%,0.8300000000000001,67.11,12.45,14.94,17.43,19.92,22.41,24.9,ShowDailyK_ChartFlow,FinMind_API_TaiwanStockPrice_6751,True,2026-09-24T07:10:44,2026-09-24T07:10:44,2026-09-24T07:10:44
6751,智聯服務,2025-03-19,55.1,-0.6000000000000014,-1.08%,0.8300000000000001,66.39,12.45,14.94,17.43,19.92,22.41,24.9,ShowDailyK_ChartFlow,FinMind_API_TaiwanStockPrice_6751,True,2026-09-24T07:10:44,2026-09-24T07:10:44,2026-09-24T07:10:44
6751,智聯服務,2025-03-20,55.3,0.19999999999999574,0.36%,0.8300000000000001,66.63,12.45,14.94,17.43,19.92,22.41,24.9,ShowDailyK_ChartFlow,FinMind_API_TaiwanStockPrice_6751,True,2026-09-24T07:10:44,2026-09-24T07:10:44,2026-09-24T07:10:44
6751,智聯服務,2025-03-21,56.4,1.1000000000000014,1.99%,0.8300000000000001,67.95,12.45,14.94,17.43,19.92,22.41,24.9,ShowDailyK_ChartFlow,FinMind_API_TaiwanStockPrice_6751,True,2026-09-24T07:10:44,2026-09-24T07:10:44,2026-09-24T07:10:44
6751,智聯服務,2025-03-24,59.5,3.1000000000000014,5.50%,0.8300000000000001,71.69,12.45,14.94,17.43,19.92,22.41,24.9,ShowDailyK_ChartFlow,FinMind_API_TaiwanStockPrice_6751,True,2026-09-24T07:10:44,2026-09-24T07:10:44,2026-09-24T07:10:44
6751,智聯服務,2025-03-25,57.5,-2.0,-3.36%,0.8300000000000001,69.28,12.45,14.94,17.43,19.92,22.41,24.9,ShowDailyK_ChartFlow,FinMind_API_TaiwanStockPrice_6751,True,2026-09-24T07:10:44,2026-09-24T07:10:44,2026-09-24T07:10:44
6751,智聯服務,2025-03-26,56.7,-0.7999999999999972,-1.39%,0.8300000000000001,68.31,12.45,14.94,17.43,19.92,22.41,24.9,ShowDailyK_ChartFlow,FinMind_API_TaiwanStockPrice_6751,True,2026-09-24T07:10:44,2026-09-24T07:10:44,2026-09-24T07:10:44
6751,智聯服務,2025-03-27,56.7,0.0,0.00%,0.8300000000000001,68.31,12.45,14.94,17.43,19.92,22.41,24.9,ShowDailyK_ChartFlow,FinMind_API_TaiwanStockPrice_6751,True,2026-09-24T07:10:44,2026-09-24T07:10:44,2026-09-24T07:10:44
6751,智聯服務,2025-03-28,53.9,-2.8000000000000043,-4.94%,0.8300000000000001,64.94,12.45,14.94,17.43,19.92,22.41,24.9,ShowDailyK_ChartFlow,FinMind_API_TaiwanStockPrice_6751,True,2026-09-24T07:10:44,2026-09-24T07:10:44,2026-09-24T07:10:44
6751,智聯服務,2025-03-31,52.2,-1.6999999999999957,-3.15%,1.09,62.89,16.35,19.62,22.89,26.16,29.43,32.7,ShowDailyK_ChartFlow,FinMind_API_TaiwanStockPrice_6751,True,2026-09-24T07:10:44,2026-09-24T07:10:44,2026-09-24T07:10:44
6751,智聯服務,2025-04-01,52.1,-0.10000000000000142,-0.19%,1.09,62.77,16.35,19.62,22.89,26.16,29.43,32.7,ShowDailyK_ChartFlow,FinMind_API_TaiwanStockPrice_6751,True,2026-09-24T07:10:44,2026-09-24T07:10:44,2026-09-24T07:10:44
6751,智聯服務,2025-04-02,52.6,0.5,0.96%,1.09,63.37,16.35,19.62,22.89,26.16,29.43,32.7,ShowDailyK_ChartFlow,FinMind_API_TaiwanStockPrice_6751,True,2026-09-24T07:10:44,2026-09-24T07:10:44,2026-09-24T07:10:44
6751,智聯服務,2025-04-07,47.35,-5.25,-9.98%,1.09,57.05,16.35,19.62,22.89,26.16,29.43,32.7,ShowDailyK_ChartFlow,FinMind_API_TaiwanStockPrice_6751,True,2026-09-24T07:10:44,2026-09-24T07:10:44,2026-09-24T07:10:44
6751,智聯服務,2025-04-08,42.8,-4.550000000000004,-9.61%,1.09,51.57,16.35,19.62,22.89,26.16,29.43,32.7,ShowDailyK_ChartFlow,FinMind_API_TaiwanStockPrice_6751,True,2026-09-24T07:10:44,2026-09-24T07:10:44,2026-09-24T07:10:44
6751,智聯服務,2025-04-09,39.4,-3.3999999999999986,-7.94%,1.09,47.47,16.35,19.62,22.89,26.16,29.43,32.7,ShowDailyK_ChartFlow,FinMind_API_TaiwanStockPrice_6751,True,2026-09-24T07:10:44,2026-09-24T07:10:44,2026-09-24T07:10:44
6751,智聯服務,2025-04-10,43.3,3.8999999999999986,9.90%,1.09,52.17,16.35,19.62,22.89,26.16,29.43,32.7,ShowDailyK_ChartFlow,FinMind_API_TaiwanStockPrice_6751,True,2026-09-24T07:10:44,2026-09-24T07:10:44,2026-09-24T07:10:44
6751,智聯服務,2025-04-11,43.3,0.0,0.00%,1.09,52.17,16.35,19.62,22.89,26.16,29.43,32.7,ShowDailyK_ChartFlow,FinMind_API_TaiwanStockPrice_6751,True,2026-09-24T07:10:44,2026-09-24T07:10:44,2026-09-24T07:10:44
6751,智聯服務,2025-04-14,47.6,4.300000000000004,9.93%,1.09,57.35,16.35,19.62,22.89,26.16,29.43,32.7,ShowDailyK_ChartFlow,FinMind_API_TaiwanStockPrice_6751,True,2026-09-24T07:10:44,2026-09-24T07:10:44,2026-09-24T07:10:44
6751,智聯服務,2025-04-15,48.5,0.8999999999999986,1.89%,1.09,58.43,16.35,19.62,22.89,26.16,29.43,32.7,ShowDailyK_ChartFlow,FinMind_API_TaiwanStockPrice_6751,True,2026-09-24T07:10:44,2026-09-24T07:10:44,2026-09-24T07:10:44
6751,智聯服務,2025-04-16,47.7,-0.7999999999999972,-1.65%,1.09,57.47,16.35,19.62,22.89,26.16,29.43,32.7,ShowDailyK_ChartFlow,FinMind_API_TaiwanStockPrice_6751,True,2026-09-24T07:10:44,2026-09-24T07:10:44,2026-09-24T07:10:44
6751,智聯服務,2025-04-17,46.25,-1.4500000000000028,-3.04%,1.09,55.72,16.35,19.62,22.89,26.16,29.43,32.7,ShowDailyK_ChartFlow,FinMind_API_TaiwanStockPrice_6751,True,2026-09-24T07:10:44,2026-09-24T07:10:44,2026-09-24T07:10:44
6751,智聯服務,2025-04-18,46.8,0.5499999999999972,1.19%,1.09,56.39,16.35,19.62,22.89,26.16,29.43,32.7,ShowDailyK_ChartFlow,FinMind_API_TaiwanStockPrice_6751,True,2026-09-24T07:10:44,2026-09-24T07:10:44,2026-09-24T07:10:44
6751,智聯服務,2025-04-21,46.0,-0.7999999999999972,-1.71%,1.09,55.42,16.35,19.62,22.89,26.16,29.43,32.7,ShowDailyK_ChartFlow,FinMind_API_TaiwanStockPrice_6751,True,2026-09-24T07:10:44,2026-09-24T07:10:44,2026-09-24T07:10:44
6751,智聯服務,2025-04-22,45.5,-0.5,-1.09%,1.09,54.82,16.35,19.62,22.89,26.16,29.43,32.7,ShowDailyK_ChartFlow,FinMind_API_TaiwanStockPrice_6751,True,2026-09-24T07:10:44,2026-09-24T07:10:44,2026-09-24T07:10:44
6751,智聯服務,2025-04-23,46.8,1.2999999999999972,2.86%,1.09,56.39,16.35,19.62,22.89,26.16,29.43,32.7,ShowDailyK_ChartFlow,FinMind_API_TaiwanStockPrice_6751,True,2026-09-24T07:10:44,2026-09-24T07:10:44,2026-09-24T07:10:44
6751,智聯服務,2025-04-24,47.9,1.1000000000000014,2.35%,1.09,57.71,16.35,19.62,22.89,26.16,29.43,32.7,ShowDailyK_ChartFlow,FinMind_API_TaiwanStockPrice_6751,True,2026-09-24T07:10:44,2026-09-24T07:10:44,2026-09-24T07:10:44
6751,智聯服務,2025-04-25,49.5,1.6000000000000014,3.34%,1.09,59.64,16.35,19.62,22.89,26.16,29.43,32.7,ShowDailyK_ChartFlow,FinMind_API_TaiwanStockPrice_6751,True,2026-09-24T07:10:44,2026-09-24T07:10:44,2026-09-24T07:10:44
6751,智聯服務,2025-04-28,51.0,1.5,3.03%,1.09,61.45,16.35,19.62,22.89,26.16,29.43,32.7,ShowDailyK_ChartFlow,FinMind_API_TaiwanStockPrice_6751,True,2026-09-24T07:10:44,2026-09-24T07:10:44,2026-09-24T07:10:44
6751,智聯服務,2025-04-29,50.6,-0.3999999999999986,-0.78%,1.09,60.96,16.35,19.62,22.89,26.16,29.43,32.7,ShowDailyK_ChartFlow,FinMind_API_TaiwanStockPrice_6751,True,2026-09-24T07:10:44,2026-09-24T07:10:44,2026-09-24T07:10:44
6751,智聯服務,2025-04-30,49.1,-1.5,-2.96%,1.09,59.16,16.35,19.62,22.89,26.16,29.43,32.7,ShowDailyK_ChartFlow,FinMind_API_TaiwanStockPrice_6751,True,2026-09-24T07:10:44,2026-09-24T07:10:44,2026-09-24T07:10:44
6751,智聯服務,2025-05-02,49.15,0.04999999999999716,0.10%,1.09,59.22,16.35,19.62,22.89,26.16,29.43,32.7,ShowDailyK_ChartFlow,FinMind_API_TaiwanStockPrice_6751,True,2026-09-24T07:10:44,2026-09-24T07:10:44,2026-09-24T07:10:44
6751,智聯服務,2025-05-05,47.0,-2.1499999999999986,-4.37%,1.09,56.63,16.35,19.62,22.89,26.16,29.43,32.7,ShowDailyK_ChartFlow,FinMind_API_TaiwanStockPrice_6751,True,2026-09-24T07:10:44,2026-09-24T07:10:44,2026-09-24T07:10:44
6751,智聯服務,2025-05-06,47.85,0.8500000000000014,1.81%,1.09,43.9,16.35,19.62,22.89,26.16,29.43,32.7,ShowDailyK_ChartFlow,FinMind_API_TaiwanStockPrice_6751,True,2026-09-24T07:10:44,2026-09-24T07:10:44,2026-09-24T07:10:44
6751,智聯服務,2025-05-07,47.0,-0.8500000000000014,-1.78%,1.09,43.12,16.35,19.62,22.89,26.16,29.43,32.7,ShowDailyK_ChartFlow,FinMind_API_TaiwanStockPrice_6751,True,2026-09-24T07:10:44,2026-09-24T07:10:44,2026-09-24T07:10:44
6751,智聯服務,2025-05-08,48.15,1.1499999999999986,2.45%,1.09,44.17,16.35,19.62,22.89,26.16,29.43,32.7,ShowDailyK_ChartFlow,FinMind_API_TaiwanStockPrice_6751,True,2026-09-24T07:10:44,2026-09-24T07:10:44,2026-09-24T07:10:44
6751,智聯服務,2025-05-09,46.75,-1.3999999999999986,-2.91%,1.09,42.89,16.35,19.62,22.89,26.16,29.43,32.7,ShowDailyK_ChartFlow,FinMind_API_TaiwanStockPrice_6751,True,2026-09-24T07:10:44,2026-09-24T07:10:44,2026-09-24T07:10:44
6751,智聯服務,2025-05-12,48.4,1.6499999999999986,3.53%,1.09,44.4,16.35,19.62,22.89,26.16,29.43,32.7,ShowDailyK_ChartFlow,FinMind_API_TaiwanStockPrice_6751,True,2026-09-24T07:10:44,2026-09-24T07:10:44,2026-09-24T07:10:44
6751,智聯服務,2025-05-13,48.4,0.0,0.00%,1.09,44.4,16.35,19.62,22.89,26.16,29.43,32.7,ShowDailyK_ChartFlow,FinMind_API_TaiwanStockPrice_6751,True,2026-09-24T07:10:44,2026-09-24T07:10:44,2026-09-24T07:10:44
6751,智聯服務,2025-05-14,49.45,1.0500000000000043,2.17%,1.09,45.37,16.35,19.62,22.89,26.16,29.43,32.7,ShowDailyK_ChartFlow,FinMind_API_TaiwanStockPrice_6751,True,2026-09-24T07:10:44,2026-09-24T07:10:44,2026-09-24T07:10:44
6751,智聯服務,2025-05-15,49.5,0.04999999999999716,0.10%,1.09,45.41,16.35,19.62,22.89,26.16,29.43,32.7,ShowDailyK_ChartFlow,FinMind_API_TaiwanStockPrice_6751,True,2026-09-24T07:10:44,2026-09-24T07:10:44,2026-09-24T07:10:44
6751,智聯服務,2025-05-16,48.7,-0.7999999999999972,-1.62%,1.09,44.68,16.35,19.62,22.89,26.16,29.43,32.7,ShowDailyK_ChartFlow,FinMind_API_TaiwanStockPrice_6751,True,2026-09-24T07:10:44,2026-09-24T07:10:44,2026-09-24T07:10:44
6751,智聯服務,2025-05-19,48.0,-0.7000000000000028,-1.44%,1.09,44.04,16.35,19.62,22.89,26.16,29.43,32.7,ShowDailyK_ChartFlow,FinMind_API_TaiwanStockPrice_6751,True,2026-09-24T07:10:44,2026-09-24T07:10:44,2026-09-24T07:10:44
6751,智聯服務,2025-05-20,48.0,0.0,0.00%,1.09,44.04,16.35,19.62,22.89,26.16,29.43,32.7,ShowDailyK_ChartFlow,FinMind_API_TaiwanStockPrice_6751,True,2026-09-24T07:10:44,2026-09-24T07:10:44,2026-09-24T07:10:44
6751,智聯服務,2025-05-21,48.9,0.8999999999999986,1.87%,1.09,44.86,16.35,19.62,22.89,26.16,29.43,32.7,ShowDailyK_ChartFlow,FinMind_API_TaiwanStockPrice_6751,True,2026-09-24T07:10:44,2026-09-24T07:10:44,2026-09-24T07:10:44
6751,智聯服務,2025-05-22,0.0,-48.9,-100.00%,1.09,44.86,16.35,19.62,22.89,26.16,29.43,32.7,ShowDailyK_ChartFlow,FinMind_API_TaiwanStockPrice_6751,True,2026-09-24T07:10:44,2026-09-24T07:10:44,2026-09-24T07:10:44
6751,智聯服務,2025-05-23,47.9,47.9,,1.09,43.94,16.35,19.62,22.89,26.16,29.43,32.7,ShowDailyK_ChartFlow,FinMind_API_TaiwanStockPrice_6751,True,2026-09-24T07:10:44,2026-09-24T07:10:44,2026-09-24T07:10:44
6751,智聯服務,2025-05-26,0.0,-47.9,-100.00%,1.09,43.94,16.35,19.62,22.89,26.16,29.43,32.7,ShowDailyK_ChartFlow,FinMind_API_TaiwanStockPrice_6751,True,2026-09-24T07:10:44,2026-09-24T07:10:44,2026-09-24T07:10:44
6751,智聯服務,2025-05-27,48.7,48.7,,1.09,44.68,16.35,19.62,22.89,26.16,29.43,32.7,ShowDailyK_ChartFlow,FinMind_API_TaiwanStockPrice_6751,True,2026-09-24T07:10:44,2026-09-24T07:10:44,2026-09-24T07:10:44
6751,智聯服務,2025-05-28,47.35,-1.3500000000000014,-2.77%,1.09,43.44,16.35,19.62,22.89,26.16,29.43,32.7,ShowDailyK_ChartFlow,FinMind_API_TaiwanStockPrice_6751,True,2026-09-24T07:10:44,2026-09-24T07:10:44,2026-09-24T07:10:44
6751,智聯服務,2025-05-29,47.4,0.04999999999999716,0.11%,1.09,43.49,16.35,19.62,22.89,26.16,29.43,32.7,ShowDailyK_ChartFlow,FinMind_API_TaiwanStockPrice_6751,True,2026-09-24T07:10:44,2026-09-24T07:10:44,2026-09-24T07:10:44
6751,智聯服務,2025-06-02,45.9,-1.5,-3.16%,1.09,42.11,16.35,19.62,22.89,26.16,29.43,32.7,ShowDailyK_ChartFlow,FinMind_API_TaiwanStockPrice_6751,True,2026-09-24T07:10:44,2026-09-24T07:10:44,2026-09-24T07:10:44
6751,智聯服務,2025-06-03,46.15,0.25,0.54%,1.09,42.34,16.35,19.62,22.89,26.16,29.43,32.7,ShowDailyK_ChartFlow,FinMind_API_TaiwanStockPrice_6751,True,2026-09-24T07:10:44,2026-09-24T07:10:44,2026-09-24T07:10:44
6751,智聯服務,2025-06-04,46.6,0.45000000000000284,0.98%,1.09,42.75,16.35,19.62,22.89,26.16,29.43,32.7,ShowDailyK_ChartFlow,FinMind_API_TaiwanStockPrice_6751,True,2026-09-24T07:10:44,2026-09-24T07:10:44,2026-09-24T07:10:44
6751,智聯服務,2025-06-05,46.0,-0.6000000000000014,-1.29%,1.09,42.2,16.35,19.62,22.89,26.16,29.43,32.7,ShowDailyK_ChartFlow,FinMind_API_TaiwanStockPrice_6751,True,2026-09-24T07:10:44,2026-09-24T07:10:44,2026-09-24T07:10:44
6751,智聯服務,2025-06-06,46.05,0.04999999999999716,0.11%,1.09,42.25,16.35,19.62,22.89,26.16,29.43,32.7,ShowDailyK_ChartFlow,FinMind_API_TaiwanStockPrice_6751,True,2026-09-24T07:10:44,2026-09-24T07:10:44,2026-09-24T07:10:44
6751,智聯服務,2025-06-09,46.7,0.6500000000000057,1.41%,1.09,42.84,16.35,19.62,22.89,26.16,29.43,32.7,ShowDailyK_ChartFlow,FinMind_API_TaiwanStockPrice_6751,True,2026-09-24T07:10:44,2026-09-24T07:10:44,2026-09-24T07:10:44
6751,智聯服務,2025-06-10,45.5,-1.2000000000000028,-2.57%,1.09,41.74,16.35,19.62,22.89,26.16,29.43,32.7,ShowDailyK_ChartFlow,FinMind_API_TaiwanStockPrice_6751,True,2026-09-24T07:10:44,2026-09-24T07:10:44,2026-09-24T07:10:44
6751,智聯服務,2025-06-11,44.8,-0.7000000000000028,-1.54%,1.09,41.1,16.35,19.62,22.89,26.16,29.43,32.7,ShowDailyK_ChartFlow,FinMind_API_TaiwanStockPrice_6751,True,2026-09-24T07:10:44,2026-09-24T07:10:44,2026-09-24T07:10:44
6751,智聯服務,2025-06-12,44.8,0.0,0.00%,1.09,41.1,16.35,19.62,22.89,26.16,29.43,32.7,ShowDailyK_ChartFlow,FinMind_API_TaiwanStockPrice_6751,True,2026-09-24T07:10:44,2026-09-24T07:10:44,2026-09-24T07:10:44
6751,智聯服務,2025-06-13,0.0,-44.8,-100.00%,1.09,41.1,16.35,19.62,22.89,26.16,29.43,32.7,ShowDailyK_ChartFlow,FinMind_API_TaiwanStockPrice_6751,True,2026-09-24T07:10:44,2026-09-24T07:10:44,2026-09-24T07:10:44
6751,智聯服務,2025-06-16,45.0,45.0,,1.09,41.28,16.35,19.62,22.89,26.16,29.43,32.7,ShowDailyK_ChartFlow,FinMind_API_TaiwanStockPrice_6751,True,2026-09-24T07:10:44,2026-09-24T07:10:44,2026-09-24T07:10:44
6751,智聯服務,2025-06-17,44.5,-0.5,-1.11%,1.09,40.83,16.35,19.62,22.89,26.16,29.43,32.7,ShowDailyK_ChartFlow,FinMind_API_TaiwanStockPrice_6751,True,2026-09-24T07:10:44,2026-09-24T07:10:44,2026-09-24T07:10:44
6751,智聯服務,2025-06-18,44.45,-0.04999999999999716,-0.11%,1.09,40.78,16.35,19.62,22.89,26.16,29.43,32.7,ShowDailyK_ChartFlow,FinMind_API_TaiwanStockPrice_6751,True,2026-09-24T07:10:44,2026-09-24T07:10:44,2026-09-24T07:10:44
6751,智聯服務,2025-06-19,43.3,-1.1500000000000057,-2.59%,1.09,39.72,16.35,19.62,22.89,26.16,29.43,32.7,ShowDailyK_ChartFlow,FinMind_API_TaiwanStockPrice_6751,True,2026-09-24T07:10:44,2026-09-24T07:10:44,2026-09-24T07:10:44
6751,智聯服務,2025-06-20,0.0,-43.3,-100.00%,1.09,39.72,16.35,19.62,22.89,26.16,29.43,32.7,ShowDailyK_ChartFlow,FinMind_API_TaiwanStockPrice_6751,True,2026-09-24T07:10:44,2026-09-24T07:10:44,2026-09-24T07:10:44
6751,智聯服務,2025-06-23,41.7,41.7,,1.09,38.26,16.35,19.62,22.89,26.16,29.43,32.7,ShowDailyK_ChartFlow,FinMind_API_TaiwanStockPrice_6751,True,2026-09-24T07:10:44,2026-09-24T07:10:44,2026-09-24T07:10:44
6751,智聯服務,2025-06-24,42.3,0.5999999999999943,1.44%,1.09,38.81,16.35,19.62,22.89,26.16,29.43,32.7,ShowDailyK_ChartFlow,FinMind_API_TaiwanStockPrice_6751,True,2026-09-24T07:10:44,2026-09-24T07:10:44,2026-09-24T07:10:44
6751,智聯服務,2025-06-25,43.0,0.7000000000000028,1.65%,1.09,39.45,16.35,19.62,22.89,26.16,29.43,32.7,ShowDailyK_ChartFlow,FinMind_API_TaiwanStockPrice_6751,True,2026-09-24T07:10:44,2026-09-24T07:10:44,2026-09-24T07:10:44
6751,智聯服務,2025-06-26,43.75,0.75,1.74%,1.09,40.14,16.35,19.62,22.89,26.16,29.43,32.7,ShowDailyK_ChartFlow,FinMind_API_TaiwanStockPrice_6751,True,2026-09-24T07:10:44,2026-09-24T07:10:44,2026-09-24T07:10:44
6751,智聯服務,2025-06-27,44.0,0.25,0.57%,1.09,40.37,16.35,19.62,22.89,26.16,29.43,32.7,ShowDailyK_ChartFlow,FinMind_API_TaiwanStockPrice_6751,True,2026-09-24T07:10:44,2026-09-24T07:10:44,2026-09-24T07:10:44
6751,智聯服務,2025-06-30,0.0,-44.0,-100.00%,0.78,40.37,11.7,14.04,16.38,18.72,21.06,23.4,ShowDailyK_ChartFlow,FinMind_API_TaiwanStockPrice_6751,True,2026-09-24T07:10:44,2026-09-24T07:10:44,2026-09-24T07:10:44
6751,智聯服務,2025-07-01,43.1,43.1,,0.78,39.54,11.7,14.04,16.38,18.72,21.06,23.4,ShowDailyK_ChartFlow,FinMind_API_TaiwanStockPrice_6751,True,2026-09-24T07:10:44,2026-09-24T07:10:44,2026-09-24T07:10:44
6751,智聯服務,2025-07-02,43.45,0.3500000000000014,0.81%,0.78,39.86,11.7,14.04,16.38,18.72,21.06,23.4,ShowDailyK_ChartFlow,FinMind_API_TaiwanStockPrice_6751,True,2026-09-24T07:10:44,2026-09-24T07:10:44,2026-09-24T07:10:44
6751,智聯服務,2025-07-03,43.2,-0.25,-0.58%,0.78,39.63,11.7,14.04,16.38,18.72,21.06,23.4,ShowDailyK_ChartFlow,FinMind_API_TaiwanStockPrice_6751,True,2026-09-24T07:10:44,2026-09-24T07:10:44,2026-09-24T07:10:44
6751,智聯服務,2025-07-04,42.35,-0.8500000000000014,-1.97%,0.78,38.85,11.7,14.04,16.38,18.72,21.06,23.4,ShowDailyK_ChartFlow,FinMind_API_TaiwanStockPrice_6751,True,2026-09-24T07:10:44,2026-09-24T07:10:44,2026-09-24T07:10:44
6751,智聯服務,2025-07-07,44.5,2.1499999999999986,5.08%,0.78,40.83,11.7,14.04,16.38,18.72,21.06,23.4,ShowDailyK_ChartFlow,FinMind_API_TaiwanStockPrice_6751,True,2026-09-24T07:10:44,2026-09-24T07:10:44,2026-09-24T07:10:44
6751,智聯服務,2025-07-08,43.8,-0.7000000000000028,-1.57%,0.78,40.18,11.7,14.04,16.38,18.72,21.06,23.4,ShowDailyK_ChartFlow,FinMind_API_TaiwanStockPrice_6751,True,2026-09-24T07:10:44,2026-09-24T07:10:44,2026-09-24T07:10:44
6751,智聯服務,2025-07-09,43.9,0.10000000000000142,0.23%,0.78,40.28,11.7,14.04,16.38,18.72,21.06,23.4,ShowDailyK_ChartFlow,FinMind_API_TaiwanStockPrice_6751,True,2026-09-24T07:10:44,2026-09-24T07:10:44,2026-09-24T07:10:44
6751,智聯服務,2025-07-10,42.9,-1.0,-2.28%,0.78,39.36,11.7,14.04,16.38,18.72,21.06,23.4,ShowDailyK_ChartFlow,FinMind_API_TaiwanStockPrice_6751,True,2026-09-24T07:10:44,2026-09-24T07:10:44,2026-09-24T07:10:44
6751,智聯服務,2025-07-11,43.0,0.10000000000000142,0.23%,0.78,39.45,11.7,14.04,16.38,18.72,21.06,23.4,ShowDailyK_ChartFlow,FinMind_API_TaiwanStockPrice_6751,True,2026-09-24T07:10:44,2026-09-24T07:10:44,2026-09-24T07:10:44
6751,智聯服務,2025-07-14,42.8,-0.20000000000000284,-0.47%,0.78,39.27,11.7,14.04,16.38,18.72,21.06,23.4,ShowDailyK_ChartFlow,FinMind_API_TaiwanStockPrice_6751,True,2026-09-24T07:10:44,2026-09-24T07:10:44,2026-09-24T07:10:44
6751,智聯服務,2025-07-15,44.25,1.4500000000000028,3.39%,0.78,40.6,11.7,14.04,16.38,18.72,21.06,23.4,ShowDailyK_ChartFlow,FinMind_API_TaiwanStockPrice_6751,True,2026-09-24T07:10:44,2026-09-24T07:10:44,2026-09-24T07:10:44
6751,智聯服務,2025-07-16,43.5,-0.75,-1.69%,0.78,39.91,11.7,14.04,16.38,18.72,21.06,23.4,ShowDailyK_ChartFlow,FinMind_API_TaiwanStockPrice_6751,True,2026-09-24T07:10:44,2026-09-24T07:10:44,2026-09-24T07:10:44
6751,智聯服務,2025-07-17,44.4,0.8999999999999986,2.07%,0.78,40.73,11.7,14.04,16.38,18.72,21.06,23.4,ShowDailyK_ChartFlow,FinMind_API_TaiwanStockPrice_6751,True,2026-09-24T07:10:44,2026-09-24T07:10:44,2026-09-24T07:10:44
6751,智聯服務,2025-07-18,44.5,0.10000000000000142,0.23%,0.78,40.83,11.7,14.04,16.38,18.72,21.06,23.4,ShowDailyK_ChartFlow,FinMind_API_TaiwanStockPrice_6751,True,2026-09-24T07:10:44,2026-09-24T07:10:44,2026-09-24T07:10:44
6751,智聯服務,2025-07-21,43.4,-1.1000000000000014,-2.47%,0.78,39.82,11.7,14.04,16.38,18.72,21.06,23.4,ShowDailyK_ChartFlow,FinMind_API_TaiwanStockPrice_6751,True,2026-09-24T07:10:44,2026-09-24T07:10:44,2026-09-24T07:10:44
6751,智聯服務,2025-07-22,43.2,-0.19999999999999574,-0.46%,0.78,39.63,11.7,14.04,16.38,18.72,21.06,23.4,ShowDailyK_ChartFlow,FinMind_API_TaiwanStockPrice_6751,True,2026-09-24T07:10:44,2026-09-24T07:10:44,2026-09-24T07:10:44
6751,智聯服務,2025-07-23,43.1,-0.10000000000000142,-0.23%,0.78,39.54,11.7,14.04,16.38,18.72,21.06,23.4,ShowDailyK_ChartFlow,FinMind_API_TaiwanStockPrice_6751,True,2026-09-24T07:10:44,2026-09-24T07:10:44,2026-09-24T07:10:44
6751,智聯服務,2025-07-24,43.2,0.10000000000000142,0.23%,0.78,39.63,11.7,14.04,16.38,18.72,21.06,23.4,ShowDailyK_ChartFlow,FinMind_API_TaiwanStockPrice_6751,True,2026-09-24T07:10:44,2026-09-24T07:10:44,2026-09-24T07:10:44
6751,智聯服務,2025-07-25,0.0,-43.2,-100.00%,0.78,39.63,11.7,14.04,16.38,18.72,21.06,23.4,ShowDailyK_ChartFlow,FinMind_API_TaiwanStockPrice_6751,True,2026-09-24T07:10:44,2026-09-24T07:10:44,2026-09-24T07:10:44
6751,智聯服務,2025-07-28,0.0,0.0,,0.78,39.63,11.7,14.04,16.38,18.72,21.06,23.4,ShowDailyK_ChartFlow,FinMind_API_TaiwanStockPrice_6751,True,2026-09-24T07:10:44,2026-09-24T07:10:44,2026-09-24T07:10:44
6751,智聯服務,2025-07-29,43.85,43.85,,0.78,40.23,11.7,14.04,16.38,18.72,21.06,23.4,ShowDailyK_ChartFlow,FinMind_API_TaiwanStockPrice_6751,True,2026-09-24T07:10:44,2026-09-24T07:10:44,2026-09-24T07:10:44
6751,智聯服務,2025-07-30,44.5,0.6499999999999986,1.48%,0.78,40.83,11.7,14.04,16.38,18.72,21.06,23.4,ShowDailyK_ChartFlow,FinMind_API_TaiwanStockPrice_6751,True,2026-09-24T07:10:44,2026-09-24T07:10:44,2026-09-24T07:10:44
6751,智聯服務,2025-07-31,44.0,-0.5,-1.12%,0.78,40.37,11.7,14.04,16.38,18.72,21.06,23.4,ShowDailyK_ChartFlow,FinMind_API_TaiwanStockPrice_6751,True,2026-09-24T07:10:44,2026-09-24T07:10:44,2026-09-24T07:10:44
6751,智聯服務,2025-08-01,43.65,-0.3500000000000014,-0.80%,0.78,40.05,11.7,14.04,16.38,18.72,21.06,23.4,ShowDailyK_ChartFlow,FinMind_API_TaiwanStockPrice_6751,True,2026-09-24T07:10:44,2026-09-24T07:10:44,2026-09-24T07:10:44
6751,智聯服務,2025-08-04,44.25,0.6000000000000014,1.37%,0.78,40.6,11.7,14.04,16.38,18.72,21.06,23.4,ShowDailyK_ChartFlow,FinMind_API_TaiwanStockPrice_6751,True,2026-09-24T07:10:44,2026-09-24T07:10:44,2026-09-24T07:10:44
6751,智聯服務,2025-08-05,45.1,0.8500000000000014,1.92%,0.78,41.38,11.7,14.04,16.38,18.72,21.06,23.4,ShowDailyK_ChartFlow,FinMind_API_TaiwanStockPrice_6751,True,2026-09-24T07:10:44,2026-09-24T07:10:44,2026-09-24T07:10:44
6751,智聯服務,2025-08-06,45.1,0.0,0.00%,0.78,57.82,11.7,14.04,16.38,18.72,21.06,23.4,ShowDailyK_ChartFlow,FinMind_API_TaiwanStockPrice_6751,True,2026-09-24T07:10:44,2026-09-24T07:10:44,2026-09-24T07:10:44
6751,智聯服務,2025-08-07,45.5,0.3999999999999986,0.89%,0.78,58.33,11.7,14.04,16.38,18.72,21.06,23.4,ShowDailyK_ChartFlow,FinMind_API_TaiwanStockPrice_6751,True,2026-09-24T07:10:44,2026-09-24T07:10:44,2026-09-24T07:10:44
6751,智聯服務,2025-08-08,45.05,-0.45000000000000284,-0.99%,0.78,57.76,11.7,14.04,16.38,18.72,21.06,23.4,ShowDailyK_ChartFlow,FinMind_API_TaiwanStockPrice_6751,True,2026-09-24T07:10:44,2026-09-24T07:10:44,2026-09-24T07:10:44
6751,智聯服務,2025-08-11,45.1,0.05000000000000426,0.11%,0.78,57.82,11.7,14.04,16.38,18.72,21.06,23.4,ShowDailyK_ChartFlow,FinMind_API_TaiwanStockPrice_6751,True,2026-09-24T07:10:44,2026-09-24T07:10:44,2026-09-24T07:10:44
6751,智聯服務,2025-08-12,45.2,0.10000000000000142,0.22%,0.78,57.95,11.7,14.04,16.38,18.72,21.06,23.4,ShowDailyK_ChartFlow,FinMind_API_TaiwanStockPrice_6751,True,2026-09-24T07:10:44,2026-09-24T07:10:44,2026-09-24T07:10:44
6751,智聯服務,2025-08-13,46.9,1.6999999999999957,3.76%,0.78,60.13,11.7,14.04,16.38,18.72,21.06,23.4,ShowDailyK_ChartFlow,FinMind_API_TaiwanStockPrice_6751,True,2026-09-24T07:10:44,2026-09-24T07:10:44,2026-09-24T07:10:44
6751,智聯服務,2025-08-14,47.6,0.7000000000000028,1.49%,0.78,61.03,11.7,14.04,16.38,18.72,21.06,23.4,ShowDailyK_ChartFlow,FinMind_API_TaiwanStockPrice_6751,True,2026-09-24T07:10:44,2026-09-24T07:10:44,2026-09-24T07:10:44
6751,智聯服務,2025-08-15,46.7,-0.8999999999999986,-1.89%,0.78,59.87,11.7,14.04,16.38,18.72,21.06,23.4,ShowDailyK_ChartFlow,FinMind_API_TaiwanStockPrice_6751,True,2026-09-24T07:10:44,2026-09-24T07:10:44,2026-09-24T07:10:44
6751,智聯服務,2025-08-18,47.25,0.5499999999999972,1.18%,0.78,60.58,11.7,14.04,16.38,18.72,21.06,23.4,ShowDailyK_ChartFlow,FinMind_API_TaiwanStockPrice_6751,True,2026-09-24T07:10:44,2026-09-24T07:10:44,2026-09-24T07:10:44
6751,智聯服務,2025-08-19,47.0,-0.25,-0.53%,0.78,60.26,11.7,14.04,16.38,18.72,21.06,23.4,ShowDailyK_ChartFlow,FinMind_API_TaiwanStockPrice_6751,True,2026-09-24T07:10:44,2026-09-24T07:10:44,2026-09-24T07:10:44
6751,智聯服務,2025-08-20,46.9,-0.10000000000000142,-0.21%,0.78,60.13,11.7,14.04,16.38,18.72,21.06,23.4,ShowDailyK_ChartFlow,FinMind_API_TaiwanStockPrice_6751,True,2026-09-24T07:10:44,2026-09-24T07:10:44,2026-09-24T07:10:44
6751,智聯服務,2025-08-21,46.9,0.0,0.00%,0.78,60.13,11.7,14.04,16.38,18.72,21.06,23.4,ShowDailyK_ChartFlow,FinMind_API_TaiwanStockPrice_6751,True,2026-09-24T07:10:44,2026-09-24T07:10:44,2026-09-24T07:10:44
6751,智聯服務,2025-08-22,47.8,0.8999999999999986,1.92%,0.78,61.28,11.7,14.04,16.38,18.72,21.06,23.4,ShowDailyK_ChartFlow,FinMind_API_TaiwanStockPrice_6751,True,2026-09-24T07:10:44,2026-09-24T07:10:44,2026-09-24T07:10:44
6751,智聯服務,2025-08-25,46.9,-0.8999999999999986,-1.88%,0.78,60.13,11.7,14.04,16.38,18.72,21.06,23.4,ShowDailyK_ChartFlow,FinMind_API_TaiwanStockPrice_6751,True,2026-09-24T07:10:44,2026-09-24T07:10:44,2026-09-24T07:10:44
6751,智聯服務,2025-08-26,47.1,0.20000000000000284,0.43%,0.78,60.38,11.7,14.04,16.38,18.72,21.06,23.4,ShowDailyK_ChartFlow,FinMind_API_TaiwanStockPrice_6751,True,2026-09-24T07:10:44,2026-09-24T07:10:44,2026-09-24T07:10:44
6751,智聯服務,2025-08-27,48.0,0.8999999999999986,1.91%,0.78,61.54,11.7,14.04,16.38,18.72,21.06,23.4,ShowDailyK_ChartFlow,FinMind_API_TaiwanStockPrice_6751,True,2026-09-24T07:10:44,2026-09-24T07:10:44,2026-09-24T07:10:44
6751,智聯服務,2025-08-28,47.9,-0.10000000000000142,-0.21%,0.78,61.41,11.7,14.04,16.38,18.72,21.06,23.4,ShowDailyK_ChartFlow,FinMind_API_TaiwanStockPrice_6751,True,2026-09-24T07:10:44,2026-09-24T07:10:44,2026-09-24T07:10:44
6751,智聯服務,2025-08-29,47.5,-0.3999999999999986,-0.84%,0.78,60.9,11.7,14.04,16.38,18.72,21.06,23.4,ShowDailyK_ChartFlow,FinMind_API_TaiwanStockPrice_6751,True,2026-09-24T07:10:44,2026-09-24T07:10:44,2026-09-24T07:10:44
6751,智聯服務,2025-09-01,46.5,-1.0,-2.11%,0.78,59.62,11.7,14.04,16.38,18.72,21.06,23.4,ShowDailyK_ChartFlow,FinMind_API_TaiwanStockPrice_6751,True,2026-09-24T07:10:44,2026-09-24T07:10:44,2026-09-24T07:10:44
6751,智聯服務,2025-09-02,46.65,0.14999999999999858,0.32%,0.78,59.81,11.7,14.04,16.38,18.72,21.06,23.4,ShowDailyK_ChartFlow,FinMind_API_TaiwanStockPrice_6751,True,2026-09-24T07:10:44,2026-09-24T07:10:44,2026-09-24T07:10:44
6751,智聯服務,2025-09-03,46.2,-0.44999999999999574,-0.96%,0.78,59.23,11.7,14.04,16.38,18.72,21.06,23.4,ShowDailyK_ChartFlow,FinMind_API_TaiwanStockPrice_6751,True,2026-09-24T07:10:44,2026-09-24T07:10:44,2026-09-24T07:10:44
6751,智聯服務,2025-09-04,46.3,0.09999999999999432,0.22%,0.78,59.36,11.7,14.04,16.38,18.72,21.06,23.4,ShowDailyK_ChartFlow,FinMind_API_TaiwanStockPrice_6751,True,2026-09-24T07:10:44,2026-09-24T07:10:44,2026-09-24T07:10:44
6751,智聯服務,2025-09-05,46.1,-0.19999999999999574,-0.43%,0.78,59.1,11.7,14.04,16.38,18.72,21.06,23.4,ShowDailyK_ChartFlow,FinMind_API_TaiwanStockPrice_6751,True,2026-09-24T07:10:44,2026-09-24T07:10:44,2026-09-24T07:10:44
6751,智聯服務,2025-09-08,45.85,-0.25,-0.54%,0.78,58.78,11.7,14.04,16.38,18.72,21.06,23.4,ShowDailyK_ChartFlow,FinMind_API_TaiwanStockPrice_6751,True,2026-09-24T07:10:44,2026-09-24T07:10:44,2026-09-24T07:10:44
6751,智聯服務,2025-09-09,46.1,0.25,0.55%,0.78,59.1,11.7,14.04,16.38,18.72,21.06,23.4,ShowDailyK_ChartFlow,FinMind_API_TaiwanStockPrice_6751,True,2026-09-24T07:10:44,2026-09-24T07:10:44,2026-09-24T07:10:44
6751,智聯服務,2025-09-10,46.0,-0.10000000000000142,-0.22%,0.78,58.97,11.7,14.04,16.38,18.72,21.06,23.4,ShowDailyK_ChartFlow,FinMind_API_TaiwanStockPrice_6751,True,2026-09-24T07:10:44,2026-09-24T07:10:44,2026-09-24T07:10:44
6751,智聯服務,2025-09-11,45.7,-0.29999999999999716,-0.65%,0.78,58.59,11.7,14.04,16.38,18.72,21.06,23.4,ShowDailyK_ChartFlow,FinMind_API_TaiwanStockPrice_6751,True,2026-09-24T07:10:44,2026-09-24T07:10:44,2026-09-24T07:10:44
6751,智聯服務,2025-09-12,45.85,0.14999999999999858,0.33%,0.78,58.78,11.7,14.04,16.38,18.72,21.06,23.4,ShowDailyK_ChartFlow,FinMind_API_TaiwanStockPrice_6751,True,2026-09-24T07:10:44,2026-09-24T07:10:44,2026-09-24T07:10:44
6751,智聯服務,2025-09-15,45.0,-0.8500000000000014,-1.85%,0.78,57.69,11.7,14.04,16.38,18.72,21.06,23.4,ShowDailyK_ChartFlow,FinMind_API_TaiwanStockPrice_6751,True,2026-09-24T07:10:44,2026-09-24T07:10:44,2026-09-24T07:10:44
6751,智聯服務,2025-09-16,45.0,0.0,0.00%,0.78,57.69,11.7,14.04,16.38,18.72,21.06,23.4,ShowDailyK_ChartFlow,FinMind_API_TaiwanStockPrice_6751,True,2026-09-24T07:10:44,2026-09-24T07:10:44,2026-09-24T07:10:44
6751,智聯服務,2025-09-17,45.8,0.7999999999999972,1.78%,0.78,58.72,11.7,14.04,16.38,18.72,21.06,23.4,ShowDailyK_ChartFlow,FinMind_API_TaiwanStockPrice_6751,True,2026-09-24T07:10:44,2026-09-24T07:10:44,2026-09-24T07:10:44
6751,智聯服務,2025-09-18,44.8,-1.0,-2.18%,0.78,57.44,11.7,14.04,16.38,18.72,21.06,23.4,ShowDailyK_ChartFlow,FinMind_API_TaiwanStockPrice_6751,True,2026-09-24T07:10:44,2026-09-24T07:10:44,2026-09-24T07:10:44
6751,智聯服務,2025-09-19,44.9,0.10000000000000142,0.22%,0.78,57.56,11.7,14.04,16.38,18.72,21.06,23.4,ShowDailyK_ChartFlow,FinMind_API_TaiwanStockPrice_6751,True,2026-09-24T07:10:44,2026-09-24T07:10:44,2026-09-24T07:10:44
6751,智聯服務,2025-09-22,45.1,0.20000000000000284,0.45%,0.78,57.82,11.7,14.04,16.38,18.72,21.06,23.4,ShowDailyK_ChartFlow,FinMind_API_TaiwanStockPrice_6751,True,2026-09-24T07:10:44,2026-09-24T07:10:44,2026-09-24T07:10:44
6751,智聯服務,2025-09-23,45.0,-0.10000000000000142,-0.22%,0.78,57.69,11.7,14.04,16.38,18.72,21.06,23.4,ShowDailyK_ChartFlow,FinMind_API_TaiwanStockPrice_6751,True,2026-09-24T07:10:44,2026-09-24T07:10:44,2026-09-24T07:10:44
6751,智聯服務,2025-09-24,44.55,-0.45000000000000284,-1.00%,0.78,57.12,11.7,14.04,16.38,18.72,21.06,23.4,ShowDailyK_ChartFlow,FinMind_API_TaiwanStockPrice_6751,True,2026-09-24T07:10:44,2026-09-24T07:10:44,2026-09-24T07:10:44
6751,智聯服務,2025-09-25,44.3,-0.25,-0.56%,0.78,56.79,11.7,14.04,16.38,18.72,21.06,23.4,ShowDailyK_ChartFlow,FinMind_API_TaiwanStockPrice_6751,True,2026-09-24T07:10:44,2026-09-24T07:10:44,2026-09-24T07:10:44
6751,智聯服務,2025-09-26,43.8,-0.5,-1.13%,0.78,56.15,11.7,14.04,16.38,18.72,21.06,23.4,ShowDailyK_ChartFlow,FinMind_API_TaiwanStockPrice_6751,True,2026-09-24T07:10:44,2026-09-24T07:10:44,2026-09-24T07:10:44
6751,智聯服務,2025-09-30,44.8,1.0,2.28%,5.64,57.44,84.6,101.52,118.44,135.36,152.28,169.2,ShowDailyK_ChartFlow,FinMind_API_TaiwanStockPrice_6751,True,2026-09-24T07:10:44,2026-09-24T07:10:44,2026-09-24T07:10:44
6751,智聯服務,2025-10-01,44.9,0.10000000000000142,0.22%,5.64,57.56,84.6,101.52,118.44,135.36,152.28,169.2,ShowDailyK_ChartFlow,FinMind_API_TaiwanStockPrice_6751,True,2026-09-24T07:10:44,2026-09-24T07:10:44,2026-09-24T07:10:44
6751,智聯服務,2025-10-02,44.6,-0.29999999999999716,-0.67%,5.64,57.18,84.6,101.52,118.44,135.36,152.28,169.2,ShowDailyK_ChartFlow,FinMind_API_TaiwanStockPrice_6751,True,2026-09-24T07:10:44,2026-09-24T07:10:44,2026-09-24T07:10:44
6751,智聯服務,2025-10-03,44.05,-0.5500000000000043,-1.23%,5.64,56.47,84.6,101.52,118.44,135.36,152.28,169.2,ShowDailyK_ChartFlow,FinMind_API_TaiwanStockPrice_6751,True,2026-09-24T07:10:44,2026-09-24T07:10:44,2026-09-24T07:10:44
6751,智聯服務,2025-10-07,44.05,0.0,0.00%,5.64,56.47,84.6,101.52,118.44,135.36,152.28,169.2,ShowDailyK_ChartFlow,FinMind_API_TaiwanStockPrice_6751,True,2026-09-24T07:10:44,2026-09-24T07:10:44,2026-09-24T07:10:44
6751,智聯服務,2025-10-08,44.0,-0.04999999999999716,-0.11%,5.64,56.41,84.6,101.52,118.44,135.36,152.28,169.2,ShowDailyK_ChartFlow,FinMind_API_TaiwanStockPrice_6751,True,2026-09-24T07:10:44,2026-09-24T07:10:44,2026-09-24T07:10:44
6751,智聯服務,2025-10-09,43.7,-0.29999999999999716,-0.68%,5.64,56.03,84.6,101.52,118.44,135.36,152.28,169.2,ShowDailyK_ChartFlow,FinMind_API_TaiwanStockPrice_6751,True,2026-09-24T07:10:44,2026-09-24T07:10:44,2026-09-24T07:10:44
6751,智聯服務,2025-10-13,43.3,-0.4000000000000057,-0.92%,5.64,55.51,84.6,101.52,118.44,135.36,152.28,169.2,ShowDailyK_ChartFlow,FinMind_API_TaiwanStockPrice_6751,True,2026-09-24T07:10:44,2026-09-24T07:10:44,2026-09-24T07:10:44
6751,智聯服務,2025-10-14,43.05,-0.25,-0.58%,5.64,55.19,84.6,101.52,118.44,135.36,152.28,169.2,ShowDailyK_ChartFlow,FinMind_API_TaiwanStockPrice_6751,True,2026-09-24T07:10:44,2026-09-24T07:10:44,2026-09-24T07:10:44
6751,智聯服務,2025-10-15,43.1,0.05000000000000426,0.12%,5.64,55.26,84.6,101.52,118.44,135.36,152.28,169.2,ShowDailyK_ChartFlow,FinMind_API_TaiwanStockPrice_6751,True,2026-09-24T07:10:44,2026-09-24T07:10:44,2026-09-24T07:10:44
6751,智聯服務,2025-10-16,43.1,0.0,0.00%,5.64,55.26,84.6,101.52,118.44,135.36,152.28,169.2,ShowDailyK_ChartFlow,FinMind_API_TaiwanStockPrice_6751,True,2026-09-24T07:10:44,2026-09-24T07:10:44,2026-09-24T07:10:44
6751,智聯服務,2025-10-17,43.55,0.44999999999999574,1.04%,5.64,55.83,84.6,101.52,118.44,135.36,152.28,169.2,ShowDailyK_ChartFlow,FinMind_API_TaiwanStockPrice_6751,True,2026-09-24T07:10:44,2026-09-24T07:10:44,2026-09-24T07:10:44
6751,智聯服務,2025-10-20,43.45,-0.09999999999999432,-0.23%,5.64,55.71,84.6,101.52,118.44,135.36,152.28,169.2,ShowDailyK_ChartFlow,FinMind_API_TaiwanStockPrice_6751,True,2026-09-24T07:10:44,2026-09-24T07:10:44,2026-09-24T07:10:44
6751,智聯服務,2025-10-21,43.9,0.44999999999999574,1.04%,5.64,56.28,84.6,101.52,118.44,135.36,152.28,169.2,ShowDailyK_ChartFlow,FinMind_API_TaiwanStockPrice_6751,True,2026-09-24T07:10:44,2026-09-24T07:10:44,2026-09-24T07:10:44
6751,智聯服務,2025-10-22,43.55,-0.3500000000000014,-0.80%,5.64,55.83,84.6,101.52,118.44,135.36,152.28,169.2,ShowDailyK_ChartFlow,FinMind_API_TaiwanStockPrice_6751,True,2026-09-24T07:10:44,2026-09-24T07:10:44,2026-09-24T07:10:44
6751,智聯服務,2025-10-23,43.25,-0.29999999999999716,-0.69%,5.64,55.45,84.6,101.52,118.44,135.36,152.28,169.2,ShowDailyK_ChartFlow,FinMind_API_TaiwanStockPrice_6751,True,2026-09-24T07:10:44,2026-09-24T07:10:44,2026-09-24T07:10:44
6751,智聯服務,2025-10-27,43.3,0.04999999999999716,0.12%,5.64,55.51,84.6,101.52,118.44,135.36,152.28,169.2,ShowDailyK_ChartFlow,FinMind_API_TaiwanStockPrice_6751,True,2026-09-24T07:10:44,2026-09-24T07:10:44,2026-09-24T07:10:44
6751,智聯服務,2025-10-28,43.5,0.20000000000000284,0.46%,5.64,55.77,84.6,101.52,118.44,135.36,152.28,169.2,ShowDailyK_ChartFlow,FinMind_API_TaiwanStockPrice_6751,True,2026-09-24T07:10:44,2026-09-24T07:10:44,2026-09-24T07:10:44
6751,智聯服務,2025-10-29,43.2,-0.29999999999999716,-0.69%,5.64,55.38,84.6,101.52,118.44,135.36,152.28,169.2,ShowDailyK_ChartFlow,FinMind_API_TaiwanStockPrice_6751,True,2026-09-24T07:10:44,2026-09-24T07:10:44,2026-09-24T07:10:44
6751,智聯服務,2025-10-30,43.2,0.0,0.00%,5.64,55.38,84.6,101.52,118.44,135.36,152.28,169.2,ShowDailyK_ChartFlow,FinMind_API_TaiwanStockPrice_6751,True,2026-09-24T07:10:44,2026-09-24T07:10:44,2026-09-24T07:10:44
6751,智聯服務,2025-10-31,43.8,0.5999999999999943,1.39%,5.64,56.15,84.6,101.52,118.44,135.36,152.28,169.2,ShowDailyK_ChartFlow,FinMind_API_TaiwanStockPrice_6751,True,2026-09-24T07:10:44,2026-09-24T07:10:44,2026-09-24T07:10:44
6751,智聯服務,2025-11-03,44.1,0.30000000000000426,0.68%,5.64,56.54,84.6,101.52,118.44,135.36,152.28,169.2,ShowDailyK_ChartFlow,FinMind_API_TaiwanStockPrice_6751,True,2026-09-24T07:10:44,2026-09-24T07:10:44,2026-09-24T07:10:44
6751,智聯服務,2025-11-04,42.65,-1.4500000000000028,-3.29%,5.64,7.56,84.6,101.52,118.44,135.36,152.28,169.2,ShowDailyK_ChartFlow,FinMind_API_TaiwanStockPrice_6751,True,2026-09-24T07:10:44,2026-09-24T07:10:44,2026-09-24T07:10:44
6751,智聯服務,2025-11-05,46.9,4.25,9.96%,5.64,8.32,84.6,101.52,118.44,135.36,152.28,169.2,ShowDailyK_ChartFlow,FinMind_API_TaiwanStockPrice_6751,True,2026-09-24T07:10:44,2026-09-24T07:10:44,2026-09-24T07:10:44
6751,智聯服務,2025-11-06,51.5,4.600000000000001,9.81%,5.64,9.13,84.6,101.52,118.44,135.36,152.28,169.2,ShowDailyK_ChartFlow,FinMind_API_TaiwanStockPrice_6751,True,2026-09-24T07:10:44,2026-09-24T07:10:44,2026-09-24T07:10:44
6751,智聯服務,2025-11-07,56.6,5.100000000000001,9.90%,5.64,10.04,84.6,101.52,118.44,135.36,152.28,169.2,ShowDailyK_ChartFlow,FinMind_API_TaiwanStockPrice_6751,True,2026-09-24T07:10:44,2026-09-24T07:10:44,2026-09-24T07:10:44
6751,智聯服務,2025-11-10,52.6,-4.0,-7.07%,5.64,9.33,84.6,101.52,118.44,135.36,152.28,169.2,ShowDailyK_ChartFlow,FinMind_API_TaiwanStockPrice_6751,True,2026-09-24T07:10:44,2026-09-24T07:10:44,2026-09-24T07:10:44
6751,智聯服務,2025-11-11,57.6,5.0,9.51%,5.64,10.21,84.6,101.52,118.44,135.36,152.28,169.2,ShowDailyK_ChartFlow,FinMind_API_TaiwanStockPrice_6751,True,2026-09-24T07:10:44,2026-09-24T07:10:44,2026-09-24T07:10:44
6751,智聯服務,2025-11-12,56.0,-1.6000000000000014,-2.78%,5.64,9.93,84.6,101.52,118.44,135.36,152.28,169.2,ShowDailyK_ChartFlow,FinMind_API_TaiwanStockPrice_6751,True,2026-09-24T07:10:44,2026-09-24T07:10:44,2026-09-24T07:10:44
6751,智聯服務,2025-11-13,56.3,0.29999999999999716,0.54%,5.64,9.98,84.6,101.52,118.44,135.36,152.28,169.2,ShowDailyK_ChartFlow,FinMind_API_TaiwanStockPrice_6751,True,2026-09-24T07:10:44,2026-09-24T07:10:44,2026-09-24T07:10:44
6751,智聯服務,2025-11-14,61.9,5.600000000000001,9.95%,5.64,10.98,84.6,101.52,118.44,135.36,152.28,169.2,ShowDailyK_ChartFlow,FinMind_API_TaiwanStockPrice_6751,True,2026-09-24T07:10:44,2026-09-24T07:10:44,2026-09-24T07:10:44
6751,智聯服務,2025-11-17,62.9,1.0,1.62%,5.64,11.15,84.6,101.52,118.44,135.36,152.28,169.2,ShowDailyK_ChartFlow,FinMind_API_TaiwanStockPrice_6751,True,2026-09-24T07:10:44,2026-09-24T07:10:44,2026-09-24T07:10:44
6751,智聯服務,2025-11-18,63.0,0.10000000000000142,0.16%,5.64,11.17,84.6,101.52,118.44,135.36,152.28,169.2,ShowDailyK_ChartFlow,FinMind_API_TaiwanStockPrice_6751,True,2026-09-24T07:10:44,2026-09-24T07:10:44,2026-09-24T07:10:44
6751,智聯服務,2025-11-19,65.0,2.0,3.17%,5.64,11.52,84.6,101.52,118.44,135.36,152.28,169.2,ShowDailyK_ChartFlow,FinMind_API_TaiwanStockPrice_6751,True,2026-09-24T07:10:44,2026-09-24T07:10:44,2026-09-24T07:10:44
6751,智聯服務,2025-11-20,62.6,-2.3999999999999986,-3.69%,5.64,11.1,84.6,101.52,118.44,135.36,152.28,169.2,ShowDailyK_ChartFlow,FinMind_API_TaiwanStockPrice_6751,True,2026-09-24T07:10:44,2026-09-24T07:10:44,2026-09-24T07:10:44
6751,智聯服務,2025-11-21,56.9,-5.700000000000003,-9.11%,5.64,10.09,84.6,101.52,118.44,135.36,152.28,169.2,ShowDailyK_ChartFlow,FinMind_API_TaiwanStockPrice_6751,True,2026-09-24T07:10:44,2026-09-24T07:10:44,2026-09-24T07:10:44
6751,智聯服務,2025-11-24,55.6,-1.2999999999999972,-2.28%,5.64,9.86,84.6,101.52,118.44,135.36,152.28,169.2,ShowDailyK_ChartFlow,FinMind_API_TaiwanStockPrice_6751,True,2026-09-24T07:10:44,2026-09-24T07:10:44,2026-09-24T07:10:44
6751,智聯服務,2025-11-25,56.5,0.8999999999999986,1.62%,5.64,10.02,84.6,101.52,118.44,135.36,152.28,169.2,ShowDailyK_ChartFlow,FinMind_API_TaiwanStockPrice_6751,True,2026-09-24T07:10:44,2026-09-24T07:10:44,2026-09-24T07:10:44
6751,智聯服務,2025-11-26,55.5,-1.0,-1.77%,5.64,9.84,84.6,101.52,118.44,135.36,152.28,169.2,ShowDailyK_ChartFlow,FinMind_API_TaiwanStockPrice_6751,True,2026-09-24T07:10:44,2026-09-24T07:10:44,2026-09-24T07:10:44
6751,智聯服務,2025-11-27,56.5,1.0,1.80%,5.64,10.02,84.6,101.52,118.44,135.36,152.28,169.2,ShowDailyK_ChartFlow,FinMind_API_TaiwanStockPrice_6751,True,2026-09-24T07:10:44,2026-09-24T07:10:44,2026-09-24T07:10:44
6751,智聯服務,2025-11-28,56.2,-0.29999999999999716,-0.53%,5.64,9.96,84.6,101.52,118.44,135.36,152.28,169.2,ShowDailyK_ChartFlow,FinMind_API_TaiwanStockPrice_6751,True,2026-09-24T07:10:44,2026-09-24T07:10:44,2026-09-24T07:10:44
6751,智聯服務,2025-12-01,55.6,-0.6000000000000014,-1.07%,5.64,9.86,84.6,101.52,118.44,135.36,152.28,169.2,ShowDailyK_ChartFlow,FinMind_API_TaiwanStockPrice_6751,True,2026-09-24T07:10:44,2026-09-24T07:10:44,2026-09-24T07:10:44
6751,智聯服務,2025-12-02,53.9,-1.7000000000000028,-3.06%,5.64,9.56,84.6,101.52,118.44,135.36,152.28,169.2,ShowDailyK_ChartFlow,FinMind_API_TaiwanStockPrice_6751,True,2026-09-24T07:10:44,2026-09-24T07:10:44,2026-09-24T07:10:44
6751,智聯服務,2025-12-03,55.3,1.3999999999999986,2.60%,5.64,9.8,84.6,101.52,118.44,135.36,152.28,169.2,ShowDailyK_ChartFlow,FinMind_API_TaiwanStockPrice_6751,True,2026-09-24T07:10:44,2026-09-24T07:10:44,2026-09-24T07:10:44
6751,智聯服務,2025-12-04,54.0,-1.2999999999999972,-2.35%,5.64,9.57,84.6,101.52,118.44,135.36,152.28,169.2,ShowDailyK_ChartFlow,FinMind_API_TaiwanStockPrice_6751,True,2026-09-24T07:10:44,2026-09-24T07:10:44,2026-09-24T07:10:44
6751,智聯服務,2025-12-05,52.3,-1.7000000000000028,-3.15%,5.64,9.27,84.6,101.52,118.44,135.36,152.28,169.2,ShowDailyK_ChartFlow,FinMind_API_TaiwanStockPrice_6751,True,2026-09-24T07:10:44,2026-09-24T07:10:44,2026-09-24T07:10:44
6751,智聯服務,2025-12-08,51.4,-0.8999999999999986,-1.72%,5.64,9.11,84.6,101.52,118.44,135.36,152.28,169.2,ShowDailyK_ChartFlow,FinMind_API_TaiwanStockPrice_6751,True,2026-09-24T07:10:44,2026-09-24T07:10:44,2026-09-24T07:10:44
6751,智聯服務,2025-12-09,54.9,3.5,6.81%,5.64,9.73,84.6,101.52,118.44,135.36,152.28,169.2,ShowDailyK_ChartFlow,FinMind_API_TaiwanStockPrice_6751,True,2026-09-24T07:10:44,2026-09-24T07:10:44,2026-09-24T07:10:44
6751,智聯服務,2025-12-10,53.1,-1.7999999999999972,-3.28%,5.64,9.41,84.6,101.52,118.44,135.36,152.28,169.2,ShowDailyK_ChartFlow,FinMind_API_TaiwanStockPrice_6751,True,2026-09-24T07:10:44,2026-09-24T07:10:44,2026-09-24T07:10:44
6751,智聯服務,2025-12-11,52.1,-1.0,-1.88%,5.64,9.24,84.6,101.52,118.44,135.36,152.28,169.2,ShowDailyK_ChartFlow,FinMind_API_TaiwanStockPrice_6751,True,2026-09-24T07:10:44,2026-09-24T07:10:44,2026-09-24T07:10:44
6751,智聯服務,2025-12-12,51.8,-0.30000000000000426,-0.58%,5.64,9.18,84.6,101.52,118.44,135.36,152.28,169.2,ShowDailyK_ChartFlow,FinMind_API_TaiwanStockPrice_6751,True,2026-09-24T07:10:44,2026-09-24T07:10:44,2026-09-24T07:10:44
6751,智聯服務,2025-12-15,51.7,-0.09999999999999432,-0.19%,5.64,9.17,84.6,101.52,118.44,135.36,152.28,169.2,ShowDailyK_ChartFlow,FinMind_API_TaiwanStockPrice_6751,True,2026-09-24T07:10:44,2026-09-24T07:10:44,2026-09-24T07:10:44
6751,智聯服務,2025-12-16,51.8,0.09999999999999432,0.19%,5.64,9.18,84.6,101.52,118.44,135.36,152.28,169.2,ShowDailyK_ChartFlow,FinMind_API_TaiwanStockPrice_6751,True,2026-09-24T07:10:44,2026-09-24T07:10:44,2026-09-24T07:10:44
6751,智聯服務,2025-12-17,52.6,0.8000000000000043,1.54%,5.64,9.33,84.6,101.52,118.44,135.36,152.28,169.2,ShowDailyK_ChartFlow,FinMind_API_TaiwanStockPrice_6751,True,2026-09-24T07:10:44,2026-09-24T07:10:44,2026-09-24T07:10:44
6751,智聯服務,2025-12-18,52.0,-0.6000000000000014,-1.14%,5.64,9.22,84.6,101.52,118.44,135.36,152.28,169.2,ShowDailyK_ChartFlow,FinMind_API_TaiwanStockPrice_6751,True,2026-09-24T07:10:44,2026-09-24T07:10:44,2026-09-24T07:10:44
6751,智聯服務,2025-12-19,53.0,1.0,1.92%,5.64,9.4,84.6,101.52,118.44,135.36,152.28,169.2,ShowDailyK_ChartFlow,FinMind_API_TaiwanStockPrice_6751,True,2026-09-24T07:10:44,2026-09-24T07:10:44,2026-09-24T07:10:44
6751,智聯服務,2025-12-22,51.9,-1.1000000000000014,-2.08%,5.64,9.2,84.6,101.52,118.44,135.36,152.28,169.2,ShowDailyK_ChartFlow,FinMind_API_TaiwanStockPrice_6751,True,2026-09-24T07:10:44,2026-09-24T07:10:44,2026-09-24T07:10:44
6751,智聯服務,2025-12-23,52.3,0.3999999999999986,0.77%,5.64,9.27,84.6,101.52,118.44,135.36,152.28,169.2,ShowDailyK_ChartFlow,FinMind_API_TaiwanStockPrice_6751,True,2026-09-24T07:10:44,2026-09-24T07:10:44,2026-09-24T07:10:44
6751,智聯服務,2025-12-24,52.1,-0.19999999999999574,-0.38%,5.64,9.24,84.6,101.52,118.44,135.36,152.28,169.2,ShowDailyK_ChartFlow,FinMind_API_TaiwanStockPrice_6751,True,2026-09-24T07:10:44,2026-09-24T07:10:44,2026-09-24T07:10:44
6751,智聯服務,2025-12-26,52.0,-0.10000000000000142,-0.19%,5.64,9.22,84.6,101.52,118.44,135.36,152.28,169.2,ShowDailyK_ChartFlow,FinMind_API_TaiwanStockPrice_6751,True,2026-09-24T07:10:44,2026-09-24T07:10:44,2026-09-24T07:10:44
6751,智聯服務,2025-12-29,51.8,-0.20000000000000284,-0.38%,5.64,9.18,84.6,101.52,118.44,135.36,152.28,169.2,ShowDailyK_ChartFlow,FinMind_API_TaiwanStockPrice_6751,True,2026-09-24T07:10:44,2026-09-24T07:10:44,2026-09-24T07:10:44
6751,智聯服務,2025-12-30,51.8,0.0,0.00%,5.64,9.18,84.6,101.52,118.44,135.36,152.28,169.2,ShowDailyK_ChartFlow,FinMind_API_TaiwanStockPrice_6751,True,2026-09-24T07:10:44,2026-09-24T07:10:44,2026-09-24T07:10:44
6751,智聯服務,2025-12-31,55.0,3.200000000000003,6.18%,5.209999999999999,9.75,78.15,93.78,109.41,125.04,140.67,156.3,ShowDailyK_ChartFlow,FinMind_API_TaiwanStockPrice_6751,True,2026-09-24T07:10:44,2026-09-24T07:10:44,2026-09-24T07:10:44
6751,智聯服務,2026-01-02,58.3,3.299999999999997,6.00%,5.209999999999999,10.34,78.15,93.78,109.41,125.04,140.67,156.3,ShowDailyK_ChartFlow,FinMind_API_TaiwanStockPrice_6751,True,2026-09-24T07:10:44,2026-09-24T07:10:44,2026-09-24T07:10:44
6751,智聯服務,2026-01-05,56.3,-2.0,-3.43%,5.209999999999999,9.98,78.15,93.78,109.41,125.04,140.67,156.3,ShowDailyK_ChartFlow,FinMind_API_TaiwanStockPrice_6751,True,2026-09-24T07:10:44,2026-09-24T07:10:44,2026-09-24T07:10:44
6751,智聯服務,2026-01-06,55.1,-1.1999999999999957,-2.13%,5.209999999999999,9.77,78.15,93.78,109.41,125.04,140.67,156.3,ShowDailyK_ChartFlow,FinMind_API_TaiwanStockPrice_6751,True,2026-09-24T07:10:44,2026-09-24T07:10:44,2026-09-24T07:10:44
6751,智聯服務,2026-01-07,55.3,0.19999999999999574,0.36%,5.209999999999999,9.8,78.15,93.78,109.41,125.04,140.67,156.3,ShowDailyK_ChartFlow,FinMind_API_TaiwanStockPrice_6751,True,2026-09-24T07:10:44,2026-09-24T07:10:44,2026-09-24T07:10:44
6751,智聯服務,2026-01-08,53.9,-1.3999999999999986,-2.53%,5.209999999999999,9.56,78.15,93.78,109.41,125.04,140.67,156.3,ShowDailyK_ChartFlow,FinMind_API_TaiwanStockPrice_6751,True,2026-09-24T07:10:44,2026-09-24T07:10:44,2026-09-24T07:10:44
6751,智聯服務,2026-01-09,54.5,0.6000000000000014,1.11%,5.209999999999999,9.66,78.15,93.78,109.41,125.04,140.67,156.3,ShowDailyK_ChartFlow,FinMind_API_TaiwanStockPrice_6751,True,2026-09-24T07:10:44,2026-09-24T07:10:44,2026-09-24T07:10:44
6751,智聯服務,2026-01-12,54.6,0.10000000000000142,0.18%,5.209999999999999,9.68,78.15,93.78,109.41,125.04,140.67,156.3,ShowDailyK_ChartFlow,FinMind_API_TaiwanStockPrice_6751,True,2026-09-24T07:10:44,2026-09-24T07:10:44,2026-09-24T07:10:44
6751,智聯服務,2026-01-13,54.1,-0.5,-0.92%,5.209999999999999,9.59,78.15,93.78,109.41,125.04,140.67,156.3,ShowDailyK_ChartFlow,FinMind_API_TaiwanStockPrice_6751,True,2026-09-24T07:10:44,2026-09-24T07:10:44,2026-09-24T07:10:44
6751,智聯服務,2026-01-14,56.4,2.299999999999997,4.25%,5.209999999999999,10.0,78.15,93.78,109.41,125.04,140.67,156.3,ShowDailyK_ChartFlow,FinMind_API_TaiwanStockPrice_6751,True,2026-09-24T07:10:44,2026-09-24T07:10:44,2026-09-24T07:10:44
6751,智聯服務,2026-01-15,59.5,3.1000000000000014,5.50%,5.209999999999999,10.55,78.15,93.78,109.41,125.04,140.67,156.3,ShowDailyK_ChartFlow,FinMind_API_TaiwanStockPrice_6751,True,2026-09-24T07:10:44,2026-09-24T07:10:44,2026-09-24T07:10:44
6751,智聯服務,2026-01-16,59.6,0.10000000000000142,0.17%,5.209999999999999,10.57,78.15,93.78,109.41,125.04,140.67,156.3,ShowDailyK_ChartFlow,FinMind_API_TaiwanStockPrice_6751,True,2026-09-24T07:10:44,2026-09-24T07:10:44,2026-09-24T07:10:44
6751,智聯服務,2026-01-19,59.4,-0.20000000000000284,-0.34%,5.209999999999999,10.53,78.15,93.78,109.41,125.04,140.67,156.3,ShowDailyK_ChartFlow,FinMind_API_TaiwanStockPrice_6751,True,2026-09-24T07:10:44,2026-09-24T07:10:44,2026-09-24T07:10:44
6751,智聯服務,2026-01-20,65.3,5.899999999999999,9.93%,5.209999999999999,11.58,78.15,93.78,109.41,125.04,140.67,156.3,ShowDailyK_ChartFlow,FinMind_API_TaiwanStockPrice_6751,True,2026-09-24T07:10:44,2026-09-24T07:10:44,2026-09-24T07:10:44
6751,智聯服務,2026-01-21,63.3,-2.0,-3.06%,5.209999999999999,11.22,78.15,93.78,109.41,125.04,140.67,156.3,ShowDailyK_ChartFlow,FinMind_API_TaiwanStockPrice_6751,True,2026-09-24T07:10:44,2026-09-24T07:10:44,2026-09-24T07:10:44
6751,智聯服務,2026-01-22,69.6,6.299999999999997,9.95%,5.209999999999999,12.34,78.15,93.78,109.41,125.04,140.67,156.3,ShowDailyK_ChartFlow,FinMind_API_TaiwanStockPrice_6751,True,2026-09-24T07:10:44,2026-09-24T07:10:44,2026-09-24T07:10:44
6751,智聯服務,2026-01-23,66.9,-2.6999999999999886,-3.88%,5.209999999999999,11.86,78.15,93.78,109.41,125.04,140.67,156.3,ShowDailyK_ChartFlow,FinMind_API_TaiwanStockPrice_6751,True,2026-09-24T07:10:44,2026-09-24T07:10:44,2026-09-24T07:10:44
6751,智聯服務,2026-01-26,68.8,1.8999999999999915,2.84%,5.209999999999999,12.2,78.15,93.78,109.41,125.04,140.67,156.3,ShowDailyK_ChartFlow,FinMind_API_TaiwanStockPrice_6751,True,2026-09-24T07:10:44,2026-09-24T07:10:44,2026-09-24T07:10:44
6751,智聯服務,2026-01-27,65.7,-3.0999999999999943,-4.51%,5.209999999999999,11.65,78.15,93.78,109.41,125.04,140.67,156.3,ShowDailyK_ChartFlow,FinMind_API_TaiwanStockPrice_6751,True,2026-09-24T07:10:44,2026-09-24T07:10:44,2026-09-24T07:10:44
6751,智聯服務,2026-01-28,67.8,2.0999999999999943,3.20%,5.209999999999999,12.02,78.15,93.78,109.41,125.04,140.67,156.3,ShowDailyK_ChartFlow,FinMind_API_TaiwanStockPrice_6751,True,2026-09-24T07:10:44,2026-09-24T07:10:44,2026-09-24T07:10:44
6751,智聯服務,2026-01-29,66.3,-1.5,-2.21%,5.209999999999999,11.76,78.15,93.78,109.41,125.04,140.67,156.3,ShowDailyK_ChartFlow,FinMind_API_TaiwanStockPrice_6751,True,2026-09-24T07:10:44,2026-09-24T07:10:44,2026-09-24T07:10:44
6751,智聯服務,2026-01-30,64.0,-2.299999999999997,-3.47%,5.209999999999999,11.35,78.15,93.78,109.41,125.04,140.67,156.3,ShowDailyK_ChartFlow,FinMind_API_TaiwanStockPrice_6751,True,2026-09-24T07:10:44,2026-09-24T07:10:44,2026-09-24T07:10:44
6751,智聯服務,2026-02-02,61.3,-2.700000000000003,-4.22%,5.209999999999999,10.87,78.15,93.78,109.41,125.04,140.67,156.3,ShowDailyK_ChartFlow,FinMind_API_TaiwanStockPrice_6751,True,2026-09-24T07:10:44,2026-09-24T07:10:44,2026-09-24T07:10:44
6751,智聯服務,2026-02-03,57.5,-3.799999999999997,-6.20%,5.209999999999999,10.2,78.15,93.78,109.41,125.04,140.67,156.3,ShowDailyK_ChartFlow,FinMind_API_TaiwanStockPrice_6751,True,2026-09-24T07:10:44,2026-09-24T07:10:44,2026-09-24T07:10:44
6751,智聯服務,2026-02-04,58.0,0.5,0.87%,5.209999999999999,10.28,78.15,93.78,109.41,125.04,140.67,156.3,ShowDailyK_ChartFlow,FinMind_API_TaiwanStockPrice_6751,True,2026-09-24T07:10:44,2026-09-24T07:10:44,2026-09-24T07:10:44
6751,智聯服務,2026-02-05,56.4,-1.6000000000000014,-2.76%,5.209999999999999,10.0,78.15,93.78,109.41,125.04,140.67,156.3,ShowDailyK_ChartFlow,FinMind_API_TaiwanStockPrice_6751,True,2026-09-24T07:10:44,2026-09-24T07:10:44,2026-09-24T07:10:44
6751,智聯服務,2026-02-06,55.8,-0.6000000000000014,-1.06%,5.209999999999999,9.89,78.15,93.78,109.41,125.04,140.67,156.3,ShowDailyK_ChartFlow,FinMind_API_TaiwanStockPrice_6751,True,2026-09-24T07:10:44,2026-09-24T07:10:44,2026-09-24T07:10:44
6751,智聯服務,2026-02-09,56.6,0.8000000000000043,1.43%,5.209999999999999,10.04,78.15,93.78,109.41,125.04,140.67,156.3,ShowDailyK_ChartFlow,FinMind_API_TaiwanStockPrice_6751,True,2026-09-24T07:10:44,2026-09-24T07:10:44,2026-09-24T07:10:44
6751,智聯服務,2026-02-10,55.6,-1.0,-1.77%,5.209999999999999,9.86,78.15,93.78,109.41,125.04,140.67,156.3,ShowDailyK_ChartFlow,FinMind_API_TaiwanStockPrice_6751,True,2026-09-24T07:10:44,2026-09-24T07:10:44,2026-09-24T07:10:44
6751,智聯服務,2026-02-11,55.7,0.10000000000000142,0.18%,5.209999999999999,9.88,78.15,93.78,109.41,125.04,140.67,156.3,ShowDailyK_ChartFlow,FinMind_API_TaiwanStockPrice_6751,True,2026-09-24T07:10:44,2026-09-24T07:10:44,2026-09-24T07:10:44
6751,智聯服務,2026-02-23,55.2,-0.5,-0.90%,5.209999999999999,9.79,78.15,93.78,109.41,125.04,140.67,156.3,ShowDailyK_ChartFlow,FinMind_API_TaiwanStockPrice_6751,True,2026-09-24T07:10:44,2026-09-24T07:10:44,2026-09-24T07:10:44
6751,智聯服務,2026-02-24,56.3,1.0999999999999943,1.99%,5.209999999999999,9.98,78.15,93.78,109.41,125.04,140.67,156.3,ShowDailyK_ChartFlow,FinMind_API_TaiwanStockPrice_6751,True,2026-09-24T07:10:44,2026-09-24T07:10:44,2026-09-24T07:10:44
6751,智聯服務,2026-02-25,55.2,-1.0999999999999943,-1.95%,5.209999999999999,9.79,78.15,93.78,109.41,125.04,140.67,156.3,ShowDailyK_ChartFlow,FinMind_API_TaiwanStockPrice_6751,True,2026-09-24T07:10:44,2026-09-24T07:10:44,2026-09-24T07:10:44
6751,智聯服務,2026-02-26,57.2,2.0,3.62%,5.209999999999999,10.14,78.15,93.78,109.41,125.04,140.67,156.3,ShowDailyK_ChartFlow,FinMind_API_TaiwanStockPrice_6751,True,2026-09-24T07:10:44,2026-09-24T07:10:44,2026-09-24T07:10:44
6751,智聯服務,2026-03-02,56.9,-0.30000000000000426,-0.52%,5.209999999999999,10.09,78.15,93.78,109.41,125.04,140.67,156.3,ShowDailyK_ChartFlow,FinMind_API_TaiwanStockPrice_6751,True,2026-09-24T07:10:44,2026-09-24T07:10:44,2026-09-24T07:10:44
6751,智聯服務,2026-03-03,55.8,-1.1000000000000014,-1.93%,5.209999999999999,9.89,78.15,93.78,109.41,125.04,140.67,156.3,ShowDailyK_ChartFlow,FinMind_API_TaiwanStockPrice_6751,True,2026-09-24T07:10:44,2026-09-24T07:10:44,2026-09-24T07:10:44
6751,智聯服務,2026-03-04,54.2,-1.5999999999999943,-2.87%,5.209999999999999,9.61,78.15,93.78,109.41,125.04,140.67,156.3,ShowDailyK_ChartFlow,FinMind_API_TaiwanStockPrice_6751,True,2026-09-24T07:10:44,2026-09-24T07:10:44,2026-09-24T07:10:44
6751,智聯服務,2026-03-05,56.5,2.299999999999997,4.24%,5.209999999999999,10.02,78.15,93.78,109.41,125.04,140.67,156.3,ShowDailyK_ChartFlow,FinMind_API_TaiwanStockPrice_6751,True,2026-09-24T07:10:44,2026-09-24T07:10:44,2026-09-24T07:10:44
6751,智聯服務,2026-03-06,55.3,-1.2000000000000028,-2.12%,5.209999999999999,9.8,78.15,93.78,109.41,125.04,140.67,156.3,ShowDailyK_ChartFlow,FinMind_API_TaiwanStockPrice_6751,True,2026-09-24T07:10:44,2026-09-24T07:10:44,2026-09-24T07:10:44
6751,智聯服務,2026-03-09,51.7,-3.5999999999999943,-6.51%,5.209999999999999,9.17,78.15,93.78,109.41,125.04,140.67,156.3,ShowDailyK_ChartFlow,FinMind_API_TaiwanStockPrice_6751,True,2026-09-24T07:10:44,2026-09-24T07:10:44,2026-09-24T07:10:44
6751,智聯服務,2026-03-10,51.0,-0.7000000000000028,-1.35%,5.209999999999999,9.04,78.15,93.78,109.41,125.04,140.67,156.3,ShowDailyK_ChartFlow,FinMind_API_TaiwanStockPrice_6751,True,2026-09-24T07:10:44,2026-09-24T07:10:44,2026-09-24T07:10:44
6751,智聯服務,2026-03-11,52.7,1.7000000000000028,3.33%,5.209999999999999,10.13,78.15,93.78,109.41,125.04,140.67,156.3,ShowDailyK_ChartFlow,FinMind_API_TaiwanStockPrice_6751,True,2026-09-24T07:10:44,2026-09-24T07:10:44,2026-09-24T07:10:44
6751,智聯服務,2026-03-12,52.5,-0.20000000000000284,-0.38%,5.209999999999999,10.1,78.15,93.78,109.41,125.04,140.67,156.3,ShowDailyK_ChartFlow,FinMind_API_TaiwanStockPrice_6751,True,2026-09-24T07:10:44,2026-09-24T07:10:44,2026-09-24T07:10:44
6751,智聯服務,2026-03-13,52.5,0.0,0.00%,5.209999999999999,10.1,78.15,93.78,109.41,125.04,140.67,156.3,ShowDailyK_ChartFlow,FinMind_API_TaiwanStockPrice_6751,True,2026-09-24T07:10:44,2026-09-24T07:10:44,2026-09-24T07:10:44
6751,智聯服務,2026-03-16,53.3,0.7999999999999972,1.52%,5.209999999999999,10.25,78.15,93.78,109.41,125.04,140.67,156.3,ShowDailyK_ChartFlow,FinMind_API_TaiwanStockPrice_6751,True,2026-09-24T07:10:44,2026-09-24T07:10:44,2026-09-24T07:10:44
6751,智聯服務,2026-03-17,54.5,1.2000000000000028,2.25%,5.209999999999999,10.48,78.15,93.78,109.41,125.04,140.67,156.3,ShowDailyK_ChartFlow,FinMind_API_TaiwanStockPrice_6751,True,2026-09-24T07:10:44,2026-09-24T07:10:44,2026-09-24T07:10:44
6751,智聯服務,2026-03-18,54.0,-0.5,-0.92%,5.209999999999999,10.38,78.15,93.78,109.41,125.04,140.67,156.3,ShowDailyK_ChartFlow,FinMind_API_TaiwanStockPrice_6751,True,2026-09-24T07:10:44,2026-09-24T07:10:44,2026-09-24T07:10:44
6751,智聯服務,2026-03-19,53.2,-0.7999999999999972,-1.48%,5.209999999999999,10.23,78.15,93.78,109.41,125.04,140.67,156.3,ShowDailyK_ChartFlow,FinMind_API_TaiwanStockPrice_6751,True,2026-09-24T07:10:44,2026-09-24T07:10:44,2026-09-24T07:10:44
6751,智聯服務,2026-03-20,54.0,0.7999999999999972,1.50%,5.209999999999999,10.38,78.15,93.78,109.41,125.04,140.67,156.3,ShowDailyK_ChartFlow,FinMind_API_TaiwanStockPrice_6751,True,2026-09-24T07:10:44,2026-09-24T07:10:44,2026-09-24T07:10:44
6751,智聯服務,2026-03-23,52.6,-1.3999999999999986,-2.59%,5.209999999999999,10.12,78.15,93.78,109.41,125.04,140.67,156.3,ShowDailyK_ChartFlow,FinMind_API_TaiwanStockPrice_6751,True,2026-09-24T07:10:44,2026-09-24T07:10:44,2026-09-24T07:10:44
6751,智聯服務,2026-03-24,52.1,-0.5,-0.95%,5.209999999999999,10.02,78.15,93.78,109.41,125.04,140.67,156.3,ShowDailyK_ChartFlow,FinMind_API_TaiwanStockPrice_6751,True,2026-09-24T07:10:44,2026-09-24T07:10:44,2026-09-24T07:10:44
6751,智聯服務,2026-03-25,51.6,-0.5,-0.96%,5.209999999999999,9.92,78.15,93.78,109.41,125.04,140.67,156.3,ShowDailyK_ChartFlow,FinMind_API_TaiwanStockPrice_6751,True,2026-09-24T07:10:44,2026-09-24T07:10:44,2026-09-24T07:10:44
6751,智聯服務,2026-03-26,52.5,0.8999999999999986,1.74%,5.209999999999999,10.1,78.15,93.78,109.41,125.04,140.67,156.3,ShowDailyK_ChartFlow,FinMind_API_TaiwanStockPrice_6751,True,2026-09-24T07:10:44,2026-09-24T07:10:44,2026-09-24T07:10:44
6751,智聯服務,2026-03-27,52.0,-0.5,-0.95%,5.209999999999999,10.0,78.15,93.78,109.41,125.04,140.67,156.3,ShowDailyK_ChartFlow,FinMind_API_TaiwanStockPrice_6751,True,2026-09-24T07:10:44,2026-09-24T07:10:44,2026-09-24T07:10:44
6751,智聯服務,2026-03-30,51.3,-0.7000000000000028,-1.35%,5.209999999999999,9.87,78.15,93.78,109.41,125.04,140.67,156.3,ShowDailyK_ChartFlow,FinMind_API_TaiwanStockPrice_6751,True,2026-09-24T07:10:44,2026-09-24T07:10:44,2026-09-24T07:10:44
6751,智聯服務,2026-03-31,50.1,-1.1999999999999957,-2.34%,5.1899999999999995,9.63,77.85,93.42,108.99,124.56,140.13,155.7,ShowDailyK_ChartFlow,FinMind_API_TaiwanStockPrice_6751,True,2026-09-24T07:10:44,2026-09-24T07:10:44,2026-09-24T07:10:44
6751,智聯服務,2026-04-01,50.4,0.29999999999999716,0.60%,5.1899999999999995,9.69,77.85,93.42,108.99,124.56,140.13,155.7,ShowDailyK_ChartFlow,FinMind_API_TaiwanStockPrice_6751,True,2026-09-24T07:10:44,2026-09-24T07:10:44,2026-09-24T07:10:44
6751,智聯服務,2026-04-02,50.5,0.10000000000000142,0.20%,5.1899999999999995,9.71,77.85,93.42,108.99,124.56,140.13,155.7,ShowDailyK_ChartFlow,FinMind_API_TaiwanStockPrice_6751,True,2026-09-24T07:10:44,2026-09-24T07:10:44,2026-09-24T07:10:44
6751,智聯服務,2026-04-07,50.4,-0.10000000000000142,-0.20%,5.1899999999999995,9.69,77.85,93.42,108.99,124.56,140.13,155.7,ShowDailyK_ChartFlow,FinMind_API_TaiwanStockPrice_6751,True,2026-09-24T07:10:44,2026-09-24T07:10:44,2026-09-24T07:10:44
6751,智聯服務,2026-04-08,50.6,0.20000000000000284,0.40%,5.1899999999999995,9.73,77.85,93.42,108.99,124.56,140.13,155.7,ShowDailyK_ChartFlow,FinMind_API_TaiwanStockPrice_6751,True,2026-09-24T07:10:44,2026-09-24T07:10:44,2026-09-24T07:10:44
6751,智聯服務,2026-04-09,51.9,1.2999999999999972,2.57%,5.1899999999999995,9.98,77.85,93.42,108.99,124.56,140.13,155.7,ShowDailyK_ChartFlow,FinMind_API_TaiwanStockPrice_6751,True,2026-09-24T07:10:44,2026-09-24T07:10:44,2026-09-24T07:10:44
6751,智聯服務,2026-04-10,51.2,-0.6999999999999957,-1.35%,5.1899999999999995,9.85,77.85,93.42,108.99,124.56,140.13,155.7,ShowDailyK_ChartFlow,FinMind_API_TaiwanStockPrice_6751,True,2026-09-24T07:10:44,2026-09-24T07:10:44,2026-09-24T07:10:44
6751,智聯服務,2026-04-13,51.6,0.3999999999999986,0.78%,5.1899999999999995,9.92,77.85,93.42,108.99,124.56,140.13,155.7,ShowDailyK_ChartFlow,FinMind_API_TaiwanStockPrice_6751,True,2026-09-24T07:10:44,2026-09-24T07:10:44,2026-09-24T07:10:44
6751,智聯服務,2026-04-14,52.0,0.3999999999999986,0.78%,5.1899999999999995,10.0,77.85,93.42,108.99,124.56,140.13,155.7,ShowDailyK_ChartFlow,FinMind_API_TaiwanStockPrice_6751,True,2026-09-24T07:10:44,2026-09-24T07:10:44,2026-09-24T07:10:44
6751,智聯服務,2026-04-15,52.2,0.20000000000000284,0.38%,5.1899999999999995,10.04,77.85,93.42,108.99,124.56,140.13,155.7,ShowDailyK_ChartFlow,FinMind_API_TaiwanStockPrice_6751,True,2026-09-24T07:10:44,2026-09-24T07:10:44,2026-09-24T07:10:44
6751,智聯服務,2026-04-16,51.7,-0.5,-0.96%,5.1899999999999995,9.94,77.85,93.42,108.99,124.56,140.13,155.7,ShowDailyK_ChartFlow,FinMind_API_TaiwanStockPrice_6751,True,2026-09-24T07:10:44,2026-09-24T07:10:44,2026-09-24T07:10:44
6751,智聯服務,2026-04-17,51.0,-0.7000000000000028,-1.35%,5.1899999999999995,9.81,77.85,93.42,108.99,124.56,140.13,155.7,ShowDailyK_ChartFlow,FinMind_API_TaiwanStockPrice_6751,True,2026-09-24T07:10:44,2026-09-24T07:10:44,2026-09-24T07:10:44
6751,智聯服務,2026-04-20,50.0,-1.0,-1.96%,5.1899999999999995,9.62,77.85,93.42,108.99,124.56,140.13,155.7,ShowDailyK_ChartFlow,FinMind_API_TaiwanStockPrice_6751,True,2026-09-24T07:10:44,2026-09-24T07:10:44,2026-09-24T07:10:44
6751,智聯服務,2026-04-21,50.6,0.6000000000000014,1.20%,5.1899999999999995,9.73,77.85,93.42,108.99,124.56,140.13,155.7,ShowDailyK_ChartFlow,FinMind_API_TaiwanStockPrice_6751,True,2026-09-24T07:10:44,2026-09-24T07:10:44,2026-09-24T07:10:44
6751,智聯服務,2026-04-22,52.3,1.6999999999999957,3.36%,5.1899999999999995,10.06,77.85,93.42,108.99,124.56,140.13,155.7,ShowDailyK_ChartFlow,FinMind_API_TaiwanStockPrice_6751,True,2026-09-24T07:10:44,2026-09-24T07:10:44,2026-09-24T07:10:44
6751,智聯服務,2026-04-23,52.0,-0.29999999999999716,-0.57%,5.1899999999999995,10.0,77.85,93.42,108.99,124.56,140.13,155.7,ShowDailyK_ChartFlow,FinMind_API_TaiwanStockPrice_6751,True,2026-09-24T07:10:44,2026-09-24T07:10:44,2026-09-24T07:10:44
6751,智聯服務,2026-04-24,52.4,0.3999999999999986,0.77%,5.1899999999999995,10.08,77.85,93.42,108.99,124.56,140.13,155.7,ShowDailyK_ChartFlow,FinMind_API_TaiwanStockPrice_6751,True,2026-09-24T07:10:44,2026-09-24T07:10:44,2026-09-24T07:10:44
6751,智聯服務,2026-04-27,52.1,-0.29999999999999716,-0.57%,5.1899999999999995,10.02,77.85,93.42,108.99,124.56,140.13,155.7,ShowDailyK_ChartFlow,FinMind_API_TaiwanStockPrice_6751,True,2026-09-24T07:10:44,2026-09-24T07:10:44,2026-09-24T07:10:44
6751,智聯服務,2026-04-28,52.1,0.0,0.00%,5.1899999999999995,10.02,77.85,93.42,108.99,124.56,140.13,155.7,ShowDailyK_ChartFlow,FinMind_API_TaiwanStockPrice_6751,True,2026-09-24T07:10:44,2026-09-24T07:10:44,2026-09-24T07:10:44
6751,智聯服務,2026-04-29,51.9,-0.20000000000000284,-0.38%,5.1899999999999995,9.98,77.85,93.42,108.99,124.56,140.13,155.7,ShowDailyK_ChartFlow,FinMind_API_TaiwanStockPrice_6751,True,2026-09-24T07:10:44,2026-09-24T07:10:44,2026-09-24T07:10:44
6751,智聯服務,2026-04-30,51.8,-0.10000000000000142,-0.19%,5.1899999999999995,9.96,77.85,93.42,108.99,124.56,140.13,155.7,ShowDailyK_ChartFlow,FinMind_API_TaiwanStockPrice_6751,True,2026-09-24T07:10:44,2026-09-24T07:10:44,2026-09-24T07:10:44
6751,智聯服務,2026-05-04,51.8,0.0,0.00%,5.1899999999999995,9.96,77.85,93.42,108.99,124.56,140.13,155.7,ShowDailyK_ChartFlow,FinMind_API_TaiwanStockPrice_6751,True,2026-09-24T07:10:44,2026-09-24T07:10:44,2026-09-24T07:10:44
6751,智聯服務,2026-05-05,52.9,1.1000000000000014,2.12%,5.1899999999999995,10.17,77.85,93.42,108.99,124.56,140.13,155.7,ShowDailyK_ChartFlow,FinMind_API_TaiwanStockPrice_6751,True,2026-09-24T07:10:44,2026-09-24T07:10:44,2026-09-24T07:10:44
6751,智聯服務,2026-05-06,51.3,-1.6000000000000014,-3.02%,5.1899999999999995,9.88,77.85,93.42,108.99,124.56,140.13,155.7,ShowDailyK_ChartFlow,FinMind_API_TaiwanStockPrice_6751,True,2026-09-24T07:10:44,2026-09-24T07:10:44,2026-09-24T07:10:44
6751,智聯服務,2026-05-07,51.0,-0.29999999999999716,-0.58%,5.1899999999999995,9.83,77.85,93.42,108.99,124.56,140.13,155.7,ShowDailyK_ChartFlow,FinMind_API_TaiwanStockPrice_6751,True,2026-09-24T07:10:44,2026-09-24T07:10:44,2026-09-24T07:10:44
6751,智聯服務,2026-05-08,50.0,-1.0,-1.96%,5.1899999999999995,9.63,77.85,93.42,108.99,124.56,140.13,155.7,ShowDailyK_ChartFlow,FinMind_API_TaiwanStockPrice_6751,True,2026-09-24T07:10:44,2026-09-24T07:10:44,2026-09-24T07:10:44
6751,智聯服務,2026-05-11,49.4,-0.6000000000000014,-1.20%,5.1899999999999995,9.52,77.85,93.42,108.99,124.56,140.13,155.7,ShowDailyK_ChartFlow,FinMind_API_TaiwanStockPrice_6751,True,2026-09-24T07:10:44,2026-09-24T07:10:44,2026-09-24T07:10:44
6751,智聯服務,2026-05-12,48.8,-0.6000000000000014,-1.21%,5.1899999999999995,9.4,77.85,93.42,108.99,124.56,140.13,155.7,ShowDailyK_ChartFlow,FinMind_API_TaiwanStockPrice_6751,True,2026-09-24T07:10:44,2026-09-24T07:10:44,2026-09-24T07:10:44
6751,智聯服務,2026-05-13,48.3,-0.5,-1.02%,5.1899999999999995,9.31,77.85,93.42,108.99,124.56,140.13,155.7,ShowDailyK_ChartFlow,FinMind_API_TaiwanStockPrice_6751,True,2026-09-24T07:10:44,2026-09-24T07:10:44,2026-09-24T07:10:44
6751,智聯服務,2026-05-14,48.0,-0.29999999999999716,-0.62%,5.1899999999999995,9.25,77.85,93.42,108.99,124.56,140.13,155.7,ShowDailyK_ChartFlow,FinMind_API_TaiwanStockPrice_6751,True,2026-09-24T07:10:44,2026-09-24T07:10:44,2026-09-24T07:10:44
6751,智聯服務,2026-05-15,46.1,-1.8999999999999986,-3.96%,5.1899999999999995,8.88,77.85,93.42,108.99,124.56,140.13,155.7,ShowDailyK_ChartFlow,FinMind_API_TaiwanStockPrice_6751,True,2026-09-24T07:10:44,2026-09-24T07:10:44,2026-09-24T07:10:44
6751,智聯服務,2026-05-18,45.6,-0.5,-1.08%,5.1899999999999995,8.79,77.85,93.42,108.99,124.56,140.13,155.7,ShowDailyK_ChartFlow,FinMind_API_TaiwanStockPrice_6751,True,2026-09-24T07:10:44,2026-09-24T07:10:44,2026-09-24T07:10:44
6751,智聯服務,2026-05-19,46.65,1.0499999999999972,2.30%,5.1899999999999995,8.99,77.85,93.42,108.99,124.56,140.13,155.7,ShowDailyK_ChartFlow,FinMind_API_TaiwanStockPrice_6751,True,2026-09-24T07:10:44,2026-09-24T07:10:44,2026-09-24T07:10:44
6751,智聯服務,2026-05-20,47.0,0.3500000000000014,0.75%,5.1899999999999995,9.06,77.85,93.42,108.99,124.56,140.13,155.7,ShowDailyK_ChartFlow,FinMind_API_TaiwanStockPrice_6751,True,2026-09-24T07:10:44,2026-09-24T07:10:44,2026-09-24T07:10:44
6751,智聯服務,2026-05-21,47.7,0.7000000000000028,1.49%,5.1899999999999995,9.19,77.85,93.42,108.99,124.56,140.13,155.7,ShowDailyK_ChartFlow,FinMind_API_TaiwanStockPrice_6751,True,2026-09-24T07:10:44,2026-09-24T07:10:44,2026-09-24T07:10:44
6751,智聯服務,2026-05-22,47.5,-0.20000000000000284,-0.42%,5.1899999999999995,9.15,77.85,93.42,108.99,124.56,140.13,155.7,ShowDailyK_ChartFlow,FinMind_API_TaiwanStockPrice_6751,True,2026-09-24T07:10:44,2026-09-24T07:10:44,2026-09-24T07:10:44
6751,智聯服務,2026-05-25,47.55,0.04999999999999716,0.11%,5.1899999999999995,9.16,77.85,93.42,108.99,124.56,140.13,155.7,ShowDailyK_ChartFlow,FinMind_API_TaiwanStockPrice_6751,True,2026-09-24T07:10:44,2026-09-24T07:10:44,2026-09-24T07:10:44
6751,智聯服務,2026-05-26,47.5,-0.04999999999999716,-0.11%,5.1899999999999995,9.15,77.85,93.42,108.99,124.56,140.13,155.7,ShowDailyK_ChartFlow,FinMind_API_TaiwanStockPrice_6751,True,2026-09-24T07:10:44,2026-09-24T07:10:44,2026-09-24T07:10:44
6751,智聯服務,2026-05-27,47.65,0.14999999999999858,0.32%,5.1899999999999995,9.18,77.85,93.42,108.99,124.56,140.13,155.7,ShowDailyK_ChartFlow,FinMind_API_TaiwanStockPrice_6751,True,2026-09-24T07:10:44,2026-09-24T07:10:44,2026-09-24T07:10:44
6751,智聯服務,2026-05-28,47.05,-0.6000000000000014,-1.26%,5.1899999999999995,9.07,77.85,93.42,108.99,124.56,140.13,155.7,ShowDailyK_ChartFlow,FinMind_API_TaiwanStockPrice_6751,True,2026-09-24T07:10:44,2026-09-24T07:10:44,2026-09-24T07:10:44
6751,智聯服務,2026-05-29,46.95,-0.09999999999999432,-0.21%,5.1899999999999995,9.05,77.85,93.42,108.99,124.56,140.13,155.7,ShowDailyK_ChartFlow,FinMind_API_TaiwanStockPrice_6751,True,2026-09-24T07:10:44,2026-09-24T07:10:44,2026-09-24T07:10:44
6751,智聯服務,2026-06-01,50.5,3.549999999999997,7.56%,5.1899999999999995,9.73,77.85,93.42,108.99,124.56,140.13,155.7,ShowDailyK_ChartFlow,FinMind_API_TaiwanStockPrice_6751,True,2026-09-24T07:10:44,2026-09-24T07:10:44,2026-09-24T07:10:44
6751,智聯服務,2026-06-02,50.9,0.3999999999999986,0.79%,5.1899999999999995,9.81,77.85,93.42,108.99,124.56,140.13,155.7,ShowDailyK_ChartFlow,FinMind_API_TaiwanStockPrice_6751,True,2026-09-24T07:10:44,2026-09-24T07:10:44,2026-09-24T07:10:44
6751,智聯服務,2026-06-03,51.5,0.6000000000000014,1.18%,5.1899999999999995,9.92,77.85,93.42,108.99,124.56,140.13,155.7,ShowDailyK_ChartFlow,FinMind_API_TaiwanStockPrice_6751,True,2026-09-24T07:10:44,2026-09-24T07:10:44,2026-09-24T07:10:44
6751,智聯服務,2026-06-04,50.6,-0.8999999999999986,-1.75%,5.1899999999999995,9.75,77.85,93.42,108.99,124.56,140.13,155.7,ShowDailyK_ChartFlow,FinMind_API_TaiwanStockPrice_6751,True,2026-09-24T07:10:44,2026-09-24T07:10:44,2026-09-24T07:10:44
6751,智聯服務,2026-06-05,49.7,-0.8999999999999986,-1.78%,5.1899999999999995,9.58,77.85,93.42,108.99,124.56,140.13,155.7,ShowDailyK_ChartFlow,FinMind_API_TaiwanStockPrice_6751,True,2026-09-24T07:10:44,2026-09-24T07:10:44,2026-09-24T07:10:44
6751,智聯服務,2026-06-08,48.2,-1.5,-3.02%,5.1899999999999995,9.29,77.85,93.42,108.99,124.56,140.13,155.7,ShowDailyK_ChartFlow,FinMind_API_TaiwanStockPrice_6751,True,2026-09-24T07:10:44,2026-09-24T07:10:44,2026-09-24T07:10:44
6751,智聯服務,2026-06-09,49.5,1.2999999999999972,2.70%,5.1899999999999995,9.54,77.85,93.42,108.99,124.56,140.13,155.7,ShowDailyK_ChartFlow,FinMind_API_TaiwanStockPrice_6751,True,2026-09-24T07:10:44,2026-09-24T07:10:44,2026-09-24T07:10:44
6751,智聯服務,2026-06-10,48.35,-1.1499999999999986,-2.32%,5.1899999999999995,9.32,77.85,93.42,108.99,124.56,140.13,155.7,ShowDailyK_ChartFlow,FinMind_API_TaiwanStockPrice_6751,True,2026-09-24T07:10:44,2026-09-24T07:10:44,2026-09-24T07:10:44
6751,智聯服務,2026-06-11,47.25,-1.1000000000000014,-2.28%,5.1899999999999995,9.1,77.85,93.42,108.99,124.56,140.13,155.7,ShowDailyK_ChartFlow,FinMind_API_TaiwanStockPrice_6751,True,2026-09-24T07:10:44,2026-09-24T07:10:44,2026-09-24T07:10:44
6751,智聯服務,2026-06-12,48.7,1.4500000000000028,3.07%,5.1899999999999995,9.38,77.85,93.42,108.99,124.56,140.13,155.7,ShowDailyK_ChartFlow,FinMind_API_TaiwanStockPrice_6751,True,2026-09-24T07:10:44,2026-09-24T07:10:44,2026-09-24T07:10:44
6751,智聯服務,2026-06-15,48.5,-0.20000000000000284,-0.41%,5.1899999999999995,9.34,77.85,93.42,108.99,124.56,140.13,155.7,ShowDailyK_ChartFlow,FinMind_API_TaiwanStockPrice_6751,True,2026-09-24T07:10:44,2026-09-24T07:10:44,2026-09-24T07:10:44
6751,智聯服務,2026-06-16,48.85,0.3500000000000014,0.72%,5.1899999999999995,9.41,77.85,93.42,108.99,124.56,140.13,155.7,ShowDailyK_ChartFlow,FinMind_API_TaiwanStockPrice_6751,True,2026-09-24T07:10:44,2026-09-24T07:10:44,2026-09-24T07:10:44
6751,智聯服務,2026-06-17,48.35,-0.5,-1.02%,5.1899999999999995,9.32,77.85,93.42,108.99,124.56,140.13,155.7,ShowDailyK_ChartFlow,FinMind_API_TaiwanStockPrice_6751,True,2026-09-24T07:10:44,2026-09-24T07:10:44,2026-09-24T07:10:44
6751,智聯服務,2026-06-18,48.45,0.10000000000000142,0.21%,5.1899999999999995,9.34,77.85,93.42,108.99,124.56,140.13,155.7,ShowDailyK_ChartFlow,FinMind_API_TaiwanStockPrice_6751,True,2026-09-24T07:10:44,2026-09-24T07:10:44,2026-09-24T07:10:44
6751,智聯服務,2026-06-22,48.85,0.3999999999999986,0.83%,5.1899999999999995,9.41,77.85,93.42,108.99,124.56,140.13,155.7,ShowDailyK_ChartFlow,FinMind_API_TaiwanStockPrice_6751,True,2026-09-24T07:10:44,2026-09-24T07:10:44,2026-09-24T07:10:44
6751,智聯服務,2026-06-23,48.4,-0.45000000000000284,-0.92%,5.1899999999999995,9.33,77.85,93.42,108.99,124.56,140.13,155.7,ShowDailyK_ChartFlow,FinMind_API_TaiwanStockPrice_6751,True,2026-09-24T07:10:44,2026-09-24T07:10:44,2026-09-24T07:10:44
6751,智聯服務,2026-06-24,49.5,1.1000000000000014,2.27%,5.1899999999999995,9.54,77.85,93.42,108.99,124.56,140.13,155.7,ShowDailyK_ChartFlow,FinMind_API_TaiwanStockPrice_6751,True,2026-09-24T07:10:44,2026-09-24T07:10:44,2026-09-24T07:10:44
6751,智聯服務,2026-06-25,45.35,-4.149999999999999,-8.38%,5.1899999999999995,8.74,77.85,93.42,108.99,124.56,140.13,155.7,ShowDailyK_ChartFlow,FinMind_API_TaiwanStockPrice_6751,True,2026-09-24T07:10:44,2026-09-24T07:10:44,2026-09-24T07:10:44
6751,智聯服務,2026-06-26,44.9,-0.45000000000000284,-0.99%,5.1899999999999995,8.65,77.85,93.42,108.99,124.56,140.13,155.7,ShowDailyK_ChartFlow,FinMind_API_TaiwanStockPrice_6751,True,2026-09-24T07:10:44,2026-09-24T07:10:44,2026-09-24T07:10:44
6751,智聯服務,2026-06-29,44.7,-0.19999999999999574,-0.45%,5.1899999999999995,8.61,77.85,93.42,108.99,124.56,140.13,155.7,ShowDailyK_ChartFlow,FinMind_API_TaiwanStockPrice_6751,True,2026-09-24T07:10:44,2026-09-24T07:10:44,2026-09-24T07:10:44
6751,智聯服務,2026-06-30,44.9,0.19999999999999574,0.45%,5.77,8.65,86.55,103.86,121.17,138.48,155.79,173.1,ShowDailyK_ChartFlow,FinMind_API_TaiwanStockPrice_6751,True,2026-09-24T07:10:44,2026-09-24T07:10:44,2026-09-24T07:10:44
6751,智聯服務,2026-07-01,44.4,-0.5,-1.11%,5.77,8.55,86.55,103.86,121.17,138.48,155.79,173.1,ShowDailyK_ChartFlow,FinMind_API_TaiwanStockPrice_6751,True,2026-09-24T07:10:44,2026-09-24T07:10:44,2026-09-24T07:10:44
6751,智聯服務,2026-07-02,44.35,-0.04999999999999716,-0.11%,5.77,8.55,86.55,103.86,121.17,138.48,155.79,173.1,ShowDailyK_ChartFlow,FinMind_API_TaiwanStockPrice_6751,True,2026-09-24T07:10:44,2026-09-24T07:10:44,2026-09-24T07:10:44
6751,智聯服務,2026-07-03,44.7,0.3500000000000014,0.79%,5.77,8.61,86.55,103.86,121.17,138.48,155.79,173.1,ShowDailyK_ChartFlow,FinMind_API_TaiwanStockPrice_6751,True,2026-09-24T07:10:44,2026-09-24T07:10:44,2026-09-24T07:10:44
6751,智聯服務,2026-07-06,44.4,-0.30000000000000426,-0.67%,5.77,8.55,86.55,103.86,121.17,138.48,155.79,173.1,ShowDailyK_ChartFlow,FinMind_API_TaiwanStockPrice_6751,True,2026-09-24T07:10:44,2026-09-24T07:10:44,2026-09-24T07:10:44
6751,智聯服務,2026-07-07,43.3,-1.1000000000000014,-2.48%,5.77,8.34,86.55,103.86,121.17,138.48,155.79,173.1,ShowDailyK_ChartFlow,FinMind_API_TaiwanStockPrice_6751,True,2026-09-24T07:10:44,2026-09-24T07:10:44,2026-09-24T07:10:44
6751,智聯服務,2026-07-08,42.6,-0.6999999999999957,-1.62%,5.77,8.21,86.55,103.86,121.17,138.48,155.79,173.1,ShowDailyK_ChartFlow,FinMind_API_TaiwanStockPrice_6751,True,2026-09-24T07:10:44,2026-09-24T07:10:44,2026-09-24T07:10:44
6751,智聯服務,2026-07-09,43.2,0.6000000000000014,1.41%,5.77,8.32,86.55,103.86,121.17,138.48,155.79,173.1,ShowDailyK_ChartFlow,FinMind_API_TaiwanStockPrice_6751,True,2026-09-24T07:10:44,2026-09-24T07:10:44,2026-09-24T07:10:44
6751,智聯服務,2026-07-13,41.85,-1.3500000000000014,-3.13%,5.77,8.06,86.55,103.86,121.17,138.48,155.79,173.1,ShowDailyK_ChartFlow,FinMind_API_TaiwanStockPrice_6751,True,2026-09-24T07:10:44,2026-09-24T07:10:44,2026-09-24T07:10:44
6751,智聯服務,2026-07-14,40.7,-1.1499999999999986,-2.75%,5.77,7.84,86.55,103.86,121.17,138.48,155.79,173.1,ShowDailyK_ChartFlow,FinMind_API_TaiwanStockPrice_6751,True,2026-09-24T07:10:44,2026-09-24T07:10:44,2026-09-24T07:10:44
6751,智聯服務,2026-07-15,40.85,0.14999999999999858,0.37%,5.77,7.87,86.55,103.86,121.17,138.48,155.79,173.1,ShowDailyK_ChartFlow,FinMind_API_TaiwanStockPrice_6751,True,2026-09-24T07:10:44,2026-09-24T07:10:44,2026-09-24T07:10:44
6751,智聯服務,2026-07-16,40.85,0.0,0.00%,5.77,7.87,86.55,103.86,121.17,138.48,155.79,173.1,ShowDailyK_ChartFlow,FinMind_API_TaiwanStockPrice_6751,True,2026-09-24T07:10:44,2026-09-24T07:10:44,2026-09-24T07:10:44
6751,智聯服務,2026-07-17,40.05,-0.8000000000000043,-1.96%,5.77,7.72,86.55,103.86,121.17,138.48,155.79,173.1,ShowDailyK_ChartFlow,FinMind_API_TaiwanStockPrice_6751,True,2026-09-24T07:10:44,2026-09-24T07:10:44,2026-09-24T07:10:44
6751,智聯服務,2026-07-20,40.0,-0.04999999999999716,-0.12%,5.77,7.71,86.55,103.86,121.17,138.48,155.79,173.1,ShowDailyK_ChartFlow,FinMind_API_TaiwanStockPrice_6751,True,2026-09-24T07:10:44,2026-09-24T07:10:44,2026-09-24T07:10:44
6751,智聯服務,2026-07-21,40.9,0.8999999999999986,2.25%,5.77,7.88,86.55,103.86,121.17,138.48,155.79,173.1,ShowDailyK_ChartFlow,FinMind_API_TaiwanStockPrice_6751,True,2026-09-24T07:10:44,2026-09-24T07:10:44,2026-09-24T07:10:44
6751,智聯服務,2026-07-22,40.9,0.0,0.00%,5.77,7.88,86.55,103.86,121.17,138.48,155.79,173.1,ShowDailyK_ChartFlow,FinMind_API_TaiwanStockPrice_6751,True,2026-09-24T07:10:44,2026-09-24T07:10:44,2026-09-24T07:10:44
6751,智聯服務,2026-07-23,41.4,0.5,1.22%,5.77,7.98,86.55,103.86,121.17,138.48,155.79,173.1,ShowDailyK_ChartFlow,FinMind_API_TaiwanStockPrice_6751,True,2026-09-24T07:10:44,2026-09-24T07:10:44,2026-09-24T07:10:44
6751,智聯服務,2026-07-24,40.35,-1.0499999999999972,-2.54%,5.77,7.77,86.55,103.86,121.17,138.48,155.79,173.1,ShowDailyK_ChartFlow,FinMind_API_TaiwanStockPrice_6751,True,2026-09-24T07:10:44,2026-09-24T07:10:44,2026-09-24T07:10:44
6751,智聯服務,2026-07-27,40.4,0.04999999999999716,0.12%,5.77,7.78,86.55,103.86,121.17,138.48,155.79,173.1,ShowDailyK_ChartFlow,FinMind_API_TaiwanStockPrice_6751,True,2026-09-24T07:10:44,2026-09-24T07:10:44,2026-09-24T07:10:44
6751,智聯服務,2026-07-28,40.3,-0.10000000000000142,-0.25%,5.77,7.76,86.55,103.86,121.17,138.48,155.79,173.1,ShowDailyK_ChartFlow,FinMind_API_TaiwanStockPrice_6751,True,2026-09-24T07:10:44,2026-09-24T07:10:44,2026-09-24T07:10:44
6751,智聯服務,2026-07-29,39.95,-0.3499999999999943,-0.87%,5.77,7.7,86.55,103.86,121.17,138.48,155.79,173.1,ShowDailyK_ChartFlow,FinMind_API_TaiwanStockPrice_6751,True,2026-09-24T07:10:44,2026-09-24T07:10:44,2026-09-24T07:10:44
6751,智聯服務,2026-07-30,39.15,-0.8000000000000043,-2.00%,5.77,7.54,86.55,103.86,121.17,138.48,155.79,173.1,ShowDailyK_ChartFlow,FinMind_API_TaiwanStockPrice_6751,True,2026-09-24T07:10:44,2026-09-24T07:10:44,2026-09-24T07:10:44
6751,智聯服務,2026-07-31,39.55,0.3999999999999986,1.02%,5.77,7.62,86.55,103.86,121.17,138.48,155.79,173.1,ShowDailyK_ChartFlow,FinMind_API_TaiwanStockPrice_6751,True,2026-09-24T07:10:44,2026-09-24T07:10:44,2026-09-24T07:10:44
6751,智聯服務,2026-08-03,40.4,0.8500000000000014,2.15%,5.77,7.78,86.55,103.86,121.17,138.48,155.79,173.1,ShowDailyK_ChartFlow,FinMind_API_TaiwanStockPrice_6751,True,2026-09-24T07:10:44,2026-09-24T07:10:44,2026-09-24T07:10:44
6751,智聯服務,2026-08-04,41.5,1.1000000000000014,2.72%,5.77,7.19,86.55,103.86,121.17,138.48,155.79,173.1,ShowDailyK_ChartFlow,FinMind_API_TaiwanStockPrice_6751,True,2026-09-24T07:10:44,2026-09-24T07:10:44,2026-09-24T07:10:44
6751,智聯服務,2026-08-05,41.0,-0.5,-1.20%,5.77,7.11,86.55,103.86,121.17,138.48,155.79,173.1,ShowDailyK_ChartFlow,FinMind_API_TaiwanStockPrice_6751,True,2026-09-24T07:10:44,2026-09-24T07:10:44,2026-09-24T07:10:44
6751,智聯服務,2026-08-06,41.65,0.6499999999999986,1.59%,5.77,7.22,86.55,103.86,121.17,138.48,155.79,173.1,ShowDailyK_ChartFlow,FinMind_API_TaiwanStockPrice_6751,True,2026-09-24T07:10:44,2026-09-24T07:10:44,2026-09-24T07:10:44
6751,智聯服務,2026-08-07,41.85,0.20000000000000284,0.48%,5.77,7.25,86.55,103.86,121.17,138.48,155.79,173.1,ShowDailyK_ChartFlow,FinMind_API_TaiwanStockPrice_6751,True,2026-09-24T07:10:44,2026-09-24T07:10:44,2026-09-24T07:10:44
6751,智聯服務,2026-08-10,41.55,-0.30000000000000426,-0.72%,5.77,7.2,86.55,103.86,121.17,138.48,155.79,173.1,ShowDailyK_ChartFlow,FinMind_API_TaiwanStockPrice_6751,True,2026-09-24T07:10:44,2026-09-24T07:10:44,2026-09-24T07:10:44
6751,智聯服務,2026-08-11,41.35,-0.19999999999999574,-0.48%,5.77,7.17,86.55,103.86,121.17,138.48,155.79,173.1,ShowDailyK_ChartFlow,FinMind_API_TaiwanStockPrice_6751,True,2026-09-24T07:10:44,2026-09-24T07:10:44,2026-09-24T07:10:44
6751,智聯服務,2026-08-12,42.2,0.8500000000000014,2.06%,5.77,7.31,86.55,103.86,121.17,138.48,155.79,173.1,ShowDailyK_ChartFlow,FinMind_API_TaiwanStockPrice_6751,True,2026-09-24T07:10:44,2026-09-24T07:10:44,2026-09-24T07:10:44
6751,智聯服務,2026-08-13,41.75,-0.45000000000000284,-1.07%,5.77,7.24,86.55,103.86,121.17,138.48,155.79,173.1,ShowDailyK_ChartFlow,FinMind_API_TaiwanStockPrice_6751,True,2026-09-24T07:10:44,2026-09-24T07:10:44,2026-09-24T07:10:44
6751,智聯服務,2026-08-14,41.45,-0.29999999999999716,-0.72%,5.77,7.18,86.55,103.86,121.17,138.48,155.79,173.1,ShowDailyK_ChartFlow,FinMind_API_TaiwanStockPrice_6751,True,2026-09-24T07:10:44,2026-09-24T07:10:44,2026-09-24T07:10:44
6751,智聯服務,2026-08-17,41.35,-0.10000000000000142,-0.24%,5.77,7.17,86.55,103.86,121.17,138.48,155.79,173.1,ShowDailyK_ChartFlow,FinMind_API_TaiwanStockPrice_6751,True,2026-09-24T07:10:44,2026-09-24T07:10:44,2026-09-24T07:10:44
6751,智聯服務,2026-08-18,41.45,0.10000000000000142,0.24%,5.77,7.18,86.55,103.86,121.17,138.48,155.79,173.1,ShowDailyK_ChartFlow,FinMind_API_TaiwanStockPrice_6751,True,2026-09-24T07:10:44,2026-09-24T07:10:44,2026-09-24T07:10:44
6751,智聯服務,2026-08-19,41.3,-0.15000000000000568,-0.36%,5.77,7.16,86.55,103.86,121.17,138.48,155.79,173.1,ShowDailyK_ChartFlow,FinMind_API_TaiwanStockPrice_6751,True,2026-09-24T07:10:44,2026-09-24T07:10:44,2026-09-24T07:10:44
6751,智聯服務,2026-08-20,40.95,-0.3499999999999943,-0.85%,5.77,7.1,86.55,103.86,121.17,138.48,155.79,173.1,ShowDailyK_ChartFlow,FinMind_API_TaiwanStockPrice_6751,True,2026-09-24T07:10:44,2026-09-24T07:10:44,2026-09-24T07:10:44
6751,智聯服務,2026-08-21,40.95,0.0,0.00%,5.77,7.1,86.55,103.86,121.17,138.48,155.79,173.1,ShowDailyK_ChartFlow,FinMind_API_TaiwanStockPrice_6751,True,2026-09-24T07:10:44,2026-09-24T07:10:44,2026-09-24T07:10:44
6751,智聯服務,2026-08-24,41.45,0.5,1.22%,5.77,7.18,86.55,103.86,121.17,138.48,155.79,173.1,ShowDailyK_ChartFlow,FinMind_API_TaiwanStockPrice_6751,True,2026-09-24T07:10:44,2026-09-24T07:10:44,2026-09-24T07:10:44
6751,智聯服務,2026-08-25,41.4,-0.05000000000000426,-0.12%,5.77,7.18,86.55,103.86,121.17,138.48,155.79,173.1,ShowDailyK_ChartFlow,FinMind_API_TaiwanStockPrice_6751,True,2026-09-24T07:10:44,2026-09-24T07:10:44,2026-09-24T07:10:44
6751,智聯服務,2026-08-26,41.75,0.3500000000000014,0.85%,5.77,7.24,86.55,103.86,121.17,138.48,155.79,173.1,ShowDailyK_ChartFlow,FinMind_API_TaiwanStockPrice_6751,True,2026-09-24T07:10:44,2026-09-24T07:10:44,2026-09-24T07:10:44
6751,智聯服務,2026-08-27,42.95,1.2000000000000028,2.87%,5.77,7.44,86.55,103.86,121.17,138.48,155.79,173.1,ShowDailyK_ChartFlow,FinMind_API_TaiwanStockPrice_6751,True,2026-09-24T07:10:44,2026-09-24T07:10:44,2026-09-24T07:10:44
6751,智聯服務,2026-08-28,0.0,-42.95,-100.00%,5.77,7.44,86.55,103.86,121.17,138.48,155.79,173.1,ShowDailyK_ChartFlow,FinMind_API_TaiwanStockPrice_6751,True,2026-09-24T07:10:44,2026-09-24T07:10:44,2026-09-24T07:10:44
6751,智聯服務,2026-08-31,42.75,42.75,,5.77,7.41,86.55,103.86,121.17,138.48,155.79,173.1,ShowDailyK_ChartFlow,FinMind_API_TaiwanStockPrice_6751,True,2026-09-24T07:10:44,2026-09-24T07:10:44,2026-09-24T07:10:44
6751,智聯服務,2026-09-01,41.8,-0.9500000000000028,-2.22%,5.77,7.24,86.55,103.86,121.17,138.48,155.79,173.1,ShowDailyK_ChartFlow,FinMind_API_TaiwanStockPrice_6751,True,2026-09-24T07:10:44,2026-09-24T07:10:44,2026-09-24T07:10:44
6751,智聯服務,2026-09-02,42.2,0.4000000000000057,0.96%,5.77,7.31,86.55,103.86,121.17,138.48,155.79,173.1,ShowDailyK_ChartFlow,FinMind_API_TaiwanStockPrice_6751,True,2026-09-24T07:10:44,2026-09-24T07:10:44,2026-09-24T07:10:44
6751,智聯服務,2026-09-03,41.7,-0.5,-1.18%,5.77,7.23,86.55,103.86,121.17,138.48,155.79,173.1,ShowDailyK_ChartFlow,FinMind_API_TaiwanStockPrice_6751,True,2026-09-24T07:10:44,2026-09-24T07:10:44,2026-09-24T07:10:44
6751,智聯服務,2026-09-04,41.05,-0.6500000000000057,-1.56%,5.77,7.11,86.55,103.86,121.17,138.48,155.79,173.1,ShowDailyK_ChartFlow,FinMind_API_TaiwanStockPrice_6751,True,2026-09-24T07:10:44,2026-09-24T07:10:44,2026-09-24T07:10:44
6751,智聯服務,2026-09-07,41.4,0.3500000000000014,0.85%,5.77,7.18,86.55,103.86,121.17,138.48,155.79,173.1,ShowDailyK_ChartFlow,FinMind_API_TaiwanStockPrice_6751,True,2026-09-24T07:10:44,2026-09-24T07:10:44,2026-09-24T07:10:44
6751,智聯服務,2026-09-08,41.5,0.10000000000000142,0.24%,5.77,7.19,86.55,103.86,121.17,138.48,155.79,173.1,ShowDailyK_ChartFlow,FinMind_API_TaiwanStockPrice_6751,True,2026-09-24T07:10:44,2026-09-24T07:10:44,2026-09-24T07:10:44
6751,智聯服務,2026-09-09,41.25,-0.25,-0.60%,5.77,7.15,86.55,103.86,121.17,138.48,155.79,173.1,ShowDailyK_ChartFlow,FinMind_API_TaiwanStockPrice_6751,True,2026-09-24T07:10:44,2026-09-24T07:10:44,2026-09-24T07:10:44
6751,智聯服務,2026-09-10,41.0,-0.25,-0.61%,5.77,7.11,86.55,103.86,121.17,138.48,155.79,173.1,ShowDailyK_ChartFlow,FinMind_API_TaiwanStockPrice_6751,True,2026-09-24T07:10:44,2026-09-24T07:10:44,2026-09-24T07:10:44
6751,智聯服務,2026-09-11,41.0,0.0,0.00%,5.77,7.11,86.55,103.86,121.17,138.48,155.79,173.1,ShowDailyK_ChartFlow,FinMind_API_TaiwanStockPrice_6751,True,2026-09-24T07:10:44,2026-09-24T07:10:44,2026-09-24T07:10:44
6751,智聯服務,2026-09-14,41.65,0.6499999999999986,1.59%,5.77,7.22,86.55,103.86,121.17,138.48,155.79,173.1,ShowDailyK_ChartFlow,FinMind_API_TaiwanStockPrice_6751,True,2026-09-24T07:10:44,2026-09-24T07:10:44,2026-09-24T07:10:44
6751,智聯服務,2026-09-15,41.5,-0.14999999999999858,-0.36%,5.77,7.19,86.55,103.86,121.17,138.48,155.79,173.1,ShowDailyK_ChartFlow,FinMind_API_TaiwanStockPrice_6751,True,2026-09-24T07:10:44,2026-09-24T07:10:44,2026-09-24T07:10:44
6751,智聯服務,2026-09-16,42.0,0.5,1.20%,5.77,7.28,86.55,103.86,121.17,138.48,155.79,173.1,ShowDailyK_ChartFlow,FinMind_API_TaiwanStockPrice_6751,True,2026-09-24T07:10:44,2026-09-24T07:10:44,2026-09-24T07:10:44
6751,智聯服務,2026-09-17,42.0,0.0,0.00%,5.77,7.28,86.55,103.86,121.17,138.48,155.79,173.1,ShowDailyK_ChartFlow,FinMind_API_TaiwanStockPrice_6751,True,2026-09-24T07:10:44,2026-09-24T07:10:44,2026-09-24T07:10:44
6751,智聯服務,2026-09-18,42.8,0.7999999999999972,1.90%,5.77,7.42,86.55,103.86,121.17,138.48,155.79,173.1,ShowDailyK_ChartFlow,FinMind_API_TaiwanStockPrice_6751,True,2026-09-24T07:10:44,2026-09-24T07:10:44,2026-09-24T07:10:44
6751,智聯服務,2026-09-21,43.8,1.0,2.34%,5.77,7.59,86.55,103.86,121.17,138.48,155.79,173.1,ShowDailyK_ChartFlow,FinMind_API_TaiwanStockPrice_6751,True,2026-09-24T07:10:44,2026-09-24T07:10:44,2026-09-24T07:10:44
6751,智聯服務,2026-09-22,43.8,0.0,0.00%,5.77,7.59,86.55,103.86,121.17,138.48,155.79,173.1,ShowDailyK_ChartFlow,FinMind_API_TaiwanStockPrice_6751,True,2026-09-24T07:10:44,2026-09-24T07:10:44,2026-09-24T07:10:44
6751,智聯服務,2026-09-23,0.0,-43.8,-100.00%,5.77,7.59,86.55,103.86,121.17,138.48,155.79,173.1,ShowDailyK_ChartFlow,FinMind_API_TaiwanStockPrice_6751,True,2026-09-24T07:10:44,2026-09-24T07:10:44,2026-09-24T07:10:44
6751,智聯服務,2026-09-24,43.9,43.9,,5.77,7.59,86.55,103.86,121.17,138.48,155.79,173.1,ShowDailyK_ChartFlow,FinMind_API_TaiwanStockPrice_6751,True,2026-09-24T07:10:44,2026-09-24T07:10:44,2026-09-24T07:10:44
