stock_code,company_name,交易_日期,收盤價_元,漲跌價_元,漲跌幅_pct,河流圖_eps_元,目前_per_倍,本益比試算價格_15x_元,本益比試算價格_18x_元,本益比試算價格_21x_元,本益比試算價格_24x_元,本益比試算價格_27x_元,本益比試算價格_30x_元,file_type,source_file,download_success,download_timestamp,process_timestamp,stage1_process_timestamp
6669,緯穎,2021-01-04,695.0,,,,15.53,,,,,,,ShowDailyK_ChartFlow,FinMind_API_TaiwanStockPrice_6669,True,2026-09-22T15:43:09,2026-09-22T15:43:09,2026-09-22T15:43:09
6669,緯穎,2021-01-05,694.0,-1.0,-0.14%,,15.5,,,,,,,ShowDailyK_ChartFlow,FinMind_API_TaiwanStockPrice_6669,True,2026-09-22T15:43:09,2026-09-22T15:43:09,2026-09-22T15:43:09
6669,緯穎,2021-01-06,689.0,-5.0,-0.72%,,15.39,,,,,,,ShowDailyK_ChartFlow,FinMind_API_TaiwanStockPrice_6669,True,2026-09-22T15:43:09,2026-09-22T15:43:09,2026-09-22T15:43:09
6669,緯穎,2021-01-07,683.0,-6.0,-0.87%,,15.26,,,,,,,ShowDailyK_ChartFlow,FinMind_API_TaiwanStockPrice_6669,True,2026-09-22T15:43:09,2026-09-22T15:43:09,2026-09-22T15:43:09
6669,緯穎,2021-01-08,735.0,52.0,7.61%,,16.42,,,,,,,ShowDailyK_ChartFlow,FinMind_API_TaiwanStockPrice_6669,True,2026-09-22T15:43:09,2026-09-22T15:43:09,2026-09-22T15:43:09
6669,緯穎,2021-01-11,707.0,-28.0,-3.81%,,15.8,,,,,,,ShowDailyK_ChartFlow,FinMind_API_TaiwanStockPrice_6669,True,2026-09-22T15:43:09,2026-09-22T15:43:09,2026-09-22T15:43:09
6669,緯穎,2021-01-12,712.0,5.0,0.71%,,15.91,,,,,,,ShowDailyK_ChartFlow,FinMind_API_TaiwanStockPrice_6669,True,2026-09-22T15:43:09,2026-09-22T15:43:09,2026-09-22T15:43:09
6669,緯穎,2021-01-13,763.0,51.0,7.16%,,17.05,,,,,,,ShowDailyK_ChartFlow,FinMind_API_TaiwanStockPrice_6669,True,2026-09-22T15:43:09,2026-09-22T15:43:09,2026-09-22T15:43:09
6669,緯穎,2021-01-14,767.0,4.0,0.52%,,17.14,,,,,,,ShowDailyK_ChartFlow,FinMind_API_TaiwanStockPrice_6669,True,2026-09-22T15:43:09,2026-09-22T15:43:09,2026-09-22T15:43:09
6669,緯穎,2021-01-15,767.0,0.0,0.00%,,17.14,,,,,,,ShowDailyK_ChartFlow,FinMind_API_TaiwanStockPrice_6669,True,2026-09-22T15:43:09,2026-09-22T15:43:09,2026-09-22T15:43:09
6669,緯穎,2021-01-18,789.0,22.0,2.87%,,17.63,,,,,,,ShowDailyK_ChartFlow,FinMind_API_TaiwanStockPrice_6669,True,2026-09-22T15:43:09,2026-09-22T15:43:09,2026-09-22T15:43:09
6669,緯穎,2021-01-19,802.0,13.0,1.65%,,17.92,,,,,,,ShowDailyK_ChartFlow,FinMind_API_TaiwanStockPrice_6669,True,2026-09-22T15:43:09,2026-09-22T15:43:09,2026-09-22T15:43:09
6669,緯穎,2021-01-20,833.0,31.0,3.87%,,18.61,,,,,,,ShowDailyK_ChartFlow,FinMind_API_TaiwanStockPrice_6669,True,2026-09-22T15:43:09,2026-09-22T15:43:09,2026-09-22T15:43:09
6669,緯穎,2021-01-21,894.0,61.0,7.32%,,19.97,,,,,,,ShowDailyK_ChartFlow,FinMind_API_TaiwanStockPrice_6669,True,2026-09-22T15:43:09,2026-09-22T15:43:09,2026-09-22T15:43:09
6669,緯穎,2021-01-22,868.0,-26.0,-2.91%,,19.39,,,,,,,ShowDailyK_ChartFlow,FinMind_API_TaiwanStockPrice_6669,True,2026-09-22T15:43:09,2026-09-22T15:43:09,2026-09-22T15:43:09
6669,緯穎,2021-01-25,851.0,-17.0,-1.96%,,19.01,,,,,,,ShowDailyK_ChartFlow,FinMind_API_TaiwanStockPrice_6669,True,2026-09-22T15:43:09,2026-09-22T15:43:09,2026-09-22T15:43:09
6669,緯穎,2021-01-26,836.0,-15.0,-1.76%,,18.68,,,,,,,ShowDailyK_ChartFlow,FinMind_API_TaiwanStockPrice_6669,True,2026-09-22T15:43:09,2026-09-22T15:43:09,2026-09-22T15:43:09
6669,緯穎,2021-01-27,842.0,6.0,0.72%,,18.81,,,,,,,ShowDailyK_ChartFlow,FinMind_API_TaiwanStockPrice_6669,True,2026-09-22T15:43:09,2026-09-22T15:43:09,2026-09-22T15:43:09
6669,緯穎,2021-01-28,836.0,-6.0,-0.71%,,18.68,,,,,,,ShowDailyK_ChartFlow,FinMind_API_TaiwanStockPrice_6669,True,2026-09-22T15:43:09,2026-09-22T15:43:09,2026-09-22T15:43:09
6669,緯穎,2021-01-29,826.0,-10.0,-1.20%,,18.45,,,,,,,ShowDailyK_ChartFlow,FinMind_API_TaiwanStockPrice_6669,True,2026-09-22T15:43:09,2026-09-22T15:43:09,2026-09-22T15:43:09
6669,緯穎,2021-02-01,829.0,3.0,0.36%,,18.52,,,,,,,ShowDailyK_ChartFlow,FinMind_API_TaiwanStockPrice_6669,True,2026-09-22T15:43:09,2026-09-22T15:43:09,2026-09-22T15:43:09
6669,緯穎,2021-02-02,828.0,-1.0,-0.12%,,18.5,,,,,,,ShowDailyK_ChartFlow,FinMind_API_TaiwanStockPrice_6669,True,2026-09-22T15:43:09,2026-09-22T15:43:09,2026-09-22T15:43:09
6669,緯穎,2021-02-03,843.0,15.0,1.81%,,18.83,,,,,,,ShowDailyK_ChartFlow,FinMind_API_TaiwanStockPrice_6669,True,2026-09-22T15:43:09,2026-09-22T15:43:09,2026-09-22T15:43:09
6669,緯穎,2021-02-04,865.0,22.0,2.61%,,19.33,,,,,,,ShowDailyK_ChartFlow,FinMind_API_TaiwanStockPrice_6669,True,2026-09-22T15:43:09,2026-09-22T15:43:09,2026-09-22T15:43:09
6669,緯穎,2021-02-05,872.0,7.0,0.81%,,19.48,,,,,,,ShowDailyK_ChartFlow,FinMind_API_TaiwanStockPrice_6669,True,2026-09-22T15:43:09,2026-09-22T15:43:09,2026-09-22T15:43:09
6669,緯穎,2021-02-17,892.0,20.0,2.29%,,19.93,,,,,,,ShowDailyK_ChartFlow,FinMind_API_TaiwanStockPrice_6669,True,2026-09-22T15:43:09,2026-09-22T15:43:09,2026-09-22T15:43:09
6669,緯穎,2021-02-18,876.0,-16.0,-1.79%,,19.57,,,,,,,ShowDailyK_ChartFlow,FinMind_API_TaiwanStockPrice_6669,True,2026-09-22T15:43:09,2026-09-22T15:43:09,2026-09-22T15:43:09
6669,緯穎,2021-02-19,851.0,-25.0,-2.85%,,19.01,,,,,,,ShowDailyK_ChartFlow,FinMind_API_TaiwanStockPrice_6669,True,2026-09-22T15:43:09,2026-09-22T15:43:09,2026-09-22T15:43:09
6669,緯穎,2021-02-22,843.0,-8.0,-0.94%,,18.83,,,,,,,ShowDailyK_ChartFlow,FinMind_API_TaiwanStockPrice_6669,True,2026-09-22T15:43:09,2026-09-22T15:43:09,2026-09-22T15:43:09
6669,緯穎,2021-02-23,850.0,7.0,0.83%,,18.99,,,,,,,ShowDailyK_ChartFlow,FinMind_API_TaiwanStockPrice_6669,True,2026-09-22T15:43:09,2026-09-22T15:43:09,2026-09-22T15:43:09
6669,緯穎,2021-02-24,827.0,-23.0,-2.71%,,18.48,,,,,,,ShowDailyK_ChartFlow,FinMind_API_TaiwanStockPrice_6669,True,2026-09-22T15:43:09,2026-09-22T15:43:09,2026-09-22T15:43:09
6669,緯穎,2021-02-25,837.0,10.0,1.21%,,18.7,,,,,,,ShowDailyK_ChartFlow,FinMind_API_TaiwanStockPrice_6669,True,2026-09-22T15:43:09,2026-09-22T15:43:09,2026-09-22T15:43:09
6669,緯穎,2021-02-26,804.0,-33.0,-3.94%,,17.96,,,,,,,ShowDailyK_ChartFlow,FinMind_API_TaiwanStockPrice_6669,True,2026-09-22T15:43:09,2026-09-22T15:43:09,2026-09-22T15:43:09
6669,緯穎,2021-03-02,828.0,24.0,2.99%,,18.5,,,,,,,ShowDailyK_ChartFlow,FinMind_API_TaiwanStockPrice_6669,True,2026-09-22T15:43:09,2026-09-22T15:43:09,2026-09-22T15:43:09
6669,緯穎,2021-03-03,852.0,24.0,2.90%,,19.03,,,,,,,ShowDailyK_ChartFlow,FinMind_API_TaiwanStockPrice_6669,True,2026-09-22T15:43:09,2026-09-22T15:43:09,2026-09-22T15:43:09
6669,緯穎,2021-03-04,850.0,-2.0,-0.23%,,18.99,,,,,,,ShowDailyK_ChartFlow,FinMind_API_TaiwanStockPrice_6669,True,2026-09-22T15:43:09,2026-09-22T15:43:09,2026-09-22T15:43:09
6669,緯穎,2021-03-05,832.0,-18.0,-2.12%,,18.59,,,,,,,ShowDailyK_ChartFlow,FinMind_API_TaiwanStockPrice_6669,True,2026-09-22T15:43:09,2026-09-22T15:43:09,2026-09-22T15:43:09
6669,緯穎,2021-03-08,837.0,5.0,0.60%,,18.7,,,,,,,ShowDailyK_ChartFlow,FinMind_API_TaiwanStockPrice_6669,True,2026-09-22T15:43:09,2026-09-22T15:43:09,2026-09-22T15:43:09
6669,緯穎,2021-03-09,810.0,-27.0,-3.23%,,16.45,,,,,,,ShowDailyK_ChartFlow,FinMind_API_TaiwanStockPrice_6669,True,2026-09-22T15:43:09,2026-09-22T15:43:09,2026-09-22T15:43:09
6669,緯穎,2021-03-10,832.0,22.0,2.72%,,16.9,,,,,,,ShowDailyK_ChartFlow,FinMind_API_TaiwanStockPrice_6669,True,2026-09-22T15:43:09,2026-09-22T15:43:09,2026-09-22T15:43:09
6669,緯穎,2021-03-11,883.0,51.0,6.13%,,17.93,,,,,,,ShowDailyK_ChartFlow,FinMind_API_TaiwanStockPrice_6669,True,2026-09-22T15:43:09,2026-09-22T15:43:09,2026-09-22T15:43:09
6669,緯穎,2021-03-12,883.0,0.0,0.00%,,17.93,,,,,,,ShowDailyK_ChartFlow,FinMind_API_TaiwanStockPrice_6669,True,2026-09-22T15:43:09,2026-09-22T15:43:09,2026-09-22T15:43:09
6669,緯穎,2021-03-15,890.0,7.0,0.79%,,18.07,,,,,,,ShowDailyK_ChartFlow,FinMind_API_TaiwanStockPrice_6669,True,2026-09-22T15:43:09,2026-09-22T15:43:09,2026-09-22T15:43:09
6669,緯穎,2021-03-16,882.0,-8.0,-0.90%,,17.91,,,,,,,ShowDailyK_ChartFlow,FinMind_API_TaiwanStockPrice_6669,True,2026-09-22T15:43:09,2026-09-22T15:43:09,2026-09-22T15:43:09
6669,緯穎,2021-03-17,851.0,-31.0,-3.51%,,17.28,,,,,,,ShowDailyK_ChartFlow,FinMind_API_TaiwanStockPrice_6669,True,2026-09-22T15:43:09,2026-09-22T15:43:09,2026-09-22T15:43:09
6669,緯穎,2021-03-18,854.0,3.0,0.35%,,17.34,,,,,,,ShowDailyK_ChartFlow,FinMind_API_TaiwanStockPrice_6669,True,2026-09-22T15:43:09,2026-09-22T15:43:09,2026-09-22T15:43:09
6669,緯穎,2021-03-19,835.0,-19.0,-2.22%,,16.96,,,,,,,ShowDailyK_ChartFlow,FinMind_API_TaiwanStockPrice_6669,True,2026-09-22T15:43:09,2026-09-22T15:43:09,2026-09-22T15:43:09
6669,緯穎,2021-03-22,831.0,-4.0,-0.48%,,16.88,,,,,,,ShowDailyK_ChartFlow,FinMind_API_TaiwanStockPrice_6669,True,2026-09-22T15:43:09,2026-09-22T15:43:09,2026-09-22T15:43:09
6669,緯穎,2021-03-23,838.0,7.0,0.84%,,17.02,,,,,,,ShowDailyK_ChartFlow,FinMind_API_TaiwanStockPrice_6669,True,2026-09-22T15:43:09,2026-09-22T15:43:09,2026-09-22T15:43:09
6669,緯穎,2021-03-24,829.0,-9.0,-1.07%,,16.84,,,,,,,ShowDailyK_ChartFlow,FinMind_API_TaiwanStockPrice_6669,True,2026-09-22T15:43:09,2026-09-22T15:43:09,2026-09-22T15:43:09
6669,緯穎,2021-03-25,837.0,8.0,0.97%,,17.0,,,,,,,ShowDailyK_ChartFlow,FinMind_API_TaiwanStockPrice_6669,True,2026-09-22T15:43:09,2026-09-22T15:43:09,2026-09-22T15:43:09
6669,緯穎,2021-03-26,837.0,0.0,0.00%,,17.0,,,,,,,ShowDailyK_ChartFlow,FinMind_API_TaiwanStockPrice_6669,True,2026-09-22T15:43:09,2026-09-22T15:43:09,2026-09-22T15:43:09
6669,緯穎,2021-03-29,852.0,15.0,1.79%,,17.3,,,,,,,ShowDailyK_ChartFlow,FinMind_API_TaiwanStockPrice_6669,True,2026-09-22T15:43:09,2026-09-22T15:43:09,2026-09-22T15:43:09
6669,緯穎,2021-03-30,850.0,-2.0,-0.23%,,17.26,,,,,,,ShowDailyK_ChartFlow,FinMind_API_TaiwanStockPrice_6669,True,2026-09-22T15:43:09,2026-09-22T15:43:09,2026-09-22T15:43:09
6669,緯穎,2021-03-31,843.0,-7.0,-0.82%,9.72,17.12,145.8,174.96,204.12,233.28,262.44,291.6,ShowDailyK_ChartFlow,FinMind_API_TaiwanStockPrice_6669,True,2026-09-22T15:43:09,2026-09-22T15:43:09,2026-09-22T15:43:09
6669,緯穎,2021-04-01,845.0,2.0,0.24%,9.72,17.16,145.8,174.96,204.12,233.28,262.44,291.6,ShowDailyK_ChartFlow,FinMind_API_TaiwanStockPrice_6669,True,2026-09-22T15:43:09,2026-09-22T15:43:09,2026-09-22T15:43:09
6669,緯穎,2021-04-06,849.0,4.0,0.47%,9.72,17.24,145.8,174.96,204.12,233.28,262.44,291.6,ShowDailyK_ChartFlow,FinMind_API_TaiwanStockPrice_6669,True,2026-09-22T15:43:09,2026-09-22T15:43:09,2026-09-22T15:43:09
6669,緯穎,2021-04-07,835.0,-14.0,-1.65%,9.72,16.96,145.8,174.96,204.12,233.28,262.44,291.6,ShowDailyK_ChartFlow,FinMind_API_TaiwanStockPrice_6669,True,2026-09-22T15:43:09,2026-09-22T15:43:09,2026-09-22T15:43:09
6669,緯穎,2021-04-08,858.0,23.0,2.75%,9.72,17.42,145.8,174.96,204.12,233.28,262.44,291.6,ShowDailyK_ChartFlow,FinMind_API_TaiwanStockPrice_6669,True,2026-09-22T15:43:09,2026-09-22T15:43:09,2026-09-22T15:43:09
6669,緯穎,2021-04-09,830.0,-28.0,-3.26%,9.72,16.86,145.8,174.96,204.12,233.28,262.44,291.6,ShowDailyK_ChartFlow,FinMind_API_TaiwanStockPrice_6669,True,2026-09-22T15:43:09,2026-09-22T15:43:09,2026-09-22T15:43:09
6669,緯穎,2021-04-12,822.0,-8.0,-0.96%,9.72,16.69,145.8,174.96,204.12,233.28,262.44,291.6,ShowDailyK_ChartFlow,FinMind_API_TaiwanStockPrice_6669,True,2026-09-22T15:43:09,2026-09-22T15:43:09,2026-09-22T15:43:09
6669,緯穎,2021-04-13,821.0,-1.0,-0.12%,9.72,16.67,145.8,174.96,204.12,233.28,262.44,291.6,ShowDailyK_ChartFlow,FinMind_API_TaiwanStockPrice_6669,True,2026-09-22T15:43:09,2026-09-22T15:43:09,2026-09-22T15:43:09
6669,緯穎,2021-04-14,826.0,5.0,0.61%,9.72,16.77,145.8,174.96,204.12,233.28,262.44,291.6,ShowDailyK_ChartFlow,FinMind_API_TaiwanStockPrice_6669,True,2026-09-22T15:43:09,2026-09-22T15:43:09,2026-09-22T15:43:09
6669,緯穎,2021-04-15,842.0,16.0,1.94%,9.72,17.1,145.8,174.96,204.12,233.28,262.44,291.6,ShowDailyK_ChartFlow,FinMind_API_TaiwanStockPrice_6669,True,2026-09-22T15:43:09,2026-09-22T15:43:09,2026-09-22T15:43:09
6669,緯穎,2021-04-16,878.0,36.0,4.28%,9.72,17.83,145.8,174.96,204.12,233.28,262.44,291.6,ShowDailyK_ChartFlow,FinMind_API_TaiwanStockPrice_6669,True,2026-09-22T15:43:09,2026-09-22T15:43:09,2026-09-22T15:43:09
6669,緯穎,2021-04-19,868.0,-10.0,-1.14%,9.72,17.63,145.8,174.96,204.12,233.28,262.44,291.6,ShowDailyK_ChartFlow,FinMind_API_TaiwanStockPrice_6669,True,2026-09-22T15:43:09,2026-09-22T15:43:09,2026-09-22T15:43:09
6669,緯穎,2021-04-20,866.0,-2.0,-0.23%,9.72,17.59,145.8,174.96,204.12,233.28,262.44,291.6,ShowDailyK_ChartFlow,FinMind_API_TaiwanStockPrice_6669,True,2026-09-22T15:43:09,2026-09-22T15:43:09,2026-09-22T15:43:09
6669,緯穎,2021-04-21,858.0,-8.0,-0.92%,9.72,17.42,145.8,174.96,204.12,233.28,262.44,291.6,ShowDailyK_ChartFlow,FinMind_API_TaiwanStockPrice_6669,True,2026-09-22T15:43:09,2026-09-22T15:43:09,2026-09-22T15:43:09
6669,緯穎,2021-04-22,854.0,-4.0,-0.47%,9.72,17.34,145.8,174.96,204.12,233.28,262.44,291.6,ShowDailyK_ChartFlow,FinMind_API_TaiwanStockPrice_6669,True,2026-09-22T15:43:09,2026-09-22T15:43:09,2026-09-22T15:43:09
6669,緯穎,2021-04-23,890.0,36.0,4.22%,9.72,18.07,145.8,174.96,204.12,233.28,262.44,291.6,ShowDailyK_ChartFlow,FinMind_API_TaiwanStockPrice_6669,True,2026-09-22T15:43:09,2026-09-22T15:43:09,2026-09-22T15:43:09
6669,緯穎,2021-04-26,882.0,-8.0,-0.90%,9.72,17.91,145.8,174.96,204.12,233.28,262.44,291.6,ShowDailyK_ChartFlow,FinMind_API_TaiwanStockPrice_6669,True,2026-09-22T15:43:09,2026-09-22T15:43:09,2026-09-22T15:43:09
6669,緯穎,2021-04-27,884.0,2.0,0.23%,9.72,17.95,145.8,174.96,204.12,233.28,262.44,291.6,ShowDailyK_ChartFlow,FinMind_API_TaiwanStockPrice_6669,True,2026-09-22T15:43:09,2026-09-22T15:43:09,2026-09-22T15:43:09
6669,緯穎,2021-04-28,861.0,-23.0,-2.60%,9.72,17.49,145.8,174.96,204.12,233.28,262.44,291.6,ShowDailyK_ChartFlow,FinMind_API_TaiwanStockPrice_6669,True,2026-09-22T15:43:09,2026-09-22T15:43:09,2026-09-22T15:43:09
6669,緯穎,2021-04-29,914.0,53.0,6.16%,9.72,18.56,145.8,174.96,204.12,233.28,262.44,291.6,ShowDailyK_ChartFlow,FinMind_API_TaiwanStockPrice_6669,True,2026-09-22T15:43:09,2026-09-22T15:43:09,2026-09-22T15:43:09
6669,緯穎,2021-05-03,906.0,-8.0,-0.88%,9.72,18.4,145.8,174.96,204.12,233.28,262.44,291.6,ShowDailyK_ChartFlow,FinMind_API_TaiwanStockPrice_6669,True,2026-09-22T15:43:09,2026-09-22T15:43:09,2026-09-22T15:43:09
6669,緯穎,2021-05-04,929.0,23.0,2.54%,9.72,18.87,145.8,174.96,204.12,233.28,262.44,291.6,ShowDailyK_ChartFlow,FinMind_API_TaiwanStockPrice_6669,True,2026-09-22T15:43:09,2026-09-22T15:43:09,2026-09-22T15:43:09
6669,緯穎,2021-05-05,931.0,2.0,0.22%,9.72,18.91,145.8,174.96,204.12,233.28,262.44,291.6,ShowDailyK_ChartFlow,FinMind_API_TaiwanStockPrice_6669,True,2026-09-22T15:43:09,2026-09-22T15:43:09,2026-09-22T15:43:09
6669,緯穎,2021-05-06,905.0,-26.0,-2.79%,9.72,18.38,145.8,174.96,204.12,233.28,262.44,291.6,ShowDailyK_ChartFlow,FinMind_API_TaiwanStockPrice_6669,True,2026-09-22T15:43:09,2026-09-22T15:43:09,2026-09-22T15:43:09
6669,緯穎,2021-05-07,944.0,39.0,4.31%,9.72,18.66,145.8,174.96,204.12,233.28,262.44,291.6,ShowDailyK_ChartFlow,FinMind_API_TaiwanStockPrice_6669,True,2026-09-22T15:43:09,2026-09-22T15:43:09,2026-09-22T15:43:09
6669,緯穎,2021-05-10,913.0,-31.0,-3.28%,9.72,18.05,145.8,174.96,204.12,233.28,262.44,291.6,ShowDailyK_ChartFlow,FinMind_API_TaiwanStockPrice_6669,True,2026-09-22T15:43:09,2026-09-22T15:43:09,2026-09-22T15:43:09
6669,緯穎,2021-05-11,872.0,-41.0,-4.49%,9.72,17.24,145.8,174.96,204.12,233.28,262.44,291.6,ShowDailyK_ChartFlow,FinMind_API_TaiwanStockPrice_6669,True,2026-09-22T15:43:09,2026-09-22T15:43:09,2026-09-22T15:43:09
6669,緯穎,2021-05-12,852.0,-20.0,-2.29%,9.72,16.84,145.8,174.96,204.12,233.28,262.44,291.6,ShowDailyK_ChartFlow,FinMind_API_TaiwanStockPrice_6669,True,2026-09-22T15:43:09,2026-09-22T15:43:09,2026-09-22T15:43:09
6669,緯穎,2021-05-13,823.0,-29.0,-3.40%,9.72,16.27,145.8,174.96,204.12,233.28,262.44,291.6,ShowDailyK_ChartFlow,FinMind_API_TaiwanStockPrice_6669,True,2026-09-22T15:43:09,2026-09-22T15:43:09,2026-09-22T15:43:09
6669,緯穎,2021-05-14,808.0,-15.0,-1.82%,9.72,15.97,145.8,174.96,204.12,233.28,262.44,291.6,ShowDailyK_ChartFlow,FinMind_API_TaiwanStockPrice_6669,True,2026-09-22T15:43:09,2026-09-22T15:43:09,2026-09-22T15:43:09
6669,緯穎,2021-05-17,783.0,-25.0,-3.09%,9.72,15.48,145.8,174.96,204.12,233.28,262.44,291.6,ShowDailyK_ChartFlow,FinMind_API_TaiwanStockPrice_6669,True,2026-09-22T15:43:09,2026-09-22T15:43:09,2026-09-22T15:43:09
6669,緯穎,2021-05-18,814.0,31.0,3.96%,9.72,16.09,145.8,174.96,204.12,233.28,262.44,291.6,ShowDailyK_ChartFlow,FinMind_API_TaiwanStockPrice_6669,True,2026-09-22T15:43:09,2026-09-22T15:43:09,2026-09-22T15:43:09
6669,緯穎,2021-05-19,796.0,-18.0,-2.21%,9.72,15.73,145.8,174.96,204.12,233.28,262.44,291.6,ShowDailyK_ChartFlow,FinMind_API_TaiwanStockPrice_6669,True,2026-09-22T15:43:09,2026-09-22T15:43:09,2026-09-22T15:43:09
6669,緯穎,2021-05-20,827.0,31.0,3.89%,9.72,16.35,145.8,174.96,204.12,233.28,262.44,291.6,ShowDailyK_ChartFlow,FinMind_API_TaiwanStockPrice_6669,True,2026-09-22T15:43:09,2026-09-22T15:43:09,2026-09-22T15:43:09
6669,緯穎,2021-05-21,835.0,8.0,0.97%,9.72,16.51,145.8,174.96,204.12,233.28,262.44,291.6,ShowDailyK_ChartFlow,FinMind_API_TaiwanStockPrice_6669,True,2026-09-22T15:43:09,2026-09-22T15:43:09,2026-09-22T15:43:09
6669,緯穎,2021-05-24,848.0,13.0,1.56%,9.72,16.76,145.8,174.96,204.12,233.28,262.44,291.6,ShowDailyK_ChartFlow,FinMind_API_TaiwanStockPrice_6669,True,2026-09-22T15:43:09,2026-09-22T15:43:09,2026-09-22T15:43:09
6669,緯穎,2021-05-25,893.0,45.0,5.31%,9.72,17.65,145.8,174.96,204.12,233.28,262.44,291.6,ShowDailyK_ChartFlow,FinMind_API_TaiwanStockPrice_6669,True,2026-09-22T15:43:09,2026-09-22T15:43:09,2026-09-22T15:43:09
6669,緯穎,2021-05-26,889.0,-4.0,-0.45%,9.72,17.57,145.8,174.96,204.12,233.28,262.44,291.6,ShowDailyK_ChartFlow,FinMind_API_TaiwanStockPrice_6669,True,2026-09-22T15:43:09,2026-09-22T15:43:09,2026-09-22T15:43:09
6669,緯穎,2021-05-27,915.0,26.0,2.92%,9.72,18.09,145.8,174.96,204.12,233.28,262.44,291.6,ShowDailyK_ChartFlow,FinMind_API_TaiwanStockPrice_6669,True,2026-09-22T15:43:09,2026-09-22T15:43:09,2026-09-22T15:43:09
6669,緯穎,2021-05-28,909.0,-6.0,-0.66%,9.72,17.97,145.8,174.96,204.12,233.28,262.44,291.6,ShowDailyK_ChartFlow,FinMind_API_TaiwanStockPrice_6669,True,2026-09-22T15:43:09,2026-09-22T15:43:09,2026-09-22T15:43:09
6669,緯穎,2021-05-31,931.0,22.0,2.42%,9.72,18.4,145.8,174.96,204.12,233.28,262.44,291.6,ShowDailyK_ChartFlow,FinMind_API_TaiwanStockPrice_6669,True,2026-09-22T15:43:09,2026-09-22T15:43:09,2026-09-22T15:43:09
6669,緯穎,2021-06-01,912.0,-19.0,-2.04%,9.72,18.03,145.8,174.96,204.12,233.28,262.44,291.6,ShowDailyK_ChartFlow,FinMind_API_TaiwanStockPrice_6669,True,2026-09-22T15:43:09,2026-09-22T15:43:09,2026-09-22T15:43:09
6669,緯穎,2021-06-02,906.0,-6.0,-0.66%,9.72,17.91,145.8,174.96,204.12,233.28,262.44,291.6,ShowDailyK_ChartFlow,FinMind_API_TaiwanStockPrice_6669,True,2026-09-22T15:43:09,2026-09-22T15:43:09,2026-09-22T15:43:09
6669,緯穎,2021-06-03,906.0,0.0,0.00%,9.72,17.91,145.8,174.96,204.12,233.28,262.44,291.6,ShowDailyK_ChartFlow,FinMind_API_TaiwanStockPrice_6669,True,2026-09-22T15:43:09,2026-09-22T15:43:09,2026-09-22T15:43:09
6669,緯穎,2021-06-04,892.0,-14.0,-1.55%,9.72,17.63,145.8,174.96,204.12,233.28,262.44,291.6,ShowDailyK_ChartFlow,FinMind_API_TaiwanStockPrice_6669,True,2026-09-22T15:43:09,2026-09-22T15:43:09,2026-09-22T15:43:09
6669,緯穎,2021-06-07,898.0,6.0,0.67%,9.72,17.75,145.8,174.96,204.12,233.28,262.44,291.6,ShowDailyK_ChartFlow,FinMind_API_TaiwanStockPrice_6669,True,2026-09-22T15:43:09,2026-09-22T15:43:09,2026-09-22T15:43:09
6669,緯穎,2021-06-08,893.0,-5.0,-0.56%,9.72,17.65,145.8,174.96,204.12,233.28,262.44,291.6,ShowDailyK_ChartFlow,FinMind_API_TaiwanStockPrice_6669,True,2026-09-22T15:43:09,2026-09-22T15:43:09,2026-09-22T15:43:09
6669,緯穎,2021-06-09,926.0,33.0,3.70%,9.72,18.3,145.8,174.96,204.12,233.28,262.44,291.6,ShowDailyK_ChartFlow,FinMind_API_TaiwanStockPrice_6669,True,2026-09-22T15:43:09,2026-09-22T15:43:09,2026-09-22T15:43:09
6669,緯穎,2021-06-10,928.0,2.0,0.22%,9.72,18.34,145.8,174.96,204.12,233.28,262.44,291.6,ShowDailyK_ChartFlow,FinMind_API_TaiwanStockPrice_6669,True,2026-09-22T15:43:09,2026-09-22T15:43:09,2026-09-22T15:43:09
6669,緯穎,2021-06-11,955.0,27.0,2.91%,9.72,18.88,145.8,174.96,204.12,233.28,262.44,291.6,ShowDailyK_ChartFlow,FinMind_API_TaiwanStockPrice_6669,True,2026-09-22T15:43:09,2026-09-22T15:43:09,2026-09-22T15:43:09
6669,緯穎,2021-06-15,992.0,37.0,3.87%,9.72,19.61,145.8,174.96,204.12,233.28,262.44,291.6,ShowDailyK_ChartFlow,FinMind_API_TaiwanStockPrice_6669,True,2026-09-22T15:43:09,2026-09-22T15:43:09,2026-09-22T15:43:09
6669,緯穎,2021-06-16,1020.0,28.0,2.82%,9.72,20.16,145.8,174.96,204.12,233.28,262.44,291.6,ShowDailyK_ChartFlow,FinMind_API_TaiwanStockPrice_6669,True,2026-09-22T15:43:09,2026-09-22T15:43:09,2026-09-22T15:43:09
6669,緯穎,2021-06-17,976.0,-44.0,-4.31%,9.72,19.29,145.8,174.96,204.12,233.28,262.44,291.6,ShowDailyK_ChartFlow,FinMind_API_TaiwanStockPrice_6669,True,2026-09-22T15:43:09,2026-09-22T15:43:09,2026-09-22T15:43:09
6669,緯穎,2021-06-18,961.0,-15.0,-1.54%,9.72,19.0,145.8,174.96,204.12,233.28,262.44,291.6,ShowDailyK_ChartFlow,FinMind_API_TaiwanStockPrice_6669,True,2026-09-22T15:43:09,2026-09-22T15:43:09,2026-09-22T15:43:09
6669,緯穎,2021-06-21,978.0,17.0,1.77%,9.72,19.33,145.8,174.96,204.12,233.28,262.44,291.6,ShowDailyK_ChartFlow,FinMind_API_TaiwanStockPrice_6669,True,2026-09-22T15:43:09,2026-09-22T15:43:09,2026-09-22T15:43:09
6669,緯穎,2021-06-22,956.0,-22.0,-2.25%,9.72,18.9,145.8,174.96,204.12,233.28,262.44,291.6,ShowDailyK_ChartFlow,FinMind_API_TaiwanStockPrice_6669,True,2026-09-22T15:43:09,2026-09-22T15:43:09,2026-09-22T15:43:09
6669,緯穎,2021-06-23,970.0,14.0,1.46%,9.72,19.17,145.8,174.96,204.12,233.28,262.44,291.6,ShowDailyK_ChartFlow,FinMind_API_TaiwanStockPrice_6669,True,2026-09-22T15:43:09,2026-09-22T15:43:09,2026-09-22T15:43:09
6669,緯穎,2021-06-24,995.0,25.0,2.58%,9.72,19.67,145.8,174.96,204.12,233.28,262.44,291.6,ShowDailyK_ChartFlow,FinMind_API_TaiwanStockPrice_6669,True,2026-09-22T15:43:09,2026-09-22T15:43:09,2026-09-22T15:43:09
6669,緯穎,2021-06-25,990.0,-5.0,-0.50%,9.72,19.57,145.8,174.96,204.12,233.28,262.44,291.6,ShowDailyK_ChartFlow,FinMind_API_TaiwanStockPrice_6669,True,2026-09-22T15:43:09,2026-09-22T15:43:09,2026-09-22T15:43:09
6669,緯穎,2021-06-28,983.0,-7.0,-0.71%,9.72,19.43,145.8,174.96,204.12,233.28,262.44,291.6,ShowDailyK_ChartFlow,FinMind_API_TaiwanStockPrice_6669,True,2026-09-22T15:43:09,2026-09-22T15:43:09,2026-09-22T15:43:09
6669,緯穎,2021-06-29,991.0,8.0,0.81%,9.72,19.59,145.8,174.96,204.12,233.28,262.44,291.6,ShowDailyK_ChartFlow,FinMind_API_TaiwanStockPrice_6669,True,2026-09-22T15:43:09,2026-09-22T15:43:09,2026-09-22T15:43:09
6669,緯穎,2021-06-30,997.0,6.0,0.61%,22.92,19.71,343.8,412.56,481.32,550.08,618.84,687.6,ShowDailyK_ChartFlow,FinMind_API_TaiwanStockPrice_6669,True,2026-09-22T15:43:09,2026-09-22T15:43:09,2026-09-22T15:43:09
6669,緯穎,2021-07-01,976.0,-21.0,-2.11%,22.92,19.29,343.8,412.56,481.32,550.08,618.84,687.6,ShowDailyK_ChartFlow,FinMind_API_TaiwanStockPrice_6669,True,2026-09-22T15:43:09,2026-09-22T15:43:09,2026-09-22T15:43:09
6669,緯穎,2021-07-02,1005.0,29.0,2.97%,22.92,19.87,343.8,412.56,481.32,550.08,618.84,687.6,ShowDailyK_ChartFlow,FinMind_API_TaiwanStockPrice_6669,True,2026-09-22T15:43:09,2026-09-22T15:43:09,2026-09-22T15:43:09
6669,緯穎,2021-07-05,1040.0,35.0,3.48%,22.92,20.56,343.8,412.56,481.32,550.08,618.84,687.6,ShowDailyK_ChartFlow,FinMind_API_TaiwanStockPrice_6669,True,2026-09-22T15:43:09,2026-09-22T15:43:09,2026-09-22T15:43:09
6669,緯穎,2021-07-06,1030.0,-10.0,-0.96%,22.92,20.36,343.8,412.56,481.32,550.08,618.84,687.6,ShowDailyK_ChartFlow,FinMind_API_TaiwanStockPrice_6669,True,2026-09-22T15:43:09,2026-09-22T15:43:09,2026-09-22T15:43:09
6669,緯穎,2021-07-07,1050.0,20.0,1.94%,22.92,20.76,343.8,412.56,481.32,550.08,618.84,687.6,ShowDailyK_ChartFlow,FinMind_API_TaiwanStockPrice_6669,True,2026-09-22T15:43:09,2026-09-22T15:43:09,2026-09-22T15:43:09
6669,緯穎,2021-07-08,1055.0,5.0,0.48%,22.92,20.85,343.8,412.56,481.32,550.08,618.84,687.6,ShowDailyK_ChartFlow,FinMind_API_TaiwanStockPrice_6669,True,2026-09-22T15:43:09,2026-09-22T15:43:09,2026-09-22T15:43:09
6669,緯穎,2021-07-09,1045.0,-10.0,-0.95%,22.92,20.66,343.8,412.56,481.32,550.08,618.84,687.6,ShowDailyK_ChartFlow,FinMind_API_TaiwanStockPrice_6669,True,2026-09-22T15:43:09,2026-09-22T15:43:09,2026-09-22T15:43:09
6669,緯穎,2021-07-12,1065.0,20.0,1.91%,22.92,21.05,343.8,412.56,481.32,550.08,618.84,687.6,ShowDailyK_ChartFlow,FinMind_API_TaiwanStockPrice_6669,True,2026-09-22T15:43:09,2026-09-22T15:43:09,2026-09-22T15:43:09
6669,緯穎,2021-07-13,1105.0,40.0,3.76%,22.92,21.84,343.8,412.56,481.32,550.08,618.84,687.6,ShowDailyK_ChartFlow,FinMind_API_TaiwanStockPrice_6669,True,2026-09-22T15:43:09,2026-09-22T15:43:09,2026-09-22T15:43:09
6669,緯穎,2021-07-14,1110.0,5.0,0.45%,22.92,21.94,343.8,412.56,481.32,550.08,618.84,687.6,ShowDailyK_ChartFlow,FinMind_API_TaiwanStockPrice_6669,True,2026-09-22T15:43:09,2026-09-22T15:43:09,2026-09-22T15:43:09
6669,緯穎,2021-07-15,1015.0,-95.0,-8.56%,22.92,20.06,343.8,412.56,481.32,550.08,618.84,687.6,ShowDailyK_ChartFlow,FinMind_API_TaiwanStockPrice_6669,True,2026-09-22T15:43:09,2026-09-22T15:43:09,2026-09-22T15:43:09
6669,緯穎,2021-07-16,1025.0,10.0,0.99%,22.92,20.26,343.8,412.56,481.32,550.08,618.84,687.6,ShowDailyK_ChartFlow,FinMind_API_TaiwanStockPrice_6669,True,2026-09-22T15:43:09,2026-09-22T15:43:09,2026-09-22T15:43:09
6669,緯穎,2021-07-19,1015.0,-10.0,-0.98%,22.92,20.06,343.8,412.56,481.32,550.08,618.84,687.6,ShowDailyK_ChartFlow,FinMind_API_TaiwanStockPrice_6669,True,2026-09-22T15:43:09,2026-09-22T15:43:09,2026-09-22T15:43:09
6669,緯穎,2021-07-20,981.0,-34.0,-3.35%,22.92,19.39,343.8,412.56,481.32,550.08,618.84,687.6,ShowDailyK_ChartFlow,FinMind_API_TaiwanStockPrice_6669,True,2026-09-22T15:43:09,2026-09-22T15:43:09,2026-09-22T15:43:09
6669,緯穎,2021-07-21,985.0,4.0,0.41%,22.92,19.47,343.8,412.56,481.32,550.08,618.84,687.6,ShowDailyK_ChartFlow,FinMind_API_TaiwanStockPrice_6669,True,2026-09-22T15:43:09,2026-09-22T15:43:09,2026-09-22T15:43:09
6669,緯穎,2021-07-22,976.0,-9.0,-0.91%,22.92,19.29,343.8,412.56,481.32,550.08,618.84,687.6,ShowDailyK_ChartFlow,FinMind_API_TaiwanStockPrice_6669,True,2026-09-22T15:43:09,2026-09-22T15:43:09,2026-09-22T15:43:09
6669,緯穎,2021-07-23,945.0,-31.0,-3.18%,22.92,18.68,343.8,412.56,481.32,550.08,618.84,687.6,ShowDailyK_ChartFlow,FinMind_API_TaiwanStockPrice_6669,True,2026-09-22T15:43:09,2026-09-22T15:43:09,2026-09-22T15:43:09
6669,緯穎,2021-07-26,936.0,-9.0,-0.95%,22.92,18.5,343.8,412.56,481.32,550.08,618.84,687.6,ShowDailyK_ChartFlow,FinMind_API_TaiwanStockPrice_6669,True,2026-09-22T15:43:09,2026-09-22T15:43:09,2026-09-22T15:43:09
6669,緯穎,2021-07-27,933.0,-3.0,-0.32%,22.92,18.44,343.8,412.56,481.32,550.08,618.84,687.6,ShowDailyK_ChartFlow,FinMind_API_TaiwanStockPrice_6669,True,2026-09-22T15:43:09,2026-09-22T15:43:09,2026-09-22T15:43:09
6669,緯穎,2021-07-28,901.0,-32.0,-3.43%,22.92,17.81,343.8,412.56,481.32,550.08,618.84,687.6,ShowDailyK_ChartFlow,FinMind_API_TaiwanStockPrice_6669,True,2026-09-22T15:43:09,2026-09-22T15:43:09,2026-09-22T15:43:09
6669,緯穎,2021-07-29,940.0,39.0,4.33%,22.92,18.58,343.8,412.56,481.32,550.08,618.84,687.6,ShowDailyK_ChartFlow,FinMind_API_TaiwanStockPrice_6669,True,2026-09-22T15:43:09,2026-09-22T15:43:09,2026-09-22T15:43:09
6669,緯穎,2021-07-30,937.0,-3.0,-0.32%,22.92,18.52,343.8,412.56,481.32,550.08,618.84,687.6,ShowDailyK_ChartFlow,FinMind_API_TaiwanStockPrice_6669,True,2026-09-22T15:43:09,2026-09-22T15:43:09,2026-09-22T15:43:09
6669,緯穎,2021-08-02,930.0,-7.0,-0.75%,22.92,18.38,343.8,412.56,481.32,550.08,618.84,687.6,ShowDailyK_ChartFlow,FinMind_API_TaiwanStockPrice_6669,True,2026-09-22T15:43:09,2026-09-22T15:43:09,2026-09-22T15:43:09
6669,緯穎,2021-08-03,943.0,13.0,1.40%,22.92,18.35,343.8,412.56,481.32,550.08,618.84,687.6,ShowDailyK_ChartFlow,FinMind_API_TaiwanStockPrice_6669,True,2026-09-22T15:43:09,2026-09-22T15:43:09,2026-09-22T15:43:09
6669,緯穎,2021-08-04,930.0,-13.0,-1.38%,22.92,18.1,343.8,412.56,481.32,550.08,618.84,687.6,ShowDailyK_ChartFlow,FinMind_API_TaiwanStockPrice_6669,True,2026-09-22T15:43:09,2026-09-22T15:43:09,2026-09-22T15:43:09
6669,緯穎,2021-08-05,916.0,-14.0,-1.51%,22.92,17.82,343.8,412.56,481.32,550.08,618.84,687.6,ShowDailyK_ChartFlow,FinMind_API_TaiwanStockPrice_6669,True,2026-09-22T15:43:09,2026-09-22T15:43:09,2026-09-22T15:43:09
6669,緯穎,2021-08-06,916.0,0.0,0.00%,22.92,17.82,343.8,412.56,481.32,550.08,618.84,687.6,ShowDailyK_ChartFlow,FinMind_API_TaiwanStockPrice_6669,True,2026-09-22T15:43:09,2026-09-22T15:43:09,2026-09-22T15:43:09
6669,緯穎,2021-08-09,910.0,-6.0,-0.66%,22.92,17.71,343.8,412.56,481.32,550.08,618.84,687.6,ShowDailyK_ChartFlow,FinMind_API_TaiwanStockPrice_6669,True,2026-09-22T15:43:09,2026-09-22T15:43:09,2026-09-22T15:43:09
6669,緯穎,2021-08-10,908.0,-2.0,-0.22%,22.92,17.67,343.8,412.56,481.32,550.08,618.84,687.6,ShowDailyK_ChartFlow,FinMind_API_TaiwanStockPrice_6669,True,2026-09-22T15:43:09,2026-09-22T15:43:09,2026-09-22T15:43:09
6669,緯穎,2021-08-11,895.0,-13.0,-1.43%,22.92,17.42,343.8,412.56,481.32,550.08,618.84,687.6,ShowDailyK_ChartFlow,FinMind_API_TaiwanStockPrice_6669,True,2026-09-22T15:43:09,2026-09-22T15:43:09,2026-09-22T15:43:09
6669,緯穎,2021-08-12,880.0,-15.0,-1.68%,22.92,17.12,343.8,412.56,481.32,550.08,618.84,687.6,ShowDailyK_ChartFlow,FinMind_API_TaiwanStockPrice_6669,True,2026-09-22T15:43:09,2026-09-22T15:43:09,2026-09-22T15:43:09
6669,緯穎,2021-08-13,859.0,-21.0,-2.39%,22.92,16.72,343.8,412.56,481.32,550.08,618.84,687.6,ShowDailyK_ChartFlow,FinMind_API_TaiwanStockPrice_6669,True,2026-09-22T15:43:09,2026-09-22T15:43:09,2026-09-22T15:43:09
6669,緯穎,2021-08-16,859.0,0.0,0.00%,22.92,16.72,343.8,412.56,481.32,550.08,618.84,687.6,ShowDailyK_ChartFlow,FinMind_API_TaiwanStockPrice_6669,True,2026-09-22T15:43:09,2026-09-22T15:43:09,2026-09-22T15:43:09
6669,緯穎,2021-08-17,837.0,-22.0,-2.56%,22.92,16.29,343.8,412.56,481.32,550.08,618.84,687.6,ShowDailyK_ChartFlow,FinMind_API_TaiwanStockPrice_6669,True,2026-09-22T15:43:09,2026-09-22T15:43:09,2026-09-22T15:43:09
6669,緯穎,2021-08-18,866.0,29.0,3.46%,22.92,16.85,343.8,412.56,481.32,550.08,618.84,687.6,ShowDailyK_ChartFlow,FinMind_API_TaiwanStockPrice_6669,True,2026-09-22T15:43:09,2026-09-22T15:43:09,2026-09-22T15:43:09
6669,緯穎,2021-08-19,889.0,23.0,2.66%,22.92,17.3,343.8,412.56,481.32,550.08,618.84,687.6,ShowDailyK_ChartFlow,FinMind_API_TaiwanStockPrice_6669,True,2026-09-22T15:43:09,2026-09-22T15:43:09,2026-09-22T15:43:09
6669,緯穎,2021-08-20,917.0,28.0,3.15%,22.92,17.84,343.8,412.56,481.32,550.08,618.84,687.6,ShowDailyK_ChartFlow,FinMind_API_TaiwanStockPrice_6669,True,2026-09-22T15:43:09,2026-09-22T15:43:09,2026-09-22T15:43:09
6669,緯穎,2021-08-23,943.0,26.0,2.84%,22.92,18.35,343.8,412.56,481.32,550.08,618.84,687.6,ShowDailyK_ChartFlow,FinMind_API_TaiwanStockPrice_6669,True,2026-09-22T15:43:09,2026-09-22T15:43:09,2026-09-22T15:43:09
6669,緯穎,2021-08-24,949.0,6.0,0.64%,22.92,18.47,343.8,412.56,481.32,550.08,618.84,687.6,ShowDailyK_ChartFlow,FinMind_API_TaiwanStockPrice_6669,True,2026-09-22T15:43:09,2026-09-22T15:43:09,2026-09-22T15:43:09
6669,緯穎,2021-08-25,960.0,11.0,1.16%,22.92,18.68,343.8,412.56,481.32,550.08,618.84,687.6,ShowDailyK_ChartFlow,FinMind_API_TaiwanStockPrice_6669,True,2026-09-22T15:43:09,2026-09-22T15:43:09,2026-09-22T15:43:09
6669,緯穎,2021-08-26,943.0,-17.0,-1.77%,22.92,18.35,343.8,412.56,481.32,550.08,618.84,687.6,ShowDailyK_ChartFlow,FinMind_API_TaiwanStockPrice_6669,True,2026-09-22T15:43:09,2026-09-22T15:43:09,2026-09-22T15:43:09
6669,緯穎,2021-08-27,953.0,10.0,1.06%,22.92,18.54,343.8,412.56,481.32,550.08,618.84,687.6,ShowDailyK_ChartFlow,FinMind_API_TaiwanStockPrice_6669,True,2026-09-22T15:43:09,2026-09-22T15:43:09,2026-09-22T15:43:09
6669,緯穎,2021-08-30,983.0,30.0,3.15%,22.92,19.13,343.8,412.56,481.32,550.08,618.84,687.6,ShowDailyK_ChartFlow,FinMind_API_TaiwanStockPrice_6669,True,2026-09-22T15:43:09,2026-09-22T15:43:09,2026-09-22T15:43:09
6669,緯穎,2021-08-31,970.0,-13.0,-1.32%,22.92,18.88,343.8,412.56,481.32,550.08,618.84,687.6,ShowDailyK_ChartFlow,FinMind_API_TaiwanStockPrice_6669,True,2026-09-22T15:43:09,2026-09-22T15:43:09,2026-09-22T15:43:09
6669,緯穎,2021-09-01,968.0,-2.0,-0.21%,22.92,18.84,343.8,412.56,481.32,550.08,618.84,687.6,ShowDailyK_ChartFlow,FinMind_API_TaiwanStockPrice_6669,True,2026-09-22T15:43:09,2026-09-22T15:43:09,2026-09-22T15:43:09
6669,緯穎,2021-09-02,984.0,16.0,1.65%,22.92,19.15,343.8,412.56,481.32,550.08,618.84,687.6,ShowDailyK_ChartFlow,FinMind_API_TaiwanStockPrice_6669,True,2026-09-22T15:43:09,2026-09-22T15:43:09,2026-09-22T15:43:09
6669,緯穎,2021-09-03,974.0,-10.0,-1.02%,22.92,18.95,343.8,412.56,481.32,550.08,618.84,687.6,ShowDailyK_ChartFlow,FinMind_API_TaiwanStockPrice_6669,True,2026-09-22T15:43:09,2026-09-22T15:43:09,2026-09-22T15:43:09
6669,緯穎,2021-09-06,963.0,-11.0,-1.13%,22.92,18.74,343.8,412.56,481.32,550.08,618.84,687.6,ShowDailyK_ChartFlow,FinMind_API_TaiwanStockPrice_6669,True,2026-09-22T15:43:09,2026-09-22T15:43:09,2026-09-22T15:43:09
6669,緯穎,2021-09-07,954.0,-9.0,-0.93%,22.92,18.56,343.8,412.56,481.32,550.08,618.84,687.6,ShowDailyK_ChartFlow,FinMind_API_TaiwanStockPrice_6669,True,2026-09-22T15:43:09,2026-09-22T15:43:09,2026-09-22T15:43:09
6669,緯穎,2021-09-08,935.0,-19.0,-1.99%,22.92,18.19,343.8,412.56,481.32,550.08,618.84,687.6,ShowDailyK_ChartFlow,FinMind_API_TaiwanStockPrice_6669,True,2026-09-22T15:43:09,2026-09-22T15:43:09,2026-09-22T15:43:09
6669,緯穎,2021-09-09,908.0,-27.0,-2.89%,22.92,17.67,343.8,412.56,481.32,550.08,618.84,687.6,ShowDailyK_ChartFlow,FinMind_API_TaiwanStockPrice_6669,True,2026-09-22T15:43:09,2026-09-22T15:43:09,2026-09-22T15:43:09
6669,緯穎,2021-09-10,898.0,-10.0,-1.10%,22.92,17.47,343.8,412.56,481.32,550.08,618.84,687.6,ShowDailyK_ChartFlow,FinMind_API_TaiwanStockPrice_6669,True,2026-09-22T15:43:09,2026-09-22T15:43:09,2026-09-22T15:43:09
6669,緯穎,2021-09-13,890.0,-8.0,-0.89%,22.92,17.32,343.8,412.56,481.32,550.08,618.84,687.6,ShowDailyK_ChartFlow,FinMind_API_TaiwanStockPrice_6669,True,2026-09-22T15:43:09,2026-09-22T15:43:09,2026-09-22T15:43:09
6669,緯穎,2021-09-14,892.0,2.0,0.22%,22.92,17.36,343.8,412.56,481.32,550.08,618.84,687.6,ShowDailyK_ChartFlow,FinMind_API_TaiwanStockPrice_6669,True,2026-09-22T15:43:09,2026-09-22T15:43:09,2026-09-22T15:43:09
6669,緯穎,2021-09-15,901.0,9.0,1.01%,22.92,17.53,343.8,412.56,481.32,550.08,618.84,687.6,ShowDailyK_ChartFlow,FinMind_API_TaiwanStockPrice_6669,True,2026-09-22T15:43:09,2026-09-22T15:43:09,2026-09-22T15:43:09
6669,緯穎,2021-09-16,907.0,6.0,0.67%,22.92,17.65,343.8,412.56,481.32,550.08,618.84,687.6,ShowDailyK_ChartFlow,FinMind_API_TaiwanStockPrice_6669,True,2026-09-22T15:43:09,2026-09-22T15:43:09,2026-09-22T15:43:09
6669,緯穎,2021-09-17,930.0,23.0,2.54%,22.92,18.1,343.8,412.56,481.32,550.08,618.84,687.6,ShowDailyK_ChartFlow,FinMind_API_TaiwanStockPrice_6669,True,2026-09-22T15:43:09,2026-09-22T15:43:09,2026-09-22T15:43:09
6669,緯穎,2021-09-22,914.0,-16.0,-1.72%,22.92,17.79,343.8,412.56,481.32,550.08,618.84,687.6,ShowDailyK_ChartFlow,FinMind_API_TaiwanStockPrice_6669,True,2026-09-22T15:43:09,2026-09-22T15:43:09,2026-09-22T15:43:09
6669,緯穎,2021-09-23,955.0,41.0,4.49%,22.92,18.58,343.8,412.56,481.32,550.08,618.84,687.6,ShowDailyK_ChartFlow,FinMind_API_TaiwanStockPrice_6669,True,2026-09-22T15:43:09,2026-09-22T15:43:09,2026-09-22T15:43:09
6669,緯穎,2021-09-24,969.0,14.0,1.47%,22.92,18.86,343.8,412.56,481.32,550.08,618.84,687.6,ShowDailyK_ChartFlow,FinMind_API_TaiwanStockPrice_6669,True,2026-09-22T15:43:09,2026-09-22T15:43:09,2026-09-22T15:43:09
6669,緯穎,2021-09-27,950.0,-19.0,-1.96%,22.92,18.49,343.8,412.56,481.32,550.08,618.84,687.6,ShowDailyK_ChartFlow,FinMind_API_TaiwanStockPrice_6669,True,2026-09-22T15:43:09,2026-09-22T15:43:09,2026-09-22T15:43:09
6669,緯穎,2021-09-28,938.0,-12.0,-1.26%,22.92,18.25,343.8,412.56,481.32,550.08,618.84,687.6,ShowDailyK_ChartFlow,FinMind_API_TaiwanStockPrice_6669,True,2026-09-22T15:43:09,2026-09-22T15:43:09,2026-09-22T15:43:09
6669,緯穎,2021-09-29,906.0,-32.0,-3.41%,22.92,17.63,343.8,412.56,481.32,550.08,618.84,687.6,ShowDailyK_ChartFlow,FinMind_API_TaiwanStockPrice_6669,True,2026-09-22T15:43:09,2026-09-22T15:43:09,2026-09-22T15:43:09
6669,緯穎,2021-09-30,870.0,-36.0,-3.97%,34.51,16.93,517.65,621.18,724.71,828.24,931.77,1035.3,ShowDailyK_ChartFlow,FinMind_API_TaiwanStockPrice_6669,True,2026-09-22T15:43:09,2026-09-22T15:43:09,2026-09-22T15:43:09
6669,緯穎,2021-10-01,855.0,-15.0,-1.72%,34.51,16.64,517.65,621.18,724.71,828.24,931.77,1035.3,ShowDailyK_ChartFlow,FinMind_API_TaiwanStockPrice_6669,True,2026-09-22T15:43:09,2026-09-22T15:43:09,2026-09-22T15:43:09
6669,緯穎,2021-10-04,828.0,-27.0,-3.16%,34.51,16.11,517.65,621.18,724.71,828.24,931.77,1035.3,ShowDailyK_ChartFlow,FinMind_API_TaiwanStockPrice_6669,True,2026-09-22T15:43:09,2026-09-22T15:43:09,2026-09-22T15:43:09
6669,緯穎,2021-10-05,833.0,5.0,0.60%,34.51,16.21,517.65,621.18,724.71,828.24,931.77,1035.3,ShowDailyK_ChartFlow,FinMind_API_TaiwanStockPrice_6669,True,2026-09-22T15:43:09,2026-09-22T15:43:09,2026-09-22T15:43:09
6669,緯穎,2021-10-06,795.0,-38.0,-4.56%,34.51,15.47,517.65,621.18,724.71,828.24,931.77,1035.3,ShowDailyK_ChartFlow,FinMind_API_TaiwanStockPrice_6669,True,2026-09-22T15:43:09,2026-09-22T15:43:09,2026-09-22T15:43:09
6669,緯穎,2021-10-07,815.0,20.0,2.52%,34.51,15.86,517.65,621.18,724.71,828.24,931.77,1035.3,ShowDailyK_ChartFlow,FinMind_API_TaiwanStockPrice_6669,True,2026-09-22T15:43:09,2026-09-22T15:43:09,2026-09-22T15:43:09
6669,緯穎,2021-10-08,827.0,12.0,1.47%,34.51,16.09,517.65,621.18,724.71,828.24,931.77,1035.3,ShowDailyK_ChartFlow,FinMind_API_TaiwanStockPrice_6669,True,2026-09-22T15:43:09,2026-09-22T15:43:09,2026-09-22T15:43:09
6669,緯穎,2021-10-12,823.0,-4.0,-0.48%,34.51,16.01,517.65,621.18,724.71,828.24,931.77,1035.3,ShowDailyK_ChartFlow,FinMind_API_TaiwanStockPrice_6669,True,2026-09-22T15:43:09,2026-09-22T15:43:09,2026-09-22T15:43:09
6669,緯穎,2021-10-13,801.0,-22.0,-2.67%,34.51,15.59,517.65,621.18,724.71,828.24,931.77,1035.3,ShowDailyK_ChartFlow,FinMind_API_TaiwanStockPrice_6669,True,2026-09-22T15:43:09,2026-09-22T15:43:09,2026-09-22T15:43:09
6669,緯穎,2021-10-14,808.0,7.0,0.87%,34.51,15.72,517.65,621.18,724.71,828.24,931.77,1035.3,ShowDailyK_ChartFlow,FinMind_API_TaiwanStockPrice_6669,True,2026-09-22T15:43:09,2026-09-22T15:43:09,2026-09-22T15:43:09
6669,緯穎,2021-10-15,781.0,-27.0,-3.34%,34.51,15.2,517.65,621.18,724.71,828.24,931.77,1035.3,ShowDailyK_ChartFlow,FinMind_API_TaiwanStockPrice_6669,True,2026-09-22T15:43:09,2026-09-22T15:43:09,2026-09-22T15:43:09
6669,緯穎,2021-10-18,784.0,3.0,0.38%,34.51,15.26,517.65,621.18,724.71,828.24,931.77,1035.3,ShowDailyK_ChartFlow,FinMind_API_TaiwanStockPrice_6669,True,2026-09-22T15:43:09,2026-09-22T15:43:09,2026-09-22T15:43:09
6669,緯穎,2021-10-19,808.0,24.0,3.06%,34.51,15.72,517.65,621.18,724.71,828.24,931.77,1035.3,ShowDailyK_ChartFlow,FinMind_API_TaiwanStockPrice_6669,True,2026-09-22T15:43:09,2026-09-22T15:43:09,2026-09-22T15:43:09
6669,緯穎,2021-10-20,810.0,2.0,0.25%,34.51,15.76,517.65,621.18,724.71,828.24,931.77,1035.3,ShowDailyK_ChartFlow,FinMind_API_TaiwanStockPrice_6669,True,2026-09-22T15:43:09,2026-09-22T15:43:09,2026-09-22T15:43:09
6669,緯穎,2021-10-21,806.0,-4.0,-0.49%,34.51,15.68,517.65,621.18,724.71,828.24,931.77,1035.3,ShowDailyK_ChartFlow,FinMind_API_TaiwanStockPrice_6669,True,2026-09-22T15:43:09,2026-09-22T15:43:09,2026-09-22T15:43:09
6669,緯穎,2021-10-22,810.0,4.0,0.50%,34.51,15.76,517.65,621.18,724.71,828.24,931.77,1035.3,ShowDailyK_ChartFlow,FinMind_API_TaiwanStockPrice_6669,True,2026-09-22T15:43:09,2026-09-22T15:43:09,2026-09-22T15:43:09
6669,緯穎,2021-10-25,812.0,2.0,0.25%,34.51,15.8,517.65,621.18,724.71,828.24,931.77,1035.3,ShowDailyK_ChartFlow,FinMind_API_TaiwanStockPrice_6669,True,2026-09-22T15:43:09,2026-09-22T15:43:09,2026-09-22T15:43:09
6669,緯穎,2021-10-26,864.0,52.0,6.40%,34.51,16.81,517.65,621.18,724.71,828.24,931.77,1035.3,ShowDailyK_ChartFlow,FinMind_API_TaiwanStockPrice_6669,True,2026-09-22T15:43:09,2026-09-22T15:43:09,2026-09-22T15:43:09
6669,緯穎,2021-10-27,850.0,-14.0,-1.62%,34.51,16.54,517.65,621.18,724.71,828.24,931.77,1035.3,ShowDailyK_ChartFlow,FinMind_API_TaiwanStockPrice_6669,True,2026-09-22T15:43:09,2026-09-22T15:43:09,2026-09-22T15:43:09
6669,緯穎,2021-10-28,868.0,18.0,2.12%,34.51,16.89,517.65,621.18,724.71,828.24,931.77,1035.3,ShowDailyK_ChartFlow,FinMind_API_TaiwanStockPrice_6669,True,2026-09-22T15:43:09,2026-09-22T15:43:09,2026-09-22T15:43:09
6669,緯穎,2021-10-29,889.0,21.0,2.42%,34.51,17.3,517.65,621.18,724.71,828.24,931.77,1035.3,ShowDailyK_ChartFlow,FinMind_API_TaiwanStockPrice_6669,True,2026-09-22T15:43:09,2026-09-22T15:43:09,2026-09-22T15:43:09
6669,緯穎,2021-11-01,928.0,39.0,4.39%,34.51,18.06,517.65,621.18,724.71,828.24,931.77,1035.3,ShowDailyK_ChartFlow,FinMind_API_TaiwanStockPrice_6669,True,2026-09-22T15:43:09,2026-09-22T15:43:09,2026-09-22T15:43:09
6669,緯穎,2021-11-02,886.0,-42.0,-4.53%,34.51,17.24,517.65,621.18,724.71,828.24,931.77,1035.3,ShowDailyK_ChartFlow,FinMind_API_TaiwanStockPrice_6669,True,2026-09-22T15:43:09,2026-09-22T15:43:09,2026-09-22T15:43:09
6669,緯穎,2021-11-03,867.0,-19.0,-2.14%,34.51,17.29,517.65,621.18,724.71,828.24,931.77,1035.3,ShowDailyK_ChartFlow,FinMind_API_TaiwanStockPrice_6669,True,2026-09-22T15:43:09,2026-09-22T15:43:09,2026-09-22T15:43:09
6669,緯穎,2021-11-04,905.0,38.0,4.38%,34.51,18.05,517.65,621.18,724.71,828.24,931.77,1035.3,ShowDailyK_ChartFlow,FinMind_API_TaiwanStockPrice_6669,True,2026-09-22T15:43:09,2026-09-22T15:43:09,2026-09-22T15:43:09
6669,緯穎,2021-11-05,939.0,34.0,3.76%,34.51,18.73,517.65,621.18,724.71,828.24,931.77,1035.3,ShowDailyK_ChartFlow,FinMind_API_TaiwanStockPrice_6669,True,2026-09-22T15:43:09,2026-09-22T15:43:09,2026-09-22T15:43:09
6669,緯穎,2021-11-08,910.0,-29.0,-3.09%,34.51,18.15,517.65,621.18,724.71,828.24,931.77,1035.3,ShowDailyK_ChartFlow,FinMind_API_TaiwanStockPrice_6669,True,2026-09-22T15:43:09,2026-09-22T15:43:09,2026-09-22T15:43:09
6669,緯穎,2021-11-09,941.0,31.0,3.41%,34.51,18.77,517.65,621.18,724.71,828.24,931.77,1035.3,ShowDailyK_ChartFlow,FinMind_API_TaiwanStockPrice_6669,True,2026-09-22T15:43:09,2026-09-22T15:43:09,2026-09-22T15:43:09
6669,緯穎,2021-11-10,944.0,3.0,0.32%,34.51,18.83,517.65,621.18,724.71,828.24,931.77,1035.3,ShowDailyK_ChartFlow,FinMind_API_TaiwanStockPrice_6669,True,2026-09-22T15:43:09,2026-09-22T15:43:09,2026-09-22T15:43:09
6669,緯穎,2021-11-11,950.0,6.0,0.64%,34.51,18.95,517.65,621.18,724.71,828.24,931.77,1035.3,ShowDailyK_ChartFlow,FinMind_API_TaiwanStockPrice_6669,True,2026-09-22T15:43:09,2026-09-22T15:43:09,2026-09-22T15:43:09
6669,緯穎,2021-11-12,960.0,10.0,1.05%,34.51,19.15,517.65,621.18,724.71,828.24,931.77,1035.3,ShowDailyK_ChartFlow,FinMind_API_TaiwanStockPrice_6669,True,2026-09-22T15:43:09,2026-09-22T15:43:09,2026-09-22T15:43:09
6669,緯穎,2021-11-15,971.0,11.0,1.15%,34.51,19.37,517.65,621.18,724.71,828.24,931.77,1035.3,ShowDailyK_ChartFlow,FinMind_API_TaiwanStockPrice_6669,True,2026-09-22T15:43:09,2026-09-22T15:43:09,2026-09-22T15:43:09
6669,緯穎,2021-11-16,977.0,6.0,0.62%,34.51,19.49,517.65,621.18,724.71,828.24,931.77,1035.3,ShowDailyK_ChartFlow,FinMind_API_TaiwanStockPrice_6669,True,2026-09-22T15:43:09,2026-09-22T15:43:09,2026-09-22T15:43:09
6669,緯穎,2021-11-17,1010.0,33.0,3.38%,34.51,20.14,517.65,621.18,724.71,828.24,931.77,1035.3,ShowDailyK_ChartFlow,FinMind_API_TaiwanStockPrice_6669,True,2026-09-22T15:43:09,2026-09-22T15:43:09,2026-09-22T15:43:09
6669,緯穎,2021-11-18,984.0,-26.0,-2.57%,34.51,19.63,517.65,621.18,724.71,828.24,931.77,1035.3,ShowDailyK_ChartFlow,FinMind_API_TaiwanStockPrice_6669,True,2026-09-22T15:43:09,2026-09-22T15:43:09,2026-09-22T15:43:09
6669,緯穎,2021-11-19,1010.0,26.0,2.64%,34.51,20.14,517.65,621.18,724.71,828.24,931.77,1035.3,ShowDailyK_ChartFlow,FinMind_API_TaiwanStockPrice_6669,True,2026-09-22T15:43:09,2026-09-22T15:43:09,2026-09-22T15:43:09
6669,緯穎,2021-11-22,1030.0,20.0,1.98%,34.51,20.54,517.65,621.18,724.71,828.24,931.77,1035.3,ShowDailyK_ChartFlow,FinMind_API_TaiwanStockPrice_6669,True,2026-09-22T15:43:09,2026-09-22T15:43:09,2026-09-22T15:43:09
6669,緯穎,2021-11-23,993.0,-37.0,-3.59%,34.51,19.8,517.65,621.18,724.71,828.24,931.77,1035.3,ShowDailyK_ChartFlow,FinMind_API_TaiwanStockPrice_6669,True,2026-09-22T15:43:09,2026-09-22T15:43:09,2026-09-22T15:43:09
6669,緯穎,2021-11-24,990.0,-3.0,-0.30%,34.51,19.74,517.65,621.18,724.71,828.24,931.77,1035.3,ShowDailyK_ChartFlow,FinMind_API_TaiwanStockPrice_6669,True,2026-09-22T15:43:09,2026-09-22T15:43:09,2026-09-22T15:43:09
6669,緯穎,2021-11-25,982.0,-8.0,-0.81%,34.51,19.59,517.65,621.18,724.71,828.24,931.77,1035.3,ShowDailyK_ChartFlow,FinMind_API_TaiwanStockPrice_6669,True,2026-09-22T15:43:09,2026-09-22T15:43:09,2026-09-22T15:43:09
6669,緯穎,2021-11-26,989.0,7.0,0.71%,34.51,19.72,517.65,621.18,724.71,828.24,931.77,1035.3,ShowDailyK_ChartFlow,FinMind_API_TaiwanStockPrice_6669,True,2026-09-22T15:43:09,2026-09-22T15:43:09,2026-09-22T15:43:09
6669,緯穎,2021-11-29,1020.0,31.0,3.13%,34.51,20.34,517.65,621.18,724.71,828.24,931.77,1035.3,ShowDailyK_ChartFlow,FinMind_API_TaiwanStockPrice_6669,True,2026-09-22T15:43:09,2026-09-22T15:43:09,2026-09-22T15:43:09
6669,緯穎,2021-11-30,1050.0,30.0,2.94%,34.51,20.94,517.65,621.18,724.71,828.24,931.77,1035.3,ShowDailyK_ChartFlow,FinMind_API_TaiwanStockPrice_6669,True,2026-09-22T15:43:09,2026-09-22T15:43:09,2026-09-22T15:43:09
6669,緯穎,2021-12-01,1020.0,-30.0,-2.86%,34.51,20.34,517.65,621.18,724.71,828.24,931.77,1035.3,ShowDailyK_ChartFlow,FinMind_API_TaiwanStockPrice_6669,True,2026-09-22T15:43:09,2026-09-22T15:43:09,2026-09-22T15:43:09
6669,緯穎,2021-12-02,1020.0,0.0,0.00%,34.51,20.34,517.65,621.18,724.71,828.24,931.77,1035.3,ShowDailyK_ChartFlow,FinMind_API_TaiwanStockPrice_6669,True,2026-09-22T15:43:09,2026-09-22T15:43:09,2026-09-22T15:43:09
6669,緯穎,2021-12-03,998.0,-22.0,-2.16%,34.51,19.9,517.65,621.18,724.71,828.24,931.77,1035.3,ShowDailyK_ChartFlow,FinMind_API_TaiwanStockPrice_6669,True,2026-09-22T15:43:09,2026-09-22T15:43:09,2026-09-22T15:43:09
6669,緯穎,2021-12-06,995.0,-3.0,-0.30%,34.51,19.84,517.65,621.18,724.71,828.24,931.77,1035.3,ShowDailyK_ChartFlow,FinMind_API_TaiwanStockPrice_6669,True,2026-09-22T15:43:09,2026-09-22T15:43:09,2026-09-22T15:43:09
6669,緯穎,2021-12-07,1010.0,15.0,1.51%,34.51,20.14,517.65,621.18,724.71,828.24,931.77,1035.3,ShowDailyK_ChartFlow,FinMind_API_TaiwanStockPrice_6669,True,2026-09-22T15:43:09,2026-09-22T15:43:09,2026-09-22T15:43:09
6669,緯穎,2021-12-08,1050.0,40.0,3.96%,34.51,20.94,517.65,621.18,724.71,828.24,931.77,1035.3,ShowDailyK_ChartFlow,FinMind_API_TaiwanStockPrice_6669,True,2026-09-22T15:43:09,2026-09-22T15:43:09,2026-09-22T15:43:09
6669,緯穎,2021-12-09,1080.0,30.0,2.86%,34.51,21.54,517.65,621.18,724.71,828.24,931.77,1035.3,ShowDailyK_ChartFlow,FinMind_API_TaiwanStockPrice_6669,True,2026-09-22T15:43:09,2026-09-22T15:43:09,2026-09-22T15:43:09
6669,緯穎,2021-12-10,1065.0,-15.0,-1.39%,34.51,21.24,517.65,621.18,724.71,828.24,931.77,1035.3,ShowDailyK_ChartFlow,FinMind_API_TaiwanStockPrice_6669,True,2026-09-22T15:43:09,2026-09-22T15:43:09,2026-09-22T15:43:09
6669,緯穎,2021-12-13,1080.0,15.0,1.41%,34.51,21.54,517.65,621.18,724.71,828.24,931.77,1035.3,ShowDailyK_ChartFlow,FinMind_API_TaiwanStockPrice_6669,True,2026-09-22T15:43:09,2026-09-22T15:43:09,2026-09-22T15:43:09
6669,緯穎,2021-12-14,1070.0,-10.0,-0.93%,34.51,21.34,517.65,621.18,724.71,828.24,931.77,1035.3,ShowDailyK_ChartFlow,FinMind_API_TaiwanStockPrice_6669,True,2026-09-22T15:43:09,2026-09-22T15:43:09,2026-09-22T15:43:09
6669,緯穎,2021-12-15,1055.0,-15.0,-1.40%,34.51,21.04,517.65,621.18,724.71,828.24,931.77,1035.3,ShowDailyK_ChartFlow,FinMind_API_TaiwanStockPrice_6669,True,2026-09-22T15:43:09,2026-09-22T15:43:09,2026-09-22T15:43:09
6669,緯穎,2021-12-16,1055.0,0.0,0.00%,34.51,21.04,517.65,621.18,724.71,828.24,931.77,1035.3,ShowDailyK_ChartFlow,FinMind_API_TaiwanStockPrice_6669,True,2026-09-22T15:43:09,2026-09-22T15:43:09,2026-09-22T15:43:09
6669,緯穎,2021-12-17,1065.0,10.0,0.95%,34.51,21.24,517.65,621.18,724.71,828.24,931.77,1035.3,ShowDailyK_ChartFlow,FinMind_API_TaiwanStockPrice_6669,True,2026-09-22T15:43:09,2026-09-22T15:43:09,2026-09-22T15:43:09
6669,緯穎,2021-12-20,1025.0,-40.0,-3.76%,34.51,20.44,517.65,621.18,724.71,828.24,931.77,1035.3,ShowDailyK_ChartFlow,FinMind_API_TaiwanStockPrice_6669,True,2026-09-22T15:43:09,2026-09-22T15:43:09,2026-09-22T15:43:09
6669,緯穎,2021-12-21,1075.0,50.0,4.88%,34.51,21.44,517.65,621.18,724.71,828.24,931.77,1035.3,ShowDailyK_ChartFlow,FinMind_API_TaiwanStockPrice_6669,True,2026-09-22T15:43:09,2026-09-22T15:43:09,2026-09-22T15:43:09
6669,緯穎,2021-12-22,1110.0,35.0,3.26%,34.51,22.14,517.65,621.18,724.71,828.24,931.77,1035.3,ShowDailyK_ChartFlow,FinMind_API_TaiwanStockPrice_6669,True,2026-09-22T15:43:09,2026-09-22T15:43:09,2026-09-22T15:43:09
6669,緯穎,2021-12-23,1115.0,5.0,0.45%,34.51,22.24,517.65,621.18,724.71,828.24,931.77,1035.3,ShowDailyK_ChartFlow,FinMind_API_TaiwanStockPrice_6669,True,2026-09-22T15:43:09,2026-09-22T15:43:09,2026-09-22T15:43:09
6669,緯穎,2021-12-24,1110.0,-5.0,-0.45%,34.51,22.14,517.65,621.18,724.71,828.24,931.77,1035.3,ShowDailyK_ChartFlow,FinMind_API_TaiwanStockPrice_6669,True,2026-09-22T15:43:09,2026-09-22T15:43:09,2026-09-22T15:43:09
6669,緯穎,2021-12-27,1125.0,15.0,1.35%,34.51,22.44,517.65,621.18,724.71,828.24,931.77,1035.3,ShowDailyK_ChartFlow,FinMind_API_TaiwanStockPrice_6669,True,2026-09-22T15:43:09,2026-09-22T15:43:09,2026-09-22T15:43:09
6669,緯穎,2021-12-28,1110.0,-15.0,-1.33%,34.51,22.14,517.65,621.18,724.71,828.24,931.77,1035.3,ShowDailyK_ChartFlow,FinMind_API_TaiwanStockPrice_6669,True,2026-09-22T15:43:09,2026-09-22T15:43:09,2026-09-22T15:43:09
6669,緯穎,2021-12-29,1110.0,0.0,0.00%,34.51,22.14,517.65,621.18,724.71,828.24,931.77,1035.3,ShowDailyK_ChartFlow,FinMind_API_TaiwanStockPrice_6669,True,2026-09-22T15:43:09,2026-09-22T15:43:09,2026-09-22T15:43:09
6669,緯穎,2021-12-30,1115.0,5.0,0.45%,34.51,22.24,517.65,621.18,724.71,828.24,931.77,1035.3,ShowDailyK_ChartFlow,FinMind_API_TaiwanStockPrice_6669,True,2026-09-22T15:43:09,2026-09-22T15:43:09,2026-09-22T15:43:09
6669,緯穎,2022-01-03,1090.0,-25.0,-2.24%,49.46,21.74,741.9,890.28,1038.66,1187.04,1335.42,1483.8,ShowDailyK_ChartFlow,FinMind_API_TaiwanStockPrice_6669,True,2026-09-22T15:43:09,2026-09-22T15:43:09,2026-09-22T15:43:09
6669,緯穎,2022-01-04,1135.0,45.0,4.13%,49.46,22.64,741.9,890.28,1038.66,1187.04,1335.42,1483.8,ShowDailyK_ChartFlow,FinMind_API_TaiwanStockPrice_6669,True,2026-09-22T15:43:09,2026-09-22T15:43:09,2026-09-22T15:43:09
6669,緯穎,2022-01-05,1115.0,-20.0,-1.76%,49.46,22.24,741.9,890.28,1038.66,1187.04,1335.42,1483.8,ShowDailyK_ChartFlow,FinMind_API_TaiwanStockPrice_6669,True,2026-09-22T15:43:09,2026-09-22T15:43:09,2026-09-22T15:43:09
6669,緯穎,2022-01-06,1040.0,-75.0,-6.73%,49.46,20.74,741.9,890.28,1038.66,1187.04,1335.42,1483.8,ShowDailyK_ChartFlow,FinMind_API_TaiwanStockPrice_6669,True,2026-09-22T15:43:09,2026-09-22T15:43:09,2026-09-22T15:43:09
6669,緯穎,2022-01-07,1065.0,25.0,2.40%,49.46,21.24,741.9,890.28,1038.66,1187.04,1335.42,1483.8,ShowDailyK_ChartFlow,FinMind_API_TaiwanStockPrice_6669,True,2026-09-22T15:43:09,2026-09-22T15:43:09,2026-09-22T15:43:09
6669,緯穎,2022-01-10,1110.0,45.0,4.23%,49.46,22.14,741.9,890.28,1038.66,1187.04,1335.42,1483.8,ShowDailyK_ChartFlow,FinMind_API_TaiwanStockPrice_6669,True,2026-09-22T15:43:09,2026-09-22T15:43:09,2026-09-22T15:43:09
6669,緯穎,2022-01-11,1120.0,10.0,0.90%,49.46,22.34,741.9,890.28,1038.66,1187.04,1335.42,1483.8,ShowDailyK_ChartFlow,FinMind_API_TaiwanStockPrice_6669,True,2026-09-22T15:43:09,2026-09-22T15:43:09,2026-09-22T15:43:09
6669,緯穎,2022-01-12,1100.0,-20.0,-1.79%,49.46,21.94,741.9,890.28,1038.66,1187.04,1335.42,1483.8,ShowDailyK_ChartFlow,FinMind_API_TaiwanStockPrice_6669,True,2026-09-22T15:43:09,2026-09-22T15:43:09,2026-09-22T15:43:09
6669,緯穎,2022-01-13,1085.0,-15.0,-1.36%,49.46,21.64,741.9,890.28,1038.66,1187.04,1335.42,1483.8,ShowDailyK_ChartFlow,FinMind_API_TaiwanStockPrice_6669,True,2026-09-22T15:43:09,2026-09-22T15:43:09,2026-09-22T15:43:09
6669,緯穎,2022-01-14,1060.0,-25.0,-2.30%,49.46,21.14,741.9,890.28,1038.66,1187.04,1335.42,1483.8,ShowDailyK_ChartFlow,FinMind_API_TaiwanStockPrice_6669,True,2026-09-22T15:43:09,2026-09-22T15:43:09,2026-09-22T15:43:09
6669,緯穎,2022-01-17,1075.0,15.0,1.42%,49.46,21.44,741.9,890.28,1038.66,1187.04,1335.42,1483.8,ShowDailyK_ChartFlow,FinMind_API_TaiwanStockPrice_6669,True,2026-09-22T15:43:09,2026-09-22T15:43:09,2026-09-22T15:43:09
6669,緯穎,2022-01-18,1085.0,10.0,0.93%,49.46,21.64,741.9,890.28,1038.66,1187.04,1335.42,1483.8,ShowDailyK_ChartFlow,FinMind_API_TaiwanStockPrice_6669,True,2026-09-22T15:43:09,2026-09-22T15:43:09,2026-09-22T15:43:09
6669,緯穎,2022-01-19,1085.0,0.0,0.00%,49.46,21.64,741.9,890.28,1038.66,1187.04,1335.42,1483.8,ShowDailyK_ChartFlow,FinMind_API_TaiwanStockPrice_6669,True,2026-09-22T15:43:09,2026-09-22T15:43:09,2026-09-22T15:43:09
6669,緯穎,2022-01-20,1010.0,-75.0,-6.91%,49.46,20.14,741.9,890.28,1038.66,1187.04,1335.42,1483.8,ShowDailyK_ChartFlow,FinMind_API_TaiwanStockPrice_6669,True,2026-09-22T15:43:09,2026-09-22T15:43:09,2026-09-22T15:43:09
6669,緯穎,2022-01-21,1015.0,5.0,0.50%,49.46,20.24,741.9,890.28,1038.66,1187.04,1335.42,1483.8,ShowDailyK_ChartFlow,FinMind_API_TaiwanStockPrice_6669,True,2026-09-22T15:43:09,2026-09-22T15:43:09,2026-09-22T15:43:09
6669,緯穎,2022-01-24,1020.0,5.0,0.49%,49.46,20.34,741.9,890.28,1038.66,1187.04,1335.42,1483.8,ShowDailyK_ChartFlow,FinMind_API_TaiwanStockPrice_6669,True,2026-09-22T15:43:09,2026-09-22T15:43:09,2026-09-22T15:43:09
6669,緯穎,2022-01-25,985.0,-35.0,-3.43%,49.46,19.64,741.9,890.28,1038.66,1187.04,1335.42,1483.8,ShowDailyK_ChartFlow,FinMind_API_TaiwanStockPrice_6669,True,2026-09-22T15:43:09,2026-09-22T15:43:09,2026-09-22T15:43:09
6669,緯穎,2022-01-26,996.0,11.0,1.12%,49.46,19.86,741.9,890.28,1038.66,1187.04,1335.42,1483.8,ShowDailyK_ChartFlow,FinMind_API_TaiwanStockPrice_6669,True,2026-09-22T15:43:09,2026-09-22T15:43:09,2026-09-22T15:43:09
6669,緯穎,2022-02-07,978.0,-18.0,-1.81%,49.46,19.51,741.9,890.28,1038.66,1187.04,1335.42,1483.8,ShowDailyK_ChartFlow,FinMind_API_TaiwanStockPrice_6669,True,2026-09-22T15:43:09,2026-09-22T15:43:09,2026-09-22T15:43:09
6669,緯穎,2022-02-08,985.0,7.0,0.72%,49.46,19.64,741.9,890.28,1038.66,1187.04,1335.42,1483.8,ShowDailyK_ChartFlow,FinMind_API_TaiwanStockPrice_6669,True,2026-09-22T15:43:09,2026-09-22T15:43:09,2026-09-22T15:43:09
6669,緯穎,2022-02-09,987.0,2.0,0.20%,49.46,19.68,741.9,890.28,1038.66,1187.04,1335.42,1483.8,ShowDailyK_ChartFlow,FinMind_API_TaiwanStockPrice_6669,True,2026-09-22T15:43:09,2026-09-22T15:43:09,2026-09-22T15:43:09
6669,緯穎,2022-02-10,997.0,10.0,1.01%,49.46,19.88,741.9,890.28,1038.66,1187.04,1335.42,1483.8,ShowDailyK_ChartFlow,FinMind_API_TaiwanStockPrice_6669,True,2026-09-22T15:43:09,2026-09-22T15:43:09,2026-09-22T15:43:09
6669,緯穎,2022-02-11,1005.0,8.0,0.80%,49.46,20.04,741.9,890.28,1038.66,1187.04,1335.42,1483.8,ShowDailyK_ChartFlow,FinMind_API_TaiwanStockPrice_6669,True,2026-09-22T15:43:09,2026-09-22T15:43:09,2026-09-22T15:43:09
6669,緯穎,2022-02-14,989.0,-16.0,-1.59%,49.46,19.72,741.9,890.28,1038.66,1187.04,1335.42,1483.8,ShowDailyK_ChartFlow,FinMind_API_TaiwanStockPrice_6669,True,2026-09-22T15:43:09,2026-09-22T15:43:09,2026-09-22T15:43:09
6669,緯穎,2022-02-15,1020.0,31.0,3.13%,49.46,20.34,741.9,890.28,1038.66,1187.04,1335.42,1483.8,ShowDailyK_ChartFlow,FinMind_API_TaiwanStockPrice_6669,True,2026-09-22T15:43:09,2026-09-22T15:43:09,2026-09-22T15:43:09
6669,緯穎,2022-02-16,1045.0,25.0,2.45%,49.46,20.84,741.9,890.28,1038.66,1187.04,1335.42,1483.8,ShowDailyK_ChartFlow,FinMind_API_TaiwanStockPrice_6669,True,2026-09-22T15:43:09,2026-09-22T15:43:09,2026-09-22T15:43:09
6669,緯穎,2022-02-17,1045.0,0.0,0.00%,49.46,20.84,741.9,890.28,1038.66,1187.04,1335.42,1483.8,ShowDailyK_ChartFlow,FinMind_API_TaiwanStockPrice_6669,True,2026-09-22T15:43:09,2026-09-22T15:43:09,2026-09-22T15:43:09
6669,緯穎,2022-02-18,1045.0,0.0,0.00%,49.46,20.84,741.9,890.28,1038.66,1187.04,1335.42,1483.8,ShowDailyK_ChartFlow,FinMind_API_TaiwanStockPrice_6669,True,2026-09-22T15:43:09,2026-09-22T15:43:09,2026-09-22T15:43:09
6669,緯穎,2022-02-21,1005.0,-40.0,-3.83%,49.46,20.04,741.9,890.28,1038.66,1187.04,1335.42,1483.8,ShowDailyK_ChartFlow,FinMind_API_TaiwanStockPrice_6669,True,2026-09-22T15:43:09,2026-09-22T15:43:09,2026-09-22T15:43:09
6669,緯穎,2022-02-22,1000.0,-5.0,-0.50%,49.46,19.94,741.9,890.28,1038.66,1187.04,1335.42,1483.8,ShowDailyK_ChartFlow,FinMind_API_TaiwanStockPrice_6669,True,2026-09-22T15:43:09,2026-09-22T15:43:09,2026-09-22T15:43:09
6669,緯穎,2022-02-23,995.0,-5.0,-0.50%,49.46,19.84,741.9,890.28,1038.66,1187.04,1335.42,1483.8,ShowDailyK_ChartFlow,FinMind_API_TaiwanStockPrice_6669,True,2026-09-22T15:43:09,2026-09-22T15:43:09,2026-09-22T15:43:09
6669,緯穎,2022-02-24,977.0,-18.0,-1.81%,49.46,19.49,741.9,890.28,1038.66,1187.04,1335.42,1483.8,ShowDailyK_ChartFlow,FinMind_API_TaiwanStockPrice_6669,True,2026-09-22T15:43:09,2026-09-22T15:43:09,2026-09-22T15:43:09
6669,緯穎,2022-02-25,987.0,10.0,1.02%,49.46,19.68,741.9,890.28,1038.66,1187.04,1335.42,1483.8,ShowDailyK_ChartFlow,FinMind_API_TaiwanStockPrice_6669,True,2026-09-22T15:43:09,2026-09-22T15:43:09,2026-09-22T15:43:09
6669,緯穎,2022-03-01,969.0,-18.0,-1.82%,49.46,19.59,741.9,890.28,1038.66,1187.04,1335.42,1483.8,ShowDailyK_ChartFlow,FinMind_API_TaiwanStockPrice_6669,True,2026-09-22T15:43:09,2026-09-22T15:43:09,2026-09-22T15:43:09
6669,緯穎,2022-03-02,964.0,-5.0,-0.52%,49.46,19.49,741.9,890.28,1038.66,1187.04,1335.42,1483.8,ShowDailyK_ChartFlow,FinMind_API_TaiwanStockPrice_6669,True,2026-09-22T15:43:09,2026-09-22T15:43:09,2026-09-22T15:43:09
6669,緯穎,2022-03-03,933.0,-31.0,-3.22%,49.46,18.86,741.9,890.28,1038.66,1187.04,1335.42,1483.8,ShowDailyK_ChartFlow,FinMind_API_TaiwanStockPrice_6669,True,2026-09-22T15:43:09,2026-09-22T15:43:09,2026-09-22T15:43:09
6669,緯穎,2022-03-04,924.0,-9.0,-0.96%,49.46,18.68,741.9,890.28,1038.66,1187.04,1335.42,1483.8,ShowDailyK_ChartFlow,FinMind_API_TaiwanStockPrice_6669,True,2026-09-22T15:43:09,2026-09-22T15:43:09,2026-09-22T15:43:09
6669,緯穎,2022-03-07,909.0,-15.0,-1.62%,49.46,18.38,741.9,890.28,1038.66,1187.04,1335.42,1483.8,ShowDailyK_ChartFlow,FinMind_API_TaiwanStockPrice_6669,True,2026-09-22T15:43:09,2026-09-22T15:43:09,2026-09-22T15:43:09
6669,緯穎,2022-03-08,897.0,-12.0,-1.32%,49.46,18.14,741.9,890.28,1038.66,1187.04,1335.42,1483.8,ShowDailyK_ChartFlow,FinMind_API_TaiwanStockPrice_6669,True,2026-09-22T15:43:09,2026-09-22T15:43:09,2026-09-22T15:43:09
6669,緯穎,2022-03-09,951.0,54.0,6.02%,49.46,19.23,741.9,890.28,1038.66,1187.04,1335.42,1483.8,ShowDailyK_ChartFlow,FinMind_API_TaiwanStockPrice_6669,True,2026-09-22T15:43:09,2026-09-22T15:43:09,2026-09-22T15:43:09
6669,緯穎,2022-03-10,954.0,3.0,0.32%,49.46,19.29,741.9,890.28,1038.66,1187.04,1335.42,1483.8,ShowDailyK_ChartFlow,FinMind_API_TaiwanStockPrice_6669,True,2026-09-22T15:43:09,2026-09-22T15:43:09,2026-09-22T15:43:09
6669,緯穎,2022-03-11,964.0,10.0,1.05%,49.46,19.49,741.9,890.28,1038.66,1187.04,1335.42,1483.8,ShowDailyK_ChartFlow,FinMind_API_TaiwanStockPrice_6669,True,2026-09-22T15:43:09,2026-09-22T15:43:09,2026-09-22T15:43:09
6669,緯穎,2022-03-14,1030.0,66.0,6.85%,49.46,20.82,741.9,890.28,1038.66,1187.04,1335.42,1483.8,ShowDailyK_ChartFlow,FinMind_API_TaiwanStockPrice_6669,True,2026-09-22T15:43:09,2026-09-22T15:43:09,2026-09-22T15:43:09
6669,緯穎,2022-03-15,945.0,-85.0,-8.25%,49.46,19.11,741.9,890.28,1038.66,1187.04,1335.42,1483.8,ShowDailyK_ChartFlow,FinMind_API_TaiwanStockPrice_6669,True,2026-09-22T15:43:09,2026-09-22T15:43:09,2026-09-22T15:43:09
6669,緯穎,2022-03-16,956.0,11.0,1.16%,49.46,19.33,741.9,890.28,1038.66,1187.04,1335.42,1483.8,ShowDailyK_ChartFlow,FinMind_API_TaiwanStockPrice_6669,True,2026-09-22T15:43:09,2026-09-22T15:43:09,2026-09-22T15:43:09
6669,緯穎,2022-03-17,1010.0,54.0,5.65%,49.46,20.42,741.9,890.28,1038.66,1187.04,1335.42,1483.8,ShowDailyK_ChartFlow,FinMind_API_TaiwanStockPrice_6669,True,2026-09-22T15:43:09,2026-09-22T15:43:09,2026-09-22T15:43:09
6669,緯穎,2022-03-18,1005.0,-5.0,-0.50%,49.46,20.32,741.9,890.28,1038.66,1187.04,1335.42,1483.8,ShowDailyK_ChartFlow,FinMind_API_TaiwanStockPrice_6669,True,2026-09-22T15:43:09,2026-09-22T15:43:09,2026-09-22T15:43:09
6669,緯穎,2022-03-21,937.0,-68.0,-6.77%,49.46,18.94,741.9,890.28,1038.66,1187.04,1335.42,1483.8,ShowDailyK_ChartFlow,FinMind_API_TaiwanStockPrice_6669,True,2026-09-22T15:43:09,2026-09-22T15:43:09,2026-09-22T15:43:09
6669,緯穎,2022-03-22,921.0,-16.0,-1.71%,49.46,18.62,741.9,890.28,1038.66,1187.04,1335.42,1483.8,ShowDailyK_ChartFlow,FinMind_API_TaiwanStockPrice_6669,True,2026-09-22T15:43:09,2026-09-22T15:43:09,2026-09-22T15:43:09
6669,緯穎,2022-03-23,958.0,37.0,4.02%,49.46,19.37,741.9,890.28,1038.66,1187.04,1335.42,1483.8,ShowDailyK_ChartFlow,FinMind_API_TaiwanStockPrice_6669,True,2026-09-22T15:43:09,2026-09-22T15:43:09,2026-09-22T15:43:09
6669,緯穎,2022-03-24,942.0,-16.0,-1.67%,49.46,19.05,741.9,890.28,1038.66,1187.04,1335.42,1483.8,ShowDailyK_ChartFlow,FinMind_API_TaiwanStockPrice_6669,True,2026-09-22T15:43:09,2026-09-22T15:43:09,2026-09-22T15:43:09
6669,緯穎,2022-03-25,948.0,6.0,0.64%,49.46,19.17,741.9,890.28,1038.66,1187.04,1335.42,1483.8,ShowDailyK_ChartFlow,FinMind_API_TaiwanStockPrice_6669,True,2026-09-22T15:43:09,2026-09-22T15:43:09,2026-09-22T15:43:09
6669,緯穎,2022-03-28,920.0,-28.0,-2.95%,49.46,18.6,741.9,890.28,1038.66,1187.04,1335.42,1483.8,ShowDailyK_ChartFlow,FinMind_API_TaiwanStockPrice_6669,True,2026-09-22T15:43:09,2026-09-22T15:43:09,2026-09-22T15:43:09
6669,緯穎,2022-03-29,944.0,24.0,2.61%,49.46,19.09,741.9,890.28,1038.66,1187.04,1335.42,1483.8,ShowDailyK_ChartFlow,FinMind_API_TaiwanStockPrice_6669,True,2026-09-22T15:43:09,2026-09-22T15:43:09,2026-09-22T15:43:09
6669,緯穎,2022-03-30,1005.0,61.0,6.46%,49.46,20.32,741.9,890.28,1038.66,1187.04,1335.42,1483.8,ShowDailyK_ChartFlow,FinMind_API_TaiwanStockPrice_6669,True,2026-09-22T15:43:09,2026-09-22T15:43:09,2026-09-22T15:43:09
6669,緯穎,2022-03-31,1020.0,15.0,1.49%,53.16,20.62,797.4,956.88,1116.36,1275.84,1435.32,1594.8,ShowDailyK_ChartFlow,FinMind_API_TaiwanStockPrice_6669,True,2026-09-22T15:43:09,2026-09-22T15:43:09,2026-09-22T15:43:09
6669,緯穎,2022-04-01,990.0,-30.0,-2.94%,53.16,20.02,797.4,956.88,1116.36,1275.84,1435.32,1594.8,ShowDailyK_ChartFlow,FinMind_API_TaiwanStockPrice_6669,True,2026-09-22T15:43:09,2026-09-22T15:43:09,2026-09-22T15:43:09
6669,緯穎,2022-04-06,992.0,2.0,0.20%,53.16,20.06,797.4,956.88,1116.36,1275.84,1435.32,1594.8,ShowDailyK_ChartFlow,FinMind_API_TaiwanStockPrice_6669,True,2026-09-22T15:43:09,2026-09-22T15:43:09,2026-09-22T15:43:09
6669,緯穎,2022-04-07,988.0,-4.0,-0.40%,53.16,19.98,797.4,956.88,1116.36,1275.84,1435.32,1594.8,ShowDailyK_ChartFlow,FinMind_API_TaiwanStockPrice_6669,True,2026-09-22T15:43:09,2026-09-22T15:43:09,2026-09-22T15:43:09
6669,緯穎,2022-04-08,972.0,-16.0,-1.62%,53.16,19.65,797.4,956.88,1116.36,1275.84,1435.32,1594.8,ShowDailyK_ChartFlow,FinMind_API_TaiwanStockPrice_6669,True,2026-09-22T15:43:09,2026-09-22T15:43:09,2026-09-22T15:43:09
6669,緯穎,2022-04-11,960.0,-12.0,-1.23%,53.16,19.41,797.4,956.88,1116.36,1275.84,1435.32,1594.8,ShowDailyK_ChartFlow,FinMind_API_TaiwanStockPrice_6669,True,2026-09-22T15:43:09,2026-09-22T15:43:09,2026-09-22T15:43:09
6669,緯穎,2022-04-12,973.0,13.0,1.35%,53.16,19.67,797.4,956.88,1116.36,1275.84,1435.32,1594.8,ShowDailyK_ChartFlow,FinMind_API_TaiwanStockPrice_6669,True,2026-09-22T15:43:09,2026-09-22T15:43:09,2026-09-22T15:43:09
6669,緯穎,2022-04-13,983.0,10.0,1.03%,53.16,19.87,797.4,956.88,1116.36,1275.84,1435.32,1594.8,ShowDailyK_ChartFlow,FinMind_API_TaiwanStockPrice_6669,True,2026-09-22T15:43:09,2026-09-22T15:43:09,2026-09-22T15:43:09
6669,緯穎,2022-04-14,996.0,13.0,1.32%,53.16,20.14,797.4,956.88,1116.36,1275.84,1435.32,1594.8,ShowDailyK_ChartFlow,FinMind_API_TaiwanStockPrice_6669,True,2026-09-22T15:43:09,2026-09-22T15:43:09,2026-09-22T15:43:09
6669,緯穎,2022-04-15,962.0,-34.0,-3.41%,53.16,19.45,797.4,956.88,1116.36,1275.84,1435.32,1594.8,ShowDailyK_ChartFlow,FinMind_API_TaiwanStockPrice_6669,True,2026-09-22T15:43:09,2026-09-22T15:43:09,2026-09-22T15:43:09
6669,緯穎,2022-04-18,974.0,12.0,1.25%,53.16,19.69,797.4,956.88,1116.36,1275.84,1435.32,1594.8,ShowDailyK_ChartFlow,FinMind_API_TaiwanStockPrice_6669,True,2026-09-22T15:43:09,2026-09-22T15:43:09,2026-09-22T15:43:09
6669,緯穎,2022-04-19,996.0,22.0,2.26%,53.16,20.14,797.4,956.88,1116.36,1275.84,1435.32,1594.8,ShowDailyK_ChartFlow,FinMind_API_TaiwanStockPrice_6669,True,2026-09-22T15:43:09,2026-09-22T15:43:09,2026-09-22T15:43:09
6669,緯穎,2022-04-20,1030.0,34.0,3.41%,53.16,20.82,797.4,956.88,1116.36,1275.84,1435.32,1594.8,ShowDailyK_ChartFlow,FinMind_API_TaiwanStockPrice_6669,True,2026-09-22T15:43:09,2026-09-22T15:43:09,2026-09-22T15:43:09
6669,緯穎,2022-04-21,1015.0,-15.0,-1.46%,53.16,20.52,797.4,956.88,1116.36,1275.84,1435.32,1594.8,ShowDailyK_ChartFlow,FinMind_API_TaiwanStockPrice_6669,True,2026-09-22T15:43:09,2026-09-22T15:43:09,2026-09-22T15:43:09
6669,緯穎,2022-04-22,980.0,-35.0,-3.45%,53.16,19.81,797.4,956.88,1116.36,1275.84,1435.32,1594.8,ShowDailyK_ChartFlow,FinMind_API_TaiwanStockPrice_6669,True,2026-09-22T15:43:09,2026-09-22T15:43:09,2026-09-22T15:43:09
6669,緯穎,2022-04-25,967.0,-13.0,-1.33%,53.16,19.55,797.4,956.88,1116.36,1275.84,1435.32,1594.8,ShowDailyK_ChartFlow,FinMind_API_TaiwanStockPrice_6669,True,2026-09-22T15:43:09,2026-09-22T15:43:09,2026-09-22T15:43:09
6669,緯穎,2022-04-26,998.0,31.0,3.21%,53.16,20.18,797.4,956.88,1116.36,1275.84,1435.32,1594.8,ShowDailyK_ChartFlow,FinMind_API_TaiwanStockPrice_6669,True,2026-09-22T15:43:09,2026-09-22T15:43:09,2026-09-22T15:43:09
6669,緯穎,2022-04-27,975.0,-23.0,-2.30%,53.16,19.71,797.4,956.88,1116.36,1275.84,1435.32,1594.8,ShowDailyK_ChartFlow,FinMind_API_TaiwanStockPrice_6669,True,2026-09-22T15:43:09,2026-09-22T15:43:09,2026-09-22T15:43:09
6669,緯穎,2022-04-28,1005.0,30.0,3.08%,53.16,20.32,797.4,956.88,1116.36,1275.84,1435.32,1594.8,ShowDailyK_ChartFlow,FinMind_API_TaiwanStockPrice_6669,True,2026-09-22T15:43:09,2026-09-22T15:43:09,2026-09-22T15:43:09
6669,緯穎,2022-04-29,1020.0,15.0,1.49%,53.16,20.62,797.4,956.88,1116.36,1275.84,1435.32,1594.8,ShowDailyK_ChartFlow,FinMind_API_TaiwanStockPrice_6669,True,2026-09-22T15:43:09,2026-09-22T15:43:09,2026-09-22T15:43:09
6669,緯穎,2022-05-03,1035.0,15.0,1.47%,53.16,19.47,797.4,956.88,1116.36,1275.84,1435.32,1594.8,ShowDailyK_ChartFlow,FinMind_API_TaiwanStockPrice_6669,True,2026-09-22T15:43:09,2026-09-22T15:43:09,2026-09-22T15:43:09
6669,緯穎,2022-05-04,1010.0,-25.0,-2.42%,53.16,19.0,797.4,956.88,1116.36,1275.84,1435.32,1594.8,ShowDailyK_ChartFlow,FinMind_API_TaiwanStockPrice_6669,True,2026-09-22T15:43:09,2026-09-22T15:43:09,2026-09-22T15:43:09
6669,緯穎,2022-05-05,1030.0,20.0,1.98%,53.16,19.38,797.4,956.88,1116.36,1275.84,1435.32,1594.8,ShowDailyK_ChartFlow,FinMind_API_TaiwanStockPrice_6669,True,2026-09-22T15:43:09,2026-09-22T15:43:09,2026-09-22T15:43:09
6669,緯穎,2022-05-06,995.0,-35.0,-3.40%,53.16,18.72,797.4,956.88,1116.36,1275.84,1435.32,1594.8,ShowDailyK_ChartFlow,FinMind_API_TaiwanStockPrice_6669,True,2026-09-22T15:43:09,2026-09-22T15:43:09,2026-09-22T15:43:09
6669,緯穎,2022-05-09,963.0,-32.0,-3.22%,53.16,18.12,797.4,956.88,1116.36,1275.84,1435.32,1594.8,ShowDailyK_ChartFlow,FinMind_API_TaiwanStockPrice_6669,True,2026-09-22T15:43:09,2026-09-22T15:43:09,2026-09-22T15:43:09
6669,緯穎,2022-05-10,946.0,-17.0,-1.77%,53.16,17.8,797.4,956.88,1116.36,1275.84,1435.32,1594.8,ShowDailyK_ChartFlow,FinMind_API_TaiwanStockPrice_6669,True,2026-09-22T15:43:09,2026-09-22T15:43:09,2026-09-22T15:43:09
6669,緯穎,2022-05-11,922.0,-24.0,-2.54%,53.16,17.34,797.4,956.88,1116.36,1275.84,1435.32,1594.8,ShowDailyK_ChartFlow,FinMind_API_TaiwanStockPrice_6669,True,2026-09-22T15:43:09,2026-09-22T15:43:09,2026-09-22T15:43:09
6669,緯穎,2022-05-12,923.0,1.0,0.11%,53.16,17.36,797.4,956.88,1116.36,1275.84,1435.32,1594.8,ShowDailyK_ChartFlow,FinMind_API_TaiwanStockPrice_6669,True,2026-09-22T15:43:09,2026-09-22T15:43:09,2026-09-22T15:43:09
6669,緯穎,2022-05-13,940.0,17.0,1.84%,53.16,17.68,797.4,956.88,1116.36,1275.84,1435.32,1594.8,ShowDailyK_ChartFlow,FinMind_API_TaiwanStockPrice_6669,True,2026-09-22T15:43:09,2026-09-22T15:43:09,2026-09-22T15:43:09
6669,緯穎,2022-05-16,969.0,29.0,3.09%,53.16,18.23,797.4,956.88,1116.36,1275.84,1435.32,1594.8,ShowDailyK_ChartFlow,FinMind_API_TaiwanStockPrice_6669,True,2026-09-22T15:43:09,2026-09-22T15:43:09,2026-09-22T15:43:09
6669,緯穎,2022-05-17,969.0,0.0,0.00%,53.16,18.23,797.4,956.88,1116.36,1275.84,1435.32,1594.8,ShowDailyK_ChartFlow,FinMind_API_TaiwanStockPrice_6669,True,2026-09-22T15:43:09,2026-09-22T15:43:09,2026-09-22T15:43:09
6669,緯穎,2022-05-18,956.0,-13.0,-1.34%,53.16,17.98,797.4,956.88,1116.36,1275.84,1435.32,1594.8,ShowDailyK_ChartFlow,FinMind_API_TaiwanStockPrice_6669,True,2026-09-22T15:43:09,2026-09-22T15:43:09,2026-09-22T15:43:09
6669,緯穎,2022-05-19,938.0,-18.0,-1.88%,53.16,17.64,797.4,956.88,1116.36,1275.84,1435.32,1594.8,ShowDailyK_ChartFlow,FinMind_API_TaiwanStockPrice_6669,True,2026-09-22T15:43:09,2026-09-22T15:43:09,2026-09-22T15:43:09
6669,緯穎,2022-05-20,935.0,-3.0,-0.32%,53.16,17.59,797.4,956.88,1116.36,1275.84,1435.32,1594.8,ShowDailyK_ChartFlow,FinMind_API_TaiwanStockPrice_6669,True,2026-09-22T15:43:09,2026-09-22T15:43:09,2026-09-22T15:43:09
6669,緯穎,2022-05-23,930.0,-5.0,-0.53%,53.16,17.49,797.4,956.88,1116.36,1275.84,1435.32,1594.8,ShowDailyK_ChartFlow,FinMind_API_TaiwanStockPrice_6669,True,2026-09-22T15:43:09,2026-09-22T15:43:09,2026-09-22T15:43:09
6669,緯穎,2022-05-24,883.0,-47.0,-5.05%,53.16,16.61,797.4,956.88,1116.36,1275.84,1435.32,1594.8,ShowDailyK_ChartFlow,FinMind_API_TaiwanStockPrice_6669,True,2026-09-22T15:43:09,2026-09-22T15:43:09,2026-09-22T15:43:09
6669,緯穎,2022-05-25,878.0,-5.0,-0.57%,53.16,16.52,797.4,956.88,1116.36,1275.84,1435.32,1594.8,ShowDailyK_ChartFlow,FinMind_API_TaiwanStockPrice_6669,True,2026-09-22T15:43:09,2026-09-22T15:43:09,2026-09-22T15:43:09
6669,緯穎,2022-05-26,791.0,-87.0,-9.91%,53.16,14.88,797.4,956.88,1116.36,1275.84,1435.32,1594.8,ShowDailyK_ChartFlow,FinMind_API_TaiwanStockPrice_6669,True,2026-09-22T15:43:09,2026-09-22T15:43:09,2026-09-22T15:43:09
6669,緯穎,2022-05-27,808.0,17.0,2.15%,53.16,15.2,797.4,956.88,1116.36,1275.84,1435.32,1594.8,ShowDailyK_ChartFlow,FinMind_API_TaiwanStockPrice_6669,True,2026-09-22T15:43:09,2026-09-22T15:43:09,2026-09-22T15:43:09
6669,緯穎,2022-05-30,857.0,49.0,6.06%,53.16,16.12,797.4,956.88,1116.36,1275.84,1435.32,1594.8,ShowDailyK_ChartFlow,FinMind_API_TaiwanStockPrice_6669,True,2026-09-22T15:43:09,2026-09-22T15:43:09,2026-09-22T15:43:09
6669,緯穎,2022-05-31,923.0,66.0,7.70%,53.16,17.36,797.4,956.88,1116.36,1275.84,1435.32,1594.8,ShowDailyK_ChartFlow,FinMind_API_TaiwanStockPrice_6669,True,2026-09-22T15:43:09,2026-09-22T15:43:09,2026-09-22T15:43:09
6669,緯穎,2022-06-01,884.0,-39.0,-4.23%,53.16,16.63,797.4,956.88,1116.36,1275.84,1435.32,1594.8,ShowDailyK_ChartFlow,FinMind_API_TaiwanStockPrice_6669,True,2026-09-22T15:43:09,2026-09-22T15:43:09,2026-09-22T15:43:09
6669,緯穎,2022-06-02,871.0,-13.0,-1.47%,53.16,16.38,797.4,956.88,1116.36,1275.84,1435.32,1594.8,ShowDailyK_ChartFlow,FinMind_API_TaiwanStockPrice_6669,True,2026-09-22T15:43:09,2026-09-22T15:43:09,2026-09-22T15:43:09
6669,緯穎,2022-06-06,886.0,15.0,1.72%,53.16,16.67,797.4,956.88,1116.36,1275.84,1435.32,1594.8,ShowDailyK_ChartFlow,FinMind_API_TaiwanStockPrice_6669,True,2026-09-22T15:43:09,2026-09-22T15:43:09,2026-09-22T15:43:09
6669,緯穎,2022-06-07,889.0,3.0,0.34%,53.16,16.72,797.4,956.88,1116.36,1275.84,1435.32,1594.8,ShowDailyK_ChartFlow,FinMind_API_TaiwanStockPrice_6669,True,2026-09-22T15:43:09,2026-09-22T15:43:09,2026-09-22T15:43:09
6669,緯穎,2022-06-08,887.0,-2.0,-0.22%,53.16,16.69,797.4,956.88,1116.36,1275.84,1435.32,1594.8,ShowDailyK_ChartFlow,FinMind_API_TaiwanStockPrice_6669,True,2026-09-22T15:43:09,2026-09-22T15:43:09,2026-09-22T15:43:09
6669,緯穎,2022-06-09,900.0,13.0,1.47%,53.16,16.93,797.4,956.88,1116.36,1275.84,1435.32,1594.8,ShowDailyK_ChartFlow,FinMind_API_TaiwanStockPrice_6669,True,2026-09-22T15:43:09,2026-09-22T15:43:09,2026-09-22T15:43:09
6669,緯穎,2022-06-10,900.0,0.0,0.00%,53.16,16.93,797.4,956.88,1116.36,1275.84,1435.32,1594.8,ShowDailyK_ChartFlow,FinMind_API_TaiwanStockPrice_6669,True,2026-09-22T15:43:09,2026-09-22T15:43:09,2026-09-22T15:43:09
6669,緯穎,2022-06-13,866.0,-34.0,-3.78%,53.16,16.29,797.4,956.88,1116.36,1275.84,1435.32,1594.8,ShowDailyK_ChartFlow,FinMind_API_TaiwanStockPrice_6669,True,2026-09-22T15:43:09,2026-09-22T15:43:09,2026-09-22T15:43:09
6669,緯穎,2022-06-14,841.0,-25.0,-2.89%,53.16,15.82,797.4,956.88,1116.36,1275.84,1435.32,1594.8,ShowDailyK_ChartFlow,FinMind_API_TaiwanStockPrice_6669,True,2026-09-22T15:43:09,2026-09-22T15:43:09,2026-09-22T15:43:09
6669,緯穎,2022-06-15,825.0,-16.0,-1.90%,53.16,15.52,797.4,956.88,1116.36,1275.84,1435.32,1594.8,ShowDailyK_ChartFlow,FinMind_API_TaiwanStockPrice_6669,True,2026-09-22T15:43:09,2026-09-22T15:43:09,2026-09-22T15:43:09
6669,緯穎,2022-06-16,806.0,-19.0,-2.30%,53.16,15.16,797.4,956.88,1116.36,1275.84,1435.32,1594.8,ShowDailyK_ChartFlow,FinMind_API_TaiwanStockPrice_6669,True,2026-09-22T15:43:09,2026-09-22T15:43:09,2026-09-22T15:43:09
6669,緯穎,2022-06-17,755.0,-51.0,-6.33%,53.16,14.2,797.4,956.88,1116.36,1275.84,1435.32,1594.8,ShowDailyK_ChartFlow,FinMind_API_TaiwanStockPrice_6669,True,2026-09-22T15:43:09,2026-09-22T15:43:09,2026-09-22T15:43:09
6669,緯穎,2022-06-20,730.0,-25.0,-3.31%,53.16,13.73,797.4,956.88,1116.36,1275.84,1435.32,1594.8,ShowDailyK_ChartFlow,FinMind_API_TaiwanStockPrice_6669,True,2026-09-22T15:43:09,2026-09-22T15:43:09,2026-09-22T15:43:09
6669,緯穎,2022-06-21,761.0,31.0,4.25%,53.16,14.32,797.4,956.88,1116.36,1275.84,1435.32,1594.8,ShowDailyK_ChartFlow,FinMind_API_TaiwanStockPrice_6669,True,2026-09-22T15:43:09,2026-09-22T15:43:09,2026-09-22T15:43:09
6669,緯穎,2022-06-22,746.0,-15.0,-1.97%,53.16,14.03,797.4,956.88,1116.36,1275.84,1435.32,1594.8,ShowDailyK_ChartFlow,FinMind_API_TaiwanStockPrice_6669,True,2026-09-22T15:43:09,2026-09-22T15:43:09,2026-09-22T15:43:09
6669,緯穎,2022-06-23,734.0,-12.0,-1.61%,53.16,13.81,797.4,956.88,1116.36,1275.84,1435.32,1594.8,ShowDailyK_ChartFlow,FinMind_API_TaiwanStockPrice_6669,True,2026-09-22T15:43:09,2026-09-22T15:43:09,2026-09-22T15:43:09
6669,緯穎,2022-06-24,752.0,18.0,2.45%,53.16,14.15,797.4,956.88,1116.36,1275.84,1435.32,1594.8,ShowDailyK_ChartFlow,FinMind_API_TaiwanStockPrice_6669,True,2026-09-22T15:43:09,2026-09-22T15:43:09,2026-09-22T15:43:09
6669,緯穎,2022-06-27,765.0,13.0,1.73%,53.16,14.39,797.4,956.88,1116.36,1275.84,1435.32,1594.8,ShowDailyK_ChartFlow,FinMind_API_TaiwanStockPrice_6669,True,2026-09-22T15:43:09,2026-09-22T15:43:09,2026-09-22T15:43:09
6669,緯穎,2022-06-28,751.0,-14.0,-1.83%,53.16,14.13,797.4,956.88,1116.36,1275.84,1435.32,1594.8,ShowDailyK_ChartFlow,FinMind_API_TaiwanStockPrice_6669,True,2026-09-22T15:43:09,2026-09-22T15:43:09,2026-09-22T15:43:09
6669,緯穎,2022-06-29,720.0,-31.0,-4.13%,53.16,13.54,797.4,956.88,1116.36,1275.84,1435.32,1594.8,ShowDailyK_ChartFlow,FinMind_API_TaiwanStockPrice_6669,True,2026-09-22T15:43:09,2026-09-22T15:43:09,2026-09-22T15:43:09
6669,緯穎,2022-06-30,697.0,-23.0,-3.19%,60.339999999999996,13.11,905.1,1086.12,1267.14,1448.16,1629.18,1810.2,ShowDailyK_ChartFlow,FinMind_API_TaiwanStockPrice_6669,True,2026-09-22T15:43:09,2026-09-22T15:43:09,2026-09-22T15:43:09
6669,緯穎,2022-07-01,663.0,-34.0,-4.88%,60.339999999999996,12.47,905.1,1086.12,1267.14,1448.16,1629.18,1810.2,ShowDailyK_ChartFlow,FinMind_API_TaiwanStockPrice_6669,True,2026-09-22T15:43:09,2026-09-22T15:43:09,2026-09-22T15:43:09
6669,緯穎,2022-07-04,650.0,-13.0,-1.96%,60.339999999999996,12.23,905.1,1086.12,1267.14,1448.16,1629.18,1810.2,ShowDailyK_ChartFlow,FinMind_API_TaiwanStockPrice_6669,True,2026-09-22T15:43:09,2026-09-22T15:43:09,2026-09-22T15:43:09
6669,緯穎,2022-07-05,645.0,-5.0,-0.77%,60.339999999999996,12.13,905.1,1086.12,1267.14,1448.16,1629.18,1810.2,ShowDailyK_ChartFlow,FinMind_API_TaiwanStockPrice_6669,True,2026-09-22T15:43:09,2026-09-22T15:43:09,2026-09-22T15:43:09
6669,緯穎,2022-07-06,617.0,-28.0,-4.34%,60.339999999999996,11.61,905.1,1086.12,1267.14,1448.16,1629.18,1810.2,ShowDailyK_ChartFlow,FinMind_API_TaiwanStockPrice_6669,True,2026-09-22T15:43:09,2026-09-22T15:43:09,2026-09-22T15:43:09
6669,緯穎,2022-07-07,651.0,34.0,5.51%,60.339999999999996,12.25,905.1,1086.12,1267.14,1448.16,1629.18,1810.2,ShowDailyK_ChartFlow,FinMind_API_TaiwanStockPrice_6669,True,2026-09-22T15:43:09,2026-09-22T15:43:09,2026-09-22T15:43:09
6669,緯穎,2022-07-08,669.0,18.0,2.76%,60.339999999999996,12.58,905.1,1086.12,1267.14,1448.16,1629.18,1810.2,ShowDailyK_ChartFlow,FinMind_API_TaiwanStockPrice_6669,True,2026-09-22T15:43:09,2026-09-22T15:43:09,2026-09-22T15:43:09
6669,緯穎,2022-07-11,672.0,3.0,0.45%,60.339999999999996,12.64,905.1,1086.12,1267.14,1448.16,1629.18,1810.2,ShowDailyK_ChartFlow,FinMind_API_TaiwanStockPrice_6669,True,2026-09-22T15:43:09,2026-09-22T15:43:09,2026-09-22T15:43:09
6669,緯穎,2022-07-12,670.0,-2.0,-0.30%,60.339999999999996,12.6,905.1,1086.12,1267.14,1448.16,1629.18,1810.2,ShowDailyK_ChartFlow,FinMind_API_TaiwanStockPrice_6669,True,2026-09-22T15:43:09,2026-09-22T15:43:09,2026-09-22T15:43:09
6669,緯穎,2022-07-13,674.0,4.0,0.60%,60.339999999999996,12.68,905.1,1086.12,1267.14,1448.16,1629.18,1810.2,ShowDailyK_ChartFlow,FinMind_API_TaiwanStockPrice_6669,True,2026-09-22T15:43:09,2026-09-22T15:43:09,2026-09-22T15:43:09
6669,緯穎,2022-07-14,702.0,28.0,4.15%,60.339999999999996,13.21,905.1,1086.12,1267.14,1448.16,1629.18,1810.2,ShowDailyK_ChartFlow,FinMind_API_TaiwanStockPrice_6669,True,2026-09-22T15:43:09,2026-09-22T15:43:09,2026-09-22T15:43:09
6669,緯穎,2022-07-15,715.0,13.0,1.85%,60.339999999999996,13.45,905.1,1086.12,1267.14,1448.16,1629.18,1810.2,ShowDailyK_ChartFlow,FinMind_API_TaiwanStockPrice_6669,True,2026-09-22T15:43:09,2026-09-22T15:43:09,2026-09-22T15:43:09
6669,緯穎,2022-07-18,720.0,5.0,0.70%,60.339999999999996,13.54,905.1,1086.12,1267.14,1448.16,1629.18,1810.2,ShowDailyK_ChartFlow,FinMind_API_TaiwanStockPrice_6669,True,2026-09-22T15:43:09,2026-09-22T15:43:09,2026-09-22T15:43:09
6669,緯穎,2022-07-19,696.0,-24.0,-3.33%,60.339999999999996,13.09,905.1,1086.12,1267.14,1448.16,1629.18,1810.2,ShowDailyK_ChartFlow,FinMind_API_TaiwanStockPrice_6669,True,2026-09-22T15:43:09,2026-09-22T15:43:09,2026-09-22T15:43:09
6669,緯穎,2022-07-20,725.0,29.0,4.17%,60.339999999999996,13.64,905.1,1086.12,1267.14,1448.16,1629.18,1810.2,ShowDailyK_ChartFlow,FinMind_API_TaiwanStockPrice_6669,True,2026-09-22T15:43:09,2026-09-22T15:43:09,2026-09-22T15:43:09
6669,緯穎,2022-07-21,741.0,16.0,2.21%,60.339999999999996,13.94,905.1,1086.12,1267.14,1448.16,1629.18,1810.2,ShowDailyK_ChartFlow,FinMind_API_TaiwanStockPrice_6669,True,2026-09-22T15:43:09,2026-09-22T15:43:09,2026-09-22T15:43:09
6669,緯穎,2022-07-22,730.0,-11.0,-1.48%,60.339999999999996,13.73,905.1,1086.12,1267.14,1448.16,1629.18,1810.2,ShowDailyK_ChartFlow,FinMind_API_TaiwanStockPrice_6669,True,2026-09-22T15:43:09,2026-09-22T15:43:09,2026-09-22T15:43:09
6669,緯穎,2022-07-25,725.0,-5.0,-0.68%,60.339999999999996,13.64,905.1,1086.12,1267.14,1448.16,1629.18,1810.2,ShowDailyK_ChartFlow,FinMind_API_TaiwanStockPrice_6669,True,2026-09-22T15:43:09,2026-09-22T15:43:09,2026-09-22T15:43:09
6669,緯穎,2022-07-26,705.0,-20.0,-2.76%,60.339999999999996,13.26,905.1,1086.12,1267.14,1448.16,1629.18,1810.2,ShowDailyK_ChartFlow,FinMind_API_TaiwanStockPrice_6669,True,2026-09-22T15:43:09,2026-09-22T15:43:09,2026-09-22T15:43:09
6669,緯穎,2022-07-27,709.0,4.0,0.57%,60.339999999999996,13.34,905.1,1086.12,1267.14,1448.16,1629.18,1810.2,ShowDailyK_ChartFlow,FinMind_API_TaiwanStockPrice_6669,True,2026-09-22T15:43:09,2026-09-22T15:43:09,2026-09-22T15:43:09
6669,緯穎,2022-07-28,735.0,26.0,3.67%,60.339999999999996,13.83,905.1,1086.12,1267.14,1448.16,1629.18,1810.2,ShowDailyK_ChartFlow,FinMind_API_TaiwanStockPrice_6669,True,2026-09-22T15:43:09,2026-09-22T15:43:09,2026-09-22T15:43:09
6669,緯穎,2022-07-29,736.0,1.0,0.14%,60.339999999999996,13.84,905.1,1086.12,1267.14,1448.16,1629.18,1810.2,ShowDailyK_ChartFlow,FinMind_API_TaiwanStockPrice_6669,True,2026-09-22T15:43:09,2026-09-22T15:43:09,2026-09-22T15:43:09
6669,緯穎,2022-08-01,734.0,-2.0,-0.27%,60.339999999999996,13.81,905.1,1086.12,1267.14,1448.16,1629.18,1810.2,ShowDailyK_ChartFlow,FinMind_API_TaiwanStockPrice_6669,True,2026-09-22T15:43:09,2026-09-22T15:43:09,2026-09-22T15:43:09
6669,緯穎,2022-08-02,739.0,5.0,0.68%,60.339999999999996,13.9,905.1,1086.12,1267.14,1448.16,1629.18,1810.2,ShowDailyK_ChartFlow,FinMind_API_TaiwanStockPrice_6669,True,2026-09-22T15:43:09,2026-09-22T15:43:09,2026-09-22T15:43:09
6669,緯穎,2022-08-03,699.0,-40.0,-5.41%,60.339999999999996,11.59,905.1,1086.12,1267.14,1448.16,1629.18,1810.2,ShowDailyK_ChartFlow,FinMind_API_TaiwanStockPrice_6669,True,2026-09-22T15:43:09,2026-09-22T15:43:09,2026-09-22T15:43:09
6669,緯穎,2022-08-04,666.0,-33.0,-4.72%,60.339999999999996,11.04,905.1,1086.12,1267.14,1448.16,1629.18,1810.2,ShowDailyK_ChartFlow,FinMind_API_TaiwanStockPrice_6669,True,2026-09-22T15:43:09,2026-09-22T15:43:09,2026-09-22T15:43:09
6669,緯穎,2022-08-05,707.0,41.0,6.16%,60.339999999999996,11.72,905.1,1086.12,1267.14,1448.16,1629.18,1810.2,ShowDailyK_ChartFlow,FinMind_API_TaiwanStockPrice_6669,True,2026-09-22T15:43:09,2026-09-22T15:43:09,2026-09-22T15:43:09
6669,緯穎,2022-08-08,711.0,4.0,0.57%,60.339999999999996,11.79,905.1,1086.12,1267.14,1448.16,1629.18,1810.2,ShowDailyK_ChartFlow,FinMind_API_TaiwanStockPrice_6669,True,2026-09-22T15:43:09,2026-09-22T15:43:09,2026-09-22T15:43:09
6669,緯穎,2022-08-09,725.0,14.0,1.97%,60.339999999999996,12.02,905.1,1086.12,1267.14,1448.16,1629.18,1810.2,ShowDailyK_ChartFlow,FinMind_API_TaiwanStockPrice_6669,True,2026-09-22T15:43:09,2026-09-22T15:43:09,2026-09-22T15:43:09
6669,緯穎,2022-08-10,715.0,-10.0,-1.38%,60.339999999999996,11.85,905.1,1086.12,1267.14,1448.16,1629.18,1810.2,ShowDailyK_ChartFlow,FinMind_API_TaiwanStockPrice_6669,True,2026-09-22T15:43:09,2026-09-22T15:43:09,2026-09-22T15:43:09
6669,緯穎,2022-08-11,732.0,17.0,2.38%,60.339999999999996,12.13,905.1,1086.12,1267.14,1448.16,1629.18,1810.2,ShowDailyK_ChartFlow,FinMind_API_TaiwanStockPrice_6669,True,2026-09-22T15:43:09,2026-09-22T15:43:09,2026-09-22T15:43:09
6669,緯穎,2022-08-12,725.0,-7.0,-0.96%,60.339999999999996,12.02,905.1,1086.12,1267.14,1448.16,1629.18,1810.2,ShowDailyK_ChartFlow,FinMind_API_TaiwanStockPrice_6669,True,2026-09-22T15:43:09,2026-09-22T15:43:09,2026-09-22T15:43:09
6669,緯穎,2022-08-15,760.0,35.0,4.83%,60.339999999999996,12.6,905.1,1086.12,1267.14,1448.16,1629.18,1810.2,ShowDailyK_ChartFlow,FinMind_API_TaiwanStockPrice_6669,True,2026-09-22T15:43:09,2026-09-22T15:43:09,2026-09-22T15:43:09
6669,緯穎,2022-08-16,760.0,0.0,0.00%,60.339999999999996,12.6,905.1,1086.12,1267.14,1448.16,1629.18,1810.2,ShowDailyK_ChartFlow,FinMind_API_TaiwanStockPrice_6669,True,2026-09-22T15:43:09,2026-09-22T15:43:09,2026-09-22T15:43:09
6669,緯穎,2022-08-17,750.0,-10.0,-1.32%,60.339999999999996,12.43,905.1,1086.12,1267.14,1448.16,1629.18,1810.2,ShowDailyK_ChartFlow,FinMind_API_TaiwanStockPrice_6669,True,2026-09-22T15:43:09,2026-09-22T15:43:09,2026-09-22T15:43:09
6669,緯穎,2022-08-18,750.0,0.0,0.00%,60.339999999999996,12.43,905.1,1086.12,1267.14,1448.16,1629.18,1810.2,ShowDailyK_ChartFlow,FinMind_API_TaiwanStockPrice_6669,True,2026-09-22T15:43:09,2026-09-22T15:43:09,2026-09-22T15:43:09
6669,緯穎,2022-08-19,760.0,10.0,1.33%,60.339999999999996,12.6,905.1,1086.12,1267.14,1448.16,1629.18,1810.2,ShowDailyK_ChartFlow,FinMind_API_TaiwanStockPrice_6669,True,2026-09-22T15:43:09,2026-09-22T15:43:09,2026-09-22T15:43:09
6669,緯穎,2022-08-22,755.0,-5.0,-0.66%,60.339999999999996,12.51,905.1,1086.12,1267.14,1448.16,1629.18,1810.2,ShowDailyK_ChartFlow,FinMind_API_TaiwanStockPrice_6669,True,2026-09-22T15:43:09,2026-09-22T15:43:09,2026-09-22T15:43:09
6669,緯穎,2022-08-23,755.0,0.0,0.00%,60.339999999999996,12.51,905.1,1086.12,1267.14,1448.16,1629.18,1810.2,ShowDailyK_ChartFlow,FinMind_API_TaiwanStockPrice_6669,True,2026-09-22T15:43:09,2026-09-22T15:43:09,2026-09-22T15:43:09
6669,緯穎,2022-08-24,787.0,32.0,4.24%,60.339999999999996,13.04,905.1,1086.12,1267.14,1448.16,1629.18,1810.2,ShowDailyK_ChartFlow,FinMind_API_TaiwanStockPrice_6669,True,2026-09-22T15:43:09,2026-09-22T15:43:09,2026-09-22T15:43:09
6669,緯穎,2022-08-25,788.0,1.0,0.13%,60.339999999999996,13.06,905.1,1086.12,1267.14,1448.16,1629.18,1810.2,ShowDailyK_ChartFlow,FinMind_API_TaiwanStockPrice_6669,True,2026-09-22T15:43:09,2026-09-22T15:43:09,2026-09-22T15:43:09
6669,緯穎,2022-08-26,776.0,-12.0,-1.52%,60.339999999999996,12.86,905.1,1086.12,1267.14,1448.16,1629.18,1810.2,ShowDailyK_ChartFlow,FinMind_API_TaiwanStockPrice_6669,True,2026-09-22T15:43:09,2026-09-22T15:43:09,2026-09-22T15:43:09
6669,緯穎,2022-08-29,763.0,-13.0,-1.68%,60.339999999999996,12.65,905.1,1086.12,1267.14,1448.16,1629.18,1810.2,ShowDailyK_ChartFlow,FinMind_API_TaiwanStockPrice_6669,True,2026-09-22T15:43:09,2026-09-22T15:43:09,2026-09-22T15:43:09
6669,緯穎,2022-08-30,760.0,-3.0,-0.39%,60.339999999999996,12.6,905.1,1086.12,1267.14,1448.16,1629.18,1810.2,ShowDailyK_ChartFlow,FinMind_API_TaiwanStockPrice_6669,True,2026-09-22T15:43:09,2026-09-22T15:43:09,2026-09-22T15:43:09
6669,緯穎,2022-08-31,770.0,10.0,1.32%,60.339999999999996,12.76,905.1,1086.12,1267.14,1448.16,1629.18,1810.2,ShowDailyK_ChartFlow,FinMind_API_TaiwanStockPrice_6669,True,2026-09-22T15:43:09,2026-09-22T15:43:09,2026-09-22T15:43:09
6669,緯穎,2022-09-01,751.0,-19.0,-2.47%,60.339999999999996,12.45,905.1,1086.12,1267.14,1448.16,1629.18,1810.2,ShowDailyK_ChartFlow,FinMind_API_TaiwanStockPrice_6669,True,2026-09-22T15:43:09,2026-09-22T15:43:09,2026-09-22T15:43:09
6669,緯穎,2022-09-02,742.0,-9.0,-1.20%,60.339999999999996,12.3,905.1,1086.12,1267.14,1448.16,1629.18,1810.2,ShowDailyK_ChartFlow,FinMind_API_TaiwanStockPrice_6669,True,2026-09-22T15:43:09,2026-09-22T15:43:09,2026-09-22T15:43:09
6669,緯穎,2022-09-05,728.0,-14.0,-1.89%,60.339999999999996,12.07,905.1,1086.12,1267.14,1448.16,1629.18,1810.2,ShowDailyK_ChartFlow,FinMind_API_TaiwanStockPrice_6669,True,2026-09-22T15:43:09,2026-09-22T15:43:09,2026-09-22T15:43:09
6669,緯穎,2022-09-06,736.0,8.0,1.10%,60.339999999999996,12.2,905.1,1086.12,1267.14,1448.16,1629.18,1810.2,ShowDailyK_ChartFlow,FinMind_API_TaiwanStockPrice_6669,True,2026-09-22T15:43:09,2026-09-22T15:43:09,2026-09-22T15:43:09
6669,緯穎,2022-09-07,734.0,-2.0,-0.27%,60.339999999999996,12.17,905.1,1086.12,1267.14,1448.16,1629.18,1810.2,ShowDailyK_ChartFlow,FinMind_API_TaiwanStockPrice_6669,True,2026-09-22T15:43:09,2026-09-22T15:43:09,2026-09-22T15:43:09
6669,緯穎,2022-09-08,765.0,31.0,4.22%,60.339999999999996,12.68,905.1,1086.12,1267.14,1448.16,1629.18,1810.2,ShowDailyK_ChartFlow,FinMind_API_TaiwanStockPrice_6669,True,2026-09-22T15:43:09,2026-09-22T15:43:09,2026-09-22T15:43:09
6669,緯穎,2022-09-12,795.0,30.0,3.92%,60.339999999999996,13.18,905.1,1086.12,1267.14,1448.16,1629.18,1810.2,ShowDailyK_ChartFlow,FinMind_API_TaiwanStockPrice_6669,True,2026-09-22T15:43:09,2026-09-22T15:43:09,2026-09-22T15:43:09
6669,緯穎,2022-09-13,798.0,3.0,0.38%,60.339999999999996,13.23,905.1,1086.12,1267.14,1448.16,1629.18,1810.2,ShowDailyK_ChartFlow,FinMind_API_TaiwanStockPrice_6669,True,2026-09-22T15:43:09,2026-09-22T15:43:09,2026-09-22T15:43:09
6669,緯穎,2022-09-14,786.0,-12.0,-1.50%,60.339999999999996,13.03,905.1,1086.12,1267.14,1448.16,1629.18,1810.2,ShowDailyK_ChartFlow,FinMind_API_TaiwanStockPrice_6669,True,2026-09-22T15:43:09,2026-09-22T15:43:09,2026-09-22T15:43:09
6669,緯穎,2022-09-15,780.0,-6.0,-0.76%,60.339999999999996,12.93,905.1,1086.12,1267.14,1448.16,1629.18,1810.2,ShowDailyK_ChartFlow,FinMind_API_TaiwanStockPrice_6669,True,2026-09-22T15:43:09,2026-09-22T15:43:09,2026-09-22T15:43:09
6669,緯穎,2022-09-16,780.0,0.0,0.00%,60.339999999999996,12.93,905.1,1086.12,1267.14,1448.16,1629.18,1810.2,ShowDailyK_ChartFlow,FinMind_API_TaiwanStockPrice_6669,True,2026-09-22T15:43:09,2026-09-22T15:43:09,2026-09-22T15:43:09
6669,緯穎,2022-09-19,780.0,0.0,0.00%,60.339999999999996,12.93,905.1,1086.12,1267.14,1448.16,1629.18,1810.2,ShowDailyK_ChartFlow,FinMind_API_TaiwanStockPrice_6669,True,2026-09-22T15:43:09,2026-09-22T15:43:09,2026-09-22T15:43:09
6669,緯穎,2022-09-20,793.0,13.0,1.67%,60.339999999999996,13.14,905.1,1086.12,1267.14,1448.16,1629.18,1810.2,ShowDailyK_ChartFlow,FinMind_API_TaiwanStockPrice_6669,True,2026-09-22T15:43:09,2026-09-22T15:43:09,2026-09-22T15:43:09
6669,緯穎,2022-09-21,780.0,-13.0,-1.64%,60.339999999999996,12.93,905.1,1086.12,1267.14,1448.16,1629.18,1810.2,ShowDailyK_ChartFlow,FinMind_API_TaiwanStockPrice_6669,True,2026-09-22T15:43:09,2026-09-22T15:43:09,2026-09-22T15:43:09
6669,緯穎,2022-09-22,780.0,0.0,0.00%,60.339999999999996,12.93,905.1,1086.12,1267.14,1448.16,1629.18,1810.2,ShowDailyK_ChartFlow,FinMind_API_TaiwanStockPrice_6669,True,2026-09-22T15:43:09,2026-09-22T15:43:09,2026-09-22T15:43:09
6669,緯穎,2022-09-23,765.0,-15.0,-1.92%,60.339999999999996,12.68,905.1,1086.12,1267.14,1448.16,1629.18,1810.2,ShowDailyK_ChartFlow,FinMind_API_TaiwanStockPrice_6669,True,2026-09-22T15:43:09,2026-09-22T15:43:09,2026-09-22T15:43:09
6669,緯穎,2022-09-26,767.0,2.0,0.26%,60.339999999999996,12.71,905.1,1086.12,1267.14,1448.16,1629.18,1810.2,ShowDailyK_ChartFlow,FinMind_API_TaiwanStockPrice_6669,True,2026-09-22T15:43:09,2026-09-22T15:43:09,2026-09-22T15:43:09
6669,緯穎,2022-09-27,786.0,19.0,2.48%,60.339999999999996,13.03,905.1,1086.12,1267.14,1448.16,1629.18,1810.2,ShowDailyK_ChartFlow,FinMind_API_TaiwanStockPrice_6669,True,2026-09-22T15:43:09,2026-09-22T15:43:09,2026-09-22T15:43:09
6669,緯穎,2022-09-28,767.0,-19.0,-2.42%,60.339999999999996,12.71,905.1,1086.12,1267.14,1448.16,1629.18,1810.2,ShowDailyK_ChartFlow,FinMind_API_TaiwanStockPrice_6669,True,2026-09-22T15:43:09,2026-09-22T15:43:09,2026-09-22T15:43:09
6669,緯穎,2022-09-29,783.0,16.0,2.09%,60.339999999999996,12.98,905.1,1086.12,1267.14,1448.16,1629.18,1810.2,ShowDailyK_ChartFlow,FinMind_API_TaiwanStockPrice_6669,True,2026-09-22T15:43:09,2026-09-22T15:43:09,2026-09-22T15:43:09
6669,緯穎,2022-09-30,808.0,25.0,3.19%,73.43,13.39,1101.45,1321.74,1542.03,1762.32,1982.61,2202.9,ShowDailyK_ChartFlow,FinMind_API_TaiwanStockPrice_6669,True,2026-09-22T15:43:09,2026-09-22T15:43:09,2026-09-22T15:43:09
6669,緯穎,2022-10-03,805.0,-3.0,-0.37%,73.43,13.34,1101.45,1321.74,1542.03,1762.32,1982.61,2202.9,ShowDailyK_ChartFlow,FinMind_API_TaiwanStockPrice_6669,True,2026-09-22T15:43:09,2026-09-22T15:43:09,2026-09-22T15:43:09
6669,緯穎,2022-10-04,804.0,-1.0,-0.12%,73.43,13.33,1101.45,1321.74,1542.03,1762.32,1982.61,2202.9,ShowDailyK_ChartFlow,FinMind_API_TaiwanStockPrice_6669,True,2026-09-22T15:43:09,2026-09-22T15:43:09,2026-09-22T15:43:09
6669,緯穎,2022-10-05,824.0,20.0,2.49%,73.43,13.66,1101.45,1321.74,1542.03,1762.32,1982.61,2202.9,ShowDailyK_ChartFlow,FinMind_API_TaiwanStockPrice_6669,True,2026-09-22T15:43:09,2026-09-22T15:43:09,2026-09-22T15:43:09
6669,緯穎,2022-10-06,823.0,-1.0,-0.12%,73.43,13.64,1101.45,1321.74,1542.03,1762.32,1982.61,2202.9,ShowDailyK_ChartFlow,FinMind_API_TaiwanStockPrice_6669,True,2026-09-22T15:43:09,2026-09-22T15:43:09,2026-09-22T15:43:09
6669,緯穎,2022-10-07,811.0,-12.0,-1.46%,73.43,13.44,1101.45,1321.74,1542.03,1762.32,1982.61,2202.9,ShowDailyK_ChartFlow,FinMind_API_TaiwanStockPrice_6669,True,2026-09-22T15:43:09,2026-09-22T15:43:09,2026-09-22T15:43:09
6669,緯穎,2022-10-11,792.0,-19.0,-2.34%,73.43,13.13,1101.45,1321.74,1542.03,1762.32,1982.61,2202.9,ShowDailyK_ChartFlow,FinMind_API_TaiwanStockPrice_6669,True,2026-09-22T15:43:09,2026-09-22T15:43:09,2026-09-22T15:43:09
6669,緯穎,2022-10-12,790.0,-2.0,-0.25%,73.43,13.09,1101.45,1321.74,1542.03,1762.32,1982.61,2202.9,ShowDailyK_ChartFlow,FinMind_API_TaiwanStockPrice_6669,True,2026-09-22T15:43:09,2026-09-22T15:43:09,2026-09-22T15:43:09
6669,緯穎,2022-10-13,779.0,-11.0,-1.39%,73.43,12.91,1101.45,1321.74,1542.03,1762.32,1982.61,2202.9,ShowDailyK_ChartFlow,FinMind_API_TaiwanStockPrice_6669,True,2026-09-22T15:43:09,2026-09-22T15:43:09,2026-09-22T15:43:09
6669,緯穎,2022-10-14,747.0,-32.0,-4.11%,73.43,12.38,1101.45,1321.74,1542.03,1762.32,1982.61,2202.9,ShowDailyK_ChartFlow,FinMind_API_TaiwanStockPrice_6669,True,2026-09-22T15:43:09,2026-09-22T15:43:09,2026-09-22T15:43:09
6669,緯穎,2022-10-17,685.0,-62.0,-8.30%,73.43,11.35,1101.45,1321.74,1542.03,1762.32,1982.61,2202.9,ShowDailyK_ChartFlow,FinMind_API_TaiwanStockPrice_6669,True,2026-09-22T15:43:09,2026-09-22T15:43:09,2026-09-22T15:43:09
6669,緯穎,2022-10-18,678.0,-7.0,-1.02%,73.43,11.24,1101.45,1321.74,1542.03,1762.32,1982.61,2202.9,ShowDailyK_ChartFlow,FinMind_API_TaiwanStockPrice_6669,True,2026-09-22T15:43:09,2026-09-22T15:43:09,2026-09-22T15:43:09
6669,緯穎,2022-10-19,672.0,-6.0,-0.88%,73.43,11.14,1101.45,1321.74,1542.03,1762.32,1982.61,2202.9,ShowDailyK_ChartFlow,FinMind_API_TaiwanStockPrice_6669,True,2026-09-22T15:43:09,2026-09-22T15:43:09,2026-09-22T15:43:09
6669,緯穎,2022-10-20,649.0,-23.0,-3.42%,73.43,10.76,1101.45,1321.74,1542.03,1762.32,1982.61,2202.9,ShowDailyK_ChartFlow,FinMind_API_TaiwanStockPrice_6669,True,2026-09-22T15:43:09,2026-09-22T15:43:09,2026-09-22T15:43:09
6669,緯穎,2022-10-21,617.0,-32.0,-4.93%,73.43,10.23,1101.45,1321.74,1542.03,1762.32,1982.61,2202.9,ShowDailyK_ChartFlow,FinMind_API_TaiwanStockPrice_6669,True,2026-09-22T15:43:09,2026-09-22T15:43:09,2026-09-22T15:43:09
6669,緯穎,2022-10-24,640.0,23.0,3.73%,73.43,10.61,1101.45,1321.74,1542.03,1762.32,1982.61,2202.9,ShowDailyK_ChartFlow,FinMind_API_TaiwanStockPrice_6669,True,2026-09-22T15:43:09,2026-09-22T15:43:09,2026-09-22T15:43:09
6669,緯穎,2022-10-25,638.0,-2.0,-0.31%,73.43,10.58,1101.45,1321.74,1542.03,1762.32,1982.61,2202.9,ShowDailyK_ChartFlow,FinMind_API_TaiwanStockPrice_6669,True,2026-09-22T15:43:09,2026-09-22T15:43:09,2026-09-22T15:43:09
6669,緯穎,2022-10-26,627.0,-11.0,-1.72%,73.43,10.39,1101.45,1321.74,1542.03,1762.32,1982.61,2202.9,ShowDailyK_ChartFlow,FinMind_API_TaiwanStockPrice_6669,True,2026-09-22T15:43:09,2026-09-22T15:43:09,2026-09-22T15:43:09
6669,緯穎,2022-10-27,689.0,62.0,9.89%,73.43,11.42,1101.45,1321.74,1542.03,1762.32,1982.61,2202.9,ShowDailyK_ChartFlow,FinMind_API_TaiwanStockPrice_6669,True,2026-09-22T15:43:09,2026-09-22T15:43:09,2026-09-22T15:43:09
6669,緯穎,2022-10-28,734.0,45.0,6.53%,73.43,12.17,1101.45,1321.74,1542.03,1762.32,1982.61,2202.9,ShowDailyK_ChartFlow,FinMind_API_TaiwanStockPrice_6669,True,2026-09-22T15:43:09,2026-09-22T15:43:09,2026-09-22T15:43:09
6669,緯穎,2022-10-31,724.0,-10.0,-1.36%,73.43,12.0,1101.45,1321.74,1542.03,1762.32,1982.61,2202.9,ShowDailyK_ChartFlow,FinMind_API_TaiwanStockPrice_6669,True,2026-09-22T15:43:09,2026-09-22T15:43:09,2026-09-22T15:43:09
6669,緯穎,2022-11-01,735.0,11.0,1.52%,73.43,12.18,1101.45,1321.74,1542.03,1762.32,1982.61,2202.9,ShowDailyK_ChartFlow,FinMind_API_TaiwanStockPrice_6669,True,2026-09-22T15:43:09,2026-09-22T15:43:09,2026-09-22T15:43:09
6669,緯穎,2022-11-02,785.0,50.0,6.80%,73.43,10.69,1101.45,1321.74,1542.03,1762.32,1982.61,2202.9,ShowDailyK_ChartFlow,FinMind_API_TaiwanStockPrice_6669,True,2026-09-22T15:43:09,2026-09-22T15:43:09,2026-09-22T15:43:09
6669,緯穎,2022-11-03,828.0,43.0,5.48%,73.43,11.28,1101.45,1321.74,1542.03,1762.32,1982.61,2202.9,ShowDailyK_ChartFlow,FinMind_API_TaiwanStockPrice_6669,True,2026-09-22T15:43:09,2026-09-22T15:43:09,2026-09-22T15:43:09
6669,緯穎,2022-11-04,856.0,28.0,3.38%,73.43,11.66,1101.45,1321.74,1542.03,1762.32,1982.61,2202.9,ShowDailyK_ChartFlow,FinMind_API_TaiwanStockPrice_6669,True,2026-09-22T15:43:09,2026-09-22T15:43:09,2026-09-22T15:43:09
6669,緯穎,2022-11-07,841.0,-15.0,-1.75%,73.43,11.45,1101.45,1321.74,1542.03,1762.32,1982.61,2202.9,ShowDailyK_ChartFlow,FinMind_API_TaiwanStockPrice_6669,True,2026-09-22T15:43:09,2026-09-22T15:43:09,2026-09-22T15:43:09
6669,緯穎,2022-11-08,840.0,-1.0,-0.12%,73.43,11.44,1101.45,1321.74,1542.03,1762.32,1982.61,2202.9,ShowDailyK_ChartFlow,FinMind_API_TaiwanStockPrice_6669,True,2026-09-22T15:43:09,2026-09-22T15:43:09,2026-09-22T15:43:09
6669,緯穎,2022-11-09,875.0,35.0,4.17%,73.43,11.92,1101.45,1321.74,1542.03,1762.32,1982.61,2202.9,ShowDailyK_ChartFlow,FinMind_API_TaiwanStockPrice_6669,True,2026-09-22T15:43:09,2026-09-22T15:43:09,2026-09-22T15:43:09
6669,緯穎,2022-11-10,824.0,-51.0,-5.83%,73.43,11.22,1101.45,1321.74,1542.03,1762.32,1982.61,2202.9,ShowDailyK_ChartFlow,FinMind_API_TaiwanStockPrice_6669,True,2026-09-22T15:43:09,2026-09-22T15:43:09,2026-09-22T15:43:09
6669,緯穎,2022-11-11,822.0,-2.0,-0.24%,73.43,11.19,1101.45,1321.74,1542.03,1762.32,1982.61,2202.9,ShowDailyK_ChartFlow,FinMind_API_TaiwanStockPrice_6669,True,2026-09-22T15:43:09,2026-09-22T15:43:09,2026-09-22T15:43:09
6669,緯穎,2022-11-14,850.0,28.0,3.41%,73.43,11.58,1101.45,1321.74,1542.03,1762.32,1982.61,2202.9,ShowDailyK_ChartFlow,FinMind_API_TaiwanStockPrice_6669,True,2026-09-22T15:43:09,2026-09-22T15:43:09,2026-09-22T15:43:09
6669,緯穎,2022-11-15,841.0,-9.0,-1.06%,73.43,11.45,1101.45,1321.74,1542.03,1762.32,1982.61,2202.9,ShowDailyK_ChartFlow,FinMind_API_TaiwanStockPrice_6669,True,2026-09-22T15:43:09,2026-09-22T15:43:09,2026-09-22T15:43:09
6669,緯穎,2022-11-16,858.0,17.0,2.02%,73.43,11.68,1101.45,1321.74,1542.03,1762.32,1982.61,2202.9,ShowDailyK_ChartFlow,FinMind_API_TaiwanStockPrice_6669,True,2026-09-22T15:43:09,2026-09-22T15:43:09,2026-09-22T15:43:09
6669,緯穎,2022-11-17,868.0,10.0,1.17%,73.43,11.82,1101.45,1321.74,1542.03,1762.32,1982.61,2202.9,ShowDailyK_ChartFlow,FinMind_API_TaiwanStockPrice_6669,True,2026-09-22T15:43:09,2026-09-22T15:43:09,2026-09-22T15:43:09
6669,緯穎,2022-11-18,852.0,-16.0,-1.84%,73.43,11.6,1101.45,1321.74,1542.03,1762.32,1982.61,2202.9,ShowDailyK_ChartFlow,FinMind_API_TaiwanStockPrice_6669,True,2026-09-22T15:43:09,2026-09-22T15:43:09,2026-09-22T15:43:09
6669,緯穎,2022-11-21,858.0,6.0,0.70%,73.43,11.68,1101.45,1321.74,1542.03,1762.32,1982.61,2202.9,ShowDailyK_ChartFlow,FinMind_API_TaiwanStockPrice_6669,True,2026-09-22T15:43:09,2026-09-22T15:43:09,2026-09-22T15:43:09
6669,緯穎,2022-11-22,869.0,11.0,1.28%,73.43,11.83,1101.45,1321.74,1542.03,1762.32,1982.61,2202.9,ShowDailyK_ChartFlow,FinMind_API_TaiwanStockPrice_6669,True,2026-09-22T15:43:09,2026-09-22T15:43:09,2026-09-22T15:43:09
6669,緯穎,2022-11-23,858.0,-11.0,-1.27%,73.43,11.68,1101.45,1321.74,1542.03,1762.32,1982.61,2202.9,ShowDailyK_ChartFlow,FinMind_API_TaiwanStockPrice_6669,True,2026-09-22T15:43:09,2026-09-22T15:43:09,2026-09-22T15:43:09
6669,緯穎,2022-11-24,865.0,7.0,0.82%,73.43,11.78,1101.45,1321.74,1542.03,1762.32,1982.61,2202.9,ShowDailyK_ChartFlow,FinMind_API_TaiwanStockPrice_6669,True,2026-09-22T15:43:09,2026-09-22T15:43:09,2026-09-22T15:43:09
6669,緯穎,2022-11-25,855.0,-10.0,-1.16%,73.43,11.64,1101.45,1321.74,1542.03,1762.32,1982.61,2202.9,ShowDailyK_ChartFlow,FinMind_API_TaiwanStockPrice_6669,True,2026-09-22T15:43:09,2026-09-22T15:43:09,2026-09-22T15:43:09
6669,緯穎,2022-11-28,860.0,5.0,0.58%,73.43,11.71,1101.45,1321.74,1542.03,1762.32,1982.61,2202.9,ShowDailyK_ChartFlow,FinMind_API_TaiwanStockPrice_6669,True,2026-09-22T15:43:09,2026-09-22T15:43:09,2026-09-22T15:43:09
6669,緯穎,2022-11-29,868.0,8.0,0.93%,73.43,11.82,1101.45,1321.74,1542.03,1762.32,1982.61,2202.9,ShowDailyK_ChartFlow,FinMind_API_TaiwanStockPrice_6669,True,2026-09-22T15:43:09,2026-09-22T15:43:09,2026-09-22T15:43:09
6669,緯穎,2022-11-30,880.0,12.0,1.38%,73.43,11.98,1101.45,1321.74,1542.03,1762.32,1982.61,2202.9,ShowDailyK_ChartFlow,FinMind_API_TaiwanStockPrice_6669,True,2026-09-22T15:43:09,2026-09-22T15:43:09,2026-09-22T15:43:09
6669,緯穎,2022-12-01,887.0,7.0,0.80%,73.43,12.08,1101.45,1321.74,1542.03,1762.32,1982.61,2202.9,ShowDailyK_ChartFlow,FinMind_API_TaiwanStockPrice_6669,True,2026-09-22T15:43:09,2026-09-22T15:43:09,2026-09-22T15:43:09
6669,緯穎,2022-12-02,918.0,31.0,3.49%,73.43,12.5,1101.45,1321.74,1542.03,1762.32,1982.61,2202.9,ShowDailyK_ChartFlow,FinMind_API_TaiwanStockPrice_6669,True,2026-09-22T15:43:09,2026-09-22T15:43:09,2026-09-22T15:43:09
6669,緯穎,2022-12-05,905.0,-13.0,-1.42%,73.43,12.32,1101.45,1321.74,1542.03,1762.32,1982.61,2202.9,ShowDailyK_ChartFlow,FinMind_API_TaiwanStockPrice_6669,True,2026-09-22T15:43:09,2026-09-22T15:43:09,2026-09-22T15:43:09
6669,緯穎,2022-12-06,891.0,-14.0,-1.55%,73.43,12.13,1101.45,1321.74,1542.03,1762.32,1982.61,2202.9,ShowDailyK_ChartFlow,FinMind_API_TaiwanStockPrice_6669,True,2026-09-22T15:43:09,2026-09-22T15:43:09,2026-09-22T15:43:09
6669,緯穎,2022-12-07,899.0,8.0,0.90%,73.43,12.24,1101.45,1321.74,1542.03,1762.32,1982.61,2202.9,ShowDailyK_ChartFlow,FinMind_API_TaiwanStockPrice_6669,True,2026-09-22T15:43:09,2026-09-22T15:43:09,2026-09-22T15:43:09
6669,緯穎,2022-12-08,902.0,3.0,0.33%,73.43,12.28,1101.45,1321.74,1542.03,1762.32,1982.61,2202.9,ShowDailyK_ChartFlow,FinMind_API_TaiwanStockPrice_6669,True,2026-09-22T15:43:09,2026-09-22T15:43:09,2026-09-22T15:43:09
6669,緯穎,2022-12-09,906.0,4.0,0.44%,73.43,12.34,1101.45,1321.74,1542.03,1762.32,1982.61,2202.9,ShowDailyK_ChartFlow,FinMind_API_TaiwanStockPrice_6669,True,2026-09-22T15:43:09,2026-09-22T15:43:09,2026-09-22T15:43:09
6669,緯穎,2022-12-12,911.0,5.0,0.55%,73.43,12.41,1101.45,1321.74,1542.03,1762.32,1982.61,2202.9,ShowDailyK_ChartFlow,FinMind_API_TaiwanStockPrice_6669,True,2026-09-22T15:43:09,2026-09-22T15:43:09,2026-09-22T15:43:09
6669,緯穎,2022-12-13,909.0,-2.0,-0.22%,73.43,12.38,1101.45,1321.74,1542.03,1762.32,1982.61,2202.9,ShowDailyK_ChartFlow,FinMind_API_TaiwanStockPrice_6669,True,2026-09-22T15:43:09,2026-09-22T15:43:09,2026-09-22T15:43:09
6669,緯穎,2022-12-14,939.0,30.0,3.30%,73.43,12.79,1101.45,1321.74,1542.03,1762.32,1982.61,2202.9,ShowDailyK_ChartFlow,FinMind_API_TaiwanStockPrice_6669,True,2026-09-22T15:43:09,2026-09-22T15:43:09,2026-09-22T15:43:09
6669,緯穎,2022-12-15,936.0,-3.0,-0.32%,73.43,12.75,1101.45,1321.74,1542.03,1762.32,1982.61,2202.9,ShowDailyK_ChartFlow,FinMind_API_TaiwanStockPrice_6669,True,2026-09-22T15:43:09,2026-09-22T15:43:09,2026-09-22T15:43:09
6669,緯穎,2022-12-16,919.0,-17.0,-1.82%,73.43,12.52,1101.45,1321.74,1542.03,1762.32,1982.61,2202.9,ShowDailyK_ChartFlow,FinMind_API_TaiwanStockPrice_6669,True,2026-09-22T15:43:09,2026-09-22T15:43:09,2026-09-22T15:43:09
6669,緯穎,2022-12-19,853.0,-66.0,-7.18%,73.43,11.62,1101.45,1321.74,1542.03,1762.32,1982.61,2202.9,ShowDailyK_ChartFlow,FinMind_API_TaiwanStockPrice_6669,True,2026-09-22T15:43:09,2026-09-22T15:43:09,2026-09-22T15:43:09
6669,緯穎,2022-12-20,843.0,-10.0,-1.17%,73.43,11.48,1101.45,1321.74,1542.03,1762.32,1982.61,2202.9,ShowDailyK_ChartFlow,FinMind_API_TaiwanStockPrice_6669,True,2026-09-22T15:43:09,2026-09-22T15:43:09,2026-09-22T15:43:09
6669,緯穎,2022-12-21,857.0,14.0,1.66%,73.43,11.67,1101.45,1321.74,1542.03,1762.32,1982.61,2202.9,ShowDailyK_ChartFlow,FinMind_API_TaiwanStockPrice_6669,True,2026-09-22T15:43:09,2026-09-22T15:43:09,2026-09-22T15:43:09
6669,緯穎,2022-12-22,830.0,-27.0,-3.15%,73.43,11.3,1101.45,1321.74,1542.03,1762.32,1982.61,2202.9,ShowDailyK_ChartFlow,FinMind_API_TaiwanStockPrice_6669,True,2026-09-22T15:43:09,2026-09-22T15:43:09,2026-09-22T15:43:09
6669,緯穎,2022-12-23,819.0,-11.0,-1.33%,73.43,11.15,1101.45,1321.74,1542.03,1762.32,1982.61,2202.9,ShowDailyK_ChartFlow,FinMind_API_TaiwanStockPrice_6669,True,2026-09-22T15:43:09,2026-09-22T15:43:09,2026-09-22T15:43:09
6669,緯穎,2022-12-26,812.0,-7.0,-0.85%,73.43,11.06,1101.45,1321.74,1542.03,1762.32,1982.61,2202.9,ShowDailyK_ChartFlow,FinMind_API_TaiwanStockPrice_6669,True,2026-09-22T15:43:09,2026-09-22T15:43:09,2026-09-22T15:43:09
6669,緯穎,2022-12-27,815.0,3.0,0.37%,73.43,11.1,1101.45,1321.74,1542.03,1762.32,1982.61,2202.9,ShowDailyK_ChartFlow,FinMind_API_TaiwanStockPrice_6669,True,2026-09-22T15:43:09,2026-09-22T15:43:09,2026-09-22T15:43:09
6669,緯穎,2022-12-28,802.0,-13.0,-1.60%,73.43,10.92,1101.45,1321.74,1542.03,1762.32,1982.61,2202.9,ShowDailyK_ChartFlow,FinMind_API_TaiwanStockPrice_6669,True,2026-09-22T15:43:09,2026-09-22T15:43:09,2026-09-22T15:43:09
6669,緯穎,2022-12-29,801.0,-1.0,-0.12%,73.43,10.91,1101.45,1321.74,1542.03,1762.32,1982.61,2202.9,ShowDailyK_ChartFlow,FinMind_API_TaiwanStockPrice_6669,True,2026-09-22T15:43:09,2026-09-22T15:43:09,2026-09-22T15:43:09
6669,緯穎,2022-12-30,797.0,-4.0,-0.50%,73.43,10.85,1101.45,1321.74,1542.03,1762.32,1982.61,2202.9,ShowDailyK_ChartFlow,FinMind_API_TaiwanStockPrice_6669,True,2026-09-22T15:43:09,2026-09-22T15:43:09,2026-09-22T15:43:09
6669,緯穎,2023-01-03,810.0,13.0,1.63%,81.07,11.03,1216.05,1459.26,1702.47,1945.68,2188.89,2432.1,ShowDailyK_ChartFlow,FinMind_API_TaiwanStockPrice_6669,True,2026-09-22T15:43:09,2026-09-22T15:43:09,2026-09-22T15:43:09
6669,緯穎,2023-01-04,801.0,-9.0,-1.11%,81.07,10.91,1216.05,1459.26,1702.47,1945.68,2188.89,2432.1,ShowDailyK_ChartFlow,FinMind_API_TaiwanStockPrice_6669,True,2026-09-22T15:43:09,2026-09-22T15:43:09,2026-09-22T15:43:09
6669,緯穎,2023-01-05,723.0,-78.0,-9.74%,81.07,9.85,1216.05,1459.26,1702.47,1945.68,2188.89,2432.1,ShowDailyK_ChartFlow,FinMind_API_TaiwanStockPrice_6669,True,2026-09-22T15:43:09,2026-09-22T15:43:09,2026-09-22T15:43:09
6669,緯穎,2023-01-06,742.0,19.0,2.63%,81.07,10.1,1216.05,1459.26,1702.47,1945.68,2188.89,2432.1,ShowDailyK_ChartFlow,FinMind_API_TaiwanStockPrice_6669,True,2026-09-22T15:43:09,2026-09-22T15:43:09,2026-09-22T15:43:09
6669,緯穎,2023-01-09,767.0,25.0,3.37%,81.07,10.45,1216.05,1459.26,1702.47,1945.68,2188.89,2432.1,ShowDailyK_ChartFlow,FinMind_API_TaiwanStockPrice_6669,True,2026-09-22T15:43:09,2026-09-22T15:43:09,2026-09-22T15:43:09
6669,緯穎,2023-01-10,776.0,9.0,1.17%,81.07,10.57,1216.05,1459.26,1702.47,1945.68,2188.89,2432.1,ShowDailyK_ChartFlow,FinMind_API_TaiwanStockPrice_6669,True,2026-09-22T15:43:09,2026-09-22T15:43:09,2026-09-22T15:43:09
6669,緯穎,2023-01-11,752.0,-24.0,-3.09%,81.07,10.24,1216.05,1459.26,1702.47,1945.68,2188.89,2432.1,ShowDailyK_ChartFlow,FinMind_API_TaiwanStockPrice_6669,True,2026-09-22T15:43:09,2026-09-22T15:43:09,2026-09-22T15:43:09
6669,緯穎,2023-01-12,770.0,18.0,2.39%,81.07,10.49,1216.05,1459.26,1702.47,1945.68,2188.89,2432.1,ShowDailyK_ChartFlow,FinMind_API_TaiwanStockPrice_6669,True,2026-09-22T15:43:09,2026-09-22T15:43:09,2026-09-22T15:43:09
6669,緯穎,2023-01-13,774.0,4.0,0.52%,81.07,10.54,1216.05,1459.26,1702.47,1945.68,2188.89,2432.1,ShowDailyK_ChartFlow,FinMind_API_TaiwanStockPrice_6669,True,2026-09-22T15:43:09,2026-09-22T15:43:09,2026-09-22T15:43:09
6669,緯穎,2023-01-16,787.0,13.0,1.68%,81.07,10.72,1216.05,1459.26,1702.47,1945.68,2188.89,2432.1,ShowDailyK_ChartFlow,FinMind_API_TaiwanStockPrice_6669,True,2026-09-22T15:43:09,2026-09-22T15:43:09,2026-09-22T15:43:09
6669,緯穎,2023-01-17,785.0,-2.0,-0.25%,81.07,10.69,1216.05,1459.26,1702.47,1945.68,2188.89,2432.1,ShowDailyK_ChartFlow,FinMind_API_TaiwanStockPrice_6669,True,2026-09-22T15:43:09,2026-09-22T15:43:09,2026-09-22T15:43:09
6669,緯穎,2023-01-30,772.0,-13.0,-1.66%,81.07,10.51,1216.05,1459.26,1702.47,1945.68,2188.89,2432.1,ShowDailyK_ChartFlow,FinMind_API_TaiwanStockPrice_6669,True,2026-09-22T15:43:09,2026-09-22T15:43:09,2026-09-22T15:43:09
6669,緯穎,2023-01-31,750.0,-22.0,-2.85%,81.07,10.21,1216.05,1459.26,1702.47,1945.68,2188.89,2432.1,ShowDailyK_ChartFlow,FinMind_API_TaiwanStockPrice_6669,True,2026-09-22T15:43:09,2026-09-22T15:43:09,2026-09-22T15:43:09
6669,緯穎,2023-02-01,767.0,17.0,2.27%,81.07,10.45,1216.05,1459.26,1702.47,1945.68,2188.89,2432.1,ShowDailyK_ChartFlow,FinMind_API_TaiwanStockPrice_6669,True,2026-09-22T15:43:09,2026-09-22T15:43:09,2026-09-22T15:43:09
6669,緯穎,2023-02-02,823.0,56.0,7.30%,81.07,11.21,1216.05,1459.26,1702.47,1945.68,2188.89,2432.1,ShowDailyK_ChartFlow,FinMind_API_TaiwanStockPrice_6669,True,2026-09-22T15:43:09,2026-09-22T15:43:09,2026-09-22T15:43:09
6669,緯穎,2023-02-03,841.0,18.0,2.19%,81.07,11.45,1216.05,1459.26,1702.47,1945.68,2188.89,2432.1,ShowDailyK_ChartFlow,FinMind_API_TaiwanStockPrice_6669,True,2026-09-22T15:43:09,2026-09-22T15:43:09,2026-09-22T15:43:09
6669,緯穎,2023-02-06,855.0,14.0,1.66%,81.07,11.64,1216.05,1459.26,1702.47,1945.68,2188.89,2432.1,ShowDailyK_ChartFlow,FinMind_API_TaiwanStockPrice_6669,True,2026-09-22T15:43:09,2026-09-22T15:43:09,2026-09-22T15:43:09
6669,緯穎,2023-02-07,843.0,-12.0,-1.40%,81.07,11.48,1216.05,1459.26,1702.47,1945.68,2188.89,2432.1,ShowDailyK_ChartFlow,FinMind_API_TaiwanStockPrice_6669,True,2026-09-22T15:43:09,2026-09-22T15:43:09,2026-09-22T15:43:09
6669,緯穎,2023-02-08,850.0,7.0,0.83%,81.07,11.58,1216.05,1459.26,1702.47,1945.68,2188.89,2432.1,ShowDailyK_ChartFlow,FinMind_API_TaiwanStockPrice_6669,True,2026-09-22T15:43:09,2026-09-22T15:43:09,2026-09-22T15:43:09
6669,緯穎,2023-02-09,858.0,8.0,0.94%,81.07,11.68,1216.05,1459.26,1702.47,1945.68,2188.89,2432.1,ShowDailyK_ChartFlow,FinMind_API_TaiwanStockPrice_6669,True,2026-09-22T15:43:09,2026-09-22T15:43:09,2026-09-22T15:43:09
6669,緯穎,2023-02-10,841.0,-17.0,-1.98%,81.07,11.45,1216.05,1459.26,1702.47,1945.68,2188.89,2432.1,ShowDailyK_ChartFlow,FinMind_API_TaiwanStockPrice_6669,True,2026-09-22T15:43:09,2026-09-22T15:43:09,2026-09-22T15:43:09
6669,緯穎,2023-02-13,814.0,-27.0,-3.21%,81.07,11.09,1216.05,1459.26,1702.47,1945.68,2188.89,2432.1,ShowDailyK_ChartFlow,FinMind_API_TaiwanStockPrice_6669,True,2026-09-22T15:43:09,2026-09-22T15:43:09,2026-09-22T15:43:09
6669,緯穎,2023-02-14,827.0,13.0,1.60%,81.07,11.26,1216.05,1459.26,1702.47,1945.68,2188.89,2432.1,ShowDailyK_ChartFlow,FinMind_API_TaiwanStockPrice_6669,True,2026-09-22T15:43:09,2026-09-22T15:43:09,2026-09-22T15:43:09
6669,緯穎,2023-02-15,822.0,-5.0,-0.60%,81.07,11.19,1216.05,1459.26,1702.47,1945.68,2188.89,2432.1,ShowDailyK_ChartFlow,FinMind_API_TaiwanStockPrice_6669,True,2026-09-22T15:43:09,2026-09-22T15:43:09,2026-09-22T15:43:09
6669,緯穎,2023-02-16,838.0,16.0,1.95%,81.07,11.41,1216.05,1459.26,1702.47,1945.68,2188.89,2432.1,ShowDailyK_ChartFlow,FinMind_API_TaiwanStockPrice_6669,True,2026-09-22T15:43:09,2026-09-22T15:43:09,2026-09-22T15:43:09
6669,緯穎,2023-02-17,836.0,-2.0,-0.24%,81.07,11.38,1216.05,1459.26,1702.47,1945.68,2188.89,2432.1,ShowDailyK_ChartFlow,FinMind_API_TaiwanStockPrice_6669,True,2026-09-22T15:43:09,2026-09-22T15:43:09,2026-09-22T15:43:09
6669,緯穎,2023-02-20,831.0,-5.0,-0.60%,81.07,11.32,1216.05,1459.26,1702.47,1945.68,2188.89,2432.1,ShowDailyK_ChartFlow,FinMind_API_TaiwanStockPrice_6669,True,2026-09-22T15:43:09,2026-09-22T15:43:09,2026-09-22T15:43:09
6669,緯穎,2023-02-21,859.0,28.0,3.37%,81.07,11.7,1216.05,1459.26,1702.47,1945.68,2188.89,2432.1,ShowDailyK_ChartFlow,FinMind_API_TaiwanStockPrice_6669,True,2026-09-22T15:43:09,2026-09-22T15:43:09,2026-09-22T15:43:09
6669,緯穎,2023-02-22,826.0,-33.0,-3.84%,81.07,11.25,1216.05,1459.26,1702.47,1945.68,2188.89,2432.1,ShowDailyK_ChartFlow,FinMind_API_TaiwanStockPrice_6669,True,2026-09-22T15:43:09,2026-09-22T15:43:09,2026-09-22T15:43:09
6669,緯穎,2023-02-23,908.0,82.0,9.93%,81.07,11.2,1216.05,1459.26,1702.47,1945.68,2188.89,2432.1,ShowDailyK_ChartFlow,FinMind_API_TaiwanStockPrice_6669,True,2026-09-22T15:43:09,2026-09-22T15:43:09,2026-09-22T15:43:09
6669,緯穎,2023-02-24,969.0,61.0,6.72%,81.07,11.95,1216.05,1459.26,1702.47,1945.68,2188.89,2432.1,ShowDailyK_ChartFlow,FinMind_API_TaiwanStockPrice_6669,True,2026-09-22T15:43:09,2026-09-22T15:43:09,2026-09-22T15:43:09
6669,緯穎,2023-03-01,940.0,-29.0,-2.99%,81.07,11.59,1216.05,1459.26,1702.47,1945.68,2188.89,2432.1,ShowDailyK_ChartFlow,FinMind_API_TaiwanStockPrice_6669,True,2026-09-22T15:43:09,2026-09-22T15:43:09,2026-09-22T15:43:09
6669,緯穎,2023-03-02,935.0,-5.0,-0.53%,81.07,11.53,1216.05,1459.26,1702.47,1945.68,2188.89,2432.1,ShowDailyK_ChartFlow,FinMind_API_TaiwanStockPrice_6669,True,2026-09-22T15:43:09,2026-09-22T15:43:09,2026-09-22T15:43:09
6669,緯穎,2023-03-03,917.0,-18.0,-1.93%,81.07,11.31,1216.05,1459.26,1702.47,1945.68,2188.89,2432.1,ShowDailyK_ChartFlow,FinMind_API_TaiwanStockPrice_6669,True,2026-09-22T15:43:09,2026-09-22T15:43:09,2026-09-22T15:43:09
6669,緯穎,2023-03-06,942.0,25.0,2.73%,81.07,11.62,1216.05,1459.26,1702.47,1945.68,2188.89,2432.1,ShowDailyK_ChartFlow,FinMind_API_TaiwanStockPrice_6669,True,2026-09-22T15:43:09,2026-09-22T15:43:09,2026-09-22T15:43:09
6669,緯穎,2023-03-07,935.0,-7.0,-0.74%,81.07,11.53,1216.05,1459.26,1702.47,1945.68,2188.89,2432.1,ShowDailyK_ChartFlow,FinMind_API_TaiwanStockPrice_6669,True,2026-09-22T15:43:09,2026-09-22T15:43:09,2026-09-22T15:43:09
6669,緯穎,2023-03-08,947.0,12.0,1.28%,81.07,11.68,1216.05,1459.26,1702.47,1945.68,2188.89,2432.1,ShowDailyK_ChartFlow,FinMind_API_TaiwanStockPrice_6669,True,2026-09-22T15:43:09,2026-09-22T15:43:09,2026-09-22T15:43:09
6669,緯穎,2023-03-09,950.0,3.0,0.32%,81.07,11.72,1216.05,1459.26,1702.47,1945.68,2188.89,2432.1,ShowDailyK_ChartFlow,FinMind_API_TaiwanStockPrice_6669,True,2026-09-22T15:43:09,2026-09-22T15:43:09,2026-09-22T15:43:09
6669,緯穎,2023-03-10,935.0,-15.0,-1.58%,81.07,11.53,1216.05,1459.26,1702.47,1945.68,2188.89,2432.1,ShowDailyK_ChartFlow,FinMind_API_TaiwanStockPrice_6669,True,2026-09-22T15:43:09,2026-09-22T15:43:09,2026-09-22T15:43:09
6669,緯穎,2023-03-13,915.0,-20.0,-2.14%,81.07,11.29,1216.05,1459.26,1702.47,1945.68,2188.89,2432.1,ShowDailyK_ChartFlow,FinMind_API_TaiwanStockPrice_6669,True,2026-09-22T15:43:09,2026-09-22T15:43:09,2026-09-22T15:43:09
6669,緯穎,2023-03-14,914.0,-1.0,-0.11%,81.07,11.27,1216.05,1459.26,1702.47,1945.68,2188.89,2432.1,ShowDailyK_ChartFlow,FinMind_API_TaiwanStockPrice_6669,True,2026-09-22T15:43:09,2026-09-22T15:43:09,2026-09-22T15:43:09
6669,緯穎,2023-03-15,912.0,-2.0,-0.22%,81.07,11.25,1216.05,1459.26,1702.47,1945.68,2188.89,2432.1,ShowDailyK_ChartFlow,FinMind_API_TaiwanStockPrice_6669,True,2026-09-22T15:43:09,2026-09-22T15:43:09,2026-09-22T15:43:09
6669,緯穎,2023-03-16,916.0,4.0,0.44%,81.07,11.3,1216.05,1459.26,1702.47,1945.68,2188.89,2432.1,ShowDailyK_ChartFlow,FinMind_API_TaiwanStockPrice_6669,True,2026-09-22T15:43:09,2026-09-22T15:43:09,2026-09-22T15:43:09
6669,緯穎,2023-03-17,948.0,32.0,3.49%,81.07,11.69,1216.05,1459.26,1702.47,1945.68,2188.89,2432.1,ShowDailyK_ChartFlow,FinMind_API_TaiwanStockPrice_6669,True,2026-09-22T15:43:09,2026-09-22T15:43:09,2026-09-22T15:43:09
6669,緯穎,2023-03-20,963.0,15.0,1.58%,81.07,11.88,1216.05,1459.26,1702.47,1945.68,2188.89,2432.1,ShowDailyK_ChartFlow,FinMind_API_TaiwanStockPrice_6669,True,2026-09-22T15:43:09,2026-09-22T15:43:09,2026-09-22T15:43:09
6669,緯穎,2023-03-21,990.0,27.0,2.80%,81.07,12.21,1216.05,1459.26,1702.47,1945.68,2188.89,2432.1,ShowDailyK_ChartFlow,FinMind_API_TaiwanStockPrice_6669,True,2026-09-22T15:43:09,2026-09-22T15:43:09,2026-09-22T15:43:09
6669,緯穎,2023-03-22,1085.0,95.0,9.60%,81.07,13.38,1216.05,1459.26,1702.47,1945.68,2188.89,2432.1,ShowDailyK_ChartFlow,FinMind_API_TaiwanStockPrice_6669,True,2026-09-22T15:43:09,2026-09-22T15:43:09,2026-09-22T15:43:09
6669,緯穎,2023-03-23,1075.0,-10.0,-0.92%,81.07,13.26,1216.05,1459.26,1702.47,1945.68,2188.89,2432.1,ShowDailyK_ChartFlow,FinMind_API_TaiwanStockPrice_6669,True,2026-09-22T15:43:09,2026-09-22T15:43:09,2026-09-22T15:43:09
6669,緯穎,2023-03-24,1105.0,30.0,2.79%,81.07,13.63,1216.05,1459.26,1702.47,1945.68,2188.89,2432.1,ShowDailyK_ChartFlow,FinMind_API_TaiwanStockPrice_6669,True,2026-09-22T15:43:09,2026-09-22T15:43:09,2026-09-22T15:43:09
6669,緯穎,2023-03-27,1100.0,-5.0,-0.45%,81.07,13.57,1216.05,1459.26,1702.47,1945.68,2188.89,2432.1,ShowDailyK_ChartFlow,FinMind_API_TaiwanStockPrice_6669,True,2026-09-22T15:43:09,2026-09-22T15:43:09,2026-09-22T15:43:09
6669,緯穎,2023-03-28,1090.0,-10.0,-0.91%,81.07,13.45,1216.05,1459.26,1702.47,1945.68,2188.89,2432.1,ShowDailyK_ChartFlow,FinMind_API_TaiwanStockPrice_6669,True,2026-09-22T15:43:09,2026-09-22T15:43:09,2026-09-22T15:43:09
6669,緯穎,2023-03-29,1085.0,-5.0,-0.46%,81.07,13.38,1216.05,1459.26,1702.47,1945.68,2188.89,2432.1,ShowDailyK_ChartFlow,FinMind_API_TaiwanStockPrice_6669,True,2026-09-22T15:43:09,2026-09-22T15:43:09,2026-09-22T15:43:09
6669,緯穎,2023-03-30,1130.0,45.0,4.15%,81.07,13.94,1216.05,1459.26,1702.47,1945.68,2188.89,2432.1,ShowDailyK_ChartFlow,FinMind_API_TaiwanStockPrice_6669,True,2026-09-22T15:43:09,2026-09-22T15:43:09,2026-09-22T15:43:09
6669,緯穎,2023-03-31,1125.0,-5.0,-0.44%,86.50999999999999,13.88,1297.65,1557.18,1816.71,2076.24,2335.77,2595.3,ShowDailyK_ChartFlow,FinMind_API_TaiwanStockPrice_6669,True,2026-09-22T15:43:09,2026-09-22T15:43:09,2026-09-22T15:43:09
6669,緯穎,2023-04-06,1125.0,0.0,0.00%,86.50999999999999,13.88,1297.65,1557.18,1816.71,2076.24,2335.77,2595.3,ShowDailyK_ChartFlow,FinMind_API_TaiwanStockPrice_6669,True,2026-09-22T15:43:09,2026-09-22T15:43:09,2026-09-22T15:43:09
6669,緯穎,2023-04-07,1130.0,5.0,0.44%,86.50999999999999,13.94,1297.65,1557.18,1816.71,2076.24,2335.77,2595.3,ShowDailyK_ChartFlow,FinMind_API_TaiwanStockPrice_6669,True,2026-09-22T15:43:09,2026-09-22T15:43:09,2026-09-22T15:43:09
6669,緯穎,2023-04-10,1240.0,110.0,9.73%,86.50999999999999,15.3,1297.65,1557.18,1816.71,2076.24,2335.77,2595.3,ShowDailyK_ChartFlow,FinMind_API_TaiwanStockPrice_6669,True,2026-09-22T15:43:09,2026-09-22T15:43:09,2026-09-22T15:43:09
6669,緯穎,2023-04-11,1235.0,-5.0,-0.40%,86.50999999999999,15.23,1297.65,1557.18,1816.71,2076.24,2335.77,2595.3,ShowDailyK_ChartFlow,FinMind_API_TaiwanStockPrice_6669,True,2026-09-22T15:43:09,2026-09-22T15:43:09,2026-09-22T15:43:09
6669,緯穎,2023-04-12,1235.0,0.0,0.00%,86.50999999999999,15.23,1297.65,1557.18,1816.71,2076.24,2335.77,2595.3,ShowDailyK_ChartFlow,FinMind_API_TaiwanStockPrice_6669,True,2026-09-22T15:43:09,2026-09-22T15:43:09,2026-09-22T15:43:09
6669,緯穎,2023-04-13,1175.0,-60.0,-4.86%,86.50999999999999,14.49,1297.65,1557.18,1816.71,2076.24,2335.77,2595.3,ShowDailyK_ChartFlow,FinMind_API_TaiwanStockPrice_6669,True,2026-09-22T15:43:09,2026-09-22T15:43:09,2026-09-22T15:43:09
6669,緯穎,2023-04-14,1180.0,5.0,0.43%,86.50999999999999,14.56,1297.65,1557.18,1816.71,2076.24,2335.77,2595.3,ShowDailyK_ChartFlow,FinMind_API_TaiwanStockPrice_6669,True,2026-09-22T15:43:09,2026-09-22T15:43:09,2026-09-22T15:43:09
6669,緯穎,2023-04-17,1175.0,-5.0,-0.42%,86.50999999999999,14.49,1297.65,1557.18,1816.71,2076.24,2335.77,2595.3,ShowDailyK_ChartFlow,FinMind_API_TaiwanStockPrice_6669,True,2026-09-22T15:43:09,2026-09-22T15:43:09,2026-09-22T15:43:09
6669,緯穎,2023-04-18,1160.0,-15.0,-1.28%,86.50999999999999,14.31,1297.65,1557.18,1816.71,2076.24,2335.77,2595.3,ShowDailyK_ChartFlow,FinMind_API_TaiwanStockPrice_6669,True,2026-09-22T15:43:09,2026-09-22T15:43:09,2026-09-22T15:43:09
6669,緯穎,2023-04-19,1155.0,-5.0,-0.43%,86.50999999999999,14.25,1297.65,1557.18,1816.71,2076.24,2335.77,2595.3,ShowDailyK_ChartFlow,FinMind_API_TaiwanStockPrice_6669,True,2026-09-22T15:43:09,2026-09-22T15:43:09,2026-09-22T15:43:09
6669,緯穎,2023-04-20,1130.0,-25.0,-2.16%,86.50999999999999,13.94,1297.65,1557.18,1816.71,2076.24,2335.77,2595.3,ShowDailyK_ChartFlow,FinMind_API_TaiwanStockPrice_6669,True,2026-09-22T15:43:09,2026-09-22T15:43:09,2026-09-22T15:43:09
6669,緯穎,2023-04-21,1095.0,-35.0,-3.10%,86.50999999999999,13.51,1297.65,1557.18,1816.71,2076.24,2335.77,2595.3,ShowDailyK_ChartFlow,FinMind_API_TaiwanStockPrice_6669,True,2026-09-22T15:43:09,2026-09-22T15:43:09,2026-09-22T15:43:09
6669,緯穎,2023-04-24,1135.0,40.0,3.65%,86.50999999999999,14.0,1297.65,1557.18,1816.71,2076.24,2335.77,2595.3,ShowDailyK_ChartFlow,FinMind_API_TaiwanStockPrice_6669,True,2026-09-22T15:43:09,2026-09-22T15:43:09,2026-09-22T15:43:09
6669,緯穎,2023-04-25,1085.0,-50.0,-4.41%,86.50999999999999,13.38,1297.65,1557.18,1816.71,2076.24,2335.77,2595.3,ShowDailyK_ChartFlow,FinMind_API_TaiwanStockPrice_6669,True,2026-09-22T15:43:09,2026-09-22T15:43:09,2026-09-22T15:43:09
6669,緯穎,2023-04-26,1135.0,50.0,4.61%,86.50999999999999,14.0,1297.65,1557.18,1816.71,2076.24,2335.77,2595.3,ShowDailyK_ChartFlow,FinMind_API_TaiwanStockPrice_6669,True,2026-09-22T15:43:09,2026-09-22T15:43:09,2026-09-22T15:43:09
6669,緯穎,2023-04-27,1165.0,30.0,2.64%,86.50999999999999,14.37,1297.65,1557.18,1816.71,2076.24,2335.77,2595.3,ShowDailyK_ChartFlow,FinMind_API_TaiwanStockPrice_6669,True,2026-09-22T15:43:09,2026-09-22T15:43:09,2026-09-22T15:43:09
6669,緯穎,2023-04-28,1165.0,0.0,0.00%,86.50999999999999,14.37,1297.65,1557.18,1816.71,2076.24,2335.77,2595.3,ShowDailyK_ChartFlow,FinMind_API_TaiwanStockPrice_6669,True,2026-09-22T15:43:09,2026-09-22T15:43:09,2026-09-22T15:43:09
6669,緯穎,2023-05-02,1210.0,45.0,3.86%,86.50999999999999,14.93,1297.65,1557.18,1816.71,2076.24,2335.77,2595.3,ShowDailyK_ChartFlow,FinMind_API_TaiwanStockPrice_6669,True,2026-09-22T15:43:09,2026-09-22T15:43:09,2026-09-22T15:43:09
6669,緯穎,2023-05-03,1180.0,-30.0,-2.48%,86.50999999999999,14.56,1297.65,1557.18,1816.71,2076.24,2335.77,2595.3,ShowDailyK_ChartFlow,FinMind_API_TaiwanStockPrice_6669,True,2026-09-22T15:43:09,2026-09-22T15:43:09,2026-09-22T15:43:09
6669,緯穎,2023-05-04,1175.0,-5.0,-0.42%,86.50999999999999,14.49,1297.65,1557.18,1816.71,2076.24,2335.77,2595.3,ShowDailyK_ChartFlow,FinMind_API_TaiwanStockPrice_6669,True,2026-09-22T15:43:09,2026-09-22T15:43:09,2026-09-22T15:43:09
6669,緯穎,2023-05-05,1130.0,-45.0,-3.83%,86.50999999999999,13.94,1297.65,1557.18,1816.71,2076.24,2335.77,2595.3,ShowDailyK_ChartFlow,FinMind_API_TaiwanStockPrice_6669,True,2026-09-22T15:43:09,2026-09-22T15:43:09,2026-09-22T15:43:09
6669,緯穎,2023-05-08,1125.0,-5.0,-0.44%,86.50999999999999,13.88,1297.65,1557.18,1816.71,2076.24,2335.77,2595.3,ShowDailyK_ChartFlow,FinMind_API_TaiwanStockPrice_6669,True,2026-09-22T15:43:09,2026-09-22T15:43:09,2026-09-22T15:43:09
6669,緯穎,2023-05-09,1115.0,-10.0,-0.89%,86.50999999999999,12.89,1297.65,1557.18,1816.71,2076.24,2335.77,2595.3,ShowDailyK_ChartFlow,FinMind_API_TaiwanStockPrice_6669,True,2026-09-22T15:43:09,2026-09-22T15:43:09,2026-09-22T15:43:09
6669,緯穎,2023-05-10,1005.0,-110.0,-9.87%,86.50999999999999,11.62,1297.65,1557.18,1816.71,2076.24,2335.77,2595.3,ShowDailyK_ChartFlow,FinMind_API_TaiwanStockPrice_6669,True,2026-09-22T15:43:09,2026-09-22T15:43:09,2026-09-22T15:43:09
6669,緯穎,2023-05-11,1020.0,15.0,1.49%,86.50999999999999,11.79,1297.65,1557.18,1816.71,2076.24,2335.77,2595.3,ShowDailyK_ChartFlow,FinMind_API_TaiwanStockPrice_6669,True,2026-09-22T15:43:09,2026-09-22T15:43:09,2026-09-22T15:43:09
6669,緯穎,2023-05-12,1035.0,15.0,1.47%,86.50999999999999,11.96,1297.65,1557.18,1816.71,2076.24,2335.77,2595.3,ShowDailyK_ChartFlow,FinMind_API_TaiwanStockPrice_6669,True,2026-09-22T15:43:09,2026-09-22T15:43:09,2026-09-22T15:43:09
6669,緯穎,2023-05-15,1015.0,-20.0,-1.93%,86.50999999999999,11.73,1297.65,1557.18,1816.71,2076.24,2335.77,2595.3,ShowDailyK_ChartFlow,FinMind_API_TaiwanStockPrice_6669,True,2026-09-22T15:43:09,2026-09-22T15:43:09,2026-09-22T15:43:09
6669,緯穎,2023-05-16,1045.0,30.0,2.96%,86.50999999999999,12.08,1297.65,1557.18,1816.71,2076.24,2335.77,2595.3,ShowDailyK_ChartFlow,FinMind_API_TaiwanStockPrice_6669,True,2026-09-22T15:43:09,2026-09-22T15:43:09,2026-09-22T15:43:09
6669,緯穎,2023-05-17,1065.0,20.0,1.91%,86.50999999999999,12.31,1297.65,1557.18,1816.71,2076.24,2335.77,2595.3,ShowDailyK_ChartFlow,FinMind_API_TaiwanStockPrice_6669,True,2026-09-22T15:43:09,2026-09-22T15:43:09,2026-09-22T15:43:09
6669,緯穎,2023-05-18,1065.0,0.0,0.00%,86.50999999999999,12.31,1297.65,1557.18,1816.71,2076.24,2335.77,2595.3,ShowDailyK_ChartFlow,FinMind_API_TaiwanStockPrice_6669,True,2026-09-22T15:43:09,2026-09-22T15:43:09,2026-09-22T15:43:09
6669,緯穎,2023-05-19,1080.0,15.0,1.41%,86.50999999999999,12.48,1297.65,1557.18,1816.71,2076.24,2335.77,2595.3,ShowDailyK_ChartFlow,FinMind_API_TaiwanStockPrice_6669,True,2026-09-22T15:43:09,2026-09-22T15:43:09,2026-09-22T15:43:09
6669,緯穎,2023-05-22,1060.0,-20.0,-1.85%,86.50999999999999,12.25,1297.65,1557.18,1816.71,2076.24,2335.77,2595.3,ShowDailyK_ChartFlow,FinMind_API_TaiwanStockPrice_6669,True,2026-09-22T15:43:09,2026-09-22T15:43:09,2026-09-22T15:43:09
6669,緯穎,2023-05-23,1125.0,65.0,6.13%,86.50999999999999,13.0,1297.65,1557.18,1816.71,2076.24,2335.77,2595.3,ShowDailyK_ChartFlow,FinMind_API_TaiwanStockPrice_6669,True,2026-09-22T15:43:09,2026-09-22T15:43:09,2026-09-22T15:43:09
6669,緯穎,2023-05-24,1100.0,-25.0,-2.22%,86.50999999999999,12.71,1297.65,1557.18,1816.71,2076.24,2335.77,2595.3,ShowDailyK_ChartFlow,FinMind_API_TaiwanStockPrice_6669,True,2026-09-22T15:43:09,2026-09-22T15:43:09,2026-09-22T15:43:09
6669,緯穎,2023-05-25,1145.0,45.0,4.09%,86.50999999999999,13.23,1297.65,1557.18,1816.71,2076.24,2335.77,2595.3,ShowDailyK_ChartFlow,FinMind_API_TaiwanStockPrice_6669,True,2026-09-22T15:43:09,2026-09-22T15:43:09,2026-09-22T15:43:09
6669,緯穎,2023-05-26,1170.0,25.0,2.18%,86.50999999999999,13.52,1297.65,1557.18,1816.71,2076.24,2335.77,2595.3,ShowDailyK_ChartFlow,FinMind_API_TaiwanStockPrice_6669,True,2026-09-22T15:43:09,2026-09-22T15:43:09,2026-09-22T15:43:09
6669,緯穎,2023-05-29,1205.0,35.0,2.99%,86.50999999999999,13.93,1297.65,1557.18,1816.71,2076.24,2335.77,2595.3,ShowDailyK_ChartFlow,FinMind_API_TaiwanStockPrice_6669,True,2026-09-22T15:43:09,2026-09-22T15:43:09,2026-09-22T15:43:09
6669,緯穎,2023-05-30,1195.0,-10.0,-0.83%,86.50999999999999,13.81,1297.65,1557.18,1816.71,2076.24,2335.77,2595.3,ShowDailyK_ChartFlow,FinMind_API_TaiwanStockPrice_6669,True,2026-09-22T15:43:09,2026-09-22T15:43:09,2026-09-22T15:43:09
6669,緯穎,2023-05-31,1160.0,-35.0,-2.93%,86.50999999999999,13.41,1297.65,1557.18,1816.71,2076.24,2335.77,2595.3,ShowDailyK_ChartFlow,FinMind_API_TaiwanStockPrice_6669,True,2026-09-22T15:43:09,2026-09-22T15:43:09,2026-09-22T15:43:09
6669,緯穎,2023-06-01,1165.0,5.0,0.43%,86.50999999999999,13.47,1297.65,1557.18,1816.71,2076.24,2335.77,2595.3,ShowDailyK_ChartFlow,FinMind_API_TaiwanStockPrice_6669,True,2026-09-22T15:43:09,2026-09-22T15:43:09,2026-09-22T15:43:09
6669,緯穎,2023-06-02,1205.0,40.0,3.43%,86.50999999999999,13.93,1297.65,1557.18,1816.71,2076.24,2335.77,2595.3,ShowDailyK_ChartFlow,FinMind_API_TaiwanStockPrice_6669,True,2026-09-22T15:43:09,2026-09-22T15:43:09,2026-09-22T15:43:09
6669,緯穎,2023-06-05,1200.0,-5.0,-0.41%,86.50999999999999,13.87,1297.65,1557.18,1816.71,2076.24,2335.77,2595.3,ShowDailyK_ChartFlow,FinMind_API_TaiwanStockPrice_6669,True,2026-09-22T15:43:09,2026-09-22T15:43:09,2026-09-22T15:43:09
6669,緯穎,2023-06-06,1205.0,5.0,0.42%,86.50999999999999,13.93,1297.65,1557.18,1816.71,2076.24,2335.77,2595.3,ShowDailyK_ChartFlow,FinMind_API_TaiwanStockPrice_6669,True,2026-09-22T15:43:09,2026-09-22T15:43:09,2026-09-22T15:43:09
6669,緯穎,2023-06-07,1200.0,-5.0,-0.41%,86.50999999999999,13.87,1297.65,1557.18,1816.71,2076.24,2335.77,2595.3,ShowDailyK_ChartFlow,FinMind_API_TaiwanStockPrice_6669,True,2026-09-22T15:43:09,2026-09-22T15:43:09,2026-09-22T15:43:09
6669,緯穎,2023-06-08,1140.0,-60.0,-5.00%,86.50999999999999,13.18,1297.65,1557.18,1816.71,2076.24,2335.77,2595.3,ShowDailyK_ChartFlow,FinMind_API_TaiwanStockPrice_6669,True,2026-09-22T15:43:09,2026-09-22T15:43:09,2026-09-22T15:43:09
6669,緯穎,2023-06-09,1160.0,20.0,1.75%,86.50999999999999,13.41,1297.65,1557.18,1816.71,2076.24,2335.77,2595.3,ShowDailyK_ChartFlow,FinMind_API_TaiwanStockPrice_6669,True,2026-09-22T15:43:09,2026-09-22T15:43:09,2026-09-22T15:43:09
6669,緯穎,2023-06-12,1140.0,-20.0,-1.72%,86.50999999999999,13.18,1297.65,1557.18,1816.71,2076.24,2335.77,2595.3,ShowDailyK_ChartFlow,FinMind_API_TaiwanStockPrice_6669,True,2026-09-22T15:43:09,2026-09-22T15:43:09,2026-09-22T15:43:09
6669,緯穎,2023-06-13,1170.0,30.0,2.63%,86.50999999999999,13.52,1297.65,1557.18,1816.71,2076.24,2335.77,2595.3,ShowDailyK_ChartFlow,FinMind_API_TaiwanStockPrice_6669,True,2026-09-22T15:43:09,2026-09-22T15:43:09,2026-09-22T15:43:09
6669,緯穎,2023-06-14,1175.0,5.0,0.43%,86.50999999999999,13.58,1297.65,1557.18,1816.71,2076.24,2335.77,2595.3,ShowDailyK_ChartFlow,FinMind_API_TaiwanStockPrice_6669,True,2026-09-22T15:43:09,2026-09-22T15:43:09,2026-09-22T15:43:09
6669,緯穎,2023-06-15,1200.0,25.0,2.13%,86.50999999999999,13.87,1297.65,1557.18,1816.71,2076.24,2335.77,2595.3,ShowDailyK_ChartFlow,FinMind_API_TaiwanStockPrice_6669,True,2026-09-22T15:43:09,2026-09-22T15:43:09,2026-09-22T15:43:09
6669,緯穎,2023-06-16,1190.0,-10.0,-0.83%,86.50999999999999,13.75,1297.65,1557.18,1816.71,2076.24,2335.77,2595.3,ShowDailyK_ChartFlow,FinMind_API_TaiwanStockPrice_6669,True,2026-09-22T15:43:09,2026-09-22T15:43:09,2026-09-22T15:43:09
6669,緯穎,2023-06-19,1215.0,25.0,2.10%,86.50999999999999,14.04,1297.65,1557.18,1816.71,2076.24,2335.77,2595.3,ShowDailyK_ChartFlow,FinMind_API_TaiwanStockPrice_6669,True,2026-09-22T15:43:09,2026-09-22T15:43:09,2026-09-22T15:43:09
6669,緯穎,2023-06-20,1200.0,-15.0,-1.23%,86.50999999999999,13.87,1297.65,1557.18,1816.71,2076.24,2335.77,2595.3,ShowDailyK_ChartFlow,FinMind_API_TaiwanStockPrice_6669,True,2026-09-22T15:43:09,2026-09-22T15:43:09,2026-09-22T15:43:09
6669,緯穎,2023-06-21,1215.0,15.0,1.25%,86.50999999999999,14.04,1297.65,1557.18,1816.71,2076.24,2335.77,2595.3,ShowDailyK_ChartFlow,FinMind_API_TaiwanStockPrice_6669,True,2026-09-22T15:43:09,2026-09-22T15:43:09,2026-09-22T15:43:09
6669,緯穎,2023-06-26,1225.0,10.0,0.82%,86.50999999999999,14.16,1297.65,1557.18,1816.71,2076.24,2335.77,2595.3,ShowDailyK_ChartFlow,FinMind_API_TaiwanStockPrice_6669,True,2026-09-22T15:43:09,2026-09-22T15:43:09,2026-09-22T15:43:09
6669,緯穎,2023-06-27,1145.0,-80.0,-6.53%,86.50999999999999,13.23,1297.65,1557.18,1816.71,2076.24,2335.77,2595.3,ShowDailyK_ChartFlow,FinMind_API_TaiwanStockPrice_6669,True,2026-09-22T15:43:09,2026-09-22T15:43:09,2026-09-22T15:43:09
6669,緯穎,2023-06-28,1180.0,35.0,3.06%,86.50999999999999,13.64,1297.65,1557.18,1816.71,2076.24,2335.77,2595.3,ShowDailyK_ChartFlow,FinMind_API_TaiwanStockPrice_6669,True,2026-09-22T15:43:09,2026-09-22T15:43:09,2026-09-22T15:43:09
6669,緯穎,2023-06-29,1295.0,115.0,9.75%,86.50999999999999,14.97,1297.65,1557.18,1816.71,2076.24,2335.77,2595.3,ShowDailyK_ChartFlow,FinMind_API_TaiwanStockPrice_6669,True,2026-09-22T15:43:09,2026-09-22T15:43:09,2026-09-22T15:43:09
6669,緯穎,2023-06-30,1420.0,125.0,9.65%,81.09,16.41,1216.35,1459.62,1702.89,1946.16,2189.43,2432.7,ShowDailyK_ChartFlow,FinMind_API_TaiwanStockPrice_6669,True,2026-09-22T15:43:09,2026-09-22T15:43:09,2026-09-22T15:43:09
6669,緯穎,2023-07-03,1495.0,75.0,5.28%,81.09,17.28,1216.35,1459.62,1702.89,1946.16,2189.43,2432.7,ShowDailyK_ChartFlow,FinMind_API_TaiwanStockPrice_6669,True,2026-09-22T15:43:09,2026-09-22T15:43:09,2026-09-22T15:43:09
6669,緯穎,2023-07-04,1515.0,20.0,1.34%,81.09,17.51,1216.35,1459.62,1702.89,1946.16,2189.43,2432.7,ShowDailyK_ChartFlow,FinMind_API_TaiwanStockPrice_6669,True,2026-09-22T15:43:09,2026-09-22T15:43:09,2026-09-22T15:43:09
6669,緯穎,2023-07-05,1495.0,-20.0,-1.32%,81.09,17.28,1216.35,1459.62,1702.89,1946.16,2189.43,2432.7,ShowDailyK_ChartFlow,FinMind_API_TaiwanStockPrice_6669,True,2026-09-22T15:43:09,2026-09-22T15:43:09,2026-09-22T15:43:09
6669,緯穎,2023-07-06,1440.0,-55.0,-3.68%,81.09,16.64,1216.35,1459.62,1702.89,1946.16,2189.43,2432.7,ShowDailyK_ChartFlow,FinMind_API_TaiwanStockPrice_6669,True,2026-09-22T15:43:09,2026-09-22T15:43:09,2026-09-22T15:43:09
6669,緯穎,2023-07-07,1505.0,65.0,4.51%,81.09,17.39,1216.35,1459.62,1702.89,1946.16,2189.43,2432.7,ShowDailyK_ChartFlow,FinMind_API_TaiwanStockPrice_6669,True,2026-09-22T15:43:09,2026-09-22T15:43:09,2026-09-22T15:43:09
6669,緯穎,2023-07-10,1545.0,40.0,2.66%,81.09,17.86,1216.35,1459.62,1702.89,1946.16,2189.43,2432.7,ShowDailyK_ChartFlow,FinMind_API_TaiwanStockPrice_6669,True,2026-09-22T15:43:09,2026-09-22T15:43:09,2026-09-22T15:43:09
6669,緯穎,2023-07-11,1650.0,105.0,6.80%,81.09,19.07,1216.35,1459.62,1702.89,1946.16,2189.43,2432.7,ShowDailyK_ChartFlow,FinMind_API_TaiwanStockPrice_6669,True,2026-09-22T15:43:09,2026-09-22T15:43:09,2026-09-22T15:43:09
6669,緯穎,2023-07-12,1735.0,85.0,5.15%,81.09,20.05,1216.35,1459.62,1702.89,1946.16,2189.43,2432.7,ShowDailyK_ChartFlow,FinMind_API_TaiwanStockPrice_6669,True,2026-09-22T15:43:09,2026-09-22T15:43:09,2026-09-22T15:43:09
6669,緯穎,2023-07-13,1870.0,135.0,7.78%,81.09,21.61,1216.35,1459.62,1702.89,1946.16,2189.43,2432.7,ShowDailyK_ChartFlow,FinMind_API_TaiwanStockPrice_6669,True,2026-09-22T15:43:09,2026-09-22T15:43:09,2026-09-22T15:43:09
6669,緯穎,2023-07-14,1945.0,75.0,4.01%,81.09,22.48,1216.35,1459.62,1702.89,1946.16,2189.43,2432.7,ShowDailyK_ChartFlow,FinMind_API_TaiwanStockPrice_6669,True,2026-09-22T15:43:09,2026-09-22T15:43:09,2026-09-22T15:43:09
6669,緯穎,2023-07-17,1870.0,-75.0,-3.86%,81.09,21.61,1216.35,1459.62,1702.89,1946.16,2189.43,2432.7,ShowDailyK_ChartFlow,FinMind_API_TaiwanStockPrice_6669,True,2026-09-22T15:43:09,2026-09-22T15:43:09,2026-09-22T15:43:09
6669,緯穎,2023-07-18,1845.0,-25.0,-1.34%,81.09,21.32,1216.35,1459.62,1702.89,1946.16,2189.43,2432.7,ShowDailyK_ChartFlow,FinMind_API_TaiwanStockPrice_6669,True,2026-09-22T15:43:09,2026-09-22T15:43:09,2026-09-22T15:43:09
6669,緯穎,2023-07-19,1800.0,-45.0,-2.44%,81.09,20.8,1216.35,1459.62,1702.89,1946.16,2189.43,2432.7,ShowDailyK_ChartFlow,FinMind_API_TaiwanStockPrice_6669,True,2026-09-22T15:43:09,2026-09-22T15:43:09,2026-09-22T15:43:09
6669,緯穎,2023-07-20,1900.0,100.0,5.56%,81.09,21.96,1216.35,1459.62,1702.89,1946.16,2189.43,2432.7,ShowDailyK_ChartFlow,FinMind_API_TaiwanStockPrice_6669,True,2026-09-22T15:43:09,2026-09-22T15:43:09,2026-09-22T15:43:09
6669,緯穎,2023-07-21,2075.0,175.0,9.21%,81.09,23.98,1216.35,1459.62,1702.89,1946.16,2189.43,2432.7,ShowDailyK_ChartFlow,FinMind_API_TaiwanStockPrice_6669,True,2026-09-22T15:43:09,2026-09-22T15:43:09,2026-09-22T15:43:09
6669,緯穎,2023-07-24,2115.0,40.0,1.93%,81.09,24.45,1216.35,1459.62,1702.89,1946.16,2189.43,2432.7,ShowDailyK_ChartFlow,FinMind_API_TaiwanStockPrice_6669,True,2026-09-22T15:43:09,2026-09-22T15:43:09,2026-09-22T15:43:09
6669,緯穎,2023-07-25,2045.0,-70.0,-3.31%,81.09,23.64,1216.35,1459.62,1702.89,1946.16,2189.43,2432.7,ShowDailyK_ChartFlow,FinMind_API_TaiwanStockPrice_6669,True,2026-09-22T15:43:09,2026-09-22T15:43:09,2026-09-22T15:43:09
6669,緯穎,2023-07-26,2030.0,-15.0,-0.73%,81.09,23.46,1216.35,1459.62,1702.89,1946.16,2189.43,2432.7,ShowDailyK_ChartFlow,FinMind_API_TaiwanStockPrice_6669,True,2026-09-22T15:43:09,2026-09-22T15:43:09,2026-09-22T15:43:09
6669,緯穎,2023-07-27,1955.0,-75.0,-3.69%,81.09,22.6,1216.35,1459.62,1702.89,1946.16,2189.43,2432.7,ShowDailyK_ChartFlow,FinMind_API_TaiwanStockPrice_6669,True,2026-09-22T15:43:09,2026-09-22T15:43:09,2026-09-22T15:43:09
6669,緯穎,2023-07-28,1895.0,-60.0,-3.07%,81.09,21.9,1216.35,1459.62,1702.89,1946.16,2189.43,2432.7,ShowDailyK_ChartFlow,FinMind_API_TaiwanStockPrice_6669,True,2026-09-22T15:43:09,2026-09-22T15:43:09,2026-09-22T15:43:09
6669,緯穎,2023-07-31,1780.0,-115.0,-6.07%,81.09,20.57,1216.35,1459.62,1702.89,1946.16,2189.43,2432.7,ShowDailyK_ChartFlow,FinMind_API_TaiwanStockPrice_6669,True,2026-09-22T15:43:09,2026-09-22T15:43:09,2026-09-22T15:43:09
6669,緯穎,2023-08-01,1725.0,-55.0,-3.09%,81.09,19.94,1216.35,1459.62,1702.89,1946.16,2189.43,2432.7,ShowDailyK_ChartFlow,FinMind_API_TaiwanStockPrice_6669,True,2026-09-22T15:43:09,2026-09-22T15:43:09,2026-09-22T15:43:09
6669,緯穎,2023-08-02,1555.0,-170.0,-9.86%,81.09,17.97,1216.35,1459.62,1702.89,1946.16,2189.43,2432.7,ShowDailyK_ChartFlow,FinMind_API_TaiwanStockPrice_6669,True,2026-09-22T15:43:09,2026-09-22T15:43:09,2026-09-22T15:43:09
6669,緯穎,2023-08-04,1555.0,0.0,0.00%,81.09,17.97,1216.35,1459.62,1702.89,1946.16,2189.43,2432.7,ShowDailyK_ChartFlow,FinMind_API_TaiwanStockPrice_6669,True,2026-09-22T15:43:09,2026-09-22T15:43:09,2026-09-22T15:43:09
6669,緯穎,2023-08-07,1665.0,110.0,7.07%,81.09,19.24,1216.35,1459.62,1702.89,1946.16,2189.43,2432.7,ShowDailyK_ChartFlow,FinMind_API_TaiwanStockPrice_6669,True,2026-09-22T15:43:09,2026-09-22T15:43:09,2026-09-22T15:43:09
6669,緯穎,2023-08-08,1755.0,90.0,5.41%,81.09,21.64,1216.35,1459.62,1702.89,1946.16,2189.43,2432.7,ShowDailyK_ChartFlow,FinMind_API_TaiwanStockPrice_6669,True,2026-09-22T15:43:09,2026-09-22T15:43:09,2026-09-22T15:43:09
6669,緯穎,2023-08-09,1690.0,-65.0,-3.70%,81.09,20.84,1216.35,1459.62,1702.89,1946.16,2189.43,2432.7,ShowDailyK_ChartFlow,FinMind_API_TaiwanStockPrice_6669,True,2026-09-22T15:43:09,2026-09-22T15:43:09,2026-09-22T15:43:09
6669,緯穎,2023-08-10,1565.0,-125.0,-7.40%,81.09,19.3,1216.35,1459.62,1702.89,1946.16,2189.43,2432.7,ShowDailyK_ChartFlow,FinMind_API_TaiwanStockPrice_6669,True,2026-09-22T15:43:09,2026-09-22T15:43:09,2026-09-22T15:43:09
6669,緯穎,2023-08-11,1575.0,10.0,0.64%,81.09,19.42,1216.35,1459.62,1702.89,1946.16,2189.43,2432.7,ShowDailyK_ChartFlow,FinMind_API_TaiwanStockPrice_6669,True,2026-09-22T15:43:09,2026-09-22T15:43:09,2026-09-22T15:43:09
6669,緯穎,2023-08-14,1570.0,-5.0,-0.32%,81.09,19.36,1216.35,1459.62,1702.89,1946.16,2189.43,2432.7,ShowDailyK_ChartFlow,FinMind_API_TaiwanStockPrice_6669,True,2026-09-22T15:43:09,2026-09-22T15:43:09,2026-09-22T15:43:09
6669,緯穎,2023-08-15,1635.0,65.0,4.14%,81.09,20.16,1216.35,1459.62,1702.89,1946.16,2189.43,2432.7,ShowDailyK_ChartFlow,FinMind_API_TaiwanStockPrice_6669,True,2026-09-22T15:43:09,2026-09-22T15:43:09,2026-09-22T15:43:09
6669,緯穎,2023-08-16,1710.0,75.0,4.59%,81.09,21.09,1216.35,1459.62,1702.89,1946.16,2189.43,2432.7,ShowDailyK_ChartFlow,FinMind_API_TaiwanStockPrice_6669,True,2026-09-22T15:43:09,2026-09-22T15:43:09,2026-09-22T15:43:09
6669,緯穎,2023-08-17,1700.0,-10.0,-0.58%,81.09,20.96,1216.35,1459.62,1702.89,1946.16,2189.43,2432.7,ShowDailyK_ChartFlow,FinMind_API_TaiwanStockPrice_6669,True,2026-09-22T15:43:09,2026-09-22T15:43:09,2026-09-22T15:43:09
6669,緯穎,2023-08-18,1645.0,-55.0,-3.24%,81.09,20.28,1216.35,1459.62,1702.89,1946.16,2189.43,2432.7,ShowDailyK_ChartFlow,FinMind_API_TaiwanStockPrice_6669,True,2026-09-22T15:43:09,2026-09-22T15:43:09,2026-09-22T15:43:09
6669,緯穎,2023-08-21,1660.0,15.0,0.91%,81.09,20.47,1216.35,1459.62,1702.89,1946.16,2189.43,2432.7,ShowDailyK_ChartFlow,FinMind_API_TaiwanStockPrice_6669,True,2026-09-22T15:43:09,2026-09-22T15:43:09,2026-09-22T15:43:09
6669,緯穎,2023-08-22,1715.0,55.0,3.31%,81.09,21.15,1216.35,1459.62,1702.89,1946.16,2189.43,2432.7,ShowDailyK_ChartFlow,FinMind_API_TaiwanStockPrice_6669,True,2026-09-22T15:43:09,2026-09-22T15:43:09,2026-09-22T15:43:09
6669,緯穎,2023-08-23,1770.0,55.0,3.21%,81.09,21.82,1216.35,1459.62,1702.89,1946.16,2189.43,2432.7,ShowDailyK_ChartFlow,FinMind_API_TaiwanStockPrice_6669,True,2026-09-22T15:43:09,2026-09-22T15:43:09,2026-09-22T15:43:09
6669,緯穎,2023-08-24,1750.0,-20.0,-1.13%,81.09,21.58,1216.35,1459.62,1702.89,1946.16,2189.43,2432.7,ShowDailyK_ChartFlow,FinMind_API_TaiwanStockPrice_6669,True,2026-09-22T15:43:09,2026-09-22T15:43:09,2026-09-22T15:43:09
6669,緯穎,2023-08-25,1610.0,-140.0,-8.00%,81.09,19.85,1216.35,1459.62,1702.89,1946.16,2189.43,2432.7,ShowDailyK_ChartFlow,FinMind_API_TaiwanStockPrice_6669,True,2026-09-22T15:43:09,2026-09-22T15:43:09,2026-09-22T15:43:09
6669,緯穎,2023-08-28,1600.0,-10.0,-0.62%,81.09,19.73,1216.35,1459.62,1702.89,1946.16,2189.43,2432.7,ShowDailyK_ChartFlow,FinMind_API_TaiwanStockPrice_6669,True,2026-09-22T15:43:09,2026-09-22T15:43:09,2026-09-22T15:43:09
6669,緯穎,2023-08-29,1640.0,40.0,2.50%,81.09,20.22,1216.35,1459.62,1702.89,1946.16,2189.43,2432.7,ShowDailyK_ChartFlow,FinMind_API_TaiwanStockPrice_6669,True,2026-09-22T15:43:09,2026-09-22T15:43:09,2026-09-22T15:43:09
6669,緯穎,2023-08-30,1700.0,60.0,3.66%,81.09,20.96,1216.35,1459.62,1702.89,1946.16,2189.43,2432.7,ShowDailyK_ChartFlow,FinMind_API_TaiwanStockPrice_6669,True,2026-09-22T15:43:09,2026-09-22T15:43:09,2026-09-22T15:43:09
6669,緯穎,2023-08-31,1560.0,-140.0,-8.24%,81.09,19.24,1216.35,1459.62,1702.89,1946.16,2189.43,2432.7,ShowDailyK_ChartFlow,FinMind_API_TaiwanStockPrice_6669,True,2026-09-22T15:43:09,2026-09-22T15:43:09,2026-09-22T15:43:09
6669,緯穎,2023-09-01,1510.0,-50.0,-3.21%,81.09,18.62,1216.35,1459.62,1702.89,1946.16,2189.43,2432.7,ShowDailyK_ChartFlow,FinMind_API_TaiwanStockPrice_6669,True,2026-09-22T15:43:09,2026-09-22T15:43:09,2026-09-22T15:43:09
6669,緯穎,2023-09-04,1555.0,45.0,2.98%,81.09,19.17,1216.35,1459.62,1702.89,1946.16,2189.43,2432.7,ShowDailyK_ChartFlow,FinMind_API_TaiwanStockPrice_6669,True,2026-09-22T15:43:09,2026-09-22T15:43:09,2026-09-22T15:43:09
6669,緯穎,2023-09-05,1560.0,5.0,0.32%,81.09,19.24,1216.35,1459.62,1702.89,1946.16,2189.43,2432.7,ShowDailyK_ChartFlow,FinMind_API_TaiwanStockPrice_6669,True,2026-09-22T15:43:09,2026-09-22T15:43:09,2026-09-22T15:43:09
6669,緯穎,2023-09-06,1580.0,20.0,1.28%,81.09,19.48,1216.35,1459.62,1702.89,1946.16,2189.43,2432.7,ShowDailyK_ChartFlow,FinMind_API_TaiwanStockPrice_6669,True,2026-09-22T15:43:09,2026-09-22T15:43:09,2026-09-22T15:43:09
6669,緯穎,2023-09-07,1550.0,-30.0,-1.90%,81.09,19.11,1216.35,1459.62,1702.89,1946.16,2189.43,2432.7,ShowDailyK_ChartFlow,FinMind_API_TaiwanStockPrice_6669,True,2026-09-22T15:43:09,2026-09-22T15:43:09,2026-09-22T15:43:09
6669,緯穎,2023-09-08,1555.0,5.0,0.32%,81.09,19.17,1216.35,1459.62,1702.89,1946.16,2189.43,2432.7,ShowDailyK_ChartFlow,FinMind_API_TaiwanStockPrice_6669,True,2026-09-22T15:43:09,2026-09-22T15:43:09,2026-09-22T15:43:09
6669,緯穎,2023-09-11,1490.0,-65.0,-4.18%,81.09,18.37,1216.35,1459.62,1702.89,1946.16,2189.43,2432.7,ShowDailyK_ChartFlow,FinMind_API_TaiwanStockPrice_6669,True,2026-09-22T15:43:09,2026-09-22T15:43:09,2026-09-22T15:43:09
6669,緯穎,2023-09-12,1450.0,-40.0,-2.68%,81.09,17.88,1216.35,1459.62,1702.89,1946.16,2189.43,2432.7,ShowDailyK_ChartFlow,FinMind_API_TaiwanStockPrice_6669,True,2026-09-22T15:43:09,2026-09-22T15:43:09,2026-09-22T15:43:09
6669,緯穎,2023-09-13,1465.0,15.0,1.03%,81.09,18.06,1216.35,1459.62,1702.89,1946.16,2189.43,2432.7,ShowDailyK_ChartFlow,FinMind_API_TaiwanStockPrice_6669,True,2026-09-22T15:43:09,2026-09-22T15:43:09,2026-09-22T15:43:09
6669,緯穎,2023-09-14,1480.0,15.0,1.02%,81.09,18.25,1216.35,1459.62,1702.89,1946.16,2189.43,2432.7,ShowDailyK_ChartFlow,FinMind_API_TaiwanStockPrice_6669,True,2026-09-22T15:43:09,2026-09-22T15:43:09,2026-09-22T15:43:09
6669,緯穎,2023-09-15,1520.0,40.0,2.70%,81.09,18.74,1216.35,1459.62,1702.89,1946.16,2189.43,2432.7,ShowDailyK_ChartFlow,FinMind_API_TaiwanStockPrice_6669,True,2026-09-22T15:43:09,2026-09-22T15:43:09,2026-09-22T15:43:09
6669,緯穎,2023-09-18,1410.0,-110.0,-7.24%,81.09,17.39,1216.35,1459.62,1702.89,1946.16,2189.43,2432.7,ShowDailyK_ChartFlow,FinMind_API_TaiwanStockPrice_6669,True,2026-09-22T15:43:09,2026-09-22T15:43:09,2026-09-22T15:43:09
6669,緯穎,2023-09-19,1375.0,-35.0,-2.48%,81.09,16.95,1216.35,1459.62,1702.89,1946.16,2189.43,2432.7,ShowDailyK_ChartFlow,FinMind_API_TaiwanStockPrice_6669,True,2026-09-22T15:43:09,2026-09-22T15:43:09,2026-09-22T15:43:09
6669,緯穎,2023-09-20,1365.0,-10.0,-0.73%,81.09,16.83,1216.35,1459.62,1702.89,1946.16,2189.43,2432.7,ShowDailyK_ChartFlow,FinMind_API_TaiwanStockPrice_6669,True,2026-09-22T15:43:09,2026-09-22T15:43:09,2026-09-22T15:43:09
6669,緯穎,2023-09-21,1380.0,15.0,1.10%,81.09,17.02,1216.35,1459.62,1702.89,1946.16,2189.43,2432.7,ShowDailyK_ChartFlow,FinMind_API_TaiwanStockPrice_6669,True,2026-09-22T15:43:09,2026-09-22T15:43:09,2026-09-22T15:43:09
6669,緯穎,2023-09-22,1440.0,60.0,4.35%,81.09,17.76,1216.35,1459.62,1702.89,1946.16,2189.43,2432.7,ShowDailyK_ChartFlow,FinMind_API_TaiwanStockPrice_6669,True,2026-09-22T15:43:09,2026-09-22T15:43:09,2026-09-22T15:43:09
6669,緯穎,2023-09-25,1450.0,10.0,0.69%,81.09,17.88,1216.35,1459.62,1702.89,1946.16,2189.43,2432.7,ShowDailyK_ChartFlow,FinMind_API_TaiwanStockPrice_6669,True,2026-09-22T15:43:09,2026-09-22T15:43:09,2026-09-22T15:43:09
6669,緯穎,2023-09-26,1435.0,-15.0,-1.03%,81.09,17.69,1216.35,1459.62,1702.89,1946.16,2189.43,2432.7,ShowDailyK_ChartFlow,FinMind_API_TaiwanStockPrice_6669,True,2026-09-22T15:43:09,2026-09-22T15:43:09,2026-09-22T15:43:09
6669,緯穎,2023-09-27,1470.0,35.0,2.44%,81.09,18.13,1216.35,1459.62,1702.89,1946.16,2189.43,2432.7,ShowDailyK_ChartFlow,FinMind_API_TaiwanStockPrice_6669,True,2026-09-22T15:43:09,2026-09-22T15:43:09,2026-09-22T15:43:09
6669,緯穎,2023-09-28,1495.0,25.0,1.70%,81.09,18.43,1216.35,1459.62,1702.89,1946.16,2189.43,2432.7,ShowDailyK_ChartFlow,FinMind_API_TaiwanStockPrice_6669,True,2026-09-22T15:43:09,2026-09-22T15:43:09,2026-09-22T15:43:09
6669,緯穎,2023-10-02,1640.0,145.0,9.70%,71.37,20.22,1070.55,1284.66,1498.77,1712.88,1926.99,2141.1,ShowDailyK_ChartFlow,FinMind_API_TaiwanStockPrice_6669,True,2026-09-22T15:43:09,2026-09-22T15:43:09,2026-09-22T15:43:09
6669,緯穎,2023-10-03,1595.0,-45.0,-2.74%,71.37,19.67,1070.55,1284.66,1498.77,1712.88,1926.99,2141.1,ShowDailyK_ChartFlow,FinMind_API_TaiwanStockPrice_6669,True,2026-09-22T15:43:09,2026-09-22T15:43:09,2026-09-22T15:43:09
6669,緯穎,2023-10-04,1590.0,-5.0,-0.31%,71.37,19.61,1070.55,1284.66,1498.77,1712.88,1926.99,2141.1,ShowDailyK_ChartFlow,FinMind_API_TaiwanStockPrice_6669,True,2026-09-22T15:43:09,2026-09-22T15:43:09,2026-09-22T15:43:09
6669,緯穎,2023-10-05,1620.0,30.0,1.89%,71.37,19.98,1070.55,1284.66,1498.77,1712.88,1926.99,2141.1,ShowDailyK_ChartFlow,FinMind_API_TaiwanStockPrice_6669,True,2026-09-22T15:43:09,2026-09-22T15:43:09,2026-09-22T15:43:09
6669,緯穎,2023-10-06,1660.0,40.0,2.47%,71.37,20.47,1070.55,1284.66,1498.77,1712.88,1926.99,2141.1,ShowDailyK_ChartFlow,FinMind_API_TaiwanStockPrice_6669,True,2026-09-22T15:43:09,2026-09-22T15:43:09,2026-09-22T15:43:09
6669,緯穎,2023-10-11,1625.0,-35.0,-2.11%,71.37,20.04,1070.55,1284.66,1498.77,1712.88,1926.99,2141.1,ShowDailyK_ChartFlow,FinMind_API_TaiwanStockPrice_6669,True,2026-09-22T15:43:09,2026-09-22T15:43:09,2026-09-22T15:43:09
6669,緯穎,2023-10-12,1670.0,45.0,2.77%,71.37,20.59,1070.55,1284.66,1498.77,1712.88,1926.99,2141.1,ShowDailyK_ChartFlow,FinMind_API_TaiwanStockPrice_6669,True,2026-09-22T15:43:09,2026-09-22T15:43:09,2026-09-22T15:43:09
6669,緯穎,2023-10-13,1645.0,-25.0,-1.50%,71.37,20.28,1070.55,1284.66,1498.77,1712.88,1926.99,2141.1,ShowDailyK_ChartFlow,FinMind_API_TaiwanStockPrice_6669,True,2026-09-22T15:43:09,2026-09-22T15:43:09,2026-09-22T15:43:09
6669,緯穎,2023-10-16,1590.0,-55.0,-3.34%,71.37,19.61,1070.55,1284.66,1498.77,1712.88,1926.99,2141.1,ShowDailyK_ChartFlow,FinMind_API_TaiwanStockPrice_6669,True,2026-09-22T15:43:09,2026-09-22T15:43:09,2026-09-22T15:43:09
6669,緯穎,2023-10-17,1495.0,-95.0,-5.97%,71.37,18.43,1070.55,1284.66,1498.77,1712.88,1926.99,2141.1,ShowDailyK_ChartFlow,FinMind_API_TaiwanStockPrice_6669,True,2026-09-22T15:43:09,2026-09-22T15:43:09,2026-09-22T15:43:09
6669,緯穎,2023-10-18,1445.0,-50.0,-3.34%,71.37,17.82,1070.55,1284.66,1498.77,1712.88,1926.99,2141.1,ShowDailyK_ChartFlow,FinMind_API_TaiwanStockPrice_6669,True,2026-09-22T15:43:09,2026-09-22T15:43:09,2026-09-22T15:43:09
6669,緯穎,2023-10-19,1465.0,20.0,1.38%,71.37,18.06,1070.55,1284.66,1498.77,1712.88,1926.99,2141.1,ShowDailyK_ChartFlow,FinMind_API_TaiwanStockPrice_6669,True,2026-09-22T15:43:09,2026-09-22T15:43:09,2026-09-22T15:43:09
6669,緯穎,2023-10-20,1515.0,50.0,3.41%,71.37,18.68,1070.55,1284.66,1498.77,1712.88,1926.99,2141.1,ShowDailyK_ChartFlow,FinMind_API_TaiwanStockPrice_6669,True,2026-09-22T15:43:09,2026-09-22T15:43:09,2026-09-22T15:43:09
6669,緯穎,2023-10-23,1515.0,0.0,0.00%,71.37,18.68,1070.55,1284.66,1498.77,1712.88,1926.99,2141.1,ShowDailyK_ChartFlow,FinMind_API_TaiwanStockPrice_6669,True,2026-09-22T15:43:09,2026-09-22T15:43:09,2026-09-22T15:43:09
6669,緯穎,2023-10-24,1665.0,150.0,9.90%,71.37,20.53,1070.55,1284.66,1498.77,1712.88,1926.99,2141.1,ShowDailyK_ChartFlow,FinMind_API_TaiwanStockPrice_6669,True,2026-09-22T15:43:09,2026-09-22T15:43:09,2026-09-22T15:43:09
6669,緯穎,2023-10-25,1655.0,-10.0,-0.60%,71.37,20.41,1070.55,1284.66,1498.77,1712.88,1926.99,2141.1,ShowDailyK_ChartFlow,FinMind_API_TaiwanStockPrice_6669,True,2026-09-22T15:43:09,2026-09-22T15:43:09,2026-09-22T15:43:09
6669,緯穎,2023-10-26,1585.0,-70.0,-4.23%,71.37,19.54,1070.55,1284.66,1498.77,1712.88,1926.99,2141.1,ShowDailyK_ChartFlow,FinMind_API_TaiwanStockPrice_6669,True,2026-09-22T15:43:09,2026-09-22T15:43:09,2026-09-22T15:43:09
6669,緯穎,2023-10-27,1645.0,60.0,3.79%,71.37,20.28,1070.55,1284.66,1498.77,1712.88,1926.99,2141.1,ShowDailyK_ChartFlow,FinMind_API_TaiwanStockPrice_6669,True,2026-09-22T15:43:09,2026-09-22T15:43:09,2026-09-22T15:43:09
6669,緯穎,2023-10-30,1620.0,-25.0,-1.52%,71.37,19.98,1070.55,1284.66,1498.77,1712.88,1926.99,2141.1,ShowDailyK_ChartFlow,FinMind_API_TaiwanStockPrice_6669,True,2026-09-22T15:43:09,2026-09-22T15:43:09,2026-09-22T15:43:09
6669,緯穎,2023-10-31,1520.0,-100.0,-6.17%,71.37,18.74,1070.55,1284.66,1498.77,1712.88,1926.99,2141.1,ShowDailyK_ChartFlow,FinMind_API_TaiwanStockPrice_6669,True,2026-09-22T15:43:09,2026-09-22T15:43:09,2026-09-22T15:43:09
6669,緯穎,2023-11-01,1515.0,-5.0,-0.33%,71.37,18.68,1070.55,1284.66,1498.77,1712.88,1926.99,2141.1,ShowDailyK_ChartFlow,FinMind_API_TaiwanStockPrice_6669,True,2026-09-22T15:43:09,2026-09-22T15:43:09,2026-09-22T15:43:09
6669,緯穎,2023-11-02,1580.0,65.0,4.29%,71.37,19.48,1070.55,1284.66,1498.77,1712.88,1926.99,2141.1,ShowDailyK_ChartFlow,FinMind_API_TaiwanStockPrice_6669,True,2026-09-22T15:43:09,2026-09-22T15:43:09,2026-09-22T15:43:09
6669,緯穎,2023-11-03,1690.0,110.0,6.96%,71.37,20.84,1070.55,1284.66,1498.77,1712.88,1926.99,2141.1,ShowDailyK_ChartFlow,FinMind_API_TaiwanStockPrice_6669,True,2026-09-22T15:43:09,2026-09-22T15:43:09,2026-09-22T15:43:09
6669,緯穎,2023-11-06,1760.0,70.0,4.14%,71.37,21.7,1070.55,1284.66,1498.77,1712.88,1926.99,2141.1,ShowDailyK_ChartFlow,FinMind_API_TaiwanStockPrice_6669,True,2026-09-22T15:43:09,2026-09-22T15:43:09,2026-09-22T15:43:09
6669,緯穎,2023-11-07,1770.0,10.0,0.57%,71.37,24.8,1070.55,1284.66,1498.77,1712.88,1926.99,2141.1,ShowDailyK_ChartFlow,FinMind_API_TaiwanStockPrice_6669,True,2026-09-22T15:43:09,2026-09-22T15:43:09,2026-09-22T15:43:09
6669,緯穎,2023-11-08,1805.0,35.0,1.98%,71.37,25.29,1070.55,1284.66,1498.77,1712.88,1926.99,2141.1,ShowDailyK_ChartFlow,FinMind_API_TaiwanStockPrice_6669,True,2026-09-22T15:43:09,2026-09-22T15:43:09,2026-09-22T15:43:09
6669,緯穎,2023-11-09,1785.0,-20.0,-1.11%,71.37,25.01,1070.55,1284.66,1498.77,1712.88,1926.99,2141.1,ShowDailyK_ChartFlow,FinMind_API_TaiwanStockPrice_6669,True,2026-09-22T15:43:09,2026-09-22T15:43:09,2026-09-22T15:43:09
6669,緯穎,2023-11-10,1810.0,25.0,1.40%,71.37,25.36,1070.55,1284.66,1498.77,1712.88,1926.99,2141.1,ShowDailyK_ChartFlow,FinMind_API_TaiwanStockPrice_6669,True,2026-09-22T15:43:09,2026-09-22T15:43:09,2026-09-22T15:43:09
6669,緯穎,2023-11-13,1940.0,130.0,7.18%,71.37,27.18,1070.55,1284.66,1498.77,1712.88,1926.99,2141.1,ShowDailyK_ChartFlow,FinMind_API_TaiwanStockPrice_6669,True,2026-09-22T15:43:09,2026-09-22T15:43:09,2026-09-22T15:43:09
6669,緯穎,2023-11-14,1890.0,-50.0,-2.58%,71.37,26.48,1070.55,1284.66,1498.77,1712.88,1926.99,2141.1,ShowDailyK_ChartFlow,FinMind_API_TaiwanStockPrice_6669,True,2026-09-22T15:43:09,2026-09-22T15:43:09,2026-09-22T15:43:09
6669,緯穎,2023-11-15,1870.0,-20.0,-1.06%,71.37,26.2,1070.55,1284.66,1498.77,1712.88,1926.99,2141.1,ShowDailyK_ChartFlow,FinMind_API_TaiwanStockPrice_6669,True,2026-09-22T15:43:09,2026-09-22T15:43:09,2026-09-22T15:43:09
6669,緯穎,2023-11-16,1835.0,-35.0,-1.87%,71.37,25.71,1070.55,1284.66,1498.77,1712.88,1926.99,2141.1,ShowDailyK_ChartFlow,FinMind_API_TaiwanStockPrice_6669,True,2026-09-22T15:43:09,2026-09-22T15:43:09,2026-09-22T15:43:09
6669,緯穎,2023-11-17,1830.0,-5.0,-0.27%,71.37,25.64,1070.55,1284.66,1498.77,1712.88,1926.99,2141.1,ShowDailyK_ChartFlow,FinMind_API_TaiwanStockPrice_6669,True,2026-09-22T15:43:09,2026-09-22T15:43:09,2026-09-22T15:43:09
6669,緯穎,2023-11-20,1845.0,15.0,0.82%,71.37,25.85,1070.55,1284.66,1498.77,1712.88,1926.99,2141.1,ShowDailyK_ChartFlow,FinMind_API_TaiwanStockPrice_6669,True,2026-09-22T15:43:09,2026-09-22T15:43:09,2026-09-22T15:43:09
6669,緯穎,2023-11-21,1870.0,25.0,1.36%,71.37,26.2,1070.55,1284.66,1498.77,1712.88,1926.99,2141.1,ShowDailyK_ChartFlow,FinMind_API_TaiwanStockPrice_6669,True,2026-09-22T15:43:09,2026-09-22T15:43:09,2026-09-22T15:43:09
6669,緯穎,2023-11-22,1825.0,-45.0,-2.41%,71.37,25.57,1070.55,1284.66,1498.77,1712.88,1926.99,2141.1,ShowDailyK_ChartFlow,FinMind_API_TaiwanStockPrice_6669,True,2026-09-22T15:43:09,2026-09-22T15:43:09,2026-09-22T15:43:09
6669,緯穎,2023-11-23,1785.0,-40.0,-2.19%,71.37,25.01,1070.55,1284.66,1498.77,1712.88,1926.99,2141.1,ShowDailyK_ChartFlow,FinMind_API_TaiwanStockPrice_6669,True,2026-09-22T15:43:09,2026-09-22T15:43:09,2026-09-22T15:43:09
6669,緯穎,2023-11-24,1750.0,-35.0,-1.96%,71.37,24.52,1070.55,1284.66,1498.77,1712.88,1926.99,2141.1,ShowDailyK_ChartFlow,FinMind_API_TaiwanStockPrice_6669,True,2026-09-22T15:43:09,2026-09-22T15:43:09,2026-09-22T15:43:09
6669,緯穎,2023-11-27,1690.0,-60.0,-3.43%,71.37,23.68,1070.55,1284.66,1498.77,1712.88,1926.99,2141.1,ShowDailyK_ChartFlow,FinMind_API_TaiwanStockPrice_6669,True,2026-09-22T15:43:09,2026-09-22T15:43:09,2026-09-22T15:43:09
6669,緯穎,2023-11-28,1730.0,40.0,2.37%,71.37,24.24,1070.55,1284.66,1498.77,1712.88,1926.99,2141.1,ShowDailyK_ChartFlow,FinMind_API_TaiwanStockPrice_6669,True,2026-09-22T15:43:09,2026-09-22T15:43:09,2026-09-22T15:43:09
6669,緯穎,2023-11-29,1780.0,50.0,2.89%,71.37,24.94,1070.55,1284.66,1498.77,1712.88,1926.99,2141.1,ShowDailyK_ChartFlow,FinMind_API_TaiwanStockPrice_6669,True,2026-09-22T15:43:09,2026-09-22T15:43:09,2026-09-22T15:43:09
6669,緯穎,2023-11-30,1760.0,-20.0,-1.12%,71.37,24.66,1070.55,1284.66,1498.77,1712.88,1926.99,2141.1,ShowDailyK_ChartFlow,FinMind_API_TaiwanStockPrice_6669,True,2026-09-22T15:43:09,2026-09-22T15:43:09,2026-09-22T15:43:09
6669,緯穎,2023-12-01,1805.0,45.0,2.56%,71.37,25.29,1070.55,1284.66,1498.77,1712.88,1926.99,2141.1,ShowDailyK_ChartFlow,FinMind_API_TaiwanStockPrice_6669,True,2026-09-22T15:43:09,2026-09-22T15:43:09,2026-09-22T15:43:09
6669,緯穎,2023-12-04,1710.0,-95.0,-5.26%,71.37,23.96,1070.55,1284.66,1498.77,1712.88,1926.99,2141.1,ShowDailyK_ChartFlow,FinMind_API_TaiwanStockPrice_6669,True,2026-09-22T15:43:09,2026-09-22T15:43:09,2026-09-22T15:43:09
6669,緯穎,2023-12-05,1680.0,-30.0,-1.75%,71.37,23.54,1070.55,1284.66,1498.77,1712.88,1926.99,2141.1,ShowDailyK_ChartFlow,FinMind_API_TaiwanStockPrice_6669,True,2026-09-22T15:43:09,2026-09-22T15:43:09,2026-09-22T15:43:09
6669,緯穎,2023-12-06,1725.0,45.0,2.68%,71.37,24.17,1070.55,1284.66,1498.77,1712.88,1926.99,2141.1,ShowDailyK_ChartFlow,FinMind_API_TaiwanStockPrice_6669,True,2026-09-22T15:43:09,2026-09-22T15:43:09,2026-09-22T15:43:09
6669,緯穎,2023-12-07,1730.0,5.0,0.29%,71.37,24.24,1070.55,1284.66,1498.77,1712.88,1926.99,2141.1,ShowDailyK_ChartFlow,FinMind_API_TaiwanStockPrice_6669,True,2026-09-22T15:43:09,2026-09-22T15:43:09,2026-09-22T15:43:09
6669,緯穎,2023-12-08,1750.0,20.0,1.16%,71.37,24.52,1070.55,1284.66,1498.77,1712.88,1926.99,2141.1,ShowDailyK_ChartFlow,FinMind_API_TaiwanStockPrice_6669,True,2026-09-22T15:43:09,2026-09-22T15:43:09,2026-09-22T15:43:09
6669,緯穎,2023-12-11,1750.0,0.0,0.00%,71.37,24.52,1070.55,1284.66,1498.77,1712.88,1926.99,2141.1,ShowDailyK_ChartFlow,FinMind_API_TaiwanStockPrice_6669,True,2026-09-22T15:43:09,2026-09-22T15:43:09,2026-09-22T15:43:09
6669,緯穎,2023-12-12,1755.0,5.0,0.29%,71.37,24.59,1070.55,1284.66,1498.77,1712.88,1926.99,2141.1,ShowDailyK_ChartFlow,FinMind_API_TaiwanStockPrice_6669,True,2026-09-22T15:43:09,2026-09-22T15:43:09,2026-09-22T15:43:09
6669,緯穎,2023-12-13,1735.0,-20.0,-1.14%,71.37,24.31,1070.55,1284.66,1498.77,1712.88,1926.99,2141.1,ShowDailyK_ChartFlow,FinMind_API_TaiwanStockPrice_6669,True,2026-09-22T15:43:09,2026-09-22T15:43:09,2026-09-22T15:43:09
6669,緯穎,2023-12-14,1725.0,-10.0,-0.58%,71.37,24.17,1070.55,1284.66,1498.77,1712.88,1926.99,2141.1,ShowDailyK_ChartFlow,FinMind_API_TaiwanStockPrice_6669,True,2026-09-22T15:43:09,2026-09-22T15:43:09,2026-09-22T15:43:09
6669,緯穎,2023-12-15,1740.0,15.0,0.87%,71.37,24.38,1070.55,1284.66,1498.77,1712.88,1926.99,2141.1,ShowDailyK_ChartFlow,FinMind_API_TaiwanStockPrice_6669,True,2026-09-22T15:43:09,2026-09-22T15:43:09,2026-09-22T15:43:09
6669,緯穎,2023-12-18,1735.0,-5.0,-0.29%,71.37,24.31,1070.55,1284.66,1498.77,1712.88,1926.99,2141.1,ShowDailyK_ChartFlow,FinMind_API_TaiwanStockPrice_6669,True,2026-09-22T15:43:09,2026-09-22T15:43:09,2026-09-22T15:43:09
6669,緯穎,2023-12-19,1690.0,-45.0,-2.59%,71.37,23.68,1070.55,1284.66,1498.77,1712.88,1926.99,2141.1,ShowDailyK_ChartFlow,FinMind_API_TaiwanStockPrice_6669,True,2026-09-22T15:43:09,2026-09-22T15:43:09,2026-09-22T15:43:09
6669,緯穎,2023-12-20,1735.0,45.0,2.66%,71.37,24.31,1070.55,1284.66,1498.77,1712.88,1926.99,2141.1,ShowDailyK_ChartFlow,FinMind_API_TaiwanStockPrice_6669,True,2026-09-22T15:43:09,2026-09-22T15:43:09,2026-09-22T15:43:09
6669,緯穎,2023-12-21,1825.0,90.0,5.19%,71.37,25.57,1070.55,1284.66,1498.77,1712.88,1926.99,2141.1,ShowDailyK_ChartFlow,FinMind_API_TaiwanStockPrice_6669,True,2026-09-22T15:43:09,2026-09-22T15:43:09,2026-09-22T15:43:09
6669,緯穎,2023-12-22,1840.0,15.0,0.82%,71.37,25.78,1070.55,1284.66,1498.77,1712.88,1926.99,2141.1,ShowDailyK_ChartFlow,FinMind_API_TaiwanStockPrice_6669,True,2026-09-22T15:43:09,2026-09-22T15:43:09,2026-09-22T15:43:09
6669,緯穎,2023-12-25,1825.0,-15.0,-0.82%,71.37,25.57,1070.55,1284.66,1498.77,1712.88,1926.99,2141.1,ShowDailyK_ChartFlow,FinMind_API_TaiwanStockPrice_6669,True,2026-09-22T15:43:09,2026-09-22T15:43:09,2026-09-22T15:43:09
6669,緯穎,2023-12-26,1835.0,10.0,0.55%,71.37,25.71,1070.55,1284.66,1498.77,1712.88,1926.99,2141.1,ShowDailyK_ChartFlow,FinMind_API_TaiwanStockPrice_6669,True,2026-09-22T15:43:09,2026-09-22T15:43:09,2026-09-22T15:43:09
6669,緯穎,2023-12-27,1825.0,-10.0,-0.54%,71.37,25.57,1070.55,1284.66,1498.77,1712.88,1926.99,2141.1,ShowDailyK_ChartFlow,FinMind_API_TaiwanStockPrice_6669,True,2026-09-22T15:43:09,2026-09-22T15:43:09,2026-09-22T15:43:09
6669,緯穎,2023-12-28,1820.0,-5.0,-0.27%,71.37,25.5,1070.55,1284.66,1498.77,1712.88,1926.99,2141.1,ShowDailyK_ChartFlow,FinMind_API_TaiwanStockPrice_6669,True,2026-09-22T15:43:09,2026-09-22T15:43:09,2026-09-22T15:43:09
6669,緯穎,2023-12-29,1825.0,5.0,0.27%,71.37,25.57,1070.55,1284.66,1498.77,1712.88,1926.99,2141.1,ShowDailyK_ChartFlow,FinMind_API_TaiwanStockPrice_6669,True,2026-09-22T15:43:09,2026-09-22T15:43:09,2026-09-22T15:43:09
6669,緯穎,2024-01-02,1760.0,-65.0,-3.56%,68.88,24.66,1033.2,1239.84,1446.48,1653.12,1859.76,2066.4,ShowDailyK_ChartFlow,FinMind_API_TaiwanStockPrice_6669,True,2026-09-22T15:43:09,2026-09-22T15:43:09,2026-09-22T15:43:09
6669,緯穎,2024-01-03,1695.0,-65.0,-3.69%,68.88,23.75,1033.2,1239.84,1446.48,1653.12,1859.76,2066.4,ShowDailyK_ChartFlow,FinMind_API_TaiwanStockPrice_6669,True,2026-09-22T15:43:09,2026-09-22T15:43:09,2026-09-22T15:43:09
6669,緯穎,2024-01-04,1665.0,-30.0,-1.77%,68.88,23.33,1033.2,1239.84,1446.48,1653.12,1859.76,2066.4,ShowDailyK_ChartFlow,FinMind_API_TaiwanStockPrice_6669,True,2026-09-22T15:43:09,2026-09-22T15:43:09,2026-09-22T15:43:09
6669,緯穎,2024-01-05,1710.0,45.0,2.70%,68.88,23.96,1033.2,1239.84,1446.48,1653.12,1859.76,2066.4,ShowDailyK_ChartFlow,FinMind_API_TaiwanStockPrice_6669,True,2026-09-22T15:43:09,2026-09-22T15:43:09,2026-09-22T15:43:09
6669,緯穎,2024-01-08,1690.0,-20.0,-1.17%,68.88,23.68,1033.2,1239.84,1446.48,1653.12,1859.76,2066.4,ShowDailyK_ChartFlow,FinMind_API_TaiwanStockPrice_6669,True,2026-09-22T15:43:09,2026-09-22T15:43:09,2026-09-22T15:43:09
6669,緯穎,2024-01-09,1715.0,25.0,1.48%,68.88,24.03,1033.2,1239.84,1446.48,1653.12,1859.76,2066.4,ShowDailyK_ChartFlow,FinMind_API_TaiwanStockPrice_6669,True,2026-09-22T15:43:09,2026-09-22T15:43:09,2026-09-22T15:43:09
6669,緯穎,2024-01-10,1770.0,55.0,3.21%,68.88,24.8,1033.2,1239.84,1446.48,1653.12,1859.76,2066.4,ShowDailyK_ChartFlow,FinMind_API_TaiwanStockPrice_6669,True,2026-09-22T15:43:09,2026-09-22T15:43:09,2026-09-22T15:43:09
6669,緯穎,2024-01-11,1910.0,140.0,7.91%,68.88,26.76,1033.2,1239.84,1446.48,1653.12,1859.76,2066.4,ShowDailyK_ChartFlow,FinMind_API_TaiwanStockPrice_6669,True,2026-09-22T15:43:09,2026-09-22T15:43:09,2026-09-22T15:43:09
6669,緯穎,2024-01-12,1905.0,-5.0,-0.26%,68.88,26.69,1033.2,1239.84,1446.48,1653.12,1859.76,2066.4,ShowDailyK_ChartFlow,FinMind_API_TaiwanStockPrice_6669,True,2026-09-22T15:43:09,2026-09-22T15:43:09,2026-09-22T15:43:09
6669,緯穎,2024-01-15,1865.0,-40.0,-2.10%,68.88,26.13,1033.2,1239.84,1446.48,1653.12,1859.76,2066.4,ShowDailyK_ChartFlow,FinMind_API_TaiwanStockPrice_6669,True,2026-09-22T15:43:09,2026-09-22T15:43:09,2026-09-22T15:43:09
6669,緯穎,2024-01-16,1910.0,45.0,2.41%,68.88,26.76,1033.2,1239.84,1446.48,1653.12,1859.76,2066.4,ShowDailyK_ChartFlow,FinMind_API_TaiwanStockPrice_6669,True,2026-09-22T15:43:09,2026-09-22T15:43:09,2026-09-22T15:43:09
6669,緯穎,2024-01-17,1885.0,-25.0,-1.31%,68.88,26.41,1033.2,1239.84,1446.48,1653.12,1859.76,2066.4,ShowDailyK_ChartFlow,FinMind_API_TaiwanStockPrice_6669,True,2026-09-22T15:43:09,2026-09-22T15:43:09,2026-09-22T15:43:09
6669,緯穎,2024-01-18,1880.0,-5.0,-0.27%,68.88,26.34,1033.2,1239.84,1446.48,1653.12,1859.76,2066.4,ShowDailyK_ChartFlow,FinMind_API_TaiwanStockPrice_6669,True,2026-09-22T15:43:09,2026-09-22T15:43:09,2026-09-22T15:43:09
6669,緯穎,2024-01-19,1990.0,110.0,5.85%,68.88,27.88,1033.2,1239.84,1446.48,1653.12,1859.76,2066.4,ShowDailyK_ChartFlow,FinMind_API_TaiwanStockPrice_6669,True,2026-09-22T15:43:09,2026-09-22T15:43:09,2026-09-22T15:43:09
6669,緯穎,2024-01-22,2185.0,195.0,9.80%,68.88,30.61,1033.2,1239.84,1446.48,1653.12,1859.76,2066.4,ShowDailyK_ChartFlow,FinMind_API_TaiwanStockPrice_6669,True,2026-09-22T15:43:09,2026-09-22T15:43:09,2026-09-22T15:43:09
6669,緯穎,2024-01-23,2220.0,35.0,1.60%,68.88,31.1,1033.2,1239.84,1446.48,1653.12,1859.76,2066.4,ShowDailyK_ChartFlow,FinMind_API_TaiwanStockPrice_6669,True,2026-09-22T15:43:09,2026-09-22T15:43:09,2026-09-22T15:43:09
6669,緯穎,2024-01-24,2125.0,-95.0,-4.28%,68.88,29.77,1033.2,1239.84,1446.48,1653.12,1859.76,2066.4,ShowDailyK_ChartFlow,FinMind_API_TaiwanStockPrice_6669,True,2026-09-22T15:43:09,2026-09-22T15:43:09,2026-09-22T15:43:09
6669,緯穎,2024-01-25,2095.0,-30.0,-1.41%,68.88,29.35,1033.2,1239.84,1446.48,1653.12,1859.76,2066.4,ShowDailyK_ChartFlow,FinMind_API_TaiwanStockPrice_6669,True,2026-09-22T15:43:09,2026-09-22T15:43:09,2026-09-22T15:43:09
6669,緯穎,2024-01-26,2080.0,-15.0,-0.72%,68.88,29.14,1033.2,1239.84,1446.48,1653.12,1859.76,2066.4,ShowDailyK_ChartFlow,FinMind_API_TaiwanStockPrice_6669,True,2026-09-22T15:43:09,2026-09-22T15:43:09,2026-09-22T15:43:09
6669,緯穎,2024-01-29,2190.0,110.0,5.29%,68.88,30.68,1033.2,1239.84,1446.48,1653.12,1859.76,2066.4,ShowDailyK_ChartFlow,FinMind_API_TaiwanStockPrice_6669,True,2026-09-22T15:43:09,2026-09-22T15:43:09,2026-09-22T15:43:09
6669,緯穎,2024-01-30,2235.0,45.0,2.05%,68.88,31.31,1033.2,1239.84,1446.48,1653.12,1859.76,2066.4,ShowDailyK_ChartFlow,FinMind_API_TaiwanStockPrice_6669,True,2026-09-22T15:43:09,2026-09-22T15:43:09,2026-09-22T15:43:09
6669,緯穎,2024-01-31,2200.0,-35.0,-1.57%,68.88,30.82,1033.2,1239.84,1446.48,1653.12,1859.76,2066.4,ShowDailyK_ChartFlow,FinMind_API_TaiwanStockPrice_6669,True,2026-09-22T15:43:09,2026-09-22T15:43:09,2026-09-22T15:43:09
6669,緯穎,2024-02-01,2170.0,-30.0,-1.36%,68.88,30.4,1033.2,1239.84,1446.48,1653.12,1859.76,2066.4,ShowDailyK_ChartFlow,FinMind_API_TaiwanStockPrice_6669,True,2026-09-22T15:43:09,2026-09-22T15:43:09,2026-09-22T15:43:09
6669,緯穎,2024-02-02,2310.0,140.0,6.45%,68.88,32.36,1033.2,1239.84,1446.48,1653.12,1859.76,2066.4,ShowDailyK_ChartFlow,FinMind_API_TaiwanStockPrice_6669,True,2026-09-22T15:43:09,2026-09-22T15:43:09,2026-09-22T15:43:09
6669,緯穎,2024-02-05,2265.0,-45.0,-1.95%,68.88,31.73,1033.2,1239.84,1446.48,1653.12,1859.76,2066.4,ShowDailyK_ChartFlow,FinMind_API_TaiwanStockPrice_6669,True,2026-09-22T15:43:09,2026-09-22T15:43:09,2026-09-22T15:43:09
6669,緯穎,2024-02-15,2345.0,80.0,3.53%,68.88,32.85,1033.2,1239.84,1446.48,1653.12,1859.76,2066.4,ShowDailyK_ChartFlow,FinMind_API_TaiwanStockPrice_6669,True,2026-09-22T15:43:09,2026-09-22T15:43:09,2026-09-22T15:43:09
6669,緯穎,2024-02-16,2285.0,-60.0,-2.56%,68.88,32.01,1033.2,1239.84,1446.48,1653.12,1859.76,2066.4,ShowDailyK_ChartFlow,FinMind_API_TaiwanStockPrice_6669,True,2026-09-22T15:43:09,2026-09-22T15:43:09,2026-09-22T15:43:09
6669,緯穎,2024-02-19,2250.0,-35.0,-1.53%,68.88,31.52,1033.2,1239.84,1446.48,1653.12,1859.76,2066.4,ShowDailyK_ChartFlow,FinMind_API_TaiwanStockPrice_6669,True,2026-09-22T15:43:09,2026-09-22T15:43:09,2026-09-22T15:43:09
6669,緯穎,2024-02-20,2205.0,-45.0,-2.00%,68.88,30.89,1033.2,1239.84,1446.48,1653.12,1859.76,2066.4,ShowDailyK_ChartFlow,FinMind_API_TaiwanStockPrice_6669,True,2026-09-22T15:43:09,2026-09-22T15:43:09,2026-09-22T15:43:09
6669,緯穎,2024-02-21,2155.0,-50.0,-2.27%,68.88,30.19,1033.2,1239.84,1446.48,1653.12,1859.76,2066.4,ShowDailyK_ChartFlow,FinMind_API_TaiwanStockPrice_6669,True,2026-09-22T15:43:09,2026-09-22T15:43:09,2026-09-22T15:43:09
6669,緯穎,2024-02-22,2115.0,-40.0,-1.86%,68.88,29.63,1033.2,1239.84,1446.48,1653.12,1859.76,2066.4,ShowDailyK_ChartFlow,FinMind_API_TaiwanStockPrice_6669,True,2026-09-22T15:43:09,2026-09-22T15:43:09,2026-09-22T15:43:09
6669,緯穎,2024-02-23,2170.0,55.0,2.60%,68.88,30.4,1033.2,1239.84,1446.48,1653.12,1859.76,2066.4,ShowDailyK_ChartFlow,FinMind_API_TaiwanStockPrice_6669,True,2026-09-22T15:43:09,2026-09-22T15:43:09,2026-09-22T15:43:09
6669,緯穎,2024-02-26,2220.0,50.0,2.30%,68.88,31.1,1033.2,1239.84,1446.48,1653.12,1859.76,2066.4,ShowDailyK_ChartFlow,FinMind_API_TaiwanStockPrice_6669,True,2026-09-22T15:43:09,2026-09-22T15:43:09,2026-09-22T15:43:09
6669,緯穎,2024-02-27,2120.0,-100.0,-4.50%,68.88,30.78,1033.2,1239.84,1446.48,1653.12,1859.76,2066.4,ShowDailyK_ChartFlow,FinMind_API_TaiwanStockPrice_6669,True,2026-09-22T15:43:09,2026-09-22T15:43:09,2026-09-22T15:43:09
6669,緯穎,2024-02-29,2330.0,210.0,9.91%,68.88,33.83,1033.2,1239.84,1446.48,1653.12,1859.76,2066.4,ShowDailyK_ChartFlow,FinMind_API_TaiwanStockPrice_6669,True,2026-09-22T15:43:09,2026-09-22T15:43:09,2026-09-22T15:43:09
6669,緯穎,2024-03-01,2500.0,170.0,7.30%,68.88,36.3,1033.2,1239.84,1446.48,1653.12,1859.76,2066.4,ShowDailyK_ChartFlow,FinMind_API_TaiwanStockPrice_6669,True,2026-09-22T15:43:09,2026-09-22T15:43:09,2026-09-22T15:43:09
6669,緯穎,2024-03-04,2445.0,-55.0,-2.20%,68.88,35.5,1033.2,1239.84,1446.48,1653.12,1859.76,2066.4,ShowDailyK_ChartFlow,FinMind_API_TaiwanStockPrice_6669,True,2026-09-22T15:43:09,2026-09-22T15:43:09,2026-09-22T15:43:09
6669,緯穎,2024-03-05,2560.0,115.0,4.70%,68.88,37.17,1033.2,1239.84,1446.48,1653.12,1859.76,2066.4,ShowDailyK_ChartFlow,FinMind_API_TaiwanStockPrice_6669,True,2026-09-22T15:43:09,2026-09-22T15:43:09,2026-09-22T15:43:09
6669,緯穎,2024-03-06,2560.0,0.0,0.00%,68.88,37.17,1033.2,1239.84,1446.48,1653.12,1859.76,2066.4,ShowDailyK_ChartFlow,FinMind_API_TaiwanStockPrice_6669,True,2026-09-22T15:43:09,2026-09-22T15:43:09,2026-09-22T15:43:09
6669,緯穎,2024-03-07,2510.0,-50.0,-1.95%,68.88,36.44,1033.2,1239.84,1446.48,1653.12,1859.76,2066.4,ShowDailyK_ChartFlow,FinMind_API_TaiwanStockPrice_6669,True,2026-09-22T15:43:09,2026-09-22T15:43:09,2026-09-22T15:43:09
6669,緯穎,2024-03-08,2445.0,-65.0,-2.59%,68.88,35.5,1033.2,1239.84,1446.48,1653.12,1859.76,2066.4,ShowDailyK_ChartFlow,FinMind_API_TaiwanStockPrice_6669,True,2026-09-22T15:43:09,2026-09-22T15:43:09,2026-09-22T15:43:09
6669,緯穎,2024-03-11,2430.0,-15.0,-0.61%,68.88,35.28,1033.2,1239.84,1446.48,1653.12,1859.76,2066.4,ShowDailyK_ChartFlow,FinMind_API_TaiwanStockPrice_6669,True,2026-09-22T15:43:09,2026-09-22T15:43:09,2026-09-22T15:43:09
6669,緯穎,2024-03-12,2435.0,5.0,0.21%,68.88,35.35,1033.2,1239.84,1446.48,1653.12,1859.76,2066.4,ShowDailyK_ChartFlow,FinMind_API_TaiwanStockPrice_6669,True,2026-09-22T15:43:09,2026-09-22T15:43:09,2026-09-22T15:43:09
6669,緯穎,2024-03-13,2330.0,-105.0,-4.31%,68.88,33.83,1033.2,1239.84,1446.48,1653.12,1859.76,2066.4,ShowDailyK_ChartFlow,FinMind_API_TaiwanStockPrice_6669,True,2026-09-22T15:43:09,2026-09-22T15:43:09,2026-09-22T15:43:09
6669,緯穎,2024-03-14,2260.0,-70.0,-3.00%,68.88,32.81,1033.2,1239.84,1446.48,1653.12,1859.76,2066.4,ShowDailyK_ChartFlow,FinMind_API_TaiwanStockPrice_6669,True,2026-09-22T15:43:09,2026-09-22T15:43:09,2026-09-22T15:43:09
6669,緯穎,2024-03-15,2200.0,-60.0,-2.65%,68.88,31.94,1033.2,1239.84,1446.48,1653.12,1859.76,2066.4,ShowDailyK_ChartFlow,FinMind_API_TaiwanStockPrice_6669,True,2026-09-22T15:43:09,2026-09-22T15:43:09,2026-09-22T15:43:09
6669,緯穎,2024-03-18,2195.0,-5.0,-0.23%,68.88,31.87,1033.2,1239.84,1446.48,1653.12,1859.76,2066.4,ShowDailyK_ChartFlow,FinMind_API_TaiwanStockPrice_6669,True,2026-09-22T15:43:09,2026-09-22T15:43:09,2026-09-22T15:43:09
6669,緯穎,2024-03-19,2175.0,-20.0,-0.91%,68.88,31.58,1033.2,1239.84,1446.48,1653.12,1859.76,2066.4,ShowDailyK_ChartFlow,FinMind_API_TaiwanStockPrice_6669,True,2026-09-22T15:43:09,2026-09-22T15:43:09,2026-09-22T15:43:09
6669,緯穎,2024-03-20,2195.0,20.0,0.92%,68.88,31.87,1033.2,1239.84,1446.48,1653.12,1859.76,2066.4,ShowDailyK_ChartFlow,FinMind_API_TaiwanStockPrice_6669,True,2026-09-22T15:43:09,2026-09-22T15:43:09,2026-09-22T15:43:09
6669,緯穎,2024-03-21,2225.0,30.0,1.37%,68.88,32.3,1033.2,1239.84,1446.48,1653.12,1859.76,2066.4,ShowDailyK_ChartFlow,FinMind_API_TaiwanStockPrice_6669,True,2026-09-22T15:43:09,2026-09-22T15:43:09,2026-09-22T15:43:09
6669,緯穎,2024-03-22,2295.0,70.0,3.15%,68.88,33.32,1033.2,1239.84,1446.48,1653.12,1859.76,2066.4,ShowDailyK_ChartFlow,FinMind_API_TaiwanStockPrice_6669,True,2026-09-22T15:43:09,2026-09-22T15:43:09,2026-09-22T15:43:09
6669,緯穎,2024-03-25,2265.0,-30.0,-1.31%,68.88,32.88,1033.2,1239.84,1446.48,1653.12,1859.76,2066.4,ShowDailyK_ChartFlow,FinMind_API_TaiwanStockPrice_6669,True,2026-09-22T15:43:09,2026-09-22T15:43:09,2026-09-22T15:43:09
6669,緯穎,2024-03-26,2225.0,-40.0,-1.77%,68.88,32.3,1033.2,1239.84,1446.48,1653.12,1859.76,2066.4,ShowDailyK_ChartFlow,FinMind_API_TaiwanStockPrice_6669,True,2026-09-22T15:43:09,2026-09-22T15:43:09,2026-09-22T15:43:09
6669,緯穎,2024-03-27,2185.0,-40.0,-1.80%,68.88,31.72,1033.2,1239.84,1446.48,1653.12,1859.76,2066.4,ShowDailyK_ChartFlow,FinMind_API_TaiwanStockPrice_6669,True,2026-09-22T15:43:09,2026-09-22T15:43:09,2026-09-22T15:43:09
6669,緯穎,2024-03-28,2190.0,5.0,0.23%,68.88,31.79,1033.2,1239.84,1446.48,1653.12,1859.76,2066.4,ShowDailyK_ChartFlow,FinMind_API_TaiwanStockPrice_6669,True,2026-09-22T15:43:09,2026-09-22T15:43:09,2026-09-22T15:43:09
6669,緯穎,2024-03-29,2270.0,80.0,3.65%,68.88,32.96,1033.2,1239.84,1446.48,1653.12,1859.76,2066.4,ShowDailyK_ChartFlow,FinMind_API_TaiwanStockPrice_6669,True,2026-09-22T15:43:09,2026-09-22T15:43:09,2026-09-22T15:43:09
6669,緯穎,2024-04-01,2295.0,25.0,1.10%,76.94,33.32,1154.1,1384.92,1615.74,1846.56,2077.38,2308.2,ShowDailyK_ChartFlow,FinMind_API_TaiwanStockPrice_6669,True,2026-09-22T15:43:09,2026-09-22T15:43:09,2026-09-22T15:43:09
6669,緯穎,2024-04-02,2240.0,-55.0,-2.40%,76.94,32.52,1154.1,1384.92,1615.74,1846.56,2077.38,2308.2,ShowDailyK_ChartFlow,FinMind_API_TaiwanStockPrice_6669,True,2026-09-22T15:43:09,2026-09-22T15:43:09,2026-09-22T15:43:09
6669,緯穎,2024-04-03,2460.0,220.0,9.82%,76.94,35.71,1154.1,1384.92,1615.74,1846.56,2077.38,2308.2,ShowDailyK_ChartFlow,FinMind_API_TaiwanStockPrice_6669,True,2026-09-22T15:43:09,2026-09-22T15:43:09,2026-09-22T15:43:09
6669,緯穎,2024-04-08,2475.0,15.0,0.61%,76.94,35.93,1154.1,1384.92,1615.74,1846.56,2077.38,2308.2,ShowDailyK_ChartFlow,FinMind_API_TaiwanStockPrice_6669,True,2026-09-22T15:43:09,2026-09-22T15:43:09,2026-09-22T15:43:09
6669,緯穎,2024-04-09,2475.0,0.0,0.00%,76.94,35.93,1154.1,1384.92,1615.74,1846.56,2077.38,2308.2,ShowDailyK_ChartFlow,FinMind_API_TaiwanStockPrice_6669,True,2026-09-22T15:43:09,2026-09-22T15:43:09,2026-09-22T15:43:09
6669,緯穎,2024-04-10,2355.0,-120.0,-4.85%,76.94,34.19,1154.1,1384.92,1615.74,1846.56,2077.38,2308.2,ShowDailyK_ChartFlow,FinMind_API_TaiwanStockPrice_6669,True,2026-09-22T15:43:09,2026-09-22T15:43:09,2026-09-22T15:43:09
6669,緯穎,2024-04-11,2325.0,-30.0,-1.27%,76.94,33.75,1154.1,1384.92,1615.74,1846.56,2077.38,2308.2,ShowDailyK_ChartFlow,FinMind_API_TaiwanStockPrice_6669,True,2026-09-22T15:43:09,2026-09-22T15:43:09,2026-09-22T15:43:09
6669,緯穎,2024-04-12,2405.0,80.0,3.44%,76.94,34.92,1154.1,1384.92,1615.74,1846.56,2077.38,2308.2,ShowDailyK_ChartFlow,FinMind_API_TaiwanStockPrice_6669,True,2026-09-22T15:43:09,2026-09-22T15:43:09,2026-09-22T15:43:09
6669,緯穎,2024-04-15,2420.0,15.0,0.62%,76.94,35.13,1154.1,1384.92,1615.74,1846.56,2077.38,2308.2,ShowDailyK_ChartFlow,FinMind_API_TaiwanStockPrice_6669,True,2026-09-22T15:43:09,2026-09-22T15:43:09,2026-09-22T15:43:09
6669,緯穎,2024-04-16,2305.0,-115.0,-4.75%,76.94,33.46,1154.1,1384.92,1615.74,1846.56,2077.38,2308.2,ShowDailyK_ChartFlow,FinMind_API_TaiwanStockPrice_6669,True,2026-09-22T15:43:09,2026-09-22T15:43:09,2026-09-22T15:43:09
6669,緯穎,2024-04-17,2390.0,85.0,3.69%,76.94,34.7,1154.1,1384.92,1615.74,1846.56,2077.38,2308.2,ShowDailyK_ChartFlow,FinMind_API_TaiwanStockPrice_6669,True,2026-09-22T15:43:09,2026-09-22T15:43:09,2026-09-22T15:43:09
6669,緯穎,2024-04-18,2500.0,110.0,4.60%,76.94,36.3,1154.1,1384.92,1615.74,1846.56,2077.38,2308.2,ShowDailyK_ChartFlow,FinMind_API_TaiwanStockPrice_6669,True,2026-09-22T15:43:09,2026-09-22T15:43:09,2026-09-22T15:43:09
6669,緯穎,2024-04-19,2315.0,-185.0,-7.40%,76.94,33.61,1154.1,1384.92,1615.74,1846.56,2077.38,2308.2,ShowDailyK_ChartFlow,FinMind_API_TaiwanStockPrice_6669,True,2026-09-22T15:43:09,2026-09-22T15:43:09,2026-09-22T15:43:09
6669,緯穎,2024-04-22,2160.0,-155.0,-6.70%,76.94,31.36,1154.1,1384.92,1615.74,1846.56,2077.38,2308.2,ShowDailyK_ChartFlow,FinMind_API_TaiwanStockPrice_6669,True,2026-09-22T15:43:09,2026-09-22T15:43:09,2026-09-22T15:43:09
6669,緯穎,2024-04-23,2130.0,-30.0,-1.39%,76.94,30.92,1154.1,1384.92,1615.74,1846.56,2077.38,2308.2,ShowDailyK_ChartFlow,FinMind_API_TaiwanStockPrice_6669,True,2026-09-22T15:43:09,2026-09-22T15:43:09,2026-09-22T15:43:09
6669,緯穎,2024-04-24,2290.0,160.0,7.51%,76.94,33.25,1154.1,1384.92,1615.74,1846.56,2077.38,2308.2,ShowDailyK_ChartFlow,FinMind_API_TaiwanStockPrice_6669,True,2026-09-22T15:43:09,2026-09-22T15:43:09,2026-09-22T15:43:09
6669,緯穎,2024-04-25,2250.0,-40.0,-1.75%,76.94,32.67,1154.1,1384.92,1615.74,1846.56,2077.38,2308.2,ShowDailyK_ChartFlow,FinMind_API_TaiwanStockPrice_6669,True,2026-09-22T15:43:09,2026-09-22T15:43:09,2026-09-22T15:43:09
6669,緯穎,2024-04-26,2325.0,75.0,3.33%,76.94,33.75,1154.1,1384.92,1615.74,1846.56,2077.38,2308.2,ShowDailyK_ChartFlow,FinMind_API_TaiwanStockPrice_6669,True,2026-09-22T15:43:09,2026-09-22T15:43:09,2026-09-22T15:43:09
6669,緯穎,2024-04-29,2360.0,35.0,1.51%,76.94,34.26,1154.1,1384.92,1615.74,1846.56,2077.38,2308.2,ShowDailyK_ChartFlow,FinMind_API_TaiwanStockPrice_6669,True,2026-09-22T15:43:09,2026-09-22T15:43:09,2026-09-22T15:43:09
6669,緯穎,2024-04-30,2360.0,0.0,0.00%,76.94,34.26,1154.1,1384.92,1615.74,1846.56,2077.38,2308.2,ShowDailyK_ChartFlow,FinMind_API_TaiwanStockPrice_6669,True,2026-09-22T15:43:09,2026-09-22T15:43:09,2026-09-22T15:43:09
6669,緯穎,2024-05-02,2275.0,-85.0,-3.60%,76.94,33.03,1154.1,1384.92,1615.74,1846.56,2077.38,2308.2,ShowDailyK_ChartFlow,FinMind_API_TaiwanStockPrice_6669,True,2026-09-22T15:43:09,2026-09-22T15:43:09,2026-09-22T15:43:09
6669,緯穎,2024-05-03,2225.0,-50.0,-2.20%,76.94,32.3,1154.1,1384.92,1615.74,1846.56,2077.38,2308.2,ShowDailyK_ChartFlow,FinMind_API_TaiwanStockPrice_6669,True,2026-09-22T15:43:09,2026-09-22T15:43:09,2026-09-22T15:43:09
6669,緯穎,2024-05-06,2285.0,60.0,2.70%,76.94,33.17,1154.1,1384.92,1615.74,1846.56,2077.38,2308.2,ShowDailyK_ChartFlow,FinMind_API_TaiwanStockPrice_6669,True,2026-09-22T15:43:09,2026-09-22T15:43:09,2026-09-22T15:43:09
6669,緯穎,2024-05-07,2345.0,60.0,2.63%,76.94,34.04,1154.1,1384.92,1615.74,1846.56,2077.38,2308.2,ShowDailyK_ChartFlow,FinMind_API_TaiwanStockPrice_6669,True,2026-09-22T15:43:09,2026-09-22T15:43:09,2026-09-22T15:43:09
6669,緯穎,2024-05-08,2395.0,50.0,2.13%,76.94,31.13,1154.1,1384.92,1615.74,1846.56,2077.38,2308.2,ShowDailyK_ChartFlow,FinMind_API_TaiwanStockPrice_6669,True,2026-09-22T15:43:09,2026-09-22T15:43:09,2026-09-22T15:43:09
6669,緯穎,2024-05-09,2450.0,55.0,2.30%,76.94,31.84,1154.1,1384.92,1615.74,1846.56,2077.38,2308.2,ShowDailyK_ChartFlow,FinMind_API_TaiwanStockPrice_6669,True,2026-09-22T15:43:09,2026-09-22T15:43:09,2026-09-22T15:43:09
6669,緯穎,2024-05-10,2405.0,-45.0,-1.84%,76.94,31.26,1154.1,1384.92,1615.74,1846.56,2077.38,2308.2,ShowDailyK_ChartFlow,FinMind_API_TaiwanStockPrice_6669,True,2026-09-22T15:43:09,2026-09-22T15:43:09,2026-09-22T15:43:09
6669,緯穎,2024-05-13,2385.0,-20.0,-0.83%,76.94,31.0,1154.1,1384.92,1615.74,1846.56,2077.38,2308.2,ShowDailyK_ChartFlow,FinMind_API_TaiwanStockPrice_6669,True,2026-09-22T15:43:09,2026-09-22T15:43:09,2026-09-22T15:43:09
6669,緯穎,2024-05-14,2470.0,85.0,3.56%,76.94,32.1,1154.1,1384.92,1615.74,1846.56,2077.38,2308.2,ShowDailyK_ChartFlow,FinMind_API_TaiwanStockPrice_6669,True,2026-09-22T15:43:09,2026-09-22T15:43:09,2026-09-22T15:43:09
6669,緯穎,2024-05-15,2595.0,125.0,5.06%,76.94,33.73,1154.1,1384.92,1615.74,1846.56,2077.38,2308.2,ShowDailyK_ChartFlow,FinMind_API_TaiwanStockPrice_6669,True,2026-09-22T15:43:09,2026-09-22T15:43:09,2026-09-22T15:43:09
6669,緯穎,2024-05-16,2665.0,70.0,2.70%,76.94,34.64,1154.1,1384.92,1615.74,1846.56,2077.38,2308.2,ShowDailyK_ChartFlow,FinMind_API_TaiwanStockPrice_6669,True,2026-09-22T15:43:09,2026-09-22T15:43:09,2026-09-22T15:43:09
6669,緯穎,2024-05-17,2635.0,-30.0,-1.13%,76.94,34.25,1154.1,1384.92,1615.74,1846.56,2077.38,2308.2,ShowDailyK_ChartFlow,FinMind_API_TaiwanStockPrice_6669,True,2026-09-22T15:43:09,2026-09-22T15:43:09,2026-09-22T15:43:09
6669,緯穎,2024-05-20,2595.0,-40.0,-1.52%,76.94,33.73,1154.1,1384.92,1615.74,1846.56,2077.38,2308.2,ShowDailyK_ChartFlow,FinMind_API_TaiwanStockPrice_6669,True,2026-09-22T15:43:09,2026-09-22T15:43:09,2026-09-22T15:43:09
6669,緯穎,2024-05-21,2565.0,-30.0,-1.16%,76.94,33.34,1154.1,1384.92,1615.74,1846.56,2077.38,2308.2,ShowDailyK_ChartFlow,FinMind_API_TaiwanStockPrice_6669,True,2026-09-22T15:43:09,2026-09-22T15:43:09,2026-09-22T15:43:09
6669,緯穎,2024-05-22,2595.0,30.0,1.17%,76.94,33.73,1154.1,1384.92,1615.74,1846.56,2077.38,2308.2,ShowDailyK_ChartFlow,FinMind_API_TaiwanStockPrice_6669,True,2026-09-22T15:43:09,2026-09-22T15:43:09,2026-09-22T15:43:09
6669,緯穎,2024-05-23,2740.0,145.0,5.59%,76.94,35.61,1154.1,1384.92,1615.74,1846.56,2077.38,2308.2,ShowDailyK_ChartFlow,FinMind_API_TaiwanStockPrice_6669,True,2026-09-22T15:43:09,2026-09-22T15:43:09,2026-09-22T15:43:09
6669,緯穎,2024-05-24,2740.0,0.0,0.00%,76.94,35.61,1154.1,1384.92,1615.74,1846.56,2077.38,2308.2,ShowDailyK_ChartFlow,FinMind_API_TaiwanStockPrice_6669,True,2026-09-22T15:43:09,2026-09-22T15:43:09,2026-09-22T15:43:09
6669,緯穎,2024-05-27,2710.0,-30.0,-1.09%,76.94,35.22,1154.1,1384.92,1615.74,1846.56,2077.38,2308.2,ShowDailyK_ChartFlow,FinMind_API_TaiwanStockPrice_6669,True,2026-09-22T15:43:09,2026-09-22T15:43:09,2026-09-22T15:43:09
6669,緯穎,2024-05-28,2685.0,-25.0,-0.92%,76.94,34.9,1154.1,1384.92,1615.74,1846.56,2077.38,2308.2,ShowDailyK_ChartFlow,FinMind_API_TaiwanStockPrice_6669,True,2026-09-22T15:43:09,2026-09-22T15:43:09,2026-09-22T15:43:09
6669,緯穎,2024-05-29,2640.0,-45.0,-1.68%,76.94,34.31,1154.1,1384.92,1615.74,1846.56,2077.38,2308.2,ShowDailyK_ChartFlow,FinMind_API_TaiwanStockPrice_6669,True,2026-09-22T15:43:09,2026-09-22T15:43:09,2026-09-22T15:43:09
6669,緯穎,2024-05-30,2645.0,5.0,0.19%,76.94,34.38,1154.1,1384.92,1615.74,1846.56,2077.38,2308.2,ShowDailyK_ChartFlow,FinMind_API_TaiwanStockPrice_6669,True,2026-09-22T15:43:09,2026-09-22T15:43:09,2026-09-22T15:43:09
6669,緯穎,2024-05-31,2470.0,-175.0,-6.62%,76.94,32.1,1154.1,1384.92,1615.74,1846.56,2077.38,2308.2,ShowDailyK_ChartFlow,FinMind_API_TaiwanStockPrice_6669,True,2026-09-22T15:43:09,2026-09-22T15:43:09,2026-09-22T15:43:09
6669,緯穎,2024-06-03,2565.0,95.0,3.85%,76.94,33.34,1154.1,1384.92,1615.74,1846.56,2077.38,2308.2,ShowDailyK_ChartFlow,FinMind_API_TaiwanStockPrice_6669,True,2026-09-22T15:43:09,2026-09-22T15:43:09,2026-09-22T15:43:09
6669,緯穎,2024-06-04,2535.0,-30.0,-1.17%,76.94,32.95,1154.1,1384.92,1615.74,1846.56,2077.38,2308.2,ShowDailyK_ChartFlow,FinMind_API_TaiwanStockPrice_6669,True,2026-09-22T15:43:09,2026-09-22T15:43:09,2026-09-22T15:43:09
6669,緯穎,2024-06-05,2525.0,-10.0,-0.39%,76.94,32.82,1154.1,1384.92,1615.74,1846.56,2077.38,2308.2,ShowDailyK_ChartFlow,FinMind_API_TaiwanStockPrice_6669,True,2026-09-22T15:43:09,2026-09-22T15:43:09,2026-09-22T15:43:09
6669,緯穎,2024-06-06,2620.0,95.0,3.76%,76.94,34.05,1154.1,1384.92,1615.74,1846.56,2077.38,2308.2,ShowDailyK_ChartFlow,FinMind_API_TaiwanStockPrice_6669,True,2026-09-22T15:43:09,2026-09-22T15:43:09,2026-09-22T15:43:09
6669,緯穎,2024-06-07,2630.0,10.0,0.38%,76.94,34.18,1154.1,1384.92,1615.74,1846.56,2077.38,2308.2,ShowDailyK_ChartFlow,FinMind_API_TaiwanStockPrice_6669,True,2026-09-22T15:43:09,2026-09-22T15:43:09,2026-09-22T15:43:09
6669,緯穎,2024-06-11,2610.0,-20.0,-0.76%,76.94,33.92,1154.1,1384.92,1615.74,1846.56,2077.38,2308.2,ShowDailyK_ChartFlow,FinMind_API_TaiwanStockPrice_6669,True,2026-09-22T15:43:09,2026-09-22T15:43:09,2026-09-22T15:43:09
6669,緯穎,2024-06-12,2610.0,0.0,0.00%,76.94,33.92,1154.1,1384.92,1615.74,1846.56,2077.38,2308.2,ShowDailyK_ChartFlow,FinMind_API_TaiwanStockPrice_6669,True,2026-09-22T15:43:09,2026-09-22T15:43:09,2026-09-22T15:43:09
6669,緯穎,2024-06-13,2715.0,105.0,4.02%,76.94,35.29,1154.1,1384.92,1615.74,1846.56,2077.38,2308.2,ShowDailyK_ChartFlow,FinMind_API_TaiwanStockPrice_6669,True,2026-09-22T15:43:09,2026-09-22T15:43:09,2026-09-22T15:43:09
6669,緯穎,2024-06-14,2765.0,50.0,1.84%,76.94,35.94,1154.1,1384.92,1615.74,1846.56,2077.38,2308.2,ShowDailyK_ChartFlow,FinMind_API_TaiwanStockPrice_6669,True,2026-09-22T15:43:09,2026-09-22T15:43:09,2026-09-22T15:43:09
6669,緯穎,2024-06-17,2660.0,-105.0,-3.80%,76.94,34.57,1154.1,1384.92,1615.74,1846.56,2077.38,2308.2,ShowDailyK_ChartFlow,FinMind_API_TaiwanStockPrice_6669,True,2026-09-22T15:43:09,2026-09-22T15:43:09,2026-09-22T15:43:09
6669,緯穎,2024-06-18,2710.0,50.0,1.88%,76.94,35.22,1154.1,1384.92,1615.74,1846.56,2077.38,2308.2,ShowDailyK_ChartFlow,FinMind_API_TaiwanStockPrice_6669,True,2026-09-22T15:43:09,2026-09-22T15:43:09,2026-09-22T15:43:09
6669,緯穎,2024-06-19,2965.0,255.0,9.41%,76.94,38.54,1154.1,1384.92,1615.74,1846.56,2077.38,2308.2,ShowDailyK_ChartFlow,FinMind_API_TaiwanStockPrice_6669,True,2026-09-22T15:43:09,2026-09-22T15:43:09,2026-09-22T15:43:09
6669,緯穎,2024-06-20,2955.0,-10.0,-0.34%,76.94,38.41,1154.1,1384.92,1615.74,1846.56,2077.38,2308.2,ShowDailyK_ChartFlow,FinMind_API_TaiwanStockPrice_6669,True,2026-09-22T15:43:09,2026-09-22T15:43:09,2026-09-22T15:43:09
6669,緯穎,2024-06-21,2800.0,-155.0,-5.25%,76.94,36.39,1154.1,1384.92,1615.74,1846.56,2077.38,2308.2,ShowDailyK_ChartFlow,FinMind_API_TaiwanStockPrice_6669,True,2026-09-22T15:43:09,2026-09-22T15:43:09,2026-09-22T15:43:09
6669,緯穎,2024-06-24,2665.0,-135.0,-4.82%,76.94,34.64,1154.1,1384.92,1615.74,1846.56,2077.38,2308.2,ShowDailyK_ChartFlow,FinMind_API_TaiwanStockPrice_6669,True,2026-09-22T15:43:09,2026-09-22T15:43:09,2026-09-22T15:43:09
6669,緯穎,2024-06-25,2605.0,-60.0,-2.25%,76.94,33.86,1154.1,1384.92,1615.74,1846.56,2077.38,2308.2,ShowDailyK_ChartFlow,FinMind_API_TaiwanStockPrice_6669,True,2026-09-22T15:43:09,2026-09-22T15:43:09,2026-09-22T15:43:09
6669,緯穎,2024-06-26,2590.0,-15.0,-0.58%,76.94,33.66,1154.1,1384.92,1615.74,1846.56,2077.38,2308.2,ShowDailyK_ChartFlow,FinMind_API_TaiwanStockPrice_6669,True,2026-09-22T15:43:09,2026-09-22T15:43:09,2026-09-22T15:43:09
6669,緯穎,2024-06-27,2555.0,-35.0,-1.35%,76.94,33.21,1154.1,1384.92,1615.74,1846.56,2077.38,2308.2,ShowDailyK_ChartFlow,FinMind_API_TaiwanStockPrice_6669,True,2026-09-22T15:43:09,2026-09-22T15:43:09,2026-09-22T15:43:09
6669,緯穎,2024-06-28,2645.0,90.0,3.52%,76.94,34.38,1154.1,1384.92,1615.74,1846.56,2077.38,2308.2,ShowDailyK_ChartFlow,FinMind_API_TaiwanStockPrice_6669,True,2026-09-22T15:43:09,2026-09-22T15:43:09,2026-09-22T15:43:09
6669,緯穎,2024-07-01,2605.0,-40.0,-1.51%,88.83000000000001,33.86,1332.45,1598.94,1865.43,2131.92,2398.41,2664.9,ShowDailyK_ChartFlow,FinMind_API_TaiwanStockPrice_6669,True,2026-09-22T15:43:09,2026-09-22T15:43:09,2026-09-22T15:43:09
6669,緯穎,2024-07-02,2615.0,10.0,0.38%,88.83000000000001,33.99,1332.45,1598.94,1865.43,2131.92,2398.41,2664.9,ShowDailyK_ChartFlow,FinMind_API_TaiwanStockPrice_6669,True,2026-09-22T15:43:09,2026-09-22T15:43:09,2026-09-22T15:43:09
6669,緯穎,2024-07-03,2620.0,5.0,0.19%,88.83000000000001,34.05,1332.45,1598.94,1865.43,2131.92,2398.41,2664.9,ShowDailyK_ChartFlow,FinMind_API_TaiwanStockPrice_6669,True,2026-09-22T15:43:09,2026-09-22T15:43:09,2026-09-22T15:43:09
6669,緯穎,2024-07-04,2730.0,110.0,4.20%,88.83000000000001,35.48,1332.45,1598.94,1865.43,2131.92,2398.41,2664.9,ShowDailyK_ChartFlow,FinMind_API_TaiwanStockPrice_6669,True,2026-09-22T15:43:09,2026-09-22T15:43:09,2026-09-22T15:43:09
6669,緯穎,2024-07-05,2725.0,-5.0,-0.18%,88.83000000000001,35.42,1332.45,1598.94,1865.43,2131.92,2398.41,2664.9,ShowDailyK_ChartFlow,FinMind_API_TaiwanStockPrice_6669,True,2026-09-22T15:43:09,2026-09-22T15:43:09,2026-09-22T15:43:09
6669,緯穎,2024-07-08,2770.0,45.0,1.65%,88.83000000000001,36.0,1332.45,1598.94,1865.43,2131.92,2398.41,2664.9,ShowDailyK_ChartFlow,FinMind_API_TaiwanStockPrice_6669,True,2026-09-22T15:43:09,2026-09-22T15:43:09,2026-09-22T15:43:09
6669,緯穎,2024-07-09,2670.0,-100.0,-3.61%,88.83000000000001,34.7,1332.45,1598.94,1865.43,2131.92,2398.41,2664.9,ShowDailyK_ChartFlow,FinMind_API_TaiwanStockPrice_6669,True,2026-09-22T15:43:09,2026-09-22T15:43:09,2026-09-22T15:43:09
6669,緯穎,2024-07-10,2620.0,-50.0,-1.87%,88.83000000000001,34.05,1332.45,1598.94,1865.43,2131.92,2398.41,2664.9,ShowDailyK_ChartFlow,FinMind_API_TaiwanStockPrice_6669,True,2026-09-22T15:43:09,2026-09-22T15:43:09,2026-09-22T15:43:09
6669,緯穎,2024-07-11,2525.0,-95.0,-3.63%,88.83000000000001,32.82,1332.45,1598.94,1865.43,2131.92,2398.41,2664.9,ShowDailyK_ChartFlow,FinMind_API_TaiwanStockPrice_6669,True,2026-09-22T15:43:09,2026-09-22T15:43:09,2026-09-22T15:43:09
6669,緯穎,2024-07-12,2440.0,-85.0,-3.37%,88.83000000000001,31.71,1332.45,1598.94,1865.43,2131.92,2398.41,2664.9,ShowDailyK_ChartFlow,FinMind_API_TaiwanStockPrice_6669,True,2026-09-22T15:43:09,2026-09-22T15:43:09,2026-09-22T15:43:09
6669,緯穎,2024-07-15,2375.0,-65.0,-2.66%,88.83000000000001,30.87,1332.45,1598.94,1865.43,2131.92,2398.41,2664.9,ShowDailyK_ChartFlow,FinMind_API_TaiwanStockPrice_6669,True,2026-09-22T15:43:09,2026-09-22T15:43:09,2026-09-22T15:43:09
6669,緯穎,2024-07-16,2460.0,85.0,3.58%,88.83000000000001,31.97,1332.45,1598.94,1865.43,2131.92,2398.41,2664.9,ShowDailyK_ChartFlow,FinMind_API_TaiwanStockPrice_6669,True,2026-09-22T15:43:09,2026-09-22T15:43:09,2026-09-22T15:43:09
6669,緯穎,2024-07-17,2380.0,-80.0,-3.25%,88.83000000000001,30.93,1332.45,1598.94,1865.43,2131.92,2398.41,2664.9,ShowDailyK_ChartFlow,FinMind_API_TaiwanStockPrice_6669,True,2026-09-22T15:43:09,2026-09-22T15:43:09,2026-09-22T15:43:09
6669,緯穎,2024-07-18,2275.0,-105.0,-4.41%,88.83000000000001,29.57,1332.45,1598.94,1865.43,2131.92,2398.41,2664.9,ShowDailyK_ChartFlow,FinMind_API_TaiwanStockPrice_6669,True,2026-09-22T15:43:09,2026-09-22T15:43:09,2026-09-22T15:43:09
6669,緯穎,2024-07-19,2205.0,-70.0,-3.08%,88.83000000000001,28.66,1332.45,1598.94,1865.43,2131.92,2398.41,2664.9,ShowDailyK_ChartFlow,FinMind_API_TaiwanStockPrice_6669,True,2026-09-22T15:43:09,2026-09-22T15:43:09,2026-09-22T15:43:09
6669,緯穎,2024-07-22,2160.0,-45.0,-2.04%,88.83000000000001,28.07,1332.45,1598.94,1865.43,2131.92,2398.41,2664.9,ShowDailyK_ChartFlow,FinMind_API_TaiwanStockPrice_6669,True,2026-09-22T15:43:09,2026-09-22T15:43:09,2026-09-22T15:43:09
6669,緯穎,2024-07-23,2170.0,10.0,0.46%,88.83000000000001,28.2,1332.45,1598.94,1865.43,2131.92,2398.41,2664.9,ShowDailyK_ChartFlow,FinMind_API_TaiwanStockPrice_6669,True,2026-09-22T15:43:09,2026-09-22T15:43:09,2026-09-22T15:43:09
6669,緯穎,2024-07-26,1975.0,-195.0,-8.99%,88.83000000000001,25.67,1332.45,1598.94,1865.43,2131.92,2398.41,2664.9,ShowDailyK_ChartFlow,FinMind_API_TaiwanStockPrice_6669,True,2026-09-22T15:43:09,2026-09-22T15:43:09,2026-09-22T15:43:09
6669,緯穎,2024-07-29,1900.0,-75.0,-3.80%,88.83000000000001,24.69,1332.45,1598.94,1865.43,2131.92,2398.41,2664.9,ShowDailyK_ChartFlow,FinMind_API_TaiwanStockPrice_6669,True,2026-09-22T15:43:09,2026-09-22T15:43:09,2026-09-22T15:43:09
6669,緯穎,2024-07-30,1990.0,90.0,4.74%,88.83000000000001,25.86,1332.45,1598.94,1865.43,2131.92,2398.41,2664.9,ShowDailyK_ChartFlow,FinMind_API_TaiwanStockPrice_6669,True,2026-09-22T15:43:09,2026-09-22T15:43:09,2026-09-22T15:43:09
6669,緯穎,2024-07-31,2030.0,40.0,2.01%,88.83000000000001,26.38,1332.45,1598.94,1865.43,2131.92,2398.41,2664.9,ShowDailyK_ChartFlow,FinMind_API_TaiwanStockPrice_6669,True,2026-09-22T15:43:09,2026-09-22T15:43:09,2026-09-22T15:43:09
6669,緯穎,2024-08-01,2135.0,105.0,5.17%,88.83000000000001,27.75,1332.45,1598.94,1865.43,2131.92,2398.41,2664.9,ShowDailyK_ChartFlow,FinMind_API_TaiwanStockPrice_6669,True,2026-09-22T15:43:09,2026-09-22T15:43:09,2026-09-22T15:43:09
6669,緯穎,2024-08-02,1985.0,-150.0,-7.03%,88.83000000000001,25.8,1332.45,1598.94,1865.43,2131.92,2398.41,2664.9,ShowDailyK_ChartFlow,FinMind_API_TaiwanStockPrice_6669,True,2026-09-22T15:43:09,2026-09-22T15:43:09,2026-09-22T15:43:09
6669,緯穎,2024-08-05,1790.0,-195.0,-9.82%,88.83000000000001,23.26,1332.45,1598.94,1865.43,2131.92,2398.41,2664.9,ShowDailyK_ChartFlow,FinMind_API_TaiwanStockPrice_6669,True,2026-09-22T15:43:09,2026-09-22T15:43:09,2026-09-22T15:43:09
6669,緯穎,2024-08-06,1775.0,-15.0,-0.84%,88.83000000000001,23.07,1332.45,1598.94,1865.43,2131.92,2398.41,2664.9,ShowDailyK_ChartFlow,FinMind_API_TaiwanStockPrice_6669,True,2026-09-22T15:43:09,2026-09-22T15:43:09,2026-09-22T15:43:09
6669,緯穎,2024-08-07,1950.0,175.0,9.86%,88.83000000000001,25.34,1332.45,1598.94,1865.43,2131.92,2398.41,2664.9,ShowDailyK_ChartFlow,FinMind_API_TaiwanStockPrice_6669,True,2026-09-22T15:43:09,2026-09-22T15:43:09,2026-09-22T15:43:09
6669,緯穎,2024-08-08,1905.0,-45.0,-2.31%,88.83000000000001,24.76,1332.45,1598.94,1865.43,2131.92,2398.41,2664.9,ShowDailyK_ChartFlow,FinMind_API_TaiwanStockPrice_6669,True,2026-09-22T15:43:09,2026-09-22T15:43:09,2026-09-22T15:43:09
6669,緯穎,2024-08-09,1875.0,-30.0,-1.57%,88.83000000000001,21.11,1332.45,1598.94,1865.43,2131.92,2398.41,2664.9,ShowDailyK_ChartFlow,FinMind_API_TaiwanStockPrice_6669,True,2026-09-22T15:43:09,2026-09-22T15:43:09,2026-09-22T15:43:09
6669,緯穎,2024-08-12,1965.0,90.0,4.80%,88.83000000000001,22.12,1332.45,1598.94,1865.43,2131.92,2398.41,2664.9,ShowDailyK_ChartFlow,FinMind_API_TaiwanStockPrice_6669,True,2026-09-22T15:43:09,2026-09-22T15:43:09,2026-09-22T15:43:09
6669,緯穎,2024-08-13,1950.0,-15.0,-0.76%,88.83000000000001,21.95,1332.45,1598.94,1865.43,2131.92,2398.41,2664.9,ShowDailyK_ChartFlow,FinMind_API_TaiwanStockPrice_6669,True,2026-09-22T15:43:09,2026-09-22T15:43:09,2026-09-22T15:43:09
6669,緯穎,2024-08-14,1960.0,10.0,0.51%,88.83000000000001,22.06,1332.45,1598.94,1865.43,2131.92,2398.41,2664.9,ShowDailyK_ChartFlow,FinMind_API_TaiwanStockPrice_6669,True,2026-09-22T15:43:09,2026-09-22T15:43:09,2026-09-22T15:43:09
6669,緯穎,2024-08-15,1925.0,-35.0,-1.79%,88.83000000000001,21.67,1332.45,1598.94,1865.43,2131.92,2398.41,2664.9,ShowDailyK_ChartFlow,FinMind_API_TaiwanStockPrice_6669,True,2026-09-22T15:43:09,2026-09-22T15:43:09,2026-09-22T15:43:09
6669,緯穎,2024-08-16,2025.0,100.0,5.19%,88.83000000000001,22.8,1332.45,1598.94,1865.43,2131.92,2398.41,2664.9,ShowDailyK_ChartFlow,FinMind_API_TaiwanStockPrice_6669,True,2026-09-22T15:43:09,2026-09-22T15:43:09,2026-09-22T15:43:09
6669,緯穎,2024-08-19,1930.0,-95.0,-4.69%,88.83000000000001,21.73,1332.45,1598.94,1865.43,2131.92,2398.41,2664.9,ShowDailyK_ChartFlow,FinMind_API_TaiwanStockPrice_6669,True,2026-09-22T15:43:09,2026-09-22T15:43:09,2026-09-22T15:43:09
6669,緯穎,2024-08-20,1940.0,10.0,0.52%,88.83000000000001,21.84,1332.45,1598.94,1865.43,2131.92,2398.41,2664.9,ShowDailyK_ChartFlow,FinMind_API_TaiwanStockPrice_6669,True,2026-09-22T15:43:09,2026-09-22T15:43:09,2026-09-22T15:43:09
6669,緯穎,2024-08-21,1890.0,-50.0,-2.58%,88.83000000000001,21.28,1332.45,1598.94,1865.43,2131.92,2398.41,2664.9,ShowDailyK_ChartFlow,FinMind_API_TaiwanStockPrice_6669,True,2026-09-22T15:43:09,2026-09-22T15:43:09,2026-09-22T15:43:09
6669,緯穎,2024-08-22,1865.0,-25.0,-1.32%,88.83000000000001,21.0,1332.45,1598.94,1865.43,2131.92,2398.41,2664.9,ShowDailyK_ChartFlow,FinMind_API_TaiwanStockPrice_6669,True,2026-09-22T15:43:09,2026-09-22T15:43:09,2026-09-22T15:43:09
6669,緯穎,2024-08-23,1915.0,50.0,2.68%,88.83000000000001,21.56,1332.45,1598.94,1865.43,2131.92,2398.41,2664.9,ShowDailyK_ChartFlow,FinMind_API_TaiwanStockPrice_6669,True,2026-09-22T15:43:09,2026-09-22T15:43:09,2026-09-22T15:43:09
6669,緯穎,2024-08-26,1910.0,-5.0,-0.26%,88.83000000000001,21.5,1332.45,1598.94,1865.43,2131.92,2398.41,2664.9,ShowDailyK_ChartFlow,FinMind_API_TaiwanStockPrice_6669,True,2026-09-22T15:43:09,2026-09-22T15:43:09,2026-09-22T15:43:09
6669,緯穎,2024-08-27,1905.0,-5.0,-0.26%,88.83000000000001,21.45,1332.45,1598.94,1865.43,2131.92,2398.41,2664.9,ShowDailyK_ChartFlow,FinMind_API_TaiwanStockPrice_6669,True,2026-09-22T15:43:09,2026-09-22T15:43:09,2026-09-22T15:43:09
6669,緯穎,2024-08-28,1925.0,20.0,1.05%,88.83000000000001,21.67,1332.45,1598.94,1865.43,2131.92,2398.41,2664.9,ShowDailyK_ChartFlow,FinMind_API_TaiwanStockPrice_6669,True,2026-09-22T15:43:09,2026-09-22T15:43:09,2026-09-22T15:43:09
6669,緯穎,2024-08-29,1905.0,-20.0,-1.04%,88.83000000000001,21.45,1332.45,1598.94,1865.43,2131.92,2398.41,2664.9,ShowDailyK_ChartFlow,FinMind_API_TaiwanStockPrice_6669,True,2026-09-22T15:43:09,2026-09-22T15:43:09,2026-09-22T15:43:09
6669,緯穎,2024-08-30,1900.0,-5.0,-0.26%,88.83000000000001,21.39,1332.45,1598.94,1865.43,2131.92,2398.41,2664.9,ShowDailyK_ChartFlow,FinMind_API_TaiwanStockPrice_6669,True,2026-09-22T15:43:09,2026-09-22T15:43:09,2026-09-22T15:43:09
6669,緯穎,2024-09-02,1855.0,-45.0,-2.37%,88.83000000000001,20.88,1332.45,1598.94,1865.43,2131.92,2398.41,2664.9,ShowDailyK_ChartFlow,FinMind_API_TaiwanStockPrice_6669,True,2026-09-22T15:43:09,2026-09-22T15:43:09,2026-09-22T15:43:09
6669,緯穎,2024-09-03,1840.0,-15.0,-0.81%,88.83000000000001,20.71,1332.45,1598.94,1865.43,2131.92,2398.41,2664.9,ShowDailyK_ChartFlow,FinMind_API_TaiwanStockPrice_6669,True,2026-09-22T15:43:09,2026-09-22T15:43:09,2026-09-22T15:43:09
6669,緯穎,2024-09-04,1675.0,-165.0,-8.97%,88.83000000000001,18.86,1332.45,1598.94,1865.43,2131.92,2398.41,2664.9,ShowDailyK_ChartFlow,FinMind_API_TaiwanStockPrice_6669,True,2026-09-22T15:43:09,2026-09-22T15:43:09,2026-09-22T15:43:09
6669,緯穎,2024-09-05,1660.0,-15.0,-0.90%,88.83000000000001,18.69,1332.45,1598.94,1865.43,2131.92,2398.41,2664.9,ShowDailyK_ChartFlow,FinMind_API_TaiwanStockPrice_6669,True,2026-09-22T15:43:09,2026-09-22T15:43:09,2026-09-22T15:43:09
6669,緯穎,2024-09-06,1715.0,55.0,3.31%,88.83000000000001,19.31,1332.45,1598.94,1865.43,2131.92,2398.41,2664.9,ShowDailyK_ChartFlow,FinMind_API_TaiwanStockPrice_6669,True,2026-09-22T15:43:09,2026-09-22T15:43:09,2026-09-22T15:43:09
6669,緯穎,2024-09-09,1715.0,0.0,0.00%,88.83000000000001,19.31,1332.45,1598.94,1865.43,2131.92,2398.41,2664.9,ShowDailyK_ChartFlow,FinMind_API_TaiwanStockPrice_6669,True,2026-09-22T15:43:09,2026-09-22T15:43:09,2026-09-22T15:43:09
6669,緯穎,2024-09-10,1675.0,-40.0,-2.33%,88.83000000000001,18.86,1332.45,1598.94,1865.43,2131.92,2398.41,2664.9,ShowDailyK_ChartFlow,FinMind_API_TaiwanStockPrice_6669,True,2026-09-22T15:43:09,2026-09-22T15:43:09,2026-09-22T15:43:09
6669,緯穎,2024-09-11,1650.0,-25.0,-1.49%,88.83000000000001,18.57,1332.45,1598.94,1865.43,2131.92,2398.41,2664.9,ShowDailyK_ChartFlow,FinMind_API_TaiwanStockPrice_6669,True,2026-09-22T15:43:09,2026-09-22T15:43:09,2026-09-22T15:43:09
6669,緯穎,2024-09-12,1815.0,165.0,10.00%,88.83000000000001,20.43,1332.45,1598.94,1865.43,2131.92,2398.41,2664.9,ShowDailyK_ChartFlow,FinMind_API_TaiwanStockPrice_6669,True,2026-09-22T15:43:09,2026-09-22T15:43:09,2026-09-22T15:43:09
6669,緯穎,2024-09-13,1780.0,-35.0,-1.93%,88.83000000000001,20.04,1332.45,1598.94,1865.43,2131.92,2398.41,2664.9,ShowDailyK_ChartFlow,FinMind_API_TaiwanStockPrice_6669,True,2026-09-22T15:43:09,2026-09-22T15:43:09,2026-09-22T15:43:09
6669,緯穎,2024-09-16,1820.0,40.0,2.25%,88.83000000000001,20.49,1332.45,1598.94,1865.43,2131.92,2398.41,2664.9,ShowDailyK_ChartFlow,FinMind_API_TaiwanStockPrice_6669,True,2026-09-22T15:43:09,2026-09-22T15:43:09,2026-09-22T15:43:09
6669,緯穎,2024-09-18,1715.0,-105.0,-5.77%,88.83000000000001,19.31,1332.45,1598.94,1865.43,2131.92,2398.41,2664.9,ShowDailyK_ChartFlow,FinMind_API_TaiwanStockPrice_6669,True,2026-09-22T15:43:09,2026-09-22T15:43:09,2026-09-22T15:43:09
6669,緯穎,2024-09-19,1820.0,105.0,6.12%,88.83000000000001,20.49,1332.45,1598.94,1865.43,2131.92,2398.41,2664.9,ShowDailyK_ChartFlow,FinMind_API_TaiwanStockPrice_6669,True,2026-09-22T15:43:09,2026-09-22T15:43:09,2026-09-22T15:43:09
6669,緯穎,2024-09-20,1770.0,-50.0,-2.75%,88.83000000000001,19.93,1332.45,1598.94,1865.43,2131.92,2398.41,2664.9,ShowDailyK_ChartFlow,FinMind_API_TaiwanStockPrice_6669,True,2026-09-22T15:43:09,2026-09-22T15:43:09,2026-09-22T15:43:09
6669,緯穎,2024-09-23,1775.0,5.0,0.28%,88.83000000000001,19.98,1332.45,1598.94,1865.43,2131.92,2398.41,2664.9,ShowDailyK_ChartFlow,FinMind_API_TaiwanStockPrice_6669,True,2026-09-22T15:43:09,2026-09-22T15:43:09,2026-09-22T15:43:09
6669,緯穎,2024-09-24,1795.0,20.0,1.13%,88.83000000000001,20.21,1332.45,1598.94,1865.43,2131.92,2398.41,2664.9,ShowDailyK_ChartFlow,FinMind_API_TaiwanStockPrice_6669,True,2026-09-22T15:43:09,2026-09-22T15:43:09,2026-09-22T15:43:09
6669,緯穎,2024-09-25,1825.0,30.0,1.67%,88.83000000000001,20.54,1332.45,1598.94,1865.43,2131.92,2398.41,2664.9,ShowDailyK_ChartFlow,FinMind_API_TaiwanStockPrice_6669,True,2026-09-22T15:43:09,2026-09-22T15:43:09,2026-09-22T15:43:09
6669,緯穎,2024-09-26,1825.0,0.0,0.00%,88.83000000000001,20.54,1332.45,1598.94,1865.43,2131.92,2398.41,2664.9,ShowDailyK_ChartFlow,FinMind_API_TaiwanStockPrice_6669,True,2026-09-22T15:43:09,2026-09-22T15:43:09,2026-09-22T15:43:09
6669,緯穎,2024-09-27,1825.0,0.0,0.00%,88.83000000000001,20.54,1332.45,1598.94,1865.43,2131.92,2398.41,2664.9,ShowDailyK_ChartFlow,FinMind_API_TaiwanStockPrice_6669,True,2026-09-22T15:43:09,2026-09-22T15:43:09,2026-09-22T15:43:09
6669,緯穎,2024-09-30,1715.0,-110.0,-6.03%,108.23,19.31,1623.45,1948.14,2272.83,2597.52,2922.21,3246.9,ShowDailyK_ChartFlow,FinMind_API_TaiwanStockPrice_6669,True,2026-09-22T15:43:09,2026-09-22T15:43:09,2026-09-22T15:43:09
6669,緯穎,2024-10-01,1755.0,40.0,2.33%,108.23,19.76,1623.45,1948.14,2272.83,2597.52,2922.21,3246.9,ShowDailyK_ChartFlow,FinMind_API_TaiwanStockPrice_6669,True,2026-09-22T15:43:09,2026-09-22T15:43:09,2026-09-22T15:43:09
6669,緯穎,2024-10-04,1730.0,-25.0,-1.42%,108.23,19.48,1623.45,1948.14,2272.83,2597.52,2922.21,3246.9,ShowDailyK_ChartFlow,FinMind_API_TaiwanStockPrice_6669,True,2026-09-22T15:43:09,2026-09-22T15:43:09,2026-09-22T15:43:09
6669,緯穎,2024-10-07,1705.0,-25.0,-1.45%,108.23,19.19,1623.45,1948.14,2272.83,2597.52,2922.21,3246.9,ShowDailyK_ChartFlow,FinMind_API_TaiwanStockPrice_6669,True,2026-09-22T15:43:09,2026-09-22T15:43:09,2026-09-22T15:43:09
6669,緯穎,2024-10-08,1745.0,40.0,2.35%,108.23,19.64,1623.45,1948.14,2272.83,2597.52,2922.21,3246.9,ShowDailyK_ChartFlow,FinMind_API_TaiwanStockPrice_6669,True,2026-09-22T15:43:09,2026-09-22T15:43:09,2026-09-22T15:43:09
6669,緯穎,2024-10-09,1805.0,60.0,3.44%,108.23,20.32,1623.45,1948.14,2272.83,2597.52,2922.21,3246.9,ShowDailyK_ChartFlow,FinMind_API_TaiwanStockPrice_6669,True,2026-09-22T15:43:09,2026-09-22T15:43:09,2026-09-22T15:43:09
6669,緯穎,2024-10-11,1895.0,90.0,4.99%,108.23,21.33,1623.45,1948.14,2272.83,2597.52,2922.21,3246.9,ShowDailyK_ChartFlow,FinMind_API_TaiwanStockPrice_6669,True,2026-09-22T15:43:09,2026-09-22T15:43:09,2026-09-22T15:43:09
6669,緯穎,2024-10-14,1990.0,95.0,5.01%,108.23,22.4,1623.45,1948.14,2272.83,2597.52,2922.21,3246.9,ShowDailyK_ChartFlow,FinMind_API_TaiwanStockPrice_6669,True,2026-09-22T15:43:09,2026-09-22T15:43:09,2026-09-22T15:43:09
6669,緯穎,2024-10-15,1965.0,-25.0,-1.26%,108.23,22.12,1623.45,1948.14,2272.83,2597.52,2922.21,3246.9,ShowDailyK_ChartFlow,FinMind_API_TaiwanStockPrice_6669,True,2026-09-22T15:43:09,2026-09-22T15:43:09,2026-09-22T15:43:09
6669,緯穎,2024-10-16,1930.0,-35.0,-1.78%,108.23,21.73,1623.45,1948.14,2272.83,2597.52,2922.21,3246.9,ShowDailyK_ChartFlow,FinMind_API_TaiwanStockPrice_6669,True,2026-09-22T15:43:09,2026-09-22T15:43:09,2026-09-22T15:43:09
6669,緯穎,2024-10-17,1950.0,20.0,1.04%,108.23,21.95,1623.45,1948.14,2272.83,2597.52,2922.21,3246.9,ShowDailyK_ChartFlow,FinMind_API_TaiwanStockPrice_6669,True,2026-09-22T15:43:09,2026-09-22T15:43:09,2026-09-22T15:43:09
6669,緯穎,2024-10-18,1935.0,-15.0,-0.77%,108.23,21.78,1623.45,1948.14,2272.83,2597.52,2922.21,3246.9,ShowDailyK_ChartFlow,FinMind_API_TaiwanStockPrice_6669,True,2026-09-22T15:43:09,2026-09-22T15:43:09,2026-09-22T15:43:09
6669,緯穎,2024-10-21,1975.0,40.0,2.07%,108.23,22.23,1623.45,1948.14,2272.83,2597.52,2922.21,3246.9,ShowDailyK_ChartFlow,FinMind_API_TaiwanStockPrice_6669,True,2026-09-22T15:43:09,2026-09-22T15:43:09,2026-09-22T15:43:09
6669,緯穎,2024-10-22,2025.0,50.0,2.53%,108.23,22.8,1623.45,1948.14,2272.83,2597.52,2922.21,3246.9,ShowDailyK_ChartFlow,FinMind_API_TaiwanStockPrice_6669,True,2026-09-22T15:43:09,2026-09-22T15:43:09,2026-09-22T15:43:09
6669,緯穎,2024-10-23,2045.0,20.0,0.99%,108.23,23.02,1623.45,1948.14,2272.83,2597.52,2922.21,3246.9,ShowDailyK_ChartFlow,FinMind_API_TaiwanStockPrice_6669,True,2026-09-22T15:43:09,2026-09-22T15:43:09,2026-09-22T15:43:09
6669,緯穎,2024-10-24,1985.0,-60.0,-2.93%,108.23,22.35,1623.45,1948.14,2272.83,2597.52,2922.21,3246.9,ShowDailyK_ChartFlow,FinMind_API_TaiwanStockPrice_6669,True,2026-09-22T15:43:09,2026-09-22T15:43:09,2026-09-22T15:43:09
6669,緯穎,2024-10-25,1980.0,-5.0,-0.25%,108.23,22.29,1623.45,1948.14,2272.83,2597.52,2922.21,3246.9,ShowDailyK_ChartFlow,FinMind_API_TaiwanStockPrice_6669,True,2026-09-22T15:43:09,2026-09-22T15:43:09,2026-09-22T15:43:09
6669,緯穎,2024-10-28,1970.0,-10.0,-0.51%,108.23,22.18,1623.45,1948.14,2272.83,2597.52,2922.21,3246.9,ShowDailyK_ChartFlow,FinMind_API_TaiwanStockPrice_6669,True,2026-09-22T15:43:09,2026-09-22T15:43:09,2026-09-22T15:43:09
6669,緯穎,2024-10-29,1920.0,-50.0,-2.54%,108.23,21.61,1623.45,1948.14,2272.83,2597.52,2922.21,3246.9,ShowDailyK_ChartFlow,FinMind_API_TaiwanStockPrice_6669,True,2026-09-22T15:43:09,2026-09-22T15:43:09,2026-09-22T15:43:09
6669,緯穎,2024-10-30,1905.0,-15.0,-0.78%,108.23,21.45,1623.45,1948.14,2272.83,2597.52,2922.21,3246.9,ShowDailyK_ChartFlow,FinMind_API_TaiwanStockPrice_6669,True,2026-09-22T15:43:09,2026-09-22T15:43:09,2026-09-22T15:43:09
6669,緯穎,2024-11-01,1865.0,-40.0,-2.10%,108.23,21.0,1623.45,1948.14,2272.83,2597.52,2922.21,3246.9,ShowDailyK_ChartFlow,FinMind_API_TaiwanStockPrice_6669,True,2026-09-22T15:43:09,2026-09-22T15:43:09,2026-09-22T15:43:09
6669,緯穎,2024-11-04,1960.0,95.0,5.09%,108.23,22.06,1623.45,1948.14,2272.83,2597.52,2922.21,3246.9,ShowDailyK_ChartFlow,FinMind_API_TaiwanStockPrice_6669,True,2026-09-22T15:43:09,2026-09-22T15:43:09,2026-09-22T15:43:09
6669,緯穎,2024-11-05,1930.0,-30.0,-1.53%,108.23,21.73,1623.45,1948.14,2272.83,2597.52,2922.21,3246.9,ShowDailyK_ChartFlow,FinMind_API_TaiwanStockPrice_6669,True,2026-09-22T15:43:09,2026-09-22T15:43:09,2026-09-22T15:43:09
6669,緯穎,2024-11-06,1990.0,60.0,3.11%,108.23,22.4,1623.45,1948.14,2272.83,2597.52,2922.21,3246.9,ShowDailyK_ChartFlow,FinMind_API_TaiwanStockPrice_6669,True,2026-09-22T15:43:09,2026-09-22T15:43:09,2026-09-22T15:43:09
6669,緯穎,2024-11-07,2000.0,10.0,0.50%,108.23,22.51,1623.45,1948.14,2272.83,2597.52,2922.21,3246.9,ShowDailyK_ChartFlow,FinMind_API_TaiwanStockPrice_6669,True,2026-09-22T15:43:09,2026-09-22T15:43:09,2026-09-22T15:43:09
6669,緯穎,2024-11-08,2060.0,60.0,3.00%,108.23,23.19,1623.45,1948.14,2272.83,2597.52,2922.21,3246.9,ShowDailyK_ChartFlow,FinMind_API_TaiwanStockPrice_6669,True,2026-09-22T15:43:09,2026-09-22T15:43:09,2026-09-22T15:43:09
6669,緯穎,2024-11-11,2085.0,25.0,1.21%,108.23,23.47,1623.45,1948.14,2272.83,2597.52,2922.21,3246.9,ShowDailyK_ChartFlow,FinMind_API_TaiwanStockPrice_6669,True,2026-09-22T15:43:09,2026-09-22T15:43:09,2026-09-22T15:43:09
6669,緯穎,2024-11-12,2100.0,15.0,0.72%,108.23,23.64,1623.45,1948.14,2272.83,2597.52,2922.21,3246.9,ShowDailyK_ChartFlow,FinMind_API_TaiwanStockPrice_6669,True,2026-09-22T15:43:09,2026-09-22T15:43:09,2026-09-22T15:43:09
6669,緯穎,2024-11-13,2140.0,40.0,1.90%,108.23,24.09,1623.45,1948.14,2272.83,2597.52,2922.21,3246.9,ShowDailyK_ChartFlow,FinMind_API_TaiwanStockPrice_6669,True,2026-09-22T15:43:09,2026-09-22T15:43:09,2026-09-22T15:43:09
6669,緯穎,2024-11-14,2260.0,120.0,5.61%,108.23,21.83,1623.45,1948.14,2272.83,2597.52,2922.21,3246.9,ShowDailyK_ChartFlow,FinMind_API_TaiwanStockPrice_6669,True,2026-09-22T15:43:09,2026-09-22T15:43:09,2026-09-22T15:43:09
6669,緯穎,2024-11-15,2160.0,-100.0,-4.42%,108.23,20.86,1623.45,1948.14,2272.83,2597.52,2922.21,3246.9,ShowDailyK_ChartFlow,FinMind_API_TaiwanStockPrice_6669,True,2026-09-22T15:43:09,2026-09-22T15:43:09,2026-09-22T15:43:09
6669,緯穎,2024-11-18,2065.0,-95.0,-4.40%,108.23,19.94,1623.45,1948.14,2272.83,2597.52,2922.21,3246.9,ShowDailyK_ChartFlow,FinMind_API_TaiwanStockPrice_6669,True,2026-09-22T15:43:09,2026-09-22T15:43:09,2026-09-22T15:43:09
6669,緯穎,2024-11-19,2085.0,20.0,0.97%,108.23,20.14,1623.45,1948.14,2272.83,2597.52,2922.21,3246.9,ShowDailyK_ChartFlow,FinMind_API_TaiwanStockPrice_6669,True,2026-09-22T15:43:09,2026-09-22T15:43:09,2026-09-22T15:43:09
6669,緯穎,2024-11-20,2080.0,-5.0,-0.24%,108.23,20.09,1623.45,1948.14,2272.83,2597.52,2922.21,3246.9,ShowDailyK_ChartFlow,FinMind_API_TaiwanStockPrice_6669,True,2026-09-22T15:43:09,2026-09-22T15:43:09,2026-09-22T15:43:09
6669,緯穎,2024-11-21,2035.0,-45.0,-2.16%,108.23,19.65,1623.45,1948.14,2272.83,2597.52,2922.21,3246.9,ShowDailyK_ChartFlow,FinMind_API_TaiwanStockPrice_6669,True,2026-09-22T15:43:09,2026-09-22T15:43:09,2026-09-22T15:43:09
6669,緯穎,2024-11-22,2130.0,95.0,4.67%,108.23,20.57,1623.45,1948.14,2272.83,2597.52,2922.21,3246.9,ShowDailyK_ChartFlow,FinMind_API_TaiwanStockPrice_6669,True,2026-09-22T15:43:09,2026-09-22T15:43:09,2026-09-22T15:43:09
6669,緯穎,2024-11-25,2200.0,70.0,3.29%,108.23,21.25,1623.45,1948.14,2272.83,2597.52,2922.21,3246.9,ShowDailyK_ChartFlow,FinMind_API_TaiwanStockPrice_6669,True,2026-09-22T15:43:09,2026-09-22T15:43:09,2026-09-22T15:43:09
6669,緯穎,2024-11-26,2115.0,-85.0,-3.86%,108.23,20.42,1623.45,1948.14,2272.83,2597.52,2922.21,3246.9,ShowDailyK_ChartFlow,FinMind_API_TaiwanStockPrice_6669,True,2026-09-22T15:43:09,2026-09-22T15:43:09,2026-09-22T15:43:09
6669,緯穎,2024-11-27,1910.0,-205.0,-9.69%,108.23,18.45,1623.45,1948.14,2272.83,2597.52,2922.21,3246.9,ShowDailyK_ChartFlow,FinMind_API_TaiwanStockPrice_6669,True,2026-09-22T15:43:09,2026-09-22T15:43:09,2026-09-22T15:43:09
6669,緯穎,2024-11-28,1980.0,70.0,3.66%,108.23,19.12,1623.45,1948.14,2272.83,2597.52,2922.21,3246.9,ShowDailyK_ChartFlow,FinMind_API_TaiwanStockPrice_6669,True,2026-09-22T15:43:09,2026-09-22T15:43:09,2026-09-22T15:43:09
6669,緯穎,2024-11-29,1935.0,-45.0,-2.27%,108.23,18.69,1623.45,1948.14,2272.83,2597.52,2922.21,3246.9,ShowDailyK_ChartFlow,FinMind_API_TaiwanStockPrice_6669,True,2026-09-22T15:43:09,2026-09-22T15:43:09,2026-09-22T15:43:09
6669,緯穎,2024-12-02,1955.0,20.0,1.03%,108.23,18.88,1623.45,1948.14,2272.83,2597.52,2922.21,3246.9,ShowDailyK_ChartFlow,FinMind_API_TaiwanStockPrice_6669,True,2026-09-22T15:43:09,2026-09-22T15:43:09,2026-09-22T15:43:09
6669,緯穎,2024-12-03,2020.0,65.0,3.32%,108.23,19.51,1623.45,1948.14,2272.83,2597.52,2922.21,3246.9,ShowDailyK_ChartFlow,FinMind_API_TaiwanStockPrice_6669,True,2026-09-22T15:43:09,2026-09-22T15:43:09,2026-09-22T15:43:09
6669,緯穎,2024-12-04,2190.0,170.0,8.42%,108.23,21.15,1623.45,1948.14,2272.83,2597.52,2922.21,3246.9,ShowDailyK_ChartFlow,FinMind_API_TaiwanStockPrice_6669,True,2026-09-22T15:43:09,2026-09-22T15:43:09,2026-09-22T15:43:09
6669,緯穎,2024-12-05,2325.0,135.0,6.16%,108.23,22.45,1623.45,1948.14,2272.83,2597.52,2922.21,3246.9,ShowDailyK_ChartFlow,FinMind_API_TaiwanStockPrice_6669,True,2026-09-22T15:43:09,2026-09-22T15:43:09,2026-09-22T15:43:09
6669,緯穎,2024-12-06,2410.0,85.0,3.66%,108.23,23.27,1623.45,1948.14,2272.83,2597.52,2922.21,3246.9,ShowDailyK_ChartFlow,FinMind_API_TaiwanStockPrice_6669,True,2026-09-22T15:43:09,2026-09-22T15:43:09,2026-09-22T15:43:09
6669,緯穎,2024-12-09,2485.0,75.0,3.11%,108.23,24.0,1623.45,1948.14,2272.83,2597.52,2922.21,3246.9,ShowDailyK_ChartFlow,FinMind_API_TaiwanStockPrice_6669,True,2026-09-22T15:43:09,2026-09-22T15:43:09,2026-09-22T15:43:09
6669,緯穎,2024-12-10,2435.0,-50.0,-2.01%,108.23,23.52,1623.45,1948.14,2272.83,2597.52,2922.21,3246.9,ShowDailyK_ChartFlow,FinMind_API_TaiwanStockPrice_6669,True,2026-09-22T15:43:09,2026-09-22T15:43:09,2026-09-22T15:43:09
6669,緯穎,2024-12-11,2480.0,45.0,1.85%,108.23,23.95,1623.45,1948.14,2272.83,2597.52,2922.21,3246.9,ShowDailyK_ChartFlow,FinMind_API_TaiwanStockPrice_6669,True,2026-09-22T15:43:09,2026-09-22T15:43:09,2026-09-22T15:43:09
6669,緯穎,2024-12-12,2465.0,-15.0,-0.60%,108.23,23.8,1623.45,1948.14,2272.83,2597.52,2922.21,3246.9,ShowDailyK_ChartFlow,FinMind_API_TaiwanStockPrice_6669,True,2026-09-22T15:43:09,2026-09-22T15:43:09,2026-09-22T15:43:09
6669,緯穎,2024-12-13,2515.0,50.0,2.03%,108.23,24.29,1623.45,1948.14,2272.83,2597.52,2922.21,3246.9,ShowDailyK_ChartFlow,FinMind_API_TaiwanStockPrice_6669,True,2026-09-22T15:43:09,2026-09-22T15:43:09,2026-09-22T15:43:09
6669,緯穎,2024-12-16,2500.0,-15.0,-0.60%,108.23,24.14,1623.45,1948.14,2272.83,2597.52,2922.21,3246.9,ShowDailyK_ChartFlow,FinMind_API_TaiwanStockPrice_6669,True,2026-09-22T15:43:09,2026-09-22T15:43:09,2026-09-22T15:43:09
6669,緯穎,2024-12-17,2605.0,105.0,4.20%,108.23,25.16,1623.45,1948.14,2272.83,2597.52,2922.21,3246.9,ShowDailyK_ChartFlow,FinMind_API_TaiwanStockPrice_6669,True,2026-09-22T15:43:09,2026-09-22T15:43:09,2026-09-22T15:43:09
6669,緯穎,2024-12-18,2565.0,-40.0,-1.54%,108.23,24.77,1623.45,1948.14,2272.83,2597.52,2922.21,3246.9,ShowDailyK_ChartFlow,FinMind_API_TaiwanStockPrice_6669,True,2026-09-22T15:43:09,2026-09-22T15:43:09,2026-09-22T15:43:09
6669,緯穎,2024-12-19,2670.0,105.0,4.09%,108.23,25.78,1623.45,1948.14,2272.83,2597.52,2922.21,3246.9,ShowDailyK_ChartFlow,FinMind_API_TaiwanStockPrice_6669,True,2026-09-22T15:43:09,2026-09-22T15:43:09,2026-09-22T15:43:09
6669,緯穎,2024-12-20,2640.0,-30.0,-1.12%,108.23,25.49,1623.45,1948.14,2272.83,2597.52,2922.21,3246.9,ShowDailyK_ChartFlow,FinMind_API_TaiwanStockPrice_6669,True,2026-09-22T15:43:09,2026-09-22T15:43:09,2026-09-22T15:43:09
6669,緯穎,2024-12-23,2650.0,10.0,0.38%,108.23,25.59,1623.45,1948.14,2272.83,2597.52,2922.21,3246.9,ShowDailyK_ChartFlow,FinMind_API_TaiwanStockPrice_6669,True,2026-09-22T15:43:09,2026-09-22T15:43:09,2026-09-22T15:43:09
6669,緯穎,2024-12-24,2535.0,-115.0,-4.34%,108.23,24.48,1623.45,1948.14,2272.83,2597.52,2922.21,3246.9,ShowDailyK_ChartFlow,FinMind_API_TaiwanStockPrice_6669,True,2026-09-22T15:43:09,2026-09-22T15:43:09,2026-09-22T15:43:09
6669,緯穎,2024-12-25,2585.0,50.0,1.97%,108.23,24.96,1623.45,1948.14,2272.83,2597.52,2922.21,3246.9,ShowDailyK_ChartFlow,FinMind_API_TaiwanStockPrice_6669,True,2026-09-22T15:43:09,2026-09-22T15:43:09,2026-09-22T15:43:09
6669,緯穎,2024-12-26,2570.0,-15.0,-0.58%,108.23,24.82,1623.45,1948.14,2272.83,2597.52,2922.21,3246.9,ShowDailyK_ChartFlow,FinMind_API_TaiwanStockPrice_6669,True,2026-09-22T15:43:09,2026-09-22T15:43:09,2026-09-22T15:43:09
6669,緯穎,2024-12-27,2595.0,25.0,0.97%,108.23,25.06,1623.45,1948.14,2272.83,2597.52,2922.21,3246.9,ShowDailyK_ChartFlow,FinMind_API_TaiwanStockPrice_6669,True,2026-09-22T15:43:09,2026-09-22T15:43:09,2026-09-22T15:43:09
6669,緯穎,2024-12-30,2550.0,-45.0,-1.73%,108.23,24.63,1623.45,1948.14,2272.83,2597.52,2922.21,3246.9,ShowDailyK_ChartFlow,FinMind_API_TaiwanStockPrice_6669,True,2026-09-22T15:43:09,2026-09-22T15:43:09,2026-09-22T15:43:09
6669,緯穎,2024-12-31,2620.0,70.0,2.75%,126.32000000000001,25.3,1894.8,2273.76,2652.72,3031.68,3410.64,3789.6,ShowDailyK_ChartFlow,FinMind_API_TaiwanStockPrice_6669,True,2026-09-22T15:43:09,2026-09-22T15:43:09,2026-09-22T15:43:09
6669,緯穎,2025-01-02,2550.0,-70.0,-2.67%,126.32000000000001,24.63,1894.8,2273.76,2652.72,3031.68,3410.64,3789.6,ShowDailyK_ChartFlow,FinMind_API_TaiwanStockPrice_6669,True,2026-09-22T15:43:09,2026-09-22T15:43:09,2026-09-22T15:43:09
6669,緯穎,2025-01-03,2610.0,60.0,2.35%,126.32000000000001,25.21,1894.8,2273.76,2652.72,3031.68,3410.64,3789.6,ShowDailyK_ChartFlow,FinMind_API_TaiwanStockPrice_6669,True,2026-09-22T15:43:09,2026-09-22T15:43:09,2026-09-22T15:43:09
6669,緯穎,2025-01-06,2700.0,90.0,3.45%,126.32000000000001,26.07,1894.8,2273.76,2652.72,3031.68,3410.64,3789.6,ShowDailyK_ChartFlow,FinMind_API_TaiwanStockPrice_6669,True,2026-09-22T15:43:09,2026-09-22T15:43:09,2026-09-22T15:43:09
6669,緯穎,2025-01-07,2770.0,70.0,2.59%,126.32000000000001,26.75,1894.8,2273.76,2652.72,3031.68,3410.64,3789.6,ShowDailyK_ChartFlow,FinMind_API_TaiwanStockPrice_6669,True,2026-09-22T15:43:09,2026-09-22T15:43:09,2026-09-22T15:43:09
6669,緯穎,2025-01-08,2755.0,-15.0,-0.54%,126.32000000000001,26.61,1894.8,2273.76,2652.72,3031.68,3410.64,3789.6,ShowDailyK_ChartFlow,FinMind_API_TaiwanStockPrice_6669,True,2026-09-22T15:43:09,2026-09-22T15:43:09,2026-09-22T15:43:09
6669,緯穎,2025-01-09,2615.0,-140.0,-5.08%,126.32000000000001,25.25,1894.8,2273.76,2652.72,3031.68,3410.64,3789.6,ShowDailyK_ChartFlow,FinMind_API_TaiwanStockPrice_6669,True,2026-09-22T15:43:09,2026-09-22T15:43:09,2026-09-22T15:43:09
6669,緯穎,2025-01-10,2535.0,-80.0,-3.06%,126.32000000000001,24.48,1894.8,2273.76,2652.72,3031.68,3410.64,3789.6,ShowDailyK_ChartFlow,FinMind_API_TaiwanStockPrice_6669,True,2026-09-22T15:43:09,2026-09-22T15:43:09,2026-09-22T15:43:09
6669,緯穎,2025-01-13,2425.0,-110.0,-4.34%,126.32000000000001,23.42,1894.8,2273.76,2652.72,3031.68,3410.64,3789.6,ShowDailyK_ChartFlow,FinMind_API_TaiwanStockPrice_6669,True,2026-09-22T15:43:09,2026-09-22T15:43:09,2026-09-22T15:43:09
6669,緯穎,2025-01-14,2440.0,15.0,0.62%,126.32000000000001,23.56,1894.8,2273.76,2652.72,3031.68,3410.64,3789.6,ShowDailyK_ChartFlow,FinMind_API_TaiwanStockPrice_6669,True,2026-09-22T15:43:09,2026-09-22T15:43:09,2026-09-22T15:43:09
6669,緯穎,2025-01-15,2330.0,-110.0,-4.51%,126.32000000000001,22.5,1894.8,2273.76,2652.72,3031.68,3410.64,3789.6,ShowDailyK_ChartFlow,FinMind_API_TaiwanStockPrice_6669,True,2026-09-22T15:43:09,2026-09-22T15:43:09,2026-09-22T15:43:09
6669,緯穎,2025-01-16,2395.0,65.0,2.79%,126.32000000000001,23.13,1894.8,2273.76,2652.72,3031.68,3410.64,3789.6,ShowDailyK_ChartFlow,FinMind_API_TaiwanStockPrice_6669,True,2026-09-22T15:43:09,2026-09-22T15:43:09,2026-09-22T15:43:09
6669,緯穎,2025-01-17,2415.0,20.0,0.84%,126.32000000000001,23.32,1894.8,2273.76,2652.72,3031.68,3410.64,3789.6,ShowDailyK_ChartFlow,FinMind_API_TaiwanStockPrice_6669,True,2026-09-22T15:43:09,2026-09-22T15:43:09,2026-09-22T15:43:09
6669,緯穎,2025-01-20,2450.0,35.0,1.45%,126.32000000000001,23.66,1894.8,2273.76,2652.72,3031.68,3410.64,3789.6,ShowDailyK_ChartFlow,FinMind_API_TaiwanStockPrice_6669,True,2026-09-22T15:43:09,2026-09-22T15:43:09,2026-09-22T15:43:09
6669,緯穎,2025-01-21,2365.0,-85.0,-3.47%,126.32000000000001,22.84,1894.8,2273.76,2652.72,3031.68,3410.64,3789.6,ShowDailyK_ChartFlow,FinMind_API_TaiwanStockPrice_6669,True,2026-09-22T15:43:09,2026-09-22T15:43:09,2026-09-22T15:43:09
6669,緯穎,2025-01-22,2240.0,-125.0,-5.29%,126.32000000000001,21.63,1894.8,2273.76,2652.72,3031.68,3410.64,3789.6,ShowDailyK_ChartFlow,FinMind_API_TaiwanStockPrice_6669,True,2026-09-22T15:43:09,2026-09-22T15:43:09,2026-09-22T15:43:09
6669,緯穎,2025-02-03,2020.0,-220.0,-9.82%,126.32000000000001,19.51,1894.8,2273.76,2652.72,3031.68,3410.64,3789.6,ShowDailyK_ChartFlow,FinMind_API_TaiwanStockPrice_6669,True,2026-09-22T15:43:09,2026-09-22T15:43:09,2026-09-22T15:43:09
6669,緯穎,2025-02-04,2010.0,-10.0,-0.50%,126.32000000000001,19.41,1894.8,2273.76,2652.72,3031.68,3410.64,3789.6,ShowDailyK_ChartFlow,FinMind_API_TaiwanStockPrice_6669,True,2026-09-22T15:43:09,2026-09-22T15:43:09,2026-09-22T15:43:09
6669,緯穎,2025-02-05,2095.0,85.0,4.23%,126.32000000000001,20.23,1894.8,2273.76,2652.72,3031.68,3410.64,3789.6,ShowDailyK_ChartFlow,FinMind_API_TaiwanStockPrice_6669,True,2026-09-22T15:43:09,2026-09-22T15:43:09,2026-09-22T15:43:09
6669,緯穎,2025-02-06,2120.0,25.0,1.19%,126.32000000000001,20.47,1894.8,2273.76,2652.72,3031.68,3410.64,3789.6,ShowDailyK_ChartFlow,FinMind_API_TaiwanStockPrice_6669,True,2026-09-22T15:43:09,2026-09-22T15:43:09,2026-09-22T15:43:09
6669,緯穎,2025-02-07,2190.0,70.0,3.30%,126.32000000000001,21.15,1894.8,2273.76,2652.72,3031.68,3410.64,3789.6,ShowDailyK_ChartFlow,FinMind_API_TaiwanStockPrice_6669,True,2026-09-22T15:43:09,2026-09-22T15:43:09,2026-09-22T15:43:09
6669,緯穎,2025-02-10,2175.0,-15.0,-0.68%,126.32000000000001,21.0,1894.8,2273.76,2652.72,3031.68,3410.64,3789.6,ShowDailyK_ChartFlow,FinMind_API_TaiwanStockPrice_6669,True,2026-09-22T15:43:09,2026-09-22T15:43:09,2026-09-22T15:43:09
6669,緯穎,2025-02-11,2225.0,50.0,2.30%,126.32000000000001,21.49,1894.8,2273.76,2652.72,3031.68,3410.64,3789.6,ShowDailyK_ChartFlow,FinMind_API_TaiwanStockPrice_6669,True,2026-09-22T15:43:09,2026-09-22T15:43:09,2026-09-22T15:43:09
6669,緯穎,2025-02-12,2220.0,-5.0,-0.22%,126.32000000000001,21.44,1894.8,2273.76,2652.72,3031.68,3410.64,3789.6,ShowDailyK_ChartFlow,FinMind_API_TaiwanStockPrice_6669,True,2026-09-22T15:43:09,2026-09-22T15:43:09,2026-09-22T15:43:09
6669,緯穎,2025-02-13,2120.0,-100.0,-4.50%,126.32000000000001,20.47,1894.8,2273.76,2652.72,3031.68,3410.64,3789.6,ShowDailyK_ChartFlow,FinMind_API_TaiwanStockPrice_6669,True,2026-09-22T15:43:09,2026-09-22T15:43:09,2026-09-22T15:43:09
6669,緯穎,2025-02-14,2045.0,-75.0,-3.54%,126.32000000000001,19.75,1894.8,2273.76,2652.72,3031.68,3410.64,3789.6,ShowDailyK_ChartFlow,FinMind_API_TaiwanStockPrice_6669,True,2026-09-22T15:43:09,2026-09-22T15:43:09,2026-09-22T15:43:09
6669,緯穎,2025-02-17,2090.0,45.0,2.20%,126.32000000000001,20.18,1894.8,2273.76,2652.72,3031.68,3410.64,3789.6,ShowDailyK_ChartFlow,FinMind_API_TaiwanStockPrice_6669,True,2026-09-22T15:43:09,2026-09-22T15:43:09,2026-09-22T15:43:09
6669,緯穎,2025-02-18,2180.0,90.0,4.31%,126.32000000000001,21.05,1894.8,2273.76,2652.72,3031.68,3410.64,3789.6,ShowDailyK_ChartFlow,FinMind_API_TaiwanStockPrice_6669,True,2026-09-22T15:43:09,2026-09-22T15:43:09,2026-09-22T15:43:09
6669,緯穎,2025-02-19,2115.0,-65.0,-2.98%,126.32000000000001,20.42,1894.8,2273.76,2652.72,3031.68,3410.64,3789.6,ShowDailyK_ChartFlow,FinMind_API_TaiwanStockPrice_6669,True,2026-09-22T15:43:09,2026-09-22T15:43:09,2026-09-22T15:43:09
6669,緯穎,2025-02-20,2080.0,-35.0,-1.65%,126.32000000000001,20.09,1894.8,2273.76,2652.72,3031.68,3410.64,3789.6,ShowDailyK_ChartFlow,FinMind_API_TaiwanStockPrice_6669,True,2026-09-22T15:43:09,2026-09-22T15:43:09,2026-09-22T15:43:09
6669,緯穎,2025-02-21,2080.0,0.0,0.00%,126.32000000000001,20.09,1894.8,2273.76,2652.72,3031.68,3410.64,3789.6,ShowDailyK_ChartFlow,FinMind_API_TaiwanStockPrice_6669,True,2026-09-22T15:43:09,2026-09-22T15:43:09,2026-09-22T15:43:09
6669,緯穎,2025-02-24,2040.0,-40.0,-1.92%,126.32000000000001,19.7,1894.8,2273.76,2652.72,3031.68,3410.64,3789.6,ShowDailyK_ChartFlow,FinMind_API_TaiwanStockPrice_6669,True,2026-09-22T15:43:09,2026-09-22T15:43:09,2026-09-22T15:43:09
6669,緯穎,2025-02-25,1935.0,-105.0,-5.15%,126.32000000000001,18.69,1894.8,2273.76,2652.72,3031.68,3410.64,3789.6,ShowDailyK_ChartFlow,FinMind_API_TaiwanStockPrice_6669,True,2026-09-22T15:43:09,2026-09-22T15:43:09,2026-09-22T15:43:09
6669,緯穎,2025-02-26,2025.0,90.0,4.65%,126.32000000000001,19.56,1894.8,2273.76,2652.72,3031.68,3410.64,3789.6,ShowDailyK_ChartFlow,FinMind_API_TaiwanStockPrice_6669,True,2026-09-22T15:43:09,2026-09-22T15:43:09,2026-09-22T15:43:09
6669,緯穎,2025-02-27,1965.0,-60.0,-2.96%,126.32000000000001,18.98,1894.8,2273.76,2652.72,3031.68,3410.64,3789.6,ShowDailyK_ChartFlow,FinMind_API_TaiwanStockPrice_6669,True,2026-09-22T15:43:09,2026-09-22T15:43:09,2026-09-22T15:43:09
6669,緯穎,2025-03-03,1920.0,-45.0,-2.29%,126.32000000000001,15.67,1894.8,2273.76,2652.72,3031.68,3410.64,3789.6,ShowDailyK_ChartFlow,FinMind_API_TaiwanStockPrice_6669,True,2026-09-22T15:43:09,2026-09-22T15:43:09,2026-09-22T15:43:09
6669,緯穎,2025-03-04,1935.0,15.0,0.78%,126.32000000000001,15.79,1894.8,2273.76,2652.72,3031.68,3410.64,3789.6,ShowDailyK_ChartFlow,FinMind_API_TaiwanStockPrice_6669,True,2026-09-22T15:43:09,2026-09-22T15:43:09,2026-09-22T15:43:09
6669,緯穎,2025-03-05,2050.0,115.0,5.94%,126.32000000000001,16.73,1894.8,2273.76,2652.72,3031.68,3410.64,3789.6,ShowDailyK_ChartFlow,FinMind_API_TaiwanStockPrice_6669,True,2026-09-22T15:43:09,2026-09-22T15:43:09,2026-09-22T15:43:09
6669,緯穎,2025-03-06,2060.0,10.0,0.49%,126.32000000000001,16.81,1894.8,2273.76,2652.72,3031.68,3410.64,3789.6,ShowDailyK_ChartFlow,FinMind_API_TaiwanStockPrice_6669,True,2026-09-22T15:43:09,2026-09-22T15:43:09,2026-09-22T15:43:09
6669,緯穎,2025-03-07,2030.0,-30.0,-1.46%,126.32000000000001,16.56,1894.8,2273.76,2652.72,3031.68,3410.64,3789.6,ShowDailyK_ChartFlow,FinMind_API_TaiwanStockPrice_6669,True,2026-09-22T15:43:09,2026-09-22T15:43:09,2026-09-22T15:43:09
6669,緯穎,2025-03-10,2000.0,-30.0,-1.48%,126.32000000000001,16.32,1894.8,2273.76,2652.72,3031.68,3410.64,3789.6,ShowDailyK_ChartFlow,FinMind_API_TaiwanStockPrice_6669,True,2026-09-22T15:43:09,2026-09-22T15:43:09,2026-09-22T15:43:09
6669,緯穎,2025-03-11,1960.0,-40.0,-2.00%,126.32000000000001,15.99,1894.8,2273.76,2652.72,3031.68,3410.64,3789.6,ShowDailyK_ChartFlow,FinMind_API_TaiwanStockPrice_6669,True,2026-09-22T15:43:09,2026-09-22T15:43:09,2026-09-22T15:43:09
6669,緯穎,2025-03-12,1945.0,-15.0,-0.77%,126.32000000000001,15.87,1894.8,2273.76,2652.72,3031.68,3410.64,3789.6,ShowDailyK_ChartFlow,FinMind_API_TaiwanStockPrice_6669,True,2026-09-22T15:43:09,2026-09-22T15:43:09,2026-09-22T15:43:09
6669,緯穎,2025-03-13,1955.0,10.0,0.51%,126.32000000000001,15.95,1894.8,2273.76,2652.72,3031.68,3410.64,3789.6,ShowDailyK_ChartFlow,FinMind_API_TaiwanStockPrice_6669,True,2026-09-22T15:43:09,2026-09-22T15:43:09,2026-09-22T15:43:09
6669,緯穎,2025-03-14,1920.0,-35.0,-1.79%,126.32000000000001,15.67,1894.8,2273.76,2652.72,3031.68,3410.64,3789.6,ShowDailyK_ChartFlow,FinMind_API_TaiwanStockPrice_6669,True,2026-09-22T15:43:09,2026-09-22T15:43:09,2026-09-22T15:43:09
6669,緯穎,2025-03-17,1910.0,-10.0,-0.52%,126.32000000000001,15.58,1894.8,2273.76,2652.72,3031.68,3410.64,3789.6,ShowDailyK_ChartFlow,FinMind_API_TaiwanStockPrice_6669,True,2026-09-22T15:43:09,2026-09-22T15:43:09,2026-09-22T15:43:09
6669,緯穎,2025-03-18,1985.0,75.0,3.93%,126.32000000000001,16.2,1894.8,2273.76,2652.72,3031.68,3410.64,3789.6,ShowDailyK_ChartFlow,FinMind_API_TaiwanStockPrice_6669,True,2026-09-22T15:43:09,2026-09-22T15:43:09,2026-09-22T15:43:09
6669,緯穎,2025-03-19,1945.0,-40.0,-2.02%,126.32000000000001,15.87,1894.8,2273.76,2652.72,3031.68,3410.64,3789.6,ShowDailyK_ChartFlow,FinMind_API_TaiwanStockPrice_6669,True,2026-09-22T15:43:09,2026-09-22T15:43:09,2026-09-22T15:43:09
6669,緯穎,2025-03-20,2015.0,70.0,3.60%,126.32000000000001,16.44,1894.8,2273.76,2652.72,3031.68,3410.64,3789.6,ShowDailyK_ChartFlow,FinMind_API_TaiwanStockPrice_6669,True,2026-09-22T15:43:09,2026-09-22T15:43:09,2026-09-22T15:43:09
6669,緯穎,2025-03-21,1950.0,-65.0,-3.23%,126.32000000000001,15.91,1894.8,2273.76,2652.72,3031.68,3410.64,3789.6,ShowDailyK_ChartFlow,FinMind_API_TaiwanStockPrice_6669,True,2026-09-22T15:43:09,2026-09-22T15:43:09,2026-09-22T15:43:09
6669,緯穎,2025-03-24,1895.0,-55.0,-2.82%,126.32000000000001,15.46,1894.8,2273.76,2652.72,3031.68,3410.64,3789.6,ShowDailyK_ChartFlow,FinMind_API_TaiwanStockPrice_6669,True,2026-09-22T15:43:09,2026-09-22T15:43:09,2026-09-22T15:43:09
6669,緯穎,2025-03-25,1915.0,20.0,1.06%,126.32000000000001,15.63,1894.8,2273.76,2652.72,3031.68,3410.64,3789.6,ShowDailyK_ChartFlow,FinMind_API_TaiwanStockPrice_6669,True,2026-09-22T15:43:09,2026-09-22T15:43:09,2026-09-22T15:43:09
6669,緯穎,2025-03-26,1920.0,5.0,0.26%,126.32000000000001,15.67,1894.8,2273.76,2652.72,3031.68,3410.64,3789.6,ShowDailyK_ChartFlow,FinMind_API_TaiwanStockPrice_6669,True,2026-09-22T15:43:09,2026-09-22T15:43:09,2026-09-22T15:43:09
6669,緯穎,2025-03-27,1845.0,-75.0,-3.91%,126.32000000000001,15.05,1894.8,2273.76,2652.72,3031.68,3410.64,3789.6,ShowDailyK_ChartFlow,FinMind_API_TaiwanStockPrice_6669,True,2026-09-22T15:43:09,2026-09-22T15:43:09,2026-09-22T15:43:09
6669,緯穎,2025-03-28,1755.0,-90.0,-4.88%,126.32000000000001,14.32,1894.8,2273.76,2652.72,3031.68,3410.64,3789.6,ShowDailyK_ChartFlow,FinMind_API_TaiwanStockPrice_6669,True,2026-09-22T15:43:09,2026-09-22T15:43:09,2026-09-22T15:43:09
6669,緯穎,2025-03-31,1635.0,-120.0,-6.84%,152.10000000000002,13.34,2281.5,2737.8,3194.1,3650.4,4106.7,4563.0,ShowDailyK_ChartFlow,FinMind_API_TaiwanStockPrice_6669,True,2026-09-22T15:43:09,2026-09-22T15:43:09,2026-09-22T15:43:09
6669,緯穎,2025-04-01,1725.0,90.0,5.50%,152.10000000000002,14.07,2281.5,2737.8,3194.1,3650.4,4106.7,4563.0,ShowDailyK_ChartFlow,FinMind_API_TaiwanStockPrice_6669,True,2026-09-22T15:43:09,2026-09-22T15:43:09,2026-09-22T15:43:09
6669,緯穎,2025-04-02,1740.0,15.0,0.87%,152.10000000000002,14.2,2281.5,2737.8,3194.1,3650.4,4106.7,4563.0,ShowDailyK_ChartFlow,FinMind_API_TaiwanStockPrice_6669,True,2026-09-22T15:43:09,2026-09-22T15:43:09,2026-09-22T15:43:09
6669,緯穎,2025-04-07,1570.0,-170.0,-9.77%,152.10000000000002,12.81,2281.5,2737.8,3194.1,3650.4,4106.7,4563.0,ShowDailyK_ChartFlow,FinMind_API_TaiwanStockPrice_6669,True,2026-09-22T15:43:09,2026-09-22T15:43:09,2026-09-22T15:43:09
6669,緯穎,2025-04-08,1640.0,70.0,4.46%,152.10000000000002,13.38,2281.5,2737.8,3194.1,3650.4,4106.7,4563.0,ShowDailyK_ChartFlow,FinMind_API_TaiwanStockPrice_6669,True,2026-09-22T15:43:09,2026-09-22T15:43:09,2026-09-22T15:43:09
6669,緯穎,2025-04-09,1605.0,-35.0,-2.13%,152.10000000000002,13.1,2281.5,2737.8,3194.1,3650.4,4106.7,4563.0,ShowDailyK_ChartFlow,FinMind_API_TaiwanStockPrice_6669,True,2026-09-22T15:43:09,2026-09-22T15:43:09,2026-09-22T15:43:09
6669,緯穎,2025-04-10,1765.0,160.0,9.97%,152.10000000000002,14.4,2281.5,2737.8,3194.1,3650.4,4106.7,4563.0,ShowDailyK_ChartFlow,FinMind_API_TaiwanStockPrice_6669,True,2026-09-22T15:43:09,2026-09-22T15:43:09,2026-09-22T15:43:09
6669,緯穎,2025-04-11,1900.0,135.0,7.65%,152.10000000000002,15.5,2281.5,2737.8,3194.1,3650.4,4106.7,4563.0,ShowDailyK_ChartFlow,FinMind_API_TaiwanStockPrice_6669,True,2026-09-22T15:43:09,2026-09-22T15:43:09,2026-09-22T15:43:09
6669,緯穎,2025-04-14,1910.0,10.0,0.53%,152.10000000000002,15.58,2281.5,2737.8,3194.1,3650.4,4106.7,4563.0,ShowDailyK_ChartFlow,FinMind_API_TaiwanStockPrice_6669,True,2026-09-22T15:43:09,2026-09-22T15:43:09,2026-09-22T15:43:09
6669,緯穎,2025-04-15,1860.0,-50.0,-2.62%,152.10000000000002,15.18,2281.5,2737.8,3194.1,3650.4,4106.7,4563.0,ShowDailyK_ChartFlow,FinMind_API_TaiwanStockPrice_6669,True,2026-09-22T15:43:09,2026-09-22T15:43:09,2026-09-22T15:43:09
6669,緯穎,2025-04-16,1840.0,-20.0,-1.08%,152.10000000000002,15.01,2281.5,2737.8,3194.1,3650.4,4106.7,4563.0,ShowDailyK_ChartFlow,FinMind_API_TaiwanStockPrice_6669,True,2026-09-22T15:43:09,2026-09-22T15:43:09,2026-09-22T15:43:09
6669,緯穎,2025-04-17,1880.0,40.0,2.17%,152.10000000000002,15.34,2281.5,2737.8,3194.1,3650.4,4106.7,4563.0,ShowDailyK_ChartFlow,FinMind_API_TaiwanStockPrice_6669,True,2026-09-22T15:43:09,2026-09-22T15:43:09,2026-09-22T15:43:09
6669,緯穎,2025-04-18,1885.0,5.0,0.27%,152.10000000000002,15.38,2281.5,2737.8,3194.1,3650.4,4106.7,4563.0,ShowDailyK_ChartFlow,FinMind_API_TaiwanStockPrice_6669,True,2026-09-22T15:43:09,2026-09-22T15:43:09,2026-09-22T15:43:09
6669,緯穎,2025-04-21,1840.0,-45.0,-2.39%,152.10000000000002,15.01,2281.5,2737.8,3194.1,3650.4,4106.7,4563.0,ShowDailyK_ChartFlow,FinMind_API_TaiwanStockPrice_6669,True,2026-09-22T15:43:09,2026-09-22T15:43:09,2026-09-22T15:43:09
6669,緯穎,2025-04-22,1770.0,-70.0,-3.80%,152.10000000000002,14.44,2281.5,2737.8,3194.1,3650.4,4106.7,4563.0,ShowDailyK_ChartFlow,FinMind_API_TaiwanStockPrice_6669,True,2026-09-22T15:43:09,2026-09-22T15:43:09,2026-09-22T15:43:09
6669,緯穎,2025-04-23,1900.0,130.0,7.34%,152.10000000000002,15.5,2281.5,2737.8,3194.1,3650.4,4106.7,4563.0,ShowDailyK_ChartFlow,FinMind_API_TaiwanStockPrice_6669,True,2026-09-22T15:43:09,2026-09-22T15:43:09,2026-09-22T15:43:09
6669,緯穎,2025-04-24,1865.0,-35.0,-1.84%,152.10000000000002,15.22,2281.5,2737.8,3194.1,3650.4,4106.7,4563.0,ShowDailyK_ChartFlow,FinMind_API_TaiwanStockPrice_6669,True,2026-09-22T15:43:09,2026-09-22T15:43:09,2026-09-22T15:43:09
6669,緯穎,2025-04-25,1905.0,40.0,2.14%,152.10000000000002,15.54,2281.5,2737.8,3194.1,3650.4,4106.7,4563.0,ShowDailyK_ChartFlow,FinMind_API_TaiwanStockPrice_6669,True,2026-09-22T15:43:09,2026-09-22T15:43:09,2026-09-22T15:43:09
6669,緯穎,2025-04-28,1900.0,-5.0,-0.26%,152.10000000000002,15.5,2281.5,2737.8,3194.1,3650.4,4106.7,4563.0,ShowDailyK_ChartFlow,FinMind_API_TaiwanStockPrice_6669,True,2026-09-22T15:43:09,2026-09-22T15:43:09,2026-09-22T15:43:09
6669,緯穎,2025-04-29,1930.0,30.0,1.58%,152.10000000000002,15.75,2281.5,2737.8,3194.1,3650.4,4106.7,4563.0,ShowDailyK_ChartFlow,FinMind_API_TaiwanStockPrice_6669,True,2026-09-22T15:43:09,2026-09-22T15:43:09,2026-09-22T15:43:09
6669,緯穎,2025-04-30,1910.0,-20.0,-1.04%,152.10000000000002,15.58,2281.5,2737.8,3194.1,3650.4,4106.7,4563.0,ShowDailyK_ChartFlow,FinMind_API_TaiwanStockPrice_6669,True,2026-09-22T15:43:09,2026-09-22T15:43:09,2026-09-22T15:43:09
6669,緯穎,2025-05-02,2065.0,155.0,8.12%,152.10000000000002,16.85,2281.5,2737.8,3194.1,3650.4,4106.7,4563.0,ShowDailyK_ChartFlow,FinMind_API_TaiwanStockPrice_6669,True,2026-09-22T15:43:09,2026-09-22T15:43:09,2026-09-22T15:43:09
6669,緯穎,2025-05-05,2040.0,-25.0,-1.21%,152.10000000000002,16.64,2281.5,2737.8,3194.1,3650.4,4106.7,4563.0,ShowDailyK_ChartFlow,FinMind_API_TaiwanStockPrice_6669,True,2026-09-22T15:43:09,2026-09-22T15:43:09,2026-09-22T15:43:09
6669,緯穎,2025-05-06,2125.0,85.0,4.17%,152.10000000000002,17.34,2281.5,2737.8,3194.1,3650.4,4106.7,4563.0,ShowDailyK_ChartFlow,FinMind_API_TaiwanStockPrice_6669,True,2026-09-22T15:43:09,2026-09-22T15:43:09,2026-09-22T15:43:09
6669,緯穎,2025-05-07,2090.0,-35.0,-1.65%,152.10000000000002,17.05,2281.5,2737.8,3194.1,3650.4,4106.7,4563.0,ShowDailyK_ChartFlow,FinMind_API_TaiwanStockPrice_6669,True,2026-09-22T15:43:09,2026-09-22T15:43:09,2026-09-22T15:43:09
6669,緯穎,2025-05-08,2150.0,60.0,2.87%,152.10000000000002,17.54,2281.5,2737.8,3194.1,3650.4,4106.7,4563.0,ShowDailyK_ChartFlow,FinMind_API_TaiwanStockPrice_6669,True,2026-09-22T15:43:09,2026-09-22T15:43:09,2026-09-22T15:43:09
6669,緯穎,2025-05-09,2200.0,50.0,2.33%,152.10000000000002,14.67,2281.5,2737.8,3194.1,3650.4,4106.7,4563.0,ShowDailyK_ChartFlow,FinMind_API_TaiwanStockPrice_6669,True,2026-09-22T15:43:09,2026-09-22T15:43:09,2026-09-22T15:43:09
6669,緯穎,2025-05-12,2255.0,55.0,2.50%,152.10000000000002,15.04,2281.5,2737.8,3194.1,3650.4,4106.7,4563.0,ShowDailyK_ChartFlow,FinMind_API_TaiwanStockPrice_6669,True,2026-09-22T15:43:09,2026-09-22T15:43:09,2026-09-22T15:43:09
6669,緯穎,2025-05-13,2225.0,-30.0,-1.33%,152.10000000000002,14.84,2281.5,2737.8,3194.1,3650.4,4106.7,4563.0,ShowDailyK_ChartFlow,FinMind_API_TaiwanStockPrice_6669,True,2026-09-22T15:43:09,2026-09-22T15:43:09,2026-09-22T15:43:09
6669,緯穎,2025-05-14,2345.0,120.0,5.39%,152.10000000000002,15.64,2281.5,2737.8,3194.1,3650.4,4106.7,4563.0,ShowDailyK_ChartFlow,FinMind_API_TaiwanStockPrice_6669,True,2026-09-22T15:43:09,2026-09-22T15:43:09,2026-09-22T15:43:09
6669,緯穎,2025-05-15,2380.0,35.0,1.49%,152.10000000000002,15.87,2281.5,2737.8,3194.1,3650.4,4106.7,4563.0,ShowDailyK_ChartFlow,FinMind_API_TaiwanStockPrice_6669,True,2026-09-22T15:43:09,2026-09-22T15:43:09,2026-09-22T15:43:09
6669,緯穎,2025-05-16,2380.0,0.0,0.00%,152.10000000000002,15.87,2281.5,2737.8,3194.1,3650.4,4106.7,4563.0,ShowDailyK_ChartFlow,FinMind_API_TaiwanStockPrice_6669,True,2026-09-22T15:43:09,2026-09-22T15:43:09,2026-09-22T15:43:09
6669,緯穎,2025-05-19,2260.0,-120.0,-5.04%,152.10000000000002,15.07,2281.5,2737.8,3194.1,3650.4,4106.7,4563.0,ShowDailyK_ChartFlow,FinMind_API_TaiwanStockPrice_6669,True,2026-09-22T15:43:09,2026-09-22T15:43:09,2026-09-22T15:43:09
6669,緯穎,2025-05-20,2300.0,40.0,1.77%,152.10000000000002,15.34,2281.5,2737.8,3194.1,3650.4,4106.7,4563.0,ShowDailyK_ChartFlow,FinMind_API_TaiwanStockPrice_6669,True,2026-09-22T15:43:09,2026-09-22T15:43:09,2026-09-22T15:43:09
6669,緯穎,2025-05-21,2345.0,45.0,1.96%,152.10000000000002,15.64,2281.5,2737.8,3194.1,3650.4,4106.7,4563.0,ShowDailyK_ChartFlow,FinMind_API_TaiwanStockPrice_6669,True,2026-09-22T15:43:09,2026-09-22T15:43:09,2026-09-22T15:43:09
6669,緯穎,2025-05-22,2340.0,-5.0,-0.21%,152.10000000000002,15.61,2281.5,2737.8,3194.1,3650.4,4106.7,4563.0,ShowDailyK_ChartFlow,FinMind_API_TaiwanStockPrice_6669,True,2026-09-22T15:43:09,2026-09-22T15:43:09,2026-09-22T15:43:09
6669,緯穎,2025-05-23,2280.0,-60.0,-2.56%,152.10000000000002,15.21,2281.5,2737.8,3194.1,3650.4,4106.7,4563.0,ShowDailyK_ChartFlow,FinMind_API_TaiwanStockPrice_6669,True,2026-09-22T15:43:09,2026-09-22T15:43:09,2026-09-22T15:43:09
6669,緯穎,2025-05-26,2370.0,90.0,3.95%,152.10000000000002,15.81,2281.5,2737.8,3194.1,3650.4,4106.7,4563.0,ShowDailyK_ChartFlow,FinMind_API_TaiwanStockPrice_6669,True,2026-09-22T15:43:09,2026-09-22T15:43:09,2026-09-22T15:43:09
6669,緯穎,2025-05-27,2325.0,-45.0,-1.90%,152.10000000000002,15.51,2281.5,2737.8,3194.1,3650.4,4106.7,4563.0,ShowDailyK_ChartFlow,FinMind_API_TaiwanStockPrice_6669,True,2026-09-22T15:43:09,2026-09-22T15:43:09,2026-09-22T15:43:09
6669,緯穎,2025-05-28,2380.0,55.0,2.37%,152.10000000000002,15.87,2281.5,2737.8,3194.1,3650.4,4106.7,4563.0,ShowDailyK_ChartFlow,FinMind_API_TaiwanStockPrice_6669,True,2026-09-22T15:43:09,2026-09-22T15:43:09,2026-09-22T15:43:09
6669,緯穎,2025-05-29,2420.0,40.0,1.68%,152.10000000000002,16.14,2281.5,2737.8,3194.1,3650.4,4106.7,4563.0,ShowDailyK_ChartFlow,FinMind_API_TaiwanStockPrice_6669,True,2026-09-22T15:43:09,2026-09-22T15:43:09,2026-09-22T15:43:09
6669,緯穎,2025-06-02,2410.0,-10.0,-0.41%,152.10000000000002,16.07,2281.5,2737.8,3194.1,3650.4,4106.7,4563.0,ShowDailyK_ChartFlow,FinMind_API_TaiwanStockPrice_6669,True,2026-09-22T15:43:09,2026-09-22T15:43:09,2026-09-22T15:43:09
6669,緯穎,2025-06-03,2480.0,70.0,2.90%,152.10000000000002,16.54,2281.5,2737.8,3194.1,3650.4,4106.7,4563.0,ShowDailyK_ChartFlow,FinMind_API_TaiwanStockPrice_6669,True,2026-09-22T15:43:09,2026-09-22T15:43:09,2026-09-22T15:43:09
6669,緯穎,2025-06-04,2535.0,55.0,2.22%,152.10000000000002,16.91,2281.5,2737.8,3194.1,3650.4,4106.7,4563.0,ShowDailyK_ChartFlow,FinMind_API_TaiwanStockPrice_6669,True,2026-09-22T15:43:09,2026-09-22T15:43:09,2026-09-22T15:43:09
6669,緯穎,2025-06-05,2485.0,-50.0,-1.97%,152.10000000000002,16.57,2281.5,2737.8,3194.1,3650.4,4106.7,4563.0,ShowDailyK_ChartFlow,FinMind_API_TaiwanStockPrice_6669,True,2026-09-22T15:43:09,2026-09-22T15:43:09,2026-09-22T15:43:09
6669,緯穎,2025-06-06,2465.0,-20.0,-0.80%,152.10000000000002,16.44,2281.5,2737.8,3194.1,3650.4,4106.7,4563.0,ShowDailyK_ChartFlow,FinMind_API_TaiwanStockPrice_6669,True,2026-09-22T15:43:09,2026-09-22T15:43:09,2026-09-22T15:43:09
6669,緯穎,2025-06-09,2465.0,0.0,0.00%,152.10000000000002,16.44,2281.5,2737.8,3194.1,3650.4,4106.7,4563.0,ShowDailyK_ChartFlow,FinMind_API_TaiwanStockPrice_6669,True,2026-09-22T15:43:09,2026-09-22T15:43:09,2026-09-22T15:43:09
6669,緯穎,2025-06-10,2485.0,20.0,0.81%,152.10000000000002,16.57,2281.5,2737.8,3194.1,3650.4,4106.7,4563.0,ShowDailyK_ChartFlow,FinMind_API_TaiwanStockPrice_6669,True,2026-09-22T15:43:09,2026-09-22T15:43:09,2026-09-22T15:43:09
6669,緯穎,2025-06-11,2525.0,40.0,1.61%,152.10000000000002,16.84,2281.5,2737.8,3194.1,3650.4,4106.7,4563.0,ShowDailyK_ChartFlow,FinMind_API_TaiwanStockPrice_6669,True,2026-09-22T15:43:09,2026-09-22T15:43:09,2026-09-22T15:43:09
6669,緯穎,2025-06-12,2535.0,10.0,0.40%,152.10000000000002,16.91,2281.5,2737.8,3194.1,3650.4,4106.7,4563.0,ShowDailyK_ChartFlow,FinMind_API_TaiwanStockPrice_6669,True,2026-09-22T15:43:09,2026-09-22T15:43:09,2026-09-22T15:43:09
6669,緯穎,2025-06-13,2565.0,30.0,1.18%,152.10000000000002,17.11,2281.5,2737.8,3194.1,3650.4,4106.7,4563.0,ShowDailyK_ChartFlow,FinMind_API_TaiwanStockPrice_6669,True,2026-09-22T15:43:09,2026-09-22T15:43:09,2026-09-22T15:43:09
6669,緯穎,2025-06-16,2525.0,-40.0,-1.56%,152.10000000000002,16.84,2281.5,2737.8,3194.1,3650.4,4106.7,4563.0,ShowDailyK_ChartFlow,FinMind_API_TaiwanStockPrice_6669,True,2026-09-22T15:43:09,2026-09-22T15:43:09,2026-09-22T15:43:09
6669,緯穎,2025-06-17,2550.0,25.0,0.99%,152.10000000000002,17.01,2281.5,2737.8,3194.1,3650.4,4106.7,4563.0,ShowDailyK_ChartFlow,FinMind_API_TaiwanStockPrice_6669,True,2026-09-22T15:43:09,2026-09-22T15:43:09,2026-09-22T15:43:09
6669,緯穎,2025-06-18,2560.0,10.0,0.39%,152.10000000000002,17.07,2281.5,2737.8,3194.1,3650.4,4106.7,4563.0,ShowDailyK_ChartFlow,FinMind_API_TaiwanStockPrice_6669,True,2026-09-22T15:43:09,2026-09-22T15:43:09,2026-09-22T15:43:09
6669,緯穎,2025-06-19,2530.0,-30.0,-1.17%,152.10000000000002,16.87,2281.5,2737.8,3194.1,3650.4,4106.7,4563.0,ShowDailyK_ChartFlow,FinMind_API_TaiwanStockPrice_6669,True,2026-09-22T15:43:09,2026-09-22T15:43:09,2026-09-22T15:43:09
6669,緯穎,2025-06-20,2535.0,5.0,0.20%,152.10000000000002,16.91,2281.5,2737.8,3194.1,3650.4,4106.7,4563.0,ShowDailyK_ChartFlow,FinMind_API_TaiwanStockPrice_6669,True,2026-09-22T15:43:09,2026-09-22T15:43:09,2026-09-22T15:43:09
6669,緯穎,2025-06-23,2550.0,15.0,0.59%,152.10000000000002,17.01,2281.5,2737.8,3194.1,3650.4,4106.7,4563.0,ShowDailyK_ChartFlow,FinMind_API_TaiwanStockPrice_6669,True,2026-09-22T15:43:09,2026-09-22T15:43:09,2026-09-22T15:43:09
6669,緯穎,2025-06-24,2515.0,-35.0,-1.37%,152.10000000000002,16.77,2281.5,2737.8,3194.1,3650.4,4106.7,4563.0,ShowDailyK_ChartFlow,FinMind_API_TaiwanStockPrice_6669,True,2026-09-22T15:43:09,2026-09-22T15:43:09,2026-09-22T15:43:09
6669,緯穎,2025-06-25,2710.0,195.0,7.75%,152.10000000000002,18.08,2281.5,2737.8,3194.1,3650.4,4106.7,4563.0,ShowDailyK_ChartFlow,FinMind_API_TaiwanStockPrice_6669,True,2026-09-22T15:43:09,2026-09-22T15:43:09,2026-09-22T15:43:09
6669,緯穎,2025-06-26,2620.0,-90.0,-3.32%,152.10000000000002,17.47,2281.5,2737.8,3194.1,3650.4,4106.7,4563.0,ShowDailyK_ChartFlow,FinMind_API_TaiwanStockPrice_6669,True,2026-09-22T15:43:09,2026-09-22T15:43:09,2026-09-22T15:43:09
6669,緯穎,2025-06-27,2530.0,-90.0,-3.44%,152.10000000000002,16.87,2281.5,2737.8,3194.1,3650.4,4106.7,4563.0,ShowDailyK_ChartFlow,FinMind_API_TaiwanStockPrice_6669,True,2026-09-22T15:43:09,2026-09-22T15:43:09,2026-09-22T15:43:09
6669,緯穎,2025-06-30,2530.0,0.0,0.00%,190.48000000000002,16.87,2857.2,3428.64,4000.08,4571.52,5142.96,5714.4,ShowDailyK_ChartFlow,FinMind_API_TaiwanStockPrice_6669,True,2026-09-22T15:43:09,2026-09-22T15:43:09,2026-09-22T15:43:09
6669,緯穎,2025-07-01,2450.0,-80.0,-3.16%,190.48000000000002,16.34,2857.2,3428.64,4000.08,4571.52,5142.96,5714.4,ShowDailyK_ChartFlow,FinMind_API_TaiwanStockPrice_6669,True,2026-09-22T15:43:09,2026-09-22T15:43:09,2026-09-22T15:43:09
6669,緯穎,2025-07-02,2490.0,40.0,1.63%,190.48000000000002,16.61,2857.2,3428.64,4000.08,4571.52,5142.96,5714.4,ShowDailyK_ChartFlow,FinMind_API_TaiwanStockPrice_6669,True,2026-09-22T15:43:09,2026-09-22T15:43:09,2026-09-22T15:43:09
6669,緯穎,2025-07-03,2470.0,-20.0,-0.80%,190.48000000000002,16.47,2857.2,3428.64,4000.08,4571.52,5142.96,5714.4,ShowDailyK_ChartFlow,FinMind_API_TaiwanStockPrice_6669,True,2026-09-22T15:43:09,2026-09-22T15:43:09,2026-09-22T15:43:09
6669,緯穎,2025-07-04,2455.0,-15.0,-0.61%,190.48000000000002,16.37,2857.2,3428.64,4000.08,4571.52,5142.96,5714.4,ShowDailyK_ChartFlow,FinMind_API_TaiwanStockPrice_6669,True,2026-09-22T15:43:09,2026-09-22T15:43:09,2026-09-22T15:43:09
6669,緯穎,2025-07-07,2455.0,0.0,0.00%,190.48000000000002,16.37,2857.2,3428.64,4000.08,4571.52,5142.96,5714.4,ShowDailyK_ChartFlow,FinMind_API_TaiwanStockPrice_6669,True,2026-09-22T15:43:09,2026-09-22T15:43:09,2026-09-22T15:43:09
6669,緯穎,2025-07-08,2420.0,-35.0,-1.43%,190.48000000000002,16.14,2857.2,3428.64,4000.08,4571.52,5142.96,5714.4,ShowDailyK_ChartFlow,FinMind_API_TaiwanStockPrice_6669,True,2026-09-22T15:43:09,2026-09-22T15:43:09,2026-09-22T15:43:09
6669,緯穎,2025-07-09,2560.0,140.0,5.79%,190.48000000000002,17.07,2857.2,3428.64,4000.08,4571.52,5142.96,5714.4,ShowDailyK_ChartFlow,FinMind_API_TaiwanStockPrice_6669,True,2026-09-22T15:43:09,2026-09-22T15:43:09,2026-09-22T15:43:09
6669,緯穎,2025-07-10,2595.0,35.0,1.37%,190.48000000000002,17.31,2857.2,3428.64,4000.08,4571.52,5142.96,5714.4,ShowDailyK_ChartFlow,FinMind_API_TaiwanStockPrice_6669,True,2026-09-22T15:43:09,2026-09-22T15:43:09,2026-09-22T15:43:09
6669,緯穎,2025-07-11,2605.0,10.0,0.39%,190.48000000000002,17.37,2857.2,3428.64,4000.08,4571.52,5142.96,5714.4,ShowDailyK_ChartFlow,FinMind_API_TaiwanStockPrice_6669,True,2026-09-22T15:43:09,2026-09-22T15:43:09,2026-09-22T15:43:09
6669,緯穎,2025-07-14,2465.0,-140.0,-5.37%,190.48000000000002,16.44,2857.2,3428.64,4000.08,4571.52,5142.96,5714.4,ShowDailyK_ChartFlow,FinMind_API_TaiwanStockPrice_6669,True,2026-09-22T15:43:09,2026-09-22T15:43:09,2026-09-22T15:43:09
6669,緯穎,2025-07-15,2520.0,55.0,2.23%,190.48000000000002,16.81,2857.2,3428.64,4000.08,4571.52,5142.96,5714.4,ShowDailyK_ChartFlow,FinMind_API_TaiwanStockPrice_6669,True,2026-09-22T15:43:09,2026-09-22T15:43:09,2026-09-22T15:43:09
6669,緯穎,2025-07-16,2505.0,-15.0,-0.60%,190.48000000000002,16.71,2857.2,3428.64,4000.08,4571.52,5142.96,5714.4,ShowDailyK_ChartFlow,FinMind_API_TaiwanStockPrice_6669,True,2026-09-22T15:43:09,2026-09-22T15:43:09,2026-09-22T15:43:09
6669,緯穎,2025-07-17,2455.0,-50.0,-2.00%,190.48000000000002,16.37,2857.2,3428.64,4000.08,4571.52,5142.96,5714.4,ShowDailyK_ChartFlow,FinMind_API_TaiwanStockPrice_6669,True,2026-09-22T15:43:09,2026-09-22T15:43:09,2026-09-22T15:43:09
6669,緯穎,2025-07-18,2590.0,135.0,5.50%,190.48000000000002,17.27,2857.2,3428.64,4000.08,4571.52,5142.96,5714.4,ShowDailyK_ChartFlow,FinMind_API_TaiwanStockPrice_6669,True,2026-09-22T15:43:09,2026-09-22T15:43:09,2026-09-22T15:43:09
6669,緯穎,2025-07-21,2525.0,-65.0,-2.51%,190.48000000000002,16.84,2857.2,3428.64,4000.08,4571.52,5142.96,5714.4,ShowDailyK_ChartFlow,FinMind_API_TaiwanStockPrice_6669,True,2026-09-22T15:43:09,2026-09-22T15:43:09,2026-09-22T15:43:09
6669,緯穎,2025-07-22,2470.0,-55.0,-2.18%,190.48000000000002,16.47,2857.2,3428.64,4000.08,4571.52,5142.96,5714.4,ShowDailyK_ChartFlow,FinMind_API_TaiwanStockPrice_6669,True,2026-09-22T15:43:09,2026-09-22T15:43:09,2026-09-22T15:43:09
6669,緯穎,2025-07-23,2445.0,-25.0,-1.01%,190.48000000000002,16.31,2857.2,3428.64,4000.08,4571.52,5142.96,5714.4,ShowDailyK_ChartFlow,FinMind_API_TaiwanStockPrice_6669,True,2026-09-22T15:43:09,2026-09-22T15:43:09,2026-09-22T15:43:09
6669,緯穎,2025-07-24,2510.0,65.0,2.66%,190.48000000000002,16.74,2857.2,3428.64,4000.08,4571.52,5142.96,5714.4,ShowDailyK_ChartFlow,FinMind_API_TaiwanStockPrice_6669,True,2026-09-22T15:43:09,2026-09-22T15:43:09,2026-09-22T15:43:09
6669,緯穎,2025-07-25,2515.0,5.0,0.20%,190.48000000000002,16.77,2857.2,3428.64,4000.08,4571.52,5142.96,5714.4,ShowDailyK_ChartFlow,FinMind_API_TaiwanStockPrice_6669,True,2026-09-22T15:43:09,2026-09-22T15:43:09,2026-09-22T15:43:09
6669,緯穎,2025-07-28,2600.0,85.0,3.38%,190.48000000000002,17.34,2857.2,3428.64,4000.08,4571.52,5142.96,5714.4,ShowDailyK_ChartFlow,FinMind_API_TaiwanStockPrice_6669,True,2026-09-22T15:43:09,2026-09-22T15:43:09,2026-09-22T15:43:09
6669,緯穎,2025-07-29,2630.0,30.0,1.15%,190.48000000000002,17.54,2857.2,3428.64,4000.08,4571.52,5142.96,5714.4,ShowDailyK_ChartFlow,FinMind_API_TaiwanStockPrice_6669,True,2026-09-22T15:43:09,2026-09-22T15:43:09,2026-09-22T15:43:09
6669,緯穎,2025-07-30,2650.0,20.0,0.76%,190.48000000000002,17.67,2857.2,3428.64,4000.08,4571.52,5142.96,5714.4,ShowDailyK_ChartFlow,FinMind_API_TaiwanStockPrice_6669,True,2026-09-22T15:43:09,2026-09-22T15:43:09,2026-09-22T15:43:09
6669,緯穎,2025-07-31,2765.0,115.0,4.34%,190.48000000000002,18.44,2857.2,3428.64,4000.08,4571.52,5142.96,5714.4,ShowDailyK_ChartFlow,FinMind_API_TaiwanStockPrice_6669,True,2026-09-22T15:43:09,2026-09-22T15:43:09,2026-09-22T15:43:09
6669,緯穎,2025-08-01,2735.0,-30.0,-1.08%,190.48000000000002,18.24,2857.2,3428.64,4000.08,4571.52,5142.96,5714.4,ShowDailyK_ChartFlow,FinMind_API_TaiwanStockPrice_6669,True,2026-09-22T15:43:09,2026-09-22T15:43:09,2026-09-22T15:43:09
6669,緯穎,2025-08-04,2645.0,-90.0,-3.29%,190.48000000000002,17.64,2857.2,3428.64,4000.08,4571.52,5142.96,5714.4,ShowDailyK_ChartFlow,FinMind_API_TaiwanStockPrice_6669,True,2026-09-22T15:43:09,2026-09-22T15:43:09,2026-09-22T15:43:09
6669,緯穎,2025-08-05,2755.0,110.0,4.16%,190.48000000000002,18.38,2857.2,3428.64,4000.08,4571.52,5142.96,5714.4,ShowDailyK_ChartFlow,FinMind_API_TaiwanStockPrice_6669,True,2026-09-22T15:43:09,2026-09-22T15:43:09,2026-09-22T15:43:09
6669,緯穎,2025-08-06,2775.0,20.0,0.73%,190.48000000000002,18.51,2857.2,3428.64,4000.08,4571.52,5142.96,5714.4,ShowDailyK_ChartFlow,FinMind_API_TaiwanStockPrice_6669,True,2026-09-22T15:43:09,2026-09-22T15:43:09,2026-09-22T15:43:09
6669,緯穎,2025-08-07,2810.0,35.0,1.26%,190.48000000000002,18.74,2857.2,3428.64,4000.08,4571.52,5142.96,5714.4,ShowDailyK_ChartFlow,FinMind_API_TaiwanStockPrice_6669,True,2026-09-22T15:43:09,2026-09-22T15:43:09,2026-09-22T15:43:09
6669,緯穎,2025-08-08,2890.0,80.0,2.85%,190.48000000000002,19.28,2857.2,3428.64,4000.08,4571.52,5142.96,5714.4,ShowDailyK_ChartFlow,FinMind_API_TaiwanStockPrice_6669,True,2026-09-22T15:43:09,2026-09-22T15:43:09,2026-09-22T15:43:09
6669,緯穎,2025-08-11,3175.0,285.0,9.86%,190.48000000000002,16.72,2857.2,3428.64,4000.08,4571.52,5142.96,5714.4,ShowDailyK_ChartFlow,FinMind_API_TaiwanStockPrice_6669,True,2026-09-22T15:43:09,2026-09-22T15:43:09,2026-09-22T15:43:09
6669,緯穎,2025-08-12,3270.0,95.0,2.99%,190.48000000000002,17.22,2857.2,3428.64,4000.08,4571.52,5142.96,5714.4,ShowDailyK_ChartFlow,FinMind_API_TaiwanStockPrice_6669,True,2026-09-22T15:43:09,2026-09-22T15:43:09,2026-09-22T15:43:09
6669,緯穎,2025-08-13,3385.0,115.0,3.52%,190.48000000000002,17.83,2857.2,3428.64,4000.08,4571.52,5142.96,5714.4,ShowDailyK_ChartFlow,FinMind_API_TaiwanStockPrice_6669,True,2026-09-22T15:43:09,2026-09-22T15:43:09,2026-09-22T15:43:09
6669,緯穎,2025-08-14,3395.0,10.0,0.30%,190.48000000000002,17.88,2857.2,3428.64,4000.08,4571.52,5142.96,5714.4,ShowDailyK_ChartFlow,FinMind_API_TaiwanStockPrice_6669,True,2026-09-22T15:43:09,2026-09-22T15:43:09,2026-09-22T15:43:09
6669,緯穎,2025-08-15,3345.0,-50.0,-1.47%,190.48000000000002,17.61,2857.2,3428.64,4000.08,4571.52,5142.96,5714.4,ShowDailyK_ChartFlow,FinMind_API_TaiwanStockPrice_6669,True,2026-09-22T15:43:09,2026-09-22T15:43:09,2026-09-22T15:43:09
6669,緯穎,2025-08-18,3425.0,80.0,2.39%,190.48000000000002,18.04,2857.2,3428.64,4000.08,4571.52,5142.96,5714.4,ShowDailyK_ChartFlow,FinMind_API_TaiwanStockPrice_6669,True,2026-09-22T15:43:09,2026-09-22T15:43:09,2026-09-22T15:43:09
6669,緯穎,2025-08-19,3305.0,-120.0,-3.50%,190.48000000000002,17.4,2857.2,3428.64,4000.08,4571.52,5142.96,5714.4,ShowDailyK_ChartFlow,FinMind_API_TaiwanStockPrice_6669,True,2026-09-22T15:43:09,2026-09-22T15:43:09,2026-09-22T15:43:09
6669,緯穎,2025-08-20,2985.0,-320.0,-9.68%,190.48000000000002,15.72,2857.2,3428.64,4000.08,4571.52,5142.96,5714.4,ShowDailyK_ChartFlow,FinMind_API_TaiwanStockPrice_6669,True,2026-09-22T15:43:09,2026-09-22T15:43:09,2026-09-22T15:43:09
6669,緯穎,2025-08-21,3030.0,45.0,1.51%,190.48000000000002,15.96,2857.2,3428.64,4000.08,4571.52,5142.96,5714.4,ShowDailyK_ChartFlow,FinMind_API_TaiwanStockPrice_6669,True,2026-09-22T15:43:09,2026-09-22T15:43:09,2026-09-22T15:43:09
6669,緯穎,2025-08-22,2970.0,-60.0,-1.98%,190.48000000000002,15.64,2857.2,3428.64,4000.08,4571.52,5142.96,5714.4,ShowDailyK_ChartFlow,FinMind_API_TaiwanStockPrice_6669,True,2026-09-22T15:43:09,2026-09-22T15:43:09,2026-09-22T15:43:09
6669,緯穎,2025-08-25,3050.0,80.0,2.69%,190.48000000000002,16.06,2857.2,3428.64,4000.08,4571.52,5142.96,5714.4,ShowDailyK_ChartFlow,FinMind_API_TaiwanStockPrice_6669,True,2026-09-22T15:43:09,2026-09-22T15:43:09,2026-09-22T15:43:09
6669,緯穎,2025-08-26,3055.0,5.0,0.16%,190.48000000000002,16.09,2857.2,3428.64,4000.08,4571.52,5142.96,5714.4,ShowDailyK_ChartFlow,FinMind_API_TaiwanStockPrice_6669,True,2026-09-22T15:43:09,2026-09-22T15:43:09,2026-09-22T15:43:09
6669,緯穎,2025-08-27,2985.0,-70.0,-2.29%,190.48000000000002,15.72,2857.2,3428.64,4000.08,4571.52,5142.96,5714.4,ShowDailyK_ChartFlow,FinMind_API_TaiwanStockPrice_6669,True,2026-09-22T15:43:09,2026-09-22T15:43:09,2026-09-22T15:43:09
6669,緯穎,2025-08-28,2975.0,-10.0,-0.34%,190.48000000000002,15.67,2857.2,3428.64,4000.08,4571.52,5142.96,5714.4,ShowDailyK_ChartFlow,FinMind_API_TaiwanStockPrice_6669,True,2026-09-22T15:43:09,2026-09-22T15:43:09,2026-09-22T15:43:09
6669,緯穎,2025-08-29,2965.0,-10.0,-0.34%,190.48000000000002,15.61,2857.2,3428.64,4000.08,4571.52,5142.96,5714.4,ShowDailyK_ChartFlow,FinMind_API_TaiwanStockPrice_6669,True,2026-09-22T15:43:09,2026-09-22T15:43:09,2026-09-22T15:43:09
6669,緯穎,2025-09-01,2835.0,-130.0,-4.38%,190.48000000000002,14.93,2857.2,3428.64,4000.08,4571.52,5142.96,5714.4,ShowDailyK_ChartFlow,FinMind_API_TaiwanStockPrice_6669,True,2026-09-22T15:43:09,2026-09-22T15:43:09,2026-09-22T15:43:09
6669,緯穎,2025-09-02,2885.0,50.0,1.76%,190.48000000000002,15.19,2857.2,3428.64,4000.08,4571.52,5142.96,5714.4,ShowDailyK_ChartFlow,FinMind_API_TaiwanStockPrice_6669,True,2026-09-22T15:43:09,2026-09-22T15:43:09,2026-09-22T15:43:09
6669,緯穎,2025-09-03,2925.0,40.0,1.39%,190.48000000000002,15.4,2857.2,3428.64,4000.08,4571.52,5142.96,5714.4,ShowDailyK_ChartFlow,FinMind_API_TaiwanStockPrice_6669,True,2026-09-22T15:43:09,2026-09-22T15:43:09,2026-09-22T15:43:09
6669,緯穎,2025-09-04,2935.0,10.0,0.34%,190.48000000000002,15.46,2857.2,3428.64,4000.08,4571.52,5142.96,5714.4,ShowDailyK_ChartFlow,FinMind_API_TaiwanStockPrice_6669,True,2026-09-22T15:43:09,2026-09-22T15:43:09,2026-09-22T15:43:09
6669,緯穎,2025-09-05,3025.0,90.0,3.07%,190.48000000000002,15.93,2857.2,3428.64,4000.08,4571.52,5142.96,5714.4,ShowDailyK_ChartFlow,FinMind_API_TaiwanStockPrice_6669,True,2026-09-22T15:43:09,2026-09-22T15:43:09,2026-09-22T15:43:09
6669,緯穎,2025-09-08,3125.0,100.0,3.31%,190.48000000000002,16.46,2857.2,3428.64,4000.08,4571.52,5142.96,5714.4,ShowDailyK_ChartFlow,FinMind_API_TaiwanStockPrice_6669,True,2026-09-22T15:43:09,2026-09-22T15:43:09,2026-09-22T15:43:09
6669,緯穎,2025-09-09,3010.0,-115.0,-3.68%,190.48000000000002,15.85,2857.2,3428.64,4000.08,4571.52,5142.96,5714.4,ShowDailyK_ChartFlow,FinMind_API_TaiwanStockPrice_6669,True,2026-09-22T15:43:09,2026-09-22T15:43:09,2026-09-22T15:43:09
6669,緯穎,2025-09-10,3310.0,300.0,9.97%,190.48000000000002,17.43,2857.2,3428.64,4000.08,4571.52,5142.96,5714.4,ShowDailyK_ChartFlow,FinMind_API_TaiwanStockPrice_6669,True,2026-09-22T15:43:09,2026-09-22T15:43:09,2026-09-22T15:43:09
6669,緯穎,2025-09-11,3310.0,0.0,0.00%,190.48000000000002,17.43,2857.2,3428.64,4000.08,4571.52,5142.96,5714.4,ShowDailyK_ChartFlow,FinMind_API_TaiwanStockPrice_6669,True,2026-09-22T15:43:09,2026-09-22T15:43:09,2026-09-22T15:43:09
6669,緯穎,2025-09-12,3240.0,-70.0,-2.11%,190.48000000000002,17.06,2857.2,3428.64,4000.08,4571.52,5142.96,5714.4,ShowDailyK_ChartFlow,FinMind_API_TaiwanStockPrice_6669,True,2026-09-22T15:43:09,2026-09-22T15:43:09,2026-09-22T15:43:09
6669,緯穎,2025-09-15,3220.0,-20.0,-0.62%,190.48000000000002,16.96,2857.2,3428.64,4000.08,4571.52,5142.96,5714.4,ShowDailyK_ChartFlow,FinMind_API_TaiwanStockPrice_6669,True,2026-09-22T15:43:09,2026-09-22T15:43:09,2026-09-22T15:43:09
6669,緯穎,2025-09-16,3200.0,-20.0,-0.62%,190.48000000000002,16.85,2857.2,3428.64,4000.08,4571.52,5142.96,5714.4,ShowDailyK_ChartFlow,FinMind_API_TaiwanStockPrice_6669,True,2026-09-22T15:43:09,2026-09-22T15:43:09,2026-09-22T15:43:09
6669,緯穎,2025-09-17,3160.0,-40.0,-1.25%,190.48000000000002,16.64,2857.2,3428.64,4000.08,4571.52,5142.96,5714.4,ShowDailyK_ChartFlow,FinMind_API_TaiwanStockPrice_6669,True,2026-09-22T15:43:09,2026-09-22T15:43:09,2026-09-22T15:43:09
6669,緯穎,2025-09-18,3200.0,40.0,1.27%,190.48000000000002,16.85,2857.2,3428.64,4000.08,4571.52,5142.96,5714.4,ShowDailyK_ChartFlow,FinMind_API_TaiwanStockPrice_6669,True,2026-09-22T15:43:09,2026-09-22T15:43:09,2026-09-22T15:43:09
6669,緯穎,2025-09-19,3230.0,30.0,0.94%,190.48000000000002,17.01,2857.2,3428.64,4000.08,4571.52,5142.96,5714.4,ShowDailyK_ChartFlow,FinMind_API_TaiwanStockPrice_6669,True,2026-09-22T15:43:09,2026-09-22T15:43:09,2026-09-22T15:43:09
6669,緯穎,2025-09-22,3125.0,-105.0,-3.25%,190.48000000000002,16.46,2857.2,3428.64,4000.08,4571.52,5142.96,5714.4,ShowDailyK_ChartFlow,FinMind_API_TaiwanStockPrice_6669,True,2026-09-22T15:43:09,2026-09-22T15:43:09,2026-09-22T15:43:09
6669,緯穎,2025-09-23,3140.0,15.0,0.48%,190.48000000000002,16.54,2857.2,3428.64,4000.08,4571.52,5142.96,5714.4,ShowDailyK_ChartFlow,FinMind_API_TaiwanStockPrice_6669,True,2026-09-22T15:43:09,2026-09-22T15:43:09,2026-09-22T15:43:09
6669,緯穎,2025-09-24,3080.0,-60.0,-1.91%,190.48000000000002,16.22,2857.2,3428.64,4000.08,4571.52,5142.96,5714.4,ShowDailyK_ChartFlow,FinMind_API_TaiwanStockPrice_6669,True,2026-09-22T15:43:09,2026-09-22T15:43:09,2026-09-22T15:43:09
6669,緯穎,2025-09-25,3095.0,15.0,0.49%,190.48000000000002,16.3,2857.2,3428.64,4000.08,4571.52,5142.96,5714.4,ShowDailyK_ChartFlow,FinMind_API_TaiwanStockPrice_6669,True,2026-09-22T15:43:09,2026-09-22T15:43:09,2026-09-22T15:43:09
6669,緯穎,2025-09-26,3050.0,-45.0,-1.45%,190.48000000000002,16.06,2857.2,3428.64,4000.08,4571.52,5142.96,5714.4,ShowDailyK_ChartFlow,FinMind_API_TaiwanStockPrice_6669,True,2026-09-22T15:43:09,2026-09-22T15:43:09,2026-09-22T15:43:09
6669,緯穎,2025-09-30,3315.0,265.0,8.69%,239.04,17.46,3585.6,4302.72,5019.84,5736.96,6454.08,7171.2,ShowDailyK_ChartFlow,FinMind_API_TaiwanStockPrice_6669,True,2026-09-22T15:43:09,2026-09-22T15:43:09,2026-09-22T15:43:09
6669,緯穎,2025-10-01,3300.0,-15.0,-0.45%,239.04,17.38,3585.6,4302.72,5019.84,5736.96,6454.08,7171.2,ShowDailyK_ChartFlow,FinMind_API_TaiwanStockPrice_6669,True,2026-09-22T15:43:09,2026-09-22T15:43:09,2026-09-22T15:43:09
6669,緯穎,2025-10-02,3315.0,15.0,0.45%,239.04,17.46,3585.6,4302.72,5019.84,5736.96,6454.08,7171.2,ShowDailyK_ChartFlow,FinMind_API_TaiwanStockPrice_6669,True,2026-09-22T15:43:09,2026-09-22T15:43:09,2026-09-22T15:43:09
6669,緯穎,2025-10-03,3465.0,150.0,4.52%,239.04,18.25,3585.6,4302.72,5019.84,5736.96,6454.08,7171.2,ShowDailyK_ChartFlow,FinMind_API_TaiwanStockPrice_6669,True,2026-09-22T15:43:09,2026-09-22T15:43:09,2026-09-22T15:43:09
6669,緯穎,2025-10-07,3510.0,45.0,1.30%,239.04,18.48,3585.6,4302.72,5019.84,5736.96,6454.08,7171.2,ShowDailyK_ChartFlow,FinMind_API_TaiwanStockPrice_6669,True,2026-09-22T15:43:09,2026-09-22T15:43:09,2026-09-22T15:43:09
6669,緯穎,2025-10-08,3435.0,-75.0,-2.14%,239.04,18.09,3585.6,4302.72,5019.84,5736.96,6454.08,7171.2,ShowDailyK_ChartFlow,FinMind_API_TaiwanStockPrice_6669,True,2026-09-22T15:43:09,2026-09-22T15:43:09,2026-09-22T15:43:09
6669,緯穎,2025-10-09,3370.0,-65.0,-1.89%,239.04,17.75,3585.6,4302.72,5019.84,5736.96,6454.08,7171.2,ShowDailyK_ChartFlow,FinMind_API_TaiwanStockPrice_6669,True,2026-09-22T15:43:09,2026-09-22T15:43:09,2026-09-22T15:43:09
6669,緯穎,2025-10-13,3430.0,60.0,1.78%,239.04,18.06,3585.6,4302.72,5019.84,5736.96,6454.08,7171.2,ShowDailyK_ChartFlow,FinMind_API_TaiwanStockPrice_6669,True,2026-09-22T15:43:09,2026-09-22T15:43:09,2026-09-22T15:43:09
6669,緯穎,2025-10-14,3510.0,80.0,2.33%,239.04,18.48,3585.6,4302.72,5019.84,5736.96,6454.08,7171.2,ShowDailyK_ChartFlow,FinMind_API_TaiwanStockPrice_6669,True,2026-09-22T15:43:09,2026-09-22T15:43:09,2026-09-22T15:43:09
6669,緯穎,2025-10-15,3795.0,285.0,8.12%,239.04,19.98,3585.6,4302.72,5019.84,5736.96,6454.08,7171.2,ShowDailyK_ChartFlow,FinMind_API_TaiwanStockPrice_6669,True,2026-09-22T15:43:09,2026-09-22T15:43:09,2026-09-22T15:43:09
6669,緯穎,2025-10-16,3860.0,65.0,1.71%,239.04,20.33,3585.6,4302.72,5019.84,5736.96,6454.08,7171.2,ShowDailyK_ChartFlow,FinMind_API_TaiwanStockPrice_6669,True,2026-09-22T15:43:09,2026-09-22T15:43:09,2026-09-22T15:43:09
6669,緯穎,2025-10-17,3785.0,-75.0,-1.94%,239.04,19.93,3585.6,4302.72,5019.84,5736.96,6454.08,7171.2,ShowDailyK_ChartFlow,FinMind_API_TaiwanStockPrice_6669,True,2026-09-22T15:43:09,2026-09-22T15:43:09,2026-09-22T15:43:09
6669,緯穎,2025-10-20,3880.0,95.0,2.51%,239.04,20.43,3585.6,4302.72,5019.84,5736.96,6454.08,7171.2,ShowDailyK_ChartFlow,FinMind_API_TaiwanStockPrice_6669,True,2026-09-22T15:43:09,2026-09-22T15:43:09,2026-09-22T15:43:09
6669,緯穎,2025-10-21,4065.0,185.0,4.77%,239.04,21.41,3585.6,4302.72,5019.84,5736.96,6454.08,7171.2,ShowDailyK_ChartFlow,FinMind_API_TaiwanStockPrice_6669,True,2026-09-22T15:43:09,2026-09-22T15:43:09,2026-09-22T15:43:09
6669,緯穎,2025-10-22,4065.0,0.0,0.00%,239.04,21.41,3585.6,4302.72,5019.84,5736.96,6454.08,7171.2,ShowDailyK_ChartFlow,FinMind_API_TaiwanStockPrice_6669,True,2026-09-22T15:43:09,2026-09-22T15:43:09,2026-09-22T15:43:09
6669,緯穎,2025-10-23,4105.0,40.0,0.98%,239.04,21.62,3585.6,4302.72,5019.84,5736.96,6454.08,7171.2,ShowDailyK_ChartFlow,FinMind_API_TaiwanStockPrice_6669,True,2026-09-22T15:43:09,2026-09-22T15:43:09,2026-09-22T15:43:09
6669,緯穎,2025-10-27,4055.0,-50.0,-1.22%,239.04,21.35,3585.6,4302.72,5019.84,5736.96,6454.08,7171.2,ShowDailyK_ChartFlow,FinMind_API_TaiwanStockPrice_6669,True,2026-09-22T15:43:09,2026-09-22T15:43:09,2026-09-22T15:43:09
6669,緯穎,2025-10-28,4085.0,30.0,0.74%,239.04,21.51,3585.6,4302.72,5019.84,5736.96,6454.08,7171.2,ShowDailyK_ChartFlow,FinMind_API_TaiwanStockPrice_6669,True,2026-09-22T15:43:09,2026-09-22T15:43:09,2026-09-22T15:43:09
6669,緯穎,2025-10-29,4110.0,25.0,0.61%,239.04,21.64,3585.6,4302.72,5019.84,5736.96,6454.08,7171.2,ShowDailyK_ChartFlow,FinMind_API_TaiwanStockPrice_6669,True,2026-09-22T15:43:09,2026-09-22T15:43:09,2026-09-22T15:43:09
6669,緯穎,2025-10-30,4300.0,190.0,4.62%,239.04,22.64,3585.6,4302.72,5019.84,5736.96,6454.08,7171.2,ShowDailyK_ChartFlow,FinMind_API_TaiwanStockPrice_6669,True,2026-09-22T15:43:09,2026-09-22T15:43:09,2026-09-22T15:43:09
6669,緯穎,2025-10-31,4365.0,65.0,1.51%,239.04,22.99,3585.6,4302.72,5019.84,5736.96,6454.08,7171.2,ShowDailyK_ChartFlow,FinMind_API_TaiwanStockPrice_6669,True,2026-09-22T15:43:09,2026-09-22T15:43:09,2026-09-22T15:43:09
6669,緯穎,2025-11-03,4315.0,-50.0,-1.15%,239.04,22.72,3585.6,4302.72,5019.84,5736.96,6454.08,7171.2,ShowDailyK_ChartFlow,FinMind_API_TaiwanStockPrice_6669,True,2026-09-22T15:43:09,2026-09-22T15:43:09,2026-09-22T15:43:09
6669,緯穎,2025-11-04,4300.0,-15.0,-0.35%,239.04,22.64,3585.6,4302.72,5019.84,5736.96,6454.08,7171.2,ShowDailyK_ChartFlow,FinMind_API_TaiwanStockPrice_6669,True,2026-09-22T15:43:09,2026-09-22T15:43:09,2026-09-22T15:43:09
6669,緯穎,2025-11-05,4165.0,-135.0,-3.14%,239.04,21.93,3585.6,4302.72,5019.84,5736.96,6454.08,7171.2,ShowDailyK_ChartFlow,FinMind_API_TaiwanStockPrice_6669,True,2026-09-22T15:43:09,2026-09-22T15:43:09,2026-09-22T15:43:09
6669,緯穎,2025-11-06,4320.0,155.0,3.72%,239.04,22.75,3585.6,4302.72,5019.84,5736.96,6454.08,7171.2,ShowDailyK_ChartFlow,FinMind_API_TaiwanStockPrice_6669,True,2026-09-22T15:43:09,2026-09-22T15:43:09,2026-09-22T15:43:09
6669,緯穎,2025-11-07,4075.0,-245.0,-5.67%,239.04,21.46,3585.6,4302.72,5019.84,5736.96,6454.08,7171.2,ShowDailyK_ChartFlow,FinMind_API_TaiwanStockPrice_6669,True,2026-09-22T15:43:09,2026-09-22T15:43:09,2026-09-22T15:43:09
6669,緯穎,2025-11-10,4295.0,220.0,5.40%,239.04,17.99,3585.6,4302.72,5019.84,5736.96,6454.08,7171.2,ShowDailyK_ChartFlow,FinMind_API_TaiwanStockPrice_6669,True,2026-09-22T15:43:09,2026-09-22T15:43:09,2026-09-22T15:43:09
6669,緯穎,2025-11-11,4720.0,425.0,9.90%,239.04,19.77,3585.6,4302.72,5019.84,5736.96,6454.08,7171.2,ShowDailyK_ChartFlow,FinMind_API_TaiwanStockPrice_6669,True,2026-09-22T15:43:09,2026-09-22T15:43:09,2026-09-22T15:43:09
6669,緯穎,2025-11-12,4560.0,-160.0,-3.39%,239.04,19.1,3585.6,4302.72,5019.84,5736.96,6454.08,7171.2,ShowDailyK_ChartFlow,FinMind_API_TaiwanStockPrice_6669,True,2026-09-22T15:43:09,2026-09-22T15:43:09,2026-09-22T15:43:09
6669,緯穎,2025-11-13,4460.0,-100.0,-2.19%,239.04,18.68,3585.6,4302.72,5019.84,5736.96,6454.08,7171.2,ShowDailyK_ChartFlow,FinMind_API_TaiwanStockPrice_6669,True,2026-09-22T15:43:09,2026-09-22T15:43:09,2026-09-22T15:43:09
6669,緯穎,2025-11-14,4280.0,-180.0,-4.04%,239.04,17.92,3585.6,4302.72,5019.84,5736.96,6454.08,7171.2,ShowDailyK_ChartFlow,FinMind_API_TaiwanStockPrice_6669,True,2026-09-22T15:43:09,2026-09-22T15:43:09,2026-09-22T15:43:09
6669,緯穎,2025-11-17,4350.0,70.0,1.64%,239.04,18.22,3585.6,4302.72,5019.84,5736.96,6454.08,7171.2,ShowDailyK_ChartFlow,FinMind_API_TaiwanStockPrice_6669,True,2026-09-22T15:43:09,2026-09-22T15:43:09,2026-09-22T15:43:09
6669,緯穎,2025-11-18,4130.0,-220.0,-5.06%,239.04,17.3,3585.6,4302.72,5019.84,5736.96,6454.08,7171.2,ShowDailyK_ChartFlow,FinMind_API_TaiwanStockPrice_6669,True,2026-09-22T15:43:09,2026-09-22T15:43:09,2026-09-22T15:43:09
6669,緯穎,2025-11-19,4150.0,20.0,0.48%,239.04,17.38,3585.6,4302.72,5019.84,5736.96,6454.08,7171.2,ShowDailyK_ChartFlow,FinMind_API_TaiwanStockPrice_6669,True,2026-09-22T15:43:09,2026-09-22T15:43:09,2026-09-22T15:43:09
6669,緯穎,2025-11-20,4280.0,130.0,3.13%,239.04,17.92,3585.6,4302.72,5019.84,5736.96,6454.08,7171.2,ShowDailyK_ChartFlow,FinMind_API_TaiwanStockPrice_6669,True,2026-09-22T15:43:09,2026-09-22T15:43:09,2026-09-22T15:43:09
6669,緯穎,2025-11-21,4095.0,-185.0,-4.32%,239.04,17.15,3585.6,4302.72,5019.84,5736.96,6454.08,7171.2,ShowDailyK_ChartFlow,FinMind_API_TaiwanStockPrice_6669,True,2026-09-22T15:43:09,2026-09-22T15:43:09,2026-09-22T15:43:09
6669,緯穎,2025-11-24,4030.0,-65.0,-1.59%,239.04,16.88,3585.6,4302.72,5019.84,5736.96,6454.08,7171.2,ShowDailyK_ChartFlow,FinMind_API_TaiwanStockPrice_6669,True,2026-09-22T15:43:09,2026-09-22T15:43:09,2026-09-22T15:43:09
6669,緯穎,2025-11-25,4170.0,140.0,3.47%,239.04,17.46,3585.6,4302.72,5019.84,5736.96,6454.08,7171.2,ShowDailyK_ChartFlow,FinMind_API_TaiwanStockPrice_6669,True,2026-09-22T15:43:09,2026-09-22T15:43:09,2026-09-22T15:43:09
6669,緯穎,2025-11-26,4450.0,280.0,6.71%,239.04,18.64,3585.6,4302.72,5019.84,5736.96,6454.08,7171.2,ShowDailyK_ChartFlow,FinMind_API_TaiwanStockPrice_6669,True,2026-09-22T15:43:09,2026-09-22T15:43:09,2026-09-22T15:43:09
6669,緯穎,2025-11-27,4450.0,0.0,0.00%,239.04,18.64,3585.6,4302.72,5019.84,5736.96,6454.08,7171.2,ShowDailyK_ChartFlow,FinMind_API_TaiwanStockPrice_6669,True,2026-09-22T15:43:09,2026-09-22T15:43:09,2026-09-22T15:43:09
6669,緯穎,2025-11-28,4570.0,120.0,2.70%,239.04,19.14,3585.6,4302.72,5019.84,5736.96,6454.08,7171.2,ShowDailyK_ChartFlow,FinMind_API_TaiwanStockPrice_6669,True,2026-09-22T15:43:09,2026-09-22T15:43:09,2026-09-22T15:43:09
6669,緯穎,2025-12-01,4430.0,-140.0,-3.06%,239.04,18.55,3585.6,4302.72,5019.84,5736.96,6454.08,7171.2,ShowDailyK_ChartFlow,FinMind_API_TaiwanStockPrice_6669,True,2026-09-22T15:43:09,2026-09-22T15:43:09,2026-09-22T15:43:09
6669,緯穎,2025-12-02,4480.0,50.0,1.13%,239.04,18.76,3585.6,4302.72,5019.84,5736.96,6454.08,7171.2,ShowDailyK_ChartFlow,FinMind_API_TaiwanStockPrice_6669,True,2026-09-22T15:43:09,2026-09-22T15:43:09,2026-09-22T15:43:09
6669,緯穎,2025-12-03,4600.0,120.0,2.68%,239.04,19.26,3585.6,4302.72,5019.84,5736.96,6454.08,7171.2,ShowDailyK_ChartFlow,FinMind_API_TaiwanStockPrice_6669,True,2026-09-22T15:43:09,2026-09-22T15:43:09,2026-09-22T15:43:09
6669,緯穎,2025-12-04,4545.0,-55.0,-1.20%,239.04,19.03,3585.6,4302.72,5019.84,5736.96,6454.08,7171.2,ShowDailyK_ChartFlow,FinMind_API_TaiwanStockPrice_6669,True,2026-09-22T15:43:09,2026-09-22T15:43:09,2026-09-22T15:43:09
6669,緯穎,2025-12-05,4685.0,140.0,3.08%,239.04,19.62,3585.6,4302.72,5019.84,5736.96,6454.08,7171.2,ShowDailyK_ChartFlow,FinMind_API_TaiwanStockPrice_6669,True,2026-09-22T15:43:09,2026-09-22T15:43:09,2026-09-22T15:43:09
6669,緯穎,2025-12-08,4630.0,-55.0,-1.17%,239.04,19.39,3585.6,4302.72,5019.84,5736.96,6454.08,7171.2,ShowDailyK_ChartFlow,FinMind_API_TaiwanStockPrice_6669,True,2026-09-22T15:43:09,2026-09-22T15:43:09,2026-09-22T15:43:09
6669,緯穎,2025-12-09,4520.0,-110.0,-2.38%,239.04,18.93,3585.6,4302.72,5019.84,5736.96,6454.08,7171.2,ShowDailyK_ChartFlow,FinMind_API_TaiwanStockPrice_6669,True,2026-09-22T15:43:09,2026-09-22T15:43:09,2026-09-22T15:43:09
6669,緯穎,2025-12-10,4525.0,5.0,0.11%,239.04,18.95,3585.6,4302.72,5019.84,5736.96,6454.08,7171.2,ShowDailyK_ChartFlow,FinMind_API_TaiwanStockPrice_6669,True,2026-09-22T15:43:09,2026-09-22T15:43:09,2026-09-22T15:43:09
6669,緯穎,2025-12-11,4520.0,-5.0,-0.11%,239.04,18.93,3585.6,4302.72,5019.84,5736.96,6454.08,7171.2,ShowDailyK_ChartFlow,FinMind_API_TaiwanStockPrice_6669,True,2026-09-22T15:43:09,2026-09-22T15:43:09,2026-09-22T15:43:09
6669,緯穎,2025-12-12,4405.0,-115.0,-2.54%,239.04,18.45,3585.6,4302.72,5019.84,5736.96,6454.08,7171.2,ShowDailyK_ChartFlow,FinMind_API_TaiwanStockPrice_6669,True,2026-09-22T15:43:09,2026-09-22T15:43:09,2026-09-22T15:43:09
6669,緯穎,2025-12-15,4290.0,-115.0,-2.61%,239.04,17.97,3585.6,4302.72,5019.84,5736.96,6454.08,7171.2,ShowDailyK_ChartFlow,FinMind_API_TaiwanStockPrice_6669,True,2026-09-22T15:43:09,2026-09-22T15:43:09,2026-09-22T15:43:09
6669,緯穎,2025-12-16,4160.0,-130.0,-3.03%,239.04,17.42,3585.6,4302.72,5019.84,5736.96,6454.08,7171.2,ShowDailyK_ChartFlow,FinMind_API_TaiwanStockPrice_6669,True,2026-09-22T15:43:09,2026-09-22T15:43:09,2026-09-22T15:43:09
6669,緯穎,2025-12-17,4175.0,15.0,0.36%,239.04,17.48,3585.6,4302.72,5019.84,5736.96,6454.08,7171.2,ShowDailyK_ChartFlow,FinMind_API_TaiwanStockPrice_6669,True,2026-09-22T15:43:09,2026-09-22T15:43:09,2026-09-22T15:43:09
6669,緯穎,2025-12-18,4175.0,0.0,0.00%,239.04,17.48,3585.6,4302.72,5019.84,5736.96,6454.08,7171.2,ShowDailyK_ChartFlow,FinMind_API_TaiwanStockPrice_6669,True,2026-09-22T15:43:09,2026-09-22T15:43:09,2026-09-22T15:43:09
6669,緯穎,2025-12-19,4285.0,110.0,2.63%,239.04,17.95,3585.6,4302.72,5019.84,5736.96,6454.08,7171.2,ShowDailyK_ChartFlow,FinMind_API_TaiwanStockPrice_6669,True,2026-09-22T15:43:09,2026-09-22T15:43:09,2026-09-22T15:43:09
6669,緯穎,2025-12-22,4250.0,-35.0,-0.82%,239.04,17.8,3585.6,4302.72,5019.84,5736.96,6454.08,7171.2,ShowDailyK_ChartFlow,FinMind_API_TaiwanStockPrice_6669,True,2026-09-22T15:43:09,2026-09-22T15:43:09,2026-09-22T15:43:09
6669,緯穎,2025-12-23,4255.0,5.0,0.12%,239.04,17.82,3585.6,4302.72,5019.84,5736.96,6454.08,7171.2,ShowDailyK_ChartFlow,FinMind_API_TaiwanStockPrice_6669,True,2026-09-22T15:43:09,2026-09-22T15:43:09,2026-09-22T15:43:09
6669,緯穎,2025-12-24,4240.0,-15.0,-0.35%,239.04,17.76,3585.6,4302.72,5019.84,5736.96,6454.08,7171.2,ShowDailyK_ChartFlow,FinMind_API_TaiwanStockPrice_6669,True,2026-09-22T15:43:09,2026-09-22T15:43:09,2026-09-22T15:43:09
6669,緯穎,2025-12-26,4300.0,60.0,1.42%,239.04,18.01,3585.6,4302.72,5019.84,5736.96,6454.08,7171.2,ShowDailyK_ChartFlow,FinMind_API_TaiwanStockPrice_6669,True,2026-09-22T15:43:09,2026-09-22T15:43:09,2026-09-22T15:43:09
6669,緯穎,2025-12-29,4350.0,50.0,1.16%,239.04,18.22,3585.6,4302.72,5019.84,5736.96,6454.08,7171.2,ShowDailyK_ChartFlow,FinMind_API_TaiwanStockPrice_6669,True,2026-09-22T15:43:09,2026-09-22T15:43:09,2026-09-22T15:43:09
6669,緯穎,2025-12-30,4395.0,45.0,1.03%,239.04,18.41,3585.6,4302.72,5019.84,5736.96,6454.08,7171.2,ShowDailyK_ChartFlow,FinMind_API_TaiwanStockPrice_6669,True,2026-09-22T15:43:09,2026-09-22T15:43:09,2026-09-22T15:43:09
6669,緯穎,2025-12-31,4485.0,90.0,2.05%,275.06,18.78,4125.9,4951.08,5776.26,6601.44,7426.62,8251.8,ShowDailyK_ChartFlow,FinMind_API_TaiwanStockPrice_6669,True,2026-09-22T15:43:09,2026-09-22T15:43:09,2026-09-22T15:43:09
6669,緯穎,2026-01-02,4480.0,-5.0,-0.11%,275.06,18.76,4125.9,4951.08,5776.26,6601.44,7426.62,8251.8,ShowDailyK_ChartFlow,FinMind_API_TaiwanStockPrice_6669,True,2026-09-22T15:43:09,2026-09-22T15:43:09,2026-09-22T15:43:09
6669,緯穎,2026-01-05,4540.0,60.0,1.34%,275.06,19.01,4125.9,4951.08,5776.26,6601.44,7426.62,8251.8,ShowDailyK_ChartFlow,FinMind_API_TaiwanStockPrice_6669,True,2026-09-22T15:43:09,2026-09-22T15:43:09,2026-09-22T15:43:09
6669,緯穎,2026-01-06,4615.0,75.0,1.65%,275.06,19.33,4125.9,4951.08,5776.26,6601.44,7426.62,8251.8,ShowDailyK_ChartFlow,FinMind_API_TaiwanStockPrice_6669,True,2026-09-22T15:43:09,2026-09-22T15:43:09,2026-09-22T15:43:09
6669,緯穎,2026-01-07,4670.0,55.0,1.19%,275.06,19.56,4125.9,4951.08,5776.26,6601.44,7426.62,8251.8,ShowDailyK_ChartFlow,FinMind_API_TaiwanStockPrice_6669,True,2026-09-22T15:43:09,2026-09-22T15:43:09,2026-09-22T15:43:09
6669,緯穎,2026-01-08,4650.0,-20.0,-0.43%,275.06,19.47,4125.9,4951.08,5776.26,6601.44,7426.62,8251.8,ShowDailyK_ChartFlow,FinMind_API_TaiwanStockPrice_6669,True,2026-09-22T15:43:09,2026-09-22T15:43:09,2026-09-22T15:43:09
6669,緯穎,2026-01-09,4240.0,-410.0,-8.82%,275.06,17.76,4125.9,4951.08,5776.26,6601.44,7426.62,8251.8,ShowDailyK_ChartFlow,FinMind_API_TaiwanStockPrice_6669,True,2026-09-22T15:43:09,2026-09-22T15:43:09,2026-09-22T15:43:09
6669,緯穎,2026-01-12,4095.0,-145.0,-3.42%,275.06,17.15,4125.9,4951.08,5776.26,6601.44,7426.62,8251.8,ShowDailyK_ChartFlow,FinMind_API_TaiwanStockPrice_6669,True,2026-09-22T15:43:09,2026-09-22T15:43:09,2026-09-22T15:43:09
6669,緯穎,2026-01-13,3900.0,-195.0,-4.76%,275.06,16.33,4125.9,4951.08,5776.26,6601.44,7426.62,8251.8,ShowDailyK_ChartFlow,FinMind_API_TaiwanStockPrice_6669,True,2026-09-22T15:43:09,2026-09-22T15:43:09,2026-09-22T15:43:09
6669,緯穎,2026-01-14,3960.0,60.0,1.54%,275.06,16.58,4125.9,4951.08,5776.26,6601.44,7426.62,8251.8,ShowDailyK_ChartFlow,FinMind_API_TaiwanStockPrice_6669,True,2026-09-22T15:43:09,2026-09-22T15:43:09,2026-09-22T15:43:09
6669,緯穎,2026-01-15,3945.0,-15.0,-0.38%,275.06,16.52,4125.9,4951.08,5776.26,6601.44,7426.62,8251.8,ShowDailyK_ChartFlow,FinMind_API_TaiwanStockPrice_6669,True,2026-09-22T15:43:09,2026-09-22T15:43:09,2026-09-22T15:43:09
6669,緯穎,2026-01-16,3825.0,-120.0,-3.04%,275.06,16.02,4125.9,4951.08,5776.26,6601.44,7426.62,8251.8,ShowDailyK_ChartFlow,FinMind_API_TaiwanStockPrice_6669,True,2026-09-22T15:43:09,2026-09-22T15:43:09,2026-09-22T15:43:09
6669,緯穎,2026-01-19,3720.0,-105.0,-2.75%,275.06,15.58,4125.9,4951.08,5776.26,6601.44,7426.62,8251.8,ShowDailyK_ChartFlow,FinMind_API_TaiwanStockPrice_6669,True,2026-09-22T15:43:09,2026-09-22T15:43:09,2026-09-22T15:43:09
6669,緯穎,2026-01-20,3670.0,-50.0,-1.34%,275.06,15.37,4125.9,4951.08,5776.26,6601.44,7426.62,8251.8,ShowDailyK_ChartFlow,FinMind_API_TaiwanStockPrice_6669,True,2026-09-22T15:43:09,2026-09-22T15:43:09,2026-09-22T15:43:09
6669,緯穎,2026-01-21,3605.0,-65.0,-1.77%,275.06,15.1,4125.9,4951.08,5776.26,6601.44,7426.62,8251.8,ShowDailyK_ChartFlow,FinMind_API_TaiwanStockPrice_6669,True,2026-09-22T15:43:09,2026-09-22T15:43:09,2026-09-22T15:43:09
6669,緯穎,2026-01-22,3765.0,160.0,4.44%,275.06,15.77,4125.9,4951.08,5776.26,6601.44,7426.62,8251.8,ShowDailyK_ChartFlow,FinMind_API_TaiwanStockPrice_6669,True,2026-09-22T15:43:09,2026-09-22T15:43:09,2026-09-22T15:43:09
6669,緯穎,2026-01-23,3695.0,-70.0,-1.86%,275.06,15.47,4125.9,4951.08,5776.26,6601.44,7426.62,8251.8,ShowDailyK_ChartFlow,FinMind_API_TaiwanStockPrice_6669,True,2026-09-22T15:43:09,2026-09-22T15:43:09,2026-09-22T15:43:09
6669,緯穎,2026-01-26,3840.0,145.0,3.92%,275.06,16.08,4125.9,4951.08,5776.26,6601.44,7426.62,8251.8,ShowDailyK_ChartFlow,FinMind_API_TaiwanStockPrice_6669,True,2026-09-22T15:43:09,2026-09-22T15:43:09,2026-09-22T15:43:09
6669,緯穎,2026-01-27,3700.0,-140.0,-3.65%,275.06,15.5,4125.9,4951.08,5776.26,6601.44,7426.62,8251.8,ShowDailyK_ChartFlow,FinMind_API_TaiwanStockPrice_6669,True,2026-09-22T15:43:09,2026-09-22T15:43:09,2026-09-22T15:43:09
6669,緯穎,2026-01-28,3705.0,5.0,0.14%,275.06,15.52,4125.9,4951.08,5776.26,6601.44,7426.62,8251.8,ShowDailyK_ChartFlow,FinMind_API_TaiwanStockPrice_6669,True,2026-09-22T15:43:09,2026-09-22T15:43:09,2026-09-22T15:43:09
6669,緯穎,2026-01-29,3720.0,15.0,0.40%,275.06,15.58,4125.9,4951.08,5776.26,6601.44,7426.62,8251.8,ShowDailyK_ChartFlow,FinMind_API_TaiwanStockPrice_6669,True,2026-09-22T15:43:09,2026-09-22T15:43:09,2026-09-22T15:43:09
6669,緯穎,2026-01-30,3575.0,-145.0,-3.90%,275.06,14.97,4125.9,4951.08,5776.26,6601.44,7426.62,8251.8,ShowDailyK_ChartFlow,FinMind_API_TaiwanStockPrice_6669,True,2026-09-22T15:43:09,2026-09-22T15:43:09,2026-09-22T15:43:09
6669,緯穎,2026-02-02,3605.0,30.0,0.84%,275.06,15.1,4125.9,4951.08,5776.26,6601.44,7426.62,8251.8,ShowDailyK_ChartFlow,FinMind_API_TaiwanStockPrice_6669,True,2026-09-22T15:43:09,2026-09-22T15:43:09,2026-09-22T15:43:09
6669,緯穎,2026-02-03,3725.0,120.0,3.33%,275.06,15.6,4125.9,4951.08,5776.26,6601.44,7426.62,8251.8,ShowDailyK_ChartFlow,FinMind_API_TaiwanStockPrice_6669,True,2026-09-22T15:43:09,2026-09-22T15:43:09,2026-09-22T15:43:09
6669,緯穎,2026-02-04,3680.0,-45.0,-1.21%,275.06,15.41,4125.9,4951.08,5776.26,6601.44,7426.62,8251.8,ShowDailyK_ChartFlow,FinMind_API_TaiwanStockPrice_6669,True,2026-09-22T15:43:09,2026-09-22T15:43:09,2026-09-22T15:43:09
6669,緯穎,2026-02-05,3610.0,-70.0,-1.90%,275.06,15.12,4125.9,4951.08,5776.26,6601.44,7426.62,8251.8,ShowDailyK_ChartFlow,FinMind_API_TaiwanStockPrice_6669,True,2026-09-22T15:43:09,2026-09-22T15:43:09,2026-09-22T15:43:09
6669,緯穎,2026-02-06,3645.0,35.0,0.97%,275.06,15.27,4125.9,4951.08,5776.26,6601.44,7426.62,8251.8,ShowDailyK_ChartFlow,FinMind_API_TaiwanStockPrice_6669,True,2026-09-22T15:43:09,2026-09-22T15:43:09,2026-09-22T15:43:09
6669,緯穎,2026-02-09,3630.0,-15.0,-0.41%,275.06,15.2,4125.9,4951.08,5776.26,6601.44,7426.62,8251.8,ShowDailyK_ChartFlow,FinMind_API_TaiwanStockPrice_6669,True,2026-09-22T15:43:09,2026-09-22T15:43:09,2026-09-22T15:43:09
6669,緯穎,2026-02-10,3685.0,55.0,1.52%,275.06,15.43,4125.9,4951.08,5776.26,6601.44,7426.62,8251.8,ShowDailyK_ChartFlow,FinMind_API_TaiwanStockPrice_6669,True,2026-09-22T15:43:09,2026-09-22T15:43:09,2026-09-22T15:43:09
6669,緯穎,2026-02-11,3740.0,55.0,1.49%,275.06,15.66,4125.9,4951.08,5776.26,6601.44,7426.62,8251.8,ShowDailyK_ChartFlow,FinMind_API_TaiwanStockPrice_6669,True,2026-09-22T15:43:09,2026-09-22T15:43:09,2026-09-22T15:43:09
6669,緯穎,2026-02-23,3820.0,80.0,2.14%,275.06,16.0,4125.9,4951.08,5776.26,6601.44,7426.62,8251.8,ShowDailyK_ChartFlow,FinMind_API_TaiwanStockPrice_6669,True,2026-09-22T15:43:09,2026-09-22T15:43:09,2026-09-22T15:43:09
6669,緯穎,2026-02-24,3835.0,15.0,0.39%,275.06,16.06,4125.9,4951.08,5776.26,6601.44,7426.62,8251.8,ShowDailyK_ChartFlow,FinMind_API_TaiwanStockPrice_6669,True,2026-09-22T15:43:09,2026-09-22T15:43:09,2026-09-22T15:43:09
6669,緯穎,2026-02-25,4060.0,225.0,5.87%,275.06,17.0,4125.9,4951.08,5776.26,6601.44,7426.62,8251.8,ShowDailyK_ChartFlow,FinMind_API_TaiwanStockPrice_6669,True,2026-09-22T15:43:09,2026-09-22T15:43:09,2026-09-22T15:43:09
6669,緯穎,2026-02-26,4000.0,-60.0,-1.48%,275.06,16.75,4125.9,4951.08,5776.26,6601.44,7426.62,8251.8,ShowDailyK_ChartFlow,FinMind_API_TaiwanStockPrice_6669,True,2026-09-22T15:43:09,2026-09-22T15:43:09,2026-09-22T15:43:09
6669,緯穎,2026-03-02,4150.0,150.0,3.75%,275.06,15.09,4125.9,4951.08,5776.26,6601.44,7426.62,8251.8,ShowDailyK_ChartFlow,FinMind_API_TaiwanStockPrice_6669,True,2026-09-22T15:43:09,2026-09-22T15:43:09,2026-09-22T15:43:09
6669,緯穎,2026-03-03,4145.0,-5.0,-0.12%,275.06,15.07,4125.9,4951.08,5776.26,6601.44,7426.62,8251.8,ShowDailyK_ChartFlow,FinMind_API_TaiwanStockPrice_6669,True,2026-09-22T15:43:09,2026-09-22T15:43:09,2026-09-22T15:43:09
6669,緯穎,2026-03-04,3910.0,-235.0,-5.67%,275.06,14.22,4125.9,4951.08,5776.26,6601.44,7426.62,8251.8,ShowDailyK_ChartFlow,FinMind_API_TaiwanStockPrice_6669,True,2026-09-22T15:43:09,2026-09-22T15:43:09,2026-09-22T15:43:09
6669,緯穎,2026-03-05,4220.0,310.0,7.93%,275.06,15.34,4125.9,4951.08,5776.26,6601.44,7426.62,8251.8,ShowDailyK_ChartFlow,FinMind_API_TaiwanStockPrice_6669,True,2026-09-22T15:43:09,2026-09-22T15:43:09,2026-09-22T15:43:09
6669,緯穎,2026-03-06,4215.0,-5.0,-0.12%,275.06,15.32,4125.9,4951.08,5776.26,6601.44,7426.62,8251.8,ShowDailyK_ChartFlow,FinMind_API_TaiwanStockPrice_6669,True,2026-09-22T15:43:09,2026-09-22T15:43:09,2026-09-22T15:43:09
6669,緯穎,2026-03-09,3930.0,-285.0,-6.76%,275.06,14.29,4125.9,4951.08,5776.26,6601.44,7426.62,8251.8,ShowDailyK_ChartFlow,FinMind_API_TaiwanStockPrice_6669,True,2026-09-22T15:43:09,2026-09-22T15:43:09,2026-09-22T15:43:09
6669,緯穎,2026-03-10,3960.0,30.0,0.76%,275.06,14.4,4125.9,4951.08,5776.26,6601.44,7426.62,8251.8,ShowDailyK_ChartFlow,FinMind_API_TaiwanStockPrice_6669,True,2026-09-22T15:43:09,2026-09-22T15:43:09,2026-09-22T15:43:09
6669,緯穎,2026-03-11,4190.0,230.0,5.81%,275.06,15.23,4125.9,4951.08,5776.26,6601.44,7426.62,8251.8,ShowDailyK_ChartFlow,FinMind_API_TaiwanStockPrice_6669,True,2026-09-22T15:43:09,2026-09-22T15:43:09,2026-09-22T15:43:09
6669,緯穎,2026-03-12,4085.0,-105.0,-2.51%,275.06,14.85,4125.9,4951.08,5776.26,6601.44,7426.62,8251.8,ShowDailyK_ChartFlow,FinMind_API_TaiwanStockPrice_6669,True,2026-09-22T15:43:09,2026-09-22T15:43:09,2026-09-22T15:43:09
6669,緯穎,2026-03-13,4070.0,-15.0,-0.37%,275.06,14.8,4125.9,4951.08,5776.26,6601.44,7426.62,8251.8,ShowDailyK_ChartFlow,FinMind_API_TaiwanStockPrice_6669,True,2026-09-22T15:43:09,2026-09-22T15:43:09,2026-09-22T15:43:09
6669,緯穎,2026-03-16,4005.0,-65.0,-1.60%,275.06,14.56,4125.9,4951.08,5776.26,6601.44,7426.62,8251.8,ShowDailyK_ChartFlow,FinMind_API_TaiwanStockPrice_6669,True,2026-09-22T15:43:09,2026-09-22T15:43:09,2026-09-22T15:43:09
6669,緯穎,2026-03-17,3965.0,-40.0,-1.00%,275.06,14.42,4125.9,4951.08,5776.26,6601.44,7426.62,8251.8,ShowDailyK_ChartFlow,FinMind_API_TaiwanStockPrice_6669,True,2026-09-22T15:43:09,2026-09-22T15:43:09,2026-09-22T15:43:09
6669,緯穎,2026-03-18,3825.0,-140.0,-3.53%,275.06,13.91,4125.9,4951.08,5776.26,6601.44,7426.62,8251.8,ShowDailyK_ChartFlow,FinMind_API_TaiwanStockPrice_6669,True,2026-09-22T15:43:09,2026-09-22T15:43:09,2026-09-22T15:43:09
6669,緯穎,2026-03-19,3765.0,-60.0,-1.57%,275.06,13.69,4125.9,4951.08,5776.26,6601.44,7426.62,8251.8,ShowDailyK_ChartFlow,FinMind_API_TaiwanStockPrice_6669,True,2026-09-22T15:43:09,2026-09-22T15:43:09,2026-09-22T15:43:09
6669,緯穎,2026-03-20,3805.0,40.0,1.06%,275.06,13.83,4125.9,4951.08,5776.26,6601.44,7426.62,8251.8,ShowDailyK_ChartFlow,FinMind_API_TaiwanStockPrice_6669,True,2026-09-22T15:43:09,2026-09-22T15:43:09,2026-09-22T15:43:09
6669,緯穎,2026-03-23,3645.0,-160.0,-4.20%,275.06,13.25,4125.9,4951.08,5776.26,6601.44,7426.62,8251.8,ShowDailyK_ChartFlow,FinMind_API_TaiwanStockPrice_6669,True,2026-09-22T15:43:09,2026-09-22T15:43:09,2026-09-22T15:43:09
6669,緯穎,2026-03-24,3725.0,80.0,2.19%,275.06,13.54,4125.9,4951.08,5776.26,6601.44,7426.62,8251.8,ShowDailyK_ChartFlow,FinMind_API_TaiwanStockPrice_6669,True,2026-09-22T15:43:09,2026-09-22T15:43:09,2026-09-22T15:43:09
6669,緯穎,2026-03-25,3760.0,35.0,0.94%,275.06,13.67,4125.9,4951.08,5776.26,6601.44,7426.62,8251.8,ShowDailyK_ChartFlow,FinMind_API_TaiwanStockPrice_6669,True,2026-09-22T15:43:09,2026-09-22T15:43:09,2026-09-22T15:43:09
6669,緯穎,2026-03-26,3465.0,-295.0,-7.85%,275.06,12.6,4125.9,4951.08,5776.26,6601.44,7426.62,8251.8,ShowDailyK_ChartFlow,FinMind_API_TaiwanStockPrice_6669,True,2026-09-22T15:43:09,2026-09-22T15:43:09,2026-09-22T15:43:09
6669,緯穎,2026-03-27,3395.0,-70.0,-2.02%,275.06,12.34,4125.9,4951.08,5776.26,6601.44,7426.62,8251.8,ShowDailyK_ChartFlow,FinMind_API_TaiwanStockPrice_6669,True,2026-09-22T15:43:09,2026-09-22T15:43:09,2026-09-22T15:43:09
6669,緯穎,2026-03-30,3370.0,-25.0,-0.74%,275.06,12.25,4125.9,4951.08,5776.26,6601.44,7426.62,8251.8,ShowDailyK_ChartFlow,FinMind_API_TaiwanStockPrice_6669,True,2026-09-22T15:43:09,2026-09-22T15:43:09,2026-09-22T15:43:09
6669,緯穎,2026-03-31,3300.0,-70.0,-2.08%,298.31,12.0,4474.65,5369.58,6264.51,7159.44,8054.37,8949.3,ShowDailyK_ChartFlow,FinMind_API_TaiwanStockPrice_6669,True,2026-09-22T15:43:09,2026-09-22T15:43:09,2026-09-22T15:43:09
6669,緯穎,2026-04-01,3420.0,120.0,3.64%,298.31,12.43,4474.65,5369.58,6264.51,7159.44,8054.37,8949.3,ShowDailyK_ChartFlow,FinMind_API_TaiwanStockPrice_6669,True,2026-09-22T15:43:09,2026-09-22T15:43:09,2026-09-22T15:43:09
6669,緯穎,2026-04-02,3410.0,-10.0,-0.29%,298.31,12.4,4474.65,5369.58,6264.51,7159.44,8054.37,8949.3,ShowDailyK_ChartFlow,FinMind_API_TaiwanStockPrice_6669,True,2026-09-22T15:43:09,2026-09-22T15:43:09,2026-09-22T15:43:09
6669,緯穎,2026-04-07,3395.0,-15.0,-0.44%,298.31,12.34,4474.65,5369.58,6264.51,7159.44,8054.37,8949.3,ShowDailyK_ChartFlow,FinMind_API_TaiwanStockPrice_6669,True,2026-09-22T15:43:09,2026-09-22T15:43:09,2026-09-22T15:43:09
6669,緯穎,2026-04-08,3570.0,175.0,5.15%,298.31,12.98,4474.65,5369.58,6264.51,7159.44,8054.37,8949.3,ShowDailyK_ChartFlow,FinMind_API_TaiwanStockPrice_6669,True,2026-09-22T15:43:09,2026-09-22T15:43:09,2026-09-22T15:43:09
6669,緯穎,2026-04-09,3580.0,10.0,0.28%,298.31,13.02,4474.65,5369.58,6264.51,7159.44,8054.37,8949.3,ShowDailyK_ChartFlow,FinMind_API_TaiwanStockPrice_6669,True,2026-09-22T15:43:09,2026-09-22T15:43:09,2026-09-22T15:43:09
6669,緯穎,2026-04-10,3630.0,50.0,1.40%,298.31,13.2,4474.65,5369.58,6264.51,7159.44,8054.37,8949.3,ShowDailyK_ChartFlow,FinMind_API_TaiwanStockPrice_6669,True,2026-09-22T15:43:09,2026-09-22T15:43:09,2026-09-22T15:43:09
6669,緯穎,2026-04-13,3645.0,15.0,0.41%,298.31,13.25,4474.65,5369.58,6264.51,7159.44,8054.37,8949.3,ShowDailyK_ChartFlow,FinMind_API_TaiwanStockPrice_6669,True,2026-09-22T15:43:09,2026-09-22T15:43:09,2026-09-22T15:43:09
6669,緯穎,2026-04-14,3755.0,110.0,3.02%,298.31,13.65,4474.65,5369.58,6264.51,7159.44,8054.37,8949.3,ShowDailyK_ChartFlow,FinMind_API_TaiwanStockPrice_6669,True,2026-09-22T15:43:09,2026-09-22T15:43:09,2026-09-22T15:43:09
6669,緯穎,2026-04-15,3720.0,-35.0,-0.93%,298.31,13.52,4474.65,5369.58,6264.51,7159.44,8054.37,8949.3,ShowDailyK_ChartFlow,FinMind_API_TaiwanStockPrice_6669,True,2026-09-22T15:43:09,2026-09-22T15:43:09,2026-09-22T15:43:09
6669,緯穎,2026-04-16,3700.0,-20.0,-0.54%,298.31,13.45,4474.65,5369.58,6264.51,7159.44,8054.37,8949.3,ShowDailyK_ChartFlow,FinMind_API_TaiwanStockPrice_6669,True,2026-09-22T15:43:09,2026-09-22T15:43:09,2026-09-22T15:43:09
6669,緯穎,2026-04-17,3805.0,105.0,2.84%,298.31,13.83,4474.65,5369.58,6264.51,7159.44,8054.37,8949.3,ShowDailyK_ChartFlow,FinMind_API_TaiwanStockPrice_6669,True,2026-09-22T15:43:09,2026-09-22T15:43:09,2026-09-22T15:43:09
6669,緯穎,2026-04-20,3980.0,175.0,4.60%,298.31,14.47,4474.65,5369.58,6264.51,7159.44,8054.37,8949.3,ShowDailyK_ChartFlow,FinMind_API_TaiwanStockPrice_6669,True,2026-09-22T15:43:09,2026-09-22T15:43:09,2026-09-22T15:43:09
6669,緯穎,2026-04-21,4220.0,240.0,6.03%,298.31,15.34,4474.65,5369.58,6264.51,7159.44,8054.37,8949.3,ShowDailyK_ChartFlow,FinMind_API_TaiwanStockPrice_6669,True,2026-09-22T15:43:09,2026-09-22T15:43:09,2026-09-22T15:43:09
6669,緯穎,2026-04-22,4350.0,130.0,3.08%,298.31,15.81,4474.65,5369.58,6264.51,7159.44,8054.37,8949.3,ShowDailyK_ChartFlow,FinMind_API_TaiwanStockPrice_6669,True,2026-09-22T15:43:09,2026-09-22T15:43:09,2026-09-22T15:43:09
6669,緯穎,2026-04-23,4250.0,-100.0,-2.30%,298.31,15.45,4474.65,5369.58,6264.51,7159.44,8054.37,8949.3,ShowDailyK_ChartFlow,FinMind_API_TaiwanStockPrice_6669,True,2026-09-22T15:43:09,2026-09-22T15:43:09,2026-09-22T15:43:09
6669,緯穎,2026-04-24,4635.0,385.0,9.06%,298.31,16.85,4474.65,5369.58,6264.51,7159.44,8054.37,8949.3,ShowDailyK_ChartFlow,FinMind_API_TaiwanStockPrice_6669,True,2026-09-22T15:43:09,2026-09-22T15:43:09,2026-09-22T15:43:09
6669,緯穎,2026-04-27,4890.0,255.0,5.50%,298.31,17.78,4474.65,5369.58,6264.51,7159.44,8054.37,8949.3,ShowDailyK_ChartFlow,FinMind_API_TaiwanStockPrice_6669,True,2026-09-22T15:43:09,2026-09-22T15:43:09,2026-09-22T15:43:09
6669,緯穎,2026-04-28,4800.0,-90.0,-1.84%,298.31,17.45,4474.65,5369.58,6264.51,7159.44,8054.37,8949.3,ShowDailyK_ChartFlow,FinMind_API_TaiwanStockPrice_6669,True,2026-09-22T15:43:09,2026-09-22T15:43:09,2026-09-22T15:43:09
6669,緯穎,2026-04-29,4845.0,45.0,0.94%,298.31,17.61,4474.65,5369.58,6264.51,7159.44,8054.37,8949.3,ShowDailyK_ChartFlow,FinMind_API_TaiwanStockPrice_6669,True,2026-09-22T15:43:09,2026-09-22T15:43:09,2026-09-22T15:43:09
6669,緯穎,2026-04-30,4675.0,-170.0,-3.51%,298.31,17.0,4474.65,5369.58,6264.51,7159.44,8054.37,8949.3,ShowDailyK_ChartFlow,FinMind_API_TaiwanStockPrice_6669,True,2026-09-22T15:43:09,2026-09-22T15:43:09,2026-09-22T15:43:09
6669,緯穎,2026-05-04,4860.0,185.0,3.96%,298.31,17.67,4474.65,5369.58,6264.51,7159.44,8054.37,8949.3,ShowDailyK_ChartFlow,FinMind_API_TaiwanStockPrice_6669,True,2026-09-22T15:43:09,2026-09-22T15:43:09,2026-09-22T15:43:09
6669,緯穎,2026-05-05,4755.0,-105.0,-2.16%,298.31,17.29,4474.65,5369.58,6264.51,7159.44,8054.37,8949.3,ShowDailyK_ChartFlow,FinMind_API_TaiwanStockPrice_6669,True,2026-09-22T15:43:09,2026-09-22T15:43:09,2026-09-22T15:43:09
6669,緯穎,2026-05-06,4970.0,215.0,4.52%,298.31,18.07,4474.65,5369.58,6264.51,7159.44,8054.37,8949.3,ShowDailyK_ChartFlow,FinMind_API_TaiwanStockPrice_6669,True,2026-09-22T15:43:09,2026-09-22T15:43:09,2026-09-22T15:43:09
6669,緯穎,2026-05-07,4880.0,-90.0,-1.81%,298.31,17.74,4474.65,5369.58,6264.51,7159.44,8054.37,8949.3,ShowDailyK_ChartFlow,FinMind_API_TaiwanStockPrice_6669,True,2026-09-22T15:43:09,2026-09-22T15:43:09,2026-09-22T15:43:09
6669,緯穎,2026-05-08,5200.0,320.0,6.56%,298.31,17.43,4474.65,5369.58,6264.51,7159.44,8054.37,8949.3,ShowDailyK_ChartFlow,FinMind_API_TaiwanStockPrice_6669,True,2026-09-22T15:43:09,2026-09-22T15:43:09,2026-09-22T15:43:09
6669,緯穎,2026-05-11,5340.0,140.0,2.69%,298.31,17.9,4474.65,5369.58,6264.51,7159.44,8054.37,8949.3,ShowDailyK_ChartFlow,FinMind_API_TaiwanStockPrice_6669,True,2026-09-22T15:43:09,2026-09-22T15:43:09,2026-09-22T15:43:09
6669,緯穎,2026-05-12,5790.0,450.0,8.43%,298.31,19.41,4474.65,5369.58,6264.51,7159.44,8054.37,8949.3,ShowDailyK_ChartFlow,FinMind_API_TaiwanStockPrice_6669,True,2026-09-22T15:43:09,2026-09-22T15:43:09,2026-09-22T15:43:09
6669,緯穎,2026-05-13,5580.0,-210.0,-3.63%,298.31,18.7,4474.65,5369.58,6264.51,7159.44,8054.37,8949.3,ShowDailyK_ChartFlow,FinMind_API_TaiwanStockPrice_6669,True,2026-09-22T15:43:09,2026-09-22T15:43:09,2026-09-22T15:43:09
6669,緯穎,2026-05-14,5435.0,-145.0,-2.60%,298.31,18.22,4474.65,5369.58,6264.51,7159.44,8054.37,8949.3,ShowDailyK_ChartFlow,FinMind_API_TaiwanStockPrice_6669,True,2026-09-22T15:43:09,2026-09-22T15:43:09,2026-09-22T15:43:09
6669,緯穎,2026-05-15,5115.0,-320.0,-5.89%,298.31,17.15,4474.65,5369.58,6264.51,7159.44,8054.37,8949.3,ShowDailyK_ChartFlow,FinMind_API_TaiwanStockPrice_6669,True,2026-09-22T15:43:09,2026-09-22T15:43:09,2026-09-22T15:43:09
6669,緯穎,2026-05-18,5090.0,-25.0,-0.49%,298.31,17.06,4474.65,5369.58,6264.51,7159.44,8054.37,8949.3,ShowDailyK_ChartFlow,FinMind_API_TaiwanStockPrice_6669,True,2026-09-22T15:43:09,2026-09-22T15:43:09,2026-09-22T15:43:09
6669,緯穎,2026-05-19,4890.0,-200.0,-3.93%,298.31,16.39,4474.65,5369.58,6264.51,7159.44,8054.37,8949.3,ShowDailyK_ChartFlow,FinMind_API_TaiwanStockPrice_6669,True,2026-09-22T15:43:09,2026-09-22T15:43:09,2026-09-22T15:43:09
6669,緯穎,2026-05-20,4910.0,20.0,0.41%,298.31,16.46,4474.65,5369.58,6264.51,7159.44,8054.37,8949.3,ShowDailyK_ChartFlow,FinMind_API_TaiwanStockPrice_6669,True,2026-09-22T15:43:09,2026-09-22T15:43:09,2026-09-22T15:43:09
6669,緯穎,2026-05-21,5345.0,435.0,8.86%,298.31,17.92,4474.65,5369.58,6264.51,7159.44,8054.37,8949.3,ShowDailyK_ChartFlow,FinMind_API_TaiwanStockPrice_6669,True,2026-09-22T15:43:09,2026-09-22T15:43:09,2026-09-22T15:43:09
6669,緯穎,2026-05-22,5525.0,180.0,3.37%,298.31,18.52,4474.65,5369.58,6264.51,7159.44,8054.37,8949.3,ShowDailyK_ChartFlow,FinMind_API_TaiwanStockPrice_6669,True,2026-09-22T15:43:09,2026-09-22T15:43:09,2026-09-22T15:43:09
6669,緯穎,2026-05-25,5610.0,85.0,1.54%,298.31,18.81,4474.65,5369.58,6264.51,7159.44,8054.37,8949.3,ShowDailyK_ChartFlow,FinMind_API_TaiwanStockPrice_6669,True,2026-09-22T15:43:09,2026-09-22T15:43:09,2026-09-22T15:43:09
6669,緯穎,2026-05-26,5280.0,-330.0,-5.88%,298.31,17.7,4474.65,5369.58,6264.51,7159.44,8054.37,8949.3,ShowDailyK_ChartFlow,FinMind_API_TaiwanStockPrice_6669,True,2026-09-22T15:43:09,2026-09-22T15:43:09,2026-09-22T15:43:09
6669,緯穎,2026-05-27,5075.0,-205.0,-3.88%,298.31,17.01,4474.65,5369.58,6264.51,7159.44,8054.37,8949.3,ShowDailyK_ChartFlow,FinMind_API_TaiwanStockPrice_6669,True,2026-09-22T15:43:09,2026-09-22T15:43:09,2026-09-22T15:43:09
6669,緯穎,2026-05-28,4950.0,-125.0,-2.46%,298.31,16.59,4474.65,5369.58,6264.51,7159.44,8054.37,8949.3,ShowDailyK_ChartFlow,FinMind_API_TaiwanStockPrice_6669,True,2026-09-22T15:43:09,2026-09-22T15:43:09,2026-09-22T15:43:09
6669,緯穎,2026-05-29,5445.0,495.0,10.00%,298.31,18.25,4474.65,5369.58,6264.51,7159.44,8054.37,8949.3,ShowDailyK_ChartFlow,FinMind_API_TaiwanStockPrice_6669,True,2026-09-22T15:43:09,2026-09-22T15:43:09,2026-09-22T15:43:09
6669,緯穎,2026-06-01,5515.0,70.0,1.29%,298.31,18.49,4474.65,5369.58,6264.51,7159.44,8054.37,8949.3,ShowDailyK_ChartFlow,FinMind_API_TaiwanStockPrice_6669,True,2026-09-22T15:43:09,2026-09-22T15:43:09,2026-09-22T15:43:09
6669,緯穎,2026-06-02,5475.0,-40.0,-0.73%,298.31,18.35,4474.65,5369.58,6264.51,7159.44,8054.37,8949.3,ShowDailyK_ChartFlow,FinMind_API_TaiwanStockPrice_6669,True,2026-09-22T15:43:09,2026-09-22T15:43:09,2026-09-22T15:43:09
6669,緯穎,2026-06-03,5600.0,125.0,2.28%,298.31,18.77,4474.65,5369.58,6264.51,7159.44,8054.37,8949.3,ShowDailyK_ChartFlow,FinMind_API_TaiwanStockPrice_6669,True,2026-09-22T15:43:09,2026-09-22T15:43:09,2026-09-22T15:43:09
6669,緯穎,2026-06-04,5570.0,-30.0,-0.54%,298.31,18.67,4474.65,5369.58,6264.51,7159.44,8054.37,8949.3,ShowDailyK_ChartFlow,FinMind_API_TaiwanStockPrice_6669,True,2026-09-22T15:43:09,2026-09-22T15:43:09,2026-09-22T15:43:09
6669,緯穎,2026-06-05,5660.0,90.0,1.62%,298.31,18.97,4474.65,5369.58,6264.51,7159.44,8054.37,8949.3,ShowDailyK_ChartFlow,FinMind_API_TaiwanStockPrice_6669,True,2026-09-22T15:43:09,2026-09-22T15:43:09,2026-09-22T15:43:09
6669,緯穎,2026-06-08,5275.0,-385.0,-6.80%,298.31,17.68,4474.65,5369.58,6264.51,7159.44,8054.37,8949.3,ShowDailyK_ChartFlow,FinMind_API_TaiwanStockPrice_6669,True,2026-09-22T15:43:09,2026-09-22T15:43:09,2026-09-22T15:43:09
6669,緯穎,2026-06-09,5300.0,25.0,0.47%,298.31,17.77,4474.65,5369.58,6264.51,7159.44,8054.37,8949.3,ShowDailyK_ChartFlow,FinMind_API_TaiwanStockPrice_6669,True,2026-09-22T15:43:09,2026-09-22T15:43:09,2026-09-22T15:43:09
6669,緯穎,2026-06-10,5065.0,-235.0,-4.43%,298.31,16.98,4474.65,5369.58,6264.51,7159.44,8054.37,8949.3,ShowDailyK_ChartFlow,FinMind_API_TaiwanStockPrice_6669,True,2026-09-22T15:43:09,2026-09-22T15:43:09,2026-09-22T15:43:09
6669,緯穎,2026-06-11,4900.0,-165.0,-3.26%,298.31,16.43,4474.65,5369.58,6264.51,7159.44,8054.37,8949.3,ShowDailyK_ChartFlow,FinMind_API_TaiwanStockPrice_6669,True,2026-09-22T15:43:09,2026-09-22T15:43:09,2026-09-22T15:43:09
6669,緯穎,2026-06-12,4850.0,-50.0,-1.02%,298.31,16.26,4474.65,5369.58,6264.51,7159.44,8054.37,8949.3,ShowDailyK_ChartFlow,FinMind_API_TaiwanStockPrice_6669,True,2026-09-22T15:43:09,2026-09-22T15:43:09,2026-09-22T15:43:09
6669,緯穎,2026-06-15,4900.0,50.0,1.03%,298.31,16.43,4474.65,5369.58,6264.51,7159.44,8054.37,8949.3,ShowDailyK_ChartFlow,FinMind_API_TaiwanStockPrice_6669,True,2026-09-22T15:43:09,2026-09-22T15:43:09,2026-09-22T15:43:09
6669,緯穎,2026-06-16,4880.0,-20.0,-0.41%,298.31,16.36,4474.65,5369.58,6264.51,7159.44,8054.37,8949.3,ShowDailyK_ChartFlow,FinMind_API_TaiwanStockPrice_6669,True,2026-09-22T15:43:09,2026-09-22T15:43:09,2026-09-22T15:43:09
6669,緯穎,2026-06-17,5080.0,200.0,4.10%,298.31,17.03,4474.65,5369.58,6264.51,7159.44,8054.37,8949.3,ShowDailyK_ChartFlow,FinMind_API_TaiwanStockPrice_6669,True,2026-09-22T15:43:09,2026-09-22T15:43:09,2026-09-22T15:43:09
6669,緯穎,2026-06-18,5130.0,50.0,0.98%,298.31,17.2,4474.65,5369.58,6264.51,7159.44,8054.37,8949.3,ShowDailyK_ChartFlow,FinMind_API_TaiwanStockPrice_6669,True,2026-09-22T15:43:09,2026-09-22T15:43:09,2026-09-22T15:43:09
6669,緯穎,2026-06-22,4855.0,-275.0,-5.36%,298.31,16.27,4474.65,5369.58,6264.51,7159.44,8054.37,8949.3,ShowDailyK_ChartFlow,FinMind_API_TaiwanStockPrice_6669,True,2026-09-22T15:43:09,2026-09-22T15:43:09,2026-09-22T15:43:09
6669,緯穎,2026-06-23,4675.0,-180.0,-3.71%,298.31,15.67,4474.65,5369.58,6264.51,7159.44,8054.37,8949.3,ShowDailyK_ChartFlow,FinMind_API_TaiwanStockPrice_6669,True,2026-09-22T15:43:09,2026-09-22T15:43:09,2026-09-22T15:43:09
6669,緯穎,2026-06-24,4605.0,-70.0,-1.50%,298.31,15.44,4474.65,5369.58,6264.51,7159.44,8054.37,8949.3,ShowDailyK_ChartFlow,FinMind_API_TaiwanStockPrice_6669,True,2026-09-22T15:43:09,2026-09-22T15:43:09,2026-09-22T15:43:09
6669,緯穎,2026-06-25,4545.0,-60.0,-1.30%,298.31,15.24,4474.65,5369.58,6264.51,7159.44,8054.37,8949.3,ShowDailyK_ChartFlow,FinMind_API_TaiwanStockPrice_6669,True,2026-09-22T15:43:09,2026-09-22T15:43:09,2026-09-22T15:43:09
6669,緯穎,2026-06-26,4280.0,-265.0,-5.83%,298.31,14.35,4474.65,5369.58,6264.51,7159.44,8054.37,8949.3,ShowDailyK_ChartFlow,FinMind_API_TaiwanStockPrice_6669,True,2026-09-22T15:43:09,2026-09-22T15:43:09,2026-09-22T15:43:09
6669,緯穎,2026-06-29,4580.0,300.0,7.01%,298.31,15.35,4474.65,5369.58,6264.51,7159.44,8054.37,8949.3,ShowDailyK_ChartFlow,FinMind_API_TaiwanStockPrice_6669,True,2026-09-22T15:43:09,2026-09-22T15:43:09,2026-09-22T15:43:09
6669,緯穎,2026-06-30,4635.0,55.0,1.20%,313.51,15.54,4702.65,5643.18,6583.71,7524.24,8464.77,9405.3,ShowDailyK_ChartFlow,FinMind_API_TaiwanStockPrice_6669,True,2026-09-22T15:43:09,2026-09-22T15:43:09,2026-09-22T15:43:09
6669,緯穎,2026-07-01,5035.0,400.0,8.63%,313.51,16.88,4702.65,5643.18,6583.71,7524.24,8464.77,9405.3,ShowDailyK_ChartFlow,FinMind_API_TaiwanStockPrice_6669,True,2026-09-22T15:43:09,2026-09-22T15:43:09,2026-09-22T15:43:09
6669,緯穎,2026-07-02,5200.0,165.0,3.28%,313.51,17.43,4702.65,5643.18,6583.71,7524.24,8464.77,9405.3,ShowDailyK_ChartFlow,FinMind_API_TaiwanStockPrice_6669,True,2026-09-22T15:43:09,2026-09-22T15:43:09,2026-09-22T15:43:09
6669,緯穎,2026-07-03,5265.0,65.0,1.25%,313.51,17.65,4702.65,5643.18,6583.71,7524.24,8464.77,9405.3,ShowDailyK_ChartFlow,FinMind_API_TaiwanStockPrice_6669,True,2026-09-22T15:43:09,2026-09-22T15:43:09,2026-09-22T15:43:09
6669,緯穎,2026-07-06,5035.0,-230.0,-4.37%,313.51,16.88,4702.65,5643.18,6583.71,7524.24,8464.77,9405.3,ShowDailyK_ChartFlow,FinMind_API_TaiwanStockPrice_6669,True,2026-09-22T15:43:09,2026-09-22T15:43:09,2026-09-22T15:43:09
6669,緯穎,2026-07-07,5015.0,-20.0,-0.40%,313.51,16.81,4702.65,5643.18,6583.71,7524.24,8464.77,9405.3,ShowDailyK_ChartFlow,FinMind_API_TaiwanStockPrice_6669,True,2026-09-22T15:43:09,2026-09-22T15:43:09,2026-09-22T15:43:09
6669,緯穎,2026-07-08,5050.0,35.0,0.70%,313.51,16.93,4702.65,5643.18,6583.71,7524.24,8464.77,9405.3,ShowDailyK_ChartFlow,FinMind_API_TaiwanStockPrice_6669,True,2026-09-22T15:43:09,2026-09-22T15:43:09,2026-09-22T15:43:09
6669,緯穎,2026-07-09,5040.0,-10.0,-0.20%,313.51,16.89,4702.65,5643.18,6583.71,7524.24,8464.77,9405.3,ShowDailyK_ChartFlow,FinMind_API_TaiwanStockPrice_6669,True,2026-09-22T15:43:09,2026-09-22T15:43:09,2026-09-22T15:43:09
6669,緯穎,2026-07-13,4960.0,-80.0,-1.59%,313.51,16.63,4702.65,5643.18,6583.71,7524.24,8464.77,9405.3,ShowDailyK_ChartFlow,FinMind_API_TaiwanStockPrice_6669,True,2026-09-22T15:43:09,2026-09-22T15:43:09,2026-09-22T15:43:09
6669,緯穎,2026-07-14,4905.0,-55.0,-1.11%,313.51,16.44,4702.65,5643.18,6583.71,7524.24,8464.77,9405.3,ShowDailyK_ChartFlow,FinMind_API_TaiwanStockPrice_6669,True,2026-09-22T15:43:09,2026-09-22T15:43:09,2026-09-22T15:43:09
6669,緯穎,2026-07-15,5095.0,190.0,3.87%,313.51,17.08,4702.65,5643.18,6583.71,7524.24,8464.77,9405.3,ShowDailyK_ChartFlow,FinMind_API_TaiwanStockPrice_6669,True,2026-09-22T15:43:09,2026-09-22T15:43:09,2026-09-22T15:43:09
6669,緯穎,2026-07-16,5115.0,20.0,0.39%,313.51,17.15,4702.65,5643.18,6583.71,7524.24,8464.77,9405.3,ShowDailyK_ChartFlow,FinMind_API_TaiwanStockPrice_6669,True,2026-09-22T15:43:09,2026-09-22T15:43:09,2026-09-22T15:43:09
6669,緯穎,2026-07-17,4620.0,-495.0,-9.68%,313.51,15.49,4702.65,5643.18,6583.71,7524.24,8464.77,9405.3,ShowDailyK_ChartFlow,FinMind_API_TaiwanStockPrice_6669,True,2026-09-22T15:43:09,2026-09-22T15:43:09,2026-09-22T15:43:09
6669,緯穎,2026-07-20,4685.0,65.0,1.41%,313.51,15.7,4702.65,5643.18,6583.71,7524.24,8464.77,9405.3,ShowDailyK_ChartFlow,FinMind_API_TaiwanStockPrice_6669,True,2026-09-22T15:43:09,2026-09-22T15:43:09,2026-09-22T15:43:09
6669,緯穎,2026-07-21,5000.0,315.0,6.72%,313.51,16.76,4702.65,5643.18,6583.71,7524.24,8464.77,9405.3,ShowDailyK_ChartFlow,FinMind_API_TaiwanStockPrice_6669,True,2026-09-22T15:43:09,2026-09-22T15:43:09,2026-09-22T15:43:09
6669,緯穎,2026-07-22,5500.0,500.0,10.00%,313.51,18.44,4702.65,5643.18,6583.71,7524.24,8464.77,9405.3,ShowDailyK_ChartFlow,FinMind_API_TaiwanStockPrice_6669,True,2026-09-22T15:43:09,2026-09-22T15:43:09,2026-09-22T15:43:09
6669,緯穎,2026-07-23,5470.0,-30.0,-0.55%,313.51,18.34,4702.65,5643.18,6583.71,7524.24,8464.77,9405.3,ShowDailyK_ChartFlow,FinMind_API_TaiwanStockPrice_6669,True,2026-09-22T15:43:09,2026-09-22T15:43:09,2026-09-22T15:43:09
6669,緯穎,2026-07-24,5730.0,260.0,4.75%,313.51,19.21,4702.65,5643.18,6583.71,7524.24,8464.77,9405.3,ShowDailyK_ChartFlow,FinMind_API_TaiwanStockPrice_6669,True,2026-09-22T15:43:09,2026-09-22T15:43:09,2026-09-22T15:43:09
6669,緯穎,2026-07-27,5745.0,15.0,0.26%,313.51,19.26,4702.65,5643.18,6583.71,7524.24,8464.77,9405.3,ShowDailyK_ChartFlow,FinMind_API_TaiwanStockPrice_6669,True,2026-09-22T15:43:09,2026-09-22T15:43:09,2026-09-22T15:43:09
6669,緯穎,2026-07-28,5315.0,-430.0,-7.48%,313.51,17.82,4702.65,5643.18,6583.71,7524.24,8464.77,9405.3,ShowDailyK_ChartFlow,FinMind_API_TaiwanStockPrice_6669,True,2026-09-22T15:43:09,2026-09-22T15:43:09,2026-09-22T15:43:09
6669,緯穎,2026-07-29,5135.0,-180.0,-3.39%,313.51,17.21,4702.65,5643.18,6583.71,7524.24,8464.77,9405.3,ShowDailyK_ChartFlow,FinMind_API_TaiwanStockPrice_6669,True,2026-09-22T15:43:09,2026-09-22T15:43:09,2026-09-22T15:43:09
6669,緯穎,2026-07-30,4900.0,-235.0,-4.58%,313.51,16.43,4702.65,5643.18,6583.71,7524.24,8464.77,9405.3,ShowDailyK_ChartFlow,FinMind_API_TaiwanStockPrice_6669,True,2026-09-22T15:43:09,2026-09-22T15:43:09,2026-09-22T15:43:09
6669,緯穎,2026-07-31,5390.0,490.0,10.00%,313.51,18.07,4702.65,5643.18,6583.71,7524.24,8464.77,9405.3,ShowDailyK_ChartFlow,FinMind_API_TaiwanStockPrice_6669,True,2026-09-22T15:43:09,2026-09-22T15:43:09,2026-09-22T15:43:09
6669,緯穎,2026-08-03,5925.0,535.0,9.93%,313.51,19.86,4702.65,5643.18,6583.71,7524.24,8464.77,9405.3,ShowDailyK_ChartFlow,FinMind_API_TaiwanStockPrice_6669,True,2026-09-22T15:43:09,2026-09-22T15:43:09,2026-09-22T15:43:09
6669,緯穎,2026-08-04,6205.0,280.0,4.73%,313.51,20.8,4702.65,5643.18,6583.71,7524.24,8464.77,9405.3,ShowDailyK_ChartFlow,FinMind_API_TaiwanStockPrice_6669,True,2026-09-22T15:43:09,2026-09-22T15:43:09,2026-09-22T15:43:09
6669,緯穎,2026-08-05,6175.0,-30.0,-0.48%,313.51,20.7,4702.65,5643.18,6583.71,7524.24,8464.77,9405.3,ShowDailyK_ChartFlow,FinMind_API_TaiwanStockPrice_6669,True,2026-09-22T15:43:09,2026-09-22T15:43:09,2026-09-22T15:43:09
6669,緯穎,2026-08-06,6265.0,90.0,1.46%,313.51,21.0,4702.65,5643.18,6583.71,7524.24,8464.77,9405.3,ShowDailyK_ChartFlow,FinMind_API_TaiwanStockPrice_6669,True,2026-09-22T15:43:09,2026-09-22T15:43:09,2026-09-22T15:43:09
6669,緯穎,2026-08-07,6100.0,-165.0,-2.63%,313.51,20.45,4702.65,5643.18,6583.71,7524.24,8464.77,9405.3,ShowDailyK_ChartFlow,FinMind_API_TaiwanStockPrice_6669,True,2026-09-22T15:43:09,2026-09-22T15:43:09,2026-09-22T15:43:09
6669,緯穎,2026-08-10,6010.0,-90.0,-1.48%,313.51,19.27,4702.65,5643.18,6583.71,7524.24,8464.77,9405.3,ShowDailyK_ChartFlow,FinMind_API_TaiwanStockPrice_6669,True,2026-09-22T15:43:09,2026-09-22T15:43:09,2026-09-22T15:43:09
6669,緯穎,2026-08-11,5930.0,-80.0,-1.33%,313.51,19.01,4702.65,5643.18,6583.71,7524.24,8464.77,9405.3,ShowDailyK_ChartFlow,FinMind_API_TaiwanStockPrice_6669,True,2026-09-22T15:43:09,2026-09-22T15:43:09,2026-09-22T15:43:09
6669,緯穎,2026-08-12,6025.0,95.0,1.60%,313.51,19.32,4702.65,5643.18,6583.71,7524.24,8464.77,9405.3,ShowDailyK_ChartFlow,FinMind_API_TaiwanStockPrice_6669,True,2026-09-22T15:43:09,2026-09-22T15:43:09,2026-09-22T15:43:09
6669,緯穎,2026-08-13,6070.0,45.0,0.75%,313.51,19.46,4702.65,5643.18,6583.71,7524.24,8464.77,9405.3,ShowDailyK_ChartFlow,FinMind_API_TaiwanStockPrice_6669,True,2026-09-22T15:43:09,2026-09-22T15:43:09,2026-09-22T15:43:09
6669,緯穎,2026-08-14,6435.0,365.0,6.01%,313.51,20.63,4702.65,5643.18,6583.71,7524.24,8464.77,9405.3,ShowDailyK_ChartFlow,FinMind_API_TaiwanStockPrice_6669,True,2026-09-22T15:43:09,2026-09-22T15:43:09,2026-09-22T15:43:09
6669,緯穎,2026-08-17,6620.0,185.0,2.87%,313.51,21.22,4702.65,5643.18,6583.71,7524.24,8464.77,9405.3,ShowDailyK_ChartFlow,FinMind_API_TaiwanStockPrice_6669,True,2026-09-22T15:43:09,2026-09-22T15:43:09,2026-09-22T15:43:09
6669,緯穎,2026-08-18,6400.0,-220.0,-3.32%,313.51,20.52,4702.65,5643.18,6583.71,7524.24,8464.77,9405.3,ShowDailyK_ChartFlow,FinMind_API_TaiwanStockPrice_6669,True,2026-09-22T15:43:09,2026-09-22T15:43:09,2026-09-22T15:43:09
6669,緯穎,2026-08-19,6375.0,-25.0,-0.39%,313.51,20.44,4702.65,5643.18,6583.71,7524.24,8464.77,9405.3,ShowDailyK_ChartFlow,FinMind_API_TaiwanStockPrice_6669,True,2026-09-22T15:43:09,2026-09-22T15:43:09,2026-09-22T15:43:09
6669,緯穎,2026-08-20,6325.0,-50.0,-0.78%,313.51,20.28,4702.65,5643.18,6583.71,7524.24,8464.77,9405.3,ShowDailyK_ChartFlow,FinMind_API_TaiwanStockPrice_6669,True,2026-09-22T15:43:09,2026-09-22T15:43:09,2026-09-22T15:43:09
6669,緯穎,2026-08-21,6255.0,-70.0,-1.11%,313.51,20.05,4702.65,5643.18,6583.71,7524.24,8464.77,9405.3,ShowDailyK_ChartFlow,FinMind_API_TaiwanStockPrice_6669,True,2026-09-22T15:43:09,2026-09-22T15:43:09,2026-09-22T15:43:09
6669,緯穎,2026-08-24,6300.0,45.0,0.72%,313.51,20.2,4702.65,5643.18,6583.71,7524.24,8464.77,9405.3,ShowDailyK_ChartFlow,FinMind_API_TaiwanStockPrice_6669,True,2026-09-22T15:43:09,2026-09-22T15:43:09,2026-09-22T15:43:09
6669,緯穎,2026-08-25,6440.0,140.0,2.22%,313.51,20.65,4702.65,5643.18,6583.71,7524.24,8464.77,9405.3,ShowDailyK_ChartFlow,FinMind_API_TaiwanStockPrice_6669,True,2026-09-22T15:43:09,2026-09-22T15:43:09,2026-09-22T15:43:09
6669,緯穎,2026-08-26,6785.0,345.0,5.36%,313.51,21.75,4702.65,5643.18,6583.71,7524.24,8464.77,9405.3,ShowDailyK_ChartFlow,FinMind_API_TaiwanStockPrice_6669,True,2026-09-22T15:43:09,2026-09-22T15:43:09,2026-09-22T15:43:09
6669,緯穎,2026-08-27,6815.0,30.0,0.44%,313.51,21.85,4702.65,5643.18,6583.71,7524.24,8464.77,9405.3,ShowDailyK_ChartFlow,FinMind_API_TaiwanStockPrice_6669,True,2026-09-22T15:43:09,2026-09-22T15:43:09,2026-09-22T15:43:09
6669,緯穎,2026-08-28,7200.0,385.0,5.65%,313.51,23.08,4702.65,5643.18,6583.71,7524.24,8464.77,9405.3,ShowDailyK_ChartFlow,FinMind_API_TaiwanStockPrice_6669,True,2026-09-22T15:43:09,2026-09-22T15:43:09,2026-09-22T15:43:09
6669,緯穎,2026-08-31,7095.0,-105.0,-1.46%,313.51,22.75,4702.65,5643.18,6583.71,7524.24,8464.77,9405.3,ShowDailyK_ChartFlow,FinMind_API_TaiwanStockPrice_6669,True,2026-09-22T15:43:09,2026-09-22T15:43:09,2026-09-22T15:43:09
6669,緯穎,2026-09-01,7800.0,705.0,9.94%,313.51,25.01,4702.65,5643.18,6583.71,7524.24,8464.77,9405.3,ShowDailyK_ChartFlow,FinMind_API_TaiwanStockPrice_6669,True,2026-09-22T15:43:09,2026-09-22T15:43:09,2026-09-22T15:43:09
6669,緯穎,2026-09-02,2610.0,-5190.0,-66.54%,313.51,8.37,4702.65,5643.18,6583.71,7524.24,8464.77,9405.3,ShowDailyK_ChartFlow,FinMind_API_TaiwanStockPrice_6669,True,2026-09-22T15:43:09,2026-09-22T15:43:09,2026-09-22T15:43:09
6669,緯穎,2026-09-03,2475.0,-135.0,-5.17%,313.51,7.93,4702.65,5643.18,6583.71,7524.24,8464.77,9405.3,ShowDailyK_ChartFlow,FinMind_API_TaiwanStockPrice_6669,True,2026-09-22T15:43:09,2026-09-22T15:43:09,2026-09-22T15:43:09
6669,緯穎,2026-09-04,2565.0,90.0,3.64%,313.51,8.22,4702.65,5643.18,6583.71,7524.24,8464.77,9405.3,ShowDailyK_ChartFlow,FinMind_API_TaiwanStockPrice_6669,True,2026-09-22T15:43:09,2026-09-22T15:43:09,2026-09-22T15:43:09
6669,緯穎,2026-09-07,2490.0,-75.0,-2.92%,313.51,7.98,4702.65,5643.18,6583.71,7524.24,8464.77,9405.3,ShowDailyK_ChartFlow,FinMind_API_TaiwanStockPrice_6669,True,2026-09-22T15:43:09,2026-09-22T15:43:09,2026-09-22T15:43:09
6669,緯穎,2026-09-08,2340.0,-150.0,-6.02%,313.51,7.5,4702.65,5643.18,6583.71,7524.24,8464.77,9405.3,ShowDailyK_ChartFlow,FinMind_API_TaiwanStockPrice_6669,True,2026-09-22T15:43:09,2026-09-22T15:43:09,2026-09-22T15:43:09
6669,緯穎,2026-09-09,2325.0,-15.0,-0.64%,313.51,7.45,4702.65,5643.18,6583.71,7524.24,8464.77,9405.3,ShowDailyK_ChartFlow,FinMind_API_TaiwanStockPrice_6669,True,2026-09-22T15:43:09,2026-09-22T15:43:09,2026-09-22T15:43:09
6669,緯穎,2026-09-10,2345.0,20.0,0.86%,313.51,7.52,4702.65,5643.18,6583.71,7524.24,8464.77,9405.3,ShowDailyK_ChartFlow,FinMind_API_TaiwanStockPrice_6669,True,2026-09-22T15:43:09,2026-09-22T15:43:09,2026-09-22T15:43:09
6669,緯穎,2026-09-11,2310.0,-35.0,-1.49%,313.51,7.41,4702.65,5643.18,6583.71,7524.24,8464.77,9405.3,ShowDailyK_ChartFlow,FinMind_API_TaiwanStockPrice_6669,True,2026-09-22T15:43:09,2026-09-22T15:43:09,2026-09-22T15:43:09
6669,緯穎,2026-09-14,2270.0,-40.0,-1.73%,313.51,7.28,4702.65,5643.18,6583.71,7524.24,8464.77,9405.3,ShowDailyK_ChartFlow,FinMind_API_TaiwanStockPrice_6669,True,2026-09-22T15:43:09,2026-09-22T15:43:09,2026-09-22T15:43:09
6669,緯穎,2026-09-15,2315.0,45.0,1.98%,313.51,7.42,4702.65,5643.18,6583.71,7524.24,8464.77,9405.3,ShowDailyK_ChartFlow,FinMind_API_TaiwanStockPrice_6669,True,2026-09-22T15:43:09,2026-09-22T15:43:09,2026-09-22T15:43:09
6669,緯穎,2026-09-16,2165.0,-150.0,-6.48%,313.51,6.94,4702.65,5643.18,6583.71,7524.24,8464.77,9405.3,ShowDailyK_ChartFlow,FinMind_API_TaiwanStockPrice_6669,True,2026-09-22T15:43:09,2026-09-22T15:43:09,2026-09-22T15:43:09
6669,緯穎,2026-09-17,2135.0,-30.0,-1.39%,313.51,6.84,4702.65,5643.18,6583.71,7524.24,8464.77,9405.3,ShowDailyK_ChartFlow,FinMind_API_TaiwanStockPrice_6669,True,2026-09-22T15:43:09,2026-09-22T15:43:09,2026-09-22T15:43:09
6669,緯穎,2026-09-18,2140.0,5.0,0.23%,313.51,6.86,4702.65,5643.18,6583.71,7524.24,8464.77,9405.3,ShowDailyK_ChartFlow,FinMind_API_TaiwanStockPrice_6669,True,2026-09-22T15:43:09,2026-09-22T15:43:09,2026-09-22T15:43:09
6669,緯穎,2026-09-21,2150.0,10.0,0.47%,313.51,6.89,4702.65,5643.18,6583.71,7524.24,8464.77,9405.3,ShowDailyK_ChartFlow,FinMind_API_TaiwanStockPrice_6669,True,2026-09-22T15:43:09,2026-09-22T15:43:09,2026-09-22T15:43:09
6669,緯穎,2026-09-22,2115.0,-35.0,-1.63%,313.51,6.78,4702.65,5643.18,6583.71,7524.24,8464.77,9405.3,ShowDailyK_ChartFlow,FinMind_API_TaiwanStockPrice_6669,True,2026-09-22T15:43:09,2026-09-22T15:43:09,2026-09-22T15:43:09
