stock_code,company_name,交易_日期,收盤價_元,漲跌價_元,漲跌幅_pct,河流圖_eps_元,目前_per_倍,本益比試算價格_15x_元,本益比試算價格_18x_元,本益比試算價格_21x_元,本益比試算價格_24x_元,本益比試算價格_27x_元,本益比試算價格_30x_元,file_type,source_file,download_success,download_timestamp,process_timestamp,stage1_process_timestamp
3029,零壹,2021-01-04,39.0,,,,,,,,,,,ShowDailyK_ChartFlow,FinMind_API_TaiwanStockPrice_3029,True,2026-09-24T07:10:28,2026-09-24T07:10:28,2026-09-24T07:10:28
3029,零壹,2021-01-05,39.15,0.14999999999999858,0.38%,,,,,,,,,ShowDailyK_ChartFlow,FinMind_API_TaiwanStockPrice_3029,True,2026-09-24T07:10:28,2026-09-24T07:10:28,2026-09-24T07:10:28
3029,零壹,2021-01-06,38.55,-0.6000000000000014,-1.53%,,,,,,,,,ShowDailyK_ChartFlow,FinMind_API_TaiwanStockPrice_3029,True,2026-09-24T07:10:28,2026-09-24T07:10:28,2026-09-24T07:10:28
3029,零壹,2021-01-07,38.7,0.15000000000000568,0.39%,,,,,,,,,ShowDailyK_ChartFlow,FinMind_API_TaiwanStockPrice_3029,True,2026-09-24T07:10:28,2026-09-24T07:10:28,2026-09-24T07:10:28
3029,零壹,2021-01-08,38.5,-0.20000000000000284,-0.52%,,,,,,,,,ShowDailyK_ChartFlow,FinMind_API_TaiwanStockPrice_3029,True,2026-09-24T07:10:28,2026-09-24T07:10:28,2026-09-24T07:10:28
3029,零壹,2021-01-11,38.25,-0.25,-0.65%,,,,,,,,,ShowDailyK_ChartFlow,FinMind_API_TaiwanStockPrice_3029,True,2026-09-24T07:10:28,2026-09-24T07:10:28,2026-09-24T07:10:28
3029,零壹,2021-01-12,38.05,-0.20000000000000284,-0.52%,,,,,,,,,ShowDailyK_ChartFlow,FinMind_API_TaiwanStockPrice_3029,True,2026-09-24T07:10:28,2026-09-24T07:10:28,2026-09-24T07:10:28
3029,零壹,2021-01-13,38.45,0.4000000000000057,1.05%,,,,,,,,,ShowDailyK_ChartFlow,FinMind_API_TaiwanStockPrice_3029,True,2026-09-24T07:10:28,2026-09-24T07:10:28,2026-09-24T07:10:28
3029,零壹,2021-01-14,39.35,0.8999999999999986,2.34%,,,,,,,,,ShowDailyK_ChartFlow,FinMind_API_TaiwanStockPrice_3029,True,2026-09-24T07:10:28,2026-09-24T07:10:28,2026-09-24T07:10:28
3029,零壹,2021-01-15,39.55,0.19999999999999574,0.51%,,,,,,,,,ShowDailyK_ChartFlow,FinMind_API_TaiwanStockPrice_3029,True,2026-09-24T07:10:28,2026-09-24T07:10:28,2026-09-24T07:10:28
3029,零壹,2021-01-18,40.4,0.8500000000000014,2.15%,,,,,,,,,ShowDailyK_ChartFlow,FinMind_API_TaiwanStockPrice_3029,True,2026-09-24T07:10:28,2026-09-24T07:10:28,2026-09-24T07:10:28
3029,零壹,2021-01-19,40.05,-0.3500000000000014,-0.87%,,,,,,,,,ShowDailyK_ChartFlow,FinMind_API_TaiwanStockPrice_3029,True,2026-09-24T07:10:28,2026-09-24T07:10:28,2026-09-24T07:10:28
3029,零壹,2021-01-20,38.7,-1.3499999999999943,-3.37%,,,,,,,,,ShowDailyK_ChartFlow,FinMind_API_TaiwanStockPrice_3029,True,2026-09-24T07:10:28,2026-09-24T07:10:28,2026-09-24T07:10:28
3029,零壹,2021-01-21,38.85,0.14999999999999858,0.39%,,,,,,,,,ShowDailyK_ChartFlow,FinMind_API_TaiwanStockPrice_3029,True,2026-09-24T07:10:28,2026-09-24T07:10:28,2026-09-24T07:10:28
3029,零壹,2021-01-22,38.95,0.10000000000000142,0.26%,,,,,,,,,ShowDailyK_ChartFlow,FinMind_API_TaiwanStockPrice_3029,True,2026-09-24T07:10:28,2026-09-24T07:10:28,2026-09-24T07:10:28
3029,零壹,2021-01-25,38.5,-0.45000000000000284,-1.16%,,,,,,,,,ShowDailyK_ChartFlow,FinMind_API_TaiwanStockPrice_3029,True,2026-09-24T07:10:28,2026-09-24T07:10:28,2026-09-24T07:10:28
3029,零壹,2021-01-26,38.55,0.04999999999999716,0.13%,,,,,,,,,ShowDailyK_ChartFlow,FinMind_API_TaiwanStockPrice_3029,True,2026-09-24T07:10:28,2026-09-24T07:10:28,2026-09-24T07:10:28
3029,零壹,2021-01-27,38.6,0.05000000000000426,0.13%,,,,,,,,,ShowDailyK_ChartFlow,FinMind_API_TaiwanStockPrice_3029,True,2026-09-24T07:10:28,2026-09-24T07:10:28,2026-09-24T07:10:28
3029,零壹,2021-01-28,38.25,-0.3500000000000014,-0.91%,,,,,,,,,ShowDailyK_ChartFlow,FinMind_API_TaiwanStockPrice_3029,True,2026-09-24T07:10:28,2026-09-24T07:10:28,2026-09-24T07:10:28
3029,零壹,2021-01-29,37.7,-0.5499999999999972,-1.44%,,,,,,,,,ShowDailyK_ChartFlow,FinMind_API_TaiwanStockPrice_3029,True,2026-09-24T07:10:28,2026-09-24T07:10:28,2026-09-24T07:10:28
3029,零壹,2021-02-01,37.35,-0.3500000000000014,-0.93%,,,,,,,,,ShowDailyK_ChartFlow,FinMind_API_TaiwanStockPrice_3029,True,2026-09-24T07:10:28,2026-09-24T07:10:28,2026-09-24T07:10:28
3029,零壹,2021-02-02,37.4,0.04999999999999716,0.13%,,,,,,,,,ShowDailyK_ChartFlow,FinMind_API_TaiwanStockPrice_3029,True,2026-09-24T07:10:28,2026-09-24T07:10:28,2026-09-24T07:10:28
3029,零壹,2021-02-03,37.65,0.25,0.67%,,,,,,,,,ShowDailyK_ChartFlow,FinMind_API_TaiwanStockPrice_3029,True,2026-09-24T07:10:28,2026-09-24T07:10:28,2026-09-24T07:10:28
3029,零壹,2021-02-04,37.6,-0.04999999999999716,-0.13%,,,,,,,,,ShowDailyK_ChartFlow,FinMind_API_TaiwanStockPrice_3029,True,2026-09-24T07:10:28,2026-09-24T07:10:28,2026-09-24T07:10:28
3029,零壹,2021-02-05,37.7,0.10000000000000142,0.27%,,,,,,,,,ShowDailyK_ChartFlow,FinMind_API_TaiwanStockPrice_3029,True,2026-09-24T07:10:28,2026-09-24T07:10:28,2026-09-24T07:10:28
3029,零壹,2021-02-17,38.15,0.44999999999999574,1.19%,,,,,,,,,ShowDailyK_ChartFlow,FinMind_API_TaiwanStockPrice_3029,True,2026-09-24T07:10:28,2026-09-24T07:10:28,2026-09-24T07:10:28
3029,零壹,2021-02-18,39.7,1.5500000000000043,4.06%,,,,,,,,,ShowDailyK_ChartFlow,FinMind_API_TaiwanStockPrice_3029,True,2026-09-24T07:10:28,2026-09-24T07:10:28,2026-09-24T07:10:28
3029,零壹,2021-02-19,39.95,0.25,0.63%,,,,,,,,,ShowDailyK_ChartFlow,FinMind_API_TaiwanStockPrice_3029,True,2026-09-24T07:10:28,2026-09-24T07:10:28,2026-09-24T07:10:28
3029,零壹,2021-02-22,40.15,0.19999999999999574,0.50%,,,,,,,,,ShowDailyK_ChartFlow,FinMind_API_TaiwanStockPrice_3029,True,2026-09-24T07:10:28,2026-09-24T07:10:28,2026-09-24T07:10:28
3029,零壹,2021-02-23,40.5,0.3500000000000014,0.87%,,,,,,,,,ShowDailyK_ChartFlow,FinMind_API_TaiwanStockPrice_3029,True,2026-09-24T07:10:28,2026-09-24T07:10:28,2026-09-24T07:10:28
3029,零壹,2021-02-24,40.45,-0.04999999999999716,-0.12%,,,,,,,,,ShowDailyK_ChartFlow,FinMind_API_TaiwanStockPrice_3029,True,2026-09-24T07:10:28,2026-09-24T07:10:28,2026-09-24T07:10:28
3029,零壹,2021-02-25,44.45,4.0,9.89%,,,,,,,,,ShowDailyK_ChartFlow,FinMind_API_TaiwanStockPrice_3029,True,2026-09-24T07:10:28,2026-09-24T07:10:28,2026-09-24T07:10:28
3029,零壹,2021-02-26,43.6,-0.8500000000000014,-1.91%,,,,,,,,,ShowDailyK_ChartFlow,FinMind_API_TaiwanStockPrice_3029,True,2026-09-24T07:10:28,2026-09-24T07:10:28,2026-09-24T07:10:28
3029,零壹,2021-03-02,43.35,-0.25,-0.57%,,,,,,,,,ShowDailyK_ChartFlow,FinMind_API_TaiwanStockPrice_3029,True,2026-09-24T07:10:28,2026-09-24T07:10:28,2026-09-24T07:10:28
3029,零壹,2021-03-03,44.0,0.6499999999999986,1.50%,,,,,,,,,ShowDailyK_ChartFlow,FinMind_API_TaiwanStockPrice_3029,True,2026-09-24T07:10:28,2026-09-24T07:10:28,2026-09-24T07:10:28
3029,零壹,2021-03-04,44.45,0.45000000000000284,1.02%,,,,,,,,,ShowDailyK_ChartFlow,FinMind_API_TaiwanStockPrice_3029,True,2026-09-24T07:10:28,2026-09-24T07:10:28,2026-09-24T07:10:28
3029,零壹,2021-03-05,43.95,-0.5,-1.12%,,,,,,,,,ShowDailyK_ChartFlow,FinMind_API_TaiwanStockPrice_3029,True,2026-09-24T07:10:28,2026-09-24T07:10:28,2026-09-24T07:10:28
3029,零壹,2021-03-08,43.6,-0.3500000000000014,-0.80%,,,,,,,,,ShowDailyK_ChartFlow,FinMind_API_TaiwanStockPrice_3029,True,2026-09-24T07:10:28,2026-09-24T07:10:28,2026-09-24T07:10:28
3029,零壹,2021-03-09,43.9,0.29999999999999716,0.69%,,,,,,,,,ShowDailyK_ChartFlow,FinMind_API_TaiwanStockPrice_3029,True,2026-09-24T07:10:28,2026-09-24T07:10:28,2026-09-24T07:10:28
3029,零壹,2021-03-10,43.95,0.05000000000000426,0.11%,,,,,,,,,ShowDailyK_ChartFlow,FinMind_API_TaiwanStockPrice_3029,True,2026-09-24T07:10:28,2026-09-24T07:10:28,2026-09-24T07:10:28
3029,零壹,2021-03-11,43.85,-0.10000000000000142,-0.23%,,,,,,,,,ShowDailyK_ChartFlow,FinMind_API_TaiwanStockPrice_3029,True,2026-09-24T07:10:28,2026-09-24T07:10:28,2026-09-24T07:10:28
3029,零壹,2021-03-12,44.25,0.3999999999999986,0.91%,,,,,,,,,ShowDailyK_ChartFlow,FinMind_API_TaiwanStockPrice_3029,True,2026-09-24T07:10:28,2026-09-24T07:10:28,2026-09-24T07:10:28
3029,零壹,2021-03-15,46.6,2.3500000000000014,5.31%,,,,,,,,,ShowDailyK_ChartFlow,FinMind_API_TaiwanStockPrice_3029,True,2026-09-24T07:10:28,2026-09-24T07:10:28,2026-09-24T07:10:28
3029,零壹,2021-03-16,47.0,0.3999999999999986,0.86%,,,,,,,,,ShowDailyK_ChartFlow,FinMind_API_TaiwanStockPrice_3029,True,2026-09-24T07:10:28,2026-09-24T07:10:28,2026-09-24T07:10:28
3029,零壹,2021-03-17,46.1,-0.8999999999999986,-1.91%,,,,,,,,,ShowDailyK_ChartFlow,FinMind_API_TaiwanStockPrice_3029,True,2026-09-24T07:10:28,2026-09-24T07:10:28,2026-09-24T07:10:28
3029,零壹,2021-03-18,45.75,-0.3500000000000014,-0.76%,,,,,,,,,ShowDailyK_ChartFlow,FinMind_API_TaiwanStockPrice_3029,True,2026-09-24T07:10:28,2026-09-24T07:10:28,2026-09-24T07:10:28
3029,零壹,2021-03-19,45.9,0.14999999999999858,0.33%,,,,,,,,,ShowDailyK_ChartFlow,FinMind_API_TaiwanStockPrice_3029,True,2026-09-24T07:10:28,2026-09-24T07:10:28,2026-09-24T07:10:28
3029,零壹,2021-03-22,45.9,0.0,0.00%,,,,,,,,,ShowDailyK_ChartFlow,FinMind_API_TaiwanStockPrice_3029,True,2026-09-24T07:10:28,2026-09-24T07:10:28,2026-09-24T07:10:28
3029,零壹,2021-03-23,46.0,0.10000000000000142,0.22%,,,,,,,,,ShowDailyK_ChartFlow,FinMind_API_TaiwanStockPrice_3029,True,2026-09-24T07:10:28,2026-09-24T07:10:28,2026-09-24T07:10:28
3029,零壹,2021-03-24,46.4,0.3999999999999986,0.87%,,,,,,,,,ShowDailyK_ChartFlow,FinMind_API_TaiwanStockPrice_3029,True,2026-09-24T07:10:28,2026-09-24T07:10:28,2026-09-24T07:10:28
3029,零壹,2021-03-25,46.3,-0.10000000000000142,-0.22%,,,,,,,,,ShowDailyK_ChartFlow,FinMind_API_TaiwanStockPrice_3029,True,2026-09-24T07:10:28,2026-09-24T07:10:28,2026-09-24T07:10:28
3029,零壹,2021-03-26,46.45,0.15000000000000568,0.32%,,,,,,,,,ShowDailyK_ChartFlow,FinMind_API_TaiwanStockPrice_3029,True,2026-09-24T07:10:28,2026-09-24T07:10:28,2026-09-24T07:10:28
3029,零壹,2021-03-29,46.2,-0.25,-0.54%,,,,,,,,,ShowDailyK_ChartFlow,FinMind_API_TaiwanStockPrice_3029,True,2026-09-24T07:10:28,2026-09-24T07:10:28,2026-09-24T07:10:28
3029,零壹,2021-03-30,46.2,0.0,0.00%,,,,,,,,,ShowDailyK_ChartFlow,FinMind_API_TaiwanStockPrice_3029,True,2026-09-24T07:10:28,2026-09-24T07:10:28,2026-09-24T07:10:28
3029,零壹,2021-03-31,46.4,0.19999999999999574,0.43%,,,,,,,,,ShowDailyK_ChartFlow,FinMind_API_TaiwanStockPrice_3029,True,2026-09-24T07:10:28,2026-09-24T07:10:28,2026-09-24T07:10:28
3029,零壹,2021-04-01,46.75,0.3500000000000014,0.75%,,,,,,,,,ShowDailyK_ChartFlow,FinMind_API_TaiwanStockPrice_3029,True,2026-09-24T07:10:28,2026-09-24T07:10:28,2026-09-24T07:10:28
3029,零壹,2021-04-06,46.75,0.0,0.00%,,,,,,,,,ShowDailyK_ChartFlow,FinMind_API_TaiwanStockPrice_3029,True,2026-09-24T07:10:28,2026-09-24T07:10:28,2026-09-24T07:10:28
3029,零壹,2021-04-07,47.85,1.1000000000000014,2.35%,,,,,,,,,ShowDailyK_ChartFlow,FinMind_API_TaiwanStockPrice_3029,True,2026-09-24T07:10:28,2026-09-24T07:10:28,2026-09-24T07:10:28
3029,零壹,2021-04-08,47.9,0.04999999999999716,0.10%,,,,,,,,,ShowDailyK_ChartFlow,FinMind_API_TaiwanStockPrice_3029,True,2026-09-24T07:10:28,2026-09-24T07:10:28,2026-09-24T07:10:28
3029,零壹,2021-04-09,47.6,-0.29999999999999716,-0.63%,,,,,,,,,ShowDailyK_ChartFlow,FinMind_API_TaiwanStockPrice_3029,True,2026-09-24T07:10:28,2026-09-24T07:10:28,2026-09-24T07:10:28
3029,零壹,2021-04-12,48.2,0.6000000000000014,1.26%,,,,,,,,,ShowDailyK_ChartFlow,FinMind_API_TaiwanStockPrice_3029,True,2026-09-24T07:10:28,2026-09-24T07:10:28,2026-09-24T07:10:28
3029,零壹,2021-04-13,47.4,-0.8000000000000043,-1.66%,,,,,,,,,ShowDailyK_ChartFlow,FinMind_API_TaiwanStockPrice_3029,True,2026-09-24T07:10:28,2026-09-24T07:10:28,2026-09-24T07:10:28
3029,零壹,2021-04-14,46.85,-0.5499999999999972,-1.16%,,,,,,,,,ShowDailyK_ChartFlow,FinMind_API_TaiwanStockPrice_3029,True,2026-09-24T07:10:28,2026-09-24T07:10:28,2026-09-24T07:10:28
3029,零壹,2021-04-15,48.45,1.6000000000000014,3.42%,,,,,,,,,ShowDailyK_ChartFlow,FinMind_API_TaiwanStockPrice_3029,True,2026-09-24T07:10:28,2026-09-24T07:10:28,2026-09-24T07:10:28
3029,零壹,2021-04-16,49.45,1.0,2.06%,,,,,,,,,ShowDailyK_ChartFlow,FinMind_API_TaiwanStockPrice_3029,True,2026-09-24T07:10:28,2026-09-24T07:10:28,2026-09-24T07:10:28
3029,零壹,2021-04-19,49.2,-0.25,-0.51%,,,,,,,,,ShowDailyK_ChartFlow,FinMind_API_TaiwanStockPrice_3029,True,2026-09-24T07:10:28,2026-09-24T07:10:28,2026-09-24T07:10:28
3029,零壹,2021-04-20,49.8,0.5999999999999943,1.22%,,,,,,,,,ShowDailyK_ChartFlow,FinMind_API_TaiwanStockPrice_3029,True,2026-09-24T07:10:28,2026-09-24T07:10:28,2026-09-24T07:10:28
3029,零壹,2021-04-21,50.2,0.4000000000000057,0.80%,,,,,,,,,ShowDailyK_ChartFlow,FinMind_API_TaiwanStockPrice_3029,True,2026-09-24T07:10:28,2026-09-24T07:10:28,2026-09-24T07:10:28
3029,零壹,2021-04-22,48.3,-1.9000000000000057,-3.78%,,,,,,,,,ShowDailyK_ChartFlow,FinMind_API_TaiwanStockPrice_3029,True,2026-09-24T07:10:28,2026-09-24T07:10:28,2026-09-24T07:10:28
3029,零壹,2021-04-23,49.25,0.9500000000000028,1.97%,,,,,,,,,ShowDailyK_ChartFlow,FinMind_API_TaiwanStockPrice_3029,True,2026-09-24T07:10:28,2026-09-24T07:10:28,2026-09-24T07:10:28
3029,零壹,2021-04-26,49.4,0.14999999999999858,0.30%,,,,,,,,,ShowDailyK_ChartFlow,FinMind_API_TaiwanStockPrice_3029,True,2026-09-24T07:10:28,2026-09-24T07:10:28,2026-09-24T07:10:28
3029,零壹,2021-04-27,49.05,-0.3500000000000014,-0.71%,,,,,,,,,ShowDailyK_ChartFlow,FinMind_API_TaiwanStockPrice_3029,True,2026-09-24T07:10:28,2026-09-24T07:10:28,2026-09-24T07:10:28
3029,零壹,2021-04-28,50.3,1.25,2.55%,,,,,,,,,ShowDailyK_ChartFlow,FinMind_API_TaiwanStockPrice_3029,True,2026-09-24T07:10:28,2026-09-24T07:10:28,2026-09-24T07:10:28
3029,零壹,2021-04-29,49.05,-1.25,-2.49%,,,,,,,,,ShowDailyK_ChartFlow,FinMind_API_TaiwanStockPrice_3029,True,2026-09-24T07:10:28,2026-09-24T07:10:28,2026-09-24T07:10:28
3029,零壹,2021-05-03,47.55,-1.5,-3.06%,,,,,,,,,ShowDailyK_ChartFlow,FinMind_API_TaiwanStockPrice_3029,True,2026-09-24T07:10:28,2026-09-24T07:10:28,2026-09-24T07:10:28
3029,零壹,2021-05-04,48.6,1.0500000000000043,2.21%,,,,,,,,,ShowDailyK_ChartFlow,FinMind_API_TaiwanStockPrice_3029,True,2026-09-24T07:10:28,2026-09-24T07:10:28,2026-09-24T07:10:28
3029,零壹,2021-05-05,48.2,-0.3999999999999986,-0.82%,,,,,,,,,ShowDailyK_ChartFlow,FinMind_API_TaiwanStockPrice_3029,True,2026-09-24T07:10:28,2026-09-24T07:10:28,2026-09-24T07:10:28
3029,零壹,2021-05-06,47.55,-0.6500000000000057,-1.35%,,,,,,,,,ShowDailyK_ChartFlow,FinMind_API_TaiwanStockPrice_3029,True,2026-09-24T07:10:28,2026-09-24T07:10:28,2026-09-24T07:10:28
3029,零壹,2021-05-07,49.45,1.9000000000000057,4.00%,,,,,,,,,ShowDailyK_ChartFlow,FinMind_API_TaiwanStockPrice_3029,True,2026-09-24T07:10:28,2026-09-24T07:10:28,2026-09-24T07:10:28
3029,零壹,2021-05-10,49.5,0.04999999999999716,0.10%,,,,,,,,,ShowDailyK_ChartFlow,FinMind_API_TaiwanStockPrice_3029,True,2026-09-24T07:10:28,2026-09-24T07:10:28,2026-09-24T07:10:28
3029,零壹,2021-05-11,48.0,-1.5,-3.03%,,,,,,,,,ShowDailyK_ChartFlow,FinMind_API_TaiwanStockPrice_3029,True,2026-09-24T07:10:28,2026-09-24T07:10:28,2026-09-24T07:10:28
3029,零壹,2021-05-12,44.9,-3.1000000000000014,-6.46%,,,,,,,,,ShowDailyK_ChartFlow,FinMind_API_TaiwanStockPrice_3029,True,2026-09-24T07:10:28,2026-09-24T07:10:28,2026-09-24T07:10:28
3029,零壹,2021-05-13,44.4,-0.5,-1.11%,,,,,,,,,ShowDailyK_ChartFlow,FinMind_API_TaiwanStockPrice_3029,True,2026-09-24T07:10:28,2026-09-24T07:10:28,2026-09-24T07:10:28
3029,零壹,2021-05-14,44.2,-0.19999999999999574,-0.45%,,,,,,,,,ShowDailyK_ChartFlow,FinMind_API_TaiwanStockPrice_3029,True,2026-09-24T07:10:28,2026-09-24T07:10:28,2026-09-24T07:10:28
3029,零壹,2021-05-17,41.55,-2.6500000000000057,-6.00%,,,,,,,,,ShowDailyK_ChartFlow,FinMind_API_TaiwanStockPrice_3029,True,2026-09-24T07:10:28,2026-09-24T07:10:28,2026-09-24T07:10:28
3029,零壹,2021-05-18,44.25,2.700000000000003,6.50%,,,,,,,,,ShowDailyK_ChartFlow,FinMind_API_TaiwanStockPrice_3029,True,2026-09-24T07:10:28,2026-09-24T07:10:28,2026-09-24T07:10:28
3029,零壹,2021-05-19,44.5,0.25,0.56%,,,,,,,,,ShowDailyK_ChartFlow,FinMind_API_TaiwanStockPrice_3029,True,2026-09-24T07:10:28,2026-09-24T07:10:28,2026-09-24T07:10:28
3029,零壹,2021-05-20,44.25,-0.25,-0.56%,,,,,,,,,ShowDailyK_ChartFlow,FinMind_API_TaiwanStockPrice_3029,True,2026-09-24T07:10:28,2026-09-24T07:10:28,2026-09-24T07:10:28
3029,零壹,2021-05-21,44.8,0.5499999999999972,1.24%,,,,,,,,,ShowDailyK_ChartFlow,FinMind_API_TaiwanStockPrice_3029,True,2026-09-24T07:10:28,2026-09-24T07:10:28,2026-09-24T07:10:28
3029,零壹,2021-05-24,45.5,0.7000000000000028,1.56%,,,,,,,,,ShowDailyK_ChartFlow,FinMind_API_TaiwanStockPrice_3029,True,2026-09-24T07:10:28,2026-09-24T07:10:28,2026-09-24T07:10:28
3029,零壹,2021-05-25,45.65,0.14999999999999858,0.33%,,,,,,,,,ShowDailyK_ChartFlow,FinMind_API_TaiwanStockPrice_3029,True,2026-09-24T07:10:28,2026-09-24T07:10:28,2026-09-24T07:10:28
3029,零壹,2021-05-26,46.25,0.6000000000000014,1.31%,,,,,,,,,ShowDailyK_ChartFlow,FinMind_API_TaiwanStockPrice_3029,True,2026-09-24T07:10:28,2026-09-24T07:10:28,2026-09-24T07:10:28
3029,零壹,2021-05-27,47.0,0.75,1.62%,,,,,,,,,ShowDailyK_ChartFlow,FinMind_API_TaiwanStockPrice_3029,True,2026-09-24T07:10:28,2026-09-24T07:10:28,2026-09-24T07:10:28
3029,零壹,2021-05-28,46.95,-0.04999999999999716,-0.11%,,,,,,,,,ShowDailyK_ChartFlow,FinMind_API_TaiwanStockPrice_3029,True,2026-09-24T07:10:28,2026-09-24T07:10:28,2026-09-24T07:10:28
3029,零壹,2021-05-31,46.8,-0.15000000000000568,-0.32%,,,,,,,,,ShowDailyK_ChartFlow,FinMind_API_TaiwanStockPrice_3029,True,2026-09-24T07:10:28,2026-09-24T07:10:28,2026-09-24T07:10:28
3029,零壹,2021-06-01,47.0,0.20000000000000284,0.43%,,,,,,,,,ShowDailyK_ChartFlow,FinMind_API_TaiwanStockPrice_3029,True,2026-09-24T07:10:28,2026-09-24T07:10:28,2026-09-24T07:10:28
3029,零壹,2021-06-02,47.2,0.20000000000000284,0.43%,,,,,,,,,ShowDailyK_ChartFlow,FinMind_API_TaiwanStockPrice_3029,True,2026-09-24T07:10:28,2026-09-24T07:10:28,2026-09-24T07:10:28
3029,零壹,2021-06-03,47.0,-0.20000000000000284,-0.42%,,,,,,,,,ShowDailyK_ChartFlow,FinMind_API_TaiwanStockPrice_3029,True,2026-09-24T07:10:28,2026-09-24T07:10:28,2026-09-24T07:10:28
3029,零壹,2021-06-04,46.9,-0.10000000000000142,-0.21%,,,,,,,,,ShowDailyK_ChartFlow,FinMind_API_TaiwanStockPrice_3029,True,2026-09-24T07:10:28,2026-09-24T07:10:28,2026-09-24T07:10:28
3029,零壹,2021-06-07,46.85,-0.04999999999999716,-0.11%,,,,,,,,,ShowDailyK_ChartFlow,FinMind_API_TaiwanStockPrice_3029,True,2026-09-24T07:10:28,2026-09-24T07:10:28,2026-09-24T07:10:28
3029,零壹,2021-06-08,46.35,-0.5,-1.07%,,,,,,,,,ShowDailyK_ChartFlow,FinMind_API_TaiwanStockPrice_3029,True,2026-09-24T07:10:28,2026-09-24T07:10:28,2026-09-24T07:10:28
3029,零壹,2021-06-09,46.0,-0.3500000000000014,-0.76%,,,,,,,,,ShowDailyK_ChartFlow,FinMind_API_TaiwanStockPrice_3029,True,2026-09-24T07:10:28,2026-09-24T07:10:28,2026-09-24T07:10:28
3029,零壹,2021-06-10,46.1,0.10000000000000142,0.22%,,,,,,,,,ShowDailyK_ChartFlow,FinMind_API_TaiwanStockPrice_3029,True,2026-09-24T07:10:28,2026-09-24T07:10:28,2026-09-24T07:10:28
3029,零壹,2021-06-11,46.0,-0.10000000000000142,-0.22%,,,,,,,,,ShowDailyK_ChartFlow,FinMind_API_TaiwanStockPrice_3029,True,2026-09-24T07:10:28,2026-09-24T07:10:28,2026-09-24T07:10:28
3029,零壹,2021-06-15,46.05,0.04999999999999716,0.11%,,,,,,,,,ShowDailyK_ChartFlow,FinMind_API_TaiwanStockPrice_3029,True,2026-09-24T07:10:28,2026-09-24T07:10:28,2026-09-24T07:10:28
3029,零壹,2021-06-16,45.75,-0.29999999999999716,-0.65%,,,,,,,,,ShowDailyK_ChartFlow,FinMind_API_TaiwanStockPrice_3029,True,2026-09-24T07:10:28,2026-09-24T07:10:28,2026-09-24T07:10:28
3029,零壹,2021-06-17,46.15,0.3999999999999986,0.87%,,,,,,,,,ShowDailyK_ChartFlow,FinMind_API_TaiwanStockPrice_3029,True,2026-09-24T07:10:28,2026-09-24T07:10:28,2026-09-24T07:10:28
3029,零壹,2021-06-18,46.1,-0.04999999999999716,-0.11%,,,,,,,,,ShowDailyK_ChartFlow,FinMind_API_TaiwanStockPrice_3029,True,2026-09-24T07:10:28,2026-09-24T07:10:28,2026-09-24T07:10:28
3029,零壹,2021-06-21,45.3,-0.8000000000000043,-1.74%,,,,,,,,,ShowDailyK_ChartFlow,FinMind_API_TaiwanStockPrice_3029,True,2026-09-24T07:10:28,2026-09-24T07:10:28,2026-09-24T07:10:28
3029,零壹,2021-06-22,44.9,-0.3999999999999986,-0.88%,,,,,,,,,ShowDailyK_ChartFlow,FinMind_API_TaiwanStockPrice_3029,True,2026-09-24T07:10:28,2026-09-24T07:10:28,2026-09-24T07:10:28
3029,零壹,2021-06-23,45.1,0.20000000000000284,0.45%,,,,,,,,,ShowDailyK_ChartFlow,FinMind_API_TaiwanStockPrice_3029,True,2026-09-24T07:10:28,2026-09-24T07:10:28,2026-09-24T07:10:28
3029,零壹,2021-06-24,45.65,0.5499999999999972,1.22%,,,,,,,,,ShowDailyK_ChartFlow,FinMind_API_TaiwanStockPrice_3029,True,2026-09-24T07:10:28,2026-09-24T07:10:28,2026-09-24T07:10:28
3029,零壹,2021-06-25,45.9,0.25,0.55%,,,,,,,,,ShowDailyK_ChartFlow,FinMind_API_TaiwanStockPrice_3029,True,2026-09-24T07:10:28,2026-09-24T07:10:28,2026-09-24T07:10:28
3029,零壹,2021-06-28,45.9,0.0,0.00%,,,,,,,,,ShowDailyK_ChartFlow,FinMind_API_TaiwanStockPrice_3029,True,2026-09-24T07:10:28,2026-09-24T07:10:28,2026-09-24T07:10:28
3029,零壹,2021-06-29,45.8,-0.10000000000000142,-0.22%,,,,,,,,,ShowDailyK_ChartFlow,FinMind_API_TaiwanStockPrice_3029,True,2026-09-24T07:10:28,2026-09-24T07:10:28,2026-09-24T07:10:28
3029,零壹,2021-06-30,45.7,-0.09999999999999432,-0.22%,,,,,,,,,ShowDailyK_ChartFlow,FinMind_API_TaiwanStockPrice_3029,True,2026-09-24T07:10:28,2026-09-24T07:10:28,2026-09-24T07:10:28
3029,零壹,2021-07-01,45.7,0.0,0.00%,,,,,,,,,ShowDailyK_ChartFlow,FinMind_API_TaiwanStockPrice_3029,True,2026-09-24T07:10:28,2026-09-24T07:10:28,2026-09-24T07:10:28
3029,零壹,2021-07-02,46.3,0.5999999999999943,1.31%,,,,,,,,,ShowDailyK_ChartFlow,FinMind_API_TaiwanStockPrice_3029,True,2026-09-24T07:10:28,2026-09-24T07:10:28,2026-09-24T07:10:28
3029,零壹,2021-07-05,47.7,1.4000000000000057,3.02%,,,,,,,,,ShowDailyK_ChartFlow,FinMind_API_TaiwanStockPrice_3029,True,2026-09-24T07:10:28,2026-09-24T07:10:28,2026-09-24T07:10:28
3029,零壹,2021-07-06,49.1,1.3999999999999986,2.94%,,,,,,,,,ShowDailyK_ChartFlow,FinMind_API_TaiwanStockPrice_3029,True,2026-09-24T07:10:28,2026-09-24T07:10:28,2026-09-24T07:10:28
3029,零壹,2021-07-07,49.15,0.04999999999999716,0.10%,,,,,,,,,ShowDailyK_ChartFlow,FinMind_API_TaiwanStockPrice_3029,True,2026-09-24T07:10:28,2026-09-24T07:10:28,2026-09-24T07:10:28
3029,零壹,2021-07-08,48.9,-0.25,-0.51%,,,,,,,,,ShowDailyK_ChartFlow,FinMind_API_TaiwanStockPrice_3029,True,2026-09-24T07:10:28,2026-09-24T07:10:28,2026-09-24T07:10:28
3029,零壹,2021-07-09,49.2,0.30000000000000426,0.61%,,,,,,,,,ShowDailyK_ChartFlow,FinMind_API_TaiwanStockPrice_3029,True,2026-09-24T07:10:28,2026-09-24T07:10:28,2026-09-24T07:10:28
3029,零壹,2021-07-12,49.2,0.0,0.00%,,,,,,,,,ShowDailyK_ChartFlow,FinMind_API_TaiwanStockPrice_3029,True,2026-09-24T07:10:28,2026-09-24T07:10:28,2026-09-24T07:10:28
3029,零壹,2021-07-13,49.35,0.14999999999999858,0.30%,,,,,,,,,ShowDailyK_ChartFlow,FinMind_API_TaiwanStockPrice_3029,True,2026-09-24T07:10:28,2026-09-24T07:10:28,2026-09-24T07:10:28
3029,零壹,2021-07-14,49.4,0.04999999999999716,0.10%,,,,,,,,,ShowDailyK_ChartFlow,FinMind_API_TaiwanStockPrice_3029,True,2026-09-24T07:10:28,2026-09-24T07:10:28,2026-09-24T07:10:28
3029,零壹,2021-07-15,49.8,0.3999999999999986,0.81%,,,,,,,,,ShowDailyK_ChartFlow,FinMind_API_TaiwanStockPrice_3029,True,2026-09-24T07:10:28,2026-09-24T07:10:28,2026-09-24T07:10:28
3029,零壹,2021-07-16,47.15,-2.6499999999999986,-5.32%,,,,,,,,,ShowDailyK_ChartFlow,FinMind_API_TaiwanStockPrice_3029,True,2026-09-24T07:10:28,2026-09-24T07:10:28,2026-09-24T07:10:28
3029,零壹,2021-07-19,45.9,-1.25,-2.65%,,,,,,,,,ShowDailyK_ChartFlow,FinMind_API_TaiwanStockPrice_3029,True,2026-09-24T07:10:28,2026-09-24T07:10:28,2026-09-24T07:10:28
3029,零壹,2021-07-20,45.1,-0.7999999999999972,-1.74%,,,,,,,,,ShowDailyK_ChartFlow,FinMind_API_TaiwanStockPrice_3029,True,2026-09-24T07:10:28,2026-09-24T07:10:28,2026-09-24T07:10:28
3029,零壹,2021-07-21,44.1,-1.0,-2.22%,,,,,,,,,ShowDailyK_ChartFlow,FinMind_API_TaiwanStockPrice_3029,True,2026-09-24T07:10:28,2026-09-24T07:10:28,2026-09-24T07:10:28
3029,零壹,2021-07-22,43.8,-0.30000000000000426,-0.68%,,,,,,,,,ShowDailyK_ChartFlow,FinMind_API_TaiwanStockPrice_3029,True,2026-09-24T07:10:28,2026-09-24T07:10:28,2026-09-24T07:10:28
3029,零壹,2021-07-23,44.15,0.3500000000000014,0.80%,,,,,,,,,ShowDailyK_ChartFlow,FinMind_API_TaiwanStockPrice_3029,True,2026-09-24T07:10:28,2026-09-24T07:10:28,2026-09-24T07:10:28
3029,零壹,2021-07-26,45.0,0.8500000000000014,1.93%,,,,,,,,,ShowDailyK_ChartFlow,FinMind_API_TaiwanStockPrice_3029,True,2026-09-24T07:10:28,2026-09-24T07:10:28,2026-09-24T07:10:28
3029,零壹,2021-07-27,44.2,-0.7999999999999972,-1.78%,,,,,,,,,ShowDailyK_ChartFlow,FinMind_API_TaiwanStockPrice_3029,True,2026-09-24T07:10:28,2026-09-24T07:10:28,2026-09-24T07:10:28
3029,零壹,2021-07-28,43.75,-0.45000000000000284,-1.02%,,,,,,,,,ShowDailyK_ChartFlow,FinMind_API_TaiwanStockPrice_3029,True,2026-09-24T07:10:28,2026-09-24T07:10:28,2026-09-24T07:10:28
3029,零壹,2021-07-29,43.9,0.14999999999999858,0.34%,,,,,,,,,ShowDailyK_ChartFlow,FinMind_API_TaiwanStockPrice_3029,True,2026-09-24T07:10:28,2026-09-24T07:10:28,2026-09-24T07:10:28
3029,零壹,2021-07-30,43.55,-0.3500000000000014,-0.80%,,,,,,,,,ShowDailyK_ChartFlow,FinMind_API_TaiwanStockPrice_3029,True,2026-09-24T07:10:28,2026-09-24T07:10:28,2026-09-24T07:10:28
3029,零壹,2021-08-02,43.2,-0.3499999999999943,-0.80%,,,,,,,,,ShowDailyK_ChartFlow,FinMind_API_TaiwanStockPrice_3029,True,2026-09-24T07:10:28,2026-09-24T07:10:28,2026-09-24T07:10:28
3029,零壹,2021-08-03,43.35,0.14999999999999858,0.35%,,,,,,,,,ShowDailyK_ChartFlow,FinMind_API_TaiwanStockPrice_3029,True,2026-09-24T07:10:28,2026-09-24T07:10:28,2026-09-24T07:10:28
3029,零壹,2021-08-04,43.65,0.29999999999999716,0.69%,,,,,,,,,ShowDailyK_ChartFlow,FinMind_API_TaiwanStockPrice_3029,True,2026-09-24T07:10:28,2026-09-24T07:10:28,2026-09-24T07:10:28
3029,零壹,2021-08-05,43.45,-0.19999999999999574,-0.46%,,,,,,,,,ShowDailyK_ChartFlow,FinMind_API_TaiwanStockPrice_3029,True,2026-09-24T07:10:28,2026-09-24T07:10:28,2026-09-24T07:10:28
3029,零壹,2021-08-06,43.7,0.25,0.58%,,,,,,,,,ShowDailyK_ChartFlow,FinMind_API_TaiwanStockPrice_3029,True,2026-09-24T07:10:28,2026-09-24T07:10:28,2026-09-24T07:10:28
3029,零壹,2021-08-09,43.5,-0.20000000000000284,-0.46%,,,,,,,,,ShowDailyK_ChartFlow,FinMind_API_TaiwanStockPrice_3029,True,2026-09-24T07:10:28,2026-09-24T07:10:28,2026-09-24T07:10:28
3029,零壹,2021-08-10,43.55,0.04999999999999716,0.11%,,,,,,,,,ShowDailyK_ChartFlow,FinMind_API_TaiwanStockPrice_3029,True,2026-09-24T07:10:28,2026-09-24T07:10:28,2026-09-24T07:10:28
3029,零壹,2021-08-11,42.95,-0.5999999999999943,-1.38%,,,,,,,,,ShowDailyK_ChartFlow,FinMind_API_TaiwanStockPrice_3029,True,2026-09-24T07:10:28,2026-09-24T07:10:28,2026-09-24T07:10:28
3029,零壹,2021-08-12,43.25,0.29999999999999716,0.70%,,,,,,,,,ShowDailyK_ChartFlow,FinMind_API_TaiwanStockPrice_3029,True,2026-09-24T07:10:28,2026-09-24T07:10:28,2026-09-24T07:10:28
3029,零壹,2021-08-13,43.0,-0.25,-0.58%,,,,,,,,,ShowDailyK_ChartFlow,FinMind_API_TaiwanStockPrice_3029,True,2026-09-24T07:10:28,2026-09-24T07:10:28,2026-09-24T07:10:28
3029,零壹,2021-08-16,41.8,-1.2000000000000028,-2.79%,,,,,,,,,ShowDailyK_ChartFlow,FinMind_API_TaiwanStockPrice_3029,True,2026-09-24T07:10:28,2026-09-24T07:10:28,2026-09-24T07:10:28
3029,零壹,2021-08-17,41.25,-0.5499999999999972,-1.32%,,,,,,,,,ShowDailyK_ChartFlow,FinMind_API_TaiwanStockPrice_3029,True,2026-09-24T07:10:28,2026-09-24T07:10:28,2026-09-24T07:10:28
3029,零壹,2021-08-18,41.9,0.6499999999999986,1.58%,,,,,,,,,ShowDailyK_ChartFlow,FinMind_API_TaiwanStockPrice_3029,True,2026-09-24T07:10:28,2026-09-24T07:10:28,2026-09-24T07:10:28
3029,零壹,2021-08-19,40.9,-1.0,-2.39%,,,,,,,,,ShowDailyK_ChartFlow,FinMind_API_TaiwanStockPrice_3029,True,2026-09-24T07:10:28,2026-09-24T07:10:28,2026-09-24T07:10:28
3029,零壹,2021-08-20,40.9,0.0,0.00%,,,,,,,,,ShowDailyK_ChartFlow,FinMind_API_TaiwanStockPrice_3029,True,2026-09-24T07:10:28,2026-09-24T07:10:28,2026-09-24T07:10:28
3029,零壹,2021-08-23,41.85,0.9500000000000028,2.32%,,,,,,,,,ShowDailyK_ChartFlow,FinMind_API_TaiwanStockPrice_3029,True,2026-09-24T07:10:28,2026-09-24T07:10:28,2026-09-24T07:10:28
3029,零壹,2021-08-24,43.1,1.25,2.99%,,,,,,,,,ShowDailyK_ChartFlow,FinMind_API_TaiwanStockPrice_3029,True,2026-09-24T07:10:28,2026-09-24T07:10:28,2026-09-24T07:10:28
3029,零壹,2021-08-25,43.1,0.0,0.00%,,,,,,,,,ShowDailyK_ChartFlow,FinMind_API_TaiwanStockPrice_3029,True,2026-09-24T07:10:28,2026-09-24T07:10:28,2026-09-24T07:10:28
3029,零壹,2021-08-26,43.2,0.10000000000000142,0.23%,,,,,,,,,ShowDailyK_ChartFlow,FinMind_API_TaiwanStockPrice_3029,True,2026-09-24T07:10:28,2026-09-24T07:10:28,2026-09-24T07:10:28
3029,零壹,2021-08-27,43.4,0.19999999999999574,0.46%,,,,,,,,,ShowDailyK_ChartFlow,FinMind_API_TaiwanStockPrice_3029,True,2026-09-24T07:10:28,2026-09-24T07:10:28,2026-09-24T07:10:28
3029,零壹,2021-08-30,43.65,0.25,0.58%,,,,,,,,,ShowDailyK_ChartFlow,FinMind_API_TaiwanStockPrice_3029,True,2026-09-24T07:10:28,2026-09-24T07:10:28,2026-09-24T07:10:28
3029,零壹,2021-08-31,43.85,0.20000000000000284,0.46%,,,,,,,,,ShowDailyK_ChartFlow,FinMind_API_TaiwanStockPrice_3029,True,2026-09-24T07:10:28,2026-09-24T07:10:28,2026-09-24T07:10:28
3029,零壹,2021-09-01,44.95,1.1000000000000014,2.51%,,,,,,,,,ShowDailyK_ChartFlow,FinMind_API_TaiwanStockPrice_3029,True,2026-09-24T07:10:28,2026-09-24T07:10:28,2026-09-24T07:10:28
3029,零壹,2021-09-02,47.2,2.25,5.01%,,,,,,,,,ShowDailyK_ChartFlow,FinMind_API_TaiwanStockPrice_3029,True,2026-09-24T07:10:28,2026-09-24T07:10:28,2026-09-24T07:10:28
3029,零壹,2021-09-03,47.15,-0.05000000000000426,-0.11%,,,,,,,,,ShowDailyK_ChartFlow,FinMind_API_TaiwanStockPrice_3029,True,2026-09-24T07:10:28,2026-09-24T07:10:28,2026-09-24T07:10:28
3029,零壹,2021-09-06,46.3,-0.8500000000000014,-1.80%,,,,,,,,,ShowDailyK_ChartFlow,FinMind_API_TaiwanStockPrice_3029,True,2026-09-24T07:10:28,2026-09-24T07:10:28,2026-09-24T07:10:28
3029,零壹,2021-09-07,44.85,-1.4499999999999957,-3.13%,,,,,,,,,ShowDailyK_ChartFlow,FinMind_API_TaiwanStockPrice_3029,True,2026-09-24T07:10:28,2026-09-24T07:10:28,2026-09-24T07:10:28
3029,零壹,2021-09-08,44.75,-0.10000000000000142,-0.22%,,,,,,,,,ShowDailyK_ChartFlow,FinMind_API_TaiwanStockPrice_3029,True,2026-09-24T07:10:28,2026-09-24T07:10:28,2026-09-24T07:10:28
3029,零壹,2021-09-09,45.45,0.7000000000000028,1.56%,,,,,,,,,ShowDailyK_ChartFlow,FinMind_API_TaiwanStockPrice_3029,True,2026-09-24T07:10:28,2026-09-24T07:10:28,2026-09-24T07:10:28
3029,零壹,2021-09-10,45.9,0.44999999999999574,0.99%,,,,,,,,,ShowDailyK_ChartFlow,FinMind_API_TaiwanStockPrice_3029,True,2026-09-24T07:10:28,2026-09-24T07:10:28,2026-09-24T07:10:28
3029,零壹,2021-09-13,46.4,0.5,1.09%,,,,,,,,,ShowDailyK_ChartFlow,FinMind_API_TaiwanStockPrice_3029,True,2026-09-24T07:10:28,2026-09-24T07:10:28,2026-09-24T07:10:28
3029,零壹,2021-09-14,46.5,0.10000000000000142,0.22%,,,,,,,,,ShowDailyK_ChartFlow,FinMind_API_TaiwanStockPrice_3029,True,2026-09-24T07:10:28,2026-09-24T07:10:28,2026-09-24T07:10:28
3029,零壹,2021-09-15,46.1,-0.3999999999999986,-0.86%,,,,,,,,,ShowDailyK_ChartFlow,FinMind_API_TaiwanStockPrice_3029,True,2026-09-24T07:10:28,2026-09-24T07:10:28,2026-09-24T07:10:28
3029,零壹,2021-09-16,45.95,-0.14999999999999858,-0.33%,,,,,,,,,ShowDailyK_ChartFlow,FinMind_API_TaiwanStockPrice_3029,True,2026-09-24T07:10:28,2026-09-24T07:10:28,2026-09-24T07:10:28
3029,零壹,2021-09-17,46.05,0.09999999999999432,0.22%,,,,,,,,,ShowDailyK_ChartFlow,FinMind_API_TaiwanStockPrice_3029,True,2026-09-24T07:10:28,2026-09-24T07:10:28,2026-09-24T07:10:28
3029,零壹,2021-09-22,45.4,-0.6499999999999986,-1.41%,,,,,,,,,ShowDailyK_ChartFlow,FinMind_API_TaiwanStockPrice_3029,True,2026-09-24T07:10:28,2026-09-24T07:10:28,2026-09-24T07:10:28
3029,零壹,2021-09-23,46.45,1.0500000000000043,2.31%,,,,,,,,,ShowDailyK_ChartFlow,FinMind_API_TaiwanStockPrice_3029,True,2026-09-24T07:10:28,2026-09-24T07:10:28,2026-09-24T07:10:28
3029,零壹,2021-09-24,46.4,-0.05000000000000426,-0.11%,,,,,,,,,ShowDailyK_ChartFlow,FinMind_API_TaiwanStockPrice_3029,True,2026-09-24T07:10:28,2026-09-24T07:10:28,2026-09-24T07:10:28
3029,零壹,2021-09-27,46.15,-0.25,-0.54%,,,,,,,,,ShowDailyK_ChartFlow,FinMind_API_TaiwanStockPrice_3029,True,2026-09-24T07:10:28,2026-09-24T07:10:28,2026-09-24T07:10:28
3029,零壹,2021-09-28,46.45,0.30000000000000426,0.65%,,,,,,,,,ShowDailyK_ChartFlow,FinMind_API_TaiwanStockPrice_3029,True,2026-09-24T07:10:28,2026-09-24T07:10:28,2026-09-24T07:10:28
3029,零壹,2021-09-29,45.4,-1.0500000000000043,-2.26%,,,,,,,,,ShowDailyK_ChartFlow,FinMind_API_TaiwanStockPrice_3029,True,2026-09-24T07:10:28,2026-09-24T07:10:28,2026-09-24T07:10:28
3029,零壹,2021-09-30,46.6,1.2000000000000028,2.64%,,,,,,,,,ShowDailyK_ChartFlow,FinMind_API_TaiwanStockPrice_3029,True,2026-09-24T07:10:28,2026-09-24T07:10:28,2026-09-24T07:10:28
3029,零壹,2021-10-01,45.0,-1.6000000000000014,-3.43%,,,,,,,,,ShowDailyK_ChartFlow,FinMind_API_TaiwanStockPrice_3029,True,2026-09-24T07:10:28,2026-09-24T07:10:28,2026-09-24T07:10:28
3029,零壹,2021-10-04,44.0,-1.0,-2.22%,,,,,,,,,ShowDailyK_ChartFlow,FinMind_API_TaiwanStockPrice_3029,True,2026-09-24T07:10:28,2026-09-24T07:10:28,2026-09-24T07:10:28
3029,零壹,2021-10-05,44.35,0.3500000000000014,0.80%,,,,,,,,,ShowDailyK_ChartFlow,FinMind_API_TaiwanStockPrice_3029,True,2026-09-24T07:10:28,2026-09-24T07:10:28,2026-09-24T07:10:28
3029,零壹,2021-10-06,44.1,-0.25,-0.56%,,,,,,,,,ShowDailyK_ChartFlow,FinMind_API_TaiwanStockPrice_3029,True,2026-09-24T07:10:28,2026-09-24T07:10:28,2026-09-24T07:10:28
3029,零壹,2021-10-07,46.35,2.25,5.10%,,,,,,,,,ShowDailyK_ChartFlow,FinMind_API_TaiwanStockPrice_3029,True,2026-09-24T07:10:28,2026-09-24T07:10:28,2026-09-24T07:10:28
3029,零壹,2021-10-08,46.05,-0.30000000000000426,-0.65%,,,,,,,,,ShowDailyK_ChartFlow,FinMind_API_TaiwanStockPrice_3029,True,2026-09-24T07:10:28,2026-09-24T07:10:28,2026-09-24T07:10:28
3029,零壹,2021-10-12,45.85,-0.19999999999999574,-0.43%,,,,,,,,,ShowDailyK_ChartFlow,FinMind_API_TaiwanStockPrice_3029,True,2026-09-24T07:10:28,2026-09-24T07:10:28,2026-09-24T07:10:28
3029,零壹,2021-10-13,45.05,-0.8000000000000043,-1.74%,,,,,,,,,ShowDailyK_ChartFlow,FinMind_API_TaiwanStockPrice_3029,True,2026-09-24T07:10:28,2026-09-24T07:10:28,2026-09-24T07:10:28
3029,零壹,2021-10-14,42.7,-2.3499999999999943,-5.22%,,,,,,,,,ShowDailyK_ChartFlow,FinMind_API_TaiwanStockPrice_3029,True,2026-09-24T07:10:28,2026-09-24T07:10:28,2026-09-24T07:10:28
3029,零壹,2021-10-15,43.05,0.3499999999999943,0.82%,,,,,,,,,ShowDailyK_ChartFlow,FinMind_API_TaiwanStockPrice_3029,True,2026-09-24T07:10:28,2026-09-24T07:10:28,2026-09-24T07:10:28
3029,零壹,2021-10-18,43.95,0.9000000000000057,2.09%,,,,,,,,,ShowDailyK_ChartFlow,FinMind_API_TaiwanStockPrice_3029,True,2026-09-24T07:10:28,2026-09-24T07:10:28,2026-09-24T07:10:28
3029,零壹,2021-10-19,44.5,0.5499999999999972,1.25%,,,,,,,,,ShowDailyK_ChartFlow,FinMind_API_TaiwanStockPrice_3029,True,2026-09-24T07:10:28,2026-09-24T07:10:28,2026-09-24T07:10:28
3029,零壹,2021-10-20,44.45,-0.04999999999999716,-0.11%,,,,,,,,,ShowDailyK_ChartFlow,FinMind_API_TaiwanStockPrice_3029,True,2026-09-24T07:10:28,2026-09-24T07:10:28,2026-09-24T07:10:28
3029,零壹,2021-10-21,43.85,-0.6000000000000014,-1.35%,,,,,,,,,ShowDailyK_ChartFlow,FinMind_API_TaiwanStockPrice_3029,True,2026-09-24T07:10:28,2026-09-24T07:10:28,2026-09-24T07:10:28
3029,零壹,2021-10-22,44.05,0.19999999999999574,0.46%,,,,,,,,,ShowDailyK_ChartFlow,FinMind_API_TaiwanStockPrice_3029,True,2026-09-24T07:10:28,2026-09-24T07:10:28,2026-09-24T07:10:28
3029,零壹,2021-10-25,43.85,-0.19999999999999574,-0.45%,,,,,,,,,ShowDailyK_ChartFlow,FinMind_API_TaiwanStockPrice_3029,True,2026-09-24T07:10:28,2026-09-24T07:10:28,2026-09-24T07:10:28
3029,零壹,2021-10-26,43.85,0.0,0.00%,,,,,,,,,ShowDailyK_ChartFlow,FinMind_API_TaiwanStockPrice_3029,True,2026-09-24T07:10:28,2026-09-24T07:10:28,2026-09-24T07:10:28
3029,零壹,2021-10-27,44.4,0.5499999999999972,1.25%,,,,,,,,,ShowDailyK_ChartFlow,FinMind_API_TaiwanStockPrice_3029,True,2026-09-24T07:10:28,2026-09-24T07:10:28,2026-09-24T07:10:28
3029,零壹,2021-10-28,44.5,0.10000000000000142,0.23%,,,,,,,,,ShowDailyK_ChartFlow,FinMind_API_TaiwanStockPrice_3029,True,2026-09-24T07:10:28,2026-09-24T07:10:28,2026-09-24T07:10:28
3029,零壹,2021-10-29,46.1,1.6000000000000014,3.60%,,,,,,,,,ShowDailyK_ChartFlow,FinMind_API_TaiwanStockPrice_3029,True,2026-09-24T07:10:28,2026-09-24T07:10:28,2026-09-24T07:10:28
3029,零壹,2021-11-01,46.8,0.6999999999999957,1.52%,,,,,,,,,ShowDailyK_ChartFlow,FinMind_API_TaiwanStockPrice_3029,True,2026-09-24T07:10:28,2026-09-24T07:10:28,2026-09-24T07:10:28
3029,零壹,2021-11-02,45.7,-1.0999999999999943,-2.35%,,,,,,,,,ShowDailyK_ChartFlow,FinMind_API_TaiwanStockPrice_3029,True,2026-09-24T07:10:28,2026-09-24T07:10:28,2026-09-24T07:10:28
3029,零壹,2021-11-03,46.3,0.5999999999999943,1.31%,,,,,,,,,ShowDailyK_ChartFlow,FinMind_API_TaiwanStockPrice_3029,True,2026-09-24T07:10:28,2026-09-24T07:10:28,2026-09-24T07:10:28
3029,零壹,2021-11-04,46.25,-0.04999999999999716,-0.11%,,,,,,,,,ShowDailyK_ChartFlow,FinMind_API_TaiwanStockPrice_3029,True,2026-09-24T07:10:28,2026-09-24T07:10:28,2026-09-24T07:10:28
3029,零壹,2021-11-05,45.85,-0.3999999999999986,-0.86%,,,,,,,,,ShowDailyK_ChartFlow,FinMind_API_TaiwanStockPrice_3029,True,2026-09-24T07:10:28,2026-09-24T07:10:28,2026-09-24T07:10:28
3029,零壹,2021-11-08,45.5,-0.3500000000000014,-0.76%,,,,,,,,,ShowDailyK_ChartFlow,FinMind_API_TaiwanStockPrice_3029,True,2026-09-24T07:10:28,2026-09-24T07:10:28,2026-09-24T07:10:28
3029,零壹,2021-11-09,45.5,0.0,0.00%,,,,,,,,,ShowDailyK_ChartFlow,FinMind_API_TaiwanStockPrice_3029,True,2026-09-24T07:10:28,2026-09-24T07:10:28,2026-09-24T07:10:28
3029,零壹,2021-11-10,45.45,-0.04999999999999716,-0.11%,,,,,,,,,ShowDailyK_ChartFlow,FinMind_API_TaiwanStockPrice_3029,True,2026-09-24T07:10:28,2026-09-24T07:10:28,2026-09-24T07:10:28
3029,零壹,2021-11-11,45.25,-0.20000000000000284,-0.44%,,,,,,,,,ShowDailyK_ChartFlow,FinMind_API_TaiwanStockPrice_3029,True,2026-09-24T07:10:28,2026-09-24T07:10:28,2026-09-24T07:10:28
3029,零壹,2021-11-12,45.6,0.3500000000000014,0.77%,,,,,,,,,ShowDailyK_ChartFlow,FinMind_API_TaiwanStockPrice_3029,True,2026-09-24T07:10:28,2026-09-24T07:10:28,2026-09-24T07:10:28
3029,零壹,2021-11-15,45.7,0.10000000000000142,0.22%,,,,,,,,,ShowDailyK_ChartFlow,FinMind_API_TaiwanStockPrice_3029,True,2026-09-24T07:10:28,2026-09-24T07:10:28,2026-09-24T07:10:28
3029,零壹,2021-11-16,46.05,0.3499999999999943,0.77%,,,,,,,,,ShowDailyK_ChartFlow,FinMind_API_TaiwanStockPrice_3029,True,2026-09-24T07:10:28,2026-09-24T07:10:28,2026-09-24T07:10:28
3029,零壹,2021-11-17,45.9,-0.14999999999999858,-0.33%,,,,,,,,,ShowDailyK_ChartFlow,FinMind_API_TaiwanStockPrice_3029,True,2026-09-24T07:10:28,2026-09-24T07:10:28,2026-09-24T07:10:28
3029,零壹,2021-11-18,45.5,-0.3999999999999986,-0.87%,,,,,,,,,ShowDailyK_ChartFlow,FinMind_API_TaiwanStockPrice_3029,True,2026-09-24T07:10:28,2026-09-24T07:10:28,2026-09-24T07:10:28
3029,零壹,2021-11-19,45.1,-0.3999999999999986,-0.88%,,,,,,,,,ShowDailyK_ChartFlow,FinMind_API_TaiwanStockPrice_3029,True,2026-09-24T07:10:28,2026-09-24T07:10:28,2026-09-24T07:10:28
3029,零壹,2021-11-22,45.4,0.29999999999999716,0.67%,,,,,,,,,ShowDailyK_ChartFlow,FinMind_API_TaiwanStockPrice_3029,True,2026-09-24T07:10:28,2026-09-24T07:10:28,2026-09-24T07:10:28
3029,零壹,2021-11-23,45.15,-0.25,-0.55%,,,,,,,,,ShowDailyK_ChartFlow,FinMind_API_TaiwanStockPrice_3029,True,2026-09-24T07:10:28,2026-09-24T07:10:28,2026-09-24T07:10:28
3029,零壹,2021-11-24,45.25,0.10000000000000142,0.22%,,,,,,,,,ShowDailyK_ChartFlow,FinMind_API_TaiwanStockPrice_3029,True,2026-09-24T07:10:28,2026-09-24T07:10:28,2026-09-24T07:10:28
3029,零壹,2021-11-25,45.3,0.04999999999999716,0.11%,,,,,,,,,ShowDailyK_ChartFlow,FinMind_API_TaiwanStockPrice_3029,True,2026-09-24T07:10:28,2026-09-24T07:10:28,2026-09-24T07:10:28
3029,零壹,2021-11-26,44.5,-0.7999999999999972,-1.77%,,,,,,,,,ShowDailyK_ChartFlow,FinMind_API_TaiwanStockPrice_3029,True,2026-09-24T07:10:28,2026-09-24T07:10:28,2026-09-24T07:10:28
3029,零壹,2021-11-29,44.55,0.04999999999999716,0.11%,,,,,,,,,ShowDailyK_ChartFlow,FinMind_API_TaiwanStockPrice_3029,True,2026-09-24T07:10:28,2026-09-24T07:10:28,2026-09-24T07:10:28
3029,零壹,2021-11-30,44.35,-0.19999999999999574,-0.45%,,,,,,,,,ShowDailyK_ChartFlow,FinMind_API_TaiwanStockPrice_3029,True,2026-09-24T07:10:28,2026-09-24T07:10:28,2026-09-24T07:10:28
3029,零壹,2021-12-01,44.6,0.25,0.56%,,,,,,,,,ShowDailyK_ChartFlow,FinMind_API_TaiwanStockPrice_3029,True,2026-09-24T07:10:28,2026-09-24T07:10:28,2026-09-24T07:10:28
3029,零壹,2021-12-02,44.05,-0.5500000000000043,-1.23%,,,,,,,,,ShowDailyK_ChartFlow,FinMind_API_TaiwanStockPrice_3029,True,2026-09-24T07:10:28,2026-09-24T07:10:28,2026-09-24T07:10:28
3029,零壹,2021-12-03,44.1,0.05000000000000426,0.11%,,,,,,,,,ShowDailyK_ChartFlow,FinMind_API_TaiwanStockPrice_3029,True,2026-09-24T07:10:28,2026-09-24T07:10:28,2026-09-24T07:10:28
3029,零壹,2021-12-06,44.15,0.04999999999999716,0.11%,,,,,,,,,ShowDailyK_ChartFlow,FinMind_API_TaiwanStockPrice_3029,True,2026-09-24T07:10:28,2026-09-24T07:10:28,2026-09-24T07:10:28
3029,零壹,2021-12-07,44.1,-0.04999999999999716,-0.11%,,,,,,,,,ShowDailyK_ChartFlow,FinMind_API_TaiwanStockPrice_3029,True,2026-09-24T07:10:28,2026-09-24T07:10:28,2026-09-24T07:10:28
3029,零壹,2021-12-08,44.05,-0.05000000000000426,-0.11%,,,,,,,,,ShowDailyK_ChartFlow,FinMind_API_TaiwanStockPrice_3029,True,2026-09-24T07:10:28,2026-09-24T07:10:28,2026-09-24T07:10:28
3029,零壹,2021-12-09,43.85,-0.19999999999999574,-0.45%,,,,,,,,,ShowDailyK_ChartFlow,FinMind_API_TaiwanStockPrice_3029,True,2026-09-24T07:10:28,2026-09-24T07:10:28,2026-09-24T07:10:28
3029,零壹,2021-12-10,43.6,-0.25,-0.57%,,,,,,,,,ShowDailyK_ChartFlow,FinMind_API_TaiwanStockPrice_3029,True,2026-09-24T07:10:28,2026-09-24T07:10:28,2026-09-24T07:10:28
3029,零壹,2021-12-13,43.35,-0.25,-0.57%,,,,,,,,,ShowDailyK_ChartFlow,FinMind_API_TaiwanStockPrice_3029,True,2026-09-24T07:10:28,2026-09-24T07:10:28,2026-09-24T07:10:28
3029,零壹,2021-12-14,42.85,-0.5,-1.15%,,,,,,,,,ShowDailyK_ChartFlow,FinMind_API_TaiwanStockPrice_3029,True,2026-09-24T07:10:28,2026-09-24T07:10:28,2026-09-24T07:10:28
3029,零壹,2021-12-15,42.9,0.04999999999999716,0.12%,,,,,,,,,ShowDailyK_ChartFlow,FinMind_API_TaiwanStockPrice_3029,True,2026-09-24T07:10:28,2026-09-24T07:10:28,2026-09-24T07:10:28
3029,零壹,2021-12-16,42.9,0.0,0.00%,,,,,,,,,ShowDailyK_ChartFlow,FinMind_API_TaiwanStockPrice_3029,True,2026-09-24T07:10:28,2026-09-24T07:10:28,2026-09-24T07:10:28
3029,零壹,2021-12-17,42.6,-0.29999999999999716,-0.70%,,,,,,,,,ShowDailyK_ChartFlow,FinMind_API_TaiwanStockPrice_3029,True,2026-09-24T07:10:28,2026-09-24T07:10:28,2026-09-24T07:10:28
3029,零壹,2021-12-20,42.7,0.10000000000000142,0.23%,,,,,,,,,ShowDailyK_ChartFlow,FinMind_API_TaiwanStockPrice_3029,True,2026-09-24T07:10:28,2026-09-24T07:10:28,2026-09-24T07:10:28
3029,零壹,2021-12-21,42.85,0.14999999999999858,0.35%,,,,,,,,,ShowDailyK_ChartFlow,FinMind_API_TaiwanStockPrice_3029,True,2026-09-24T07:10:28,2026-09-24T07:10:28,2026-09-24T07:10:28
3029,零壹,2021-12-22,43.4,0.5499999999999972,1.28%,,,,,,,,,ShowDailyK_ChartFlow,FinMind_API_TaiwanStockPrice_3029,True,2026-09-24T07:10:28,2026-09-24T07:10:28,2026-09-24T07:10:28
3029,零壹,2021-12-23,43.25,-0.14999999999999858,-0.35%,,,,,,,,,ShowDailyK_ChartFlow,FinMind_API_TaiwanStockPrice_3029,True,2026-09-24T07:10:28,2026-09-24T07:10:28,2026-09-24T07:10:28
3029,零壹,2021-12-24,42.9,-0.3500000000000014,-0.81%,,,,,,,,,ShowDailyK_ChartFlow,FinMind_API_TaiwanStockPrice_3029,True,2026-09-24T07:10:28,2026-09-24T07:10:28,2026-09-24T07:10:28
3029,零壹,2021-12-27,42.8,-0.10000000000000142,-0.23%,,,,,,,,,ShowDailyK_ChartFlow,FinMind_API_TaiwanStockPrice_3029,True,2026-09-24T07:10:28,2026-09-24T07:10:28,2026-09-24T07:10:28
3029,零壹,2021-12-28,43.3,0.5,1.17%,,,,,,,,,ShowDailyK_ChartFlow,FinMind_API_TaiwanStockPrice_3029,True,2026-09-24T07:10:28,2026-09-24T07:10:28,2026-09-24T07:10:28
3029,零壹,2021-12-29,43.8,0.5,1.15%,,,,,,,,,ShowDailyK_ChartFlow,FinMind_API_TaiwanStockPrice_3029,True,2026-09-24T07:10:28,2026-09-24T07:10:28,2026-09-24T07:10:28
3029,零壹,2021-12-30,44.0,0.20000000000000284,0.46%,,,,,,,,,ShowDailyK_ChartFlow,FinMind_API_TaiwanStockPrice_3029,True,2026-09-24T07:10:28,2026-09-24T07:10:28,2026-09-24T07:10:28
3029,零壹,2022-01-03,43.8,-0.20000000000000284,-0.45%,,,,,,,,,ShowDailyK_ChartFlow,FinMind_API_TaiwanStockPrice_3029,True,2026-09-24T07:10:28,2026-09-24T07:10:28,2026-09-24T07:10:28
3029,零壹,2022-01-04,43.35,-0.44999999999999574,-1.03%,,,,,,,,,ShowDailyK_ChartFlow,FinMind_API_TaiwanStockPrice_3029,True,2026-09-24T07:10:28,2026-09-24T07:10:28,2026-09-24T07:10:28
3029,零壹,2022-01-05,43.3,-0.05000000000000426,-0.12%,,,,,,,,,ShowDailyK_ChartFlow,FinMind_API_TaiwanStockPrice_3029,True,2026-09-24T07:10:28,2026-09-24T07:10:28,2026-09-24T07:10:28
3029,零壹,2022-01-06,43.05,-0.25,-0.58%,,,,,,,,,ShowDailyK_ChartFlow,FinMind_API_TaiwanStockPrice_3029,True,2026-09-24T07:10:28,2026-09-24T07:10:28,2026-09-24T07:10:28
3029,零壹,2022-01-07,43.05,0.0,0.00%,,,,,,,,,ShowDailyK_ChartFlow,FinMind_API_TaiwanStockPrice_3029,True,2026-09-24T07:10:28,2026-09-24T07:10:28,2026-09-24T07:10:28
3029,零壹,2022-01-10,43.7,0.6500000000000057,1.51%,,,,,,,,,ShowDailyK_ChartFlow,FinMind_API_TaiwanStockPrice_3029,True,2026-09-24T07:10:28,2026-09-24T07:10:28,2026-09-24T07:10:28
3029,零壹,2022-01-11,43.85,0.14999999999999858,0.34%,,,,,,,,,ShowDailyK_ChartFlow,FinMind_API_TaiwanStockPrice_3029,True,2026-09-24T07:10:28,2026-09-24T07:10:28,2026-09-24T07:10:28
3029,零壹,2022-01-12,43.75,-0.10000000000000142,-0.23%,,,,,,,,,ShowDailyK_ChartFlow,FinMind_API_TaiwanStockPrice_3029,True,2026-09-24T07:10:28,2026-09-24T07:10:28,2026-09-24T07:10:28
3029,零壹,2022-01-13,43.65,-0.10000000000000142,-0.23%,,,,,,,,,ShowDailyK_ChartFlow,FinMind_API_TaiwanStockPrice_3029,True,2026-09-24T07:10:28,2026-09-24T07:10:28,2026-09-24T07:10:28
3029,零壹,2022-01-14,43.6,-0.04999999999999716,-0.11%,,,,,,,,,ShowDailyK_ChartFlow,FinMind_API_TaiwanStockPrice_3029,True,2026-09-24T07:10:28,2026-09-24T07:10:28,2026-09-24T07:10:28
3029,零壹,2022-01-17,43.8,0.19999999999999574,0.46%,,,,,,,,,ShowDailyK_ChartFlow,FinMind_API_TaiwanStockPrice_3029,True,2026-09-24T07:10:28,2026-09-24T07:10:28,2026-09-24T07:10:28
3029,零壹,2022-01-18,44.2,0.4000000000000057,0.91%,,,,,,,,,ShowDailyK_ChartFlow,FinMind_API_TaiwanStockPrice_3029,True,2026-09-24T07:10:28,2026-09-24T07:10:28,2026-09-24T07:10:28
3029,零壹,2022-01-19,44.0,-0.20000000000000284,-0.45%,,,,,,,,,ShowDailyK_ChartFlow,FinMind_API_TaiwanStockPrice_3029,True,2026-09-24T07:10:28,2026-09-24T07:10:28,2026-09-24T07:10:28
3029,零壹,2022-01-20,44.1,0.10000000000000142,0.23%,,,,,,,,,ShowDailyK_ChartFlow,FinMind_API_TaiwanStockPrice_3029,True,2026-09-24T07:10:28,2026-09-24T07:10:28,2026-09-24T07:10:28
3029,零壹,2022-01-21,43.5,-0.6000000000000014,-1.36%,,,,,,,,,ShowDailyK_ChartFlow,FinMind_API_TaiwanStockPrice_3029,True,2026-09-24T07:10:28,2026-09-24T07:10:28,2026-09-24T07:10:28
3029,零壹,2022-01-24,43.2,-0.29999999999999716,-0.69%,,,,,,,,,ShowDailyK_ChartFlow,FinMind_API_TaiwanStockPrice_3029,True,2026-09-24T07:10:28,2026-09-24T07:10:28,2026-09-24T07:10:28
3029,零壹,2022-01-25,43.0,-0.20000000000000284,-0.46%,,,,,,,,,ShowDailyK_ChartFlow,FinMind_API_TaiwanStockPrice_3029,True,2026-09-24T07:10:28,2026-09-24T07:10:28,2026-09-24T07:10:28
3029,零壹,2022-01-26,43.1,0.10000000000000142,0.23%,,,,,,,,,ShowDailyK_ChartFlow,FinMind_API_TaiwanStockPrice_3029,True,2026-09-24T07:10:28,2026-09-24T07:10:28,2026-09-24T07:10:28
3029,零壹,2022-02-07,43.9,0.7999999999999972,1.86%,,,,,,,,,ShowDailyK_ChartFlow,FinMind_API_TaiwanStockPrice_3029,True,2026-09-24T07:10:28,2026-09-24T07:10:28,2026-09-24T07:10:28
3029,零壹,2022-02-08,44.5,0.6000000000000014,1.37%,,,,,,,,,ShowDailyK_ChartFlow,FinMind_API_TaiwanStockPrice_3029,True,2026-09-24T07:10:28,2026-09-24T07:10:28,2026-09-24T07:10:28
3029,零壹,2022-02-09,44.55,0.04999999999999716,0.11%,,,,,,,,,ShowDailyK_ChartFlow,FinMind_API_TaiwanStockPrice_3029,True,2026-09-24T07:10:28,2026-09-24T07:10:28,2026-09-24T07:10:28
3029,零壹,2022-02-10,44.05,-0.5,-1.12%,,,,,,,,,ShowDailyK_ChartFlow,FinMind_API_TaiwanStockPrice_3029,True,2026-09-24T07:10:28,2026-09-24T07:10:28,2026-09-24T07:10:28
3029,零壹,2022-02-11,44.05,0.0,0.00%,,,,,,,,,ShowDailyK_ChartFlow,FinMind_API_TaiwanStockPrice_3029,True,2026-09-24T07:10:28,2026-09-24T07:10:28,2026-09-24T07:10:28
3029,零壹,2022-02-14,43.6,-0.44999999999999574,-1.02%,,,,,,,,,ShowDailyK_ChartFlow,FinMind_API_TaiwanStockPrice_3029,True,2026-09-24T07:10:28,2026-09-24T07:10:28,2026-09-24T07:10:28
3029,零壹,2022-02-15,43.6,0.0,0.00%,,,,,,,,,ShowDailyK_ChartFlow,FinMind_API_TaiwanStockPrice_3029,True,2026-09-24T07:10:28,2026-09-24T07:10:28,2026-09-24T07:10:28
3029,零壹,2022-02-16,44.0,0.3999999999999986,0.92%,,,,,,,,,ShowDailyK_ChartFlow,FinMind_API_TaiwanStockPrice_3029,True,2026-09-24T07:10:28,2026-09-24T07:10:28,2026-09-24T07:10:28
3029,零壹,2022-02-17,43.9,-0.10000000000000142,-0.23%,,,,,,,,,ShowDailyK_ChartFlow,FinMind_API_TaiwanStockPrice_3029,True,2026-09-24T07:10:28,2026-09-24T07:10:28,2026-09-24T07:10:28
3029,零壹,2022-02-18,44.05,0.14999999999999858,0.34%,,,,,,,,,ShowDailyK_ChartFlow,FinMind_API_TaiwanStockPrice_3029,True,2026-09-24T07:10:28,2026-09-24T07:10:28,2026-09-24T07:10:28
3029,零壹,2022-02-21,44.35,0.30000000000000426,0.68%,,,,,,,,,ShowDailyK_ChartFlow,FinMind_API_TaiwanStockPrice_3029,True,2026-09-24T07:10:28,2026-09-24T07:10:28,2026-09-24T07:10:28
3029,零壹,2022-02-22,44.05,-0.30000000000000426,-0.68%,,,,,,,,,ShowDailyK_ChartFlow,FinMind_API_TaiwanStockPrice_3029,True,2026-09-24T07:10:28,2026-09-24T07:10:28,2026-09-24T07:10:28
3029,零壹,2022-02-23,44.45,0.4000000000000057,0.91%,,,,,,,,,ShowDailyK_ChartFlow,FinMind_API_TaiwanStockPrice_3029,True,2026-09-24T07:10:28,2026-09-24T07:10:28,2026-09-24T07:10:28
3029,零壹,2022-02-24,46.15,1.6999999999999957,3.82%,,,,,,,,,ShowDailyK_ChartFlow,FinMind_API_TaiwanStockPrice_3029,True,2026-09-24T07:10:28,2026-09-24T07:10:28,2026-09-24T07:10:28
3029,零壹,2022-02-25,47.75,1.6000000000000014,3.47%,,,,,,,,,ShowDailyK_ChartFlow,FinMind_API_TaiwanStockPrice_3029,True,2026-09-24T07:10:28,2026-09-24T07:10:28,2026-09-24T07:10:28
3029,零壹,2022-03-01,48.05,0.29999999999999716,0.63%,,,,,,,,,ShowDailyK_ChartFlow,FinMind_API_TaiwanStockPrice_3029,True,2026-09-24T07:10:28,2026-09-24T07:10:28,2026-09-24T07:10:28
3029,零壹,2022-03-02,48.4,0.3500000000000014,0.73%,,,,,,,,,ShowDailyK_ChartFlow,FinMind_API_TaiwanStockPrice_3029,True,2026-09-24T07:10:28,2026-09-24T07:10:28,2026-09-24T07:10:28
3029,零壹,2022-03-03,48.85,0.45000000000000284,0.93%,,,,,,,,,ShowDailyK_ChartFlow,FinMind_API_TaiwanStockPrice_3029,True,2026-09-24T07:10:28,2026-09-24T07:10:28,2026-09-24T07:10:28
3029,零壹,2022-03-04,48.75,-0.10000000000000142,-0.20%,,,,,,,,,ShowDailyK_ChartFlow,FinMind_API_TaiwanStockPrice_3029,True,2026-09-24T07:10:28,2026-09-24T07:10:28,2026-09-24T07:10:28
3029,零壹,2022-03-07,48.15,-0.6000000000000014,-1.23%,,,,,,,,,ShowDailyK_ChartFlow,FinMind_API_TaiwanStockPrice_3029,True,2026-09-24T07:10:28,2026-09-24T07:10:28,2026-09-24T07:10:28
3029,零壹,2022-03-08,47.7,-0.44999999999999574,-0.93%,,,,,,,,,ShowDailyK_ChartFlow,FinMind_API_TaiwanStockPrice_3029,True,2026-09-24T07:10:28,2026-09-24T07:10:28,2026-09-24T07:10:28
3029,零壹,2022-03-09,49.1,1.3999999999999986,2.94%,,,,,,,,,ShowDailyK_ChartFlow,FinMind_API_TaiwanStockPrice_3029,True,2026-09-24T07:10:28,2026-09-24T07:10:28,2026-09-24T07:10:28
3029,零壹,2022-03-10,49.5,0.3999999999999986,0.81%,,,,,,,,,ShowDailyK_ChartFlow,FinMind_API_TaiwanStockPrice_3029,True,2026-09-24T07:10:28,2026-09-24T07:10:28,2026-09-24T07:10:28
3029,零壹,2022-03-11,49.3,-0.20000000000000284,-0.40%,,,,,,,,,ShowDailyK_ChartFlow,FinMind_API_TaiwanStockPrice_3029,True,2026-09-24T07:10:28,2026-09-24T07:10:28,2026-09-24T07:10:28
3029,零壹,2022-03-14,49.45,0.15000000000000568,0.30%,,,,,,,,,ShowDailyK_ChartFlow,FinMind_API_TaiwanStockPrice_3029,True,2026-09-24T07:10:28,2026-09-24T07:10:28,2026-09-24T07:10:28
3029,零壹,2022-03-15,48.8,-0.6500000000000057,-1.31%,,,,,,,,,ShowDailyK_ChartFlow,FinMind_API_TaiwanStockPrice_3029,True,2026-09-24T07:10:28,2026-09-24T07:10:28,2026-09-24T07:10:28
3029,零壹,2022-03-16,44.1,-4.699999999999996,-9.63%,,,,,,,,,ShowDailyK_ChartFlow,FinMind_API_TaiwanStockPrice_3029,True,2026-09-24T07:10:28,2026-09-24T07:10:28,2026-09-24T07:10:28
3029,零壹,2022-03-17,44.85,0.75,1.70%,,,,,,,,,ShowDailyK_ChartFlow,FinMind_API_TaiwanStockPrice_3029,True,2026-09-24T07:10:28,2026-09-24T07:10:28,2026-09-24T07:10:28
3029,零壹,2022-03-18,45.1,0.25,0.56%,,,,,,,,,ShowDailyK_ChartFlow,FinMind_API_TaiwanStockPrice_3029,True,2026-09-24T07:10:28,2026-09-24T07:10:28,2026-09-24T07:10:28
3029,零壹,2022-03-21,45.15,0.04999999999999716,0.11%,,,,,,,,,ShowDailyK_ChartFlow,FinMind_API_TaiwanStockPrice_3029,True,2026-09-24T07:10:28,2026-09-24T07:10:28,2026-09-24T07:10:28
3029,零壹,2022-03-22,44.95,-0.19999999999999574,-0.44%,,,,,,,,,ShowDailyK_ChartFlow,FinMind_API_TaiwanStockPrice_3029,True,2026-09-24T07:10:28,2026-09-24T07:10:28,2026-09-24T07:10:28
3029,零壹,2022-03-23,44.85,-0.10000000000000142,-0.22%,,,,,,,,,ShowDailyK_ChartFlow,FinMind_API_TaiwanStockPrice_3029,True,2026-09-24T07:10:28,2026-09-24T07:10:28,2026-09-24T07:10:28
3029,零壹,2022-03-24,44.9,0.04999999999999716,0.11%,,,,,,,,,ShowDailyK_ChartFlow,FinMind_API_TaiwanStockPrice_3029,True,2026-09-24T07:10:28,2026-09-24T07:10:28,2026-09-24T07:10:28
3029,零壹,2022-03-25,45.5,0.6000000000000014,1.34%,,,,,,,,,ShowDailyK_ChartFlow,FinMind_API_TaiwanStockPrice_3029,True,2026-09-24T07:10:28,2026-09-24T07:10:28,2026-09-24T07:10:28
3029,零壹,2022-03-28,45.4,-0.10000000000000142,-0.22%,,,,,,,,,ShowDailyK_ChartFlow,FinMind_API_TaiwanStockPrice_3029,True,2026-09-24T07:10:28,2026-09-24T07:10:28,2026-09-24T07:10:28
3029,零壹,2022-03-29,44.85,-0.5499999999999972,-1.21%,,,,,,,,,ShowDailyK_ChartFlow,FinMind_API_TaiwanStockPrice_3029,True,2026-09-24T07:10:28,2026-09-24T07:10:28,2026-09-24T07:10:28
3029,零壹,2022-03-30,44.85,0.0,0.00%,,,,,,,,,ShowDailyK_ChartFlow,FinMind_API_TaiwanStockPrice_3029,True,2026-09-24T07:10:28,2026-09-24T07:10:28,2026-09-24T07:10:28
3029,零壹,2022-03-31,44.55,-0.30000000000000426,-0.67%,,,,,,,,,ShowDailyK_ChartFlow,FinMind_API_TaiwanStockPrice_3029,True,2026-09-24T07:10:28,2026-09-24T07:10:28,2026-09-24T07:10:28
3029,零壹,2022-04-01,44.6,0.05000000000000426,0.11%,,,,,,,,,ShowDailyK_ChartFlow,FinMind_API_TaiwanStockPrice_3029,True,2026-09-24T07:10:28,2026-09-24T07:10:28,2026-09-24T07:10:28
3029,零壹,2022-04-06,45.0,0.3999999999999986,0.90%,,,,,,,,,ShowDailyK_ChartFlow,FinMind_API_TaiwanStockPrice_3029,True,2026-09-24T07:10:28,2026-09-24T07:10:28,2026-09-24T07:10:28
3029,零壹,2022-04-07,44.15,-0.8500000000000014,-1.89%,,,,,,,,,ShowDailyK_ChartFlow,FinMind_API_TaiwanStockPrice_3029,True,2026-09-24T07:10:28,2026-09-24T07:10:28,2026-09-24T07:10:28
3029,零壹,2022-04-08,44.25,0.10000000000000142,0.23%,,,,,,,,,ShowDailyK_ChartFlow,FinMind_API_TaiwanStockPrice_3029,True,2026-09-24T07:10:28,2026-09-24T07:10:28,2026-09-24T07:10:28
3029,零壹,2022-04-11,43.2,-1.0499999999999972,-2.37%,,,,,,,,,ShowDailyK_ChartFlow,FinMind_API_TaiwanStockPrice_3029,True,2026-09-24T07:10:28,2026-09-24T07:10:28,2026-09-24T07:10:28
3029,零壹,2022-04-12,43.1,-0.10000000000000142,-0.23%,,,,,,,,,ShowDailyK_ChartFlow,FinMind_API_TaiwanStockPrice_3029,True,2026-09-24T07:10:28,2026-09-24T07:10:28,2026-09-24T07:10:28
3029,零壹,2022-04-13,43.3,0.19999999999999574,0.46%,,,,,,,,,ShowDailyK_ChartFlow,FinMind_API_TaiwanStockPrice_3029,True,2026-09-24T07:10:28,2026-09-24T07:10:28,2026-09-24T07:10:28
3029,零壹,2022-04-14,43.1,-0.19999999999999574,-0.46%,,,,,,,,,ShowDailyK_ChartFlow,FinMind_API_TaiwanStockPrice_3029,True,2026-09-24T07:10:28,2026-09-24T07:10:28,2026-09-24T07:10:28
3029,零壹,2022-04-15,42.95,-0.14999999999999858,-0.35%,,,,,,,,,ShowDailyK_ChartFlow,FinMind_API_TaiwanStockPrice_3029,True,2026-09-24T07:10:28,2026-09-24T07:10:28,2026-09-24T07:10:28
3029,零壹,2022-04-18,42.75,-0.20000000000000284,-0.47%,,,,,,,,,ShowDailyK_ChartFlow,FinMind_API_TaiwanStockPrice_3029,True,2026-09-24T07:10:28,2026-09-24T07:10:28,2026-09-24T07:10:28
3029,零壹,2022-04-19,43.05,0.29999999999999716,0.70%,,,,,,,,,ShowDailyK_ChartFlow,FinMind_API_TaiwanStockPrice_3029,True,2026-09-24T07:10:28,2026-09-24T07:10:28,2026-09-24T07:10:28
3029,零壹,2022-04-20,42.9,-0.14999999999999858,-0.35%,,,,,,,,,ShowDailyK_ChartFlow,FinMind_API_TaiwanStockPrice_3029,True,2026-09-24T07:10:28,2026-09-24T07:10:28,2026-09-24T07:10:28
3029,零壹,2022-04-21,43.15,0.25,0.58%,,,,,,,,,ShowDailyK_ChartFlow,FinMind_API_TaiwanStockPrice_3029,True,2026-09-24T07:10:28,2026-09-24T07:10:28,2026-09-24T07:10:28
3029,零壹,2022-04-22,42.9,-0.25,-0.58%,,,,,,,,,ShowDailyK_ChartFlow,FinMind_API_TaiwanStockPrice_3029,True,2026-09-24T07:10:28,2026-09-24T07:10:28,2026-09-24T07:10:28
3029,零壹,2022-04-25,42.1,-0.7999999999999972,-1.86%,,,,,,,,,ShowDailyK_ChartFlow,FinMind_API_TaiwanStockPrice_3029,True,2026-09-24T07:10:28,2026-09-24T07:10:28,2026-09-24T07:10:28
3029,零壹,2022-04-26,42.1,0.0,0.00%,,,,,,,,,ShowDailyK_ChartFlow,FinMind_API_TaiwanStockPrice_3029,True,2026-09-24T07:10:28,2026-09-24T07:10:28,2026-09-24T07:10:28
3029,零壹,2022-04-27,41.25,-0.8500000000000014,-2.02%,,,,,,,,,ShowDailyK_ChartFlow,FinMind_API_TaiwanStockPrice_3029,True,2026-09-24T07:10:28,2026-09-24T07:10:28,2026-09-24T07:10:28
3029,零壹,2022-04-28,41.55,0.29999999999999716,0.73%,,,,,,,,,ShowDailyK_ChartFlow,FinMind_API_TaiwanStockPrice_3029,True,2026-09-24T07:10:28,2026-09-24T07:10:28,2026-09-24T07:10:28
3029,零壹,2022-04-29,41.65,0.10000000000000142,0.24%,,,,,,,,,ShowDailyK_ChartFlow,FinMind_API_TaiwanStockPrice_3029,True,2026-09-24T07:10:28,2026-09-24T07:10:28,2026-09-24T07:10:28
3029,零壹,2022-05-03,41.35,-0.29999999999999716,-0.72%,,,,,,,,,ShowDailyK_ChartFlow,FinMind_API_TaiwanStockPrice_3029,True,2026-09-24T07:10:28,2026-09-24T07:10:28,2026-09-24T07:10:28
3029,零壹,2022-05-04,41.9,0.5499999999999972,1.33%,,,,,,,,,ShowDailyK_ChartFlow,FinMind_API_TaiwanStockPrice_3029,True,2026-09-24T07:10:28,2026-09-24T07:10:28,2026-09-24T07:10:28
3029,零壹,2022-05-05,42.3,0.3999999999999986,0.95%,,,,,,,,,ShowDailyK_ChartFlow,FinMind_API_TaiwanStockPrice_3029,True,2026-09-24T07:10:28,2026-09-24T07:10:28,2026-09-24T07:10:28
3029,零壹,2022-05-06,42.3,0.0,0.00%,,,,,,,,,ShowDailyK_ChartFlow,FinMind_API_TaiwanStockPrice_3029,True,2026-09-24T07:10:28,2026-09-24T07:10:28,2026-09-24T07:10:28
3029,零壹,2022-05-09,41.65,-0.6499999999999986,-1.54%,,,,,,,,,ShowDailyK_ChartFlow,FinMind_API_TaiwanStockPrice_3029,True,2026-09-24T07:10:28,2026-09-24T07:10:28,2026-09-24T07:10:28
3029,零壹,2022-05-10,41.9,0.25,0.60%,,,,,,,,,ShowDailyK_ChartFlow,FinMind_API_TaiwanStockPrice_3029,True,2026-09-24T07:10:28,2026-09-24T07:10:28,2026-09-24T07:10:28
3029,零壹,2022-05-11,41.35,-0.5499999999999972,-1.31%,,,,,,,,,ShowDailyK_ChartFlow,FinMind_API_TaiwanStockPrice_3029,True,2026-09-24T07:10:28,2026-09-24T07:10:28,2026-09-24T07:10:28
3029,零壹,2022-05-12,40.55,-0.8000000000000043,-1.93%,,,,,,,,,ShowDailyK_ChartFlow,FinMind_API_TaiwanStockPrice_3029,True,2026-09-24T07:10:28,2026-09-24T07:10:28,2026-09-24T07:10:28
3029,零壹,2022-05-13,40.85,0.30000000000000426,0.74%,,,,,,,,,ShowDailyK_ChartFlow,FinMind_API_TaiwanStockPrice_3029,True,2026-09-24T07:10:28,2026-09-24T07:10:28,2026-09-24T07:10:28
3029,零壹,2022-05-16,41.0,0.14999999999999858,0.37%,,,,,,,,,ShowDailyK_ChartFlow,FinMind_API_TaiwanStockPrice_3029,True,2026-09-24T07:10:28,2026-09-24T07:10:28,2026-09-24T07:10:28
3029,零壹,2022-05-17,41.6,0.6000000000000014,1.46%,,,,,,,,,ShowDailyK_ChartFlow,FinMind_API_TaiwanStockPrice_3029,True,2026-09-24T07:10:28,2026-09-24T07:10:28,2026-09-24T07:10:28
3029,零壹,2022-05-18,42.0,0.3999999999999986,0.96%,,,,,,,,,ShowDailyK_ChartFlow,FinMind_API_TaiwanStockPrice_3029,True,2026-09-24T07:10:28,2026-09-24T07:10:28,2026-09-24T07:10:28
3029,零壹,2022-05-19,41.35,-0.6499999999999986,-1.55%,,,,,,,,,ShowDailyK_ChartFlow,FinMind_API_TaiwanStockPrice_3029,True,2026-09-24T07:10:28,2026-09-24T07:10:28,2026-09-24T07:10:28
3029,零壹,2022-05-20,41.8,0.44999999999999574,1.09%,,,,,,,,,ShowDailyK_ChartFlow,FinMind_API_TaiwanStockPrice_3029,True,2026-09-24T07:10:28,2026-09-24T07:10:28,2026-09-24T07:10:28
3029,零壹,2022-05-23,41.8,0.0,0.00%,,,,,,,,,ShowDailyK_ChartFlow,FinMind_API_TaiwanStockPrice_3029,True,2026-09-24T07:10:28,2026-09-24T07:10:28,2026-09-24T07:10:28
3029,零壹,2022-05-24,41.3,-0.5,-1.20%,,,,,,,,,ShowDailyK_ChartFlow,FinMind_API_TaiwanStockPrice_3029,True,2026-09-24T07:10:28,2026-09-24T07:10:28,2026-09-24T07:10:28
3029,零壹,2022-05-25,41.3,0.0,0.00%,,,,,,,,,ShowDailyK_ChartFlow,FinMind_API_TaiwanStockPrice_3029,True,2026-09-24T07:10:28,2026-09-24T07:10:28,2026-09-24T07:10:28
3029,零壹,2022-05-26,41.4,0.10000000000000142,0.24%,,,,,,,,,ShowDailyK_ChartFlow,FinMind_API_TaiwanStockPrice_3029,True,2026-09-24T07:10:28,2026-09-24T07:10:28,2026-09-24T07:10:28
3029,零壹,2022-05-27,41.35,-0.04999999999999716,-0.12%,,,,,,,,,ShowDailyK_ChartFlow,FinMind_API_TaiwanStockPrice_3029,True,2026-09-24T07:10:28,2026-09-24T07:10:28,2026-09-24T07:10:28
3029,零壹,2022-05-30,41.55,0.19999999999999574,0.48%,,,,,,,,,ShowDailyK_ChartFlow,FinMind_API_TaiwanStockPrice_3029,True,2026-09-24T07:10:28,2026-09-24T07:10:28,2026-09-24T07:10:28
3029,零壹,2022-05-31,41.65,0.10000000000000142,0.24%,,,,,,,,,ShowDailyK_ChartFlow,FinMind_API_TaiwanStockPrice_3029,True,2026-09-24T07:10:28,2026-09-24T07:10:28,2026-09-24T07:10:28
3029,零壹,2022-06-01,42.0,0.3500000000000014,0.84%,,,,,,,,,ShowDailyK_ChartFlow,FinMind_API_TaiwanStockPrice_3029,True,2026-09-24T07:10:28,2026-09-24T07:10:28,2026-09-24T07:10:28
3029,零壹,2022-06-02,41.8,-0.20000000000000284,-0.48%,,,,,,,,,ShowDailyK_ChartFlow,FinMind_API_TaiwanStockPrice_3029,True,2026-09-24T07:10:28,2026-09-24T07:10:28,2026-09-24T07:10:28
3029,零壹,2022-06-06,41.65,-0.14999999999999858,-0.36%,,,,,,,,,ShowDailyK_ChartFlow,FinMind_API_TaiwanStockPrice_3029,True,2026-09-24T07:10:28,2026-09-24T07:10:28,2026-09-24T07:10:28
3029,零壹,2022-06-07,41.5,-0.14999999999999858,-0.36%,,,,,,,,,ShowDailyK_ChartFlow,FinMind_API_TaiwanStockPrice_3029,True,2026-09-24T07:10:28,2026-09-24T07:10:28,2026-09-24T07:10:28
3029,零壹,2022-06-08,41.45,-0.04999999999999716,-0.12%,,,,,,,,,ShowDailyK_ChartFlow,FinMind_API_TaiwanStockPrice_3029,True,2026-09-24T07:10:28,2026-09-24T07:10:28,2026-09-24T07:10:28
3029,零壹,2022-06-09,41.4,-0.05000000000000426,-0.12%,,,,,,,,,ShowDailyK_ChartFlow,FinMind_API_TaiwanStockPrice_3029,True,2026-09-24T07:10:28,2026-09-24T07:10:28,2026-09-24T07:10:28
3029,零壹,2022-06-10,41.3,-0.10000000000000142,-0.24%,,,,,,,,,ShowDailyK_ChartFlow,FinMind_API_TaiwanStockPrice_3029,True,2026-09-24T07:10:28,2026-09-24T07:10:28,2026-09-24T07:10:28
3029,零壹,2022-06-13,40.9,-0.3999999999999986,-0.97%,,,,,,,,,ShowDailyK_ChartFlow,FinMind_API_TaiwanStockPrice_3029,True,2026-09-24T07:10:28,2026-09-24T07:10:28,2026-09-24T07:10:28
3029,零壹,2022-06-14,40.85,-0.04999999999999716,-0.12%,,,,,,,,,ShowDailyK_ChartFlow,FinMind_API_TaiwanStockPrice_3029,True,2026-09-24T07:10:28,2026-09-24T07:10:28,2026-09-24T07:10:28
3029,零壹,2022-06-15,41.15,0.29999999999999716,0.73%,,,,,,,,,ShowDailyK_ChartFlow,FinMind_API_TaiwanStockPrice_3029,True,2026-09-24T07:10:28,2026-09-24T07:10:28,2026-09-24T07:10:28
3029,零壹,2022-06-16,40.6,-0.5499999999999972,-1.34%,,,,,,,,,ShowDailyK_ChartFlow,FinMind_API_TaiwanStockPrice_3029,True,2026-09-24T07:10:28,2026-09-24T07:10:28,2026-09-24T07:10:28
3029,零壹,2022-06-17,40.2,-0.3999999999999986,-0.99%,,,,,,,,,ShowDailyK_ChartFlow,FinMind_API_TaiwanStockPrice_3029,True,2026-09-24T07:10:28,2026-09-24T07:10:28,2026-09-24T07:10:28
3029,零壹,2022-06-20,39.55,-0.6500000000000057,-1.62%,,,,,,,,,ShowDailyK_ChartFlow,FinMind_API_TaiwanStockPrice_3029,True,2026-09-24T07:10:28,2026-09-24T07:10:28,2026-09-24T07:10:28
3029,零壹,2022-06-21,39.95,0.4000000000000057,1.01%,,,,,,,,,ShowDailyK_ChartFlow,FinMind_API_TaiwanStockPrice_3029,True,2026-09-24T07:10:28,2026-09-24T07:10:28,2026-09-24T07:10:28
3029,零壹,2022-06-22,39.4,-0.5500000000000043,-1.38%,,,,,,,,,ShowDailyK_ChartFlow,FinMind_API_TaiwanStockPrice_3029,True,2026-09-24T07:10:28,2026-09-24T07:10:28,2026-09-24T07:10:28
3029,零壹,2022-06-23,39.4,0.0,0.00%,,,,,,,,,ShowDailyK_ChartFlow,FinMind_API_TaiwanStockPrice_3029,True,2026-09-24T07:10:28,2026-09-24T07:10:28,2026-09-24T07:10:28
3029,零壹,2022-06-24,39.7,0.30000000000000426,0.76%,,,,,,,,,ShowDailyK_ChartFlow,FinMind_API_TaiwanStockPrice_3029,True,2026-09-24T07:10:28,2026-09-24T07:10:28,2026-09-24T07:10:28
3029,零壹,2022-06-27,39.95,0.25,0.63%,,,,,,,,,ShowDailyK_ChartFlow,FinMind_API_TaiwanStockPrice_3029,True,2026-09-24T07:10:28,2026-09-24T07:10:28,2026-09-24T07:10:28
3029,零壹,2022-06-28,39.8,-0.15000000000000568,-0.38%,,,,,,,,,ShowDailyK_ChartFlow,FinMind_API_TaiwanStockPrice_3029,True,2026-09-24T07:10:28,2026-09-24T07:10:28,2026-09-24T07:10:28
3029,零壹,2022-06-29,39.65,-0.14999999999999858,-0.38%,,,,,,,,,ShowDailyK_ChartFlow,FinMind_API_TaiwanStockPrice_3029,True,2026-09-24T07:10:28,2026-09-24T07:10:28,2026-09-24T07:10:28
3029,零壹,2022-06-30,38.9,-0.75,-1.89%,,,,,,,,,ShowDailyK_ChartFlow,FinMind_API_TaiwanStockPrice_3029,True,2026-09-24T07:10:28,2026-09-24T07:10:28,2026-09-24T07:10:28
3029,零壹,2022-07-01,37.55,-1.3500000000000014,-3.47%,,,,,,,,,ShowDailyK_ChartFlow,FinMind_API_TaiwanStockPrice_3029,True,2026-09-24T07:10:28,2026-09-24T07:10:28,2026-09-24T07:10:28
3029,零壹,2022-07-04,37.8,0.25,0.67%,,,,,,,,,ShowDailyK_ChartFlow,FinMind_API_TaiwanStockPrice_3029,True,2026-09-24T07:10:28,2026-09-24T07:10:28,2026-09-24T07:10:28
3029,零壹,2022-07-05,37.95,0.15000000000000568,0.40%,,,,,,,,,ShowDailyK_ChartFlow,FinMind_API_TaiwanStockPrice_3029,True,2026-09-24T07:10:28,2026-09-24T07:10:28,2026-09-24T07:10:28
3029,零壹,2022-07-06,37.3,-0.6500000000000057,-1.71%,,,,,,,,,ShowDailyK_ChartFlow,FinMind_API_TaiwanStockPrice_3029,True,2026-09-24T07:10:28,2026-09-24T07:10:28,2026-09-24T07:10:28
3029,零壹,2022-07-07,38.45,1.1500000000000057,3.08%,,,,,,,,,ShowDailyK_ChartFlow,FinMind_API_TaiwanStockPrice_3029,True,2026-09-24T07:10:28,2026-09-24T07:10:28,2026-09-24T07:10:28
3029,零壹,2022-07-08,39.1,0.6499999999999986,1.69%,,,,,,,,,ShowDailyK_ChartFlow,FinMind_API_TaiwanStockPrice_3029,True,2026-09-24T07:10:28,2026-09-24T07:10:28,2026-09-24T07:10:28
3029,零壹,2022-07-11,39.0,-0.10000000000000142,-0.26%,,,,,,,,,ShowDailyK_ChartFlow,FinMind_API_TaiwanStockPrice_3029,True,2026-09-24T07:10:28,2026-09-24T07:10:28,2026-09-24T07:10:28
3029,零壹,2022-07-12,38.2,-0.7999999999999972,-2.05%,,,,,,,,,ShowDailyK_ChartFlow,FinMind_API_TaiwanStockPrice_3029,True,2026-09-24T07:10:28,2026-09-24T07:10:28,2026-09-24T07:10:28
3029,零壹,2022-07-13,38.55,0.3499999999999943,0.92%,,,,,,,,,ShowDailyK_ChartFlow,FinMind_API_TaiwanStockPrice_3029,True,2026-09-24T07:10:28,2026-09-24T07:10:28,2026-09-24T07:10:28
3029,零壹,2022-07-14,38.4,-0.14999999999999858,-0.39%,,,,,,,,,ShowDailyK_ChartFlow,FinMind_API_TaiwanStockPrice_3029,True,2026-09-24T07:10:28,2026-09-24T07:10:28,2026-09-24T07:10:28
3029,零壹,2022-07-15,38.6,0.20000000000000284,0.52%,,,,,,,,,ShowDailyK_ChartFlow,FinMind_API_TaiwanStockPrice_3029,True,2026-09-24T07:10:28,2026-09-24T07:10:28,2026-09-24T07:10:28
3029,零壹,2022-07-18,39.3,0.6999999999999957,1.81%,,,,,,,,,ShowDailyK_ChartFlow,FinMind_API_TaiwanStockPrice_3029,True,2026-09-24T07:10:28,2026-09-24T07:10:28,2026-09-24T07:10:28
3029,零壹,2022-07-19,39.15,-0.14999999999999858,-0.38%,,,,,,,,,ShowDailyK_ChartFlow,FinMind_API_TaiwanStockPrice_3029,True,2026-09-24T07:10:28,2026-09-24T07:10:28,2026-09-24T07:10:28
3029,零壹,2022-07-20,39.15,0.0,0.00%,,,,,,,,,ShowDailyK_ChartFlow,FinMind_API_TaiwanStockPrice_3029,True,2026-09-24T07:10:28,2026-09-24T07:10:28,2026-09-24T07:10:28
3029,零壹,2022-07-21,39.5,0.3500000000000014,0.89%,,,,,,,,,ShowDailyK_ChartFlow,FinMind_API_TaiwanStockPrice_3029,True,2026-09-24T07:10:28,2026-09-24T07:10:28,2026-09-24T07:10:28
3029,零壹,2022-07-22,39.8,0.29999999999999716,0.76%,,,,,,,,,ShowDailyK_ChartFlow,FinMind_API_TaiwanStockPrice_3029,True,2026-09-24T07:10:28,2026-09-24T07:10:28,2026-09-24T07:10:28
3029,零壹,2022-07-25,39.7,-0.09999999999999432,-0.25%,,,,,,,,,ShowDailyK_ChartFlow,FinMind_API_TaiwanStockPrice_3029,True,2026-09-24T07:10:28,2026-09-24T07:10:28,2026-09-24T07:10:28
3029,零壹,2022-07-26,39.4,-0.30000000000000426,-0.76%,,,,,,,,,ShowDailyK_ChartFlow,FinMind_API_TaiwanStockPrice_3029,True,2026-09-24T07:10:28,2026-09-24T07:10:28,2026-09-24T07:10:28
3029,零壹,2022-07-27,38.95,-0.44999999999999574,-1.14%,,,,,,,,,ShowDailyK_ChartFlow,FinMind_API_TaiwanStockPrice_3029,True,2026-09-24T07:10:28,2026-09-24T07:10:28,2026-09-24T07:10:28
3029,零壹,2022-07-28,38.9,-0.05000000000000426,-0.13%,,,,,,,,,ShowDailyK_ChartFlow,FinMind_API_TaiwanStockPrice_3029,True,2026-09-24T07:10:28,2026-09-24T07:10:28,2026-09-24T07:10:28
3029,零壹,2022-07-29,39.2,0.30000000000000426,0.77%,,,,,,,,,ShowDailyK_ChartFlow,FinMind_API_TaiwanStockPrice_3029,True,2026-09-24T07:10:28,2026-09-24T07:10:28,2026-09-24T07:10:28
3029,零壹,2022-08-01,39.15,-0.05000000000000426,-0.13%,,,,,,,,,ShowDailyK_ChartFlow,FinMind_API_TaiwanStockPrice_3029,True,2026-09-24T07:10:28,2026-09-24T07:10:28,2026-09-24T07:10:28
3029,零壹,2022-08-02,39.15,0.0,0.00%,,,,,,,,,ShowDailyK_ChartFlow,FinMind_API_TaiwanStockPrice_3029,True,2026-09-24T07:10:28,2026-09-24T07:10:28,2026-09-24T07:10:28
3029,零壹,2022-08-03,39.15,0.0,0.00%,,,,,,,,,ShowDailyK_ChartFlow,FinMind_API_TaiwanStockPrice_3029,True,2026-09-24T07:10:28,2026-09-24T07:10:28,2026-09-24T07:10:28
3029,零壹,2022-08-04,40.6,1.4500000000000028,3.70%,,,,,,,,,ShowDailyK_ChartFlow,FinMind_API_TaiwanStockPrice_3029,True,2026-09-24T07:10:28,2026-09-24T07:10:28,2026-09-24T07:10:28
3029,零壹,2022-08-05,40.7,0.10000000000000142,0.25%,,,,,,,,,ShowDailyK_ChartFlow,FinMind_API_TaiwanStockPrice_3029,True,2026-09-24T07:10:28,2026-09-24T07:10:28,2026-09-24T07:10:28
3029,零壹,2022-08-08,41.6,0.8999999999999986,2.21%,,,,,,,,,ShowDailyK_ChartFlow,FinMind_API_TaiwanStockPrice_3029,True,2026-09-24T07:10:28,2026-09-24T07:10:28,2026-09-24T07:10:28
3029,零壹,2022-08-09,41.6,0.0,0.00%,,,,,,,,,ShowDailyK_ChartFlow,FinMind_API_TaiwanStockPrice_3029,True,2026-09-24T07:10:28,2026-09-24T07:10:28,2026-09-24T07:10:28
3029,零壹,2022-08-10,41.4,-0.20000000000000284,-0.48%,,,,,,,,,ShowDailyK_ChartFlow,FinMind_API_TaiwanStockPrice_3029,True,2026-09-24T07:10:28,2026-09-24T07:10:28,2026-09-24T07:10:28
3029,零壹,2022-08-11,41.45,0.05000000000000426,0.12%,,,,,,,,,ShowDailyK_ChartFlow,FinMind_API_TaiwanStockPrice_3029,True,2026-09-24T07:10:28,2026-09-24T07:10:28,2026-09-24T07:10:28
3029,零壹,2022-08-12,41.45,0.0,0.00%,,,,,,,,,ShowDailyK_ChartFlow,FinMind_API_TaiwanStockPrice_3029,True,2026-09-24T07:10:28,2026-09-24T07:10:28,2026-09-24T07:10:28
3029,零壹,2022-08-15,41.6,0.14999999999999858,0.36%,,,,,,,,,ShowDailyK_ChartFlow,FinMind_API_TaiwanStockPrice_3029,True,2026-09-24T07:10:28,2026-09-24T07:10:28,2026-09-24T07:10:28
3029,零壹,2022-08-16,41.75,0.14999999999999858,0.36%,,,,,,,,,ShowDailyK_ChartFlow,FinMind_API_TaiwanStockPrice_3029,True,2026-09-24T07:10:28,2026-09-24T07:10:28,2026-09-24T07:10:28
3029,零壹,2022-08-17,41.35,-0.3999999999999986,-0.96%,,,,,,,,,ShowDailyK_ChartFlow,FinMind_API_TaiwanStockPrice_3029,True,2026-09-24T07:10:28,2026-09-24T07:10:28,2026-09-24T07:10:28
3029,零壹,2022-08-18,41.7,0.3500000000000014,0.85%,,,,,,,,,ShowDailyK_ChartFlow,FinMind_API_TaiwanStockPrice_3029,True,2026-09-24T07:10:28,2026-09-24T07:10:28,2026-09-24T07:10:28
3029,零壹,2022-08-19,41.6,-0.10000000000000142,-0.24%,,,,,,,,,ShowDailyK_ChartFlow,FinMind_API_TaiwanStockPrice_3029,True,2026-09-24T07:10:28,2026-09-24T07:10:28,2026-09-24T07:10:28
3029,零壹,2022-08-22,41.3,-0.30000000000000426,-0.72%,,,,,,,,,ShowDailyK_ChartFlow,FinMind_API_TaiwanStockPrice_3029,True,2026-09-24T07:10:28,2026-09-24T07:10:28,2026-09-24T07:10:28
3029,零壹,2022-08-23,41.05,-0.25,-0.61%,,,,,,,,,ShowDailyK_ChartFlow,FinMind_API_TaiwanStockPrice_3029,True,2026-09-24T07:10:28,2026-09-24T07:10:28,2026-09-24T07:10:28
3029,零壹,2022-08-24,41.8,0.75,1.83%,,,,,,,,,ShowDailyK_ChartFlow,FinMind_API_TaiwanStockPrice_3029,True,2026-09-24T07:10:28,2026-09-24T07:10:28,2026-09-24T07:10:28
3029,零壹,2022-08-25,42.05,0.25,0.60%,,,,,,,,,ShowDailyK_ChartFlow,FinMind_API_TaiwanStockPrice_3029,True,2026-09-24T07:10:28,2026-09-24T07:10:28,2026-09-24T07:10:28
3029,零壹,2022-08-26,42.55,0.5,1.19%,,,,,,,,,ShowDailyK_ChartFlow,FinMind_API_TaiwanStockPrice_3029,True,2026-09-24T07:10:28,2026-09-24T07:10:28,2026-09-24T07:10:28
3029,零壹,2022-08-29,41.8,-0.75,-1.76%,,,,,,,,,ShowDailyK_ChartFlow,FinMind_API_TaiwanStockPrice_3029,True,2026-09-24T07:10:28,2026-09-24T07:10:28,2026-09-24T07:10:28
3029,零壹,2022-08-30,42.0,0.20000000000000284,0.48%,,,,,,,,,ShowDailyK_ChartFlow,FinMind_API_TaiwanStockPrice_3029,True,2026-09-24T07:10:28,2026-09-24T07:10:28,2026-09-24T07:10:28
3029,零壹,2022-08-31,42.2,0.20000000000000284,0.48%,,,,,,,,,ShowDailyK_ChartFlow,FinMind_API_TaiwanStockPrice_3029,True,2026-09-24T07:10:28,2026-09-24T07:10:28,2026-09-24T07:10:28
3029,零壹,2022-09-01,41.6,-0.6000000000000014,-1.42%,,,,,,,,,ShowDailyK_ChartFlow,FinMind_API_TaiwanStockPrice_3029,True,2026-09-24T07:10:28,2026-09-24T07:10:28,2026-09-24T07:10:28
3029,零壹,2022-09-02,41.1,-0.5,-1.20%,,,,,,,,,ShowDailyK_ChartFlow,FinMind_API_TaiwanStockPrice_3029,True,2026-09-24T07:10:28,2026-09-24T07:10:28,2026-09-24T07:10:28
3029,零壹,2022-09-05,41.6,0.5,1.22%,,,,,,,,,ShowDailyK_ChartFlow,FinMind_API_TaiwanStockPrice_3029,True,2026-09-24T07:10:28,2026-09-24T07:10:28,2026-09-24T07:10:28
3029,零壹,2022-09-06,40.6,-1.0,-2.40%,,,,,,,,,ShowDailyK_ChartFlow,FinMind_API_TaiwanStockPrice_3029,True,2026-09-24T07:10:28,2026-09-24T07:10:28,2026-09-24T07:10:28
3029,零壹,2022-09-07,40.85,0.25,0.62%,,,,,,,,,ShowDailyK_ChartFlow,FinMind_API_TaiwanStockPrice_3029,True,2026-09-24T07:10:28,2026-09-24T07:10:28,2026-09-24T07:10:28
3029,零壹,2022-09-08,42.05,1.1999999999999957,2.94%,,,,,,,,,ShowDailyK_ChartFlow,FinMind_API_TaiwanStockPrice_3029,True,2026-09-24T07:10:28,2026-09-24T07:10:28,2026-09-24T07:10:28
3029,零壹,2022-09-12,42.0,-0.04999999999999716,-0.12%,,,,,,,,,ShowDailyK_ChartFlow,FinMind_API_TaiwanStockPrice_3029,True,2026-09-24T07:10:28,2026-09-24T07:10:28,2026-09-24T07:10:28
3029,零壹,2022-09-13,41.85,-0.14999999999999858,-0.36%,,,,,,,,,ShowDailyK_ChartFlow,FinMind_API_TaiwanStockPrice_3029,True,2026-09-24T07:10:28,2026-09-24T07:10:28,2026-09-24T07:10:28
3029,零壹,2022-09-14,41.5,-0.3500000000000014,-0.84%,,,,,,,,,ShowDailyK_ChartFlow,FinMind_API_TaiwanStockPrice_3029,True,2026-09-24T07:10:28,2026-09-24T07:10:28,2026-09-24T07:10:28
3029,零壹,2022-09-15,41.75,0.25,0.60%,,,,,,,,,ShowDailyK_ChartFlow,FinMind_API_TaiwanStockPrice_3029,True,2026-09-24T07:10:28,2026-09-24T07:10:28,2026-09-24T07:10:28
3029,零壹,2022-09-16,41.3,-0.45000000000000284,-1.08%,,,,,,,,,ShowDailyK_ChartFlow,FinMind_API_TaiwanStockPrice_3029,True,2026-09-24T07:10:28,2026-09-24T07:10:28,2026-09-24T07:10:28
3029,零壹,2022-09-19,40.9,-0.3999999999999986,-0.97%,,,,,,,,,ShowDailyK_ChartFlow,FinMind_API_TaiwanStockPrice_3029,True,2026-09-24T07:10:28,2026-09-24T07:10:28,2026-09-24T07:10:28
3029,零壹,2022-09-20,40.95,0.05000000000000426,0.12%,,,,,,,,,ShowDailyK_ChartFlow,FinMind_API_TaiwanStockPrice_3029,True,2026-09-24T07:10:28,2026-09-24T07:10:28,2026-09-24T07:10:28
3029,零壹,2022-09-21,40.55,-0.4000000000000057,-0.98%,,,,,,,,,ShowDailyK_ChartFlow,FinMind_API_TaiwanStockPrice_3029,True,2026-09-24T07:10:28,2026-09-24T07:10:28,2026-09-24T07:10:28
3029,零壹,2022-09-22,40.75,0.20000000000000284,0.49%,,,,,,,,,ShowDailyK_ChartFlow,FinMind_API_TaiwanStockPrice_3029,True,2026-09-24T07:10:28,2026-09-24T07:10:28,2026-09-24T07:10:28
3029,零壹,2022-09-23,40.25,-0.5,-1.23%,,,,,,,,,ShowDailyK_ChartFlow,FinMind_API_TaiwanStockPrice_3029,True,2026-09-24T07:10:28,2026-09-24T07:10:28,2026-09-24T07:10:28
3029,零壹,2022-09-26,39.5,-0.75,-1.86%,,,,,,,,,ShowDailyK_ChartFlow,FinMind_API_TaiwanStockPrice_3029,True,2026-09-24T07:10:28,2026-09-24T07:10:28,2026-09-24T07:10:28
3029,零壹,2022-09-27,39.45,-0.04999999999999716,-0.13%,,,,,,,,,ShowDailyK_ChartFlow,FinMind_API_TaiwanStockPrice_3029,True,2026-09-24T07:10:28,2026-09-24T07:10:28,2026-09-24T07:10:28
3029,零壹,2022-09-28,38.65,-0.8000000000000043,-2.03%,,,,,,,,,ShowDailyK_ChartFlow,FinMind_API_TaiwanStockPrice_3029,True,2026-09-24T07:10:28,2026-09-24T07:10:28,2026-09-24T07:10:28
3029,零壹,2022-09-29,39.0,0.3500000000000014,0.91%,,,,,,,,,ShowDailyK_ChartFlow,FinMind_API_TaiwanStockPrice_3029,True,2026-09-24T07:10:28,2026-09-24T07:10:28,2026-09-24T07:10:28
3029,零壹,2022-09-30,38.95,-0.04999999999999716,-0.13%,,,,,,,,,ShowDailyK_ChartFlow,FinMind_API_TaiwanStockPrice_3029,True,2026-09-24T07:10:28,2026-09-24T07:10:28,2026-09-24T07:10:28
3029,零壹,2022-10-03,38.95,0.0,0.00%,,,,,,,,,ShowDailyK_ChartFlow,FinMind_API_TaiwanStockPrice_3029,True,2026-09-24T07:10:28,2026-09-24T07:10:28,2026-09-24T07:10:28
3029,零壹,2022-10-04,39.1,0.14999999999999858,0.39%,,,,,,,,,ShowDailyK_ChartFlow,FinMind_API_TaiwanStockPrice_3029,True,2026-09-24T07:10:28,2026-09-24T07:10:28,2026-09-24T07:10:28
3029,零壹,2022-10-05,39.4,0.29999999999999716,0.77%,,,,,,,,,ShowDailyK_ChartFlow,FinMind_API_TaiwanStockPrice_3029,True,2026-09-24T07:10:28,2026-09-24T07:10:28,2026-09-24T07:10:28
3029,零壹,2022-10-06,39.15,-0.25,-0.63%,,,,,,,,,ShowDailyK_ChartFlow,FinMind_API_TaiwanStockPrice_3029,True,2026-09-24T07:10:28,2026-09-24T07:10:28,2026-09-24T07:10:28
3029,零壹,2022-10-07,38.8,-0.3500000000000014,-0.89%,,,,,,,,,ShowDailyK_ChartFlow,FinMind_API_TaiwanStockPrice_3029,True,2026-09-24T07:10:28,2026-09-24T07:10:28,2026-09-24T07:10:28
3029,零壹,2022-10-11,38.05,-0.75,-1.93%,,,,,,,,,ShowDailyK_ChartFlow,FinMind_API_TaiwanStockPrice_3029,True,2026-09-24T07:10:28,2026-09-24T07:10:28,2026-09-24T07:10:28
3029,零壹,2022-10-12,38.15,0.10000000000000142,0.26%,,,,,,,,,ShowDailyK_ChartFlow,FinMind_API_TaiwanStockPrice_3029,True,2026-09-24T07:10:28,2026-09-24T07:10:28,2026-09-24T07:10:28
3029,零壹,2022-10-13,37.9,-0.25,-0.66%,,,,,,,,,ShowDailyK_ChartFlow,FinMind_API_TaiwanStockPrice_3029,True,2026-09-24T07:10:28,2026-09-24T07:10:28,2026-09-24T07:10:28
3029,零壹,2022-10-14,38.35,0.45000000000000284,1.19%,,,,,,,,,ShowDailyK_ChartFlow,FinMind_API_TaiwanStockPrice_3029,True,2026-09-24T07:10:28,2026-09-24T07:10:28,2026-09-24T07:10:28
3029,零壹,2022-10-17,38.35,0.0,0.00%,,,,,,,,,ShowDailyK_ChartFlow,FinMind_API_TaiwanStockPrice_3029,True,2026-09-24T07:10:28,2026-09-24T07:10:28,2026-09-24T07:10:28
3029,零壹,2022-10-18,38.5,0.14999999999999858,0.39%,,,,,,,,,ShowDailyK_ChartFlow,FinMind_API_TaiwanStockPrice_3029,True,2026-09-24T07:10:28,2026-09-24T07:10:28,2026-09-24T07:10:28
3029,零壹,2022-10-19,38.45,-0.04999999999999716,-0.13%,,,,,,,,,ShowDailyK_ChartFlow,FinMind_API_TaiwanStockPrice_3029,True,2026-09-24T07:10:28,2026-09-24T07:10:28,2026-09-24T07:10:28
3029,零壹,2022-10-20,38.25,-0.20000000000000284,-0.52%,,,,,,,,,ShowDailyK_ChartFlow,FinMind_API_TaiwanStockPrice_3029,True,2026-09-24T07:10:28,2026-09-24T07:10:28,2026-09-24T07:10:28
3029,零壹,2022-10-21,37.95,-0.29999999999999716,-0.78%,,,,,,,,,ShowDailyK_ChartFlow,FinMind_API_TaiwanStockPrice_3029,True,2026-09-24T07:10:28,2026-09-24T07:10:28,2026-09-24T07:10:28
3029,零壹,2022-10-24,37.85,-0.10000000000000142,-0.26%,,,,,,,,,ShowDailyK_ChartFlow,FinMind_API_TaiwanStockPrice_3029,True,2026-09-24T07:10:28,2026-09-24T07:10:28,2026-09-24T07:10:28
3029,零壹,2022-10-25,37.5,-0.3500000000000014,-0.92%,,,,,,,,,ShowDailyK_ChartFlow,FinMind_API_TaiwanStockPrice_3029,True,2026-09-24T07:10:28,2026-09-24T07:10:28,2026-09-24T07:10:28
3029,零壹,2022-10-26,37.4,-0.10000000000000142,-0.27%,,,,,,,,,ShowDailyK_ChartFlow,FinMind_API_TaiwanStockPrice_3029,True,2026-09-24T07:10:28,2026-09-24T07:10:28,2026-09-24T07:10:28
3029,零壹,2022-10-27,37.9,0.5,1.34%,,,,,,,,,ShowDailyK_ChartFlow,FinMind_API_TaiwanStockPrice_3029,True,2026-09-24T07:10:28,2026-09-24T07:10:28,2026-09-24T07:10:28
3029,零壹,2022-10-28,37.85,-0.04999999999999716,-0.13%,,,,,,,,,ShowDailyK_ChartFlow,FinMind_API_TaiwanStockPrice_3029,True,2026-09-24T07:10:28,2026-09-24T07:10:28,2026-09-24T07:10:28
3029,零壹,2022-10-31,38.45,0.6000000000000014,1.59%,,,,,,,,,ShowDailyK_ChartFlow,FinMind_API_TaiwanStockPrice_3029,True,2026-09-24T07:10:28,2026-09-24T07:10:28,2026-09-24T07:10:28
3029,零壹,2022-11-01,38.4,-0.05000000000000426,-0.13%,,,,,,,,,ShowDailyK_ChartFlow,FinMind_API_TaiwanStockPrice_3029,True,2026-09-24T07:10:28,2026-09-24T07:10:28,2026-09-24T07:10:28
3029,零壹,2022-11-02,38.5,0.10000000000000142,0.26%,,,,,,,,,ShowDailyK_ChartFlow,FinMind_API_TaiwanStockPrice_3029,True,2026-09-24T07:10:28,2026-09-24T07:10:28,2026-09-24T07:10:28
3029,零壹,2022-11-03,38.4,-0.10000000000000142,-0.26%,,,,,,,,,ShowDailyK_ChartFlow,FinMind_API_TaiwanStockPrice_3029,True,2026-09-24T07:10:28,2026-09-24T07:10:28,2026-09-24T07:10:28
3029,零壹,2022-11-04,38.8,0.3999999999999986,1.04%,,,,,,,,,ShowDailyK_ChartFlow,FinMind_API_TaiwanStockPrice_3029,True,2026-09-24T07:10:28,2026-09-24T07:10:28,2026-09-24T07:10:28
3029,零壹,2022-11-07,38.8,0.0,0.00%,,,,,,,,,ShowDailyK_ChartFlow,FinMind_API_TaiwanStockPrice_3029,True,2026-09-24T07:10:28,2026-09-24T07:10:28,2026-09-24T07:10:28
3029,零壹,2022-11-08,38.8,0.0,0.00%,,,,,,,,,ShowDailyK_ChartFlow,FinMind_API_TaiwanStockPrice_3029,True,2026-09-24T07:10:28,2026-09-24T07:10:28,2026-09-24T07:10:28
3029,零壹,2022-11-09,38.8,0.0,0.00%,,,,,,,,,ShowDailyK_ChartFlow,FinMind_API_TaiwanStockPrice_3029,True,2026-09-24T07:10:28,2026-09-24T07:10:28,2026-09-24T07:10:28
3029,零壹,2022-11-10,38.95,0.15000000000000568,0.39%,,,,,,,,,ShowDailyK_ChartFlow,FinMind_API_TaiwanStockPrice_3029,True,2026-09-24T07:10:28,2026-09-24T07:10:28,2026-09-24T07:10:28
3029,零壹,2022-11-11,39.0,0.04999999999999716,0.13%,,,,,,,,,ShowDailyK_ChartFlow,FinMind_API_TaiwanStockPrice_3029,True,2026-09-24T07:10:28,2026-09-24T07:10:28,2026-09-24T07:10:28
3029,零壹,2022-11-14,39.05,0.04999999999999716,0.13%,,,,,,,,,ShowDailyK_ChartFlow,FinMind_API_TaiwanStockPrice_3029,True,2026-09-24T07:10:28,2026-09-24T07:10:28,2026-09-24T07:10:28
3029,零壹,2022-11-15,39.15,0.10000000000000142,0.26%,,,,,,,,,ShowDailyK_ChartFlow,FinMind_API_TaiwanStockPrice_3029,True,2026-09-24T07:10:28,2026-09-24T07:10:28,2026-09-24T07:10:28
3029,零壹,2022-11-16,38.95,-0.19999999999999574,-0.51%,,,,,,,,,ShowDailyK_ChartFlow,FinMind_API_TaiwanStockPrice_3029,True,2026-09-24T07:10:28,2026-09-24T07:10:28,2026-09-24T07:10:28
3029,零壹,2022-11-17,39.1,0.14999999999999858,0.39%,,,,,,,,,ShowDailyK_ChartFlow,FinMind_API_TaiwanStockPrice_3029,True,2026-09-24T07:10:28,2026-09-24T07:10:28,2026-09-24T07:10:28
3029,零壹,2022-11-18,39.0,-0.10000000000000142,-0.26%,,,,,,,,,ShowDailyK_ChartFlow,FinMind_API_TaiwanStockPrice_3029,True,2026-09-24T07:10:28,2026-09-24T07:10:28,2026-09-24T07:10:28
3029,零壹,2022-11-21,39.25,0.25,0.64%,,,,,,,,,ShowDailyK_ChartFlow,FinMind_API_TaiwanStockPrice_3029,True,2026-09-24T07:10:28,2026-09-24T07:10:28,2026-09-24T07:10:28
3029,零壹,2022-11-22,39.55,0.29999999999999716,0.76%,,,,,,,,,ShowDailyK_ChartFlow,FinMind_API_TaiwanStockPrice_3029,True,2026-09-24T07:10:28,2026-09-24T07:10:28,2026-09-24T07:10:28
3029,零壹,2022-11-23,39.6,0.05000000000000426,0.13%,,,,,,,,,ShowDailyK_ChartFlow,FinMind_API_TaiwanStockPrice_3029,True,2026-09-24T07:10:28,2026-09-24T07:10:28,2026-09-24T07:10:28
3029,零壹,2022-11-24,40.1,0.5,1.26%,,,,,,,,,ShowDailyK_ChartFlow,FinMind_API_TaiwanStockPrice_3029,True,2026-09-24T07:10:28,2026-09-24T07:10:28,2026-09-24T07:10:28
3029,零壹,2022-11-25,39.9,-0.20000000000000284,-0.50%,,,,,,,,,ShowDailyK_ChartFlow,FinMind_API_TaiwanStockPrice_3029,True,2026-09-24T07:10:28,2026-09-24T07:10:28,2026-09-24T07:10:28
3029,零壹,2022-11-28,39.85,-0.04999999999999716,-0.13%,,,,,,,,,ShowDailyK_ChartFlow,FinMind_API_TaiwanStockPrice_3029,True,2026-09-24T07:10:28,2026-09-24T07:10:28,2026-09-24T07:10:28
3029,零壹,2022-11-29,39.95,0.10000000000000142,0.25%,,,,,,,,,ShowDailyK_ChartFlow,FinMind_API_TaiwanStockPrice_3029,True,2026-09-24T07:10:28,2026-09-24T07:10:28,2026-09-24T07:10:28
3029,零壹,2022-11-30,39.95,0.0,0.00%,,,,,,,,,ShowDailyK_ChartFlow,FinMind_API_TaiwanStockPrice_3029,True,2026-09-24T07:10:28,2026-09-24T07:10:28,2026-09-24T07:10:28
3029,零壹,2022-12-01,40.6,0.6499999999999986,1.63%,,,,,,,,,ShowDailyK_ChartFlow,FinMind_API_TaiwanStockPrice_3029,True,2026-09-24T07:10:28,2026-09-24T07:10:28,2026-09-24T07:10:28
3029,零壹,2022-12-02,40.4,-0.20000000000000284,-0.49%,,,,,,,,,ShowDailyK_ChartFlow,FinMind_API_TaiwanStockPrice_3029,True,2026-09-24T07:10:28,2026-09-24T07:10:28,2026-09-24T07:10:28
3029,零壹,2022-12-05,40.55,0.14999999999999858,0.37%,,,,,,,,,ShowDailyK_ChartFlow,FinMind_API_TaiwanStockPrice_3029,True,2026-09-24T07:10:28,2026-09-24T07:10:28,2026-09-24T07:10:28
3029,零壹,2022-12-06,40.05,-0.5,-1.23%,,,,,,,,,ShowDailyK_ChartFlow,FinMind_API_TaiwanStockPrice_3029,True,2026-09-24T07:10:28,2026-09-24T07:10:28,2026-09-24T07:10:28
3029,零壹,2022-12-07,39.95,-0.09999999999999432,-0.25%,,,,,,,,,ShowDailyK_ChartFlow,FinMind_API_TaiwanStockPrice_3029,True,2026-09-24T07:10:28,2026-09-24T07:10:28,2026-09-24T07:10:28
3029,零壹,2022-12-08,40.05,0.09999999999999432,0.25%,,,,,,,,,ShowDailyK_ChartFlow,FinMind_API_TaiwanStockPrice_3029,True,2026-09-24T07:10:28,2026-09-24T07:10:28,2026-09-24T07:10:28
3029,零壹,2022-12-09,40.1,0.05000000000000426,0.12%,,,,,,,,,ShowDailyK_ChartFlow,FinMind_API_TaiwanStockPrice_3029,True,2026-09-24T07:10:28,2026-09-24T07:10:28,2026-09-24T07:10:28
3029,零壹,2022-12-12,40.8,0.6999999999999957,1.75%,,,,,,,,,ShowDailyK_ChartFlow,FinMind_API_TaiwanStockPrice_3029,True,2026-09-24T07:10:28,2026-09-24T07:10:28,2026-09-24T07:10:28
3029,零壹,2022-12-13,40.85,0.05000000000000426,0.12%,,,,,,,,,ShowDailyK_ChartFlow,FinMind_API_TaiwanStockPrice_3029,True,2026-09-24T07:10:28,2026-09-24T07:10:28,2026-09-24T07:10:28
3029,零壹,2022-12-14,40.95,0.10000000000000142,0.24%,,,,,,,,,ShowDailyK_ChartFlow,FinMind_API_TaiwanStockPrice_3029,True,2026-09-24T07:10:28,2026-09-24T07:10:28,2026-09-24T07:10:28
3029,零壹,2022-12-15,40.9,-0.05000000000000426,-0.12%,,,,,,,,,ShowDailyK_ChartFlow,FinMind_API_TaiwanStockPrice_3029,True,2026-09-24T07:10:28,2026-09-24T07:10:28,2026-09-24T07:10:28
3029,零壹,2022-12-16,40.55,-0.3500000000000014,-0.86%,,,,,,,,,ShowDailyK_ChartFlow,FinMind_API_TaiwanStockPrice_3029,True,2026-09-24T07:10:28,2026-09-24T07:10:28,2026-09-24T07:10:28
3029,零壹,2022-12-19,40.45,-0.09999999999999432,-0.25%,,,,,,,,,ShowDailyK_ChartFlow,FinMind_API_TaiwanStockPrice_3029,True,2026-09-24T07:10:28,2026-09-24T07:10:28,2026-09-24T07:10:28
3029,零壹,2022-12-20,40.0,-0.45000000000000284,-1.11%,,,,,,,,,ShowDailyK_ChartFlow,FinMind_API_TaiwanStockPrice_3029,True,2026-09-24T07:10:28,2026-09-24T07:10:28,2026-09-24T07:10:28
3029,零壹,2022-12-21,40.35,0.3500000000000014,0.88%,,,,,,,,,ShowDailyK_ChartFlow,FinMind_API_TaiwanStockPrice_3029,True,2026-09-24T07:10:28,2026-09-24T07:10:28,2026-09-24T07:10:28
3029,零壹,2022-12-22,40.25,-0.10000000000000142,-0.25%,,,,,,,,,ShowDailyK_ChartFlow,FinMind_API_TaiwanStockPrice_3029,True,2026-09-24T07:10:28,2026-09-24T07:10:28,2026-09-24T07:10:28
3029,零壹,2022-12-23,40.25,0.0,0.00%,,,,,,,,,ShowDailyK_ChartFlow,FinMind_API_TaiwanStockPrice_3029,True,2026-09-24T07:10:28,2026-09-24T07:10:28,2026-09-24T07:10:28
3029,零壹,2022-12-26,40.3,0.04999999999999716,0.12%,,,,,,,,,ShowDailyK_ChartFlow,FinMind_API_TaiwanStockPrice_3029,True,2026-09-24T07:10:28,2026-09-24T07:10:28,2026-09-24T07:10:28
3029,零壹,2022-12-27,40.35,0.05000000000000426,0.12%,,,,,,,,,ShowDailyK_ChartFlow,FinMind_API_TaiwanStockPrice_3029,True,2026-09-24T07:10:28,2026-09-24T07:10:28,2026-09-24T07:10:28
3029,零壹,2022-12-28,40.0,-0.3500000000000014,-0.87%,,,,,,,,,ShowDailyK_ChartFlow,FinMind_API_TaiwanStockPrice_3029,True,2026-09-24T07:10:28,2026-09-24T07:10:28,2026-09-24T07:10:28
3029,零壹,2022-12-29,39.7,-0.29999999999999716,-0.75%,,,,,,,,,ShowDailyK_ChartFlow,FinMind_API_TaiwanStockPrice_3029,True,2026-09-24T07:10:28,2026-09-24T07:10:28,2026-09-24T07:10:28
3029,零壹,2022-12-30,40.15,0.44999999999999574,1.13%,,,,,,,,,ShowDailyK_ChartFlow,FinMind_API_TaiwanStockPrice_3029,True,2026-09-24T07:10:28,2026-09-24T07:10:28,2026-09-24T07:10:28
3029,零壹,2023-01-03,40.1,-0.04999999999999716,-0.12%,,,,,,,,,ShowDailyK_ChartFlow,FinMind_API_TaiwanStockPrice_3029,True,2026-09-24T07:10:28,2026-09-24T07:10:28,2026-09-24T07:10:28
3029,零壹,2023-01-04,40.15,0.04999999999999716,0.12%,,,,,,,,,ShowDailyK_ChartFlow,FinMind_API_TaiwanStockPrice_3029,True,2026-09-24T07:10:28,2026-09-24T07:10:28,2026-09-24T07:10:28
3029,零壹,2023-01-05,40.8,0.6499999999999986,1.62%,,,,,,,,,ShowDailyK_ChartFlow,FinMind_API_TaiwanStockPrice_3029,True,2026-09-24T07:10:28,2026-09-24T07:10:28,2026-09-24T07:10:28
3029,零壹,2023-01-06,40.9,0.10000000000000142,0.25%,,,,,,,,,ShowDailyK_ChartFlow,FinMind_API_TaiwanStockPrice_3029,True,2026-09-24T07:10:28,2026-09-24T07:10:28,2026-09-24T07:10:28
3029,零壹,2023-01-09,41.4,0.5,1.22%,,,,,,,,,ShowDailyK_ChartFlow,FinMind_API_TaiwanStockPrice_3029,True,2026-09-24T07:10:28,2026-09-24T07:10:28,2026-09-24T07:10:28
3029,零壹,2023-01-10,41.55,0.14999999999999858,0.36%,,,,,,,,,ShowDailyK_ChartFlow,FinMind_API_TaiwanStockPrice_3029,True,2026-09-24T07:10:28,2026-09-24T07:10:28,2026-09-24T07:10:28
3029,零壹,2023-01-11,41.65,0.10000000000000142,0.24%,,,,,,,,,ShowDailyK_ChartFlow,FinMind_API_TaiwanStockPrice_3029,True,2026-09-24T07:10:28,2026-09-24T07:10:28,2026-09-24T07:10:28
3029,零壹,2023-01-12,41.2,-0.44999999999999574,-1.08%,,,,,,,,,ShowDailyK_ChartFlow,FinMind_API_TaiwanStockPrice_3029,True,2026-09-24T07:10:28,2026-09-24T07:10:28,2026-09-24T07:10:28
3029,零壹,2023-01-13,40.9,-0.30000000000000426,-0.73%,,,,,,,,,ShowDailyK_ChartFlow,FinMind_API_TaiwanStockPrice_3029,True,2026-09-24T07:10:28,2026-09-24T07:10:28,2026-09-24T07:10:28
3029,零壹,2023-01-16,41.15,0.25,0.61%,,,,,,,,,ShowDailyK_ChartFlow,FinMind_API_TaiwanStockPrice_3029,True,2026-09-24T07:10:28,2026-09-24T07:10:28,2026-09-24T07:10:28
3029,零壹,2023-01-17,41.3,0.14999999999999858,0.36%,,,,,,,,,ShowDailyK_ChartFlow,FinMind_API_TaiwanStockPrice_3029,True,2026-09-24T07:10:28,2026-09-24T07:10:28,2026-09-24T07:10:28
3029,零壹,2023-01-30,41.7,0.4000000000000057,0.97%,,,,,,,,,ShowDailyK_ChartFlow,FinMind_API_TaiwanStockPrice_3029,True,2026-09-24T07:10:28,2026-09-24T07:10:28,2026-09-24T07:10:28
3029,零壹,2023-01-31,41.85,0.14999999999999858,0.36%,,,,,,,,,ShowDailyK_ChartFlow,FinMind_API_TaiwanStockPrice_3029,True,2026-09-24T07:10:28,2026-09-24T07:10:28,2026-09-24T07:10:28
3029,零壹,2023-02-01,42.45,0.6000000000000014,1.43%,,,,,,,,,ShowDailyK_ChartFlow,FinMind_API_TaiwanStockPrice_3029,True,2026-09-24T07:10:28,2026-09-24T07:10:28,2026-09-24T07:10:28
3029,零壹,2023-02-02,42.6,0.14999999999999858,0.35%,,,,,,,,,ShowDailyK_ChartFlow,FinMind_API_TaiwanStockPrice_3029,True,2026-09-24T07:10:28,2026-09-24T07:10:28,2026-09-24T07:10:28
3029,零壹,2023-02-03,42.6,0.0,0.00%,,,,,,,,,ShowDailyK_ChartFlow,FinMind_API_TaiwanStockPrice_3029,True,2026-09-24T07:10:28,2026-09-24T07:10:28,2026-09-24T07:10:28
3029,零壹,2023-02-06,43.4,0.7999999999999972,1.88%,,,,,,,,,ShowDailyK_ChartFlow,FinMind_API_TaiwanStockPrice_3029,True,2026-09-24T07:10:28,2026-09-24T07:10:28,2026-09-24T07:10:28
3029,零壹,2023-02-07,44.05,0.6499999999999986,1.50%,,,,,,,,,ShowDailyK_ChartFlow,FinMind_API_TaiwanStockPrice_3029,True,2026-09-24T07:10:28,2026-09-24T07:10:28,2026-09-24T07:10:28
3029,零壹,2023-02-08,44.95,0.9000000000000057,2.04%,,,,,,,,,ShowDailyK_ChartFlow,FinMind_API_TaiwanStockPrice_3029,True,2026-09-24T07:10:28,2026-09-24T07:10:28,2026-09-24T07:10:28
3029,零壹,2023-02-09,45.65,0.6999999999999957,1.56%,,,,,,,,,ShowDailyK_ChartFlow,FinMind_API_TaiwanStockPrice_3029,True,2026-09-24T07:10:28,2026-09-24T07:10:28,2026-09-24T07:10:28
3029,零壹,2023-02-10,46.0,0.3500000000000014,0.77%,,,,,,,,,ShowDailyK_ChartFlow,FinMind_API_TaiwanStockPrice_3029,True,2026-09-24T07:10:28,2026-09-24T07:10:28,2026-09-24T07:10:28
3029,零壹,2023-02-13,47.7,1.7000000000000028,3.70%,,,,,,,,,ShowDailyK_ChartFlow,FinMind_API_TaiwanStockPrice_3029,True,2026-09-24T07:10:28,2026-09-24T07:10:28,2026-09-24T07:10:28
3029,零壹,2023-02-14,47.35,-0.3500000000000014,-0.73%,,,,,,,,,ShowDailyK_ChartFlow,FinMind_API_TaiwanStockPrice_3029,True,2026-09-24T07:10:28,2026-09-24T07:10:28,2026-09-24T07:10:28
3029,零壹,2023-02-15,47.45,0.10000000000000142,0.21%,,,,,,,,,ShowDailyK_ChartFlow,FinMind_API_TaiwanStockPrice_3029,True,2026-09-24T07:10:28,2026-09-24T07:10:28,2026-09-24T07:10:28
3029,零壹,2023-02-16,47.4,-0.05000000000000426,-0.11%,,,,,,,,,ShowDailyK_ChartFlow,FinMind_API_TaiwanStockPrice_3029,True,2026-09-24T07:10:28,2026-09-24T07:10:28,2026-09-24T07:10:28
3029,零壹,2023-02-17,47.0,-0.3999999999999986,-0.84%,,,,,,,,,ShowDailyK_ChartFlow,FinMind_API_TaiwanStockPrice_3029,True,2026-09-24T07:10:28,2026-09-24T07:10:28,2026-09-24T07:10:28
3029,零壹,2023-02-20,47.6,0.6000000000000014,1.28%,,,,,,,,,ShowDailyK_ChartFlow,FinMind_API_TaiwanStockPrice_3029,True,2026-09-24T07:10:28,2026-09-24T07:10:28,2026-09-24T07:10:28
3029,零壹,2023-02-21,47.3,-0.30000000000000426,-0.63%,,,,,,,,,ShowDailyK_ChartFlow,FinMind_API_TaiwanStockPrice_3029,True,2026-09-24T07:10:28,2026-09-24T07:10:28,2026-09-24T07:10:28
3029,零壹,2023-02-22,48.8,1.5,3.17%,,,,,,,,,ShowDailyK_ChartFlow,FinMind_API_TaiwanStockPrice_3029,True,2026-09-24T07:10:28,2026-09-24T07:10:28,2026-09-24T07:10:28
3029,零壹,2023-02-23,48.4,-0.3999999999999986,-0.82%,,,,,,,,,ShowDailyK_ChartFlow,FinMind_API_TaiwanStockPrice_3029,True,2026-09-24T07:10:28,2026-09-24T07:10:28,2026-09-24T07:10:28
3029,零壹,2023-02-24,48.65,0.25,0.52%,,,,,,,,,ShowDailyK_ChartFlow,FinMind_API_TaiwanStockPrice_3029,True,2026-09-24T07:10:28,2026-09-24T07:10:28,2026-09-24T07:10:28
3029,零壹,2023-03-01,49.6,0.9500000000000028,1.95%,,,,,,,,,ShowDailyK_ChartFlow,FinMind_API_TaiwanStockPrice_3029,True,2026-09-24T07:10:28,2026-09-24T07:10:28,2026-09-24T07:10:28
3029,零壹,2023-03-02,49.55,-0.05000000000000426,-0.10%,,,,,,,,,ShowDailyK_ChartFlow,FinMind_API_TaiwanStockPrice_3029,True,2026-09-24T07:10:28,2026-09-24T07:10:28,2026-09-24T07:10:28
3029,零壹,2023-03-03,50.5,0.9500000000000028,1.92%,,,,,,,,,ShowDailyK_ChartFlow,FinMind_API_TaiwanStockPrice_3029,True,2026-09-24T07:10:28,2026-09-24T07:10:28,2026-09-24T07:10:28
3029,零壹,2023-03-06,51.5,1.0,1.98%,,,,,,,,,ShowDailyK_ChartFlow,FinMind_API_TaiwanStockPrice_3029,True,2026-09-24T07:10:28,2026-09-24T07:10:28,2026-09-24T07:10:28
3029,零壹,2023-03-07,55.1,3.6000000000000014,6.99%,,,,,,,,,ShowDailyK_ChartFlow,FinMind_API_TaiwanStockPrice_3029,True,2026-09-24T07:10:28,2026-09-24T07:10:28,2026-09-24T07:10:28
3029,零壹,2023-03-08,57.4,2.299999999999997,4.17%,,,,,,,,,ShowDailyK_ChartFlow,FinMind_API_TaiwanStockPrice_3029,True,2026-09-24T07:10:28,2026-09-24T07:10:28,2026-09-24T07:10:28
3029,零壹,2023-03-09,56.3,-1.1000000000000014,-1.92%,,,,,,,,,ShowDailyK_ChartFlow,FinMind_API_TaiwanStockPrice_3029,True,2026-09-24T07:10:28,2026-09-24T07:10:28,2026-09-24T07:10:28
3029,零壹,2023-03-10,54.6,-1.6999999999999957,-3.02%,,,,,,,,,ShowDailyK_ChartFlow,FinMind_API_TaiwanStockPrice_3029,True,2026-09-24T07:10:28,2026-09-24T07:10:28,2026-09-24T07:10:28
3029,零壹,2023-03-13,56.2,1.6000000000000014,2.93%,,,,,,,,,ShowDailyK_ChartFlow,FinMind_API_TaiwanStockPrice_3029,True,2026-09-24T07:10:28,2026-09-24T07:10:28,2026-09-24T07:10:28
3029,零壹,2023-03-14,54.8,-1.4000000000000057,-2.49%,,,,,,,,,ShowDailyK_ChartFlow,FinMind_API_TaiwanStockPrice_3029,True,2026-09-24T07:10:28,2026-09-24T07:10:28,2026-09-24T07:10:28
3029,零壹,2023-03-15,55.0,0.20000000000000284,0.36%,,,,,,,,,ShowDailyK_ChartFlow,FinMind_API_TaiwanStockPrice_3029,True,2026-09-24T07:10:28,2026-09-24T07:10:28,2026-09-24T07:10:28
3029,零壹,2023-03-16,54.5,-0.5,-0.91%,,,,,,,,,ShowDailyK_ChartFlow,FinMind_API_TaiwanStockPrice_3029,True,2026-09-24T07:10:28,2026-09-24T07:10:28,2026-09-24T07:10:28
3029,零壹,2023-03-17,52.6,-1.8999999999999986,-3.49%,,,,,,,,,ShowDailyK_ChartFlow,FinMind_API_TaiwanStockPrice_3029,True,2026-09-24T07:10:28,2026-09-24T07:10:28,2026-09-24T07:10:28
3029,零壹,2023-03-20,56.0,3.3999999999999986,6.46%,,,,,,,,,ShowDailyK_ChartFlow,FinMind_API_TaiwanStockPrice_3029,True,2026-09-24T07:10:28,2026-09-24T07:10:28,2026-09-24T07:10:28
3029,零壹,2023-03-21,56.7,0.7000000000000028,1.25%,,,,,,,,,ShowDailyK_ChartFlow,FinMind_API_TaiwanStockPrice_3029,True,2026-09-24T07:10:28,2026-09-24T07:10:28,2026-09-24T07:10:28
3029,零壹,2023-03-22,56.2,-0.5,-0.88%,,,,,,,,,ShowDailyK_ChartFlow,FinMind_API_TaiwanStockPrice_3029,True,2026-09-24T07:10:28,2026-09-24T07:10:28,2026-09-24T07:10:28
3029,零壹,2023-03-23,57.0,0.7999999999999972,1.42%,,,,,,,,,ShowDailyK_ChartFlow,FinMind_API_TaiwanStockPrice_3029,True,2026-09-24T07:10:28,2026-09-24T07:10:28,2026-09-24T07:10:28
3029,零壹,2023-03-24,57.0,0.0,0.00%,,,,,,,,,ShowDailyK_ChartFlow,FinMind_API_TaiwanStockPrice_3029,True,2026-09-24T07:10:28,2026-09-24T07:10:28,2026-09-24T07:10:28
3029,零壹,2023-03-27,56.1,-0.8999999999999986,-1.58%,,,,,,,,,ShowDailyK_ChartFlow,FinMind_API_TaiwanStockPrice_3029,True,2026-09-24T07:10:28,2026-09-24T07:10:28,2026-09-24T07:10:28
3029,零壹,2023-03-28,55.6,-0.5,-0.89%,,,,,,,,,ShowDailyK_ChartFlow,FinMind_API_TaiwanStockPrice_3029,True,2026-09-24T07:10:28,2026-09-24T07:10:28,2026-09-24T07:10:28
3029,零壹,2023-03-29,55.6,0.0,0.00%,,,,,,,,,ShowDailyK_ChartFlow,FinMind_API_TaiwanStockPrice_3029,True,2026-09-24T07:10:28,2026-09-24T07:10:28,2026-09-24T07:10:28
3029,零壹,2023-03-30,55.3,-0.30000000000000426,-0.54%,,,,,,,,,ShowDailyK_ChartFlow,FinMind_API_TaiwanStockPrice_3029,True,2026-09-24T07:10:28,2026-09-24T07:10:28,2026-09-24T07:10:28
3029,零壹,2023-03-31,55.1,-0.19999999999999574,-0.36%,,,,,,,,,ShowDailyK_ChartFlow,FinMind_API_TaiwanStockPrice_3029,True,2026-09-24T07:10:28,2026-09-24T07:10:28,2026-09-24T07:10:28
3029,零壹,2023-04-06,54.5,-0.6000000000000014,-1.09%,,,,,,,,,ShowDailyK_ChartFlow,FinMind_API_TaiwanStockPrice_3029,True,2026-09-24T07:10:28,2026-09-24T07:10:28,2026-09-24T07:10:28
3029,零壹,2023-04-07,55.0,0.5,0.92%,,,,,,,,,ShowDailyK_ChartFlow,FinMind_API_TaiwanStockPrice_3029,True,2026-09-24T07:10:28,2026-09-24T07:10:28,2026-09-24T07:10:28
3029,零壹,2023-04-10,59.0,4.0,7.27%,,,,,,,,,ShowDailyK_ChartFlow,FinMind_API_TaiwanStockPrice_3029,True,2026-09-24T07:10:28,2026-09-24T07:10:28,2026-09-24T07:10:28
3029,零壹,2023-04-11,56.9,-2.1000000000000014,-3.56%,,,,,,,,,ShowDailyK_ChartFlow,FinMind_API_TaiwanStockPrice_3029,True,2026-09-24T07:10:28,2026-09-24T07:10:28,2026-09-24T07:10:28
3029,零壹,2023-04-12,56.0,-0.8999999999999986,-1.58%,,,,,,,,,ShowDailyK_ChartFlow,FinMind_API_TaiwanStockPrice_3029,True,2026-09-24T07:10:28,2026-09-24T07:10:28,2026-09-24T07:10:28
3029,零壹,2023-04-13,55.0,-1.0,-1.79%,,,,,,,,,ShowDailyK_ChartFlow,FinMind_API_TaiwanStockPrice_3029,True,2026-09-24T07:10:28,2026-09-24T07:10:28,2026-09-24T07:10:28
3029,零壹,2023-04-14,56.6,1.6000000000000014,2.91%,,,,,,,,,ShowDailyK_ChartFlow,FinMind_API_TaiwanStockPrice_3029,True,2026-09-24T07:10:28,2026-09-24T07:10:28,2026-09-24T07:10:28
3029,零壹,2023-04-17,59.6,3.0,5.30%,,,,,,,,,ShowDailyK_ChartFlow,FinMind_API_TaiwanStockPrice_3029,True,2026-09-24T07:10:28,2026-09-24T07:10:28,2026-09-24T07:10:28
3029,零壹,2023-04-18,57.3,-2.3000000000000043,-3.86%,,,,,,,,,ShowDailyK_ChartFlow,FinMind_API_TaiwanStockPrice_3029,True,2026-09-24T07:10:28,2026-09-24T07:10:28,2026-09-24T07:10:28
3029,零壹,2023-04-19,57.2,-0.09999999999999432,-0.17%,,,,,,,,,ShowDailyK_ChartFlow,FinMind_API_TaiwanStockPrice_3029,True,2026-09-24T07:10:28,2026-09-24T07:10:28,2026-09-24T07:10:28
3029,零壹,2023-04-20,56.8,-0.4000000000000057,-0.70%,,,,,,,,,ShowDailyK_ChartFlow,FinMind_API_TaiwanStockPrice_3029,True,2026-09-24T07:10:28,2026-09-24T07:10:28,2026-09-24T07:10:28
3029,零壹,2023-04-21,56.0,-0.7999999999999972,-1.41%,,,,,,,,,ShowDailyK_ChartFlow,FinMind_API_TaiwanStockPrice_3029,True,2026-09-24T07:10:28,2026-09-24T07:10:28,2026-09-24T07:10:28
3029,零壹,2023-04-24,57.6,1.6000000000000014,2.86%,,,,,,,,,ShowDailyK_ChartFlow,FinMind_API_TaiwanStockPrice_3029,True,2026-09-24T07:10:28,2026-09-24T07:10:28,2026-09-24T07:10:28
3029,零壹,2023-04-25,55.8,-1.8000000000000043,-3.13%,,,,,,,,,ShowDailyK_ChartFlow,FinMind_API_TaiwanStockPrice_3029,True,2026-09-24T07:10:28,2026-09-24T07:10:28,2026-09-24T07:10:28
3029,零壹,2023-04-26,55.4,-0.3999999999999986,-0.72%,,,,,,,,,ShowDailyK_ChartFlow,FinMind_API_TaiwanStockPrice_3029,True,2026-09-24T07:10:28,2026-09-24T07:10:28,2026-09-24T07:10:28
3029,零壹,2023-04-27,55.8,0.3999999999999986,0.72%,,,,,,,,,ShowDailyK_ChartFlow,FinMind_API_TaiwanStockPrice_3029,True,2026-09-24T07:10:28,2026-09-24T07:10:28,2026-09-24T07:10:28
3029,零壹,2023-04-28,58.3,2.5,4.48%,,,,,,,,,ShowDailyK_ChartFlow,FinMind_API_TaiwanStockPrice_3029,True,2026-09-24T07:10:28,2026-09-24T07:10:28,2026-09-24T07:10:28
3029,零壹,2023-05-02,61.1,2.8000000000000043,4.80%,,,,,,,,,ShowDailyK_ChartFlow,FinMind_API_TaiwanStockPrice_3029,True,2026-09-24T07:10:28,2026-09-24T07:10:28,2026-09-24T07:10:28
3029,零壹,2023-05-03,59.5,-1.6000000000000014,-2.62%,,,,,,,,,ShowDailyK_ChartFlow,FinMind_API_TaiwanStockPrice_3029,True,2026-09-24T07:10:28,2026-09-24T07:10:28,2026-09-24T07:10:28
3029,零壹,2023-05-04,59.6,0.10000000000000142,0.17%,,,,,,,,,ShowDailyK_ChartFlow,FinMind_API_TaiwanStockPrice_3029,True,2026-09-24T07:10:28,2026-09-24T07:10:28,2026-09-24T07:10:28
3029,零壹,2023-05-05,60.2,0.6000000000000014,1.01%,,,,,,,,,ShowDailyK_ChartFlow,FinMind_API_TaiwanStockPrice_3029,True,2026-09-24T07:10:28,2026-09-24T07:10:28,2026-09-24T07:10:28
3029,零壹,2023-05-08,62.3,2.0999999999999943,3.49%,,,,,,,,,ShowDailyK_ChartFlow,FinMind_API_TaiwanStockPrice_3029,True,2026-09-24T07:10:28,2026-09-24T07:10:28,2026-09-24T07:10:28
3029,零壹,2023-05-09,59.9,-2.3999999999999986,-3.85%,,,,,,,,,ShowDailyK_ChartFlow,FinMind_API_TaiwanStockPrice_3029,True,2026-09-24T07:10:28,2026-09-24T07:10:28,2026-09-24T07:10:28
3029,零壹,2023-05-10,59.9,0.0,0.00%,,,,,,,,,ShowDailyK_ChartFlow,FinMind_API_TaiwanStockPrice_3029,True,2026-09-24T07:10:28,2026-09-24T07:10:28,2026-09-24T07:10:28
3029,零壹,2023-05-11,59.6,-0.29999999999999716,-0.50%,,,,,,,,,ShowDailyK_ChartFlow,FinMind_API_TaiwanStockPrice_3029,True,2026-09-24T07:10:28,2026-09-24T07:10:28,2026-09-24T07:10:28
3029,零壹,2023-05-12,61.2,1.6000000000000014,2.68%,,,,,,,,,ShowDailyK_ChartFlow,FinMind_API_TaiwanStockPrice_3029,True,2026-09-24T07:10:28,2026-09-24T07:10:28,2026-09-24T07:10:28
3029,零壹,2023-05-15,60.8,-0.4000000000000057,-0.65%,,,,,,,,,ShowDailyK_ChartFlow,FinMind_API_TaiwanStockPrice_3029,True,2026-09-24T07:10:28,2026-09-24T07:10:28,2026-09-24T07:10:28
3029,零壹,2023-05-16,60.9,0.10000000000000142,0.16%,,,,,,,,,ShowDailyK_ChartFlow,FinMind_API_TaiwanStockPrice_3029,True,2026-09-24T07:10:28,2026-09-24T07:10:28,2026-09-24T07:10:28
3029,零壹,2023-05-17,62.3,1.3999999999999986,2.30%,,,,,,,,,ShowDailyK_ChartFlow,FinMind_API_TaiwanStockPrice_3029,True,2026-09-24T07:10:28,2026-09-24T07:10:28,2026-09-24T07:10:28
3029,零壹,2023-05-18,68.5,6.200000000000003,9.95%,,,,,,,,,ShowDailyK_ChartFlow,FinMind_API_TaiwanStockPrice_3029,True,2026-09-24T07:10:28,2026-09-24T07:10:28,2026-09-24T07:10:28
3029,零壹,2023-05-19,62.3,-6.200000000000003,-9.05%,,,,,,,,,ShowDailyK_ChartFlow,FinMind_API_TaiwanStockPrice_3029,True,2026-09-24T07:10:28,2026-09-24T07:10:28,2026-09-24T07:10:28
3029,零壹,2023-05-22,63.1,0.8000000000000043,1.28%,,,,,,,,,ShowDailyK_ChartFlow,FinMind_API_TaiwanStockPrice_3029,True,2026-09-24T07:10:28,2026-09-24T07:10:28,2026-09-24T07:10:28
3029,零壹,2023-05-23,62.7,-0.3999999999999986,-0.63%,,,,,,,,,ShowDailyK_ChartFlow,FinMind_API_TaiwanStockPrice_3029,True,2026-09-24T07:10:28,2026-09-24T07:10:28,2026-09-24T07:10:28
3029,零壹,2023-05-24,62.9,0.19999999999999574,0.32%,,,,,,,,,ShowDailyK_ChartFlow,FinMind_API_TaiwanStockPrice_3029,True,2026-09-24T07:10:28,2026-09-24T07:10:28,2026-09-24T07:10:28
3029,零壹,2023-05-25,64.2,1.3000000000000043,2.07%,,,,,,,,,ShowDailyK_ChartFlow,FinMind_API_TaiwanStockPrice_3029,True,2026-09-24T07:10:28,2026-09-24T07:10:28,2026-09-24T07:10:28
3029,零壹,2023-05-26,65.6,1.3999999999999915,2.18%,,,,,,,,,ShowDailyK_ChartFlow,FinMind_API_TaiwanStockPrice_3029,True,2026-09-24T07:10:28,2026-09-24T07:10:28,2026-09-24T07:10:28
3029,零壹,2023-05-29,67.3,1.7000000000000028,2.59%,,,,,,,,,ShowDailyK_ChartFlow,FinMind_API_TaiwanStockPrice_3029,True,2026-09-24T07:10:28,2026-09-24T07:10:28,2026-09-24T07:10:28
3029,零壹,2023-05-30,66.2,-1.0999999999999943,-1.63%,,,,,,,,,ShowDailyK_ChartFlow,FinMind_API_TaiwanStockPrice_3029,True,2026-09-24T07:10:28,2026-09-24T07:10:28,2026-09-24T07:10:28
3029,零壹,2023-05-31,65.0,-1.2000000000000028,-1.81%,,,,,,,,,ShowDailyK_ChartFlow,FinMind_API_TaiwanStockPrice_3029,True,2026-09-24T07:10:28,2026-09-24T07:10:28,2026-09-24T07:10:28
3029,零壹,2023-06-01,65.6,0.5999999999999943,0.92%,,,,,,,,,ShowDailyK_ChartFlow,FinMind_API_TaiwanStockPrice_3029,True,2026-09-24T07:10:28,2026-09-24T07:10:28,2026-09-24T07:10:28
3029,零壹,2023-06-02,66.1,0.5,0.76%,,,,,,,,,ShowDailyK_ChartFlow,FinMind_API_TaiwanStockPrice_3029,True,2026-09-24T07:10:28,2026-09-24T07:10:28,2026-09-24T07:10:28
3029,零壹,2023-06-05,65.4,-0.6999999999999886,-1.06%,,,,,,,,,ShowDailyK_ChartFlow,FinMind_API_TaiwanStockPrice_3029,True,2026-09-24T07:10:28,2026-09-24T07:10:28,2026-09-24T07:10:28
3029,零壹,2023-06-06,64.3,-1.1000000000000085,-1.68%,,,,,,,,,ShowDailyK_ChartFlow,FinMind_API_TaiwanStockPrice_3029,True,2026-09-24T07:10:28,2026-09-24T07:10:28,2026-09-24T07:10:28
3029,零壹,2023-06-07,64.0,-0.29999999999999716,-0.47%,,,,,,,,,ShowDailyK_ChartFlow,FinMind_API_TaiwanStockPrice_3029,True,2026-09-24T07:10:28,2026-09-24T07:10:28,2026-09-24T07:10:28
3029,零壹,2023-06-08,62.0,-2.0,-3.12%,,,,,,,,,ShowDailyK_ChartFlow,FinMind_API_TaiwanStockPrice_3029,True,2026-09-24T07:10:28,2026-09-24T07:10:28,2026-09-24T07:10:28
3029,零壹,2023-06-09,62.1,0.10000000000000142,0.16%,,,,,,,,,ShowDailyK_ChartFlow,FinMind_API_TaiwanStockPrice_3029,True,2026-09-24T07:10:28,2026-09-24T07:10:28,2026-09-24T07:10:28
3029,零壹,2023-06-12,61.2,-0.8999999999999986,-1.45%,,,,,,,,,ShowDailyK_ChartFlow,FinMind_API_TaiwanStockPrice_3029,True,2026-09-24T07:10:28,2026-09-24T07:10:28,2026-09-24T07:10:28
3029,零壹,2023-06-13,61.9,0.6999999999999957,1.14%,,,,,,,,,ShowDailyK_ChartFlow,FinMind_API_TaiwanStockPrice_3029,True,2026-09-24T07:10:28,2026-09-24T07:10:28,2026-09-24T07:10:28
3029,零壹,2023-06-14,62.4,0.5,0.81%,,,,,,,,,ShowDailyK_ChartFlow,FinMind_API_TaiwanStockPrice_3029,True,2026-09-24T07:10:28,2026-09-24T07:10:28,2026-09-24T07:10:28
3029,零壹,2023-06-15,63.0,0.6000000000000014,0.96%,,,,,,,,,ShowDailyK_ChartFlow,FinMind_API_TaiwanStockPrice_3029,True,2026-09-24T07:10:28,2026-09-24T07:10:28,2026-09-24T07:10:28
3029,零壹,2023-06-16,62.5,-0.5,-0.79%,,,,,,,,,ShowDailyK_ChartFlow,FinMind_API_TaiwanStockPrice_3029,True,2026-09-24T07:10:28,2026-09-24T07:10:28,2026-09-24T07:10:28
3029,零壹,2023-06-19,63.1,0.6000000000000014,0.96%,,,,,,,,,ShowDailyK_ChartFlow,FinMind_API_TaiwanStockPrice_3029,True,2026-09-24T07:10:28,2026-09-24T07:10:28,2026-09-24T07:10:28
3029,零壹,2023-06-20,62.6,-0.5,-0.79%,,,,,,,,,ShowDailyK_ChartFlow,FinMind_API_TaiwanStockPrice_3029,True,2026-09-24T07:10:28,2026-09-24T07:10:28,2026-09-24T07:10:28
3029,零壹,2023-06-21,62.8,0.19999999999999574,0.32%,,,,,,,,,ShowDailyK_ChartFlow,FinMind_API_TaiwanStockPrice_3029,True,2026-09-24T07:10:28,2026-09-24T07:10:28,2026-09-24T07:10:28
3029,零壹,2023-06-26,61.5,-1.2999999999999972,-2.07%,,,,,,,,,ShowDailyK_ChartFlow,FinMind_API_TaiwanStockPrice_3029,True,2026-09-24T07:10:28,2026-09-24T07:10:28,2026-09-24T07:10:28
3029,零壹,2023-06-27,60.3,-1.2000000000000028,-1.95%,,,,,,,,,ShowDailyK_ChartFlow,FinMind_API_TaiwanStockPrice_3029,True,2026-09-24T07:10:28,2026-09-24T07:10:28,2026-09-24T07:10:28
3029,零壹,2023-06-28,60.2,-0.09999999999999432,-0.17%,,,,,,,,,ShowDailyK_ChartFlow,FinMind_API_TaiwanStockPrice_3029,True,2026-09-24T07:10:28,2026-09-24T07:10:28,2026-09-24T07:10:28
3029,零壹,2023-06-29,61.3,1.0999999999999943,1.83%,,,,,,,,,ShowDailyK_ChartFlow,FinMind_API_TaiwanStockPrice_3029,True,2026-09-24T07:10:28,2026-09-24T07:10:28,2026-09-24T07:10:28
3029,零壹,2023-06-30,61.6,0.30000000000000426,0.49%,,,,,,,,,ShowDailyK_ChartFlow,FinMind_API_TaiwanStockPrice_3029,True,2026-09-24T07:10:28,2026-09-24T07:10:28,2026-09-24T07:10:28
3029,零壹,2023-07-03,63.0,1.3999999999999986,2.27%,,,,,,,,,ShowDailyK_ChartFlow,FinMind_API_TaiwanStockPrice_3029,True,2026-09-24T07:10:28,2026-09-24T07:10:28,2026-09-24T07:10:28
3029,零壹,2023-07-04,63.3,0.29999999999999716,0.48%,,,,,,,,,ShowDailyK_ChartFlow,FinMind_API_TaiwanStockPrice_3029,True,2026-09-24T07:10:28,2026-09-24T07:10:28,2026-09-24T07:10:28
3029,零壹,2023-07-05,62.2,-1.0999999999999943,-1.74%,,,,,,,,,ShowDailyK_ChartFlow,FinMind_API_TaiwanStockPrice_3029,True,2026-09-24T07:10:28,2026-09-24T07:10:28,2026-09-24T07:10:28
3029,零壹,2023-07-06,61.3,-0.9000000000000057,-1.45%,,,,,,,,,ShowDailyK_ChartFlow,FinMind_API_TaiwanStockPrice_3029,True,2026-09-24T07:10:28,2026-09-24T07:10:28,2026-09-24T07:10:28
3029,零壹,2023-07-07,59.6,-1.6999999999999957,-2.77%,,,,,,,,,ShowDailyK_ChartFlow,FinMind_API_TaiwanStockPrice_3029,True,2026-09-24T07:10:28,2026-09-24T07:10:28,2026-09-24T07:10:28
3029,零壹,2023-07-10,58.5,-1.1000000000000014,-1.85%,,,,,,,,,ShowDailyK_ChartFlow,FinMind_API_TaiwanStockPrice_3029,True,2026-09-24T07:10:28,2026-09-24T07:10:28,2026-09-24T07:10:28
3029,零壹,2023-07-11,58.7,0.20000000000000284,0.34%,,,,,,,,,ShowDailyK_ChartFlow,FinMind_API_TaiwanStockPrice_3029,True,2026-09-24T07:10:28,2026-09-24T07:10:28,2026-09-24T07:10:28
3029,零壹,2023-07-12,59.3,0.5999999999999943,1.02%,,,,,,,,,ShowDailyK_ChartFlow,FinMind_API_TaiwanStockPrice_3029,True,2026-09-24T07:10:28,2026-09-24T07:10:28,2026-09-24T07:10:28
3029,零壹,2023-07-13,59.5,0.20000000000000284,0.34%,,,,,,,,,ShowDailyK_ChartFlow,FinMind_API_TaiwanStockPrice_3029,True,2026-09-24T07:10:28,2026-09-24T07:10:28,2026-09-24T07:10:28
3029,零壹,2023-07-14,61.8,2.299999999999997,3.87%,,,,,,,,,ShowDailyK_ChartFlow,FinMind_API_TaiwanStockPrice_3029,True,2026-09-24T07:10:28,2026-09-24T07:10:28,2026-09-24T07:10:28
3029,零壹,2023-07-17,61.9,0.10000000000000142,0.16%,,,,,,,,,ShowDailyK_ChartFlow,FinMind_API_TaiwanStockPrice_3029,True,2026-09-24T07:10:28,2026-09-24T07:10:28,2026-09-24T07:10:28
3029,零壹,2023-07-18,60.0,-1.8999999999999986,-3.07%,,,,,,,,,ShowDailyK_ChartFlow,FinMind_API_TaiwanStockPrice_3029,True,2026-09-24T07:10:28,2026-09-24T07:10:28,2026-09-24T07:10:28
3029,零壹,2023-07-19,59.1,-0.8999999999999986,-1.50%,,,,,,,,,ShowDailyK_ChartFlow,FinMind_API_TaiwanStockPrice_3029,True,2026-09-24T07:10:28,2026-09-24T07:10:28,2026-09-24T07:10:28
3029,零壹,2023-07-20,60.4,1.2999999999999972,2.20%,,,,,,,,,ShowDailyK_ChartFlow,FinMind_API_TaiwanStockPrice_3029,True,2026-09-24T07:10:28,2026-09-24T07:10:28,2026-09-24T07:10:28
3029,零壹,2023-07-21,60.5,0.10000000000000142,0.17%,,,,,,,,,ShowDailyK_ChartFlow,FinMind_API_TaiwanStockPrice_3029,True,2026-09-24T07:10:28,2026-09-24T07:10:28,2026-09-24T07:10:28
3029,零壹,2023-07-24,60.6,0.10000000000000142,0.17%,,,,,,,,,ShowDailyK_ChartFlow,FinMind_API_TaiwanStockPrice_3029,True,2026-09-24T07:10:28,2026-09-24T07:10:28,2026-09-24T07:10:28
3029,零壹,2023-07-25,62.4,1.7999999999999972,2.97%,,,,,,,,,ShowDailyK_ChartFlow,FinMind_API_TaiwanStockPrice_3029,True,2026-09-24T07:10:28,2026-09-24T07:10:28,2026-09-24T07:10:28
3029,零壹,2023-07-26,64.4,2.000000000000007,3.21%,,,,,,,,,ShowDailyK_ChartFlow,FinMind_API_TaiwanStockPrice_3029,True,2026-09-24T07:10:28,2026-09-24T07:10:28,2026-09-24T07:10:28
3029,零壹,2023-07-27,68.0,3.5999999999999943,5.59%,,,,,,,,,ShowDailyK_ChartFlow,FinMind_API_TaiwanStockPrice_3029,True,2026-09-24T07:10:28,2026-09-24T07:10:28,2026-09-24T07:10:28
3029,零壹,2023-07-28,66.3,-1.7000000000000028,-2.50%,,,,,,,,,ShowDailyK_ChartFlow,FinMind_API_TaiwanStockPrice_3029,True,2026-09-24T07:10:28,2026-09-24T07:10:28,2026-09-24T07:10:28
3029,零壹,2023-07-31,68.1,1.7999999999999972,2.71%,,,,,,,,,ShowDailyK_ChartFlow,FinMind_API_TaiwanStockPrice_3029,True,2026-09-24T07:10:28,2026-09-24T07:10:28,2026-09-24T07:10:28
3029,零壹,2023-08-01,66.9,-1.1999999999999886,-1.76%,,,,,,,,,ShowDailyK_ChartFlow,FinMind_API_TaiwanStockPrice_3029,True,2026-09-24T07:10:28,2026-09-24T07:10:28,2026-09-24T07:10:28
3029,零壹,2023-08-02,64.9,-2.0,-2.99%,,,,,,,,,ShowDailyK_ChartFlow,FinMind_API_TaiwanStockPrice_3029,True,2026-09-24T07:10:28,2026-09-24T07:10:28,2026-09-24T07:10:28
3029,零壹,2023-08-04,68.5,3.5999999999999943,5.55%,,,,,,,,,ShowDailyK_ChartFlow,FinMind_API_TaiwanStockPrice_3029,True,2026-09-24T07:10:28,2026-09-24T07:10:28,2026-09-24T07:10:28
3029,零壹,2023-08-07,69.8,1.2999999999999972,1.90%,,,,,,,,,ShowDailyK_ChartFlow,FinMind_API_TaiwanStockPrice_3029,True,2026-09-24T07:10:28,2026-09-24T07:10:28,2026-09-24T07:10:28
3029,零壹,2023-08-08,68.4,-1.3999999999999915,-2.01%,,,,,,,,,ShowDailyK_ChartFlow,FinMind_API_TaiwanStockPrice_3029,True,2026-09-24T07:10:28,2026-09-24T07:10:28,2026-09-24T07:10:28
3029,零壹,2023-08-09,66.7,-1.7000000000000028,-2.49%,,,,,,,,,ShowDailyK_ChartFlow,FinMind_API_TaiwanStockPrice_3029,True,2026-09-24T07:10:28,2026-09-24T07:10:28,2026-09-24T07:10:28
3029,零壹,2023-08-10,64.6,-2.1000000000000085,-3.15%,,,,,,,,,ShowDailyK_ChartFlow,FinMind_API_TaiwanStockPrice_3029,True,2026-09-24T07:10:28,2026-09-24T07:10:28,2026-09-24T07:10:28
3029,零壹,2023-08-11,63.8,-0.7999999999999972,-1.24%,,,,,,,,,ShowDailyK_ChartFlow,FinMind_API_TaiwanStockPrice_3029,True,2026-09-24T07:10:28,2026-09-24T07:10:28,2026-09-24T07:10:28
3029,零壹,2023-08-14,60.8,-3.0,-4.70%,,,,,,,,,ShowDailyK_ChartFlow,FinMind_API_TaiwanStockPrice_3029,True,2026-09-24T07:10:28,2026-09-24T07:10:28,2026-09-24T07:10:28
3029,零壹,2023-08-15,61.3,0.5,0.82%,,,,,,,,,ShowDailyK_ChartFlow,FinMind_API_TaiwanStockPrice_3029,True,2026-09-24T07:10:28,2026-09-24T07:10:28,2026-09-24T07:10:28
3029,零壹,2023-08-16,61.3,0.0,0.00%,,,,,,,,,ShowDailyK_ChartFlow,FinMind_API_TaiwanStockPrice_3029,True,2026-09-24T07:10:28,2026-09-24T07:10:28,2026-09-24T07:10:28
3029,零壹,2023-08-17,62.9,1.6000000000000014,2.61%,,,,,,,,,ShowDailyK_ChartFlow,FinMind_API_TaiwanStockPrice_3029,True,2026-09-24T07:10:28,2026-09-24T07:10:28,2026-09-24T07:10:28
3029,零壹,2023-08-18,61.1,-1.7999999999999972,-2.86%,,,,,,,,,ShowDailyK_ChartFlow,FinMind_API_TaiwanStockPrice_3029,True,2026-09-24T07:10:28,2026-09-24T07:10:28,2026-09-24T07:10:28
3029,零壹,2023-08-21,61.9,0.7999999999999972,1.31%,,,,,,,,,ShowDailyK_ChartFlow,FinMind_API_TaiwanStockPrice_3029,True,2026-09-24T07:10:28,2026-09-24T07:10:28,2026-09-24T07:10:28
3029,零壹,2023-08-22,61.4,-0.5,-0.81%,,,,,,,,,ShowDailyK_ChartFlow,FinMind_API_TaiwanStockPrice_3029,True,2026-09-24T07:10:28,2026-09-24T07:10:28,2026-09-24T07:10:28
3029,零壹,2023-08-23,61.5,0.10000000000000142,0.16%,,,,,,,,,ShowDailyK_ChartFlow,FinMind_API_TaiwanStockPrice_3029,True,2026-09-24T07:10:28,2026-09-24T07:10:28,2026-09-24T07:10:28
3029,零壹,2023-08-24,61.2,-0.29999999999999716,-0.49%,,,,,,,,,ShowDailyK_ChartFlow,FinMind_API_TaiwanStockPrice_3029,True,2026-09-24T07:10:28,2026-09-24T07:10:28,2026-09-24T07:10:28
3029,零壹,2023-08-25,60.6,-0.6000000000000014,-0.98%,,,,,,,,,ShowDailyK_ChartFlow,FinMind_API_TaiwanStockPrice_3029,True,2026-09-24T07:10:28,2026-09-24T07:10:28,2026-09-24T07:10:28
3029,零壹,2023-08-28,59.2,-1.3999999999999986,-2.31%,,,,,,,,,ShowDailyK_ChartFlow,FinMind_API_TaiwanStockPrice_3029,True,2026-09-24T07:10:28,2026-09-24T07:10:28,2026-09-24T07:10:28
3029,零壹,2023-08-29,59.6,0.3999999999999986,0.68%,,,,,,,,,ShowDailyK_ChartFlow,FinMind_API_TaiwanStockPrice_3029,True,2026-09-24T07:10:28,2026-09-24T07:10:28,2026-09-24T07:10:28
3029,零壹,2023-08-30,60.2,0.6000000000000014,1.01%,,,,,,,,,ShowDailyK_ChartFlow,FinMind_API_TaiwanStockPrice_3029,True,2026-09-24T07:10:28,2026-09-24T07:10:28,2026-09-24T07:10:28
3029,零壹,2023-08-31,60.6,0.3999999999999986,0.66%,,,,,,,,,ShowDailyK_ChartFlow,FinMind_API_TaiwanStockPrice_3029,True,2026-09-24T07:10:28,2026-09-24T07:10:28,2026-09-24T07:10:28
3029,零壹,2023-09-01,60.3,-0.30000000000000426,-0.50%,,,,,,,,,ShowDailyK_ChartFlow,FinMind_API_TaiwanStockPrice_3029,True,2026-09-24T07:10:28,2026-09-24T07:10:28,2026-09-24T07:10:28
3029,零壹,2023-09-04,61.0,0.7000000000000028,1.16%,,,,,,,,,ShowDailyK_ChartFlow,FinMind_API_TaiwanStockPrice_3029,True,2026-09-24T07:10:28,2026-09-24T07:10:28,2026-09-24T07:10:28
3029,零壹,2023-09-05,61.3,0.29999999999999716,0.49%,,,,,,,,,ShowDailyK_ChartFlow,FinMind_API_TaiwanStockPrice_3029,True,2026-09-24T07:10:28,2026-09-24T07:10:28,2026-09-24T07:10:28
3029,零壹,2023-09-06,61.3,0.0,0.00%,,,,,,,,,ShowDailyK_ChartFlow,FinMind_API_TaiwanStockPrice_3029,True,2026-09-24T07:10:28,2026-09-24T07:10:28,2026-09-24T07:10:28
3029,零壹,2023-09-07,61.7,0.4000000000000057,0.65%,,,,,,,,,ShowDailyK_ChartFlow,FinMind_API_TaiwanStockPrice_3029,True,2026-09-24T07:10:28,2026-09-24T07:10:28,2026-09-24T07:10:28
3029,零壹,2023-09-08,62.5,0.7999999999999972,1.30%,,,,,,,,,ShowDailyK_ChartFlow,FinMind_API_TaiwanStockPrice_3029,True,2026-09-24T07:10:28,2026-09-24T07:10:28,2026-09-24T07:10:28
3029,零壹,2023-09-11,60.2,-2.299999999999997,-3.68%,,,,,,,,,ShowDailyK_ChartFlow,FinMind_API_TaiwanStockPrice_3029,True,2026-09-24T07:10:28,2026-09-24T07:10:28,2026-09-24T07:10:28
3029,零壹,2023-09-12,60.0,-0.20000000000000284,-0.33%,,,,,,,,,ShowDailyK_ChartFlow,FinMind_API_TaiwanStockPrice_3029,True,2026-09-24T07:10:28,2026-09-24T07:10:28,2026-09-24T07:10:28
3029,零壹,2023-09-13,60.0,0.0,0.00%,,,,,,,,,ShowDailyK_ChartFlow,FinMind_API_TaiwanStockPrice_3029,True,2026-09-24T07:10:28,2026-09-24T07:10:28,2026-09-24T07:10:28
3029,零壹,2023-09-14,61.0,1.0,1.67%,,,,,,,,,ShowDailyK_ChartFlow,FinMind_API_TaiwanStockPrice_3029,True,2026-09-24T07:10:28,2026-09-24T07:10:28,2026-09-24T07:10:28
3029,零壹,2023-09-15,60.9,-0.10000000000000142,-0.16%,,,,,,,,,ShowDailyK_ChartFlow,FinMind_API_TaiwanStockPrice_3029,True,2026-09-24T07:10:28,2026-09-24T07:10:28,2026-09-24T07:10:28
3029,零壹,2023-09-18,60.1,-0.7999999999999972,-1.31%,,,,,,,,,ShowDailyK_ChartFlow,FinMind_API_TaiwanStockPrice_3029,True,2026-09-24T07:10:28,2026-09-24T07:10:28,2026-09-24T07:10:28
3029,零壹,2023-09-19,60.5,0.3999999999999986,0.67%,,,,,,,,,ShowDailyK_ChartFlow,FinMind_API_TaiwanStockPrice_3029,True,2026-09-24T07:10:28,2026-09-24T07:10:28,2026-09-24T07:10:28
3029,零壹,2023-09-20,60.2,-0.29999999999999716,-0.50%,,,,,,,,,ShowDailyK_ChartFlow,FinMind_API_TaiwanStockPrice_3029,True,2026-09-24T07:10:28,2026-09-24T07:10:28,2026-09-24T07:10:28
3029,零壹,2023-09-21,59.8,-0.4000000000000057,-0.66%,,,,,,,,,ShowDailyK_ChartFlow,FinMind_API_TaiwanStockPrice_3029,True,2026-09-24T07:10:28,2026-09-24T07:10:28,2026-09-24T07:10:28
3029,零壹,2023-09-22,60.5,0.7000000000000028,1.17%,,,,,,,,,ShowDailyK_ChartFlow,FinMind_API_TaiwanStockPrice_3029,True,2026-09-24T07:10:28,2026-09-24T07:10:28,2026-09-24T07:10:28
3029,零壹,2023-09-25,61.2,0.7000000000000028,1.16%,,,,,,,,,ShowDailyK_ChartFlow,FinMind_API_TaiwanStockPrice_3029,True,2026-09-24T07:10:28,2026-09-24T07:10:28,2026-09-24T07:10:28
3029,零壹,2023-09-26,61.5,0.29999999999999716,0.49%,,,,,,,,,ShowDailyK_ChartFlow,FinMind_API_TaiwanStockPrice_3029,True,2026-09-24T07:10:28,2026-09-24T07:10:28,2026-09-24T07:10:28
3029,零壹,2023-09-27,61.5,0.0,0.00%,,,,,,,,,ShowDailyK_ChartFlow,FinMind_API_TaiwanStockPrice_3029,True,2026-09-24T07:10:28,2026-09-24T07:10:28,2026-09-24T07:10:28
3029,零壹,2023-09-28,61.9,0.3999999999999986,0.65%,,,,,,,,,ShowDailyK_ChartFlow,FinMind_API_TaiwanStockPrice_3029,True,2026-09-24T07:10:28,2026-09-24T07:10:28,2026-09-24T07:10:28
3029,零壹,2023-10-02,62.0,0.10000000000000142,0.16%,,,,,,,,,ShowDailyK_ChartFlow,FinMind_API_TaiwanStockPrice_3029,True,2026-09-24T07:10:28,2026-09-24T07:10:28,2026-09-24T07:10:28
3029,零壹,2023-10-03,62.2,0.20000000000000284,0.32%,,,,,,,,,ShowDailyK_ChartFlow,FinMind_API_TaiwanStockPrice_3029,True,2026-09-24T07:10:28,2026-09-24T07:10:28,2026-09-24T07:10:28
3029,零壹,2023-10-04,61.4,-0.8000000000000043,-1.29%,,,,,,,,,ShowDailyK_ChartFlow,FinMind_API_TaiwanStockPrice_3029,True,2026-09-24T07:10:28,2026-09-24T07:10:28,2026-09-24T07:10:28
3029,零壹,2023-10-05,62.7,1.3000000000000043,2.12%,,,,,,,,,ShowDailyK_ChartFlow,FinMind_API_TaiwanStockPrice_3029,True,2026-09-24T07:10:28,2026-09-24T07:10:28,2026-09-24T07:10:28
3029,零壹,2023-10-06,64.1,1.3999999999999915,2.23%,,,,,,,,,ShowDailyK_ChartFlow,FinMind_API_TaiwanStockPrice_3029,True,2026-09-24T07:10:28,2026-09-24T07:10:28,2026-09-24T07:10:28
3029,零壹,2023-10-11,64.3,0.20000000000000284,0.31%,,,,,,,,,ShowDailyK_ChartFlow,FinMind_API_TaiwanStockPrice_3029,True,2026-09-24T07:10:28,2026-09-24T07:10:28,2026-09-24T07:10:28
3029,零壹,2023-10-12,65.5,1.2000000000000028,1.87%,,,,,,,,,ShowDailyK_ChartFlow,FinMind_API_TaiwanStockPrice_3029,True,2026-09-24T07:10:28,2026-09-24T07:10:28,2026-09-24T07:10:28
3029,零壹,2023-10-13,65.1,-0.4000000000000057,-0.61%,,,,,,,,,ShowDailyK_ChartFlow,FinMind_API_TaiwanStockPrice_3029,True,2026-09-24T07:10:28,2026-09-24T07:10:28,2026-09-24T07:10:28
3029,零壹,2023-10-16,65.4,0.30000000000001137,0.46%,,,,,,,,,ShowDailyK_ChartFlow,FinMind_API_TaiwanStockPrice_3029,True,2026-09-24T07:10:28,2026-09-24T07:10:28,2026-09-24T07:10:28
3029,零壹,2023-10-17,62.9,-2.500000000000007,-3.82%,,,,,,,,,ShowDailyK_ChartFlow,FinMind_API_TaiwanStockPrice_3029,True,2026-09-24T07:10:28,2026-09-24T07:10:28,2026-09-24T07:10:28
3029,零壹,2023-10-18,61.5,-1.3999999999999986,-2.23%,,,,,,,,,ShowDailyK_ChartFlow,FinMind_API_TaiwanStockPrice_3029,True,2026-09-24T07:10:28,2026-09-24T07:10:28,2026-09-24T07:10:28
3029,零壹,2023-10-19,60.8,-0.7000000000000028,-1.14%,,,,,,,,,ShowDailyK_ChartFlow,FinMind_API_TaiwanStockPrice_3029,True,2026-09-24T07:10:28,2026-09-24T07:10:28,2026-09-24T07:10:28
3029,零壹,2023-10-20,60.2,-0.5999999999999943,-0.99%,,,,,,,,,ShowDailyK_ChartFlow,FinMind_API_TaiwanStockPrice_3029,True,2026-09-24T07:10:28,2026-09-24T07:10:28,2026-09-24T07:10:28
3029,零壹,2023-10-23,60.1,-0.10000000000000142,-0.17%,,,,,,,,,ShowDailyK_ChartFlow,FinMind_API_TaiwanStockPrice_3029,True,2026-09-24T07:10:28,2026-09-24T07:10:28,2026-09-24T07:10:28
3029,零壹,2023-10-24,61.4,1.2999999999999972,2.16%,,,,,,,,,ShowDailyK_ChartFlow,FinMind_API_TaiwanStockPrice_3029,True,2026-09-24T07:10:28,2026-09-24T07:10:28,2026-09-24T07:10:28
3029,零壹,2023-10-25,61.9,0.5,0.81%,,,,,,,,,ShowDailyK_ChartFlow,FinMind_API_TaiwanStockPrice_3029,True,2026-09-24T07:10:28,2026-09-24T07:10:28,2026-09-24T07:10:28
3029,零壹,2023-10-26,60.8,-1.1000000000000014,-1.78%,,,,,,,,,ShowDailyK_ChartFlow,FinMind_API_TaiwanStockPrice_3029,True,2026-09-24T07:10:28,2026-09-24T07:10:28,2026-09-24T07:10:28
3029,零壹,2023-10-27,62.0,1.2000000000000028,1.97%,,,,,,,,,ShowDailyK_ChartFlow,FinMind_API_TaiwanStockPrice_3029,True,2026-09-24T07:10:28,2026-09-24T07:10:28,2026-09-24T07:10:28
3029,零壹,2023-10-30,62.0,0.0,0.00%,,,,,,,,,ShowDailyK_ChartFlow,FinMind_API_TaiwanStockPrice_3029,True,2026-09-24T07:10:28,2026-09-24T07:10:28,2026-09-24T07:10:28
3029,零壹,2023-10-31,60.5,-1.5,-2.42%,,,,,,,,,ShowDailyK_ChartFlow,FinMind_API_TaiwanStockPrice_3029,True,2026-09-24T07:10:28,2026-09-24T07:10:28,2026-09-24T07:10:28
3029,零壹,2023-11-01,60.8,0.29999999999999716,0.50%,,,,,,,,,ShowDailyK_ChartFlow,FinMind_API_TaiwanStockPrice_3029,True,2026-09-24T07:10:28,2026-09-24T07:10:28,2026-09-24T07:10:28
3029,零壹,2023-11-02,61.6,0.8000000000000043,1.32%,,,,,,,,,ShowDailyK_ChartFlow,FinMind_API_TaiwanStockPrice_3029,True,2026-09-24T07:10:28,2026-09-24T07:10:28,2026-09-24T07:10:28
3029,零壹,2023-11-03,63.0,1.3999999999999986,2.27%,,,,,,,,,ShowDailyK_ChartFlow,FinMind_API_TaiwanStockPrice_3029,True,2026-09-24T07:10:28,2026-09-24T07:10:28,2026-09-24T07:10:28
3029,零壹,2023-11-06,64.3,1.2999999999999972,2.06%,,,,,,,,,ShowDailyK_ChartFlow,FinMind_API_TaiwanStockPrice_3029,True,2026-09-24T07:10:28,2026-09-24T07:10:28,2026-09-24T07:10:28
3029,零壹,2023-11-07,64.9,0.6000000000000085,0.93%,,,,,,,,,ShowDailyK_ChartFlow,FinMind_API_TaiwanStockPrice_3029,True,2026-09-24T07:10:28,2026-09-24T07:10:28,2026-09-24T07:10:28
3029,零壹,2023-11-08,65.6,0.6999999999999886,1.08%,,,,,,,,,ShowDailyK_ChartFlow,FinMind_API_TaiwanStockPrice_3029,True,2026-09-24T07:10:28,2026-09-24T07:10:28,2026-09-24T07:10:28
3029,零壹,2023-11-09,65.2,-0.3999999999999915,-0.61%,,,,,,,,,ShowDailyK_ChartFlow,FinMind_API_TaiwanStockPrice_3029,True,2026-09-24T07:10:28,2026-09-24T07:10:28,2026-09-24T07:10:28
3029,零壹,2023-11-10,64.3,-0.9000000000000057,-1.38%,,,,,,,,,ShowDailyK_ChartFlow,FinMind_API_TaiwanStockPrice_3029,True,2026-09-24T07:10:28,2026-09-24T07:10:28,2026-09-24T07:10:28
3029,零壹,2023-11-13,65.1,0.7999999999999972,1.24%,,,,,,,,,ShowDailyK_ChartFlow,FinMind_API_TaiwanStockPrice_3029,True,2026-09-24T07:10:28,2026-09-24T07:10:28,2026-09-24T07:10:28
3029,零壹,2023-11-14,64.9,-0.19999999999998863,-0.31%,,,,,,,,,ShowDailyK_ChartFlow,FinMind_API_TaiwanStockPrice_3029,True,2026-09-24T07:10:28,2026-09-24T07:10:28,2026-09-24T07:10:28
3029,零壹,2023-11-15,64.2,-0.7000000000000028,-1.08%,,,,,,,,,ShowDailyK_ChartFlow,FinMind_API_TaiwanStockPrice_3029,True,2026-09-24T07:10:28,2026-09-24T07:10:28,2026-09-24T07:10:28
3029,零壹,2023-11-16,63.9,-0.30000000000000426,-0.47%,,,,,,,,,ShowDailyK_ChartFlow,FinMind_API_TaiwanStockPrice_3029,True,2026-09-24T07:10:28,2026-09-24T07:10:28,2026-09-24T07:10:28
3029,零壹,2023-11-17,65.1,1.1999999999999957,1.88%,,,,,,,,,ShowDailyK_ChartFlow,FinMind_API_TaiwanStockPrice_3029,True,2026-09-24T07:10:28,2026-09-24T07:10:28,2026-09-24T07:10:28
3029,零壹,2023-11-20,65.9,0.8000000000000114,1.23%,,,,,,,,,ShowDailyK_ChartFlow,FinMind_API_TaiwanStockPrice_3029,True,2026-09-24T07:10:28,2026-09-24T07:10:28,2026-09-24T07:10:28
3029,零壹,2023-11-21,65.3,-0.6000000000000085,-0.91%,,,,,,,,,ShowDailyK_ChartFlow,FinMind_API_TaiwanStockPrice_3029,True,2026-09-24T07:10:28,2026-09-24T07:10:28,2026-09-24T07:10:28
3029,零壹,2023-11-22,65.8,0.5,0.77%,,,,,,,,,ShowDailyK_ChartFlow,FinMind_API_TaiwanStockPrice_3029,True,2026-09-24T07:10:28,2026-09-24T07:10:28,2026-09-24T07:10:28
3029,零壹,2023-11-23,66.1,0.29999999999999716,0.46%,,,,,,,,,ShowDailyK_ChartFlow,FinMind_API_TaiwanStockPrice_3029,True,2026-09-24T07:10:28,2026-09-24T07:10:28,2026-09-24T07:10:28
3029,零壹,2023-11-24,66.4,0.30000000000001137,0.45%,,,,,,,,,ShowDailyK_ChartFlow,FinMind_API_TaiwanStockPrice_3029,True,2026-09-24T07:10:28,2026-09-24T07:10:28,2026-09-24T07:10:28
3029,零壹,2023-11-27,65.2,-1.2000000000000028,-1.81%,,,,,,,,,ShowDailyK_ChartFlow,FinMind_API_TaiwanStockPrice_3029,True,2026-09-24T07:10:28,2026-09-24T07:10:28,2026-09-24T07:10:28
3029,零壹,2023-11-28,65.2,0.0,0.00%,,,,,,,,,ShowDailyK_ChartFlow,FinMind_API_TaiwanStockPrice_3029,True,2026-09-24T07:10:28,2026-09-24T07:10:28,2026-09-24T07:10:28
3029,零壹,2023-11-29,65.2,0.0,0.00%,,,,,,,,,ShowDailyK_ChartFlow,FinMind_API_TaiwanStockPrice_3029,True,2026-09-24T07:10:28,2026-09-24T07:10:28,2026-09-24T07:10:28
3029,零壹,2023-11-30,65.8,0.5999999999999943,0.92%,,,,,,,,,ShowDailyK_ChartFlow,FinMind_API_TaiwanStockPrice_3029,True,2026-09-24T07:10:28,2026-09-24T07:10:28,2026-09-24T07:10:28
3029,零壹,2023-12-01,66.2,0.4000000000000057,0.61%,,,,,,,,,ShowDailyK_ChartFlow,FinMind_API_TaiwanStockPrice_3029,True,2026-09-24T07:10:28,2026-09-24T07:10:28,2026-09-24T07:10:28
3029,零壹,2023-12-04,66.3,0.09999999999999432,0.15%,,,,,,,,,ShowDailyK_ChartFlow,FinMind_API_TaiwanStockPrice_3029,True,2026-09-24T07:10:28,2026-09-24T07:10:28,2026-09-24T07:10:28
3029,零壹,2023-12-05,67.4,1.1000000000000085,1.66%,,,,,,,,,ShowDailyK_ChartFlow,FinMind_API_TaiwanStockPrice_3029,True,2026-09-24T07:10:28,2026-09-24T07:10:28,2026-09-24T07:10:28
3029,零壹,2023-12-06,66.6,-0.8000000000000114,-1.19%,,,,,,,,,ShowDailyK_ChartFlow,FinMind_API_TaiwanStockPrice_3029,True,2026-09-24T07:10:28,2026-09-24T07:10:28,2026-09-24T07:10:28
3029,零壹,2023-12-07,65.4,-1.1999999999999886,-1.80%,,,,,,,,,ShowDailyK_ChartFlow,FinMind_API_TaiwanStockPrice_3029,True,2026-09-24T07:10:28,2026-09-24T07:10:28,2026-09-24T07:10:28
3029,零壹,2023-12-08,65.1,-0.30000000000001137,-0.46%,,,,,,,,,ShowDailyK_ChartFlow,FinMind_API_TaiwanStockPrice_3029,True,2026-09-24T07:10:28,2026-09-24T07:10:28,2026-09-24T07:10:28
3029,零壹,2023-12-11,64.6,-0.5,-0.77%,,,,,,,,,ShowDailyK_ChartFlow,FinMind_API_TaiwanStockPrice_3029,True,2026-09-24T07:10:28,2026-09-24T07:10:28,2026-09-24T07:10:28
3029,零壹,2023-12-12,64.1,-0.5,-0.77%,,,,,,,,,ShowDailyK_ChartFlow,FinMind_API_TaiwanStockPrice_3029,True,2026-09-24T07:10:28,2026-09-24T07:10:28,2026-09-24T07:10:28
3029,零壹,2023-12-13,65.2,1.1000000000000085,1.72%,,,,,,,,,ShowDailyK_ChartFlow,FinMind_API_TaiwanStockPrice_3029,True,2026-09-24T07:10:28,2026-09-24T07:10:28,2026-09-24T07:10:28
3029,零壹,2023-12-14,66.2,1.0,1.53%,,,,,,,,,ShowDailyK_ChartFlow,FinMind_API_TaiwanStockPrice_3029,True,2026-09-24T07:10:28,2026-09-24T07:10:28,2026-09-24T07:10:28
3029,零壹,2023-12-15,65.8,-0.4000000000000057,-0.60%,,,,,,,,,ShowDailyK_ChartFlow,FinMind_API_TaiwanStockPrice_3029,True,2026-09-24T07:10:28,2026-09-24T07:10:28,2026-09-24T07:10:28
3029,零壹,2023-12-18,65.2,-0.5999999999999943,-0.91%,,,,,,,,,ShowDailyK_ChartFlow,FinMind_API_TaiwanStockPrice_3029,True,2026-09-24T07:10:28,2026-09-24T07:10:28,2026-09-24T07:10:28
3029,零壹,2023-12-19,64.5,-0.7000000000000028,-1.07%,,,,,,,,,ShowDailyK_ChartFlow,FinMind_API_TaiwanStockPrice_3029,True,2026-09-24T07:10:28,2026-09-24T07:10:28,2026-09-24T07:10:28
3029,零壹,2023-12-20,64.7,0.20000000000000284,0.31%,,,,,,,,,ShowDailyK_ChartFlow,FinMind_API_TaiwanStockPrice_3029,True,2026-09-24T07:10:28,2026-09-24T07:10:28,2026-09-24T07:10:28
3029,零壹,2023-12-21,64.3,-0.4000000000000057,-0.62%,,,,,,,,,ShowDailyK_ChartFlow,FinMind_API_TaiwanStockPrice_3029,True,2026-09-24T07:10:28,2026-09-24T07:10:28,2026-09-24T07:10:28
3029,零壹,2023-12-22,64.3,0.0,0.00%,,,,,,,,,ShowDailyK_ChartFlow,FinMind_API_TaiwanStockPrice_3029,True,2026-09-24T07:10:28,2026-09-24T07:10:28,2026-09-24T07:10:28
3029,零壹,2023-12-25,64.1,-0.20000000000000284,-0.31%,,,,,,,,,ShowDailyK_ChartFlow,FinMind_API_TaiwanStockPrice_3029,True,2026-09-24T07:10:28,2026-09-24T07:10:28,2026-09-24T07:10:28
3029,零壹,2023-12-26,64.5,0.4000000000000057,0.62%,,,,,,,,,ShowDailyK_ChartFlow,FinMind_API_TaiwanStockPrice_3029,True,2026-09-24T07:10:28,2026-09-24T07:10:28,2026-09-24T07:10:28
3029,零壹,2023-12-27,64.6,0.09999999999999432,0.16%,,,,,,,,,ShowDailyK_ChartFlow,FinMind_API_TaiwanStockPrice_3029,True,2026-09-24T07:10:28,2026-09-24T07:10:28,2026-09-24T07:10:28
3029,零壹,2023-12-28,64.8,0.20000000000000284,0.31%,,,,,,,,,ShowDailyK_ChartFlow,FinMind_API_TaiwanStockPrice_3029,True,2026-09-24T07:10:28,2026-09-24T07:10:28,2026-09-24T07:10:28
3029,零壹,2023-12-29,65.4,0.6000000000000085,0.93%,,,,,,,,,ShowDailyK_ChartFlow,FinMind_API_TaiwanStockPrice_3029,True,2026-09-24T07:10:28,2026-09-24T07:10:28,2026-09-24T07:10:28
3029,零壹,2024-01-02,65.8,0.3999999999999915,0.61%,,,,,,,,,ShowDailyK_ChartFlow,FinMind_API_TaiwanStockPrice_3029,True,2026-09-24T07:10:28,2026-09-24T07:10:28,2026-09-24T07:10:28
3029,零壹,2024-01-03,66.1,0.29999999999999716,0.46%,,,,,,,,,ShowDailyK_ChartFlow,FinMind_API_TaiwanStockPrice_3029,True,2026-09-24T07:10:28,2026-09-24T07:10:28,2026-09-24T07:10:28
3029,零壹,2024-01-04,65.3,-0.7999999999999972,-1.21%,,,,,,,,,ShowDailyK_ChartFlow,FinMind_API_TaiwanStockPrice_3029,True,2026-09-24T07:10:28,2026-09-24T07:10:28,2026-09-24T07:10:28
3029,零壹,2024-01-05,65.9,0.6000000000000085,0.92%,,,,,,,,,ShowDailyK_ChartFlow,FinMind_API_TaiwanStockPrice_3029,True,2026-09-24T07:10:28,2026-09-24T07:10:28,2026-09-24T07:10:28
3029,零壹,2024-01-08,66.5,0.5999999999999943,0.91%,,,,,,,,,ShowDailyK_ChartFlow,FinMind_API_TaiwanStockPrice_3029,True,2026-09-24T07:10:28,2026-09-24T07:10:28,2026-09-24T07:10:28
3029,零壹,2024-01-09,65.4,-1.0999999999999943,-1.65%,,,,,,,,,ShowDailyK_ChartFlow,FinMind_API_TaiwanStockPrice_3029,True,2026-09-24T07:10:28,2026-09-24T07:10:28,2026-09-24T07:10:28
3029,零壹,2024-01-10,65.4,0.0,0.00%,,,,,,,,,ShowDailyK_ChartFlow,FinMind_API_TaiwanStockPrice_3029,True,2026-09-24T07:10:28,2026-09-24T07:10:28,2026-09-24T07:10:28
3029,零壹,2024-01-11,65.5,0.09999999999999432,0.15%,,,,,,,,,ShowDailyK_ChartFlow,FinMind_API_TaiwanStockPrice_3029,True,2026-09-24T07:10:28,2026-09-24T07:10:28,2026-09-24T07:10:28
3029,零壹,2024-01-12,64.9,-0.5999999999999943,-0.92%,,,,,,,,,ShowDailyK_ChartFlow,FinMind_API_TaiwanStockPrice_3029,True,2026-09-24T07:10:28,2026-09-24T07:10:28,2026-09-24T07:10:28
3029,零壹,2024-01-15,66.2,1.2999999999999972,2.00%,,,,,,,,,ShowDailyK_ChartFlow,FinMind_API_TaiwanStockPrice_3029,True,2026-09-24T07:10:28,2026-09-24T07:10:28,2026-09-24T07:10:28
3029,零壹,2024-01-16,66.3,0.09999999999999432,0.15%,,,,,,,,,ShowDailyK_ChartFlow,FinMind_API_TaiwanStockPrice_3029,True,2026-09-24T07:10:28,2026-09-24T07:10:28,2026-09-24T07:10:28
3029,零壹,2024-01-17,69.9,3.6000000000000085,5.43%,,,,,,,,,ShowDailyK_ChartFlow,FinMind_API_TaiwanStockPrice_3029,True,2026-09-24T07:10:28,2026-09-24T07:10:28,2026-09-24T07:10:28
3029,零壹,2024-01-18,71.0,1.0999999999999943,1.57%,,,,,,,,,ShowDailyK_ChartFlow,FinMind_API_TaiwanStockPrice_3029,True,2026-09-24T07:10:28,2026-09-24T07:10:28,2026-09-24T07:10:28
3029,零壹,2024-01-19,69.5,-1.5,-2.11%,,,,,,,,,ShowDailyK_ChartFlow,FinMind_API_TaiwanStockPrice_3029,True,2026-09-24T07:10:28,2026-09-24T07:10:28,2026-09-24T07:10:28
3029,零壹,2024-01-22,71.7,2.200000000000003,3.17%,,,,,,,,,ShowDailyK_ChartFlow,FinMind_API_TaiwanStockPrice_3029,True,2026-09-24T07:10:28,2026-09-24T07:10:28,2026-09-24T07:10:28
3029,零壹,2024-01-23,70.0,-1.7000000000000028,-2.37%,,,,,,,,,ShowDailyK_ChartFlow,FinMind_API_TaiwanStockPrice_3029,True,2026-09-24T07:10:28,2026-09-24T07:10:28,2026-09-24T07:10:28
3029,零壹,2024-01-24,69.2,-0.7999999999999972,-1.14%,,,,,,,,,ShowDailyK_ChartFlow,FinMind_API_TaiwanStockPrice_3029,True,2026-09-24T07:10:28,2026-09-24T07:10:28,2026-09-24T07:10:28
3029,零壹,2024-01-25,68.0,-1.2000000000000028,-1.73%,,,,,,,,,ShowDailyK_ChartFlow,FinMind_API_TaiwanStockPrice_3029,True,2026-09-24T07:10:28,2026-09-24T07:10:28,2026-09-24T07:10:28
3029,零壹,2024-01-26,67.9,-0.09999999999999432,-0.15%,,,,,,,,,ShowDailyK_ChartFlow,FinMind_API_TaiwanStockPrice_3029,True,2026-09-24T07:10:28,2026-09-24T07:10:28,2026-09-24T07:10:28
3029,零壹,2024-01-29,68.8,0.8999999999999915,1.33%,,,,,,,,,ShowDailyK_ChartFlow,FinMind_API_TaiwanStockPrice_3029,True,2026-09-24T07:10:28,2026-09-24T07:10:28,2026-09-24T07:10:28
3029,零壹,2024-01-30,68.5,-0.29999999999999716,-0.44%,,,,,,,,,ShowDailyK_ChartFlow,FinMind_API_TaiwanStockPrice_3029,True,2026-09-24T07:10:28,2026-09-24T07:10:28,2026-09-24T07:10:28
3029,零壹,2024-01-31,68.4,-0.09999999999999432,-0.15%,,,,,,,,,ShowDailyK_ChartFlow,FinMind_API_TaiwanStockPrice_3029,True,2026-09-24T07:10:28,2026-09-24T07:10:28,2026-09-24T07:10:28
3029,零壹,2024-02-01,70.3,1.8999999999999915,2.78%,,,,,,,,,ShowDailyK_ChartFlow,FinMind_API_TaiwanStockPrice_3029,True,2026-09-24T07:10:28,2026-09-24T07:10:28,2026-09-24T07:10:28
3029,零壹,2024-02-02,71.7,1.4000000000000057,1.99%,,,,,,,,,ShowDailyK_ChartFlow,FinMind_API_TaiwanStockPrice_3029,True,2026-09-24T07:10:28,2026-09-24T07:10:28,2026-09-24T07:10:28
3029,零壹,2024-02-05,71.2,-0.5,-0.70%,,,,,,,,,ShowDailyK_ChartFlow,FinMind_API_TaiwanStockPrice_3029,True,2026-09-24T07:10:28,2026-09-24T07:10:28,2026-09-24T07:10:28
3029,零壹,2024-02-15,72.9,1.7000000000000028,2.39%,,,,,,,,,ShowDailyK_ChartFlow,FinMind_API_TaiwanStockPrice_3029,True,2026-09-24T07:10:28,2026-09-24T07:10:28,2026-09-24T07:10:28
3029,零壹,2024-02-16,71.4,-1.5,-2.06%,,,,,,,,,ShowDailyK_ChartFlow,FinMind_API_TaiwanStockPrice_3029,True,2026-09-24T07:10:28,2026-09-24T07:10:28,2026-09-24T07:10:28
3029,零壹,2024-02-19,70.7,-0.7000000000000028,-0.98%,,,,,,,,,ShowDailyK_ChartFlow,FinMind_API_TaiwanStockPrice_3029,True,2026-09-24T07:10:28,2026-09-24T07:10:28,2026-09-24T07:10:28
3029,零壹,2024-02-20,70.7,0.0,0.00%,,,,,,,,,ShowDailyK_ChartFlow,FinMind_API_TaiwanStockPrice_3029,True,2026-09-24T07:10:28,2026-09-24T07:10:28,2026-09-24T07:10:28
3029,零壹,2024-02-21,71.1,0.3999999999999915,0.57%,,,,,,,,,ShowDailyK_ChartFlow,FinMind_API_TaiwanStockPrice_3029,True,2026-09-24T07:10:28,2026-09-24T07:10:28,2026-09-24T07:10:28
3029,零壹,2024-02-22,71.1,0.0,0.00%,,,,,,,,,ShowDailyK_ChartFlow,FinMind_API_TaiwanStockPrice_3029,True,2026-09-24T07:10:28,2026-09-24T07:10:28,2026-09-24T07:10:28
3029,零壹,2024-02-23,72.5,1.4000000000000057,1.97%,,,,,,,,,ShowDailyK_ChartFlow,FinMind_API_TaiwanStockPrice_3029,True,2026-09-24T07:10:28,2026-09-24T07:10:28,2026-09-24T07:10:28
3029,零壹,2024-02-26,72.3,-0.20000000000000284,-0.28%,,,,,,,,,ShowDailyK_ChartFlow,FinMind_API_TaiwanStockPrice_3029,True,2026-09-24T07:10:28,2026-09-24T07:10:28,2026-09-24T07:10:28
3029,零壹,2024-02-27,71.1,-1.2000000000000028,-1.66%,,,,,,,,,ShowDailyK_ChartFlow,FinMind_API_TaiwanStockPrice_3029,True,2026-09-24T07:10:28,2026-09-24T07:10:28,2026-09-24T07:10:28
3029,零壹,2024-02-29,78.2,7.1000000000000085,9.99%,,,,,,,,,ShowDailyK_ChartFlow,FinMind_API_TaiwanStockPrice_3029,True,2026-09-24T07:10:28,2026-09-24T07:10:28,2026-09-24T07:10:28
3029,零壹,2024-03-01,76.8,-1.4000000000000057,-1.79%,,,,,,,,,ShowDailyK_ChartFlow,FinMind_API_TaiwanStockPrice_3029,True,2026-09-24T07:10:28,2026-09-24T07:10:28,2026-09-24T07:10:28
3029,零壹,2024-03-04,76.1,-0.7000000000000028,-0.91%,,,,,,,,,ShowDailyK_ChartFlow,FinMind_API_TaiwanStockPrice_3029,True,2026-09-24T07:10:28,2026-09-24T07:10:28,2026-09-24T07:10:28
3029,零壹,2024-03-05,76.3,0.20000000000000284,0.26%,,,,,,,,,ShowDailyK_ChartFlow,FinMind_API_TaiwanStockPrice_3029,True,2026-09-24T07:10:28,2026-09-24T07:10:28,2026-09-24T07:10:28
3029,零壹,2024-03-06,77.0,0.7000000000000028,0.92%,,,,,,,,,ShowDailyK_ChartFlow,FinMind_API_TaiwanStockPrice_3029,True,2026-09-24T07:10:28,2026-09-24T07:10:28,2026-09-24T07:10:28
3029,零壹,2024-03-07,76.3,-0.7000000000000028,-0.91%,,,,,,,,,ShowDailyK_ChartFlow,FinMind_API_TaiwanStockPrice_3029,True,2026-09-24T07:10:28,2026-09-24T07:10:28,2026-09-24T07:10:28
3029,零壹,2024-03-08,75.1,-1.2000000000000028,-1.57%,,,,,,,,,ShowDailyK_ChartFlow,FinMind_API_TaiwanStockPrice_3029,True,2026-09-24T07:10:28,2026-09-24T07:10:28,2026-09-24T07:10:28
3029,零壹,2024-03-11,75.2,0.10000000000000853,0.13%,,,,,,,,,ShowDailyK_ChartFlow,FinMind_API_TaiwanStockPrice_3029,True,2026-09-24T07:10:28,2026-09-24T07:10:28,2026-09-24T07:10:28
3029,零壹,2024-03-12,77.5,2.299999999999997,3.06%,,,,,,,,,ShowDailyK_ChartFlow,FinMind_API_TaiwanStockPrice_3029,True,2026-09-24T07:10:28,2026-09-24T07:10:28,2026-09-24T07:10:28
3029,零壹,2024-03-13,77.4,-0.09999999999999432,-0.13%,,,,,,,,,ShowDailyK_ChartFlow,FinMind_API_TaiwanStockPrice_3029,True,2026-09-24T07:10:28,2026-09-24T07:10:28,2026-09-24T07:10:28
3029,零壹,2024-03-14,76.9,-0.5,-0.65%,,,,,,,,,ShowDailyK_ChartFlow,FinMind_API_TaiwanStockPrice_3029,True,2026-09-24T07:10:28,2026-09-24T07:10:28,2026-09-24T07:10:28
3029,零壹,2024-03-15,77.6,0.6999999999999886,0.91%,,,,,,,,,ShowDailyK_ChartFlow,FinMind_API_TaiwanStockPrice_3029,True,2026-09-24T07:10:28,2026-09-24T07:10:28,2026-09-24T07:10:28
3029,零壹,2024-03-18,77.6,0.0,0.00%,,,,,,,,,ShowDailyK_ChartFlow,FinMind_API_TaiwanStockPrice_3029,True,2026-09-24T07:10:28,2026-09-24T07:10:28,2026-09-24T07:10:28
3029,零壹,2024-03-19,78.4,0.8000000000000114,1.03%,,,,,,,,,ShowDailyK_ChartFlow,FinMind_API_TaiwanStockPrice_3029,True,2026-09-24T07:10:28,2026-09-24T07:10:28,2026-09-24T07:10:28
3029,零壹,2024-03-20,78.4,0.0,0.00%,,,,,,,,,ShowDailyK_ChartFlow,FinMind_API_TaiwanStockPrice_3029,True,2026-09-24T07:10:28,2026-09-24T07:10:28,2026-09-24T07:10:28
3029,零壹,2024-03-21,73.6,-4.800000000000011,-6.12%,,,,,,,,,ShowDailyK_ChartFlow,FinMind_API_TaiwanStockPrice_3029,True,2026-09-24T07:10:28,2026-09-24T07:10:28,2026-09-24T07:10:28
3029,零壹,2024-03-22,73.3,-0.29999999999999716,-0.41%,,,,,,,,,ShowDailyK_ChartFlow,FinMind_API_TaiwanStockPrice_3029,True,2026-09-24T07:10:28,2026-09-24T07:10:28,2026-09-24T07:10:28
3029,零壹,2024-03-25,74.4,1.1000000000000085,1.50%,,,,,,,,,ShowDailyK_ChartFlow,FinMind_API_TaiwanStockPrice_3029,True,2026-09-24T07:10:28,2026-09-24T07:10:28,2026-09-24T07:10:28
3029,零壹,2024-03-26,72.8,-1.6000000000000085,-2.15%,,,,,,,,,ShowDailyK_ChartFlow,FinMind_API_TaiwanStockPrice_3029,True,2026-09-24T07:10:28,2026-09-24T07:10:28,2026-09-24T07:10:28
3029,零壹,2024-03-27,72.8,0.0,0.00%,,,,,,,,,ShowDailyK_ChartFlow,FinMind_API_TaiwanStockPrice_3029,True,2026-09-24T07:10:28,2026-09-24T07:10:28,2026-09-24T07:10:28
3029,零壹,2024-03-28,72.9,0.10000000000000853,0.14%,,,,,,,,,ShowDailyK_ChartFlow,FinMind_API_TaiwanStockPrice_3029,True,2026-09-24T07:10:28,2026-09-24T07:10:28,2026-09-24T07:10:28
3029,零壹,2024-03-29,71.8,-1.1000000000000085,-1.51%,,,,,,,,,ShowDailyK_ChartFlow,FinMind_API_TaiwanStockPrice_3029,True,2026-09-24T07:10:28,2026-09-24T07:10:28,2026-09-24T07:10:28
3029,零壹,2024-04-01,72.1,0.29999999999999716,0.42%,,,,,,,,,ShowDailyK_ChartFlow,FinMind_API_TaiwanStockPrice_3029,True,2026-09-24T07:10:28,2026-09-24T07:10:28,2026-09-24T07:10:28
3029,零壹,2024-04-02,73.2,1.1000000000000085,1.53%,,,,,,,,,ShowDailyK_ChartFlow,FinMind_API_TaiwanStockPrice_3029,True,2026-09-24T07:10:28,2026-09-24T07:10:28,2026-09-24T07:10:28
3029,零壹,2024-04-03,72.0,-1.2000000000000028,-1.64%,,,,,,,,,ShowDailyK_ChartFlow,FinMind_API_TaiwanStockPrice_3029,True,2026-09-24T07:10:28,2026-09-24T07:10:28,2026-09-24T07:10:28
3029,零壹,2024-04-08,72.6,0.5999999999999943,0.83%,,,,,,,,,ShowDailyK_ChartFlow,FinMind_API_TaiwanStockPrice_3029,True,2026-09-24T07:10:28,2026-09-24T07:10:28,2026-09-24T07:10:28
3029,零壹,2024-04-09,75.5,2.9000000000000057,3.99%,,,,,,,,,ShowDailyK_ChartFlow,FinMind_API_TaiwanStockPrice_3029,True,2026-09-24T07:10:28,2026-09-24T07:10:28,2026-09-24T07:10:28
3029,零壹,2024-04-10,78.8,3.299999999999997,4.37%,,,,,,,,,ShowDailyK_ChartFlow,FinMind_API_TaiwanStockPrice_3029,True,2026-09-24T07:10:28,2026-09-24T07:10:28,2026-09-24T07:10:28
3029,零壹,2024-04-11,75.5,-3.299999999999997,-4.19%,,,,,,,,,ShowDailyK_ChartFlow,FinMind_API_TaiwanStockPrice_3029,True,2026-09-24T07:10:28,2026-09-24T07:10:28,2026-09-24T07:10:28
3029,零壹,2024-04-12,77.3,1.7999999999999972,2.38%,,,,,,,,,ShowDailyK_ChartFlow,FinMind_API_TaiwanStockPrice_3029,True,2026-09-24T07:10:28,2026-09-24T07:10:28,2026-09-24T07:10:28
3029,零壹,2024-04-15,75.3,-2.0,-2.59%,,,,,,,,,ShowDailyK_ChartFlow,FinMind_API_TaiwanStockPrice_3029,True,2026-09-24T07:10:28,2026-09-24T07:10:28,2026-09-24T07:10:28
3029,零壹,2024-04-16,73.1,-2.200000000000003,-2.92%,,,,,,,,,ShowDailyK_ChartFlow,FinMind_API_TaiwanStockPrice_3029,True,2026-09-24T07:10:28,2026-09-24T07:10:28,2026-09-24T07:10:28
3029,零壹,2024-04-17,74.3,1.2000000000000028,1.64%,,,,,,,,,ShowDailyK_ChartFlow,FinMind_API_TaiwanStockPrice_3029,True,2026-09-24T07:10:28,2026-09-24T07:10:28,2026-09-24T07:10:28
3029,零壹,2024-04-18,73.9,-0.3999999999999915,-0.54%,,,,,,,,,ShowDailyK_ChartFlow,FinMind_API_TaiwanStockPrice_3029,True,2026-09-24T07:10:28,2026-09-24T07:10:28,2026-09-24T07:10:28
3029,零壹,2024-04-19,72.7,-1.2000000000000028,-1.62%,,,,,,,,,ShowDailyK_ChartFlow,FinMind_API_TaiwanStockPrice_3029,True,2026-09-24T07:10:28,2026-09-24T07:10:28,2026-09-24T07:10:28
3029,零壹,2024-04-22,71.8,-0.9000000000000057,-1.24%,,,,,,,,,ShowDailyK_ChartFlow,FinMind_API_TaiwanStockPrice_3029,True,2026-09-24T07:10:28,2026-09-24T07:10:28,2026-09-24T07:10:28
3029,零壹,2024-04-23,72.3,0.5,0.70%,,,,,,,,,ShowDailyK_ChartFlow,FinMind_API_TaiwanStockPrice_3029,True,2026-09-24T07:10:28,2026-09-24T07:10:28,2026-09-24T07:10:28
3029,零壹,2024-04-24,74.0,1.7000000000000028,2.35%,,,,,,,,,ShowDailyK_ChartFlow,FinMind_API_TaiwanStockPrice_3029,True,2026-09-24T07:10:28,2026-09-24T07:10:28,2026-09-24T07:10:28
3029,零壹,2024-04-25,74.0,0.0,0.00%,,,,,,,,,ShowDailyK_ChartFlow,FinMind_API_TaiwanStockPrice_3029,True,2026-09-24T07:10:28,2026-09-24T07:10:28,2026-09-24T07:10:28
3029,零壹,2024-04-26,74.4,0.4000000000000057,0.54%,,,,,,,,,ShowDailyK_ChartFlow,FinMind_API_TaiwanStockPrice_3029,True,2026-09-24T07:10:28,2026-09-24T07:10:28,2026-09-24T07:10:28
3029,零壹,2024-04-29,74.7,0.29999999999999716,0.40%,,,,,,,,,ShowDailyK_ChartFlow,FinMind_API_TaiwanStockPrice_3029,True,2026-09-24T07:10:28,2026-09-24T07:10:28,2026-09-24T07:10:28
3029,零壹,2024-04-30,75.0,0.29999999999999716,0.40%,,,,,,,,,ShowDailyK_ChartFlow,FinMind_API_TaiwanStockPrice_3029,True,2026-09-24T07:10:28,2026-09-24T07:10:28,2026-09-24T07:10:28
3029,零壹,2024-05-02,75.4,0.4000000000000057,0.53%,,,,,,,,,ShowDailyK_ChartFlow,FinMind_API_TaiwanStockPrice_3029,True,2026-09-24T07:10:28,2026-09-24T07:10:28,2026-09-24T07:10:28
3029,零壹,2024-05-03,75.7,0.29999999999999716,0.40%,,,,,,,,,ShowDailyK_ChartFlow,FinMind_API_TaiwanStockPrice_3029,True,2026-09-24T07:10:28,2026-09-24T07:10:28,2026-09-24T07:10:28
3029,零壹,2024-05-06,75.4,-0.29999999999999716,-0.40%,,,,,,,,,ShowDailyK_ChartFlow,FinMind_API_TaiwanStockPrice_3029,True,2026-09-24T07:10:28,2026-09-24T07:10:28,2026-09-24T07:10:28
3029,零壹,2024-05-07,75.3,-0.10000000000000853,-0.13%,,,,,,,,,ShowDailyK_ChartFlow,FinMind_API_TaiwanStockPrice_3029,True,2026-09-24T07:10:28,2026-09-24T07:10:28,2026-09-24T07:10:28
3029,零壹,2024-05-08,75.8,0.5,0.66%,,,,,,,,,ShowDailyK_ChartFlow,FinMind_API_TaiwanStockPrice_3029,True,2026-09-24T07:10:28,2026-09-24T07:10:28,2026-09-24T07:10:28
3029,零壹,2024-05-09,72.2,-3.5999999999999943,-4.75%,,,,,,,,,ShowDailyK_ChartFlow,FinMind_API_TaiwanStockPrice_3029,True,2026-09-24T07:10:28,2026-09-24T07:10:28,2026-09-24T07:10:28
3029,零壹,2024-05-10,72.6,0.3999999999999915,0.55%,,,,,,,,,ShowDailyK_ChartFlow,FinMind_API_TaiwanStockPrice_3029,True,2026-09-24T07:10:28,2026-09-24T07:10:28,2026-09-24T07:10:28
3029,零壹,2024-05-13,72.1,-0.5,-0.69%,,,,,,,,,ShowDailyK_ChartFlow,FinMind_API_TaiwanStockPrice_3029,True,2026-09-24T07:10:28,2026-09-24T07:10:28,2026-09-24T07:10:28
3029,零壹,2024-05-14,73.3,1.2000000000000028,1.66%,,,,,,,,,ShowDailyK_ChartFlow,FinMind_API_TaiwanStockPrice_3029,True,2026-09-24T07:10:28,2026-09-24T07:10:28,2026-09-24T07:10:28
3029,零壹,2024-05-15,73.3,0.0,0.00%,,,,,,,,,ShowDailyK_ChartFlow,FinMind_API_TaiwanStockPrice_3029,True,2026-09-24T07:10:28,2026-09-24T07:10:28,2026-09-24T07:10:28
3029,零壹,2024-05-16,73.4,0.10000000000000853,0.14%,,,,,,,,,ShowDailyK_ChartFlow,FinMind_API_TaiwanStockPrice_3029,True,2026-09-24T07:10:28,2026-09-24T07:10:28,2026-09-24T07:10:28
3029,零壹,2024-05-17,73.5,0.09999999999999432,0.14%,,,,,,,,,ShowDailyK_ChartFlow,FinMind_API_TaiwanStockPrice_3029,True,2026-09-24T07:10:28,2026-09-24T07:10:28,2026-09-24T07:10:28
3029,零壹,2024-05-20,73.3,-0.20000000000000284,-0.27%,,,,,,,,,ShowDailyK_ChartFlow,FinMind_API_TaiwanStockPrice_3029,True,2026-09-24T07:10:28,2026-09-24T07:10:28,2026-09-24T07:10:28
3029,零壹,2024-05-21,73.3,0.0,0.00%,,,,,,,,,ShowDailyK_ChartFlow,FinMind_API_TaiwanStockPrice_3029,True,2026-09-24T07:10:28,2026-09-24T07:10:28,2026-09-24T07:10:28
3029,零壹,2024-05-22,74.0,0.7000000000000028,0.95%,,,,,,,,,ShowDailyK_ChartFlow,FinMind_API_TaiwanStockPrice_3029,True,2026-09-24T07:10:28,2026-09-24T07:10:28,2026-09-24T07:10:28
3029,零壹,2024-05-23,72.6,-1.4000000000000057,-1.89%,,,,,,,,,ShowDailyK_ChartFlow,FinMind_API_TaiwanStockPrice_3029,True,2026-09-24T07:10:28,2026-09-24T07:10:28,2026-09-24T07:10:28
3029,零壹,2024-05-24,73.0,0.4000000000000057,0.55%,,,,,,,,,ShowDailyK_ChartFlow,FinMind_API_TaiwanStockPrice_3029,True,2026-09-24T07:10:28,2026-09-24T07:10:28,2026-09-24T07:10:28
3029,零壹,2024-05-27,73.6,0.5999999999999943,0.82%,,,,,,,,,ShowDailyK_ChartFlow,FinMind_API_TaiwanStockPrice_3029,True,2026-09-24T07:10:28,2026-09-24T07:10:28,2026-09-24T07:10:28
3029,零壹,2024-05-28,74.6,1.0,1.36%,,,,,,,,,ShowDailyK_ChartFlow,FinMind_API_TaiwanStockPrice_3029,True,2026-09-24T07:10:28,2026-09-24T07:10:28,2026-09-24T07:10:28
3029,零壹,2024-05-29,73.5,-1.0999999999999943,-1.47%,,,,,,,,,ShowDailyK_ChartFlow,FinMind_API_TaiwanStockPrice_3029,True,2026-09-24T07:10:28,2026-09-24T07:10:28,2026-09-24T07:10:28
3029,零壹,2024-05-30,72.9,-0.5999999999999943,-0.82%,,,,,,,,,ShowDailyK_ChartFlow,FinMind_API_TaiwanStockPrice_3029,True,2026-09-24T07:10:28,2026-09-24T07:10:28,2026-09-24T07:10:28
3029,零壹,2024-05-31,73.0,0.09999999999999432,0.14%,,,,,,,,,ShowDailyK_ChartFlow,FinMind_API_TaiwanStockPrice_3029,True,2026-09-24T07:10:28,2026-09-24T07:10:28,2026-09-24T07:10:28
3029,零壹,2024-06-03,74.6,1.5999999999999943,2.19%,,,,,,,,,ShowDailyK_ChartFlow,FinMind_API_TaiwanStockPrice_3029,True,2026-09-24T07:10:28,2026-09-24T07:10:28,2026-09-24T07:10:28
3029,零壹,2024-06-04,75.0,0.4000000000000057,0.54%,,,,,,,,,ShowDailyK_ChartFlow,FinMind_API_TaiwanStockPrice_3029,True,2026-09-24T07:10:28,2026-09-24T07:10:28,2026-09-24T07:10:28
3029,零壹,2024-06-05,74.0,-1.0,-1.33%,,,,,,,,,ShowDailyK_ChartFlow,FinMind_API_TaiwanStockPrice_3029,True,2026-09-24T07:10:28,2026-09-24T07:10:28,2026-09-24T07:10:28
3029,零壹,2024-06-06,74.5,0.5,0.68%,,,,,,,,,ShowDailyK_ChartFlow,FinMind_API_TaiwanStockPrice_3029,True,2026-09-24T07:10:28,2026-09-24T07:10:28,2026-09-24T07:10:28
3029,零壹,2024-06-07,80.0,5.5,7.38%,,,,,,,,,ShowDailyK_ChartFlow,FinMind_API_TaiwanStockPrice_3029,True,2026-09-24T07:10:28,2026-09-24T07:10:28,2026-09-24T07:10:28
3029,零壹,2024-06-11,79.8,-0.20000000000000284,-0.25%,,,,,,,,,ShowDailyK_ChartFlow,FinMind_API_TaiwanStockPrice_3029,True,2026-09-24T07:10:28,2026-09-24T07:10:28,2026-09-24T07:10:28
3029,零壹,2024-06-12,85.1,5.299999999999997,6.64%,,,,,,,,,ShowDailyK_ChartFlow,FinMind_API_TaiwanStockPrice_3029,True,2026-09-24T07:10:28,2026-09-24T07:10:28,2026-09-24T07:10:28
3029,零壹,2024-06-13,83.7,-1.3999999999999915,-1.65%,,,,,,,,,ShowDailyK_ChartFlow,FinMind_API_TaiwanStockPrice_3029,True,2026-09-24T07:10:28,2026-09-24T07:10:28,2026-09-24T07:10:28
3029,零壹,2024-06-14,85.0,1.2999999999999972,1.55%,,,,,,,,,ShowDailyK_ChartFlow,FinMind_API_TaiwanStockPrice_3029,True,2026-09-24T07:10:28,2026-09-24T07:10:28,2026-09-24T07:10:28
3029,零壹,2024-06-17,83.1,-1.9000000000000057,-2.24%,,,,,,,,,ShowDailyK_ChartFlow,FinMind_API_TaiwanStockPrice_3029,True,2026-09-24T07:10:28,2026-09-24T07:10:28,2026-09-24T07:10:28
3029,零壹,2024-06-18,84.2,1.1000000000000085,1.32%,,,,,,,,,ShowDailyK_ChartFlow,FinMind_API_TaiwanStockPrice_3029,True,2026-09-24T07:10:28,2026-09-24T07:10:28,2026-09-24T07:10:28
3029,零壹,2024-06-19,83.4,-0.7999999999999972,-0.95%,,,,,,,,,ShowDailyK_ChartFlow,FinMind_API_TaiwanStockPrice_3029,True,2026-09-24T07:10:28,2026-09-24T07:10:28,2026-09-24T07:10:28
3029,零壹,2024-06-20,85.0,1.5999999999999943,1.92%,,,,,,,,,ShowDailyK_ChartFlow,FinMind_API_TaiwanStockPrice_3029,True,2026-09-24T07:10:28,2026-09-24T07:10:28,2026-09-24T07:10:28
3029,零壹,2024-06-21,86.9,1.9000000000000057,2.24%,,,,,,,,,ShowDailyK_ChartFlow,FinMind_API_TaiwanStockPrice_3029,True,2026-09-24T07:10:28,2026-09-24T07:10:28,2026-09-24T07:10:28
3029,零壹,2024-06-24,87.3,0.3999999999999915,0.46%,,,,,,,,,ShowDailyK_ChartFlow,FinMind_API_TaiwanStockPrice_3029,True,2026-09-24T07:10:28,2026-09-24T07:10:28,2026-09-24T07:10:28
3029,零壹,2024-06-25,92.8,5.5,6.30%,,,,,,,,,ShowDailyK_ChartFlow,FinMind_API_TaiwanStockPrice_3029,True,2026-09-24T07:10:28,2026-09-24T07:10:28,2026-09-24T07:10:28
3029,零壹,2024-06-26,94.5,1.7000000000000028,1.83%,,,,,,,,,ShowDailyK_ChartFlow,FinMind_API_TaiwanStockPrice_3029,True,2026-09-24T07:10:28,2026-09-24T07:10:28,2026-09-24T07:10:28
3029,零壹,2024-06-27,92.3,-2.200000000000003,-2.33%,,,,,,,,,ShowDailyK_ChartFlow,FinMind_API_TaiwanStockPrice_3029,True,2026-09-24T07:10:28,2026-09-24T07:10:28,2026-09-24T07:10:28
3029,零壹,2024-06-28,94.8,2.5,2.71%,,,,,,,,,ShowDailyK_ChartFlow,FinMind_API_TaiwanStockPrice_3029,True,2026-09-24T07:10:28,2026-09-24T07:10:28,2026-09-24T07:10:28
3029,零壹,2024-07-01,95.1,0.29999999999999716,0.32%,,,,,,,,,ShowDailyK_ChartFlow,FinMind_API_TaiwanStockPrice_3029,True,2026-09-24T07:10:28,2026-09-24T07:10:28,2026-09-24T07:10:28
3029,零壹,2024-07-02,99.8,4.700000000000003,4.94%,,,,,,,,,ShowDailyK_ChartFlow,FinMind_API_TaiwanStockPrice_3029,True,2026-09-24T07:10:28,2026-09-24T07:10:28,2026-09-24T07:10:28
3029,零壹,2024-07-03,103.5,3.700000000000003,3.71%,,,,,,,,,ShowDailyK_ChartFlow,FinMind_API_TaiwanStockPrice_3029,True,2026-09-24T07:10:28,2026-09-24T07:10:28,2026-09-24T07:10:28
3029,零壹,2024-07-04,104.0,0.5,0.48%,,,,,,,,,ShowDailyK_ChartFlow,FinMind_API_TaiwanStockPrice_3029,True,2026-09-24T07:10:28,2026-09-24T07:10:28,2026-09-24T07:10:28
3029,零壹,2024-07-05,106.0,2.0,1.92%,,,,,,,,,ShowDailyK_ChartFlow,FinMind_API_TaiwanStockPrice_3029,True,2026-09-24T07:10:28,2026-09-24T07:10:28,2026-09-24T07:10:28
3029,零壹,2024-07-08,105.5,-0.5,-0.47%,,,,,,,,,ShowDailyK_ChartFlow,FinMind_API_TaiwanStockPrice_3029,True,2026-09-24T07:10:28,2026-09-24T07:10:28,2026-09-24T07:10:28
3029,零壹,2024-07-09,116.0,10.5,9.95%,,,,,,,,,ShowDailyK_ChartFlow,FinMind_API_TaiwanStockPrice_3029,True,2026-09-24T07:10:28,2026-09-24T07:10:28,2026-09-24T07:10:28
3029,零壹,2024-07-10,115.5,-0.5,-0.43%,,,,,,,,,ShowDailyK_ChartFlow,FinMind_API_TaiwanStockPrice_3029,True,2026-09-24T07:10:28,2026-09-24T07:10:28,2026-09-24T07:10:28
3029,零壹,2024-07-11,113.0,-2.5,-2.16%,,,,,,,,,ShowDailyK_ChartFlow,FinMind_API_TaiwanStockPrice_3029,True,2026-09-24T07:10:28,2026-09-24T07:10:28,2026-09-24T07:10:28
3029,零壹,2024-07-12,109.5,-3.5,-3.10%,,,,,,,,,ShowDailyK_ChartFlow,FinMind_API_TaiwanStockPrice_3029,True,2026-09-24T07:10:28,2026-09-24T07:10:28,2026-09-24T07:10:28
3029,零壹,2024-07-15,108.5,-1.0,-0.91%,,,,,,,,,ShowDailyK_ChartFlow,FinMind_API_TaiwanStockPrice_3029,True,2026-09-24T07:10:28,2026-09-24T07:10:28,2026-09-24T07:10:28
3029,零壹,2024-07-16,109.0,0.5,0.46%,,,,,,,,,ShowDailyK_ChartFlow,FinMind_API_TaiwanStockPrice_3029,True,2026-09-24T07:10:28,2026-09-24T07:10:28,2026-09-24T07:10:28
3029,零壹,2024-07-17,110.0,1.0,0.92%,,,,,,,,,ShowDailyK_ChartFlow,FinMind_API_TaiwanStockPrice_3029,True,2026-09-24T07:10:28,2026-09-24T07:10:28,2026-09-24T07:10:28
3029,零壹,2024-07-18,109.5,-0.5,-0.45%,,,,,,,,,ShowDailyK_ChartFlow,FinMind_API_TaiwanStockPrice_3029,True,2026-09-24T07:10:28,2026-09-24T07:10:28,2026-09-24T07:10:28
3029,零壹,2024-07-19,114.0,4.5,4.11%,,,,,,,,,ShowDailyK_ChartFlow,FinMind_API_TaiwanStockPrice_3029,True,2026-09-24T07:10:28,2026-09-24T07:10:28,2026-09-24T07:10:28
3029,零壹,2024-07-22,112.0,-2.0,-1.75%,,,,,,,,,ShowDailyK_ChartFlow,FinMind_API_TaiwanStockPrice_3029,True,2026-09-24T07:10:28,2026-09-24T07:10:28,2026-09-24T07:10:28
3029,零壹,2024-07-23,113.0,1.0,0.89%,,,,,,,,,ShowDailyK_ChartFlow,FinMind_API_TaiwanStockPrice_3029,True,2026-09-24T07:10:28,2026-09-24T07:10:28,2026-09-24T07:10:28
3029,零壹,2024-07-26,109.0,-4.0,-3.54%,,,,,,,,,ShowDailyK_ChartFlow,FinMind_API_TaiwanStockPrice_3029,True,2026-09-24T07:10:28,2026-09-24T07:10:28,2026-09-24T07:10:28
3029,零壹,2024-07-29,103.0,-6.0,-5.50%,,,,,,,,,ShowDailyK_ChartFlow,FinMind_API_TaiwanStockPrice_3029,True,2026-09-24T07:10:28,2026-09-24T07:10:28,2026-09-24T07:10:28
3029,零壹,2024-07-30,102.0,-1.0,-0.97%,,,,,,,,,ShowDailyK_ChartFlow,FinMind_API_TaiwanStockPrice_3029,True,2026-09-24T07:10:28,2026-09-24T07:10:28,2026-09-24T07:10:28
3029,零壹,2024-07-31,103.0,1.0,0.98%,,,,,,,,,ShowDailyK_ChartFlow,FinMind_API_TaiwanStockPrice_3029,True,2026-09-24T07:10:28,2026-09-24T07:10:28,2026-09-24T07:10:28
3029,零壹,2024-08-01,104.5,1.5,1.46%,,,,,,,,,ShowDailyK_ChartFlow,FinMind_API_TaiwanStockPrice_3029,True,2026-09-24T07:10:28,2026-09-24T07:10:28,2026-09-24T07:10:28
3029,零壹,2024-08-02,98.1,-6.400000000000006,-6.12%,,,,,,,,,ShowDailyK_ChartFlow,FinMind_API_TaiwanStockPrice_3029,True,2026-09-24T07:10:28,2026-09-24T07:10:28,2026-09-24T07:10:28
3029,零壹,2024-08-05,89.8,-8.299999999999997,-8.46%,,,,,,,,,ShowDailyK_ChartFlow,FinMind_API_TaiwanStockPrice_3029,True,2026-09-24T07:10:28,2026-09-24T07:10:28,2026-09-24T07:10:28
3029,零壹,2024-08-06,88.6,-1.2000000000000028,-1.34%,,,,,,,,,ShowDailyK_ChartFlow,FinMind_API_TaiwanStockPrice_3029,True,2026-09-24T07:10:28,2026-09-24T07:10:28,2026-09-24T07:10:28
3029,零壹,2024-08-07,94.5,5.900000000000006,6.66%,,,,,,,,,ShowDailyK_ChartFlow,FinMind_API_TaiwanStockPrice_3029,True,2026-09-24T07:10:28,2026-09-24T07:10:28,2026-09-24T07:10:28
3029,零壹,2024-08-08,93.5,-1.0,-1.06%,,,,,,,,,ShowDailyK_ChartFlow,FinMind_API_TaiwanStockPrice_3029,True,2026-09-24T07:10:28,2026-09-24T07:10:28,2026-09-24T07:10:28
3029,零壹,2024-08-09,93.6,0.09999999999999432,0.11%,,,,,,,,,ShowDailyK_ChartFlow,FinMind_API_TaiwanStockPrice_3029,True,2026-09-24T07:10:28,2026-09-24T07:10:28,2026-09-24T07:10:28
3029,零壹,2024-08-12,93.7,0.10000000000000853,0.11%,,,,,,,,,ShowDailyK_ChartFlow,FinMind_API_TaiwanStockPrice_3029,True,2026-09-24T07:10:28,2026-09-24T07:10:28,2026-09-24T07:10:28
3029,零壹,2024-08-13,94.4,0.7000000000000028,0.75%,,,,,,,,,ShowDailyK_ChartFlow,FinMind_API_TaiwanStockPrice_3029,True,2026-09-24T07:10:28,2026-09-24T07:10:28,2026-09-24T07:10:28
3029,零壹,2024-08-14,95.0,0.5999999999999943,0.64%,,,,,,,,,ShowDailyK_ChartFlow,FinMind_API_TaiwanStockPrice_3029,True,2026-09-24T07:10:28,2026-09-24T07:10:28,2026-09-24T07:10:28
3029,零壹,2024-08-15,93.8,-1.2000000000000028,-1.26%,,,,,,,,,ShowDailyK_ChartFlow,FinMind_API_TaiwanStockPrice_3029,True,2026-09-24T07:10:28,2026-09-24T07:10:28,2026-09-24T07:10:28
3029,零壹,2024-08-16,95.0,1.2000000000000028,1.28%,,,,,,,,,ShowDailyK_ChartFlow,FinMind_API_TaiwanStockPrice_3029,True,2026-09-24T07:10:28,2026-09-24T07:10:28,2026-09-24T07:10:28
3029,零壹,2024-08-19,95.6,0.5999999999999943,0.63%,,,,,,,,,ShowDailyK_ChartFlow,FinMind_API_TaiwanStockPrice_3029,True,2026-09-24T07:10:28,2026-09-24T07:10:28,2026-09-24T07:10:28
3029,零壹,2024-08-20,96.6,1.0,1.05%,,,,,,,,,ShowDailyK_ChartFlow,FinMind_API_TaiwanStockPrice_3029,True,2026-09-24T07:10:28,2026-09-24T07:10:28,2026-09-24T07:10:28
3029,零壹,2024-08-21,96.1,-0.5,-0.52%,,,,,,,,,ShowDailyK_ChartFlow,FinMind_API_TaiwanStockPrice_3029,True,2026-09-24T07:10:28,2026-09-24T07:10:28,2026-09-24T07:10:28
3029,零壹,2024-08-22,92.7,-3.3999999999999915,-3.54%,,,,,,,,,ShowDailyK_ChartFlow,FinMind_API_TaiwanStockPrice_3029,True,2026-09-24T07:10:28,2026-09-24T07:10:28,2026-09-24T07:10:28
3029,零壹,2024-08-23,93.2,0.5,0.54%,,,,,,,,,ShowDailyK_ChartFlow,FinMind_API_TaiwanStockPrice_3029,True,2026-09-24T07:10:28,2026-09-24T07:10:28,2026-09-24T07:10:28
3029,零壹,2024-08-26,92.3,-0.9000000000000057,-0.97%,,,,,,,,,ShowDailyK_ChartFlow,FinMind_API_TaiwanStockPrice_3029,True,2026-09-24T07:10:28,2026-09-24T07:10:28,2026-09-24T07:10:28
3029,零壹,2024-08-27,92.9,0.6000000000000085,0.65%,,,,,,,,,ShowDailyK_ChartFlow,FinMind_API_TaiwanStockPrice_3029,True,2026-09-24T07:10:28,2026-09-24T07:10:28,2026-09-24T07:10:28
3029,零壹,2024-08-28,92.2,-0.7000000000000028,-0.75%,,,,,,,,,ShowDailyK_ChartFlow,FinMind_API_TaiwanStockPrice_3029,True,2026-09-24T07:10:28,2026-09-24T07:10:28,2026-09-24T07:10:28
3029,零壹,2024-08-29,91.8,-0.4000000000000057,-0.43%,,,,,,,,,ShowDailyK_ChartFlow,FinMind_API_TaiwanStockPrice_3029,True,2026-09-24T07:10:28,2026-09-24T07:10:28,2026-09-24T07:10:28
3029,零壹,2024-08-30,92.5,0.7000000000000028,0.76%,,,,,,,,,ShowDailyK_ChartFlow,FinMind_API_TaiwanStockPrice_3029,True,2026-09-24T07:10:28,2026-09-24T07:10:28,2026-09-24T07:10:28
3029,零壹,2024-09-02,93.0,0.5,0.54%,,,,,,,,,ShowDailyK_ChartFlow,FinMind_API_TaiwanStockPrice_3029,True,2026-09-24T07:10:28,2026-09-24T07:10:28,2026-09-24T07:10:28
3029,零壹,2024-09-03,90.8,-2.200000000000003,-2.37%,,,,,,,,,ShowDailyK_ChartFlow,FinMind_API_TaiwanStockPrice_3029,True,2026-09-24T07:10:28,2026-09-24T07:10:28,2026-09-24T07:10:28
3029,零壹,2024-09-04,88.5,-2.299999999999997,-2.53%,,,,,,,,,ShowDailyK_ChartFlow,FinMind_API_TaiwanStockPrice_3029,True,2026-09-24T07:10:28,2026-09-24T07:10:28,2026-09-24T07:10:28
3029,零壹,2024-09-05,88.8,0.29999999999999716,0.34%,,,,,,,,,ShowDailyK_ChartFlow,FinMind_API_TaiwanStockPrice_3029,True,2026-09-24T07:10:28,2026-09-24T07:10:28,2026-09-24T07:10:28
3029,零壹,2024-09-06,92.4,3.6000000000000085,4.05%,,,,,,,,,ShowDailyK_ChartFlow,FinMind_API_TaiwanStockPrice_3029,True,2026-09-24T07:10:28,2026-09-24T07:10:28,2026-09-24T07:10:28
3029,零壹,2024-09-09,92.1,-0.30000000000001137,-0.32%,,,,,,,,,ShowDailyK_ChartFlow,FinMind_API_TaiwanStockPrice_3029,True,2026-09-24T07:10:28,2026-09-24T07:10:28,2026-09-24T07:10:28
3029,零壹,2024-09-10,89.5,-2.5999999999999943,-2.82%,,,,,,,,,ShowDailyK_ChartFlow,FinMind_API_TaiwanStockPrice_3029,True,2026-09-24T07:10:28,2026-09-24T07:10:28,2026-09-24T07:10:28
3029,零壹,2024-09-11,90.7,1.2000000000000028,1.34%,,,,,,,,,ShowDailyK_ChartFlow,FinMind_API_TaiwanStockPrice_3029,True,2026-09-24T07:10:28,2026-09-24T07:10:28,2026-09-24T07:10:28
3029,零壹,2024-09-12,92.2,1.5,1.65%,,,,,,,,,ShowDailyK_ChartFlow,FinMind_API_TaiwanStockPrice_3029,True,2026-09-24T07:10:28,2026-09-24T07:10:28,2026-09-24T07:10:28
3029,零壹,2024-09-13,93.2,1.0,1.08%,,,,,,,,,ShowDailyK_ChartFlow,FinMind_API_TaiwanStockPrice_3029,True,2026-09-24T07:10:28,2026-09-24T07:10:28,2026-09-24T07:10:28
3029,零壹,2024-09-16,93.2,0.0,0.00%,,,,,,,,,ShowDailyK_ChartFlow,FinMind_API_TaiwanStockPrice_3029,True,2026-09-24T07:10:28,2026-09-24T07:10:28,2026-09-24T07:10:28
3029,零壹,2024-09-18,92.4,-0.7999999999999972,-0.86%,,,,,,,,,ShowDailyK_ChartFlow,FinMind_API_TaiwanStockPrice_3029,True,2026-09-24T07:10:28,2026-09-24T07:10:28,2026-09-24T07:10:28
3029,零壹,2024-09-19,92.9,0.5,0.54%,,,,,,,,,ShowDailyK_ChartFlow,FinMind_API_TaiwanStockPrice_3029,True,2026-09-24T07:10:28,2026-09-24T07:10:28,2026-09-24T07:10:28
3029,零壹,2024-09-20,92.9,0.0,0.00%,,,,,,,,,ShowDailyK_ChartFlow,FinMind_API_TaiwanStockPrice_3029,True,2026-09-24T07:10:28,2026-09-24T07:10:28,2026-09-24T07:10:28
3029,零壹,2024-09-23,93.4,0.5,0.54%,,,,,,,,,ShowDailyK_ChartFlow,FinMind_API_TaiwanStockPrice_3029,True,2026-09-24T07:10:28,2026-09-24T07:10:28,2026-09-24T07:10:28
3029,零壹,2024-09-24,91.3,-2.1000000000000085,-2.25%,,,,,,,,,ShowDailyK_ChartFlow,FinMind_API_TaiwanStockPrice_3029,True,2026-09-24T07:10:28,2026-09-24T07:10:28,2026-09-24T07:10:28
3029,零壹,2024-09-25,91.5,0.20000000000000284,0.22%,,,,,,,,,ShowDailyK_ChartFlow,FinMind_API_TaiwanStockPrice_3029,True,2026-09-24T07:10:28,2026-09-24T07:10:28,2026-09-24T07:10:28
3029,零壹,2024-09-26,91.0,-0.5,-0.55%,,,,,,,,,ShowDailyK_ChartFlow,FinMind_API_TaiwanStockPrice_3029,True,2026-09-24T07:10:28,2026-09-24T07:10:28,2026-09-24T07:10:28
3029,零壹,2024-09-27,90.8,-0.20000000000000284,-0.22%,,,,,,,,,ShowDailyK_ChartFlow,FinMind_API_TaiwanStockPrice_3029,True,2026-09-24T07:10:28,2026-09-24T07:10:28,2026-09-24T07:10:28
3029,零壹,2024-09-30,89.0,-1.7999999999999972,-1.98%,,,,,,,,,ShowDailyK_ChartFlow,FinMind_API_TaiwanStockPrice_3029,True,2026-09-24T07:10:28,2026-09-24T07:10:28,2026-09-24T07:10:28
3029,零壹,2024-10-01,89.2,0.20000000000000284,0.22%,,,,,,,,,ShowDailyK_ChartFlow,FinMind_API_TaiwanStockPrice_3029,True,2026-09-24T07:10:28,2026-09-24T07:10:28,2026-09-24T07:10:28
3029,零壹,2024-10-04,88.1,-1.1000000000000085,-1.23%,,,,,,,,,ShowDailyK_ChartFlow,FinMind_API_TaiwanStockPrice_3029,True,2026-09-24T07:10:28,2026-09-24T07:10:28,2026-09-24T07:10:28
3029,零壹,2024-10-07,91.4,3.3000000000000114,3.75%,,,,,,,,,ShowDailyK_ChartFlow,FinMind_API_TaiwanStockPrice_3029,True,2026-09-24T07:10:28,2026-09-24T07:10:28,2026-09-24T07:10:28
3029,零壹,2024-10-08,91.8,0.3999999999999915,0.44%,,,,,,,,,ShowDailyK_ChartFlow,FinMind_API_TaiwanStockPrice_3029,True,2026-09-24T07:10:28,2026-09-24T07:10:28,2026-09-24T07:10:28
3029,零壹,2024-10-09,90.6,-1.2000000000000028,-1.31%,,,,,,,,,ShowDailyK_ChartFlow,FinMind_API_TaiwanStockPrice_3029,True,2026-09-24T07:10:28,2026-09-24T07:10:28,2026-09-24T07:10:28
3029,零壹,2024-10-11,92.6,2.0,2.21%,,,,,,,,,ShowDailyK_ChartFlow,FinMind_API_TaiwanStockPrice_3029,True,2026-09-24T07:10:28,2026-09-24T07:10:28,2026-09-24T07:10:28
3029,零壹,2024-10-14,98.4,5.800000000000011,6.26%,,,,,,,,,ShowDailyK_ChartFlow,FinMind_API_TaiwanStockPrice_3029,True,2026-09-24T07:10:28,2026-09-24T07:10:28,2026-09-24T07:10:28
3029,零壹,2024-10-15,102.5,4.099999999999994,4.17%,,,,,,,,,ShowDailyK_ChartFlow,FinMind_API_TaiwanStockPrice_3029,True,2026-09-24T07:10:28,2026-09-24T07:10:28,2026-09-24T07:10:28
3029,零壹,2024-10-16,105.0,2.5,2.44%,,,,,,,,,ShowDailyK_ChartFlow,FinMind_API_TaiwanStockPrice_3029,True,2026-09-24T07:10:28,2026-09-24T07:10:28,2026-09-24T07:10:28
3029,零壹,2024-10-17,104.0,-1.0,-0.95%,,,,,,,,,ShowDailyK_ChartFlow,FinMind_API_TaiwanStockPrice_3029,True,2026-09-24T07:10:28,2026-09-24T07:10:28,2026-09-24T07:10:28
3029,零壹,2024-10-18,102.5,-1.5,-1.44%,,,,,,,,,ShowDailyK_ChartFlow,FinMind_API_TaiwanStockPrice_3029,True,2026-09-24T07:10:28,2026-09-24T07:10:28,2026-09-24T07:10:28
3029,零壹,2024-10-21,103.0,0.5,0.49%,,,,,,,,,ShowDailyK_ChartFlow,FinMind_API_TaiwanStockPrice_3029,True,2026-09-24T07:10:28,2026-09-24T07:10:28,2026-09-24T07:10:28
3029,零壹,2024-10-22,101.0,-2.0,-1.94%,,,,,,,,,ShowDailyK_ChartFlow,FinMind_API_TaiwanStockPrice_3029,True,2026-09-24T07:10:28,2026-09-24T07:10:28,2026-09-24T07:10:28
3029,零壹,2024-10-23,101.5,0.5,0.50%,,,,,,,,,ShowDailyK_ChartFlow,FinMind_API_TaiwanStockPrice_3029,True,2026-09-24T07:10:28,2026-09-24T07:10:28,2026-09-24T07:10:28
3029,零壹,2024-10-24,110.5,9.0,8.87%,,,,,,,,,ShowDailyK_ChartFlow,FinMind_API_TaiwanStockPrice_3029,True,2026-09-24T07:10:28,2026-09-24T07:10:28,2026-09-24T07:10:28
3029,零壹,2024-10-25,100.5,-10.0,-9.05%,,,,,,,,,ShowDailyK_ChartFlow,FinMind_API_TaiwanStockPrice_3029,True,2026-09-24T07:10:28,2026-09-24T07:10:28,2026-09-24T07:10:28
3029,零壹,2024-10-28,101.5,1.0,1.00%,,,,,,,,,ShowDailyK_ChartFlow,FinMind_API_TaiwanStockPrice_3029,True,2026-09-24T07:10:28,2026-09-24T07:10:28,2026-09-24T07:10:28
3029,零壹,2024-10-29,103.0,1.5,1.48%,,,,,,,,,ShowDailyK_ChartFlow,FinMind_API_TaiwanStockPrice_3029,True,2026-09-24T07:10:28,2026-09-24T07:10:28,2026-09-24T07:10:28
3029,零壹,2024-10-30,101.0,-2.0,-1.94%,,,,,,,,,ShowDailyK_ChartFlow,FinMind_API_TaiwanStockPrice_3029,True,2026-09-24T07:10:28,2026-09-24T07:10:28,2026-09-24T07:10:28
3029,零壹,2024-11-01,101.0,0.0,0.00%,,,,,,,,,ShowDailyK_ChartFlow,FinMind_API_TaiwanStockPrice_3029,True,2026-09-24T07:10:28,2026-09-24T07:10:28,2026-09-24T07:10:28
3029,零壹,2024-11-04,99.1,-1.9000000000000057,-1.88%,,,,,,,,,ShowDailyK_ChartFlow,FinMind_API_TaiwanStockPrice_3029,True,2026-09-24T07:10:28,2026-09-24T07:10:28,2026-09-24T07:10:28
3029,零壹,2024-11-05,98.8,-0.29999999999999716,-0.30%,,,,,,,,,ShowDailyK_ChartFlow,FinMind_API_TaiwanStockPrice_3029,True,2026-09-24T07:10:28,2026-09-24T07:10:28,2026-09-24T07:10:28
3029,零壹,2024-11-06,101.5,2.700000000000003,2.73%,,,,,,,,,ShowDailyK_ChartFlow,FinMind_API_TaiwanStockPrice_3029,True,2026-09-24T07:10:28,2026-09-24T07:10:28,2026-09-24T07:10:28
3029,零壹,2024-11-07,104.5,3.0,2.96%,,,,,,,,,ShowDailyK_ChartFlow,FinMind_API_TaiwanStockPrice_3029,True,2026-09-24T07:10:28,2026-09-24T07:10:28,2026-09-24T07:10:28
3029,零壹,2024-11-08,102.5,-2.0,-1.91%,,,,,,,,,ShowDailyK_ChartFlow,FinMind_API_TaiwanStockPrice_3029,True,2026-09-24T07:10:28,2026-09-24T07:10:28,2026-09-24T07:10:28
3029,零壹,2024-11-11,103.5,1.0,0.98%,,,,,,,,,ShowDailyK_ChartFlow,FinMind_API_TaiwanStockPrice_3029,True,2026-09-24T07:10:28,2026-09-24T07:10:28,2026-09-24T07:10:28
3029,零壹,2024-11-12,99.7,-3.799999999999997,-3.67%,,,,,,,,,ShowDailyK_ChartFlow,FinMind_API_TaiwanStockPrice_3029,True,2026-09-24T07:10:28,2026-09-24T07:10:28,2026-09-24T07:10:28
3029,零壹,2024-11-13,99.6,-0.10000000000000853,-0.10%,,,,,,,,,ShowDailyK_ChartFlow,FinMind_API_TaiwanStockPrice_3029,True,2026-09-24T07:10:28,2026-09-24T07:10:28,2026-09-24T07:10:28
3029,零壹,2024-11-14,99.9,0.30000000000001137,0.30%,,,,,,,,,ShowDailyK_ChartFlow,FinMind_API_TaiwanStockPrice_3029,True,2026-09-24T07:10:28,2026-09-24T07:10:28,2026-09-24T07:10:28
3029,零壹,2024-11-15,101.5,1.5999999999999943,1.60%,,,,,,,,,ShowDailyK_ChartFlow,FinMind_API_TaiwanStockPrice_3029,True,2026-09-24T07:10:28,2026-09-24T07:10:28,2026-09-24T07:10:28
3029,零壹,2024-11-18,99.7,-1.7999999999999972,-1.77%,,,,,,,,,ShowDailyK_ChartFlow,FinMind_API_TaiwanStockPrice_3029,True,2026-09-24T07:10:28,2026-09-24T07:10:28,2026-09-24T07:10:28
3029,零壹,2024-11-19,106.5,6.799999999999997,6.82%,,,,,,,,,ShowDailyK_ChartFlow,FinMind_API_TaiwanStockPrice_3029,True,2026-09-24T07:10:28,2026-09-24T07:10:28,2026-09-24T07:10:28
3029,零壹,2024-11-20,106.0,-0.5,-0.47%,,,,,,,,,ShowDailyK_ChartFlow,FinMind_API_TaiwanStockPrice_3029,True,2026-09-24T07:10:28,2026-09-24T07:10:28,2026-09-24T07:10:28
3029,零壹,2024-11-21,105.0,-1.0,-0.94%,,,,,,,,,ShowDailyK_ChartFlow,FinMind_API_TaiwanStockPrice_3029,True,2026-09-24T07:10:28,2026-09-24T07:10:28,2026-09-24T07:10:28
3029,零壹,2024-11-22,105.0,0.0,0.00%,,,,,,,,,ShowDailyK_ChartFlow,FinMind_API_TaiwanStockPrice_3029,True,2026-09-24T07:10:28,2026-09-24T07:10:28,2026-09-24T07:10:28
3029,零壹,2024-11-25,115.5,10.5,10.00%,,,,,,,,,ShowDailyK_ChartFlow,FinMind_API_TaiwanStockPrice_3029,True,2026-09-24T07:10:28,2026-09-24T07:10:28,2026-09-24T07:10:28
3029,零壹,2024-11-26,114.5,-1.0,-0.87%,,,,,,,,,ShowDailyK_ChartFlow,FinMind_API_TaiwanStockPrice_3029,True,2026-09-24T07:10:28,2026-09-24T07:10:28,2026-09-24T07:10:28
3029,零壹,2024-11-27,111.5,-3.0,-2.62%,,,,,,,,,ShowDailyK_ChartFlow,FinMind_API_TaiwanStockPrice_3029,True,2026-09-24T07:10:28,2026-09-24T07:10:28,2026-09-24T07:10:28
3029,零壹,2024-11-28,113.0,1.5,1.35%,,,,,,,,,ShowDailyK_ChartFlow,FinMind_API_TaiwanStockPrice_3029,True,2026-09-24T07:10:28,2026-09-24T07:10:28,2026-09-24T07:10:28
3029,零壹,2024-11-29,114.5,1.5,1.33%,,,,,,,,,ShowDailyK_ChartFlow,FinMind_API_TaiwanStockPrice_3029,True,2026-09-24T07:10:28,2026-09-24T07:10:28,2026-09-24T07:10:28
3029,零壹,2024-12-02,121.5,7.0,6.11%,,,,,,,,,ShowDailyK_ChartFlow,FinMind_API_TaiwanStockPrice_3029,True,2026-09-24T07:10:28,2026-09-24T07:10:28,2026-09-24T07:10:28
3029,零壹,2024-12-03,117.0,-4.5,-3.70%,,,,,,,,,ShowDailyK_ChartFlow,FinMind_API_TaiwanStockPrice_3029,True,2026-09-24T07:10:28,2026-09-24T07:10:28,2026-09-24T07:10:28
3029,零壹,2024-12-04,120.5,3.5,2.99%,,,,,,,,,ShowDailyK_ChartFlow,FinMind_API_TaiwanStockPrice_3029,True,2026-09-24T07:10:28,2026-09-24T07:10:28,2026-09-24T07:10:28
3029,零壹,2024-12-05,132.5,12.0,9.96%,,,,,,,,,ShowDailyK_ChartFlow,FinMind_API_TaiwanStockPrice_3029,True,2026-09-24T07:10:28,2026-09-24T07:10:28,2026-09-24T07:10:28
3029,零壹,2024-12-06,145.5,13.0,9.81%,,,,,,,,,ShowDailyK_ChartFlow,FinMind_API_TaiwanStockPrice_3029,True,2026-09-24T07:10:28,2026-09-24T07:10:28,2026-09-24T07:10:28
3029,零壹,2024-12-09,152.0,6.5,4.47%,,,,,,,,,ShowDailyK_ChartFlow,FinMind_API_TaiwanStockPrice_3029,True,2026-09-24T07:10:28,2026-09-24T07:10:28,2026-09-24T07:10:28
3029,零壹,2024-12-10,155.5,3.5,2.30%,,,,,,,,,ShowDailyK_ChartFlow,FinMind_API_TaiwanStockPrice_3029,True,2026-09-24T07:10:28,2026-09-24T07:10:28,2026-09-24T07:10:28
3029,零壹,2024-12-11,171.0,15.5,9.97%,,,,,,,,,ShowDailyK_ChartFlow,FinMind_API_TaiwanStockPrice_3029,True,2026-09-24T07:10:28,2026-09-24T07:10:28,2026-09-24T07:10:28
3029,零壹,2024-12-12,154.0,-17.0,-9.94%,,,,,,,,,ShowDailyK_ChartFlow,FinMind_API_TaiwanStockPrice_3029,True,2026-09-24T07:10:28,2026-09-24T07:10:28,2026-09-24T07:10:28
3029,零壹,2024-12-13,154.0,0.0,0.00%,,,,,,,,,ShowDailyK_ChartFlow,FinMind_API_TaiwanStockPrice_3029,True,2026-09-24T07:10:28,2026-09-24T07:10:28,2026-09-24T07:10:28
3029,零壹,2024-12-16,148.0,-6.0,-3.90%,,,,,,,,,ShowDailyK_ChartFlow,FinMind_API_TaiwanStockPrice_3029,True,2026-09-24T07:10:28,2026-09-24T07:10:28,2026-09-24T07:10:28
3029,零壹,2024-12-17,140.5,-7.5,-5.07%,,,,,,,,,ShowDailyK_ChartFlow,FinMind_API_TaiwanStockPrice_3029,True,2026-09-24T07:10:28,2026-09-24T07:10:28,2026-09-24T07:10:28
3029,零壹,2024-12-18,143.0,2.5,1.78%,,,,,,,,,ShowDailyK_ChartFlow,FinMind_API_TaiwanStockPrice_3029,True,2026-09-24T07:10:28,2026-09-24T07:10:28,2026-09-24T07:10:28
3029,零壹,2024-12-19,141.0,-2.0,-1.40%,,,,,,,,,ShowDailyK_ChartFlow,FinMind_API_TaiwanStockPrice_3029,True,2026-09-24T07:10:28,2026-09-24T07:10:28,2026-09-24T07:10:28
3029,零壹,2024-12-20,139.0,-2.0,-1.42%,,,,,,,,,ShowDailyK_ChartFlow,FinMind_API_TaiwanStockPrice_3029,True,2026-09-24T07:10:28,2026-09-24T07:10:28,2026-09-24T07:10:28
3029,零壹,2024-12-23,137.5,-1.5,-1.08%,,,,,,,,,ShowDailyK_ChartFlow,FinMind_API_TaiwanStockPrice_3029,True,2026-09-24T07:10:28,2026-09-24T07:10:28,2026-09-24T07:10:28
3029,零壹,2024-12-24,134.0,-3.5,-2.55%,,,,,,,,,ShowDailyK_ChartFlow,FinMind_API_TaiwanStockPrice_3029,True,2026-09-24T07:10:28,2026-09-24T07:10:28,2026-09-24T07:10:28
3029,零壹,2024-12-25,140.0,6.0,4.48%,,,,,,,,,ShowDailyK_ChartFlow,FinMind_API_TaiwanStockPrice_3029,True,2026-09-24T07:10:28,2026-09-24T07:10:28,2026-09-24T07:10:28
3029,零壹,2024-12-26,138.0,-2.0,-1.43%,,,,,,,,,ShowDailyK_ChartFlow,FinMind_API_TaiwanStockPrice_3029,True,2026-09-24T07:10:28,2026-09-24T07:10:28,2026-09-24T07:10:28
3029,零壹,2024-12-27,141.5,3.5,2.54%,,,,,,,,,ShowDailyK_ChartFlow,FinMind_API_TaiwanStockPrice_3029,True,2026-09-24T07:10:28,2026-09-24T07:10:28,2026-09-24T07:10:28
3029,零壹,2024-12-30,137.5,-4.0,-2.83%,,,,,,,,,ShowDailyK_ChartFlow,FinMind_API_TaiwanStockPrice_3029,True,2026-09-24T07:10:28,2026-09-24T07:10:28,2026-09-24T07:10:28
3029,零壹,2024-12-31,138.5,1.0,0.73%,,,,,,,,,ShowDailyK_ChartFlow,FinMind_API_TaiwanStockPrice_3029,True,2026-09-24T07:10:28,2026-09-24T07:10:28,2026-09-24T07:10:28
3029,零壹,2025-01-02,135.0,-3.5,-2.53%,,,,,,,,,ShowDailyK_ChartFlow,FinMind_API_TaiwanStockPrice_3029,True,2026-09-24T07:10:28,2026-09-24T07:10:28,2026-09-24T07:10:28
3029,零壹,2025-01-03,132.0,-3.0,-2.22%,,,,,,,,,ShowDailyK_ChartFlow,FinMind_API_TaiwanStockPrice_3029,True,2026-09-24T07:10:28,2026-09-24T07:10:28,2026-09-24T07:10:28
3029,零壹,2025-01-06,131.5,-0.5,-0.38%,,,,,,,,,ShowDailyK_ChartFlow,FinMind_API_TaiwanStockPrice_3029,True,2026-09-24T07:10:28,2026-09-24T07:10:28,2026-09-24T07:10:28
3029,零壹,2025-01-07,133.5,2.0,1.52%,,,,,,,,,ShowDailyK_ChartFlow,FinMind_API_TaiwanStockPrice_3029,True,2026-09-24T07:10:28,2026-09-24T07:10:28,2026-09-24T07:10:28
3029,零壹,2025-01-08,133.0,-0.5,-0.37%,,,,,,,,,ShowDailyK_ChartFlow,FinMind_API_TaiwanStockPrice_3029,True,2026-09-24T07:10:28,2026-09-24T07:10:28,2026-09-24T07:10:28
3029,零壹,2025-01-09,125.5,-7.5,-5.64%,,,,,,,,,ShowDailyK_ChartFlow,FinMind_API_TaiwanStockPrice_3029,True,2026-09-24T07:10:28,2026-09-24T07:10:28,2026-09-24T07:10:28
3029,零壹,2025-01-10,126.5,1.0,0.80%,,,,,,,,,ShowDailyK_ChartFlow,FinMind_API_TaiwanStockPrice_3029,True,2026-09-24T07:10:28,2026-09-24T07:10:28,2026-09-24T07:10:28
3029,零壹,2025-01-13,123.0,-3.5,-2.77%,,,,,,,,,ShowDailyK_ChartFlow,FinMind_API_TaiwanStockPrice_3029,True,2026-09-24T07:10:28,2026-09-24T07:10:28,2026-09-24T07:10:28
3029,零壹,2025-01-14,123.5,0.5,0.41%,,,,,,,,,ShowDailyK_ChartFlow,FinMind_API_TaiwanStockPrice_3029,True,2026-09-24T07:10:28,2026-09-24T07:10:28,2026-09-24T07:10:28
3029,零壹,2025-01-15,120.5,-3.0,-2.43%,,,,,,,,,ShowDailyK_ChartFlow,FinMind_API_TaiwanStockPrice_3029,True,2026-09-24T07:10:28,2026-09-24T07:10:28,2026-09-24T07:10:28
3029,零壹,2025-01-16,124.0,3.5,2.90%,,,,,,,,,ShowDailyK_ChartFlow,FinMind_API_TaiwanStockPrice_3029,True,2026-09-24T07:10:28,2026-09-24T07:10:28,2026-09-24T07:10:28
3029,零壹,2025-01-17,122.5,-1.5,-1.21%,,,,,,,,,ShowDailyK_ChartFlow,FinMind_API_TaiwanStockPrice_3029,True,2026-09-24T07:10:28,2026-09-24T07:10:28,2026-09-24T07:10:28
3029,零壹,2025-01-20,127.0,4.5,3.67%,,,,,,,,,ShowDailyK_ChartFlow,FinMind_API_TaiwanStockPrice_3029,True,2026-09-24T07:10:28,2026-09-24T07:10:28,2026-09-24T07:10:28
3029,零壹,2025-01-21,124.0,-3.0,-2.36%,,,,,,,,,ShowDailyK_ChartFlow,FinMind_API_TaiwanStockPrice_3029,True,2026-09-24T07:10:28,2026-09-24T07:10:28,2026-09-24T07:10:28
3029,零壹,2025-01-22,128.5,4.5,3.63%,,,,,,,,,ShowDailyK_ChartFlow,FinMind_API_TaiwanStockPrice_3029,True,2026-09-24T07:10:28,2026-09-24T07:10:28,2026-09-24T07:10:28
3029,零壹,2025-02-03,129.5,1.0,0.78%,,,,,,,,,ShowDailyK_ChartFlow,FinMind_API_TaiwanStockPrice_3029,True,2026-09-24T07:10:28,2026-09-24T07:10:28,2026-09-24T07:10:28
3029,零壹,2025-02-04,133.5,4.0,3.09%,,,,,,,,,ShowDailyK_ChartFlow,FinMind_API_TaiwanStockPrice_3029,True,2026-09-24T07:10:28,2026-09-24T07:10:28,2026-09-24T07:10:28
3029,零壹,2025-02-05,138.0,4.5,3.37%,,,,,,,,,ShowDailyK_ChartFlow,FinMind_API_TaiwanStockPrice_3029,True,2026-09-24T07:10:28,2026-09-24T07:10:28,2026-09-24T07:10:28
3029,零壹,2025-02-06,137.0,-1.0,-0.72%,,,,,,,,,ShowDailyK_ChartFlow,FinMind_API_TaiwanStockPrice_3029,True,2026-09-24T07:10:28,2026-09-24T07:10:28,2026-09-24T07:10:28
3029,零壹,2025-02-07,150.5,13.5,9.85%,,,,,,,,,ShowDailyK_ChartFlow,FinMind_API_TaiwanStockPrice_3029,True,2026-09-24T07:10:28,2026-09-24T07:10:28,2026-09-24T07:10:28
3029,零壹,2025-02-10,147.5,-3.0,-1.99%,,,,,,,,,ShowDailyK_ChartFlow,FinMind_API_TaiwanStockPrice_3029,True,2026-09-24T07:10:28,2026-09-24T07:10:28,2026-09-24T07:10:28
3029,零壹,2025-02-11,148.0,0.5,0.34%,,,,,,,,,ShowDailyK_ChartFlow,FinMind_API_TaiwanStockPrice_3029,True,2026-09-24T07:10:28,2026-09-24T07:10:28,2026-09-24T07:10:28
3029,零壹,2025-02-12,154.0,6.0,4.05%,,,,,,,,,ShowDailyK_ChartFlow,FinMind_API_TaiwanStockPrice_3029,True,2026-09-24T07:10:28,2026-09-24T07:10:28,2026-09-24T07:10:28
3029,零壹,2025-02-13,153.0,-1.0,-0.65%,,,,,,,,,ShowDailyK_ChartFlow,FinMind_API_TaiwanStockPrice_3029,True,2026-09-24T07:10:28,2026-09-24T07:10:28,2026-09-24T07:10:28
3029,零壹,2025-02-14,147.5,-5.5,-3.59%,,,,,,,,,ShowDailyK_ChartFlow,FinMind_API_TaiwanStockPrice_3029,True,2026-09-24T07:10:28,2026-09-24T07:10:28,2026-09-24T07:10:28
3029,零壹,2025-02-17,153.0,5.5,3.73%,,,,,,,,,ShowDailyK_ChartFlow,FinMind_API_TaiwanStockPrice_3029,True,2026-09-24T07:10:28,2026-09-24T07:10:28,2026-09-24T07:10:28
3029,零壹,2025-02-18,152.0,-1.0,-0.65%,,,,,,,,,ShowDailyK_ChartFlow,FinMind_API_TaiwanStockPrice_3029,True,2026-09-24T07:10:28,2026-09-24T07:10:28,2026-09-24T07:10:28
3029,零壹,2025-02-19,149.5,-2.5,-1.64%,,,,,,,,,ShowDailyK_ChartFlow,FinMind_API_TaiwanStockPrice_3029,True,2026-09-24T07:10:28,2026-09-24T07:10:28,2026-09-24T07:10:28
3029,零壹,2025-02-20,147.0,-2.5,-1.67%,,,,,,,,,ShowDailyK_ChartFlow,FinMind_API_TaiwanStockPrice_3029,True,2026-09-24T07:10:28,2026-09-24T07:10:28,2026-09-24T07:10:28
3029,零壹,2025-02-21,147.5,0.5,0.34%,,,,,,,,,ShowDailyK_ChartFlow,FinMind_API_TaiwanStockPrice_3029,True,2026-09-24T07:10:28,2026-09-24T07:10:28,2026-09-24T07:10:28
3029,零壹,2025-02-24,143.5,-4.0,-2.71%,,,,,,,,,ShowDailyK_ChartFlow,FinMind_API_TaiwanStockPrice_3029,True,2026-09-24T07:10:28,2026-09-24T07:10:28,2026-09-24T07:10:28
3029,零壹,2025-02-25,144.5,1.0,0.70%,,,,,,,,,ShowDailyK_ChartFlow,FinMind_API_TaiwanStockPrice_3029,True,2026-09-24T07:10:28,2026-09-24T07:10:28,2026-09-24T07:10:28
3029,零壹,2025-02-26,147.0,2.5,1.73%,,,,,,,,,ShowDailyK_ChartFlow,FinMind_API_TaiwanStockPrice_3029,True,2026-09-24T07:10:28,2026-09-24T07:10:28,2026-09-24T07:10:28
3029,零壹,2025-02-27,143.0,-4.0,-2.72%,,,,,,,,,ShowDailyK_ChartFlow,FinMind_API_TaiwanStockPrice_3029,True,2026-09-24T07:10:28,2026-09-24T07:10:28,2026-09-24T07:10:28
3029,零壹,2025-03-03,141.5,-1.5,-1.05%,,,,,,,,,ShowDailyK_ChartFlow,FinMind_API_TaiwanStockPrice_3029,True,2026-09-24T07:10:28,2026-09-24T07:10:28,2026-09-24T07:10:28
3029,零壹,2025-03-04,146.5,5.0,3.53%,,,,,,,,,ShowDailyK_ChartFlow,FinMind_API_TaiwanStockPrice_3029,True,2026-09-24T07:10:28,2026-09-24T07:10:28,2026-09-24T07:10:28
3029,零壹,2025-03-05,146.5,0.0,0.00%,,,,,,,,,ShowDailyK_ChartFlow,FinMind_API_TaiwanStockPrice_3029,True,2026-09-24T07:10:28,2026-09-24T07:10:28,2026-09-24T07:10:28
3029,零壹,2025-03-06,146.5,0.0,0.00%,,,,,,,,,ShowDailyK_ChartFlow,FinMind_API_TaiwanStockPrice_3029,True,2026-09-24T07:10:28,2026-09-24T07:10:28,2026-09-24T07:10:28
3029,零壹,2025-03-07,149.5,3.0,2.05%,,,,,,,,,ShowDailyK_ChartFlow,FinMind_API_TaiwanStockPrice_3029,True,2026-09-24T07:10:28,2026-09-24T07:10:28,2026-09-24T07:10:28
3029,零壹,2025-03-10,148.0,-1.5,-1.00%,,,,,,,,,ShowDailyK_ChartFlow,FinMind_API_TaiwanStockPrice_3029,True,2026-09-24T07:10:28,2026-09-24T07:10:28,2026-09-24T07:10:28
3029,零壹,2025-03-11,142.5,-5.5,-3.72%,,,,,,,,,ShowDailyK_ChartFlow,FinMind_API_TaiwanStockPrice_3029,True,2026-09-24T07:10:28,2026-09-24T07:10:28,2026-09-24T07:10:28
3029,零壹,2025-03-12,153.0,10.5,7.37%,,,,,,,,,ShowDailyK_ChartFlow,FinMind_API_TaiwanStockPrice_3029,True,2026-09-24T07:10:28,2026-09-24T07:10:28,2026-09-24T07:10:28
3029,零壹,2025-03-13,150.5,-2.5,-1.63%,,,,,,,,,ShowDailyK_ChartFlow,FinMind_API_TaiwanStockPrice_3029,True,2026-09-24T07:10:28,2026-09-24T07:10:28,2026-09-24T07:10:28
3029,零壹,2025-03-14,151.0,0.5,0.33%,,,,,,,,,ShowDailyK_ChartFlow,FinMind_API_TaiwanStockPrice_3029,True,2026-09-24T07:10:28,2026-09-24T07:10:28,2026-09-24T07:10:28
3029,零壹,2025-03-17,145.0,-6.0,-3.97%,,,,,,,,,ShowDailyK_ChartFlow,FinMind_API_TaiwanStockPrice_3029,True,2026-09-24T07:10:28,2026-09-24T07:10:28,2026-09-24T07:10:28
3029,零壹,2025-03-18,145.0,0.0,0.00%,,,,,,,,,ShowDailyK_ChartFlow,FinMind_API_TaiwanStockPrice_3029,True,2026-09-24T07:10:28,2026-09-24T07:10:28,2026-09-24T07:10:28
3029,零壹,2025-03-19,147.0,2.0,1.38%,,,,,,,,,ShowDailyK_ChartFlow,FinMind_API_TaiwanStockPrice_3029,True,2026-09-24T07:10:28,2026-09-24T07:10:28,2026-09-24T07:10:28
3029,零壹,2025-03-20,142.0,-5.0,-3.40%,,,,,,,,,ShowDailyK_ChartFlow,FinMind_API_TaiwanStockPrice_3029,True,2026-09-24T07:10:28,2026-09-24T07:10:28,2026-09-24T07:10:28
3029,零壹,2025-03-21,143.0,1.0,0.70%,,,,,,,,,ShowDailyK_ChartFlow,FinMind_API_TaiwanStockPrice_3029,True,2026-09-24T07:10:28,2026-09-24T07:10:28,2026-09-24T07:10:28
3029,零壹,2025-03-24,137.5,-5.5,-3.85%,,,,,,,,,ShowDailyK_ChartFlow,FinMind_API_TaiwanStockPrice_3029,True,2026-09-24T07:10:28,2026-09-24T07:10:28,2026-09-24T07:10:28
3029,零壹,2025-03-25,134.0,-3.5,-2.55%,,,,,,,,,ShowDailyK_ChartFlow,FinMind_API_TaiwanStockPrice_3029,True,2026-09-24T07:10:28,2026-09-24T07:10:28,2026-09-24T07:10:28
3029,零壹,2025-03-26,137.5,3.5,2.61%,,,,,,,,,ShowDailyK_ChartFlow,FinMind_API_TaiwanStockPrice_3029,True,2026-09-24T07:10:28,2026-09-24T07:10:28,2026-09-24T07:10:28
3029,零壹,2025-03-27,134.5,-3.0,-2.18%,,,,,,,,,ShowDailyK_ChartFlow,FinMind_API_TaiwanStockPrice_3029,True,2026-09-24T07:10:28,2026-09-24T07:10:28,2026-09-24T07:10:28
3029,零壹,2025-03-28,131.0,-3.5,-2.60%,,,,,,,,,ShowDailyK_ChartFlow,FinMind_API_TaiwanStockPrice_3029,True,2026-09-24T07:10:28,2026-09-24T07:10:28,2026-09-24T07:10:28
3029,零壹,2025-03-31,122.0,-9.0,-6.87%,,,,,,,,,ShowDailyK_ChartFlow,FinMind_API_TaiwanStockPrice_3029,True,2026-09-24T07:10:28,2026-09-24T07:10:28,2026-09-24T07:10:28
3029,零壹,2025-04-01,124.5,2.5,2.05%,,,,,,,,,ShowDailyK_ChartFlow,FinMind_API_TaiwanStockPrice_3029,True,2026-09-24T07:10:28,2026-09-24T07:10:28,2026-09-24T07:10:28
3029,零壹,2025-04-02,126.0,1.5,1.20%,,,,,,,,,ShowDailyK_ChartFlow,FinMind_API_TaiwanStockPrice_3029,True,2026-09-24T07:10:28,2026-09-24T07:10:28,2026-09-24T07:10:28
3029,零壹,2025-04-07,113.5,-12.5,-9.92%,,,,,,,,,ShowDailyK_ChartFlow,FinMind_API_TaiwanStockPrice_3029,True,2026-09-24T07:10:28,2026-09-24T07:10:28,2026-09-24T07:10:28
3029,零壹,2025-04-08,102.5,-11.0,-9.69%,,,,,,,,,ShowDailyK_ChartFlow,FinMind_API_TaiwanStockPrice_3029,True,2026-09-24T07:10:28,2026-09-24T07:10:28,2026-09-24T07:10:28
3029,零壹,2025-04-09,102.0,-0.5,-0.49%,,,,,,,,,ShowDailyK_ChartFlow,FinMind_API_TaiwanStockPrice_3029,True,2026-09-24T07:10:28,2026-09-24T07:10:28,2026-09-24T07:10:28
3029,零壹,2025-04-10,112.0,10.0,9.80%,,,,,,,,,ShowDailyK_ChartFlow,FinMind_API_TaiwanStockPrice_3029,True,2026-09-24T07:10:28,2026-09-24T07:10:28,2026-09-24T07:10:28
3029,零壹,2025-04-11,111.5,-0.5,-0.45%,,,,,,,,,ShowDailyK_ChartFlow,FinMind_API_TaiwanStockPrice_3029,True,2026-09-24T07:10:28,2026-09-24T07:10:28,2026-09-24T07:10:28
3029,零壹,2025-04-14,114.5,3.0,2.69%,,,,,,,,,ShowDailyK_ChartFlow,FinMind_API_TaiwanStockPrice_3029,True,2026-09-24T07:10:28,2026-09-24T07:10:28,2026-09-24T07:10:28
3029,零壹,2025-04-15,118.5,4.0,3.49%,,,,,,,,,ShowDailyK_ChartFlow,FinMind_API_TaiwanStockPrice_3029,True,2026-09-24T07:10:28,2026-09-24T07:10:28,2026-09-24T07:10:28
3029,零壹,2025-04-16,115.0,-3.5,-2.95%,,,,,,,,,ShowDailyK_ChartFlow,FinMind_API_TaiwanStockPrice_3029,True,2026-09-24T07:10:28,2026-09-24T07:10:28,2026-09-24T07:10:28
3029,零壹,2025-04-17,115.0,0.0,0.00%,,,,,,,,,ShowDailyK_ChartFlow,FinMind_API_TaiwanStockPrice_3029,True,2026-09-24T07:10:28,2026-09-24T07:10:28,2026-09-24T07:10:28
3029,零壹,2025-04-18,114.5,-0.5,-0.43%,,,,,,,,,ShowDailyK_ChartFlow,FinMind_API_TaiwanStockPrice_3029,True,2026-09-24T07:10:28,2026-09-24T07:10:28,2026-09-24T07:10:28
3029,零壹,2025-04-21,110.5,-4.0,-3.49%,,,,,,,,,ShowDailyK_ChartFlow,FinMind_API_TaiwanStockPrice_3029,True,2026-09-24T07:10:28,2026-09-24T07:10:28,2026-09-24T07:10:28
3029,零壹,2025-04-22,107.5,-3.0,-2.71%,,,,,,,,,ShowDailyK_ChartFlow,FinMind_API_TaiwanStockPrice_3029,True,2026-09-24T07:10:28,2026-09-24T07:10:28,2026-09-24T07:10:28
3029,零壹,2025-04-23,114.5,7.0,6.51%,,,,,,,,,ShowDailyK_ChartFlow,FinMind_API_TaiwanStockPrice_3029,True,2026-09-24T07:10:28,2026-09-24T07:10:28,2026-09-24T07:10:28
3029,零壹,2025-04-24,120.5,6.0,5.24%,,,,,,,,,ShowDailyK_ChartFlow,FinMind_API_TaiwanStockPrice_3029,True,2026-09-24T07:10:28,2026-09-24T07:10:28,2026-09-24T07:10:28
3029,零壹,2025-04-25,124.0,3.5,2.90%,,,,,,,,,ShowDailyK_ChartFlow,FinMind_API_TaiwanStockPrice_3029,True,2026-09-24T07:10:28,2026-09-24T07:10:28,2026-09-24T07:10:28
3029,零壹,2025-04-28,125.5,1.5,1.21%,,,,,,,,,ShowDailyK_ChartFlow,FinMind_API_TaiwanStockPrice_3029,True,2026-09-24T07:10:28,2026-09-24T07:10:28,2026-09-24T07:10:28
3029,零壹,2025-04-29,136.0,10.5,8.37%,,,,,,,,,ShowDailyK_ChartFlow,FinMind_API_TaiwanStockPrice_3029,True,2026-09-24T07:10:28,2026-09-24T07:10:28,2026-09-24T07:10:28
3029,零壹,2025-04-30,124.0,-12.0,-8.82%,,,,,,,,,ShowDailyK_ChartFlow,FinMind_API_TaiwanStockPrice_3029,True,2026-09-24T07:10:28,2026-09-24T07:10:28,2026-09-24T07:10:28
3029,零壹,2025-05-02,126.0,2.0,1.61%,,,,,,,,,ShowDailyK_ChartFlow,FinMind_API_TaiwanStockPrice_3029,True,2026-09-24T07:10:28,2026-09-24T07:10:28,2026-09-24T07:10:28
3029,零壹,2025-05-05,122.5,-3.5,-2.78%,,,,,,,,,ShowDailyK_ChartFlow,FinMind_API_TaiwanStockPrice_3029,True,2026-09-24T07:10:28,2026-09-24T07:10:28,2026-09-24T07:10:28
3029,零壹,2025-05-06,123.5,1.0,0.82%,,,,,,,,,ShowDailyK_ChartFlow,FinMind_API_TaiwanStockPrice_3029,True,2026-09-24T07:10:28,2026-09-24T07:10:28,2026-09-24T07:10:28
3029,零壹,2025-05-07,121.5,-2.0,-1.62%,,,,,,,,,ShowDailyK_ChartFlow,FinMind_API_TaiwanStockPrice_3029,True,2026-09-24T07:10:28,2026-09-24T07:10:28,2026-09-24T07:10:28
3029,零壹,2025-05-08,124.0,2.5,2.06%,,,,,,,,,ShowDailyK_ChartFlow,FinMind_API_TaiwanStockPrice_3029,True,2026-09-24T07:10:28,2026-09-24T07:10:28,2026-09-24T07:10:28
3029,零壹,2025-05-09,126.5,2.5,2.02%,,,,,,,,,ShowDailyK_ChartFlow,FinMind_API_TaiwanStockPrice_3029,True,2026-09-24T07:10:28,2026-09-24T07:10:28,2026-09-24T07:10:28
3029,零壹,2025-05-12,126.5,0.0,0.00%,,,,,,,,,ShowDailyK_ChartFlow,FinMind_API_TaiwanStockPrice_3029,True,2026-09-24T07:10:28,2026-09-24T07:10:28,2026-09-24T07:10:28
3029,零壹,2025-05-13,127.5,1.0,0.79%,,,,,,,,,ShowDailyK_ChartFlow,FinMind_API_TaiwanStockPrice_3029,True,2026-09-24T07:10:28,2026-09-24T07:10:28,2026-09-24T07:10:28
3029,零壹,2025-05-14,130.5,3.0,2.35%,,,,,,,,,ShowDailyK_ChartFlow,FinMind_API_TaiwanStockPrice_3029,True,2026-09-24T07:10:28,2026-09-24T07:10:28,2026-09-24T07:10:28
3029,零壹,2025-05-15,127.5,-3.0,-2.30%,,,,,,,,,ShowDailyK_ChartFlow,FinMind_API_TaiwanStockPrice_3029,True,2026-09-24T07:10:28,2026-09-24T07:10:28,2026-09-24T07:10:28
3029,零壹,2025-05-16,125.5,-2.0,-1.57%,,,,,,,,,ShowDailyK_ChartFlow,FinMind_API_TaiwanStockPrice_3029,True,2026-09-24T07:10:28,2026-09-24T07:10:28,2026-09-24T07:10:28
3029,零壹,2025-05-19,122.0,-3.5,-2.79%,,,,,,,,,ShowDailyK_ChartFlow,FinMind_API_TaiwanStockPrice_3029,True,2026-09-24T07:10:28,2026-09-24T07:10:28,2026-09-24T07:10:28
3029,零壹,2025-05-20,121.5,-0.5,-0.41%,,,,,,,,,ShowDailyK_ChartFlow,FinMind_API_TaiwanStockPrice_3029,True,2026-09-24T07:10:28,2026-09-24T07:10:28,2026-09-24T07:10:28
3029,零壹,2025-05-21,124.0,2.5,2.06%,,,,,,,,,ShowDailyK_ChartFlow,FinMind_API_TaiwanStockPrice_3029,True,2026-09-24T07:10:28,2026-09-24T07:10:28,2026-09-24T07:10:28
3029,零壹,2025-05-22,122.5,-1.5,-1.21%,,,,,,,,,ShowDailyK_ChartFlow,FinMind_API_TaiwanStockPrice_3029,True,2026-09-24T07:10:28,2026-09-24T07:10:28,2026-09-24T07:10:28
3029,零壹,2025-05-23,119.5,-3.0,-2.45%,,,,,,,,,ShowDailyK_ChartFlow,FinMind_API_TaiwanStockPrice_3029,True,2026-09-24T07:10:28,2026-09-24T07:10:28,2026-09-24T07:10:28
3029,零壹,2025-05-26,117.0,-2.5,-2.09%,,,,,,,,,ShowDailyK_ChartFlow,FinMind_API_TaiwanStockPrice_3029,True,2026-09-24T07:10:28,2026-09-24T07:10:28,2026-09-24T07:10:28
3029,零壹,2025-05-27,115.5,-1.5,-1.28%,,,,,,,,,ShowDailyK_ChartFlow,FinMind_API_TaiwanStockPrice_3029,True,2026-09-24T07:10:28,2026-09-24T07:10:28,2026-09-24T07:10:28
3029,零壹,2025-05-28,114.5,-1.0,-0.87%,,,,,,,,,ShowDailyK_ChartFlow,FinMind_API_TaiwanStockPrice_3029,True,2026-09-24T07:10:28,2026-09-24T07:10:28,2026-09-24T07:10:28
3029,零壹,2025-05-29,114.5,0.0,0.00%,,,,,,,,,ShowDailyK_ChartFlow,FinMind_API_TaiwanStockPrice_3029,True,2026-09-24T07:10:28,2026-09-24T07:10:28,2026-09-24T07:10:28
3029,零壹,2025-06-02,113.5,-1.0,-0.87%,,,,,,,,,ShowDailyK_ChartFlow,FinMind_API_TaiwanStockPrice_3029,True,2026-09-24T07:10:28,2026-09-24T07:10:28,2026-09-24T07:10:28
3029,零壹,2025-06-03,113.0,-0.5,-0.44%,,,,,,,,,ShowDailyK_ChartFlow,FinMind_API_TaiwanStockPrice_3029,True,2026-09-24T07:10:28,2026-09-24T07:10:28,2026-09-24T07:10:28
3029,零壹,2025-06-04,115.5,2.5,2.21%,,,,,,,,,ShowDailyK_ChartFlow,FinMind_API_TaiwanStockPrice_3029,True,2026-09-24T07:10:28,2026-09-24T07:10:28,2026-09-24T07:10:28
3029,零壹,2025-06-05,115.5,0.0,0.00%,,,,,,,,,ShowDailyK_ChartFlow,FinMind_API_TaiwanStockPrice_3029,True,2026-09-24T07:10:28,2026-09-24T07:10:28,2026-09-24T07:10:28
3029,零壹,2025-06-06,115.0,-0.5,-0.43%,,,,,,,,,ShowDailyK_ChartFlow,FinMind_API_TaiwanStockPrice_3029,True,2026-09-24T07:10:28,2026-09-24T07:10:28,2026-09-24T07:10:28
3029,零壹,2025-06-09,110.5,-4.5,-3.91%,,,,,,,,,ShowDailyK_ChartFlow,FinMind_API_TaiwanStockPrice_3029,True,2026-09-24T07:10:28,2026-09-24T07:10:28,2026-09-24T07:10:28
3029,零壹,2025-06-10,110.5,0.0,0.00%,,,,,,,,,ShowDailyK_ChartFlow,FinMind_API_TaiwanStockPrice_3029,True,2026-09-24T07:10:28,2026-09-24T07:10:28,2026-09-24T07:10:28
3029,零壹,2025-06-11,112.5,2.0,1.81%,,,,,,,,,ShowDailyK_ChartFlow,FinMind_API_TaiwanStockPrice_3029,True,2026-09-24T07:10:28,2026-09-24T07:10:28,2026-09-24T07:10:28
3029,零壹,2025-06-12,116.5,4.0,3.56%,,,,,,,,,ShowDailyK_ChartFlow,FinMind_API_TaiwanStockPrice_3029,True,2026-09-24T07:10:28,2026-09-24T07:10:28,2026-09-24T07:10:28
3029,零壹,2025-06-13,113.0,-3.5,-3.00%,,,,,,,,,ShowDailyK_ChartFlow,FinMind_API_TaiwanStockPrice_3029,True,2026-09-24T07:10:28,2026-09-24T07:10:28,2026-09-24T07:10:28
3029,零壹,2025-06-16,112.5,-0.5,-0.44%,,,,,,,,,ShowDailyK_ChartFlow,FinMind_API_TaiwanStockPrice_3029,True,2026-09-24T07:10:28,2026-09-24T07:10:28,2026-09-24T07:10:28
3029,零壹,2025-06-17,112.5,0.0,0.00%,,,,,,,,,ShowDailyK_ChartFlow,FinMind_API_TaiwanStockPrice_3029,True,2026-09-24T07:10:28,2026-09-24T07:10:28,2026-09-24T07:10:28
3029,零壹,2025-06-18,111.5,-1.0,-0.89%,,,,,,,,,ShowDailyK_ChartFlow,FinMind_API_TaiwanStockPrice_3029,True,2026-09-24T07:10:28,2026-09-24T07:10:28,2026-09-24T07:10:28
3029,零壹,2025-06-19,111.5,0.0,0.00%,,,,,,,,,ShowDailyK_ChartFlow,FinMind_API_TaiwanStockPrice_3029,True,2026-09-24T07:10:28,2026-09-24T07:10:28,2026-09-24T07:10:28
3029,零壹,2025-06-20,106.0,-5.5,-4.93%,,,,,,,,,ShowDailyK_ChartFlow,FinMind_API_TaiwanStockPrice_3029,True,2026-09-24T07:10:28,2026-09-24T07:10:28,2026-09-24T07:10:28
3029,零壹,2025-06-23,104.5,-1.5,-1.42%,,,,,,,,,ShowDailyK_ChartFlow,FinMind_API_TaiwanStockPrice_3029,True,2026-09-24T07:10:28,2026-09-24T07:10:28,2026-09-24T07:10:28
3029,零壹,2025-06-24,106.5,2.0,1.91%,,,,,,,,,ShowDailyK_ChartFlow,FinMind_API_TaiwanStockPrice_3029,True,2026-09-24T07:10:28,2026-09-24T07:10:28,2026-09-24T07:10:28
3029,零壹,2025-06-25,106.0,-0.5,-0.47%,,,,,,,,,ShowDailyK_ChartFlow,FinMind_API_TaiwanStockPrice_3029,True,2026-09-24T07:10:28,2026-09-24T07:10:28,2026-09-24T07:10:28
3029,零壹,2025-06-26,107.0,1.0,0.94%,,,,,,,,,ShowDailyK_ChartFlow,FinMind_API_TaiwanStockPrice_3029,True,2026-09-24T07:10:28,2026-09-24T07:10:28,2026-09-24T07:10:28
3029,零壹,2025-06-27,108.5,1.5,1.40%,,,,,,,,,ShowDailyK_ChartFlow,FinMind_API_TaiwanStockPrice_3029,True,2026-09-24T07:10:28,2026-09-24T07:10:28,2026-09-24T07:10:28
3029,零壹,2025-06-30,106.5,-2.0,-1.84%,,,,,,,,,ShowDailyK_ChartFlow,FinMind_API_TaiwanStockPrice_3029,True,2026-09-24T07:10:28,2026-09-24T07:10:28,2026-09-24T07:10:28
3029,零壹,2025-07-01,107.0,0.5,0.47%,,,,,,,,,ShowDailyK_ChartFlow,FinMind_API_TaiwanStockPrice_3029,True,2026-09-24T07:10:28,2026-09-24T07:10:28,2026-09-24T07:10:28
3029,零壹,2025-07-02,107.5,0.5,0.47%,,,,,,,,,ShowDailyK_ChartFlow,FinMind_API_TaiwanStockPrice_3029,True,2026-09-24T07:10:28,2026-09-24T07:10:28,2026-09-24T07:10:28
3029,零壹,2025-07-03,108.5,1.0,0.93%,,,,,,,,,ShowDailyK_ChartFlow,FinMind_API_TaiwanStockPrice_3029,True,2026-09-24T07:10:28,2026-09-24T07:10:28,2026-09-24T07:10:28
3029,零壹,2025-07-04,107.5,-1.0,-0.92%,,,,,,,,,ShowDailyK_ChartFlow,FinMind_API_TaiwanStockPrice_3029,True,2026-09-24T07:10:28,2026-09-24T07:10:28,2026-09-24T07:10:28
3029,零壹,2025-07-07,105.5,-2.0,-1.86%,,,,,,,,,ShowDailyK_ChartFlow,FinMind_API_TaiwanStockPrice_3029,True,2026-09-24T07:10:28,2026-09-24T07:10:28,2026-09-24T07:10:28
3029,零壹,2025-07-08,111.0,5.5,5.21%,,,,,,,,,ShowDailyK_ChartFlow,FinMind_API_TaiwanStockPrice_3029,True,2026-09-24T07:10:28,2026-09-24T07:10:28,2026-09-24T07:10:28
3029,零壹,2025-07-09,112.5,1.5,1.35%,,,,,,,,,ShowDailyK_ChartFlow,FinMind_API_TaiwanStockPrice_3029,True,2026-09-24T07:10:28,2026-09-24T07:10:28,2026-09-24T07:10:28
3029,零壹,2025-07-10,116.0,3.5,3.11%,,,,,,,,,ShowDailyK_ChartFlow,FinMind_API_TaiwanStockPrice_3029,True,2026-09-24T07:10:28,2026-09-24T07:10:28,2026-09-24T07:10:28
3029,零壹,2025-07-11,113.0,-3.0,-2.59%,,,,,,,,,ShowDailyK_ChartFlow,FinMind_API_TaiwanStockPrice_3029,True,2026-09-24T07:10:28,2026-09-24T07:10:28,2026-09-24T07:10:28
3029,零壹,2025-07-14,113.5,0.5,0.44%,,,,,,,,,ShowDailyK_ChartFlow,FinMind_API_TaiwanStockPrice_3029,True,2026-09-24T07:10:28,2026-09-24T07:10:28,2026-09-24T07:10:28
3029,零壹,2025-07-15,115.0,1.5,1.32%,,,,,,,,,ShowDailyK_ChartFlow,FinMind_API_TaiwanStockPrice_3029,True,2026-09-24T07:10:28,2026-09-24T07:10:28,2026-09-24T07:10:28
3029,零壹,2025-07-16,114.0,-1.0,-0.87%,,,,,,,,,ShowDailyK_ChartFlow,FinMind_API_TaiwanStockPrice_3029,True,2026-09-24T07:10:28,2026-09-24T07:10:28,2026-09-24T07:10:28
3029,零壹,2025-07-17,115.5,1.5,1.32%,,,,,,,,,ShowDailyK_ChartFlow,FinMind_API_TaiwanStockPrice_3029,True,2026-09-24T07:10:28,2026-09-24T07:10:28,2026-09-24T07:10:28
3029,零壹,2025-07-18,118.5,3.0,2.60%,,,,,,,,,ShowDailyK_ChartFlow,FinMind_API_TaiwanStockPrice_3029,True,2026-09-24T07:10:28,2026-09-24T07:10:28,2026-09-24T07:10:28
3029,零壹,2025-07-21,116.5,-2.0,-1.69%,,,,,,,,,ShowDailyK_ChartFlow,FinMind_API_TaiwanStockPrice_3029,True,2026-09-24T07:10:28,2026-09-24T07:10:28,2026-09-24T07:10:28
3029,零壹,2025-07-22,112.0,-4.5,-3.86%,,,,,,,,,ShowDailyK_ChartFlow,FinMind_API_TaiwanStockPrice_3029,True,2026-09-24T07:10:28,2026-09-24T07:10:28,2026-09-24T07:10:28
3029,零壹,2025-07-23,114.0,2.0,1.79%,,,,,,,,,ShowDailyK_ChartFlow,FinMind_API_TaiwanStockPrice_3029,True,2026-09-24T07:10:28,2026-09-24T07:10:28,2026-09-24T07:10:28
3029,零壹,2025-07-24,114.0,0.0,0.00%,,,,,,,,,ShowDailyK_ChartFlow,FinMind_API_TaiwanStockPrice_3029,True,2026-09-24T07:10:28,2026-09-24T07:10:28,2026-09-24T07:10:28
3029,零壹,2025-07-25,113.0,-1.0,-0.88%,,,,,,,,,ShowDailyK_ChartFlow,FinMind_API_TaiwanStockPrice_3029,True,2026-09-24T07:10:28,2026-09-24T07:10:28,2026-09-24T07:10:28
3029,零壹,2025-07-28,115.0,2.0,1.77%,,,,,,,,,ShowDailyK_ChartFlow,FinMind_API_TaiwanStockPrice_3029,True,2026-09-24T07:10:28,2026-09-24T07:10:28,2026-09-24T07:10:28
3029,零壹,2025-07-29,113.5,-1.5,-1.30%,,,,,,,,,ShowDailyK_ChartFlow,FinMind_API_TaiwanStockPrice_3029,True,2026-09-24T07:10:28,2026-09-24T07:10:28,2026-09-24T07:10:28
3029,零壹,2025-07-30,114.0,0.5,0.44%,,,,,,,,,ShowDailyK_ChartFlow,FinMind_API_TaiwanStockPrice_3029,True,2026-09-24T07:10:28,2026-09-24T07:10:28,2026-09-24T07:10:28
3029,零壹,2025-07-31,115.5,1.5,1.32%,,,,,,,,,ShowDailyK_ChartFlow,FinMind_API_TaiwanStockPrice_3029,True,2026-09-24T07:10:28,2026-09-24T07:10:28,2026-09-24T07:10:28
3029,零壹,2025-08-01,115.0,-0.5,-0.43%,,,,,,,,,ShowDailyK_ChartFlow,FinMind_API_TaiwanStockPrice_3029,True,2026-09-24T07:10:28,2026-09-24T07:10:28,2026-09-24T07:10:28
3029,零壹,2025-08-04,117.0,2.0,1.74%,,,,,,,,,ShowDailyK_ChartFlow,FinMind_API_TaiwanStockPrice_3029,True,2026-09-24T07:10:28,2026-09-24T07:10:28,2026-09-24T07:10:28
3029,零壹,2025-08-05,118.5,1.5,1.28%,,,,,,,,,ShowDailyK_ChartFlow,FinMind_API_TaiwanStockPrice_3029,True,2026-09-24T07:10:28,2026-09-24T07:10:28,2026-09-24T07:10:28
3029,零壹,2025-08-06,120.5,2.0,1.69%,,,,,,,,,ShowDailyK_ChartFlow,FinMind_API_TaiwanStockPrice_3029,True,2026-09-24T07:10:28,2026-09-24T07:10:28,2026-09-24T07:10:28
3029,零壹,2025-08-07,121.5,1.0,0.83%,,,,,,,,,ShowDailyK_ChartFlow,FinMind_API_TaiwanStockPrice_3029,True,2026-09-24T07:10:28,2026-09-24T07:10:28,2026-09-24T07:10:28
3029,零壹,2025-08-08,121.0,-0.5,-0.41%,,,,,,,,,ShowDailyK_ChartFlow,FinMind_API_TaiwanStockPrice_3029,True,2026-09-24T07:10:28,2026-09-24T07:10:28,2026-09-24T07:10:28
3029,零壹,2025-08-11,123.0,2.0,1.65%,,,,,,,,,ShowDailyK_ChartFlow,FinMind_API_TaiwanStockPrice_3029,True,2026-09-24T07:10:28,2026-09-24T07:10:28,2026-09-24T07:10:28
3029,零壹,2025-08-12,124.0,1.0,0.81%,,,,,,,,,ShowDailyK_ChartFlow,FinMind_API_TaiwanStockPrice_3029,True,2026-09-24T07:10:28,2026-09-24T07:10:28,2026-09-24T07:10:28
3029,零壹,2025-08-13,123.0,-1.0,-0.81%,,,,,,,,,ShowDailyK_ChartFlow,FinMind_API_TaiwanStockPrice_3029,True,2026-09-24T07:10:28,2026-09-24T07:10:28,2026-09-24T07:10:28
3029,零壹,2025-08-14,122.0,-1.0,-0.81%,,,,,,,,,ShowDailyK_ChartFlow,FinMind_API_TaiwanStockPrice_3029,True,2026-09-24T07:10:28,2026-09-24T07:10:28,2026-09-24T07:10:28
3029,零壹,2025-08-15,122.5,0.5,0.41%,,,,,,,,,ShowDailyK_ChartFlow,FinMind_API_TaiwanStockPrice_3029,True,2026-09-24T07:10:28,2026-09-24T07:10:28,2026-09-24T07:10:28
3029,零壹,2025-08-18,120.5,-2.0,-1.63%,,,,,,,,,ShowDailyK_ChartFlow,FinMind_API_TaiwanStockPrice_3029,True,2026-09-24T07:10:28,2026-09-24T07:10:28,2026-09-24T07:10:28
3029,零壹,2025-08-19,120.0,-0.5,-0.41%,,,,,,,,,ShowDailyK_ChartFlow,FinMind_API_TaiwanStockPrice_3029,True,2026-09-24T07:10:28,2026-09-24T07:10:28,2026-09-24T07:10:28
3029,零壹,2025-08-20,117.5,-2.5,-2.08%,,,,,,,,,ShowDailyK_ChartFlow,FinMind_API_TaiwanStockPrice_3029,True,2026-09-24T07:10:28,2026-09-24T07:10:28,2026-09-24T07:10:28
3029,零壹,2025-08-21,118.5,1.0,0.85%,,,,,,,,,ShowDailyK_ChartFlow,FinMind_API_TaiwanStockPrice_3029,True,2026-09-24T07:10:28,2026-09-24T07:10:28,2026-09-24T07:10:28
3029,零壹,2025-08-22,118.0,-0.5,-0.42%,,,,,,,,,ShowDailyK_ChartFlow,FinMind_API_TaiwanStockPrice_3029,True,2026-09-24T07:10:28,2026-09-24T07:10:28,2026-09-24T07:10:28
3029,零壹,2025-08-25,123.5,5.5,4.66%,,,,,,,,,ShowDailyK_ChartFlow,FinMind_API_TaiwanStockPrice_3029,True,2026-09-24T07:10:28,2026-09-24T07:10:28,2026-09-24T07:10:28
3029,零壹,2025-08-26,124.0,0.5,0.40%,,,,,,,,,ShowDailyK_ChartFlow,FinMind_API_TaiwanStockPrice_3029,True,2026-09-24T07:10:28,2026-09-24T07:10:28,2026-09-24T07:10:28
3029,零壹,2025-08-27,125.0,1.0,0.81%,,,,,,,,,ShowDailyK_ChartFlow,FinMind_API_TaiwanStockPrice_3029,True,2026-09-24T07:10:28,2026-09-24T07:10:28,2026-09-24T07:10:28
3029,零壹,2025-08-28,126.5,1.5,1.20%,,,,,,,,,ShowDailyK_ChartFlow,FinMind_API_TaiwanStockPrice_3029,True,2026-09-24T07:10:28,2026-09-24T07:10:28,2026-09-24T07:10:28
3029,零壹,2025-08-29,123.5,-3.0,-2.37%,,,,,,,,,ShowDailyK_ChartFlow,FinMind_API_TaiwanStockPrice_3029,True,2026-09-24T07:10:28,2026-09-24T07:10:28,2026-09-24T07:10:28
3029,零壹,2025-09-01,121.5,-2.0,-1.62%,,,,,,,,,ShowDailyK_ChartFlow,FinMind_API_TaiwanStockPrice_3029,True,2026-09-24T07:10:28,2026-09-24T07:10:28,2026-09-24T07:10:28
3029,零壹,2025-09-02,119.0,-2.5,-2.06%,,,,,,,,,ShowDailyK_ChartFlow,FinMind_API_TaiwanStockPrice_3029,True,2026-09-24T07:10:28,2026-09-24T07:10:28,2026-09-24T07:10:28
3029,零壹,2025-09-03,119.5,0.5,0.42%,,,,,,,,,ShowDailyK_ChartFlow,FinMind_API_TaiwanStockPrice_3029,True,2026-09-24T07:10:28,2026-09-24T07:10:28,2026-09-24T07:10:28
3029,零壹,2025-09-04,121.5,2.0,1.67%,,,,,,,,,ShowDailyK_ChartFlow,FinMind_API_TaiwanStockPrice_3029,True,2026-09-24T07:10:28,2026-09-24T07:10:28,2026-09-24T07:10:28
3029,零壹,2025-09-05,123.0,1.5,1.23%,,,,,,,,,ShowDailyK_ChartFlow,FinMind_API_TaiwanStockPrice_3029,True,2026-09-24T07:10:28,2026-09-24T07:10:28,2026-09-24T07:10:28
3029,零壹,2025-09-08,124.5,1.5,1.22%,,,,,,,,,ShowDailyK_ChartFlow,FinMind_API_TaiwanStockPrice_3029,True,2026-09-24T07:10:28,2026-09-24T07:10:28,2026-09-24T07:10:28
3029,零壹,2025-09-09,127.5,3.0,2.41%,,,,,,,,,ShowDailyK_ChartFlow,FinMind_API_TaiwanStockPrice_3029,True,2026-09-24T07:10:28,2026-09-24T07:10:28,2026-09-24T07:10:28
3029,零壹,2025-09-10,127.0,-0.5,-0.39%,,,,,,,,,ShowDailyK_ChartFlow,FinMind_API_TaiwanStockPrice_3029,True,2026-09-24T07:10:28,2026-09-24T07:10:28,2026-09-24T07:10:28
3029,零壹,2025-09-11,123.5,-3.5,-2.76%,,,,,,,,,ShowDailyK_ChartFlow,FinMind_API_TaiwanStockPrice_3029,True,2026-09-24T07:10:28,2026-09-24T07:10:28,2026-09-24T07:10:28
3029,零壹,2025-09-12,124.5,1.0,0.81%,,,,,,,,,ShowDailyK_ChartFlow,FinMind_API_TaiwanStockPrice_3029,True,2026-09-24T07:10:28,2026-09-24T07:10:28,2026-09-24T07:10:28
3029,零壹,2025-09-15,123.0,-1.5,-1.20%,,,,,,,,,ShowDailyK_ChartFlow,FinMind_API_TaiwanStockPrice_3029,True,2026-09-24T07:10:28,2026-09-24T07:10:28,2026-09-24T07:10:28
3029,零壹,2025-09-16,123.0,0.0,0.00%,,,,,,,,,ShowDailyK_ChartFlow,FinMind_API_TaiwanStockPrice_3029,True,2026-09-24T07:10:28,2026-09-24T07:10:28,2026-09-24T07:10:28
3029,零壹,2025-09-17,122.5,-0.5,-0.41%,,,,,,,,,ShowDailyK_ChartFlow,FinMind_API_TaiwanStockPrice_3029,True,2026-09-24T07:10:28,2026-09-24T07:10:28,2026-09-24T07:10:28
3029,零壹,2025-09-18,125.0,2.5,2.04%,,,,,,,,,ShowDailyK_ChartFlow,FinMind_API_TaiwanStockPrice_3029,True,2026-09-24T07:10:28,2026-09-24T07:10:28,2026-09-24T07:10:28
3029,零壹,2025-09-19,124.5,-0.5,-0.40%,,,,,,,,,ShowDailyK_ChartFlow,FinMind_API_TaiwanStockPrice_3029,True,2026-09-24T07:10:28,2026-09-24T07:10:28,2026-09-24T07:10:28
3029,零壹,2025-09-22,125.0,0.5,0.40%,,,,,,,,,ShowDailyK_ChartFlow,FinMind_API_TaiwanStockPrice_3029,True,2026-09-24T07:10:28,2026-09-24T07:10:28,2026-09-24T07:10:28
3029,零壹,2025-09-23,125.0,0.0,0.00%,,,,,,,,,ShowDailyK_ChartFlow,FinMind_API_TaiwanStockPrice_3029,True,2026-09-24T07:10:28,2026-09-24T07:10:28,2026-09-24T07:10:28
3029,零壹,2025-09-24,123.5,-1.5,-1.20%,,,,,,,,,ShowDailyK_ChartFlow,FinMind_API_TaiwanStockPrice_3029,True,2026-09-24T07:10:28,2026-09-24T07:10:28,2026-09-24T07:10:28
3029,零壹,2025-09-25,123.5,0.0,0.00%,,,,,,,,,ShowDailyK_ChartFlow,FinMind_API_TaiwanStockPrice_3029,True,2026-09-24T07:10:28,2026-09-24T07:10:28,2026-09-24T07:10:28
3029,零壹,2025-09-26,120.5,-3.0,-2.43%,,,,,,,,,ShowDailyK_ChartFlow,FinMind_API_TaiwanStockPrice_3029,True,2026-09-24T07:10:28,2026-09-24T07:10:28,2026-09-24T07:10:28
3029,零壹,2025-09-30,123.5,3.0,2.49%,,,,,,,,,ShowDailyK_ChartFlow,FinMind_API_TaiwanStockPrice_3029,True,2026-09-24T07:10:28,2026-09-24T07:10:28,2026-09-24T07:10:28
3029,零壹,2025-10-01,124.5,1.0,0.81%,,,,,,,,,ShowDailyK_ChartFlow,FinMind_API_TaiwanStockPrice_3029,True,2026-09-24T07:10:28,2026-09-24T07:10:28,2026-09-24T07:10:28
3029,零壹,2025-10-02,124.5,0.0,0.00%,,,,,,,,,ShowDailyK_ChartFlow,FinMind_API_TaiwanStockPrice_3029,True,2026-09-24T07:10:28,2026-09-24T07:10:28,2026-09-24T07:10:28
3029,零壹,2025-10-03,121.5,-3.0,-2.41%,,,,,,,,,ShowDailyK_ChartFlow,FinMind_API_TaiwanStockPrice_3029,True,2026-09-24T07:10:28,2026-09-24T07:10:28,2026-09-24T07:10:28
3029,零壹,2025-10-07,121.0,-0.5,-0.41%,,,,,,,,,ShowDailyK_ChartFlow,FinMind_API_TaiwanStockPrice_3029,True,2026-09-24T07:10:28,2026-09-24T07:10:28,2026-09-24T07:10:28
3029,零壹,2025-10-08,119.5,-1.5,-1.24%,,,,,,,,,ShowDailyK_ChartFlow,FinMind_API_TaiwanStockPrice_3029,True,2026-09-24T07:10:28,2026-09-24T07:10:28,2026-09-24T07:10:28
3029,零壹,2025-10-09,118.0,-1.5,-1.26%,,,,,,,,,ShowDailyK_ChartFlow,FinMind_API_TaiwanStockPrice_3029,True,2026-09-24T07:10:28,2026-09-24T07:10:28,2026-09-24T07:10:28
3029,零壹,2025-10-13,114.0,-4.0,-3.39%,,,,,,,,,ShowDailyK_ChartFlow,FinMind_API_TaiwanStockPrice_3029,True,2026-09-24T07:10:28,2026-09-24T07:10:28,2026-09-24T07:10:28
3029,零壹,2025-10-14,112.0,-2.0,-1.75%,,,,,,,,,ShowDailyK_ChartFlow,FinMind_API_TaiwanStockPrice_3029,True,2026-09-24T07:10:28,2026-09-24T07:10:28,2026-09-24T07:10:28
3029,零壹,2025-10-15,113.5,1.5,1.34%,,,,,,,,,ShowDailyK_ChartFlow,FinMind_API_TaiwanStockPrice_3029,True,2026-09-24T07:10:28,2026-09-24T07:10:28,2026-09-24T07:10:28
3029,零壹,2025-10-16,112.5,-1.0,-0.88%,,,,,,,,,ShowDailyK_ChartFlow,FinMind_API_TaiwanStockPrice_3029,True,2026-09-24T07:10:28,2026-09-24T07:10:28,2026-09-24T07:10:28
3029,零壹,2025-10-17,111.5,-1.0,-0.89%,,,,,,,,,ShowDailyK_ChartFlow,FinMind_API_TaiwanStockPrice_3029,True,2026-09-24T07:10:28,2026-09-24T07:10:28,2026-09-24T07:10:28
3029,零壹,2025-10-20,112.0,0.5,0.45%,,,,,,,,,ShowDailyK_ChartFlow,FinMind_API_TaiwanStockPrice_3029,True,2026-09-24T07:10:28,2026-09-24T07:10:28,2026-09-24T07:10:28
3029,零壹,2025-10-21,113.0,1.0,0.89%,,,,,,,,,ShowDailyK_ChartFlow,FinMind_API_TaiwanStockPrice_3029,True,2026-09-24T07:10:28,2026-09-24T07:10:28,2026-09-24T07:10:28
3029,零壹,2025-10-22,113.0,0.0,0.00%,,,,,,,,,ShowDailyK_ChartFlow,FinMind_API_TaiwanStockPrice_3029,True,2026-09-24T07:10:28,2026-09-24T07:10:28,2026-09-24T07:10:28
3029,零壹,2025-10-23,113.5,0.5,0.44%,,,,,,,,,ShowDailyK_ChartFlow,FinMind_API_TaiwanStockPrice_3029,True,2026-09-24T07:10:28,2026-09-24T07:10:28,2026-09-24T07:10:28
3029,零壹,2025-10-27,114.5,1.0,0.88%,,,,,,,,,ShowDailyK_ChartFlow,FinMind_API_TaiwanStockPrice_3029,True,2026-09-24T07:10:28,2026-09-24T07:10:28,2026-09-24T07:10:28
3029,零壹,2025-10-28,112.0,-2.5,-2.18%,,,,,,,,,ShowDailyK_ChartFlow,FinMind_API_TaiwanStockPrice_3029,True,2026-09-24T07:10:28,2026-09-24T07:10:28,2026-09-24T07:10:28
3029,零壹,2025-10-29,112.5,0.5,0.45%,,,,,,,,,ShowDailyK_ChartFlow,FinMind_API_TaiwanStockPrice_3029,True,2026-09-24T07:10:28,2026-09-24T07:10:28,2026-09-24T07:10:28
3029,零壹,2025-10-30,111.0,-1.5,-1.33%,,,,,,,,,ShowDailyK_ChartFlow,FinMind_API_TaiwanStockPrice_3029,True,2026-09-24T07:10:28,2026-09-24T07:10:28,2026-09-24T07:10:28
3029,零壹,2025-10-31,114.5,3.5,3.15%,,,,,,,,,ShowDailyK_ChartFlow,FinMind_API_TaiwanStockPrice_3029,True,2026-09-24T07:10:28,2026-09-24T07:10:28,2026-09-24T07:10:28
3029,零壹,2025-11-03,116.5,2.0,1.75%,,,,,,,,,ShowDailyK_ChartFlow,FinMind_API_TaiwanStockPrice_3029,True,2026-09-24T07:10:28,2026-09-24T07:10:28,2026-09-24T07:10:28
3029,零壹,2025-11-04,114.5,-2.0,-1.72%,,,,,,,,,ShowDailyK_ChartFlow,FinMind_API_TaiwanStockPrice_3029,True,2026-09-24T07:10:28,2026-09-24T07:10:28,2026-09-24T07:10:28
3029,零壹,2025-11-05,113.5,-1.0,-0.87%,,,,,,,,,ShowDailyK_ChartFlow,FinMind_API_TaiwanStockPrice_3029,True,2026-09-24T07:10:28,2026-09-24T07:10:28,2026-09-24T07:10:28
3029,零壹,2025-11-06,114.0,0.5,0.44%,,,,,,,,,ShowDailyK_ChartFlow,FinMind_API_TaiwanStockPrice_3029,True,2026-09-24T07:10:28,2026-09-24T07:10:28,2026-09-24T07:10:28
3029,零壹,2025-11-07,115.5,1.5,1.32%,,,,,,,,,ShowDailyK_ChartFlow,FinMind_API_TaiwanStockPrice_3029,True,2026-09-24T07:10:28,2026-09-24T07:10:28,2026-09-24T07:10:28
3029,零壹,2025-11-10,114.5,-1.0,-0.87%,,,,,,,,,ShowDailyK_ChartFlow,FinMind_API_TaiwanStockPrice_3029,True,2026-09-24T07:10:28,2026-09-24T07:10:28,2026-09-24T07:10:28
3029,零壹,2025-11-11,115.5,1.0,0.87%,,,,,,,,,ShowDailyK_ChartFlow,FinMind_API_TaiwanStockPrice_3029,True,2026-09-24T07:10:28,2026-09-24T07:10:28,2026-09-24T07:10:28
3029,零壹,2025-11-12,116.0,0.5,0.43%,,,,,,,,,ShowDailyK_ChartFlow,FinMind_API_TaiwanStockPrice_3029,True,2026-09-24T07:10:28,2026-09-24T07:10:28,2026-09-24T07:10:28
3029,零壹,2025-11-13,116.0,0.0,0.00%,,,,,,,,,ShowDailyK_ChartFlow,FinMind_API_TaiwanStockPrice_3029,True,2026-09-24T07:10:28,2026-09-24T07:10:28,2026-09-24T07:10:28
3029,零壹,2025-11-14,115.0,-1.0,-0.86%,,,,,,,,,ShowDailyK_ChartFlow,FinMind_API_TaiwanStockPrice_3029,True,2026-09-24T07:10:28,2026-09-24T07:10:28,2026-09-24T07:10:28
3029,零壹,2025-11-17,110.5,-4.5,-3.91%,,,,,,,,,ShowDailyK_ChartFlow,FinMind_API_TaiwanStockPrice_3029,True,2026-09-24T07:10:28,2026-09-24T07:10:28,2026-09-24T07:10:28
3029,零壹,2025-11-18,108.0,-2.5,-2.26%,,,,,,,,,ShowDailyK_ChartFlow,FinMind_API_TaiwanStockPrice_3029,True,2026-09-24T07:10:28,2026-09-24T07:10:28,2026-09-24T07:10:28
3029,零壹,2025-11-19,107.5,-0.5,-0.46%,,,,,,,,,ShowDailyK_ChartFlow,FinMind_API_TaiwanStockPrice_3029,True,2026-09-24T07:10:28,2026-09-24T07:10:28,2026-09-24T07:10:28
3029,零壹,2025-11-20,113.5,6.0,5.58%,,,,,,,,,ShowDailyK_ChartFlow,FinMind_API_TaiwanStockPrice_3029,True,2026-09-24T07:10:28,2026-09-24T07:10:28,2026-09-24T07:10:28
3029,零壹,2025-11-21,112.0,-1.5,-1.32%,,,,,,,,,ShowDailyK_ChartFlow,FinMind_API_TaiwanStockPrice_3029,True,2026-09-24T07:10:28,2026-09-24T07:10:28,2026-09-24T07:10:28
3029,零壹,2025-11-24,112.0,0.0,0.00%,,,,,,,,,ShowDailyK_ChartFlow,FinMind_API_TaiwanStockPrice_3029,True,2026-09-24T07:10:28,2026-09-24T07:10:28,2026-09-24T07:10:28
3029,零壹,2025-11-25,114.5,2.5,2.23%,,,,,,,,,ShowDailyK_ChartFlow,FinMind_API_TaiwanStockPrice_3029,True,2026-09-24T07:10:28,2026-09-24T07:10:28,2026-09-24T07:10:28
3029,零壹,2025-11-26,115.5,1.0,0.87%,,,,,,,,,ShowDailyK_ChartFlow,FinMind_API_TaiwanStockPrice_3029,True,2026-09-24T07:10:28,2026-09-24T07:10:28,2026-09-24T07:10:28
3029,零壹,2025-11-27,115.5,0.0,0.00%,,,,,,,,,ShowDailyK_ChartFlow,FinMind_API_TaiwanStockPrice_3029,True,2026-09-24T07:10:28,2026-09-24T07:10:28,2026-09-24T07:10:28
3029,零壹,2025-11-28,117.5,2.0,1.73%,,,,,,,,,ShowDailyK_ChartFlow,FinMind_API_TaiwanStockPrice_3029,True,2026-09-24T07:10:28,2026-09-24T07:10:28,2026-09-24T07:10:28
3029,零壹,2025-12-01,118.0,0.5,0.43%,,,,,,,,,ShowDailyK_ChartFlow,FinMind_API_TaiwanStockPrice_3029,True,2026-09-24T07:10:28,2026-09-24T07:10:28,2026-09-24T07:10:28
3029,零壹,2025-12-02,118.0,0.0,0.00%,,,,,,,,,ShowDailyK_ChartFlow,FinMind_API_TaiwanStockPrice_3029,True,2026-09-24T07:10:28,2026-09-24T07:10:28,2026-09-24T07:10:28
3029,零壹,2025-12-03,117.5,-0.5,-0.42%,,,,,,,,,ShowDailyK_ChartFlow,FinMind_API_TaiwanStockPrice_3029,True,2026-09-24T07:10:28,2026-09-24T07:10:28,2026-09-24T07:10:28
3029,零壹,2025-12-04,117.5,0.0,0.00%,,,,,,,,,ShowDailyK_ChartFlow,FinMind_API_TaiwanStockPrice_3029,True,2026-09-24T07:10:28,2026-09-24T07:10:28,2026-09-24T07:10:28
3029,零壹,2025-12-05,116.5,-1.0,-0.85%,,,,,,,,,ShowDailyK_ChartFlow,FinMind_API_TaiwanStockPrice_3029,True,2026-09-24T07:10:28,2026-09-24T07:10:28,2026-09-24T07:10:28
3029,零壹,2025-12-08,117.0,0.5,0.43%,,,,,,,,,ShowDailyK_ChartFlow,FinMind_API_TaiwanStockPrice_3029,True,2026-09-24T07:10:28,2026-09-24T07:10:28,2026-09-24T07:10:28
3029,零壹,2025-12-09,113.0,-4.0,-3.42%,,,,,,,,,ShowDailyK_ChartFlow,FinMind_API_TaiwanStockPrice_3029,True,2026-09-24T07:10:28,2026-09-24T07:10:28,2026-09-24T07:10:28
3029,零壹,2025-12-10,112.5,-0.5,-0.44%,,,,,,,,,ShowDailyK_ChartFlow,FinMind_API_TaiwanStockPrice_3029,True,2026-09-24T07:10:28,2026-09-24T07:10:28,2026-09-24T07:10:28
3029,零壹,2025-12-11,110.5,-2.0,-1.78%,,,,,,,,,ShowDailyK_ChartFlow,FinMind_API_TaiwanStockPrice_3029,True,2026-09-24T07:10:28,2026-09-24T07:10:28,2026-09-24T07:10:28
3029,零壹,2025-12-12,110.5,0.0,0.00%,,,,,,,,,ShowDailyK_ChartFlow,FinMind_API_TaiwanStockPrice_3029,True,2026-09-24T07:10:28,2026-09-24T07:10:28,2026-09-24T07:10:28
3029,零壹,2025-12-15,110.5,0.0,0.00%,,,,,,,,,ShowDailyK_ChartFlow,FinMind_API_TaiwanStockPrice_3029,True,2026-09-24T07:10:28,2026-09-24T07:10:28,2026-09-24T07:10:28
3029,零壹,2025-12-16,109.0,-1.5,-1.36%,,,,,,,,,ShowDailyK_ChartFlow,FinMind_API_TaiwanStockPrice_3029,True,2026-09-24T07:10:28,2026-09-24T07:10:28,2026-09-24T07:10:28
3029,零壹,2025-12-17,110.5,1.5,1.38%,,,,,,,,,ShowDailyK_ChartFlow,FinMind_API_TaiwanStockPrice_3029,True,2026-09-24T07:10:28,2026-09-24T07:10:28,2026-09-24T07:10:28
3029,零壹,2025-12-18,109.5,-1.0,-0.90%,,,,,,,,,ShowDailyK_ChartFlow,FinMind_API_TaiwanStockPrice_3029,True,2026-09-24T07:10:28,2026-09-24T07:10:28,2026-09-24T07:10:28
3029,零壹,2025-12-19,111.0,1.5,1.37%,,,,,,,,,ShowDailyK_ChartFlow,FinMind_API_TaiwanStockPrice_3029,True,2026-09-24T07:10:28,2026-09-24T07:10:28,2026-09-24T07:10:28
3029,零壹,2025-12-22,113.0,2.0,1.80%,,,,,,,,,ShowDailyK_ChartFlow,FinMind_API_TaiwanStockPrice_3029,True,2026-09-24T07:10:28,2026-09-24T07:10:28,2026-09-24T07:10:28
3029,零壹,2025-12-23,112.5,-0.5,-0.44%,,,,,,,,,ShowDailyK_ChartFlow,FinMind_API_TaiwanStockPrice_3029,True,2026-09-24T07:10:28,2026-09-24T07:10:28,2026-09-24T07:10:28
3029,零壹,2025-12-24,111.5,-1.0,-0.89%,,,,,,,,,ShowDailyK_ChartFlow,FinMind_API_TaiwanStockPrice_3029,True,2026-09-24T07:10:28,2026-09-24T07:10:28,2026-09-24T07:10:28
3029,零壹,2025-12-26,110.5,-1.0,-0.90%,,,,,,,,,ShowDailyK_ChartFlow,FinMind_API_TaiwanStockPrice_3029,True,2026-09-24T07:10:28,2026-09-24T07:10:28,2026-09-24T07:10:28
3029,零壹,2025-12-29,114.5,4.0,3.62%,,,,,,,,,ShowDailyK_ChartFlow,FinMind_API_TaiwanStockPrice_3029,True,2026-09-24T07:10:28,2026-09-24T07:10:28,2026-09-24T07:10:28
3029,零壹,2025-12-30,112.5,-2.0,-1.75%,,,,,,,,,ShowDailyK_ChartFlow,FinMind_API_TaiwanStockPrice_3029,True,2026-09-24T07:10:28,2026-09-24T07:10:28,2026-09-24T07:10:28
3029,零壹,2025-12-31,113.0,0.5,0.44%,,,,,,,,,ShowDailyK_ChartFlow,FinMind_API_TaiwanStockPrice_3029,True,2026-09-24T07:10:28,2026-09-24T07:10:28,2026-09-24T07:10:28
3029,零壹,2026-01-02,114.5,1.5,1.33%,,,,,,,,,ShowDailyK_ChartFlow,FinMind_API_TaiwanStockPrice_3029,True,2026-09-24T07:10:28,2026-09-24T07:10:28,2026-09-24T07:10:28
3029,零壹,2026-01-05,112.0,-2.5,-2.18%,,,,,,,,,ShowDailyK_ChartFlow,FinMind_API_TaiwanStockPrice_3029,True,2026-09-24T07:10:28,2026-09-24T07:10:28,2026-09-24T07:10:28
3029,零壹,2026-01-06,111.0,-1.0,-0.89%,,,,,,,,,ShowDailyK_ChartFlow,FinMind_API_TaiwanStockPrice_3029,True,2026-09-24T07:10:28,2026-09-24T07:10:28,2026-09-24T07:10:28
3029,零壹,2026-01-07,111.5,0.5,0.45%,,,,,,,,,ShowDailyK_ChartFlow,FinMind_API_TaiwanStockPrice_3029,True,2026-09-24T07:10:28,2026-09-24T07:10:28,2026-09-24T07:10:28
3029,零壹,2026-01-08,112.5,1.0,0.90%,,,,,,,,,ShowDailyK_ChartFlow,FinMind_API_TaiwanStockPrice_3029,True,2026-09-24T07:10:28,2026-09-24T07:10:28,2026-09-24T07:10:28
3029,零壹,2026-01-09,112.5,0.0,0.00%,,,,,,,,,ShowDailyK_ChartFlow,FinMind_API_TaiwanStockPrice_3029,True,2026-09-24T07:10:28,2026-09-24T07:10:28,2026-09-24T07:10:28
3029,零壹,2026-01-12,110.5,-2.0,-1.78%,,,,,,,,,ShowDailyK_ChartFlow,FinMind_API_TaiwanStockPrice_3029,True,2026-09-24T07:10:28,2026-09-24T07:10:28,2026-09-24T07:10:28
3029,零壹,2026-01-13,110.5,0.0,0.00%,,,,,,,,,ShowDailyK_ChartFlow,FinMind_API_TaiwanStockPrice_3029,True,2026-09-24T07:10:28,2026-09-24T07:10:28,2026-09-24T07:10:28
3029,零壹,2026-01-14,113.0,2.5,2.26%,,,,,,,,,ShowDailyK_ChartFlow,FinMind_API_TaiwanStockPrice_3029,True,2026-09-24T07:10:28,2026-09-24T07:10:28,2026-09-24T07:10:28
3029,零壹,2026-01-15,112.0,-1.0,-0.88%,,,,,,,,,ShowDailyK_ChartFlow,FinMind_API_TaiwanStockPrice_3029,True,2026-09-24T07:10:28,2026-09-24T07:10:28,2026-09-24T07:10:28
3029,零壹,2026-01-16,112.0,0.0,0.00%,,,,,,,,,ShowDailyK_ChartFlow,FinMind_API_TaiwanStockPrice_3029,True,2026-09-24T07:10:28,2026-09-24T07:10:28,2026-09-24T07:10:28
3029,零壹,2026-01-19,112.0,0.0,0.00%,,,,,,,,,ShowDailyK_ChartFlow,FinMind_API_TaiwanStockPrice_3029,True,2026-09-24T07:10:28,2026-09-24T07:10:28,2026-09-24T07:10:28
3029,零壹,2026-01-20,112.5,0.5,0.45%,,,,,,,,,ShowDailyK_ChartFlow,FinMind_API_TaiwanStockPrice_3029,True,2026-09-24T07:10:28,2026-09-24T07:10:28,2026-09-24T07:10:28
3029,零壹,2026-01-21,111.0,-1.5,-1.33%,,,,,,,,,ShowDailyK_ChartFlow,FinMind_API_TaiwanStockPrice_3029,True,2026-09-24T07:10:28,2026-09-24T07:10:28,2026-09-24T07:10:28
3029,零壹,2026-01-22,111.5,0.5,0.45%,,,,,,,,,ShowDailyK_ChartFlow,FinMind_API_TaiwanStockPrice_3029,True,2026-09-24T07:10:28,2026-09-24T07:10:28,2026-09-24T07:10:28
3029,零壹,2026-01-23,112.0,0.5,0.45%,,,,,,,,,ShowDailyK_ChartFlow,FinMind_API_TaiwanStockPrice_3029,True,2026-09-24T07:10:28,2026-09-24T07:10:28,2026-09-24T07:10:28
3029,零壹,2026-01-26,114.5,2.5,2.23%,,,,,,,,,ShowDailyK_ChartFlow,FinMind_API_TaiwanStockPrice_3029,True,2026-09-24T07:10:28,2026-09-24T07:10:28,2026-09-24T07:10:28
3029,零壹,2026-01-27,115.5,1.0,0.87%,,,,,,,,,ShowDailyK_ChartFlow,FinMind_API_TaiwanStockPrice_3029,True,2026-09-24T07:10:28,2026-09-24T07:10:28,2026-09-24T07:10:28
3029,零壹,2026-01-28,115.0,-0.5,-0.43%,,,,,,,,,ShowDailyK_ChartFlow,FinMind_API_TaiwanStockPrice_3029,True,2026-09-24T07:10:28,2026-09-24T07:10:28,2026-09-24T07:10:28
3029,零壹,2026-01-29,113.0,-2.0,-1.74%,,,,,,,,,ShowDailyK_ChartFlow,FinMind_API_TaiwanStockPrice_3029,True,2026-09-24T07:10:28,2026-09-24T07:10:28,2026-09-24T07:10:28
3029,零壹,2026-01-30,111.5,-1.5,-1.33%,,,,,,,,,ShowDailyK_ChartFlow,FinMind_API_TaiwanStockPrice_3029,True,2026-09-24T07:10:28,2026-09-24T07:10:28,2026-09-24T07:10:28
3029,零壹,2026-02-02,111.0,-0.5,-0.45%,,,,,,,,,ShowDailyK_ChartFlow,FinMind_API_TaiwanStockPrice_3029,True,2026-09-24T07:10:28,2026-09-24T07:10:28,2026-09-24T07:10:28
3029,零壹,2026-02-03,111.0,0.0,0.00%,,,,,,,,,ShowDailyK_ChartFlow,FinMind_API_TaiwanStockPrice_3029,True,2026-09-24T07:10:28,2026-09-24T07:10:28,2026-09-24T07:10:28
3029,零壹,2026-02-04,112.0,1.0,0.90%,,,,,,,,,ShowDailyK_ChartFlow,FinMind_API_TaiwanStockPrice_3029,True,2026-09-24T07:10:28,2026-09-24T07:10:28,2026-09-24T07:10:28
3029,零壹,2026-02-05,109.5,-2.5,-2.23%,,,,,,,,,ShowDailyK_ChartFlow,FinMind_API_TaiwanStockPrice_3029,True,2026-09-24T07:10:28,2026-09-24T07:10:28,2026-09-24T07:10:28
3029,零壹,2026-02-06,108.0,-1.5,-1.37%,,,,,,,,,ShowDailyK_ChartFlow,FinMind_API_TaiwanStockPrice_3029,True,2026-09-24T07:10:28,2026-09-24T07:10:28,2026-09-24T07:10:28
3029,零壹,2026-02-09,110.0,2.0,1.85%,,,,,,,,,ShowDailyK_ChartFlow,FinMind_API_TaiwanStockPrice_3029,True,2026-09-24T07:10:28,2026-09-24T07:10:28,2026-09-24T07:10:28
3029,零壹,2026-02-10,111.5,1.5,1.36%,,,,,,,,,ShowDailyK_ChartFlow,FinMind_API_TaiwanStockPrice_3029,True,2026-09-24T07:10:28,2026-09-24T07:10:28,2026-09-24T07:10:28
3029,零壹,2026-02-11,114.0,2.5,2.24%,,,,,,,,,ShowDailyK_ChartFlow,FinMind_API_TaiwanStockPrice_3029,True,2026-09-24T07:10:28,2026-09-24T07:10:28,2026-09-24T07:10:28
3029,零壹,2026-02-23,114.0,0.0,0.00%,,,,,,,,,ShowDailyK_ChartFlow,FinMind_API_TaiwanStockPrice_3029,True,2026-09-24T07:10:28,2026-09-24T07:10:28,2026-09-24T07:10:28
3029,零壹,2026-02-24,114.5,0.5,0.44%,,,,,,,,,ShowDailyK_ChartFlow,FinMind_API_TaiwanStockPrice_3029,True,2026-09-24T07:10:28,2026-09-24T07:10:28,2026-09-24T07:10:28
3029,零壹,2026-02-25,112.5,-2.0,-1.75%,,,,,,,,,ShowDailyK_ChartFlow,FinMind_API_TaiwanStockPrice_3029,True,2026-09-24T07:10:28,2026-09-24T07:10:28,2026-09-24T07:10:28
3029,零壹,2026-02-26,121.5,9.0,8.00%,,,,,,,,,ShowDailyK_ChartFlow,FinMind_API_TaiwanStockPrice_3029,True,2026-09-24T07:10:28,2026-09-24T07:10:28,2026-09-24T07:10:28
3029,零壹,2026-03-02,119.5,-2.0,-1.65%,,,,,,,,,ShowDailyK_ChartFlow,FinMind_API_TaiwanStockPrice_3029,True,2026-09-24T07:10:28,2026-09-24T07:10:28,2026-09-24T07:10:28
3029,零壹,2026-03-03,119.0,-0.5,-0.42%,,,,,,,,,ShowDailyK_ChartFlow,FinMind_API_TaiwanStockPrice_3029,True,2026-09-24T07:10:28,2026-09-24T07:10:28,2026-09-24T07:10:28
3029,零壹,2026-03-04,118.0,-1.0,-0.84%,,,,,,,,,ShowDailyK_ChartFlow,FinMind_API_TaiwanStockPrice_3029,True,2026-09-24T07:10:28,2026-09-24T07:10:28,2026-09-24T07:10:28
3029,零壹,2026-03-05,118.5,0.5,0.42%,,,,,,,,,ShowDailyK_ChartFlow,FinMind_API_TaiwanStockPrice_3029,True,2026-09-24T07:10:28,2026-09-24T07:10:28,2026-09-24T07:10:28
3029,零壹,2026-03-06,120.5,2.0,1.69%,,,,,,,,,ShowDailyK_ChartFlow,FinMind_API_TaiwanStockPrice_3029,True,2026-09-24T07:10:28,2026-09-24T07:10:28,2026-09-24T07:10:28
3029,零壹,2026-03-09,116.5,-4.0,-3.32%,,,,,,,,,ShowDailyK_ChartFlow,FinMind_API_TaiwanStockPrice_3029,True,2026-09-24T07:10:28,2026-09-24T07:10:28,2026-09-24T07:10:28
3029,零壹,2026-03-10,112.0,-4.5,-3.86%,,,,,,,,,ShowDailyK_ChartFlow,FinMind_API_TaiwanStockPrice_3029,True,2026-09-24T07:10:28,2026-09-24T07:10:28,2026-09-24T07:10:28
3029,零壹,2026-03-11,115.0,3.0,2.68%,,,,,,,,,ShowDailyK_ChartFlow,FinMind_API_TaiwanStockPrice_3029,True,2026-09-24T07:10:28,2026-09-24T07:10:28,2026-09-24T07:10:28
3029,零壹,2026-03-12,115.5,0.5,0.43%,,,,,,,,,ShowDailyK_ChartFlow,FinMind_API_TaiwanStockPrice_3029,True,2026-09-24T07:10:28,2026-09-24T07:10:28,2026-09-24T07:10:28
3029,零壹,2026-03-13,115.0,-0.5,-0.43%,,,,,,,,,ShowDailyK_ChartFlow,FinMind_API_TaiwanStockPrice_3029,True,2026-09-24T07:10:28,2026-09-24T07:10:28,2026-09-24T07:10:28
3029,零壹,2026-03-16,115.0,0.0,0.00%,,,,,,,,,ShowDailyK_ChartFlow,FinMind_API_TaiwanStockPrice_3029,True,2026-09-24T07:10:28,2026-09-24T07:10:28,2026-09-24T07:10:28
3029,零壹,2026-03-17,117.0,2.0,1.74%,,,,,,,,,ShowDailyK_ChartFlow,FinMind_API_TaiwanStockPrice_3029,True,2026-09-24T07:10:28,2026-09-24T07:10:28,2026-09-24T07:10:28
3029,零壹,2026-03-18,118.0,1.0,0.85%,,,,,,,,,ShowDailyK_ChartFlow,FinMind_API_TaiwanStockPrice_3029,True,2026-09-24T07:10:28,2026-09-24T07:10:28,2026-09-24T07:10:28
3029,零壹,2026-03-19,111.5,-6.5,-5.51%,,,,,,,,,ShowDailyK_ChartFlow,FinMind_API_TaiwanStockPrice_3029,True,2026-09-24T07:10:28,2026-09-24T07:10:28,2026-09-24T07:10:28
3029,零壹,2026-03-20,107.0,-4.5,-4.04%,,,,,,,,,ShowDailyK_ChartFlow,FinMind_API_TaiwanStockPrice_3029,True,2026-09-24T07:10:28,2026-09-24T07:10:28,2026-09-24T07:10:28
3029,零壹,2026-03-23,103.0,-4.0,-3.74%,,,,,,,,,ShowDailyK_ChartFlow,FinMind_API_TaiwanStockPrice_3029,True,2026-09-24T07:10:28,2026-09-24T07:10:28,2026-09-24T07:10:28
3029,零壹,2026-03-24,100.0,-3.0,-2.91%,,,,,,,,,ShowDailyK_ChartFlow,FinMind_API_TaiwanStockPrice_3029,True,2026-09-24T07:10:28,2026-09-24T07:10:28,2026-09-24T07:10:28
3029,零壹,2026-03-25,98.7,-1.2999999999999972,-1.30%,,,,,,,,,ShowDailyK_ChartFlow,FinMind_API_TaiwanStockPrice_3029,True,2026-09-24T07:10:28,2026-09-24T07:10:28,2026-09-24T07:10:28
3029,零壹,2026-03-26,95.5,-3.200000000000003,-3.24%,,,,,,,,,ShowDailyK_ChartFlow,FinMind_API_TaiwanStockPrice_3029,True,2026-09-24T07:10:28,2026-09-24T07:10:28,2026-09-24T07:10:28
3029,零壹,2026-03-27,94.8,-0.7000000000000028,-0.73%,,,,,,,,,ShowDailyK_ChartFlow,FinMind_API_TaiwanStockPrice_3029,True,2026-09-24T07:10:28,2026-09-24T07:10:28,2026-09-24T07:10:28
3029,零壹,2026-03-30,95.2,0.4000000000000057,0.42%,,,,,,,,,ShowDailyK_ChartFlow,FinMind_API_TaiwanStockPrice_3029,True,2026-09-24T07:10:28,2026-09-24T07:10:28,2026-09-24T07:10:28
3029,零壹,2026-03-31,93.5,-1.7000000000000028,-1.79%,,,,,,,,,ShowDailyK_ChartFlow,FinMind_API_TaiwanStockPrice_3029,True,2026-09-24T07:10:28,2026-09-24T07:10:28,2026-09-24T07:10:28
3029,零壹,2026-04-01,95.9,2.4000000000000057,2.57%,,,,,,,,,ShowDailyK_ChartFlow,FinMind_API_TaiwanStockPrice_3029,True,2026-09-24T07:10:28,2026-09-24T07:10:28,2026-09-24T07:10:28
3029,零壹,2026-04-02,93.9,-2.0,-2.09%,,,,,,,,,ShowDailyK_ChartFlow,FinMind_API_TaiwanStockPrice_3029,True,2026-09-24T07:10:28,2026-09-24T07:10:28,2026-09-24T07:10:28
3029,零壹,2026-04-07,93.0,-0.9000000000000057,-0.96%,,,,,,,,,ShowDailyK_ChartFlow,FinMind_API_TaiwanStockPrice_3029,True,2026-09-24T07:10:28,2026-09-24T07:10:28,2026-09-24T07:10:28
3029,零壹,2026-04-08,99.0,6.0,6.45%,,,,,,,,,ShowDailyK_ChartFlow,FinMind_API_TaiwanStockPrice_3029,True,2026-09-24T07:10:28,2026-09-24T07:10:28,2026-09-24T07:10:28
3029,零壹,2026-04-09,97.6,-1.4000000000000057,-1.41%,,,,,,,,,ShowDailyK_ChartFlow,FinMind_API_TaiwanStockPrice_3029,True,2026-09-24T07:10:28,2026-09-24T07:10:28,2026-09-24T07:10:28
3029,零壹,2026-04-10,98.1,0.5,0.51%,,,,,,,,,ShowDailyK_ChartFlow,FinMind_API_TaiwanStockPrice_3029,True,2026-09-24T07:10:28,2026-09-24T07:10:28,2026-09-24T07:10:28
3029,零壹,2026-04-13,96.8,-1.2999999999999972,-1.33%,,,,,,,,,ShowDailyK_ChartFlow,FinMind_API_TaiwanStockPrice_3029,True,2026-09-24T07:10:28,2026-09-24T07:10:28,2026-09-24T07:10:28
3029,零壹,2026-04-14,98.3,1.5,1.55%,,,,,,,,,ShowDailyK_ChartFlow,FinMind_API_TaiwanStockPrice_3029,True,2026-09-24T07:10:28,2026-09-24T07:10:28,2026-09-24T07:10:28
3029,零壹,2026-04-15,97.1,-1.2000000000000028,-1.22%,,,,,,,,,ShowDailyK_ChartFlow,FinMind_API_TaiwanStockPrice_3029,True,2026-09-24T07:10:28,2026-09-24T07:10:28,2026-09-24T07:10:28
3029,零壹,2026-04-16,97.5,0.4000000000000057,0.41%,,,,,,,,,ShowDailyK_ChartFlow,FinMind_API_TaiwanStockPrice_3029,True,2026-09-24T07:10:28,2026-09-24T07:10:28,2026-09-24T07:10:28
3029,零壹,2026-04-17,97.3,-0.20000000000000284,-0.21%,,,,,,,,,ShowDailyK_ChartFlow,FinMind_API_TaiwanStockPrice_3029,True,2026-09-24T07:10:28,2026-09-24T07:10:28,2026-09-24T07:10:28
3029,零壹,2026-04-20,96.0,-1.2999999999999972,-1.34%,,,,,,,,,ShowDailyK_ChartFlow,FinMind_API_TaiwanStockPrice_3029,True,2026-09-24T07:10:28,2026-09-24T07:10:28,2026-09-24T07:10:28
3029,零壹,2026-04-21,96.6,0.5999999999999943,0.62%,,,,,,,,,ShowDailyK_ChartFlow,FinMind_API_TaiwanStockPrice_3029,True,2026-09-24T07:10:28,2026-09-24T07:10:28,2026-09-24T07:10:28
3029,零壹,2026-04-22,97.9,1.3000000000000114,1.35%,,,,,,,,,ShowDailyK_ChartFlow,FinMind_API_TaiwanStockPrice_3029,True,2026-09-24T07:10:28,2026-09-24T07:10:28,2026-09-24T07:10:28
3029,零壹,2026-04-23,96.9,-1.0,-1.02%,,,,,,,,,ShowDailyK_ChartFlow,FinMind_API_TaiwanStockPrice_3029,True,2026-09-24T07:10:28,2026-09-24T07:10:28,2026-09-24T07:10:28
3029,零壹,2026-04-24,95.5,-1.4000000000000057,-1.44%,,,,,,,,,ShowDailyK_ChartFlow,FinMind_API_TaiwanStockPrice_3029,True,2026-09-24T07:10:28,2026-09-24T07:10:28,2026-09-24T07:10:28
3029,零壹,2026-04-27,93.7,-1.7999999999999972,-1.88%,,,,,,,,,ShowDailyK_ChartFlow,FinMind_API_TaiwanStockPrice_3029,True,2026-09-24T07:10:28,2026-09-24T07:10:28,2026-09-24T07:10:28
3029,零壹,2026-04-28,95.6,1.8999999999999915,2.03%,,,,,,,,,ShowDailyK_ChartFlow,FinMind_API_TaiwanStockPrice_3029,True,2026-09-24T07:10:28,2026-09-24T07:10:28,2026-09-24T07:10:28
3029,零壹,2026-04-29,95.3,-0.29999999999999716,-0.31%,,,,,,,,,ShowDailyK_ChartFlow,FinMind_API_TaiwanStockPrice_3029,True,2026-09-24T07:10:28,2026-09-24T07:10:28,2026-09-24T07:10:28
3029,零壹,2026-04-30,102.0,6.700000000000003,7.03%,,,,,,,,,ShowDailyK_ChartFlow,FinMind_API_TaiwanStockPrice_3029,True,2026-09-24T07:10:28,2026-09-24T07:10:28,2026-09-24T07:10:28
3029,零壹,2026-05-04,101.5,-0.5,-0.49%,,,,,,,,,ShowDailyK_ChartFlow,FinMind_API_TaiwanStockPrice_3029,True,2026-09-24T07:10:28,2026-09-24T07:10:28,2026-09-24T07:10:28
3029,零壹,2026-05-05,102.0,0.5,0.49%,,,,,,,,,ShowDailyK_ChartFlow,FinMind_API_TaiwanStockPrice_3029,True,2026-09-24T07:10:28,2026-09-24T07:10:28,2026-09-24T07:10:28
3029,零壹,2026-05-06,101.5,-0.5,-0.49%,,,,,,,,,ShowDailyK_ChartFlow,FinMind_API_TaiwanStockPrice_3029,True,2026-09-24T07:10:28,2026-09-24T07:10:28,2026-09-24T07:10:28
3029,零壹,2026-05-07,100.0,-1.5,-1.48%,,,,,,,,,ShowDailyK_ChartFlow,FinMind_API_TaiwanStockPrice_3029,True,2026-09-24T07:10:28,2026-09-24T07:10:28,2026-09-24T07:10:28
3029,零壹,2026-05-08,98.3,-1.7000000000000028,-1.70%,,,,,,,,,ShowDailyK_ChartFlow,FinMind_API_TaiwanStockPrice_3029,True,2026-09-24T07:10:28,2026-09-24T07:10:28,2026-09-24T07:10:28
3029,零壹,2026-05-11,99.1,0.7999999999999972,0.81%,,,,,,,,,ShowDailyK_ChartFlow,FinMind_API_TaiwanStockPrice_3029,True,2026-09-24T07:10:28,2026-09-24T07:10:28,2026-09-24T07:10:28
3029,零壹,2026-05-12,99.0,-0.09999999999999432,-0.10%,,,,,,,,,ShowDailyK_ChartFlow,FinMind_API_TaiwanStockPrice_3029,True,2026-09-24T07:10:28,2026-09-24T07:10:28,2026-09-24T07:10:28
3029,零壹,2026-05-13,97.1,-1.9000000000000057,-1.92%,,,,,,,,,ShowDailyK_ChartFlow,FinMind_API_TaiwanStockPrice_3029,True,2026-09-24T07:10:28,2026-09-24T07:10:28,2026-09-24T07:10:28
3029,零壹,2026-05-14,97.2,0.10000000000000853,0.10%,,,,,,,,,ShowDailyK_ChartFlow,FinMind_API_TaiwanStockPrice_3029,True,2026-09-24T07:10:28,2026-09-24T07:10:28,2026-09-24T07:10:28
3029,零壹,2026-05-15,95.9,-1.2999999999999972,-1.34%,,,,,,,,,ShowDailyK_ChartFlow,FinMind_API_TaiwanStockPrice_3029,True,2026-09-24T07:10:28,2026-09-24T07:10:28,2026-09-24T07:10:28
3029,零壹,2026-05-18,95.3,-0.6000000000000085,-0.63%,,,,,,,,,ShowDailyK_ChartFlow,FinMind_API_TaiwanStockPrice_3029,True,2026-09-24T07:10:28,2026-09-24T07:10:28,2026-09-24T07:10:28
3029,零壹,2026-05-19,96.0,0.7000000000000028,0.73%,,,,,,,,,ShowDailyK_ChartFlow,FinMind_API_TaiwanStockPrice_3029,True,2026-09-24T07:10:28,2026-09-24T07:10:28,2026-09-24T07:10:28
3029,零壹,2026-05-20,94.5,-1.5,-1.56%,,,,,,,,,ShowDailyK_ChartFlow,FinMind_API_TaiwanStockPrice_3029,True,2026-09-24T07:10:28,2026-09-24T07:10:28,2026-09-24T07:10:28
3029,零壹,2026-05-21,96.1,1.5999999999999943,1.69%,,,,,,,,,ShowDailyK_ChartFlow,FinMind_API_TaiwanStockPrice_3029,True,2026-09-24T07:10:28,2026-09-24T07:10:28,2026-09-24T07:10:28
3029,零壹,2026-05-22,97.0,0.9000000000000057,0.94%,,,,,,,,,ShowDailyK_ChartFlow,FinMind_API_TaiwanStockPrice_3029,True,2026-09-24T07:10:28,2026-09-24T07:10:28,2026-09-24T07:10:28
3029,零壹,2026-05-25,97.0,0.0,0.00%,,,,,,,,,ShowDailyK_ChartFlow,FinMind_API_TaiwanStockPrice_3029,True,2026-09-24T07:10:28,2026-09-24T07:10:28,2026-09-24T07:10:28
3029,零壹,2026-05-26,96.6,-0.4000000000000057,-0.41%,,,,,,,,,ShowDailyK_ChartFlow,FinMind_API_TaiwanStockPrice_3029,True,2026-09-24T07:10:28,2026-09-24T07:10:28,2026-09-24T07:10:28
3029,零壹,2026-05-27,95.3,-1.2999999999999972,-1.35%,,,,,,,,,ShowDailyK_ChartFlow,FinMind_API_TaiwanStockPrice_3029,True,2026-09-24T07:10:28,2026-09-24T07:10:28,2026-09-24T07:10:28
3029,零壹,2026-05-28,94.4,-0.8999999999999915,-0.94%,,,,,,,,,ShowDailyK_ChartFlow,FinMind_API_TaiwanStockPrice_3029,True,2026-09-24T07:10:28,2026-09-24T07:10:28,2026-09-24T07:10:28
3029,零壹,2026-05-29,96.2,1.7999999999999972,1.91%,,,,,,,,,ShowDailyK_ChartFlow,FinMind_API_TaiwanStockPrice_3029,True,2026-09-24T07:10:28,2026-09-24T07:10:28,2026-09-24T07:10:28
3029,零壹,2026-06-01,105.5,9.299999999999997,9.67%,,,,,,,,,ShowDailyK_ChartFlow,FinMind_API_TaiwanStockPrice_3029,True,2026-09-24T07:10:28,2026-09-24T07:10:28,2026-09-24T07:10:28
3029,零壹,2026-06-02,114.5,9.0,8.53%,,,,,,,,,ShowDailyK_ChartFlow,FinMind_API_TaiwanStockPrice_3029,True,2026-09-24T07:10:28,2026-09-24T07:10:28,2026-09-24T07:10:28
3029,零壹,2026-06-03,112.5,-2.0,-1.75%,,,,,,,,,ShowDailyK_ChartFlow,FinMind_API_TaiwanStockPrice_3029,True,2026-09-24T07:10:28,2026-09-24T07:10:28,2026-09-24T07:10:28
3029,零壹,2026-06-04,110.0,-2.5,-2.22%,,,,,,,,,ShowDailyK_ChartFlow,FinMind_API_TaiwanStockPrice_3029,True,2026-09-24T07:10:28,2026-09-24T07:10:28,2026-09-24T07:10:28
3029,零壹,2026-06-05,107.5,-2.5,-2.27%,,,,,,,,,ShowDailyK_ChartFlow,FinMind_API_TaiwanStockPrice_3029,True,2026-09-24T07:10:28,2026-09-24T07:10:28,2026-09-24T07:10:28
3029,零壹,2026-06-08,103.5,-4.0,-3.72%,,,,,,,,,ShowDailyK_ChartFlow,FinMind_API_TaiwanStockPrice_3029,True,2026-09-24T07:10:28,2026-09-24T07:10:28,2026-09-24T07:10:28
3029,零壹,2026-06-09,105.5,2.0,1.93%,,,,,,,,,ShowDailyK_ChartFlow,FinMind_API_TaiwanStockPrice_3029,True,2026-09-24T07:10:28,2026-09-24T07:10:28,2026-09-24T07:10:28
3029,零壹,2026-06-10,105.0,-0.5,-0.47%,,,,,,,,,ShowDailyK_ChartFlow,FinMind_API_TaiwanStockPrice_3029,True,2026-09-24T07:10:28,2026-09-24T07:10:28,2026-09-24T07:10:28
3029,零壹,2026-06-11,105.0,0.0,0.00%,,,,,,,,,ShowDailyK_ChartFlow,FinMind_API_TaiwanStockPrice_3029,True,2026-09-24T07:10:28,2026-09-24T07:10:28,2026-09-24T07:10:28
3029,零壹,2026-06-12,103.5,-1.5,-1.43%,,,,,,,,,ShowDailyK_ChartFlow,FinMind_API_TaiwanStockPrice_3029,True,2026-09-24T07:10:28,2026-09-24T07:10:28,2026-09-24T07:10:28
3029,零壹,2026-06-15,104.5,1.0,0.97%,,,,,,,,,ShowDailyK_ChartFlow,FinMind_API_TaiwanStockPrice_3029,True,2026-09-24T07:10:28,2026-09-24T07:10:28,2026-09-24T07:10:28
3029,零壹,2026-06-16,102.0,-2.5,-2.39%,,,,,,,,,ShowDailyK_ChartFlow,FinMind_API_TaiwanStockPrice_3029,True,2026-09-24T07:10:28,2026-09-24T07:10:28,2026-09-24T07:10:28
3029,零壹,2026-06-17,102.0,0.0,0.00%,,,,,,,,,ShowDailyK_ChartFlow,FinMind_API_TaiwanStockPrice_3029,True,2026-09-24T07:10:28,2026-09-24T07:10:28,2026-09-24T07:10:28
3029,零壹,2026-06-18,101.5,-0.5,-0.49%,,,,,,,,,ShowDailyK_ChartFlow,FinMind_API_TaiwanStockPrice_3029,True,2026-09-24T07:10:28,2026-09-24T07:10:28,2026-09-24T07:10:28
3029,零壹,2026-06-22,101.5,0.0,0.00%,,,,,,,,,ShowDailyK_ChartFlow,FinMind_API_TaiwanStockPrice_3029,True,2026-09-24T07:10:28,2026-09-24T07:10:28,2026-09-24T07:10:28
3029,零壹,2026-06-23,99.9,-1.5999999999999943,-1.58%,,,,,,,,,ShowDailyK_ChartFlow,FinMind_API_TaiwanStockPrice_3029,True,2026-09-24T07:10:28,2026-09-24T07:10:28,2026-09-24T07:10:28
3029,零壹,2026-06-24,99.3,-0.6000000000000085,-0.60%,,,,,,,,,ShowDailyK_ChartFlow,FinMind_API_TaiwanStockPrice_3029,True,2026-09-24T07:10:28,2026-09-24T07:10:28,2026-09-24T07:10:28
3029,零壹,2026-06-25,97.7,-1.5999999999999943,-1.61%,,,,,,,,,ShowDailyK_ChartFlow,FinMind_API_TaiwanStockPrice_3029,True,2026-09-24T07:10:28,2026-09-24T07:10:28,2026-09-24T07:10:28
3029,零壹,2026-06-26,95.8,-1.9000000000000057,-1.94%,,,,,,,,,ShowDailyK_ChartFlow,FinMind_API_TaiwanStockPrice_3029,True,2026-09-24T07:10:28,2026-09-24T07:10:28,2026-09-24T07:10:28
3029,零壹,2026-06-29,97.4,1.6000000000000085,1.67%,,,,,,,,,ShowDailyK_ChartFlow,FinMind_API_TaiwanStockPrice_3029,True,2026-09-24T07:10:28,2026-09-24T07:10:28,2026-09-24T07:10:28
3029,零壹,2026-06-30,100.0,2.5999999999999943,2.67%,,,,,,,,,ShowDailyK_ChartFlow,FinMind_API_TaiwanStockPrice_3029,True,2026-09-24T07:10:28,2026-09-24T07:10:28,2026-09-24T07:10:28
3029,零壹,2026-07-01,99.2,-0.7999999999999972,-0.80%,,,,,,,,,ShowDailyK_ChartFlow,FinMind_API_TaiwanStockPrice_3029,True,2026-09-24T07:10:28,2026-09-24T07:10:28,2026-09-24T07:10:28
3029,零壹,2026-07-02,102.0,2.799999999999997,2.82%,,,,,,,,,ShowDailyK_ChartFlow,FinMind_API_TaiwanStockPrice_3029,True,2026-09-24T07:10:28,2026-09-24T07:10:28,2026-09-24T07:10:28
3029,零壹,2026-07-03,102.5,0.5,0.49%,,,,,,,,,ShowDailyK_ChartFlow,FinMind_API_TaiwanStockPrice_3029,True,2026-09-24T07:10:28,2026-09-24T07:10:28,2026-09-24T07:10:28
3029,零壹,2026-07-06,103.5,1.0,0.98%,,,,,,,,,ShowDailyK_ChartFlow,FinMind_API_TaiwanStockPrice_3029,True,2026-09-24T07:10:28,2026-09-24T07:10:28,2026-09-24T07:10:28
3029,零壹,2026-07-07,103.0,-0.5,-0.48%,,,,,,,,,ShowDailyK_ChartFlow,FinMind_API_TaiwanStockPrice_3029,True,2026-09-24T07:10:28,2026-09-24T07:10:28,2026-09-24T07:10:28
3029,零壹,2026-07-08,103.5,0.5,0.49%,,,,,,,,,ShowDailyK_ChartFlow,FinMind_API_TaiwanStockPrice_3029,True,2026-09-24T07:10:28,2026-09-24T07:10:28,2026-09-24T07:10:28
3029,零壹,2026-07-09,103.0,-0.5,-0.48%,,,,,,,,,ShowDailyK_ChartFlow,FinMind_API_TaiwanStockPrice_3029,True,2026-09-24T07:10:28,2026-09-24T07:10:28,2026-09-24T07:10:28
3029,零壹,2026-07-13,102.0,-1.0,-0.97%,,,,,,,,,ShowDailyK_ChartFlow,FinMind_API_TaiwanStockPrice_3029,True,2026-09-24T07:10:28,2026-09-24T07:10:28,2026-09-24T07:10:28
3029,零壹,2026-07-14,101.5,-0.5,-0.49%,,,,,,,,,ShowDailyK_ChartFlow,FinMind_API_TaiwanStockPrice_3029,True,2026-09-24T07:10:28,2026-09-24T07:10:28,2026-09-24T07:10:28
3029,零壹,2026-07-15,103.0,1.5,1.48%,,,,,,,,,ShowDailyK_ChartFlow,FinMind_API_TaiwanStockPrice_3029,True,2026-09-24T07:10:28,2026-09-24T07:10:28,2026-09-24T07:10:28
3029,零壹,2026-07-16,104.5,1.5,1.46%,,,,,,,,,ShowDailyK_ChartFlow,FinMind_API_TaiwanStockPrice_3029,True,2026-09-24T07:10:28,2026-09-24T07:10:28,2026-09-24T07:10:28
3029,零壹,2026-07-17,102.5,-2.0,-1.91%,,,,,,,,,ShowDailyK_ChartFlow,FinMind_API_TaiwanStockPrice_3029,True,2026-09-24T07:10:28,2026-09-24T07:10:28,2026-09-24T07:10:28
3029,零壹,2026-07-20,103.5,1.0,0.98%,,,,,,,,,ShowDailyK_ChartFlow,FinMind_API_TaiwanStockPrice_3029,True,2026-09-24T07:10:28,2026-09-24T07:10:28,2026-09-24T07:10:28
3029,零壹,2026-07-21,107.0,3.5,3.38%,,,,,,,,,ShowDailyK_ChartFlow,FinMind_API_TaiwanStockPrice_3029,True,2026-09-24T07:10:28,2026-09-24T07:10:28,2026-09-24T07:10:28
3029,零壹,2026-07-22,104.0,-3.0,-2.80%,,,,,,,,,ShowDailyK_ChartFlow,FinMind_API_TaiwanStockPrice_3029,True,2026-09-24T07:10:28,2026-09-24T07:10:28,2026-09-24T07:10:28
3029,零壹,2026-07-23,104.0,0.0,0.00%,,,,,,,,,ShowDailyK_ChartFlow,FinMind_API_TaiwanStockPrice_3029,True,2026-09-24T07:10:28,2026-09-24T07:10:28,2026-09-24T07:10:28
3029,零壹,2026-07-24,104.0,0.0,0.00%,,,,,,,,,ShowDailyK_ChartFlow,FinMind_API_TaiwanStockPrice_3029,True,2026-09-24T07:10:28,2026-09-24T07:10:28,2026-09-24T07:10:28
3029,零壹,2026-07-27,104.0,0.0,0.00%,,,,,,,,,ShowDailyK_ChartFlow,FinMind_API_TaiwanStockPrice_3029,True,2026-09-24T07:10:28,2026-09-24T07:10:28,2026-09-24T07:10:28
3029,零壹,2026-07-28,101.5,-2.5,-2.40%,,,,,,,,,ShowDailyK_ChartFlow,FinMind_API_TaiwanStockPrice_3029,True,2026-09-24T07:10:28,2026-09-24T07:10:28,2026-09-24T07:10:28
3029,零壹,2026-07-29,99.3,-2.200000000000003,-2.17%,,,,,,,,,ShowDailyK_ChartFlow,FinMind_API_TaiwanStockPrice_3029,True,2026-09-24T07:10:28,2026-09-24T07:10:28,2026-09-24T07:10:28
3029,零壹,2026-07-30,101.5,2.200000000000003,2.22%,,,,,,,,,ShowDailyK_ChartFlow,FinMind_API_TaiwanStockPrice_3029,True,2026-09-24T07:10:28,2026-09-24T07:10:28,2026-09-24T07:10:28
3029,零壹,2026-07-31,109.5,8.0,7.88%,,,,,,,,,ShowDailyK_ChartFlow,FinMind_API_TaiwanStockPrice_3029,True,2026-09-24T07:10:28,2026-09-24T07:10:28,2026-09-24T07:10:28
3029,零壹,2026-08-03,104.0,-5.5,-5.02%,,,,,,,,,ShowDailyK_ChartFlow,FinMind_API_TaiwanStockPrice_3029,True,2026-09-24T07:10:28,2026-09-24T07:10:28,2026-09-24T07:10:28
3029,零壹,2026-08-04,106.5,2.5,2.40%,,,,,,,,,ShowDailyK_ChartFlow,FinMind_API_TaiwanStockPrice_3029,True,2026-09-24T07:10:28,2026-09-24T07:10:28,2026-09-24T07:10:28
3029,零壹,2026-08-05,107.0,0.5,0.47%,,,,,,,,,ShowDailyK_ChartFlow,FinMind_API_TaiwanStockPrice_3029,True,2026-09-24T07:10:28,2026-09-24T07:10:28,2026-09-24T07:10:28
3029,零壹,2026-08-06,110.0,3.0,2.80%,,,,,,,,,ShowDailyK_ChartFlow,FinMind_API_TaiwanStockPrice_3029,True,2026-09-24T07:10:28,2026-09-24T07:10:28,2026-09-24T07:10:28
3029,零壹,2026-08-07,109.5,-0.5,-0.45%,,,,,,,,,ShowDailyK_ChartFlow,FinMind_API_TaiwanStockPrice_3029,True,2026-09-24T07:10:28,2026-09-24T07:10:28,2026-09-24T07:10:28
3029,零壹,2026-08-10,109.0,-0.5,-0.46%,,,,,,,,,ShowDailyK_ChartFlow,FinMind_API_TaiwanStockPrice_3029,True,2026-09-24T07:10:28,2026-09-24T07:10:28,2026-09-24T07:10:28
3029,零壹,2026-08-11,108.0,-1.0,-0.92%,,,,,,,,,ShowDailyK_ChartFlow,FinMind_API_TaiwanStockPrice_3029,True,2026-09-24T07:10:28,2026-09-24T07:10:28,2026-09-24T07:10:28
3029,零壹,2026-08-12,108.5,0.5,0.46%,,,,,,,,,ShowDailyK_ChartFlow,FinMind_API_TaiwanStockPrice_3029,True,2026-09-24T07:10:28,2026-09-24T07:10:28,2026-09-24T07:10:28
3029,零壹,2026-08-13,111.5,3.0,2.76%,,,,,,,,,ShowDailyK_ChartFlow,FinMind_API_TaiwanStockPrice_3029,True,2026-09-24T07:10:28,2026-09-24T07:10:28,2026-09-24T07:10:28
3029,零壹,2026-08-14,111.5,0.0,0.00%,,,,,,,,,ShowDailyK_ChartFlow,FinMind_API_TaiwanStockPrice_3029,True,2026-09-24T07:10:28,2026-09-24T07:10:28,2026-09-24T07:10:28
3029,零壹,2026-08-17,109.5,-2.0,-1.79%,,,,,,,,,ShowDailyK_ChartFlow,FinMind_API_TaiwanStockPrice_3029,True,2026-09-24T07:10:28,2026-09-24T07:10:28,2026-09-24T07:10:28
3029,零壹,2026-08-18,107.5,-2.0,-1.83%,,,,,,,,,ShowDailyK_ChartFlow,FinMind_API_TaiwanStockPrice_3029,True,2026-09-24T07:10:28,2026-09-24T07:10:28,2026-09-24T07:10:28
3029,零壹,2026-08-19,110.0,2.5,2.33%,,,,,,,,,ShowDailyK_ChartFlow,FinMind_API_TaiwanStockPrice_3029,True,2026-09-24T07:10:28,2026-09-24T07:10:28,2026-09-24T07:10:28
3029,零壹,2026-08-20,111.5,1.5,1.36%,,,,,,,,,ShowDailyK_ChartFlow,FinMind_API_TaiwanStockPrice_3029,True,2026-09-24T07:10:28,2026-09-24T07:10:28,2026-09-24T07:10:28
3029,零壹,2026-08-21,111.0,-0.5,-0.45%,,,,,,,,,ShowDailyK_ChartFlow,FinMind_API_TaiwanStockPrice_3029,True,2026-09-24T07:10:28,2026-09-24T07:10:28,2026-09-24T07:10:28
3029,零壹,2026-08-24,113.5,2.5,2.25%,,,,,,,,,ShowDailyK_ChartFlow,FinMind_API_TaiwanStockPrice_3029,True,2026-09-24T07:10:28,2026-09-24T07:10:28,2026-09-24T07:10:28
3029,零壹,2026-08-25,110.5,-3.0,-2.64%,,,,,,,,,ShowDailyK_ChartFlow,FinMind_API_TaiwanStockPrice_3029,True,2026-09-24T07:10:28,2026-09-24T07:10:28,2026-09-24T07:10:28
3029,零壹,2026-08-26,110.0,-0.5,-0.45%,,,,,,,,,ShowDailyK_ChartFlow,FinMind_API_TaiwanStockPrice_3029,True,2026-09-24T07:10:28,2026-09-24T07:10:28,2026-09-24T07:10:28
3029,零壹,2026-08-27,112.0,2.0,1.82%,,,,,,,,,ShowDailyK_ChartFlow,FinMind_API_TaiwanStockPrice_3029,True,2026-09-24T07:10:28,2026-09-24T07:10:28,2026-09-24T07:10:28
3029,零壹,2026-08-28,111.5,-0.5,-0.45%,,,,,,,,,ShowDailyK_ChartFlow,FinMind_API_TaiwanStockPrice_3029,True,2026-09-24T07:10:28,2026-09-24T07:10:28,2026-09-24T07:10:28
3029,零壹,2026-08-31,113.0,1.5,1.35%,,,,,,,,,ShowDailyK_ChartFlow,FinMind_API_TaiwanStockPrice_3029,True,2026-09-24T07:10:28,2026-09-24T07:10:28,2026-09-24T07:10:28
3029,零壹,2026-09-01,112.5,-0.5,-0.44%,,,,,,,,,ShowDailyK_ChartFlow,FinMind_API_TaiwanStockPrice_3029,True,2026-09-24T07:10:28,2026-09-24T07:10:28,2026-09-24T07:10:28
3029,零壹,2026-09-02,112.5,0.0,0.00%,,,,,,,,,ShowDailyK_ChartFlow,FinMind_API_TaiwanStockPrice_3029,True,2026-09-24T07:10:28,2026-09-24T07:10:28,2026-09-24T07:10:28
3029,零壹,2026-09-03,109.0,-3.5,-3.11%,,,,,,,,,ShowDailyK_ChartFlow,FinMind_API_TaiwanStockPrice_3029,True,2026-09-24T07:10:28,2026-09-24T07:10:28,2026-09-24T07:10:28
3029,零壹,2026-09-04,111.5,2.5,2.29%,,,,,,,,,ShowDailyK_ChartFlow,FinMind_API_TaiwanStockPrice_3029,True,2026-09-24T07:10:28,2026-09-24T07:10:28,2026-09-24T07:10:28
3029,零壹,2026-09-07,109.5,-2.0,-1.79%,,,,,,,,,ShowDailyK_ChartFlow,FinMind_API_TaiwanStockPrice_3029,True,2026-09-24T07:10:28,2026-09-24T07:10:28,2026-09-24T07:10:28
3029,零壹,2026-09-08,111.5,2.0,1.83%,,,,,,,,,ShowDailyK_ChartFlow,FinMind_API_TaiwanStockPrice_3029,True,2026-09-24T07:10:28,2026-09-24T07:10:28,2026-09-24T07:10:28
3029,零壹,2026-09-09,111.0,-0.5,-0.45%,,,,,,,,,ShowDailyK_ChartFlow,FinMind_API_TaiwanStockPrice_3029,True,2026-09-24T07:10:28,2026-09-24T07:10:28,2026-09-24T07:10:28
3029,零壹,2026-09-10,113.0,2.0,1.80%,,,,,,,,,ShowDailyK_ChartFlow,FinMind_API_TaiwanStockPrice_3029,True,2026-09-24T07:10:28,2026-09-24T07:10:28,2026-09-24T07:10:28
3029,零壹,2026-09-11,116.5,3.5,3.10%,,,,,,,,,ShowDailyK_ChartFlow,FinMind_API_TaiwanStockPrice_3029,True,2026-09-24T07:10:28,2026-09-24T07:10:28,2026-09-24T07:10:28
3029,零壹,2026-09-14,116.5,0.0,0.00%,,,,,,,,,ShowDailyK_ChartFlow,FinMind_API_TaiwanStockPrice_3029,True,2026-09-24T07:10:28,2026-09-24T07:10:28,2026-09-24T07:10:28
3029,零壹,2026-09-15,118.5,2.0,1.72%,,,,,,,,,ShowDailyK_ChartFlow,FinMind_API_TaiwanStockPrice_3029,True,2026-09-24T07:10:28,2026-09-24T07:10:28,2026-09-24T07:10:28
3029,零壹,2026-09-16,119.5,1.0,0.84%,,,,,,,,,ShowDailyK_ChartFlow,FinMind_API_TaiwanStockPrice_3029,True,2026-09-24T07:10:28,2026-09-24T07:10:28,2026-09-24T07:10:28
3029,零壹,2026-09-17,116.0,-3.5,-2.93%,,,,,,,,,ShowDailyK_ChartFlow,FinMind_API_TaiwanStockPrice_3029,True,2026-09-24T07:10:28,2026-09-24T07:10:28,2026-09-24T07:10:28
3029,零壹,2026-09-18,125.0,9.0,7.76%,,,,,,,,,ShowDailyK_ChartFlow,FinMind_API_TaiwanStockPrice_3029,True,2026-09-24T07:10:28,2026-09-24T07:10:28,2026-09-24T07:10:28
3029,零壹,2026-09-21,121.0,-4.0,-3.20%,,,,,,,,,ShowDailyK_ChartFlow,FinMind_API_TaiwanStockPrice_3029,True,2026-09-24T07:10:28,2026-09-24T07:10:28,2026-09-24T07:10:28
3029,零壹,2026-09-22,121.0,0.0,0.00%,,,,,,,,,ShowDailyK_ChartFlow,FinMind_API_TaiwanStockPrice_3029,True,2026-09-24T07:10:28,2026-09-24T07:10:28,2026-09-24T07:10:28
3029,零壹,2026-09-23,118.5,-2.5,-2.07%,,,,,,,,,ShowDailyK_ChartFlow,FinMind_API_TaiwanStockPrice_3029,True,2026-09-24T07:10:28,2026-09-24T07:10:28,2026-09-24T07:10:28
3029,零壹,2026-09-24,120.0,1.5,1.27%,,,,,,,,,ShowDailyK_ChartFlow,FinMind_API_TaiwanStockPrice_3029,True,2026-09-24T07:10:28,2026-09-24T07:10:28,2026-09-24T07:10:28
