stock_code,company_name,交易_日期,收盤價_元,漲跌價_元,漲跌幅_pct,河流圖_eps_元,目前_per_倍,本益比試算價格_15x_元,本益比試算價格_18x_元,本益比試算價格_21x_元,本益比試算價格_24x_元,本益比試算價格_27x_元,本益比試算價格_30x_元,file_type,source_file,download_success,download_timestamp,process_timestamp,stage1_process_timestamp
2357,華碩,2021-01-04,251.0,,,,9.64,,,,,,,ShowDailyK_ChartFlow,FinMind_API_TaiwanStockPrice_2357,True,2026-09-22T15:40:28,2026-09-22T15:40:28,2026-09-22T15:40:28
2357,華碩,2021-01-05,253.0,2.0,0.80%,,9.71,,,,,,,ShowDailyK_ChartFlow,FinMind_API_TaiwanStockPrice_2357,True,2026-09-22T15:40:28,2026-09-22T15:40:28,2026-09-22T15:40:28
2357,華碩,2021-01-06,254.0,1.0,0.40%,,9.75,,,,,,,ShowDailyK_ChartFlow,FinMind_API_TaiwanStockPrice_2357,True,2026-09-22T15:40:28,2026-09-22T15:40:28,2026-09-22T15:40:28
2357,華碩,2021-01-07,261.5,7.5,2.95%,,10.04,,,,,,,ShowDailyK_ChartFlow,FinMind_API_TaiwanStockPrice_2357,True,2026-09-22T15:40:28,2026-09-22T15:40:28,2026-09-22T15:40:28
2357,華碩,2021-01-08,279.5,18.0,6.88%,,10.73,,,,,,,ShowDailyK_ChartFlow,FinMind_API_TaiwanStockPrice_2357,True,2026-09-22T15:40:28,2026-09-22T15:40:28,2026-09-22T15:40:28
2357,華碩,2021-01-11,283.5,4.0,1.43%,,10.88,,,,,,,ShowDailyK_ChartFlow,FinMind_API_TaiwanStockPrice_2357,True,2026-09-22T15:40:28,2026-09-22T15:40:28,2026-09-22T15:40:28
2357,華碩,2021-01-12,281.0,-2.5,-0.88%,,10.79,,,,,,,ShowDailyK_ChartFlow,FinMind_API_TaiwanStockPrice_2357,True,2026-09-22T15:40:28,2026-09-22T15:40:28,2026-09-22T15:40:28
2357,華碩,2021-01-13,288.5,7.5,2.67%,,11.07,,,,,,,ShowDailyK_ChartFlow,FinMind_API_TaiwanStockPrice_2357,True,2026-09-22T15:40:28,2026-09-22T15:40:28,2026-09-22T15:40:28
2357,華碩,2021-01-14,288.0,-0.5,-0.17%,,11.06,,,,,,,ShowDailyK_ChartFlow,FinMind_API_TaiwanStockPrice_2357,True,2026-09-22T15:40:28,2026-09-22T15:40:28,2026-09-22T15:40:28
2357,華碩,2021-01-15,287.0,-1.0,-0.35%,,11.02,,,,,,,ShowDailyK_ChartFlow,FinMind_API_TaiwanStockPrice_2357,True,2026-09-22T15:40:28,2026-09-22T15:40:28,2026-09-22T15:40:28
2357,華碩,2021-01-18,283.0,-4.0,-1.39%,,10.86,,,,,,,ShowDailyK_ChartFlow,FinMind_API_TaiwanStockPrice_2357,True,2026-09-22T15:40:28,2026-09-22T15:40:28,2026-09-22T15:40:28
2357,華碩,2021-01-19,285.0,2.0,0.71%,,10.94,,,,,,,ShowDailyK_ChartFlow,FinMind_API_TaiwanStockPrice_2357,True,2026-09-22T15:40:28,2026-09-22T15:40:28,2026-09-22T15:40:28
2357,華碩,2021-01-20,276.0,-9.0,-3.16%,,10.6,,,,,,,ShowDailyK_ChartFlow,FinMind_API_TaiwanStockPrice_2357,True,2026-09-22T15:40:28,2026-09-22T15:40:28,2026-09-22T15:40:28
2357,華碩,2021-01-21,282.0,6.0,2.17%,,10.83,,,,,,,ShowDailyK_ChartFlow,FinMind_API_TaiwanStockPrice_2357,True,2026-09-22T15:40:28,2026-09-22T15:40:28,2026-09-22T15:40:28
2357,華碩,2021-01-22,284.5,2.5,0.89%,,10.92,,,,,,,ShowDailyK_ChartFlow,FinMind_API_TaiwanStockPrice_2357,True,2026-09-22T15:40:28,2026-09-22T15:40:28,2026-09-22T15:40:28
2357,華碩,2021-01-25,290.0,5.5,1.93%,,11.13,,,,,,,ShowDailyK_ChartFlow,FinMind_API_TaiwanStockPrice_2357,True,2026-09-22T15:40:28,2026-09-22T15:40:28,2026-09-22T15:40:28
2357,華碩,2021-01-26,284.0,-6.0,-2.07%,,10.9,,,,,,,ShowDailyK_ChartFlow,FinMind_API_TaiwanStockPrice_2357,True,2026-09-22T15:40:28,2026-09-22T15:40:28,2026-09-22T15:40:28
2357,華碩,2021-01-27,293.0,9.0,3.17%,,11.25,,,,,,,ShowDailyK_ChartFlow,FinMind_API_TaiwanStockPrice_2357,True,2026-09-22T15:40:28,2026-09-22T15:40:28,2026-09-22T15:40:28
2357,華碩,2021-01-28,288.5,-4.5,-1.54%,,11.07,,,,,,,ShowDailyK_ChartFlow,FinMind_API_TaiwanStockPrice_2357,True,2026-09-22T15:40:28,2026-09-22T15:40:28,2026-09-22T15:40:28
2357,華碩,2021-01-29,286.5,-2.0,-0.69%,,11.0,,,,,,,ShowDailyK_ChartFlow,FinMind_API_TaiwanStockPrice_2357,True,2026-09-22T15:40:28,2026-09-22T15:40:28,2026-09-22T15:40:28
2357,華碩,2021-02-01,283.5,-3.0,-1.05%,,10.88,,,,,,,ShowDailyK_ChartFlow,FinMind_API_TaiwanStockPrice_2357,True,2026-09-22T15:40:28,2026-09-22T15:40:28,2026-09-22T15:40:28
2357,華碩,2021-02-02,285.5,2.0,0.71%,,10.96,,,,,,,ShowDailyK_ChartFlow,FinMind_API_TaiwanStockPrice_2357,True,2026-09-22T15:40:28,2026-09-22T15:40:28,2026-09-22T15:40:28
2357,華碩,2021-02-03,288.5,3.0,1.05%,,11.07,,,,,,,ShowDailyK_ChartFlow,FinMind_API_TaiwanStockPrice_2357,True,2026-09-22T15:40:28,2026-09-22T15:40:28,2026-09-22T15:40:28
2357,華碩,2021-02-04,287.0,-1.5,-0.52%,,11.02,,,,,,,ShowDailyK_ChartFlow,FinMind_API_TaiwanStockPrice_2357,True,2026-09-22T15:40:28,2026-09-22T15:40:28,2026-09-22T15:40:28
2357,華碩,2021-02-05,288.5,1.5,0.52%,,11.07,,,,,,,ShowDailyK_ChartFlow,FinMind_API_TaiwanStockPrice_2357,True,2026-09-22T15:40:28,2026-09-22T15:40:28,2026-09-22T15:40:28
2357,華碩,2021-02-17,289.5,1.0,0.35%,,11.11,,,,,,,ShowDailyK_ChartFlow,FinMind_API_TaiwanStockPrice_2357,True,2026-09-22T15:40:28,2026-09-22T15:40:28,2026-09-22T15:40:28
2357,華碩,2021-02-18,289.0,-0.5,-0.17%,,11.09,,,,,,,ShowDailyK_ChartFlow,FinMind_API_TaiwanStockPrice_2357,True,2026-09-22T15:40:28,2026-09-22T15:40:28,2026-09-22T15:40:28
2357,華碩,2021-02-19,290.0,1.0,0.35%,,11.13,,,,,,,ShowDailyK_ChartFlow,FinMind_API_TaiwanStockPrice_2357,True,2026-09-22T15:40:28,2026-09-22T15:40:28,2026-09-22T15:40:28
2357,華碩,2021-02-22,290.0,0.0,0.00%,,11.13,,,,,,,ShowDailyK_ChartFlow,FinMind_API_TaiwanStockPrice_2357,True,2026-09-22T15:40:28,2026-09-22T15:40:28,2026-09-22T15:40:28
2357,華碩,2021-02-23,290.5,0.5,0.17%,,11.15,,,,,,,ShowDailyK_ChartFlow,FinMind_API_TaiwanStockPrice_2357,True,2026-09-22T15:40:28,2026-09-22T15:40:28,2026-09-22T15:40:28
2357,華碩,2021-02-24,300.5,10.0,3.44%,,11.54,,,,,,,ShowDailyK_ChartFlow,FinMind_API_TaiwanStockPrice_2357,True,2026-09-22T15:40:28,2026-09-22T15:40:28,2026-09-22T15:40:28
2357,華碩,2021-02-25,305.5,5.0,1.66%,,11.73,,,,,,,ShowDailyK_ChartFlow,FinMind_API_TaiwanStockPrice_2357,True,2026-09-22T15:40:28,2026-09-22T15:40:28,2026-09-22T15:40:28
2357,華碩,2021-02-26,304.0,-1.5,-0.49%,,11.67,,,,,,,ShowDailyK_ChartFlow,FinMind_API_TaiwanStockPrice_2357,True,2026-09-22T15:40:28,2026-09-22T15:40:28,2026-09-22T15:40:28
2357,華碩,2021-03-02,307.5,3.5,1.15%,,11.8,,,,,,,ShowDailyK_ChartFlow,FinMind_API_TaiwanStockPrice_2357,True,2026-09-22T15:40:28,2026-09-22T15:40:28,2026-09-22T15:40:28
2357,華碩,2021-03-03,316.5,9.0,2.93%,,12.15,,,,,,,ShowDailyK_ChartFlow,FinMind_API_TaiwanStockPrice_2357,True,2026-09-22T15:40:28,2026-09-22T15:40:28,2026-09-22T15:40:28
2357,華碩,2021-03-04,313.5,-3.0,-0.95%,,12.03,,,,,,,ShowDailyK_ChartFlow,FinMind_API_TaiwanStockPrice_2357,True,2026-09-22T15:40:28,2026-09-22T15:40:28,2026-09-22T15:40:28
2357,華碩,2021-03-05,311.0,-2.5,-0.80%,,11.94,,,,,,,ShowDailyK_ChartFlow,FinMind_API_TaiwanStockPrice_2357,True,2026-09-22T15:40:28,2026-09-22T15:40:28,2026-09-22T15:40:28
2357,華碩,2021-03-08,315.5,4.5,1.45%,,12.11,,,,,,,ShowDailyK_ChartFlow,FinMind_API_TaiwanStockPrice_2357,True,2026-09-22T15:40:28,2026-09-22T15:40:28,2026-09-22T15:40:28
2357,華碩,2021-03-09,313.0,-2.5,-0.79%,,12.02,,,,,,,ShowDailyK_ChartFlow,FinMind_API_TaiwanStockPrice_2357,True,2026-09-22T15:40:28,2026-09-22T15:40:28,2026-09-22T15:40:28
2357,華碩,2021-03-10,312.5,-0.5,-0.16%,,12.0,,,,,,,ShowDailyK_ChartFlow,FinMind_API_TaiwanStockPrice_2357,True,2026-09-22T15:40:28,2026-09-22T15:40:28,2026-09-22T15:40:28
2357,華碩,2021-03-11,317.5,5.0,1.60%,,12.19,,,,,,,ShowDailyK_ChartFlow,FinMind_API_TaiwanStockPrice_2357,True,2026-09-22T15:40:28,2026-09-22T15:40:28,2026-09-22T15:40:28
2357,華碩,2021-03-12,323.5,6.0,1.89%,,12.42,,,,,,,ShowDailyK_ChartFlow,FinMind_API_TaiwanStockPrice_2357,True,2026-09-22T15:40:28,2026-09-22T15:40:28,2026-09-22T15:40:28
2357,華碩,2021-03-15,326.0,2.5,0.77%,,12.51,,,,,,,ShowDailyK_ChartFlow,FinMind_API_TaiwanStockPrice_2357,True,2026-09-22T15:40:28,2026-09-22T15:40:28,2026-09-22T15:40:28
2357,華碩,2021-03-16,331.0,5.0,1.53%,,12.71,,,,,,,ShowDailyK_ChartFlow,FinMind_API_TaiwanStockPrice_2357,True,2026-09-22T15:40:28,2026-09-22T15:40:28,2026-09-22T15:40:28
2357,華碩,2021-03-17,325.5,-5.5,-1.66%,,12.5,,,,,,,ShowDailyK_ChartFlow,FinMind_API_TaiwanStockPrice_2357,True,2026-09-22T15:40:28,2026-09-22T15:40:28,2026-09-22T15:40:28
2357,華碩,2021-03-18,358.0,32.5,9.98%,,10.01,,,,,,,ShowDailyK_ChartFlow,FinMind_API_TaiwanStockPrice_2357,True,2026-09-22T15:40:28,2026-09-22T15:40:28,2026-09-22T15:40:28
2357,華碩,2021-03-19,377.5,19.5,5.45%,,10.56,,,,,,,ShowDailyK_ChartFlow,FinMind_API_TaiwanStockPrice_2357,True,2026-09-22T15:40:28,2026-09-22T15:40:28,2026-09-22T15:40:28
2357,華碩,2021-03-22,368.5,-9.0,-2.38%,,10.3,,,,,,,ShowDailyK_ChartFlow,FinMind_API_TaiwanStockPrice_2357,True,2026-09-22T15:40:28,2026-09-22T15:40:28,2026-09-22T15:40:28
2357,華碩,2021-03-23,365.5,-3.0,-0.81%,,10.22,,,,,,,ShowDailyK_ChartFlow,FinMind_API_TaiwanStockPrice_2357,True,2026-09-22T15:40:28,2026-09-22T15:40:28,2026-09-22T15:40:28
2357,華碩,2021-03-24,366.0,0.5,0.14%,,10.23,,,,,,,ShowDailyK_ChartFlow,FinMind_API_TaiwanStockPrice_2357,True,2026-09-22T15:40:28,2026-09-22T15:40:28,2026-09-22T15:40:28
2357,華碩,2021-03-25,365.0,-1.0,-0.27%,,10.21,,,,,,,ShowDailyK_ChartFlow,FinMind_API_TaiwanStockPrice_2357,True,2026-09-22T15:40:28,2026-09-22T15:40:28,2026-09-22T15:40:28
2357,華碩,2021-03-26,365.0,0.0,0.00%,,10.21,,,,,,,ShowDailyK_ChartFlow,FinMind_API_TaiwanStockPrice_2357,True,2026-09-22T15:40:28,2026-09-22T15:40:28,2026-09-22T15:40:28
2357,華碩,2021-03-29,374.0,9.0,2.47%,,10.46,,,,,,,ShowDailyK_ChartFlow,FinMind_API_TaiwanStockPrice_2357,True,2026-09-22T15:40:28,2026-09-22T15:40:28,2026-09-22T15:40:28
2357,華碩,2021-03-30,377.0,3.0,0.80%,,10.54,,,,,,,ShowDailyK_ChartFlow,FinMind_API_TaiwanStockPrice_2357,True,2026-09-22T15:40:28,2026-09-22T15:40:28,2026-09-22T15:40:28
2357,華碩,2021-03-31,372.5,-4.5,-1.19%,13.18,10.42,197.7,237.24,276.78,316.32,355.86,395.4,ShowDailyK_ChartFlow,FinMind_API_TaiwanStockPrice_2357,True,2026-09-22T15:40:28,2026-09-22T15:40:28,2026-09-22T15:40:28
2357,華碩,2021-04-01,371.5,-1.0,-0.27%,13.18,10.39,197.7,237.24,276.78,316.32,355.86,395.4,ShowDailyK_ChartFlow,FinMind_API_TaiwanStockPrice_2357,True,2026-09-22T15:40:28,2026-09-22T15:40:28,2026-09-22T15:40:28
2357,華碩,2021-04-06,369.0,-2.5,-0.67%,13.18,10.32,197.7,237.24,276.78,316.32,355.86,395.4,ShowDailyK_ChartFlow,FinMind_API_TaiwanStockPrice_2357,True,2026-09-22T15:40:28,2026-09-22T15:40:28,2026-09-22T15:40:28
2357,華碩,2021-04-07,371.5,2.5,0.68%,13.18,10.39,197.7,237.24,276.78,316.32,355.86,395.4,ShowDailyK_ChartFlow,FinMind_API_TaiwanStockPrice_2357,True,2026-09-22T15:40:28,2026-09-22T15:40:28,2026-09-22T15:40:28
2357,華碩,2021-04-08,374.5,3.0,0.81%,13.18,10.47,197.7,237.24,276.78,316.32,355.86,395.4,ShowDailyK_ChartFlow,FinMind_API_TaiwanStockPrice_2357,True,2026-09-22T15:40:28,2026-09-22T15:40:28,2026-09-22T15:40:28
2357,華碩,2021-04-09,371.5,-3.0,-0.80%,13.18,10.39,197.7,237.24,276.78,316.32,355.86,395.4,ShowDailyK_ChartFlow,FinMind_API_TaiwanStockPrice_2357,True,2026-09-22T15:40:28,2026-09-22T15:40:28,2026-09-22T15:40:28
2357,華碩,2021-04-12,374.5,3.0,0.81%,13.18,10.47,197.7,237.24,276.78,316.32,355.86,395.4,ShowDailyK_ChartFlow,FinMind_API_TaiwanStockPrice_2357,True,2026-09-22T15:40:28,2026-09-22T15:40:28,2026-09-22T15:40:28
2357,華碩,2021-04-13,370.5,-4.0,-1.07%,13.18,10.36,197.7,237.24,276.78,316.32,355.86,395.4,ShowDailyK_ChartFlow,FinMind_API_TaiwanStockPrice_2357,True,2026-09-22T15:40:28,2026-09-22T15:40:28,2026-09-22T15:40:28
2357,華碩,2021-04-14,370.5,0.0,0.00%,13.18,10.36,197.7,237.24,276.78,316.32,355.86,395.4,ShowDailyK_ChartFlow,FinMind_API_TaiwanStockPrice_2357,True,2026-09-22T15:40:28,2026-09-22T15:40:28,2026-09-22T15:40:28
2357,華碩,2021-04-15,373.0,2.5,0.67%,13.18,10.43,197.7,237.24,276.78,316.32,355.86,395.4,ShowDailyK_ChartFlow,FinMind_API_TaiwanStockPrice_2357,True,2026-09-22T15:40:28,2026-09-22T15:40:28,2026-09-22T15:40:28
2357,華碩,2021-04-16,388.0,15.0,4.02%,13.18,10.85,197.7,237.24,276.78,316.32,355.86,395.4,ShowDailyK_ChartFlow,FinMind_API_TaiwanStockPrice_2357,True,2026-09-22T15:40:28,2026-09-22T15:40:28,2026-09-22T15:40:28
2357,華碩,2021-04-19,385.5,-2.5,-0.64%,13.18,10.78,197.7,237.24,276.78,316.32,355.86,395.4,ShowDailyK_ChartFlow,FinMind_API_TaiwanStockPrice_2357,True,2026-09-22T15:40:28,2026-09-22T15:40:28,2026-09-22T15:40:28
2357,華碩,2021-04-20,383.0,-2.5,-0.65%,13.18,10.71,197.7,237.24,276.78,316.32,355.86,395.4,ShowDailyK_ChartFlow,FinMind_API_TaiwanStockPrice_2357,True,2026-09-22T15:40:28,2026-09-22T15:40:28,2026-09-22T15:40:28
2357,華碩,2021-04-21,376.5,-6.5,-1.70%,13.18,10.53,197.7,237.24,276.78,316.32,355.86,395.4,ShowDailyK_ChartFlow,FinMind_API_TaiwanStockPrice_2357,True,2026-09-22T15:40:28,2026-09-22T15:40:28,2026-09-22T15:40:28
2357,華碩,2021-04-22,373.5,-3.0,-0.80%,13.18,10.44,197.7,237.24,276.78,316.32,355.86,395.4,ShowDailyK_ChartFlow,FinMind_API_TaiwanStockPrice_2357,True,2026-09-22T15:40:28,2026-09-22T15:40:28,2026-09-22T15:40:28
2357,華碩,2021-04-23,378.0,4.5,1.20%,13.18,10.57,197.7,237.24,276.78,316.32,355.86,395.4,ShowDailyK_ChartFlow,FinMind_API_TaiwanStockPrice_2357,True,2026-09-22T15:40:28,2026-09-22T15:40:28,2026-09-22T15:40:28
2357,華碩,2021-04-26,380.0,2.0,0.53%,13.18,10.63,197.7,237.24,276.78,316.32,355.86,395.4,ShowDailyK_ChartFlow,FinMind_API_TaiwanStockPrice_2357,True,2026-09-22T15:40:28,2026-09-22T15:40:28,2026-09-22T15:40:28
2357,華碩,2021-04-27,375.0,-5.0,-1.32%,13.18,10.49,197.7,237.24,276.78,316.32,355.86,395.4,ShowDailyK_ChartFlow,FinMind_API_TaiwanStockPrice_2357,True,2026-09-22T15:40:28,2026-09-22T15:40:28,2026-09-22T15:40:28
2357,華碩,2021-04-28,372.0,-3.0,-0.80%,13.18,10.4,197.7,237.24,276.78,316.32,355.86,395.4,ShowDailyK_ChartFlow,FinMind_API_TaiwanStockPrice_2357,True,2026-09-22T15:40:28,2026-09-22T15:40:28,2026-09-22T15:40:28
2357,華碩,2021-04-29,376.0,4.0,1.08%,13.18,10.51,197.7,237.24,276.78,316.32,355.86,395.4,ShowDailyK_ChartFlow,FinMind_API_TaiwanStockPrice_2357,True,2026-09-22T15:40:28,2026-09-22T15:40:28,2026-09-22T15:40:28
2357,華碩,2021-05-03,376.5,0.5,0.13%,13.18,10.53,197.7,237.24,276.78,316.32,355.86,395.4,ShowDailyK_ChartFlow,FinMind_API_TaiwanStockPrice_2357,True,2026-09-22T15:40:28,2026-09-22T15:40:28,2026-09-22T15:40:28
2357,華碩,2021-05-04,378.0,1.5,0.40%,13.18,10.57,197.7,237.24,276.78,316.32,355.86,395.4,ShowDailyK_ChartFlow,FinMind_API_TaiwanStockPrice_2357,True,2026-09-22T15:40:28,2026-09-22T15:40:28,2026-09-22T15:40:28
2357,華碩,2021-05-05,380.5,2.5,0.66%,13.18,10.64,197.7,237.24,276.78,316.32,355.86,395.4,ShowDailyK_ChartFlow,FinMind_API_TaiwanStockPrice_2357,True,2026-09-22T15:40:28,2026-09-22T15:40:28,2026-09-22T15:40:28
2357,華碩,2021-05-06,380.5,0.0,0.00%,13.18,10.64,197.7,237.24,276.78,316.32,355.86,395.4,ShowDailyK_ChartFlow,FinMind_API_TaiwanStockPrice_2357,True,2026-09-22T15:40:28,2026-09-22T15:40:28,2026-09-22T15:40:28
2357,華碩,2021-05-07,391.0,10.5,2.76%,13.18,10.93,197.7,237.24,276.78,316.32,355.86,395.4,ShowDailyK_ChartFlow,FinMind_API_TaiwanStockPrice_2357,True,2026-09-22T15:40:28,2026-09-22T15:40:28,2026-09-22T15:40:28
2357,華碩,2021-05-10,387.0,-4.0,-1.02%,13.18,10.82,197.7,237.24,276.78,316.32,355.86,395.4,ShowDailyK_ChartFlow,FinMind_API_TaiwanStockPrice_2357,True,2026-09-22T15:40:28,2026-09-22T15:40:28,2026-09-22T15:40:28
2357,華碩,2021-05-11,367.5,-19.5,-5.04%,13.18,10.28,197.7,237.24,276.78,316.32,355.86,395.4,ShowDailyK_ChartFlow,FinMind_API_TaiwanStockPrice_2357,True,2026-09-22T15:40:28,2026-09-22T15:40:28,2026-09-22T15:40:28
2357,華碩,2021-05-12,361.5,-6.0,-1.63%,13.18,10.11,197.7,237.24,276.78,316.32,355.86,395.4,ShowDailyK_ChartFlow,FinMind_API_TaiwanStockPrice_2357,True,2026-09-22T15:40:28,2026-09-22T15:40:28,2026-09-22T15:40:28
2357,華碩,2021-05-13,379.5,18.0,4.98%,13.18,7.95,197.7,237.24,276.78,316.32,355.86,395.4,ShowDailyK_ChartFlow,FinMind_API_TaiwanStockPrice_2357,True,2026-09-22T15:40:28,2026-09-22T15:40:28,2026-09-22T15:40:28
2357,華碩,2021-05-14,380.0,0.5,0.13%,13.18,7.96,197.7,237.24,276.78,316.32,355.86,395.4,ShowDailyK_ChartFlow,FinMind_API_TaiwanStockPrice_2357,True,2026-09-22T15:40:28,2026-09-22T15:40:28,2026-09-22T15:40:28
2357,華碩,2021-05-17,368.0,-12.0,-3.16%,13.18,7.71,197.7,237.24,276.78,316.32,355.86,395.4,ShowDailyK_ChartFlow,FinMind_API_TaiwanStockPrice_2357,True,2026-09-22T15:40:28,2026-09-22T15:40:28,2026-09-22T15:40:28
2357,華碩,2021-05-18,384.0,16.0,4.35%,13.18,8.04,197.7,237.24,276.78,316.32,355.86,395.4,ShowDailyK_ChartFlow,FinMind_API_TaiwanStockPrice_2357,True,2026-09-22T15:40:28,2026-09-22T15:40:28,2026-09-22T15:40:28
2357,華碩,2021-05-19,409.5,25.5,6.64%,13.18,8.58,197.7,237.24,276.78,316.32,355.86,395.4,ShowDailyK_ChartFlow,FinMind_API_TaiwanStockPrice_2357,True,2026-09-22T15:40:28,2026-09-22T15:40:28,2026-09-22T15:40:28
2357,華碩,2021-05-20,397.0,-12.5,-3.05%,13.18,8.32,197.7,237.24,276.78,316.32,355.86,395.4,ShowDailyK_ChartFlow,FinMind_API_TaiwanStockPrice_2357,True,2026-09-22T15:40:28,2026-09-22T15:40:28,2026-09-22T15:40:28
2357,華碩,2021-05-21,392.5,-4.5,-1.13%,13.18,8.22,197.7,237.24,276.78,316.32,355.86,395.4,ShowDailyK_ChartFlow,FinMind_API_TaiwanStockPrice_2357,True,2026-09-22T15:40:28,2026-09-22T15:40:28,2026-09-22T15:40:28
2357,華碩,2021-05-24,390.0,-2.5,-0.64%,13.18,8.17,197.7,237.24,276.78,316.32,355.86,395.4,ShowDailyK_ChartFlow,FinMind_API_TaiwanStockPrice_2357,True,2026-09-22T15:40:28,2026-09-22T15:40:28,2026-09-22T15:40:28
2357,華碩,2021-05-25,390.5,0.5,0.13%,13.18,8.18,197.7,237.24,276.78,316.32,355.86,395.4,ShowDailyK_ChartFlow,FinMind_API_TaiwanStockPrice_2357,True,2026-09-22T15:40:28,2026-09-22T15:40:28,2026-09-22T15:40:28
2357,華碩,2021-05-26,397.5,7.0,1.79%,13.18,8.33,197.7,237.24,276.78,316.32,355.86,395.4,ShowDailyK_ChartFlow,FinMind_API_TaiwanStockPrice_2357,True,2026-09-22T15:40:28,2026-09-22T15:40:28,2026-09-22T15:40:28
2357,華碩,2021-05-27,388.0,-9.5,-2.39%,13.18,8.13,197.7,237.24,276.78,316.32,355.86,395.4,ShowDailyK_ChartFlow,FinMind_API_TaiwanStockPrice_2357,True,2026-09-22T15:40:28,2026-09-22T15:40:28,2026-09-22T15:40:28
2357,華碩,2021-05-28,391.5,3.5,0.90%,13.18,8.2,197.7,237.24,276.78,316.32,355.86,395.4,ShowDailyK_ChartFlow,FinMind_API_TaiwanStockPrice_2357,True,2026-09-22T15:40:28,2026-09-22T15:40:28,2026-09-22T15:40:28
2357,華碩,2021-05-31,395.0,3.5,0.89%,13.18,8.27,197.7,237.24,276.78,316.32,355.86,395.4,ShowDailyK_ChartFlow,FinMind_API_TaiwanStockPrice_2357,True,2026-09-22T15:40:28,2026-09-22T15:40:28,2026-09-22T15:40:28
2357,華碩,2021-06-01,403.0,8.0,2.03%,13.18,8.44,197.7,237.24,276.78,316.32,355.86,395.4,ShowDailyK_ChartFlow,FinMind_API_TaiwanStockPrice_2357,True,2026-09-22T15:40:28,2026-09-22T15:40:28,2026-09-22T15:40:28
2357,華碩,2021-06-02,393.5,-9.5,-2.36%,13.18,8.24,197.7,237.24,276.78,316.32,355.86,395.4,ShowDailyK_ChartFlow,FinMind_API_TaiwanStockPrice_2357,True,2026-09-22T15:40:28,2026-09-22T15:40:28,2026-09-22T15:40:28
2357,華碩,2021-06-03,392.0,-1.5,-0.38%,13.18,8.21,197.7,237.24,276.78,316.32,355.86,395.4,ShowDailyK_ChartFlow,FinMind_API_TaiwanStockPrice_2357,True,2026-09-22T15:40:28,2026-09-22T15:40:28,2026-09-22T15:40:28
2357,華碩,2021-06-04,390.0,-2.0,-0.51%,13.18,8.17,197.7,237.24,276.78,316.32,355.86,395.4,ShowDailyK_ChartFlow,FinMind_API_TaiwanStockPrice_2357,True,2026-09-22T15:40:28,2026-09-22T15:40:28,2026-09-22T15:40:28
2357,華碩,2021-06-07,388.0,-2.0,-0.51%,13.18,8.13,197.7,237.24,276.78,316.32,355.86,395.4,ShowDailyK_ChartFlow,FinMind_API_TaiwanStockPrice_2357,True,2026-09-22T15:40:28,2026-09-22T15:40:28,2026-09-22T15:40:28
2357,華碩,2021-06-08,390.0,2.0,0.52%,13.18,8.17,197.7,237.24,276.78,316.32,355.86,395.4,ShowDailyK_ChartFlow,FinMind_API_TaiwanStockPrice_2357,True,2026-09-22T15:40:28,2026-09-22T15:40:28,2026-09-22T15:40:28
2357,華碩,2021-06-09,386.0,-4.0,-1.03%,13.18,8.09,197.7,237.24,276.78,316.32,355.86,395.4,ShowDailyK_ChartFlow,FinMind_API_TaiwanStockPrice_2357,True,2026-09-22T15:40:28,2026-09-22T15:40:28,2026-09-22T15:40:28
2357,華碩,2021-06-10,385.5,-0.5,-0.13%,13.18,8.07,197.7,237.24,276.78,316.32,355.86,395.4,ShowDailyK_ChartFlow,FinMind_API_TaiwanStockPrice_2357,True,2026-09-22T15:40:28,2026-09-22T15:40:28,2026-09-22T15:40:28
2357,華碩,2021-06-11,383.0,-2.5,-0.65%,13.18,8.02,197.7,237.24,276.78,316.32,355.86,395.4,ShowDailyK_ChartFlow,FinMind_API_TaiwanStockPrice_2357,True,2026-09-22T15:40:28,2026-09-22T15:40:28,2026-09-22T15:40:28
2357,華碩,2021-06-15,383.5,0.5,0.13%,13.18,8.03,197.7,237.24,276.78,316.32,355.86,395.4,ShowDailyK_ChartFlow,FinMind_API_TaiwanStockPrice_2357,True,2026-09-22T15:40:28,2026-09-22T15:40:28,2026-09-22T15:40:28
2357,華碩,2021-06-16,388.0,4.5,1.17%,13.18,8.13,197.7,237.24,276.78,316.32,355.86,395.4,ShowDailyK_ChartFlow,FinMind_API_TaiwanStockPrice_2357,True,2026-09-22T15:40:28,2026-09-22T15:40:28,2026-09-22T15:40:28
2357,華碩,2021-06-17,388.0,0.0,0.00%,13.18,8.13,197.7,237.24,276.78,316.32,355.86,395.4,ShowDailyK_ChartFlow,FinMind_API_TaiwanStockPrice_2357,True,2026-09-22T15:40:28,2026-09-22T15:40:28,2026-09-22T15:40:28
2357,華碩,2021-06-18,385.0,-3.0,-0.77%,13.18,8.06,197.7,237.24,276.78,316.32,355.86,395.4,ShowDailyK_ChartFlow,FinMind_API_TaiwanStockPrice_2357,True,2026-09-22T15:40:28,2026-09-22T15:40:28,2026-09-22T15:40:28
2357,華碩,2021-06-21,383.0,-2.0,-0.52%,13.18,8.02,197.7,237.24,276.78,316.32,355.86,395.4,ShowDailyK_ChartFlow,FinMind_API_TaiwanStockPrice_2357,True,2026-09-22T15:40:28,2026-09-22T15:40:28,2026-09-22T15:40:28
2357,華碩,2021-06-22,375.0,-8.0,-2.09%,13.18,7.86,197.7,237.24,276.78,316.32,355.86,395.4,ShowDailyK_ChartFlow,FinMind_API_TaiwanStockPrice_2357,True,2026-09-22T15:40:28,2026-09-22T15:40:28,2026-09-22T15:40:28
2357,華碩,2021-06-23,374.0,-1.0,-0.27%,13.18,7.83,197.7,237.24,276.78,316.32,355.86,395.4,ShowDailyK_ChartFlow,FinMind_API_TaiwanStockPrice_2357,True,2026-09-22T15:40:28,2026-09-22T15:40:28,2026-09-22T15:40:28
2357,華碩,2021-06-24,373.5,-0.5,-0.13%,13.18,7.82,197.7,237.24,276.78,316.32,355.86,395.4,ShowDailyK_ChartFlow,FinMind_API_TaiwanStockPrice_2357,True,2026-09-22T15:40:28,2026-09-22T15:40:28,2026-09-22T15:40:28
2357,華碩,2021-06-25,367.0,-6.5,-1.74%,13.18,7.69,197.7,237.24,276.78,316.32,355.86,395.4,ShowDailyK_ChartFlow,FinMind_API_TaiwanStockPrice_2357,True,2026-09-22T15:40:28,2026-09-22T15:40:28,2026-09-22T15:40:28
2357,華碩,2021-06-28,372.5,5.5,1.50%,13.18,7.8,197.7,237.24,276.78,316.32,355.86,395.4,ShowDailyK_ChartFlow,FinMind_API_TaiwanStockPrice_2357,True,2026-09-22T15:40:28,2026-09-22T15:40:28,2026-09-22T15:40:28
2357,華碩,2021-06-29,370.0,-2.5,-0.67%,13.18,7.75,197.7,237.24,276.78,316.32,355.86,395.4,ShowDailyK_ChartFlow,FinMind_API_TaiwanStockPrice_2357,True,2026-09-22T15:40:28,2026-09-22T15:40:28,2026-09-22T15:40:28
2357,華碩,2021-06-30,371.5,1.5,0.41%,28.490000000000002,7.78,427.35,512.82,598.29,683.76,769.23,854.7,ShowDailyK_ChartFlow,FinMind_API_TaiwanStockPrice_2357,True,2026-09-22T15:40:28,2026-09-22T15:40:28,2026-09-22T15:40:28
2357,華碩,2021-07-01,367.0,-4.5,-1.21%,28.490000000000002,7.69,427.35,512.82,598.29,683.76,769.23,854.7,ShowDailyK_ChartFlow,FinMind_API_TaiwanStockPrice_2357,True,2026-09-22T15:40:28,2026-09-22T15:40:28,2026-09-22T15:40:28
2357,華碩,2021-07-02,371.0,4.0,1.09%,28.490000000000002,7.77,427.35,512.82,598.29,683.76,769.23,854.7,ShowDailyK_ChartFlow,FinMind_API_TaiwanStockPrice_2357,True,2026-09-22T15:40:28,2026-09-22T15:40:28,2026-09-22T15:40:28
2357,華碩,2021-07-05,376.0,5.0,1.35%,28.490000000000002,7.88,427.35,512.82,598.29,683.76,769.23,854.7,ShowDailyK_ChartFlow,FinMind_API_TaiwanStockPrice_2357,True,2026-09-22T15:40:28,2026-09-22T15:40:28,2026-09-22T15:40:28
2357,華碩,2021-07-06,376.0,0.0,0.00%,28.490000000000002,7.88,427.35,512.82,598.29,683.76,769.23,854.7,ShowDailyK_ChartFlow,FinMind_API_TaiwanStockPrice_2357,True,2026-09-22T15:40:28,2026-09-22T15:40:28,2026-09-22T15:40:28
2357,華碩,2021-07-07,379.0,3.0,0.80%,28.490000000000002,7.94,427.35,512.82,598.29,683.76,769.23,854.7,ShowDailyK_ChartFlow,FinMind_API_TaiwanStockPrice_2357,True,2026-09-22T15:40:28,2026-09-22T15:40:28,2026-09-22T15:40:28
2357,華碩,2021-07-08,381.0,2.0,0.53%,28.490000000000002,7.98,427.35,512.82,598.29,683.76,769.23,854.7,ShowDailyK_ChartFlow,FinMind_API_TaiwanStockPrice_2357,True,2026-09-22T15:40:28,2026-09-22T15:40:28,2026-09-22T15:40:28
2357,華碩,2021-07-09,373.0,-8.0,-2.10%,28.490000000000002,7.81,427.35,512.82,598.29,683.76,769.23,854.7,ShowDailyK_ChartFlow,FinMind_API_TaiwanStockPrice_2357,True,2026-09-22T15:40:28,2026-09-22T15:40:28,2026-09-22T15:40:28
2357,華碩,2021-07-12,381.0,8.0,2.14%,28.490000000000002,7.98,427.35,512.82,598.29,683.76,769.23,854.7,ShowDailyK_ChartFlow,FinMind_API_TaiwanStockPrice_2357,True,2026-09-22T15:40:28,2026-09-22T15:40:28,2026-09-22T15:40:28
2357,華碩,2021-07-13,376.5,-4.5,-1.18%,28.490000000000002,7.89,427.35,512.82,598.29,683.76,769.23,854.7,ShowDailyK_ChartFlow,FinMind_API_TaiwanStockPrice_2357,True,2026-09-22T15:40:28,2026-09-22T15:40:28,2026-09-22T15:40:28
2357,華碩,2021-07-14,379.0,2.5,0.66%,28.490000000000002,7.94,427.35,512.82,598.29,683.76,769.23,854.7,ShowDailyK_ChartFlow,FinMind_API_TaiwanStockPrice_2357,True,2026-09-22T15:40:28,2026-09-22T15:40:28,2026-09-22T15:40:28
2357,華碩,2021-07-15,378.5,-0.5,-0.13%,28.490000000000002,7.93,427.35,512.82,598.29,683.76,769.23,854.7,ShowDailyK_ChartFlow,FinMind_API_TaiwanStockPrice_2357,True,2026-09-22T15:40:28,2026-09-22T15:40:28,2026-09-22T15:40:28
2357,華碩,2021-07-16,376.0,-2.5,-0.66%,28.490000000000002,7.88,427.35,512.82,598.29,683.76,769.23,854.7,ShowDailyK_ChartFlow,FinMind_API_TaiwanStockPrice_2357,True,2026-09-22T15:40:28,2026-09-22T15:40:28,2026-09-22T15:40:28
2357,華碩,2021-07-19,372.0,-4.0,-1.06%,28.490000000000002,7.79,427.35,512.82,598.29,683.76,769.23,854.7,ShowDailyK_ChartFlow,FinMind_API_TaiwanStockPrice_2357,True,2026-09-22T15:40:28,2026-09-22T15:40:28,2026-09-22T15:40:28
2357,華碩,2021-07-20,371.0,-1.0,-0.27%,28.490000000000002,7.77,427.35,512.82,598.29,683.76,769.23,854.7,ShowDailyK_ChartFlow,FinMind_API_TaiwanStockPrice_2357,True,2026-09-22T15:40:28,2026-09-22T15:40:28,2026-09-22T15:40:28
2357,華碩,2021-07-21,370.5,-0.5,-0.13%,28.490000000000002,7.76,427.35,512.82,598.29,683.76,769.23,854.7,ShowDailyK_ChartFlow,FinMind_API_TaiwanStockPrice_2357,True,2026-09-22T15:40:28,2026-09-22T15:40:28,2026-09-22T15:40:28
2357,華碩,2021-07-22,365.5,-5.0,-1.35%,28.490000000000002,7.66,427.35,512.82,598.29,683.76,769.23,854.7,ShowDailyK_ChartFlow,FinMind_API_TaiwanStockPrice_2357,True,2026-09-22T15:40:28,2026-09-22T15:40:28,2026-09-22T15:40:28
2357,華碩,2021-07-23,354.5,-11.0,-3.01%,28.490000000000002,7.43,427.35,512.82,598.29,683.76,769.23,854.7,ShowDailyK_ChartFlow,FinMind_API_TaiwanStockPrice_2357,True,2026-09-22T15:40:28,2026-09-22T15:40:28,2026-09-22T15:40:28
2357,華碩,2021-07-26,354.5,0.0,0.00%,28.490000000000002,7.43,427.35,512.82,598.29,683.76,769.23,854.7,ShowDailyK_ChartFlow,FinMind_API_TaiwanStockPrice_2357,True,2026-09-22T15:40:28,2026-09-22T15:40:28,2026-09-22T15:40:28
2357,華碩,2021-07-27,359.0,4.5,1.27%,28.490000000000002,7.52,427.35,512.82,598.29,683.76,769.23,854.7,ShowDailyK_ChartFlow,FinMind_API_TaiwanStockPrice_2357,True,2026-09-22T15:40:28,2026-09-22T15:40:28,2026-09-22T15:40:28
2357,華碩,2021-07-28,353.5,-5.5,-1.53%,28.490000000000002,7.4,427.35,512.82,598.29,683.76,769.23,854.7,ShowDailyK_ChartFlow,FinMind_API_TaiwanStockPrice_2357,True,2026-09-22T15:40:28,2026-09-22T15:40:28,2026-09-22T15:40:28
2357,華碩,2021-07-29,352.5,-1.0,-0.28%,28.490000000000002,7.38,427.35,512.82,598.29,683.76,769.23,854.7,ShowDailyK_ChartFlow,FinMind_API_TaiwanStockPrice_2357,True,2026-09-22T15:40:28,2026-09-22T15:40:28,2026-09-22T15:40:28
2357,華碩,2021-07-30,351.0,-1.5,-0.43%,28.490000000000002,7.35,427.35,512.82,598.29,683.76,769.23,854.7,ShowDailyK_ChartFlow,FinMind_API_TaiwanStockPrice_2357,True,2026-09-22T15:40:28,2026-09-22T15:40:28,2026-09-22T15:40:28
2357,華碩,2021-08-02,319.5,-31.5,-8.97%,28.490000000000002,6.69,427.35,512.82,598.29,683.76,769.23,854.7,ShowDailyK_ChartFlow,FinMind_API_TaiwanStockPrice_2357,True,2026-09-22T15:40:28,2026-09-22T15:40:28,2026-09-22T15:40:28
2357,華碩,2021-08-03,324.5,5.0,1.56%,28.490000000000002,6.8,427.35,512.82,598.29,683.76,769.23,854.7,ShowDailyK_ChartFlow,FinMind_API_TaiwanStockPrice_2357,True,2026-09-22T15:40:28,2026-09-22T15:40:28,2026-09-22T15:40:28
2357,華碩,2021-08-04,324.0,-0.5,-0.15%,28.490000000000002,6.79,427.35,512.82,598.29,683.76,769.23,854.7,ShowDailyK_ChartFlow,FinMind_API_TaiwanStockPrice_2357,True,2026-09-22T15:40:28,2026-09-22T15:40:28,2026-09-22T15:40:28
2357,華碩,2021-08-05,321.0,-3.0,-0.93%,28.490000000000002,6.72,427.35,512.82,598.29,683.76,769.23,854.7,ShowDailyK_ChartFlow,FinMind_API_TaiwanStockPrice_2357,True,2026-09-22T15:40:28,2026-09-22T15:40:28,2026-09-22T15:40:28
2357,華碩,2021-08-06,323.5,2.5,0.78%,28.490000000000002,6.78,427.35,512.82,598.29,683.76,769.23,854.7,ShowDailyK_ChartFlow,FinMind_API_TaiwanStockPrice_2357,True,2026-09-22T15:40:28,2026-09-22T15:40:28,2026-09-22T15:40:28
2357,華碩,2021-08-09,322.0,-1.5,-0.46%,28.490000000000002,6.74,427.35,512.82,598.29,683.76,769.23,854.7,ShowDailyK_ChartFlow,FinMind_API_TaiwanStockPrice_2357,True,2026-09-22T15:40:28,2026-09-22T15:40:28,2026-09-22T15:40:28
2357,華碩,2021-08-10,319.5,-2.5,-0.78%,28.490000000000002,6.69,427.35,512.82,598.29,683.76,769.23,854.7,ShowDailyK_ChartFlow,FinMind_API_TaiwanStockPrice_2357,True,2026-09-22T15:40:28,2026-09-22T15:40:28,2026-09-22T15:40:28
2357,華碩,2021-08-11,323.0,3.5,1.10%,28.490000000000002,6.77,427.35,512.82,598.29,683.76,769.23,854.7,ShowDailyK_ChartFlow,FinMind_API_TaiwanStockPrice_2357,True,2026-09-22T15:40:28,2026-09-22T15:40:28,2026-09-22T15:40:28
2357,華碩,2021-08-12,319.0,-4.0,-1.24%,28.490000000000002,5.71,427.35,512.82,598.29,683.76,769.23,854.7,ShowDailyK_ChartFlow,FinMind_API_TaiwanStockPrice_2357,True,2026-09-22T15:40:28,2026-09-22T15:40:28,2026-09-22T15:40:28
2357,華碩,2021-08-13,316.5,-2.5,-0.78%,28.490000000000002,5.66,427.35,512.82,598.29,683.76,769.23,854.7,ShowDailyK_ChartFlow,FinMind_API_TaiwanStockPrice_2357,True,2026-09-22T15:40:28,2026-09-22T15:40:28,2026-09-22T15:40:28
2357,華碩,2021-08-16,315.0,-1.5,-0.47%,28.490000000000002,5.64,427.35,512.82,598.29,683.76,769.23,854.7,ShowDailyK_ChartFlow,FinMind_API_TaiwanStockPrice_2357,True,2026-09-22T15:40:28,2026-09-22T15:40:28,2026-09-22T15:40:28
2357,華碩,2021-08-17,318.0,3.0,0.95%,28.490000000000002,5.69,427.35,512.82,598.29,683.76,769.23,854.7,ShowDailyK_ChartFlow,FinMind_API_TaiwanStockPrice_2357,True,2026-09-22T15:40:28,2026-09-22T15:40:28,2026-09-22T15:40:28
2357,華碩,2021-08-18,317.5,-0.5,-0.16%,28.490000000000002,5.68,427.35,512.82,598.29,683.76,769.23,854.7,ShowDailyK_ChartFlow,FinMind_API_TaiwanStockPrice_2357,True,2026-09-22T15:40:28,2026-09-22T15:40:28,2026-09-22T15:40:28
2357,華碩,2021-08-19,311.0,-6.5,-2.05%,28.490000000000002,5.56,427.35,512.82,598.29,683.76,769.23,854.7,ShowDailyK_ChartFlow,FinMind_API_TaiwanStockPrice_2357,True,2026-09-22T15:40:28,2026-09-22T15:40:28,2026-09-22T15:40:28
2357,華碩,2021-08-20,312.0,1.0,0.32%,28.490000000000002,5.58,427.35,512.82,598.29,683.76,769.23,854.7,ShowDailyK_ChartFlow,FinMind_API_TaiwanStockPrice_2357,True,2026-09-22T15:40:28,2026-09-22T15:40:28,2026-09-22T15:40:28
2357,華碩,2021-08-23,317.5,5.5,1.76%,28.490000000000002,5.68,427.35,512.82,598.29,683.76,769.23,854.7,ShowDailyK_ChartFlow,FinMind_API_TaiwanStockPrice_2357,True,2026-09-22T15:40:28,2026-09-22T15:40:28,2026-09-22T15:40:28
2357,華碩,2021-08-24,315.0,-2.5,-0.79%,28.490000000000002,5.64,427.35,512.82,598.29,683.76,769.23,854.7,ShowDailyK_ChartFlow,FinMind_API_TaiwanStockPrice_2357,True,2026-09-22T15:40:28,2026-09-22T15:40:28,2026-09-22T15:40:28
2357,華碩,2021-08-25,318.5,3.5,1.11%,28.490000000000002,5.7,427.35,512.82,598.29,683.76,769.23,854.7,ShowDailyK_ChartFlow,FinMind_API_TaiwanStockPrice_2357,True,2026-09-22T15:40:28,2026-09-22T15:40:28,2026-09-22T15:40:28
2357,華碩,2021-08-26,319.0,0.5,0.16%,28.490000000000002,5.71,427.35,512.82,598.29,683.76,769.23,854.7,ShowDailyK_ChartFlow,FinMind_API_TaiwanStockPrice_2357,True,2026-09-22T15:40:28,2026-09-22T15:40:28,2026-09-22T15:40:28
2357,華碩,2021-08-27,317.5,-1.5,-0.47%,28.490000000000002,5.68,427.35,512.82,598.29,683.76,769.23,854.7,ShowDailyK_ChartFlow,FinMind_API_TaiwanStockPrice_2357,True,2026-09-22T15:40:28,2026-09-22T15:40:28,2026-09-22T15:40:28
2357,華碩,2021-08-30,319.0,1.5,0.47%,28.490000000000002,5.71,427.35,512.82,598.29,683.76,769.23,854.7,ShowDailyK_ChartFlow,FinMind_API_TaiwanStockPrice_2357,True,2026-09-22T15:40:28,2026-09-22T15:40:28,2026-09-22T15:40:28
2357,華碩,2021-08-31,324.0,5.0,1.57%,28.490000000000002,5.8,427.35,512.82,598.29,683.76,769.23,854.7,ShowDailyK_ChartFlow,FinMind_API_TaiwanStockPrice_2357,True,2026-09-22T15:40:28,2026-09-22T15:40:28,2026-09-22T15:40:28
2357,華碩,2021-09-01,321.0,-3.0,-0.93%,28.490000000000002,5.74,427.35,512.82,598.29,683.76,769.23,854.7,ShowDailyK_ChartFlow,FinMind_API_TaiwanStockPrice_2357,True,2026-09-22T15:40:28,2026-09-22T15:40:28,2026-09-22T15:40:28
2357,華碩,2021-09-02,316.0,-5.0,-1.56%,28.490000000000002,5.65,427.35,512.82,598.29,683.76,769.23,854.7,ShowDailyK_ChartFlow,FinMind_API_TaiwanStockPrice_2357,True,2026-09-22T15:40:28,2026-09-22T15:40:28,2026-09-22T15:40:28
2357,華碩,2021-09-03,319.5,3.5,1.11%,28.490000000000002,5.72,427.35,512.82,598.29,683.76,769.23,854.7,ShowDailyK_ChartFlow,FinMind_API_TaiwanStockPrice_2357,True,2026-09-22T15:40:28,2026-09-22T15:40:28,2026-09-22T15:40:28
2357,華碩,2021-09-06,323.0,3.5,1.10%,28.490000000000002,5.78,427.35,512.82,598.29,683.76,769.23,854.7,ShowDailyK_ChartFlow,FinMind_API_TaiwanStockPrice_2357,True,2026-09-22T15:40:28,2026-09-22T15:40:28,2026-09-22T15:40:28
2357,華碩,2021-09-07,319.0,-4.0,-1.24%,28.490000000000002,5.71,427.35,512.82,598.29,683.76,769.23,854.7,ShowDailyK_ChartFlow,FinMind_API_TaiwanStockPrice_2357,True,2026-09-22T15:40:28,2026-09-22T15:40:28,2026-09-22T15:40:28
2357,華碩,2021-09-08,317.0,-2.0,-0.63%,28.490000000000002,5.67,427.35,512.82,598.29,683.76,769.23,854.7,ShowDailyK_ChartFlow,FinMind_API_TaiwanStockPrice_2357,True,2026-09-22T15:40:28,2026-09-22T15:40:28,2026-09-22T15:40:28
2357,華碩,2021-09-09,316.0,-1.0,-0.32%,28.490000000000002,5.65,427.35,512.82,598.29,683.76,769.23,854.7,ShowDailyK_ChartFlow,FinMind_API_TaiwanStockPrice_2357,True,2026-09-22T15:40:28,2026-09-22T15:40:28,2026-09-22T15:40:28
2357,華碩,2021-09-10,316.0,0.0,0.00%,28.490000000000002,5.65,427.35,512.82,598.29,683.76,769.23,854.7,ShowDailyK_ChartFlow,FinMind_API_TaiwanStockPrice_2357,True,2026-09-22T15:40:28,2026-09-22T15:40:28,2026-09-22T15:40:28
2357,華碩,2021-09-13,320.0,4.0,1.27%,28.490000000000002,5.73,427.35,512.82,598.29,683.76,769.23,854.7,ShowDailyK_ChartFlow,FinMind_API_TaiwanStockPrice_2357,True,2026-09-22T15:40:28,2026-09-22T15:40:28,2026-09-22T15:40:28
2357,華碩,2021-09-14,322.5,2.5,0.78%,28.490000000000002,5.77,427.35,512.82,598.29,683.76,769.23,854.7,ShowDailyK_ChartFlow,FinMind_API_TaiwanStockPrice_2357,True,2026-09-22T15:40:28,2026-09-22T15:40:28,2026-09-22T15:40:28
2357,華碩,2021-09-15,322.5,0.0,0.00%,28.490000000000002,5.77,427.35,512.82,598.29,683.76,769.23,854.7,ShowDailyK_ChartFlow,FinMind_API_TaiwanStockPrice_2357,True,2026-09-22T15:40:28,2026-09-22T15:40:28,2026-09-22T15:40:28
2357,華碩,2021-09-16,326.0,3.5,1.09%,28.490000000000002,5.83,427.35,512.82,598.29,683.76,769.23,854.7,ShowDailyK_ChartFlow,FinMind_API_TaiwanStockPrice_2357,True,2026-09-22T15:40:28,2026-09-22T15:40:28,2026-09-22T15:40:28
2357,華碩,2021-09-17,326.0,0.0,0.00%,28.490000000000002,5.83,427.35,512.82,598.29,683.76,769.23,854.7,ShowDailyK_ChartFlow,FinMind_API_TaiwanStockPrice_2357,True,2026-09-22T15:40:28,2026-09-22T15:40:28,2026-09-22T15:40:28
2357,華碩,2021-09-22,328.5,2.5,0.77%,28.490000000000002,5.88,427.35,512.82,598.29,683.76,769.23,854.7,ShowDailyK_ChartFlow,FinMind_API_TaiwanStockPrice_2357,True,2026-09-22T15:40:28,2026-09-22T15:40:28,2026-09-22T15:40:28
2357,華碩,2021-09-23,331.5,3.0,0.91%,28.490000000000002,5.93,427.35,512.82,598.29,683.76,769.23,854.7,ShowDailyK_ChartFlow,FinMind_API_TaiwanStockPrice_2357,True,2026-09-22T15:40:28,2026-09-22T15:40:28,2026-09-22T15:40:28
2357,華碩,2021-09-24,337.0,5.5,1.66%,28.490000000000002,6.03,427.35,512.82,598.29,683.76,769.23,854.7,ShowDailyK_ChartFlow,FinMind_API_TaiwanStockPrice_2357,True,2026-09-22T15:40:28,2026-09-22T15:40:28,2026-09-22T15:40:28
2357,華碩,2021-09-27,340.5,3.5,1.04%,28.490000000000002,6.09,427.35,512.82,598.29,683.76,769.23,854.7,ShowDailyK_ChartFlow,FinMind_API_TaiwanStockPrice_2357,True,2026-09-22T15:40:28,2026-09-22T15:40:28,2026-09-22T15:40:28
2357,華碩,2021-09-28,338.5,-2.0,-0.59%,28.490000000000002,6.06,427.35,512.82,598.29,683.76,769.23,854.7,ShowDailyK_ChartFlow,FinMind_API_TaiwanStockPrice_2357,True,2026-09-22T15:40:28,2026-09-22T15:40:28,2026-09-22T15:40:28
2357,華碩,2021-09-29,328.5,-10.0,-2.95%,28.490000000000002,5.88,427.35,512.82,598.29,683.76,769.23,854.7,ShowDailyK_ChartFlow,FinMind_API_TaiwanStockPrice_2357,True,2026-09-22T15:40:28,2026-09-22T15:40:28,2026-09-22T15:40:28
2357,華碩,2021-09-30,325.5,-3.0,-0.91%,43.74,5.82,656.1,787.32,918.54,1049.76,1180.98,1312.2,ShowDailyK_ChartFlow,FinMind_API_TaiwanStockPrice_2357,True,2026-09-22T15:40:28,2026-09-22T15:40:28,2026-09-22T15:40:28
2357,華碩,2021-10-01,320.5,-5.0,-1.54%,43.74,5.73,656.1,787.32,918.54,1049.76,1180.98,1312.2,ShowDailyK_ChartFlow,FinMind_API_TaiwanStockPrice_2357,True,2026-09-22T15:40:28,2026-09-22T15:40:28,2026-09-22T15:40:28
2357,華碩,2021-10-04,324.0,3.5,1.09%,43.74,5.8,656.1,787.32,918.54,1049.76,1180.98,1312.2,ShowDailyK_ChartFlow,FinMind_API_TaiwanStockPrice_2357,True,2026-09-22T15:40:28,2026-09-22T15:40:28,2026-09-22T15:40:28
2357,華碩,2021-10-05,324.0,0.0,0.00%,43.74,5.8,656.1,787.32,918.54,1049.76,1180.98,1312.2,ShowDailyK_ChartFlow,FinMind_API_TaiwanStockPrice_2357,True,2026-09-22T15:40:28,2026-09-22T15:40:28,2026-09-22T15:40:28
2357,華碩,2021-10-06,323.0,-1.0,-0.31%,43.74,5.78,656.1,787.32,918.54,1049.76,1180.98,1312.2,ShowDailyK_ChartFlow,FinMind_API_TaiwanStockPrice_2357,True,2026-09-22T15:40:28,2026-09-22T15:40:28,2026-09-22T15:40:28
2357,華碩,2021-10-07,337.0,14.0,4.33%,43.74,6.03,656.1,787.32,918.54,1049.76,1180.98,1312.2,ShowDailyK_ChartFlow,FinMind_API_TaiwanStockPrice_2357,True,2026-09-22T15:40:28,2026-09-22T15:40:28,2026-09-22T15:40:28
2357,華碩,2021-10-08,338.0,1.0,0.30%,43.74,6.05,656.1,787.32,918.54,1049.76,1180.98,1312.2,ShowDailyK_ChartFlow,FinMind_API_TaiwanStockPrice_2357,True,2026-09-22T15:40:28,2026-09-22T15:40:28,2026-09-22T15:40:28
2357,華碩,2021-10-12,338.0,0.0,0.00%,43.74,6.05,656.1,787.32,918.54,1049.76,1180.98,1312.2,ShowDailyK_ChartFlow,FinMind_API_TaiwanStockPrice_2357,True,2026-09-22T15:40:28,2026-09-22T15:40:28,2026-09-22T15:40:28
2357,華碩,2021-10-13,343.5,5.5,1.63%,43.74,6.15,656.1,787.32,918.54,1049.76,1180.98,1312.2,ShowDailyK_ChartFlow,FinMind_API_TaiwanStockPrice_2357,True,2026-09-22T15:40:28,2026-09-22T15:40:28,2026-09-22T15:40:28
2357,華碩,2021-10-14,333.5,-10.0,-2.91%,43.74,5.97,656.1,787.32,918.54,1049.76,1180.98,1312.2,ShowDailyK_ChartFlow,FinMind_API_TaiwanStockPrice_2357,True,2026-09-22T15:40:28,2026-09-22T15:40:28,2026-09-22T15:40:28
2357,華碩,2021-10-15,334.0,0.5,0.15%,43.74,5.98,656.1,787.32,918.54,1049.76,1180.98,1312.2,ShowDailyK_ChartFlow,FinMind_API_TaiwanStockPrice_2357,True,2026-09-22T15:40:28,2026-09-22T15:40:28,2026-09-22T15:40:28
2357,華碩,2021-10-18,335.5,1.5,0.45%,43.74,6.0,656.1,787.32,918.54,1049.76,1180.98,1312.2,ShowDailyK_ChartFlow,FinMind_API_TaiwanStockPrice_2357,True,2026-09-22T15:40:28,2026-09-22T15:40:28,2026-09-22T15:40:28
2357,華碩,2021-10-19,339.0,3.5,1.04%,43.74,6.07,656.1,787.32,918.54,1049.76,1180.98,1312.2,ShowDailyK_ChartFlow,FinMind_API_TaiwanStockPrice_2357,True,2026-09-22T15:40:28,2026-09-22T15:40:28,2026-09-22T15:40:28
2357,華碩,2021-10-20,344.5,5.5,1.62%,43.74,6.16,656.1,787.32,918.54,1049.76,1180.98,1312.2,ShowDailyK_ChartFlow,FinMind_API_TaiwanStockPrice_2357,True,2026-09-22T15:40:28,2026-09-22T15:40:28,2026-09-22T15:40:28
2357,華碩,2021-10-21,349.0,4.5,1.31%,43.74,6.24,656.1,787.32,918.54,1049.76,1180.98,1312.2,ShowDailyK_ChartFlow,FinMind_API_TaiwanStockPrice_2357,True,2026-09-22T15:40:28,2026-09-22T15:40:28,2026-09-22T15:40:28
2357,華碩,2021-10-22,356.0,7.0,2.01%,43.74,6.37,656.1,787.32,918.54,1049.76,1180.98,1312.2,ShowDailyK_ChartFlow,FinMind_API_TaiwanStockPrice_2357,True,2026-09-22T15:40:28,2026-09-22T15:40:28,2026-09-22T15:40:28
2357,華碩,2021-10-25,353.0,-3.0,-0.84%,43.74,6.32,656.1,787.32,918.54,1049.76,1180.98,1312.2,ShowDailyK_ChartFlow,FinMind_API_TaiwanStockPrice_2357,True,2026-09-22T15:40:28,2026-09-22T15:40:28,2026-09-22T15:40:28
2357,華碩,2021-10-26,356.5,3.5,0.99%,43.74,6.38,656.1,787.32,918.54,1049.76,1180.98,1312.2,ShowDailyK_ChartFlow,FinMind_API_TaiwanStockPrice_2357,True,2026-09-22T15:40:28,2026-09-22T15:40:28,2026-09-22T15:40:28
2357,華碩,2021-10-27,357.5,1.0,0.28%,43.74,6.4,656.1,787.32,918.54,1049.76,1180.98,1312.2,ShowDailyK_ChartFlow,FinMind_API_TaiwanStockPrice_2357,True,2026-09-22T15:40:28,2026-09-22T15:40:28,2026-09-22T15:40:28
2357,華碩,2021-10-28,354.0,-3.5,-0.98%,43.74,6.33,656.1,787.32,918.54,1049.76,1180.98,1312.2,ShowDailyK_ChartFlow,FinMind_API_TaiwanStockPrice_2357,True,2026-09-22T15:40:28,2026-09-22T15:40:28,2026-09-22T15:40:28
2357,華碩,2021-10-29,353.0,-1.0,-0.28%,43.74,6.32,656.1,787.32,918.54,1049.76,1180.98,1312.2,ShowDailyK_ChartFlow,FinMind_API_TaiwanStockPrice_2357,True,2026-09-22T15:40:28,2026-09-22T15:40:28,2026-09-22T15:40:28
2357,華碩,2021-11-01,355.0,2.0,0.57%,43.74,6.35,656.1,787.32,918.54,1049.76,1180.98,1312.2,ShowDailyK_ChartFlow,FinMind_API_TaiwanStockPrice_2357,True,2026-09-22T15:40:28,2026-09-22T15:40:28,2026-09-22T15:40:28
2357,華碩,2021-11-02,356.0,1.0,0.28%,43.74,6.37,656.1,787.32,918.54,1049.76,1180.98,1312.2,ShowDailyK_ChartFlow,FinMind_API_TaiwanStockPrice_2357,True,2026-09-22T15:40:28,2026-09-22T15:40:28,2026-09-22T15:40:28
2357,華碩,2021-11-03,356.0,0.0,0.00%,43.74,6.37,656.1,787.32,918.54,1049.76,1180.98,1312.2,ShowDailyK_ChartFlow,FinMind_API_TaiwanStockPrice_2357,True,2026-09-22T15:40:28,2026-09-22T15:40:28,2026-09-22T15:40:28
2357,華碩,2021-11-04,359.0,3.0,0.84%,43.74,6.42,656.1,787.32,918.54,1049.76,1180.98,1312.2,ShowDailyK_ChartFlow,FinMind_API_TaiwanStockPrice_2357,True,2026-09-22T15:40:28,2026-09-22T15:40:28,2026-09-22T15:40:28
2357,華碩,2021-11-05,364.5,5.5,1.53%,43.74,6.52,656.1,787.32,918.54,1049.76,1180.98,1312.2,ShowDailyK_ChartFlow,FinMind_API_TaiwanStockPrice_2357,True,2026-09-22T15:40:28,2026-09-22T15:40:28,2026-09-22T15:40:28
2357,華碩,2021-11-08,371.5,7.0,1.92%,43.74,6.65,656.1,787.32,918.54,1049.76,1180.98,1312.2,ShowDailyK_ChartFlow,FinMind_API_TaiwanStockPrice_2357,True,2026-09-22T15:40:28,2026-09-22T15:40:28,2026-09-22T15:40:28
2357,華碩,2021-11-09,375.5,4.0,1.08%,43.74,6.72,656.1,787.32,918.54,1049.76,1180.98,1312.2,ShowDailyK_ChartFlow,FinMind_API_TaiwanStockPrice_2357,True,2026-09-22T15:40:28,2026-09-22T15:40:28,2026-09-22T15:40:28
2357,華碩,2021-11-10,377.5,2.0,0.53%,43.74,6.75,656.1,787.32,918.54,1049.76,1180.98,1312.2,ShowDailyK_ChartFlow,FinMind_API_TaiwanStockPrice_2357,True,2026-09-22T15:40:28,2026-09-22T15:40:28,2026-09-22T15:40:28
2357,華碩,2021-11-11,365.0,-12.5,-3.31%,43.74,6.4,656.1,787.32,918.54,1049.76,1180.98,1312.2,ShowDailyK_ChartFlow,FinMind_API_TaiwanStockPrice_2357,True,2026-09-22T15:40:28,2026-09-22T15:40:28,2026-09-22T15:40:28
2357,華碩,2021-11-12,360.0,-5.0,-1.37%,43.74,6.32,656.1,787.32,918.54,1049.76,1180.98,1312.2,ShowDailyK_ChartFlow,FinMind_API_TaiwanStockPrice_2357,True,2026-09-22T15:40:28,2026-09-22T15:40:28,2026-09-22T15:40:28
2357,華碩,2021-11-15,359.0,-1.0,-0.28%,43.74,6.3,656.1,787.32,918.54,1049.76,1180.98,1312.2,ShowDailyK_ChartFlow,FinMind_API_TaiwanStockPrice_2357,True,2026-09-22T15:40:28,2026-09-22T15:40:28,2026-09-22T15:40:28
2357,華碩,2021-11-16,354.5,-4.5,-1.25%,43.74,6.22,656.1,787.32,918.54,1049.76,1180.98,1312.2,ShowDailyK_ChartFlow,FinMind_API_TaiwanStockPrice_2357,True,2026-09-22T15:40:28,2026-09-22T15:40:28,2026-09-22T15:40:28
2357,華碩,2021-11-17,357.5,3.0,0.85%,43.74,6.27,656.1,787.32,918.54,1049.76,1180.98,1312.2,ShowDailyK_ChartFlow,FinMind_API_TaiwanStockPrice_2357,True,2026-09-22T15:40:28,2026-09-22T15:40:28,2026-09-22T15:40:28
2357,華碩,2021-11-18,359.5,2.0,0.56%,43.74,6.31,656.1,787.32,918.54,1049.76,1180.98,1312.2,ShowDailyK_ChartFlow,FinMind_API_TaiwanStockPrice_2357,True,2026-09-22T15:40:28,2026-09-22T15:40:28,2026-09-22T15:40:28
2357,華碩,2021-11-19,360.5,1.0,0.28%,43.74,6.32,656.1,787.32,918.54,1049.76,1180.98,1312.2,ShowDailyK_ChartFlow,FinMind_API_TaiwanStockPrice_2357,True,2026-09-22T15:40:28,2026-09-22T15:40:28,2026-09-22T15:40:28
2357,華碩,2021-11-22,356.0,-4.5,-1.25%,43.74,6.25,656.1,787.32,918.54,1049.76,1180.98,1312.2,ShowDailyK_ChartFlow,FinMind_API_TaiwanStockPrice_2357,True,2026-09-22T15:40:28,2026-09-22T15:40:28,2026-09-22T15:40:28
2357,華碩,2021-11-23,352.5,-3.5,-0.98%,43.74,6.18,656.1,787.32,918.54,1049.76,1180.98,1312.2,ShowDailyK_ChartFlow,FinMind_API_TaiwanStockPrice_2357,True,2026-09-22T15:40:28,2026-09-22T15:40:28,2026-09-22T15:40:28
2357,華碩,2021-11-24,355.0,2.5,0.71%,43.74,6.23,656.1,787.32,918.54,1049.76,1180.98,1312.2,ShowDailyK_ChartFlow,FinMind_API_TaiwanStockPrice_2357,True,2026-09-22T15:40:28,2026-09-22T15:40:28,2026-09-22T15:40:28
2357,華碩,2021-11-25,361.0,6.0,1.69%,43.74,6.33,656.1,787.32,918.54,1049.76,1180.98,1312.2,ShowDailyK_ChartFlow,FinMind_API_TaiwanStockPrice_2357,True,2026-09-22T15:40:28,2026-09-22T15:40:28,2026-09-22T15:40:28
2357,華碩,2021-11-26,356.0,-5.0,-1.39%,43.74,6.25,656.1,787.32,918.54,1049.76,1180.98,1312.2,ShowDailyK_ChartFlow,FinMind_API_TaiwanStockPrice_2357,True,2026-09-22T15:40:28,2026-09-22T15:40:28,2026-09-22T15:40:28
2357,華碩,2021-11-29,355.5,-0.5,-0.14%,43.74,6.24,656.1,787.32,918.54,1049.76,1180.98,1312.2,ShowDailyK_ChartFlow,FinMind_API_TaiwanStockPrice_2357,True,2026-09-22T15:40:28,2026-09-22T15:40:28,2026-09-22T15:40:28
2357,華碩,2021-11-30,352.5,-3.0,-0.84%,43.74,6.18,656.1,787.32,918.54,1049.76,1180.98,1312.2,ShowDailyK_ChartFlow,FinMind_API_TaiwanStockPrice_2357,True,2026-09-22T15:40:28,2026-09-22T15:40:28,2026-09-22T15:40:28
2357,華碩,2021-12-01,360.0,7.5,2.13%,43.74,6.32,656.1,787.32,918.54,1049.76,1180.98,1312.2,ShowDailyK_ChartFlow,FinMind_API_TaiwanStockPrice_2357,True,2026-09-22T15:40:28,2026-09-22T15:40:28,2026-09-22T15:40:28
2357,華碩,2021-12-02,363.5,3.5,0.97%,43.74,6.38,656.1,787.32,918.54,1049.76,1180.98,1312.2,ShowDailyK_ChartFlow,FinMind_API_TaiwanStockPrice_2357,True,2026-09-22T15:40:28,2026-09-22T15:40:28,2026-09-22T15:40:28
2357,華碩,2021-12-03,365.5,2.0,0.55%,43.74,6.41,656.1,787.32,918.54,1049.76,1180.98,1312.2,ShowDailyK_ChartFlow,FinMind_API_TaiwanStockPrice_2357,True,2026-09-22T15:40:28,2026-09-22T15:40:28,2026-09-22T15:40:28
2357,華碩,2021-12-06,365.0,-0.5,-0.14%,43.74,6.4,656.1,787.32,918.54,1049.76,1180.98,1312.2,ShowDailyK_ChartFlow,FinMind_API_TaiwanStockPrice_2357,True,2026-09-22T15:40:28,2026-09-22T15:40:28,2026-09-22T15:40:28
2357,華碩,2021-12-07,366.5,1.5,0.41%,43.74,6.43,656.1,787.32,918.54,1049.76,1180.98,1312.2,ShowDailyK_ChartFlow,FinMind_API_TaiwanStockPrice_2357,True,2026-09-22T15:40:28,2026-09-22T15:40:28,2026-09-22T15:40:28
2357,華碩,2021-12-08,360.0,-6.5,-1.77%,43.74,6.32,656.1,787.32,918.54,1049.76,1180.98,1312.2,ShowDailyK_ChartFlow,FinMind_API_TaiwanStockPrice_2357,True,2026-09-22T15:40:28,2026-09-22T15:40:28,2026-09-22T15:40:28
2357,華碩,2021-12-09,367.0,7.0,1.94%,43.74,6.44,656.1,787.32,918.54,1049.76,1180.98,1312.2,ShowDailyK_ChartFlow,FinMind_API_TaiwanStockPrice_2357,True,2026-09-22T15:40:28,2026-09-22T15:40:28,2026-09-22T15:40:28
2357,華碩,2021-12-10,368.0,1.0,0.27%,43.74,6.46,656.1,787.32,918.54,1049.76,1180.98,1312.2,ShowDailyK_ChartFlow,FinMind_API_TaiwanStockPrice_2357,True,2026-09-22T15:40:28,2026-09-22T15:40:28,2026-09-22T15:40:28
2357,華碩,2021-12-13,366.5,-1.5,-0.41%,43.74,6.43,656.1,787.32,918.54,1049.76,1180.98,1312.2,ShowDailyK_ChartFlow,FinMind_API_TaiwanStockPrice_2357,True,2026-09-22T15:40:28,2026-09-22T15:40:28,2026-09-22T15:40:28
2357,華碩,2021-12-14,366.5,0.0,0.00%,43.74,6.43,656.1,787.32,918.54,1049.76,1180.98,1312.2,ShowDailyK_ChartFlow,FinMind_API_TaiwanStockPrice_2357,True,2026-09-22T15:40:28,2026-09-22T15:40:28,2026-09-22T15:40:28
2357,華碩,2021-12-15,364.5,-2.0,-0.55%,43.74,6.39,656.1,787.32,918.54,1049.76,1180.98,1312.2,ShowDailyK_ChartFlow,FinMind_API_TaiwanStockPrice_2357,True,2026-09-22T15:40:28,2026-09-22T15:40:28,2026-09-22T15:40:28
2357,華碩,2021-12-16,367.0,2.5,0.69%,43.74,6.44,656.1,787.32,918.54,1049.76,1180.98,1312.2,ShowDailyK_ChartFlow,FinMind_API_TaiwanStockPrice_2357,True,2026-09-22T15:40:28,2026-09-22T15:40:28,2026-09-22T15:40:28
2357,華碩,2021-12-17,366.5,-0.5,-0.14%,43.74,6.43,656.1,787.32,918.54,1049.76,1180.98,1312.2,ShowDailyK_ChartFlow,FinMind_API_TaiwanStockPrice_2357,True,2026-09-22T15:40:28,2026-09-22T15:40:28,2026-09-22T15:40:28
2357,華碩,2021-12-20,367.0,0.5,0.14%,43.74,6.44,656.1,787.32,918.54,1049.76,1180.98,1312.2,ShowDailyK_ChartFlow,FinMind_API_TaiwanStockPrice_2357,True,2026-09-22T15:40:28,2026-09-22T15:40:28,2026-09-22T15:40:28
2357,華碩,2021-12-21,370.5,3.5,0.95%,43.74,6.5,656.1,787.32,918.54,1049.76,1180.98,1312.2,ShowDailyK_ChartFlow,FinMind_API_TaiwanStockPrice_2357,True,2026-09-22T15:40:28,2026-09-22T15:40:28,2026-09-22T15:40:28
2357,華碩,2021-12-22,370.0,-0.5,-0.13%,43.74,6.49,656.1,787.32,918.54,1049.76,1180.98,1312.2,ShowDailyK_ChartFlow,FinMind_API_TaiwanStockPrice_2357,True,2026-09-22T15:40:28,2026-09-22T15:40:28,2026-09-22T15:40:28
2357,華碩,2021-12-23,371.0,1.0,0.27%,43.74,6.51,656.1,787.32,918.54,1049.76,1180.98,1312.2,ShowDailyK_ChartFlow,FinMind_API_TaiwanStockPrice_2357,True,2026-09-22T15:40:28,2026-09-22T15:40:28,2026-09-22T15:40:28
2357,華碩,2021-12-24,370.0,-1.0,-0.27%,43.74,6.49,656.1,787.32,918.54,1049.76,1180.98,1312.2,ShowDailyK_ChartFlow,FinMind_API_TaiwanStockPrice_2357,True,2026-09-22T15:40:28,2026-09-22T15:40:28,2026-09-22T15:40:28
2357,華碩,2021-12-27,372.5,2.5,0.68%,43.74,6.54,656.1,787.32,918.54,1049.76,1180.98,1312.2,ShowDailyK_ChartFlow,FinMind_API_TaiwanStockPrice_2357,True,2026-09-22T15:40:28,2026-09-22T15:40:28,2026-09-22T15:40:28
2357,華碩,2021-12-28,373.5,1.0,0.27%,43.74,6.55,656.1,787.32,918.54,1049.76,1180.98,1312.2,ShowDailyK_ChartFlow,FinMind_API_TaiwanStockPrice_2357,True,2026-09-22T15:40:28,2026-09-22T15:40:28,2026-09-22T15:40:28
2357,華碩,2021-12-29,373.5,0.0,0.00%,43.74,6.55,656.1,787.32,918.54,1049.76,1180.98,1312.2,ShowDailyK_ChartFlow,FinMind_API_TaiwanStockPrice_2357,True,2026-09-22T15:40:28,2026-09-22T15:40:28,2026-09-22T15:40:28
2357,華碩,2021-12-30,376.0,2.5,0.67%,43.74,6.6,656.1,787.32,918.54,1049.76,1180.98,1312.2,ShowDailyK_ChartFlow,FinMind_API_TaiwanStockPrice_2357,True,2026-09-22T15:40:28,2026-09-22T15:40:28,2026-09-22T15:40:28
2357,華碩,2022-01-03,373.5,-2.5,-0.66%,59.98,6.55,899.7,1079.64,1259.58,1439.52,1619.46,1799.4,ShowDailyK_ChartFlow,FinMind_API_TaiwanStockPrice_2357,True,2026-09-22T15:40:28,2026-09-22T15:40:28,2026-09-22T15:40:28
2357,華碩,2022-01-04,377.0,3.5,0.94%,59.98,6.61,899.7,1079.64,1259.58,1439.52,1619.46,1799.4,ShowDailyK_ChartFlow,FinMind_API_TaiwanStockPrice_2357,True,2026-09-22T15:40:28,2026-09-22T15:40:28,2026-09-22T15:40:28
2357,華碩,2022-01-05,380.5,3.5,0.93%,59.98,6.68,899.7,1079.64,1259.58,1439.52,1619.46,1799.4,ShowDailyK_ChartFlow,FinMind_API_TaiwanStockPrice_2357,True,2026-09-22T15:40:28,2026-09-22T15:40:28,2026-09-22T15:40:28
2357,華碩,2022-01-06,380.0,-0.5,-0.13%,59.98,6.67,899.7,1079.64,1259.58,1439.52,1619.46,1799.4,ShowDailyK_ChartFlow,FinMind_API_TaiwanStockPrice_2357,True,2026-09-22T15:40:28,2026-09-22T15:40:28,2026-09-22T15:40:28
2357,華碩,2022-01-07,377.5,-2.5,-0.66%,59.98,6.62,899.7,1079.64,1259.58,1439.52,1619.46,1799.4,ShowDailyK_ChartFlow,FinMind_API_TaiwanStockPrice_2357,True,2026-09-22T15:40:28,2026-09-22T15:40:28,2026-09-22T15:40:28
2357,華碩,2022-01-10,378.5,1.0,0.26%,59.98,6.64,899.7,1079.64,1259.58,1439.52,1619.46,1799.4,ShowDailyK_ChartFlow,FinMind_API_TaiwanStockPrice_2357,True,2026-09-22T15:40:28,2026-09-22T15:40:28,2026-09-22T15:40:28
2357,華碩,2022-01-11,378.0,-0.5,-0.13%,59.98,6.63,899.7,1079.64,1259.58,1439.52,1619.46,1799.4,ShowDailyK_ChartFlow,FinMind_API_TaiwanStockPrice_2357,True,2026-09-22T15:40:28,2026-09-22T15:40:28,2026-09-22T15:40:28
2357,華碩,2022-01-12,378.0,0.0,0.00%,59.98,6.63,899.7,1079.64,1259.58,1439.52,1619.46,1799.4,ShowDailyK_ChartFlow,FinMind_API_TaiwanStockPrice_2357,True,2026-09-22T15:40:28,2026-09-22T15:40:28,2026-09-22T15:40:28
2357,華碩,2022-01-13,378.0,0.0,0.00%,59.98,6.63,899.7,1079.64,1259.58,1439.52,1619.46,1799.4,ShowDailyK_ChartFlow,FinMind_API_TaiwanStockPrice_2357,True,2026-09-22T15:40:28,2026-09-22T15:40:28,2026-09-22T15:40:28
2357,華碩,2022-01-14,377.5,-0.5,-0.13%,59.98,6.62,899.7,1079.64,1259.58,1439.52,1619.46,1799.4,ShowDailyK_ChartFlow,FinMind_API_TaiwanStockPrice_2357,True,2026-09-22T15:40:28,2026-09-22T15:40:28,2026-09-22T15:40:28
2357,華碩,2022-01-17,378.0,0.5,0.13%,59.98,6.63,899.7,1079.64,1259.58,1439.52,1619.46,1799.4,ShowDailyK_ChartFlow,FinMind_API_TaiwanStockPrice_2357,True,2026-09-22T15:40:28,2026-09-22T15:40:28,2026-09-22T15:40:28
2357,華碩,2022-01-18,380.0,2.0,0.53%,59.98,6.67,899.7,1079.64,1259.58,1439.52,1619.46,1799.4,ShowDailyK_ChartFlow,FinMind_API_TaiwanStockPrice_2357,True,2026-09-22T15:40:28,2026-09-22T15:40:28,2026-09-22T15:40:28
2357,華碩,2022-01-19,378.0,-2.0,-0.53%,59.98,6.63,899.7,1079.64,1259.58,1439.52,1619.46,1799.4,ShowDailyK_ChartFlow,FinMind_API_TaiwanStockPrice_2357,True,2026-09-22T15:40:28,2026-09-22T15:40:28,2026-09-22T15:40:28
2357,華碩,2022-01-20,378.5,0.5,0.13%,59.98,6.64,899.7,1079.64,1259.58,1439.52,1619.46,1799.4,ShowDailyK_ChartFlow,FinMind_API_TaiwanStockPrice_2357,True,2026-09-22T15:40:28,2026-09-22T15:40:28,2026-09-22T15:40:28
2357,華碩,2022-01-21,377.0,-1.5,-0.40%,59.98,6.61,899.7,1079.64,1259.58,1439.52,1619.46,1799.4,ShowDailyK_ChartFlow,FinMind_API_TaiwanStockPrice_2357,True,2026-09-22T15:40:28,2026-09-22T15:40:28,2026-09-22T15:40:28
2357,華碩,2022-01-24,364.5,-12.5,-3.32%,59.98,6.39,899.7,1079.64,1259.58,1439.52,1619.46,1799.4,ShowDailyK_ChartFlow,FinMind_API_TaiwanStockPrice_2357,True,2026-09-22T15:40:28,2026-09-22T15:40:28,2026-09-22T15:40:28
2357,華碩,2022-01-25,360.0,-4.5,-1.23%,59.98,6.32,899.7,1079.64,1259.58,1439.52,1619.46,1799.4,ShowDailyK_ChartFlow,FinMind_API_TaiwanStockPrice_2357,True,2026-09-22T15:40:28,2026-09-22T15:40:28,2026-09-22T15:40:28
2357,華碩,2022-01-26,359.5,-0.5,-0.14%,59.98,6.31,899.7,1079.64,1259.58,1439.52,1619.46,1799.4,ShowDailyK_ChartFlow,FinMind_API_TaiwanStockPrice_2357,True,2026-09-22T15:40:28,2026-09-22T15:40:28,2026-09-22T15:40:28
2357,華碩,2022-02-07,364.0,4.5,1.25%,59.98,6.39,899.7,1079.64,1259.58,1439.52,1619.46,1799.4,ShowDailyK_ChartFlow,FinMind_API_TaiwanStockPrice_2357,True,2026-09-22T15:40:28,2026-09-22T15:40:28,2026-09-22T15:40:28
2357,華碩,2022-02-08,363.5,-0.5,-0.14%,59.98,6.38,899.7,1079.64,1259.58,1439.52,1619.46,1799.4,ShowDailyK_ChartFlow,FinMind_API_TaiwanStockPrice_2357,True,2026-09-22T15:40:28,2026-09-22T15:40:28,2026-09-22T15:40:28
2357,華碩,2022-02-09,366.0,2.5,0.69%,59.98,6.42,899.7,1079.64,1259.58,1439.52,1619.46,1799.4,ShowDailyK_ChartFlow,FinMind_API_TaiwanStockPrice_2357,True,2026-09-22T15:40:28,2026-09-22T15:40:28,2026-09-22T15:40:28
2357,華碩,2022-02-10,370.0,4.0,1.09%,59.98,6.49,899.7,1079.64,1259.58,1439.52,1619.46,1799.4,ShowDailyK_ChartFlow,FinMind_API_TaiwanStockPrice_2357,True,2026-09-22T15:40:28,2026-09-22T15:40:28,2026-09-22T15:40:28
2357,華碩,2022-02-11,367.5,-2.5,-0.68%,59.98,6.45,899.7,1079.64,1259.58,1439.52,1619.46,1799.4,ShowDailyK_ChartFlow,FinMind_API_TaiwanStockPrice_2357,True,2026-09-22T15:40:28,2026-09-22T15:40:28,2026-09-22T15:40:28
2357,華碩,2022-02-14,363.0,-4.5,-1.22%,59.98,6.37,899.7,1079.64,1259.58,1439.52,1619.46,1799.4,ShowDailyK_ChartFlow,FinMind_API_TaiwanStockPrice_2357,True,2026-09-22T15:40:28,2026-09-22T15:40:28,2026-09-22T15:40:28
2357,華碩,2022-02-15,362.5,-0.5,-0.14%,59.98,6.36,899.7,1079.64,1259.58,1439.52,1619.46,1799.4,ShowDailyK_ChartFlow,FinMind_API_TaiwanStockPrice_2357,True,2026-09-22T15:40:28,2026-09-22T15:40:28,2026-09-22T15:40:28
2357,華碩,2022-02-16,369.0,6.5,1.79%,59.98,6.47,899.7,1079.64,1259.58,1439.52,1619.46,1799.4,ShowDailyK_ChartFlow,FinMind_API_TaiwanStockPrice_2357,True,2026-09-22T15:40:28,2026-09-22T15:40:28,2026-09-22T15:40:28
2357,華碩,2022-02-17,371.5,2.5,0.68%,59.98,6.52,899.7,1079.64,1259.58,1439.52,1619.46,1799.4,ShowDailyK_ChartFlow,FinMind_API_TaiwanStockPrice_2357,True,2026-09-22T15:40:28,2026-09-22T15:40:28,2026-09-22T15:40:28
2357,華碩,2022-02-18,372.0,0.5,0.13%,59.98,6.53,899.7,1079.64,1259.58,1439.52,1619.46,1799.4,ShowDailyK_ChartFlow,FinMind_API_TaiwanStockPrice_2357,True,2026-09-22T15:40:28,2026-09-22T15:40:28,2026-09-22T15:40:28
2357,華碩,2022-02-21,378.5,6.5,1.75%,59.98,6.64,899.7,1079.64,1259.58,1439.52,1619.46,1799.4,ShowDailyK_ChartFlow,FinMind_API_TaiwanStockPrice_2357,True,2026-09-22T15:40:28,2026-09-22T15:40:28,2026-09-22T15:40:28
2357,華碩,2022-02-22,377.5,-1.0,-0.26%,59.98,6.62,899.7,1079.64,1259.58,1439.52,1619.46,1799.4,ShowDailyK_ChartFlow,FinMind_API_TaiwanStockPrice_2357,True,2026-09-22T15:40:28,2026-09-22T15:40:28,2026-09-22T15:40:28
2357,華碩,2022-02-23,377.5,0.0,0.00%,59.98,6.62,899.7,1079.64,1259.58,1439.52,1619.46,1799.4,ShowDailyK_ChartFlow,FinMind_API_TaiwanStockPrice_2357,True,2026-09-22T15:40:28,2026-09-22T15:40:28,2026-09-22T15:40:28
2357,華碩,2022-02-24,371.0,-6.5,-1.72%,59.98,6.51,899.7,1079.64,1259.58,1439.52,1619.46,1799.4,ShowDailyK_ChartFlow,FinMind_API_TaiwanStockPrice_2357,True,2026-09-22T15:40:28,2026-09-22T15:40:28,2026-09-22T15:40:28
2357,華碩,2022-02-25,371.5,0.5,0.13%,59.98,6.52,899.7,1079.64,1259.58,1439.52,1619.46,1799.4,ShowDailyK_ChartFlow,FinMind_API_TaiwanStockPrice_2357,True,2026-09-22T15:40:28,2026-09-22T15:40:28,2026-09-22T15:40:28
2357,華碩,2022-03-01,373.5,2.0,0.54%,59.98,6.55,899.7,1079.64,1259.58,1439.52,1619.46,1799.4,ShowDailyK_ChartFlow,FinMind_API_TaiwanStockPrice_2357,True,2026-09-22T15:40:28,2026-09-22T15:40:28,2026-09-22T15:40:28
2357,華碩,2022-03-02,373.0,-0.5,-0.13%,59.98,6.54,899.7,1079.64,1259.58,1439.52,1619.46,1799.4,ShowDailyK_ChartFlow,FinMind_API_TaiwanStockPrice_2357,True,2026-09-22T15:40:28,2026-09-22T15:40:28,2026-09-22T15:40:28
2357,華碩,2022-03-03,380.0,7.0,1.88%,59.98,6.67,899.7,1079.64,1259.58,1439.52,1619.46,1799.4,ShowDailyK_ChartFlow,FinMind_API_TaiwanStockPrice_2357,True,2026-09-22T15:40:28,2026-09-22T15:40:28,2026-09-22T15:40:28
2357,華碩,2022-03-04,376.0,-4.0,-1.05%,59.98,6.6,899.7,1079.64,1259.58,1439.52,1619.46,1799.4,ShowDailyK_ChartFlow,FinMind_API_TaiwanStockPrice_2357,True,2026-09-22T15:40:28,2026-09-22T15:40:28,2026-09-22T15:40:28
2357,華碩,2022-03-07,364.0,-12.0,-3.19%,59.98,6.39,899.7,1079.64,1259.58,1439.52,1619.46,1799.4,ShowDailyK_ChartFlow,FinMind_API_TaiwanStockPrice_2357,True,2026-09-22T15:40:28,2026-09-22T15:40:28,2026-09-22T15:40:28
2357,華碩,2022-03-08,358.5,-5.5,-1.51%,59.98,6.29,899.7,1079.64,1259.58,1439.52,1619.46,1799.4,ShowDailyK_ChartFlow,FinMind_API_TaiwanStockPrice_2357,True,2026-09-22T15:40:28,2026-09-22T15:40:28,2026-09-22T15:40:28
2357,華碩,2022-03-09,360.0,1.5,0.42%,59.98,6.32,899.7,1079.64,1259.58,1439.52,1619.46,1799.4,ShowDailyK_ChartFlow,FinMind_API_TaiwanStockPrice_2357,True,2026-09-22T15:40:28,2026-09-22T15:40:28,2026-09-22T15:40:28
2357,華碩,2022-03-10,366.5,6.5,1.81%,59.98,6.43,899.7,1079.64,1259.58,1439.52,1619.46,1799.4,ShowDailyK_ChartFlow,FinMind_API_TaiwanStockPrice_2357,True,2026-09-22T15:40:28,2026-09-22T15:40:28,2026-09-22T15:40:28
2357,華碩,2022-03-11,371.5,5.0,1.36%,59.98,6.52,899.7,1079.64,1259.58,1439.52,1619.46,1799.4,ShowDailyK_ChartFlow,FinMind_API_TaiwanStockPrice_2357,True,2026-09-22T15:40:28,2026-09-22T15:40:28,2026-09-22T15:40:28
2357,華碩,2022-03-14,369.5,-2.0,-0.54%,59.98,6.48,899.7,1079.64,1259.58,1439.52,1619.46,1799.4,ShowDailyK_ChartFlow,FinMind_API_TaiwanStockPrice_2357,True,2026-09-22T15:40:28,2026-09-22T15:40:28,2026-09-22T15:40:28
2357,華碩,2022-03-15,368.0,-1.5,-0.41%,59.98,6.46,899.7,1079.64,1259.58,1439.52,1619.46,1799.4,ShowDailyK_ChartFlow,FinMind_API_TaiwanStockPrice_2357,True,2026-09-22T15:40:28,2026-09-22T15:40:28,2026-09-22T15:40:28
2357,華碩,2022-03-16,379.0,11.0,2.99%,59.98,6.65,899.7,1079.64,1259.58,1439.52,1619.46,1799.4,ShowDailyK_ChartFlow,FinMind_API_TaiwanStockPrice_2357,True,2026-09-22T15:40:28,2026-09-22T15:40:28,2026-09-22T15:40:28
2357,華碩,2022-03-17,377.0,-2.0,-0.53%,59.98,6.29,899.7,1079.64,1259.58,1439.52,1619.46,1799.4,ShowDailyK_ChartFlow,FinMind_API_TaiwanStockPrice_2357,True,2026-09-22T15:40:28,2026-09-22T15:40:28,2026-09-22T15:40:28
2357,華碩,2022-03-18,372.5,-4.5,-1.19%,59.98,6.21,899.7,1079.64,1259.58,1439.52,1619.46,1799.4,ShowDailyK_ChartFlow,FinMind_API_TaiwanStockPrice_2357,True,2026-09-22T15:40:28,2026-09-22T15:40:28,2026-09-22T15:40:28
2357,華碩,2022-03-21,374.5,2.0,0.54%,59.98,6.24,899.7,1079.64,1259.58,1439.52,1619.46,1799.4,ShowDailyK_ChartFlow,FinMind_API_TaiwanStockPrice_2357,True,2026-09-22T15:40:28,2026-09-22T15:40:28,2026-09-22T15:40:28
2357,華碩,2022-03-22,372.0,-2.5,-0.67%,59.98,6.2,899.7,1079.64,1259.58,1439.52,1619.46,1799.4,ShowDailyK_ChartFlow,FinMind_API_TaiwanStockPrice_2357,True,2026-09-22T15:40:28,2026-09-22T15:40:28,2026-09-22T15:40:28
2357,華碩,2022-03-23,372.5,0.5,0.13%,59.98,6.21,899.7,1079.64,1259.58,1439.52,1619.46,1799.4,ShowDailyK_ChartFlow,FinMind_API_TaiwanStockPrice_2357,True,2026-09-22T15:40:28,2026-09-22T15:40:28,2026-09-22T15:40:28
2357,華碩,2022-03-24,373.0,0.5,0.13%,59.98,6.22,899.7,1079.64,1259.58,1439.52,1619.46,1799.4,ShowDailyK_ChartFlow,FinMind_API_TaiwanStockPrice_2357,True,2026-09-22T15:40:28,2026-09-22T15:40:28,2026-09-22T15:40:28
2357,華碩,2022-03-25,374.0,1.0,0.27%,59.98,6.24,899.7,1079.64,1259.58,1439.52,1619.46,1799.4,ShowDailyK_ChartFlow,FinMind_API_TaiwanStockPrice_2357,True,2026-09-22T15:40:28,2026-09-22T15:40:28,2026-09-22T15:40:28
2357,華碩,2022-03-28,378.0,4.0,1.07%,59.98,6.3,899.7,1079.64,1259.58,1439.52,1619.46,1799.4,ShowDailyK_ChartFlow,FinMind_API_TaiwanStockPrice_2357,True,2026-09-22T15:40:28,2026-09-22T15:40:28,2026-09-22T15:40:28
2357,華碩,2022-03-29,376.0,-2.0,-0.53%,59.98,6.27,899.7,1079.64,1259.58,1439.52,1619.46,1799.4,ShowDailyK_ChartFlow,FinMind_API_TaiwanStockPrice_2357,True,2026-09-22T15:40:28,2026-09-22T15:40:28,2026-09-22T15:40:28
2357,華碩,2022-03-30,375.5,-0.5,-0.13%,59.98,6.26,899.7,1079.64,1259.58,1439.52,1619.46,1799.4,ShowDailyK_ChartFlow,FinMind_API_TaiwanStockPrice_2357,True,2026-09-22T15:40:28,2026-09-22T15:40:28,2026-09-22T15:40:28
2357,華碩,2022-03-31,373.5,-2.0,-0.53%,60.839999999999996,6.23,912.6,1095.12,1277.64,1460.16,1642.68,1825.2,ShowDailyK_ChartFlow,FinMind_API_TaiwanStockPrice_2357,True,2026-09-22T15:40:28,2026-09-22T15:40:28,2026-09-22T15:40:28
2357,華碩,2022-04-01,373.5,0.0,0.00%,60.839999999999996,6.23,912.6,1095.12,1277.64,1460.16,1642.68,1825.2,ShowDailyK_ChartFlow,FinMind_API_TaiwanStockPrice_2357,True,2026-09-22T15:40:28,2026-09-22T15:40:28,2026-09-22T15:40:28
2357,華碩,2022-04-06,367.5,-6.0,-1.61%,60.839999999999996,6.13,912.6,1095.12,1277.64,1460.16,1642.68,1825.2,ShowDailyK_ChartFlow,FinMind_API_TaiwanStockPrice_2357,True,2026-09-22T15:40:28,2026-09-22T15:40:28,2026-09-22T15:40:28
2357,華碩,2022-04-07,360.5,-7.0,-1.90%,60.839999999999996,6.01,912.6,1095.12,1277.64,1460.16,1642.68,1825.2,ShowDailyK_ChartFlow,FinMind_API_TaiwanStockPrice_2357,True,2026-09-22T15:40:28,2026-09-22T15:40:28,2026-09-22T15:40:28
2357,華碩,2022-04-08,364.5,4.0,1.11%,60.839999999999996,6.08,912.6,1095.12,1277.64,1460.16,1642.68,1825.2,ShowDailyK_ChartFlow,FinMind_API_TaiwanStockPrice_2357,True,2026-09-22T15:40:28,2026-09-22T15:40:28,2026-09-22T15:40:28
2357,華碩,2022-04-11,356.5,-8.0,-2.19%,60.839999999999996,5.94,912.6,1095.12,1277.64,1460.16,1642.68,1825.2,ShowDailyK_ChartFlow,FinMind_API_TaiwanStockPrice_2357,True,2026-09-22T15:40:28,2026-09-22T15:40:28,2026-09-22T15:40:28
2357,華碩,2022-04-12,349.0,-7.5,-2.10%,60.839999999999996,5.82,912.6,1095.12,1277.64,1460.16,1642.68,1825.2,ShowDailyK_ChartFlow,FinMind_API_TaiwanStockPrice_2357,True,2026-09-22T15:40:28,2026-09-22T15:40:28,2026-09-22T15:40:28
2357,華碩,2022-04-13,354.5,5.5,1.58%,60.839999999999996,5.91,912.6,1095.12,1277.64,1460.16,1642.68,1825.2,ShowDailyK_ChartFlow,FinMind_API_TaiwanStockPrice_2357,True,2026-09-22T15:40:28,2026-09-22T15:40:28,2026-09-22T15:40:28
2357,華碩,2022-04-14,357.0,2.5,0.71%,60.839999999999996,5.95,912.6,1095.12,1277.64,1460.16,1642.68,1825.2,ShowDailyK_ChartFlow,FinMind_API_TaiwanStockPrice_2357,True,2026-09-22T15:40:28,2026-09-22T15:40:28,2026-09-22T15:40:28
2357,華碩,2022-04-15,356.5,-0.5,-0.14%,60.839999999999996,5.94,912.6,1095.12,1277.64,1460.16,1642.68,1825.2,ShowDailyK_ChartFlow,FinMind_API_TaiwanStockPrice_2357,True,2026-09-22T15:40:28,2026-09-22T15:40:28,2026-09-22T15:40:28
2357,華碩,2022-04-18,355.0,-1.5,-0.42%,60.839999999999996,5.92,912.6,1095.12,1277.64,1460.16,1642.68,1825.2,ShowDailyK_ChartFlow,FinMind_API_TaiwanStockPrice_2357,True,2026-09-22T15:40:28,2026-09-22T15:40:28,2026-09-22T15:40:28
2357,華碩,2022-04-19,357.0,2.0,0.56%,60.839999999999996,5.95,912.6,1095.12,1277.64,1460.16,1642.68,1825.2,ShowDailyK_ChartFlow,FinMind_API_TaiwanStockPrice_2357,True,2026-09-22T15:40:28,2026-09-22T15:40:28,2026-09-22T15:40:28
2357,華碩,2022-04-20,359.5,2.5,0.70%,60.839999999999996,5.99,912.6,1095.12,1277.64,1460.16,1642.68,1825.2,ShowDailyK_ChartFlow,FinMind_API_TaiwanStockPrice_2357,True,2026-09-22T15:40:28,2026-09-22T15:40:28,2026-09-22T15:40:28
2357,華碩,2022-04-21,358.5,-1.0,-0.28%,60.839999999999996,5.98,912.6,1095.12,1277.64,1460.16,1642.68,1825.2,ShowDailyK_ChartFlow,FinMind_API_TaiwanStockPrice_2357,True,2026-09-22T15:40:28,2026-09-22T15:40:28,2026-09-22T15:40:28
2357,華碩,2022-04-22,363.0,4.5,1.26%,60.839999999999996,6.05,912.6,1095.12,1277.64,1460.16,1642.68,1825.2,ShowDailyK_ChartFlow,FinMind_API_TaiwanStockPrice_2357,True,2026-09-22T15:40:28,2026-09-22T15:40:28,2026-09-22T15:40:28
2357,華碩,2022-04-25,356.0,-7.0,-1.93%,60.839999999999996,5.94,912.6,1095.12,1277.64,1460.16,1642.68,1825.2,ShowDailyK_ChartFlow,FinMind_API_TaiwanStockPrice_2357,True,2026-09-22T15:40:28,2026-09-22T15:40:28,2026-09-22T15:40:28
2357,華碩,2022-04-26,358.0,2.0,0.56%,60.839999999999996,5.97,912.6,1095.12,1277.64,1460.16,1642.68,1825.2,ShowDailyK_ChartFlow,FinMind_API_TaiwanStockPrice_2357,True,2026-09-22T15:40:28,2026-09-22T15:40:28,2026-09-22T15:40:28
2357,華碩,2022-04-27,355.0,-3.0,-0.84%,60.839999999999996,5.92,912.6,1095.12,1277.64,1460.16,1642.68,1825.2,ShowDailyK_ChartFlow,FinMind_API_TaiwanStockPrice_2357,True,2026-09-22T15:40:28,2026-09-22T15:40:28,2026-09-22T15:40:28
2357,華碩,2022-04-28,356.5,1.5,0.42%,60.839999999999996,5.94,912.6,1095.12,1277.64,1460.16,1642.68,1825.2,ShowDailyK_ChartFlow,FinMind_API_TaiwanStockPrice_2357,True,2026-09-22T15:40:28,2026-09-22T15:40:28,2026-09-22T15:40:28
2357,華碩,2022-04-29,357.0,0.5,0.14%,60.839999999999996,5.95,912.6,1095.12,1277.64,1460.16,1642.68,1825.2,ShowDailyK_ChartFlow,FinMind_API_TaiwanStockPrice_2357,True,2026-09-22T15:40:28,2026-09-22T15:40:28,2026-09-22T15:40:28
2357,華碩,2022-05-03,362.0,5.0,1.40%,60.839999999999996,6.04,912.6,1095.12,1277.64,1460.16,1642.68,1825.2,ShowDailyK_ChartFlow,FinMind_API_TaiwanStockPrice_2357,True,2026-09-22T15:40:28,2026-09-22T15:40:28,2026-09-22T15:40:28
2357,華碩,2022-05-04,361.5,-0.5,-0.14%,60.839999999999996,6.03,912.6,1095.12,1277.64,1460.16,1642.68,1825.2,ShowDailyK_ChartFlow,FinMind_API_TaiwanStockPrice_2357,True,2026-09-22T15:40:28,2026-09-22T15:40:28,2026-09-22T15:40:28
2357,華碩,2022-05-05,366.0,4.5,1.24%,60.839999999999996,6.1,912.6,1095.12,1277.64,1460.16,1642.68,1825.2,ShowDailyK_ChartFlow,FinMind_API_TaiwanStockPrice_2357,True,2026-09-22T15:40:28,2026-09-22T15:40:28,2026-09-22T15:40:28
2357,華碩,2022-05-06,358.0,-8.0,-2.19%,60.839999999999996,5.97,912.6,1095.12,1277.64,1460.16,1642.68,1825.2,ShowDailyK_ChartFlow,FinMind_API_TaiwanStockPrice_2357,True,2026-09-22T15:40:28,2026-09-22T15:40:28,2026-09-22T15:40:28
2357,華碩,2022-05-09,356.5,-1.5,-0.42%,60.839999999999996,5.94,912.6,1095.12,1277.64,1460.16,1642.68,1825.2,ShowDailyK_ChartFlow,FinMind_API_TaiwanStockPrice_2357,True,2026-09-22T15:40:28,2026-09-22T15:40:28,2026-09-22T15:40:28
2357,華碩,2022-05-10,350.0,-6.5,-1.82%,60.839999999999996,5.84,912.6,1095.12,1277.64,1460.16,1642.68,1825.2,ShowDailyK_ChartFlow,FinMind_API_TaiwanStockPrice_2357,True,2026-09-22T15:40:28,2026-09-22T15:40:28,2026-09-22T15:40:28
2357,華碩,2022-05-11,349.5,-0.5,-0.14%,60.839999999999996,5.83,912.6,1095.12,1277.64,1460.16,1642.68,1825.2,ShowDailyK_ChartFlow,FinMind_API_TaiwanStockPrice_2357,True,2026-09-22T15:40:28,2026-09-22T15:40:28,2026-09-22T15:40:28
2357,華碩,2022-05-12,338.0,-11.5,-3.29%,60.839999999999996,5.56,912.6,1095.12,1277.64,1460.16,1642.68,1825.2,ShowDailyK_ChartFlow,FinMind_API_TaiwanStockPrice_2357,True,2026-09-22T15:40:28,2026-09-22T15:40:28,2026-09-22T15:40:28
2357,華碩,2022-05-13,332.5,-5.5,-1.63%,60.839999999999996,5.47,912.6,1095.12,1277.64,1460.16,1642.68,1825.2,ShowDailyK_ChartFlow,FinMind_API_TaiwanStockPrice_2357,True,2026-09-22T15:40:28,2026-09-22T15:40:28,2026-09-22T15:40:28
2357,華碩,2022-05-16,332.0,-0.5,-0.15%,60.839999999999996,5.46,912.6,1095.12,1277.64,1460.16,1642.68,1825.2,ShowDailyK_ChartFlow,FinMind_API_TaiwanStockPrice_2357,True,2026-09-22T15:40:28,2026-09-22T15:40:28,2026-09-22T15:40:28
2357,華碩,2022-05-17,332.5,0.5,0.15%,60.839999999999996,5.47,912.6,1095.12,1277.64,1460.16,1642.68,1825.2,ShowDailyK_ChartFlow,FinMind_API_TaiwanStockPrice_2357,True,2026-09-22T15:40:28,2026-09-22T15:40:28,2026-09-22T15:40:28
2357,華碩,2022-05-18,332.0,-0.5,-0.15%,60.839999999999996,5.46,912.6,1095.12,1277.64,1460.16,1642.68,1825.2,ShowDailyK_ChartFlow,FinMind_API_TaiwanStockPrice_2357,True,2026-09-22T15:40:28,2026-09-22T15:40:28,2026-09-22T15:40:28
2357,華碩,2022-05-19,325.0,-7.0,-2.11%,60.839999999999996,5.34,912.6,1095.12,1277.64,1460.16,1642.68,1825.2,ShowDailyK_ChartFlow,FinMind_API_TaiwanStockPrice_2357,True,2026-09-22T15:40:28,2026-09-22T15:40:28,2026-09-22T15:40:28
2357,華碩,2022-05-20,324.0,-1.0,-0.31%,60.839999999999996,5.33,912.6,1095.12,1277.64,1460.16,1642.68,1825.2,ShowDailyK_ChartFlow,FinMind_API_TaiwanStockPrice_2357,True,2026-09-22T15:40:28,2026-09-22T15:40:28,2026-09-22T15:40:28
2357,華碩,2022-05-23,323.5,-0.5,-0.15%,60.839999999999996,5.32,912.6,1095.12,1277.64,1460.16,1642.68,1825.2,ShowDailyK_ChartFlow,FinMind_API_TaiwanStockPrice_2357,True,2026-09-22T15:40:28,2026-09-22T15:40:28,2026-09-22T15:40:28
2357,華碩,2022-05-24,322.0,-1.5,-0.46%,60.839999999999996,5.29,912.6,1095.12,1277.64,1460.16,1642.68,1825.2,ShowDailyK_ChartFlow,FinMind_API_TaiwanStockPrice_2357,True,2026-09-22T15:40:28,2026-09-22T15:40:28,2026-09-22T15:40:28
2357,華碩,2022-05-25,327.0,5.0,1.55%,60.839999999999996,5.37,912.6,1095.12,1277.64,1460.16,1642.68,1825.2,ShowDailyK_ChartFlow,FinMind_API_TaiwanStockPrice_2357,True,2026-09-22T15:40:28,2026-09-22T15:40:28,2026-09-22T15:40:28
2357,華碩,2022-05-26,323.5,-3.5,-1.07%,60.839999999999996,5.32,912.6,1095.12,1277.64,1460.16,1642.68,1825.2,ShowDailyK_ChartFlow,FinMind_API_TaiwanStockPrice_2357,True,2026-09-22T15:40:28,2026-09-22T15:40:28,2026-09-22T15:40:28
2357,華碩,2022-05-27,329.0,5.5,1.70%,60.839999999999996,5.41,912.6,1095.12,1277.64,1460.16,1642.68,1825.2,ShowDailyK_ChartFlow,FinMind_API_TaiwanStockPrice_2357,True,2026-09-22T15:40:28,2026-09-22T15:40:28,2026-09-22T15:40:28
2357,華碩,2022-05-30,338.5,9.5,2.89%,60.839999999999996,5.56,912.6,1095.12,1277.64,1460.16,1642.68,1825.2,ShowDailyK_ChartFlow,FinMind_API_TaiwanStockPrice_2357,True,2026-09-22T15:40:28,2026-09-22T15:40:28,2026-09-22T15:40:28
2357,華碩,2022-05-31,341.5,3.0,0.89%,60.839999999999996,5.61,912.6,1095.12,1277.64,1460.16,1642.68,1825.2,ShowDailyK_ChartFlow,FinMind_API_TaiwanStockPrice_2357,True,2026-09-22T15:40:28,2026-09-22T15:40:28,2026-09-22T15:40:28
2357,華碩,2022-06-01,343.0,1.5,0.44%,60.839999999999996,5.64,912.6,1095.12,1277.64,1460.16,1642.68,1825.2,ShowDailyK_ChartFlow,FinMind_API_TaiwanStockPrice_2357,True,2026-09-22T15:40:28,2026-09-22T15:40:28,2026-09-22T15:40:28
2357,華碩,2022-06-02,342.5,-0.5,-0.15%,60.839999999999996,5.63,912.6,1095.12,1277.64,1460.16,1642.68,1825.2,ShowDailyK_ChartFlow,FinMind_API_TaiwanStockPrice_2357,True,2026-09-22T15:40:28,2026-09-22T15:40:28,2026-09-22T15:40:28
2357,華碩,2022-06-06,340.0,-2.5,-0.73%,60.839999999999996,5.59,912.6,1095.12,1277.64,1460.16,1642.68,1825.2,ShowDailyK_ChartFlow,FinMind_API_TaiwanStockPrice_2357,True,2026-09-22T15:40:28,2026-09-22T15:40:28,2026-09-22T15:40:28
2357,華碩,2022-06-07,339.0,-1.0,-0.29%,60.839999999999996,5.57,912.6,1095.12,1277.64,1460.16,1642.68,1825.2,ShowDailyK_ChartFlow,FinMind_API_TaiwanStockPrice_2357,True,2026-09-22T15:40:28,2026-09-22T15:40:28,2026-09-22T15:40:28
2357,華碩,2022-06-08,338.5,-0.5,-0.15%,60.839999999999996,5.56,912.6,1095.12,1277.64,1460.16,1642.68,1825.2,ShowDailyK_ChartFlow,FinMind_API_TaiwanStockPrice_2357,True,2026-09-22T15:40:28,2026-09-22T15:40:28,2026-09-22T15:40:28
2357,華碩,2022-06-09,333.0,-5.5,-1.62%,60.839999999999996,5.47,912.6,1095.12,1277.64,1460.16,1642.68,1825.2,ShowDailyK_ChartFlow,FinMind_API_TaiwanStockPrice_2357,True,2026-09-22T15:40:28,2026-09-22T15:40:28,2026-09-22T15:40:28
2357,華碩,2022-06-10,329.0,-4.0,-1.20%,60.839999999999996,5.41,912.6,1095.12,1277.64,1460.16,1642.68,1825.2,ShowDailyK_ChartFlow,FinMind_API_TaiwanStockPrice_2357,True,2026-09-22T15:40:28,2026-09-22T15:40:28,2026-09-22T15:40:28
2357,華碩,2022-06-13,327.0,-2.0,-0.61%,60.839999999999996,5.37,912.6,1095.12,1277.64,1460.16,1642.68,1825.2,ShowDailyK_ChartFlow,FinMind_API_TaiwanStockPrice_2357,True,2026-09-22T15:40:28,2026-09-22T15:40:28,2026-09-22T15:40:28
2357,華碩,2022-06-14,325.0,-2.0,-0.61%,60.839999999999996,5.34,912.6,1095.12,1277.64,1460.16,1642.68,1825.2,ShowDailyK_ChartFlow,FinMind_API_TaiwanStockPrice_2357,True,2026-09-22T15:40:28,2026-09-22T15:40:28,2026-09-22T15:40:28
2357,華碩,2022-06-15,325.0,0.0,0.00%,60.839999999999996,5.34,912.6,1095.12,1277.64,1460.16,1642.68,1825.2,ShowDailyK_ChartFlow,FinMind_API_TaiwanStockPrice_2357,True,2026-09-22T15:40:28,2026-09-22T15:40:28,2026-09-22T15:40:28
2357,華碩,2022-06-16,324.5,-0.5,-0.15%,60.839999999999996,5.33,912.6,1095.12,1277.64,1460.16,1642.68,1825.2,ShowDailyK_ChartFlow,FinMind_API_TaiwanStockPrice_2357,True,2026-09-22T15:40:28,2026-09-22T15:40:28,2026-09-22T15:40:28
2357,華碩,2022-06-17,323.0,-1.5,-0.46%,60.839999999999996,5.31,912.6,1095.12,1277.64,1460.16,1642.68,1825.2,ShowDailyK_ChartFlow,FinMind_API_TaiwanStockPrice_2357,True,2026-09-22T15:40:28,2026-09-22T15:40:28,2026-09-22T15:40:28
2357,華碩,2022-06-20,320.0,-3.0,-0.93%,60.839999999999996,5.26,912.6,1095.12,1277.64,1460.16,1642.68,1825.2,ShowDailyK_ChartFlow,FinMind_API_TaiwanStockPrice_2357,True,2026-09-22T15:40:28,2026-09-22T15:40:28,2026-09-22T15:40:28
2357,華碩,2022-06-21,332.0,12.0,3.75%,60.839999999999996,5.46,912.6,1095.12,1277.64,1460.16,1642.68,1825.2,ShowDailyK_ChartFlow,FinMind_API_TaiwanStockPrice_2357,True,2026-09-22T15:40:28,2026-09-22T15:40:28,2026-09-22T15:40:28
2357,華碩,2022-06-22,321.5,-10.5,-3.16%,60.839999999999996,5.28,912.6,1095.12,1277.64,1460.16,1642.68,1825.2,ShowDailyK_ChartFlow,FinMind_API_TaiwanStockPrice_2357,True,2026-09-22T15:40:28,2026-09-22T15:40:28,2026-09-22T15:40:28
2357,華碩,2022-06-23,325.0,3.5,1.09%,60.839999999999996,5.34,912.6,1095.12,1277.64,1460.16,1642.68,1825.2,ShowDailyK_ChartFlow,FinMind_API_TaiwanStockPrice_2357,True,2026-09-22T15:40:28,2026-09-22T15:40:28,2026-09-22T15:40:28
2357,華碩,2022-06-24,326.0,1.0,0.31%,60.839999999999996,5.36,912.6,1095.12,1277.64,1460.16,1642.68,1825.2,ShowDailyK_ChartFlow,FinMind_API_TaiwanStockPrice_2357,True,2026-09-22T15:40:28,2026-09-22T15:40:28,2026-09-22T15:40:28
2357,華碩,2022-06-27,328.5,2.5,0.77%,60.839999999999996,5.4,912.6,1095.12,1277.64,1460.16,1642.68,1825.2,ShowDailyK_ChartFlow,FinMind_API_TaiwanStockPrice_2357,True,2026-09-22T15:40:28,2026-09-22T15:40:28,2026-09-22T15:40:28
2357,華碩,2022-06-28,326.0,-2.5,-0.76%,60.839999999999996,5.36,912.6,1095.12,1277.64,1460.16,1642.68,1825.2,ShowDailyK_ChartFlow,FinMind_API_TaiwanStockPrice_2357,True,2026-09-22T15:40:28,2026-09-22T15:40:28,2026-09-22T15:40:28
2357,華碩,2022-06-29,324.0,-2.0,-0.61%,60.839999999999996,5.33,912.6,1095.12,1277.64,1460.16,1642.68,1825.2,ShowDailyK_ChartFlow,FinMind_API_TaiwanStockPrice_2357,True,2026-09-22T15:40:28,2026-09-22T15:40:28,2026-09-22T15:40:28
2357,華碩,2022-06-30,310.5,-13.5,-4.17%,48.07999999999999,5.1,721.2,865.44,1009.68,1153.92,1298.16,1442.4,ShowDailyK_ChartFlow,FinMind_API_TaiwanStockPrice_2357,True,2026-09-22T15:40:28,2026-09-22T15:40:28,2026-09-22T15:40:28
2357,華碩,2022-07-01,309.5,-1.0,-0.32%,48.07999999999999,5.09,721.2,865.44,1009.68,1153.92,1298.16,1442.4,ShowDailyK_ChartFlow,FinMind_API_TaiwanStockPrice_2357,True,2026-09-22T15:40:28,2026-09-22T15:40:28,2026-09-22T15:40:28
2357,華碩,2022-07-04,301.5,-8.0,-2.58%,48.07999999999999,4.96,721.2,865.44,1009.68,1153.92,1298.16,1442.4,ShowDailyK_ChartFlow,FinMind_API_TaiwanStockPrice_2357,True,2026-09-22T15:40:28,2026-09-22T15:40:28,2026-09-22T15:40:28
2357,華碩,2022-07-05,304.5,3.0,1.00%,48.07999999999999,5.0,721.2,865.44,1009.68,1153.92,1298.16,1442.4,ShowDailyK_ChartFlow,FinMind_API_TaiwanStockPrice_2357,True,2026-09-22T15:40:28,2026-09-22T15:40:28,2026-09-22T15:40:28
2357,華碩,2022-07-06,298.0,-6.5,-2.13%,48.07999999999999,4.9,721.2,865.44,1009.68,1153.92,1298.16,1442.4,ShowDailyK_ChartFlow,FinMind_API_TaiwanStockPrice_2357,True,2026-09-22T15:40:28,2026-09-22T15:40:28,2026-09-22T15:40:28
2357,華碩,2022-07-07,302.5,4.5,1.51%,48.07999999999999,4.97,721.2,865.44,1009.68,1153.92,1298.16,1442.4,ShowDailyK_ChartFlow,FinMind_API_TaiwanStockPrice_2357,True,2026-09-22T15:40:28,2026-09-22T15:40:28,2026-09-22T15:40:28
2357,華碩,2022-07-08,305.0,2.5,0.83%,48.07999999999999,5.01,721.2,865.44,1009.68,1153.92,1298.16,1442.4,ShowDailyK_ChartFlow,FinMind_API_TaiwanStockPrice_2357,True,2026-09-22T15:40:28,2026-09-22T15:40:28,2026-09-22T15:40:28
2357,華碩,2022-07-11,309.5,4.5,1.48%,48.07999999999999,5.09,721.2,865.44,1009.68,1153.92,1298.16,1442.4,ShowDailyK_ChartFlow,FinMind_API_TaiwanStockPrice_2357,True,2026-09-22T15:40:28,2026-09-22T15:40:28,2026-09-22T15:40:28
2357,華碩,2022-07-12,306.5,-3.0,-0.97%,48.07999999999999,5.04,721.2,865.44,1009.68,1153.92,1298.16,1442.4,ShowDailyK_ChartFlow,FinMind_API_TaiwanStockPrice_2357,True,2026-09-22T15:40:28,2026-09-22T15:40:28,2026-09-22T15:40:28
2357,華碩,2022-07-13,313.0,6.5,2.12%,48.07999999999999,5.14,721.2,865.44,1009.68,1153.92,1298.16,1442.4,ShowDailyK_ChartFlow,FinMind_API_TaiwanStockPrice_2357,True,2026-09-22T15:40:28,2026-09-22T15:40:28,2026-09-22T15:40:28
2357,華碩,2022-07-14,312.5,-0.5,-0.16%,48.07999999999999,5.14,721.2,865.44,1009.68,1153.92,1298.16,1442.4,ShowDailyK_ChartFlow,FinMind_API_TaiwanStockPrice_2357,True,2026-09-22T15:40:28,2026-09-22T15:40:28,2026-09-22T15:40:28
2357,華碩,2022-07-15,310.0,-2.5,-0.80%,48.07999999999999,5.1,721.2,865.44,1009.68,1153.92,1298.16,1442.4,ShowDailyK_ChartFlow,FinMind_API_TaiwanStockPrice_2357,True,2026-09-22T15:40:28,2026-09-22T15:40:28,2026-09-22T15:40:28
2357,華碩,2022-07-18,308.5,-1.5,-0.48%,48.07999999999999,5.07,721.2,865.44,1009.68,1153.92,1298.16,1442.4,ShowDailyK_ChartFlow,FinMind_API_TaiwanStockPrice_2357,True,2026-09-22T15:40:28,2026-09-22T15:40:28,2026-09-22T15:40:28
2357,華碩,2022-07-19,312.0,3.5,1.13%,48.07999999999999,5.13,721.2,865.44,1009.68,1153.92,1298.16,1442.4,ShowDailyK_ChartFlow,FinMind_API_TaiwanStockPrice_2357,True,2026-09-22T15:40:28,2026-09-22T15:40:28,2026-09-22T15:40:28
2357,華碩,2022-07-20,316.0,4.0,1.28%,48.07999999999999,5.19,721.2,865.44,1009.68,1153.92,1298.16,1442.4,ShowDailyK_ChartFlow,FinMind_API_TaiwanStockPrice_2357,True,2026-09-22T15:40:28,2026-09-22T15:40:28,2026-09-22T15:40:28
2357,華碩,2022-07-21,322.0,6.0,1.90%,48.07999999999999,5.29,721.2,865.44,1009.68,1153.92,1298.16,1442.4,ShowDailyK_ChartFlow,FinMind_API_TaiwanStockPrice_2357,True,2026-09-22T15:40:28,2026-09-22T15:40:28,2026-09-22T15:40:28
2357,華碩,2022-07-22,326.0,4.0,1.24%,48.07999999999999,5.36,721.2,865.44,1009.68,1153.92,1298.16,1442.4,ShowDailyK_ChartFlow,FinMind_API_TaiwanStockPrice_2357,True,2026-09-22T15:40:28,2026-09-22T15:40:28,2026-09-22T15:40:28
2357,華碩,2022-07-25,326.0,0.0,0.00%,48.07999999999999,5.36,721.2,865.44,1009.68,1153.92,1298.16,1442.4,ShowDailyK_ChartFlow,FinMind_API_TaiwanStockPrice_2357,True,2026-09-22T15:40:28,2026-09-22T15:40:28,2026-09-22T15:40:28
2357,華碩,2022-07-26,323.0,-3.0,-0.92%,48.07999999999999,5.31,721.2,865.44,1009.68,1153.92,1298.16,1442.4,ShowDailyK_ChartFlow,FinMind_API_TaiwanStockPrice_2357,True,2026-09-22T15:40:28,2026-09-22T15:40:28,2026-09-22T15:40:28
2357,華碩,2022-07-27,322.5,-0.5,-0.15%,48.07999999999999,5.3,721.2,865.44,1009.68,1153.92,1298.16,1442.4,ShowDailyK_ChartFlow,FinMind_API_TaiwanStockPrice_2357,True,2026-09-22T15:40:28,2026-09-22T15:40:28,2026-09-22T15:40:28
2357,華碩,2022-07-28,319.0,-3.5,-1.09%,48.07999999999999,5.24,721.2,865.44,1009.68,1153.92,1298.16,1442.4,ShowDailyK_ChartFlow,FinMind_API_TaiwanStockPrice_2357,True,2026-09-22T15:40:28,2026-09-22T15:40:28,2026-09-22T15:40:28
2357,華碩,2022-07-29,281.5,-37.5,-11.76%,48.07999999999999,4.63,721.2,865.44,1009.68,1153.92,1298.16,1442.4,ShowDailyK_ChartFlow,FinMind_API_TaiwanStockPrice_2357,True,2026-09-22T15:40:28,2026-09-22T15:40:28,2026-09-22T15:40:28
2357,華碩,2022-08-01,282.5,1.0,0.36%,48.07999999999999,4.64,721.2,865.44,1009.68,1153.92,1298.16,1442.4,ShowDailyK_ChartFlow,FinMind_API_TaiwanStockPrice_2357,True,2026-09-22T15:40:28,2026-09-22T15:40:28,2026-09-22T15:40:28
2357,華碩,2022-08-02,277.5,-5.0,-1.77%,48.07999999999999,4.56,721.2,865.44,1009.68,1153.92,1298.16,1442.4,ShowDailyK_ChartFlow,FinMind_API_TaiwanStockPrice_2357,True,2026-09-22T15:40:28,2026-09-22T15:40:28,2026-09-22T15:40:28
2357,華碩,2022-08-03,281.0,3.5,1.26%,48.07999999999999,4.62,721.2,865.44,1009.68,1153.92,1298.16,1442.4,ShowDailyK_ChartFlow,FinMind_API_TaiwanStockPrice_2357,True,2026-09-22T15:40:28,2026-09-22T15:40:28,2026-09-22T15:40:28
2357,華碩,2022-08-04,281.0,0.0,0.00%,48.07999999999999,4.62,721.2,865.44,1009.68,1153.92,1298.16,1442.4,ShowDailyK_ChartFlow,FinMind_API_TaiwanStockPrice_2357,True,2026-09-22T15:40:28,2026-09-22T15:40:28,2026-09-22T15:40:28
2357,華碩,2022-08-05,282.0,1.0,0.36%,48.07999999999999,4.64,721.2,865.44,1009.68,1153.92,1298.16,1442.4,ShowDailyK_ChartFlow,FinMind_API_TaiwanStockPrice_2357,True,2026-09-22T15:40:28,2026-09-22T15:40:28,2026-09-22T15:40:28
2357,華碩,2022-08-08,283.5,1.5,0.53%,48.07999999999999,4.66,721.2,865.44,1009.68,1153.92,1298.16,1442.4,ShowDailyK_ChartFlow,FinMind_API_TaiwanStockPrice_2357,True,2026-09-22T15:40:28,2026-09-22T15:40:28,2026-09-22T15:40:28
2357,華碩,2022-08-09,281.0,-2.5,-0.88%,48.07999999999999,4.62,721.2,865.44,1009.68,1153.92,1298.16,1442.4,ShowDailyK_ChartFlow,FinMind_API_TaiwanStockPrice_2357,True,2026-09-22T15:40:28,2026-09-22T15:40:28,2026-09-22T15:40:28
2357,華碩,2022-08-10,277.0,-4.0,-1.42%,48.07999999999999,4.55,721.2,865.44,1009.68,1153.92,1298.16,1442.4,ShowDailyK_ChartFlow,FinMind_API_TaiwanStockPrice_2357,True,2026-09-22T15:40:28,2026-09-22T15:40:28,2026-09-22T15:40:28
2357,華碩,2022-08-11,282.0,5.0,1.81%,48.07999999999999,4.64,721.2,865.44,1009.68,1153.92,1298.16,1442.4,ShowDailyK_ChartFlow,FinMind_API_TaiwanStockPrice_2357,True,2026-09-22T15:40:28,2026-09-22T15:40:28,2026-09-22T15:40:28
2357,華碩,2022-08-12,262.0,-20.0,-7.09%,48.07999999999999,5.45,721.2,865.44,1009.68,1153.92,1298.16,1442.4,ShowDailyK_ChartFlow,FinMind_API_TaiwanStockPrice_2357,True,2026-09-22T15:40:28,2026-09-22T15:40:28,2026-09-22T15:40:28
2357,華碩,2022-08-15,252.5,-9.5,-3.63%,48.07999999999999,5.25,721.2,865.44,1009.68,1153.92,1298.16,1442.4,ShowDailyK_ChartFlow,FinMind_API_TaiwanStockPrice_2357,True,2026-09-22T15:40:28,2026-09-22T15:40:28,2026-09-22T15:40:28
2357,華碩,2022-08-16,254.5,2.0,0.79%,48.07999999999999,5.29,721.2,865.44,1009.68,1153.92,1298.16,1442.4,ShowDailyK_ChartFlow,FinMind_API_TaiwanStockPrice_2357,True,2026-09-22T15:40:28,2026-09-22T15:40:28,2026-09-22T15:40:28
2357,華碩,2022-08-17,258.0,3.5,1.38%,48.07999999999999,5.37,721.2,865.44,1009.68,1153.92,1298.16,1442.4,ShowDailyK_ChartFlow,FinMind_API_TaiwanStockPrice_2357,True,2026-09-22T15:40:28,2026-09-22T15:40:28,2026-09-22T15:40:28
2357,華碩,2022-08-18,262.5,4.5,1.74%,48.07999999999999,5.46,721.2,865.44,1009.68,1153.92,1298.16,1442.4,ShowDailyK_ChartFlow,FinMind_API_TaiwanStockPrice_2357,True,2026-09-22T15:40:28,2026-09-22T15:40:28,2026-09-22T15:40:28
2357,華碩,2022-08-19,264.5,2.0,0.76%,48.07999999999999,5.5,721.2,865.44,1009.68,1153.92,1298.16,1442.4,ShowDailyK_ChartFlow,FinMind_API_TaiwanStockPrice_2357,True,2026-09-22T15:40:28,2026-09-22T15:40:28,2026-09-22T15:40:28
2357,華碩,2022-08-22,267.5,3.0,1.13%,48.07999999999999,5.56,721.2,865.44,1009.68,1153.92,1298.16,1442.4,ShowDailyK_ChartFlow,FinMind_API_TaiwanStockPrice_2357,True,2026-09-22T15:40:28,2026-09-22T15:40:28,2026-09-22T15:40:28
2357,華碩,2022-08-23,260.5,-7.0,-2.62%,48.07999999999999,5.42,721.2,865.44,1009.68,1153.92,1298.16,1442.4,ShowDailyK_ChartFlow,FinMind_API_TaiwanStockPrice_2357,True,2026-09-22T15:40:28,2026-09-22T15:40:28,2026-09-22T15:40:28
2357,華碩,2022-08-24,254.0,-6.5,-2.50%,48.07999999999999,5.28,721.2,865.44,1009.68,1153.92,1298.16,1442.4,ShowDailyK_ChartFlow,FinMind_API_TaiwanStockPrice_2357,True,2026-09-22T15:40:28,2026-09-22T15:40:28,2026-09-22T15:40:28
2357,華碩,2022-08-25,255.5,1.5,0.59%,48.07999999999999,5.31,721.2,865.44,1009.68,1153.92,1298.16,1442.4,ShowDailyK_ChartFlow,FinMind_API_TaiwanStockPrice_2357,True,2026-09-22T15:40:28,2026-09-22T15:40:28,2026-09-22T15:40:28
2357,華碩,2022-08-26,258.5,3.0,1.17%,48.07999999999999,5.38,721.2,865.44,1009.68,1153.92,1298.16,1442.4,ShowDailyK_ChartFlow,FinMind_API_TaiwanStockPrice_2357,True,2026-09-22T15:40:28,2026-09-22T15:40:28,2026-09-22T15:40:28
2357,華碩,2022-08-29,253.0,-5.5,-2.13%,48.07999999999999,5.26,721.2,865.44,1009.68,1153.92,1298.16,1442.4,ShowDailyK_ChartFlow,FinMind_API_TaiwanStockPrice_2357,True,2026-09-22T15:40:28,2026-09-22T15:40:28,2026-09-22T15:40:28
2357,華碩,2022-08-30,257.0,4.0,1.58%,48.07999999999999,5.35,721.2,865.44,1009.68,1153.92,1298.16,1442.4,ShowDailyK_ChartFlow,FinMind_API_TaiwanStockPrice_2357,True,2026-09-22T15:40:28,2026-09-22T15:40:28,2026-09-22T15:40:28
2357,華碩,2022-08-31,255.0,-2.0,-0.78%,48.07999999999999,5.3,721.2,865.44,1009.68,1153.92,1298.16,1442.4,ShowDailyK_ChartFlow,FinMind_API_TaiwanStockPrice_2357,True,2026-09-22T15:40:28,2026-09-22T15:40:28,2026-09-22T15:40:28
2357,華碩,2022-09-01,252.5,-2.5,-0.98%,48.07999999999999,5.25,721.2,865.44,1009.68,1153.92,1298.16,1442.4,ShowDailyK_ChartFlow,FinMind_API_TaiwanStockPrice_2357,True,2026-09-22T15:40:28,2026-09-22T15:40:28,2026-09-22T15:40:28
2357,華碩,2022-09-02,253.5,1.0,0.40%,48.07999999999999,5.27,721.2,865.44,1009.68,1153.92,1298.16,1442.4,ShowDailyK_ChartFlow,FinMind_API_TaiwanStockPrice_2357,True,2026-09-22T15:40:28,2026-09-22T15:40:28,2026-09-22T15:40:28
2357,華碩,2022-09-05,258.0,4.5,1.78%,48.07999999999999,5.37,721.2,865.44,1009.68,1153.92,1298.16,1442.4,ShowDailyK_ChartFlow,FinMind_API_TaiwanStockPrice_2357,True,2026-09-22T15:40:28,2026-09-22T15:40:28,2026-09-22T15:40:28
2357,華碩,2022-09-06,255.0,-3.0,-1.16%,48.07999999999999,5.3,721.2,865.44,1009.68,1153.92,1298.16,1442.4,ShowDailyK_ChartFlow,FinMind_API_TaiwanStockPrice_2357,True,2026-09-22T15:40:28,2026-09-22T15:40:28,2026-09-22T15:40:28
2357,華碩,2022-09-07,242.0,-13.0,-5.10%,48.07999999999999,5.03,721.2,865.44,1009.68,1153.92,1298.16,1442.4,ShowDailyK_ChartFlow,FinMind_API_TaiwanStockPrice_2357,True,2026-09-22T15:40:28,2026-09-22T15:40:28,2026-09-22T15:40:28
2357,華碩,2022-09-08,249.0,7.0,2.89%,48.07999999999999,5.18,721.2,865.44,1009.68,1153.92,1298.16,1442.4,ShowDailyK_ChartFlow,FinMind_API_TaiwanStockPrice_2357,True,2026-09-22T15:40:28,2026-09-22T15:40:28,2026-09-22T15:40:28
2357,華碩,2022-09-12,254.0,5.0,2.01%,48.07999999999999,5.28,721.2,865.44,1009.68,1153.92,1298.16,1442.4,ShowDailyK_ChartFlow,FinMind_API_TaiwanStockPrice_2357,True,2026-09-22T15:40:28,2026-09-22T15:40:28,2026-09-22T15:40:28
2357,華碩,2022-09-13,256.5,2.5,0.98%,48.07999999999999,5.33,721.2,865.44,1009.68,1153.92,1298.16,1442.4,ShowDailyK_ChartFlow,FinMind_API_TaiwanStockPrice_2357,True,2026-09-22T15:40:28,2026-09-22T15:40:28,2026-09-22T15:40:28
2357,華碩,2022-09-14,252.5,-4.0,-1.56%,48.07999999999999,5.25,721.2,865.44,1009.68,1153.92,1298.16,1442.4,ShowDailyK_ChartFlow,FinMind_API_TaiwanStockPrice_2357,True,2026-09-22T15:40:28,2026-09-22T15:40:28,2026-09-22T15:40:28
2357,華碩,2022-09-15,254.0,1.5,0.59%,48.07999999999999,5.28,721.2,865.44,1009.68,1153.92,1298.16,1442.4,ShowDailyK_ChartFlow,FinMind_API_TaiwanStockPrice_2357,True,2026-09-22T15:40:28,2026-09-22T15:40:28,2026-09-22T15:40:28
2357,華碩,2022-09-16,256.5,2.5,0.98%,48.07999999999999,5.33,721.2,865.44,1009.68,1153.92,1298.16,1442.4,ShowDailyK_ChartFlow,FinMind_API_TaiwanStockPrice_2357,True,2026-09-22T15:40:28,2026-09-22T15:40:28,2026-09-22T15:40:28
2357,華碩,2022-09-19,254.5,-2.0,-0.78%,48.07999999999999,5.29,721.2,865.44,1009.68,1153.92,1298.16,1442.4,ShowDailyK_ChartFlow,FinMind_API_TaiwanStockPrice_2357,True,2026-09-22T15:40:28,2026-09-22T15:40:28,2026-09-22T15:40:28
2357,華碩,2022-09-20,253.5,-1.0,-0.39%,48.07999999999999,5.27,721.2,865.44,1009.68,1153.92,1298.16,1442.4,ShowDailyK_ChartFlow,FinMind_API_TaiwanStockPrice_2357,True,2026-09-22T15:40:28,2026-09-22T15:40:28,2026-09-22T15:40:28
2357,華碩,2022-09-21,249.0,-4.5,-1.78%,48.07999999999999,5.18,721.2,865.44,1009.68,1153.92,1298.16,1442.4,ShowDailyK_ChartFlow,FinMind_API_TaiwanStockPrice_2357,True,2026-09-22T15:40:28,2026-09-22T15:40:28,2026-09-22T15:40:28
2357,華碩,2022-09-22,246.5,-2.5,-1.00%,48.07999999999999,5.13,721.2,865.44,1009.68,1153.92,1298.16,1442.4,ShowDailyK_ChartFlow,FinMind_API_TaiwanStockPrice_2357,True,2026-09-22T15:40:28,2026-09-22T15:40:28,2026-09-22T15:40:28
2357,華碩,2022-09-23,246.0,-0.5,-0.20%,48.07999999999999,5.12,721.2,865.44,1009.68,1153.92,1298.16,1442.4,ShowDailyK_ChartFlow,FinMind_API_TaiwanStockPrice_2357,True,2026-09-22T15:40:28,2026-09-22T15:40:28,2026-09-22T15:40:28
2357,華碩,2022-09-26,238.5,-7.5,-3.05%,48.07999999999999,4.96,721.2,865.44,1009.68,1153.92,1298.16,1442.4,ShowDailyK_ChartFlow,FinMind_API_TaiwanStockPrice_2357,True,2026-09-22T15:40:28,2026-09-22T15:40:28,2026-09-22T15:40:28
2357,華碩,2022-09-27,242.0,3.5,1.47%,48.07999999999999,5.03,721.2,865.44,1009.68,1153.92,1298.16,1442.4,ShowDailyK_ChartFlow,FinMind_API_TaiwanStockPrice_2357,True,2026-09-22T15:40:28,2026-09-22T15:40:28,2026-09-22T15:40:28
2357,華碩,2022-09-28,237.5,-4.5,-1.86%,48.07999999999999,4.94,721.2,865.44,1009.68,1153.92,1298.16,1442.4,ShowDailyK_ChartFlow,FinMind_API_TaiwanStockPrice_2357,True,2026-09-22T15:40:28,2026-09-22T15:40:28,2026-09-22T15:40:28
2357,華碩,2022-09-29,237.5,0.0,0.00%,48.07999999999999,4.94,721.2,865.44,1009.68,1153.92,1298.16,1442.4,ShowDailyK_ChartFlow,FinMind_API_TaiwanStockPrice_2357,True,2026-09-22T15:40:28,2026-09-22T15:40:28,2026-09-22T15:40:28
2357,華碩,2022-09-30,234.0,-3.5,-1.47%,41.169999999999995,4.87,617.55,741.06,864.57,988.08,1111.59,1235.1,ShowDailyK_ChartFlow,FinMind_API_TaiwanStockPrice_2357,True,2026-09-22T15:40:28,2026-09-22T15:40:28,2026-09-22T15:40:28
2357,華碩,2022-10-03,234.0,0.0,0.00%,41.169999999999995,4.87,617.55,741.06,864.57,988.08,1111.59,1235.1,ShowDailyK_ChartFlow,FinMind_API_TaiwanStockPrice_2357,True,2026-09-22T15:40:28,2026-09-22T15:40:28,2026-09-22T15:40:28
2357,華碩,2022-10-04,240.0,6.0,2.56%,41.169999999999995,4.99,617.55,741.06,864.57,988.08,1111.59,1235.1,ShowDailyK_ChartFlow,FinMind_API_TaiwanStockPrice_2357,True,2026-09-22T15:40:28,2026-09-22T15:40:28,2026-09-22T15:40:28
2357,華碩,2022-10-05,244.0,4.0,1.67%,41.169999999999995,5.07,617.55,741.06,864.57,988.08,1111.59,1235.1,ShowDailyK_ChartFlow,FinMind_API_TaiwanStockPrice_2357,True,2026-09-22T15:40:28,2026-09-22T15:40:28,2026-09-22T15:40:28
2357,華碩,2022-10-06,244.0,0.0,0.00%,41.169999999999995,5.07,617.55,741.06,864.57,988.08,1111.59,1235.1,ShowDailyK_ChartFlow,FinMind_API_TaiwanStockPrice_2357,True,2026-09-22T15:40:28,2026-09-22T15:40:28,2026-09-22T15:40:28
2357,華碩,2022-10-07,231.0,-13.0,-5.33%,41.169999999999995,4.8,617.55,741.06,864.57,988.08,1111.59,1235.1,ShowDailyK_ChartFlow,FinMind_API_TaiwanStockPrice_2357,True,2026-09-22T15:40:28,2026-09-22T15:40:28,2026-09-22T15:40:28
2357,華碩,2022-10-11,225.0,-6.0,-2.60%,41.169999999999995,4.68,617.55,741.06,864.57,988.08,1111.59,1235.1,ShowDailyK_ChartFlow,FinMind_API_TaiwanStockPrice_2357,True,2026-09-22T15:40:28,2026-09-22T15:40:28,2026-09-22T15:40:28
2357,華碩,2022-10-12,231.5,6.5,2.89%,41.169999999999995,4.81,617.55,741.06,864.57,988.08,1111.59,1235.1,ShowDailyK_ChartFlow,FinMind_API_TaiwanStockPrice_2357,True,2026-09-22T15:40:28,2026-09-22T15:40:28,2026-09-22T15:40:28
2357,華碩,2022-10-13,231.0,-0.5,-0.22%,41.169999999999995,4.8,617.55,741.06,864.57,988.08,1111.59,1235.1,ShowDailyK_ChartFlow,FinMind_API_TaiwanStockPrice_2357,True,2026-09-22T15:40:28,2026-09-22T15:40:28,2026-09-22T15:40:28
2357,華碩,2022-10-14,231.0,0.0,0.00%,41.169999999999995,4.8,617.55,741.06,864.57,988.08,1111.59,1235.1,ShowDailyK_ChartFlow,FinMind_API_TaiwanStockPrice_2357,True,2026-09-22T15:40:28,2026-09-22T15:40:28,2026-09-22T15:40:28
2357,華碩,2022-10-17,232.0,1.0,0.43%,41.169999999999995,4.83,617.55,741.06,864.57,988.08,1111.59,1235.1,ShowDailyK_ChartFlow,FinMind_API_TaiwanStockPrice_2357,True,2026-09-22T15:40:28,2026-09-22T15:40:28,2026-09-22T15:40:28
2357,華碩,2022-10-18,236.5,4.5,1.94%,41.169999999999995,4.92,617.55,741.06,864.57,988.08,1111.59,1235.1,ShowDailyK_ChartFlow,FinMind_API_TaiwanStockPrice_2357,True,2026-09-22T15:40:28,2026-09-22T15:40:28,2026-09-22T15:40:28
2357,華碩,2022-10-19,239.0,2.5,1.06%,41.169999999999995,4.97,617.55,741.06,864.57,988.08,1111.59,1235.1,ShowDailyK_ChartFlow,FinMind_API_TaiwanStockPrice_2357,True,2026-09-22T15:40:28,2026-09-22T15:40:28,2026-09-22T15:40:28
2357,華碩,2022-10-20,232.0,-7.0,-2.93%,41.169999999999995,4.83,617.55,741.06,864.57,988.08,1111.59,1235.1,ShowDailyK_ChartFlow,FinMind_API_TaiwanStockPrice_2357,True,2026-09-22T15:40:28,2026-09-22T15:40:28,2026-09-22T15:40:28
2357,華碩,2022-10-21,229.0,-3.0,-1.29%,41.169999999999995,4.76,617.55,741.06,864.57,988.08,1111.59,1235.1,ShowDailyK_ChartFlow,FinMind_API_TaiwanStockPrice_2357,True,2026-09-22T15:40:28,2026-09-22T15:40:28,2026-09-22T15:40:28
2357,華碩,2022-10-24,231.0,2.0,0.87%,41.169999999999995,4.8,617.55,741.06,864.57,988.08,1111.59,1235.1,ShowDailyK_ChartFlow,FinMind_API_TaiwanStockPrice_2357,True,2026-09-22T15:40:28,2026-09-22T15:40:28,2026-09-22T15:40:28
2357,華碩,2022-10-25,231.5,0.5,0.22%,41.169999999999995,4.81,617.55,741.06,864.57,988.08,1111.59,1235.1,ShowDailyK_ChartFlow,FinMind_API_TaiwanStockPrice_2357,True,2026-09-22T15:40:28,2026-09-22T15:40:28,2026-09-22T15:40:28
2357,華碩,2022-10-26,235.5,4.0,1.73%,41.169999999999995,4.9,617.55,741.06,864.57,988.08,1111.59,1235.1,ShowDailyK_ChartFlow,FinMind_API_TaiwanStockPrice_2357,True,2026-09-22T15:40:28,2026-09-22T15:40:28,2026-09-22T15:40:28
2357,華碩,2022-10-27,233.0,-2.5,-1.06%,41.169999999999995,4.85,617.55,741.06,864.57,988.08,1111.59,1235.1,ShowDailyK_ChartFlow,FinMind_API_TaiwanStockPrice_2357,True,2026-09-22T15:40:28,2026-09-22T15:40:28,2026-09-22T15:40:28
2357,華碩,2022-10-28,234.0,1.0,0.43%,41.169999999999995,4.87,617.55,741.06,864.57,988.08,1111.59,1235.1,ShowDailyK_ChartFlow,FinMind_API_TaiwanStockPrice_2357,True,2026-09-22T15:40:28,2026-09-22T15:40:28,2026-09-22T15:40:28
2357,華碩,2022-10-31,236.0,2.0,0.85%,41.169999999999995,4.91,617.55,741.06,864.57,988.08,1111.59,1235.1,ShowDailyK_ChartFlow,FinMind_API_TaiwanStockPrice_2357,True,2026-09-22T15:40:28,2026-09-22T15:40:28,2026-09-22T15:40:28
2357,華碩,2022-11-01,236.0,0.0,0.00%,41.169999999999995,4.91,617.55,741.06,864.57,988.08,1111.59,1235.1,ShowDailyK_ChartFlow,FinMind_API_TaiwanStockPrice_2357,True,2026-09-22T15:40:28,2026-09-22T15:40:28,2026-09-22T15:40:28
2357,華碩,2022-11-02,237.5,1.5,0.64%,41.169999999999995,4.94,617.55,741.06,864.57,988.08,1111.59,1235.1,ShowDailyK_ChartFlow,FinMind_API_TaiwanStockPrice_2357,True,2026-09-22T15:40:28,2026-09-22T15:40:28,2026-09-22T15:40:28
2357,華碩,2022-11-03,235.5,-2.0,-0.84%,41.169999999999995,4.9,617.55,741.06,864.57,988.08,1111.59,1235.1,ShowDailyK_ChartFlow,FinMind_API_TaiwanStockPrice_2357,True,2026-09-22T15:40:28,2026-09-22T15:40:28,2026-09-22T15:40:28
2357,華碩,2022-11-04,234.5,-1.0,-0.42%,41.169999999999995,4.88,617.55,741.06,864.57,988.08,1111.59,1235.1,ShowDailyK_ChartFlow,FinMind_API_TaiwanStockPrice_2357,True,2026-09-22T15:40:28,2026-09-22T15:40:28,2026-09-22T15:40:28
2357,華碩,2022-11-07,237.5,3.0,1.28%,41.169999999999995,4.94,617.55,741.06,864.57,988.08,1111.59,1235.1,ShowDailyK_ChartFlow,FinMind_API_TaiwanStockPrice_2357,True,2026-09-22T15:40:28,2026-09-22T15:40:28,2026-09-22T15:40:28
2357,華碩,2022-11-08,242.0,4.5,1.89%,41.169999999999995,5.03,617.55,741.06,864.57,988.08,1111.59,1235.1,ShowDailyK_ChartFlow,FinMind_API_TaiwanStockPrice_2357,True,2026-09-22T15:40:28,2026-09-22T15:40:28,2026-09-22T15:40:28
2357,華碩,2022-11-09,244.5,2.5,1.03%,41.169999999999995,5.09,617.55,741.06,864.57,988.08,1111.59,1235.1,ShowDailyK_ChartFlow,FinMind_API_TaiwanStockPrice_2357,True,2026-09-22T15:40:28,2026-09-22T15:40:28,2026-09-22T15:40:28
2357,華碩,2022-11-10,241.0,-3.5,-1.43%,41.169999999999995,5.01,617.55,741.06,864.57,988.08,1111.59,1235.1,ShowDailyK_ChartFlow,FinMind_API_TaiwanStockPrice_2357,True,2026-09-22T15:40:28,2026-09-22T15:40:28,2026-09-22T15:40:28
2357,華碩,2022-11-11,249.0,8.0,3.32%,41.169999999999995,6.05,617.55,741.06,864.57,988.08,1111.59,1235.1,ShowDailyK_ChartFlow,FinMind_API_TaiwanStockPrice_2357,True,2026-09-22T15:40:28,2026-09-22T15:40:28,2026-09-22T15:40:28
2357,華碩,2022-11-14,248.0,-1.0,-0.40%,41.169999999999995,6.03,617.55,741.06,864.57,988.08,1111.59,1235.1,ShowDailyK_ChartFlow,FinMind_API_TaiwanStockPrice_2357,True,2026-09-22T15:40:28,2026-09-22T15:40:28,2026-09-22T15:40:28
2357,華碩,2022-11-15,252.0,4.0,1.61%,41.169999999999995,6.12,617.55,741.06,864.57,988.08,1111.59,1235.1,ShowDailyK_ChartFlow,FinMind_API_TaiwanStockPrice_2357,True,2026-09-22T15:40:28,2026-09-22T15:40:28,2026-09-22T15:40:28
2357,華碩,2022-11-16,252.0,0.0,0.00%,41.169999999999995,6.12,617.55,741.06,864.57,988.08,1111.59,1235.1,ShowDailyK_ChartFlow,FinMind_API_TaiwanStockPrice_2357,True,2026-09-22T15:40:28,2026-09-22T15:40:28,2026-09-22T15:40:28
2357,華碩,2022-11-17,254.0,2.0,0.79%,41.169999999999995,6.17,617.55,741.06,864.57,988.08,1111.59,1235.1,ShowDailyK_ChartFlow,FinMind_API_TaiwanStockPrice_2357,True,2026-09-22T15:40:28,2026-09-22T15:40:28,2026-09-22T15:40:28
2357,華碩,2022-11-18,256.0,2.0,0.79%,41.169999999999995,6.22,617.55,741.06,864.57,988.08,1111.59,1235.1,ShowDailyK_ChartFlow,FinMind_API_TaiwanStockPrice_2357,True,2026-09-22T15:40:28,2026-09-22T15:40:28,2026-09-22T15:40:28
2357,華碩,2022-11-21,258.0,2.0,0.78%,41.169999999999995,6.27,617.55,741.06,864.57,988.08,1111.59,1235.1,ShowDailyK_ChartFlow,FinMind_API_TaiwanStockPrice_2357,True,2026-09-22T15:40:28,2026-09-22T15:40:28,2026-09-22T15:40:28
2357,華碩,2022-11-22,261.0,3.0,1.16%,41.169999999999995,6.34,617.55,741.06,864.57,988.08,1111.59,1235.1,ShowDailyK_ChartFlow,FinMind_API_TaiwanStockPrice_2357,True,2026-09-22T15:40:28,2026-09-22T15:40:28,2026-09-22T15:40:28
2357,華碩,2022-11-23,265.0,4.0,1.53%,41.169999999999995,6.44,617.55,741.06,864.57,988.08,1111.59,1235.1,ShowDailyK_ChartFlow,FinMind_API_TaiwanStockPrice_2357,True,2026-09-22T15:40:28,2026-09-22T15:40:28,2026-09-22T15:40:28
2357,華碩,2022-11-24,267.5,2.5,0.94%,41.169999999999995,6.5,617.55,741.06,864.57,988.08,1111.59,1235.1,ShowDailyK_ChartFlow,FinMind_API_TaiwanStockPrice_2357,True,2026-09-22T15:40:28,2026-09-22T15:40:28,2026-09-22T15:40:28
2357,華碩,2022-11-25,265.0,-2.5,-0.93%,41.169999999999995,6.44,617.55,741.06,864.57,988.08,1111.59,1235.1,ShowDailyK_ChartFlow,FinMind_API_TaiwanStockPrice_2357,True,2026-09-22T15:40:28,2026-09-22T15:40:28,2026-09-22T15:40:28
2357,華碩,2022-11-28,265.5,0.5,0.19%,41.169999999999995,6.45,617.55,741.06,864.57,988.08,1111.59,1235.1,ShowDailyK_ChartFlow,FinMind_API_TaiwanStockPrice_2357,True,2026-09-22T15:40:28,2026-09-22T15:40:28,2026-09-22T15:40:28
2357,華碩,2022-11-29,267.0,1.5,0.56%,41.169999999999995,6.49,617.55,741.06,864.57,988.08,1111.59,1235.1,ShowDailyK_ChartFlow,FinMind_API_TaiwanStockPrice_2357,True,2026-09-22T15:40:28,2026-09-22T15:40:28,2026-09-22T15:40:28
2357,華碩,2022-11-30,266.0,-1.0,-0.37%,41.169999999999995,6.46,617.55,741.06,864.57,988.08,1111.59,1235.1,ShowDailyK_ChartFlow,FinMind_API_TaiwanStockPrice_2357,True,2026-09-22T15:40:28,2026-09-22T15:40:28,2026-09-22T15:40:28
2357,華碩,2022-12-01,271.5,5.5,2.07%,41.169999999999995,6.6,617.55,741.06,864.57,988.08,1111.59,1235.1,ShowDailyK_ChartFlow,FinMind_API_TaiwanStockPrice_2357,True,2026-09-22T15:40:28,2026-09-22T15:40:28,2026-09-22T15:40:28
2357,華碩,2022-12-02,277.0,5.5,2.03%,41.169999999999995,6.73,617.55,741.06,864.57,988.08,1111.59,1235.1,ShowDailyK_ChartFlow,FinMind_API_TaiwanStockPrice_2357,True,2026-09-22T15:40:28,2026-09-22T15:40:28,2026-09-22T15:40:28
2357,華碩,2022-12-05,283.0,6.0,2.17%,41.169999999999995,6.88,617.55,741.06,864.57,988.08,1111.59,1235.1,ShowDailyK_ChartFlow,FinMind_API_TaiwanStockPrice_2357,True,2026-09-22T15:40:28,2026-09-22T15:40:28,2026-09-22T15:40:28
2357,華碩,2022-12-06,277.5,-5.5,-1.94%,41.169999999999995,6.74,617.55,741.06,864.57,988.08,1111.59,1235.1,ShowDailyK_ChartFlow,FinMind_API_TaiwanStockPrice_2357,True,2026-09-22T15:40:28,2026-09-22T15:40:28,2026-09-22T15:40:28
2357,華碩,2022-12-07,272.0,-5.5,-1.98%,41.169999999999995,6.61,617.55,741.06,864.57,988.08,1111.59,1235.1,ShowDailyK_ChartFlow,FinMind_API_TaiwanStockPrice_2357,True,2026-09-22T15:40:28,2026-09-22T15:40:28,2026-09-22T15:40:28
2357,華碩,2022-12-08,268.0,-4.0,-1.47%,41.169999999999995,6.51,617.55,741.06,864.57,988.08,1111.59,1235.1,ShowDailyK_ChartFlow,FinMind_API_TaiwanStockPrice_2357,True,2026-09-22T15:40:28,2026-09-22T15:40:28,2026-09-22T15:40:28
2357,華碩,2022-12-09,268.5,0.5,0.19%,41.169999999999995,6.52,617.55,741.06,864.57,988.08,1111.59,1235.1,ShowDailyK_ChartFlow,FinMind_API_TaiwanStockPrice_2357,True,2026-09-22T15:40:28,2026-09-22T15:40:28,2026-09-22T15:40:28
2357,華碩,2022-12-12,273.0,4.5,1.68%,41.169999999999995,6.63,617.55,741.06,864.57,988.08,1111.59,1235.1,ShowDailyK_ChartFlow,FinMind_API_TaiwanStockPrice_2357,True,2026-09-22T15:40:28,2026-09-22T15:40:28,2026-09-22T15:40:28
2357,華碩,2022-12-13,267.5,-5.5,-2.01%,41.169999999999995,6.5,617.55,741.06,864.57,988.08,1111.59,1235.1,ShowDailyK_ChartFlow,FinMind_API_TaiwanStockPrice_2357,True,2026-09-22T15:40:28,2026-09-22T15:40:28,2026-09-22T15:40:28
2357,華碩,2022-12-14,273.0,5.5,2.06%,41.169999999999995,6.63,617.55,741.06,864.57,988.08,1111.59,1235.1,ShowDailyK_ChartFlow,FinMind_API_TaiwanStockPrice_2357,True,2026-09-22T15:40:28,2026-09-22T15:40:28,2026-09-22T15:40:28
2357,華碩,2022-12-15,267.0,-6.0,-2.20%,41.169999999999995,6.49,617.55,741.06,864.57,988.08,1111.59,1235.1,ShowDailyK_ChartFlow,FinMind_API_TaiwanStockPrice_2357,True,2026-09-22T15:40:28,2026-09-22T15:40:28,2026-09-22T15:40:28
2357,華碩,2022-12-16,265.5,-1.5,-0.56%,41.169999999999995,6.45,617.55,741.06,864.57,988.08,1111.59,1235.1,ShowDailyK_ChartFlow,FinMind_API_TaiwanStockPrice_2357,True,2026-09-22T15:40:28,2026-09-22T15:40:28,2026-09-22T15:40:28
2357,華碩,2022-12-19,264.0,-1.5,-0.56%,41.169999999999995,6.41,617.55,741.06,864.57,988.08,1111.59,1235.1,ShowDailyK_ChartFlow,FinMind_API_TaiwanStockPrice_2357,True,2026-09-22T15:40:28,2026-09-22T15:40:28,2026-09-22T15:40:28
2357,華碩,2022-12-20,269.0,5.0,1.89%,41.169999999999995,6.54,617.55,741.06,864.57,988.08,1111.59,1235.1,ShowDailyK_ChartFlow,FinMind_API_TaiwanStockPrice_2357,True,2026-09-22T15:40:28,2026-09-22T15:40:28,2026-09-22T15:40:28
2357,華碩,2022-12-21,266.0,-3.0,-1.12%,41.169999999999995,6.46,617.55,741.06,864.57,988.08,1111.59,1235.1,ShowDailyK_ChartFlow,FinMind_API_TaiwanStockPrice_2357,True,2026-09-22T15:40:28,2026-09-22T15:40:28,2026-09-22T15:40:28
2357,華碩,2022-12-22,275.5,9.5,3.57%,41.169999999999995,6.69,617.55,741.06,864.57,988.08,1111.59,1235.1,ShowDailyK_ChartFlow,FinMind_API_TaiwanStockPrice_2357,True,2026-09-22T15:40:28,2026-09-22T15:40:28,2026-09-22T15:40:28
2357,華碩,2022-12-23,271.0,-4.5,-1.63%,41.169999999999995,6.58,617.55,741.06,864.57,988.08,1111.59,1235.1,ShowDailyK_ChartFlow,FinMind_API_TaiwanStockPrice_2357,True,2026-09-22T15:40:28,2026-09-22T15:40:28,2026-09-22T15:40:28
2357,華碩,2022-12-26,272.0,1.0,0.37%,41.169999999999995,6.61,617.55,741.06,864.57,988.08,1111.59,1235.1,ShowDailyK_ChartFlow,FinMind_API_TaiwanStockPrice_2357,True,2026-09-22T15:40:28,2026-09-22T15:40:28,2026-09-22T15:40:28
2357,華碩,2022-12-27,270.0,-2.0,-0.74%,41.169999999999995,6.56,617.55,741.06,864.57,988.08,1111.59,1235.1,ShowDailyK_ChartFlow,FinMind_API_TaiwanStockPrice_2357,True,2026-09-22T15:40:28,2026-09-22T15:40:28,2026-09-22T15:40:28
2357,華碩,2022-12-28,269.0,-1.0,-0.37%,41.169999999999995,6.54,617.55,741.06,864.57,988.08,1111.59,1235.1,ShowDailyK_ChartFlow,FinMind_API_TaiwanStockPrice_2357,True,2026-09-22T15:40:28,2026-09-22T15:40:28,2026-09-22T15:40:28
2357,華碩,2022-12-29,269.0,0.0,0.00%,41.169999999999995,6.54,617.55,741.06,864.57,988.08,1111.59,1235.1,ShowDailyK_ChartFlow,FinMind_API_TaiwanStockPrice_2357,True,2026-09-22T15:40:28,2026-09-22T15:40:28,2026-09-22T15:40:28
2357,華碩,2022-12-30,268.5,-0.5,-0.19%,41.169999999999995,6.52,617.55,741.06,864.57,988.08,1111.59,1235.1,ShowDailyK_ChartFlow,FinMind_API_TaiwanStockPrice_2357,True,2026-09-22T15:40:28,2026-09-22T15:40:28,2026-09-22T15:40:28
2357,華碩,2023-01-03,270.0,1.5,0.56%,19.78,6.56,296.7,356.04,415.38,474.72,534.06,593.4,ShowDailyK_ChartFlow,FinMind_API_TaiwanStockPrice_2357,True,2026-09-22T15:40:28,2026-09-22T15:40:28,2026-09-22T15:40:28
2357,華碩,2023-01-04,268.5,-1.5,-0.56%,19.78,6.52,296.7,356.04,415.38,474.72,534.06,593.4,ShowDailyK_ChartFlow,FinMind_API_TaiwanStockPrice_2357,True,2026-09-22T15:40:28,2026-09-22T15:40:28,2026-09-22T15:40:28
2357,華碩,2023-01-05,271.0,2.5,0.93%,19.78,6.58,296.7,356.04,415.38,474.72,534.06,593.4,ShowDailyK_ChartFlow,FinMind_API_TaiwanStockPrice_2357,True,2026-09-22T15:40:28,2026-09-22T15:40:28,2026-09-22T15:40:28
2357,華碩,2023-01-06,271.5,0.5,0.18%,19.78,6.6,296.7,356.04,415.38,474.72,534.06,593.4,ShowDailyK_ChartFlow,FinMind_API_TaiwanStockPrice_2357,True,2026-09-22T15:40:28,2026-09-22T15:40:28,2026-09-22T15:40:28
2357,華碩,2023-01-09,275.0,3.5,1.29%,19.78,6.68,296.7,356.04,415.38,474.72,534.06,593.4,ShowDailyK_ChartFlow,FinMind_API_TaiwanStockPrice_2357,True,2026-09-22T15:40:28,2026-09-22T15:40:28,2026-09-22T15:40:28
2357,華碩,2023-01-10,269.5,-5.5,-2.00%,19.78,6.55,296.7,356.04,415.38,474.72,534.06,593.4,ShowDailyK_ChartFlow,FinMind_API_TaiwanStockPrice_2357,True,2026-09-22T15:40:28,2026-09-22T15:40:28,2026-09-22T15:40:28
2357,華碩,2023-01-11,269.0,-0.5,-0.19%,19.78,6.54,296.7,356.04,415.38,474.72,534.06,593.4,ShowDailyK_ChartFlow,FinMind_API_TaiwanStockPrice_2357,True,2026-09-22T15:40:28,2026-09-22T15:40:28,2026-09-22T15:40:28
2357,華碩,2023-01-12,265.0,-4.0,-1.49%,19.78,6.44,296.7,356.04,415.38,474.72,534.06,593.4,ShowDailyK_ChartFlow,FinMind_API_TaiwanStockPrice_2357,True,2026-09-22T15:40:28,2026-09-22T15:40:28,2026-09-22T15:40:28
2357,華碩,2023-01-13,268.0,3.0,1.13%,19.78,6.51,296.7,356.04,415.38,474.72,534.06,593.4,ShowDailyK_ChartFlow,FinMind_API_TaiwanStockPrice_2357,True,2026-09-22T15:40:28,2026-09-22T15:40:28,2026-09-22T15:40:28
2357,華碩,2023-01-16,269.0,1.0,0.37%,19.78,6.54,296.7,356.04,415.38,474.72,534.06,593.4,ShowDailyK_ChartFlow,FinMind_API_TaiwanStockPrice_2357,True,2026-09-22T15:40:28,2026-09-22T15:40:28,2026-09-22T15:40:28
2357,華碩,2023-01-17,268.0,-1.0,-0.37%,19.78,6.51,296.7,356.04,415.38,474.72,534.06,593.4,ShowDailyK_ChartFlow,FinMind_API_TaiwanStockPrice_2357,True,2026-09-22T15:40:28,2026-09-22T15:40:28,2026-09-22T15:40:28
2357,華碩,2023-01-30,280.0,12.0,4.48%,19.78,6.8,296.7,356.04,415.38,474.72,534.06,593.4,ShowDailyK_ChartFlow,FinMind_API_TaiwanStockPrice_2357,True,2026-09-22T15:40:28,2026-09-22T15:40:28,2026-09-22T15:40:28
2357,華碩,2023-01-31,272.0,-8.0,-2.86%,19.78,6.61,296.7,356.04,415.38,474.72,534.06,593.4,ShowDailyK_ChartFlow,FinMind_API_TaiwanStockPrice_2357,True,2026-09-22T15:40:28,2026-09-22T15:40:28,2026-09-22T15:40:28
2357,華碩,2023-02-01,275.0,3.0,1.10%,19.78,6.68,296.7,356.04,415.38,474.72,534.06,593.4,ShowDailyK_ChartFlow,FinMind_API_TaiwanStockPrice_2357,True,2026-09-22T15:40:28,2026-09-22T15:40:28,2026-09-22T15:40:28
2357,華碩,2023-02-02,278.5,3.5,1.27%,19.78,6.77,296.7,356.04,415.38,474.72,534.06,593.4,ShowDailyK_ChartFlow,FinMind_API_TaiwanStockPrice_2357,True,2026-09-22T15:40:28,2026-09-22T15:40:28,2026-09-22T15:40:28
2357,華碩,2023-02-03,278.0,-0.5,-0.18%,19.78,6.75,296.7,356.04,415.38,474.72,534.06,593.4,ShowDailyK_ChartFlow,FinMind_API_TaiwanStockPrice_2357,True,2026-09-22T15:40:28,2026-09-22T15:40:28,2026-09-22T15:40:28
2357,華碩,2023-02-06,276.0,-2.0,-0.72%,19.78,6.71,296.7,356.04,415.38,474.72,534.06,593.4,ShowDailyK_ChartFlow,FinMind_API_TaiwanStockPrice_2357,True,2026-09-22T15:40:28,2026-09-22T15:40:28,2026-09-22T15:40:28
2357,華碩,2023-02-07,278.0,2.0,0.72%,19.78,6.75,296.7,356.04,415.38,474.72,534.06,593.4,ShowDailyK_ChartFlow,FinMind_API_TaiwanStockPrice_2357,True,2026-09-22T15:40:28,2026-09-22T15:40:28,2026-09-22T15:40:28
2357,華碩,2023-02-08,277.5,-0.5,-0.18%,19.78,6.74,296.7,356.04,415.38,474.72,534.06,593.4,ShowDailyK_ChartFlow,FinMind_API_TaiwanStockPrice_2357,True,2026-09-22T15:40:28,2026-09-22T15:40:28,2026-09-22T15:40:28
2357,華碩,2023-02-09,276.0,-1.5,-0.54%,19.78,6.71,296.7,356.04,415.38,474.72,534.06,593.4,ShowDailyK_ChartFlow,FinMind_API_TaiwanStockPrice_2357,True,2026-09-22T15:40:28,2026-09-22T15:40:28,2026-09-22T15:40:28
2357,華碩,2023-02-10,270.0,-6.0,-2.17%,19.78,6.56,296.7,356.04,415.38,474.72,534.06,593.4,ShowDailyK_ChartFlow,FinMind_API_TaiwanStockPrice_2357,True,2026-09-22T15:40:28,2026-09-22T15:40:28,2026-09-22T15:40:28
2357,華碩,2023-02-13,274.5,4.5,1.67%,19.78,6.67,296.7,356.04,415.38,474.72,534.06,593.4,ShowDailyK_ChartFlow,FinMind_API_TaiwanStockPrice_2357,True,2026-09-22T15:40:28,2026-09-22T15:40:28,2026-09-22T15:40:28
2357,華碩,2023-02-14,276.5,2.0,0.73%,19.78,6.72,296.7,356.04,415.38,474.72,534.06,593.4,ShowDailyK_ChartFlow,FinMind_API_TaiwanStockPrice_2357,True,2026-09-22T15:40:28,2026-09-22T15:40:28,2026-09-22T15:40:28
2357,華碩,2023-02-15,276.0,-0.5,-0.18%,19.78,6.71,296.7,356.04,415.38,474.72,534.06,593.4,ShowDailyK_ChartFlow,FinMind_API_TaiwanStockPrice_2357,True,2026-09-22T15:40:28,2026-09-22T15:40:28,2026-09-22T15:40:28
2357,華碩,2023-02-16,278.0,2.0,0.72%,19.78,6.75,296.7,356.04,415.38,474.72,534.06,593.4,ShowDailyK_ChartFlow,FinMind_API_TaiwanStockPrice_2357,True,2026-09-22T15:40:28,2026-09-22T15:40:28,2026-09-22T15:40:28
2357,華碩,2023-02-17,279.5,1.5,0.54%,19.78,6.79,296.7,356.04,415.38,474.72,534.06,593.4,ShowDailyK_ChartFlow,FinMind_API_TaiwanStockPrice_2357,True,2026-09-22T15:40:28,2026-09-22T15:40:28,2026-09-22T15:40:28
2357,華碩,2023-02-20,278.0,-1.5,-0.54%,19.78,6.75,296.7,356.04,415.38,474.72,534.06,593.4,ShowDailyK_ChartFlow,FinMind_API_TaiwanStockPrice_2357,True,2026-09-22T15:40:28,2026-09-22T15:40:28,2026-09-22T15:40:28
2357,華碩,2023-02-21,279.5,1.5,0.54%,19.78,6.79,296.7,356.04,415.38,474.72,534.06,593.4,ShowDailyK_ChartFlow,FinMind_API_TaiwanStockPrice_2357,True,2026-09-22T15:40:28,2026-09-22T15:40:28,2026-09-22T15:40:28
2357,華碩,2023-02-22,279.5,0.0,0.00%,19.78,6.79,296.7,356.04,415.38,474.72,534.06,593.4,ShowDailyK_ChartFlow,FinMind_API_TaiwanStockPrice_2357,True,2026-09-22T15:40:28,2026-09-22T15:40:28,2026-09-22T15:40:28
2357,華碩,2023-02-23,280.5,1.0,0.36%,19.78,6.81,296.7,356.04,415.38,474.72,534.06,593.4,ShowDailyK_ChartFlow,FinMind_API_TaiwanStockPrice_2357,True,2026-09-22T15:40:28,2026-09-22T15:40:28,2026-09-22T15:40:28
2357,華碩,2023-02-24,278.0,-2.5,-0.89%,19.78,6.75,296.7,356.04,415.38,474.72,534.06,593.4,ShowDailyK_ChartFlow,FinMind_API_TaiwanStockPrice_2357,True,2026-09-22T15:40:28,2026-09-22T15:40:28,2026-09-22T15:40:28
2357,華碩,2023-03-01,276.0,-2.0,-0.72%,19.78,6.71,296.7,356.04,415.38,474.72,534.06,593.4,ShowDailyK_ChartFlow,FinMind_API_TaiwanStockPrice_2357,True,2026-09-22T15:40:28,2026-09-22T15:40:28,2026-09-22T15:40:28
2357,華碩,2023-03-02,281.0,5.0,1.81%,19.78,6.83,296.7,356.04,415.38,474.72,534.06,593.4,ShowDailyK_ChartFlow,FinMind_API_TaiwanStockPrice_2357,True,2026-09-22T15:40:28,2026-09-22T15:40:28,2026-09-22T15:40:28
2357,華碩,2023-03-03,284.0,3.0,1.07%,19.78,6.9,296.7,356.04,415.38,474.72,534.06,593.4,ShowDailyK_ChartFlow,FinMind_API_TaiwanStockPrice_2357,True,2026-09-22T15:40:28,2026-09-22T15:40:28,2026-09-22T15:40:28
2357,華碩,2023-03-06,286.5,2.5,0.88%,19.78,6.96,296.7,356.04,415.38,474.72,534.06,593.4,ShowDailyK_ChartFlow,FinMind_API_TaiwanStockPrice_2357,True,2026-09-22T15:40:28,2026-09-22T15:40:28,2026-09-22T15:40:28
2357,華碩,2023-03-07,289.5,3.0,1.05%,19.78,7.03,296.7,356.04,415.38,474.72,534.06,593.4,ShowDailyK_ChartFlow,FinMind_API_TaiwanStockPrice_2357,True,2026-09-22T15:40:28,2026-09-22T15:40:28,2026-09-22T15:40:28
2357,華碩,2023-03-08,287.5,-2.0,-0.69%,19.78,6.98,296.7,356.04,415.38,474.72,534.06,593.4,ShowDailyK_ChartFlow,FinMind_API_TaiwanStockPrice_2357,True,2026-09-22T15:40:28,2026-09-22T15:40:28,2026-09-22T15:40:28
2357,華碩,2023-03-09,285.5,-2.0,-0.70%,19.78,6.94,296.7,356.04,415.38,474.72,534.06,593.4,ShowDailyK_ChartFlow,FinMind_API_TaiwanStockPrice_2357,True,2026-09-22T15:40:28,2026-09-22T15:40:28,2026-09-22T15:40:28
2357,華碩,2023-03-10,293.0,7.5,2.63%,19.78,7.12,296.7,356.04,415.38,474.72,534.06,593.4,ShowDailyK_ChartFlow,FinMind_API_TaiwanStockPrice_2357,True,2026-09-22T15:40:28,2026-09-22T15:40:28,2026-09-22T15:40:28
2357,華碩,2023-03-13,266.0,-27.0,-9.22%,19.78,13.45,296.7,356.04,415.38,474.72,534.06,593.4,ShowDailyK_ChartFlow,FinMind_API_TaiwanStockPrice_2357,True,2026-09-22T15:40:28,2026-09-22T15:40:28,2026-09-22T15:40:28
2357,華碩,2023-03-14,261.0,-5.0,-1.88%,19.78,13.2,296.7,356.04,415.38,474.72,534.06,593.4,ShowDailyK_ChartFlow,FinMind_API_TaiwanStockPrice_2357,True,2026-09-22T15:40:28,2026-09-22T15:40:28,2026-09-22T15:40:28
2357,華碩,2023-03-15,261.5,0.5,0.19%,19.78,13.22,296.7,356.04,415.38,474.72,534.06,593.4,ShowDailyK_ChartFlow,FinMind_API_TaiwanStockPrice_2357,True,2026-09-22T15:40:28,2026-09-22T15:40:28,2026-09-22T15:40:28
2357,華碩,2023-03-16,263.0,1.5,0.57%,19.78,13.3,296.7,356.04,415.38,474.72,534.06,593.4,ShowDailyK_ChartFlow,FinMind_API_TaiwanStockPrice_2357,True,2026-09-22T15:40:28,2026-09-22T15:40:28,2026-09-22T15:40:28
2357,華碩,2023-03-17,271.0,8.0,3.04%,19.78,13.7,296.7,356.04,415.38,474.72,534.06,593.4,ShowDailyK_ChartFlow,FinMind_API_TaiwanStockPrice_2357,True,2026-09-22T15:40:28,2026-09-22T15:40:28,2026-09-22T15:40:28
2357,華碩,2023-03-20,266.0,-5.0,-1.85%,19.78,13.45,296.7,356.04,415.38,474.72,534.06,593.4,ShowDailyK_ChartFlow,FinMind_API_TaiwanStockPrice_2357,True,2026-09-22T15:40:28,2026-09-22T15:40:28,2026-09-22T15:40:28
2357,華碩,2023-03-21,268.5,2.5,0.94%,19.78,13.57,296.7,356.04,415.38,474.72,534.06,593.4,ShowDailyK_ChartFlow,FinMind_API_TaiwanStockPrice_2357,True,2026-09-22T15:40:28,2026-09-22T15:40:28,2026-09-22T15:40:28
2357,華碩,2023-03-22,269.0,0.5,0.19%,19.78,13.6,296.7,356.04,415.38,474.72,534.06,593.4,ShowDailyK_ChartFlow,FinMind_API_TaiwanStockPrice_2357,True,2026-09-22T15:40:28,2026-09-22T15:40:28,2026-09-22T15:40:28
2357,華碩,2023-03-23,269.5,0.5,0.19%,19.78,13.62,296.7,356.04,415.38,474.72,534.06,593.4,ShowDailyK_ChartFlow,FinMind_API_TaiwanStockPrice_2357,True,2026-09-22T15:40:28,2026-09-22T15:40:28,2026-09-22T15:40:28
2357,華碩,2023-03-24,270.0,0.5,0.19%,19.78,13.65,296.7,356.04,415.38,474.72,534.06,593.4,ShowDailyK_ChartFlow,FinMind_API_TaiwanStockPrice_2357,True,2026-09-22T15:40:28,2026-09-22T15:40:28,2026-09-22T15:40:28
2357,華碩,2023-03-27,269.5,-0.5,-0.19%,19.78,13.62,296.7,356.04,415.38,474.72,534.06,593.4,ShowDailyK_ChartFlow,FinMind_API_TaiwanStockPrice_2357,True,2026-09-22T15:40:28,2026-09-22T15:40:28,2026-09-22T15:40:28
2357,華碩,2023-03-28,268.5,-1.0,-0.37%,19.78,13.57,296.7,356.04,415.38,474.72,534.06,593.4,ShowDailyK_ChartFlow,FinMind_API_TaiwanStockPrice_2357,True,2026-09-22T15:40:28,2026-09-22T15:40:28,2026-09-22T15:40:28
2357,華碩,2023-03-29,271.5,3.0,1.12%,19.78,13.73,296.7,356.04,415.38,474.72,534.06,593.4,ShowDailyK_ChartFlow,FinMind_API_TaiwanStockPrice_2357,True,2026-09-22T15:40:28,2026-09-22T15:40:28,2026-09-22T15:40:28
2357,華碩,2023-03-30,272.5,1.0,0.37%,19.78,13.78,296.7,356.04,415.38,474.72,534.06,593.4,ShowDailyK_ChartFlow,FinMind_API_TaiwanStockPrice_2357,True,2026-09-22T15:40:28,2026-09-22T15:40:28,2026-09-22T15:40:28
2357,華碩,2023-03-31,272.5,0.0,0.00%,3.4800000000000004,13.78,52.2,62.64,73.08,83.52,93.96,104.4,ShowDailyK_ChartFlow,FinMind_API_TaiwanStockPrice_2357,True,2026-09-22T15:40:28,2026-09-22T15:40:28,2026-09-22T15:40:28
2357,華碩,2023-04-06,270.5,-2.0,-0.73%,3.4800000000000004,13.68,52.2,62.64,73.08,83.52,93.96,104.4,ShowDailyK_ChartFlow,FinMind_API_TaiwanStockPrice_2357,True,2026-09-22T15:40:28,2026-09-22T15:40:28,2026-09-22T15:40:28
2357,華碩,2023-04-07,270.0,-0.5,-0.18%,3.4800000000000004,13.65,52.2,62.64,73.08,83.52,93.96,104.4,ShowDailyK_ChartFlow,FinMind_API_TaiwanStockPrice_2357,True,2026-09-22T15:40:28,2026-09-22T15:40:28,2026-09-22T15:40:28
2357,華碩,2023-04-10,271.0,1.0,0.37%,3.4800000000000004,13.7,52.2,62.64,73.08,83.52,93.96,104.4,ShowDailyK_ChartFlow,FinMind_API_TaiwanStockPrice_2357,True,2026-09-22T15:40:28,2026-09-22T15:40:28,2026-09-22T15:40:28
2357,華碩,2023-04-11,273.5,2.5,0.92%,3.4800000000000004,13.83,52.2,62.64,73.08,83.52,93.96,104.4,ShowDailyK_ChartFlow,FinMind_API_TaiwanStockPrice_2357,True,2026-09-22T15:40:28,2026-09-22T15:40:28,2026-09-22T15:40:28
2357,華碩,2023-04-12,278.5,5.0,1.83%,3.4800000000000004,14.08,52.2,62.64,73.08,83.52,93.96,104.4,ShowDailyK_ChartFlow,FinMind_API_TaiwanStockPrice_2357,True,2026-09-22T15:40:28,2026-09-22T15:40:28,2026-09-22T15:40:28
2357,華碩,2023-04-13,275.5,-3.0,-1.08%,3.4800000000000004,13.93,52.2,62.64,73.08,83.52,93.96,104.4,ShowDailyK_ChartFlow,FinMind_API_TaiwanStockPrice_2357,True,2026-09-22T15:40:28,2026-09-22T15:40:28,2026-09-22T15:40:28
2357,華碩,2023-04-14,277.5,2.0,0.73%,3.4800000000000004,14.03,52.2,62.64,73.08,83.52,93.96,104.4,ShowDailyK_ChartFlow,FinMind_API_TaiwanStockPrice_2357,True,2026-09-22T15:40:28,2026-09-22T15:40:28,2026-09-22T15:40:28
2357,華碩,2023-04-17,281.0,3.5,1.26%,3.4800000000000004,14.21,52.2,62.64,73.08,83.52,93.96,104.4,ShowDailyK_ChartFlow,FinMind_API_TaiwanStockPrice_2357,True,2026-09-22T15:40:28,2026-09-22T15:40:28,2026-09-22T15:40:28
2357,華碩,2023-04-18,278.5,-2.5,-0.89%,3.4800000000000004,14.08,52.2,62.64,73.08,83.52,93.96,104.4,ShowDailyK_ChartFlow,FinMind_API_TaiwanStockPrice_2357,True,2026-09-22T15:40:28,2026-09-22T15:40:28,2026-09-22T15:40:28
2357,華碩,2023-04-19,278.5,0.0,0.00%,3.4800000000000004,14.08,52.2,62.64,73.08,83.52,93.96,104.4,ShowDailyK_ChartFlow,FinMind_API_TaiwanStockPrice_2357,True,2026-09-22T15:40:28,2026-09-22T15:40:28,2026-09-22T15:40:28
2357,華碩,2023-04-20,276.5,-2.0,-0.72%,3.4800000000000004,13.98,52.2,62.64,73.08,83.52,93.96,104.4,ShowDailyK_ChartFlow,FinMind_API_TaiwanStockPrice_2357,True,2026-09-22T15:40:28,2026-09-22T15:40:28,2026-09-22T15:40:28
2357,華碩,2023-04-21,276.0,-0.5,-0.18%,3.4800000000000004,13.95,52.2,62.64,73.08,83.52,93.96,104.4,ShowDailyK_ChartFlow,FinMind_API_TaiwanStockPrice_2357,True,2026-09-22T15:40:28,2026-09-22T15:40:28,2026-09-22T15:40:28
2357,華碩,2023-04-24,278.5,2.5,0.91%,3.4800000000000004,14.08,52.2,62.64,73.08,83.52,93.96,104.4,ShowDailyK_ChartFlow,FinMind_API_TaiwanStockPrice_2357,True,2026-09-22T15:40:28,2026-09-22T15:40:28,2026-09-22T15:40:28
2357,華碩,2023-04-25,278.0,-0.5,-0.18%,3.4800000000000004,14.05,52.2,62.64,73.08,83.52,93.96,104.4,ShowDailyK_ChartFlow,FinMind_API_TaiwanStockPrice_2357,True,2026-09-22T15:40:28,2026-09-22T15:40:28,2026-09-22T15:40:28
2357,華碩,2023-04-26,275.5,-2.5,-0.90%,3.4800000000000004,13.93,52.2,62.64,73.08,83.52,93.96,104.4,ShowDailyK_ChartFlow,FinMind_API_TaiwanStockPrice_2357,True,2026-09-22T15:40:28,2026-09-22T15:40:28,2026-09-22T15:40:28
2357,華碩,2023-04-27,280.0,4.5,1.63%,3.4800000000000004,14.16,52.2,62.64,73.08,83.52,93.96,104.4,ShowDailyK_ChartFlow,FinMind_API_TaiwanStockPrice_2357,True,2026-09-22T15:40:28,2026-09-22T15:40:28,2026-09-22T15:40:28
2357,華碩,2023-04-28,282.5,2.5,0.89%,3.4800000000000004,14.28,52.2,62.64,73.08,83.52,93.96,104.4,ShowDailyK_ChartFlow,FinMind_API_TaiwanStockPrice_2357,True,2026-09-22T15:40:28,2026-09-22T15:40:28,2026-09-22T15:40:28
2357,華碩,2023-05-02,286.0,3.5,1.24%,3.4800000000000004,14.46,52.2,62.64,73.08,83.52,93.96,104.4,ShowDailyK_ChartFlow,FinMind_API_TaiwanStockPrice_2357,True,2026-09-22T15:40:28,2026-09-22T15:40:28,2026-09-22T15:40:28
2357,華碩,2023-05-03,287.5,1.5,0.52%,3.4800000000000004,14.53,52.2,62.64,73.08,83.52,93.96,104.4,ShowDailyK_ChartFlow,FinMind_API_TaiwanStockPrice_2357,True,2026-09-22T15:40:28,2026-09-22T15:40:28,2026-09-22T15:40:28
2357,華碩,2023-05-04,292.0,4.5,1.57%,3.4800000000000004,14.76,52.2,62.64,73.08,83.52,93.96,104.4,ShowDailyK_ChartFlow,FinMind_API_TaiwanStockPrice_2357,True,2026-09-22T15:40:28,2026-09-22T15:40:28,2026-09-22T15:40:28
2357,華碩,2023-05-05,289.0,-3.0,-1.03%,3.4800000000000004,14.61,52.2,62.64,73.08,83.52,93.96,104.4,ShowDailyK_ChartFlow,FinMind_API_TaiwanStockPrice_2357,True,2026-09-22T15:40:28,2026-09-22T15:40:28,2026-09-22T15:40:28
2357,華碩,2023-05-08,288.5,-0.5,-0.17%,3.4800000000000004,14.59,52.2,62.64,73.08,83.52,93.96,104.4,ShowDailyK_ChartFlow,FinMind_API_TaiwanStockPrice_2357,True,2026-09-22T15:40:28,2026-09-22T15:40:28,2026-09-22T15:40:28
2357,華碩,2023-05-09,292.0,3.5,1.21%,3.4800000000000004,14.76,52.2,62.64,73.08,83.52,93.96,104.4,ShowDailyK_ChartFlow,FinMind_API_TaiwanStockPrice_2357,True,2026-09-22T15:40:28,2026-09-22T15:40:28,2026-09-22T15:40:28
2357,華碩,2023-05-10,291.5,-0.5,-0.17%,3.4800000000000004,14.74,52.2,62.64,73.08,83.52,93.96,104.4,ShowDailyK_ChartFlow,FinMind_API_TaiwanStockPrice_2357,True,2026-09-22T15:40:28,2026-09-22T15:40:28,2026-09-22T15:40:28
2357,華碩,2023-05-11,286.5,-5.0,-1.72%,3.4800000000000004,14.48,52.2,62.64,73.08,83.52,93.96,104.4,ShowDailyK_ChartFlow,FinMind_API_TaiwanStockPrice_2357,True,2026-09-22T15:40:28,2026-09-22T15:40:28,2026-09-22T15:40:28
2357,華碩,2023-05-12,281.5,-5.0,-1.75%,3.4800000000000004,14.23,52.2,62.64,73.08,83.52,93.96,104.4,ShowDailyK_ChartFlow,FinMind_API_TaiwanStockPrice_2357,True,2026-09-22T15:40:28,2026-09-22T15:40:28,2026-09-22T15:40:28
2357,華碩,2023-05-15,303.5,22.0,7.82%,3.4800000000000004,87.46,52.2,62.64,73.08,83.52,93.96,104.4,ShowDailyK_ChartFlow,FinMind_API_TaiwanStockPrice_2357,True,2026-09-22T15:40:28,2026-09-22T15:40:28,2026-09-22T15:40:28
2357,華碩,2023-05-16,303.5,0.0,0.00%,3.4800000000000004,87.46,52.2,62.64,73.08,83.52,93.96,104.4,ShowDailyK_ChartFlow,FinMind_API_TaiwanStockPrice_2357,True,2026-09-22T15:40:28,2026-09-22T15:40:28,2026-09-22T15:40:28
2357,華碩,2023-05-17,303.5,0.0,0.00%,3.4800000000000004,87.46,52.2,62.64,73.08,83.52,93.96,104.4,ShowDailyK_ChartFlow,FinMind_API_TaiwanStockPrice_2357,True,2026-09-22T15:40:28,2026-09-22T15:40:28,2026-09-22T15:40:28
2357,華碩,2023-05-18,308.0,4.5,1.48%,3.4800000000000004,88.76,52.2,62.64,73.08,83.52,93.96,104.4,ShowDailyK_ChartFlow,FinMind_API_TaiwanStockPrice_2357,True,2026-09-22T15:40:28,2026-09-22T15:40:28,2026-09-22T15:40:28
2357,華碩,2023-05-19,308.0,0.0,0.00%,3.4800000000000004,88.76,52.2,62.64,73.08,83.52,93.96,104.4,ShowDailyK_ChartFlow,FinMind_API_TaiwanStockPrice_2357,True,2026-09-22T15:40:28,2026-09-22T15:40:28,2026-09-22T15:40:28
2357,華碩,2023-05-22,306.5,-1.5,-0.49%,3.4800000000000004,88.33,52.2,62.64,73.08,83.52,93.96,104.4,ShowDailyK_ChartFlow,FinMind_API_TaiwanStockPrice_2357,True,2026-09-22T15:40:28,2026-09-22T15:40:28,2026-09-22T15:40:28
2357,華碩,2023-05-23,307.0,0.5,0.16%,3.4800000000000004,88.47,52.2,62.64,73.08,83.52,93.96,104.4,ShowDailyK_ChartFlow,FinMind_API_TaiwanStockPrice_2357,True,2026-09-22T15:40:28,2026-09-22T15:40:28,2026-09-22T15:40:28
2357,華碩,2023-05-24,308.0,1.0,0.33%,3.4800000000000004,88.76,52.2,62.64,73.08,83.52,93.96,104.4,ShowDailyK_ChartFlow,FinMind_API_TaiwanStockPrice_2357,True,2026-09-22T15:40:28,2026-09-22T15:40:28,2026-09-22T15:40:28
2357,華碩,2023-05-25,304.5,-3.5,-1.14%,3.4800000000000004,87.75,52.2,62.64,73.08,83.52,93.96,104.4,ShowDailyK_ChartFlow,FinMind_API_TaiwanStockPrice_2357,True,2026-09-22T15:40:28,2026-09-22T15:40:28,2026-09-22T15:40:28
2357,華碩,2023-05-26,308.5,4.0,1.31%,3.4800000000000004,88.9,52.2,62.64,73.08,83.52,93.96,104.4,ShowDailyK_ChartFlow,FinMind_API_TaiwanStockPrice_2357,True,2026-09-22T15:40:28,2026-09-22T15:40:28,2026-09-22T15:40:28
2357,華碩,2023-05-29,303.5,-5.0,-1.62%,3.4800000000000004,87.46,52.2,62.64,73.08,83.52,93.96,104.4,ShowDailyK_ChartFlow,FinMind_API_TaiwanStockPrice_2357,True,2026-09-22T15:40:28,2026-09-22T15:40:28,2026-09-22T15:40:28
2357,華碩,2023-05-30,304.0,0.5,0.16%,3.4800000000000004,87.61,52.2,62.64,73.08,83.52,93.96,104.4,ShowDailyK_ChartFlow,FinMind_API_TaiwanStockPrice_2357,True,2026-09-22T15:40:28,2026-09-22T15:40:28,2026-09-22T15:40:28
2357,華碩,2023-05-31,305.0,1.0,0.33%,3.4800000000000004,87.9,52.2,62.64,73.08,83.52,93.96,104.4,ShowDailyK_ChartFlow,FinMind_API_TaiwanStockPrice_2357,True,2026-09-22T15:40:28,2026-09-22T15:40:28,2026-09-22T15:40:28
2357,華碩,2023-06-01,306.0,1.0,0.33%,3.4800000000000004,88.18,52.2,62.64,73.08,83.52,93.96,104.4,ShowDailyK_ChartFlow,FinMind_API_TaiwanStockPrice_2357,True,2026-09-22T15:40:28,2026-09-22T15:40:28,2026-09-22T15:40:28
2357,華碩,2023-06-02,315.0,9.0,2.94%,3.4800000000000004,90.78,52.2,62.64,73.08,83.52,93.96,104.4,ShowDailyK_ChartFlow,FinMind_API_TaiwanStockPrice_2357,True,2026-09-22T15:40:28,2026-09-22T15:40:28,2026-09-22T15:40:28
2357,華碩,2023-06-05,313.5,-1.5,-0.48%,3.4800000000000004,90.35,52.2,62.64,73.08,83.52,93.96,104.4,ShowDailyK_ChartFlow,FinMind_API_TaiwanStockPrice_2357,True,2026-09-22T15:40:28,2026-09-22T15:40:28,2026-09-22T15:40:28
2357,華碩,2023-06-06,313.0,-0.5,-0.16%,3.4800000000000004,90.2,52.2,62.64,73.08,83.52,93.96,104.4,ShowDailyK_ChartFlow,FinMind_API_TaiwanStockPrice_2357,True,2026-09-22T15:40:28,2026-09-22T15:40:28,2026-09-22T15:40:28
2357,華碩,2023-06-07,314.5,1.5,0.48%,3.4800000000000004,90.63,52.2,62.64,73.08,83.52,93.96,104.4,ShowDailyK_ChartFlow,FinMind_API_TaiwanStockPrice_2357,True,2026-09-22T15:40:28,2026-09-22T15:40:28,2026-09-22T15:40:28
2357,華碩,2023-06-08,314.0,-0.5,-0.16%,3.4800000000000004,90.49,52.2,62.64,73.08,83.52,93.96,104.4,ShowDailyK_ChartFlow,FinMind_API_TaiwanStockPrice_2357,True,2026-09-22T15:40:28,2026-09-22T15:40:28,2026-09-22T15:40:28
2357,華碩,2023-06-09,315.0,1.0,0.32%,3.4800000000000004,90.78,52.2,62.64,73.08,83.52,93.96,104.4,ShowDailyK_ChartFlow,FinMind_API_TaiwanStockPrice_2357,True,2026-09-22T15:40:28,2026-09-22T15:40:28,2026-09-22T15:40:28
2357,華碩,2023-06-12,324.5,9.5,3.02%,3.4800000000000004,93.52,52.2,62.64,73.08,83.52,93.96,104.4,ShowDailyK_ChartFlow,FinMind_API_TaiwanStockPrice_2357,True,2026-09-22T15:40:28,2026-09-22T15:40:28,2026-09-22T15:40:28
2357,華碩,2023-06-13,320.0,-4.5,-1.39%,3.4800000000000004,92.22,52.2,62.64,73.08,83.52,93.96,104.4,ShowDailyK_ChartFlow,FinMind_API_TaiwanStockPrice_2357,True,2026-09-22T15:40:28,2026-09-22T15:40:28,2026-09-22T15:40:28
2357,華碩,2023-06-14,317.5,-2.5,-0.78%,3.4800000000000004,91.5,52.2,62.64,73.08,83.52,93.96,104.4,ShowDailyK_ChartFlow,FinMind_API_TaiwanStockPrice_2357,True,2026-09-22T15:40:28,2026-09-22T15:40:28,2026-09-22T15:40:28
2357,華碩,2023-06-15,319.5,2.0,0.63%,3.4800000000000004,92.07,52.2,62.64,73.08,83.52,93.96,104.4,ShowDailyK_ChartFlow,FinMind_API_TaiwanStockPrice_2357,True,2026-09-22T15:40:28,2026-09-22T15:40:28,2026-09-22T15:40:28
2357,華碩,2023-06-16,316.5,-3.0,-0.94%,3.4800000000000004,91.21,52.2,62.64,73.08,83.52,93.96,104.4,ShowDailyK_ChartFlow,FinMind_API_TaiwanStockPrice_2357,True,2026-09-22T15:40:28,2026-09-22T15:40:28,2026-09-22T15:40:28
2357,華碩,2023-06-19,311.0,-5.5,-1.74%,3.4800000000000004,89.63,52.2,62.64,73.08,83.52,93.96,104.4,ShowDailyK_ChartFlow,FinMind_API_TaiwanStockPrice_2357,True,2026-09-22T15:40:28,2026-09-22T15:40:28,2026-09-22T15:40:28
2357,華碩,2023-06-20,310.0,-1.0,-0.32%,3.4800000000000004,89.34,52.2,62.64,73.08,83.52,93.96,104.4,ShowDailyK_ChartFlow,FinMind_API_TaiwanStockPrice_2357,True,2026-09-22T15:40:28,2026-09-22T15:40:28,2026-09-22T15:40:28
2357,華碩,2023-06-21,314.5,4.5,1.45%,3.4800000000000004,90.63,52.2,62.64,73.08,83.52,93.96,104.4,ShowDailyK_ChartFlow,FinMind_API_TaiwanStockPrice_2357,True,2026-09-22T15:40:28,2026-09-22T15:40:28,2026-09-22T15:40:28
2357,華碩,2023-06-26,321.0,6.5,2.07%,3.4800000000000004,92.51,52.2,62.64,73.08,83.52,93.96,104.4,ShowDailyK_ChartFlow,FinMind_API_TaiwanStockPrice_2357,True,2026-09-22T15:40:28,2026-09-22T15:40:28,2026-09-22T15:40:28
2357,華碩,2023-06-27,315.5,-5.5,-1.71%,3.4800000000000004,90.92,52.2,62.64,73.08,83.52,93.96,104.4,ShowDailyK_ChartFlow,FinMind_API_TaiwanStockPrice_2357,True,2026-09-22T15:40:28,2026-09-22T15:40:28,2026-09-22T15:40:28
2357,華碩,2023-06-28,316.0,0.5,0.16%,3.4800000000000004,91.07,52.2,62.64,73.08,83.52,93.96,104.4,ShowDailyK_ChartFlow,FinMind_API_TaiwanStockPrice_2357,True,2026-09-22T15:40:28,2026-09-22T15:40:28,2026-09-22T15:40:28
2357,華碩,2023-06-29,314.0,-2.0,-0.63%,3.4800000000000004,90.49,52.2,62.64,73.08,83.52,93.96,104.4,ShowDailyK_ChartFlow,FinMind_API_TaiwanStockPrice_2357,True,2026-09-22T15:40:28,2026-09-22T15:40:28,2026-09-22T15:40:28
2357,華碩,2023-06-30,314.5,0.5,0.16%,4.41,90.63,66.15,79.38,92.61,105.84,119.07,132.3,ShowDailyK_ChartFlow,FinMind_API_TaiwanStockPrice_2357,True,2026-09-22T15:40:28,2026-09-22T15:40:28,2026-09-22T15:40:28
2357,華碩,2023-07-03,312.5,-2.0,-0.64%,4.41,90.06,66.15,79.38,92.61,105.84,119.07,132.3,ShowDailyK_ChartFlow,FinMind_API_TaiwanStockPrice_2357,True,2026-09-22T15:40:28,2026-09-22T15:40:28,2026-09-22T15:40:28
2357,華碩,2023-07-04,293.5,-19.0,-6.08%,4.41,84.58,66.15,79.38,92.61,105.84,119.07,132.3,ShowDailyK_ChartFlow,FinMind_API_TaiwanStockPrice_2357,True,2026-09-22T15:40:28,2026-09-22T15:40:28,2026-09-22T15:40:28
2357,華碩,2023-07-05,296.5,3.0,1.02%,4.41,85.45,66.15,79.38,92.61,105.84,119.07,132.3,ShowDailyK_ChartFlow,FinMind_API_TaiwanStockPrice_2357,True,2026-09-22T15:40:28,2026-09-22T15:40:28,2026-09-22T15:40:28
2357,華碩,2023-07-06,300.0,3.5,1.18%,4.41,86.46,66.15,79.38,92.61,105.84,119.07,132.3,ShowDailyK_ChartFlow,FinMind_API_TaiwanStockPrice_2357,True,2026-09-22T15:40:28,2026-09-22T15:40:28,2026-09-22T15:40:28
2357,華碩,2023-07-07,293.0,-7.0,-2.33%,4.41,84.44,66.15,79.38,92.61,105.84,119.07,132.3,ShowDailyK_ChartFlow,FinMind_API_TaiwanStockPrice_2357,True,2026-09-22T15:40:28,2026-09-22T15:40:28,2026-09-22T15:40:28
2357,華碩,2023-07-10,292.0,-1.0,-0.34%,4.41,84.15,66.15,79.38,92.61,105.84,119.07,132.3,ShowDailyK_ChartFlow,FinMind_API_TaiwanStockPrice_2357,True,2026-09-22T15:40:28,2026-09-22T15:40:28,2026-09-22T15:40:28
2357,華碩,2023-07-11,296.0,4.0,1.37%,4.41,85.3,66.15,79.38,92.61,105.84,119.07,132.3,ShowDailyK_ChartFlow,FinMind_API_TaiwanStockPrice_2357,True,2026-09-22T15:40:28,2026-09-22T15:40:28,2026-09-22T15:40:28
2357,華碩,2023-07-12,296.5,0.5,0.17%,4.41,85.45,66.15,79.38,92.61,105.84,119.07,132.3,ShowDailyK_ChartFlow,FinMind_API_TaiwanStockPrice_2357,True,2026-09-22T15:40:28,2026-09-22T15:40:28,2026-09-22T15:40:28
2357,華碩,2023-07-13,295.5,-1.0,-0.34%,4.41,85.16,66.15,79.38,92.61,105.84,119.07,132.3,ShowDailyK_ChartFlow,FinMind_API_TaiwanStockPrice_2357,True,2026-09-22T15:40:28,2026-09-22T15:40:28,2026-09-22T15:40:28
2357,華碩,2023-07-14,298.0,2.5,0.85%,4.41,85.88,66.15,79.38,92.61,105.84,119.07,132.3,ShowDailyK_ChartFlow,FinMind_API_TaiwanStockPrice_2357,True,2026-09-22T15:40:28,2026-09-22T15:40:28,2026-09-22T15:40:28
2357,華碩,2023-07-17,299.5,1.5,0.50%,4.41,86.31,66.15,79.38,92.61,105.84,119.07,132.3,ShowDailyK_ChartFlow,FinMind_API_TaiwanStockPrice_2357,True,2026-09-22T15:40:28,2026-09-22T15:40:28,2026-09-22T15:40:28
2357,華碩,2023-07-18,306.5,7.0,2.34%,4.41,88.33,66.15,79.38,92.61,105.84,119.07,132.3,ShowDailyK_ChartFlow,FinMind_API_TaiwanStockPrice_2357,True,2026-09-22T15:40:28,2026-09-22T15:40:28,2026-09-22T15:40:28
2357,華碩,2023-07-19,298.0,-8.5,-2.77%,4.41,85.88,66.15,79.38,92.61,105.84,119.07,132.3,ShowDailyK_ChartFlow,FinMind_API_TaiwanStockPrice_2357,True,2026-09-22T15:40:28,2026-09-22T15:40:28,2026-09-22T15:40:28
2357,華碩,2023-07-20,303.0,5.0,1.68%,4.41,87.32,66.15,79.38,92.61,105.84,119.07,132.3,ShowDailyK_ChartFlow,FinMind_API_TaiwanStockPrice_2357,True,2026-09-22T15:40:28,2026-09-22T15:40:28,2026-09-22T15:40:28
2357,華碩,2023-07-21,333.0,30.0,9.90%,4.41,95.97,66.15,79.38,92.61,105.84,119.07,132.3,ShowDailyK_ChartFlow,FinMind_API_TaiwanStockPrice_2357,True,2026-09-22T15:40:28,2026-09-22T15:40:28,2026-09-22T15:40:28
2357,華碩,2023-07-24,366.0,33.0,9.91%,4.41,105.48,66.15,79.38,92.61,105.84,119.07,132.3,ShowDailyK_ChartFlow,FinMind_API_TaiwanStockPrice_2357,True,2026-09-22T15:40:28,2026-09-22T15:40:28,2026-09-22T15:40:28
2357,華碩,2023-07-25,367.5,1.5,0.41%,4.41,105.91,66.15,79.38,92.61,105.84,119.07,132.3,ShowDailyK_ChartFlow,FinMind_API_TaiwanStockPrice_2357,True,2026-09-22T15:40:28,2026-09-22T15:40:28,2026-09-22T15:40:28
2357,華碩,2023-07-26,367.0,-0.5,-0.14%,4.41,105.76,66.15,79.38,92.61,105.84,119.07,132.3,ShowDailyK_ChartFlow,FinMind_API_TaiwanStockPrice_2357,True,2026-09-22T15:40:28,2026-09-22T15:40:28,2026-09-22T15:40:28
2357,華碩,2023-07-27,356.0,-11.0,-3.00%,4.41,102.59,66.15,79.38,92.61,105.84,119.07,132.3,ShowDailyK_ChartFlow,FinMind_API_TaiwanStockPrice_2357,True,2026-09-22T15:40:28,2026-09-22T15:40:28,2026-09-22T15:40:28
2357,華碩,2023-07-28,388.0,32.0,8.99%,4.41,111.82,66.15,79.38,92.61,105.84,119.07,132.3,ShowDailyK_ChartFlow,FinMind_API_TaiwanStockPrice_2357,True,2026-09-22T15:40:28,2026-09-22T15:40:28,2026-09-22T15:40:28
2357,華碩,2023-07-31,364.0,-24.0,-6.19%,4.41,104.9,66.15,79.38,92.61,105.84,119.07,132.3,ShowDailyK_ChartFlow,FinMind_API_TaiwanStockPrice_2357,True,2026-09-22T15:40:28,2026-09-22T15:40:28,2026-09-22T15:40:28
2357,華碩,2023-08-01,372.0,8.0,2.20%,4.41,107.2,66.15,79.38,92.61,105.84,119.07,132.3,ShowDailyK_ChartFlow,FinMind_API_TaiwanStockPrice_2357,True,2026-09-22T15:40:28,2026-09-22T15:40:28,2026-09-22T15:40:28
2357,華碩,2023-08-02,361.5,-10.5,-2.82%,4.41,104.18,66.15,79.38,92.61,105.84,119.07,132.3,ShowDailyK_ChartFlow,FinMind_API_TaiwanStockPrice_2357,True,2026-09-22T15:40:28,2026-09-22T15:40:28,2026-09-22T15:40:28
2357,華碩,2023-08-04,362.0,0.5,0.14%,4.41,104.32,66.15,79.38,92.61,105.84,119.07,132.3,ShowDailyK_ChartFlow,FinMind_API_TaiwanStockPrice_2357,True,2026-09-22T15:40:28,2026-09-22T15:40:28,2026-09-22T15:40:28
2357,華碩,2023-08-07,370.5,8.5,2.35%,4.41,106.77,66.15,79.38,92.61,105.84,119.07,132.3,ShowDailyK_ChartFlow,FinMind_API_TaiwanStockPrice_2357,True,2026-09-22T15:40:28,2026-09-22T15:40:28,2026-09-22T15:40:28
2357,華碩,2023-08-08,376.0,5.5,1.48%,4.41,108.36,66.15,79.38,92.61,105.84,119.07,132.3,ShowDailyK_ChartFlow,FinMind_API_TaiwanStockPrice_2357,True,2026-09-22T15:40:28,2026-09-22T15:40:28,2026-09-22T15:40:28
2357,華碩,2023-08-09,379.0,3.0,0.80%,4.41,109.22,66.15,79.38,92.61,105.84,119.07,132.3,ShowDailyK_ChartFlow,FinMind_API_TaiwanStockPrice_2357,True,2026-09-22T15:40:28,2026-09-22T15:40:28,2026-09-22T15:40:28
2357,華碩,2023-08-10,368.5,-10.5,-2.77%,4.41,106.2,66.15,79.38,92.61,105.84,119.07,132.3,ShowDailyK_ChartFlow,FinMind_API_TaiwanStockPrice_2357,True,2026-09-22T15:40:28,2026-09-22T15:40:28,2026-09-22T15:40:28
2357,華碩,2023-08-11,368.0,-0.5,-0.14%,4.41,106.05,66.15,79.38,92.61,105.84,119.07,132.3,ShowDailyK_ChartFlow,FinMind_API_TaiwanStockPrice_2357,True,2026-09-22T15:40:28,2026-09-22T15:40:28,2026-09-22T15:40:28
2357,華碩,2023-08-14,371.0,3.0,0.82%,4.41,84.32,66.15,79.38,92.61,105.84,119.07,132.3,ShowDailyK_ChartFlow,FinMind_API_TaiwanStockPrice_2357,True,2026-09-22T15:40:28,2026-09-22T15:40:28,2026-09-22T15:40:28
2357,華碩,2023-08-15,385.0,14.0,3.77%,4.41,87.5,66.15,79.38,92.61,105.84,119.07,132.3,ShowDailyK_ChartFlow,FinMind_API_TaiwanStockPrice_2357,True,2026-09-22T15:40:28,2026-09-22T15:40:28,2026-09-22T15:40:28
2357,華碩,2023-08-16,389.5,4.5,1.17%,4.41,88.52,66.15,79.38,92.61,105.84,119.07,132.3,ShowDailyK_ChartFlow,FinMind_API_TaiwanStockPrice_2357,True,2026-09-22T15:40:28,2026-09-22T15:40:28,2026-09-22T15:40:28
2357,華碩,2023-08-17,393.5,4.0,1.03%,4.41,89.43,66.15,79.38,92.61,105.84,119.07,132.3,ShowDailyK_ChartFlow,FinMind_API_TaiwanStockPrice_2357,True,2026-09-22T15:40:28,2026-09-22T15:40:28,2026-09-22T15:40:28
2357,華碩,2023-08-18,384.0,-9.5,-2.41%,4.41,87.27,66.15,79.38,92.61,105.84,119.07,132.3,ShowDailyK_ChartFlow,FinMind_API_TaiwanStockPrice_2357,True,2026-09-22T15:40:28,2026-09-22T15:40:28,2026-09-22T15:40:28
2357,華碩,2023-08-21,386.0,2.0,0.52%,4.41,87.73,66.15,79.38,92.61,105.84,119.07,132.3,ShowDailyK_ChartFlow,FinMind_API_TaiwanStockPrice_2357,True,2026-09-22T15:40:28,2026-09-22T15:40:28,2026-09-22T15:40:28
2357,華碩,2023-08-22,395.0,9.0,2.33%,4.41,89.77,66.15,79.38,92.61,105.84,119.07,132.3,ShowDailyK_ChartFlow,FinMind_API_TaiwanStockPrice_2357,True,2026-09-22T15:40:28,2026-09-22T15:40:28,2026-09-22T15:40:28
2357,華碩,2023-08-23,414.5,19.5,4.94%,4.41,94.2,66.15,79.38,92.61,105.84,119.07,132.3,ShowDailyK_ChartFlow,FinMind_API_TaiwanStockPrice_2357,True,2026-09-22T15:40:28,2026-09-22T15:40:28,2026-09-22T15:40:28
2357,華碩,2023-08-24,428.0,13.5,3.26%,4.41,97.27,66.15,79.38,92.61,105.84,119.07,132.3,ShowDailyK_ChartFlow,FinMind_API_TaiwanStockPrice_2357,True,2026-09-22T15:40:28,2026-09-22T15:40:28,2026-09-22T15:40:28
2357,華碩,2023-08-25,413.0,-15.0,-3.50%,4.41,93.86,66.15,79.38,92.61,105.84,119.07,132.3,ShowDailyK_ChartFlow,FinMind_API_TaiwanStockPrice_2357,True,2026-09-22T15:40:28,2026-09-22T15:40:28,2026-09-22T15:40:28
2357,華碩,2023-08-28,405.0,-8.0,-1.94%,4.41,92.05,66.15,79.38,92.61,105.84,119.07,132.3,ShowDailyK_ChartFlow,FinMind_API_TaiwanStockPrice_2357,True,2026-09-22T15:40:28,2026-09-22T15:40:28,2026-09-22T15:40:28
2357,華碩,2023-08-29,405.0,0.0,0.00%,4.41,92.05,66.15,79.38,92.61,105.84,119.07,132.3,ShowDailyK_ChartFlow,FinMind_API_TaiwanStockPrice_2357,True,2026-09-22T15:40:28,2026-09-22T15:40:28,2026-09-22T15:40:28
2357,華碩,2023-08-30,403.0,-2.0,-0.49%,4.41,91.59,66.15,79.38,92.61,105.84,119.07,132.3,ShowDailyK_ChartFlow,FinMind_API_TaiwanStockPrice_2357,True,2026-09-22T15:40:28,2026-09-22T15:40:28,2026-09-22T15:40:28
2357,華碩,2023-08-31,402.5,-0.5,-0.12%,4.41,91.48,66.15,79.38,92.61,105.84,119.07,132.3,ShowDailyK_ChartFlow,FinMind_API_TaiwanStockPrice_2357,True,2026-09-22T15:40:28,2026-09-22T15:40:28,2026-09-22T15:40:28
2357,華碩,2023-09-01,400.0,-2.5,-0.62%,4.41,90.91,66.15,79.38,92.61,105.84,119.07,132.3,ShowDailyK_ChartFlow,FinMind_API_TaiwanStockPrice_2357,True,2026-09-22T15:40:28,2026-09-22T15:40:28,2026-09-22T15:40:28
2357,華碩,2023-09-04,400.0,0.0,0.00%,4.41,90.91,66.15,79.38,92.61,105.84,119.07,132.3,ShowDailyK_ChartFlow,FinMind_API_TaiwanStockPrice_2357,True,2026-09-22T15:40:28,2026-09-22T15:40:28,2026-09-22T15:40:28
2357,華碩,2023-09-05,394.0,-6.0,-1.50%,4.41,89.55,66.15,79.38,92.61,105.84,119.07,132.3,ShowDailyK_ChartFlow,FinMind_API_TaiwanStockPrice_2357,True,2026-09-22T15:40:28,2026-09-22T15:40:28,2026-09-22T15:40:28
2357,華碩,2023-09-06,403.5,9.5,2.41%,4.41,91.7,66.15,79.38,92.61,105.84,119.07,132.3,ShowDailyK_ChartFlow,FinMind_API_TaiwanStockPrice_2357,True,2026-09-22T15:40:28,2026-09-22T15:40:28,2026-09-22T15:40:28
2357,華碩,2023-09-07,401.0,-2.5,-0.62%,4.41,91.14,66.15,79.38,92.61,105.84,119.07,132.3,ShowDailyK_ChartFlow,FinMind_API_TaiwanStockPrice_2357,True,2026-09-22T15:40:28,2026-09-22T15:40:28,2026-09-22T15:40:28
2357,華碩,2023-09-08,403.5,2.5,0.62%,4.41,91.7,66.15,79.38,92.61,105.84,119.07,132.3,ShowDailyK_ChartFlow,FinMind_API_TaiwanStockPrice_2357,True,2026-09-22T15:40:28,2026-09-22T15:40:28,2026-09-22T15:40:28
2357,華碩,2023-09-11,380.0,-23.5,-5.82%,4.41,86.36,66.15,79.38,92.61,105.84,119.07,132.3,ShowDailyK_ChartFlow,FinMind_API_TaiwanStockPrice_2357,True,2026-09-22T15:40:28,2026-09-22T15:40:28,2026-09-22T15:40:28
2357,華碩,2023-09-12,363.5,-16.5,-4.34%,4.41,82.61,66.15,79.38,92.61,105.84,119.07,132.3,ShowDailyK_ChartFlow,FinMind_API_TaiwanStockPrice_2357,True,2026-09-22T15:40:28,2026-09-22T15:40:28,2026-09-22T15:40:28
2357,華碩,2023-09-13,369.5,6.0,1.65%,4.41,83.98,66.15,79.38,92.61,105.84,119.07,132.3,ShowDailyK_ChartFlow,FinMind_API_TaiwanStockPrice_2357,True,2026-09-22T15:40:28,2026-09-22T15:40:28,2026-09-22T15:40:28
2357,華碩,2023-09-14,373.5,4.0,1.08%,4.41,84.89,66.15,79.38,92.61,105.84,119.07,132.3,ShowDailyK_ChartFlow,FinMind_API_TaiwanStockPrice_2357,True,2026-09-22T15:40:28,2026-09-22T15:40:28,2026-09-22T15:40:28
2357,華碩,2023-09-15,366.5,-7.0,-1.87%,4.41,83.3,66.15,79.38,92.61,105.84,119.07,132.3,ShowDailyK_ChartFlow,FinMind_API_TaiwanStockPrice_2357,True,2026-09-22T15:40:28,2026-09-22T15:40:28,2026-09-22T15:40:28
2357,華碩,2023-09-18,359.5,-7.0,-1.91%,4.41,81.7,66.15,79.38,92.61,105.84,119.07,132.3,ShowDailyK_ChartFlow,FinMind_API_TaiwanStockPrice_2357,True,2026-09-22T15:40:28,2026-09-22T15:40:28,2026-09-22T15:40:28
2357,華碩,2023-09-19,360.5,1.0,0.28%,4.41,81.93,66.15,79.38,92.61,105.84,119.07,132.3,ShowDailyK_ChartFlow,FinMind_API_TaiwanStockPrice_2357,True,2026-09-22T15:40:28,2026-09-22T15:40:28,2026-09-22T15:40:28
2357,華碩,2023-09-20,360.5,0.0,0.00%,4.41,81.93,66.15,79.38,92.61,105.84,119.07,132.3,ShowDailyK_ChartFlow,FinMind_API_TaiwanStockPrice_2357,True,2026-09-22T15:40:28,2026-09-22T15:40:28,2026-09-22T15:40:28
2357,華碩,2023-09-21,355.0,-5.5,-1.53%,4.41,80.68,66.15,79.38,92.61,105.84,119.07,132.3,ShowDailyK_ChartFlow,FinMind_API_TaiwanStockPrice_2357,True,2026-09-22T15:40:28,2026-09-22T15:40:28,2026-09-22T15:40:28
2357,華碩,2023-09-22,357.5,2.5,0.70%,4.41,81.25,66.15,79.38,92.61,105.84,119.07,132.3,ShowDailyK_ChartFlow,FinMind_API_TaiwanStockPrice_2357,True,2026-09-22T15:40:28,2026-09-22T15:40:28,2026-09-22T15:40:28
2357,華碩,2023-09-25,359.5,2.0,0.56%,4.41,81.7,66.15,79.38,92.61,105.84,119.07,132.3,ShowDailyK_ChartFlow,FinMind_API_TaiwanStockPrice_2357,True,2026-09-22T15:40:28,2026-09-22T15:40:28,2026-09-22T15:40:28
2357,華碩,2023-09-26,358.0,-1.5,-0.42%,4.41,81.36,66.15,79.38,92.61,105.84,119.07,132.3,ShowDailyK_ChartFlow,FinMind_API_TaiwanStockPrice_2357,True,2026-09-22T15:40:28,2026-09-22T15:40:28,2026-09-22T15:40:28
2357,華碩,2023-09-27,364.0,6.0,1.68%,4.41,82.73,66.15,79.38,92.61,105.84,119.07,132.3,ShowDailyK_ChartFlow,FinMind_API_TaiwanStockPrice_2357,True,2026-09-22T15:40:28,2026-09-22T15:40:28,2026-09-22T15:40:28
2357,華碩,2023-09-28,367.0,3.0,0.82%,4.41,83.41,66.15,79.38,92.61,105.84,119.07,132.3,ShowDailyK_ChartFlow,FinMind_API_TaiwanStockPrice_2357,True,2026-09-22T15:40:28,2026-09-22T15:40:28,2026-09-22T15:40:28
2357,華碩,2023-10-02,372.5,5.5,1.50%,11.01,84.66,165.15,198.18,231.21,264.24,297.27,330.3,ShowDailyK_ChartFlow,FinMind_API_TaiwanStockPrice_2357,True,2026-09-22T15:40:28,2026-09-22T15:40:28,2026-09-22T15:40:28
2357,華碩,2023-10-03,366.5,-6.0,-1.61%,11.01,83.3,165.15,198.18,231.21,264.24,297.27,330.3,ShowDailyK_ChartFlow,FinMind_API_TaiwanStockPrice_2357,True,2026-09-22T15:40:28,2026-09-22T15:40:28,2026-09-22T15:40:28
2357,華碩,2023-10-04,370.5,4.0,1.09%,11.01,84.2,165.15,198.18,231.21,264.24,297.27,330.3,ShowDailyK_ChartFlow,FinMind_API_TaiwanStockPrice_2357,True,2026-09-22T15:40:28,2026-09-22T15:40:28,2026-09-22T15:40:28
2357,華碩,2023-10-05,380.0,9.5,2.56%,11.01,86.36,165.15,198.18,231.21,264.24,297.27,330.3,ShowDailyK_ChartFlow,FinMind_API_TaiwanStockPrice_2357,True,2026-09-22T15:40:28,2026-09-22T15:40:28,2026-09-22T15:40:28
2357,華碩,2023-10-06,379.5,-0.5,-0.13%,11.01,86.25,165.15,198.18,231.21,264.24,297.27,330.3,ShowDailyK_ChartFlow,FinMind_API_TaiwanStockPrice_2357,True,2026-09-22T15:40:28,2026-09-22T15:40:28,2026-09-22T15:40:28
2357,華碩,2023-10-11,376.5,-3.0,-0.79%,11.01,85.57,165.15,198.18,231.21,264.24,297.27,330.3,ShowDailyK_ChartFlow,FinMind_API_TaiwanStockPrice_2357,True,2026-09-22T15:40:28,2026-09-22T15:40:28,2026-09-22T15:40:28
2357,華碩,2023-10-12,377.5,1.0,0.27%,11.01,85.8,165.15,198.18,231.21,264.24,297.27,330.3,ShowDailyK_ChartFlow,FinMind_API_TaiwanStockPrice_2357,True,2026-09-22T15:40:28,2026-09-22T15:40:28,2026-09-22T15:40:28
2357,華碩,2023-10-13,365.0,-12.5,-3.31%,11.01,82.95,165.15,198.18,231.21,264.24,297.27,330.3,ShowDailyK_ChartFlow,FinMind_API_TaiwanStockPrice_2357,True,2026-09-22T15:40:28,2026-09-22T15:40:28,2026-09-22T15:40:28
2357,華碩,2023-10-16,363.0,-2.0,-0.55%,11.01,82.5,165.15,198.18,231.21,264.24,297.27,330.3,ShowDailyK_ChartFlow,FinMind_API_TaiwanStockPrice_2357,True,2026-09-22T15:40:28,2026-09-22T15:40:28,2026-09-22T15:40:28
2357,華碩,2023-10-17,360.5,-2.5,-0.69%,11.01,81.93,165.15,198.18,231.21,264.24,297.27,330.3,ShowDailyK_ChartFlow,FinMind_API_TaiwanStockPrice_2357,True,2026-09-22T15:40:28,2026-09-22T15:40:28,2026-09-22T15:40:28
2357,華碩,2023-10-18,350.5,-10.0,-2.77%,11.01,79.66,165.15,198.18,231.21,264.24,297.27,330.3,ShowDailyK_ChartFlow,FinMind_API_TaiwanStockPrice_2357,True,2026-09-22T15:40:28,2026-09-22T15:40:28,2026-09-22T15:40:28
2357,華碩,2023-10-19,344.5,-6.0,-1.71%,11.01,78.3,165.15,198.18,231.21,264.24,297.27,330.3,ShowDailyK_ChartFlow,FinMind_API_TaiwanStockPrice_2357,True,2026-09-22T15:40:28,2026-09-22T15:40:28,2026-09-22T15:40:28
2357,華碩,2023-10-20,337.0,-7.5,-2.18%,11.01,76.59,165.15,198.18,231.21,264.24,297.27,330.3,ShowDailyK_ChartFlow,FinMind_API_TaiwanStockPrice_2357,True,2026-09-22T15:40:28,2026-09-22T15:40:28,2026-09-22T15:40:28
2357,華碩,2023-10-23,334.0,-3.0,-0.89%,11.01,75.91,165.15,198.18,231.21,264.24,297.27,330.3,ShowDailyK_ChartFlow,FinMind_API_TaiwanStockPrice_2357,True,2026-09-22T15:40:28,2026-09-22T15:40:28,2026-09-22T15:40:28
2357,華碩,2023-10-24,341.0,7.0,2.10%,11.01,77.5,165.15,198.18,231.21,264.24,297.27,330.3,ShowDailyK_ChartFlow,FinMind_API_TaiwanStockPrice_2357,True,2026-09-22T15:40:28,2026-09-22T15:40:28,2026-09-22T15:40:28
2357,華碩,2023-10-25,342.5,1.5,0.44%,11.01,77.84,165.15,198.18,231.21,264.24,297.27,330.3,ShowDailyK_ChartFlow,FinMind_API_TaiwanStockPrice_2357,True,2026-09-22T15:40:28,2026-09-22T15:40:28,2026-09-22T15:40:28
2357,華碩,2023-10-26,339.0,-3.5,-1.02%,11.01,77.05,165.15,198.18,231.21,264.24,297.27,330.3,ShowDailyK_ChartFlow,FinMind_API_TaiwanStockPrice_2357,True,2026-09-22T15:40:28,2026-09-22T15:40:28,2026-09-22T15:40:28
2357,華碩,2023-10-27,346.5,7.5,2.21%,11.01,78.75,165.15,198.18,231.21,264.24,297.27,330.3,ShowDailyK_ChartFlow,FinMind_API_TaiwanStockPrice_2357,True,2026-09-22T15:40:28,2026-09-22T15:40:28,2026-09-22T15:40:28
2357,華碩,2023-10-30,346.5,0.0,0.00%,11.01,78.75,165.15,198.18,231.21,264.24,297.27,330.3,ShowDailyK_ChartFlow,FinMind_API_TaiwanStockPrice_2357,True,2026-09-22T15:40:28,2026-09-22T15:40:28,2026-09-22T15:40:28
2357,華碩,2023-10-31,338.0,-8.5,-2.45%,11.01,76.82,165.15,198.18,231.21,264.24,297.27,330.3,ShowDailyK_ChartFlow,FinMind_API_TaiwanStockPrice_2357,True,2026-09-22T15:40:28,2026-09-22T15:40:28,2026-09-22T15:40:28
2357,華碩,2023-11-01,343.0,5.0,1.48%,11.01,77.95,165.15,198.18,231.21,264.24,297.27,330.3,ShowDailyK_ChartFlow,FinMind_API_TaiwanStockPrice_2357,True,2026-09-22T15:40:28,2026-09-22T15:40:28,2026-09-22T15:40:28
2357,華碩,2023-11-02,351.0,8.0,2.33%,11.01,79.77,165.15,198.18,231.21,264.24,297.27,330.3,ShowDailyK_ChartFlow,FinMind_API_TaiwanStockPrice_2357,True,2026-09-22T15:40:28,2026-09-22T15:40:28,2026-09-22T15:40:28
2357,華碩,2023-11-03,355.0,4.0,1.14%,11.01,80.68,165.15,198.18,231.21,264.24,297.27,330.3,ShowDailyK_ChartFlow,FinMind_API_TaiwanStockPrice_2357,True,2026-09-22T15:40:28,2026-09-22T15:40:28,2026-09-22T15:40:28
2357,華碩,2023-11-06,360.5,5.5,1.55%,11.01,81.93,165.15,198.18,231.21,264.24,297.27,330.3,ShowDailyK_ChartFlow,FinMind_API_TaiwanStockPrice_2357,True,2026-09-22T15:40:28,2026-09-22T15:40:28,2026-09-22T15:40:28
2357,華碩,2023-11-07,353.5,-7.0,-1.94%,11.01,80.34,165.15,198.18,231.21,264.24,297.27,330.3,ShowDailyK_ChartFlow,FinMind_API_TaiwanStockPrice_2357,True,2026-09-22T15:40:28,2026-09-22T15:40:28,2026-09-22T15:40:28
2357,華碩,2023-11-08,357.5,4.0,1.13%,11.01,81.25,165.15,198.18,231.21,264.24,297.27,330.3,ShowDailyK_ChartFlow,FinMind_API_TaiwanStockPrice_2357,True,2026-09-22T15:40:28,2026-09-22T15:40:28,2026-09-22T15:40:28
2357,華碩,2023-11-09,357.0,-0.5,-0.14%,11.01,81.14,165.15,198.18,231.21,264.24,297.27,330.3,ShowDailyK_ChartFlow,FinMind_API_TaiwanStockPrice_2357,True,2026-09-22T15:40:28,2026-09-22T15:40:28,2026-09-22T15:40:28
2357,華碩,2023-11-10,355.5,-1.5,-0.42%,11.01,80.8,165.15,198.18,231.21,264.24,297.27,330.3,ShowDailyK_ChartFlow,FinMind_API_TaiwanStockPrice_2357,True,2026-09-22T15:40:28,2026-09-22T15:40:28,2026-09-22T15:40:28
2357,華碩,2023-11-13,360.0,4.5,1.27%,11.01,81.82,165.15,198.18,231.21,264.24,297.27,330.3,ShowDailyK_ChartFlow,FinMind_API_TaiwanStockPrice_2357,True,2026-09-22T15:40:28,2026-09-22T15:40:28,2026-09-22T15:40:28
2357,華碩,2023-11-14,396.0,36.0,10.00%,11.01,35.97,165.15,198.18,231.21,264.24,297.27,330.3,ShowDailyK_ChartFlow,FinMind_API_TaiwanStockPrice_2357,True,2026-09-22T15:40:28,2026-09-22T15:40:28,2026-09-22T15:40:28
2357,華碩,2023-11-15,391.5,-4.5,-1.14%,11.01,35.56,165.15,198.18,231.21,264.24,297.27,330.3,ShowDailyK_ChartFlow,FinMind_API_TaiwanStockPrice_2357,True,2026-09-22T15:40:28,2026-09-22T15:40:28,2026-09-22T15:40:28
2357,華碩,2023-11-16,380.5,-11.0,-2.81%,11.01,34.56,165.15,198.18,231.21,264.24,297.27,330.3,ShowDailyK_ChartFlow,FinMind_API_TaiwanStockPrice_2357,True,2026-09-22T15:40:28,2026-09-22T15:40:28,2026-09-22T15:40:28
2357,華碩,2023-11-17,392.5,12.0,3.15%,11.01,35.65,165.15,198.18,231.21,264.24,297.27,330.3,ShowDailyK_ChartFlow,FinMind_API_TaiwanStockPrice_2357,True,2026-09-22T15:40:28,2026-09-22T15:40:28,2026-09-22T15:40:28
2357,華碩,2023-11-20,391.0,-1.5,-0.38%,11.01,35.51,165.15,198.18,231.21,264.24,297.27,330.3,ShowDailyK_ChartFlow,FinMind_API_TaiwanStockPrice_2357,True,2026-09-22T15:40:28,2026-09-22T15:40:28,2026-09-22T15:40:28
2357,華碩,2023-11-21,389.0,-2.0,-0.51%,11.01,35.33,165.15,198.18,231.21,264.24,297.27,330.3,ShowDailyK_ChartFlow,FinMind_API_TaiwanStockPrice_2357,True,2026-09-22T15:40:28,2026-09-22T15:40:28,2026-09-22T15:40:28
2357,華碩,2023-11-22,384.5,-4.5,-1.16%,11.01,34.92,165.15,198.18,231.21,264.24,297.27,330.3,ShowDailyK_ChartFlow,FinMind_API_TaiwanStockPrice_2357,True,2026-09-22T15:40:28,2026-09-22T15:40:28,2026-09-22T15:40:28
2357,華碩,2023-11-23,379.5,-5.0,-1.30%,11.01,34.47,165.15,198.18,231.21,264.24,297.27,330.3,ShowDailyK_ChartFlow,FinMind_API_TaiwanStockPrice_2357,True,2026-09-22T15:40:28,2026-09-22T15:40:28,2026-09-22T15:40:28
2357,華碩,2023-11-24,383.5,4.0,1.05%,11.01,34.83,165.15,198.18,231.21,264.24,297.27,330.3,ShowDailyK_ChartFlow,FinMind_API_TaiwanStockPrice_2357,True,2026-09-22T15:40:28,2026-09-22T15:40:28,2026-09-22T15:40:28
2357,華碩,2023-11-27,377.0,-6.5,-1.69%,11.01,34.24,165.15,198.18,231.21,264.24,297.27,330.3,ShowDailyK_ChartFlow,FinMind_API_TaiwanStockPrice_2357,True,2026-09-22T15:40:28,2026-09-22T15:40:28,2026-09-22T15:40:28
2357,華碩,2023-11-28,385.5,8.5,2.25%,11.01,35.01,165.15,198.18,231.21,264.24,297.27,330.3,ShowDailyK_ChartFlow,FinMind_API_TaiwanStockPrice_2357,True,2026-09-22T15:40:28,2026-09-22T15:40:28,2026-09-22T15:40:28
2357,華碩,2023-11-29,390.0,4.5,1.17%,11.01,35.42,165.15,198.18,231.21,264.24,297.27,330.3,ShowDailyK_ChartFlow,FinMind_API_TaiwanStockPrice_2357,True,2026-09-22T15:40:28,2026-09-22T15:40:28,2026-09-22T15:40:28
2357,華碩,2023-11-30,393.5,3.5,0.90%,11.01,35.74,165.15,198.18,231.21,264.24,297.27,330.3,ShowDailyK_ChartFlow,FinMind_API_TaiwanStockPrice_2357,True,2026-09-22T15:40:28,2026-09-22T15:40:28,2026-09-22T15:40:28
2357,華碩,2023-12-01,388.0,-5.5,-1.40%,11.01,35.24,165.15,198.18,231.21,264.24,297.27,330.3,ShowDailyK_ChartFlow,FinMind_API_TaiwanStockPrice_2357,True,2026-09-22T15:40:28,2026-09-22T15:40:28,2026-09-22T15:40:28
2357,華碩,2023-12-04,387.0,-1.0,-0.26%,11.01,35.15,165.15,198.18,231.21,264.24,297.27,330.3,ShowDailyK_ChartFlow,FinMind_API_TaiwanStockPrice_2357,True,2026-09-22T15:40:28,2026-09-22T15:40:28,2026-09-22T15:40:28
2357,華碩,2023-12-05,390.5,3.5,0.90%,11.01,35.47,165.15,198.18,231.21,264.24,297.27,330.3,ShowDailyK_ChartFlow,FinMind_API_TaiwanStockPrice_2357,True,2026-09-22T15:40:28,2026-09-22T15:40:28,2026-09-22T15:40:28
2357,華碩,2023-12-06,393.5,3.0,0.77%,11.01,35.74,165.15,198.18,231.21,264.24,297.27,330.3,ShowDailyK_ChartFlow,FinMind_API_TaiwanStockPrice_2357,True,2026-09-22T15:40:28,2026-09-22T15:40:28,2026-09-22T15:40:28
2357,華碩,2023-12-07,393.5,0.0,0.00%,11.01,35.74,165.15,198.18,231.21,264.24,297.27,330.3,ShowDailyK_ChartFlow,FinMind_API_TaiwanStockPrice_2357,True,2026-09-22T15:40:28,2026-09-22T15:40:28,2026-09-22T15:40:28
2357,華碩,2023-12-08,398.5,5.0,1.27%,11.01,36.19,165.15,198.18,231.21,264.24,297.27,330.3,ShowDailyK_ChartFlow,FinMind_API_TaiwanStockPrice_2357,True,2026-09-22T15:40:28,2026-09-22T15:40:28,2026-09-22T15:40:28
2357,華碩,2023-12-11,396.5,-2.0,-0.50%,11.01,36.01,165.15,198.18,231.21,264.24,297.27,330.3,ShowDailyK_ChartFlow,FinMind_API_TaiwanStockPrice_2357,True,2026-09-22T15:40:28,2026-09-22T15:40:28,2026-09-22T15:40:28
2357,華碩,2023-12-12,393.0,-3.5,-0.88%,11.01,35.69,165.15,198.18,231.21,264.24,297.27,330.3,ShowDailyK_ChartFlow,FinMind_API_TaiwanStockPrice_2357,True,2026-09-22T15:40:28,2026-09-22T15:40:28,2026-09-22T15:40:28
2357,華碩,2023-12-13,407.5,14.5,3.69%,11.01,37.01,165.15,198.18,231.21,264.24,297.27,330.3,ShowDailyK_ChartFlow,FinMind_API_TaiwanStockPrice_2357,True,2026-09-22T15:40:28,2026-09-22T15:40:28,2026-09-22T15:40:28
2357,華碩,2023-12-14,411.0,3.5,0.86%,11.01,37.33,165.15,198.18,231.21,264.24,297.27,330.3,ShowDailyK_ChartFlow,FinMind_API_TaiwanStockPrice_2357,True,2026-09-22T15:40:28,2026-09-22T15:40:28,2026-09-22T15:40:28
2357,華碩,2023-12-15,406.0,-5.0,-1.22%,11.01,36.88,165.15,198.18,231.21,264.24,297.27,330.3,ShowDailyK_ChartFlow,FinMind_API_TaiwanStockPrice_2357,True,2026-09-22T15:40:28,2026-09-22T15:40:28,2026-09-22T15:40:28
2357,華碩,2023-12-18,428.5,22.5,5.54%,11.01,38.92,165.15,198.18,231.21,264.24,297.27,330.3,ShowDailyK_ChartFlow,FinMind_API_TaiwanStockPrice_2357,True,2026-09-22T15:40:28,2026-09-22T15:40:28,2026-09-22T15:40:28
2357,華碩,2023-12-19,424.5,-4.0,-0.93%,11.01,38.56,165.15,198.18,231.21,264.24,297.27,330.3,ShowDailyK_ChartFlow,FinMind_API_TaiwanStockPrice_2357,True,2026-09-22T15:40:28,2026-09-22T15:40:28,2026-09-22T15:40:28
2357,華碩,2023-12-20,450.0,25.5,6.01%,11.01,40.87,165.15,198.18,231.21,264.24,297.27,330.3,ShowDailyK_ChartFlow,FinMind_API_TaiwanStockPrice_2357,True,2026-09-22T15:40:28,2026-09-22T15:40:28,2026-09-22T15:40:28
2357,華碩,2023-12-21,453.5,3.5,0.78%,11.01,41.19,165.15,198.18,231.21,264.24,297.27,330.3,ShowDailyK_ChartFlow,FinMind_API_TaiwanStockPrice_2357,True,2026-09-22T15:40:28,2026-09-22T15:40:28,2026-09-22T15:40:28
2357,華碩,2023-12-22,453.5,0.0,0.00%,11.01,41.19,165.15,198.18,231.21,264.24,297.27,330.3,ShowDailyK_ChartFlow,FinMind_API_TaiwanStockPrice_2357,True,2026-09-22T15:40:28,2026-09-22T15:40:28,2026-09-22T15:40:28
2357,華碩,2023-12-25,471.5,18.0,3.97%,11.01,42.82,165.15,198.18,231.21,264.24,297.27,330.3,ShowDailyK_ChartFlow,FinMind_API_TaiwanStockPrice_2357,True,2026-09-22T15:40:28,2026-09-22T15:40:28,2026-09-22T15:40:28
2357,華碩,2023-12-26,472.0,0.5,0.11%,11.01,42.87,165.15,198.18,231.21,264.24,297.27,330.3,ShowDailyK_ChartFlow,FinMind_API_TaiwanStockPrice_2357,True,2026-09-22T15:40:28,2026-09-22T15:40:28,2026-09-22T15:40:28
2357,華碩,2023-12-27,491.5,19.5,4.13%,11.01,44.64,165.15,198.18,231.21,264.24,297.27,330.3,ShowDailyK_ChartFlow,FinMind_API_TaiwanStockPrice_2357,True,2026-09-22T15:40:28,2026-09-22T15:40:28,2026-09-22T15:40:28
2357,華碩,2023-12-28,492.0,0.5,0.10%,11.01,44.69,165.15,198.18,231.21,264.24,297.27,330.3,ShowDailyK_ChartFlow,FinMind_API_TaiwanStockPrice_2357,True,2026-09-22T15:40:28,2026-09-22T15:40:28,2026-09-22T15:40:28
2357,華碩,2023-12-29,489.5,-2.5,-0.51%,11.01,44.46,165.15,198.18,231.21,264.24,297.27,330.3,ShowDailyK_ChartFlow,FinMind_API_TaiwanStockPrice_2357,True,2026-09-22T15:40:28,2026-09-22T15:40:28,2026-09-22T15:40:28
2357,華碩,2024-01-02,485.0,-4.5,-0.92%,21.44,44.05,321.6,385.92,450.24,514.56,578.88,643.2,ShowDailyK_ChartFlow,FinMind_API_TaiwanStockPrice_2357,True,2026-09-22T15:40:28,2026-09-22T15:40:28,2026-09-22T15:40:28
2357,華碩,2024-01-03,465.0,-20.0,-4.12%,21.44,42.23,321.6,385.92,450.24,514.56,578.88,643.2,ShowDailyK_ChartFlow,FinMind_API_TaiwanStockPrice_2357,True,2026-09-22T15:40:28,2026-09-22T15:40:28,2026-09-22T15:40:28
2357,華碩,2024-01-04,454.0,-11.0,-2.37%,21.44,41.24,321.6,385.92,450.24,514.56,578.88,643.2,ShowDailyK_ChartFlow,FinMind_API_TaiwanStockPrice_2357,True,2026-09-22T15:40:28,2026-09-22T15:40:28,2026-09-22T15:40:28
2357,華碩,2024-01-05,454.0,0.0,0.00%,21.44,41.24,321.6,385.92,450.24,514.56,578.88,643.2,ShowDailyK_ChartFlow,FinMind_API_TaiwanStockPrice_2357,True,2026-09-22T15:40:28,2026-09-22T15:40:28,2026-09-22T15:40:28
2357,華碩,2024-01-08,453.5,-0.5,-0.11%,21.44,41.19,321.6,385.92,450.24,514.56,578.88,643.2,ShowDailyK_ChartFlow,FinMind_API_TaiwanStockPrice_2357,True,2026-09-22T15:40:28,2026-09-22T15:40:28,2026-09-22T15:40:28
2357,華碩,2024-01-09,455.0,1.5,0.33%,21.44,41.33,321.6,385.92,450.24,514.56,578.88,643.2,ShowDailyK_ChartFlow,FinMind_API_TaiwanStockPrice_2357,True,2026-09-22T15:40:28,2026-09-22T15:40:28,2026-09-22T15:40:28
2357,華碩,2024-01-10,461.0,6.0,1.32%,21.44,41.87,321.6,385.92,450.24,514.56,578.88,643.2,ShowDailyK_ChartFlow,FinMind_API_TaiwanStockPrice_2357,True,2026-09-22T15:40:28,2026-09-22T15:40:28,2026-09-22T15:40:28
2357,華碩,2024-01-11,461.0,0.0,0.00%,21.44,41.87,321.6,385.92,450.24,514.56,578.88,643.2,ShowDailyK_ChartFlow,FinMind_API_TaiwanStockPrice_2357,True,2026-09-22T15:40:28,2026-09-22T15:40:28,2026-09-22T15:40:28
2357,華碩,2024-01-12,448.5,-12.5,-2.71%,21.44,40.74,321.6,385.92,450.24,514.56,578.88,643.2,ShowDailyK_ChartFlow,FinMind_API_TaiwanStockPrice_2357,True,2026-09-22T15:40:28,2026-09-22T15:40:28,2026-09-22T15:40:28
2357,華碩,2024-01-15,447.0,-1.5,-0.33%,21.44,40.6,321.6,385.92,450.24,514.56,578.88,643.2,ShowDailyK_ChartFlow,FinMind_API_TaiwanStockPrice_2357,True,2026-09-22T15:40:28,2026-09-22T15:40:28,2026-09-22T15:40:28
2357,華碩,2024-01-16,440.5,-6.5,-1.45%,21.44,40.01,321.6,385.92,450.24,514.56,578.88,643.2,ShowDailyK_ChartFlow,FinMind_API_TaiwanStockPrice_2357,True,2026-09-22T15:40:28,2026-09-22T15:40:28,2026-09-22T15:40:28
2357,華碩,2024-01-17,439.0,-1.5,-0.34%,21.44,39.87,321.6,385.92,450.24,514.56,578.88,643.2,ShowDailyK_ChartFlow,FinMind_API_TaiwanStockPrice_2357,True,2026-09-22T15:40:28,2026-09-22T15:40:28,2026-09-22T15:40:28
2357,華碩,2024-01-18,445.0,6.0,1.37%,21.44,40.42,321.6,385.92,450.24,514.56,578.88,643.2,ShowDailyK_ChartFlow,FinMind_API_TaiwanStockPrice_2357,True,2026-09-22T15:40:28,2026-09-22T15:40:28,2026-09-22T15:40:28
2357,華碩,2024-01-19,455.0,10.0,2.25%,21.44,41.33,321.6,385.92,450.24,514.56,578.88,643.2,ShowDailyK_ChartFlow,FinMind_API_TaiwanStockPrice_2357,True,2026-09-22T15:40:28,2026-09-22T15:40:28,2026-09-22T15:40:28
2357,華碩,2024-01-22,459.5,4.5,0.99%,21.44,41.73,321.6,385.92,450.24,514.56,578.88,643.2,ShowDailyK_ChartFlow,FinMind_API_TaiwanStockPrice_2357,True,2026-09-22T15:40:28,2026-09-22T15:40:28,2026-09-22T15:40:28
2357,華碩,2024-01-23,456.5,-3.0,-0.65%,21.44,41.46,321.6,385.92,450.24,514.56,578.88,643.2,ShowDailyK_ChartFlow,FinMind_API_TaiwanStockPrice_2357,True,2026-09-22T15:40:28,2026-09-22T15:40:28,2026-09-22T15:40:28
2357,華碩,2024-01-24,455.0,-1.5,-0.33%,21.44,41.33,321.6,385.92,450.24,514.56,578.88,643.2,ShowDailyK_ChartFlow,FinMind_API_TaiwanStockPrice_2357,True,2026-09-22T15:40:28,2026-09-22T15:40:28,2026-09-22T15:40:28
2357,華碩,2024-01-25,458.0,3.0,0.66%,21.44,41.6,321.6,385.92,450.24,514.56,578.88,643.2,ShowDailyK_ChartFlow,FinMind_API_TaiwanStockPrice_2357,True,2026-09-22T15:40:28,2026-09-22T15:40:28,2026-09-22T15:40:28
2357,華碩,2024-01-26,439.0,-19.0,-4.15%,21.44,39.87,321.6,385.92,450.24,514.56,578.88,643.2,ShowDailyK_ChartFlow,FinMind_API_TaiwanStockPrice_2357,True,2026-09-22T15:40:28,2026-09-22T15:40:28,2026-09-22T15:40:28
2357,華碩,2024-01-29,444.0,5.0,1.14%,21.44,40.33,321.6,385.92,450.24,514.56,578.88,643.2,ShowDailyK_ChartFlow,FinMind_API_TaiwanStockPrice_2357,True,2026-09-22T15:40:28,2026-09-22T15:40:28,2026-09-22T15:40:28
2357,華碩,2024-01-30,447.5,3.5,0.79%,21.44,40.64,321.6,385.92,450.24,514.56,578.88,643.2,ShowDailyK_ChartFlow,FinMind_API_TaiwanStockPrice_2357,True,2026-09-22T15:40:28,2026-09-22T15:40:28,2026-09-22T15:40:28
2357,華碩,2024-01-31,445.5,-2.0,-0.45%,21.44,40.46,321.6,385.92,450.24,514.56,578.88,643.2,ShowDailyK_ChartFlow,FinMind_API_TaiwanStockPrice_2357,True,2026-09-22T15:40:28,2026-09-22T15:40:28,2026-09-22T15:40:28
2357,華碩,2024-02-01,447.0,1.5,0.34%,21.44,40.6,321.6,385.92,450.24,514.56,578.88,643.2,ShowDailyK_ChartFlow,FinMind_API_TaiwanStockPrice_2357,True,2026-09-22T15:40:28,2026-09-22T15:40:28,2026-09-22T15:40:28
2357,華碩,2024-02-02,455.0,8.0,1.79%,21.44,41.33,321.6,385.92,450.24,514.56,578.88,643.2,ShowDailyK_ChartFlow,FinMind_API_TaiwanStockPrice_2357,True,2026-09-22T15:40:28,2026-09-22T15:40:28,2026-09-22T15:40:28
2357,華碩,2024-02-05,452.0,-3.0,-0.66%,21.44,41.05,321.6,385.92,450.24,514.56,578.88,643.2,ShowDailyK_ChartFlow,FinMind_API_TaiwanStockPrice_2357,True,2026-09-22T15:40:28,2026-09-22T15:40:28,2026-09-22T15:40:28
2357,華碩,2024-02-15,464.0,12.0,2.65%,21.44,42.14,321.6,385.92,450.24,514.56,578.88,643.2,ShowDailyK_ChartFlow,FinMind_API_TaiwanStockPrice_2357,True,2026-09-22T15:40:28,2026-09-22T15:40:28,2026-09-22T15:40:28
2357,華碩,2024-02-16,479.5,15.5,3.34%,21.44,43.55,321.6,385.92,450.24,514.56,578.88,643.2,ShowDailyK_ChartFlow,FinMind_API_TaiwanStockPrice_2357,True,2026-09-22T15:40:28,2026-09-22T15:40:28,2026-09-22T15:40:28
2357,華碩,2024-02-19,477.5,-2.0,-0.42%,21.44,43.37,321.6,385.92,450.24,514.56,578.88,643.2,ShowDailyK_ChartFlow,FinMind_API_TaiwanStockPrice_2357,True,2026-09-22T15:40:28,2026-09-22T15:40:28,2026-09-22T15:40:28
2357,華碩,2024-02-20,473.0,-4.5,-0.94%,21.44,42.96,321.6,385.92,450.24,514.56,578.88,643.2,ShowDailyK_ChartFlow,FinMind_API_TaiwanStockPrice_2357,True,2026-09-22T15:40:28,2026-09-22T15:40:28,2026-09-22T15:40:28
2357,華碩,2024-02-21,469.0,-4.0,-0.85%,21.44,42.6,321.6,385.92,450.24,514.56,578.88,643.2,ShowDailyK_ChartFlow,FinMind_API_TaiwanStockPrice_2357,True,2026-09-22T15:40:28,2026-09-22T15:40:28,2026-09-22T15:40:28
2357,華碩,2024-02-22,469.0,0.0,0.00%,21.44,42.6,321.6,385.92,450.24,514.56,578.88,643.2,ShowDailyK_ChartFlow,FinMind_API_TaiwanStockPrice_2357,True,2026-09-22T15:40:28,2026-09-22T15:40:28,2026-09-22T15:40:28
2357,華碩,2024-02-23,474.0,5.0,1.07%,21.44,43.05,321.6,385.92,450.24,514.56,578.88,643.2,ShowDailyK_ChartFlow,FinMind_API_TaiwanStockPrice_2357,True,2026-09-22T15:40:28,2026-09-22T15:40:28,2026-09-22T15:40:28
2357,華碩,2024-02-26,470.5,-3.5,-0.74%,21.44,42.73,321.6,385.92,450.24,514.56,578.88,643.2,ShowDailyK_ChartFlow,FinMind_API_TaiwanStockPrice_2357,True,2026-09-22T15:40:28,2026-09-22T15:40:28,2026-09-22T15:40:28
2357,華碩,2024-02-27,454.5,-16.0,-3.40%,21.44,41.28,321.6,385.92,450.24,514.56,578.88,643.2,ShowDailyK_ChartFlow,FinMind_API_TaiwanStockPrice_2357,True,2026-09-22T15:40:28,2026-09-22T15:40:28,2026-09-22T15:40:28
2357,華碩,2024-02-29,455.0,0.5,0.11%,21.44,41.33,321.6,385.92,450.24,514.56,578.88,643.2,ShowDailyK_ChartFlow,FinMind_API_TaiwanStockPrice_2357,True,2026-09-22T15:40:28,2026-09-22T15:40:28,2026-09-22T15:40:28
2357,華碩,2024-03-01,457.0,2.0,0.44%,21.44,41.51,321.6,385.92,450.24,514.56,578.88,643.2,ShowDailyK_ChartFlow,FinMind_API_TaiwanStockPrice_2357,True,2026-09-22T15:40:28,2026-09-22T15:40:28,2026-09-22T15:40:28
2357,華碩,2024-03-04,457.0,0.0,0.00%,21.44,41.51,321.6,385.92,450.24,514.56,578.88,643.2,ShowDailyK_ChartFlow,FinMind_API_TaiwanStockPrice_2357,True,2026-09-22T15:40:28,2026-09-22T15:40:28,2026-09-22T15:40:28
2357,華碩,2024-03-05,466.0,9.0,1.97%,21.44,42.33,321.6,385.92,450.24,514.56,578.88,643.2,ShowDailyK_ChartFlow,FinMind_API_TaiwanStockPrice_2357,True,2026-09-22T15:40:28,2026-09-22T15:40:28,2026-09-22T15:40:28
2357,華碩,2024-03-06,471.0,5.0,1.07%,21.44,42.78,321.6,385.92,450.24,514.56,578.88,643.2,ShowDailyK_ChartFlow,FinMind_API_TaiwanStockPrice_2357,True,2026-09-22T15:40:28,2026-09-22T15:40:28,2026-09-22T15:40:28
2357,華碩,2024-03-07,462.0,-9.0,-1.91%,21.44,41.96,321.6,385.92,450.24,514.56,578.88,643.2,ShowDailyK_ChartFlow,FinMind_API_TaiwanStockPrice_2357,True,2026-09-22T15:40:28,2026-09-22T15:40:28,2026-09-22T15:40:28
2357,華碩,2024-03-08,452.5,-9.5,-2.06%,21.44,41.1,321.6,385.92,450.24,514.56,578.88,643.2,ShowDailyK_ChartFlow,FinMind_API_TaiwanStockPrice_2357,True,2026-09-22T15:40:28,2026-09-22T15:40:28,2026-09-22T15:40:28
2357,華碩,2024-03-11,444.0,-8.5,-1.88%,21.44,40.33,321.6,385.92,450.24,514.56,578.88,643.2,ShowDailyK_ChartFlow,FinMind_API_TaiwanStockPrice_2357,True,2026-09-22T15:40:28,2026-09-22T15:40:28,2026-09-22T15:40:28
2357,華碩,2024-03-12,441.0,-3.0,-0.68%,21.44,40.05,321.6,385.92,450.24,514.56,578.88,643.2,ShowDailyK_ChartFlow,FinMind_API_TaiwanStockPrice_2357,True,2026-09-22T15:40:28,2026-09-22T15:40:28,2026-09-22T15:40:28
2357,華碩,2024-03-13,436.0,-5.0,-1.13%,21.44,39.6,321.6,385.92,450.24,514.56,578.88,643.2,ShowDailyK_ChartFlow,FinMind_API_TaiwanStockPrice_2357,True,2026-09-22T15:40:28,2026-09-22T15:40:28,2026-09-22T15:40:28
2357,華碩,2024-03-14,433.5,-2.5,-0.57%,21.44,39.37,321.6,385.92,450.24,514.56,578.88,643.2,ShowDailyK_ChartFlow,FinMind_API_TaiwanStockPrice_2357,True,2026-09-22T15:40:28,2026-09-22T15:40:28,2026-09-22T15:40:28
2357,華碩,2024-03-15,429.0,-4.5,-1.04%,21.44,38.96,321.6,385.92,450.24,514.56,578.88,643.2,ShowDailyK_ChartFlow,FinMind_API_TaiwanStockPrice_2357,True,2026-09-22T15:40:28,2026-09-22T15:40:28,2026-09-22T15:40:28
2357,華碩,2024-03-18,408.5,-20.5,-4.78%,21.44,19.05,321.6,385.92,450.24,514.56,578.88,643.2,ShowDailyK_ChartFlow,FinMind_API_TaiwanStockPrice_2357,True,2026-09-22T15:40:28,2026-09-22T15:40:28,2026-09-22T15:40:28
2357,華碩,2024-03-19,407.5,-1.0,-0.24%,21.44,19.01,321.6,385.92,450.24,514.56,578.88,643.2,ShowDailyK_ChartFlow,FinMind_API_TaiwanStockPrice_2357,True,2026-09-22T15:40:28,2026-09-22T15:40:28,2026-09-22T15:40:28
2357,華碩,2024-03-20,414.0,6.5,1.60%,21.44,19.31,321.6,385.92,450.24,514.56,578.88,643.2,ShowDailyK_ChartFlow,FinMind_API_TaiwanStockPrice_2357,True,2026-09-22T15:40:28,2026-09-22T15:40:28,2026-09-22T15:40:28
2357,華碩,2024-03-21,420.0,6.0,1.45%,21.44,19.59,321.6,385.92,450.24,514.56,578.88,643.2,ShowDailyK_ChartFlow,FinMind_API_TaiwanStockPrice_2357,True,2026-09-22T15:40:28,2026-09-22T15:40:28,2026-09-22T15:40:28
2357,華碩,2024-03-22,421.5,1.5,0.36%,21.44,19.66,321.6,385.92,450.24,514.56,578.88,643.2,ShowDailyK_ChartFlow,FinMind_API_TaiwanStockPrice_2357,True,2026-09-22T15:40:28,2026-09-22T15:40:28,2026-09-22T15:40:28
2357,華碩,2024-03-25,423.5,2.0,0.47%,21.44,19.75,321.6,385.92,450.24,514.56,578.88,643.2,ShowDailyK_ChartFlow,FinMind_API_TaiwanStockPrice_2357,True,2026-09-22T15:40:28,2026-09-22T15:40:28,2026-09-22T15:40:28
2357,華碩,2024-03-26,417.0,-6.5,-1.53%,21.44,19.45,321.6,385.92,450.24,514.56,578.88,643.2,ShowDailyK_ChartFlow,FinMind_API_TaiwanStockPrice_2357,True,2026-09-22T15:40:28,2026-09-22T15:40:28,2026-09-22T15:40:28
2357,華碩,2024-03-27,424.5,7.5,1.80%,21.44,19.8,321.6,385.92,450.24,514.56,578.88,643.2,ShowDailyK_ChartFlow,FinMind_API_TaiwanStockPrice_2357,True,2026-09-22T15:40:28,2026-09-22T15:40:28,2026-09-22T15:40:28
2357,華碩,2024-03-28,423.5,-1.0,-0.24%,21.44,19.75,321.6,385.92,450.24,514.56,578.88,643.2,ShowDailyK_ChartFlow,FinMind_API_TaiwanStockPrice_2357,True,2026-09-22T15:40:28,2026-09-22T15:40:28,2026-09-22T15:40:28
2357,華碩,2024-03-29,429.5,6.0,1.42%,21.44,20.03,321.6,385.92,450.24,514.56,578.88,643.2,ShowDailyK_ChartFlow,FinMind_API_TaiwanStockPrice_2357,True,2026-09-22T15:40:28,2026-09-22T15:40:28,2026-09-22T15:40:28
2357,華碩,2024-04-01,423.0,-6.5,-1.51%,31.03,19.73,465.45,558.54,651.63,744.72,837.81,930.9,ShowDailyK_ChartFlow,FinMind_API_TaiwanStockPrice_2357,True,2026-09-22T15:40:28,2026-09-22T15:40:28,2026-09-22T15:40:28
2357,華碩,2024-04-02,423.0,0.0,0.00%,31.03,19.73,465.45,558.54,651.63,744.72,837.81,930.9,ShowDailyK_ChartFlow,FinMind_API_TaiwanStockPrice_2357,True,2026-09-22T15:40:28,2026-09-22T15:40:28,2026-09-22T15:40:28
2357,華碩,2024-04-03,422.5,-0.5,-0.12%,31.03,19.71,465.45,558.54,651.63,744.72,837.81,930.9,ShowDailyK_ChartFlow,FinMind_API_TaiwanStockPrice_2357,True,2026-09-22T15:40:28,2026-09-22T15:40:28,2026-09-22T15:40:28
2357,華碩,2024-04-08,426.0,3.5,0.83%,31.03,19.87,465.45,558.54,651.63,744.72,837.81,930.9,ShowDailyK_ChartFlow,FinMind_API_TaiwanStockPrice_2357,True,2026-09-22T15:40:28,2026-09-22T15:40:28,2026-09-22T15:40:28
2357,華碩,2024-04-09,425.0,-1.0,-0.23%,31.03,19.82,465.45,558.54,651.63,744.72,837.81,930.9,ShowDailyK_ChartFlow,FinMind_API_TaiwanStockPrice_2357,True,2026-09-22T15:40:28,2026-09-22T15:40:28,2026-09-22T15:40:28
2357,華碩,2024-04-10,435.0,10.0,2.35%,31.03,20.29,465.45,558.54,651.63,744.72,837.81,930.9,ShowDailyK_ChartFlow,FinMind_API_TaiwanStockPrice_2357,True,2026-09-22T15:40:28,2026-09-22T15:40:28,2026-09-22T15:40:28
2357,華碩,2024-04-11,453.5,18.5,4.25%,31.03,21.15,465.45,558.54,651.63,744.72,837.81,930.9,ShowDailyK_ChartFlow,FinMind_API_TaiwanStockPrice_2357,True,2026-09-22T15:40:28,2026-09-22T15:40:28,2026-09-22T15:40:28
2357,華碩,2024-04-12,443.5,-10.0,-2.21%,31.03,20.69,465.45,558.54,651.63,744.72,837.81,930.9,ShowDailyK_ChartFlow,FinMind_API_TaiwanStockPrice_2357,True,2026-09-22T15:40:28,2026-09-22T15:40:28,2026-09-22T15:40:28
2357,華碩,2024-04-15,440.5,-3.0,-0.68%,31.03,20.55,465.45,558.54,651.63,744.72,837.81,930.9,ShowDailyK_ChartFlow,FinMind_API_TaiwanStockPrice_2357,True,2026-09-22T15:40:28,2026-09-22T15:40:28,2026-09-22T15:40:28
2357,華碩,2024-04-16,425.5,-15.0,-3.41%,31.03,19.85,465.45,558.54,651.63,744.72,837.81,930.9,ShowDailyK_ChartFlow,FinMind_API_TaiwanStockPrice_2357,True,2026-09-22T15:40:28,2026-09-22T15:40:28,2026-09-22T15:40:28
2357,華碩,2024-04-17,428.5,3.0,0.71%,31.03,19.99,465.45,558.54,651.63,744.72,837.81,930.9,ShowDailyK_ChartFlow,FinMind_API_TaiwanStockPrice_2357,True,2026-09-22T15:40:28,2026-09-22T15:40:28,2026-09-22T15:40:28
2357,華碩,2024-04-18,427.0,-1.5,-0.35%,31.03,19.92,465.45,558.54,651.63,744.72,837.81,930.9,ShowDailyK_ChartFlow,FinMind_API_TaiwanStockPrice_2357,True,2026-09-22T15:40:28,2026-09-22T15:40:28,2026-09-22T15:40:28
2357,華碩,2024-04-19,413.5,-13.5,-3.16%,31.03,19.29,465.45,558.54,651.63,744.72,837.81,930.9,ShowDailyK_ChartFlow,FinMind_API_TaiwanStockPrice_2357,True,2026-09-22T15:40:28,2026-09-22T15:40:28,2026-09-22T15:40:28
2357,華碩,2024-04-22,413.5,0.0,0.00%,31.03,19.29,465.45,558.54,651.63,744.72,837.81,930.9,ShowDailyK_ChartFlow,FinMind_API_TaiwanStockPrice_2357,True,2026-09-22T15:40:28,2026-09-22T15:40:28,2026-09-22T15:40:28
2357,華碩,2024-04-23,409.5,-4.0,-0.97%,31.03,19.1,465.45,558.54,651.63,744.72,837.81,930.9,ShowDailyK_ChartFlow,FinMind_API_TaiwanStockPrice_2357,True,2026-09-22T15:40:28,2026-09-22T15:40:28,2026-09-22T15:40:28
2357,華碩,2024-04-24,420.5,11.0,2.69%,31.03,19.61,465.45,558.54,651.63,744.72,837.81,930.9,ShowDailyK_ChartFlow,FinMind_API_TaiwanStockPrice_2357,True,2026-09-22T15:40:28,2026-09-22T15:40:28,2026-09-22T15:40:28
2357,華碩,2024-04-25,412.0,-8.5,-2.02%,31.03,19.22,465.45,558.54,651.63,744.72,837.81,930.9,ShowDailyK_ChartFlow,FinMind_API_TaiwanStockPrice_2357,True,2026-09-22T15:40:28,2026-09-22T15:40:28,2026-09-22T15:40:28
2357,華碩,2024-04-26,419.0,7.0,1.70%,31.03,19.54,465.45,558.54,651.63,744.72,837.81,930.9,ShowDailyK_ChartFlow,FinMind_API_TaiwanStockPrice_2357,True,2026-09-22T15:40:28,2026-09-22T15:40:28,2026-09-22T15:40:28
2357,華碩,2024-04-29,426.0,7.0,1.67%,31.03,19.87,465.45,558.54,651.63,744.72,837.81,930.9,ShowDailyK_ChartFlow,FinMind_API_TaiwanStockPrice_2357,True,2026-09-22T15:40:28,2026-09-22T15:40:28,2026-09-22T15:40:28
2357,華碩,2024-04-30,430.0,4.0,0.94%,31.03,20.06,465.45,558.54,651.63,744.72,837.81,930.9,ShowDailyK_ChartFlow,FinMind_API_TaiwanStockPrice_2357,True,2026-09-22T15:40:28,2026-09-22T15:40:28,2026-09-22T15:40:28
2357,華碩,2024-05-02,427.5,-2.5,-0.58%,31.03,19.94,465.45,558.54,651.63,744.72,837.81,930.9,ShowDailyK_ChartFlow,FinMind_API_TaiwanStockPrice_2357,True,2026-09-22T15:40:28,2026-09-22T15:40:28,2026-09-22T15:40:28
2357,華碩,2024-05-03,429.0,1.5,0.35%,31.03,20.01,465.45,558.54,651.63,744.72,837.81,930.9,ShowDailyK_ChartFlow,FinMind_API_TaiwanStockPrice_2357,True,2026-09-22T15:40:28,2026-09-22T15:40:28,2026-09-22T15:40:28
2357,華碩,2024-05-06,448.5,19.5,4.55%,31.03,20.92,465.45,558.54,651.63,744.72,837.81,930.9,ShowDailyK_ChartFlow,FinMind_API_TaiwanStockPrice_2357,True,2026-09-22T15:40:28,2026-09-22T15:40:28,2026-09-22T15:40:28
2357,華碩,2024-05-07,460.0,11.5,2.56%,31.03,21.46,465.45,558.54,651.63,744.72,837.81,930.9,ShowDailyK_ChartFlow,FinMind_API_TaiwanStockPrice_2357,True,2026-09-22T15:40:28,2026-09-22T15:40:28,2026-09-22T15:40:28
2357,華碩,2024-05-08,458.5,-1.5,-0.33%,31.03,21.39,465.45,558.54,651.63,744.72,837.81,930.9,ShowDailyK_ChartFlow,FinMind_API_TaiwanStockPrice_2357,True,2026-09-22T15:40:28,2026-09-22T15:40:28,2026-09-22T15:40:28
2357,華碩,2024-05-09,475.0,16.5,3.60%,31.03,22.15,465.45,558.54,651.63,744.72,837.81,930.9,ShowDailyK_ChartFlow,FinMind_API_TaiwanStockPrice_2357,True,2026-09-22T15:40:28,2026-09-22T15:40:28,2026-09-22T15:40:28
2357,華碩,2024-05-10,470.5,-4.5,-0.95%,31.03,21.94,465.45,558.54,651.63,744.72,837.81,930.9,ShowDailyK_ChartFlow,FinMind_API_TaiwanStockPrice_2357,True,2026-09-22T15:40:28,2026-09-22T15:40:28,2026-09-22T15:40:28
2357,華碩,2024-05-13,466.0,-4.5,-0.96%,31.03,21.74,465.45,558.54,651.63,744.72,837.81,930.9,ShowDailyK_ChartFlow,FinMind_API_TaiwanStockPrice_2357,True,2026-09-22T15:40:28,2026-09-22T15:40:28,2026-09-22T15:40:28
2357,華碩,2024-05-14,512.0,46.0,9.87%,31.03,16.49,465.45,558.54,651.63,744.72,837.81,930.9,ShowDailyK_ChartFlow,FinMind_API_TaiwanStockPrice_2357,True,2026-09-22T15:40:28,2026-09-22T15:40:28,2026-09-22T15:40:28
2357,華碩,2024-05-15,498.0,-14.0,-2.73%,31.03,16.04,465.45,558.54,651.63,744.72,837.81,930.9,ShowDailyK_ChartFlow,FinMind_API_TaiwanStockPrice_2357,True,2026-09-22T15:40:28,2026-09-22T15:40:28,2026-09-22T15:40:28
2357,華碩,2024-05-16,516.0,18.0,3.61%,31.03,16.62,465.45,558.54,651.63,744.72,837.81,930.9,ShowDailyK_ChartFlow,FinMind_API_TaiwanStockPrice_2357,True,2026-09-22T15:40:28,2026-09-22T15:40:28,2026-09-22T15:40:28
2357,華碩,2024-05-17,516.0,0.0,0.00%,31.03,16.62,465.45,558.54,651.63,744.72,837.81,930.9,ShowDailyK_ChartFlow,FinMind_API_TaiwanStockPrice_2357,True,2026-09-22T15:40:28,2026-09-22T15:40:28,2026-09-22T15:40:28
2357,華碩,2024-05-20,506.0,-10.0,-1.94%,31.03,16.3,465.45,558.54,651.63,744.72,837.81,930.9,ShowDailyK_ChartFlow,FinMind_API_TaiwanStockPrice_2357,True,2026-09-22T15:40:28,2026-09-22T15:40:28,2026-09-22T15:40:28
2357,華碩,2024-05-21,489.0,-17.0,-3.36%,31.03,15.75,465.45,558.54,651.63,744.72,837.81,930.9,ShowDailyK_ChartFlow,FinMind_API_TaiwanStockPrice_2357,True,2026-09-22T15:40:28,2026-09-22T15:40:28,2026-09-22T15:40:28
2357,華碩,2024-05-22,522.0,33.0,6.75%,31.03,16.82,465.45,558.54,651.63,744.72,837.81,930.9,ShowDailyK_ChartFlow,FinMind_API_TaiwanStockPrice_2357,True,2026-09-22T15:40:28,2026-09-22T15:40:28,2026-09-22T15:40:28
2357,華碩,2024-05-23,520.0,-2.0,-0.38%,31.03,16.75,465.45,558.54,651.63,744.72,837.81,930.9,ShowDailyK_ChartFlow,FinMind_API_TaiwanStockPrice_2357,True,2026-09-22T15:40:28,2026-09-22T15:40:28,2026-09-22T15:40:28
2357,華碩,2024-05-24,519.0,-1.0,-0.19%,31.03,16.72,465.45,558.54,651.63,744.72,837.81,930.9,ShowDailyK_ChartFlow,FinMind_API_TaiwanStockPrice_2357,True,2026-09-22T15:40:28,2026-09-22T15:40:28,2026-09-22T15:40:28
2357,華碩,2024-05-27,540.0,21.0,4.05%,31.03,17.4,465.45,558.54,651.63,744.72,837.81,930.9,ShowDailyK_ChartFlow,FinMind_API_TaiwanStockPrice_2357,True,2026-09-22T15:40:28,2026-09-22T15:40:28,2026-09-22T15:40:28
2357,華碩,2024-05-28,527.0,-13.0,-2.41%,31.03,16.98,465.45,558.54,651.63,744.72,837.81,930.9,ShowDailyK_ChartFlow,FinMind_API_TaiwanStockPrice_2357,True,2026-09-22T15:40:28,2026-09-22T15:40:28,2026-09-22T15:40:28
2357,華碩,2024-05-29,524.0,-3.0,-0.57%,31.03,16.88,465.45,558.54,651.63,744.72,837.81,930.9,ShowDailyK_ChartFlow,FinMind_API_TaiwanStockPrice_2357,True,2026-09-22T15:40:28,2026-09-22T15:40:28,2026-09-22T15:40:28
2357,華碩,2024-05-30,515.0,-9.0,-1.72%,31.03,16.59,465.45,558.54,651.63,744.72,837.81,930.9,ShowDailyK_ChartFlow,FinMind_API_TaiwanStockPrice_2357,True,2026-09-22T15:40:28,2026-09-22T15:40:28,2026-09-22T15:40:28
2357,華碩,2024-05-31,513.0,-2.0,-0.39%,31.03,16.53,465.45,558.54,651.63,744.72,837.81,930.9,ShowDailyK_ChartFlow,FinMind_API_TaiwanStockPrice_2357,True,2026-09-22T15:40:28,2026-09-22T15:40:28,2026-09-22T15:40:28
2357,華碩,2024-06-03,509.0,-4.0,-0.78%,31.03,16.4,465.45,558.54,651.63,744.72,837.81,930.9,ShowDailyK_ChartFlow,FinMind_API_TaiwanStockPrice_2357,True,2026-09-22T15:40:28,2026-09-22T15:40:28,2026-09-22T15:40:28
2357,華碩,2024-06-04,496.0,-13.0,-2.55%,31.03,15.98,465.45,558.54,651.63,744.72,837.81,930.9,ShowDailyK_ChartFlow,FinMind_API_TaiwanStockPrice_2357,True,2026-09-22T15:40:28,2026-09-22T15:40:28,2026-09-22T15:40:28
2357,華碩,2024-06-05,488.5,-7.5,-1.51%,31.03,15.74,465.45,558.54,651.63,744.72,837.81,930.9,ShowDailyK_ChartFlow,FinMind_API_TaiwanStockPrice_2357,True,2026-09-22T15:40:28,2026-09-22T15:40:28,2026-09-22T15:40:28
2357,華碩,2024-06-06,493.0,4.5,0.92%,31.03,15.88,465.45,558.54,651.63,744.72,837.81,930.9,ShowDailyK_ChartFlow,FinMind_API_TaiwanStockPrice_2357,True,2026-09-22T15:40:28,2026-09-22T15:40:28,2026-09-22T15:40:28
2357,華碩,2024-06-07,484.0,-9.0,-1.83%,31.03,15.59,465.45,558.54,651.63,744.72,837.81,930.9,ShowDailyK_ChartFlow,FinMind_API_TaiwanStockPrice_2357,True,2026-09-22T15:40:28,2026-09-22T15:40:28,2026-09-22T15:40:28
2357,華碩,2024-06-11,481.5,-2.5,-0.52%,31.03,15.51,465.45,558.54,651.63,744.72,837.81,930.9,ShowDailyK_ChartFlow,FinMind_API_TaiwanStockPrice_2357,True,2026-09-22T15:40:28,2026-09-22T15:40:28,2026-09-22T15:40:28
2357,華碩,2024-06-12,480.5,-1.0,-0.21%,31.03,15.48,465.45,558.54,651.63,744.72,837.81,930.9,ShowDailyK_ChartFlow,FinMind_API_TaiwanStockPrice_2357,True,2026-09-22T15:40:28,2026-09-22T15:40:28,2026-09-22T15:40:28
2357,華碩,2024-06-13,487.0,6.5,1.35%,31.03,15.69,465.45,558.54,651.63,744.72,837.81,930.9,ShowDailyK_ChartFlow,FinMind_API_TaiwanStockPrice_2357,True,2026-09-22T15:40:28,2026-09-22T15:40:28,2026-09-22T15:40:28
2357,華碩,2024-06-14,493.5,6.5,1.33%,31.03,15.9,465.45,558.54,651.63,744.72,837.81,930.9,ShowDailyK_ChartFlow,FinMind_API_TaiwanStockPrice_2357,True,2026-09-22T15:40:28,2026-09-22T15:40:28,2026-09-22T15:40:28
2357,華碩,2024-06-17,489.0,-4.5,-0.91%,31.03,15.75,465.45,558.54,651.63,744.72,837.81,930.9,ShowDailyK_ChartFlow,FinMind_API_TaiwanStockPrice_2357,True,2026-09-22T15:40:28,2026-09-22T15:40:28,2026-09-22T15:40:28
2357,華碩,2024-06-18,496.0,7.0,1.43%,31.03,15.98,465.45,558.54,651.63,744.72,837.81,930.9,ShowDailyK_ChartFlow,FinMind_API_TaiwanStockPrice_2357,True,2026-09-22T15:40:28,2026-09-22T15:40:28,2026-09-22T15:40:28
2357,華碩,2024-06-19,502.0,6.0,1.21%,31.03,16.17,465.45,558.54,651.63,744.72,837.81,930.9,ShowDailyK_ChartFlow,FinMind_API_TaiwanStockPrice_2357,True,2026-09-22T15:40:28,2026-09-22T15:40:28,2026-09-22T15:40:28
2357,華碩,2024-06-20,512.0,10.0,1.99%,31.03,16.49,465.45,558.54,651.63,744.72,837.81,930.9,ShowDailyK_ChartFlow,FinMind_API_TaiwanStockPrice_2357,True,2026-09-22T15:40:28,2026-09-22T15:40:28,2026-09-22T15:40:28
2357,華碩,2024-06-21,512.0,0.0,0.00%,31.03,16.49,465.45,558.54,651.63,744.72,837.81,930.9,ShowDailyK_ChartFlow,FinMind_API_TaiwanStockPrice_2357,True,2026-09-22T15:40:28,2026-09-22T15:40:28,2026-09-22T15:40:28
2357,華碩,2024-06-24,513.0,1.0,0.20%,31.03,16.53,465.45,558.54,651.63,744.72,837.81,930.9,ShowDailyK_ChartFlow,FinMind_API_TaiwanStockPrice_2357,True,2026-09-22T15:40:28,2026-09-22T15:40:28,2026-09-22T15:40:28
2357,華碩,2024-06-25,506.0,-7.0,-1.36%,31.03,16.3,465.45,558.54,651.63,744.72,837.81,930.9,ShowDailyK_ChartFlow,FinMind_API_TaiwanStockPrice_2357,True,2026-09-22T15:40:28,2026-09-22T15:40:28,2026-09-22T15:40:28
2357,華碩,2024-06-26,506.0,0.0,0.00%,31.03,16.3,465.45,558.54,651.63,744.72,837.81,930.9,ShowDailyK_ChartFlow,FinMind_API_TaiwanStockPrice_2357,True,2026-09-22T15:40:28,2026-09-22T15:40:28,2026-09-22T15:40:28
2357,華碩,2024-06-27,503.0,-3.0,-0.59%,31.03,16.2,465.45,558.54,651.63,744.72,837.81,930.9,ShowDailyK_ChartFlow,FinMind_API_TaiwanStockPrice_2357,True,2026-09-22T15:40:28,2026-09-22T15:40:28,2026-09-22T15:40:28
2357,華碩,2024-06-28,498.0,-5.0,-0.99%,31.03,16.04,465.45,558.54,651.63,744.72,837.81,930.9,ShowDailyK_ChartFlow,FinMind_API_TaiwanStockPrice_2357,True,2026-09-22T15:40:28,2026-09-22T15:40:28,2026-09-22T15:40:28
2357,華碩,2024-07-01,495.5,-2.5,-0.50%,43.45,15.96,651.75,782.1,912.45,1042.8,1173.15,1303.5,ShowDailyK_ChartFlow,FinMind_API_TaiwanStockPrice_2357,True,2026-09-22T15:40:28,2026-09-22T15:40:28,2026-09-22T15:40:28
2357,華碩,2024-07-02,490.0,-5.5,-1.11%,43.45,15.79,651.75,782.1,912.45,1042.8,1173.15,1303.5,ShowDailyK_ChartFlow,FinMind_API_TaiwanStockPrice_2357,True,2026-09-22T15:40:28,2026-09-22T15:40:28,2026-09-22T15:40:28
2357,華碩,2024-07-03,479.5,-10.5,-2.14%,43.45,15.45,651.75,782.1,912.45,1042.8,1173.15,1303.5,ShowDailyK_ChartFlow,FinMind_API_TaiwanStockPrice_2357,True,2026-09-22T15:40:28,2026-09-22T15:40:28,2026-09-22T15:40:28
2357,華碩,2024-07-04,482.0,2.5,0.52%,43.45,15.53,651.75,782.1,912.45,1042.8,1173.15,1303.5,ShowDailyK_ChartFlow,FinMind_API_TaiwanStockPrice_2357,True,2026-09-22T15:40:28,2026-09-22T15:40:28,2026-09-22T15:40:28
2357,華碩,2024-07-05,483.0,1.0,0.21%,43.45,15.56,651.75,782.1,912.45,1042.8,1173.15,1303.5,ShowDailyK_ChartFlow,FinMind_API_TaiwanStockPrice_2357,True,2026-09-22T15:40:28,2026-09-22T15:40:28,2026-09-22T15:40:28
2357,華碩,2024-07-08,486.0,3.0,0.62%,43.45,15.66,651.75,782.1,912.45,1042.8,1173.15,1303.5,ShowDailyK_ChartFlow,FinMind_API_TaiwanStockPrice_2357,True,2026-09-22T15:40:28,2026-09-22T15:40:28,2026-09-22T15:40:28
2357,華碩,2024-07-09,486.5,0.5,0.10%,43.45,15.67,651.75,782.1,912.45,1042.8,1173.15,1303.5,ShowDailyK_ChartFlow,FinMind_API_TaiwanStockPrice_2357,True,2026-09-22T15:40:28,2026-09-22T15:40:28,2026-09-22T15:40:28
2357,華碩,2024-07-10,508.0,21.5,4.42%,43.45,16.37,651.75,782.1,912.45,1042.8,1173.15,1303.5,ShowDailyK_ChartFlow,FinMind_API_TaiwanStockPrice_2357,True,2026-09-22T15:40:28,2026-09-22T15:40:28,2026-09-22T15:40:28
2357,華碩,2024-07-11,513.0,5.0,0.98%,43.45,16.53,651.75,782.1,912.45,1042.8,1173.15,1303.5,ShowDailyK_ChartFlow,FinMind_API_TaiwanStockPrice_2357,True,2026-09-22T15:40:28,2026-09-22T15:40:28,2026-09-22T15:40:28
2357,華碩,2024-07-12,509.0,-4.0,-0.78%,43.45,16.4,651.75,782.1,912.45,1042.8,1173.15,1303.5,ShowDailyK_ChartFlow,FinMind_API_TaiwanStockPrice_2357,True,2026-09-22T15:40:28,2026-09-22T15:40:28,2026-09-22T15:40:28
2357,華碩,2024-07-15,498.5,-10.5,-2.06%,43.45,16.06,651.75,782.1,912.45,1042.8,1173.15,1303.5,ShowDailyK_ChartFlow,FinMind_API_TaiwanStockPrice_2357,True,2026-09-22T15:40:28,2026-09-22T15:40:28,2026-09-22T15:40:28
2357,華碩,2024-07-16,502.0,3.5,0.70%,43.45,16.17,651.75,782.1,912.45,1042.8,1173.15,1303.5,ShowDailyK_ChartFlow,FinMind_API_TaiwanStockPrice_2357,True,2026-09-22T15:40:28,2026-09-22T15:40:28,2026-09-22T15:40:28
2357,華碩,2024-07-17,493.5,-8.5,-1.69%,43.45,15.9,651.75,782.1,912.45,1042.8,1173.15,1303.5,ShowDailyK_ChartFlow,FinMind_API_TaiwanStockPrice_2357,True,2026-09-22T15:40:28,2026-09-22T15:40:28,2026-09-22T15:40:28
2357,華碩,2024-07-18,494.5,1.0,0.20%,43.45,15.93,651.75,782.1,912.45,1042.8,1173.15,1303.5,ShowDailyK_ChartFlow,FinMind_API_TaiwanStockPrice_2357,True,2026-09-22T15:40:28,2026-09-22T15:40:28,2026-09-22T15:40:28
2357,華碩,2024-07-19,481.5,-13.0,-2.63%,43.45,15.51,651.75,782.1,912.45,1042.8,1173.15,1303.5,ShowDailyK_ChartFlow,FinMind_API_TaiwanStockPrice_2357,True,2026-09-22T15:40:28,2026-09-22T15:40:28,2026-09-22T15:40:28
2357,華碩,2024-07-22,468.0,-13.5,-2.80%,43.45,15.08,651.75,782.1,912.45,1042.8,1173.15,1303.5,ShowDailyK_ChartFlow,FinMind_API_TaiwanStockPrice_2357,True,2026-09-22T15:40:28,2026-09-22T15:40:28,2026-09-22T15:40:28
2357,華碩,2024-07-23,478.5,10.5,2.24%,43.45,15.42,651.75,782.1,912.45,1042.8,1173.15,1303.5,ShowDailyK_ChartFlow,FinMind_API_TaiwanStockPrice_2357,True,2026-09-22T15:40:28,2026-09-22T15:40:28,2026-09-22T15:40:28
2357,華碩,2024-07-26,458.0,-20.5,-4.28%,43.45,14.76,651.75,782.1,912.45,1042.8,1173.15,1303.5,ShowDailyK_ChartFlow,FinMind_API_TaiwanStockPrice_2357,True,2026-09-22T15:40:28,2026-09-22T15:40:28,2026-09-22T15:40:28
2357,華碩,2024-07-29,444.5,-13.5,-2.95%,43.45,14.32,651.75,782.1,912.45,1042.8,1173.15,1303.5,ShowDailyK_ChartFlow,FinMind_API_TaiwanStockPrice_2357,True,2026-09-22T15:40:28,2026-09-22T15:40:28,2026-09-22T15:40:28
2357,華碩,2024-07-30,447.0,2.5,0.56%,43.45,14.4,651.75,782.1,912.45,1042.8,1173.15,1303.5,ShowDailyK_ChartFlow,FinMind_API_TaiwanStockPrice_2357,True,2026-09-22T15:40:28,2026-09-22T15:40:28,2026-09-22T15:40:28
2357,華碩,2024-07-31,456.0,9.0,2.01%,43.45,14.69,651.75,782.1,912.45,1042.8,1173.15,1303.5,ShowDailyK_ChartFlow,FinMind_API_TaiwanStockPrice_2357,True,2026-09-22T15:40:28,2026-09-22T15:40:28,2026-09-22T15:40:28
2357,華碩,2024-08-01,492.0,36.0,7.89%,43.45,15.85,651.75,782.1,912.45,1042.8,1173.15,1303.5,ShowDailyK_ChartFlow,FinMind_API_TaiwanStockPrice_2357,True,2026-09-22T15:40:28,2026-09-22T15:40:28,2026-09-22T15:40:28
2357,華碩,2024-08-02,472.0,-20.0,-4.07%,43.45,15.21,651.75,782.1,912.45,1042.8,1173.15,1303.5,ShowDailyK_ChartFlow,FinMind_API_TaiwanStockPrice_2357,True,2026-09-22T15:40:28,2026-09-22T15:40:28,2026-09-22T15:40:28
2357,華碩,2024-08-05,433.0,-39.0,-8.26%,43.45,13.95,651.75,782.1,912.45,1042.8,1173.15,1303.5,ShowDailyK_ChartFlow,FinMind_API_TaiwanStockPrice_2357,True,2026-09-22T15:40:28,2026-09-22T15:40:28,2026-09-22T15:40:28
2357,華碩,2024-08-06,435.5,2.5,0.58%,43.45,14.03,651.75,782.1,912.45,1042.8,1173.15,1303.5,ShowDailyK_ChartFlow,FinMind_API_TaiwanStockPrice_2357,True,2026-09-22T15:40:28,2026-09-22T15:40:28,2026-09-22T15:40:28
2357,華碩,2024-08-07,469.5,34.0,7.81%,43.45,15.13,651.75,782.1,912.45,1042.8,1173.15,1303.5,ShowDailyK_ChartFlow,FinMind_API_TaiwanStockPrice_2357,True,2026-09-22T15:40:28,2026-09-22T15:40:28,2026-09-22T15:40:28
2357,華碩,2024-08-08,502.0,32.5,6.92%,43.45,11.55,651.75,782.1,912.45,1042.8,1173.15,1303.5,ShowDailyK_ChartFlow,FinMind_API_TaiwanStockPrice_2357,True,2026-09-22T15:40:28,2026-09-22T15:40:28,2026-09-22T15:40:28
2357,華碩,2024-08-09,505.0,3.0,0.60%,43.45,11.62,651.75,782.1,912.45,1042.8,1173.15,1303.5,ShowDailyK_ChartFlow,FinMind_API_TaiwanStockPrice_2357,True,2026-09-22T15:40:28,2026-09-22T15:40:28,2026-09-22T15:40:28
2357,華碩,2024-08-12,499.0,-6.0,-1.19%,43.45,11.48,651.75,782.1,912.45,1042.8,1173.15,1303.5,ShowDailyK_ChartFlow,FinMind_API_TaiwanStockPrice_2357,True,2026-09-22T15:40:28,2026-09-22T15:40:28,2026-09-22T15:40:28
2357,華碩,2024-08-13,500.0,1.0,0.20%,43.45,11.51,651.75,782.1,912.45,1042.8,1173.15,1303.5,ShowDailyK_ChartFlow,FinMind_API_TaiwanStockPrice_2357,True,2026-09-22T15:40:28,2026-09-22T15:40:28,2026-09-22T15:40:28
2357,華碩,2024-08-14,510.0,10.0,2.00%,43.45,11.74,651.75,782.1,912.45,1042.8,1173.15,1303.5,ShowDailyK_ChartFlow,FinMind_API_TaiwanStockPrice_2357,True,2026-09-22T15:40:28,2026-09-22T15:40:28,2026-09-22T15:40:28
2357,華碩,2024-08-15,513.0,3.0,0.59%,43.45,11.81,651.75,782.1,912.45,1042.8,1173.15,1303.5,ShowDailyK_ChartFlow,FinMind_API_TaiwanStockPrice_2357,True,2026-09-22T15:40:28,2026-09-22T15:40:28,2026-09-22T15:40:28
2357,華碩,2024-08-16,519.0,6.0,1.17%,43.45,11.94,651.75,782.1,912.45,1042.8,1173.15,1303.5,ShowDailyK_ChartFlow,FinMind_API_TaiwanStockPrice_2357,True,2026-09-22T15:40:28,2026-09-22T15:40:28,2026-09-22T15:40:28
2357,華碩,2024-08-19,524.0,5.0,0.96%,43.45,12.06,651.75,782.1,912.45,1042.8,1173.15,1303.5,ShowDailyK_ChartFlow,FinMind_API_TaiwanStockPrice_2357,True,2026-09-22T15:40:28,2026-09-22T15:40:28,2026-09-22T15:40:28
2357,華碩,2024-08-20,519.0,-5.0,-0.95%,43.45,11.94,651.75,782.1,912.45,1042.8,1173.15,1303.5,ShowDailyK_ChartFlow,FinMind_API_TaiwanStockPrice_2357,True,2026-09-22T15:40:28,2026-09-22T15:40:28,2026-09-22T15:40:28
2357,華碩,2024-08-21,517.0,-2.0,-0.39%,43.45,11.9,651.75,782.1,912.45,1042.8,1173.15,1303.5,ShowDailyK_ChartFlow,FinMind_API_TaiwanStockPrice_2357,True,2026-09-22T15:40:28,2026-09-22T15:40:28,2026-09-22T15:40:28
2357,華碩,2024-08-22,518.0,1.0,0.19%,43.45,11.92,651.75,782.1,912.45,1042.8,1173.15,1303.5,ShowDailyK_ChartFlow,FinMind_API_TaiwanStockPrice_2357,True,2026-09-22T15:40:28,2026-09-22T15:40:28,2026-09-22T15:40:28
2357,華碩,2024-08-23,519.0,1.0,0.19%,43.45,11.94,651.75,782.1,912.45,1042.8,1173.15,1303.5,ShowDailyK_ChartFlow,FinMind_API_TaiwanStockPrice_2357,True,2026-09-22T15:40:28,2026-09-22T15:40:28,2026-09-22T15:40:28
2357,華碩,2024-08-26,546.0,27.0,5.20%,43.45,12.57,651.75,782.1,912.45,1042.8,1173.15,1303.5,ShowDailyK_ChartFlow,FinMind_API_TaiwanStockPrice_2357,True,2026-09-22T15:40:28,2026-09-22T15:40:28,2026-09-22T15:40:28
2357,華碩,2024-08-27,554.0,8.0,1.47%,43.45,12.75,651.75,782.1,912.45,1042.8,1173.15,1303.5,ShowDailyK_ChartFlow,FinMind_API_TaiwanStockPrice_2357,True,2026-09-22T15:40:28,2026-09-22T15:40:28,2026-09-22T15:40:28
2357,華碩,2024-08-28,552.0,-2.0,-0.36%,43.45,12.7,651.75,782.1,912.45,1042.8,1173.15,1303.5,ShowDailyK_ChartFlow,FinMind_API_TaiwanStockPrice_2357,True,2026-09-22T15:40:28,2026-09-22T15:40:28,2026-09-22T15:40:28
2357,華碩,2024-08-29,548.0,-4.0,-0.72%,43.45,12.61,651.75,782.1,912.45,1042.8,1173.15,1303.5,ShowDailyK_ChartFlow,FinMind_API_TaiwanStockPrice_2357,True,2026-09-22T15:40:28,2026-09-22T15:40:28,2026-09-22T15:40:28
2357,華碩,2024-08-30,537.0,-11.0,-2.01%,43.45,12.36,651.75,782.1,912.45,1042.8,1173.15,1303.5,ShowDailyK_ChartFlow,FinMind_API_TaiwanStockPrice_2357,True,2026-09-22T15:40:28,2026-09-22T15:40:28,2026-09-22T15:40:28
2357,華碩,2024-09-02,556.0,19.0,3.54%,43.45,12.8,651.75,782.1,912.45,1042.8,1173.15,1303.5,ShowDailyK_ChartFlow,FinMind_API_TaiwanStockPrice_2357,True,2026-09-22T15:40:28,2026-09-22T15:40:28,2026-09-22T15:40:28
2357,華碩,2024-09-03,550.0,-6.0,-1.08%,43.45,12.66,651.75,782.1,912.45,1042.8,1173.15,1303.5,ShowDailyK_ChartFlow,FinMind_API_TaiwanStockPrice_2357,True,2026-09-22T15:40:28,2026-09-22T15:40:28,2026-09-22T15:40:28
2357,華碩,2024-09-04,528.0,-22.0,-4.00%,43.45,12.15,651.75,782.1,912.45,1042.8,1173.15,1303.5,ShowDailyK_ChartFlow,FinMind_API_TaiwanStockPrice_2357,True,2026-09-22T15:40:28,2026-09-22T15:40:28,2026-09-22T15:40:28
2357,華碩,2024-09-05,521.0,-7.0,-1.33%,43.45,11.99,651.75,782.1,912.45,1042.8,1173.15,1303.5,ShowDailyK_ChartFlow,FinMind_API_TaiwanStockPrice_2357,True,2026-09-22T15:40:28,2026-09-22T15:40:28,2026-09-22T15:40:28
2357,華碩,2024-09-06,527.0,6.0,1.15%,43.45,12.13,651.75,782.1,912.45,1042.8,1173.15,1303.5,ShowDailyK_ChartFlow,FinMind_API_TaiwanStockPrice_2357,True,2026-09-22T15:40:28,2026-09-22T15:40:28,2026-09-22T15:40:28
2357,華碩,2024-09-09,533.0,6.0,1.14%,43.45,12.27,651.75,782.1,912.45,1042.8,1173.15,1303.5,ShowDailyK_ChartFlow,FinMind_API_TaiwanStockPrice_2357,True,2026-09-22T15:40:28,2026-09-22T15:40:28,2026-09-22T15:40:28
2357,華碩,2024-09-10,527.0,-6.0,-1.13%,43.45,12.13,651.75,782.1,912.45,1042.8,1173.15,1303.5,ShowDailyK_ChartFlow,FinMind_API_TaiwanStockPrice_2357,True,2026-09-22T15:40:28,2026-09-22T15:40:28,2026-09-22T15:40:28
2357,華碩,2024-09-11,523.0,-4.0,-0.76%,43.45,12.04,651.75,782.1,912.45,1042.8,1173.15,1303.5,ShowDailyK_ChartFlow,FinMind_API_TaiwanStockPrice_2357,True,2026-09-22T15:40:28,2026-09-22T15:40:28,2026-09-22T15:40:28
2357,華碩,2024-09-12,539.0,16.0,3.06%,43.45,12.41,651.75,782.1,912.45,1042.8,1173.15,1303.5,ShowDailyK_ChartFlow,FinMind_API_TaiwanStockPrice_2357,True,2026-09-22T15:40:28,2026-09-22T15:40:28,2026-09-22T15:40:28
2357,華碩,2024-09-13,543.0,4.0,0.74%,43.45,12.5,651.75,782.1,912.45,1042.8,1173.15,1303.5,ShowDailyK_ChartFlow,FinMind_API_TaiwanStockPrice_2357,True,2026-09-22T15:40:28,2026-09-22T15:40:28,2026-09-22T15:40:28
2357,華碩,2024-09-16,544.0,1.0,0.18%,43.45,12.52,651.75,782.1,912.45,1042.8,1173.15,1303.5,ShowDailyK_ChartFlow,FinMind_API_TaiwanStockPrice_2357,True,2026-09-22T15:40:28,2026-09-22T15:40:28,2026-09-22T15:40:28
2357,華碩,2024-09-18,547.0,3.0,0.55%,43.45,12.59,651.75,782.1,912.45,1042.8,1173.15,1303.5,ShowDailyK_ChartFlow,FinMind_API_TaiwanStockPrice_2357,True,2026-09-22T15:40:28,2026-09-22T15:40:28,2026-09-22T15:40:28
2357,華碩,2024-09-19,569.0,22.0,4.02%,43.45,13.1,651.75,782.1,912.45,1042.8,1173.15,1303.5,ShowDailyK_ChartFlow,FinMind_API_TaiwanStockPrice_2357,True,2026-09-22T15:40:28,2026-09-22T15:40:28,2026-09-22T15:40:28
2357,華碩,2024-09-20,591.0,22.0,3.87%,43.45,13.6,651.75,782.1,912.45,1042.8,1173.15,1303.5,ShowDailyK_ChartFlow,FinMind_API_TaiwanStockPrice_2357,True,2026-09-22T15:40:28,2026-09-22T15:40:28,2026-09-22T15:40:28
2357,華碩,2024-09-23,589.0,-2.0,-0.34%,43.45,13.56,651.75,782.1,912.45,1042.8,1173.15,1303.5,ShowDailyK_ChartFlow,FinMind_API_TaiwanStockPrice_2357,True,2026-09-22T15:40:28,2026-09-22T15:40:28,2026-09-22T15:40:28
2357,華碩,2024-09-24,594.0,5.0,0.85%,43.45,13.67,651.75,782.1,912.45,1042.8,1173.15,1303.5,ShowDailyK_ChartFlow,FinMind_API_TaiwanStockPrice_2357,True,2026-09-22T15:40:28,2026-09-22T15:40:28,2026-09-22T15:40:28
2357,華碩,2024-09-25,586.0,-8.0,-1.35%,43.45,13.49,651.75,782.1,912.45,1042.8,1173.15,1303.5,ShowDailyK_ChartFlow,FinMind_API_TaiwanStockPrice_2357,True,2026-09-22T15:40:28,2026-09-22T15:40:28,2026-09-22T15:40:28
2357,華碩,2024-09-26,575.0,-11.0,-1.88%,43.45,13.23,651.75,782.1,912.45,1042.8,1173.15,1303.5,ShowDailyK_ChartFlow,FinMind_API_TaiwanStockPrice_2357,True,2026-09-22T15:40:28,2026-09-22T15:40:28,2026-09-22T15:40:28
2357,華碩,2024-09-27,568.0,-7.0,-1.22%,43.45,13.07,651.75,782.1,912.45,1042.8,1173.15,1303.5,ShowDailyK_ChartFlow,FinMind_API_TaiwanStockPrice_2357,True,2026-09-22T15:40:28,2026-09-22T15:40:28,2026-09-22T15:40:28
2357,華碩,2024-09-30,553.0,-15.0,-2.64%,45.34,12.73,680.1,816.12,952.14,1088.16,1224.18,1360.2,ShowDailyK_ChartFlow,FinMind_API_TaiwanStockPrice_2357,True,2026-09-22T15:40:28,2026-09-22T15:40:28,2026-09-22T15:40:28
2357,華碩,2024-10-01,572.0,19.0,3.44%,45.34,13.16,680.1,816.12,952.14,1088.16,1224.18,1360.2,ShowDailyK_ChartFlow,FinMind_API_TaiwanStockPrice_2357,True,2026-09-22T15:40:28,2026-09-22T15:40:28,2026-09-22T15:40:28
2357,華碩,2024-10-04,562.0,-10.0,-1.75%,45.34,12.93,680.1,816.12,952.14,1088.16,1224.18,1360.2,ShowDailyK_ChartFlow,FinMind_API_TaiwanStockPrice_2357,True,2026-09-22T15:40:28,2026-09-22T15:40:28,2026-09-22T15:40:28
2357,華碩,2024-10-07,579.0,17.0,3.02%,45.34,13.33,680.1,816.12,952.14,1088.16,1224.18,1360.2,ShowDailyK_ChartFlow,FinMind_API_TaiwanStockPrice_2357,True,2026-09-22T15:40:28,2026-09-22T15:40:28,2026-09-22T15:40:28
2357,華碩,2024-10-08,577.0,-2.0,-0.35%,45.34,13.28,680.1,816.12,952.14,1088.16,1224.18,1360.2,ShowDailyK_ChartFlow,FinMind_API_TaiwanStockPrice_2357,True,2026-09-22T15:40:28,2026-09-22T15:40:28,2026-09-22T15:40:28
2357,華碩,2024-10-09,577.0,0.0,0.00%,45.34,13.28,680.1,816.12,952.14,1088.16,1224.18,1360.2,ShowDailyK_ChartFlow,FinMind_API_TaiwanStockPrice_2357,True,2026-09-22T15:40:28,2026-09-22T15:40:28,2026-09-22T15:40:28
2357,華碩,2024-10-11,585.0,8.0,1.39%,45.34,13.46,680.1,816.12,952.14,1088.16,1224.18,1360.2,ShowDailyK_ChartFlow,FinMind_API_TaiwanStockPrice_2357,True,2026-09-22T15:40:28,2026-09-22T15:40:28,2026-09-22T15:40:28
2357,華碩,2024-10-14,583.0,-2.0,-0.34%,45.34,13.42,680.1,816.12,952.14,1088.16,1224.18,1360.2,ShowDailyK_ChartFlow,FinMind_API_TaiwanStockPrice_2357,True,2026-09-22T15:40:28,2026-09-22T15:40:28,2026-09-22T15:40:28
2357,華碩,2024-10-15,599.0,16.0,2.74%,45.34,13.79,680.1,816.12,952.14,1088.16,1224.18,1360.2,ShowDailyK_ChartFlow,FinMind_API_TaiwanStockPrice_2357,True,2026-09-22T15:40:28,2026-09-22T15:40:28,2026-09-22T15:40:28
2357,華碩,2024-10-16,591.0,-8.0,-1.34%,45.34,13.6,680.1,816.12,952.14,1088.16,1224.18,1360.2,ShowDailyK_ChartFlow,FinMind_API_TaiwanStockPrice_2357,True,2026-09-22T15:40:28,2026-09-22T15:40:28,2026-09-22T15:40:28
2357,華碩,2024-10-17,596.0,5.0,0.85%,45.34,13.72,680.1,816.12,952.14,1088.16,1224.18,1360.2,ShowDailyK_ChartFlow,FinMind_API_TaiwanStockPrice_2357,True,2026-09-22T15:40:28,2026-09-22T15:40:28,2026-09-22T15:40:28
2357,華碩,2024-10-18,596.0,0.0,0.00%,45.34,13.72,680.1,816.12,952.14,1088.16,1224.18,1360.2,ShowDailyK_ChartFlow,FinMind_API_TaiwanStockPrice_2357,True,2026-09-22T15:40:28,2026-09-22T15:40:28,2026-09-22T15:40:28
2357,華碩,2024-10-21,590.0,-6.0,-1.01%,45.34,13.58,680.1,816.12,952.14,1088.16,1224.18,1360.2,ShowDailyK_ChartFlow,FinMind_API_TaiwanStockPrice_2357,True,2026-09-22T15:40:28,2026-09-22T15:40:28,2026-09-22T15:40:28
2357,華碩,2024-10-22,600.0,10.0,1.69%,45.34,13.81,680.1,816.12,952.14,1088.16,1224.18,1360.2,ShowDailyK_ChartFlow,FinMind_API_TaiwanStockPrice_2357,True,2026-09-22T15:40:28,2026-09-22T15:40:28,2026-09-22T15:40:28
2357,華碩,2024-10-23,591.0,-9.0,-1.50%,45.34,13.6,680.1,816.12,952.14,1088.16,1224.18,1360.2,ShowDailyK_ChartFlow,FinMind_API_TaiwanStockPrice_2357,True,2026-09-22T15:40:28,2026-09-22T15:40:28,2026-09-22T15:40:28
2357,華碩,2024-10-24,584.0,-7.0,-1.18%,45.34,13.44,680.1,816.12,952.14,1088.16,1224.18,1360.2,ShowDailyK_ChartFlow,FinMind_API_TaiwanStockPrice_2357,True,2026-09-22T15:40:28,2026-09-22T15:40:28,2026-09-22T15:40:28
2357,華碩,2024-10-25,591.0,7.0,1.20%,45.34,13.6,680.1,816.12,952.14,1088.16,1224.18,1360.2,ShowDailyK_ChartFlow,FinMind_API_TaiwanStockPrice_2357,True,2026-09-22T15:40:28,2026-09-22T15:40:28,2026-09-22T15:40:28
2357,華碩,2024-10-28,595.0,4.0,0.68%,45.34,13.69,680.1,816.12,952.14,1088.16,1224.18,1360.2,ShowDailyK_ChartFlow,FinMind_API_TaiwanStockPrice_2357,True,2026-09-22T15:40:28,2026-09-22T15:40:28,2026-09-22T15:40:28
2357,華碩,2024-10-29,584.0,-11.0,-1.85%,45.34,13.44,680.1,816.12,952.14,1088.16,1224.18,1360.2,ShowDailyK_ChartFlow,FinMind_API_TaiwanStockPrice_2357,True,2026-09-22T15:40:28,2026-09-22T15:40:28,2026-09-22T15:40:28
2357,華碩,2024-10-30,575.0,-9.0,-1.54%,45.34,13.23,680.1,816.12,952.14,1088.16,1224.18,1360.2,ShowDailyK_ChartFlow,FinMind_API_TaiwanStockPrice_2357,True,2026-09-22T15:40:28,2026-09-22T15:40:28,2026-09-22T15:40:28
2357,華碩,2024-11-01,583.0,8.0,1.39%,45.34,13.42,680.1,816.12,952.14,1088.16,1224.18,1360.2,ShowDailyK_ChartFlow,FinMind_API_TaiwanStockPrice_2357,True,2026-09-22T15:40:28,2026-09-22T15:40:28,2026-09-22T15:40:28
2357,華碩,2024-11-04,596.0,13.0,2.23%,45.34,13.72,680.1,816.12,952.14,1088.16,1224.18,1360.2,ShowDailyK_ChartFlow,FinMind_API_TaiwanStockPrice_2357,True,2026-09-22T15:40:28,2026-09-22T15:40:28,2026-09-22T15:40:28
2357,華碩,2024-11-05,596.0,0.0,0.00%,45.34,13.72,680.1,816.12,952.14,1088.16,1224.18,1360.2,ShowDailyK_ChartFlow,FinMind_API_TaiwanStockPrice_2357,True,2026-09-22T15:40:28,2026-09-22T15:40:28,2026-09-22T15:40:28
2357,華碩,2024-11-06,606.0,10.0,1.68%,45.34,13.95,680.1,816.12,952.14,1088.16,1224.18,1360.2,ShowDailyK_ChartFlow,FinMind_API_TaiwanStockPrice_2357,True,2026-09-22T15:40:28,2026-09-22T15:40:28,2026-09-22T15:40:28
2357,華碩,2024-11-07,607.0,1.0,0.17%,45.34,13.97,680.1,816.12,952.14,1088.16,1224.18,1360.2,ShowDailyK_ChartFlow,FinMind_API_TaiwanStockPrice_2357,True,2026-09-22T15:40:28,2026-09-22T15:40:28,2026-09-22T15:40:28
2357,華碩,2024-11-08,621.0,14.0,2.31%,45.34,14.29,680.1,816.12,952.14,1088.16,1224.18,1360.2,ShowDailyK_ChartFlow,FinMind_API_TaiwanStockPrice_2357,True,2026-09-22T15:40:28,2026-09-22T15:40:28,2026-09-22T15:40:28
2357,華碩,2024-11-11,614.0,-7.0,-1.13%,45.34,13.54,680.1,816.12,952.14,1088.16,1224.18,1360.2,ShowDailyK_ChartFlow,FinMind_API_TaiwanStockPrice_2357,True,2026-09-22T15:40:28,2026-09-22T15:40:28,2026-09-22T15:40:28
2357,華碩,2024-11-12,612.0,-2.0,-0.33%,45.34,13.5,680.1,816.12,952.14,1088.16,1224.18,1360.2,ShowDailyK_ChartFlow,FinMind_API_TaiwanStockPrice_2357,True,2026-09-22T15:40:28,2026-09-22T15:40:28,2026-09-22T15:40:28
2357,華碩,2024-11-13,611.0,-1.0,-0.16%,45.34,13.47,680.1,816.12,952.14,1088.16,1224.18,1360.2,ShowDailyK_ChartFlow,FinMind_API_TaiwanStockPrice_2357,True,2026-09-22T15:40:28,2026-09-22T15:40:28,2026-09-22T15:40:28
2357,華碩,2024-11-14,623.0,12.0,1.96%,45.34,13.74,680.1,816.12,952.14,1088.16,1224.18,1360.2,ShowDailyK_ChartFlow,FinMind_API_TaiwanStockPrice_2357,True,2026-09-22T15:40:28,2026-09-22T15:40:28,2026-09-22T15:40:28
2357,華碩,2024-11-15,607.0,-16.0,-2.57%,45.34,13.38,680.1,816.12,952.14,1088.16,1224.18,1360.2,ShowDailyK_ChartFlow,FinMind_API_TaiwanStockPrice_2357,True,2026-09-22T15:40:28,2026-09-22T15:40:28,2026-09-22T15:40:28
2357,華碩,2024-11-18,612.0,5.0,0.82%,45.34,13.5,680.1,816.12,952.14,1088.16,1224.18,1360.2,ShowDailyK_ChartFlow,FinMind_API_TaiwanStockPrice_2357,True,2026-09-22T15:40:28,2026-09-22T15:40:28,2026-09-22T15:40:28
2357,華碩,2024-11-19,622.0,10.0,1.63%,45.34,13.72,680.1,816.12,952.14,1088.16,1224.18,1360.2,ShowDailyK_ChartFlow,FinMind_API_TaiwanStockPrice_2357,True,2026-09-22T15:40:28,2026-09-22T15:40:28,2026-09-22T15:40:28
2357,華碩,2024-11-20,619.0,-3.0,-0.48%,45.34,13.65,680.1,816.12,952.14,1088.16,1224.18,1360.2,ShowDailyK_ChartFlow,FinMind_API_TaiwanStockPrice_2357,True,2026-09-22T15:40:28,2026-09-22T15:40:28,2026-09-22T15:40:28
2357,華碩,2024-11-21,610.0,-9.0,-1.45%,45.34,13.45,680.1,816.12,952.14,1088.16,1224.18,1360.2,ShowDailyK_ChartFlow,FinMind_API_TaiwanStockPrice_2357,True,2026-09-22T15:40:28,2026-09-22T15:40:28,2026-09-22T15:40:28
2357,華碩,2024-11-22,611.0,1.0,0.16%,45.34,13.47,680.1,816.12,952.14,1088.16,1224.18,1360.2,ShowDailyK_ChartFlow,FinMind_API_TaiwanStockPrice_2357,True,2026-09-22T15:40:28,2026-09-22T15:40:28,2026-09-22T15:40:28
2357,華碩,2024-11-25,602.0,-9.0,-1.47%,45.34,13.27,680.1,816.12,952.14,1088.16,1224.18,1360.2,ShowDailyK_ChartFlow,FinMind_API_TaiwanStockPrice_2357,True,2026-09-22T15:40:28,2026-09-22T15:40:28,2026-09-22T15:40:28
2357,華碩,2024-11-26,617.0,15.0,2.49%,45.34,13.61,680.1,816.12,952.14,1088.16,1224.18,1360.2,ShowDailyK_ChartFlow,FinMind_API_TaiwanStockPrice_2357,True,2026-09-22T15:40:28,2026-09-22T15:40:28,2026-09-22T15:40:28
2357,華碩,2024-11-27,594.0,-23.0,-3.73%,45.34,13.1,680.1,816.12,952.14,1088.16,1224.18,1360.2,ShowDailyK_ChartFlow,FinMind_API_TaiwanStockPrice_2357,True,2026-09-22T15:40:28,2026-09-22T15:40:28,2026-09-22T15:40:28
2357,華碩,2024-11-28,581.0,-13.0,-2.19%,45.34,12.81,680.1,816.12,952.14,1088.16,1224.18,1360.2,ShowDailyK_ChartFlow,FinMind_API_TaiwanStockPrice_2357,True,2026-09-22T15:40:28,2026-09-22T15:40:28,2026-09-22T15:40:28
2357,華碩,2024-11-29,588.0,7.0,1.20%,45.34,12.97,680.1,816.12,952.14,1088.16,1224.18,1360.2,ShowDailyK_ChartFlow,FinMind_API_TaiwanStockPrice_2357,True,2026-09-22T15:40:28,2026-09-22T15:40:28,2026-09-22T15:40:28
2357,華碩,2024-12-02,602.0,14.0,2.38%,45.34,13.27,680.1,816.12,952.14,1088.16,1224.18,1360.2,ShowDailyK_ChartFlow,FinMind_API_TaiwanStockPrice_2357,True,2026-09-22T15:40:28,2026-09-22T15:40:28,2026-09-22T15:40:28
2357,華碩,2024-12-03,595.0,-7.0,-1.16%,45.34,13.12,680.1,816.12,952.14,1088.16,1224.18,1360.2,ShowDailyK_ChartFlow,FinMind_API_TaiwanStockPrice_2357,True,2026-09-22T15:40:28,2026-09-22T15:40:28,2026-09-22T15:40:28
2357,華碩,2024-12-04,601.0,6.0,1.01%,45.34,13.25,680.1,816.12,952.14,1088.16,1224.18,1360.2,ShowDailyK_ChartFlow,FinMind_API_TaiwanStockPrice_2357,True,2026-09-22T15:40:28,2026-09-22T15:40:28,2026-09-22T15:40:28
2357,華碩,2024-12-05,600.0,-1.0,-0.17%,45.34,13.23,680.1,816.12,952.14,1088.16,1224.18,1360.2,ShowDailyK_ChartFlow,FinMind_API_TaiwanStockPrice_2357,True,2026-09-22T15:40:28,2026-09-22T15:40:28,2026-09-22T15:40:28
2357,華碩,2024-12-06,598.0,-2.0,-0.33%,45.34,13.19,680.1,816.12,952.14,1088.16,1224.18,1360.2,ShowDailyK_ChartFlow,FinMind_API_TaiwanStockPrice_2357,True,2026-09-22T15:40:28,2026-09-22T15:40:28,2026-09-22T15:40:28
2357,華碩,2024-12-09,608.0,10.0,1.67%,45.34,13.41,680.1,816.12,952.14,1088.16,1224.18,1360.2,ShowDailyK_ChartFlow,FinMind_API_TaiwanStockPrice_2357,True,2026-09-22T15:40:28,2026-09-22T15:40:28,2026-09-22T15:40:28
2357,華碩,2024-12-10,605.0,-3.0,-0.49%,45.34,13.34,680.1,816.12,952.14,1088.16,1224.18,1360.2,ShowDailyK_ChartFlow,FinMind_API_TaiwanStockPrice_2357,True,2026-09-22T15:40:28,2026-09-22T15:40:28,2026-09-22T15:40:28
2357,華碩,2024-12-11,604.0,-1.0,-0.17%,45.34,13.32,680.1,816.12,952.14,1088.16,1224.18,1360.2,ShowDailyK_ChartFlow,FinMind_API_TaiwanStockPrice_2357,True,2026-09-22T15:40:28,2026-09-22T15:40:28,2026-09-22T15:40:28
2357,華碩,2024-12-12,608.0,4.0,0.66%,45.34,13.41,680.1,816.12,952.14,1088.16,1224.18,1360.2,ShowDailyK_ChartFlow,FinMind_API_TaiwanStockPrice_2357,True,2026-09-22T15:40:28,2026-09-22T15:40:28,2026-09-22T15:40:28
2357,華碩,2024-12-13,615.0,7.0,1.15%,45.34,13.56,680.1,816.12,952.14,1088.16,1224.18,1360.2,ShowDailyK_ChartFlow,FinMind_API_TaiwanStockPrice_2357,True,2026-09-22T15:40:28,2026-09-22T15:40:28,2026-09-22T15:40:28
2357,華碩,2024-12-16,601.0,-14.0,-2.28%,45.34,13.25,680.1,816.12,952.14,1088.16,1224.18,1360.2,ShowDailyK_ChartFlow,FinMind_API_TaiwanStockPrice_2357,True,2026-09-22T15:40:28,2026-09-22T15:40:28,2026-09-22T15:40:28
2357,華碩,2024-12-17,595.0,-6.0,-1.00%,45.34,13.12,680.1,816.12,952.14,1088.16,1224.18,1360.2,ShowDailyK_ChartFlow,FinMind_API_TaiwanStockPrice_2357,True,2026-09-22T15:40:28,2026-09-22T15:40:28,2026-09-22T15:40:28
2357,華碩,2024-12-18,609.0,14.0,2.35%,45.34,13.43,680.1,816.12,952.14,1088.16,1224.18,1360.2,ShowDailyK_ChartFlow,FinMind_API_TaiwanStockPrice_2357,True,2026-09-22T15:40:28,2026-09-22T15:40:28,2026-09-22T15:40:28
2357,華碩,2024-12-19,602.0,-7.0,-1.15%,45.34,13.27,680.1,816.12,952.14,1088.16,1224.18,1360.2,ShowDailyK_ChartFlow,FinMind_API_TaiwanStockPrice_2357,True,2026-09-22T15:40:28,2026-09-22T15:40:28,2026-09-22T15:40:28
2357,華碩,2024-12-20,600.0,-2.0,-0.33%,45.34,13.23,680.1,816.12,952.14,1088.16,1224.18,1360.2,ShowDailyK_ChartFlow,FinMind_API_TaiwanStockPrice_2357,True,2026-09-22T15:40:28,2026-09-22T15:40:28,2026-09-22T15:40:28
2357,華碩,2024-12-23,615.0,15.0,2.50%,45.34,13.56,680.1,816.12,952.14,1088.16,1224.18,1360.2,ShowDailyK_ChartFlow,FinMind_API_TaiwanStockPrice_2357,True,2026-09-22T15:40:28,2026-09-22T15:40:28,2026-09-22T15:40:28
2357,華碩,2024-12-24,615.0,0.0,0.00%,45.34,13.56,680.1,816.12,952.14,1088.16,1224.18,1360.2,ShowDailyK_ChartFlow,FinMind_API_TaiwanStockPrice_2357,True,2026-09-22T15:40:28,2026-09-22T15:40:28,2026-09-22T15:40:28
2357,華碩,2024-12-25,613.0,-2.0,-0.33%,45.34,13.52,680.1,816.12,952.14,1088.16,1224.18,1360.2,ShowDailyK_ChartFlow,FinMind_API_TaiwanStockPrice_2357,True,2026-09-22T15:40:28,2026-09-22T15:40:28,2026-09-22T15:40:28
2357,華碩,2024-12-26,616.0,3.0,0.49%,45.34,13.58,680.1,816.12,952.14,1088.16,1224.18,1360.2,ShowDailyK_ChartFlow,FinMind_API_TaiwanStockPrice_2357,True,2026-09-22T15:40:28,2026-09-22T15:40:28,2026-09-22T15:40:28
2357,華碩,2024-12-27,624.0,8.0,1.30%,45.34,13.76,680.1,816.12,952.14,1088.16,1224.18,1360.2,ShowDailyK_ChartFlow,FinMind_API_TaiwanStockPrice_2357,True,2026-09-22T15:40:28,2026-09-22T15:40:28,2026-09-22T15:40:28
2357,華碩,2024-12-30,617.0,-7.0,-1.12%,45.34,13.61,680.1,816.12,952.14,1088.16,1224.18,1360.2,ShowDailyK_ChartFlow,FinMind_API_TaiwanStockPrice_2357,True,2026-09-22T15:40:28,2026-09-22T15:40:28,2026-09-22T15:40:28
2357,華碩,2024-12-31,616.0,-1.0,-0.16%,42.269999999999996,13.58,634.05,760.86,887.67,1014.48,1141.29,1268.1,ShowDailyK_ChartFlow,FinMind_API_TaiwanStockPrice_2357,True,2026-09-22T15:40:28,2026-09-22T15:40:28,2026-09-22T15:40:28
2357,華碩,2025-01-02,605.0,-11.0,-1.79%,42.269999999999996,13.34,634.05,760.86,887.67,1014.48,1141.29,1268.1,ShowDailyK_ChartFlow,FinMind_API_TaiwanStockPrice_2357,True,2026-09-22T15:40:28,2026-09-22T15:40:28,2026-09-22T15:40:28
2357,華碩,2025-01-03,623.0,18.0,2.98%,42.269999999999996,13.74,634.05,760.86,887.67,1014.48,1141.29,1268.1,ShowDailyK_ChartFlow,FinMind_API_TaiwanStockPrice_2357,True,2026-09-22T15:40:28,2026-09-22T15:40:28,2026-09-22T15:40:28
2357,華碩,2025-01-06,629.0,6.0,0.96%,42.269999999999996,13.87,634.05,760.86,887.67,1014.48,1141.29,1268.1,ShowDailyK_ChartFlow,FinMind_API_TaiwanStockPrice_2357,True,2026-09-22T15:40:28,2026-09-22T15:40:28,2026-09-22T15:40:28
2357,華碩,2025-01-07,648.0,19.0,3.02%,42.269999999999996,14.29,634.05,760.86,887.67,1014.48,1141.29,1268.1,ShowDailyK_ChartFlow,FinMind_API_TaiwanStockPrice_2357,True,2026-09-22T15:40:28,2026-09-22T15:40:28,2026-09-22T15:40:28
2357,華碩,2025-01-08,646.0,-2.0,-0.31%,42.269999999999996,14.24,634.05,760.86,887.67,1014.48,1141.29,1268.1,ShowDailyK_ChartFlow,FinMind_API_TaiwanStockPrice_2357,True,2026-09-22T15:40:28,2026-09-22T15:40:28,2026-09-22T15:40:28
2357,華碩,2025-01-09,633.0,-13.0,-2.01%,42.269999999999996,13.96,634.05,760.86,887.67,1014.48,1141.29,1268.1,ShowDailyK_ChartFlow,FinMind_API_TaiwanStockPrice_2357,True,2026-09-22T15:40:28,2026-09-22T15:40:28,2026-09-22T15:40:28
2357,華碩,2025-01-10,626.0,-7.0,-1.11%,42.269999999999996,13.8,634.05,760.86,887.67,1014.48,1141.29,1268.1,ShowDailyK_ChartFlow,FinMind_API_TaiwanStockPrice_2357,True,2026-09-22T15:40:28,2026-09-22T15:40:28,2026-09-22T15:40:28
2357,華碩,2025-01-13,609.0,-17.0,-2.72%,42.269999999999996,13.43,634.05,760.86,887.67,1014.48,1141.29,1268.1,ShowDailyK_ChartFlow,FinMind_API_TaiwanStockPrice_2357,True,2026-09-22T15:40:28,2026-09-22T15:40:28,2026-09-22T15:40:28
2357,華碩,2025-01-14,608.0,-1.0,-0.16%,42.269999999999996,13.41,634.05,760.86,887.67,1014.48,1141.29,1268.1,ShowDailyK_ChartFlow,FinMind_API_TaiwanStockPrice_2357,True,2026-09-22T15:40:28,2026-09-22T15:40:28,2026-09-22T15:40:28
2357,華碩,2025-01-15,591.0,-17.0,-2.80%,42.269999999999996,13.03,634.05,760.86,887.67,1014.48,1141.29,1268.1,ShowDailyK_ChartFlow,FinMind_API_TaiwanStockPrice_2357,True,2026-09-22T15:40:28,2026-09-22T15:40:28,2026-09-22T15:40:28
2357,華碩,2025-01-16,600.0,9.0,1.52%,42.269999999999996,13.23,634.05,760.86,887.67,1014.48,1141.29,1268.1,ShowDailyK_ChartFlow,FinMind_API_TaiwanStockPrice_2357,True,2026-09-22T15:40:28,2026-09-22T15:40:28,2026-09-22T15:40:28
2357,華碩,2025-01-17,600.0,0.0,0.00%,42.269999999999996,13.23,634.05,760.86,887.67,1014.48,1141.29,1268.1,ShowDailyK_ChartFlow,FinMind_API_TaiwanStockPrice_2357,True,2026-09-22T15:40:28,2026-09-22T15:40:28,2026-09-22T15:40:28
2357,華碩,2025-01-20,610.0,10.0,1.67%,42.269999999999996,13.45,634.05,760.86,887.67,1014.48,1141.29,1268.1,ShowDailyK_ChartFlow,FinMind_API_TaiwanStockPrice_2357,True,2026-09-22T15:40:28,2026-09-22T15:40:28,2026-09-22T15:40:28
2357,華碩,2025-01-21,599.0,-11.0,-1.80%,42.269999999999996,13.21,634.05,760.86,887.67,1014.48,1141.29,1268.1,ShowDailyK_ChartFlow,FinMind_API_TaiwanStockPrice_2357,True,2026-09-22T15:40:28,2026-09-22T15:40:28,2026-09-22T15:40:28
2357,華碩,2025-01-22,607.0,8.0,1.34%,42.269999999999996,13.38,634.05,760.86,887.67,1014.48,1141.29,1268.1,ShowDailyK_ChartFlow,FinMind_API_TaiwanStockPrice_2357,True,2026-09-22T15:40:28,2026-09-22T15:40:28,2026-09-22T15:40:28
2357,華碩,2025-02-03,649.0,42.0,6.92%,42.269999999999996,14.31,634.05,760.86,887.67,1014.48,1141.29,1268.1,ShowDailyK_ChartFlow,FinMind_API_TaiwanStockPrice_2357,True,2026-09-22T15:40:28,2026-09-22T15:40:28,2026-09-22T15:40:28
2357,華碩,2025-02-04,647.0,-2.0,-0.31%,42.269999999999996,14.27,634.05,760.86,887.67,1014.48,1141.29,1268.1,ShowDailyK_ChartFlow,FinMind_API_TaiwanStockPrice_2357,True,2026-09-22T15:40:28,2026-09-22T15:40:28,2026-09-22T15:40:28
2357,華碩,2025-02-05,657.0,10.0,1.55%,42.269999999999996,14.49,634.05,760.86,887.67,1014.48,1141.29,1268.1,ShowDailyK_ChartFlow,FinMind_API_TaiwanStockPrice_2357,True,2026-09-22T15:40:28,2026-09-22T15:40:28,2026-09-22T15:40:28
2357,華碩,2025-02-06,652.0,-5.0,-0.76%,42.269999999999996,14.38,634.05,760.86,887.67,1014.48,1141.29,1268.1,ShowDailyK_ChartFlow,FinMind_API_TaiwanStockPrice_2357,True,2026-09-22T15:40:28,2026-09-22T15:40:28,2026-09-22T15:40:28
2357,華碩,2025-02-07,665.0,13.0,1.99%,42.269999999999996,14.66,634.05,760.86,887.67,1014.48,1141.29,1268.1,ShowDailyK_ChartFlow,FinMind_API_TaiwanStockPrice_2357,True,2026-09-22T15:40:28,2026-09-22T15:40:28,2026-09-22T15:40:28
2357,華碩,2025-02-10,669.0,4.0,0.60%,42.269999999999996,14.75,634.05,760.86,887.67,1014.48,1141.29,1268.1,ShowDailyK_ChartFlow,FinMind_API_TaiwanStockPrice_2357,True,2026-09-22T15:40:28,2026-09-22T15:40:28,2026-09-22T15:40:28
2357,華碩,2025-02-11,665.0,-4.0,-0.60%,42.269999999999996,14.66,634.05,760.86,887.67,1014.48,1141.29,1268.1,ShowDailyK_ChartFlow,FinMind_API_TaiwanStockPrice_2357,True,2026-09-22T15:40:28,2026-09-22T15:40:28,2026-09-22T15:40:28
2357,華碩,2025-02-12,675.0,10.0,1.50%,42.269999999999996,14.88,634.05,760.86,887.67,1014.48,1141.29,1268.1,ShowDailyK_ChartFlow,FinMind_API_TaiwanStockPrice_2357,True,2026-09-22T15:40:28,2026-09-22T15:40:28,2026-09-22T15:40:28
2357,華碩,2025-02-13,679.0,4.0,0.59%,42.269999999999996,14.97,634.05,760.86,887.67,1014.48,1141.29,1268.1,ShowDailyK_ChartFlow,FinMind_API_TaiwanStockPrice_2357,True,2026-09-22T15:40:28,2026-09-22T15:40:28,2026-09-22T15:40:28
2357,華碩,2025-02-14,678.0,-1.0,-0.15%,42.269999999999996,14.95,634.05,760.86,887.67,1014.48,1141.29,1268.1,ShowDailyK_ChartFlow,FinMind_API_TaiwanStockPrice_2357,True,2026-09-22T15:40:28,2026-09-22T15:40:28,2026-09-22T15:40:28
2357,華碩,2025-02-17,681.0,3.0,0.44%,42.269999999999996,15.02,634.05,760.86,887.67,1014.48,1141.29,1268.1,ShowDailyK_ChartFlow,FinMind_API_TaiwanStockPrice_2357,True,2026-09-22T15:40:28,2026-09-22T15:40:28,2026-09-22T15:40:28
2357,華碩,2025-02-18,698.0,17.0,2.50%,42.269999999999996,15.39,634.05,760.86,887.67,1014.48,1141.29,1268.1,ShowDailyK_ChartFlow,FinMind_API_TaiwanStockPrice_2357,True,2026-09-22T15:40:28,2026-09-22T15:40:28,2026-09-22T15:40:28
2357,華碩,2025-02-19,691.0,-7.0,-1.00%,42.269999999999996,15.24,634.05,760.86,887.67,1014.48,1141.29,1268.1,ShowDailyK_ChartFlow,FinMind_API_TaiwanStockPrice_2357,True,2026-09-22T15:40:28,2026-09-22T15:40:28,2026-09-22T15:40:28
2357,華碩,2025-02-20,693.0,2.0,0.29%,42.269999999999996,15.28,634.05,760.86,887.67,1014.48,1141.29,1268.1,ShowDailyK_ChartFlow,FinMind_API_TaiwanStockPrice_2357,True,2026-09-22T15:40:28,2026-09-22T15:40:28,2026-09-22T15:40:28
2357,華碩,2025-02-21,709.0,16.0,2.31%,42.269999999999996,15.63,634.05,760.86,887.67,1014.48,1141.29,1268.1,ShowDailyK_ChartFlow,FinMind_API_TaiwanStockPrice_2357,True,2026-09-22T15:40:28,2026-09-22T15:40:28,2026-09-22T15:40:28
2357,華碩,2025-02-24,698.0,-11.0,-1.55%,42.269999999999996,15.39,634.05,760.86,887.67,1014.48,1141.29,1268.1,ShowDailyK_ChartFlow,FinMind_API_TaiwanStockPrice_2357,True,2026-09-22T15:40:28,2026-09-22T15:40:28,2026-09-22T15:40:28
2357,華碩,2025-02-25,691.0,-7.0,-1.00%,42.269999999999996,15.24,634.05,760.86,887.67,1014.48,1141.29,1268.1,ShowDailyK_ChartFlow,FinMind_API_TaiwanStockPrice_2357,True,2026-09-22T15:40:28,2026-09-22T15:40:28,2026-09-22T15:40:28
2357,華碩,2025-02-26,698.0,7.0,1.01%,42.269999999999996,15.39,634.05,760.86,887.67,1014.48,1141.29,1268.1,ShowDailyK_ChartFlow,FinMind_API_TaiwanStockPrice_2357,True,2026-09-22T15:40:28,2026-09-22T15:40:28,2026-09-22T15:40:28
2357,華碩,2025-02-27,682.0,-16.0,-2.29%,42.269999999999996,15.04,634.05,760.86,887.67,1014.48,1141.29,1268.1,ShowDailyK_ChartFlow,FinMind_API_TaiwanStockPrice_2357,True,2026-09-22T15:40:28,2026-09-22T15:40:28,2026-09-22T15:40:28
2357,華碩,2025-03-03,669.0,-13.0,-1.91%,42.269999999999996,14.75,634.05,760.86,887.67,1014.48,1141.29,1268.1,ShowDailyK_ChartFlow,FinMind_API_TaiwanStockPrice_2357,True,2026-09-22T15:40:28,2026-09-22T15:40:28,2026-09-22T15:40:28
2357,華碩,2025-03-04,670.0,1.0,0.15%,42.269999999999996,14.77,634.05,760.86,887.67,1014.48,1141.29,1268.1,ShowDailyK_ChartFlow,FinMind_API_TaiwanStockPrice_2357,True,2026-09-22T15:40:28,2026-09-22T15:40:28,2026-09-22T15:40:28
2357,華碩,2025-03-05,678.0,8.0,1.19%,42.269999999999996,14.95,634.05,760.86,887.67,1014.48,1141.29,1268.1,ShowDailyK_ChartFlow,FinMind_API_TaiwanStockPrice_2357,True,2026-09-22T15:40:28,2026-09-22T15:40:28,2026-09-22T15:40:28
2357,華碩,2025-03-06,674.0,-4.0,-0.59%,42.269999999999996,14.86,634.05,760.86,887.67,1014.48,1141.29,1268.1,ShowDailyK_ChartFlow,FinMind_API_TaiwanStockPrice_2357,True,2026-09-22T15:40:28,2026-09-22T15:40:28,2026-09-22T15:40:28
2357,華碩,2025-03-07,659.0,-15.0,-2.23%,42.269999999999996,14.53,634.05,760.86,887.67,1014.48,1141.29,1268.1,ShowDailyK_ChartFlow,FinMind_API_TaiwanStockPrice_2357,True,2026-09-22T15:40:28,2026-09-22T15:40:28,2026-09-22T15:40:28
2357,華碩,2025-03-10,654.0,-5.0,-0.76%,42.269999999999996,14.42,634.05,760.86,887.67,1014.48,1141.29,1268.1,ShowDailyK_ChartFlow,FinMind_API_TaiwanStockPrice_2357,True,2026-09-22T15:40:28,2026-09-22T15:40:28,2026-09-22T15:40:28
2357,華碩,2025-03-11,654.0,0.0,0.00%,42.269999999999996,14.42,634.05,760.86,887.67,1014.48,1141.29,1268.1,ShowDailyK_ChartFlow,FinMind_API_TaiwanStockPrice_2357,True,2026-09-22T15:40:28,2026-09-22T15:40:28,2026-09-22T15:40:28
2357,華碩,2025-03-12,600.0,-54.0,-8.26%,42.269999999999996,14.19,634.05,760.86,887.67,1014.48,1141.29,1268.1,ShowDailyK_ChartFlow,FinMind_API_TaiwanStockPrice_2357,True,2026-09-22T15:40:28,2026-09-22T15:40:28,2026-09-22T15:40:28
2357,華碩,2025-03-13,608.0,8.0,1.33%,42.269999999999996,14.38,634.05,760.86,887.67,1014.48,1141.29,1268.1,ShowDailyK_ChartFlow,FinMind_API_TaiwanStockPrice_2357,True,2026-09-22T15:40:28,2026-09-22T15:40:28,2026-09-22T15:40:28
2357,華碩,2025-03-14,608.0,0.0,0.00%,42.269999999999996,14.38,634.05,760.86,887.67,1014.48,1141.29,1268.1,ShowDailyK_ChartFlow,FinMind_API_TaiwanStockPrice_2357,True,2026-09-22T15:40:28,2026-09-22T15:40:28,2026-09-22T15:40:28
2357,華碩,2025-03-17,624.0,16.0,2.63%,42.269999999999996,14.76,634.05,760.86,887.67,1014.48,1141.29,1268.1,ShowDailyK_ChartFlow,FinMind_API_TaiwanStockPrice_2357,True,2026-09-22T15:40:28,2026-09-22T15:40:28,2026-09-22T15:40:28
2357,華碩,2025-03-18,656.0,32.0,5.13%,42.269999999999996,15.52,634.05,760.86,887.67,1014.48,1141.29,1268.1,ShowDailyK_ChartFlow,FinMind_API_TaiwanStockPrice_2357,True,2026-09-22T15:40:28,2026-09-22T15:40:28,2026-09-22T15:40:28
2357,華碩,2025-03-19,645.0,-11.0,-1.68%,42.269999999999996,15.26,634.05,760.86,887.67,1014.48,1141.29,1268.1,ShowDailyK_ChartFlow,FinMind_API_TaiwanStockPrice_2357,True,2026-09-22T15:40:28,2026-09-22T15:40:28,2026-09-22T15:40:28
2357,華碩,2025-03-20,650.0,5.0,0.78%,42.269999999999996,15.38,634.05,760.86,887.67,1014.48,1141.29,1268.1,ShowDailyK_ChartFlow,FinMind_API_TaiwanStockPrice_2357,True,2026-09-22T15:40:28,2026-09-22T15:40:28,2026-09-22T15:40:28
2357,華碩,2025-03-21,650.0,0.0,0.00%,42.269999999999996,15.38,634.05,760.86,887.67,1014.48,1141.29,1268.1,ShowDailyK_ChartFlow,FinMind_API_TaiwanStockPrice_2357,True,2026-09-22T15:40:28,2026-09-22T15:40:28,2026-09-22T15:40:28
2357,華碩,2025-03-24,631.0,-19.0,-2.92%,42.269999999999996,14.93,634.05,760.86,887.67,1014.48,1141.29,1268.1,ShowDailyK_ChartFlow,FinMind_API_TaiwanStockPrice_2357,True,2026-09-22T15:40:28,2026-09-22T15:40:28,2026-09-22T15:40:28
2357,華碩,2025-03-25,631.0,0.0,0.00%,42.269999999999996,14.93,634.05,760.86,887.67,1014.48,1141.29,1268.1,ShowDailyK_ChartFlow,FinMind_API_TaiwanStockPrice_2357,True,2026-09-22T15:40:28,2026-09-22T15:40:28,2026-09-22T15:40:28
2357,華碩,2025-03-26,645.0,14.0,2.22%,42.269999999999996,15.26,634.05,760.86,887.67,1014.48,1141.29,1268.1,ShowDailyK_ChartFlow,FinMind_API_TaiwanStockPrice_2357,True,2026-09-22T15:40:28,2026-09-22T15:40:28,2026-09-22T15:40:28
2357,華碩,2025-03-27,640.0,-5.0,-0.78%,42.269999999999996,15.14,634.05,760.86,887.67,1014.48,1141.29,1268.1,ShowDailyK_ChartFlow,FinMind_API_TaiwanStockPrice_2357,True,2026-09-22T15:40:28,2026-09-22T15:40:28,2026-09-22T15:40:28
2357,華碩,2025-03-28,642.0,2.0,0.31%,42.269999999999996,15.19,634.05,760.86,887.67,1014.48,1141.29,1268.1,ShowDailyK_ChartFlow,FinMind_API_TaiwanStockPrice_2357,True,2026-09-22T15:40:28,2026-09-22T15:40:28,2026-09-22T15:40:28
2357,華碩,2025-03-31,609.0,-33.0,-5.14%,52.16,14.41,782.4,938.88,1095.36,1251.84,1408.32,1564.8,ShowDailyK_ChartFlow,FinMind_API_TaiwanStockPrice_2357,True,2026-09-22T15:40:28,2026-09-22T15:40:28,2026-09-22T15:40:28
2357,華碩,2025-04-01,613.0,4.0,0.66%,52.16,14.5,782.4,938.88,1095.36,1251.84,1408.32,1564.8,ShowDailyK_ChartFlow,FinMind_API_TaiwanStockPrice_2357,True,2026-09-22T15:40:28,2026-09-22T15:40:28,2026-09-22T15:40:28
2357,華碩,2025-04-02,604.0,-9.0,-1.47%,52.16,14.29,782.4,938.88,1095.36,1251.84,1408.32,1564.8,ShowDailyK_ChartFlow,FinMind_API_TaiwanStockPrice_2357,True,2026-09-22T15:40:28,2026-09-22T15:40:28,2026-09-22T15:40:28
2357,華碩,2025-04-07,544.0,-60.0,-9.93%,52.16,12.87,782.4,938.88,1095.36,1251.84,1408.32,1564.8,ShowDailyK_ChartFlow,FinMind_API_TaiwanStockPrice_2357,True,2026-09-22T15:40:28,2026-09-22T15:40:28,2026-09-22T15:40:28
2357,華碩,2025-04-08,490.0,-54.0,-9.93%,52.16,11.59,782.4,938.88,1095.36,1251.84,1408.32,1564.8,ShowDailyK_ChartFlow,FinMind_API_TaiwanStockPrice_2357,True,2026-09-22T15:40:28,2026-09-22T15:40:28,2026-09-22T15:40:28
2357,華碩,2025-04-09,441.0,-49.0,-10.00%,52.16,10.43,782.4,938.88,1095.36,1251.84,1408.32,1564.8,ShowDailyK_ChartFlow,FinMind_API_TaiwanStockPrice_2357,True,2026-09-22T15:40:28,2026-09-22T15:40:28,2026-09-22T15:40:28
2357,華碩,2025-04-10,485.0,44.0,9.98%,52.16,11.47,782.4,938.88,1095.36,1251.84,1408.32,1564.8,ShowDailyK_ChartFlow,FinMind_API_TaiwanStockPrice_2357,True,2026-09-22T15:40:28,2026-09-22T15:40:28,2026-09-22T15:40:28
2357,華碩,2025-04-11,512.0,27.0,5.57%,52.16,12.11,782.4,938.88,1095.36,1251.84,1408.32,1564.8,ShowDailyK_ChartFlow,FinMind_API_TaiwanStockPrice_2357,True,2026-09-22T15:40:28,2026-09-22T15:40:28,2026-09-22T15:40:28
2357,華碩,2025-04-14,542.0,30.0,5.86%,52.16,12.82,782.4,938.88,1095.36,1251.84,1408.32,1564.8,ShowDailyK_ChartFlow,FinMind_API_TaiwanStockPrice_2357,True,2026-09-22T15:40:28,2026-09-22T15:40:28,2026-09-22T15:40:28
2357,華碩,2025-04-15,563.0,21.0,3.87%,52.16,13.32,782.4,938.88,1095.36,1251.84,1408.32,1564.8,ShowDailyK_ChartFlow,FinMind_API_TaiwanStockPrice_2357,True,2026-09-22T15:40:28,2026-09-22T15:40:28,2026-09-22T15:40:28
2357,華碩,2025-04-16,553.0,-10.0,-1.78%,52.16,13.08,782.4,938.88,1095.36,1251.84,1408.32,1564.8,ShowDailyK_ChartFlow,FinMind_API_TaiwanStockPrice_2357,True,2026-09-22T15:40:28,2026-09-22T15:40:28,2026-09-22T15:40:28
2357,華碩,2025-04-17,543.0,-10.0,-1.81%,52.16,12.85,782.4,938.88,1095.36,1251.84,1408.32,1564.8,ShowDailyK_ChartFlow,FinMind_API_TaiwanStockPrice_2357,True,2026-09-22T15:40:28,2026-09-22T15:40:28,2026-09-22T15:40:28
2357,華碩,2025-04-18,543.0,0.0,0.00%,52.16,12.85,782.4,938.88,1095.36,1251.84,1408.32,1564.8,ShowDailyK_ChartFlow,FinMind_API_TaiwanStockPrice_2357,True,2026-09-22T15:40:28,2026-09-22T15:40:28,2026-09-22T15:40:28
2357,華碩,2025-04-21,531.0,-12.0,-2.21%,52.16,12.56,782.4,938.88,1095.36,1251.84,1408.32,1564.8,ShowDailyK_ChartFlow,FinMind_API_TaiwanStockPrice_2357,True,2026-09-22T15:40:28,2026-09-22T15:40:28,2026-09-22T15:40:28
2357,華碩,2025-04-22,512.0,-19.0,-3.58%,52.16,12.11,782.4,938.88,1095.36,1251.84,1408.32,1564.8,ShowDailyK_ChartFlow,FinMind_API_TaiwanStockPrice_2357,True,2026-09-22T15:40:28,2026-09-22T15:40:28,2026-09-22T15:40:28
2357,華碩,2025-04-23,543.0,31.0,6.05%,52.16,12.85,782.4,938.88,1095.36,1251.84,1408.32,1564.8,ShowDailyK_ChartFlow,FinMind_API_TaiwanStockPrice_2357,True,2026-09-22T15:40:28,2026-09-22T15:40:28,2026-09-22T15:40:28
2357,華碩,2025-04-24,544.0,1.0,0.18%,52.16,12.87,782.4,938.88,1095.36,1251.84,1408.32,1564.8,ShowDailyK_ChartFlow,FinMind_API_TaiwanStockPrice_2357,True,2026-09-22T15:40:28,2026-09-22T15:40:28,2026-09-22T15:40:28
2357,華碩,2025-04-25,591.0,47.0,8.64%,52.16,13.98,782.4,938.88,1095.36,1251.84,1408.32,1564.8,ShowDailyK_ChartFlow,FinMind_API_TaiwanStockPrice_2357,True,2026-09-22T15:40:28,2026-09-22T15:40:28,2026-09-22T15:40:28
2357,華碩,2025-04-28,583.0,-8.0,-1.35%,52.16,13.79,782.4,938.88,1095.36,1251.84,1408.32,1564.8,ShowDailyK_ChartFlow,FinMind_API_TaiwanStockPrice_2357,True,2026-09-22T15:40:28,2026-09-22T15:40:28,2026-09-22T15:40:28
2357,華碩,2025-04-29,586.0,3.0,0.51%,52.16,13.86,782.4,938.88,1095.36,1251.84,1408.32,1564.8,ShowDailyK_ChartFlow,FinMind_API_TaiwanStockPrice_2357,True,2026-09-22T15:40:28,2026-09-22T15:40:28,2026-09-22T15:40:28
2357,華碩,2025-04-30,580.0,-6.0,-1.02%,52.16,13.72,782.4,938.88,1095.36,1251.84,1408.32,1564.8,ShowDailyK_ChartFlow,FinMind_API_TaiwanStockPrice_2357,True,2026-09-22T15:40:28,2026-09-22T15:40:28,2026-09-22T15:40:28
2357,華碩,2025-05-02,590.0,10.0,1.72%,52.16,13.96,782.4,938.88,1095.36,1251.84,1408.32,1564.8,ShowDailyK_ChartFlow,FinMind_API_TaiwanStockPrice_2357,True,2026-09-22T15:40:28,2026-09-22T15:40:28,2026-09-22T15:40:28
2357,華碩,2025-05-05,575.0,-15.0,-2.54%,52.16,13.6,782.4,938.88,1095.36,1251.84,1408.32,1564.8,ShowDailyK_ChartFlow,FinMind_API_TaiwanStockPrice_2357,True,2026-09-22T15:40:28,2026-09-22T15:40:28,2026-09-22T15:40:28
2357,華碩,2025-05-06,587.0,12.0,2.09%,52.16,13.89,782.4,938.88,1095.36,1251.84,1408.32,1564.8,ShowDailyK_ChartFlow,FinMind_API_TaiwanStockPrice_2357,True,2026-09-22T15:40:28,2026-09-22T15:40:28,2026-09-22T15:40:28
2357,華碩,2025-05-07,594.0,7.0,1.19%,52.16,14.05,782.4,938.88,1095.36,1251.84,1408.32,1564.8,ShowDailyK_ChartFlow,FinMind_API_TaiwanStockPrice_2357,True,2026-09-22T15:40:28,2026-09-22T15:40:28,2026-09-22T15:40:28
2357,華碩,2025-05-08,594.0,0.0,0.00%,52.16,14.05,782.4,938.88,1095.36,1251.84,1408.32,1564.8,ShowDailyK_ChartFlow,FinMind_API_TaiwanStockPrice_2357,True,2026-09-22T15:40:28,2026-09-22T15:40:28,2026-09-22T15:40:28
2357,華碩,2025-05-09,602.0,8.0,1.35%,52.16,14.24,782.4,938.88,1095.36,1251.84,1408.32,1564.8,ShowDailyK_ChartFlow,FinMind_API_TaiwanStockPrice_2357,True,2026-09-22T15:40:28,2026-09-22T15:40:28,2026-09-22T15:40:28
2357,華碩,2025-05-12,603.0,1.0,0.17%,52.16,14.27,782.4,938.88,1095.36,1251.84,1408.32,1564.8,ShowDailyK_ChartFlow,FinMind_API_TaiwanStockPrice_2357,True,2026-09-22T15:40:28,2026-09-22T15:40:28,2026-09-22T15:40:28
2357,華碩,2025-05-13,608.0,5.0,0.83%,52.16,14.38,782.4,938.88,1095.36,1251.84,1408.32,1564.8,ShowDailyK_ChartFlow,FinMind_API_TaiwanStockPrice_2357,True,2026-09-22T15:40:28,2026-09-22T15:40:28,2026-09-22T15:40:28
2357,華碩,2025-05-14,622.0,14.0,2.30%,52.16,11.93,782.4,938.88,1095.36,1251.84,1408.32,1564.8,ShowDailyK_ChartFlow,FinMind_API_TaiwanStockPrice_2357,True,2026-09-22T15:40:28,2026-09-22T15:40:28,2026-09-22T15:40:28
2357,華碩,2025-05-15,628.0,6.0,0.96%,52.16,12.04,782.4,938.88,1095.36,1251.84,1408.32,1564.8,ShowDailyK_ChartFlow,FinMind_API_TaiwanStockPrice_2357,True,2026-09-22T15:40:28,2026-09-22T15:40:28,2026-09-22T15:40:28
2357,華碩,2025-05-16,634.0,6.0,0.96%,52.16,12.16,782.4,938.88,1095.36,1251.84,1408.32,1564.8,ShowDailyK_ChartFlow,FinMind_API_TaiwanStockPrice_2357,True,2026-09-22T15:40:28,2026-09-22T15:40:28,2026-09-22T15:40:28
2357,華碩,2025-05-19,621.0,-13.0,-2.05%,52.16,11.91,782.4,938.88,1095.36,1251.84,1408.32,1564.8,ShowDailyK_ChartFlow,FinMind_API_TaiwanStockPrice_2357,True,2026-09-22T15:40:28,2026-09-22T15:40:28,2026-09-22T15:40:28
2357,華碩,2025-05-20,632.0,11.0,1.77%,52.16,12.12,782.4,938.88,1095.36,1251.84,1408.32,1564.8,ShowDailyK_ChartFlow,FinMind_API_TaiwanStockPrice_2357,True,2026-09-22T15:40:28,2026-09-22T15:40:28,2026-09-22T15:40:28
2357,華碩,2025-05-21,628.0,-4.0,-0.63%,52.16,12.04,782.4,938.88,1095.36,1251.84,1408.32,1564.8,ShowDailyK_ChartFlow,FinMind_API_TaiwanStockPrice_2357,True,2026-09-22T15:40:28,2026-09-22T15:40:28,2026-09-22T15:40:28
2357,華碩,2025-05-22,632.0,4.0,0.64%,52.16,12.12,782.4,938.88,1095.36,1251.84,1408.32,1564.8,ShowDailyK_ChartFlow,FinMind_API_TaiwanStockPrice_2357,True,2026-09-22T15:40:28,2026-09-22T15:40:28,2026-09-22T15:40:28
2357,華碩,2025-05-23,622.0,-10.0,-1.58%,52.16,11.93,782.4,938.88,1095.36,1251.84,1408.32,1564.8,ShowDailyK_ChartFlow,FinMind_API_TaiwanStockPrice_2357,True,2026-09-22T15:40:28,2026-09-22T15:40:28,2026-09-22T15:40:28
2357,華碩,2025-05-26,627.0,5.0,0.80%,52.16,12.02,782.4,938.88,1095.36,1251.84,1408.32,1564.8,ShowDailyK_ChartFlow,FinMind_API_TaiwanStockPrice_2357,True,2026-09-22T15:40:28,2026-09-22T15:40:28,2026-09-22T15:40:28
2357,華碩,2025-05-27,608.0,-19.0,-3.03%,52.16,11.66,782.4,938.88,1095.36,1251.84,1408.32,1564.8,ShowDailyK_ChartFlow,FinMind_API_TaiwanStockPrice_2357,True,2026-09-22T15:40:28,2026-09-22T15:40:28,2026-09-22T15:40:28
2357,華碩,2025-05-28,619.0,11.0,1.81%,52.16,11.87,782.4,938.88,1095.36,1251.84,1408.32,1564.8,ShowDailyK_ChartFlow,FinMind_API_TaiwanStockPrice_2357,True,2026-09-22T15:40:28,2026-09-22T15:40:28,2026-09-22T15:40:28
2357,華碩,2025-05-29,625.0,6.0,0.97%,52.16,11.98,782.4,938.88,1095.36,1251.84,1408.32,1564.8,ShowDailyK_ChartFlow,FinMind_API_TaiwanStockPrice_2357,True,2026-09-22T15:40:28,2026-09-22T15:40:28,2026-09-22T15:40:28
2357,華碩,2025-06-02,622.0,-3.0,-0.48%,52.16,11.93,782.4,938.88,1095.36,1251.84,1408.32,1564.8,ShowDailyK_ChartFlow,FinMind_API_TaiwanStockPrice_2357,True,2026-09-22T15:40:28,2026-09-22T15:40:28,2026-09-22T15:40:28
2357,華碩,2025-06-03,638.0,16.0,2.57%,52.16,12.23,782.4,938.88,1095.36,1251.84,1408.32,1564.8,ShowDailyK_ChartFlow,FinMind_API_TaiwanStockPrice_2357,True,2026-09-22T15:40:28,2026-09-22T15:40:28,2026-09-22T15:40:28
2357,華碩,2025-06-04,638.0,0.0,0.00%,52.16,12.23,782.4,938.88,1095.36,1251.84,1408.32,1564.8,ShowDailyK_ChartFlow,FinMind_API_TaiwanStockPrice_2357,True,2026-09-22T15:40:28,2026-09-22T15:40:28,2026-09-22T15:40:28
2357,華碩,2025-06-05,642.0,4.0,0.63%,52.16,12.31,782.4,938.88,1095.36,1251.84,1408.32,1564.8,ShowDailyK_ChartFlow,FinMind_API_TaiwanStockPrice_2357,True,2026-09-22T15:40:28,2026-09-22T15:40:28,2026-09-22T15:40:28
2357,華碩,2025-06-06,645.0,3.0,0.47%,52.16,12.37,782.4,938.88,1095.36,1251.84,1408.32,1564.8,ShowDailyK_ChartFlow,FinMind_API_TaiwanStockPrice_2357,True,2026-09-22T15:40:28,2026-09-22T15:40:28,2026-09-22T15:40:28
2357,華碩,2025-06-09,646.0,1.0,0.16%,52.16,12.39,782.4,938.88,1095.36,1251.84,1408.32,1564.8,ShowDailyK_ChartFlow,FinMind_API_TaiwanStockPrice_2357,True,2026-09-22T15:40:28,2026-09-22T15:40:28,2026-09-22T15:40:28
2357,華碩,2025-06-10,659.0,13.0,2.01%,52.16,12.64,782.4,938.88,1095.36,1251.84,1408.32,1564.8,ShowDailyK_ChartFlow,FinMind_API_TaiwanStockPrice_2357,True,2026-09-22T15:40:28,2026-09-22T15:40:28,2026-09-22T15:40:28
2357,華碩,2025-06-11,675.0,16.0,2.43%,52.16,12.94,782.4,938.88,1095.36,1251.84,1408.32,1564.8,ShowDailyK_ChartFlow,FinMind_API_TaiwanStockPrice_2357,True,2026-09-22T15:40:28,2026-09-22T15:40:28,2026-09-22T15:40:28
2357,華碩,2025-06-12,682.0,7.0,1.04%,52.16,13.08,782.4,938.88,1095.36,1251.84,1408.32,1564.8,ShowDailyK_ChartFlow,FinMind_API_TaiwanStockPrice_2357,True,2026-09-22T15:40:28,2026-09-22T15:40:28,2026-09-22T15:40:28
2357,華碩,2025-06-13,684.0,2.0,0.29%,52.16,13.12,782.4,938.88,1095.36,1251.84,1408.32,1564.8,ShowDailyK_ChartFlow,FinMind_API_TaiwanStockPrice_2357,True,2026-09-22T15:40:28,2026-09-22T15:40:28,2026-09-22T15:40:28
2357,華碩,2025-06-16,683.0,-1.0,-0.15%,52.16,13.1,782.4,938.88,1095.36,1251.84,1408.32,1564.8,ShowDailyK_ChartFlow,FinMind_API_TaiwanStockPrice_2357,True,2026-09-22T15:40:28,2026-09-22T15:40:28,2026-09-22T15:40:28
2357,華碩,2025-06-17,700.0,17.0,2.49%,52.16,13.42,782.4,938.88,1095.36,1251.84,1408.32,1564.8,ShowDailyK_ChartFlow,FinMind_API_TaiwanStockPrice_2357,True,2026-09-22T15:40:28,2026-09-22T15:40:28,2026-09-22T15:40:28
2357,華碩,2025-06-18,705.0,5.0,0.71%,52.16,13.52,782.4,938.88,1095.36,1251.84,1408.32,1564.8,ShowDailyK_ChartFlow,FinMind_API_TaiwanStockPrice_2357,True,2026-09-22T15:40:28,2026-09-22T15:40:28,2026-09-22T15:40:28
2357,華碩,2025-06-19,705.0,0.0,0.00%,52.16,13.52,782.4,938.88,1095.36,1251.84,1408.32,1564.8,ShowDailyK_ChartFlow,FinMind_API_TaiwanStockPrice_2357,True,2026-09-22T15:40:28,2026-09-22T15:40:28,2026-09-22T15:40:28
2357,華碩,2025-06-20,683.0,-22.0,-3.12%,52.16,13.1,782.4,938.88,1095.36,1251.84,1408.32,1564.8,ShowDailyK_ChartFlow,FinMind_API_TaiwanStockPrice_2357,True,2026-09-22T15:40:28,2026-09-22T15:40:28,2026-09-22T15:40:28
2357,華碩,2025-06-23,678.0,-5.0,-0.73%,52.16,13.0,782.4,938.88,1095.36,1251.84,1408.32,1564.8,ShowDailyK_ChartFlow,FinMind_API_TaiwanStockPrice_2357,True,2026-09-22T15:40:28,2026-09-22T15:40:28,2026-09-22T15:40:28
2357,華碩,2025-06-24,745.0,67.0,9.88%,52.16,14.29,782.4,938.88,1095.36,1251.84,1408.32,1564.8,ShowDailyK_ChartFlow,FinMind_API_TaiwanStockPrice_2357,True,2026-09-22T15:40:28,2026-09-22T15:40:28,2026-09-22T15:40:28
2357,華碩,2025-06-25,700.0,-45.0,-6.04%,52.16,13.42,782.4,938.88,1095.36,1251.84,1408.32,1564.8,ShowDailyK_ChartFlow,FinMind_API_TaiwanStockPrice_2357,True,2026-09-22T15:40:28,2026-09-22T15:40:28,2026-09-22T15:40:28
2357,華碩,2025-06-26,641.0,-59.0,-8.43%,52.16,12.29,782.4,938.88,1095.36,1251.84,1408.32,1564.8,ShowDailyK_ChartFlow,FinMind_API_TaiwanStockPrice_2357,True,2026-09-22T15:40:28,2026-09-22T15:40:28,2026-09-22T15:40:28
2357,華碩,2025-06-27,640.0,-1.0,-0.16%,52.16,12.27,782.4,938.88,1095.36,1251.84,1408.32,1564.8,ShowDailyK_ChartFlow,FinMind_API_TaiwanStockPrice_2357,True,2026-09-22T15:40:28,2026-09-22T15:40:28,2026-09-22T15:40:28
2357,華碩,2025-06-30,644.0,4.0,0.62%,49.459999999999994,12.35,741.9,890.28,1038.66,1187.04,1335.42,1483.8,ShowDailyK_ChartFlow,FinMind_API_TaiwanStockPrice_2357,True,2026-09-22T15:40:28,2026-09-22T15:40:28,2026-09-22T15:40:28
2357,華碩,2025-07-01,650.0,6.0,0.93%,49.459999999999994,12.46,741.9,890.28,1038.66,1187.04,1335.42,1483.8,ShowDailyK_ChartFlow,FinMind_API_TaiwanStockPrice_2357,True,2026-09-22T15:40:28,2026-09-22T15:40:28,2026-09-22T15:40:28
2357,華碩,2025-07-02,662.0,12.0,1.85%,49.459999999999994,12.69,741.9,890.28,1038.66,1187.04,1335.42,1483.8,ShowDailyK_ChartFlow,FinMind_API_TaiwanStockPrice_2357,True,2026-09-22T15:40:28,2026-09-22T15:40:28,2026-09-22T15:40:28
2357,華碩,2025-07-03,639.0,-23.0,-3.47%,49.459999999999994,12.25,741.9,890.28,1038.66,1187.04,1335.42,1483.8,ShowDailyK_ChartFlow,FinMind_API_TaiwanStockPrice_2357,True,2026-09-22T15:40:28,2026-09-22T15:40:28,2026-09-22T15:40:28
2357,華碩,2025-07-04,625.0,-14.0,-2.19%,49.459999999999994,11.98,741.9,890.28,1038.66,1187.04,1335.42,1483.8,ShowDailyK_ChartFlow,FinMind_API_TaiwanStockPrice_2357,True,2026-09-22T15:40:28,2026-09-22T15:40:28,2026-09-22T15:40:28
2357,華碩,2025-07-07,633.0,8.0,1.28%,49.459999999999994,12.14,741.9,890.28,1038.66,1187.04,1335.42,1483.8,ShowDailyK_ChartFlow,FinMind_API_TaiwanStockPrice_2357,True,2026-09-22T15:40:28,2026-09-22T15:40:28,2026-09-22T15:40:28
2357,華碩,2025-07-08,633.0,0.0,0.00%,49.459999999999994,12.14,741.9,890.28,1038.66,1187.04,1335.42,1483.8,ShowDailyK_ChartFlow,FinMind_API_TaiwanStockPrice_2357,True,2026-09-22T15:40:28,2026-09-22T15:40:28,2026-09-22T15:40:28
2357,華碩,2025-07-09,641.0,8.0,1.26%,49.459999999999994,12.29,741.9,890.28,1038.66,1187.04,1335.42,1483.8,ShowDailyK_ChartFlow,FinMind_API_TaiwanStockPrice_2357,True,2026-09-22T15:40:28,2026-09-22T15:40:28,2026-09-22T15:40:28
2357,華碩,2025-07-10,642.0,1.0,0.16%,49.459999999999994,12.31,741.9,890.28,1038.66,1187.04,1335.42,1483.8,ShowDailyK_ChartFlow,FinMind_API_TaiwanStockPrice_2357,True,2026-09-22T15:40:28,2026-09-22T15:40:28,2026-09-22T15:40:28
2357,華碩,2025-07-11,642.0,0.0,0.00%,49.459999999999994,12.31,741.9,890.28,1038.66,1187.04,1335.42,1483.8,ShowDailyK_ChartFlow,FinMind_API_TaiwanStockPrice_2357,True,2026-09-22T15:40:28,2026-09-22T15:40:28,2026-09-22T15:40:28
2357,華碩,2025-07-14,631.0,-11.0,-1.71%,49.459999999999994,12.1,741.9,890.28,1038.66,1187.04,1335.42,1483.8,ShowDailyK_ChartFlow,FinMind_API_TaiwanStockPrice_2357,True,2026-09-22T15:40:28,2026-09-22T15:40:28,2026-09-22T15:40:28
2357,華碩,2025-07-15,640.0,9.0,1.43%,49.459999999999994,12.27,741.9,890.28,1038.66,1187.04,1335.42,1483.8,ShowDailyK_ChartFlow,FinMind_API_TaiwanStockPrice_2357,True,2026-09-22T15:40:28,2026-09-22T15:40:28,2026-09-22T15:40:28
2357,華碩,2025-07-16,635.0,-5.0,-0.78%,49.459999999999994,12.18,741.9,890.28,1038.66,1187.04,1335.42,1483.8,ShowDailyK_ChartFlow,FinMind_API_TaiwanStockPrice_2357,True,2026-09-22T15:40:28,2026-09-22T15:40:28,2026-09-22T15:40:28
2357,華碩,2025-07-17,640.0,5.0,0.79%,49.459999999999994,12.27,741.9,890.28,1038.66,1187.04,1335.42,1483.8,ShowDailyK_ChartFlow,FinMind_API_TaiwanStockPrice_2357,True,2026-09-22T15:40:28,2026-09-22T15:40:28,2026-09-22T15:40:28
2357,華碩,2025-07-18,639.0,-1.0,-0.16%,49.459999999999994,12.25,741.9,890.28,1038.66,1187.04,1335.42,1483.8,ShowDailyK_ChartFlow,FinMind_API_TaiwanStockPrice_2357,True,2026-09-22T15:40:28,2026-09-22T15:40:28,2026-09-22T15:40:28
2357,華碩,2025-07-21,640.0,1.0,0.16%,49.459999999999994,12.27,741.9,890.28,1038.66,1187.04,1335.42,1483.8,ShowDailyK_ChartFlow,FinMind_API_TaiwanStockPrice_2357,True,2026-09-22T15:40:28,2026-09-22T15:40:28,2026-09-22T15:40:28
2357,華碩,2025-07-22,623.0,-17.0,-2.66%,49.459999999999994,11.95,741.9,890.28,1038.66,1187.04,1335.42,1483.8,ShowDailyK_ChartFlow,FinMind_API_TaiwanStockPrice_2357,True,2026-09-22T15:40:28,2026-09-22T15:40:28,2026-09-22T15:40:28
2357,華碩,2025-07-23,638.0,15.0,2.41%,49.459999999999994,12.23,741.9,890.28,1038.66,1187.04,1335.42,1483.8,ShowDailyK_ChartFlow,FinMind_API_TaiwanStockPrice_2357,True,2026-09-22T15:40:28,2026-09-22T15:40:28,2026-09-22T15:40:28
2357,華碩,2025-07-24,647.0,9.0,1.41%,49.459999999999994,12.41,741.9,890.28,1038.66,1187.04,1335.42,1483.8,ShowDailyK_ChartFlow,FinMind_API_TaiwanStockPrice_2357,True,2026-09-22T15:40:28,2026-09-22T15:40:28,2026-09-22T15:40:28
2357,華碩,2025-07-25,655.0,8.0,1.24%,49.459999999999994,12.56,741.9,890.28,1038.66,1187.04,1335.42,1483.8,ShowDailyK_ChartFlow,FinMind_API_TaiwanStockPrice_2357,True,2026-09-22T15:40:28,2026-09-22T15:40:28,2026-09-22T15:40:28
2357,華碩,2025-07-28,662.0,7.0,1.07%,49.459999999999994,12.69,741.9,890.28,1038.66,1187.04,1335.42,1483.8,ShowDailyK_ChartFlow,FinMind_API_TaiwanStockPrice_2357,True,2026-09-22T15:40:28,2026-09-22T15:40:28,2026-09-22T15:40:28
2357,華碩,2025-07-29,651.0,-11.0,-1.66%,49.459999999999994,12.48,741.9,890.28,1038.66,1187.04,1335.42,1483.8,ShowDailyK_ChartFlow,FinMind_API_TaiwanStockPrice_2357,True,2026-09-22T15:40:28,2026-09-22T15:40:28,2026-09-22T15:40:28
2357,華碩,2025-07-30,653.0,2.0,0.31%,49.459999999999994,12.52,741.9,890.28,1038.66,1187.04,1335.42,1483.8,ShowDailyK_ChartFlow,FinMind_API_TaiwanStockPrice_2357,True,2026-09-22T15:40:28,2026-09-22T15:40:28,2026-09-22T15:40:28
2357,華碩,2025-07-31,662.0,9.0,1.38%,49.459999999999994,12.69,741.9,890.28,1038.66,1187.04,1335.42,1483.8,ShowDailyK_ChartFlow,FinMind_API_TaiwanStockPrice_2357,True,2026-09-22T15:40:28,2026-09-22T15:40:28,2026-09-22T15:40:28
2357,華碩,2025-08-01,665.0,3.0,0.45%,49.459999999999994,12.75,741.9,890.28,1038.66,1187.04,1335.42,1483.8,ShowDailyK_ChartFlow,FinMind_API_TaiwanStockPrice_2357,True,2026-09-22T15:40:28,2026-09-22T15:40:28,2026-09-22T15:40:28
2357,華碩,2025-08-04,665.0,0.0,0.00%,49.459999999999994,12.75,741.9,890.28,1038.66,1187.04,1335.42,1483.8,ShowDailyK_ChartFlow,FinMind_API_TaiwanStockPrice_2357,True,2026-09-22T15:40:28,2026-09-22T15:40:28,2026-09-22T15:40:28
2357,華碩,2025-08-05,676.0,11.0,1.65%,49.459999999999994,12.96,741.9,890.28,1038.66,1187.04,1335.42,1483.8,ShowDailyK_ChartFlow,FinMind_API_TaiwanStockPrice_2357,True,2026-09-22T15:40:28,2026-09-22T15:40:28,2026-09-22T15:40:28
2357,華碩,2025-08-06,680.0,4.0,0.59%,49.459999999999994,13.04,741.9,890.28,1038.66,1187.04,1335.42,1483.8,ShowDailyK_ChartFlow,FinMind_API_TaiwanStockPrice_2357,True,2026-09-22T15:40:28,2026-09-22T15:40:28,2026-09-22T15:40:28
2357,華碩,2025-08-07,682.0,2.0,0.29%,49.459999999999994,13.08,741.9,890.28,1038.66,1187.04,1335.42,1483.8,ShowDailyK_ChartFlow,FinMind_API_TaiwanStockPrice_2357,True,2026-09-22T15:40:28,2026-09-22T15:40:28,2026-09-22T15:40:28
2357,華碩,2025-08-08,680.0,-2.0,-0.29%,49.459999999999994,13.04,741.9,890.28,1038.66,1187.04,1335.42,1483.8,ShowDailyK_ChartFlow,FinMind_API_TaiwanStockPrice_2357,True,2026-09-22T15:40:28,2026-09-22T15:40:28,2026-09-22T15:40:28
2357,華碩,2025-08-11,662.0,-18.0,-2.65%,49.459999999999994,12.69,741.9,890.28,1038.66,1187.04,1335.42,1483.8,ShowDailyK_ChartFlow,FinMind_API_TaiwanStockPrice_2357,True,2026-09-22T15:40:28,2026-09-22T15:40:28,2026-09-22T15:40:28
2357,華碩,2025-08-12,653.0,-9.0,-1.36%,49.459999999999994,12.52,741.9,890.28,1038.66,1187.04,1335.42,1483.8,ShowDailyK_ChartFlow,FinMind_API_TaiwanStockPrice_2357,True,2026-09-22T15:40:28,2026-09-22T15:40:28,2026-09-22T15:40:28
2357,華碩,2025-08-13,640.0,-13.0,-1.99%,49.459999999999994,12.27,741.9,890.28,1038.66,1187.04,1335.42,1483.8,ShowDailyK_ChartFlow,FinMind_API_TaiwanStockPrice_2357,True,2026-09-22T15:40:28,2026-09-22T15:40:28,2026-09-22T15:40:28
2357,華碩,2025-08-14,641.0,1.0,0.16%,49.459999999999994,12.96,741.9,890.28,1038.66,1187.04,1335.42,1483.8,ShowDailyK_ChartFlow,FinMind_API_TaiwanStockPrice_2357,True,2026-09-22T15:40:28,2026-09-22T15:40:28,2026-09-22T15:40:28
2357,華碩,2025-08-15,632.0,-9.0,-1.40%,49.459999999999994,12.78,741.9,890.28,1038.66,1187.04,1335.42,1483.8,ShowDailyK_ChartFlow,FinMind_API_TaiwanStockPrice_2357,True,2026-09-22T15:40:28,2026-09-22T15:40:28,2026-09-22T15:40:28
2357,華碩,2025-08-18,633.0,1.0,0.16%,49.459999999999994,12.8,741.9,890.28,1038.66,1187.04,1335.42,1483.8,ShowDailyK_ChartFlow,FinMind_API_TaiwanStockPrice_2357,True,2026-09-22T15:40:28,2026-09-22T15:40:28,2026-09-22T15:40:28
2357,華碩,2025-08-19,633.0,0.0,0.00%,49.459999999999994,12.8,741.9,890.28,1038.66,1187.04,1335.42,1483.8,ShowDailyK_ChartFlow,FinMind_API_TaiwanStockPrice_2357,True,2026-09-22T15:40:28,2026-09-22T15:40:28,2026-09-22T15:40:28
2357,華碩,2025-08-20,625.0,-8.0,-1.26%,49.459999999999994,12.64,741.9,890.28,1038.66,1187.04,1335.42,1483.8,ShowDailyK_ChartFlow,FinMind_API_TaiwanStockPrice_2357,True,2026-09-22T15:40:28,2026-09-22T15:40:28,2026-09-22T15:40:28
2357,華碩,2025-08-21,626.0,1.0,0.16%,49.459999999999994,12.66,741.9,890.28,1038.66,1187.04,1335.42,1483.8,ShowDailyK_ChartFlow,FinMind_API_TaiwanStockPrice_2357,True,2026-09-22T15:40:28,2026-09-22T15:40:28,2026-09-22T15:40:28
2357,華碩,2025-08-22,621.0,-5.0,-0.80%,49.459999999999994,12.56,741.9,890.28,1038.66,1187.04,1335.42,1483.8,ShowDailyK_ChartFlow,FinMind_API_TaiwanStockPrice_2357,True,2026-09-22T15:40:28,2026-09-22T15:40:28,2026-09-22T15:40:28
2357,華碩,2025-08-25,633.0,12.0,1.93%,49.459999999999994,12.8,741.9,890.28,1038.66,1187.04,1335.42,1483.8,ShowDailyK_ChartFlow,FinMind_API_TaiwanStockPrice_2357,True,2026-09-22T15:40:28,2026-09-22T15:40:28,2026-09-22T15:40:28
2357,華碩,2025-08-26,638.0,5.0,0.79%,49.459999999999994,12.9,741.9,890.28,1038.66,1187.04,1335.42,1483.8,ShowDailyK_ChartFlow,FinMind_API_TaiwanStockPrice_2357,True,2026-09-22T15:40:28,2026-09-22T15:40:28,2026-09-22T15:40:28
2357,華碩,2025-08-27,635.0,-3.0,-0.47%,49.459999999999994,12.84,741.9,890.28,1038.66,1187.04,1335.42,1483.8,ShowDailyK_ChartFlow,FinMind_API_TaiwanStockPrice_2357,True,2026-09-22T15:40:28,2026-09-22T15:40:28,2026-09-22T15:40:28
2357,華碩,2025-08-28,634.0,-1.0,-0.16%,49.459999999999994,12.82,741.9,890.28,1038.66,1187.04,1335.42,1483.8,ShowDailyK_ChartFlow,FinMind_API_TaiwanStockPrice_2357,True,2026-09-22T15:40:28,2026-09-22T15:40:28,2026-09-22T15:40:28
2357,華碩,2025-08-29,632.0,-2.0,-0.32%,49.459999999999994,12.78,741.9,890.28,1038.66,1187.04,1335.42,1483.8,ShowDailyK_ChartFlow,FinMind_API_TaiwanStockPrice_2357,True,2026-09-22T15:40:28,2026-09-22T15:40:28,2026-09-22T15:40:28
2357,華碩,2025-09-01,619.0,-13.0,-2.06%,49.459999999999994,12.52,741.9,890.28,1038.66,1187.04,1335.42,1483.8,ShowDailyK_ChartFlow,FinMind_API_TaiwanStockPrice_2357,True,2026-09-22T15:40:28,2026-09-22T15:40:28,2026-09-22T15:40:28
2357,華碩,2025-09-02,619.0,0.0,0.00%,49.459999999999994,12.52,741.9,890.28,1038.66,1187.04,1335.42,1483.8,ShowDailyK_ChartFlow,FinMind_API_TaiwanStockPrice_2357,True,2026-09-22T15:40:28,2026-09-22T15:40:28,2026-09-22T15:40:28
2357,華碩,2025-09-03,625.0,6.0,0.97%,49.459999999999994,12.64,741.9,890.28,1038.66,1187.04,1335.42,1483.8,ShowDailyK_ChartFlow,FinMind_API_TaiwanStockPrice_2357,True,2026-09-22T15:40:28,2026-09-22T15:40:28,2026-09-22T15:40:28
2357,華碩,2025-09-04,635.0,10.0,1.60%,49.459999999999994,12.84,741.9,890.28,1038.66,1187.04,1335.42,1483.8,ShowDailyK_ChartFlow,FinMind_API_TaiwanStockPrice_2357,True,2026-09-22T15:40:28,2026-09-22T15:40:28,2026-09-22T15:40:28
2357,華碩,2025-09-05,645.0,10.0,1.57%,49.459999999999994,13.04,741.9,890.28,1038.66,1187.04,1335.42,1483.8,ShowDailyK_ChartFlow,FinMind_API_TaiwanStockPrice_2357,True,2026-09-22T15:40:28,2026-09-22T15:40:28,2026-09-22T15:40:28
2357,華碩,2025-09-08,645.0,0.0,0.00%,49.459999999999994,13.04,741.9,890.28,1038.66,1187.04,1335.42,1483.8,ShowDailyK_ChartFlow,FinMind_API_TaiwanStockPrice_2357,True,2026-09-22T15:40:28,2026-09-22T15:40:28,2026-09-22T15:40:28
2357,華碩,2025-09-09,661.0,16.0,2.48%,49.459999999999994,13.36,741.9,890.28,1038.66,1187.04,1335.42,1483.8,ShowDailyK_ChartFlow,FinMind_API_TaiwanStockPrice_2357,True,2026-09-22T15:40:28,2026-09-22T15:40:28,2026-09-22T15:40:28
2357,華碩,2025-09-10,668.0,7.0,1.06%,49.459999999999994,13.51,741.9,890.28,1038.66,1187.04,1335.42,1483.8,ShowDailyK_ChartFlow,FinMind_API_TaiwanStockPrice_2357,True,2026-09-22T15:40:28,2026-09-22T15:40:28,2026-09-22T15:40:28
2357,華碩,2025-09-11,691.0,23.0,3.44%,49.459999999999994,13.97,741.9,890.28,1038.66,1187.04,1335.42,1483.8,ShowDailyK_ChartFlow,FinMind_API_TaiwanStockPrice_2357,True,2026-09-22T15:40:28,2026-09-22T15:40:28,2026-09-22T15:40:28
2357,華碩,2025-09-12,707.0,16.0,2.32%,49.459999999999994,14.29,741.9,890.28,1038.66,1187.04,1335.42,1483.8,ShowDailyK_ChartFlow,FinMind_API_TaiwanStockPrice_2357,True,2026-09-22T15:40:28,2026-09-22T15:40:28,2026-09-22T15:40:28
2357,華碩,2025-09-15,692.0,-15.0,-2.12%,49.459999999999994,13.99,741.9,890.28,1038.66,1187.04,1335.42,1483.8,ShowDailyK_ChartFlow,FinMind_API_TaiwanStockPrice_2357,True,2026-09-22T15:40:28,2026-09-22T15:40:28,2026-09-22T15:40:28
2357,華碩,2025-09-16,685.0,-7.0,-1.01%,49.459999999999994,13.85,741.9,890.28,1038.66,1187.04,1335.42,1483.8,ShowDailyK_ChartFlow,FinMind_API_TaiwanStockPrice_2357,True,2026-09-22T15:40:28,2026-09-22T15:40:28,2026-09-22T15:40:28
2357,華碩,2025-09-17,673.0,-12.0,-1.75%,49.459999999999994,13.61,741.9,890.28,1038.66,1187.04,1335.42,1483.8,ShowDailyK_ChartFlow,FinMind_API_TaiwanStockPrice_2357,True,2026-09-22T15:40:28,2026-09-22T15:40:28,2026-09-22T15:40:28
2357,華碩,2025-09-18,680.0,7.0,1.04%,49.459999999999994,13.75,741.9,890.28,1038.66,1187.04,1335.42,1483.8,ShowDailyK_ChartFlow,FinMind_API_TaiwanStockPrice_2357,True,2026-09-22T15:40:28,2026-09-22T15:40:28,2026-09-22T15:40:28
2357,華碩,2025-09-19,668.0,-12.0,-1.76%,49.459999999999994,13.51,741.9,890.28,1038.66,1187.04,1335.42,1483.8,ShowDailyK_ChartFlow,FinMind_API_TaiwanStockPrice_2357,True,2026-09-22T15:40:28,2026-09-22T15:40:28,2026-09-22T15:40:28
2357,華碩,2025-09-22,684.0,16.0,2.40%,49.459999999999994,13.83,741.9,890.28,1038.66,1187.04,1335.42,1483.8,ShowDailyK_ChartFlow,FinMind_API_TaiwanStockPrice_2357,True,2026-09-22T15:40:28,2026-09-22T15:40:28,2026-09-22T15:40:28
2357,華碩,2025-09-23,684.0,0.0,0.00%,49.459999999999994,13.83,741.9,890.28,1038.66,1187.04,1335.42,1483.8,ShowDailyK_ChartFlow,FinMind_API_TaiwanStockPrice_2357,True,2026-09-22T15:40:28,2026-09-22T15:40:28,2026-09-22T15:40:28
2357,華碩,2025-09-24,684.0,0.0,0.00%,49.459999999999994,13.83,741.9,890.28,1038.66,1187.04,1335.42,1483.8,ShowDailyK_ChartFlow,FinMind_API_TaiwanStockPrice_2357,True,2026-09-22T15:40:28,2026-09-22T15:40:28,2026-09-22T15:40:28
2357,華碩,2025-09-25,690.0,6.0,0.88%,49.459999999999994,13.95,741.9,890.28,1038.66,1187.04,1335.42,1483.8,ShowDailyK_ChartFlow,FinMind_API_TaiwanStockPrice_2357,True,2026-09-22T15:40:28,2026-09-22T15:40:28,2026-09-22T15:40:28
2357,華碩,2025-09-26,678.0,-12.0,-1.74%,49.459999999999994,13.71,741.9,890.28,1038.66,1187.04,1335.42,1483.8,ShowDailyK_ChartFlow,FinMind_API_TaiwanStockPrice_2357,True,2026-09-22T15:40:28,2026-09-22T15:40:28,2026-09-22T15:40:28
2357,華碩,2025-09-30,671.0,-7.0,-1.03%,46.839999999999996,13.57,702.6,843.12,983.64,1124.16,1264.68,1405.2,ShowDailyK_ChartFlow,FinMind_API_TaiwanStockPrice_2357,True,2026-09-22T15:40:28,2026-09-22T15:40:28,2026-09-22T15:40:28
2357,華碩,2025-10-01,676.0,5.0,0.75%,46.839999999999996,13.67,702.6,843.12,983.64,1124.16,1264.68,1405.2,ShowDailyK_ChartFlow,FinMind_API_TaiwanStockPrice_2357,True,2026-09-22T15:40:28,2026-09-22T15:40:28,2026-09-22T15:40:28
2357,華碩,2025-10-02,684.0,8.0,1.18%,46.839999999999996,13.83,702.6,843.12,983.64,1124.16,1264.68,1405.2,ShowDailyK_ChartFlow,FinMind_API_TaiwanStockPrice_2357,True,2026-09-22T15:40:28,2026-09-22T15:40:28,2026-09-22T15:40:28
2357,華碩,2025-10-03,685.0,1.0,0.15%,46.839999999999996,13.85,702.6,843.12,983.64,1124.16,1264.68,1405.2,ShowDailyK_ChartFlow,FinMind_API_TaiwanStockPrice_2357,True,2026-09-22T15:40:28,2026-09-22T15:40:28,2026-09-22T15:40:28
2357,華碩,2025-10-07,691.0,6.0,0.88%,46.839999999999996,13.97,702.6,843.12,983.64,1124.16,1264.68,1405.2,ShowDailyK_ChartFlow,FinMind_API_TaiwanStockPrice_2357,True,2026-09-22T15:40:28,2026-09-22T15:40:28,2026-09-22T15:40:28
2357,華碩,2025-10-08,692.0,1.0,0.14%,46.839999999999996,13.99,702.6,843.12,983.64,1124.16,1264.68,1405.2,ShowDailyK_ChartFlow,FinMind_API_TaiwanStockPrice_2357,True,2026-09-22T15:40:28,2026-09-22T15:40:28,2026-09-22T15:40:28
2357,華碩,2025-10-09,677.0,-15.0,-2.17%,46.839999999999996,13.69,702.6,843.12,983.64,1124.16,1264.68,1405.2,ShowDailyK_ChartFlow,FinMind_API_TaiwanStockPrice_2357,True,2026-09-22T15:40:28,2026-09-22T15:40:28,2026-09-22T15:40:28
2357,華碩,2025-10-13,697.0,20.0,2.95%,46.839999999999996,14.09,702.6,843.12,983.64,1124.16,1264.68,1405.2,ShowDailyK_ChartFlow,FinMind_API_TaiwanStockPrice_2357,True,2026-09-22T15:40:28,2026-09-22T15:40:28,2026-09-22T15:40:28
2357,華碩,2025-10-14,687.0,-10.0,-1.43%,46.839999999999996,13.89,702.6,843.12,983.64,1124.16,1264.68,1405.2,ShowDailyK_ChartFlow,FinMind_API_TaiwanStockPrice_2357,True,2026-09-22T15:40:28,2026-09-22T15:40:28,2026-09-22T15:40:28
2357,華碩,2025-10-15,684.0,-3.0,-0.44%,46.839999999999996,13.83,702.6,843.12,983.64,1124.16,1264.68,1405.2,ShowDailyK_ChartFlow,FinMind_API_TaiwanStockPrice_2357,True,2026-09-22T15:40:28,2026-09-22T15:40:28,2026-09-22T15:40:28
2357,華碩,2025-10-16,685.0,1.0,0.15%,46.839999999999996,13.85,702.6,843.12,983.64,1124.16,1264.68,1405.2,ShowDailyK_ChartFlow,FinMind_API_TaiwanStockPrice_2357,True,2026-09-22T15:40:28,2026-09-22T15:40:28,2026-09-22T15:40:28
2357,華碩,2025-10-17,685.0,0.0,0.00%,46.839999999999996,13.85,702.6,843.12,983.64,1124.16,1264.68,1405.2,ShowDailyK_ChartFlow,FinMind_API_TaiwanStockPrice_2357,True,2026-09-22T15:40:28,2026-09-22T15:40:28,2026-09-22T15:40:28
2357,華碩,2025-10-20,686.0,1.0,0.15%,46.839999999999996,13.87,702.6,843.12,983.64,1124.16,1264.68,1405.2,ShowDailyK_ChartFlow,FinMind_API_TaiwanStockPrice_2357,True,2026-09-22T15:40:28,2026-09-22T15:40:28,2026-09-22T15:40:28
2357,華碩,2025-10-21,691.0,5.0,0.73%,46.839999999999996,13.97,702.6,843.12,983.64,1124.16,1264.68,1405.2,ShowDailyK_ChartFlow,FinMind_API_TaiwanStockPrice_2357,True,2026-09-22T15:40:28,2026-09-22T15:40:28,2026-09-22T15:40:28
2357,華碩,2025-10-22,699.0,8.0,1.16%,46.839999999999996,14.13,702.6,843.12,983.64,1124.16,1264.68,1405.2,ShowDailyK_ChartFlow,FinMind_API_TaiwanStockPrice_2357,True,2026-09-22T15:40:28,2026-09-22T15:40:28,2026-09-22T15:40:28
2357,華碩,2025-10-23,698.0,-1.0,-0.14%,46.839999999999996,14.11,702.6,843.12,983.64,1124.16,1264.68,1405.2,ShowDailyK_ChartFlow,FinMind_API_TaiwanStockPrice_2357,True,2026-09-22T15:40:28,2026-09-22T15:40:28,2026-09-22T15:40:28
2357,華碩,2025-10-27,714.0,16.0,2.29%,46.839999999999996,14.44,702.6,843.12,983.64,1124.16,1264.68,1405.2,ShowDailyK_ChartFlow,FinMind_API_TaiwanStockPrice_2357,True,2026-09-22T15:40:28,2026-09-22T15:40:28,2026-09-22T15:40:28
2357,華碩,2025-10-28,709.0,-5.0,-0.70%,46.839999999999996,14.33,702.6,843.12,983.64,1124.16,1264.68,1405.2,ShowDailyK_ChartFlow,FinMind_API_TaiwanStockPrice_2357,True,2026-09-22T15:40:28,2026-09-22T15:40:28,2026-09-22T15:40:28
2357,華碩,2025-10-29,709.0,0.0,0.00%,46.839999999999996,14.33,702.6,843.12,983.64,1124.16,1264.68,1405.2,ShowDailyK_ChartFlow,FinMind_API_TaiwanStockPrice_2357,True,2026-09-22T15:40:28,2026-09-22T15:40:28,2026-09-22T15:40:28
2357,華碩,2025-10-30,709.0,0.0,0.00%,46.839999999999996,14.33,702.6,843.12,983.64,1124.16,1264.68,1405.2,ShowDailyK_ChartFlow,FinMind_API_TaiwanStockPrice_2357,True,2026-09-22T15:40:28,2026-09-22T15:40:28,2026-09-22T15:40:28
2357,華碩,2025-10-31,697.0,-12.0,-1.69%,46.839999999999996,14.09,702.6,843.12,983.64,1124.16,1264.68,1405.2,ShowDailyK_ChartFlow,FinMind_API_TaiwanStockPrice_2357,True,2026-09-22T15:40:28,2026-09-22T15:40:28,2026-09-22T15:40:28
2357,華碩,2025-11-03,691.0,-6.0,-0.86%,46.839999999999996,13.97,702.6,843.12,983.64,1124.16,1264.68,1405.2,ShowDailyK_ChartFlow,FinMind_API_TaiwanStockPrice_2357,True,2026-09-22T15:40:28,2026-09-22T15:40:28,2026-09-22T15:40:28
2357,華碩,2025-11-04,688.0,-3.0,-0.43%,46.839999999999996,13.91,702.6,843.12,983.64,1124.16,1264.68,1405.2,ShowDailyK_ChartFlow,FinMind_API_TaiwanStockPrice_2357,True,2026-09-22T15:40:28,2026-09-22T15:40:28,2026-09-22T15:40:28
2357,華碩,2025-11-05,681.0,-7.0,-1.02%,46.839999999999996,13.77,702.6,843.12,983.64,1124.16,1264.68,1405.2,ShowDailyK_ChartFlow,FinMind_API_TaiwanStockPrice_2357,True,2026-09-22T15:40:28,2026-09-22T15:40:28,2026-09-22T15:40:28
2357,華碩,2025-11-06,681.0,0.0,0.00%,46.839999999999996,13.77,702.6,843.12,983.64,1124.16,1264.68,1405.2,ShowDailyK_ChartFlow,FinMind_API_TaiwanStockPrice_2357,True,2026-09-22T15:40:28,2026-09-22T15:40:28,2026-09-22T15:40:28
2357,華碩,2025-11-07,664.0,-17.0,-2.50%,46.839999999999996,13.42,702.6,843.12,983.64,1124.16,1264.68,1405.2,ShowDailyK_ChartFlow,FinMind_API_TaiwanStockPrice_2357,True,2026-09-22T15:40:28,2026-09-22T15:40:28,2026-09-22T15:40:28
2357,華碩,2025-11-10,663.0,-1.0,-0.15%,46.839999999999996,13.4,702.6,843.12,983.64,1124.16,1264.68,1405.2,ShowDailyK_ChartFlow,FinMind_API_TaiwanStockPrice_2357,True,2026-09-22T15:40:28,2026-09-22T15:40:28,2026-09-22T15:40:28
2357,華碩,2025-11-11,661.0,-2.0,-0.30%,46.839999999999996,13.36,702.6,843.12,983.64,1124.16,1264.68,1405.2,ShowDailyK_ChartFlow,FinMind_API_TaiwanStockPrice_2357,True,2026-09-22T15:40:28,2026-09-22T15:40:28,2026-09-22T15:40:28
2357,華碩,2025-11-12,647.0,-14.0,-2.12%,46.839999999999996,13.81,702.6,843.12,983.64,1124.16,1264.68,1405.2,ShowDailyK_ChartFlow,FinMind_API_TaiwanStockPrice_2357,True,2026-09-22T15:40:28,2026-09-22T15:40:28,2026-09-22T15:40:28
2357,華碩,2025-11-13,633.0,-14.0,-2.16%,46.839999999999996,13.51,702.6,843.12,983.64,1124.16,1264.68,1405.2,ShowDailyK_ChartFlow,FinMind_API_TaiwanStockPrice_2357,True,2026-09-22T15:40:28,2026-09-22T15:40:28,2026-09-22T15:40:28
2357,華碩,2025-11-14,633.0,0.0,0.00%,46.839999999999996,13.51,702.6,843.12,983.64,1124.16,1264.68,1405.2,ShowDailyK_ChartFlow,FinMind_API_TaiwanStockPrice_2357,True,2026-09-22T15:40:28,2026-09-22T15:40:28,2026-09-22T15:40:28
2357,華碩,2025-11-17,610.0,-23.0,-3.63%,46.839999999999996,13.02,702.6,843.12,983.64,1124.16,1264.68,1405.2,ShowDailyK_ChartFlow,FinMind_API_TaiwanStockPrice_2357,True,2026-09-22T15:40:28,2026-09-22T15:40:28,2026-09-22T15:40:28
2357,華碩,2025-11-18,563.0,-47.0,-7.70%,46.839999999999996,12.02,702.6,843.12,983.64,1124.16,1264.68,1405.2,ShowDailyK_ChartFlow,FinMind_API_TaiwanStockPrice_2357,True,2026-09-22T15:40:28,2026-09-22T15:40:28,2026-09-22T15:40:28
2357,華碩,2025-11-19,566.0,3.0,0.53%,46.839999999999996,12.08,702.6,843.12,983.64,1124.16,1264.68,1405.2,ShowDailyK_ChartFlow,FinMind_API_TaiwanStockPrice_2357,True,2026-09-22T15:40:28,2026-09-22T15:40:28,2026-09-22T15:40:28
2357,華碩,2025-11-20,573.0,7.0,1.24%,46.839999999999996,12.23,702.6,843.12,983.64,1124.16,1264.68,1405.2,ShowDailyK_ChartFlow,FinMind_API_TaiwanStockPrice_2357,True,2026-09-22T15:40:28,2026-09-22T15:40:28,2026-09-22T15:40:28
2357,華碩,2025-11-21,573.0,0.0,0.00%,46.839999999999996,12.23,702.6,843.12,983.64,1124.16,1264.68,1405.2,ShowDailyK_ChartFlow,FinMind_API_TaiwanStockPrice_2357,True,2026-09-22T15:40:28,2026-09-22T15:40:28,2026-09-22T15:40:28
2357,華碩,2025-11-24,585.0,12.0,2.09%,46.839999999999996,12.49,702.6,843.12,983.64,1124.16,1264.68,1405.2,ShowDailyK_ChartFlow,FinMind_API_TaiwanStockPrice_2357,True,2026-09-22T15:40:28,2026-09-22T15:40:28,2026-09-22T15:40:28
2357,華碩,2025-11-25,590.0,5.0,0.85%,46.839999999999996,12.6,702.6,843.12,983.64,1124.16,1264.68,1405.2,ShowDailyK_ChartFlow,FinMind_API_TaiwanStockPrice_2357,True,2026-09-22T15:40:28,2026-09-22T15:40:28,2026-09-22T15:40:28
2357,華碩,2025-11-26,612.0,22.0,3.73%,46.839999999999996,13.07,702.6,843.12,983.64,1124.16,1264.68,1405.2,ShowDailyK_ChartFlow,FinMind_API_TaiwanStockPrice_2357,True,2026-09-22T15:40:28,2026-09-22T15:40:28,2026-09-22T15:40:28
2357,華碩,2025-11-27,611.0,-1.0,-0.16%,46.839999999999996,13.04,702.6,843.12,983.64,1124.16,1264.68,1405.2,ShowDailyK_ChartFlow,FinMind_API_TaiwanStockPrice_2357,True,2026-09-22T15:40:28,2026-09-22T15:40:28,2026-09-22T15:40:28
2357,華碩,2025-11-28,601.0,-10.0,-1.64%,46.839999999999996,12.83,702.6,843.12,983.64,1124.16,1264.68,1405.2,ShowDailyK_ChartFlow,FinMind_API_TaiwanStockPrice_2357,True,2026-09-22T15:40:28,2026-09-22T15:40:28,2026-09-22T15:40:28
2357,華碩,2025-12-01,603.0,2.0,0.33%,46.839999999999996,12.87,702.6,843.12,983.64,1124.16,1264.68,1405.2,ShowDailyK_ChartFlow,FinMind_API_TaiwanStockPrice_2357,True,2026-09-22T15:40:28,2026-09-22T15:40:28,2026-09-22T15:40:28
2357,華碩,2025-12-02,607.0,4.0,0.66%,46.839999999999996,12.96,702.6,843.12,983.64,1124.16,1264.68,1405.2,ShowDailyK_ChartFlow,FinMind_API_TaiwanStockPrice_2357,True,2026-09-22T15:40:28,2026-09-22T15:40:28,2026-09-22T15:40:28
2357,華碩,2025-12-03,616.0,9.0,1.48%,46.839999999999996,13.15,702.6,843.12,983.64,1124.16,1264.68,1405.2,ShowDailyK_ChartFlow,FinMind_API_TaiwanStockPrice_2357,True,2026-09-22T15:40:28,2026-09-22T15:40:28,2026-09-22T15:40:28
2357,華碩,2025-12-04,607.0,-9.0,-1.46%,46.839999999999996,12.96,702.6,843.12,983.64,1124.16,1264.68,1405.2,ShowDailyK_ChartFlow,FinMind_API_TaiwanStockPrice_2357,True,2026-09-22T15:40:28,2026-09-22T15:40:28,2026-09-22T15:40:28
2357,華碩,2025-12-05,609.0,2.0,0.33%,46.839999999999996,13.0,702.6,843.12,983.64,1124.16,1264.68,1405.2,ShowDailyK_ChartFlow,FinMind_API_TaiwanStockPrice_2357,True,2026-09-22T15:40:28,2026-09-22T15:40:28,2026-09-22T15:40:28
2357,華碩,2025-12-08,602.0,-7.0,-1.15%,46.839999999999996,12.85,702.6,843.12,983.64,1124.16,1264.68,1405.2,ShowDailyK_ChartFlow,FinMind_API_TaiwanStockPrice_2357,True,2026-09-22T15:40:28,2026-09-22T15:40:28,2026-09-22T15:40:28
2357,華碩,2025-12-09,596.0,-6.0,-1.00%,46.839999999999996,12.72,702.6,843.12,983.64,1124.16,1264.68,1405.2,ShowDailyK_ChartFlow,FinMind_API_TaiwanStockPrice_2357,True,2026-09-22T15:40:28,2026-09-22T15:40:28,2026-09-22T15:40:28
2357,華碩,2025-12-10,595.0,-1.0,-0.17%,46.839999999999996,12.7,702.6,843.12,983.64,1124.16,1264.68,1405.2,ShowDailyK_ChartFlow,FinMind_API_TaiwanStockPrice_2357,True,2026-09-22T15:40:28,2026-09-22T15:40:28,2026-09-22T15:40:28
2357,華碩,2025-12-11,592.0,-3.0,-0.50%,46.839999999999996,12.64,702.6,843.12,983.64,1124.16,1264.68,1405.2,ShowDailyK_ChartFlow,FinMind_API_TaiwanStockPrice_2357,True,2026-09-22T15:40:28,2026-09-22T15:40:28,2026-09-22T15:40:28
2357,華碩,2025-12-12,588.0,-4.0,-0.68%,46.839999999999996,12.55,702.6,843.12,983.64,1124.16,1264.68,1405.2,ShowDailyK_ChartFlow,FinMind_API_TaiwanStockPrice_2357,True,2026-09-22T15:40:28,2026-09-22T15:40:28,2026-09-22T15:40:28
2357,華碩,2025-12-15,584.0,-4.0,-0.68%,46.839999999999996,12.47,702.6,843.12,983.64,1124.16,1264.68,1405.2,ShowDailyK_ChartFlow,FinMind_API_TaiwanStockPrice_2357,True,2026-09-22T15:40:28,2026-09-22T15:40:28,2026-09-22T15:40:28
2357,華碩,2025-12-16,586.0,2.0,0.34%,46.839999999999996,12.51,702.6,843.12,983.64,1124.16,1264.68,1405.2,ShowDailyK_ChartFlow,FinMind_API_TaiwanStockPrice_2357,True,2026-09-22T15:40:28,2026-09-22T15:40:28,2026-09-22T15:40:28
2357,華碩,2025-12-17,577.0,-9.0,-1.54%,46.839999999999996,12.32,702.6,843.12,983.64,1124.16,1264.68,1405.2,ShowDailyK_ChartFlow,FinMind_API_TaiwanStockPrice_2357,True,2026-09-22T15:40:28,2026-09-22T15:40:28,2026-09-22T15:40:28
2357,華碩,2025-12-18,554.0,-23.0,-3.99%,46.839999999999996,11.83,702.6,843.12,983.64,1124.16,1264.68,1405.2,ShowDailyK_ChartFlow,FinMind_API_TaiwanStockPrice_2357,True,2026-09-22T15:40:28,2026-09-22T15:40:28,2026-09-22T15:40:28
2357,華碩,2025-12-19,550.0,-4.0,-0.72%,46.839999999999996,11.74,702.6,843.12,983.64,1124.16,1264.68,1405.2,ShowDailyK_ChartFlow,FinMind_API_TaiwanStockPrice_2357,True,2026-09-22T15:40:28,2026-09-22T15:40:28,2026-09-22T15:40:28
2357,華碩,2025-12-22,550.0,0.0,0.00%,46.839999999999996,11.74,702.6,843.12,983.64,1124.16,1264.68,1405.2,ShowDailyK_ChartFlow,FinMind_API_TaiwanStockPrice_2357,True,2026-09-22T15:40:28,2026-09-22T15:40:28,2026-09-22T15:40:28
2357,華碩,2025-12-23,546.0,-4.0,-0.73%,46.839999999999996,11.66,702.6,843.12,983.64,1124.16,1264.68,1405.2,ShowDailyK_ChartFlow,FinMind_API_TaiwanStockPrice_2357,True,2026-09-22T15:40:28,2026-09-22T15:40:28,2026-09-22T15:40:28
2357,華碩,2025-12-24,544.0,-2.0,-0.37%,46.839999999999996,11.61,702.6,843.12,983.64,1124.16,1264.68,1405.2,ShowDailyK_ChartFlow,FinMind_API_TaiwanStockPrice_2357,True,2026-09-22T15:40:28,2026-09-22T15:40:28,2026-09-22T15:40:28
2357,華碩,2025-12-26,551.0,7.0,1.29%,46.839999999999996,11.76,702.6,843.12,983.64,1124.16,1264.68,1405.2,ShowDailyK_ChartFlow,FinMind_API_TaiwanStockPrice_2357,True,2026-09-22T15:40:28,2026-09-22T15:40:28,2026-09-22T15:40:28
2357,華碩,2025-12-29,543.0,-8.0,-1.45%,46.839999999999996,11.59,702.6,843.12,983.64,1124.16,1264.68,1405.2,ShowDailyK_ChartFlow,FinMind_API_TaiwanStockPrice_2357,True,2026-09-22T15:40:28,2026-09-22T15:40:28,2026-09-22T15:40:28
2357,華碩,2025-12-30,540.0,-3.0,-0.55%,46.839999999999996,11.53,702.6,843.12,983.64,1124.16,1264.68,1405.2,ShowDailyK_ChartFlow,FinMind_API_TaiwanStockPrice_2357,True,2026-09-22T15:40:28,2026-09-22T15:40:28,2026-09-22T15:40:28
2357,華碩,2025-12-31,548.0,8.0,1.48%,59.99,11.7,899.85,1079.82,1259.79,1439.76,1619.73,1799.7,ShowDailyK_ChartFlow,FinMind_API_TaiwanStockPrice_2357,True,2026-09-22T15:40:28,2026-09-22T15:40:28,2026-09-22T15:40:28
2357,華碩,2026-01-02,555.0,7.0,1.28%,59.99,11.85,899.85,1079.82,1259.79,1439.76,1619.73,1799.7,ShowDailyK_ChartFlow,FinMind_API_TaiwanStockPrice_2357,True,2026-09-22T15:40:28,2026-09-22T15:40:28,2026-09-22T15:40:28
2357,華碩,2026-01-05,546.0,-9.0,-1.62%,59.99,11.66,899.85,1079.82,1259.79,1439.76,1619.73,1799.7,ShowDailyK_ChartFlow,FinMind_API_TaiwanStockPrice_2357,True,2026-09-22T15:40:28,2026-09-22T15:40:28,2026-09-22T15:40:28
2357,華碩,2026-01-06,539.0,-7.0,-1.28%,59.99,11.51,899.85,1079.82,1259.79,1439.76,1619.73,1799.7,ShowDailyK_ChartFlow,FinMind_API_TaiwanStockPrice_2357,True,2026-09-22T15:40:28,2026-09-22T15:40:28,2026-09-22T15:40:28
2357,華碩,2026-01-07,543.0,4.0,0.74%,59.99,11.59,899.85,1079.82,1259.79,1439.76,1619.73,1799.7,ShowDailyK_ChartFlow,FinMind_API_TaiwanStockPrice_2357,True,2026-09-22T15:40:28,2026-09-22T15:40:28,2026-09-22T15:40:28
2357,華碩,2026-01-08,530.0,-13.0,-2.39%,59.99,11.32,899.85,1079.82,1259.79,1439.76,1619.73,1799.7,ShowDailyK_ChartFlow,FinMind_API_TaiwanStockPrice_2357,True,2026-09-22T15:40:28,2026-09-22T15:40:28,2026-09-22T15:40:28
2357,華碩,2026-01-09,529.0,-1.0,-0.19%,59.99,11.29,899.85,1079.82,1259.79,1439.76,1619.73,1799.7,ShowDailyK_ChartFlow,FinMind_API_TaiwanStockPrice_2357,True,2026-09-22T15:40:28,2026-09-22T15:40:28,2026-09-22T15:40:28
2357,華碩,2026-01-12,546.0,17.0,3.21%,59.99,11.66,899.85,1079.82,1259.79,1439.76,1619.73,1799.7,ShowDailyK_ChartFlow,FinMind_API_TaiwanStockPrice_2357,True,2026-09-22T15:40:28,2026-09-22T15:40:28,2026-09-22T15:40:28
2357,華碩,2026-01-13,518.0,-28.0,-5.13%,59.99,11.06,899.85,1079.82,1259.79,1439.76,1619.73,1799.7,ShowDailyK_ChartFlow,FinMind_API_TaiwanStockPrice_2357,True,2026-09-22T15:40:28,2026-09-22T15:40:28,2026-09-22T15:40:28
2357,華碩,2026-01-14,528.0,10.0,1.93%,59.99,11.27,899.85,1079.82,1259.79,1439.76,1619.73,1799.7,ShowDailyK_ChartFlow,FinMind_API_TaiwanStockPrice_2357,True,2026-09-22T15:40:28,2026-09-22T15:40:28,2026-09-22T15:40:28
2357,華碩,2026-01-15,521.0,-7.0,-1.33%,59.99,11.12,899.85,1079.82,1259.79,1439.76,1619.73,1799.7,ShowDailyK_ChartFlow,FinMind_API_TaiwanStockPrice_2357,True,2026-09-22T15:40:28,2026-09-22T15:40:28,2026-09-22T15:40:28
2357,華碩,2026-01-16,510.0,-11.0,-2.11%,59.99,10.89,899.85,1079.82,1259.79,1439.76,1619.73,1799.7,ShowDailyK_ChartFlow,FinMind_API_TaiwanStockPrice_2357,True,2026-09-22T15:40:28,2026-09-22T15:40:28,2026-09-22T15:40:28
2357,華碩,2026-01-19,510.0,0.0,0.00%,59.99,10.89,899.85,1079.82,1259.79,1439.76,1619.73,1799.7,ShowDailyK_ChartFlow,FinMind_API_TaiwanStockPrice_2357,True,2026-09-22T15:40:28,2026-09-22T15:40:28,2026-09-22T15:40:28
2357,華碩,2026-01-20,510.0,0.0,0.00%,59.99,10.89,899.85,1079.82,1259.79,1439.76,1619.73,1799.7,ShowDailyK_ChartFlow,FinMind_API_TaiwanStockPrice_2357,True,2026-09-22T15:40:28,2026-09-22T15:40:28,2026-09-22T15:40:28
2357,華碩,2026-01-21,501.0,-9.0,-1.76%,59.99,10.7,899.85,1079.82,1259.79,1439.76,1619.73,1799.7,ShowDailyK_ChartFlow,FinMind_API_TaiwanStockPrice_2357,True,2026-09-22T15:40:28,2026-09-22T15:40:28,2026-09-22T15:40:28
2357,華碩,2026-01-22,511.0,10.0,2.00%,59.99,10.91,899.85,1079.82,1259.79,1439.76,1619.73,1799.7,ShowDailyK_ChartFlow,FinMind_API_TaiwanStockPrice_2357,True,2026-09-22T15:40:28,2026-09-22T15:40:28,2026-09-22T15:40:28
2357,華碩,2026-01-23,515.0,4.0,0.78%,59.99,10.99,899.85,1079.82,1259.79,1439.76,1619.73,1799.7,ShowDailyK_ChartFlow,FinMind_API_TaiwanStockPrice_2357,True,2026-09-22T15:40:28,2026-09-22T15:40:28,2026-09-22T15:40:28
2357,華碩,2026-01-26,505.0,-10.0,-1.94%,59.99,10.78,899.85,1079.82,1259.79,1439.76,1619.73,1799.7,ShowDailyK_ChartFlow,FinMind_API_TaiwanStockPrice_2357,True,2026-09-22T15:40:28,2026-09-22T15:40:28,2026-09-22T15:40:28
2357,華碩,2026-01-27,504.0,-1.0,-0.20%,59.99,10.76,899.85,1079.82,1259.79,1439.76,1619.73,1799.7,ShowDailyK_ChartFlow,FinMind_API_TaiwanStockPrice_2357,True,2026-09-22T15:40:28,2026-09-22T15:40:28,2026-09-22T15:40:28
2357,華碩,2026-01-28,510.0,6.0,1.19%,59.99,10.89,899.85,1079.82,1259.79,1439.76,1619.73,1799.7,ShowDailyK_ChartFlow,FinMind_API_TaiwanStockPrice_2357,True,2026-09-22T15:40:28,2026-09-22T15:40:28,2026-09-22T15:40:28
2357,華碩,2026-01-29,507.0,-3.0,-0.59%,59.99,10.82,899.85,1079.82,1259.79,1439.76,1619.73,1799.7,ShowDailyK_ChartFlow,FinMind_API_TaiwanStockPrice_2357,True,2026-09-22T15:40:28,2026-09-22T15:40:28,2026-09-22T15:40:28
2357,華碩,2026-01-30,496.0,-11.0,-2.17%,59.99,10.59,899.85,1079.82,1259.79,1439.76,1619.73,1799.7,ShowDailyK_ChartFlow,FinMind_API_TaiwanStockPrice_2357,True,2026-09-22T15:40:28,2026-09-22T15:40:28,2026-09-22T15:40:28
2357,華碩,2026-02-02,499.5,3.5,0.71%,59.99,10.66,899.85,1079.82,1259.79,1439.76,1619.73,1799.7,ShowDailyK_ChartFlow,FinMind_API_TaiwanStockPrice_2357,True,2026-09-22T15:40:28,2026-09-22T15:40:28,2026-09-22T15:40:28
2357,華碩,2026-02-03,501.0,1.5,0.30%,59.99,10.7,899.85,1079.82,1259.79,1439.76,1619.73,1799.7,ShowDailyK_ChartFlow,FinMind_API_TaiwanStockPrice_2357,True,2026-09-22T15:40:28,2026-09-22T15:40:28,2026-09-22T15:40:28
2357,華碩,2026-02-04,502.0,1.0,0.20%,59.99,10.72,899.85,1079.82,1259.79,1439.76,1619.73,1799.7,ShowDailyK_ChartFlow,FinMind_API_TaiwanStockPrice_2357,True,2026-09-22T15:40:28,2026-09-22T15:40:28,2026-09-22T15:40:28
2357,華碩,2026-02-05,502.0,0.0,0.00%,59.99,10.72,899.85,1079.82,1259.79,1439.76,1619.73,1799.7,ShowDailyK_ChartFlow,FinMind_API_TaiwanStockPrice_2357,True,2026-09-22T15:40:28,2026-09-22T15:40:28,2026-09-22T15:40:28
2357,華碩,2026-02-06,508.0,6.0,1.20%,59.99,10.85,899.85,1079.82,1259.79,1439.76,1619.73,1799.7,ShowDailyK_ChartFlow,FinMind_API_TaiwanStockPrice_2357,True,2026-09-22T15:40:28,2026-09-22T15:40:28,2026-09-22T15:40:28
2357,華碩,2026-02-09,503.0,-5.0,-0.98%,59.99,10.74,899.85,1079.82,1259.79,1439.76,1619.73,1799.7,ShowDailyK_ChartFlow,FinMind_API_TaiwanStockPrice_2357,True,2026-09-22T15:40:28,2026-09-22T15:40:28,2026-09-22T15:40:28
2357,華碩,2026-02-10,526.0,23.0,4.57%,59.99,11.23,899.85,1079.82,1259.79,1439.76,1619.73,1799.7,ShowDailyK_ChartFlow,FinMind_API_TaiwanStockPrice_2357,True,2026-09-22T15:40:28,2026-09-22T15:40:28,2026-09-22T15:40:28
2357,華碩,2026-02-11,523.0,-3.0,-0.57%,59.99,11.17,899.85,1079.82,1259.79,1439.76,1619.73,1799.7,ShowDailyK_ChartFlow,FinMind_API_TaiwanStockPrice_2357,True,2026-09-22T15:40:28,2026-09-22T15:40:28,2026-09-22T15:40:28
2357,華碩,2026-02-23,509.0,-14.0,-2.68%,59.99,10.87,899.85,1079.82,1259.79,1439.76,1619.73,1799.7,ShowDailyK_ChartFlow,FinMind_API_TaiwanStockPrice_2357,True,2026-09-22T15:40:28,2026-09-22T15:40:28,2026-09-22T15:40:28
2357,華碩,2026-02-24,515.0,6.0,1.18%,59.99,10.99,899.85,1079.82,1259.79,1439.76,1619.73,1799.7,ShowDailyK_ChartFlow,FinMind_API_TaiwanStockPrice_2357,True,2026-09-22T15:40:28,2026-09-22T15:40:28,2026-09-22T15:40:28
2357,華碩,2026-02-25,525.0,10.0,1.94%,59.99,11.21,899.85,1079.82,1259.79,1439.76,1619.73,1799.7,ShowDailyK_ChartFlow,FinMind_API_TaiwanStockPrice_2357,True,2026-09-22T15:40:28,2026-09-22T15:40:28,2026-09-22T15:40:28
2357,華碩,2026-02-26,532.0,7.0,1.33%,59.99,11.36,899.85,1079.82,1259.79,1439.76,1619.73,1799.7,ShowDailyK_ChartFlow,FinMind_API_TaiwanStockPrice_2357,True,2026-09-22T15:40:28,2026-09-22T15:40:28,2026-09-22T15:40:28
2357,華碩,2026-03-02,530.0,-2.0,-0.38%,59.99,11.32,899.85,1079.82,1259.79,1439.76,1619.73,1799.7,ShowDailyK_ChartFlow,FinMind_API_TaiwanStockPrice_2357,True,2026-09-22T15:40:28,2026-09-22T15:40:28,2026-09-22T15:40:28
2357,華碩,2026-03-03,521.0,-9.0,-1.70%,59.99,11.12,899.85,1079.82,1259.79,1439.76,1619.73,1799.7,ShowDailyK_ChartFlow,FinMind_API_TaiwanStockPrice_2357,True,2026-09-22T15:40:28,2026-09-22T15:40:28,2026-09-22T15:40:28
2357,華碩,2026-03-04,500.0,-21.0,-4.03%,59.99,10.67,899.85,1079.82,1259.79,1439.76,1619.73,1799.7,ShowDailyK_ChartFlow,FinMind_API_TaiwanStockPrice_2357,True,2026-09-22T15:40:28,2026-09-22T15:40:28,2026-09-22T15:40:28
2357,華碩,2026-03-05,518.0,18.0,3.60%,59.99,11.06,899.85,1079.82,1259.79,1439.76,1619.73,1799.7,ShowDailyK_ChartFlow,FinMind_API_TaiwanStockPrice_2357,True,2026-09-22T15:40:28,2026-09-22T15:40:28,2026-09-22T15:40:28
2357,華碩,2026-03-06,527.0,9.0,1.74%,59.99,11.25,899.85,1079.82,1259.79,1439.76,1619.73,1799.7,ShowDailyK_ChartFlow,FinMind_API_TaiwanStockPrice_2357,True,2026-09-22T15:40:28,2026-09-22T15:40:28,2026-09-22T15:40:28
2357,華碩,2026-03-09,517.0,-10.0,-1.90%,59.99,11.04,899.85,1079.82,1259.79,1439.76,1619.73,1799.7,ShowDailyK_ChartFlow,FinMind_API_TaiwanStockPrice_2357,True,2026-09-22T15:40:28,2026-09-22T15:40:28,2026-09-22T15:40:28
2357,華碩,2026-03-10,531.0,14.0,2.71%,59.99,11.34,899.85,1079.82,1259.79,1439.76,1619.73,1799.7,ShowDailyK_ChartFlow,FinMind_API_TaiwanStockPrice_2357,True,2026-09-22T15:40:28,2026-09-22T15:40:28,2026-09-22T15:40:28
2357,華碩,2026-03-11,584.0,53.0,9.98%,59.99,9.73,899.85,1079.82,1259.79,1439.76,1619.73,1799.7,ShowDailyK_ChartFlow,FinMind_API_TaiwanStockPrice_2357,True,2026-09-22T15:40:28,2026-09-22T15:40:28,2026-09-22T15:40:28
2357,華碩,2026-03-12,581.0,-3.0,-0.51%,59.99,9.68,899.85,1079.82,1259.79,1439.76,1619.73,1799.7,ShowDailyK_ChartFlow,FinMind_API_TaiwanStockPrice_2357,True,2026-09-22T15:40:28,2026-09-22T15:40:28,2026-09-22T15:40:28
2357,華碩,2026-03-13,589.0,8.0,1.38%,59.99,9.82,899.85,1079.82,1259.79,1439.76,1619.73,1799.7,ShowDailyK_ChartFlow,FinMind_API_TaiwanStockPrice_2357,True,2026-09-22T15:40:28,2026-09-22T15:40:28,2026-09-22T15:40:28
2357,華碩,2026-03-16,589.0,0.0,0.00%,59.99,9.82,899.85,1079.82,1259.79,1439.76,1619.73,1799.7,ShowDailyK_ChartFlow,FinMind_API_TaiwanStockPrice_2357,True,2026-09-22T15:40:28,2026-09-22T15:40:28,2026-09-22T15:40:28
2357,華碩,2026-03-17,593.0,4.0,0.68%,59.99,9.88,899.85,1079.82,1259.79,1439.76,1619.73,1799.7,ShowDailyK_ChartFlow,FinMind_API_TaiwanStockPrice_2357,True,2026-09-22T15:40:28,2026-09-22T15:40:28,2026-09-22T15:40:28
2357,華碩,2026-03-18,594.0,1.0,0.17%,59.99,9.9,899.85,1079.82,1259.79,1439.76,1619.73,1799.7,ShowDailyK_ChartFlow,FinMind_API_TaiwanStockPrice_2357,True,2026-09-22T15:40:28,2026-09-22T15:40:28,2026-09-22T15:40:28
2357,華碩,2026-03-19,578.0,-16.0,-2.69%,59.99,9.63,899.85,1079.82,1259.79,1439.76,1619.73,1799.7,ShowDailyK_ChartFlow,FinMind_API_TaiwanStockPrice_2357,True,2026-09-22T15:40:28,2026-09-22T15:40:28,2026-09-22T15:40:28
2357,華碩,2026-03-20,582.0,4.0,0.69%,59.99,9.7,899.85,1079.82,1259.79,1439.76,1619.73,1799.7,ShowDailyK_ChartFlow,FinMind_API_TaiwanStockPrice_2357,True,2026-09-22T15:40:28,2026-09-22T15:40:28,2026-09-22T15:40:28
2357,華碩,2026-03-23,563.0,-19.0,-3.26%,59.99,9.38,899.85,1079.82,1259.79,1439.76,1619.73,1799.7,ShowDailyK_ChartFlow,FinMind_API_TaiwanStockPrice_2357,True,2026-09-22T15:40:28,2026-09-22T15:40:28,2026-09-22T15:40:28
2357,華碩,2026-03-24,565.0,2.0,0.36%,59.99,9.42,899.85,1079.82,1259.79,1439.76,1619.73,1799.7,ShowDailyK_ChartFlow,FinMind_API_TaiwanStockPrice_2357,True,2026-09-22T15:40:28,2026-09-22T15:40:28,2026-09-22T15:40:28
2357,華碩,2026-03-25,565.0,0.0,0.00%,59.99,9.42,899.85,1079.82,1259.79,1439.76,1619.73,1799.7,ShowDailyK_ChartFlow,FinMind_API_TaiwanStockPrice_2357,True,2026-09-22T15:40:28,2026-09-22T15:40:28,2026-09-22T15:40:28
2357,華碩,2026-03-26,574.0,9.0,1.59%,59.99,9.57,899.85,1079.82,1259.79,1439.76,1619.73,1799.7,ShowDailyK_ChartFlow,FinMind_API_TaiwanStockPrice_2357,True,2026-09-22T15:40:28,2026-09-22T15:40:28,2026-09-22T15:40:28
2357,華碩,2026-03-27,577.0,3.0,0.52%,59.99,9.62,899.85,1079.82,1259.79,1439.76,1619.73,1799.7,ShowDailyK_ChartFlow,FinMind_API_TaiwanStockPrice_2357,True,2026-09-22T15:40:28,2026-09-22T15:40:28,2026-09-22T15:40:28
2357,華碩,2026-03-30,562.0,-15.0,-2.60%,59.99,9.37,899.85,1079.82,1259.79,1439.76,1619.73,1799.7,ShowDailyK_ChartFlow,FinMind_API_TaiwanStockPrice_2357,True,2026-09-22T15:40:28,2026-09-22T15:40:28,2026-09-22T15:40:28
2357,華碩,2026-03-31,549.0,-13.0,-2.31%,55.959999999999994,9.15,839.4,1007.28,1175.16,1343.04,1510.92,1678.8,ShowDailyK_ChartFlow,FinMind_API_TaiwanStockPrice_2357,True,2026-09-22T15:40:28,2026-09-22T15:40:28,2026-09-22T15:40:28
2357,華碩,2026-04-01,567.0,18.0,3.28%,55.959999999999994,9.45,839.4,1007.28,1175.16,1343.04,1510.92,1678.8,ShowDailyK_ChartFlow,FinMind_API_TaiwanStockPrice_2357,True,2026-09-22T15:40:28,2026-09-22T15:40:28,2026-09-22T15:40:28
2357,華碩,2026-04-02,555.0,-12.0,-2.12%,55.959999999999994,9.25,839.4,1007.28,1175.16,1343.04,1510.92,1678.8,ShowDailyK_ChartFlow,FinMind_API_TaiwanStockPrice_2357,True,2026-09-22T15:40:28,2026-09-22T15:40:28,2026-09-22T15:40:28
2357,華碩,2026-04-07,550.0,-5.0,-0.90%,55.959999999999994,9.17,839.4,1007.28,1175.16,1343.04,1510.92,1678.8,ShowDailyK_ChartFlow,FinMind_API_TaiwanStockPrice_2357,True,2026-09-22T15:40:28,2026-09-22T15:40:28,2026-09-22T15:40:28
2357,華碩,2026-04-08,562.0,12.0,2.18%,55.959999999999994,9.37,839.4,1007.28,1175.16,1343.04,1510.92,1678.8,ShowDailyK_ChartFlow,FinMind_API_TaiwanStockPrice_2357,True,2026-09-22T15:40:28,2026-09-22T15:40:28,2026-09-22T15:40:28
2357,華碩,2026-04-09,568.0,6.0,1.07%,55.959999999999994,9.47,839.4,1007.28,1175.16,1343.04,1510.92,1678.8,ShowDailyK_ChartFlow,FinMind_API_TaiwanStockPrice_2357,True,2026-09-22T15:40:28,2026-09-22T15:40:28,2026-09-22T15:40:28
2357,華碩,2026-04-10,578.0,10.0,1.76%,55.959999999999994,9.63,839.4,1007.28,1175.16,1343.04,1510.92,1678.8,ShowDailyK_ChartFlow,FinMind_API_TaiwanStockPrice_2357,True,2026-09-22T15:40:28,2026-09-22T15:40:28,2026-09-22T15:40:28
2357,華碩,2026-04-13,578.0,0.0,0.00%,55.959999999999994,9.63,839.4,1007.28,1175.16,1343.04,1510.92,1678.8,ShowDailyK_ChartFlow,FinMind_API_TaiwanStockPrice_2357,True,2026-09-22T15:40:28,2026-09-22T15:40:28,2026-09-22T15:40:28
2357,華碩,2026-04-14,580.0,2.0,0.35%,55.959999999999994,9.67,839.4,1007.28,1175.16,1343.04,1510.92,1678.8,ShowDailyK_ChartFlow,FinMind_API_TaiwanStockPrice_2357,True,2026-09-22T15:40:28,2026-09-22T15:40:28,2026-09-22T15:40:28
2357,華碩,2026-04-15,584.0,4.0,0.69%,55.959999999999994,9.73,839.4,1007.28,1175.16,1343.04,1510.92,1678.8,ShowDailyK_ChartFlow,FinMind_API_TaiwanStockPrice_2357,True,2026-09-22T15:40:28,2026-09-22T15:40:28,2026-09-22T15:40:28
2357,華碩,2026-04-16,589.0,5.0,0.86%,55.959999999999994,9.82,839.4,1007.28,1175.16,1343.04,1510.92,1678.8,ShowDailyK_ChartFlow,FinMind_API_TaiwanStockPrice_2357,True,2026-09-22T15:40:28,2026-09-22T15:40:28,2026-09-22T15:40:28
2357,華碩,2026-04-17,599.0,10.0,1.70%,55.959999999999994,9.98,839.4,1007.28,1175.16,1343.04,1510.92,1678.8,ShowDailyK_ChartFlow,FinMind_API_TaiwanStockPrice_2357,True,2026-09-22T15:40:28,2026-09-22T15:40:28,2026-09-22T15:40:28
2357,華碩,2026-04-20,605.0,6.0,1.00%,55.959999999999994,10.09,839.4,1007.28,1175.16,1343.04,1510.92,1678.8,ShowDailyK_ChartFlow,FinMind_API_TaiwanStockPrice_2357,True,2026-09-22T15:40:28,2026-09-22T15:40:28,2026-09-22T15:40:28
2357,華碩,2026-04-21,599.0,-6.0,-0.99%,55.959999999999994,9.98,839.4,1007.28,1175.16,1343.04,1510.92,1678.8,ShowDailyK_ChartFlow,FinMind_API_TaiwanStockPrice_2357,True,2026-09-22T15:40:28,2026-09-22T15:40:28,2026-09-22T15:40:28
2357,華碩,2026-04-22,609.0,10.0,1.67%,55.959999999999994,10.15,839.4,1007.28,1175.16,1343.04,1510.92,1678.8,ShowDailyK_ChartFlow,FinMind_API_TaiwanStockPrice_2357,True,2026-09-22T15:40:28,2026-09-22T15:40:28,2026-09-22T15:40:28
2357,華碩,2026-04-23,598.0,-11.0,-1.81%,55.959999999999994,9.97,839.4,1007.28,1175.16,1343.04,1510.92,1678.8,ShowDailyK_ChartFlow,FinMind_API_TaiwanStockPrice_2357,True,2026-09-22T15:40:28,2026-09-22T15:40:28,2026-09-22T15:40:28
2357,華碩,2026-04-24,585.0,-13.0,-2.17%,55.959999999999994,9.75,839.4,1007.28,1175.16,1343.04,1510.92,1678.8,ShowDailyK_ChartFlow,FinMind_API_TaiwanStockPrice_2357,True,2026-09-22T15:40:28,2026-09-22T15:40:28,2026-09-22T15:40:28
2357,華碩,2026-04-27,588.0,3.0,0.51%,55.959999999999994,9.8,839.4,1007.28,1175.16,1343.04,1510.92,1678.8,ShowDailyK_ChartFlow,FinMind_API_TaiwanStockPrice_2357,True,2026-09-22T15:40:28,2026-09-22T15:40:28,2026-09-22T15:40:28
2357,華碩,2026-04-28,588.0,0.0,0.00%,55.959999999999994,9.8,839.4,1007.28,1175.16,1343.04,1510.92,1678.8,ShowDailyK_ChartFlow,FinMind_API_TaiwanStockPrice_2357,True,2026-09-22T15:40:28,2026-09-22T15:40:28,2026-09-22T15:40:28
2357,華碩,2026-04-29,588.0,0.0,0.00%,55.959999999999994,9.8,839.4,1007.28,1175.16,1343.04,1510.92,1678.8,ShowDailyK_ChartFlow,FinMind_API_TaiwanStockPrice_2357,True,2026-09-22T15:40:28,2026-09-22T15:40:28,2026-09-22T15:40:28
2357,華碩,2026-04-30,581.0,-7.0,-1.19%,55.959999999999994,9.68,839.4,1007.28,1175.16,1343.04,1510.92,1678.8,ShowDailyK_ChartFlow,FinMind_API_TaiwanStockPrice_2357,True,2026-09-22T15:40:28,2026-09-22T15:40:28,2026-09-22T15:40:28
2357,華碩,2026-05-04,591.0,10.0,1.72%,55.959999999999994,9.85,839.4,1007.28,1175.16,1343.04,1510.92,1678.8,ShowDailyK_ChartFlow,FinMind_API_TaiwanStockPrice_2357,True,2026-09-22T15:40:28,2026-09-22T15:40:28,2026-09-22T15:40:28
2357,華碩,2026-05-05,590.0,-1.0,-0.17%,55.959999999999994,9.83,839.4,1007.28,1175.16,1343.04,1510.92,1678.8,ShowDailyK_ChartFlow,FinMind_API_TaiwanStockPrice_2357,True,2026-09-22T15:40:28,2026-09-22T15:40:28,2026-09-22T15:40:28
2357,華碩,2026-05-06,629.0,39.0,6.61%,55.959999999999994,10.49,839.4,1007.28,1175.16,1343.04,1510.92,1678.8,ShowDailyK_ChartFlow,FinMind_API_TaiwanStockPrice_2357,True,2026-09-22T15:40:28,2026-09-22T15:40:28,2026-09-22T15:40:28
2357,華碩,2026-05-07,639.0,10.0,1.59%,55.959999999999994,10.65,839.4,1007.28,1175.16,1343.04,1510.92,1678.8,ShowDailyK_ChartFlow,FinMind_API_TaiwanStockPrice_2357,True,2026-09-22T15:40:28,2026-09-22T15:40:28,2026-09-22T15:40:28
2357,華碩,2026-05-08,650.0,11.0,1.72%,55.959999999999994,10.84,839.4,1007.28,1175.16,1343.04,1510.92,1678.8,ShowDailyK_ChartFlow,FinMind_API_TaiwanStockPrice_2357,True,2026-09-22T15:40:28,2026-09-22T15:40:28,2026-09-22T15:40:28
2357,華碩,2026-05-11,686.0,36.0,5.54%,55.959999999999994,11.44,839.4,1007.28,1175.16,1343.04,1510.92,1678.8,ShowDailyK_ChartFlow,FinMind_API_TaiwanStockPrice_2357,True,2026-09-22T15:40:28,2026-09-22T15:40:28,2026-09-22T15:40:28
2357,華碩,2026-05-12,673.0,-13.0,-1.90%,55.959999999999994,11.22,839.4,1007.28,1175.16,1343.04,1510.92,1678.8,ShowDailyK_ChartFlow,FinMind_API_TaiwanStockPrice_2357,True,2026-09-22T15:40:28,2026-09-22T15:40:28,2026-09-22T15:40:28
2357,華碩,2026-05-13,663.0,-10.0,-1.49%,55.959999999999994,11.85,839.4,1007.28,1175.16,1343.04,1510.92,1678.8,ShowDailyK_ChartFlow,FinMind_API_TaiwanStockPrice_2357,True,2026-09-22T15:40:28,2026-09-22T15:40:28,2026-09-22T15:40:28
2357,華碩,2026-05-14,679.0,16.0,2.41%,55.959999999999994,12.13,839.4,1007.28,1175.16,1343.04,1510.92,1678.8,ShowDailyK_ChartFlow,FinMind_API_TaiwanStockPrice_2357,True,2026-09-22T15:40:28,2026-09-22T15:40:28,2026-09-22T15:40:28
2357,華碩,2026-05-15,641.0,-38.0,-5.60%,55.959999999999994,11.45,839.4,1007.28,1175.16,1343.04,1510.92,1678.8,ShowDailyK_ChartFlow,FinMind_API_TaiwanStockPrice_2357,True,2026-09-22T15:40:28,2026-09-22T15:40:28,2026-09-22T15:40:28
2357,華碩,2026-05-18,635.0,-6.0,-0.94%,55.959999999999994,11.35,839.4,1007.28,1175.16,1343.04,1510.92,1678.8,ShowDailyK_ChartFlow,FinMind_API_TaiwanStockPrice_2357,True,2026-09-22T15:40:28,2026-09-22T15:40:28,2026-09-22T15:40:28
2357,華碩,2026-05-19,642.0,7.0,1.10%,55.959999999999994,11.47,839.4,1007.28,1175.16,1343.04,1510.92,1678.8,ShowDailyK_ChartFlow,FinMind_API_TaiwanStockPrice_2357,True,2026-09-22T15:40:28,2026-09-22T15:40:28,2026-09-22T15:40:28
2357,華碩,2026-05-20,640.0,-2.0,-0.31%,55.959999999999994,11.44,839.4,1007.28,1175.16,1343.04,1510.92,1678.8,ShowDailyK_ChartFlow,FinMind_API_TaiwanStockPrice_2357,True,2026-09-22T15:40:28,2026-09-22T15:40:28,2026-09-22T15:40:28
2357,華碩,2026-05-21,656.0,16.0,2.50%,55.959999999999994,11.72,839.4,1007.28,1175.16,1343.04,1510.92,1678.8,ShowDailyK_ChartFlow,FinMind_API_TaiwanStockPrice_2357,True,2026-09-22T15:40:28,2026-09-22T15:40:28,2026-09-22T15:40:28
2357,華碩,2026-05-22,682.0,26.0,3.96%,55.959999999999994,12.19,839.4,1007.28,1175.16,1343.04,1510.92,1678.8,ShowDailyK_ChartFlow,FinMind_API_TaiwanStockPrice_2357,True,2026-09-22T15:40:28,2026-09-22T15:40:28,2026-09-22T15:40:28
2357,華碩,2026-05-25,709.0,27.0,3.96%,55.959999999999994,12.67,839.4,1007.28,1175.16,1343.04,1510.92,1678.8,ShowDailyK_ChartFlow,FinMind_API_TaiwanStockPrice_2357,True,2026-09-22T15:40:28,2026-09-22T15:40:28,2026-09-22T15:40:28
2357,華碩,2026-05-26,699.0,-10.0,-1.41%,55.959999999999994,12.49,839.4,1007.28,1175.16,1343.04,1510.92,1678.8,ShowDailyK_ChartFlow,FinMind_API_TaiwanStockPrice_2357,True,2026-09-22T15:40:28,2026-09-22T15:40:28,2026-09-22T15:40:28
2357,華碩,2026-05-27,701.0,2.0,0.29%,55.959999999999994,12.53,839.4,1007.28,1175.16,1343.04,1510.92,1678.8,ShowDailyK_ChartFlow,FinMind_API_TaiwanStockPrice_2357,True,2026-09-22T15:40:28,2026-09-22T15:40:28,2026-09-22T15:40:28
2357,華碩,2026-05-28,692.0,-9.0,-1.28%,55.959999999999994,12.37,839.4,1007.28,1175.16,1343.04,1510.92,1678.8,ShowDailyK_ChartFlow,FinMind_API_TaiwanStockPrice_2357,True,2026-09-22T15:40:28,2026-09-22T15:40:28,2026-09-22T15:40:28
2357,華碩,2026-05-29,761.0,69.0,9.97%,55.959999999999994,13.6,839.4,1007.28,1175.16,1343.04,1510.92,1678.8,ShowDailyK_ChartFlow,FinMind_API_TaiwanStockPrice_2357,True,2026-09-22T15:40:28,2026-09-22T15:40:28,2026-09-22T15:40:28
2357,華碩,2026-06-01,837.0,76.0,9.99%,55.959999999999994,14.96,839.4,1007.28,1175.16,1343.04,1510.92,1678.8,ShowDailyK_ChartFlow,FinMind_API_TaiwanStockPrice_2357,True,2026-09-22T15:40:28,2026-09-22T15:40:28,2026-09-22T15:40:28
2357,華碩,2026-06-02,920.0,83.0,9.92%,55.959999999999994,16.44,839.4,1007.28,1175.16,1343.04,1510.92,1678.8,ShowDailyK_ChartFlow,FinMind_API_TaiwanStockPrice_2357,True,2026-09-22T15:40:28,2026-09-22T15:40:28,2026-09-22T15:40:28
2357,華碩,2026-06-03,931.0,11.0,1.20%,55.959999999999994,16.64,839.4,1007.28,1175.16,1343.04,1510.92,1678.8,ShowDailyK_ChartFlow,FinMind_API_TaiwanStockPrice_2357,True,2026-09-22T15:40:28,2026-09-22T15:40:28,2026-09-22T15:40:28
2357,華碩,2026-06-04,892.0,-39.0,-4.19%,55.959999999999994,15.94,839.4,1007.28,1175.16,1343.04,1510.92,1678.8,ShowDailyK_ChartFlow,FinMind_API_TaiwanStockPrice_2357,True,2026-09-22T15:40:28,2026-09-22T15:40:28,2026-09-22T15:40:28
2357,華碩,2026-06-05,900.0,8.0,0.90%,55.959999999999994,16.08,839.4,1007.28,1175.16,1343.04,1510.92,1678.8,ShowDailyK_ChartFlow,FinMind_API_TaiwanStockPrice_2357,True,2026-09-22T15:40:28,2026-09-22T15:40:28,2026-09-22T15:40:28
2357,華碩,2026-06-08,844.0,-56.0,-6.22%,55.959999999999994,15.08,839.4,1007.28,1175.16,1343.04,1510.92,1678.8,ShowDailyK_ChartFlow,FinMind_API_TaiwanStockPrice_2357,True,2026-09-22T15:40:28,2026-09-22T15:40:28,2026-09-22T15:40:28
2357,華碩,2026-06-09,850.0,6.0,0.71%,55.959999999999994,15.19,839.4,1007.28,1175.16,1343.04,1510.92,1678.8,ShowDailyK_ChartFlow,FinMind_API_TaiwanStockPrice_2357,True,2026-09-22T15:40:28,2026-09-22T15:40:28,2026-09-22T15:40:28
2357,華碩,2026-06-10,796.0,-54.0,-6.35%,55.959999999999994,14.22,839.4,1007.28,1175.16,1343.04,1510.92,1678.8,ShowDailyK_ChartFlow,FinMind_API_TaiwanStockPrice_2357,True,2026-09-22T15:40:28,2026-09-22T15:40:28,2026-09-22T15:40:28
2357,華碩,2026-06-11,784.0,-12.0,-1.51%,55.959999999999994,14.01,839.4,1007.28,1175.16,1343.04,1510.92,1678.8,ShowDailyK_ChartFlow,FinMind_API_TaiwanStockPrice_2357,True,2026-09-22T15:40:28,2026-09-22T15:40:28,2026-09-22T15:40:28
2357,華碩,2026-06-12,785.0,1.0,0.13%,55.959999999999994,14.03,839.4,1007.28,1175.16,1343.04,1510.92,1678.8,ShowDailyK_ChartFlow,FinMind_API_TaiwanStockPrice_2357,True,2026-09-22T15:40:28,2026-09-22T15:40:28,2026-09-22T15:40:28
2357,華碩,2026-06-15,792.0,7.0,0.89%,55.959999999999994,14.15,839.4,1007.28,1175.16,1343.04,1510.92,1678.8,ShowDailyK_ChartFlow,FinMind_API_TaiwanStockPrice_2357,True,2026-09-22T15:40:28,2026-09-22T15:40:28,2026-09-22T15:40:28
2357,華碩,2026-06-16,791.0,-1.0,-0.13%,55.959999999999994,14.14,839.4,1007.28,1175.16,1343.04,1510.92,1678.8,ShowDailyK_ChartFlow,FinMind_API_TaiwanStockPrice_2357,True,2026-09-22T15:40:28,2026-09-22T15:40:28,2026-09-22T15:40:28
2357,華碩,2026-06-17,803.0,12.0,1.52%,55.959999999999994,14.35,839.4,1007.28,1175.16,1343.04,1510.92,1678.8,ShowDailyK_ChartFlow,FinMind_API_TaiwanStockPrice_2357,True,2026-09-22T15:40:28,2026-09-22T15:40:28,2026-09-22T15:40:28
2357,華碩,2026-06-18,789.0,-14.0,-1.74%,55.959999999999994,14.1,839.4,1007.28,1175.16,1343.04,1510.92,1678.8,ShowDailyK_ChartFlow,FinMind_API_TaiwanStockPrice_2357,True,2026-09-22T15:40:28,2026-09-22T15:40:28,2026-09-22T15:40:28
2357,華碩,2026-06-22,788.0,-1.0,-0.13%,55.959999999999994,14.08,839.4,1007.28,1175.16,1343.04,1510.92,1678.8,ShowDailyK_ChartFlow,FinMind_API_TaiwanStockPrice_2357,True,2026-09-22T15:40:28,2026-09-22T15:40:28,2026-09-22T15:40:28
2357,華碩,2026-06-23,785.0,-3.0,-0.38%,55.959999999999994,14.03,839.4,1007.28,1175.16,1343.04,1510.92,1678.8,ShowDailyK_ChartFlow,FinMind_API_TaiwanStockPrice_2357,True,2026-09-22T15:40:28,2026-09-22T15:40:28,2026-09-22T15:40:28
2357,華碩,2026-06-24,771.0,-14.0,-1.78%,55.959999999999994,13.78,839.4,1007.28,1175.16,1343.04,1510.92,1678.8,ShowDailyK_ChartFlow,FinMind_API_TaiwanStockPrice_2357,True,2026-09-22T15:40:28,2026-09-22T15:40:28,2026-09-22T15:40:28
2357,華碩,2026-06-25,748.0,-23.0,-2.98%,55.959999999999994,13.37,839.4,1007.28,1175.16,1343.04,1510.92,1678.8,ShowDailyK_ChartFlow,FinMind_API_TaiwanStockPrice_2357,True,2026-09-22T15:40:28,2026-09-22T15:40:28,2026-09-22T15:40:28
2357,華碩,2026-06-26,701.0,-47.0,-6.28%,55.959999999999994,12.53,839.4,1007.28,1175.16,1343.04,1510.92,1678.8,ShowDailyK_ChartFlow,FinMind_API_TaiwanStockPrice_2357,True,2026-09-22T15:40:28,2026-09-22T15:40:28,2026-09-22T15:40:28
2357,華碩,2026-06-29,703.0,2.0,0.29%,55.959999999999994,12.56,839.4,1007.28,1175.16,1343.04,1510.92,1678.8,ShowDailyK_ChartFlow,FinMind_API_TaiwanStockPrice_2357,True,2026-09-22T15:40:28,2026-09-22T15:40:28,2026-09-22T15:40:28
2357,華碩,2026-06-30,700.0,-3.0,-0.43%,68.4,12.51,1026.0,1231.2,1436.4,1641.6,1846.8,2052.0,ShowDailyK_ChartFlow,FinMind_API_TaiwanStockPrice_2357,True,2026-09-22T15:40:28,2026-09-22T15:40:28,2026-09-22T15:40:28
2357,華碩,2026-07-01,657.0,-43.0,-6.14%,68.4,11.74,1026.0,1231.2,1436.4,1641.6,1846.8,2052.0,ShowDailyK_ChartFlow,FinMind_API_TaiwanStockPrice_2357,True,2026-09-22T15:40:28,2026-09-22T15:40:28,2026-09-22T15:40:28
2357,華碩,2026-07-02,667.0,10.0,1.52%,68.4,11.92,1026.0,1231.2,1436.4,1641.6,1846.8,2052.0,ShowDailyK_ChartFlow,FinMind_API_TaiwanStockPrice_2357,True,2026-09-22T15:40:28,2026-09-22T15:40:28,2026-09-22T15:40:28
2357,華碩,2026-07-03,675.0,8.0,1.20%,68.4,12.06,1026.0,1231.2,1436.4,1641.6,1846.8,2052.0,ShowDailyK_ChartFlow,FinMind_API_TaiwanStockPrice_2357,True,2026-09-22T15:40:28,2026-09-22T15:40:28,2026-09-22T15:40:28
2357,華碩,2026-07-06,680.0,5.0,0.74%,68.4,12.15,1026.0,1231.2,1436.4,1641.6,1846.8,2052.0,ShowDailyK_ChartFlow,FinMind_API_TaiwanStockPrice_2357,True,2026-09-22T15:40:28,2026-09-22T15:40:28,2026-09-22T15:40:28
2357,華碩,2026-07-07,663.0,-17.0,-2.50%,68.4,11.85,1026.0,1231.2,1436.4,1641.6,1846.8,2052.0,ShowDailyK_ChartFlow,FinMind_API_TaiwanStockPrice_2357,True,2026-09-22T15:40:28,2026-09-22T15:40:28,2026-09-22T15:40:28
2357,華碩,2026-07-08,687.0,24.0,3.62%,68.4,12.28,1026.0,1231.2,1436.4,1641.6,1846.8,2052.0,ShowDailyK_ChartFlow,FinMind_API_TaiwanStockPrice_2357,True,2026-09-22T15:40:28,2026-09-22T15:40:28,2026-09-22T15:40:28
2357,華碩,2026-07-09,684.0,-3.0,-0.44%,68.4,12.22,1026.0,1231.2,1436.4,1641.6,1846.8,2052.0,ShowDailyK_ChartFlow,FinMind_API_TaiwanStockPrice_2357,True,2026-09-22T15:40:28,2026-09-22T15:40:28,2026-09-22T15:40:28
2357,華碩,2026-07-13,704.0,20.0,2.92%,68.4,12.58,1026.0,1231.2,1436.4,1641.6,1846.8,2052.0,ShowDailyK_ChartFlow,FinMind_API_TaiwanStockPrice_2357,True,2026-09-22T15:40:28,2026-09-22T15:40:28,2026-09-22T15:40:28
2357,華碩,2026-07-14,703.0,-1.0,-0.14%,68.4,12.56,1026.0,1231.2,1436.4,1641.6,1846.8,2052.0,ShowDailyK_ChartFlow,FinMind_API_TaiwanStockPrice_2357,True,2026-09-22T15:40:28,2026-09-22T15:40:28,2026-09-22T15:40:28
2357,華碩,2026-07-15,712.0,9.0,1.28%,68.4,12.72,1026.0,1231.2,1436.4,1641.6,1846.8,2052.0,ShowDailyK_ChartFlow,FinMind_API_TaiwanStockPrice_2357,True,2026-09-22T15:40:28,2026-09-22T15:40:28,2026-09-22T15:40:28
2357,華碩,2026-07-16,715.0,3.0,0.42%,68.4,12.78,1026.0,1231.2,1436.4,1641.6,1846.8,2052.0,ShowDailyK_ChartFlow,FinMind_API_TaiwanStockPrice_2357,True,2026-09-22T15:40:28,2026-09-22T15:40:28,2026-09-22T15:40:28
2357,華碩,2026-07-17,700.0,-15.0,-2.10%,68.4,12.51,1026.0,1231.2,1436.4,1641.6,1846.8,2052.0,ShowDailyK_ChartFlow,FinMind_API_TaiwanStockPrice_2357,True,2026-09-22T15:40:28,2026-09-22T15:40:28,2026-09-22T15:40:28
2357,華碩,2026-07-20,688.0,-12.0,-1.71%,68.4,12.29,1026.0,1231.2,1436.4,1641.6,1846.8,2052.0,ShowDailyK_ChartFlow,FinMind_API_TaiwanStockPrice_2357,True,2026-09-22T15:40:28,2026-09-22T15:40:28,2026-09-22T15:40:28
2357,華碩,2026-07-21,736.0,48.0,6.98%,68.4,13.15,1026.0,1231.2,1436.4,1641.6,1846.8,2052.0,ShowDailyK_ChartFlow,FinMind_API_TaiwanStockPrice_2357,True,2026-09-22T15:40:28,2026-09-22T15:40:28,2026-09-22T15:40:28
2357,華碩,2026-07-22,757.0,21.0,2.85%,68.4,13.53,1026.0,1231.2,1436.4,1641.6,1846.8,2052.0,ShowDailyK_ChartFlow,FinMind_API_TaiwanStockPrice_2357,True,2026-09-22T15:40:28,2026-09-22T15:40:28,2026-09-22T15:40:28
2357,華碩,2026-07-23,769.0,12.0,1.59%,68.4,13.74,1026.0,1231.2,1436.4,1641.6,1846.8,2052.0,ShowDailyK_ChartFlow,FinMind_API_TaiwanStockPrice_2357,True,2026-09-22T15:40:28,2026-09-22T15:40:28,2026-09-22T15:40:28
2357,華碩,2026-07-24,771.0,2.0,0.26%,68.4,13.78,1026.0,1231.2,1436.4,1641.6,1846.8,2052.0,ShowDailyK_ChartFlow,FinMind_API_TaiwanStockPrice_2357,True,2026-09-22T15:40:28,2026-09-22T15:40:28,2026-09-22T15:40:28
2357,華碩,2026-07-27,760.0,-11.0,-1.43%,68.4,13.58,1026.0,1231.2,1436.4,1641.6,1846.8,2052.0,ShowDailyK_ChartFlow,FinMind_API_TaiwanStockPrice_2357,True,2026-09-22T15:40:28,2026-09-22T15:40:28,2026-09-22T15:40:28
2357,華碩,2026-07-28,735.0,-25.0,-3.29%,68.4,13.13,1026.0,1231.2,1436.4,1641.6,1846.8,2052.0,ShowDailyK_ChartFlow,FinMind_API_TaiwanStockPrice_2357,True,2026-09-22T15:40:28,2026-09-22T15:40:28,2026-09-22T15:40:28
2357,華碩,2026-07-29,761.0,26.0,3.54%,68.4,13.6,1026.0,1231.2,1436.4,1641.6,1846.8,2052.0,ShowDailyK_ChartFlow,FinMind_API_TaiwanStockPrice_2357,True,2026-09-22T15:40:28,2026-09-22T15:40:28,2026-09-22T15:40:28
2357,華碩,2026-07-30,737.0,-24.0,-3.15%,68.4,13.17,1026.0,1231.2,1436.4,1641.6,1846.8,2052.0,ShowDailyK_ChartFlow,FinMind_API_TaiwanStockPrice_2357,True,2026-09-22T15:40:28,2026-09-22T15:40:28,2026-09-22T15:40:28
2357,華碩,2026-07-31,810.0,73.0,9.91%,68.4,14.47,1026.0,1231.2,1436.4,1641.6,1846.8,2052.0,ShowDailyK_ChartFlow,FinMind_API_TaiwanStockPrice_2357,True,2026-09-22T15:40:28,2026-09-22T15:40:28,2026-09-22T15:40:28
2357,華碩,2026-08-03,799.0,-11.0,-1.36%,68.4,14.28,1026.0,1231.2,1436.4,1641.6,1846.8,2052.0,ShowDailyK_ChartFlow,FinMind_API_TaiwanStockPrice_2357,True,2026-09-22T15:40:28,2026-09-22T15:40:28,2026-09-22T15:40:28
2357,華碩,2026-08-04,806.0,7.0,0.88%,68.4,14.4,1026.0,1231.2,1436.4,1641.6,1846.8,2052.0,ShowDailyK_ChartFlow,FinMind_API_TaiwanStockPrice_2357,True,2026-09-22T15:40:28,2026-09-22T15:40:28,2026-09-22T15:40:28
2357,華碩,2026-08-05,838.0,32.0,3.97%,68.4,14.97,1026.0,1231.2,1436.4,1641.6,1846.8,2052.0,ShowDailyK_ChartFlow,FinMind_API_TaiwanStockPrice_2357,True,2026-09-22T15:40:28,2026-09-22T15:40:28,2026-09-22T15:40:28
2357,華碩,2026-08-06,818.0,-20.0,-2.39%,68.4,14.62,1026.0,1231.2,1436.4,1641.6,1846.8,2052.0,ShowDailyK_ChartFlow,FinMind_API_TaiwanStockPrice_2357,True,2026-09-22T15:40:28,2026-09-22T15:40:28,2026-09-22T15:40:28
2357,華碩,2026-08-07,817.0,-1.0,-0.12%,68.4,14.6,1026.0,1231.2,1436.4,1641.6,1846.8,2052.0,ShowDailyK_ChartFlow,FinMind_API_TaiwanStockPrice_2357,True,2026-09-22T15:40:28,2026-09-22T15:40:28,2026-09-22T15:40:28
2357,華碩,2026-08-10,818.0,1.0,0.12%,68.4,14.62,1026.0,1231.2,1436.4,1641.6,1846.8,2052.0,ShowDailyK_ChartFlow,FinMind_API_TaiwanStockPrice_2357,True,2026-09-22T15:40:28,2026-09-22T15:40:28,2026-09-22T15:40:28
2357,華碩,2026-08-11,839.0,21.0,2.57%,68.4,14.99,1026.0,1231.2,1436.4,1641.6,1846.8,2052.0,ShowDailyK_ChartFlow,FinMind_API_TaiwanStockPrice_2357,True,2026-09-22T15:40:28,2026-09-22T15:40:28,2026-09-22T15:40:28
2357,華碩,2026-08-12,852.0,13.0,1.55%,68.4,15.23,1026.0,1231.2,1436.4,1641.6,1846.8,2052.0,ShowDailyK_ChartFlow,FinMind_API_TaiwanStockPrice_2357,True,2026-09-22T15:40:28,2026-09-22T15:40:28,2026-09-22T15:40:28
2357,華碩,2026-08-13,937.0,85.0,9.98%,68.4,13.7,1026.0,1231.2,1436.4,1641.6,1846.8,2052.0,ShowDailyK_ChartFlow,FinMind_API_TaiwanStockPrice_2357,True,2026-09-22T15:40:28,2026-09-22T15:40:28,2026-09-22T15:40:28
2357,華碩,2026-08-14,996.0,59.0,6.30%,68.4,14.56,1026.0,1231.2,1436.4,1641.6,1846.8,2052.0,ShowDailyK_ChartFlow,FinMind_API_TaiwanStockPrice_2357,True,2026-09-22T15:40:28,2026-09-22T15:40:28,2026-09-22T15:40:28
2357,華碩,2026-08-17,938.0,-58.0,-5.82%,68.4,13.71,1026.0,1231.2,1436.4,1641.6,1846.8,2052.0,ShowDailyK_ChartFlow,FinMind_API_TaiwanStockPrice_2357,True,2026-09-22T15:40:28,2026-09-22T15:40:28,2026-09-22T15:40:28
2357,華碩,2026-08-18,910.0,-28.0,-2.99%,68.4,13.3,1026.0,1231.2,1436.4,1641.6,1846.8,2052.0,ShowDailyK_ChartFlow,FinMind_API_TaiwanStockPrice_2357,True,2026-09-22T15:40:28,2026-09-22T15:40:28,2026-09-22T15:40:28
2357,華碩,2026-08-19,925.0,15.0,1.65%,68.4,13.52,1026.0,1231.2,1436.4,1641.6,1846.8,2052.0,ShowDailyK_ChartFlow,FinMind_API_TaiwanStockPrice_2357,True,2026-09-22T15:40:28,2026-09-22T15:40:28,2026-09-22T15:40:28
2357,華碩,2026-08-20,913.0,-12.0,-1.30%,68.4,13.35,1026.0,1231.2,1436.4,1641.6,1846.8,2052.0,ShowDailyK_ChartFlow,FinMind_API_TaiwanStockPrice_2357,True,2026-09-22T15:40:28,2026-09-22T15:40:28,2026-09-22T15:40:28
2357,華碩,2026-08-21,921.0,8.0,0.88%,68.4,13.46,1026.0,1231.2,1436.4,1641.6,1846.8,2052.0,ShowDailyK_ChartFlow,FinMind_API_TaiwanStockPrice_2357,True,2026-09-22T15:40:28,2026-09-22T15:40:28,2026-09-22T15:40:28
2357,華碩,2026-08-24,923.0,2.0,0.22%,68.4,13.49,1026.0,1231.2,1436.4,1641.6,1846.8,2052.0,ShowDailyK_ChartFlow,FinMind_API_TaiwanStockPrice_2357,True,2026-09-22T15:40:28,2026-09-22T15:40:28,2026-09-22T15:40:28
2357,華碩,2026-08-25,925.0,2.0,0.22%,68.4,13.52,1026.0,1231.2,1436.4,1641.6,1846.8,2052.0,ShowDailyK_ChartFlow,FinMind_API_TaiwanStockPrice_2357,True,2026-09-22T15:40:28,2026-09-22T15:40:28,2026-09-22T15:40:28
2357,華碩,2026-08-26,971.0,46.0,4.97%,68.4,14.2,1026.0,1231.2,1436.4,1641.6,1846.8,2052.0,ShowDailyK_ChartFlow,FinMind_API_TaiwanStockPrice_2357,True,2026-09-22T15:40:28,2026-09-22T15:40:28,2026-09-22T15:40:28
2357,華碩,2026-08-27,968.0,-3.0,-0.31%,68.4,14.15,1026.0,1231.2,1436.4,1641.6,1846.8,2052.0,ShowDailyK_ChartFlow,FinMind_API_TaiwanStockPrice_2357,True,2026-09-22T15:40:28,2026-09-22T15:40:28,2026-09-22T15:40:28
2357,華碩,2026-08-28,965.0,-3.0,-0.31%,68.4,14.11,1026.0,1231.2,1436.4,1641.6,1846.8,2052.0,ShowDailyK_ChartFlow,FinMind_API_TaiwanStockPrice_2357,True,2026-09-22T15:40:28,2026-09-22T15:40:28,2026-09-22T15:40:28
2357,華碩,2026-08-31,999.0,34.0,3.52%,68.4,14.61,1026.0,1231.2,1436.4,1641.6,1846.8,2052.0,ShowDailyK_ChartFlow,FinMind_API_TaiwanStockPrice_2357,True,2026-09-22T15:40:28,2026-09-22T15:40:28,2026-09-22T15:40:28
2357,華碩,2026-09-01,1010.0,11.0,1.10%,68.4,14.77,1026.0,1231.2,1436.4,1641.6,1846.8,2052.0,ShowDailyK_ChartFlow,FinMind_API_TaiwanStockPrice_2357,True,2026-09-22T15:40:28,2026-09-22T15:40:28,2026-09-22T15:40:28
2357,華碩,2026-09-02,1010.0,0.0,0.00%,68.4,14.77,1026.0,1231.2,1436.4,1641.6,1846.8,2052.0,ShowDailyK_ChartFlow,FinMind_API_TaiwanStockPrice_2357,True,2026-09-22T15:40:28,2026-09-22T15:40:28,2026-09-22T15:40:28
2357,華碩,2026-09-03,971.0,-39.0,-3.86%,68.4,14.2,1026.0,1231.2,1436.4,1641.6,1846.8,2052.0,ShowDailyK_ChartFlow,FinMind_API_TaiwanStockPrice_2357,True,2026-09-22T15:40:28,2026-09-22T15:40:28,2026-09-22T15:40:28
2357,華碩,2026-09-04,1025.0,54.0,5.56%,68.4,14.99,1026.0,1231.2,1436.4,1641.6,1846.8,2052.0,ShowDailyK_ChartFlow,FinMind_API_TaiwanStockPrice_2357,True,2026-09-22T15:40:28,2026-09-22T15:40:28,2026-09-22T15:40:28
2357,華碩,2026-09-07,999.0,-26.0,-2.54%,68.4,14.61,1026.0,1231.2,1436.4,1641.6,1846.8,2052.0,ShowDailyK_ChartFlow,FinMind_API_TaiwanStockPrice_2357,True,2026-09-22T15:40:28,2026-09-22T15:40:28,2026-09-22T15:40:28
2357,華碩,2026-09-08,968.0,-31.0,-3.10%,68.4,14.15,1026.0,1231.2,1436.4,1641.6,1846.8,2052.0,ShowDailyK_ChartFlow,FinMind_API_TaiwanStockPrice_2357,True,2026-09-22T15:40:28,2026-09-22T15:40:28,2026-09-22T15:40:28
2357,華碩,2026-09-09,979.0,11.0,1.14%,68.4,14.31,1026.0,1231.2,1436.4,1641.6,1846.8,2052.0,ShowDailyK_ChartFlow,FinMind_API_TaiwanStockPrice_2357,True,2026-09-22T15:40:28,2026-09-22T15:40:28,2026-09-22T15:40:28
2357,華碩,2026-09-10,989.0,10.0,1.02%,68.4,14.46,1026.0,1231.2,1436.4,1641.6,1846.8,2052.0,ShowDailyK_ChartFlow,FinMind_API_TaiwanStockPrice_2357,True,2026-09-22T15:40:28,2026-09-22T15:40:28,2026-09-22T15:40:28
2357,華碩,2026-09-11,924.0,-65.0,-6.57%,68.4,13.51,1026.0,1231.2,1436.4,1641.6,1846.8,2052.0,ShowDailyK_ChartFlow,FinMind_API_TaiwanStockPrice_2357,True,2026-09-22T15:40:28,2026-09-22T15:40:28,2026-09-22T15:40:28
2357,華碩,2026-09-14,934.0,10.0,1.08%,68.4,13.65,1026.0,1231.2,1436.4,1641.6,1846.8,2052.0,ShowDailyK_ChartFlow,FinMind_API_TaiwanStockPrice_2357,True,2026-09-22T15:40:28,2026-09-22T15:40:28,2026-09-22T15:40:28
2357,華碩,2026-09-15,928.0,-6.0,-0.64%,68.4,13.57,1026.0,1231.2,1436.4,1641.6,1846.8,2052.0,ShowDailyK_ChartFlow,FinMind_API_TaiwanStockPrice_2357,True,2026-09-22T15:40:28,2026-09-22T15:40:28,2026-09-22T15:40:28
2357,華碩,2026-09-16,939.0,11.0,1.19%,68.4,13.73,1026.0,1231.2,1436.4,1641.6,1846.8,2052.0,ShowDailyK_ChartFlow,FinMind_API_TaiwanStockPrice_2357,True,2026-09-22T15:40:28,2026-09-22T15:40:28,2026-09-22T15:40:28
2357,華碩,2026-09-17,948.0,9.0,0.96%,68.4,13.86,1026.0,1231.2,1436.4,1641.6,1846.8,2052.0,ShowDailyK_ChartFlow,FinMind_API_TaiwanStockPrice_2357,True,2026-09-22T15:40:28,2026-09-22T15:40:28,2026-09-22T15:40:28
2357,華碩,2026-09-18,960.0,12.0,1.27%,68.4,14.04,1026.0,1231.2,1436.4,1641.6,1846.8,2052.0,ShowDailyK_ChartFlow,FinMind_API_TaiwanStockPrice_2357,True,2026-09-22T15:40:28,2026-09-22T15:40:28,2026-09-22T15:40:28
2357,華碩,2026-09-21,946.0,-14.0,-1.46%,68.4,13.83,1026.0,1231.2,1436.4,1641.6,1846.8,2052.0,ShowDailyK_ChartFlow,FinMind_API_TaiwanStockPrice_2357,True,2026-09-22T15:40:28,2026-09-22T15:40:28,2026-09-22T15:40:28
2357,華碩,2026-09-22,953.0,7.0,0.74%,68.4,13.93,1026.0,1231.2,1436.4,1641.6,1846.8,2052.0,ShowDailyK_ChartFlow,FinMind_API_TaiwanStockPrice_2357,True,2026-09-22T15:40:28,2026-09-22T15:40:28,2026-09-22T15:40:28
