stock_code,company_name,交易_日期,收盤價_元,漲跌價_元,漲跌幅_pct,河流圖_eps_元,目前_per_倍,本益比試算價格_15x_元,本益比試算價格_18x_元,本益比試算價格_21x_元,本益比試算價格_24x_元,本益比試算價格_27x_元,本益比試算價格_30x_元,file_type,source_file,download_success,download_timestamp,process_timestamp,stage1_process_timestamp
2412,中華電,2021-01-04,109.0,,,,25.65,,,,,,,ShowDailyK_ChartFlow,FinMind_API_TaiwanStockPrice_2412,True,2026-09-22T15:41:02,2026-09-22T15:41:02,2026-09-22T15:41:02
2412,中華電,2021-01-05,109.5,0.5,0.46%,,25.76,,,,,,,ShowDailyK_ChartFlow,FinMind_API_TaiwanStockPrice_2412,True,2026-09-22T15:41:02,2026-09-22T15:41:02,2026-09-22T15:41:02
2412,中華電,2021-01-06,109.5,0.0,0.00%,,25.76,,,,,,,ShowDailyK_ChartFlow,FinMind_API_TaiwanStockPrice_2412,True,2026-09-22T15:41:02,2026-09-22T15:41:02,2026-09-22T15:41:02
2412,中華電,2021-01-07,109.0,-0.5,-0.46%,,25.65,,,,,,,ShowDailyK_ChartFlow,FinMind_API_TaiwanStockPrice_2412,True,2026-09-22T15:41:02,2026-09-22T15:41:02,2026-09-22T15:41:02
2412,中華電,2021-01-08,110.0,1.0,0.92%,,25.88,,,,,,,ShowDailyK_ChartFlow,FinMind_API_TaiwanStockPrice_2412,True,2026-09-22T15:41:02,2026-09-22T15:41:02,2026-09-22T15:41:02
2412,中華電,2021-01-11,111.0,1.0,0.91%,,26.12,,,,,,,ShowDailyK_ChartFlow,FinMind_API_TaiwanStockPrice_2412,True,2026-09-22T15:41:02,2026-09-22T15:41:02,2026-09-22T15:41:02
2412,中華電,2021-01-12,111.0,0.0,0.00%,,26.12,,,,,,,ShowDailyK_ChartFlow,FinMind_API_TaiwanStockPrice_2412,True,2026-09-22T15:41:02,2026-09-22T15:41:02,2026-09-22T15:41:02
2412,中華電,2021-01-13,111.5,0.5,0.45%,,26.24,,,,,,,ShowDailyK_ChartFlow,FinMind_API_TaiwanStockPrice_2412,True,2026-09-22T15:41:02,2026-09-22T15:41:02,2026-09-22T15:41:02
2412,中華電,2021-01-14,112.0,0.5,0.45%,,26.35,,,,,,,ShowDailyK_ChartFlow,FinMind_API_TaiwanStockPrice_2412,True,2026-09-22T15:41:02,2026-09-22T15:41:02,2026-09-22T15:41:02
2412,中華電,2021-01-15,111.0,-1.0,-0.89%,,26.12,,,,,,,ShowDailyK_ChartFlow,FinMind_API_TaiwanStockPrice_2412,True,2026-09-22T15:41:02,2026-09-22T15:41:02,2026-09-22T15:41:02
2412,中華電,2021-01-18,111.0,0.0,0.00%,,26.12,,,,,,,ShowDailyK_ChartFlow,FinMind_API_TaiwanStockPrice_2412,True,2026-09-22T15:41:02,2026-09-22T15:41:02,2026-09-22T15:41:02
2412,中華電,2021-01-19,111.0,0.0,0.00%,,26.12,,,,,,,ShowDailyK_ChartFlow,FinMind_API_TaiwanStockPrice_2412,True,2026-09-22T15:41:02,2026-09-22T15:41:02,2026-09-22T15:41:02
2412,中華電,2021-01-20,109.0,-2.0,-1.80%,,25.65,,,,,,,ShowDailyK_ChartFlow,FinMind_API_TaiwanStockPrice_2412,True,2026-09-22T15:41:02,2026-09-22T15:41:02,2026-09-22T15:41:02
2412,中華電,2021-01-21,108.5,-0.5,-0.46%,,25.53,,,,,,,ShowDailyK_ChartFlow,FinMind_API_TaiwanStockPrice_2412,True,2026-09-22T15:41:02,2026-09-22T15:41:02,2026-09-22T15:41:02
2412,中華電,2021-01-22,108.5,0.0,0.00%,,25.53,,,,,,,ShowDailyK_ChartFlow,FinMind_API_TaiwanStockPrice_2412,True,2026-09-22T15:41:02,2026-09-22T15:41:02,2026-09-22T15:41:02
2412,中華電,2021-01-25,109.0,0.5,0.46%,,25.65,,,,,,,ShowDailyK_ChartFlow,FinMind_API_TaiwanStockPrice_2412,True,2026-09-22T15:41:02,2026-09-22T15:41:02,2026-09-22T15:41:02
2412,中華電,2021-01-26,108.5,-0.5,-0.46%,,25.53,,,,,,,ShowDailyK_ChartFlow,FinMind_API_TaiwanStockPrice_2412,True,2026-09-22T15:41:02,2026-09-22T15:41:02,2026-09-22T15:41:02
2412,中華電,2021-01-27,109.0,0.5,0.46%,,25.65,,,,,,,ShowDailyK_ChartFlow,FinMind_API_TaiwanStockPrice_2412,True,2026-09-22T15:41:02,2026-09-22T15:41:02,2026-09-22T15:41:02
2412,中華電,2021-01-28,109.0,0.0,0.00%,,25.65,,,,,,,ShowDailyK_ChartFlow,FinMind_API_TaiwanStockPrice_2412,True,2026-09-22T15:41:02,2026-09-22T15:41:02,2026-09-22T15:41:02
2412,中華電,2021-01-29,108.0,-1.0,-0.92%,,25.41,,,,,,,ShowDailyK_ChartFlow,FinMind_API_TaiwanStockPrice_2412,True,2026-09-22T15:41:02,2026-09-22T15:41:02,2026-09-22T15:41:02
2412,中華電,2021-02-01,109.0,1.0,0.93%,,25.65,,,,,,,ShowDailyK_ChartFlow,FinMind_API_TaiwanStockPrice_2412,True,2026-09-22T15:41:02,2026-09-22T15:41:02,2026-09-22T15:41:02
2412,中華電,2021-02-02,109.0,0.0,0.00%,,25.65,,,,,,,ShowDailyK_ChartFlow,FinMind_API_TaiwanStockPrice_2412,True,2026-09-22T15:41:02,2026-09-22T15:41:02,2026-09-22T15:41:02
2412,中華電,2021-02-03,109.0,0.0,0.00%,,25.65,,,,,,,ShowDailyK_ChartFlow,FinMind_API_TaiwanStockPrice_2412,True,2026-09-22T15:41:02,2026-09-22T15:41:02,2026-09-22T15:41:02
2412,中華電,2021-02-04,108.0,-1.0,-0.92%,,25.41,,,,,,,ShowDailyK_ChartFlow,FinMind_API_TaiwanStockPrice_2412,True,2026-09-22T15:41:02,2026-09-22T15:41:02,2026-09-22T15:41:02
2412,中華電,2021-02-05,108.5,0.5,0.46%,,25.53,,,,,,,ShowDailyK_ChartFlow,FinMind_API_TaiwanStockPrice_2412,True,2026-09-22T15:41:02,2026-09-22T15:41:02,2026-09-22T15:41:02
2412,中華電,2021-02-17,108.5,0.0,0.00%,,25.53,,,,,,,ShowDailyK_ChartFlow,FinMind_API_TaiwanStockPrice_2412,True,2026-09-22T15:41:02,2026-09-22T15:41:02,2026-09-22T15:41:02
2412,中華電,2021-02-18,108.5,0.0,0.00%,,25.53,,,,,,,ShowDailyK_ChartFlow,FinMind_API_TaiwanStockPrice_2412,True,2026-09-22T15:41:02,2026-09-22T15:41:02,2026-09-22T15:41:02
2412,中華電,2021-02-19,109.0,0.5,0.46%,,25.65,,,,,,,ShowDailyK_ChartFlow,FinMind_API_TaiwanStockPrice_2412,True,2026-09-22T15:41:02,2026-09-22T15:41:02,2026-09-22T15:41:02
2412,中華電,2021-02-22,108.5,-0.5,-0.46%,,25.53,,,,,,,ShowDailyK_ChartFlow,FinMind_API_TaiwanStockPrice_2412,True,2026-09-22T15:41:02,2026-09-22T15:41:02,2026-09-22T15:41:02
2412,中華電,2021-02-23,109.5,1.0,0.92%,,25.76,,,,,,,ShowDailyK_ChartFlow,FinMind_API_TaiwanStockPrice_2412,True,2026-09-22T15:41:02,2026-09-22T15:41:02,2026-09-22T15:41:02
2412,中華電,2021-02-24,109.5,0.0,0.00%,,25.41,,,,,,,ShowDailyK_ChartFlow,FinMind_API_TaiwanStockPrice_2412,True,2026-09-22T15:41:02,2026-09-22T15:41:02,2026-09-22T15:41:02
2412,中華電,2021-02-25,110.5,1.0,0.91%,,25.64,,,,,,,ShowDailyK_ChartFlow,FinMind_API_TaiwanStockPrice_2412,True,2026-09-22T15:41:02,2026-09-22T15:41:02,2026-09-22T15:41:02
2412,中華電,2021-02-26,109.5,-1.0,-0.90%,,25.41,,,,,,,ShowDailyK_ChartFlow,FinMind_API_TaiwanStockPrice_2412,True,2026-09-22T15:41:02,2026-09-22T15:41:02,2026-09-22T15:41:02
2412,中華電,2021-03-02,109.5,0.0,0.00%,,25.41,,,,,,,ShowDailyK_ChartFlow,FinMind_API_TaiwanStockPrice_2412,True,2026-09-22T15:41:02,2026-09-22T15:41:02,2026-09-22T15:41:02
2412,中華電,2021-03-03,109.5,0.0,0.00%,,25.41,,,,,,,ShowDailyK_ChartFlow,FinMind_API_TaiwanStockPrice_2412,True,2026-09-22T15:41:02,2026-09-22T15:41:02,2026-09-22T15:41:02
2412,中華電,2021-03-04,109.5,0.0,0.00%,,25.41,,,,,,,ShowDailyK_ChartFlow,FinMind_API_TaiwanStockPrice_2412,True,2026-09-22T15:41:02,2026-09-22T15:41:02,2026-09-22T15:41:02
2412,中華電,2021-03-05,110.0,0.5,0.46%,,25.52,,,,,,,ShowDailyK_ChartFlow,FinMind_API_TaiwanStockPrice_2412,True,2026-09-22T15:41:02,2026-09-22T15:41:02,2026-09-22T15:41:02
2412,中華電,2021-03-08,110.0,0.0,0.00%,,25.52,,,,,,,ShowDailyK_ChartFlow,FinMind_API_TaiwanStockPrice_2412,True,2026-09-22T15:41:02,2026-09-22T15:41:02,2026-09-22T15:41:02
2412,中華電,2021-03-09,110.5,0.5,0.45%,,25.64,,,,,,,ShowDailyK_ChartFlow,FinMind_API_TaiwanStockPrice_2412,True,2026-09-22T15:41:02,2026-09-22T15:41:02,2026-09-22T15:41:02
2412,中華電,2021-03-10,110.5,0.0,0.00%,,25.64,,,,,,,ShowDailyK_ChartFlow,FinMind_API_TaiwanStockPrice_2412,True,2026-09-22T15:41:02,2026-09-22T15:41:02,2026-09-22T15:41:02
2412,中華電,2021-03-11,111.0,0.5,0.45%,,25.75,,,,,,,ShowDailyK_ChartFlow,FinMind_API_TaiwanStockPrice_2412,True,2026-09-22T15:41:02,2026-09-22T15:41:02,2026-09-22T15:41:02
2412,中華電,2021-03-12,111.0,0.0,0.00%,,25.75,,,,,,,ShowDailyK_ChartFlow,FinMind_API_TaiwanStockPrice_2412,True,2026-09-22T15:41:02,2026-09-22T15:41:02,2026-09-22T15:41:02
2412,中華電,2021-03-15,110.5,-0.5,-0.45%,,25.64,,,,,,,ShowDailyK_ChartFlow,FinMind_API_TaiwanStockPrice_2412,True,2026-09-22T15:41:02,2026-09-22T15:41:02,2026-09-22T15:41:02
2412,中華電,2021-03-16,110.5,0.0,0.00%,,25.64,,,,,,,ShowDailyK_ChartFlow,FinMind_API_TaiwanStockPrice_2412,True,2026-09-22T15:41:02,2026-09-22T15:41:02,2026-09-22T15:41:02
2412,中華電,2021-03-17,110.5,0.0,0.00%,,25.64,,,,,,,ShowDailyK_ChartFlow,FinMind_API_TaiwanStockPrice_2412,True,2026-09-22T15:41:02,2026-09-22T15:41:02,2026-09-22T15:41:02
2412,中華電,2021-03-18,111.0,0.5,0.45%,,25.75,,,,,,,ShowDailyK_ChartFlow,FinMind_API_TaiwanStockPrice_2412,True,2026-09-22T15:41:02,2026-09-22T15:41:02,2026-09-22T15:41:02
2412,中華電,2021-03-19,110.0,-1.0,-0.90%,,25.52,,,,,,,ShowDailyK_ChartFlow,FinMind_API_TaiwanStockPrice_2412,True,2026-09-22T15:41:02,2026-09-22T15:41:02,2026-09-22T15:41:02
2412,中華電,2021-03-22,110.5,0.5,0.45%,,25.64,,,,,,,ShowDailyK_ChartFlow,FinMind_API_TaiwanStockPrice_2412,True,2026-09-22T15:41:02,2026-09-22T15:41:02,2026-09-22T15:41:02
2412,中華電,2021-03-23,111.0,0.5,0.45%,,25.75,,,,,,,ShowDailyK_ChartFlow,FinMind_API_TaiwanStockPrice_2412,True,2026-09-22T15:41:02,2026-09-22T15:41:02,2026-09-22T15:41:02
2412,中華電,2021-03-24,111.0,0.0,0.00%,,25.75,,,,,,,ShowDailyK_ChartFlow,FinMind_API_TaiwanStockPrice_2412,True,2026-09-22T15:41:02,2026-09-22T15:41:02,2026-09-22T15:41:02
2412,中華電,2021-03-25,111.5,0.5,0.45%,,25.87,,,,,,,ShowDailyK_ChartFlow,FinMind_API_TaiwanStockPrice_2412,True,2026-09-22T15:41:02,2026-09-22T15:41:02,2026-09-22T15:41:02
2412,中華電,2021-03-26,111.5,0.0,0.00%,,25.87,,,,,,,ShowDailyK_ChartFlow,FinMind_API_TaiwanStockPrice_2412,True,2026-09-22T15:41:02,2026-09-22T15:41:02,2026-09-22T15:41:02
2412,中華電,2021-03-29,112.0,0.5,0.45%,,25.99,,,,,,,ShowDailyK_ChartFlow,FinMind_API_TaiwanStockPrice_2412,True,2026-09-22T15:41:02,2026-09-22T15:41:02,2026-09-22T15:41:02
2412,中華電,2021-03-30,111.5,-0.5,-0.45%,,25.87,,,,,,,ShowDailyK_ChartFlow,FinMind_API_TaiwanStockPrice_2412,True,2026-09-22T15:41:02,2026-09-22T15:41:02,2026-09-22T15:41:02
2412,中華電,2021-03-31,111.5,0.0,0.00%,1.14,25.87,17.1,20.52,23.94,27.36,30.78,34.2,ShowDailyK_ChartFlow,FinMind_API_TaiwanStockPrice_2412,True,2026-09-22T15:41:02,2026-09-22T15:41:02,2026-09-22T15:41:02
2412,中華電,2021-04-01,111.5,0.0,0.00%,1.14,25.87,17.1,20.52,23.94,27.36,30.78,34.2,ShowDailyK_ChartFlow,FinMind_API_TaiwanStockPrice_2412,True,2026-09-22T15:41:02,2026-09-22T15:41:02,2026-09-22T15:41:02
2412,中華電,2021-04-06,112.0,0.5,0.45%,1.14,25.99,17.1,20.52,23.94,27.36,30.78,34.2,ShowDailyK_ChartFlow,FinMind_API_TaiwanStockPrice_2412,True,2026-09-22T15:41:02,2026-09-22T15:41:02,2026-09-22T15:41:02
2412,中華電,2021-04-07,112.0,0.0,0.00%,1.14,25.99,17.1,20.52,23.94,27.36,30.78,34.2,ShowDailyK_ChartFlow,FinMind_API_TaiwanStockPrice_2412,True,2026-09-22T15:41:02,2026-09-22T15:41:02,2026-09-22T15:41:02
2412,中華電,2021-04-08,111.0,-1.0,-0.89%,1.14,25.75,17.1,20.52,23.94,27.36,30.78,34.2,ShowDailyK_ChartFlow,FinMind_API_TaiwanStockPrice_2412,True,2026-09-22T15:41:02,2026-09-22T15:41:02,2026-09-22T15:41:02
2412,中華電,2021-04-09,112.0,1.0,0.90%,1.14,25.99,17.1,20.52,23.94,27.36,30.78,34.2,ShowDailyK_ChartFlow,FinMind_API_TaiwanStockPrice_2412,True,2026-09-22T15:41:02,2026-09-22T15:41:02,2026-09-22T15:41:02
2412,中華電,2021-04-12,111.0,-1.0,-0.89%,1.14,25.75,17.1,20.52,23.94,27.36,30.78,34.2,ShowDailyK_ChartFlow,FinMind_API_TaiwanStockPrice_2412,True,2026-09-22T15:41:02,2026-09-22T15:41:02,2026-09-22T15:41:02
2412,中華電,2021-04-13,112.0,1.0,0.90%,1.14,25.99,17.1,20.52,23.94,27.36,30.78,34.2,ShowDailyK_ChartFlow,FinMind_API_TaiwanStockPrice_2412,True,2026-09-22T15:41:02,2026-09-22T15:41:02,2026-09-22T15:41:02
2412,中華電,2021-04-14,113.0,1.0,0.89%,1.14,26.22,17.1,20.52,23.94,27.36,30.78,34.2,ShowDailyK_ChartFlow,FinMind_API_TaiwanStockPrice_2412,True,2026-09-22T15:41:02,2026-09-22T15:41:02,2026-09-22T15:41:02
2412,中華電,2021-04-15,114.0,1.0,0.88%,1.14,26.45,17.1,20.52,23.94,27.36,30.78,34.2,ShowDailyK_ChartFlow,FinMind_API_TaiwanStockPrice_2412,True,2026-09-22T15:41:02,2026-09-22T15:41:02,2026-09-22T15:41:02
2412,中華電,2021-04-16,114.0,0.0,0.00%,1.14,26.45,17.1,20.52,23.94,27.36,30.78,34.2,ShowDailyK_ChartFlow,FinMind_API_TaiwanStockPrice_2412,True,2026-09-22T15:41:02,2026-09-22T15:41:02,2026-09-22T15:41:02
2412,中華電,2021-04-19,114.5,0.5,0.44%,1.14,26.57,17.1,20.52,23.94,27.36,30.78,34.2,ShowDailyK_ChartFlow,FinMind_API_TaiwanStockPrice_2412,True,2026-09-22T15:41:02,2026-09-22T15:41:02,2026-09-22T15:41:02
2412,中華電,2021-04-20,115.0,0.5,0.44%,1.14,26.68,17.1,20.52,23.94,27.36,30.78,34.2,ShowDailyK_ChartFlow,FinMind_API_TaiwanStockPrice_2412,True,2026-09-22T15:41:02,2026-09-22T15:41:02,2026-09-22T15:41:02
2412,中華電,2021-04-21,114.5,-0.5,-0.43%,1.14,26.57,17.1,20.52,23.94,27.36,30.78,34.2,ShowDailyK_ChartFlow,FinMind_API_TaiwanStockPrice_2412,True,2026-09-22T15:41:02,2026-09-22T15:41:02,2026-09-22T15:41:02
2412,中華電,2021-04-22,114.5,0.0,0.00%,1.14,26.57,17.1,20.52,23.94,27.36,30.78,34.2,ShowDailyK_ChartFlow,FinMind_API_TaiwanStockPrice_2412,True,2026-09-22T15:41:02,2026-09-22T15:41:02,2026-09-22T15:41:02
2412,中華電,2021-04-23,114.0,-0.5,-0.44%,1.14,26.45,17.1,20.52,23.94,27.36,30.78,34.2,ShowDailyK_ChartFlow,FinMind_API_TaiwanStockPrice_2412,True,2026-09-22T15:41:02,2026-09-22T15:41:02,2026-09-22T15:41:02
2412,中華電,2021-04-26,114.0,0.0,0.00%,1.14,26.45,17.1,20.52,23.94,27.36,30.78,34.2,ShowDailyK_ChartFlow,FinMind_API_TaiwanStockPrice_2412,True,2026-09-22T15:41:02,2026-09-22T15:41:02,2026-09-22T15:41:02
2412,中華電,2021-04-27,114.0,0.0,0.00%,1.14,26.45,17.1,20.52,23.94,27.36,30.78,34.2,ShowDailyK_ChartFlow,FinMind_API_TaiwanStockPrice_2412,True,2026-09-22T15:41:02,2026-09-22T15:41:02,2026-09-22T15:41:02
2412,中華電,2021-04-28,114.0,0.0,0.00%,1.14,26.45,17.1,20.52,23.94,27.36,30.78,34.2,ShowDailyK_ChartFlow,FinMind_API_TaiwanStockPrice_2412,True,2026-09-22T15:41:02,2026-09-22T15:41:02,2026-09-22T15:41:02
2412,中華電,2021-04-29,114.0,0.0,0.00%,1.14,26.45,17.1,20.52,23.94,27.36,30.78,34.2,ShowDailyK_ChartFlow,FinMind_API_TaiwanStockPrice_2412,True,2026-09-22T15:41:02,2026-09-22T15:41:02,2026-09-22T15:41:02
2412,中華電,2021-05-03,113.0,-1.0,-0.88%,1.14,26.22,17.1,20.52,23.94,27.36,30.78,34.2,ShowDailyK_ChartFlow,FinMind_API_TaiwanStockPrice_2412,True,2026-09-22T15:41:02,2026-09-22T15:41:02,2026-09-22T15:41:02
2412,中華電,2021-05-04,112.5,-0.5,-0.44%,1.14,26.1,17.1,20.52,23.94,27.36,30.78,34.2,ShowDailyK_ChartFlow,FinMind_API_TaiwanStockPrice_2412,True,2026-09-22T15:41:02,2026-09-22T15:41:02,2026-09-22T15:41:02
2412,中華電,2021-05-05,112.0,-0.5,-0.44%,1.14,25.99,17.1,20.52,23.94,27.36,30.78,34.2,ShowDailyK_ChartFlow,FinMind_API_TaiwanStockPrice_2412,True,2026-09-22T15:41:02,2026-09-22T15:41:02,2026-09-22T15:41:02
2412,中華電,2021-05-06,113.0,1.0,0.89%,1.14,26.22,17.1,20.52,23.94,27.36,30.78,34.2,ShowDailyK_ChartFlow,FinMind_API_TaiwanStockPrice_2412,True,2026-09-22T15:41:02,2026-09-22T15:41:02,2026-09-22T15:41:02
2412,中華電,2021-05-07,113.5,0.5,0.44%,1.14,25.97,17.1,20.52,23.94,27.36,30.78,34.2,ShowDailyK_ChartFlow,FinMind_API_TaiwanStockPrice_2412,True,2026-09-22T15:41:02,2026-09-22T15:41:02,2026-09-22T15:41:02
2412,中華電,2021-05-10,114.0,0.5,0.44%,1.14,26.09,17.1,20.52,23.94,27.36,30.78,34.2,ShowDailyK_ChartFlow,FinMind_API_TaiwanStockPrice_2412,True,2026-09-22T15:41:02,2026-09-22T15:41:02,2026-09-22T15:41:02
2412,中華電,2021-05-11,114.5,0.5,0.44%,1.14,26.2,17.1,20.52,23.94,27.36,30.78,34.2,ShowDailyK_ChartFlow,FinMind_API_TaiwanStockPrice_2412,True,2026-09-22T15:41:02,2026-09-22T15:41:02,2026-09-22T15:41:02
2412,中華電,2021-05-12,112.5,-2.0,-1.75%,1.14,25.74,17.1,20.52,23.94,27.36,30.78,34.2,ShowDailyK_ChartFlow,FinMind_API_TaiwanStockPrice_2412,True,2026-09-22T15:41:02,2026-09-22T15:41:02,2026-09-22T15:41:02
2412,中華電,2021-05-13,111.0,-1.5,-1.33%,1.14,25.4,17.1,20.52,23.94,27.36,30.78,34.2,ShowDailyK_ChartFlow,FinMind_API_TaiwanStockPrice_2412,True,2026-09-22T15:41:02,2026-09-22T15:41:02,2026-09-22T15:41:02
2412,中華電,2021-05-14,113.5,2.5,2.25%,1.14,25.97,17.1,20.52,23.94,27.36,30.78,34.2,ShowDailyK_ChartFlow,FinMind_API_TaiwanStockPrice_2412,True,2026-09-22T15:41:02,2026-09-22T15:41:02,2026-09-22T15:41:02
2412,中華電,2021-05-17,112.5,-1.0,-0.88%,1.14,25.74,17.1,20.52,23.94,27.36,30.78,34.2,ShowDailyK_ChartFlow,FinMind_API_TaiwanStockPrice_2412,True,2026-09-22T15:41:02,2026-09-22T15:41:02,2026-09-22T15:41:02
2412,中華電,2021-05-18,113.5,1.0,0.89%,1.14,25.97,17.1,20.52,23.94,27.36,30.78,34.2,ShowDailyK_ChartFlow,FinMind_API_TaiwanStockPrice_2412,True,2026-09-22T15:41:02,2026-09-22T15:41:02,2026-09-22T15:41:02
2412,中華電,2021-05-19,112.5,-1.0,-0.88%,1.14,25.74,17.1,20.52,23.94,27.36,30.78,34.2,ShowDailyK_ChartFlow,FinMind_API_TaiwanStockPrice_2412,True,2026-09-22T15:41:02,2026-09-22T15:41:02,2026-09-22T15:41:02
2412,中華電,2021-05-20,113.5,1.0,0.89%,1.14,25.97,17.1,20.52,23.94,27.36,30.78,34.2,ShowDailyK_ChartFlow,FinMind_API_TaiwanStockPrice_2412,True,2026-09-22T15:41:02,2026-09-22T15:41:02,2026-09-22T15:41:02
2412,中華電,2021-05-21,114.5,1.0,0.88%,1.14,26.2,17.1,20.52,23.94,27.36,30.78,34.2,ShowDailyK_ChartFlow,FinMind_API_TaiwanStockPrice_2412,True,2026-09-22T15:41:02,2026-09-22T15:41:02,2026-09-22T15:41:02
2412,中華電,2021-05-24,113.0,-1.5,-1.31%,1.14,25.86,17.1,20.52,23.94,27.36,30.78,34.2,ShowDailyK_ChartFlow,FinMind_API_TaiwanStockPrice_2412,True,2026-09-22T15:41:02,2026-09-22T15:41:02,2026-09-22T15:41:02
2412,中華電,2021-05-25,114.0,1.0,0.88%,1.14,26.09,17.1,20.52,23.94,27.36,30.78,34.2,ShowDailyK_ChartFlow,FinMind_API_TaiwanStockPrice_2412,True,2026-09-22T15:41:02,2026-09-22T15:41:02,2026-09-22T15:41:02
2412,中華電,2021-05-26,113.0,-1.0,-0.88%,1.14,25.86,17.1,20.52,23.94,27.36,30.78,34.2,ShowDailyK_ChartFlow,FinMind_API_TaiwanStockPrice_2412,True,2026-09-22T15:41:02,2026-09-22T15:41:02,2026-09-22T15:41:02
2412,中華電,2021-05-27,112.0,-1.0,-0.88%,1.14,25.63,17.1,20.52,23.94,27.36,30.78,34.2,ShowDailyK_ChartFlow,FinMind_API_TaiwanStockPrice_2412,True,2026-09-22T15:41:02,2026-09-22T15:41:02,2026-09-22T15:41:02
2412,中華電,2021-05-28,113.0,1.0,0.89%,1.14,25.86,17.1,20.52,23.94,27.36,30.78,34.2,ShowDailyK_ChartFlow,FinMind_API_TaiwanStockPrice_2412,True,2026-09-22T15:41:02,2026-09-22T15:41:02,2026-09-22T15:41:02
2412,中華電,2021-05-31,113.5,0.5,0.44%,1.14,25.97,17.1,20.52,23.94,27.36,30.78,34.2,ShowDailyK_ChartFlow,FinMind_API_TaiwanStockPrice_2412,True,2026-09-22T15:41:02,2026-09-22T15:41:02,2026-09-22T15:41:02
2412,中華電,2021-06-01,113.5,0.0,0.00%,1.14,25.97,17.1,20.52,23.94,27.36,30.78,34.2,ShowDailyK_ChartFlow,FinMind_API_TaiwanStockPrice_2412,True,2026-09-22T15:41:02,2026-09-22T15:41:02,2026-09-22T15:41:02
2412,中華電,2021-06-02,114.0,0.5,0.44%,1.14,26.09,17.1,20.52,23.94,27.36,30.78,34.2,ShowDailyK_ChartFlow,FinMind_API_TaiwanStockPrice_2412,True,2026-09-22T15:41:02,2026-09-22T15:41:02,2026-09-22T15:41:02
2412,中華電,2021-06-03,114.0,0.0,0.00%,1.14,26.09,17.1,20.52,23.94,27.36,30.78,34.2,ShowDailyK_ChartFlow,FinMind_API_TaiwanStockPrice_2412,True,2026-09-22T15:41:02,2026-09-22T15:41:02,2026-09-22T15:41:02
2412,中華電,2021-06-04,114.0,0.0,0.00%,1.14,26.09,17.1,20.52,23.94,27.36,30.78,34.2,ShowDailyK_ChartFlow,FinMind_API_TaiwanStockPrice_2412,True,2026-09-22T15:41:02,2026-09-22T15:41:02,2026-09-22T15:41:02
2412,中華電,2021-06-07,114.0,0.0,0.00%,1.14,26.09,17.1,20.52,23.94,27.36,30.78,34.2,ShowDailyK_ChartFlow,FinMind_API_TaiwanStockPrice_2412,True,2026-09-22T15:41:02,2026-09-22T15:41:02,2026-09-22T15:41:02
2412,中華電,2021-06-08,114.5,0.5,0.44%,1.14,26.2,17.1,20.52,23.94,27.36,30.78,34.2,ShowDailyK_ChartFlow,FinMind_API_TaiwanStockPrice_2412,True,2026-09-22T15:41:02,2026-09-22T15:41:02,2026-09-22T15:41:02
2412,中華電,2021-06-09,114.0,-0.5,-0.44%,1.14,26.09,17.1,20.52,23.94,27.36,30.78,34.2,ShowDailyK_ChartFlow,FinMind_API_TaiwanStockPrice_2412,True,2026-09-22T15:41:02,2026-09-22T15:41:02,2026-09-22T15:41:02
2412,中華電,2021-06-10,114.5,0.5,0.44%,1.14,26.2,17.1,20.52,23.94,27.36,30.78,34.2,ShowDailyK_ChartFlow,FinMind_API_TaiwanStockPrice_2412,True,2026-09-22T15:41:02,2026-09-22T15:41:02,2026-09-22T15:41:02
2412,中華電,2021-06-11,114.5,0.0,0.00%,1.14,26.2,17.1,20.52,23.94,27.36,30.78,34.2,ShowDailyK_ChartFlow,FinMind_API_TaiwanStockPrice_2412,True,2026-09-22T15:41:02,2026-09-22T15:41:02,2026-09-22T15:41:02
2412,中華電,2021-06-15,114.5,0.0,0.00%,1.14,26.2,17.1,20.52,23.94,27.36,30.78,34.2,ShowDailyK_ChartFlow,FinMind_API_TaiwanStockPrice_2412,True,2026-09-22T15:41:02,2026-09-22T15:41:02,2026-09-22T15:41:02
2412,中華電,2021-06-16,115.0,0.5,0.44%,1.14,26.32,17.1,20.52,23.94,27.36,30.78,34.2,ShowDailyK_ChartFlow,FinMind_API_TaiwanStockPrice_2412,True,2026-09-22T15:41:02,2026-09-22T15:41:02,2026-09-22T15:41:02
2412,中華電,2021-06-17,114.5,-0.5,-0.43%,1.14,26.2,17.1,20.52,23.94,27.36,30.78,34.2,ShowDailyK_ChartFlow,FinMind_API_TaiwanStockPrice_2412,True,2026-09-22T15:41:02,2026-09-22T15:41:02,2026-09-22T15:41:02
2412,中華電,2021-06-18,113.5,-1.0,-0.87%,1.14,25.97,17.1,20.52,23.94,27.36,30.78,34.2,ShowDailyK_ChartFlow,FinMind_API_TaiwanStockPrice_2412,True,2026-09-22T15:41:02,2026-09-22T15:41:02,2026-09-22T15:41:02
2412,中華電,2021-06-21,113.5,0.0,0.00%,1.14,25.97,17.1,20.52,23.94,27.36,30.78,34.2,ShowDailyK_ChartFlow,FinMind_API_TaiwanStockPrice_2412,True,2026-09-22T15:41:02,2026-09-22T15:41:02,2026-09-22T15:41:02
2412,中華電,2021-06-22,114.0,0.5,0.44%,1.14,26.09,17.1,20.52,23.94,27.36,30.78,34.2,ShowDailyK_ChartFlow,FinMind_API_TaiwanStockPrice_2412,True,2026-09-22T15:41:02,2026-09-22T15:41:02,2026-09-22T15:41:02
2412,中華電,2021-06-23,114.5,0.5,0.44%,1.14,26.2,17.1,20.52,23.94,27.36,30.78,34.2,ShowDailyK_ChartFlow,FinMind_API_TaiwanStockPrice_2412,True,2026-09-22T15:41:02,2026-09-22T15:41:02,2026-09-22T15:41:02
2412,中華電,2021-06-24,114.0,-0.5,-0.44%,1.14,26.09,17.1,20.52,23.94,27.36,30.78,34.2,ShowDailyK_ChartFlow,FinMind_API_TaiwanStockPrice_2412,True,2026-09-22T15:41:02,2026-09-22T15:41:02,2026-09-22T15:41:02
2412,中華電,2021-06-25,114.5,0.5,0.44%,1.14,26.2,17.1,20.52,23.94,27.36,30.78,34.2,ShowDailyK_ChartFlow,FinMind_API_TaiwanStockPrice_2412,True,2026-09-22T15:41:02,2026-09-22T15:41:02,2026-09-22T15:41:02
2412,中華電,2021-06-28,114.0,-0.5,-0.44%,1.14,26.09,17.1,20.52,23.94,27.36,30.78,34.2,ShowDailyK_ChartFlow,FinMind_API_TaiwanStockPrice_2412,True,2026-09-22T15:41:02,2026-09-22T15:41:02,2026-09-22T15:41:02
2412,中華電,2021-06-29,114.0,0.0,0.00%,1.14,26.09,17.1,20.52,23.94,27.36,30.78,34.2,ShowDailyK_ChartFlow,FinMind_API_TaiwanStockPrice_2412,True,2026-09-22T15:41:02,2026-09-22T15:41:02,2026-09-22T15:41:02
2412,中華電,2021-06-30,114.0,0.0,0.00%,2.29,26.09,34.35,41.22,48.09,54.96,61.83,68.7,ShowDailyK_ChartFlow,FinMind_API_TaiwanStockPrice_2412,True,2026-09-22T15:41:02,2026-09-22T15:41:02,2026-09-22T15:41:02
2412,中華電,2021-07-01,113.5,-0.5,-0.44%,2.29,25.97,34.35,41.22,48.09,54.96,61.83,68.7,ShowDailyK_ChartFlow,FinMind_API_TaiwanStockPrice_2412,True,2026-09-22T15:41:02,2026-09-22T15:41:02,2026-09-22T15:41:02
2412,中華電,2021-07-02,114.0,0.5,0.44%,2.29,26.09,34.35,41.22,48.09,54.96,61.83,68.7,ShowDailyK_ChartFlow,FinMind_API_TaiwanStockPrice_2412,True,2026-09-22T15:41:02,2026-09-22T15:41:02,2026-09-22T15:41:02
2412,中華電,2021-07-05,114.5,0.5,0.44%,2.29,26.2,34.35,41.22,48.09,54.96,61.83,68.7,ShowDailyK_ChartFlow,FinMind_API_TaiwanStockPrice_2412,True,2026-09-22T15:41:02,2026-09-22T15:41:02,2026-09-22T15:41:02
2412,中華電,2021-07-06,114.0,-0.5,-0.44%,2.29,26.09,34.35,41.22,48.09,54.96,61.83,68.7,ShowDailyK_ChartFlow,FinMind_API_TaiwanStockPrice_2412,True,2026-09-22T15:41:02,2026-09-22T15:41:02,2026-09-22T15:41:02
2412,中華電,2021-07-07,114.0,0.0,0.00%,2.29,26.09,34.35,41.22,48.09,54.96,61.83,68.7,ShowDailyK_ChartFlow,FinMind_API_TaiwanStockPrice_2412,True,2026-09-22T15:41:02,2026-09-22T15:41:02,2026-09-22T15:41:02
2412,中華電,2021-07-08,114.0,0.0,0.00%,2.29,26.09,34.35,41.22,48.09,54.96,61.83,68.7,ShowDailyK_ChartFlow,FinMind_API_TaiwanStockPrice_2412,True,2026-09-22T15:41:02,2026-09-22T15:41:02,2026-09-22T15:41:02
2412,中華電,2021-07-09,114.5,0.5,0.44%,2.29,26.2,34.35,41.22,48.09,54.96,61.83,68.7,ShowDailyK_ChartFlow,FinMind_API_TaiwanStockPrice_2412,True,2026-09-22T15:41:02,2026-09-22T15:41:02,2026-09-22T15:41:02
2412,中華電,2021-07-12,113.5,-1.0,-0.87%,2.29,25.97,34.35,41.22,48.09,54.96,61.83,68.7,ShowDailyK_ChartFlow,FinMind_API_TaiwanStockPrice_2412,True,2026-09-22T15:41:02,2026-09-22T15:41:02,2026-09-22T15:41:02
2412,中華電,2021-07-13,114.5,1.0,0.88%,2.29,26.2,34.35,41.22,48.09,54.96,61.83,68.7,ShowDailyK_ChartFlow,FinMind_API_TaiwanStockPrice_2412,True,2026-09-22T15:41:02,2026-09-22T15:41:02,2026-09-22T15:41:02
2412,中華電,2021-07-14,114.5,0.0,0.00%,2.29,26.2,34.35,41.22,48.09,54.96,61.83,68.7,ShowDailyK_ChartFlow,FinMind_API_TaiwanStockPrice_2412,True,2026-09-22T15:41:02,2026-09-22T15:41:02,2026-09-22T15:41:02
2412,中華電,2021-07-15,114.5,0.0,0.00%,2.29,26.2,34.35,41.22,48.09,54.96,61.83,68.7,ShowDailyK_ChartFlow,FinMind_API_TaiwanStockPrice_2412,True,2026-09-22T15:41:02,2026-09-22T15:41:02,2026-09-22T15:41:02
2412,中華電,2021-07-16,115.0,0.5,0.44%,2.29,26.32,34.35,41.22,48.09,54.96,61.83,68.7,ShowDailyK_ChartFlow,FinMind_API_TaiwanStockPrice_2412,True,2026-09-22T15:41:02,2026-09-22T15:41:02,2026-09-22T15:41:02
2412,中華電,2021-07-19,115.0,0.0,0.00%,2.29,26.32,34.35,41.22,48.09,54.96,61.83,68.7,ShowDailyK_ChartFlow,FinMind_API_TaiwanStockPrice_2412,True,2026-09-22T15:41:02,2026-09-22T15:41:02,2026-09-22T15:41:02
2412,中華電,2021-07-20,115.0,0.0,0.00%,2.29,26.32,34.35,41.22,48.09,54.96,61.83,68.7,ShowDailyK_ChartFlow,FinMind_API_TaiwanStockPrice_2412,True,2026-09-22T15:41:02,2026-09-22T15:41:02,2026-09-22T15:41:02
2412,中華電,2021-07-21,115.0,0.0,0.00%,2.29,26.32,34.35,41.22,48.09,54.96,61.83,68.7,ShowDailyK_ChartFlow,FinMind_API_TaiwanStockPrice_2412,True,2026-09-22T15:41:02,2026-09-22T15:41:02,2026-09-22T15:41:02
2412,中華電,2021-07-22,116.0,1.0,0.87%,2.29,26.54,34.35,41.22,48.09,54.96,61.83,68.7,ShowDailyK_ChartFlow,FinMind_API_TaiwanStockPrice_2412,True,2026-09-22T15:41:02,2026-09-22T15:41:02,2026-09-22T15:41:02
2412,中華電,2021-07-23,115.0,-1.0,-0.86%,2.29,26.32,34.35,41.22,48.09,54.96,61.83,68.7,ShowDailyK_ChartFlow,FinMind_API_TaiwanStockPrice_2412,True,2026-09-22T15:41:02,2026-09-22T15:41:02,2026-09-22T15:41:02
2412,中華電,2021-07-26,115.0,0.0,0.00%,2.29,26.32,34.35,41.22,48.09,54.96,61.83,68.7,ShowDailyK_ChartFlow,FinMind_API_TaiwanStockPrice_2412,True,2026-09-22T15:41:02,2026-09-22T15:41:02,2026-09-22T15:41:02
2412,中華電,2021-07-27,115.5,0.5,0.43%,2.29,26.43,34.35,41.22,48.09,54.96,61.83,68.7,ShowDailyK_ChartFlow,FinMind_API_TaiwanStockPrice_2412,True,2026-09-22T15:41:02,2026-09-22T15:41:02,2026-09-22T15:41:02
2412,中華電,2021-07-28,116.0,0.5,0.43%,2.29,26.54,34.35,41.22,48.09,54.96,61.83,68.7,ShowDailyK_ChartFlow,FinMind_API_TaiwanStockPrice_2412,True,2026-09-22T15:41:02,2026-09-22T15:41:02,2026-09-22T15:41:02
2412,中華電,2021-07-29,116.5,0.5,0.43%,2.29,26.66,34.35,41.22,48.09,54.96,61.83,68.7,ShowDailyK_ChartFlow,FinMind_API_TaiwanStockPrice_2412,True,2026-09-22T15:41:02,2026-09-22T15:41:02,2026-09-22T15:41:02
2412,中華電,2021-07-30,115.0,-1.5,-1.29%,2.29,26.32,34.35,41.22,48.09,54.96,61.83,68.7,ShowDailyK_ChartFlow,FinMind_API_TaiwanStockPrice_2412,True,2026-09-22T15:41:02,2026-09-22T15:41:02,2026-09-22T15:41:02
2412,中華電,2021-08-02,116.5,1.5,1.30%,2.29,26.66,34.35,41.22,48.09,54.96,61.83,68.7,ShowDailyK_ChartFlow,FinMind_API_TaiwanStockPrice_2412,True,2026-09-22T15:41:02,2026-09-22T15:41:02,2026-09-22T15:41:02
2412,中華電,2021-08-03,117.0,0.5,0.43%,2.29,26.77,34.35,41.22,48.09,54.96,61.83,68.7,ShowDailyK_ChartFlow,FinMind_API_TaiwanStockPrice_2412,True,2026-09-22T15:41:02,2026-09-22T15:41:02,2026-09-22T15:41:02
2412,中華電,2021-08-04,117.5,0.5,0.43%,2.29,26.89,34.35,41.22,48.09,54.96,61.83,68.7,ShowDailyK_ChartFlow,FinMind_API_TaiwanStockPrice_2412,True,2026-09-22T15:41:02,2026-09-22T15:41:02,2026-09-22T15:41:02
2412,中華電,2021-08-05,118.0,0.5,0.43%,2.29,27.0,34.35,41.22,48.09,54.96,61.83,68.7,ShowDailyK_ChartFlow,FinMind_API_TaiwanStockPrice_2412,True,2026-09-22T15:41:02,2026-09-22T15:41:02,2026-09-22T15:41:02
2412,中華電,2021-08-06,117.5,-0.5,-0.42%,2.29,26.58,34.35,41.22,48.09,54.96,61.83,68.7,ShowDailyK_ChartFlow,FinMind_API_TaiwanStockPrice_2412,True,2026-09-22T15:41:02,2026-09-22T15:41:02,2026-09-22T15:41:02
2412,中華電,2021-08-09,117.5,0.0,0.00%,2.29,26.58,34.35,41.22,48.09,54.96,61.83,68.7,ShowDailyK_ChartFlow,FinMind_API_TaiwanStockPrice_2412,True,2026-09-22T15:41:02,2026-09-22T15:41:02,2026-09-22T15:41:02
2412,中華電,2021-08-10,118.0,0.5,0.43%,2.29,26.7,34.35,41.22,48.09,54.96,61.83,68.7,ShowDailyK_ChartFlow,FinMind_API_TaiwanStockPrice_2412,True,2026-09-22T15:41:02,2026-09-22T15:41:02,2026-09-22T15:41:02
2412,中華電,2021-08-11,118.0,0.0,0.00%,2.29,26.7,34.35,41.22,48.09,54.96,61.83,68.7,ShowDailyK_ChartFlow,FinMind_API_TaiwanStockPrice_2412,True,2026-09-22T15:41:02,2026-09-22T15:41:02,2026-09-22T15:41:02
2412,中華電,2021-08-12,118.0,0.0,0.00%,2.29,26.7,34.35,41.22,48.09,54.96,61.83,68.7,ShowDailyK_ChartFlow,FinMind_API_TaiwanStockPrice_2412,True,2026-09-22T15:41:02,2026-09-22T15:41:02,2026-09-22T15:41:02
2412,中華電,2021-08-13,117.5,-0.5,-0.42%,2.29,26.58,34.35,41.22,48.09,54.96,61.83,68.7,ShowDailyK_ChartFlow,FinMind_API_TaiwanStockPrice_2412,True,2026-09-22T15:41:02,2026-09-22T15:41:02,2026-09-22T15:41:02
2412,中華電,2021-08-16,117.5,0.0,0.00%,2.29,26.58,34.35,41.22,48.09,54.96,61.83,68.7,ShowDailyK_ChartFlow,FinMind_API_TaiwanStockPrice_2412,True,2026-09-22T15:41:02,2026-09-22T15:41:02,2026-09-22T15:41:02
2412,中華電,2021-08-17,117.5,0.0,0.00%,2.29,26.58,34.35,41.22,48.09,54.96,61.83,68.7,ShowDailyK_ChartFlow,FinMind_API_TaiwanStockPrice_2412,True,2026-09-22T15:41:02,2026-09-22T15:41:02,2026-09-22T15:41:02
2412,中華電,2021-08-18,117.5,0.0,0.00%,2.29,26.58,34.35,41.22,48.09,54.96,61.83,68.7,ShowDailyK_ChartFlow,FinMind_API_TaiwanStockPrice_2412,True,2026-09-22T15:41:02,2026-09-22T15:41:02,2026-09-22T15:41:02
2412,中華電,2021-08-19,116.5,-1.0,-0.85%,2.29,26.36,34.35,41.22,48.09,54.96,61.83,68.7,ShowDailyK_ChartFlow,FinMind_API_TaiwanStockPrice_2412,True,2026-09-22T15:41:02,2026-09-22T15:41:02,2026-09-22T15:41:02
2412,中華電,2021-08-20,116.0,-0.5,-0.43%,2.29,26.24,34.35,41.22,48.09,54.96,61.83,68.7,ShowDailyK_ChartFlow,FinMind_API_TaiwanStockPrice_2412,True,2026-09-22T15:41:02,2026-09-22T15:41:02,2026-09-22T15:41:02
2412,中華電,2021-08-23,115.5,-0.5,-0.43%,2.29,26.13,34.35,41.22,48.09,54.96,61.83,68.7,ShowDailyK_ChartFlow,FinMind_API_TaiwanStockPrice_2412,True,2026-09-22T15:41:02,2026-09-22T15:41:02,2026-09-22T15:41:02
2412,中華電,2021-08-24,115.5,0.0,0.00%,2.29,26.13,34.35,41.22,48.09,54.96,61.83,68.7,ShowDailyK_ChartFlow,FinMind_API_TaiwanStockPrice_2412,True,2026-09-22T15:41:02,2026-09-22T15:41:02,2026-09-22T15:41:02
2412,中華電,2021-08-25,110.0,-5.5,-4.76%,2.29,24.89,34.35,41.22,48.09,54.96,61.83,68.7,ShowDailyK_ChartFlow,FinMind_API_TaiwanStockPrice_2412,True,2026-09-22T15:41:02,2026-09-22T15:41:02,2026-09-22T15:41:02
2412,中華電,2021-08-26,110.0,0.0,0.00%,2.29,24.89,34.35,41.22,48.09,54.96,61.83,68.7,ShowDailyK_ChartFlow,FinMind_API_TaiwanStockPrice_2412,True,2026-09-22T15:41:02,2026-09-22T15:41:02,2026-09-22T15:41:02
2412,中華電,2021-08-27,110.0,0.0,0.00%,2.29,24.89,34.35,41.22,48.09,54.96,61.83,68.7,ShowDailyK_ChartFlow,FinMind_API_TaiwanStockPrice_2412,True,2026-09-22T15:41:02,2026-09-22T15:41:02,2026-09-22T15:41:02
2412,中華電,2021-08-30,111.0,1.0,0.91%,2.29,25.11,34.35,41.22,48.09,54.96,61.83,68.7,ShowDailyK_ChartFlow,FinMind_API_TaiwanStockPrice_2412,True,2026-09-22T15:41:02,2026-09-22T15:41:02,2026-09-22T15:41:02
2412,中華電,2021-08-31,112.0,1.0,0.90%,2.29,25.34,34.35,41.22,48.09,54.96,61.83,68.7,ShowDailyK_ChartFlow,FinMind_API_TaiwanStockPrice_2412,True,2026-09-22T15:41:02,2026-09-22T15:41:02,2026-09-22T15:41:02
2412,中華電,2021-09-01,110.5,-1.5,-1.34%,2.29,25.0,34.35,41.22,48.09,54.96,61.83,68.7,ShowDailyK_ChartFlow,FinMind_API_TaiwanStockPrice_2412,True,2026-09-22T15:41:02,2026-09-22T15:41:02,2026-09-22T15:41:02
2412,中華電,2021-09-02,111.0,0.5,0.45%,2.29,25.11,34.35,41.22,48.09,54.96,61.83,68.7,ShowDailyK_ChartFlow,FinMind_API_TaiwanStockPrice_2412,True,2026-09-22T15:41:02,2026-09-22T15:41:02,2026-09-22T15:41:02
2412,中華電,2021-09-03,111.0,0.0,0.00%,2.29,25.11,34.35,41.22,48.09,54.96,61.83,68.7,ShowDailyK_ChartFlow,FinMind_API_TaiwanStockPrice_2412,True,2026-09-22T15:41:02,2026-09-22T15:41:02,2026-09-22T15:41:02
2412,中華電,2021-09-06,111.0,0.0,0.00%,2.29,25.11,34.35,41.22,48.09,54.96,61.83,68.7,ShowDailyK_ChartFlow,FinMind_API_TaiwanStockPrice_2412,True,2026-09-22T15:41:02,2026-09-22T15:41:02,2026-09-22T15:41:02
2412,中華電,2021-09-07,111.0,0.0,0.00%,2.29,25.11,34.35,41.22,48.09,54.96,61.83,68.7,ShowDailyK_ChartFlow,FinMind_API_TaiwanStockPrice_2412,True,2026-09-22T15:41:02,2026-09-22T15:41:02,2026-09-22T15:41:02
2412,中華電,2021-09-08,111.0,0.0,0.00%,2.29,25.11,34.35,41.22,48.09,54.96,61.83,68.7,ShowDailyK_ChartFlow,FinMind_API_TaiwanStockPrice_2412,True,2026-09-22T15:41:02,2026-09-22T15:41:02,2026-09-22T15:41:02
2412,中華電,2021-09-09,110.5,-0.5,-0.45%,2.29,25.0,34.35,41.22,48.09,54.96,61.83,68.7,ShowDailyK_ChartFlow,FinMind_API_TaiwanStockPrice_2412,True,2026-09-22T15:41:02,2026-09-22T15:41:02,2026-09-22T15:41:02
2412,中華電,2021-09-10,110.5,0.0,0.00%,2.29,25.0,34.35,41.22,48.09,54.96,61.83,68.7,ShowDailyK_ChartFlow,FinMind_API_TaiwanStockPrice_2412,True,2026-09-22T15:41:02,2026-09-22T15:41:02,2026-09-22T15:41:02
2412,中華電,2021-09-13,111.0,0.5,0.45%,2.29,25.11,34.35,41.22,48.09,54.96,61.83,68.7,ShowDailyK_ChartFlow,FinMind_API_TaiwanStockPrice_2412,True,2026-09-22T15:41:02,2026-09-22T15:41:02,2026-09-22T15:41:02
2412,中華電,2021-09-14,111.0,0.0,0.00%,2.29,25.11,34.35,41.22,48.09,54.96,61.83,68.7,ShowDailyK_ChartFlow,FinMind_API_TaiwanStockPrice_2412,True,2026-09-22T15:41:02,2026-09-22T15:41:02,2026-09-22T15:41:02
2412,中華電,2021-09-15,111.0,0.0,0.00%,2.29,25.11,34.35,41.22,48.09,54.96,61.83,68.7,ShowDailyK_ChartFlow,FinMind_API_TaiwanStockPrice_2412,True,2026-09-22T15:41:02,2026-09-22T15:41:02,2026-09-22T15:41:02
2412,中華電,2021-09-16,111.5,0.5,0.45%,2.29,25.23,34.35,41.22,48.09,54.96,61.83,68.7,ShowDailyK_ChartFlow,FinMind_API_TaiwanStockPrice_2412,True,2026-09-22T15:41:02,2026-09-22T15:41:02,2026-09-22T15:41:02
2412,中華電,2021-09-17,111.0,-0.5,-0.45%,2.29,25.11,34.35,41.22,48.09,54.96,61.83,68.7,ShowDailyK_ChartFlow,FinMind_API_TaiwanStockPrice_2412,True,2026-09-22T15:41:02,2026-09-22T15:41:02,2026-09-22T15:41:02
2412,中華電,2021-09-22,111.0,0.0,0.00%,2.29,25.11,34.35,41.22,48.09,54.96,61.83,68.7,ShowDailyK_ChartFlow,FinMind_API_TaiwanStockPrice_2412,True,2026-09-22T15:41:02,2026-09-22T15:41:02,2026-09-22T15:41:02
2412,中華電,2021-09-23,111.0,0.0,0.00%,2.29,25.11,34.35,41.22,48.09,54.96,61.83,68.7,ShowDailyK_ChartFlow,FinMind_API_TaiwanStockPrice_2412,True,2026-09-22T15:41:02,2026-09-22T15:41:02,2026-09-22T15:41:02
2412,中華電,2021-09-24,111.5,0.5,0.45%,2.29,25.23,34.35,41.22,48.09,54.96,61.83,68.7,ShowDailyK_ChartFlow,FinMind_API_TaiwanStockPrice_2412,True,2026-09-22T15:41:02,2026-09-22T15:41:02,2026-09-22T15:41:02
2412,中華電,2021-09-27,111.0,-0.5,-0.45%,2.29,25.11,34.35,41.22,48.09,54.96,61.83,68.7,ShowDailyK_ChartFlow,FinMind_API_TaiwanStockPrice_2412,True,2026-09-22T15:41:02,2026-09-22T15:41:02,2026-09-22T15:41:02
2412,中華電,2021-09-28,111.0,0.0,0.00%,2.29,25.11,34.35,41.22,48.09,54.96,61.83,68.7,ShowDailyK_ChartFlow,FinMind_API_TaiwanStockPrice_2412,True,2026-09-22T15:41:02,2026-09-22T15:41:02,2026-09-22T15:41:02
2412,中華電,2021-09-29,111.5,0.5,0.45%,2.29,25.23,34.35,41.22,48.09,54.96,61.83,68.7,ShowDailyK_ChartFlow,FinMind_API_TaiwanStockPrice_2412,True,2026-09-22T15:41:02,2026-09-22T15:41:02,2026-09-22T15:41:02
2412,中華電,2021-09-30,110.5,-1.0,-0.90%,3.5,25.0,52.5,63.0,73.5,84.0,94.5,105.0,ShowDailyK_ChartFlow,FinMind_API_TaiwanStockPrice_2412,True,2026-09-22T15:41:02,2026-09-22T15:41:02,2026-09-22T15:41:02
2412,中華電,2021-10-01,110.5,0.0,0.00%,3.5,25.0,52.5,63.0,73.5,84.0,94.5,105.0,ShowDailyK_ChartFlow,FinMind_API_TaiwanStockPrice_2412,True,2026-09-22T15:41:02,2026-09-22T15:41:02,2026-09-22T15:41:02
2412,中華電,2021-10-04,111.0,0.5,0.45%,3.5,25.11,52.5,63.0,73.5,84.0,94.5,105.0,ShowDailyK_ChartFlow,FinMind_API_TaiwanStockPrice_2412,True,2026-09-22T15:41:02,2026-09-22T15:41:02,2026-09-22T15:41:02
2412,中華電,2021-10-05,110.5,-0.5,-0.45%,3.5,25.0,52.5,63.0,73.5,84.0,94.5,105.0,ShowDailyK_ChartFlow,FinMind_API_TaiwanStockPrice_2412,True,2026-09-22T15:41:02,2026-09-22T15:41:02,2026-09-22T15:41:02
2412,中華電,2021-10-06,111.0,0.5,0.45%,3.5,25.11,52.5,63.0,73.5,84.0,94.5,105.0,ShowDailyK_ChartFlow,FinMind_API_TaiwanStockPrice_2412,True,2026-09-22T15:41:02,2026-09-22T15:41:02,2026-09-22T15:41:02
2412,中華電,2021-10-07,111.5,0.5,0.45%,3.5,25.23,52.5,63.0,73.5,84.0,94.5,105.0,ShowDailyK_ChartFlow,FinMind_API_TaiwanStockPrice_2412,True,2026-09-22T15:41:02,2026-09-22T15:41:02,2026-09-22T15:41:02
2412,中華電,2021-10-08,111.5,0.0,0.00%,3.5,25.23,52.5,63.0,73.5,84.0,94.5,105.0,ShowDailyK_ChartFlow,FinMind_API_TaiwanStockPrice_2412,True,2026-09-22T15:41:02,2026-09-22T15:41:02,2026-09-22T15:41:02
2412,中華電,2021-10-12,111.5,0.0,0.00%,3.5,25.23,52.5,63.0,73.5,84.0,94.5,105.0,ShowDailyK_ChartFlow,FinMind_API_TaiwanStockPrice_2412,True,2026-09-22T15:41:02,2026-09-22T15:41:02,2026-09-22T15:41:02
2412,中華電,2021-10-13,111.5,0.0,0.00%,3.5,25.23,52.5,63.0,73.5,84.0,94.5,105.0,ShowDailyK_ChartFlow,FinMind_API_TaiwanStockPrice_2412,True,2026-09-22T15:41:02,2026-09-22T15:41:02,2026-09-22T15:41:02
2412,中華電,2021-10-14,110.5,-1.0,-0.90%,3.5,25.0,52.5,63.0,73.5,84.0,94.5,105.0,ShowDailyK_ChartFlow,FinMind_API_TaiwanStockPrice_2412,True,2026-09-22T15:41:02,2026-09-22T15:41:02,2026-09-22T15:41:02
2412,中華電,2021-10-15,111.0,0.5,0.45%,3.5,25.11,52.5,63.0,73.5,84.0,94.5,105.0,ShowDailyK_ChartFlow,FinMind_API_TaiwanStockPrice_2412,True,2026-09-22T15:41:02,2026-09-22T15:41:02,2026-09-22T15:41:02
2412,中華電,2021-10-18,111.0,0.0,0.00%,3.5,25.11,52.5,63.0,73.5,84.0,94.5,105.0,ShowDailyK_ChartFlow,FinMind_API_TaiwanStockPrice_2412,True,2026-09-22T15:41:02,2026-09-22T15:41:02,2026-09-22T15:41:02
2412,中華電,2021-10-19,111.5,0.5,0.45%,3.5,25.23,52.5,63.0,73.5,84.0,94.5,105.0,ShowDailyK_ChartFlow,FinMind_API_TaiwanStockPrice_2412,True,2026-09-22T15:41:02,2026-09-22T15:41:02,2026-09-22T15:41:02
2412,中華電,2021-10-20,111.0,-0.5,-0.45%,3.5,25.11,52.5,63.0,73.5,84.0,94.5,105.0,ShowDailyK_ChartFlow,FinMind_API_TaiwanStockPrice_2412,True,2026-09-22T15:41:02,2026-09-22T15:41:02,2026-09-22T15:41:02
2412,中華電,2021-10-21,110.5,-0.5,-0.45%,3.5,25.0,52.5,63.0,73.5,84.0,94.5,105.0,ShowDailyK_ChartFlow,FinMind_API_TaiwanStockPrice_2412,True,2026-09-22T15:41:02,2026-09-22T15:41:02,2026-09-22T15:41:02
2412,中華電,2021-10-22,111.5,1.0,0.90%,3.5,25.23,52.5,63.0,73.5,84.0,94.5,105.0,ShowDailyK_ChartFlow,FinMind_API_TaiwanStockPrice_2412,True,2026-09-22T15:41:02,2026-09-22T15:41:02,2026-09-22T15:41:02
2412,中華電,2021-10-25,111.0,-0.5,-0.45%,3.5,25.11,52.5,63.0,73.5,84.0,94.5,105.0,ShowDailyK_ChartFlow,FinMind_API_TaiwanStockPrice_2412,True,2026-09-22T15:41:02,2026-09-22T15:41:02,2026-09-22T15:41:02
2412,中華電,2021-10-26,110.5,-0.5,-0.45%,3.5,25.0,52.5,63.0,73.5,84.0,94.5,105.0,ShowDailyK_ChartFlow,FinMind_API_TaiwanStockPrice_2412,True,2026-09-22T15:41:02,2026-09-22T15:41:02,2026-09-22T15:41:02
2412,中華電,2021-10-27,110.5,0.0,0.00%,3.5,25.0,52.5,63.0,73.5,84.0,94.5,105.0,ShowDailyK_ChartFlow,FinMind_API_TaiwanStockPrice_2412,True,2026-09-22T15:41:02,2026-09-22T15:41:02,2026-09-22T15:41:02
2412,中華電,2021-10-28,110.0,-0.5,-0.45%,3.5,24.89,52.5,63.0,73.5,84.0,94.5,105.0,ShowDailyK_ChartFlow,FinMind_API_TaiwanStockPrice_2412,True,2026-09-22T15:41:02,2026-09-22T15:41:02,2026-09-22T15:41:02
2412,中華電,2021-10-29,110.5,0.5,0.45%,3.5,25.0,52.5,63.0,73.5,84.0,94.5,105.0,ShowDailyK_ChartFlow,FinMind_API_TaiwanStockPrice_2412,True,2026-09-22T15:41:02,2026-09-22T15:41:02,2026-09-22T15:41:02
2412,中華電,2021-11-01,111.0,0.5,0.45%,3.5,25.11,52.5,63.0,73.5,84.0,94.5,105.0,ShowDailyK_ChartFlow,FinMind_API_TaiwanStockPrice_2412,True,2026-09-22T15:41:02,2026-09-22T15:41:02,2026-09-22T15:41:02
2412,中華電,2021-11-02,110.5,-0.5,-0.45%,3.5,25.0,52.5,63.0,73.5,84.0,94.5,105.0,ShowDailyK_ChartFlow,FinMind_API_TaiwanStockPrice_2412,True,2026-09-22T15:41:02,2026-09-22T15:41:02,2026-09-22T15:41:02
2412,中華電,2021-11-03,110.5,0.0,0.00%,3.5,25.0,52.5,63.0,73.5,84.0,94.5,105.0,ShowDailyK_ChartFlow,FinMind_API_TaiwanStockPrice_2412,True,2026-09-22T15:41:02,2026-09-22T15:41:02,2026-09-22T15:41:02
2412,中華電,2021-11-04,111.0,0.5,0.45%,3.5,25.11,52.5,63.0,73.5,84.0,94.5,105.0,ShowDailyK_ChartFlow,FinMind_API_TaiwanStockPrice_2412,True,2026-09-22T15:41:02,2026-09-22T15:41:02,2026-09-22T15:41:02
2412,中華電,2021-11-05,111.0,0.0,0.00%,3.5,25.11,52.5,63.0,73.5,84.0,94.5,105.0,ShowDailyK_ChartFlow,FinMind_API_TaiwanStockPrice_2412,True,2026-09-22T15:41:02,2026-09-22T15:41:02,2026-09-22T15:41:02
2412,中華電,2021-11-08,111.5,0.5,0.45%,3.5,24.51,52.5,63.0,73.5,84.0,94.5,105.0,ShowDailyK_ChartFlow,FinMind_API_TaiwanStockPrice_2412,True,2026-09-22T15:41:02,2026-09-22T15:41:02,2026-09-22T15:41:02
2412,中華電,2021-11-09,111.5,0.0,0.00%,3.5,24.51,52.5,63.0,73.5,84.0,94.5,105.0,ShowDailyK_ChartFlow,FinMind_API_TaiwanStockPrice_2412,True,2026-09-22T15:41:02,2026-09-22T15:41:02,2026-09-22T15:41:02
2412,中華電,2021-11-10,112.0,0.5,0.45%,3.5,24.62,52.5,63.0,73.5,84.0,94.5,105.0,ShowDailyK_ChartFlow,FinMind_API_TaiwanStockPrice_2412,True,2026-09-22T15:41:02,2026-09-22T15:41:02,2026-09-22T15:41:02
2412,中華電,2021-11-11,112.5,0.5,0.45%,3.5,24.73,52.5,63.0,73.5,84.0,94.5,105.0,ShowDailyK_ChartFlow,FinMind_API_TaiwanStockPrice_2412,True,2026-09-22T15:41:02,2026-09-22T15:41:02,2026-09-22T15:41:02
2412,中華電,2021-11-12,112.5,0.0,0.00%,3.5,24.73,52.5,63.0,73.5,84.0,94.5,105.0,ShowDailyK_ChartFlow,FinMind_API_TaiwanStockPrice_2412,True,2026-09-22T15:41:02,2026-09-22T15:41:02,2026-09-22T15:41:02
2412,中華電,2021-11-15,113.0,0.5,0.44%,3.5,24.84,52.5,63.0,73.5,84.0,94.5,105.0,ShowDailyK_ChartFlow,FinMind_API_TaiwanStockPrice_2412,True,2026-09-22T15:41:02,2026-09-22T15:41:02,2026-09-22T15:41:02
2412,中華電,2021-11-16,114.0,1.0,0.88%,3.5,25.05,52.5,63.0,73.5,84.0,94.5,105.0,ShowDailyK_ChartFlow,FinMind_API_TaiwanStockPrice_2412,True,2026-09-22T15:41:02,2026-09-22T15:41:02,2026-09-22T15:41:02
2412,中華電,2021-11-17,114.5,0.5,0.44%,3.5,25.16,52.5,63.0,73.5,84.0,94.5,105.0,ShowDailyK_ChartFlow,FinMind_API_TaiwanStockPrice_2412,True,2026-09-22T15:41:02,2026-09-22T15:41:02,2026-09-22T15:41:02
2412,中華電,2021-11-18,115.0,0.5,0.44%,3.5,25.27,52.5,63.0,73.5,84.0,94.5,105.0,ShowDailyK_ChartFlow,FinMind_API_TaiwanStockPrice_2412,True,2026-09-22T15:41:02,2026-09-22T15:41:02,2026-09-22T15:41:02
2412,中華電,2021-11-19,113.0,-2.0,-1.74%,3.5,24.84,52.5,63.0,73.5,84.0,94.5,105.0,ShowDailyK_ChartFlow,FinMind_API_TaiwanStockPrice_2412,True,2026-09-22T15:41:02,2026-09-22T15:41:02,2026-09-22T15:41:02
2412,中華電,2021-11-22,112.5,-0.5,-0.44%,3.5,24.73,52.5,63.0,73.5,84.0,94.5,105.0,ShowDailyK_ChartFlow,FinMind_API_TaiwanStockPrice_2412,True,2026-09-22T15:41:02,2026-09-22T15:41:02,2026-09-22T15:41:02
2412,中華電,2021-11-23,113.5,1.0,0.89%,3.5,24.95,52.5,63.0,73.5,84.0,94.5,105.0,ShowDailyK_ChartFlow,FinMind_API_TaiwanStockPrice_2412,True,2026-09-22T15:41:02,2026-09-22T15:41:02,2026-09-22T15:41:02
2412,中華電,2021-11-24,113.5,0.0,0.00%,3.5,24.95,52.5,63.0,73.5,84.0,94.5,105.0,ShowDailyK_ChartFlow,FinMind_API_TaiwanStockPrice_2412,True,2026-09-22T15:41:02,2026-09-22T15:41:02,2026-09-22T15:41:02
2412,中華電,2021-11-25,113.5,0.0,0.00%,3.5,24.95,52.5,63.0,73.5,84.0,94.5,105.0,ShowDailyK_ChartFlow,FinMind_API_TaiwanStockPrice_2412,True,2026-09-22T15:41:02,2026-09-22T15:41:02,2026-09-22T15:41:02
2412,中華電,2021-11-26,113.0,-0.5,-0.44%,3.5,24.84,52.5,63.0,73.5,84.0,94.5,105.0,ShowDailyK_ChartFlow,FinMind_API_TaiwanStockPrice_2412,True,2026-09-22T15:41:02,2026-09-22T15:41:02,2026-09-22T15:41:02
2412,中華電,2021-11-29,112.5,-0.5,-0.44%,3.5,24.73,52.5,63.0,73.5,84.0,94.5,105.0,ShowDailyK_ChartFlow,FinMind_API_TaiwanStockPrice_2412,True,2026-09-22T15:41:02,2026-09-22T15:41:02,2026-09-22T15:41:02
2412,中華電,2021-11-30,112.0,-0.5,-0.44%,3.5,24.62,52.5,63.0,73.5,84.0,94.5,105.0,ShowDailyK_ChartFlow,FinMind_API_TaiwanStockPrice_2412,True,2026-09-22T15:41:02,2026-09-22T15:41:02,2026-09-22T15:41:02
2412,中華電,2021-12-01,113.0,1.0,0.89%,3.5,24.84,52.5,63.0,73.5,84.0,94.5,105.0,ShowDailyK_ChartFlow,FinMind_API_TaiwanStockPrice_2412,True,2026-09-22T15:41:02,2026-09-22T15:41:02,2026-09-22T15:41:02
2412,中華電,2021-12-02,114.0,1.0,0.88%,3.5,25.05,52.5,63.0,73.5,84.0,94.5,105.0,ShowDailyK_ChartFlow,FinMind_API_TaiwanStockPrice_2412,True,2026-09-22T15:41:02,2026-09-22T15:41:02,2026-09-22T15:41:02
2412,中華電,2021-12-03,113.5,-0.5,-0.44%,3.5,24.95,52.5,63.0,73.5,84.0,94.5,105.0,ShowDailyK_ChartFlow,FinMind_API_TaiwanStockPrice_2412,True,2026-09-22T15:41:02,2026-09-22T15:41:02,2026-09-22T15:41:02
2412,中華電,2021-12-06,114.0,0.5,0.44%,3.5,25.05,52.5,63.0,73.5,84.0,94.5,105.0,ShowDailyK_ChartFlow,FinMind_API_TaiwanStockPrice_2412,True,2026-09-22T15:41:02,2026-09-22T15:41:02,2026-09-22T15:41:02
2412,中華電,2021-12-07,114.0,0.0,0.00%,3.5,25.05,52.5,63.0,73.5,84.0,94.5,105.0,ShowDailyK_ChartFlow,FinMind_API_TaiwanStockPrice_2412,True,2026-09-22T15:41:02,2026-09-22T15:41:02,2026-09-22T15:41:02
2412,中華電,2021-12-08,114.0,0.0,0.00%,3.5,25.05,52.5,63.0,73.5,84.0,94.5,105.0,ShowDailyK_ChartFlow,FinMind_API_TaiwanStockPrice_2412,True,2026-09-22T15:41:02,2026-09-22T15:41:02,2026-09-22T15:41:02
2412,中華電,2021-12-09,114.5,0.5,0.44%,3.5,25.16,52.5,63.0,73.5,84.0,94.5,105.0,ShowDailyK_ChartFlow,FinMind_API_TaiwanStockPrice_2412,True,2026-09-22T15:41:02,2026-09-22T15:41:02,2026-09-22T15:41:02
2412,中華電,2021-12-10,114.0,-0.5,-0.44%,3.5,25.05,52.5,63.0,73.5,84.0,94.5,105.0,ShowDailyK_ChartFlow,FinMind_API_TaiwanStockPrice_2412,True,2026-09-22T15:41:02,2026-09-22T15:41:02,2026-09-22T15:41:02
2412,中華電,2021-12-13,113.5,-0.5,-0.44%,3.5,24.95,52.5,63.0,73.5,84.0,94.5,105.0,ShowDailyK_ChartFlow,FinMind_API_TaiwanStockPrice_2412,True,2026-09-22T15:41:02,2026-09-22T15:41:02,2026-09-22T15:41:02
2412,中華電,2021-12-14,114.0,0.5,0.44%,3.5,25.05,52.5,63.0,73.5,84.0,94.5,105.0,ShowDailyK_ChartFlow,FinMind_API_TaiwanStockPrice_2412,True,2026-09-22T15:41:02,2026-09-22T15:41:02,2026-09-22T15:41:02
2412,中華電,2021-12-15,114.0,0.0,0.00%,3.5,25.05,52.5,63.0,73.5,84.0,94.5,105.0,ShowDailyK_ChartFlow,FinMind_API_TaiwanStockPrice_2412,True,2026-09-22T15:41:02,2026-09-22T15:41:02,2026-09-22T15:41:02
2412,中華電,2021-12-16,114.5,0.5,0.44%,3.5,25.16,52.5,63.0,73.5,84.0,94.5,105.0,ShowDailyK_ChartFlow,FinMind_API_TaiwanStockPrice_2412,True,2026-09-22T15:41:02,2026-09-22T15:41:02,2026-09-22T15:41:02
2412,中華電,2021-12-17,115.0,0.5,0.44%,3.5,25.27,52.5,63.0,73.5,84.0,94.5,105.0,ShowDailyK_ChartFlow,FinMind_API_TaiwanStockPrice_2412,True,2026-09-22T15:41:02,2026-09-22T15:41:02,2026-09-22T15:41:02
2412,中華電,2021-12-20,115.0,0.0,0.00%,3.5,25.27,52.5,63.0,73.5,84.0,94.5,105.0,ShowDailyK_ChartFlow,FinMind_API_TaiwanStockPrice_2412,True,2026-09-22T15:41:02,2026-09-22T15:41:02,2026-09-22T15:41:02
2412,中華電,2021-12-21,115.5,0.5,0.43%,3.5,25.38,52.5,63.0,73.5,84.0,94.5,105.0,ShowDailyK_ChartFlow,FinMind_API_TaiwanStockPrice_2412,True,2026-09-22T15:41:02,2026-09-22T15:41:02,2026-09-22T15:41:02
2412,中華電,2021-12-22,115.5,0.0,0.00%,3.5,25.38,52.5,63.0,73.5,84.0,94.5,105.0,ShowDailyK_ChartFlow,FinMind_API_TaiwanStockPrice_2412,True,2026-09-22T15:41:02,2026-09-22T15:41:02,2026-09-22T15:41:02
2412,中華電,2021-12-23,115.5,0.0,0.00%,3.5,25.38,52.5,63.0,73.5,84.0,94.5,105.0,ShowDailyK_ChartFlow,FinMind_API_TaiwanStockPrice_2412,True,2026-09-22T15:41:02,2026-09-22T15:41:02,2026-09-22T15:41:02
2412,中華電,2021-12-24,115.5,0.0,0.00%,3.5,25.38,52.5,63.0,73.5,84.0,94.5,105.0,ShowDailyK_ChartFlow,FinMind_API_TaiwanStockPrice_2412,True,2026-09-22T15:41:02,2026-09-22T15:41:02,2026-09-22T15:41:02
2412,中華電,2021-12-27,116.0,0.5,0.43%,3.5,25.49,52.5,63.0,73.5,84.0,94.5,105.0,ShowDailyK_ChartFlow,FinMind_API_TaiwanStockPrice_2412,True,2026-09-22T15:41:02,2026-09-22T15:41:02,2026-09-22T15:41:02
2412,中華電,2021-12-28,116.0,0.0,0.00%,3.5,25.49,52.5,63.0,73.5,84.0,94.5,105.0,ShowDailyK_ChartFlow,FinMind_API_TaiwanStockPrice_2412,True,2026-09-22T15:41:02,2026-09-22T15:41:02,2026-09-22T15:41:02
2412,中華電,2021-12-29,116.5,0.5,0.43%,3.5,25.6,52.5,63.0,73.5,84.0,94.5,105.0,ShowDailyK_ChartFlow,FinMind_API_TaiwanStockPrice_2412,True,2026-09-22T15:41:02,2026-09-22T15:41:02,2026-09-22T15:41:02
2412,中華電,2021-12-30,116.5,0.0,0.00%,3.5,25.6,52.5,63.0,73.5,84.0,94.5,105.0,ShowDailyK_ChartFlow,FinMind_API_TaiwanStockPrice_2412,True,2026-09-22T15:41:02,2026-09-22T15:41:02,2026-09-22T15:41:02
2412,中華電,2022-01-03,115.5,-1.0,-0.86%,4.609999999999999,25.38,69.15,82.98,96.81,110.64,124.47,138.3,ShowDailyK_ChartFlow,FinMind_API_TaiwanStockPrice_2412,True,2026-09-22T15:41:02,2026-09-22T15:41:02,2026-09-22T15:41:02
2412,中華電,2022-01-04,115.5,0.0,0.00%,4.609999999999999,25.38,69.15,82.98,96.81,110.64,124.47,138.3,ShowDailyK_ChartFlow,FinMind_API_TaiwanStockPrice_2412,True,2026-09-22T15:41:02,2026-09-22T15:41:02,2026-09-22T15:41:02
2412,中華電,2022-01-05,115.5,0.0,0.00%,4.609999999999999,25.38,69.15,82.98,96.81,110.64,124.47,138.3,ShowDailyK_ChartFlow,FinMind_API_TaiwanStockPrice_2412,True,2026-09-22T15:41:02,2026-09-22T15:41:02,2026-09-22T15:41:02
2412,中華電,2022-01-06,115.5,0.0,0.00%,4.609999999999999,25.38,69.15,82.98,96.81,110.64,124.47,138.3,ShowDailyK_ChartFlow,FinMind_API_TaiwanStockPrice_2412,True,2026-09-22T15:41:02,2026-09-22T15:41:02,2026-09-22T15:41:02
2412,中華電,2022-01-07,115.5,0.0,0.00%,4.609999999999999,25.38,69.15,82.98,96.81,110.64,124.47,138.3,ShowDailyK_ChartFlow,FinMind_API_TaiwanStockPrice_2412,True,2026-09-22T15:41:02,2026-09-22T15:41:02,2026-09-22T15:41:02
2412,中華電,2022-01-10,116.5,1.0,0.87%,4.609999999999999,25.6,69.15,82.98,96.81,110.64,124.47,138.3,ShowDailyK_ChartFlow,FinMind_API_TaiwanStockPrice_2412,True,2026-09-22T15:41:02,2026-09-22T15:41:02,2026-09-22T15:41:02
2412,中華電,2022-01-11,116.5,0.0,0.00%,4.609999999999999,25.6,69.15,82.98,96.81,110.64,124.47,138.3,ShowDailyK_ChartFlow,FinMind_API_TaiwanStockPrice_2412,True,2026-09-22T15:41:02,2026-09-22T15:41:02,2026-09-22T15:41:02
2412,中華電,2022-01-12,117.0,0.5,0.43%,4.609999999999999,25.71,69.15,82.98,96.81,110.64,124.47,138.3,ShowDailyK_ChartFlow,FinMind_API_TaiwanStockPrice_2412,True,2026-09-22T15:41:02,2026-09-22T15:41:02,2026-09-22T15:41:02
2412,中華電,2022-01-13,117.5,0.5,0.43%,4.609999999999999,25.82,69.15,82.98,96.81,110.64,124.47,138.3,ShowDailyK_ChartFlow,FinMind_API_TaiwanStockPrice_2412,True,2026-09-22T15:41:02,2026-09-22T15:41:02,2026-09-22T15:41:02
2412,中華電,2022-01-14,117.5,0.0,0.00%,4.609999999999999,25.82,69.15,82.98,96.81,110.64,124.47,138.3,ShowDailyK_ChartFlow,FinMind_API_TaiwanStockPrice_2412,True,2026-09-22T15:41:02,2026-09-22T15:41:02,2026-09-22T15:41:02
2412,中華電,2022-01-17,117.0,-0.5,-0.43%,4.609999999999999,25.71,69.15,82.98,96.81,110.64,124.47,138.3,ShowDailyK_ChartFlow,FinMind_API_TaiwanStockPrice_2412,True,2026-09-22T15:41:02,2026-09-22T15:41:02,2026-09-22T15:41:02
2412,中華電,2022-01-18,117.5,0.5,0.43%,4.609999999999999,25.82,69.15,82.98,96.81,110.64,124.47,138.3,ShowDailyK_ChartFlow,FinMind_API_TaiwanStockPrice_2412,True,2026-09-22T15:41:02,2026-09-22T15:41:02,2026-09-22T15:41:02
2412,中華電,2022-01-19,117.0,-0.5,-0.43%,4.609999999999999,25.71,69.15,82.98,96.81,110.64,124.47,138.3,ShowDailyK_ChartFlow,FinMind_API_TaiwanStockPrice_2412,True,2026-09-22T15:41:02,2026-09-22T15:41:02,2026-09-22T15:41:02
2412,中華電,2022-01-20,116.5,-0.5,-0.43%,4.609999999999999,25.6,69.15,82.98,96.81,110.64,124.47,138.3,ShowDailyK_ChartFlow,FinMind_API_TaiwanStockPrice_2412,True,2026-09-22T15:41:02,2026-09-22T15:41:02,2026-09-22T15:41:02
2412,中華電,2022-01-21,117.0,0.5,0.43%,4.609999999999999,25.71,69.15,82.98,96.81,110.64,124.47,138.3,ShowDailyK_ChartFlow,FinMind_API_TaiwanStockPrice_2412,True,2026-09-22T15:41:02,2026-09-22T15:41:02,2026-09-22T15:41:02
2412,中華電,2022-01-24,117.0,0.0,0.00%,4.609999999999999,25.71,69.15,82.98,96.81,110.64,124.47,138.3,ShowDailyK_ChartFlow,FinMind_API_TaiwanStockPrice_2412,True,2026-09-22T15:41:02,2026-09-22T15:41:02,2026-09-22T15:41:02
2412,中華電,2022-01-25,117.0,0.0,0.00%,4.609999999999999,25.71,69.15,82.98,96.81,110.64,124.47,138.3,ShowDailyK_ChartFlow,FinMind_API_TaiwanStockPrice_2412,True,2026-09-22T15:41:02,2026-09-22T15:41:02,2026-09-22T15:41:02
2412,中華電,2022-01-26,117.5,0.5,0.43%,4.609999999999999,25.82,69.15,82.98,96.81,110.64,124.47,138.3,ShowDailyK_ChartFlow,FinMind_API_TaiwanStockPrice_2412,True,2026-09-22T15:41:02,2026-09-22T15:41:02,2026-09-22T15:41:02
2412,中華電,2022-02-07,118.5,1.0,0.85%,4.609999999999999,26.04,69.15,82.98,96.81,110.64,124.47,138.3,ShowDailyK_ChartFlow,FinMind_API_TaiwanStockPrice_2412,True,2026-09-22T15:41:02,2026-09-22T15:41:02,2026-09-22T15:41:02
2412,中華電,2022-02-08,118.0,-0.5,-0.42%,4.609999999999999,25.93,69.15,82.98,96.81,110.64,124.47,138.3,ShowDailyK_ChartFlow,FinMind_API_TaiwanStockPrice_2412,True,2026-09-22T15:41:02,2026-09-22T15:41:02,2026-09-22T15:41:02
2412,中華電,2022-02-09,118.5,0.5,0.42%,4.609999999999999,26.04,69.15,82.98,96.81,110.64,124.47,138.3,ShowDailyK_ChartFlow,FinMind_API_TaiwanStockPrice_2412,True,2026-09-22T15:41:02,2026-09-22T15:41:02,2026-09-22T15:41:02
2412,中華電,2022-02-10,119.5,1.0,0.84%,4.609999999999999,26.26,69.15,82.98,96.81,110.64,124.47,138.3,ShowDailyK_ChartFlow,FinMind_API_TaiwanStockPrice_2412,True,2026-09-22T15:41:02,2026-09-22T15:41:02,2026-09-22T15:41:02
2412,中華電,2022-02-11,119.5,0.0,0.00%,4.609999999999999,26.26,69.15,82.98,96.81,110.64,124.47,138.3,ShowDailyK_ChartFlow,FinMind_API_TaiwanStockPrice_2412,True,2026-09-22T15:41:02,2026-09-22T15:41:02,2026-09-22T15:41:02
2412,中華電,2022-02-14,120.0,0.5,0.42%,4.609999999999999,26.37,69.15,82.98,96.81,110.64,124.47,138.3,ShowDailyK_ChartFlow,FinMind_API_TaiwanStockPrice_2412,True,2026-09-22T15:41:02,2026-09-22T15:41:02,2026-09-22T15:41:02
2412,中華電,2022-02-15,120.0,0.0,0.00%,4.609999999999999,26.37,69.15,82.98,96.81,110.64,124.47,138.3,ShowDailyK_ChartFlow,FinMind_API_TaiwanStockPrice_2412,True,2026-09-22T15:41:02,2026-09-22T15:41:02,2026-09-22T15:41:02
2412,中華電,2022-02-16,121.0,1.0,0.83%,4.609999999999999,26.59,69.15,82.98,96.81,110.64,124.47,138.3,ShowDailyK_ChartFlow,FinMind_API_TaiwanStockPrice_2412,True,2026-09-22T15:41:02,2026-09-22T15:41:02,2026-09-22T15:41:02
2412,中華電,2022-02-17,121.5,0.5,0.41%,4.609999999999999,26.7,69.15,82.98,96.81,110.64,124.47,138.3,ShowDailyK_ChartFlow,FinMind_API_TaiwanStockPrice_2412,True,2026-09-22T15:41:02,2026-09-22T15:41:02,2026-09-22T15:41:02
2412,中華電,2022-02-18,122.0,0.5,0.41%,4.609999999999999,26.81,69.15,82.98,96.81,110.64,124.47,138.3,ShowDailyK_ChartFlow,FinMind_API_TaiwanStockPrice_2412,True,2026-09-22T15:41:02,2026-09-22T15:41:02,2026-09-22T15:41:02
2412,中華電,2022-02-21,123.5,1.5,1.23%,4.609999999999999,27.14,69.15,82.98,96.81,110.64,124.47,138.3,ShowDailyK_ChartFlow,FinMind_API_TaiwanStockPrice_2412,True,2026-09-22T15:41:02,2026-09-22T15:41:02,2026-09-22T15:41:02
2412,中華電,2022-02-22,123.5,0.0,0.00%,4.609999999999999,27.14,69.15,82.98,96.81,110.64,124.47,138.3,ShowDailyK_ChartFlow,FinMind_API_TaiwanStockPrice_2412,True,2026-09-22T15:41:02,2026-09-22T15:41:02,2026-09-22T15:41:02
2412,中華電,2022-02-23,125.5,2.0,1.62%,4.609999999999999,27.58,69.15,82.98,96.81,110.64,124.47,138.3,ShowDailyK_ChartFlow,FinMind_API_TaiwanStockPrice_2412,True,2026-09-22T15:41:02,2026-09-22T15:41:02,2026-09-22T15:41:02
2412,中華電,2022-02-24,124.5,-1.0,-0.80%,4.609999999999999,27.01,69.15,82.98,96.81,110.64,124.47,138.3,ShowDailyK_ChartFlow,FinMind_API_TaiwanStockPrice_2412,True,2026-09-22T15:41:02,2026-09-22T15:41:02,2026-09-22T15:41:02
2412,中華電,2022-02-25,124.5,0.0,0.00%,4.609999999999999,27.01,69.15,82.98,96.81,110.64,124.47,138.3,ShowDailyK_ChartFlow,FinMind_API_TaiwanStockPrice_2412,True,2026-09-22T15:41:02,2026-09-22T15:41:02,2026-09-22T15:41:02
2412,中華電,2022-03-01,124.5,0.0,0.00%,4.609999999999999,27.01,69.15,82.98,96.81,110.64,124.47,138.3,ShowDailyK_ChartFlow,FinMind_API_TaiwanStockPrice_2412,True,2026-09-22T15:41:02,2026-09-22T15:41:02,2026-09-22T15:41:02
2412,中華電,2022-03-02,123.5,-1.0,-0.80%,4.609999999999999,26.79,69.15,82.98,96.81,110.64,124.47,138.3,ShowDailyK_ChartFlow,FinMind_API_TaiwanStockPrice_2412,True,2026-09-22T15:41:02,2026-09-22T15:41:02,2026-09-22T15:41:02
2412,中華電,2022-03-03,122.5,-1.0,-0.81%,4.609999999999999,26.57,69.15,82.98,96.81,110.64,124.47,138.3,ShowDailyK_ChartFlow,FinMind_API_TaiwanStockPrice_2412,True,2026-09-22T15:41:02,2026-09-22T15:41:02,2026-09-22T15:41:02
2412,中華電,2022-03-04,123.0,0.5,0.41%,4.609999999999999,26.68,69.15,82.98,96.81,110.64,124.47,138.3,ShowDailyK_ChartFlow,FinMind_API_TaiwanStockPrice_2412,True,2026-09-22T15:41:02,2026-09-22T15:41:02,2026-09-22T15:41:02
2412,中華電,2022-03-07,121.0,-2.0,-1.63%,4.609999999999999,26.25,69.15,82.98,96.81,110.64,124.47,138.3,ShowDailyK_ChartFlow,FinMind_API_TaiwanStockPrice_2412,True,2026-09-22T15:41:02,2026-09-22T15:41:02,2026-09-22T15:41:02
2412,中華電,2022-03-08,122.0,1.0,0.83%,4.609999999999999,26.46,69.15,82.98,96.81,110.64,124.47,138.3,ShowDailyK_ChartFlow,FinMind_API_TaiwanStockPrice_2412,True,2026-09-22T15:41:02,2026-09-22T15:41:02,2026-09-22T15:41:02
2412,中華電,2022-03-09,122.5,0.5,0.41%,4.609999999999999,26.57,69.15,82.98,96.81,110.64,124.47,138.3,ShowDailyK_ChartFlow,FinMind_API_TaiwanStockPrice_2412,True,2026-09-22T15:41:02,2026-09-22T15:41:02,2026-09-22T15:41:02
2412,中華電,2022-03-10,123.0,0.5,0.41%,4.609999999999999,26.68,69.15,82.98,96.81,110.64,124.47,138.3,ShowDailyK_ChartFlow,FinMind_API_TaiwanStockPrice_2412,True,2026-09-22T15:41:02,2026-09-22T15:41:02,2026-09-22T15:41:02
2412,中華電,2022-03-11,122.5,-0.5,-0.41%,4.609999999999999,26.57,69.15,82.98,96.81,110.64,124.47,138.3,ShowDailyK_ChartFlow,FinMind_API_TaiwanStockPrice_2412,True,2026-09-22T15:41:02,2026-09-22T15:41:02,2026-09-22T15:41:02
2412,中華電,2022-03-14,123.0,0.5,0.41%,4.609999999999999,26.68,69.15,82.98,96.81,110.64,124.47,138.3,ShowDailyK_ChartFlow,FinMind_API_TaiwanStockPrice_2412,True,2026-09-22T15:41:02,2026-09-22T15:41:02,2026-09-22T15:41:02
2412,中華電,2022-03-15,125.0,2.0,1.63%,4.609999999999999,27.11,69.15,82.98,96.81,110.64,124.47,138.3,ShowDailyK_ChartFlow,FinMind_API_TaiwanStockPrice_2412,True,2026-09-22T15:41:02,2026-09-22T15:41:02,2026-09-22T15:41:02
2412,中華電,2022-03-16,126.0,1.0,0.80%,4.609999999999999,27.33,69.15,82.98,96.81,110.64,124.47,138.3,ShowDailyK_ChartFlow,FinMind_API_TaiwanStockPrice_2412,True,2026-09-22T15:41:02,2026-09-22T15:41:02,2026-09-22T15:41:02
2412,中華電,2022-03-17,125.5,-0.5,-0.40%,4.609999999999999,27.22,69.15,82.98,96.81,110.64,124.47,138.3,ShowDailyK_ChartFlow,FinMind_API_TaiwanStockPrice_2412,True,2026-09-22T15:41:02,2026-09-22T15:41:02,2026-09-22T15:41:02
2412,中華電,2022-03-18,126.5,1.0,0.80%,4.609999999999999,27.44,69.15,82.98,96.81,110.64,124.47,138.3,ShowDailyK_ChartFlow,FinMind_API_TaiwanStockPrice_2412,True,2026-09-22T15:41:02,2026-09-22T15:41:02,2026-09-22T15:41:02
2412,中華電,2022-03-21,126.5,0.0,0.00%,4.609999999999999,27.44,69.15,82.98,96.81,110.64,124.47,138.3,ShowDailyK_ChartFlow,FinMind_API_TaiwanStockPrice_2412,True,2026-09-22T15:41:02,2026-09-22T15:41:02,2026-09-22T15:41:02
2412,中華電,2022-03-22,126.5,0.0,0.00%,4.609999999999999,27.44,69.15,82.98,96.81,110.64,124.47,138.3,ShowDailyK_ChartFlow,FinMind_API_TaiwanStockPrice_2412,True,2026-09-22T15:41:02,2026-09-22T15:41:02,2026-09-22T15:41:02
2412,中華電,2022-03-23,126.5,0.0,0.00%,4.609999999999999,27.44,69.15,82.98,96.81,110.64,124.47,138.3,ShowDailyK_ChartFlow,FinMind_API_TaiwanStockPrice_2412,True,2026-09-22T15:41:02,2026-09-22T15:41:02,2026-09-22T15:41:02
2412,中華電,2022-03-24,127.0,0.5,0.40%,4.609999999999999,27.55,69.15,82.98,96.81,110.64,124.47,138.3,ShowDailyK_ChartFlow,FinMind_API_TaiwanStockPrice_2412,True,2026-09-22T15:41:02,2026-09-22T15:41:02,2026-09-22T15:41:02
2412,中華電,2022-03-25,128.0,1.0,0.79%,4.609999999999999,27.77,69.15,82.98,96.81,110.64,124.47,138.3,ShowDailyK_ChartFlow,FinMind_API_TaiwanStockPrice_2412,True,2026-09-22T15:41:02,2026-09-22T15:41:02,2026-09-22T15:41:02
2412,中華電,2022-03-28,128.0,0.0,0.00%,4.609999999999999,27.77,69.15,82.98,96.81,110.64,124.47,138.3,ShowDailyK_ChartFlow,FinMind_API_TaiwanStockPrice_2412,True,2026-09-22T15:41:02,2026-09-22T15:41:02,2026-09-22T15:41:02
2412,中華電,2022-03-29,127.0,-1.0,-0.78%,4.609999999999999,27.55,69.15,82.98,96.81,110.64,124.47,138.3,ShowDailyK_ChartFlow,FinMind_API_TaiwanStockPrice_2412,True,2026-09-22T15:41:02,2026-09-22T15:41:02,2026-09-22T15:41:02
2412,中華電,2022-03-30,127.0,0.0,0.00%,4.609999999999999,27.55,69.15,82.98,96.81,110.64,124.47,138.3,ShowDailyK_ChartFlow,FinMind_API_TaiwanStockPrice_2412,True,2026-09-22T15:41:02,2026-09-22T15:41:02,2026-09-22T15:41:02
2412,中華電,2022-03-31,127.0,0.0,0.00%,4.640000000000001,27.55,69.6,83.52,97.44,111.36,125.28,139.2,ShowDailyK_ChartFlow,FinMind_API_TaiwanStockPrice_2412,True,2026-09-22T15:41:02,2026-09-22T15:41:02,2026-09-22T15:41:02
2412,中華電,2022-04-01,127.0,0.0,0.00%,4.640000000000001,27.55,69.6,83.52,97.44,111.36,125.28,139.2,ShowDailyK_ChartFlow,FinMind_API_TaiwanStockPrice_2412,True,2026-09-22T15:41:02,2026-09-22T15:41:02,2026-09-22T15:41:02
2412,中華電,2022-04-06,127.0,0.0,0.00%,4.640000000000001,27.55,69.6,83.52,97.44,111.36,125.28,139.2,ShowDailyK_ChartFlow,FinMind_API_TaiwanStockPrice_2412,True,2026-09-22T15:41:02,2026-09-22T15:41:02,2026-09-22T15:41:02
2412,中華電,2022-04-07,127.0,0.0,0.00%,4.640000000000001,27.55,69.6,83.52,97.44,111.36,125.28,139.2,ShowDailyK_ChartFlow,FinMind_API_TaiwanStockPrice_2412,True,2026-09-22T15:41:02,2026-09-22T15:41:02,2026-09-22T15:41:02
2412,中華電,2022-04-08,128.0,1.0,0.79%,4.640000000000001,27.77,69.6,83.52,97.44,111.36,125.28,139.2,ShowDailyK_ChartFlow,FinMind_API_TaiwanStockPrice_2412,True,2026-09-22T15:41:02,2026-09-22T15:41:02,2026-09-22T15:41:02
2412,中華電,2022-04-11,130.0,2.0,1.56%,4.640000000000001,28.2,69.6,83.52,97.44,111.36,125.28,139.2,ShowDailyK_ChartFlow,FinMind_API_TaiwanStockPrice_2412,True,2026-09-22T15:41:02,2026-09-22T15:41:02,2026-09-22T15:41:02
2412,中華電,2022-04-12,128.5,-1.5,-1.15%,4.640000000000001,27.87,69.6,83.52,97.44,111.36,125.28,139.2,ShowDailyK_ChartFlow,FinMind_API_TaiwanStockPrice_2412,True,2026-09-22T15:41:02,2026-09-22T15:41:02,2026-09-22T15:41:02
2412,中華電,2022-04-13,128.5,0.0,0.00%,4.640000000000001,27.87,69.6,83.52,97.44,111.36,125.28,139.2,ShowDailyK_ChartFlow,FinMind_API_TaiwanStockPrice_2412,True,2026-09-22T15:41:02,2026-09-22T15:41:02,2026-09-22T15:41:02
2412,中華電,2022-04-14,130.0,1.5,1.17%,4.640000000000001,28.2,69.6,83.52,97.44,111.36,125.28,139.2,ShowDailyK_ChartFlow,FinMind_API_TaiwanStockPrice_2412,True,2026-09-22T15:41:02,2026-09-22T15:41:02,2026-09-22T15:41:02
2412,中華電,2022-04-15,129.5,-0.5,-0.38%,4.640000000000001,28.09,69.6,83.52,97.44,111.36,125.28,139.2,ShowDailyK_ChartFlow,FinMind_API_TaiwanStockPrice_2412,True,2026-09-22T15:41:02,2026-09-22T15:41:02,2026-09-22T15:41:02
2412,中華電,2022-04-18,130.0,0.5,0.39%,4.640000000000001,28.2,69.6,83.52,97.44,111.36,125.28,139.2,ShowDailyK_ChartFlow,FinMind_API_TaiwanStockPrice_2412,True,2026-09-22T15:41:02,2026-09-22T15:41:02,2026-09-22T15:41:02
2412,中華電,2022-04-19,129.5,-0.5,-0.38%,4.640000000000001,28.09,69.6,83.52,97.44,111.36,125.28,139.2,ShowDailyK_ChartFlow,FinMind_API_TaiwanStockPrice_2412,True,2026-09-22T15:41:02,2026-09-22T15:41:02,2026-09-22T15:41:02
2412,中華電,2022-04-20,131.0,1.5,1.16%,4.640000000000001,28.42,69.6,83.52,97.44,111.36,125.28,139.2,ShowDailyK_ChartFlow,FinMind_API_TaiwanStockPrice_2412,True,2026-09-22T15:41:02,2026-09-22T15:41:02,2026-09-22T15:41:02
2412,中華電,2022-04-21,131.0,0.0,0.00%,4.640000000000001,28.42,69.6,83.52,97.44,111.36,125.28,139.2,ShowDailyK_ChartFlow,FinMind_API_TaiwanStockPrice_2412,True,2026-09-22T15:41:02,2026-09-22T15:41:02,2026-09-22T15:41:02
2412,中華電,2022-04-22,131.5,0.5,0.38%,4.640000000000001,28.52,69.6,83.52,97.44,111.36,125.28,139.2,ShowDailyK_ChartFlow,FinMind_API_TaiwanStockPrice_2412,True,2026-09-22T15:41:02,2026-09-22T15:41:02,2026-09-22T15:41:02
2412,中華電,2022-04-25,131.5,0.0,0.00%,4.640000000000001,28.52,69.6,83.52,97.44,111.36,125.28,139.2,ShowDailyK_ChartFlow,FinMind_API_TaiwanStockPrice_2412,True,2026-09-22T15:41:02,2026-09-22T15:41:02,2026-09-22T15:41:02
2412,中華電,2022-04-26,132.0,0.5,0.38%,4.640000000000001,28.63,69.6,83.52,97.44,111.36,125.28,139.2,ShowDailyK_ChartFlow,FinMind_API_TaiwanStockPrice_2412,True,2026-09-22T15:41:02,2026-09-22T15:41:02,2026-09-22T15:41:02
2412,中華電,2022-04-27,132.0,0.0,0.00%,4.640000000000001,28.63,69.6,83.52,97.44,111.36,125.28,139.2,ShowDailyK_ChartFlow,FinMind_API_TaiwanStockPrice_2412,True,2026-09-22T15:41:02,2026-09-22T15:41:02,2026-09-22T15:41:02
2412,中華電,2022-04-28,131.5,-0.5,-0.38%,4.640000000000001,28.52,69.6,83.52,97.44,111.36,125.28,139.2,ShowDailyK_ChartFlow,FinMind_API_TaiwanStockPrice_2412,True,2026-09-22T15:41:02,2026-09-22T15:41:02,2026-09-22T15:41:02
2412,中華電,2022-04-29,131.0,-0.5,-0.38%,4.640000000000001,28.42,69.6,83.52,97.44,111.36,125.28,139.2,ShowDailyK_ChartFlow,FinMind_API_TaiwanStockPrice_2412,True,2026-09-22T15:41:02,2026-09-22T15:41:02,2026-09-22T15:41:02
2412,中華電,2022-05-03,127.5,-3.5,-2.67%,4.640000000000001,27.66,69.6,83.52,97.44,111.36,125.28,139.2,ShowDailyK_ChartFlow,FinMind_API_TaiwanStockPrice_2412,True,2026-09-22T15:41:02,2026-09-22T15:41:02,2026-09-22T15:41:02
2412,中華電,2022-05-04,124.0,-3.5,-2.75%,4.640000000000001,26.9,69.6,83.52,97.44,111.36,125.28,139.2,ShowDailyK_ChartFlow,FinMind_API_TaiwanStockPrice_2412,True,2026-09-22T15:41:02,2026-09-22T15:41:02,2026-09-22T15:41:02
2412,中華電,2022-05-05,125.0,1.0,0.81%,4.640000000000001,27.11,69.6,83.52,97.44,111.36,125.28,139.2,ShowDailyK_ChartFlow,FinMind_API_TaiwanStockPrice_2412,True,2026-09-22T15:41:02,2026-09-22T15:41:02,2026-09-22T15:41:02
2412,中華電,2022-05-06,126.5,1.5,1.20%,4.640000000000001,27.26,69.6,83.52,97.44,111.36,125.28,139.2,ShowDailyK_ChartFlow,FinMind_API_TaiwanStockPrice_2412,True,2026-09-22T15:41:02,2026-09-22T15:41:02,2026-09-22T15:41:02
2412,中華電,2022-05-09,125.0,-1.5,-1.19%,4.640000000000001,26.94,69.6,83.52,97.44,111.36,125.28,139.2,ShowDailyK_ChartFlow,FinMind_API_TaiwanStockPrice_2412,True,2026-09-22T15:41:02,2026-09-22T15:41:02,2026-09-22T15:41:02
2412,中華電,2022-05-10,124.5,-0.5,-0.40%,4.640000000000001,26.83,69.6,83.52,97.44,111.36,125.28,139.2,ShowDailyK_ChartFlow,FinMind_API_TaiwanStockPrice_2412,True,2026-09-22T15:41:02,2026-09-22T15:41:02,2026-09-22T15:41:02
2412,中華電,2022-05-11,125.0,0.5,0.40%,4.640000000000001,26.94,69.6,83.52,97.44,111.36,125.28,139.2,ShowDailyK_ChartFlow,FinMind_API_TaiwanStockPrice_2412,True,2026-09-22T15:41:02,2026-09-22T15:41:02,2026-09-22T15:41:02
2412,中華電,2022-05-12,124.0,-1.0,-0.80%,4.640000000000001,26.72,69.6,83.52,97.44,111.36,125.28,139.2,ShowDailyK_ChartFlow,FinMind_API_TaiwanStockPrice_2412,True,2026-09-22T15:41:02,2026-09-22T15:41:02,2026-09-22T15:41:02
2412,中華電,2022-05-13,124.0,0.0,0.00%,4.640000000000001,26.72,69.6,83.52,97.44,111.36,125.28,139.2,ShowDailyK_ChartFlow,FinMind_API_TaiwanStockPrice_2412,True,2026-09-22T15:41:02,2026-09-22T15:41:02,2026-09-22T15:41:02
2412,中華電,2022-05-16,124.0,0.0,0.00%,4.640000000000001,26.72,69.6,83.52,97.44,111.36,125.28,139.2,ShowDailyK_ChartFlow,FinMind_API_TaiwanStockPrice_2412,True,2026-09-22T15:41:02,2026-09-22T15:41:02,2026-09-22T15:41:02
2412,中華電,2022-05-17,123.5,-0.5,-0.40%,4.640000000000001,26.62,69.6,83.52,97.44,111.36,125.28,139.2,ShowDailyK_ChartFlow,FinMind_API_TaiwanStockPrice_2412,True,2026-09-22T15:41:02,2026-09-22T15:41:02,2026-09-22T15:41:02
2412,中華電,2022-05-18,125.0,1.5,1.21%,4.640000000000001,26.94,69.6,83.52,97.44,111.36,125.28,139.2,ShowDailyK_ChartFlow,FinMind_API_TaiwanStockPrice_2412,True,2026-09-22T15:41:02,2026-09-22T15:41:02,2026-09-22T15:41:02
2412,中華電,2022-05-19,124.5,-0.5,-0.40%,4.640000000000001,26.83,69.6,83.52,97.44,111.36,125.28,139.2,ShowDailyK_ChartFlow,FinMind_API_TaiwanStockPrice_2412,True,2026-09-22T15:41:02,2026-09-22T15:41:02,2026-09-22T15:41:02
2412,中華電,2022-05-20,124.5,0.0,0.00%,4.640000000000001,26.83,69.6,83.52,97.44,111.36,125.28,139.2,ShowDailyK_ChartFlow,FinMind_API_TaiwanStockPrice_2412,True,2026-09-22T15:41:02,2026-09-22T15:41:02,2026-09-22T15:41:02
2412,中華電,2022-05-23,123.5,-1.0,-0.80%,4.640000000000001,26.62,69.6,83.52,97.44,111.36,125.28,139.2,ShowDailyK_ChartFlow,FinMind_API_TaiwanStockPrice_2412,True,2026-09-22T15:41:02,2026-09-22T15:41:02,2026-09-22T15:41:02
2412,中華電,2022-05-24,124.0,0.5,0.40%,4.640000000000001,26.72,69.6,83.52,97.44,111.36,125.28,139.2,ShowDailyK_ChartFlow,FinMind_API_TaiwanStockPrice_2412,True,2026-09-22T15:41:02,2026-09-22T15:41:02,2026-09-22T15:41:02
2412,中華電,2022-05-25,125.0,1.0,0.81%,4.640000000000001,26.94,69.6,83.52,97.44,111.36,125.28,139.2,ShowDailyK_ChartFlow,FinMind_API_TaiwanStockPrice_2412,True,2026-09-22T15:41:02,2026-09-22T15:41:02,2026-09-22T15:41:02
2412,中華電,2022-05-26,127.5,2.5,2.00%,4.640000000000001,27.48,69.6,83.52,97.44,111.36,125.28,139.2,ShowDailyK_ChartFlow,FinMind_API_TaiwanStockPrice_2412,True,2026-09-22T15:41:02,2026-09-22T15:41:02,2026-09-22T15:41:02
2412,中華電,2022-05-27,125.5,-2.0,-1.57%,4.640000000000001,27.05,69.6,83.52,97.44,111.36,125.28,139.2,ShowDailyK_ChartFlow,FinMind_API_TaiwanStockPrice_2412,True,2026-09-22T15:41:02,2026-09-22T15:41:02,2026-09-22T15:41:02
2412,中華電,2022-05-30,127.0,1.5,1.20%,4.640000000000001,27.37,69.6,83.52,97.44,111.36,125.28,139.2,ShowDailyK_ChartFlow,FinMind_API_TaiwanStockPrice_2412,True,2026-09-22T15:41:02,2026-09-22T15:41:02,2026-09-22T15:41:02
2412,中華電,2022-05-31,127.0,0.0,0.00%,4.640000000000001,27.37,69.6,83.52,97.44,111.36,125.28,139.2,ShowDailyK_ChartFlow,FinMind_API_TaiwanStockPrice_2412,True,2026-09-22T15:41:02,2026-09-22T15:41:02,2026-09-22T15:41:02
2412,中華電,2022-06-01,125.0,-2.0,-1.57%,4.640000000000001,26.94,69.6,83.52,97.44,111.36,125.28,139.2,ShowDailyK_ChartFlow,FinMind_API_TaiwanStockPrice_2412,True,2026-09-22T15:41:02,2026-09-22T15:41:02,2026-09-22T15:41:02
2412,中華電,2022-06-02,125.0,0.0,0.00%,4.640000000000001,26.94,69.6,83.52,97.44,111.36,125.28,139.2,ShowDailyK_ChartFlow,FinMind_API_TaiwanStockPrice_2412,True,2026-09-22T15:41:02,2026-09-22T15:41:02,2026-09-22T15:41:02
2412,中華電,2022-06-06,126.0,1.0,0.80%,4.640000000000001,27.16,69.6,83.52,97.44,111.36,125.28,139.2,ShowDailyK_ChartFlow,FinMind_API_TaiwanStockPrice_2412,True,2026-09-22T15:41:02,2026-09-22T15:41:02,2026-09-22T15:41:02
2412,中華電,2022-06-07,125.5,-0.5,-0.40%,4.640000000000001,27.05,69.6,83.52,97.44,111.36,125.28,139.2,ShowDailyK_ChartFlow,FinMind_API_TaiwanStockPrice_2412,True,2026-09-22T15:41:02,2026-09-22T15:41:02,2026-09-22T15:41:02
2412,中華電,2022-06-08,126.5,1.0,0.80%,4.640000000000001,27.26,69.6,83.52,97.44,111.36,125.28,139.2,ShowDailyK_ChartFlow,FinMind_API_TaiwanStockPrice_2412,True,2026-09-22T15:41:02,2026-09-22T15:41:02,2026-09-22T15:41:02
2412,中華電,2022-06-09,126.0,-0.5,-0.40%,4.640000000000001,27.16,69.6,83.52,97.44,111.36,125.28,139.2,ShowDailyK_ChartFlow,FinMind_API_TaiwanStockPrice_2412,True,2026-09-22T15:41:02,2026-09-22T15:41:02,2026-09-22T15:41:02
2412,中華電,2022-06-10,125.0,-1.0,-0.79%,4.640000000000001,26.94,69.6,83.52,97.44,111.36,125.28,139.2,ShowDailyK_ChartFlow,FinMind_API_TaiwanStockPrice_2412,True,2026-09-22T15:41:02,2026-09-22T15:41:02,2026-09-22T15:41:02
2412,中華電,2022-06-13,125.0,0.0,0.00%,4.640000000000001,26.94,69.6,83.52,97.44,111.36,125.28,139.2,ShowDailyK_ChartFlow,FinMind_API_TaiwanStockPrice_2412,True,2026-09-22T15:41:02,2026-09-22T15:41:02,2026-09-22T15:41:02
2412,中華電,2022-06-14,124.5,-0.5,-0.40%,4.640000000000001,26.83,69.6,83.52,97.44,111.36,125.28,139.2,ShowDailyK_ChartFlow,FinMind_API_TaiwanStockPrice_2412,True,2026-09-22T15:41:02,2026-09-22T15:41:02,2026-09-22T15:41:02
2412,中華電,2022-06-15,125.0,0.5,0.40%,4.640000000000001,26.94,69.6,83.52,97.44,111.36,125.28,139.2,ShowDailyK_ChartFlow,FinMind_API_TaiwanStockPrice_2412,True,2026-09-22T15:41:02,2026-09-22T15:41:02,2026-09-22T15:41:02
2412,中華電,2022-06-16,124.0,-1.0,-0.80%,4.640000000000001,26.72,69.6,83.52,97.44,111.36,125.28,139.2,ShowDailyK_ChartFlow,FinMind_API_TaiwanStockPrice_2412,True,2026-09-22T15:41:02,2026-09-22T15:41:02,2026-09-22T15:41:02
2412,中華電,2022-06-17,125.0,1.0,0.81%,4.640000000000001,26.94,69.6,83.52,97.44,111.36,125.28,139.2,ShowDailyK_ChartFlow,FinMind_API_TaiwanStockPrice_2412,True,2026-09-22T15:41:02,2026-09-22T15:41:02,2026-09-22T15:41:02
2412,中華電,2022-06-20,125.0,0.0,0.00%,4.640000000000001,26.94,69.6,83.52,97.44,111.36,125.28,139.2,ShowDailyK_ChartFlow,FinMind_API_TaiwanStockPrice_2412,True,2026-09-22T15:41:02,2026-09-22T15:41:02,2026-09-22T15:41:02
2412,中華電,2022-06-21,126.5,1.5,1.20%,4.640000000000001,27.26,69.6,83.52,97.44,111.36,125.28,139.2,ShowDailyK_ChartFlow,FinMind_API_TaiwanStockPrice_2412,True,2026-09-22T15:41:02,2026-09-22T15:41:02,2026-09-22T15:41:02
2412,中華電,2022-06-22,125.5,-1.0,-0.79%,4.640000000000001,27.05,69.6,83.52,97.44,111.36,125.28,139.2,ShowDailyK_ChartFlow,FinMind_API_TaiwanStockPrice_2412,True,2026-09-22T15:41:02,2026-09-22T15:41:02,2026-09-22T15:41:02
2412,中華電,2022-06-23,127.0,1.5,1.20%,4.640000000000001,27.37,69.6,83.52,97.44,111.36,125.28,139.2,ShowDailyK_ChartFlow,FinMind_API_TaiwanStockPrice_2412,True,2026-09-22T15:41:02,2026-09-22T15:41:02,2026-09-22T15:41:02
2412,中華電,2022-06-24,129.0,2.0,1.57%,4.640000000000001,27.8,69.6,83.52,97.44,111.36,125.28,139.2,ShowDailyK_ChartFlow,FinMind_API_TaiwanStockPrice_2412,True,2026-09-22T15:41:02,2026-09-22T15:41:02,2026-09-22T15:41:02
2412,中華電,2022-06-27,128.5,-0.5,-0.39%,4.640000000000001,27.69,69.6,83.52,97.44,111.36,125.28,139.2,ShowDailyK_ChartFlow,FinMind_API_TaiwanStockPrice_2412,True,2026-09-22T15:41:02,2026-09-22T15:41:02,2026-09-22T15:41:02
2412,中華電,2022-06-28,129.0,0.5,0.39%,4.640000000000001,27.8,69.6,83.52,97.44,111.36,125.28,139.2,ShowDailyK_ChartFlow,FinMind_API_TaiwanStockPrice_2412,True,2026-09-22T15:41:02,2026-09-22T15:41:02,2026-09-22T15:41:02
2412,中華電,2022-06-29,130.5,1.5,1.16%,4.640000000000001,28.13,69.6,83.52,97.44,111.36,125.28,139.2,ShowDailyK_ChartFlow,FinMind_API_TaiwanStockPrice_2412,True,2026-09-22T15:41:02,2026-09-22T15:41:02,2026-09-22T15:41:02
2412,中華電,2022-06-30,122.0,-8.5,-6.51%,4.7299999999999995,26.29,70.95,85.14,99.33,113.52,127.71,141.9,ShowDailyK_ChartFlow,FinMind_API_TaiwanStockPrice_2412,True,2026-09-22T15:41:02,2026-09-22T15:41:02,2026-09-22T15:41:02
2412,中華電,2022-07-01,124.0,2.0,1.64%,4.7299999999999995,26.72,70.95,85.14,99.33,113.52,127.71,141.9,ShowDailyK_ChartFlow,FinMind_API_TaiwanStockPrice_2412,True,2026-09-22T15:41:02,2026-09-22T15:41:02,2026-09-22T15:41:02
2412,中華電,2022-07-04,126.5,2.5,2.02%,4.7299999999999995,27.26,70.95,85.14,99.33,113.52,127.71,141.9,ShowDailyK_ChartFlow,FinMind_API_TaiwanStockPrice_2412,True,2026-09-22T15:41:02,2026-09-22T15:41:02,2026-09-22T15:41:02
2412,中華電,2022-07-05,127.0,0.5,0.40%,4.7299999999999995,27.37,70.95,85.14,99.33,113.52,127.71,141.9,ShowDailyK_ChartFlow,FinMind_API_TaiwanStockPrice_2412,True,2026-09-22T15:41:02,2026-09-22T15:41:02,2026-09-22T15:41:02
2412,中華電,2022-07-06,128.0,1.0,0.79%,4.7299999999999995,27.59,70.95,85.14,99.33,113.52,127.71,141.9,ShowDailyK_ChartFlow,FinMind_API_TaiwanStockPrice_2412,True,2026-09-22T15:41:02,2026-09-22T15:41:02,2026-09-22T15:41:02
2412,中華電,2022-07-07,127.5,-0.5,-0.39%,4.7299999999999995,27.48,70.95,85.14,99.33,113.52,127.71,141.9,ShowDailyK_ChartFlow,FinMind_API_TaiwanStockPrice_2412,True,2026-09-22T15:41:02,2026-09-22T15:41:02,2026-09-22T15:41:02
2412,中華電,2022-07-08,124.5,-3.0,-2.35%,4.7299999999999995,26.83,70.95,85.14,99.33,113.52,127.71,141.9,ShowDailyK_ChartFlow,FinMind_API_TaiwanStockPrice_2412,True,2026-09-22T15:41:02,2026-09-22T15:41:02,2026-09-22T15:41:02
2412,中華電,2022-07-11,124.0,-0.5,-0.40%,4.7299999999999995,26.72,70.95,85.14,99.33,113.52,127.71,141.9,ShowDailyK_ChartFlow,FinMind_API_TaiwanStockPrice_2412,True,2026-09-22T15:41:02,2026-09-22T15:41:02,2026-09-22T15:41:02
2412,中華電,2022-07-12,122.5,-1.5,-1.21%,4.7299999999999995,26.4,70.95,85.14,99.33,113.52,127.71,141.9,ShowDailyK_ChartFlow,FinMind_API_TaiwanStockPrice_2412,True,2026-09-22T15:41:02,2026-09-22T15:41:02,2026-09-22T15:41:02
2412,中華電,2022-07-13,124.0,1.5,1.22%,4.7299999999999995,26.72,70.95,85.14,99.33,113.52,127.71,141.9,ShowDailyK_ChartFlow,FinMind_API_TaiwanStockPrice_2412,True,2026-09-22T15:41:02,2026-09-22T15:41:02,2026-09-22T15:41:02
2412,中華電,2022-07-14,123.0,-1.0,-0.81%,4.7299999999999995,26.51,70.95,85.14,99.33,113.52,127.71,141.9,ShowDailyK_ChartFlow,FinMind_API_TaiwanStockPrice_2412,True,2026-09-22T15:41:02,2026-09-22T15:41:02,2026-09-22T15:41:02
2412,中華電,2022-07-15,123.0,0.0,0.00%,4.7299999999999995,26.51,70.95,85.14,99.33,113.52,127.71,141.9,ShowDailyK_ChartFlow,FinMind_API_TaiwanStockPrice_2412,True,2026-09-22T15:41:02,2026-09-22T15:41:02,2026-09-22T15:41:02
2412,中華電,2022-07-18,123.0,0.0,0.00%,4.7299999999999995,26.51,70.95,85.14,99.33,113.52,127.71,141.9,ShowDailyK_ChartFlow,FinMind_API_TaiwanStockPrice_2412,True,2026-09-22T15:41:02,2026-09-22T15:41:02,2026-09-22T15:41:02
2412,中華電,2022-07-19,121.5,-1.5,-1.22%,4.7299999999999995,26.19,70.95,85.14,99.33,113.52,127.71,141.9,ShowDailyK_ChartFlow,FinMind_API_TaiwanStockPrice_2412,True,2026-09-22T15:41:02,2026-09-22T15:41:02,2026-09-22T15:41:02
2412,中華電,2022-07-20,120.0,-1.5,-1.23%,4.7299999999999995,25.86,70.95,85.14,99.33,113.52,127.71,141.9,ShowDailyK_ChartFlow,FinMind_API_TaiwanStockPrice_2412,True,2026-09-22T15:41:02,2026-09-22T15:41:02,2026-09-22T15:41:02
2412,中華電,2022-07-21,119.5,-0.5,-0.42%,4.7299999999999995,25.75,70.95,85.14,99.33,113.52,127.71,141.9,ShowDailyK_ChartFlow,FinMind_API_TaiwanStockPrice_2412,True,2026-09-22T15:41:02,2026-09-22T15:41:02,2026-09-22T15:41:02
2412,中華電,2022-07-22,118.5,-1.0,-0.84%,4.7299999999999995,25.54,70.95,85.14,99.33,113.52,127.71,141.9,ShowDailyK_ChartFlow,FinMind_API_TaiwanStockPrice_2412,True,2026-09-22T15:41:02,2026-09-22T15:41:02,2026-09-22T15:41:02
2412,中華電,2022-07-25,120.0,1.5,1.27%,4.7299999999999995,25.86,70.95,85.14,99.33,113.52,127.71,141.9,ShowDailyK_ChartFlow,FinMind_API_TaiwanStockPrice_2412,True,2026-09-22T15:41:02,2026-09-22T15:41:02,2026-09-22T15:41:02
2412,中華電,2022-07-26,120.0,0.0,0.00%,4.7299999999999995,25.86,70.95,85.14,99.33,113.52,127.71,141.9,ShowDailyK_ChartFlow,FinMind_API_TaiwanStockPrice_2412,True,2026-09-22T15:41:02,2026-09-22T15:41:02,2026-09-22T15:41:02
2412,中華電,2022-07-27,121.5,1.5,1.25%,4.7299999999999995,26.19,70.95,85.14,99.33,113.52,127.71,141.9,ShowDailyK_ChartFlow,FinMind_API_TaiwanStockPrice_2412,True,2026-09-22T15:41:02,2026-09-22T15:41:02,2026-09-22T15:41:02
2412,中華電,2022-07-28,121.5,0.0,0.00%,4.7299999999999995,26.19,70.95,85.14,99.33,113.52,127.71,141.9,ShowDailyK_ChartFlow,FinMind_API_TaiwanStockPrice_2412,True,2026-09-22T15:41:02,2026-09-22T15:41:02,2026-09-22T15:41:02
2412,中華電,2022-07-29,121.5,0.0,0.00%,4.7299999999999995,26.19,70.95,85.14,99.33,113.52,127.71,141.9,ShowDailyK_ChartFlow,FinMind_API_TaiwanStockPrice_2412,True,2026-09-22T15:41:02,2026-09-22T15:41:02,2026-09-22T15:41:02
2412,中華電,2022-08-01,122.0,0.5,0.41%,4.7299999999999995,26.29,70.95,85.14,99.33,113.52,127.71,141.9,ShowDailyK_ChartFlow,FinMind_API_TaiwanStockPrice_2412,True,2026-09-22T15:41:02,2026-09-22T15:41:02,2026-09-22T15:41:02
2412,中華電,2022-08-02,122.5,0.5,0.41%,4.7299999999999995,26.4,70.95,85.14,99.33,113.52,127.71,141.9,ShowDailyK_ChartFlow,FinMind_API_TaiwanStockPrice_2412,True,2026-09-22T15:41:02,2026-09-22T15:41:02,2026-09-22T15:41:02
2412,中華電,2022-08-03,121.5,-1.0,-0.82%,4.7299999999999995,26.19,70.95,85.14,99.33,113.52,127.71,141.9,ShowDailyK_ChartFlow,FinMind_API_TaiwanStockPrice_2412,True,2026-09-22T15:41:02,2026-09-22T15:41:02,2026-09-22T15:41:02
2412,中華電,2022-08-04,120.5,-1.0,-0.82%,4.7299999999999995,25.97,70.95,85.14,99.33,113.52,127.71,141.9,ShowDailyK_ChartFlow,FinMind_API_TaiwanStockPrice_2412,True,2026-09-22T15:41:02,2026-09-22T15:41:02,2026-09-22T15:41:02
2412,中華電,2022-08-05,122.0,1.5,1.24%,4.7299999999999995,26.29,70.95,85.14,99.33,113.52,127.71,141.9,ShowDailyK_ChartFlow,FinMind_API_TaiwanStockPrice_2412,True,2026-09-22T15:41:02,2026-09-22T15:41:02,2026-09-22T15:41:02
2412,中華電,2022-08-08,122.5,0.5,0.41%,4.7299999999999995,25.9,70.95,85.14,99.33,113.52,127.71,141.9,ShowDailyK_ChartFlow,FinMind_API_TaiwanStockPrice_2412,True,2026-09-22T15:41:02,2026-09-22T15:41:02,2026-09-22T15:41:02
2412,中華電,2022-08-09,122.5,0.0,0.00%,4.7299999999999995,25.9,70.95,85.14,99.33,113.52,127.71,141.9,ShowDailyK_ChartFlow,FinMind_API_TaiwanStockPrice_2412,True,2026-09-22T15:41:02,2026-09-22T15:41:02,2026-09-22T15:41:02
2412,中華電,2022-08-10,122.5,0.0,0.00%,4.7299999999999995,25.9,70.95,85.14,99.33,113.52,127.71,141.9,ShowDailyK_ChartFlow,FinMind_API_TaiwanStockPrice_2412,True,2026-09-22T15:41:02,2026-09-22T15:41:02,2026-09-22T15:41:02
2412,中華電,2022-08-11,125.0,2.5,2.04%,4.7299999999999995,26.43,70.95,85.14,99.33,113.52,127.71,141.9,ShowDailyK_ChartFlow,FinMind_API_TaiwanStockPrice_2412,True,2026-09-22T15:41:02,2026-09-22T15:41:02,2026-09-22T15:41:02
2412,中華電,2022-08-12,125.0,0.0,0.00%,4.7299999999999995,26.43,70.95,85.14,99.33,113.52,127.71,141.9,ShowDailyK_ChartFlow,FinMind_API_TaiwanStockPrice_2412,True,2026-09-22T15:41:02,2026-09-22T15:41:02,2026-09-22T15:41:02
2412,中華電,2022-08-15,124.5,-0.5,-0.40%,4.7299999999999995,26.32,70.95,85.14,99.33,113.52,127.71,141.9,ShowDailyK_ChartFlow,FinMind_API_TaiwanStockPrice_2412,True,2026-09-22T15:41:02,2026-09-22T15:41:02,2026-09-22T15:41:02
2412,中華電,2022-08-16,123.5,-1.0,-0.80%,4.7299999999999995,26.11,70.95,85.14,99.33,113.52,127.71,141.9,ShowDailyK_ChartFlow,FinMind_API_TaiwanStockPrice_2412,True,2026-09-22T15:41:02,2026-09-22T15:41:02,2026-09-22T15:41:02
2412,中華電,2022-08-17,123.0,-0.5,-0.40%,4.7299999999999995,26.0,70.95,85.14,99.33,113.52,127.71,141.9,ShowDailyK_ChartFlow,FinMind_API_TaiwanStockPrice_2412,True,2026-09-22T15:41:02,2026-09-22T15:41:02,2026-09-22T15:41:02
2412,中華電,2022-08-18,122.5,-0.5,-0.41%,4.7299999999999995,25.9,70.95,85.14,99.33,113.52,127.71,141.9,ShowDailyK_ChartFlow,FinMind_API_TaiwanStockPrice_2412,True,2026-09-22T15:41:02,2026-09-22T15:41:02,2026-09-22T15:41:02
2412,中華電,2022-08-19,121.5,-1.0,-0.82%,4.7299999999999995,25.69,70.95,85.14,99.33,113.52,127.71,141.9,ShowDailyK_ChartFlow,FinMind_API_TaiwanStockPrice_2412,True,2026-09-22T15:41:02,2026-09-22T15:41:02,2026-09-22T15:41:02
2412,中華電,2022-08-22,123.0,1.5,1.23%,4.7299999999999995,26.0,70.95,85.14,99.33,113.52,127.71,141.9,ShowDailyK_ChartFlow,FinMind_API_TaiwanStockPrice_2412,True,2026-09-22T15:41:02,2026-09-22T15:41:02,2026-09-22T15:41:02
2412,中華電,2022-08-23,122.5,-0.5,-0.41%,4.7299999999999995,25.9,70.95,85.14,99.33,113.52,127.71,141.9,ShowDailyK_ChartFlow,FinMind_API_TaiwanStockPrice_2412,True,2026-09-22T15:41:02,2026-09-22T15:41:02,2026-09-22T15:41:02
2412,中華電,2022-08-24,122.0,-0.5,-0.41%,4.7299999999999995,25.79,70.95,85.14,99.33,113.52,127.71,141.9,ShowDailyK_ChartFlow,FinMind_API_TaiwanStockPrice_2412,True,2026-09-22T15:41:02,2026-09-22T15:41:02,2026-09-22T15:41:02
2412,中華電,2022-08-25,122.0,0.0,0.00%,4.7299999999999995,25.79,70.95,85.14,99.33,113.52,127.71,141.9,ShowDailyK_ChartFlow,FinMind_API_TaiwanStockPrice_2412,True,2026-09-22T15:41:02,2026-09-22T15:41:02,2026-09-22T15:41:02
2412,中華電,2022-08-26,122.0,0.0,0.00%,4.7299999999999995,25.79,70.95,85.14,99.33,113.52,127.71,141.9,ShowDailyK_ChartFlow,FinMind_API_TaiwanStockPrice_2412,True,2026-09-22T15:41:02,2026-09-22T15:41:02,2026-09-22T15:41:02
2412,中華電,2022-08-29,123.0,1.0,0.82%,4.7299999999999995,26.0,70.95,85.14,99.33,113.52,127.71,141.9,ShowDailyK_ChartFlow,FinMind_API_TaiwanStockPrice_2412,True,2026-09-22T15:41:02,2026-09-22T15:41:02,2026-09-22T15:41:02
2412,中華電,2022-08-30,122.5,-0.5,-0.41%,4.7299999999999995,25.9,70.95,85.14,99.33,113.52,127.71,141.9,ShowDailyK_ChartFlow,FinMind_API_TaiwanStockPrice_2412,True,2026-09-22T15:41:02,2026-09-22T15:41:02,2026-09-22T15:41:02
2412,中華電,2022-08-31,121.0,-1.5,-1.22%,4.7299999999999995,25.58,70.95,85.14,99.33,113.52,127.71,141.9,ShowDailyK_ChartFlow,FinMind_API_TaiwanStockPrice_2412,True,2026-09-22T15:41:02,2026-09-22T15:41:02,2026-09-22T15:41:02
2412,中華電,2022-09-01,121.0,0.0,0.00%,4.7299999999999995,25.58,70.95,85.14,99.33,113.52,127.71,141.9,ShowDailyK_ChartFlow,FinMind_API_TaiwanStockPrice_2412,True,2026-09-22T15:41:02,2026-09-22T15:41:02,2026-09-22T15:41:02
2412,中華電,2022-09-02,121.0,0.0,0.00%,4.7299999999999995,25.58,70.95,85.14,99.33,113.52,127.71,141.9,ShowDailyK_ChartFlow,FinMind_API_TaiwanStockPrice_2412,True,2026-09-22T15:41:02,2026-09-22T15:41:02,2026-09-22T15:41:02
2412,中華電,2022-09-05,122.0,1.0,0.83%,4.7299999999999995,25.79,70.95,85.14,99.33,113.52,127.71,141.9,ShowDailyK_ChartFlow,FinMind_API_TaiwanStockPrice_2412,True,2026-09-22T15:41:02,2026-09-22T15:41:02,2026-09-22T15:41:02
2412,中華電,2022-09-06,121.5,-0.5,-0.41%,4.7299999999999995,25.69,70.95,85.14,99.33,113.52,127.71,141.9,ShowDailyK_ChartFlow,FinMind_API_TaiwanStockPrice_2412,True,2026-09-22T15:41:02,2026-09-22T15:41:02,2026-09-22T15:41:02
2412,中華電,2022-09-07,120.5,-1.0,-0.82%,4.7299999999999995,25.48,70.95,85.14,99.33,113.52,127.71,141.9,ShowDailyK_ChartFlow,FinMind_API_TaiwanStockPrice_2412,True,2026-09-22T15:41:02,2026-09-22T15:41:02,2026-09-22T15:41:02
2412,中華電,2022-09-08,121.0,0.5,0.41%,4.7299999999999995,25.58,70.95,85.14,99.33,113.52,127.71,141.9,ShowDailyK_ChartFlow,FinMind_API_TaiwanStockPrice_2412,True,2026-09-22T15:41:02,2026-09-22T15:41:02,2026-09-22T15:41:02
2412,中華電,2022-09-12,121.0,0.0,0.00%,4.7299999999999995,25.58,70.95,85.14,99.33,113.52,127.71,141.9,ShowDailyK_ChartFlow,FinMind_API_TaiwanStockPrice_2412,True,2026-09-22T15:41:02,2026-09-22T15:41:02,2026-09-22T15:41:02
2412,中華電,2022-09-13,121.0,0.0,0.00%,4.7299999999999995,25.58,70.95,85.14,99.33,113.52,127.71,141.9,ShowDailyK_ChartFlow,FinMind_API_TaiwanStockPrice_2412,True,2026-09-22T15:41:02,2026-09-22T15:41:02,2026-09-22T15:41:02
2412,中華電,2022-09-14,119.5,-1.5,-1.24%,4.7299999999999995,25.26,70.95,85.14,99.33,113.52,127.71,141.9,ShowDailyK_ChartFlow,FinMind_API_TaiwanStockPrice_2412,True,2026-09-22T15:41:02,2026-09-22T15:41:02,2026-09-22T15:41:02
2412,中華電,2022-09-15,119.0,-0.5,-0.42%,4.7299999999999995,25.16,70.95,85.14,99.33,113.52,127.71,141.9,ShowDailyK_ChartFlow,FinMind_API_TaiwanStockPrice_2412,True,2026-09-22T15:41:02,2026-09-22T15:41:02,2026-09-22T15:41:02
2412,中華電,2022-09-16,118.0,-1.0,-0.84%,4.7299999999999995,24.95,70.95,85.14,99.33,113.52,127.71,141.9,ShowDailyK_ChartFlow,FinMind_API_TaiwanStockPrice_2412,True,2026-09-22T15:41:02,2026-09-22T15:41:02,2026-09-22T15:41:02
2412,中華電,2022-09-19,118.0,0.0,0.00%,4.7299999999999995,24.95,70.95,85.14,99.33,113.52,127.71,141.9,ShowDailyK_ChartFlow,FinMind_API_TaiwanStockPrice_2412,True,2026-09-22T15:41:02,2026-09-22T15:41:02,2026-09-22T15:41:02
2412,中華電,2022-09-20,118.0,0.0,0.00%,4.7299999999999995,24.95,70.95,85.14,99.33,113.52,127.71,141.9,ShowDailyK_ChartFlow,FinMind_API_TaiwanStockPrice_2412,True,2026-09-22T15:41:02,2026-09-22T15:41:02,2026-09-22T15:41:02
2412,中華電,2022-09-21,117.5,-0.5,-0.42%,4.7299999999999995,24.84,70.95,85.14,99.33,113.52,127.71,141.9,ShowDailyK_ChartFlow,FinMind_API_TaiwanStockPrice_2412,True,2026-09-22T15:41:02,2026-09-22T15:41:02,2026-09-22T15:41:02
2412,中華電,2022-09-22,116.0,-1.5,-1.28%,4.7299999999999995,24.52,70.95,85.14,99.33,113.52,127.71,141.9,ShowDailyK_ChartFlow,FinMind_API_TaiwanStockPrice_2412,True,2026-09-22T15:41:02,2026-09-22T15:41:02,2026-09-22T15:41:02
2412,中華電,2022-09-23,115.0,-1.0,-0.86%,4.7299999999999995,24.31,70.95,85.14,99.33,113.52,127.71,141.9,ShowDailyK_ChartFlow,FinMind_API_TaiwanStockPrice_2412,True,2026-09-22T15:41:02,2026-09-22T15:41:02,2026-09-22T15:41:02
2412,中華電,2022-09-26,116.5,1.5,1.30%,4.7299999999999995,24.63,70.95,85.14,99.33,113.52,127.71,141.9,ShowDailyK_ChartFlow,FinMind_API_TaiwanStockPrice_2412,True,2026-09-22T15:41:02,2026-09-22T15:41:02,2026-09-22T15:41:02
2412,中華電,2022-09-27,116.0,-0.5,-0.43%,4.7299999999999995,24.52,70.95,85.14,99.33,113.52,127.71,141.9,ShowDailyK_ChartFlow,FinMind_API_TaiwanStockPrice_2412,True,2026-09-22T15:41:02,2026-09-22T15:41:02,2026-09-22T15:41:02
2412,中華電,2022-09-28,116.5,0.5,0.43%,4.7299999999999995,24.63,70.95,85.14,99.33,113.52,127.71,141.9,ShowDailyK_ChartFlow,FinMind_API_TaiwanStockPrice_2412,True,2026-09-22T15:41:02,2026-09-22T15:41:02,2026-09-22T15:41:02
2412,中華電,2022-09-29,116.0,-0.5,-0.43%,4.7299999999999995,24.52,70.95,85.14,99.33,113.52,127.71,141.9,ShowDailyK_ChartFlow,FinMind_API_TaiwanStockPrice_2412,True,2026-09-22T15:41:02,2026-09-22T15:41:02,2026-09-22T15:41:02
2412,中華電,2022-09-30,114.0,-2.0,-1.72%,4.7299999999999995,24.1,70.95,85.14,99.33,113.52,127.71,141.9,ShowDailyK_ChartFlow,FinMind_API_TaiwanStockPrice_2412,True,2026-09-22T15:41:02,2026-09-22T15:41:02,2026-09-22T15:41:02
2412,中華電,2022-10-03,111.5,-2.5,-2.19%,4.7299999999999995,23.57,70.95,85.14,99.33,113.52,127.71,141.9,ShowDailyK_ChartFlow,FinMind_API_TaiwanStockPrice_2412,True,2026-09-22T15:41:02,2026-09-22T15:41:02,2026-09-22T15:41:02
2412,中華電,2022-10-04,112.0,0.5,0.45%,4.7299999999999995,23.68,70.95,85.14,99.33,113.52,127.71,141.9,ShowDailyK_ChartFlow,FinMind_API_TaiwanStockPrice_2412,True,2026-09-22T15:41:02,2026-09-22T15:41:02,2026-09-22T15:41:02
2412,中華電,2022-10-05,111.5,-0.5,-0.45%,4.7299999999999995,23.57,70.95,85.14,99.33,113.52,127.71,141.9,ShowDailyK_ChartFlow,FinMind_API_TaiwanStockPrice_2412,True,2026-09-22T15:41:02,2026-09-22T15:41:02,2026-09-22T15:41:02
2412,中華電,2022-10-06,110.5,-1.0,-0.90%,4.7299999999999995,23.36,70.95,85.14,99.33,113.52,127.71,141.9,ShowDailyK_ChartFlow,FinMind_API_TaiwanStockPrice_2412,True,2026-09-22T15:41:02,2026-09-22T15:41:02,2026-09-22T15:41:02
2412,中華電,2022-10-07,110.5,0.0,0.00%,4.7299999999999995,23.36,70.95,85.14,99.33,113.52,127.71,141.9,ShowDailyK_ChartFlow,FinMind_API_TaiwanStockPrice_2412,True,2026-09-22T15:41:02,2026-09-22T15:41:02,2026-09-22T15:41:02
2412,中華電,2022-10-11,109.0,-1.5,-1.36%,4.7299999999999995,23.04,70.95,85.14,99.33,113.52,127.71,141.9,ShowDailyK_ChartFlow,FinMind_API_TaiwanStockPrice_2412,True,2026-09-22T15:41:02,2026-09-22T15:41:02,2026-09-22T15:41:02
2412,中華電,2022-10-12,110.0,1.0,0.92%,4.7299999999999995,23.26,70.95,85.14,99.33,113.52,127.71,141.9,ShowDailyK_ChartFlow,FinMind_API_TaiwanStockPrice_2412,True,2026-09-22T15:41:02,2026-09-22T15:41:02,2026-09-22T15:41:02
2412,中華電,2022-10-13,109.0,-1.0,-0.91%,4.7299999999999995,23.04,70.95,85.14,99.33,113.52,127.71,141.9,ShowDailyK_ChartFlow,FinMind_API_TaiwanStockPrice_2412,True,2026-09-22T15:41:02,2026-09-22T15:41:02,2026-09-22T15:41:02
2412,中華電,2022-10-14,109.0,0.0,0.00%,4.7299999999999995,23.04,70.95,85.14,99.33,113.52,127.71,141.9,ShowDailyK_ChartFlow,FinMind_API_TaiwanStockPrice_2412,True,2026-09-22T15:41:02,2026-09-22T15:41:02,2026-09-22T15:41:02
2412,中華電,2022-10-17,109.0,0.0,0.00%,4.7299999999999995,23.04,70.95,85.14,99.33,113.52,127.71,141.9,ShowDailyK_ChartFlow,FinMind_API_TaiwanStockPrice_2412,True,2026-09-22T15:41:02,2026-09-22T15:41:02,2026-09-22T15:41:02
2412,中華電,2022-10-18,108.5,-0.5,-0.46%,4.7299999999999995,22.94,70.95,85.14,99.33,113.52,127.71,141.9,ShowDailyK_ChartFlow,FinMind_API_TaiwanStockPrice_2412,True,2026-09-22T15:41:02,2026-09-22T15:41:02,2026-09-22T15:41:02
2412,中華電,2022-10-19,107.5,-1.0,-0.92%,4.7299999999999995,22.73,70.95,85.14,99.33,113.52,127.71,141.9,ShowDailyK_ChartFlow,FinMind_API_TaiwanStockPrice_2412,True,2026-09-22T15:41:02,2026-09-22T15:41:02,2026-09-22T15:41:02
2412,中華電,2022-10-20,107.0,-0.5,-0.47%,4.7299999999999995,22.62,70.95,85.14,99.33,113.52,127.71,141.9,ShowDailyK_ChartFlow,FinMind_API_TaiwanStockPrice_2412,True,2026-09-22T15:41:02,2026-09-22T15:41:02,2026-09-22T15:41:02
2412,中華電,2022-10-21,108.0,1.0,0.93%,4.7299999999999995,22.83,70.95,85.14,99.33,113.52,127.71,141.9,ShowDailyK_ChartFlow,FinMind_API_TaiwanStockPrice_2412,True,2026-09-22T15:41:02,2026-09-22T15:41:02,2026-09-22T15:41:02
2412,中華電,2022-10-24,107.5,-0.5,-0.46%,4.7299999999999995,22.73,70.95,85.14,99.33,113.52,127.71,141.9,ShowDailyK_ChartFlow,FinMind_API_TaiwanStockPrice_2412,True,2026-09-22T15:41:02,2026-09-22T15:41:02,2026-09-22T15:41:02
2412,中華電,2022-10-25,110.5,3.0,2.79%,4.7299999999999995,23.36,70.95,85.14,99.33,113.52,127.71,141.9,ShowDailyK_ChartFlow,FinMind_API_TaiwanStockPrice_2412,True,2026-09-22T15:41:02,2026-09-22T15:41:02,2026-09-22T15:41:02
2412,中華電,2022-10-26,108.5,-2.0,-1.81%,4.7299999999999995,22.94,70.95,85.14,99.33,113.52,127.71,141.9,ShowDailyK_ChartFlow,FinMind_API_TaiwanStockPrice_2412,True,2026-09-22T15:41:02,2026-09-22T15:41:02,2026-09-22T15:41:02
2412,中華電,2022-10-27,109.5,1.0,0.92%,4.7299999999999995,23.15,70.95,85.14,99.33,113.52,127.71,141.9,ShowDailyK_ChartFlow,FinMind_API_TaiwanStockPrice_2412,True,2026-09-22T15:41:02,2026-09-22T15:41:02,2026-09-22T15:41:02
2412,中華電,2022-10-28,109.0,-0.5,-0.46%,4.7299999999999995,23.04,70.95,85.14,99.33,113.52,127.71,141.9,ShowDailyK_ChartFlow,FinMind_API_TaiwanStockPrice_2412,True,2026-09-22T15:41:02,2026-09-22T15:41:02,2026-09-22T15:41:02
2412,中華電,2022-10-31,111.0,2.0,1.83%,4.7299999999999995,23.47,70.95,85.14,99.33,113.52,127.71,141.9,ShowDailyK_ChartFlow,FinMind_API_TaiwanStockPrice_2412,True,2026-09-22T15:41:02,2026-09-22T15:41:02,2026-09-22T15:41:02
2412,中華電,2022-11-01,109.5,-1.5,-1.35%,4.7299999999999995,23.15,70.95,85.14,99.33,113.52,127.71,141.9,ShowDailyK_ChartFlow,FinMind_API_TaiwanStockPrice_2412,True,2026-09-22T15:41:02,2026-09-22T15:41:02,2026-09-22T15:41:02
2412,中華電,2022-11-02,108.5,-1.0,-0.91%,4.7299999999999995,22.94,70.95,85.14,99.33,113.52,127.71,141.9,ShowDailyK_ChartFlow,FinMind_API_TaiwanStockPrice_2412,True,2026-09-22T15:41:02,2026-09-22T15:41:02,2026-09-22T15:41:02
2412,中華電,2022-11-03,108.5,0.0,0.00%,4.7299999999999995,22.94,70.95,85.14,99.33,113.52,127.71,141.9,ShowDailyK_ChartFlow,FinMind_API_TaiwanStockPrice_2412,True,2026-09-22T15:41:02,2026-09-22T15:41:02,2026-09-22T15:41:02
2412,中華電,2022-11-04,108.5,0.0,0.00%,4.7299999999999995,22.94,70.95,85.14,99.33,113.52,127.71,141.9,ShowDailyK_ChartFlow,FinMind_API_TaiwanStockPrice_2412,True,2026-09-22T15:41:02,2026-09-22T15:41:02,2026-09-22T15:41:02
2412,中華電,2022-11-07,108.0,-0.5,-0.46%,4.7299999999999995,22.83,70.95,85.14,99.33,113.52,127.71,141.9,ShowDailyK_ChartFlow,FinMind_API_TaiwanStockPrice_2412,True,2026-09-22T15:41:02,2026-09-22T15:41:02,2026-09-22T15:41:02
2412,中華電,2022-11-08,108.5,0.5,0.46%,4.7299999999999995,22.94,70.95,85.14,99.33,113.52,127.71,141.9,ShowDailyK_ChartFlow,FinMind_API_TaiwanStockPrice_2412,True,2026-09-22T15:41:02,2026-09-22T15:41:02,2026-09-22T15:41:02
2412,中華電,2022-11-09,109.0,0.5,0.46%,4.7299999999999995,23.04,70.95,85.14,99.33,113.52,127.71,141.9,ShowDailyK_ChartFlow,FinMind_API_TaiwanStockPrice_2412,True,2026-09-22T15:41:02,2026-09-22T15:41:02,2026-09-22T15:41:02
2412,中華電,2022-11-10,108.5,-0.5,-0.46%,4.7299999999999995,22.94,70.95,85.14,99.33,113.52,127.71,141.9,ShowDailyK_ChartFlow,FinMind_API_TaiwanStockPrice_2412,True,2026-09-22T15:41:02,2026-09-22T15:41:02,2026-09-22T15:41:02
2412,中華電,2022-11-11,109.5,1.0,0.92%,4.7299999999999995,23.15,70.95,85.14,99.33,113.52,127.71,141.9,ShowDailyK_ChartFlow,FinMind_API_TaiwanStockPrice_2412,True,2026-09-22T15:41:02,2026-09-22T15:41:02,2026-09-22T15:41:02
2412,中華電,2022-11-14,109.5,0.0,0.00%,4.7299999999999995,23.15,70.95,85.14,99.33,113.52,127.71,141.9,ShowDailyK_ChartFlow,FinMind_API_TaiwanStockPrice_2412,True,2026-09-22T15:41:02,2026-09-22T15:41:02,2026-09-22T15:41:02
2412,中華電,2022-11-15,109.0,-0.5,-0.46%,4.7299999999999995,23.04,70.95,85.14,99.33,113.52,127.71,141.9,ShowDailyK_ChartFlow,FinMind_API_TaiwanStockPrice_2412,True,2026-09-22T15:41:02,2026-09-22T15:41:02,2026-09-22T15:41:02
2412,中華電,2022-11-16,108.5,-0.5,-0.46%,4.7299999999999995,22.94,70.95,85.14,99.33,113.52,127.71,141.9,ShowDailyK_ChartFlow,FinMind_API_TaiwanStockPrice_2412,True,2026-09-22T15:41:02,2026-09-22T15:41:02,2026-09-22T15:41:02
2412,中華電,2022-11-17,108.0,-0.5,-0.46%,4.7299999999999995,22.83,70.95,85.14,99.33,113.52,127.71,141.9,ShowDailyK_ChartFlow,FinMind_API_TaiwanStockPrice_2412,True,2026-09-22T15:41:02,2026-09-22T15:41:02,2026-09-22T15:41:02
2412,中華電,2022-11-18,109.0,1.0,0.93%,4.7299999999999995,23.04,70.95,85.14,99.33,113.52,127.71,141.9,ShowDailyK_ChartFlow,FinMind_API_TaiwanStockPrice_2412,True,2026-09-22T15:41:02,2026-09-22T15:41:02,2026-09-22T15:41:02
2412,中華電,2022-11-21,109.0,0.0,0.00%,4.7299999999999995,23.04,70.95,85.14,99.33,113.52,127.71,141.9,ShowDailyK_ChartFlow,FinMind_API_TaiwanStockPrice_2412,True,2026-09-22T15:41:02,2026-09-22T15:41:02,2026-09-22T15:41:02
2412,中華電,2022-11-22,108.5,-0.5,-0.46%,4.7299999999999995,22.94,70.95,85.14,99.33,113.52,127.71,141.9,ShowDailyK_ChartFlow,FinMind_API_TaiwanStockPrice_2412,True,2026-09-22T15:41:02,2026-09-22T15:41:02,2026-09-22T15:41:02
2412,中華電,2022-11-23,109.0,0.5,0.46%,4.7299999999999995,23.04,70.95,85.14,99.33,113.52,127.71,141.9,ShowDailyK_ChartFlow,FinMind_API_TaiwanStockPrice_2412,True,2026-09-22T15:41:02,2026-09-22T15:41:02,2026-09-22T15:41:02
2412,中華電,2022-11-24,110.0,1.0,0.92%,4.7299999999999995,23.26,70.95,85.14,99.33,113.52,127.71,141.9,ShowDailyK_ChartFlow,FinMind_API_TaiwanStockPrice_2412,True,2026-09-22T15:41:02,2026-09-22T15:41:02,2026-09-22T15:41:02
2412,中華電,2022-11-25,112.5,2.5,2.27%,4.7299999999999995,23.78,70.95,85.14,99.33,113.52,127.71,141.9,ShowDailyK_ChartFlow,FinMind_API_TaiwanStockPrice_2412,True,2026-09-22T15:41:02,2026-09-22T15:41:02,2026-09-22T15:41:02
2412,中華電,2022-11-28,110.5,-2.0,-1.78%,4.7299999999999995,23.36,70.95,85.14,99.33,113.52,127.71,141.9,ShowDailyK_ChartFlow,FinMind_API_TaiwanStockPrice_2412,True,2026-09-22T15:41:02,2026-09-22T15:41:02,2026-09-22T15:41:02
2412,中華電,2022-11-29,112.0,1.5,1.36%,4.7299999999999995,23.68,70.95,85.14,99.33,113.52,127.71,141.9,ShowDailyK_ChartFlow,FinMind_API_TaiwanStockPrice_2412,True,2026-09-22T15:41:02,2026-09-22T15:41:02,2026-09-22T15:41:02
2412,中華電,2022-11-30,113.5,1.5,1.34%,4.7299999999999995,24.0,70.95,85.14,99.33,113.52,127.71,141.9,ShowDailyK_ChartFlow,FinMind_API_TaiwanStockPrice_2412,True,2026-09-22T15:41:02,2026-09-22T15:41:02,2026-09-22T15:41:02
2412,中華電,2022-12-01,111.5,-2.0,-1.76%,4.7299999999999995,23.57,70.95,85.14,99.33,113.52,127.71,141.9,ShowDailyK_ChartFlow,FinMind_API_TaiwanStockPrice_2412,True,2026-09-22T15:41:02,2026-09-22T15:41:02,2026-09-22T15:41:02
2412,中華電,2022-12-02,112.0,0.5,0.45%,4.7299999999999995,23.68,70.95,85.14,99.33,113.52,127.71,141.9,ShowDailyK_ChartFlow,FinMind_API_TaiwanStockPrice_2412,True,2026-09-22T15:41:02,2026-09-22T15:41:02,2026-09-22T15:41:02
2412,中華電,2022-12-05,112.5,0.5,0.45%,4.7299999999999995,23.78,70.95,85.14,99.33,113.52,127.71,141.9,ShowDailyK_ChartFlow,FinMind_API_TaiwanStockPrice_2412,True,2026-09-22T15:41:02,2026-09-22T15:41:02,2026-09-22T15:41:02
2412,中華電,2022-12-06,112.0,-0.5,-0.44%,4.7299999999999995,23.68,70.95,85.14,99.33,113.52,127.71,141.9,ShowDailyK_ChartFlow,FinMind_API_TaiwanStockPrice_2412,True,2026-09-22T15:41:02,2026-09-22T15:41:02,2026-09-22T15:41:02
2412,中華電,2022-12-07,112.5,0.5,0.45%,4.7299999999999995,23.78,70.95,85.14,99.33,113.52,127.71,141.9,ShowDailyK_ChartFlow,FinMind_API_TaiwanStockPrice_2412,True,2026-09-22T15:41:02,2026-09-22T15:41:02,2026-09-22T15:41:02
2412,中華電,2022-12-08,111.0,-1.5,-1.33%,4.7299999999999995,23.47,70.95,85.14,99.33,113.52,127.71,141.9,ShowDailyK_ChartFlow,FinMind_API_TaiwanStockPrice_2412,True,2026-09-22T15:41:02,2026-09-22T15:41:02,2026-09-22T15:41:02
2412,中華電,2022-12-09,112.0,1.0,0.90%,4.7299999999999995,23.68,70.95,85.14,99.33,113.52,127.71,141.9,ShowDailyK_ChartFlow,FinMind_API_TaiwanStockPrice_2412,True,2026-09-22T15:41:02,2026-09-22T15:41:02,2026-09-22T15:41:02
2412,中華電,2022-12-12,112.5,0.5,0.45%,4.7299999999999995,23.78,70.95,85.14,99.33,113.52,127.71,141.9,ShowDailyK_ChartFlow,FinMind_API_TaiwanStockPrice_2412,True,2026-09-22T15:41:02,2026-09-22T15:41:02,2026-09-22T15:41:02
2412,中華電,2022-12-13,111.0,-1.5,-1.33%,4.7299999999999995,23.47,70.95,85.14,99.33,113.52,127.71,141.9,ShowDailyK_ChartFlow,FinMind_API_TaiwanStockPrice_2412,True,2026-09-22T15:41:02,2026-09-22T15:41:02,2026-09-22T15:41:02
2412,中華電,2022-12-14,111.5,0.5,0.45%,4.7299999999999995,23.57,70.95,85.14,99.33,113.52,127.71,141.9,ShowDailyK_ChartFlow,FinMind_API_TaiwanStockPrice_2412,True,2026-09-22T15:41:02,2026-09-22T15:41:02,2026-09-22T15:41:02
2412,中華電,2022-12-15,112.0,0.5,0.45%,4.7299999999999995,23.68,70.95,85.14,99.33,113.52,127.71,141.9,ShowDailyK_ChartFlow,FinMind_API_TaiwanStockPrice_2412,True,2026-09-22T15:41:02,2026-09-22T15:41:02,2026-09-22T15:41:02
2412,中華電,2022-12-16,110.5,-1.5,-1.34%,4.7299999999999995,23.36,70.95,85.14,99.33,113.52,127.71,141.9,ShowDailyK_ChartFlow,FinMind_API_TaiwanStockPrice_2412,True,2026-09-22T15:41:02,2026-09-22T15:41:02,2026-09-22T15:41:02
2412,中華電,2022-12-19,111.5,1.0,0.90%,4.7299999999999995,23.57,70.95,85.14,99.33,113.52,127.71,141.9,ShowDailyK_ChartFlow,FinMind_API_TaiwanStockPrice_2412,True,2026-09-22T15:41:02,2026-09-22T15:41:02,2026-09-22T15:41:02
2412,中華電,2022-12-20,111.5,0.0,0.00%,4.7299999999999995,23.57,70.95,85.14,99.33,113.52,127.71,141.9,ShowDailyK_ChartFlow,FinMind_API_TaiwanStockPrice_2412,True,2026-09-22T15:41:02,2026-09-22T15:41:02,2026-09-22T15:41:02
2412,中華電,2022-12-21,111.5,0.0,0.00%,4.7299999999999995,23.57,70.95,85.14,99.33,113.52,127.71,141.9,ShowDailyK_ChartFlow,FinMind_API_TaiwanStockPrice_2412,True,2026-09-22T15:41:02,2026-09-22T15:41:02,2026-09-22T15:41:02
2412,中華電,2022-12-22,113.0,1.5,1.35%,4.7299999999999995,23.89,70.95,85.14,99.33,113.52,127.71,141.9,ShowDailyK_ChartFlow,FinMind_API_TaiwanStockPrice_2412,True,2026-09-22T15:41:02,2026-09-22T15:41:02,2026-09-22T15:41:02
2412,中華電,2022-12-23,112.5,-0.5,-0.44%,4.7299999999999995,23.78,70.95,85.14,99.33,113.52,127.71,141.9,ShowDailyK_ChartFlow,FinMind_API_TaiwanStockPrice_2412,True,2026-09-22T15:41:02,2026-09-22T15:41:02,2026-09-22T15:41:02
2412,中華電,2022-12-26,113.0,0.5,0.44%,4.7299999999999995,23.89,70.95,85.14,99.33,113.52,127.71,141.9,ShowDailyK_ChartFlow,FinMind_API_TaiwanStockPrice_2412,True,2026-09-22T15:41:02,2026-09-22T15:41:02,2026-09-22T15:41:02
2412,中華電,2022-12-27,113.0,0.0,0.00%,4.7299999999999995,23.89,70.95,85.14,99.33,113.52,127.71,141.9,ShowDailyK_ChartFlow,FinMind_API_TaiwanStockPrice_2412,True,2026-09-22T15:41:02,2026-09-22T15:41:02,2026-09-22T15:41:02
2412,中華電,2022-12-28,114.0,1.0,0.88%,4.7299999999999995,24.1,70.95,85.14,99.33,113.52,127.71,141.9,ShowDailyK_ChartFlow,FinMind_API_TaiwanStockPrice_2412,True,2026-09-22T15:41:02,2026-09-22T15:41:02,2026-09-22T15:41:02
2412,中華電,2022-12-29,113.0,-1.0,-0.88%,4.7299999999999995,23.89,70.95,85.14,99.33,113.52,127.71,141.9,ShowDailyK_ChartFlow,FinMind_API_TaiwanStockPrice_2412,True,2026-09-22T15:41:02,2026-09-22T15:41:02,2026-09-22T15:41:02
2412,中華電,2022-12-30,113.0,0.0,0.00%,4.7299999999999995,23.89,70.95,85.14,99.33,113.52,127.71,141.9,ShowDailyK_ChartFlow,FinMind_API_TaiwanStockPrice_2412,True,2026-09-22T15:41:02,2026-09-22T15:41:02,2026-09-22T15:41:02
2412,中華電,2023-01-03,113.0,0.0,0.00%,4.7,23.89,70.5,84.6,98.7,112.8,126.9,141.0,ShowDailyK_ChartFlow,FinMind_API_TaiwanStockPrice_2412,True,2026-09-22T15:41:02,2026-09-22T15:41:02,2026-09-22T15:41:02
2412,中華電,2023-01-04,113.5,0.5,0.44%,4.7,24.0,70.5,84.6,98.7,112.8,126.9,141.0,ShowDailyK_ChartFlow,FinMind_API_TaiwanStockPrice_2412,True,2026-09-22T15:41:02,2026-09-22T15:41:02,2026-09-22T15:41:02
2412,中華電,2023-01-05,114.0,0.5,0.44%,4.7,24.1,70.5,84.6,98.7,112.8,126.9,141.0,ShowDailyK_ChartFlow,FinMind_API_TaiwanStockPrice_2412,True,2026-09-22T15:41:02,2026-09-22T15:41:02,2026-09-22T15:41:02
2412,中華電,2023-01-06,114.0,0.0,0.00%,4.7,24.1,70.5,84.6,98.7,112.8,126.9,141.0,ShowDailyK_ChartFlow,FinMind_API_TaiwanStockPrice_2412,True,2026-09-22T15:41:02,2026-09-22T15:41:02,2026-09-22T15:41:02
2412,中華電,2023-01-09,115.0,1.0,0.88%,4.7,24.31,70.5,84.6,98.7,112.8,126.9,141.0,ShowDailyK_ChartFlow,FinMind_API_TaiwanStockPrice_2412,True,2026-09-22T15:41:02,2026-09-22T15:41:02,2026-09-22T15:41:02
2412,中華電,2023-01-10,115.0,0.0,0.00%,4.7,24.31,70.5,84.6,98.7,112.8,126.9,141.0,ShowDailyK_ChartFlow,FinMind_API_TaiwanStockPrice_2412,True,2026-09-22T15:41:02,2026-09-22T15:41:02,2026-09-22T15:41:02
2412,中華電,2023-01-11,114.0,-1.0,-0.87%,4.7,24.1,70.5,84.6,98.7,112.8,126.9,141.0,ShowDailyK_ChartFlow,FinMind_API_TaiwanStockPrice_2412,True,2026-09-22T15:41:02,2026-09-22T15:41:02,2026-09-22T15:41:02
2412,中華電,2023-01-12,113.5,-0.5,-0.44%,4.7,24.0,70.5,84.6,98.7,112.8,126.9,141.0,ShowDailyK_ChartFlow,FinMind_API_TaiwanStockPrice_2412,True,2026-09-22T15:41:02,2026-09-22T15:41:02,2026-09-22T15:41:02
2412,中華電,2023-01-13,114.0,0.5,0.44%,4.7,24.1,70.5,84.6,98.7,112.8,126.9,141.0,ShowDailyK_ChartFlow,FinMind_API_TaiwanStockPrice_2412,True,2026-09-22T15:41:02,2026-09-22T15:41:02,2026-09-22T15:41:02
2412,中華電,2023-01-16,115.0,1.0,0.88%,4.7,24.31,70.5,84.6,98.7,112.8,126.9,141.0,ShowDailyK_ChartFlow,FinMind_API_TaiwanStockPrice_2412,True,2026-09-22T15:41:02,2026-09-22T15:41:02,2026-09-22T15:41:02
2412,中華電,2023-01-17,114.0,-1.0,-0.87%,4.7,24.1,70.5,84.6,98.7,112.8,126.9,141.0,ShowDailyK_ChartFlow,FinMind_API_TaiwanStockPrice_2412,True,2026-09-22T15:41:02,2026-09-22T15:41:02,2026-09-22T15:41:02
2412,中華電,2023-01-30,114.5,0.5,0.44%,4.7,24.21,70.5,84.6,98.7,112.8,126.9,141.0,ShowDailyK_ChartFlow,FinMind_API_TaiwanStockPrice_2412,True,2026-09-22T15:41:02,2026-09-22T15:41:02,2026-09-22T15:41:02
2412,中華電,2023-01-31,112.5,-2.0,-1.75%,4.7,23.78,70.5,84.6,98.7,112.8,126.9,141.0,ShowDailyK_ChartFlow,FinMind_API_TaiwanStockPrice_2412,True,2026-09-22T15:41:02,2026-09-22T15:41:02,2026-09-22T15:41:02
2412,中華電,2023-02-01,112.5,0.0,0.00%,4.7,23.78,70.5,84.6,98.7,112.8,126.9,141.0,ShowDailyK_ChartFlow,FinMind_API_TaiwanStockPrice_2412,True,2026-09-22T15:41:02,2026-09-22T15:41:02,2026-09-22T15:41:02
2412,中華電,2023-02-02,112.0,-0.5,-0.44%,4.7,23.68,70.5,84.6,98.7,112.8,126.9,141.0,ShowDailyK_ChartFlow,FinMind_API_TaiwanStockPrice_2412,True,2026-09-22T15:41:02,2026-09-22T15:41:02,2026-09-22T15:41:02
2412,中華電,2023-02-03,113.0,1.0,0.89%,4.7,23.89,70.5,84.6,98.7,112.8,126.9,141.0,ShowDailyK_ChartFlow,FinMind_API_TaiwanStockPrice_2412,True,2026-09-22T15:41:02,2026-09-22T15:41:02,2026-09-22T15:41:02
2412,中華電,2023-02-06,112.5,-0.5,-0.44%,4.7,23.78,70.5,84.6,98.7,112.8,126.9,141.0,ShowDailyK_ChartFlow,FinMind_API_TaiwanStockPrice_2412,True,2026-09-22T15:41:02,2026-09-22T15:41:02,2026-09-22T15:41:02
2412,中華電,2023-02-07,112.5,0.0,0.00%,4.7,23.78,70.5,84.6,98.7,112.8,126.9,141.0,ShowDailyK_ChartFlow,FinMind_API_TaiwanStockPrice_2412,True,2026-09-22T15:41:02,2026-09-22T15:41:02,2026-09-22T15:41:02
2412,中華電,2023-02-08,112.5,0.0,0.00%,4.7,23.78,70.5,84.6,98.7,112.8,126.9,141.0,ShowDailyK_ChartFlow,FinMind_API_TaiwanStockPrice_2412,True,2026-09-22T15:41:02,2026-09-22T15:41:02,2026-09-22T15:41:02
2412,中華電,2023-02-09,112.5,0.0,0.00%,4.7,23.78,70.5,84.6,98.7,112.8,126.9,141.0,ShowDailyK_ChartFlow,FinMind_API_TaiwanStockPrice_2412,True,2026-09-22T15:41:02,2026-09-22T15:41:02,2026-09-22T15:41:02
2412,中華電,2023-02-10,113.0,0.5,0.44%,4.7,23.89,70.5,84.6,98.7,112.8,126.9,141.0,ShowDailyK_ChartFlow,FinMind_API_TaiwanStockPrice_2412,True,2026-09-22T15:41:02,2026-09-22T15:41:02,2026-09-22T15:41:02
2412,中華電,2023-02-13,113.5,0.5,0.44%,4.7,24.0,70.5,84.6,98.7,112.8,126.9,141.0,ShowDailyK_ChartFlow,FinMind_API_TaiwanStockPrice_2412,True,2026-09-22T15:41:02,2026-09-22T15:41:02,2026-09-22T15:41:02
2412,中華電,2023-02-14,114.0,0.5,0.44%,4.7,24.1,70.5,84.6,98.7,112.8,126.9,141.0,ShowDailyK_ChartFlow,FinMind_API_TaiwanStockPrice_2412,True,2026-09-22T15:41:02,2026-09-22T15:41:02,2026-09-22T15:41:02
2412,中華電,2023-02-15,113.5,-0.5,-0.44%,4.7,24.0,70.5,84.6,98.7,112.8,126.9,141.0,ShowDailyK_ChartFlow,FinMind_API_TaiwanStockPrice_2412,True,2026-09-22T15:41:02,2026-09-22T15:41:02,2026-09-22T15:41:02
2412,中華電,2023-02-16,114.0,0.5,0.44%,4.7,24.1,70.5,84.6,98.7,112.8,126.9,141.0,ShowDailyK_ChartFlow,FinMind_API_TaiwanStockPrice_2412,True,2026-09-22T15:41:02,2026-09-22T15:41:02,2026-09-22T15:41:02
2412,中華電,2023-02-17,113.5,-0.5,-0.44%,4.7,24.0,70.5,84.6,98.7,112.8,126.9,141.0,ShowDailyK_ChartFlow,FinMind_API_TaiwanStockPrice_2412,True,2026-09-22T15:41:02,2026-09-22T15:41:02,2026-09-22T15:41:02
2412,中華電,2023-02-20,115.0,1.5,1.32%,4.7,24.31,70.5,84.6,98.7,112.8,126.9,141.0,ShowDailyK_ChartFlow,FinMind_API_TaiwanStockPrice_2412,True,2026-09-22T15:41:02,2026-09-22T15:41:02,2026-09-22T15:41:02
2412,中華電,2023-02-21,114.5,-0.5,-0.43%,4.7,24.21,70.5,84.6,98.7,112.8,126.9,141.0,ShowDailyK_ChartFlow,FinMind_API_TaiwanStockPrice_2412,True,2026-09-22T15:41:02,2026-09-22T15:41:02,2026-09-22T15:41:02
2412,中華電,2023-02-22,115.0,0.5,0.44%,4.7,24.31,70.5,84.6,98.7,112.8,126.9,141.0,ShowDailyK_ChartFlow,FinMind_API_TaiwanStockPrice_2412,True,2026-09-22T15:41:02,2026-09-22T15:41:02,2026-09-22T15:41:02
2412,中華電,2023-02-23,115.5,0.5,0.43%,4.7,24.42,70.5,84.6,98.7,112.8,126.9,141.0,ShowDailyK_ChartFlow,FinMind_API_TaiwanStockPrice_2412,True,2026-09-22T15:41:02,2026-09-22T15:41:02,2026-09-22T15:41:02
2412,中華電,2023-02-24,115.5,0.0,0.00%,4.7,24.42,70.5,84.6,98.7,112.8,126.9,141.0,ShowDailyK_ChartFlow,FinMind_API_TaiwanStockPrice_2412,True,2026-09-22T15:41:02,2026-09-22T15:41:02,2026-09-22T15:41:02
2412,中華電,2023-03-01,115.0,-0.5,-0.43%,4.7,24.47,70.5,84.6,98.7,112.8,126.9,141.0,ShowDailyK_ChartFlow,FinMind_API_TaiwanStockPrice_2412,True,2026-09-22T15:41:02,2026-09-22T15:41:02,2026-09-22T15:41:02
2412,中華電,2023-03-02,116.5,1.5,1.30%,4.7,24.79,70.5,84.6,98.7,112.8,126.9,141.0,ShowDailyK_ChartFlow,FinMind_API_TaiwanStockPrice_2412,True,2026-09-22T15:41:02,2026-09-22T15:41:02,2026-09-22T15:41:02
2412,中華電,2023-03-03,117.5,1.0,0.86%,4.7,25.0,70.5,84.6,98.7,112.8,126.9,141.0,ShowDailyK_ChartFlow,FinMind_API_TaiwanStockPrice_2412,True,2026-09-22T15:41:02,2026-09-22T15:41:02,2026-09-22T15:41:02
2412,中華電,2023-03-06,118.0,0.5,0.43%,4.7,25.11,70.5,84.6,98.7,112.8,126.9,141.0,ShowDailyK_ChartFlow,FinMind_API_TaiwanStockPrice_2412,True,2026-09-22T15:41:02,2026-09-22T15:41:02,2026-09-22T15:41:02
2412,中華電,2023-03-07,118.5,0.5,0.42%,4.7,25.21,70.5,84.6,98.7,112.8,126.9,141.0,ShowDailyK_ChartFlow,FinMind_API_TaiwanStockPrice_2412,True,2026-09-22T15:41:02,2026-09-22T15:41:02,2026-09-22T15:41:02
2412,中華電,2023-03-08,119.0,0.5,0.42%,4.7,25.32,70.5,84.6,98.7,112.8,126.9,141.0,ShowDailyK_ChartFlow,FinMind_API_TaiwanStockPrice_2412,True,2026-09-22T15:41:02,2026-09-22T15:41:02,2026-09-22T15:41:02
2412,中華電,2023-03-09,118.5,-0.5,-0.42%,4.7,25.21,70.5,84.6,98.7,112.8,126.9,141.0,ShowDailyK_ChartFlow,FinMind_API_TaiwanStockPrice_2412,True,2026-09-22T15:41:02,2026-09-22T15:41:02,2026-09-22T15:41:02
2412,中華電,2023-03-10,117.5,-1.0,-0.84%,4.7,25.0,70.5,84.6,98.7,112.8,126.9,141.0,ShowDailyK_ChartFlow,FinMind_API_TaiwanStockPrice_2412,True,2026-09-22T15:41:02,2026-09-22T15:41:02,2026-09-22T15:41:02
2412,中華電,2023-03-13,119.0,1.5,1.28%,4.7,25.32,70.5,84.6,98.7,112.8,126.9,141.0,ShowDailyK_ChartFlow,FinMind_API_TaiwanStockPrice_2412,True,2026-09-22T15:41:02,2026-09-22T15:41:02,2026-09-22T15:41:02
2412,中華電,2023-03-14,117.5,-1.5,-1.26%,4.7,25.0,70.5,84.6,98.7,112.8,126.9,141.0,ShowDailyK_ChartFlow,FinMind_API_TaiwanStockPrice_2412,True,2026-09-22T15:41:02,2026-09-22T15:41:02,2026-09-22T15:41:02
2412,中華電,2023-03-15,119.0,1.5,1.28%,4.7,25.32,70.5,84.6,98.7,112.8,126.9,141.0,ShowDailyK_ChartFlow,FinMind_API_TaiwanStockPrice_2412,True,2026-09-22T15:41:02,2026-09-22T15:41:02,2026-09-22T15:41:02
2412,中華電,2023-03-16,119.0,0.0,0.00%,4.7,25.32,70.5,84.6,98.7,112.8,126.9,141.0,ShowDailyK_ChartFlow,FinMind_API_TaiwanStockPrice_2412,True,2026-09-22T15:41:02,2026-09-22T15:41:02,2026-09-22T15:41:02
2412,中華電,2023-03-17,118.0,-1.0,-0.84%,4.7,25.11,70.5,84.6,98.7,112.8,126.9,141.0,ShowDailyK_ChartFlow,FinMind_API_TaiwanStockPrice_2412,True,2026-09-22T15:41:02,2026-09-22T15:41:02,2026-09-22T15:41:02
2412,中華電,2023-03-20,119.0,1.0,0.85%,4.7,25.32,70.5,84.6,98.7,112.8,126.9,141.0,ShowDailyK_ChartFlow,FinMind_API_TaiwanStockPrice_2412,True,2026-09-22T15:41:02,2026-09-22T15:41:02,2026-09-22T15:41:02
2412,中華電,2023-03-21,118.5,-0.5,-0.42%,4.7,25.21,70.5,84.6,98.7,112.8,126.9,141.0,ShowDailyK_ChartFlow,FinMind_API_TaiwanStockPrice_2412,True,2026-09-22T15:41:02,2026-09-22T15:41:02,2026-09-22T15:41:02
2412,中華電,2023-03-22,119.5,1.0,0.84%,4.7,25.43,70.5,84.6,98.7,112.8,126.9,141.0,ShowDailyK_ChartFlow,FinMind_API_TaiwanStockPrice_2412,True,2026-09-22T15:41:02,2026-09-22T15:41:02,2026-09-22T15:41:02
2412,中華電,2023-03-23,120.0,0.5,0.42%,4.7,25.53,70.5,84.6,98.7,112.8,126.9,141.0,ShowDailyK_ChartFlow,FinMind_API_TaiwanStockPrice_2412,True,2026-09-22T15:41:02,2026-09-22T15:41:02,2026-09-22T15:41:02
2412,中華電,2023-03-24,119.5,-0.5,-0.42%,4.7,25.43,70.5,84.6,98.7,112.8,126.9,141.0,ShowDailyK_ChartFlow,FinMind_API_TaiwanStockPrice_2412,True,2026-09-22T15:41:02,2026-09-22T15:41:02,2026-09-22T15:41:02
2412,中華電,2023-03-27,120.0,0.5,0.42%,4.7,25.53,70.5,84.6,98.7,112.8,126.9,141.0,ShowDailyK_ChartFlow,FinMind_API_TaiwanStockPrice_2412,True,2026-09-22T15:41:02,2026-09-22T15:41:02,2026-09-22T15:41:02
2412,中華電,2023-03-28,119.5,-0.5,-0.42%,4.7,25.43,70.5,84.6,98.7,112.8,126.9,141.0,ShowDailyK_ChartFlow,FinMind_API_TaiwanStockPrice_2412,True,2026-09-22T15:41:02,2026-09-22T15:41:02,2026-09-22T15:41:02
2412,中華電,2023-03-29,120.0,0.5,0.42%,4.7,25.53,70.5,84.6,98.7,112.8,126.9,141.0,ShowDailyK_ChartFlow,FinMind_API_TaiwanStockPrice_2412,True,2026-09-22T15:41:02,2026-09-22T15:41:02,2026-09-22T15:41:02
2412,中華電,2023-03-30,120.0,0.0,0.00%,4.7,25.53,70.5,84.6,98.7,112.8,126.9,141.0,ShowDailyK_ChartFlow,FinMind_API_TaiwanStockPrice_2412,True,2026-09-22T15:41:02,2026-09-22T15:41:02,2026-09-22T15:41:02
2412,中華電,2023-03-31,119.5,-0.5,-0.42%,4.77,25.43,71.55,85.86,100.17,114.48,128.79,143.1,ShowDailyK_ChartFlow,FinMind_API_TaiwanStockPrice_2412,True,2026-09-22T15:41:02,2026-09-22T15:41:02,2026-09-22T15:41:02
2412,中華電,2023-04-06,120.5,1.0,0.84%,4.77,25.64,71.55,85.86,100.17,114.48,128.79,143.1,ShowDailyK_ChartFlow,FinMind_API_TaiwanStockPrice_2412,True,2026-09-22T15:41:02,2026-09-22T15:41:02,2026-09-22T15:41:02
2412,中華電,2023-04-07,121.0,0.5,0.41%,4.77,25.74,71.55,85.86,100.17,114.48,128.79,143.1,ShowDailyK_ChartFlow,FinMind_API_TaiwanStockPrice_2412,True,2026-09-22T15:41:02,2026-09-22T15:41:02,2026-09-22T15:41:02
2412,中華電,2023-04-10,122.5,1.5,1.24%,4.77,26.06,71.55,85.86,100.17,114.48,128.79,143.1,ShowDailyK_ChartFlow,FinMind_API_TaiwanStockPrice_2412,True,2026-09-22T15:41:02,2026-09-22T15:41:02,2026-09-22T15:41:02
2412,中華電,2023-04-11,123.0,0.5,0.41%,4.77,26.17,71.55,85.86,100.17,114.48,128.79,143.1,ShowDailyK_ChartFlow,FinMind_API_TaiwanStockPrice_2412,True,2026-09-22T15:41:02,2026-09-22T15:41:02,2026-09-22T15:41:02
2412,中華電,2023-04-12,123.0,0.0,0.00%,4.77,26.17,71.55,85.86,100.17,114.48,128.79,143.1,ShowDailyK_ChartFlow,FinMind_API_TaiwanStockPrice_2412,True,2026-09-22T15:41:02,2026-09-22T15:41:02,2026-09-22T15:41:02
2412,中華電,2023-04-13,124.0,1.0,0.81%,4.77,26.38,71.55,85.86,100.17,114.48,128.79,143.1,ShowDailyK_ChartFlow,FinMind_API_TaiwanStockPrice_2412,True,2026-09-22T15:41:02,2026-09-22T15:41:02,2026-09-22T15:41:02
2412,中華電,2023-04-14,124.5,0.5,0.40%,4.77,26.49,71.55,85.86,100.17,114.48,128.79,143.1,ShowDailyK_ChartFlow,FinMind_API_TaiwanStockPrice_2412,True,2026-09-22T15:41:02,2026-09-22T15:41:02,2026-09-22T15:41:02
2412,中華電,2023-04-17,125.5,1.0,0.80%,4.77,26.7,71.55,85.86,100.17,114.48,128.79,143.1,ShowDailyK_ChartFlow,FinMind_API_TaiwanStockPrice_2412,True,2026-09-22T15:41:02,2026-09-22T15:41:02,2026-09-22T15:41:02
2412,中華電,2023-04-18,126.0,0.5,0.40%,4.77,26.81,71.55,85.86,100.17,114.48,128.79,143.1,ShowDailyK_ChartFlow,FinMind_API_TaiwanStockPrice_2412,True,2026-09-22T15:41:02,2026-09-22T15:41:02,2026-09-22T15:41:02
2412,中華電,2023-04-19,124.5,-1.5,-1.19%,4.77,26.49,71.55,85.86,100.17,114.48,128.79,143.1,ShowDailyK_ChartFlow,FinMind_API_TaiwanStockPrice_2412,True,2026-09-22T15:41:02,2026-09-22T15:41:02,2026-09-22T15:41:02
2412,中華電,2023-04-20,125.0,0.5,0.40%,4.77,26.6,71.55,85.86,100.17,114.48,128.79,143.1,ShowDailyK_ChartFlow,FinMind_API_TaiwanStockPrice_2412,True,2026-09-22T15:41:02,2026-09-22T15:41:02,2026-09-22T15:41:02
2412,中華電,2023-04-21,126.0,1.0,0.80%,4.77,26.81,71.55,85.86,100.17,114.48,128.79,143.1,ShowDailyK_ChartFlow,FinMind_API_TaiwanStockPrice_2412,True,2026-09-22T15:41:02,2026-09-22T15:41:02,2026-09-22T15:41:02
2412,中華電,2023-04-24,126.0,0.0,0.00%,4.77,26.81,71.55,85.86,100.17,114.48,128.79,143.1,ShowDailyK_ChartFlow,FinMind_API_TaiwanStockPrice_2412,True,2026-09-22T15:41:02,2026-09-22T15:41:02,2026-09-22T15:41:02
2412,中華電,2023-04-25,126.0,0.0,0.00%,4.77,26.81,71.55,85.86,100.17,114.48,128.79,143.1,ShowDailyK_ChartFlow,FinMind_API_TaiwanStockPrice_2412,True,2026-09-22T15:41:02,2026-09-22T15:41:02,2026-09-22T15:41:02
2412,中華電,2023-04-26,127.0,1.0,0.79%,4.77,27.02,71.55,85.86,100.17,114.48,128.79,143.1,ShowDailyK_ChartFlow,FinMind_API_TaiwanStockPrice_2412,True,2026-09-22T15:41:02,2026-09-22T15:41:02,2026-09-22T15:41:02
2412,中華電,2023-04-27,126.5,-0.5,-0.39%,4.77,26.91,71.55,85.86,100.17,114.48,128.79,143.1,ShowDailyK_ChartFlow,FinMind_API_TaiwanStockPrice_2412,True,2026-09-22T15:41:02,2026-09-22T15:41:02,2026-09-22T15:41:02
2412,中華電,2023-04-28,127.0,0.5,0.40%,4.77,27.02,71.55,85.86,100.17,114.48,128.79,143.1,ShowDailyK_ChartFlow,FinMind_API_TaiwanStockPrice_2412,True,2026-09-22T15:41:02,2026-09-22T15:41:02,2026-09-22T15:41:02
2412,中華電,2023-05-02,125.5,-1.5,-1.18%,4.77,26.7,71.55,85.86,100.17,114.48,128.79,143.1,ShowDailyK_ChartFlow,FinMind_API_TaiwanStockPrice_2412,True,2026-09-22T15:41:02,2026-09-22T15:41:02,2026-09-22T15:41:02
2412,中華電,2023-05-03,125.5,0.0,0.00%,4.77,26.7,71.55,85.86,100.17,114.48,128.79,143.1,ShowDailyK_ChartFlow,FinMind_API_TaiwanStockPrice_2412,True,2026-09-22T15:41:02,2026-09-22T15:41:02,2026-09-22T15:41:02
2412,中華電,2023-05-04,126.5,1.0,0.80%,4.77,26.91,71.55,85.86,100.17,114.48,128.79,143.1,ShowDailyK_ChartFlow,FinMind_API_TaiwanStockPrice_2412,True,2026-09-22T15:41:02,2026-09-22T15:41:02,2026-09-22T15:41:02
2412,中華電,2023-05-05,126.5,0.0,0.00%,4.77,26.91,71.55,85.86,100.17,114.48,128.79,143.1,ShowDailyK_ChartFlow,FinMind_API_TaiwanStockPrice_2412,True,2026-09-22T15:41:02,2026-09-22T15:41:02,2026-09-22T15:41:02
2412,中華電,2023-05-08,126.5,0.0,0.00%,4.77,26.91,71.55,85.86,100.17,114.48,128.79,143.1,ShowDailyK_ChartFlow,FinMind_API_TaiwanStockPrice_2412,True,2026-09-22T15:41:02,2026-09-22T15:41:02,2026-09-22T15:41:02
2412,中華電,2023-05-09,126.5,0.0,0.00%,4.77,26.91,71.55,85.86,100.17,114.48,128.79,143.1,ShowDailyK_ChartFlow,FinMind_API_TaiwanStockPrice_2412,True,2026-09-22T15:41:02,2026-09-22T15:41:02,2026-09-22T15:41:02
2412,中華電,2023-05-10,126.0,-0.5,-0.40%,4.77,26.81,71.55,85.86,100.17,114.48,128.79,143.1,ShowDailyK_ChartFlow,FinMind_API_TaiwanStockPrice_2412,True,2026-09-22T15:41:02,2026-09-22T15:41:02,2026-09-22T15:41:02
2412,中華電,2023-05-11,126.0,0.0,0.00%,4.77,26.36,71.55,85.86,100.17,114.48,128.79,143.1,ShowDailyK_ChartFlow,FinMind_API_TaiwanStockPrice_2412,True,2026-09-22T15:41:02,2026-09-22T15:41:02,2026-09-22T15:41:02
2412,中華電,2023-05-12,125.0,-1.0,-0.79%,4.77,26.15,71.55,85.86,100.17,114.48,128.79,143.1,ShowDailyK_ChartFlow,FinMind_API_TaiwanStockPrice_2412,True,2026-09-22T15:41:02,2026-09-22T15:41:02,2026-09-22T15:41:02
2412,中華電,2023-05-15,125.5,0.5,0.40%,4.77,26.26,71.55,85.86,100.17,114.48,128.79,143.1,ShowDailyK_ChartFlow,FinMind_API_TaiwanStockPrice_2412,True,2026-09-22T15:41:02,2026-09-22T15:41:02,2026-09-22T15:41:02
2412,中華電,2023-05-16,126.0,0.5,0.40%,4.77,26.36,71.55,85.86,100.17,114.48,128.79,143.1,ShowDailyK_ChartFlow,FinMind_API_TaiwanStockPrice_2412,True,2026-09-22T15:41:02,2026-09-22T15:41:02,2026-09-22T15:41:02
2412,中華電,2023-05-17,127.0,1.0,0.79%,4.77,26.57,71.55,85.86,100.17,114.48,128.79,143.1,ShowDailyK_ChartFlow,FinMind_API_TaiwanStockPrice_2412,True,2026-09-22T15:41:02,2026-09-22T15:41:02,2026-09-22T15:41:02
2412,中華電,2023-05-18,126.5,-0.5,-0.39%,4.77,26.46,71.55,85.86,100.17,114.48,128.79,143.1,ShowDailyK_ChartFlow,FinMind_API_TaiwanStockPrice_2412,True,2026-09-22T15:41:02,2026-09-22T15:41:02,2026-09-22T15:41:02
2412,中華電,2023-05-19,127.5,1.0,0.79%,4.77,26.67,71.55,85.86,100.17,114.48,128.79,143.1,ShowDailyK_ChartFlow,FinMind_API_TaiwanStockPrice_2412,True,2026-09-22T15:41:02,2026-09-22T15:41:02,2026-09-22T15:41:02
2412,中華電,2023-05-22,125.5,-2.0,-1.57%,4.77,26.26,71.55,85.86,100.17,114.48,128.79,143.1,ShowDailyK_ChartFlow,FinMind_API_TaiwanStockPrice_2412,True,2026-09-22T15:41:02,2026-09-22T15:41:02,2026-09-22T15:41:02
2412,中華電,2023-05-23,126.5,1.0,0.80%,4.77,26.46,71.55,85.86,100.17,114.48,128.79,143.1,ShowDailyK_ChartFlow,FinMind_API_TaiwanStockPrice_2412,True,2026-09-22T15:41:02,2026-09-22T15:41:02,2026-09-22T15:41:02
2412,中華電,2023-05-24,126.5,0.0,0.00%,4.77,26.46,71.55,85.86,100.17,114.48,128.79,143.1,ShowDailyK_ChartFlow,FinMind_API_TaiwanStockPrice_2412,True,2026-09-22T15:41:02,2026-09-22T15:41:02,2026-09-22T15:41:02
2412,中華電,2023-05-25,128.0,1.5,1.19%,4.77,26.78,71.55,85.86,100.17,114.48,128.79,143.1,ShowDailyK_ChartFlow,FinMind_API_TaiwanStockPrice_2412,True,2026-09-22T15:41:02,2026-09-22T15:41:02,2026-09-22T15:41:02
2412,中華電,2023-05-26,127.0,-1.0,-0.78%,4.77,26.57,71.55,85.86,100.17,114.48,128.79,143.1,ShowDailyK_ChartFlow,FinMind_API_TaiwanStockPrice_2412,True,2026-09-22T15:41:02,2026-09-22T15:41:02,2026-09-22T15:41:02
2412,中華電,2023-05-29,126.0,-1.0,-0.79%,4.77,26.36,71.55,85.86,100.17,114.48,128.79,143.1,ShowDailyK_ChartFlow,FinMind_API_TaiwanStockPrice_2412,True,2026-09-22T15:41:02,2026-09-22T15:41:02,2026-09-22T15:41:02
2412,中華電,2023-05-30,125.5,-0.5,-0.40%,4.77,26.26,71.55,85.86,100.17,114.48,128.79,143.1,ShowDailyK_ChartFlow,FinMind_API_TaiwanStockPrice_2412,True,2026-09-22T15:41:02,2026-09-22T15:41:02,2026-09-22T15:41:02
2412,中華電,2023-05-31,126.0,0.5,0.40%,4.77,26.36,71.55,85.86,100.17,114.48,128.79,143.1,ShowDailyK_ChartFlow,FinMind_API_TaiwanStockPrice_2412,True,2026-09-22T15:41:02,2026-09-22T15:41:02,2026-09-22T15:41:02
2412,中華電,2023-06-01,125.0,-1.0,-0.79%,4.77,26.15,71.55,85.86,100.17,114.48,128.79,143.1,ShowDailyK_ChartFlow,FinMind_API_TaiwanStockPrice_2412,True,2026-09-22T15:41:02,2026-09-22T15:41:02,2026-09-22T15:41:02
2412,中華電,2023-06-02,125.5,0.5,0.40%,4.77,26.26,71.55,85.86,100.17,114.48,128.79,143.1,ShowDailyK_ChartFlow,FinMind_API_TaiwanStockPrice_2412,True,2026-09-22T15:41:02,2026-09-22T15:41:02,2026-09-22T15:41:02
2412,中華電,2023-06-05,125.0,-0.5,-0.40%,4.77,26.15,71.55,85.86,100.17,114.48,128.79,143.1,ShowDailyK_ChartFlow,FinMind_API_TaiwanStockPrice_2412,True,2026-09-22T15:41:02,2026-09-22T15:41:02,2026-09-22T15:41:02
2412,中華電,2023-06-06,125.5,0.5,0.40%,4.77,26.26,71.55,85.86,100.17,114.48,128.79,143.1,ShowDailyK_ChartFlow,FinMind_API_TaiwanStockPrice_2412,True,2026-09-22T15:41:02,2026-09-22T15:41:02,2026-09-22T15:41:02
2412,中華電,2023-06-07,125.0,-0.5,-0.40%,4.77,26.15,71.55,85.86,100.17,114.48,128.79,143.1,ShowDailyK_ChartFlow,FinMind_API_TaiwanStockPrice_2412,True,2026-09-22T15:41:02,2026-09-22T15:41:02,2026-09-22T15:41:02
2412,中華電,2023-06-08,125.0,0.0,0.00%,4.77,26.15,71.55,85.86,100.17,114.48,128.79,143.1,ShowDailyK_ChartFlow,FinMind_API_TaiwanStockPrice_2412,True,2026-09-22T15:41:02,2026-09-22T15:41:02,2026-09-22T15:41:02
2412,中華電,2023-06-09,125.5,0.5,0.40%,4.77,26.26,71.55,85.86,100.17,114.48,128.79,143.1,ShowDailyK_ChartFlow,FinMind_API_TaiwanStockPrice_2412,True,2026-09-22T15:41:02,2026-09-22T15:41:02,2026-09-22T15:41:02
2412,中華電,2023-06-12,125.0,-0.5,-0.40%,4.77,26.15,71.55,85.86,100.17,114.48,128.79,143.1,ShowDailyK_ChartFlow,FinMind_API_TaiwanStockPrice_2412,True,2026-09-22T15:41:02,2026-09-22T15:41:02,2026-09-22T15:41:02
2412,中華電,2023-06-13,125.5,0.5,0.40%,4.77,26.26,71.55,85.86,100.17,114.48,128.79,143.1,ShowDailyK_ChartFlow,FinMind_API_TaiwanStockPrice_2412,True,2026-09-22T15:41:02,2026-09-22T15:41:02,2026-09-22T15:41:02
2412,中華電,2023-06-14,125.5,0.0,0.00%,4.77,26.26,71.55,85.86,100.17,114.48,128.79,143.1,ShowDailyK_ChartFlow,FinMind_API_TaiwanStockPrice_2412,True,2026-09-22T15:41:02,2026-09-22T15:41:02,2026-09-22T15:41:02
2412,中華電,2023-06-15,125.5,0.0,0.00%,4.77,26.26,71.55,85.86,100.17,114.48,128.79,143.1,ShowDailyK_ChartFlow,FinMind_API_TaiwanStockPrice_2412,True,2026-09-22T15:41:02,2026-09-22T15:41:02,2026-09-22T15:41:02
2412,中華電,2023-06-16,125.5,0.0,0.00%,4.77,26.26,71.55,85.86,100.17,114.48,128.79,143.1,ShowDailyK_ChartFlow,FinMind_API_TaiwanStockPrice_2412,True,2026-09-22T15:41:02,2026-09-22T15:41:02,2026-09-22T15:41:02
2412,中華電,2023-06-19,125.5,0.0,0.00%,4.77,26.26,71.55,85.86,100.17,114.48,128.79,143.1,ShowDailyK_ChartFlow,FinMind_API_TaiwanStockPrice_2412,True,2026-09-22T15:41:02,2026-09-22T15:41:02,2026-09-22T15:41:02
2412,中華電,2023-06-20,126.0,0.5,0.40%,4.77,26.36,71.55,85.86,100.17,114.48,128.79,143.1,ShowDailyK_ChartFlow,FinMind_API_TaiwanStockPrice_2412,True,2026-09-22T15:41:02,2026-09-22T15:41:02,2026-09-22T15:41:02
2412,中華電,2023-06-21,126.0,0.0,0.00%,4.77,26.36,71.55,85.86,100.17,114.48,128.79,143.1,ShowDailyK_ChartFlow,FinMind_API_TaiwanStockPrice_2412,True,2026-09-22T15:41:02,2026-09-22T15:41:02,2026-09-22T15:41:02
2412,中華電,2023-06-26,124.0,-2.0,-1.59%,4.77,25.94,71.55,85.86,100.17,114.48,128.79,143.1,ShowDailyK_ChartFlow,FinMind_API_TaiwanStockPrice_2412,True,2026-09-22T15:41:02,2026-09-22T15:41:02,2026-09-22T15:41:02
2412,中華電,2023-06-27,122.0,-2.0,-1.61%,4.77,25.52,71.55,85.86,100.17,114.48,128.79,143.1,ShowDailyK_ChartFlow,FinMind_API_TaiwanStockPrice_2412,True,2026-09-22T15:41:02,2026-09-22T15:41:02,2026-09-22T15:41:02
2412,中華電,2023-06-28,121.5,-0.5,-0.41%,4.77,25.42,71.55,85.86,100.17,114.48,128.79,143.1,ShowDailyK_ChartFlow,FinMind_API_TaiwanStockPrice_2412,True,2026-09-22T15:41:02,2026-09-22T15:41:02,2026-09-22T15:41:02
2412,中華電,2023-06-29,117.5,-4.0,-3.29%,4.77,24.58,71.55,85.86,100.17,114.48,128.79,143.1,ShowDailyK_ChartFlow,FinMind_API_TaiwanStockPrice_2412,True,2026-09-22T15:41:02,2026-09-22T15:41:02,2026-09-22T15:41:02
2412,中華電,2023-06-30,116.5,-1.0,-0.85%,4.81,24.37,72.15,86.58,101.01,115.44,129.87,144.3,ShowDailyK_ChartFlow,FinMind_API_TaiwanStockPrice_2412,True,2026-09-22T15:41:02,2026-09-22T15:41:02,2026-09-22T15:41:02
2412,中華電,2023-07-03,115.0,-1.5,-1.29%,4.81,24.06,72.15,86.58,101.01,115.44,129.87,144.3,ShowDailyK_ChartFlow,FinMind_API_TaiwanStockPrice_2412,True,2026-09-22T15:41:02,2026-09-22T15:41:02,2026-09-22T15:41:02
2412,中華電,2023-07-04,115.5,0.5,0.43%,4.81,24.16,72.15,86.58,101.01,115.44,129.87,144.3,ShowDailyK_ChartFlow,FinMind_API_TaiwanStockPrice_2412,True,2026-09-22T15:41:02,2026-09-22T15:41:02,2026-09-22T15:41:02
2412,中華電,2023-07-05,115.0,-0.5,-0.43%,4.81,24.06,72.15,86.58,101.01,115.44,129.87,144.3,ShowDailyK_ChartFlow,FinMind_API_TaiwanStockPrice_2412,True,2026-09-22T15:41:02,2026-09-22T15:41:02,2026-09-22T15:41:02
2412,中華電,2023-07-06,115.0,0.0,0.00%,4.81,24.06,72.15,86.58,101.01,115.44,129.87,144.3,ShowDailyK_ChartFlow,FinMind_API_TaiwanStockPrice_2412,True,2026-09-22T15:41:02,2026-09-22T15:41:02,2026-09-22T15:41:02
2412,中華電,2023-07-07,114.5,-0.5,-0.43%,4.81,23.95,72.15,86.58,101.01,115.44,129.87,144.3,ShowDailyK_ChartFlow,FinMind_API_TaiwanStockPrice_2412,True,2026-09-22T15:41:02,2026-09-22T15:41:02,2026-09-22T15:41:02
2412,中華電,2023-07-10,114.0,-0.5,-0.44%,4.81,23.85,72.15,86.58,101.01,115.44,129.87,144.3,ShowDailyK_ChartFlow,FinMind_API_TaiwanStockPrice_2412,True,2026-09-22T15:41:02,2026-09-22T15:41:02,2026-09-22T15:41:02
2412,中華電,2023-07-11,115.0,1.0,0.88%,4.81,24.06,72.15,86.58,101.01,115.44,129.87,144.3,ShowDailyK_ChartFlow,FinMind_API_TaiwanStockPrice_2412,True,2026-09-22T15:41:02,2026-09-22T15:41:02,2026-09-22T15:41:02
2412,中華電,2023-07-12,115.0,0.0,0.00%,4.81,24.06,72.15,86.58,101.01,115.44,129.87,144.3,ShowDailyK_ChartFlow,FinMind_API_TaiwanStockPrice_2412,True,2026-09-22T15:41:02,2026-09-22T15:41:02,2026-09-22T15:41:02
2412,中華電,2023-07-13,115.0,0.0,0.00%,4.81,24.06,72.15,86.58,101.01,115.44,129.87,144.3,ShowDailyK_ChartFlow,FinMind_API_TaiwanStockPrice_2412,True,2026-09-22T15:41:02,2026-09-22T15:41:02,2026-09-22T15:41:02
2412,中華電,2023-07-14,116.5,1.5,1.30%,4.81,24.37,72.15,86.58,101.01,115.44,129.87,144.3,ShowDailyK_ChartFlow,FinMind_API_TaiwanStockPrice_2412,True,2026-09-22T15:41:02,2026-09-22T15:41:02,2026-09-22T15:41:02
2412,中華電,2023-07-17,116.5,0.0,0.00%,4.81,24.37,72.15,86.58,101.01,115.44,129.87,144.3,ShowDailyK_ChartFlow,FinMind_API_TaiwanStockPrice_2412,True,2026-09-22T15:41:02,2026-09-22T15:41:02,2026-09-22T15:41:02
2412,中華電,2023-07-18,115.0,-1.5,-1.29%,4.81,24.06,72.15,86.58,101.01,115.44,129.87,144.3,ShowDailyK_ChartFlow,FinMind_API_TaiwanStockPrice_2412,True,2026-09-22T15:41:02,2026-09-22T15:41:02,2026-09-22T15:41:02
2412,中華電,2023-07-19,115.0,0.0,0.00%,4.81,24.06,72.15,86.58,101.01,115.44,129.87,144.3,ShowDailyK_ChartFlow,FinMind_API_TaiwanStockPrice_2412,True,2026-09-22T15:41:02,2026-09-22T15:41:02,2026-09-22T15:41:02
2412,中華電,2023-07-20,115.5,0.5,0.43%,4.81,24.16,72.15,86.58,101.01,115.44,129.87,144.3,ShowDailyK_ChartFlow,FinMind_API_TaiwanStockPrice_2412,True,2026-09-22T15:41:02,2026-09-22T15:41:02,2026-09-22T15:41:02
2412,中華電,2023-07-21,115.5,0.0,0.00%,4.81,24.16,72.15,86.58,101.01,115.44,129.87,144.3,ShowDailyK_ChartFlow,FinMind_API_TaiwanStockPrice_2412,True,2026-09-22T15:41:02,2026-09-22T15:41:02,2026-09-22T15:41:02
2412,中華電,2023-07-24,116.0,0.5,0.43%,4.81,24.27,72.15,86.58,101.01,115.44,129.87,144.3,ShowDailyK_ChartFlow,FinMind_API_TaiwanStockPrice_2412,True,2026-09-22T15:41:02,2026-09-22T15:41:02,2026-09-22T15:41:02
2412,中華電,2023-07-25,116.5,0.5,0.43%,4.81,24.37,72.15,86.58,101.01,115.44,129.87,144.3,ShowDailyK_ChartFlow,FinMind_API_TaiwanStockPrice_2412,True,2026-09-22T15:41:02,2026-09-22T15:41:02,2026-09-22T15:41:02
2412,中華電,2023-07-26,117.0,0.5,0.43%,4.81,24.48,72.15,86.58,101.01,115.44,129.87,144.3,ShowDailyK_ChartFlow,FinMind_API_TaiwanStockPrice_2412,True,2026-09-22T15:41:02,2026-09-22T15:41:02,2026-09-22T15:41:02
2412,中華電,2023-07-27,116.5,-0.5,-0.43%,4.81,24.37,72.15,86.58,101.01,115.44,129.87,144.3,ShowDailyK_ChartFlow,FinMind_API_TaiwanStockPrice_2412,True,2026-09-22T15:41:02,2026-09-22T15:41:02,2026-09-22T15:41:02
2412,中華電,2023-07-28,116.5,0.0,0.00%,4.81,24.37,72.15,86.58,101.01,115.44,129.87,144.3,ShowDailyK_ChartFlow,FinMind_API_TaiwanStockPrice_2412,True,2026-09-22T15:41:02,2026-09-22T15:41:02,2026-09-22T15:41:02
2412,中華電,2023-07-31,116.0,-0.5,-0.43%,4.81,24.27,72.15,86.58,101.01,115.44,129.87,144.3,ShowDailyK_ChartFlow,FinMind_API_TaiwanStockPrice_2412,True,2026-09-22T15:41:02,2026-09-22T15:41:02,2026-09-22T15:41:02
2412,中華電,2023-08-01,116.5,0.5,0.43%,4.81,24.37,72.15,86.58,101.01,115.44,129.87,144.3,ShowDailyK_ChartFlow,FinMind_API_TaiwanStockPrice_2412,True,2026-09-22T15:41:02,2026-09-22T15:41:02,2026-09-22T15:41:02
2412,中華電,2023-08-02,116.0,-0.5,-0.43%,4.81,24.27,72.15,86.58,101.01,115.44,129.87,144.3,ShowDailyK_ChartFlow,FinMind_API_TaiwanStockPrice_2412,True,2026-09-22T15:41:02,2026-09-22T15:41:02,2026-09-22T15:41:02
2412,中華電,2023-08-04,116.5,0.5,0.43%,4.81,24.37,72.15,86.58,101.01,115.44,129.87,144.3,ShowDailyK_ChartFlow,FinMind_API_TaiwanStockPrice_2412,True,2026-09-22T15:41:02,2026-09-22T15:41:02,2026-09-22T15:41:02
2412,中華電,2023-08-07,116.0,-0.5,-0.43%,4.81,24.27,72.15,86.58,101.01,115.44,129.87,144.3,ShowDailyK_ChartFlow,FinMind_API_TaiwanStockPrice_2412,True,2026-09-22T15:41:02,2026-09-22T15:41:02,2026-09-22T15:41:02
2412,中華電,2023-08-08,116.5,0.5,0.43%,4.81,24.37,72.15,86.58,101.01,115.44,129.87,144.3,ShowDailyK_ChartFlow,FinMind_API_TaiwanStockPrice_2412,True,2026-09-22T15:41:02,2026-09-22T15:41:02,2026-09-22T15:41:02
2412,中華電,2023-08-09,117.0,0.5,0.43%,4.81,24.48,72.15,86.58,101.01,115.44,129.87,144.3,ShowDailyK_ChartFlow,FinMind_API_TaiwanStockPrice_2412,True,2026-09-22T15:41:02,2026-09-22T15:41:02,2026-09-22T15:41:02
2412,中華電,2023-08-10,118.0,1.0,0.85%,4.81,24.53,72.15,86.58,101.01,115.44,129.87,144.3,ShowDailyK_ChartFlow,FinMind_API_TaiwanStockPrice_2412,True,2026-09-22T15:41:02,2026-09-22T15:41:02,2026-09-22T15:41:02
2412,中華電,2023-08-11,118.0,0.0,0.00%,4.81,24.53,72.15,86.58,101.01,115.44,129.87,144.3,ShowDailyK_ChartFlow,FinMind_API_TaiwanStockPrice_2412,True,2026-09-22T15:41:02,2026-09-22T15:41:02,2026-09-22T15:41:02
2412,中華電,2023-08-14,117.0,-1.0,-0.85%,4.81,24.32,72.15,86.58,101.01,115.44,129.87,144.3,ShowDailyK_ChartFlow,FinMind_API_TaiwanStockPrice_2412,True,2026-09-22T15:41:02,2026-09-22T15:41:02,2026-09-22T15:41:02
2412,中華電,2023-08-15,117.0,0.0,0.00%,4.81,24.32,72.15,86.58,101.01,115.44,129.87,144.3,ShowDailyK_ChartFlow,FinMind_API_TaiwanStockPrice_2412,True,2026-09-22T15:41:02,2026-09-22T15:41:02,2026-09-22T15:41:02
2412,中華電,2023-08-16,118.0,1.0,0.85%,4.81,24.53,72.15,86.58,101.01,115.44,129.87,144.3,ShowDailyK_ChartFlow,FinMind_API_TaiwanStockPrice_2412,True,2026-09-22T15:41:02,2026-09-22T15:41:02,2026-09-22T15:41:02
2412,中華電,2023-08-17,116.5,-1.5,-1.27%,4.81,24.22,72.15,86.58,101.01,115.44,129.87,144.3,ShowDailyK_ChartFlow,FinMind_API_TaiwanStockPrice_2412,True,2026-09-22T15:41:02,2026-09-22T15:41:02,2026-09-22T15:41:02
2412,中華電,2023-08-18,117.5,1.0,0.86%,4.81,24.43,72.15,86.58,101.01,115.44,129.87,144.3,ShowDailyK_ChartFlow,FinMind_API_TaiwanStockPrice_2412,True,2026-09-22T15:41:02,2026-09-22T15:41:02,2026-09-22T15:41:02
2412,中華電,2023-08-21,117.0,-0.5,-0.43%,4.81,24.32,72.15,86.58,101.01,115.44,129.87,144.3,ShowDailyK_ChartFlow,FinMind_API_TaiwanStockPrice_2412,True,2026-09-22T15:41:02,2026-09-22T15:41:02,2026-09-22T15:41:02
2412,中華電,2023-08-22,116.5,-0.5,-0.43%,4.81,24.22,72.15,86.58,101.01,115.44,129.87,144.3,ShowDailyK_ChartFlow,FinMind_API_TaiwanStockPrice_2412,True,2026-09-22T15:41:02,2026-09-22T15:41:02,2026-09-22T15:41:02
2412,中華電,2023-08-23,116.5,0.0,0.00%,4.81,24.22,72.15,86.58,101.01,115.44,129.87,144.3,ShowDailyK_ChartFlow,FinMind_API_TaiwanStockPrice_2412,True,2026-09-22T15:41:02,2026-09-22T15:41:02,2026-09-22T15:41:02
2412,中華電,2023-08-24,117.5,1.0,0.86%,4.81,24.43,72.15,86.58,101.01,115.44,129.87,144.3,ShowDailyK_ChartFlow,FinMind_API_TaiwanStockPrice_2412,True,2026-09-22T15:41:02,2026-09-22T15:41:02,2026-09-22T15:41:02
2412,中華電,2023-08-25,116.5,-1.0,-0.85%,4.81,24.22,72.15,86.58,101.01,115.44,129.87,144.3,ShowDailyK_ChartFlow,FinMind_API_TaiwanStockPrice_2412,True,2026-09-22T15:41:02,2026-09-22T15:41:02,2026-09-22T15:41:02
2412,中華電,2023-08-28,117.0,0.5,0.43%,4.81,24.32,72.15,86.58,101.01,115.44,129.87,144.3,ShowDailyK_ChartFlow,FinMind_API_TaiwanStockPrice_2412,True,2026-09-22T15:41:02,2026-09-22T15:41:02,2026-09-22T15:41:02
2412,中華電,2023-08-29,117.5,0.5,0.43%,4.81,24.43,72.15,86.58,101.01,115.44,129.87,144.3,ShowDailyK_ChartFlow,FinMind_API_TaiwanStockPrice_2412,True,2026-09-22T15:41:02,2026-09-22T15:41:02,2026-09-22T15:41:02
2412,中華電,2023-08-30,117.0,-0.5,-0.43%,4.81,24.32,72.15,86.58,101.01,115.44,129.87,144.3,ShowDailyK_ChartFlow,FinMind_API_TaiwanStockPrice_2412,True,2026-09-22T15:41:02,2026-09-22T15:41:02,2026-09-22T15:41:02
2412,中華電,2023-08-31,116.0,-1.0,-0.85%,4.81,24.12,72.15,86.58,101.01,115.44,129.87,144.3,ShowDailyK_ChartFlow,FinMind_API_TaiwanStockPrice_2412,True,2026-09-22T15:41:02,2026-09-22T15:41:02,2026-09-22T15:41:02
2412,中華電,2023-09-01,116.5,0.5,0.43%,4.81,24.22,72.15,86.58,101.01,115.44,129.87,144.3,ShowDailyK_ChartFlow,FinMind_API_TaiwanStockPrice_2412,True,2026-09-22T15:41:02,2026-09-22T15:41:02,2026-09-22T15:41:02
2412,中華電,2023-09-04,117.5,1.0,0.86%,4.81,24.43,72.15,86.58,101.01,115.44,129.87,144.3,ShowDailyK_ChartFlow,FinMind_API_TaiwanStockPrice_2412,True,2026-09-22T15:41:02,2026-09-22T15:41:02,2026-09-22T15:41:02
2412,中華電,2023-09-05,117.0,-0.5,-0.43%,4.81,24.32,72.15,86.58,101.01,115.44,129.87,144.3,ShowDailyK_ChartFlow,FinMind_API_TaiwanStockPrice_2412,True,2026-09-22T15:41:02,2026-09-22T15:41:02,2026-09-22T15:41:02
2412,中華電,2023-09-06,117.0,0.0,0.00%,4.81,24.32,72.15,86.58,101.01,115.44,129.87,144.3,ShowDailyK_ChartFlow,FinMind_API_TaiwanStockPrice_2412,True,2026-09-22T15:41:02,2026-09-22T15:41:02,2026-09-22T15:41:02
2412,中華電,2023-09-07,117.0,0.0,0.00%,4.81,24.32,72.15,86.58,101.01,115.44,129.87,144.3,ShowDailyK_ChartFlow,FinMind_API_TaiwanStockPrice_2412,True,2026-09-22T15:41:02,2026-09-22T15:41:02,2026-09-22T15:41:02
2412,中華電,2023-09-08,116.5,-0.5,-0.43%,4.81,24.22,72.15,86.58,101.01,115.44,129.87,144.3,ShowDailyK_ChartFlow,FinMind_API_TaiwanStockPrice_2412,True,2026-09-22T15:41:02,2026-09-22T15:41:02,2026-09-22T15:41:02
2412,中華電,2023-09-11,117.0,0.5,0.43%,4.81,24.32,72.15,86.58,101.01,115.44,129.87,144.3,ShowDailyK_ChartFlow,FinMind_API_TaiwanStockPrice_2412,True,2026-09-22T15:41:02,2026-09-22T15:41:02,2026-09-22T15:41:02
2412,中華電,2023-09-12,117.0,0.0,0.00%,4.81,24.32,72.15,86.58,101.01,115.44,129.87,144.3,ShowDailyK_ChartFlow,FinMind_API_TaiwanStockPrice_2412,True,2026-09-22T15:41:02,2026-09-22T15:41:02,2026-09-22T15:41:02
2412,中華電,2023-09-13,116.5,-0.5,-0.43%,4.81,24.22,72.15,86.58,101.01,115.44,129.87,144.3,ShowDailyK_ChartFlow,FinMind_API_TaiwanStockPrice_2412,True,2026-09-22T15:41:02,2026-09-22T15:41:02,2026-09-22T15:41:02
2412,中華電,2023-09-14,117.0,0.5,0.43%,4.81,24.32,72.15,86.58,101.01,115.44,129.87,144.3,ShowDailyK_ChartFlow,FinMind_API_TaiwanStockPrice_2412,True,2026-09-22T15:41:02,2026-09-22T15:41:02,2026-09-22T15:41:02
2412,中華電,2023-09-15,117.5,0.5,0.43%,4.81,24.43,72.15,86.58,101.01,115.44,129.87,144.3,ShowDailyK_ChartFlow,FinMind_API_TaiwanStockPrice_2412,True,2026-09-22T15:41:02,2026-09-22T15:41:02,2026-09-22T15:41:02
2412,中華電,2023-09-18,117.0,-0.5,-0.43%,4.81,24.32,72.15,86.58,101.01,115.44,129.87,144.3,ShowDailyK_ChartFlow,FinMind_API_TaiwanStockPrice_2412,True,2026-09-22T15:41:02,2026-09-22T15:41:02,2026-09-22T15:41:02
2412,中華電,2023-09-19,117.0,0.0,0.00%,4.81,24.32,72.15,86.58,101.01,115.44,129.87,144.3,ShowDailyK_ChartFlow,FinMind_API_TaiwanStockPrice_2412,True,2026-09-22T15:41:02,2026-09-22T15:41:02,2026-09-22T15:41:02
2412,中華電,2023-09-20,117.0,0.0,0.00%,4.81,24.32,72.15,86.58,101.01,115.44,129.87,144.3,ShowDailyK_ChartFlow,FinMind_API_TaiwanStockPrice_2412,True,2026-09-22T15:41:02,2026-09-22T15:41:02,2026-09-22T15:41:02
2412,中華電,2023-09-21,116.5,-0.5,-0.43%,4.81,24.22,72.15,86.58,101.01,115.44,129.87,144.3,ShowDailyK_ChartFlow,FinMind_API_TaiwanStockPrice_2412,True,2026-09-22T15:41:02,2026-09-22T15:41:02,2026-09-22T15:41:02
2412,中華電,2023-09-22,117.0,0.5,0.43%,4.81,24.32,72.15,86.58,101.01,115.44,129.87,144.3,ShowDailyK_ChartFlow,FinMind_API_TaiwanStockPrice_2412,True,2026-09-22T15:41:02,2026-09-22T15:41:02,2026-09-22T15:41:02
2412,中華電,2023-09-25,116.5,-0.5,-0.43%,4.81,24.22,72.15,86.58,101.01,115.44,129.87,144.3,ShowDailyK_ChartFlow,FinMind_API_TaiwanStockPrice_2412,True,2026-09-22T15:41:02,2026-09-22T15:41:02,2026-09-22T15:41:02
2412,中華電,2023-09-26,116.0,-0.5,-0.43%,4.81,24.12,72.15,86.58,101.01,115.44,129.87,144.3,ShowDailyK_ChartFlow,FinMind_API_TaiwanStockPrice_2412,True,2026-09-22T15:41:02,2026-09-22T15:41:02,2026-09-22T15:41:02
2412,中華電,2023-09-27,116.5,0.5,0.43%,4.81,24.22,72.15,86.58,101.01,115.44,129.87,144.3,ShowDailyK_ChartFlow,FinMind_API_TaiwanStockPrice_2412,True,2026-09-22T15:41:02,2026-09-22T15:41:02,2026-09-22T15:41:02
2412,中華電,2023-09-28,116.0,-0.5,-0.43%,4.81,24.12,72.15,86.58,101.01,115.44,129.87,144.3,ShowDailyK_ChartFlow,FinMind_API_TaiwanStockPrice_2412,True,2026-09-22T15:41:02,2026-09-22T15:41:02,2026-09-22T15:41:02
2412,中華電,2023-10-02,116.5,0.5,0.43%,4.77,24.22,71.55,85.86,100.17,114.48,128.79,143.1,ShowDailyK_ChartFlow,FinMind_API_TaiwanStockPrice_2412,True,2026-09-22T15:41:02,2026-09-22T15:41:02,2026-09-22T15:41:02
2412,中華電,2023-10-03,116.0,-0.5,-0.43%,4.77,24.12,71.55,85.86,100.17,114.48,128.79,143.1,ShowDailyK_ChartFlow,FinMind_API_TaiwanStockPrice_2412,True,2026-09-22T15:41:02,2026-09-22T15:41:02,2026-09-22T15:41:02
2412,中華電,2023-10-04,115.0,-1.0,-0.86%,4.77,23.91,71.55,85.86,100.17,114.48,128.79,143.1,ShowDailyK_ChartFlow,FinMind_API_TaiwanStockPrice_2412,True,2026-09-22T15:41:02,2026-09-22T15:41:02,2026-09-22T15:41:02
2412,中華電,2023-10-05,115.0,0.0,0.00%,4.77,23.91,71.55,85.86,100.17,114.48,128.79,143.1,ShowDailyK_ChartFlow,FinMind_API_TaiwanStockPrice_2412,True,2026-09-22T15:41:02,2026-09-22T15:41:02,2026-09-22T15:41:02
2412,中華電,2023-10-06,115.5,0.5,0.43%,4.77,24.01,71.55,85.86,100.17,114.48,128.79,143.1,ShowDailyK_ChartFlow,FinMind_API_TaiwanStockPrice_2412,True,2026-09-22T15:41:02,2026-09-22T15:41:02,2026-09-22T15:41:02
2412,中華電,2023-10-11,116.5,1.0,0.87%,4.77,24.22,71.55,85.86,100.17,114.48,128.79,143.1,ShowDailyK_ChartFlow,FinMind_API_TaiwanStockPrice_2412,True,2026-09-22T15:41:02,2026-09-22T15:41:02,2026-09-22T15:41:02
2412,中華電,2023-10-12,116.5,0.0,0.00%,4.77,24.22,71.55,85.86,100.17,114.48,128.79,143.1,ShowDailyK_ChartFlow,FinMind_API_TaiwanStockPrice_2412,True,2026-09-22T15:41:02,2026-09-22T15:41:02,2026-09-22T15:41:02
2412,中華電,2023-10-13,116.0,-0.5,-0.43%,4.77,24.12,71.55,85.86,100.17,114.48,128.79,143.1,ShowDailyK_ChartFlow,FinMind_API_TaiwanStockPrice_2412,True,2026-09-22T15:41:02,2026-09-22T15:41:02,2026-09-22T15:41:02
2412,中華電,2023-10-16,116.5,0.5,0.43%,4.77,24.22,71.55,85.86,100.17,114.48,128.79,143.1,ShowDailyK_ChartFlow,FinMind_API_TaiwanStockPrice_2412,True,2026-09-22T15:41:02,2026-09-22T15:41:02,2026-09-22T15:41:02
2412,中華電,2023-10-17,116.5,0.0,0.00%,4.77,24.22,71.55,85.86,100.17,114.48,128.79,143.1,ShowDailyK_ChartFlow,FinMind_API_TaiwanStockPrice_2412,True,2026-09-22T15:41:02,2026-09-22T15:41:02,2026-09-22T15:41:02
2412,中華電,2023-10-18,116.0,-0.5,-0.43%,4.77,24.12,71.55,85.86,100.17,114.48,128.79,143.1,ShowDailyK_ChartFlow,FinMind_API_TaiwanStockPrice_2412,True,2026-09-22T15:41:02,2026-09-22T15:41:02,2026-09-22T15:41:02
2412,中華電,2023-10-19,116.0,0.0,0.00%,4.77,24.12,71.55,85.86,100.17,114.48,128.79,143.1,ShowDailyK_ChartFlow,FinMind_API_TaiwanStockPrice_2412,True,2026-09-22T15:41:02,2026-09-22T15:41:02,2026-09-22T15:41:02
2412,中華電,2023-10-20,115.5,-0.5,-0.43%,4.77,24.01,71.55,85.86,100.17,114.48,128.79,143.1,ShowDailyK_ChartFlow,FinMind_API_TaiwanStockPrice_2412,True,2026-09-22T15:41:02,2026-09-22T15:41:02,2026-09-22T15:41:02
2412,中華電,2023-10-23,115.5,0.0,0.00%,4.77,24.01,71.55,85.86,100.17,114.48,128.79,143.1,ShowDailyK_ChartFlow,FinMind_API_TaiwanStockPrice_2412,True,2026-09-22T15:41:02,2026-09-22T15:41:02,2026-09-22T15:41:02
2412,中華電,2023-10-24,115.5,0.0,0.00%,4.77,24.01,71.55,85.86,100.17,114.48,128.79,143.1,ShowDailyK_ChartFlow,FinMind_API_TaiwanStockPrice_2412,True,2026-09-22T15:41:02,2026-09-22T15:41:02,2026-09-22T15:41:02
2412,中華電,2023-10-25,115.5,0.0,0.00%,4.77,24.01,71.55,85.86,100.17,114.48,128.79,143.1,ShowDailyK_ChartFlow,FinMind_API_TaiwanStockPrice_2412,True,2026-09-22T15:41:02,2026-09-22T15:41:02,2026-09-22T15:41:02
2412,中華電,2023-10-26,115.0,-0.5,-0.43%,4.77,23.91,71.55,85.86,100.17,114.48,128.79,143.1,ShowDailyK_ChartFlow,FinMind_API_TaiwanStockPrice_2412,True,2026-09-22T15:41:02,2026-09-22T15:41:02,2026-09-22T15:41:02
2412,中華電,2023-10-27,115.5,0.5,0.43%,4.77,24.01,71.55,85.86,100.17,114.48,128.79,143.1,ShowDailyK_ChartFlow,FinMind_API_TaiwanStockPrice_2412,True,2026-09-22T15:41:02,2026-09-22T15:41:02,2026-09-22T15:41:02
2412,中華電,2023-10-30,115.5,0.0,0.00%,4.77,24.01,71.55,85.86,100.17,114.48,128.79,143.1,ShowDailyK_ChartFlow,FinMind_API_TaiwanStockPrice_2412,True,2026-09-22T15:41:02,2026-09-22T15:41:02,2026-09-22T15:41:02
2412,中華電,2023-10-31,116.0,0.5,0.43%,4.77,24.12,71.55,85.86,100.17,114.48,128.79,143.1,ShowDailyK_ChartFlow,FinMind_API_TaiwanStockPrice_2412,True,2026-09-22T15:41:02,2026-09-22T15:41:02,2026-09-22T15:41:02
2412,中華電,2023-11-01,117.0,1.0,0.86%,4.77,24.32,71.55,85.86,100.17,114.48,128.79,143.1,ShowDailyK_ChartFlow,FinMind_API_TaiwanStockPrice_2412,True,2026-09-22T15:41:02,2026-09-22T15:41:02,2026-09-22T15:41:02
2412,中華電,2023-11-02,118.0,1.0,0.85%,4.77,24.53,71.55,85.86,100.17,114.48,128.79,143.1,ShowDailyK_ChartFlow,FinMind_API_TaiwanStockPrice_2412,True,2026-09-22T15:41:02,2026-09-22T15:41:02,2026-09-22T15:41:02
2412,中華電,2023-11-03,117.5,-0.5,-0.42%,4.77,24.43,71.55,85.86,100.17,114.48,128.79,143.1,ShowDailyK_ChartFlow,FinMind_API_TaiwanStockPrice_2412,True,2026-09-22T15:41:02,2026-09-22T15:41:02,2026-09-22T15:41:02
2412,中華電,2023-11-06,117.5,0.0,0.00%,4.77,24.43,71.55,85.86,100.17,114.48,128.79,143.1,ShowDailyK_ChartFlow,FinMind_API_TaiwanStockPrice_2412,True,2026-09-22T15:41:02,2026-09-22T15:41:02,2026-09-22T15:41:02
2412,中華電,2023-11-07,118.0,0.5,0.43%,4.77,24.53,71.55,85.86,100.17,114.48,128.79,143.1,ShowDailyK_ChartFlow,FinMind_API_TaiwanStockPrice_2412,True,2026-09-22T15:41:02,2026-09-22T15:41:02,2026-09-22T15:41:02
2412,中華電,2023-11-08,118.5,0.5,0.42%,4.77,24.64,71.55,85.86,100.17,114.48,128.79,143.1,ShowDailyK_ChartFlow,FinMind_API_TaiwanStockPrice_2412,True,2026-09-22T15:41:02,2026-09-22T15:41:02,2026-09-22T15:41:02
2412,中華電,2023-11-09,117.5,-1.0,-0.84%,4.77,24.58,71.55,85.86,100.17,114.48,128.79,143.1,ShowDailyK_ChartFlow,FinMind_API_TaiwanStockPrice_2412,True,2026-09-22T15:41:02,2026-09-22T15:41:02,2026-09-22T15:41:02
2412,中華電,2023-11-10,117.0,-0.5,-0.43%,4.77,24.48,71.55,85.86,100.17,114.48,128.79,143.1,ShowDailyK_ChartFlow,FinMind_API_TaiwanStockPrice_2412,True,2026-09-22T15:41:02,2026-09-22T15:41:02,2026-09-22T15:41:02
2412,中華電,2023-11-13,116.5,-0.5,-0.43%,4.77,24.37,71.55,85.86,100.17,114.48,128.79,143.1,ShowDailyK_ChartFlow,FinMind_API_TaiwanStockPrice_2412,True,2026-09-22T15:41:02,2026-09-22T15:41:02,2026-09-22T15:41:02
2412,中華電,2023-11-14,116.5,0.0,0.00%,4.77,24.37,71.55,85.86,100.17,114.48,128.79,143.1,ShowDailyK_ChartFlow,FinMind_API_TaiwanStockPrice_2412,True,2026-09-22T15:41:02,2026-09-22T15:41:02,2026-09-22T15:41:02
2412,中華電,2023-11-15,118.0,1.5,1.29%,4.77,24.69,71.55,85.86,100.17,114.48,128.79,143.1,ShowDailyK_ChartFlow,FinMind_API_TaiwanStockPrice_2412,True,2026-09-22T15:41:02,2026-09-22T15:41:02,2026-09-22T15:41:02
2412,中華電,2023-11-16,117.0,-1.0,-0.85%,4.77,24.48,71.55,85.86,100.17,114.48,128.79,143.1,ShowDailyK_ChartFlow,FinMind_API_TaiwanStockPrice_2412,True,2026-09-22T15:41:02,2026-09-22T15:41:02,2026-09-22T15:41:02
2412,中華電,2023-11-17,117.0,0.0,0.00%,4.77,24.48,71.55,85.86,100.17,114.48,128.79,143.1,ShowDailyK_ChartFlow,FinMind_API_TaiwanStockPrice_2412,True,2026-09-22T15:41:02,2026-09-22T15:41:02,2026-09-22T15:41:02
2412,中華電,2023-11-20,118.0,1.0,0.85%,4.77,24.69,71.55,85.86,100.17,114.48,128.79,143.1,ShowDailyK_ChartFlow,FinMind_API_TaiwanStockPrice_2412,True,2026-09-22T15:41:02,2026-09-22T15:41:02,2026-09-22T15:41:02
2412,中華電,2023-11-21,118.0,0.0,0.00%,4.77,24.69,71.55,85.86,100.17,114.48,128.79,143.1,ShowDailyK_ChartFlow,FinMind_API_TaiwanStockPrice_2412,True,2026-09-22T15:41:02,2026-09-22T15:41:02,2026-09-22T15:41:02
2412,中華電,2023-11-22,118.0,0.0,0.00%,4.77,24.69,71.55,85.86,100.17,114.48,128.79,143.1,ShowDailyK_ChartFlow,FinMind_API_TaiwanStockPrice_2412,True,2026-09-22T15:41:02,2026-09-22T15:41:02,2026-09-22T15:41:02
2412,中華電,2023-11-23,118.5,0.5,0.42%,4.77,24.79,71.55,85.86,100.17,114.48,128.79,143.1,ShowDailyK_ChartFlow,FinMind_API_TaiwanStockPrice_2412,True,2026-09-22T15:41:02,2026-09-22T15:41:02,2026-09-22T15:41:02
2412,中華電,2023-11-24,119.0,0.5,0.42%,4.77,24.9,71.55,85.86,100.17,114.48,128.79,143.1,ShowDailyK_ChartFlow,FinMind_API_TaiwanStockPrice_2412,True,2026-09-22T15:41:02,2026-09-22T15:41:02,2026-09-22T15:41:02
2412,中華電,2023-11-27,120.0,1.0,0.84%,4.77,25.1,71.55,85.86,100.17,114.48,128.79,143.1,ShowDailyK_ChartFlow,FinMind_API_TaiwanStockPrice_2412,True,2026-09-22T15:41:02,2026-09-22T15:41:02,2026-09-22T15:41:02
2412,中華電,2023-11-28,119.5,-0.5,-0.42%,4.77,25.0,71.55,85.86,100.17,114.48,128.79,143.1,ShowDailyK_ChartFlow,FinMind_API_TaiwanStockPrice_2412,True,2026-09-22T15:41:02,2026-09-22T15:41:02,2026-09-22T15:41:02
2412,中華電,2023-11-29,120.0,0.5,0.42%,4.77,25.1,71.55,85.86,100.17,114.48,128.79,143.1,ShowDailyK_ChartFlow,FinMind_API_TaiwanStockPrice_2412,True,2026-09-22T15:41:02,2026-09-22T15:41:02,2026-09-22T15:41:02
2412,中華電,2023-11-30,119.5,-0.5,-0.42%,4.77,25.0,71.55,85.86,100.17,114.48,128.79,143.1,ShowDailyK_ChartFlow,FinMind_API_TaiwanStockPrice_2412,True,2026-09-22T15:41:02,2026-09-22T15:41:02,2026-09-22T15:41:02
2412,中華電,2023-12-01,120.0,0.5,0.42%,4.77,25.1,71.55,85.86,100.17,114.48,128.79,143.1,ShowDailyK_ChartFlow,FinMind_API_TaiwanStockPrice_2412,True,2026-09-22T15:41:02,2026-09-22T15:41:02,2026-09-22T15:41:02
2412,中華電,2023-12-04,121.0,1.0,0.83%,4.77,25.31,71.55,85.86,100.17,114.48,128.79,143.1,ShowDailyK_ChartFlow,FinMind_API_TaiwanStockPrice_2412,True,2026-09-22T15:41:02,2026-09-22T15:41:02,2026-09-22T15:41:02
2412,中華電,2023-12-05,121.5,0.5,0.41%,4.77,25.42,71.55,85.86,100.17,114.48,128.79,143.1,ShowDailyK_ChartFlow,FinMind_API_TaiwanStockPrice_2412,True,2026-09-22T15:41:02,2026-09-22T15:41:02,2026-09-22T15:41:02
2412,中華電,2023-12-06,122.0,0.5,0.41%,4.77,25.52,71.55,85.86,100.17,114.48,128.79,143.1,ShowDailyK_ChartFlow,FinMind_API_TaiwanStockPrice_2412,True,2026-09-22T15:41:02,2026-09-22T15:41:02,2026-09-22T15:41:02
2412,中華電,2023-12-07,121.0,-1.0,-0.82%,4.77,25.31,71.55,85.86,100.17,114.48,128.79,143.1,ShowDailyK_ChartFlow,FinMind_API_TaiwanStockPrice_2412,True,2026-09-22T15:41:02,2026-09-22T15:41:02,2026-09-22T15:41:02
2412,中華電,2023-12-08,120.5,-0.5,-0.41%,4.77,25.21,71.55,85.86,100.17,114.48,128.79,143.1,ShowDailyK_ChartFlow,FinMind_API_TaiwanStockPrice_2412,True,2026-09-22T15:41:02,2026-09-22T15:41:02,2026-09-22T15:41:02
2412,中華電,2023-12-11,120.0,-0.5,-0.41%,4.77,25.1,71.55,85.86,100.17,114.48,128.79,143.1,ShowDailyK_ChartFlow,FinMind_API_TaiwanStockPrice_2412,True,2026-09-22T15:41:02,2026-09-22T15:41:02,2026-09-22T15:41:02
2412,中華電,2023-12-12,120.0,0.0,0.00%,4.77,25.1,71.55,85.86,100.17,114.48,128.79,143.1,ShowDailyK_ChartFlow,FinMind_API_TaiwanStockPrice_2412,True,2026-09-22T15:41:02,2026-09-22T15:41:02,2026-09-22T15:41:02
2412,中華電,2023-12-13,119.5,-0.5,-0.42%,4.77,25.0,71.55,85.86,100.17,114.48,128.79,143.1,ShowDailyK_ChartFlow,FinMind_API_TaiwanStockPrice_2412,True,2026-09-22T15:41:02,2026-09-22T15:41:02,2026-09-22T15:41:02
2412,中華電,2023-12-14,119.5,0.0,0.00%,4.77,25.0,71.55,85.86,100.17,114.48,128.79,143.1,ShowDailyK_ChartFlow,FinMind_API_TaiwanStockPrice_2412,True,2026-09-22T15:41:02,2026-09-22T15:41:02,2026-09-22T15:41:02
2412,中華電,2023-12-15,118.5,-1.0,-0.84%,4.77,24.79,71.55,85.86,100.17,114.48,128.79,143.1,ShowDailyK_ChartFlow,FinMind_API_TaiwanStockPrice_2412,True,2026-09-22T15:41:02,2026-09-22T15:41:02,2026-09-22T15:41:02
2412,中華電,2023-12-18,118.5,0.0,0.00%,4.77,24.79,71.55,85.86,100.17,114.48,128.79,143.1,ShowDailyK_ChartFlow,FinMind_API_TaiwanStockPrice_2412,True,2026-09-22T15:41:02,2026-09-22T15:41:02,2026-09-22T15:41:02
2412,中華電,2023-12-19,118.5,0.0,0.00%,4.77,24.79,71.55,85.86,100.17,114.48,128.79,143.1,ShowDailyK_ChartFlow,FinMind_API_TaiwanStockPrice_2412,True,2026-09-22T15:41:02,2026-09-22T15:41:02,2026-09-22T15:41:02
2412,中華電,2023-12-20,118.5,0.0,0.00%,4.77,24.79,71.55,85.86,100.17,114.48,128.79,143.1,ShowDailyK_ChartFlow,FinMind_API_TaiwanStockPrice_2412,True,2026-09-22T15:41:02,2026-09-22T15:41:02,2026-09-22T15:41:02
2412,中華電,2023-12-21,118.0,-0.5,-0.42%,4.77,24.69,71.55,85.86,100.17,114.48,128.79,143.1,ShowDailyK_ChartFlow,FinMind_API_TaiwanStockPrice_2412,True,2026-09-22T15:41:02,2026-09-22T15:41:02,2026-09-22T15:41:02
2412,中華電,2023-12-22,117.5,-0.5,-0.42%,4.77,24.58,71.55,85.86,100.17,114.48,128.79,143.1,ShowDailyK_ChartFlow,FinMind_API_TaiwanStockPrice_2412,True,2026-09-22T15:41:02,2026-09-22T15:41:02,2026-09-22T15:41:02
2412,中華電,2023-12-25,118.0,0.5,0.43%,4.77,24.69,71.55,85.86,100.17,114.48,128.79,143.1,ShowDailyK_ChartFlow,FinMind_API_TaiwanStockPrice_2412,True,2026-09-22T15:41:02,2026-09-22T15:41:02,2026-09-22T15:41:02
2412,中華電,2023-12-26,119.0,1.0,0.85%,4.77,24.9,71.55,85.86,100.17,114.48,128.79,143.1,ShowDailyK_ChartFlow,FinMind_API_TaiwanStockPrice_2412,True,2026-09-22T15:41:02,2026-09-22T15:41:02,2026-09-22T15:41:02
2412,中華電,2023-12-27,119.5,0.5,0.42%,4.77,25.0,71.55,85.86,100.17,114.48,128.79,143.1,ShowDailyK_ChartFlow,FinMind_API_TaiwanStockPrice_2412,True,2026-09-22T15:41:02,2026-09-22T15:41:02,2026-09-22T15:41:02
2412,中華電,2023-12-28,120.0,0.5,0.42%,4.77,25.1,71.55,85.86,100.17,114.48,128.79,143.1,ShowDailyK_ChartFlow,FinMind_API_TaiwanStockPrice_2412,True,2026-09-22T15:41:02,2026-09-22T15:41:02,2026-09-22T15:41:02
2412,中華電,2023-12-29,120.0,0.0,0.00%,4.77,25.1,71.55,85.86,100.17,114.48,128.79,143.1,ShowDailyK_ChartFlow,FinMind_API_TaiwanStockPrice_2412,True,2026-09-22T15:41:02,2026-09-22T15:41:02,2026-09-22T15:41:02
2412,中華電,2024-01-02,120.5,0.5,0.42%,4.76,25.21,71.4,85.68,99.96,114.24,128.52,142.8,ShowDailyK_ChartFlow,FinMind_API_TaiwanStockPrice_2412,True,2026-09-22T15:41:02,2026-09-22T15:41:02,2026-09-22T15:41:02
2412,中華電,2024-01-03,120.0,-0.5,-0.41%,4.76,25.1,71.4,85.68,99.96,114.24,128.52,142.8,ShowDailyK_ChartFlow,FinMind_API_TaiwanStockPrice_2412,True,2026-09-22T15:41:02,2026-09-22T15:41:02,2026-09-22T15:41:02
2412,中華電,2024-01-04,119.0,-1.0,-0.83%,4.76,24.9,71.4,85.68,99.96,114.24,128.52,142.8,ShowDailyK_ChartFlow,FinMind_API_TaiwanStockPrice_2412,True,2026-09-22T15:41:02,2026-09-22T15:41:02,2026-09-22T15:41:02
2412,中華電,2024-01-05,119.5,0.5,0.42%,4.76,25.0,71.4,85.68,99.96,114.24,128.52,142.8,ShowDailyK_ChartFlow,FinMind_API_TaiwanStockPrice_2412,True,2026-09-22T15:41:02,2026-09-22T15:41:02,2026-09-22T15:41:02
2412,中華電,2024-01-08,120.5,1.0,0.84%,4.76,25.21,71.4,85.68,99.96,114.24,128.52,142.8,ShowDailyK_ChartFlow,FinMind_API_TaiwanStockPrice_2412,True,2026-09-22T15:41:02,2026-09-22T15:41:02,2026-09-22T15:41:02
2412,中華電,2024-01-09,120.0,-0.5,-0.41%,4.76,25.1,71.4,85.68,99.96,114.24,128.52,142.8,ShowDailyK_ChartFlow,FinMind_API_TaiwanStockPrice_2412,True,2026-09-22T15:41:02,2026-09-22T15:41:02,2026-09-22T15:41:02
2412,中華電,2024-01-10,120.0,0.0,0.00%,4.76,25.1,71.4,85.68,99.96,114.24,128.52,142.8,ShowDailyK_ChartFlow,FinMind_API_TaiwanStockPrice_2412,True,2026-09-22T15:41:02,2026-09-22T15:41:02,2026-09-22T15:41:02
2412,中華電,2024-01-11,120.5,0.5,0.42%,4.76,25.21,71.4,85.68,99.96,114.24,128.52,142.8,ShowDailyK_ChartFlow,FinMind_API_TaiwanStockPrice_2412,True,2026-09-22T15:41:02,2026-09-22T15:41:02,2026-09-22T15:41:02
2412,中華電,2024-01-12,120.0,-0.5,-0.41%,4.76,25.1,71.4,85.68,99.96,114.24,128.52,142.8,ShowDailyK_ChartFlow,FinMind_API_TaiwanStockPrice_2412,True,2026-09-22T15:41:02,2026-09-22T15:41:02,2026-09-22T15:41:02
2412,中華電,2024-01-15,120.5,0.5,0.42%,4.76,25.21,71.4,85.68,99.96,114.24,128.52,142.8,ShowDailyK_ChartFlow,FinMind_API_TaiwanStockPrice_2412,True,2026-09-22T15:41:02,2026-09-22T15:41:02,2026-09-22T15:41:02
2412,中華電,2024-01-16,119.0,-1.5,-1.24%,4.76,24.9,71.4,85.68,99.96,114.24,128.52,142.8,ShowDailyK_ChartFlow,FinMind_API_TaiwanStockPrice_2412,True,2026-09-22T15:41:02,2026-09-22T15:41:02,2026-09-22T15:41:02
2412,中華電,2024-01-17,118.5,-0.5,-0.42%,4.76,24.79,71.4,85.68,99.96,114.24,128.52,142.8,ShowDailyK_ChartFlow,FinMind_API_TaiwanStockPrice_2412,True,2026-09-22T15:41:02,2026-09-22T15:41:02,2026-09-22T15:41:02
2412,中華電,2024-01-18,118.5,0.0,0.00%,4.76,24.79,71.4,85.68,99.96,114.24,128.52,142.8,ShowDailyK_ChartFlow,FinMind_API_TaiwanStockPrice_2412,True,2026-09-22T15:41:02,2026-09-22T15:41:02,2026-09-22T15:41:02
2412,中華電,2024-01-19,119.0,0.5,0.42%,4.76,24.9,71.4,85.68,99.96,114.24,128.52,142.8,ShowDailyK_ChartFlow,FinMind_API_TaiwanStockPrice_2412,True,2026-09-22T15:41:02,2026-09-22T15:41:02,2026-09-22T15:41:02
2412,中華電,2024-01-22,119.0,0.0,0.00%,4.76,24.9,71.4,85.68,99.96,114.24,128.52,142.8,ShowDailyK_ChartFlow,FinMind_API_TaiwanStockPrice_2412,True,2026-09-22T15:41:02,2026-09-22T15:41:02,2026-09-22T15:41:02
2412,中華電,2024-01-23,119.5,0.5,0.42%,4.76,25.0,71.4,85.68,99.96,114.24,128.52,142.8,ShowDailyK_ChartFlow,FinMind_API_TaiwanStockPrice_2412,True,2026-09-22T15:41:02,2026-09-22T15:41:02,2026-09-22T15:41:02
2412,中華電,2024-01-24,120.0,0.5,0.42%,4.76,25.1,71.4,85.68,99.96,114.24,128.52,142.8,ShowDailyK_ChartFlow,FinMind_API_TaiwanStockPrice_2412,True,2026-09-22T15:41:02,2026-09-22T15:41:02,2026-09-22T15:41:02
2412,中華電,2024-01-25,120.0,0.0,0.00%,4.76,25.1,71.4,85.68,99.96,114.24,128.52,142.8,ShowDailyK_ChartFlow,FinMind_API_TaiwanStockPrice_2412,True,2026-09-22T15:41:02,2026-09-22T15:41:02,2026-09-22T15:41:02
2412,中華電,2024-01-26,119.5,-0.5,-0.42%,4.76,25.0,71.4,85.68,99.96,114.24,128.52,142.8,ShowDailyK_ChartFlow,FinMind_API_TaiwanStockPrice_2412,True,2026-09-22T15:41:02,2026-09-22T15:41:02,2026-09-22T15:41:02
2412,中華電,2024-01-29,120.0,0.5,0.42%,4.76,25.1,71.4,85.68,99.96,114.24,128.52,142.8,ShowDailyK_ChartFlow,FinMind_API_TaiwanStockPrice_2412,True,2026-09-22T15:41:02,2026-09-22T15:41:02,2026-09-22T15:41:02
2412,中華電,2024-01-30,119.5,-0.5,-0.42%,4.76,25.0,71.4,85.68,99.96,114.24,128.52,142.8,ShowDailyK_ChartFlow,FinMind_API_TaiwanStockPrice_2412,True,2026-09-22T15:41:02,2026-09-22T15:41:02,2026-09-22T15:41:02
2412,中華電,2024-01-31,119.0,-0.5,-0.42%,4.76,24.9,71.4,85.68,99.96,114.24,128.52,142.8,ShowDailyK_ChartFlow,FinMind_API_TaiwanStockPrice_2412,True,2026-09-22T15:41:02,2026-09-22T15:41:02,2026-09-22T15:41:02
2412,中華電,2024-02-01,120.0,1.0,0.84%,4.76,25.1,71.4,85.68,99.96,114.24,128.52,142.8,ShowDailyK_ChartFlow,FinMind_API_TaiwanStockPrice_2412,True,2026-09-22T15:41:02,2026-09-22T15:41:02,2026-09-22T15:41:02
2412,中華電,2024-02-02,120.5,0.5,0.42%,4.76,25.21,71.4,85.68,99.96,114.24,128.52,142.8,ShowDailyK_ChartFlow,FinMind_API_TaiwanStockPrice_2412,True,2026-09-22T15:41:02,2026-09-22T15:41:02,2026-09-22T15:41:02
2412,中華電,2024-02-05,121.5,1.0,0.83%,4.76,25.42,71.4,85.68,99.96,114.24,128.52,142.8,ShowDailyK_ChartFlow,FinMind_API_TaiwanStockPrice_2412,True,2026-09-22T15:41:02,2026-09-22T15:41:02,2026-09-22T15:41:02
2412,中華電,2024-02-15,121.0,-0.5,-0.41%,4.76,25.31,71.4,85.68,99.96,114.24,128.52,142.8,ShowDailyK_ChartFlow,FinMind_API_TaiwanStockPrice_2412,True,2026-09-22T15:41:02,2026-09-22T15:41:02,2026-09-22T15:41:02
2412,中華電,2024-02-16,122.0,1.0,0.83%,4.76,25.52,71.4,85.68,99.96,114.24,128.52,142.8,ShowDailyK_ChartFlow,FinMind_API_TaiwanStockPrice_2412,True,2026-09-22T15:41:02,2026-09-22T15:41:02,2026-09-22T15:41:02
2412,中華電,2024-02-19,122.0,0.0,0.00%,4.76,25.52,71.4,85.68,99.96,114.24,128.52,142.8,ShowDailyK_ChartFlow,FinMind_API_TaiwanStockPrice_2412,True,2026-09-22T15:41:02,2026-09-22T15:41:02,2026-09-22T15:41:02
2412,中華電,2024-02-20,122.5,0.5,0.41%,4.76,25.63,71.4,85.68,99.96,114.24,128.52,142.8,ShowDailyK_ChartFlow,FinMind_API_TaiwanStockPrice_2412,True,2026-09-22T15:41:02,2026-09-22T15:41:02,2026-09-22T15:41:02
2412,中華電,2024-02-21,122.5,0.0,0.00%,4.76,25.63,71.4,85.68,99.96,114.24,128.52,142.8,ShowDailyK_ChartFlow,FinMind_API_TaiwanStockPrice_2412,True,2026-09-22T15:41:02,2026-09-22T15:41:02,2026-09-22T15:41:02
2412,中華電,2024-02-22,122.0,-0.5,-0.41%,4.76,25.52,71.4,85.68,99.96,114.24,128.52,142.8,ShowDailyK_ChartFlow,FinMind_API_TaiwanStockPrice_2412,True,2026-09-22T15:41:02,2026-09-22T15:41:02,2026-09-22T15:41:02
2412,中華電,2024-02-23,122.0,0.0,0.00%,4.76,25.52,71.4,85.68,99.96,114.24,128.52,142.8,ShowDailyK_ChartFlow,FinMind_API_TaiwanStockPrice_2412,True,2026-09-22T15:41:02,2026-09-22T15:41:02,2026-09-22T15:41:02
2412,中華電,2024-02-26,122.0,0.0,0.00%,4.76,25.63,71.4,85.68,99.96,114.24,128.52,142.8,ShowDailyK_ChartFlow,FinMind_API_TaiwanStockPrice_2412,True,2026-09-22T15:41:02,2026-09-22T15:41:02,2026-09-22T15:41:02
2412,中華電,2024-02-27,121.0,-1.0,-0.82%,4.76,25.42,71.4,85.68,99.96,114.24,128.52,142.8,ShowDailyK_ChartFlow,FinMind_API_TaiwanStockPrice_2412,True,2026-09-22T15:41:02,2026-09-22T15:41:02,2026-09-22T15:41:02
2412,中華電,2024-02-29,120.5,-0.5,-0.41%,4.76,25.32,71.4,85.68,99.96,114.24,128.52,142.8,ShowDailyK_ChartFlow,FinMind_API_TaiwanStockPrice_2412,True,2026-09-22T15:41:02,2026-09-22T15:41:02,2026-09-22T15:41:02
2412,中華電,2024-03-01,121.0,0.5,0.41%,4.76,25.42,71.4,85.68,99.96,114.24,128.52,142.8,ShowDailyK_ChartFlow,FinMind_API_TaiwanStockPrice_2412,True,2026-09-22T15:41:02,2026-09-22T15:41:02,2026-09-22T15:41:02
2412,中華電,2024-03-04,121.5,0.5,0.41%,4.76,25.53,71.4,85.68,99.96,114.24,128.52,142.8,ShowDailyK_ChartFlow,FinMind_API_TaiwanStockPrice_2412,True,2026-09-22T15:41:02,2026-09-22T15:41:02,2026-09-22T15:41:02
2412,中華電,2024-03-05,121.0,-0.5,-0.41%,4.76,25.42,71.4,85.68,99.96,114.24,128.52,142.8,ShowDailyK_ChartFlow,FinMind_API_TaiwanStockPrice_2412,True,2026-09-22T15:41:02,2026-09-22T15:41:02,2026-09-22T15:41:02
2412,中華電,2024-03-06,121.5,0.5,0.41%,4.76,25.53,71.4,85.68,99.96,114.24,128.52,142.8,ShowDailyK_ChartFlow,FinMind_API_TaiwanStockPrice_2412,True,2026-09-22T15:41:02,2026-09-22T15:41:02,2026-09-22T15:41:02
2412,中華電,2024-03-07,121.0,-0.5,-0.41%,4.76,25.42,71.4,85.68,99.96,114.24,128.52,142.8,ShowDailyK_ChartFlow,FinMind_API_TaiwanStockPrice_2412,True,2026-09-22T15:41:02,2026-09-22T15:41:02,2026-09-22T15:41:02
2412,中華電,2024-03-08,120.5,-0.5,-0.41%,4.76,25.32,71.4,85.68,99.96,114.24,128.52,142.8,ShowDailyK_ChartFlow,FinMind_API_TaiwanStockPrice_2412,True,2026-09-22T15:41:02,2026-09-22T15:41:02,2026-09-22T15:41:02
2412,中華電,2024-03-11,121.5,1.0,0.83%,4.76,25.53,71.4,85.68,99.96,114.24,128.52,142.8,ShowDailyK_ChartFlow,FinMind_API_TaiwanStockPrice_2412,True,2026-09-22T15:41:02,2026-09-22T15:41:02,2026-09-22T15:41:02
2412,中華電,2024-03-12,121.5,0.0,0.00%,4.76,25.53,71.4,85.68,99.96,114.24,128.52,142.8,ShowDailyK_ChartFlow,FinMind_API_TaiwanStockPrice_2412,True,2026-09-22T15:41:02,2026-09-22T15:41:02,2026-09-22T15:41:02
2412,中華電,2024-03-13,121.0,-0.5,-0.41%,4.76,25.42,71.4,85.68,99.96,114.24,128.52,142.8,ShowDailyK_ChartFlow,FinMind_API_TaiwanStockPrice_2412,True,2026-09-22T15:41:02,2026-09-22T15:41:02,2026-09-22T15:41:02
2412,中華電,2024-03-14,122.0,1.0,0.83%,4.76,25.63,71.4,85.68,99.96,114.24,128.52,142.8,ShowDailyK_ChartFlow,FinMind_API_TaiwanStockPrice_2412,True,2026-09-22T15:41:02,2026-09-22T15:41:02,2026-09-22T15:41:02
2412,中華電,2024-03-15,122.5,0.5,0.41%,4.76,25.74,71.4,85.68,99.96,114.24,128.52,142.8,ShowDailyK_ChartFlow,FinMind_API_TaiwanStockPrice_2412,True,2026-09-22T15:41:02,2026-09-22T15:41:02,2026-09-22T15:41:02
2412,中華電,2024-03-18,123.0,0.5,0.41%,4.76,25.84,71.4,85.68,99.96,114.24,128.52,142.8,ShowDailyK_ChartFlow,FinMind_API_TaiwanStockPrice_2412,True,2026-09-22T15:41:02,2026-09-22T15:41:02,2026-09-22T15:41:02
2412,中華電,2024-03-19,123.0,0.0,0.00%,4.76,25.84,71.4,85.68,99.96,114.24,128.52,142.8,ShowDailyK_ChartFlow,FinMind_API_TaiwanStockPrice_2412,True,2026-09-22T15:41:02,2026-09-22T15:41:02,2026-09-22T15:41:02
2412,中華電,2024-03-20,123.0,0.0,0.00%,4.76,25.84,71.4,85.68,99.96,114.24,128.52,142.8,ShowDailyK_ChartFlow,FinMind_API_TaiwanStockPrice_2412,True,2026-09-22T15:41:02,2026-09-22T15:41:02,2026-09-22T15:41:02
2412,中華電,2024-03-21,123.5,0.5,0.41%,4.76,25.95,71.4,85.68,99.96,114.24,128.52,142.8,ShowDailyK_ChartFlow,FinMind_API_TaiwanStockPrice_2412,True,2026-09-22T15:41:02,2026-09-22T15:41:02,2026-09-22T15:41:02
2412,中華電,2024-03-22,124.0,0.5,0.40%,4.76,26.05,71.4,85.68,99.96,114.24,128.52,142.8,ShowDailyK_ChartFlow,FinMind_API_TaiwanStockPrice_2412,True,2026-09-22T15:41:02,2026-09-22T15:41:02,2026-09-22T15:41:02
2412,中華電,2024-03-25,124.5,0.5,0.40%,4.76,26.16,71.4,85.68,99.96,114.24,128.52,142.8,ShowDailyK_ChartFlow,FinMind_API_TaiwanStockPrice_2412,True,2026-09-22T15:41:02,2026-09-22T15:41:02,2026-09-22T15:41:02
2412,中華電,2024-03-26,125.5,1.0,0.80%,4.76,26.37,71.4,85.68,99.96,114.24,128.52,142.8,ShowDailyK_ChartFlow,FinMind_API_TaiwanStockPrice_2412,True,2026-09-22T15:41:02,2026-09-22T15:41:02,2026-09-22T15:41:02
2412,中華電,2024-03-27,127.0,1.5,1.20%,4.76,26.68,71.4,85.68,99.96,114.24,128.52,142.8,ShowDailyK_ChartFlow,FinMind_API_TaiwanStockPrice_2412,True,2026-09-22T15:41:02,2026-09-22T15:41:02,2026-09-22T15:41:02
2412,中華電,2024-03-28,125.5,-1.5,-1.18%,4.76,26.37,71.4,85.68,99.96,114.24,128.52,142.8,ShowDailyK_ChartFlow,FinMind_API_TaiwanStockPrice_2412,True,2026-09-22T15:41:02,2026-09-22T15:41:02,2026-09-22T15:41:02
2412,中華電,2024-03-29,126.0,0.5,0.40%,4.76,26.47,71.4,85.68,99.96,114.24,128.52,142.8,ShowDailyK_ChartFlow,FinMind_API_TaiwanStockPrice_2412,True,2026-09-22T15:41:02,2026-09-22T15:41:02,2026-09-22T15:41:02
2412,中華電,2024-04-01,126.5,0.5,0.40%,4.73,26.58,70.95,85.14,99.33,113.52,127.71,141.9,ShowDailyK_ChartFlow,FinMind_API_TaiwanStockPrice_2412,True,2026-09-22T15:41:02,2026-09-22T15:41:02,2026-09-22T15:41:02
2412,中華電,2024-04-02,126.5,0.0,0.00%,4.73,26.58,70.95,85.14,99.33,113.52,127.71,141.9,ShowDailyK_ChartFlow,FinMind_API_TaiwanStockPrice_2412,True,2026-09-22T15:41:02,2026-09-22T15:41:02,2026-09-22T15:41:02
2412,中華電,2024-04-03,125.0,-1.5,-1.19%,4.73,26.26,70.95,85.14,99.33,113.52,127.71,141.9,ShowDailyK_ChartFlow,FinMind_API_TaiwanStockPrice_2412,True,2026-09-22T15:41:02,2026-09-22T15:41:02,2026-09-22T15:41:02
2412,中華電,2024-04-08,126.5,1.5,1.20%,4.73,26.58,70.95,85.14,99.33,113.52,127.71,141.9,ShowDailyK_ChartFlow,FinMind_API_TaiwanStockPrice_2412,True,2026-09-22T15:41:02,2026-09-22T15:41:02,2026-09-22T15:41:02
2412,中華電,2024-04-09,125.5,-1.0,-0.79%,4.73,26.37,70.95,85.14,99.33,113.52,127.71,141.9,ShowDailyK_ChartFlow,FinMind_API_TaiwanStockPrice_2412,True,2026-09-22T15:41:02,2026-09-22T15:41:02,2026-09-22T15:41:02
2412,中華電,2024-04-10,126.0,0.5,0.40%,4.73,26.47,70.95,85.14,99.33,113.52,127.71,141.9,ShowDailyK_ChartFlow,FinMind_API_TaiwanStockPrice_2412,True,2026-09-22T15:41:02,2026-09-22T15:41:02,2026-09-22T15:41:02
2412,中華電,2024-04-11,126.5,0.5,0.40%,4.73,26.58,70.95,85.14,99.33,113.52,127.71,141.9,ShowDailyK_ChartFlow,FinMind_API_TaiwanStockPrice_2412,True,2026-09-22T15:41:02,2026-09-22T15:41:02,2026-09-22T15:41:02
2412,中華電,2024-04-12,125.5,-1.0,-0.79%,4.73,26.37,70.95,85.14,99.33,113.52,127.71,141.9,ShowDailyK_ChartFlow,FinMind_API_TaiwanStockPrice_2412,True,2026-09-22T15:41:02,2026-09-22T15:41:02,2026-09-22T15:41:02
2412,中華電,2024-04-15,126.0,0.5,0.40%,4.73,26.47,70.95,85.14,99.33,113.52,127.71,141.9,ShowDailyK_ChartFlow,FinMind_API_TaiwanStockPrice_2412,True,2026-09-22T15:41:02,2026-09-22T15:41:02,2026-09-22T15:41:02
2412,中華電,2024-04-16,124.5,-1.5,-1.19%,4.73,26.16,70.95,85.14,99.33,113.52,127.71,141.9,ShowDailyK_ChartFlow,FinMind_API_TaiwanStockPrice_2412,True,2026-09-22T15:41:02,2026-09-22T15:41:02,2026-09-22T15:41:02
2412,中華電,2024-04-17,123.5,-1.0,-0.80%,4.73,25.95,70.95,85.14,99.33,113.52,127.71,141.9,ShowDailyK_ChartFlow,FinMind_API_TaiwanStockPrice_2412,True,2026-09-22T15:41:02,2026-09-22T15:41:02,2026-09-22T15:41:02
2412,中華電,2024-04-18,124.0,0.5,0.40%,4.73,26.05,70.95,85.14,99.33,113.52,127.71,141.9,ShowDailyK_ChartFlow,FinMind_API_TaiwanStockPrice_2412,True,2026-09-22T15:41:02,2026-09-22T15:41:02,2026-09-22T15:41:02
2412,中華電,2024-04-19,123.0,-1.0,-0.81%,4.73,25.84,70.95,85.14,99.33,113.52,127.71,141.9,ShowDailyK_ChartFlow,FinMind_API_TaiwanStockPrice_2412,True,2026-09-22T15:41:02,2026-09-22T15:41:02,2026-09-22T15:41:02
2412,中華電,2024-04-22,125.5,2.5,2.03%,4.73,26.37,70.95,85.14,99.33,113.52,127.71,141.9,ShowDailyK_ChartFlow,FinMind_API_TaiwanStockPrice_2412,True,2026-09-22T15:41:02,2026-09-22T15:41:02,2026-09-22T15:41:02
2412,中華電,2024-04-23,125.0,-0.5,-0.40%,4.73,26.26,70.95,85.14,99.33,113.52,127.71,141.9,ShowDailyK_ChartFlow,FinMind_API_TaiwanStockPrice_2412,True,2026-09-22T15:41:02,2026-09-22T15:41:02,2026-09-22T15:41:02
2412,中華電,2024-04-24,124.5,-0.5,-0.40%,4.73,26.16,70.95,85.14,99.33,113.52,127.71,141.9,ShowDailyK_ChartFlow,FinMind_API_TaiwanStockPrice_2412,True,2026-09-22T15:41:02,2026-09-22T15:41:02,2026-09-22T15:41:02
2412,中華電,2024-04-25,123.5,-1.0,-0.80%,4.73,25.95,70.95,85.14,99.33,113.52,127.71,141.9,ShowDailyK_ChartFlow,FinMind_API_TaiwanStockPrice_2412,True,2026-09-22T15:41:02,2026-09-22T15:41:02,2026-09-22T15:41:02
2412,中華電,2024-04-26,123.5,0.0,0.00%,4.73,25.95,70.95,85.14,99.33,113.52,127.71,141.9,ShowDailyK_ChartFlow,FinMind_API_TaiwanStockPrice_2412,True,2026-09-22T15:41:02,2026-09-22T15:41:02,2026-09-22T15:41:02
2412,中華電,2024-04-29,124.5,1.0,0.81%,4.73,26.16,70.95,85.14,99.33,113.52,127.71,141.9,ShowDailyK_ChartFlow,FinMind_API_TaiwanStockPrice_2412,True,2026-09-22T15:41:02,2026-09-22T15:41:02,2026-09-22T15:41:02
2412,中華電,2024-04-30,124.0,-0.5,-0.40%,4.73,26.05,70.95,85.14,99.33,113.52,127.71,141.9,ShowDailyK_ChartFlow,FinMind_API_TaiwanStockPrice_2412,True,2026-09-22T15:41:02,2026-09-22T15:41:02,2026-09-22T15:41:02
2412,中華電,2024-05-02,124.0,0.0,0.00%,4.73,26.05,70.95,85.14,99.33,113.52,127.71,141.9,ShowDailyK_ChartFlow,FinMind_API_TaiwanStockPrice_2412,True,2026-09-22T15:41:02,2026-09-22T15:41:02,2026-09-22T15:41:02
2412,中華電,2024-05-03,124.0,0.0,0.00%,4.73,26.05,70.95,85.14,99.33,113.52,127.71,141.9,ShowDailyK_ChartFlow,FinMind_API_TaiwanStockPrice_2412,True,2026-09-22T15:41:02,2026-09-22T15:41:02,2026-09-22T15:41:02
2412,中華電,2024-05-06,124.5,0.5,0.40%,4.73,26.16,70.95,85.14,99.33,113.52,127.71,141.9,ShowDailyK_ChartFlow,FinMind_API_TaiwanStockPrice_2412,True,2026-09-22T15:41:02,2026-09-22T15:41:02,2026-09-22T15:41:02
2412,中華電,2024-05-07,125.5,1.0,0.80%,4.73,26.37,70.95,85.14,99.33,113.52,127.71,141.9,ShowDailyK_ChartFlow,FinMind_API_TaiwanStockPrice_2412,True,2026-09-22T15:41:02,2026-09-22T15:41:02,2026-09-22T15:41:02
2412,中華電,2024-05-08,126.5,1.0,0.80%,4.73,26.58,70.95,85.14,99.33,113.52,127.71,141.9,ShowDailyK_ChartFlow,FinMind_API_TaiwanStockPrice_2412,True,2026-09-22T15:41:02,2026-09-22T15:41:02,2026-09-22T15:41:02
2412,中華電,2024-05-09,126.0,-0.5,-0.40%,4.73,26.47,70.95,85.14,99.33,113.52,127.71,141.9,ShowDailyK_ChartFlow,FinMind_API_TaiwanStockPrice_2412,True,2026-09-22T15:41:02,2026-09-22T15:41:02,2026-09-22T15:41:02
2412,中華電,2024-05-10,125.5,-0.5,-0.40%,4.73,26.53,70.95,85.14,99.33,113.52,127.71,141.9,ShowDailyK_ChartFlow,FinMind_API_TaiwanStockPrice_2412,True,2026-09-22T15:41:02,2026-09-22T15:41:02,2026-09-22T15:41:02
2412,中華電,2024-05-13,126.5,1.0,0.80%,4.73,26.74,70.95,85.14,99.33,113.52,127.71,141.9,ShowDailyK_ChartFlow,FinMind_API_TaiwanStockPrice_2412,True,2026-09-22T15:41:02,2026-09-22T15:41:02,2026-09-22T15:41:02
2412,中華電,2024-05-14,125.5,-1.0,-0.79%,4.73,26.53,70.95,85.14,99.33,113.52,127.71,141.9,ShowDailyK_ChartFlow,FinMind_API_TaiwanStockPrice_2412,True,2026-09-22T15:41:02,2026-09-22T15:41:02,2026-09-22T15:41:02
2412,中華電,2024-05-15,125.5,0.0,0.00%,4.73,26.53,70.95,85.14,99.33,113.52,127.71,141.9,ShowDailyK_ChartFlow,FinMind_API_TaiwanStockPrice_2412,True,2026-09-22T15:41:02,2026-09-22T15:41:02,2026-09-22T15:41:02
2412,中華電,2024-05-16,125.5,0.0,0.00%,4.73,26.53,70.95,85.14,99.33,113.52,127.71,141.9,ShowDailyK_ChartFlow,FinMind_API_TaiwanStockPrice_2412,True,2026-09-22T15:41:02,2026-09-22T15:41:02,2026-09-22T15:41:02
2412,中華電,2024-05-17,126.0,0.5,0.40%,4.73,26.64,70.95,85.14,99.33,113.52,127.71,141.9,ShowDailyK_ChartFlow,FinMind_API_TaiwanStockPrice_2412,True,2026-09-22T15:41:02,2026-09-22T15:41:02,2026-09-22T15:41:02
2412,中華電,2024-05-20,126.5,0.5,0.40%,4.73,26.74,70.95,85.14,99.33,113.52,127.71,141.9,ShowDailyK_ChartFlow,FinMind_API_TaiwanStockPrice_2412,True,2026-09-22T15:41:02,2026-09-22T15:41:02,2026-09-22T15:41:02
2412,中華電,2024-05-21,126.5,0.0,0.00%,4.73,26.74,70.95,85.14,99.33,113.52,127.71,141.9,ShowDailyK_ChartFlow,FinMind_API_TaiwanStockPrice_2412,True,2026-09-22T15:41:02,2026-09-22T15:41:02,2026-09-22T15:41:02
2412,中華電,2024-05-22,127.0,0.5,0.40%,4.73,26.85,70.95,85.14,99.33,113.52,127.71,141.9,ShowDailyK_ChartFlow,FinMind_API_TaiwanStockPrice_2412,True,2026-09-22T15:41:02,2026-09-22T15:41:02,2026-09-22T15:41:02
2412,中華電,2024-05-23,127.0,0.0,0.00%,4.73,26.85,70.95,85.14,99.33,113.52,127.71,141.9,ShowDailyK_ChartFlow,FinMind_API_TaiwanStockPrice_2412,True,2026-09-22T15:41:02,2026-09-22T15:41:02,2026-09-22T15:41:02
2412,中華電,2024-05-24,127.0,0.0,0.00%,4.73,26.85,70.95,85.14,99.33,113.52,127.71,141.9,ShowDailyK_ChartFlow,FinMind_API_TaiwanStockPrice_2412,True,2026-09-22T15:41:02,2026-09-22T15:41:02,2026-09-22T15:41:02
2412,中華電,2024-05-27,125.0,-2.0,-1.57%,4.73,26.43,70.95,85.14,99.33,113.52,127.71,141.9,ShowDailyK_ChartFlow,FinMind_API_TaiwanStockPrice_2412,True,2026-09-22T15:41:02,2026-09-22T15:41:02,2026-09-22T15:41:02
2412,中華電,2024-05-28,126.0,1.0,0.80%,4.73,26.64,70.95,85.14,99.33,113.52,127.71,141.9,ShowDailyK_ChartFlow,FinMind_API_TaiwanStockPrice_2412,True,2026-09-22T15:41:02,2026-09-22T15:41:02,2026-09-22T15:41:02
2412,中華電,2024-05-29,125.0,-1.0,-0.79%,4.73,26.43,70.95,85.14,99.33,113.52,127.71,141.9,ShowDailyK_ChartFlow,FinMind_API_TaiwanStockPrice_2412,True,2026-09-22T15:41:02,2026-09-22T15:41:02,2026-09-22T15:41:02
2412,中華電,2024-05-30,126.0,1.0,0.80%,4.73,26.64,70.95,85.14,99.33,113.52,127.71,141.9,ShowDailyK_ChartFlow,FinMind_API_TaiwanStockPrice_2412,True,2026-09-22T15:41:02,2026-09-22T15:41:02,2026-09-22T15:41:02
2412,中華電,2024-05-31,128.0,2.0,1.59%,4.73,27.06,70.95,85.14,99.33,113.52,127.71,141.9,ShowDailyK_ChartFlow,FinMind_API_TaiwanStockPrice_2412,True,2026-09-22T15:41:02,2026-09-22T15:41:02,2026-09-22T15:41:02
2412,中華電,2024-06-03,127.0,-1.0,-0.78%,4.73,26.85,70.95,85.14,99.33,113.52,127.71,141.9,ShowDailyK_ChartFlow,FinMind_API_TaiwanStockPrice_2412,True,2026-09-22T15:41:02,2026-09-22T15:41:02,2026-09-22T15:41:02
2412,中華電,2024-06-04,127.0,0.0,0.00%,4.73,26.85,70.95,85.14,99.33,113.52,127.71,141.9,ShowDailyK_ChartFlow,FinMind_API_TaiwanStockPrice_2412,True,2026-09-22T15:41:02,2026-09-22T15:41:02,2026-09-22T15:41:02
2412,中華電,2024-06-05,127.0,0.0,0.00%,4.73,26.85,70.95,85.14,99.33,113.52,127.71,141.9,ShowDailyK_ChartFlow,FinMind_API_TaiwanStockPrice_2412,True,2026-09-22T15:41:02,2026-09-22T15:41:02,2026-09-22T15:41:02
2412,中華電,2024-06-06,127.5,0.5,0.39%,4.73,26.96,70.95,85.14,99.33,113.52,127.71,141.9,ShowDailyK_ChartFlow,FinMind_API_TaiwanStockPrice_2412,True,2026-09-22T15:41:02,2026-09-22T15:41:02,2026-09-22T15:41:02
2412,中華電,2024-06-07,126.5,-1.0,-0.78%,4.73,26.74,70.95,85.14,99.33,113.52,127.71,141.9,ShowDailyK_ChartFlow,FinMind_API_TaiwanStockPrice_2412,True,2026-09-22T15:41:02,2026-09-22T15:41:02,2026-09-22T15:41:02
2412,中華電,2024-06-11,126.5,0.0,0.00%,4.73,26.74,70.95,85.14,99.33,113.52,127.71,141.9,ShowDailyK_ChartFlow,FinMind_API_TaiwanStockPrice_2412,True,2026-09-22T15:41:02,2026-09-22T15:41:02,2026-09-22T15:41:02
2412,中華電,2024-06-12,126.5,0.0,0.00%,4.73,26.74,70.95,85.14,99.33,113.52,127.71,141.9,ShowDailyK_ChartFlow,FinMind_API_TaiwanStockPrice_2412,True,2026-09-22T15:41:02,2026-09-22T15:41:02,2026-09-22T15:41:02
2412,中華電,2024-06-13,126.5,0.0,0.00%,4.73,26.74,70.95,85.14,99.33,113.52,127.71,141.9,ShowDailyK_ChartFlow,FinMind_API_TaiwanStockPrice_2412,True,2026-09-22T15:41:02,2026-09-22T15:41:02,2026-09-22T15:41:02
2412,中華電,2024-06-14,128.0,1.5,1.19%,4.73,27.06,70.95,85.14,99.33,113.52,127.71,141.9,ShowDailyK_ChartFlow,FinMind_API_TaiwanStockPrice_2412,True,2026-09-22T15:41:02,2026-09-22T15:41:02,2026-09-22T15:41:02
2412,中華電,2024-06-17,127.5,-0.5,-0.39%,4.73,26.96,70.95,85.14,99.33,113.52,127.71,141.9,ShowDailyK_ChartFlow,FinMind_API_TaiwanStockPrice_2412,True,2026-09-22T15:41:02,2026-09-22T15:41:02,2026-09-22T15:41:02
2412,中華電,2024-06-18,128.0,0.5,0.39%,4.73,27.06,70.95,85.14,99.33,113.52,127.71,141.9,ShowDailyK_ChartFlow,FinMind_API_TaiwanStockPrice_2412,True,2026-09-22T15:41:02,2026-09-22T15:41:02,2026-09-22T15:41:02
2412,中華電,2024-06-19,127.5,-0.5,-0.39%,4.73,26.96,70.95,85.14,99.33,113.52,127.71,141.9,ShowDailyK_ChartFlow,FinMind_API_TaiwanStockPrice_2412,True,2026-09-22T15:41:02,2026-09-22T15:41:02,2026-09-22T15:41:02
2412,中華電,2024-06-20,126.5,-1.0,-0.78%,4.73,26.74,70.95,85.14,99.33,113.52,127.71,141.9,ShowDailyK_ChartFlow,FinMind_API_TaiwanStockPrice_2412,True,2026-09-22T15:41:02,2026-09-22T15:41:02,2026-09-22T15:41:02
2412,中華電,2024-06-21,125.5,-1.0,-0.79%,4.73,26.53,70.95,85.14,99.33,113.52,127.71,141.9,ShowDailyK_ChartFlow,FinMind_API_TaiwanStockPrice_2412,True,2026-09-22T15:41:02,2026-09-22T15:41:02,2026-09-22T15:41:02
2412,中華電,2024-06-24,126.5,1.0,0.80%,4.73,26.74,70.95,85.14,99.33,113.52,127.71,141.9,ShowDailyK_ChartFlow,FinMind_API_TaiwanStockPrice_2412,True,2026-09-22T15:41:02,2026-09-22T15:41:02,2026-09-22T15:41:02
2412,中華電,2024-06-25,126.0,-0.5,-0.40%,4.73,26.64,70.95,85.14,99.33,113.52,127.71,141.9,ShowDailyK_ChartFlow,FinMind_API_TaiwanStockPrice_2412,True,2026-09-22T15:41:02,2026-09-22T15:41:02,2026-09-22T15:41:02
2412,中華電,2024-06-26,125.5,-0.5,-0.40%,4.73,26.53,70.95,85.14,99.33,113.52,127.71,141.9,ShowDailyK_ChartFlow,FinMind_API_TaiwanStockPrice_2412,True,2026-09-22T15:41:02,2026-09-22T15:41:02,2026-09-22T15:41:02
2412,中華電,2024-06-27,126.0,0.5,0.40%,4.73,26.64,70.95,85.14,99.33,113.52,127.71,141.9,ShowDailyK_ChartFlow,FinMind_API_TaiwanStockPrice_2412,True,2026-09-22T15:41:02,2026-09-22T15:41:02,2026-09-22T15:41:02
2412,中華電,2024-06-28,125.5,-0.5,-0.40%,4.73,26.53,70.95,85.14,99.33,113.52,127.71,141.9,ShowDailyK_ChartFlow,FinMind_API_TaiwanStockPrice_2412,True,2026-09-22T15:41:02,2026-09-22T15:41:02,2026-09-22T15:41:02
2412,中華電,2024-07-01,126.5,1.0,0.80%,4.72,26.74,70.8,84.96,99.12,113.28,127.44,141.6,ShowDailyK_ChartFlow,FinMind_API_TaiwanStockPrice_2412,True,2026-09-22T15:41:02,2026-09-22T15:41:02,2026-09-22T15:41:02
2412,中華電,2024-07-02,125.5,-1.0,-0.79%,4.72,26.53,70.8,84.96,99.12,113.28,127.44,141.6,ShowDailyK_ChartFlow,FinMind_API_TaiwanStockPrice_2412,True,2026-09-22T15:41:02,2026-09-22T15:41:02,2026-09-22T15:41:02
2412,中華電,2024-07-03,125.5,0.0,0.00%,4.72,26.53,70.8,84.96,99.12,113.28,127.44,141.6,ShowDailyK_ChartFlow,FinMind_API_TaiwanStockPrice_2412,True,2026-09-22T15:41:02,2026-09-22T15:41:02,2026-09-22T15:41:02
2412,中華電,2024-07-04,118.5,-7.0,-5.58%,4.72,25.05,70.8,84.96,99.12,113.28,127.44,141.6,ShowDailyK_ChartFlow,FinMind_API_TaiwanStockPrice_2412,True,2026-09-22T15:41:02,2026-09-22T15:41:02,2026-09-22T15:41:02
2412,中華電,2024-07-05,120.0,1.5,1.27%,4.72,25.37,70.8,84.96,99.12,113.28,127.44,141.6,ShowDailyK_ChartFlow,FinMind_API_TaiwanStockPrice_2412,True,2026-09-22T15:41:02,2026-09-22T15:41:02,2026-09-22T15:41:02
2412,中華電,2024-07-08,119.0,-1.0,-0.83%,4.72,25.16,70.8,84.96,99.12,113.28,127.44,141.6,ShowDailyK_ChartFlow,FinMind_API_TaiwanStockPrice_2412,True,2026-09-22T15:41:02,2026-09-22T15:41:02,2026-09-22T15:41:02
2412,中華電,2024-07-09,119.0,0.0,0.00%,4.72,25.16,70.8,84.96,99.12,113.28,127.44,141.6,ShowDailyK_ChartFlow,FinMind_API_TaiwanStockPrice_2412,True,2026-09-22T15:41:02,2026-09-22T15:41:02,2026-09-22T15:41:02
2412,中華電,2024-07-10,118.5,-0.5,-0.42%,4.72,25.05,70.8,84.96,99.12,113.28,127.44,141.6,ShowDailyK_ChartFlow,FinMind_API_TaiwanStockPrice_2412,True,2026-09-22T15:41:02,2026-09-22T15:41:02,2026-09-22T15:41:02
2412,中華電,2024-07-11,118.5,0.0,0.00%,4.72,25.05,70.8,84.96,99.12,113.28,127.44,141.6,ShowDailyK_ChartFlow,FinMind_API_TaiwanStockPrice_2412,True,2026-09-22T15:41:02,2026-09-22T15:41:02,2026-09-22T15:41:02
2412,中華電,2024-07-12,118.5,0.0,0.00%,4.72,25.05,70.8,84.96,99.12,113.28,127.44,141.6,ShowDailyK_ChartFlow,FinMind_API_TaiwanStockPrice_2412,True,2026-09-22T15:41:02,2026-09-22T15:41:02,2026-09-22T15:41:02
2412,中華電,2024-07-15,119.5,1.0,0.84%,4.72,25.26,70.8,84.96,99.12,113.28,127.44,141.6,ShowDailyK_ChartFlow,FinMind_API_TaiwanStockPrice_2412,True,2026-09-22T15:41:02,2026-09-22T15:41:02,2026-09-22T15:41:02
2412,中華電,2024-07-16,119.5,0.0,0.00%,4.72,25.26,70.8,84.96,99.12,113.28,127.44,141.6,ShowDailyK_ChartFlow,FinMind_API_TaiwanStockPrice_2412,True,2026-09-22T15:41:02,2026-09-22T15:41:02,2026-09-22T15:41:02
2412,中華電,2024-07-17,119.5,0.0,0.00%,4.72,25.26,70.8,84.96,99.12,113.28,127.44,141.6,ShowDailyK_ChartFlow,FinMind_API_TaiwanStockPrice_2412,True,2026-09-22T15:41:02,2026-09-22T15:41:02,2026-09-22T15:41:02
2412,中華電,2024-07-18,120.5,1.0,0.84%,4.72,25.48,70.8,84.96,99.12,113.28,127.44,141.6,ShowDailyK_ChartFlow,FinMind_API_TaiwanStockPrice_2412,True,2026-09-22T15:41:02,2026-09-22T15:41:02,2026-09-22T15:41:02
2412,中華電,2024-07-19,121.0,0.5,0.41%,4.72,25.58,70.8,84.96,99.12,113.28,127.44,141.6,ShowDailyK_ChartFlow,FinMind_API_TaiwanStockPrice_2412,True,2026-09-22T15:41:02,2026-09-22T15:41:02,2026-09-22T15:41:02
2412,中華電,2024-07-22,120.5,-0.5,-0.41%,4.72,25.48,70.8,84.96,99.12,113.28,127.44,141.6,ShowDailyK_ChartFlow,FinMind_API_TaiwanStockPrice_2412,True,2026-09-22T15:41:02,2026-09-22T15:41:02,2026-09-22T15:41:02
2412,中華電,2024-07-23,121.5,1.0,0.83%,4.72,25.69,70.8,84.96,99.12,113.28,127.44,141.6,ShowDailyK_ChartFlow,FinMind_API_TaiwanStockPrice_2412,True,2026-09-22T15:41:02,2026-09-22T15:41:02,2026-09-22T15:41:02
2412,中華電,2024-07-26,122.5,1.0,0.82%,4.72,25.9,70.8,84.96,99.12,113.28,127.44,141.6,ShowDailyK_ChartFlow,FinMind_API_TaiwanStockPrice_2412,True,2026-09-22T15:41:02,2026-09-22T15:41:02,2026-09-22T15:41:02
2412,中華電,2024-07-29,121.5,-1.0,-0.82%,4.72,25.69,70.8,84.96,99.12,113.28,127.44,141.6,ShowDailyK_ChartFlow,FinMind_API_TaiwanStockPrice_2412,True,2026-09-22T15:41:02,2026-09-22T15:41:02,2026-09-22T15:41:02
2412,中華電,2024-07-30,121.0,-0.5,-0.41%,4.72,25.58,70.8,84.96,99.12,113.28,127.44,141.6,ShowDailyK_ChartFlow,FinMind_API_TaiwanStockPrice_2412,True,2026-09-22T15:41:02,2026-09-22T15:41:02,2026-09-22T15:41:02
2412,中華電,2024-07-31,121.5,0.5,0.41%,4.72,25.69,70.8,84.96,99.12,113.28,127.44,141.6,ShowDailyK_ChartFlow,FinMind_API_TaiwanStockPrice_2412,True,2026-09-22T15:41:02,2026-09-22T15:41:02,2026-09-22T15:41:02
2412,中華電,2024-08-01,121.5,0.0,0.00%,4.72,25.69,70.8,84.96,99.12,113.28,127.44,141.6,ShowDailyK_ChartFlow,FinMind_API_TaiwanStockPrice_2412,True,2026-09-22T15:41:02,2026-09-22T15:41:02,2026-09-22T15:41:02
2412,中華電,2024-08-02,123.0,1.5,1.23%,4.72,26.0,70.8,84.96,99.12,113.28,127.44,141.6,ShowDailyK_ChartFlow,FinMind_API_TaiwanStockPrice_2412,True,2026-09-22T15:41:02,2026-09-22T15:41:02,2026-09-22T15:41:02
2412,中華電,2024-08-05,121.5,-1.5,-1.22%,4.72,25.69,70.8,84.96,99.12,113.28,127.44,141.6,ShowDailyK_ChartFlow,FinMind_API_TaiwanStockPrice_2412,True,2026-09-22T15:41:02,2026-09-22T15:41:02,2026-09-22T15:41:02
2412,中華電,2024-08-06,122.0,0.5,0.41%,4.72,25.79,70.8,84.96,99.12,113.28,127.44,141.6,ShowDailyK_ChartFlow,FinMind_API_TaiwanStockPrice_2412,True,2026-09-22T15:41:02,2026-09-22T15:41:02,2026-09-22T15:41:02
2412,中華電,2024-08-07,121.5,-0.5,-0.41%,4.72,25.69,70.8,84.96,99.12,113.28,127.44,141.6,ShowDailyK_ChartFlow,FinMind_API_TaiwanStockPrice_2412,True,2026-09-22T15:41:02,2026-09-22T15:41:02,2026-09-22T15:41:02
2412,中華電,2024-08-08,121.5,0.0,0.00%,4.72,25.69,70.8,84.96,99.12,113.28,127.44,141.6,ShowDailyK_ChartFlow,FinMind_API_TaiwanStockPrice_2412,True,2026-09-22T15:41:02,2026-09-22T15:41:02,2026-09-22T15:41:02
2412,中華電,2024-08-09,122.0,0.5,0.41%,4.72,25.79,70.8,84.96,99.12,113.28,127.44,141.6,ShowDailyK_ChartFlow,FinMind_API_TaiwanStockPrice_2412,True,2026-09-22T15:41:02,2026-09-22T15:41:02,2026-09-22T15:41:02
2412,中華電,2024-08-12,121.5,-0.5,-0.41%,4.72,25.8,70.8,84.96,99.12,113.28,127.44,141.6,ShowDailyK_ChartFlow,FinMind_API_TaiwanStockPrice_2412,True,2026-09-22T15:41:02,2026-09-22T15:41:02,2026-09-22T15:41:02
2412,中華電,2024-08-13,122.0,0.5,0.41%,4.72,25.9,70.8,84.96,99.12,113.28,127.44,141.6,ShowDailyK_ChartFlow,FinMind_API_TaiwanStockPrice_2412,True,2026-09-22T15:41:02,2026-09-22T15:41:02,2026-09-22T15:41:02
2412,中華電,2024-08-14,122.5,0.5,0.41%,4.72,26.01,70.8,84.96,99.12,113.28,127.44,141.6,ShowDailyK_ChartFlow,FinMind_API_TaiwanStockPrice_2412,True,2026-09-22T15:41:02,2026-09-22T15:41:02,2026-09-22T15:41:02
2412,中華電,2024-08-15,123.0,0.5,0.41%,4.72,26.11,70.8,84.96,99.12,113.28,127.44,141.6,ShowDailyK_ChartFlow,FinMind_API_TaiwanStockPrice_2412,True,2026-09-22T15:41:02,2026-09-22T15:41:02,2026-09-22T15:41:02
2412,中華電,2024-08-16,124.0,1.0,0.81%,4.72,26.33,70.8,84.96,99.12,113.28,127.44,141.6,ShowDailyK_ChartFlow,FinMind_API_TaiwanStockPrice_2412,True,2026-09-22T15:41:02,2026-09-22T15:41:02,2026-09-22T15:41:02
2412,中華電,2024-08-19,123.5,-0.5,-0.40%,4.72,26.22,70.8,84.96,99.12,113.28,127.44,141.6,ShowDailyK_ChartFlow,FinMind_API_TaiwanStockPrice_2412,True,2026-09-22T15:41:02,2026-09-22T15:41:02,2026-09-22T15:41:02
2412,中華電,2024-08-20,123.5,0.0,0.00%,4.72,26.22,70.8,84.96,99.12,113.28,127.44,141.6,ShowDailyK_ChartFlow,FinMind_API_TaiwanStockPrice_2412,True,2026-09-22T15:41:02,2026-09-22T15:41:02,2026-09-22T15:41:02
2412,中華電,2024-08-21,123.5,0.0,0.00%,4.72,26.22,70.8,84.96,99.12,113.28,127.44,141.6,ShowDailyK_ChartFlow,FinMind_API_TaiwanStockPrice_2412,True,2026-09-22T15:41:02,2026-09-22T15:41:02,2026-09-22T15:41:02
2412,中華電,2024-08-22,124.0,0.5,0.40%,4.72,26.33,70.8,84.96,99.12,113.28,127.44,141.6,ShowDailyK_ChartFlow,FinMind_API_TaiwanStockPrice_2412,True,2026-09-22T15:41:02,2026-09-22T15:41:02,2026-09-22T15:41:02
2412,中華電,2024-08-23,124.0,0.0,0.00%,4.72,26.33,70.8,84.96,99.12,113.28,127.44,141.6,ShowDailyK_ChartFlow,FinMind_API_TaiwanStockPrice_2412,True,2026-09-22T15:41:02,2026-09-22T15:41:02,2026-09-22T15:41:02
2412,中華電,2024-08-26,124.0,0.0,0.00%,4.72,26.33,70.8,84.96,99.12,113.28,127.44,141.6,ShowDailyK_ChartFlow,FinMind_API_TaiwanStockPrice_2412,True,2026-09-22T15:41:02,2026-09-22T15:41:02,2026-09-22T15:41:02
2412,中華電,2024-08-27,124.5,0.5,0.40%,4.72,26.43,70.8,84.96,99.12,113.28,127.44,141.6,ShowDailyK_ChartFlow,FinMind_API_TaiwanStockPrice_2412,True,2026-09-22T15:41:02,2026-09-22T15:41:02,2026-09-22T15:41:02
2412,中華電,2024-08-28,124.0,-0.5,-0.40%,4.72,26.33,70.8,84.96,99.12,113.28,127.44,141.6,ShowDailyK_ChartFlow,FinMind_API_TaiwanStockPrice_2412,True,2026-09-22T15:41:02,2026-09-22T15:41:02,2026-09-22T15:41:02
2412,中華電,2024-08-29,123.5,-0.5,-0.40%,4.72,26.22,70.8,84.96,99.12,113.28,127.44,141.6,ShowDailyK_ChartFlow,FinMind_API_TaiwanStockPrice_2412,True,2026-09-22T15:41:02,2026-09-22T15:41:02,2026-09-22T15:41:02
2412,中華電,2024-08-30,124.0,0.5,0.40%,4.72,26.33,70.8,84.96,99.12,113.28,127.44,141.6,ShowDailyK_ChartFlow,FinMind_API_TaiwanStockPrice_2412,True,2026-09-22T15:41:02,2026-09-22T15:41:02,2026-09-22T15:41:02
2412,中華電,2024-09-02,124.0,0.0,0.00%,4.72,26.33,70.8,84.96,99.12,113.28,127.44,141.6,ShowDailyK_ChartFlow,FinMind_API_TaiwanStockPrice_2412,True,2026-09-22T15:41:02,2026-09-22T15:41:02,2026-09-22T15:41:02
2412,中華電,2024-09-03,124.0,0.0,0.00%,4.72,26.33,70.8,84.96,99.12,113.28,127.44,141.6,ShowDailyK_ChartFlow,FinMind_API_TaiwanStockPrice_2412,True,2026-09-22T15:41:02,2026-09-22T15:41:02,2026-09-22T15:41:02
2412,中華電,2024-09-04,122.0,-2.0,-1.61%,4.72,25.9,70.8,84.96,99.12,113.28,127.44,141.6,ShowDailyK_ChartFlow,FinMind_API_TaiwanStockPrice_2412,True,2026-09-22T15:41:02,2026-09-22T15:41:02,2026-09-22T15:41:02
2412,中華電,2024-09-05,123.0,1.0,0.82%,4.72,26.11,70.8,84.96,99.12,113.28,127.44,141.6,ShowDailyK_ChartFlow,FinMind_API_TaiwanStockPrice_2412,True,2026-09-22T15:41:02,2026-09-22T15:41:02,2026-09-22T15:41:02
2412,中華電,2024-09-06,124.0,1.0,0.81%,4.72,26.33,70.8,84.96,99.12,113.28,127.44,141.6,ShowDailyK_ChartFlow,FinMind_API_TaiwanStockPrice_2412,True,2026-09-22T15:41:02,2026-09-22T15:41:02,2026-09-22T15:41:02
2412,中華電,2024-09-09,123.5,-0.5,-0.40%,4.72,26.22,70.8,84.96,99.12,113.28,127.44,141.6,ShowDailyK_ChartFlow,FinMind_API_TaiwanStockPrice_2412,True,2026-09-22T15:41:02,2026-09-22T15:41:02,2026-09-22T15:41:02
2412,中華電,2024-09-10,124.0,0.5,0.40%,4.72,26.33,70.8,84.96,99.12,113.28,127.44,141.6,ShowDailyK_ChartFlow,FinMind_API_TaiwanStockPrice_2412,True,2026-09-22T15:41:02,2026-09-22T15:41:02,2026-09-22T15:41:02
2412,中華電,2024-09-11,123.5,-0.5,-0.40%,4.72,26.22,70.8,84.96,99.12,113.28,127.44,141.6,ShowDailyK_ChartFlow,FinMind_API_TaiwanStockPrice_2412,True,2026-09-22T15:41:02,2026-09-22T15:41:02,2026-09-22T15:41:02
2412,中華電,2024-09-12,124.5,1.0,0.81%,4.72,26.43,70.8,84.96,99.12,113.28,127.44,141.6,ShowDailyK_ChartFlow,FinMind_API_TaiwanStockPrice_2412,True,2026-09-22T15:41:02,2026-09-22T15:41:02,2026-09-22T15:41:02
2412,中華電,2024-09-13,124.5,0.0,0.00%,4.72,26.43,70.8,84.96,99.12,113.28,127.44,141.6,ShowDailyK_ChartFlow,FinMind_API_TaiwanStockPrice_2412,True,2026-09-22T15:41:02,2026-09-22T15:41:02,2026-09-22T15:41:02
2412,中華電,2024-09-16,125.0,0.5,0.40%,4.72,26.54,70.8,84.96,99.12,113.28,127.44,141.6,ShowDailyK_ChartFlow,FinMind_API_TaiwanStockPrice_2412,True,2026-09-22T15:41:02,2026-09-22T15:41:02,2026-09-22T15:41:02
2412,中華電,2024-09-18,125.0,0.0,0.00%,4.72,26.54,70.8,84.96,99.12,113.28,127.44,141.6,ShowDailyK_ChartFlow,FinMind_API_TaiwanStockPrice_2412,True,2026-09-22T15:41:02,2026-09-22T15:41:02,2026-09-22T15:41:02
2412,中華電,2024-09-19,125.0,0.0,0.00%,4.72,26.54,70.8,84.96,99.12,113.28,127.44,141.6,ShowDailyK_ChartFlow,FinMind_API_TaiwanStockPrice_2412,True,2026-09-22T15:41:02,2026-09-22T15:41:02,2026-09-22T15:41:02
2412,中華電,2024-09-20,126.0,1.0,0.80%,4.72,26.75,70.8,84.96,99.12,113.28,127.44,141.6,ShowDailyK_ChartFlow,FinMind_API_TaiwanStockPrice_2412,True,2026-09-22T15:41:02,2026-09-22T15:41:02,2026-09-22T15:41:02
2412,中華電,2024-09-23,126.5,0.5,0.40%,4.72,26.86,70.8,84.96,99.12,113.28,127.44,141.6,ShowDailyK_ChartFlow,FinMind_API_TaiwanStockPrice_2412,True,2026-09-22T15:41:02,2026-09-22T15:41:02,2026-09-22T15:41:02
2412,中華電,2024-09-24,126.5,0.0,0.00%,4.72,26.86,70.8,84.96,99.12,113.28,127.44,141.6,ShowDailyK_ChartFlow,FinMind_API_TaiwanStockPrice_2412,True,2026-09-22T15:41:02,2026-09-22T15:41:02,2026-09-22T15:41:02
2412,中華電,2024-09-25,126.5,0.0,0.00%,4.72,26.86,70.8,84.96,99.12,113.28,127.44,141.6,ShowDailyK_ChartFlow,FinMind_API_TaiwanStockPrice_2412,True,2026-09-22T15:41:02,2026-09-22T15:41:02,2026-09-22T15:41:02
2412,中華電,2024-09-26,127.0,0.5,0.40%,4.72,26.96,70.8,84.96,99.12,113.28,127.44,141.6,ShowDailyK_ChartFlow,FinMind_API_TaiwanStockPrice_2412,True,2026-09-22T15:41:02,2026-09-22T15:41:02,2026-09-22T15:41:02
2412,中華電,2024-09-27,126.5,-0.5,-0.39%,4.72,26.86,70.8,84.96,99.12,113.28,127.44,141.6,ShowDailyK_ChartFlow,FinMind_API_TaiwanStockPrice_2412,True,2026-09-22T15:41:02,2026-09-22T15:41:02,2026-09-22T15:41:02
2412,中華電,2024-09-30,125.5,-1.0,-0.79%,4.71,26.65,70.65,84.78,98.91,113.04,127.17,141.3,ShowDailyK_ChartFlow,FinMind_API_TaiwanStockPrice_2412,True,2026-09-22T15:41:02,2026-09-22T15:41:02,2026-09-22T15:41:02
2412,中華電,2024-10-01,126.0,0.5,0.40%,4.71,26.75,70.65,84.78,98.91,113.04,127.17,141.3,ShowDailyK_ChartFlow,FinMind_API_TaiwanStockPrice_2412,True,2026-09-22T15:41:02,2026-09-22T15:41:02,2026-09-22T15:41:02
2412,中華電,2024-10-04,124.5,-1.5,-1.19%,4.71,26.43,70.65,84.78,98.91,113.04,127.17,141.3,ShowDailyK_ChartFlow,FinMind_API_TaiwanStockPrice_2412,True,2026-09-22T15:41:02,2026-09-22T15:41:02,2026-09-22T15:41:02
2412,中華電,2024-10-07,124.0,-0.5,-0.40%,4.71,26.33,70.65,84.78,98.91,113.04,127.17,141.3,ShowDailyK_ChartFlow,FinMind_API_TaiwanStockPrice_2412,True,2026-09-22T15:41:02,2026-09-22T15:41:02,2026-09-22T15:41:02
2412,中華電,2024-10-08,122.5,-1.5,-1.21%,4.71,26.01,70.65,84.78,98.91,113.04,127.17,141.3,ShowDailyK_ChartFlow,FinMind_API_TaiwanStockPrice_2412,True,2026-09-22T15:41:02,2026-09-22T15:41:02,2026-09-22T15:41:02
2412,中華電,2024-10-09,122.5,0.0,0.00%,4.71,26.01,70.65,84.78,98.91,113.04,127.17,141.3,ShowDailyK_ChartFlow,FinMind_API_TaiwanStockPrice_2412,True,2026-09-22T15:41:02,2026-09-22T15:41:02,2026-09-22T15:41:02
2412,中華電,2024-10-11,122.5,0.0,0.00%,4.71,26.01,70.65,84.78,98.91,113.04,127.17,141.3,ShowDailyK_ChartFlow,FinMind_API_TaiwanStockPrice_2412,True,2026-09-22T15:41:02,2026-09-22T15:41:02,2026-09-22T15:41:02
2412,中華電,2024-10-14,122.5,0.0,0.00%,4.71,26.01,70.65,84.78,98.91,113.04,127.17,141.3,ShowDailyK_ChartFlow,FinMind_API_TaiwanStockPrice_2412,True,2026-09-22T15:41:02,2026-09-22T15:41:02,2026-09-22T15:41:02
2412,中華電,2024-10-15,123.5,1.0,0.82%,4.71,26.22,70.65,84.78,98.91,113.04,127.17,141.3,ShowDailyK_ChartFlow,FinMind_API_TaiwanStockPrice_2412,True,2026-09-22T15:41:02,2026-09-22T15:41:02,2026-09-22T15:41:02
2412,中華電,2024-10-16,122.5,-1.0,-0.81%,4.71,26.01,70.65,84.78,98.91,113.04,127.17,141.3,ShowDailyK_ChartFlow,FinMind_API_TaiwanStockPrice_2412,True,2026-09-22T15:41:02,2026-09-22T15:41:02,2026-09-22T15:41:02
2412,中華電,2024-10-17,122.5,0.0,0.00%,4.71,26.01,70.65,84.78,98.91,113.04,127.17,141.3,ShowDailyK_ChartFlow,FinMind_API_TaiwanStockPrice_2412,True,2026-09-22T15:41:02,2026-09-22T15:41:02,2026-09-22T15:41:02
2412,中華電,2024-10-18,124.0,1.5,1.22%,4.71,26.33,70.65,84.78,98.91,113.04,127.17,141.3,ShowDailyK_ChartFlow,FinMind_API_TaiwanStockPrice_2412,True,2026-09-22T15:41:02,2026-09-22T15:41:02,2026-09-22T15:41:02
2412,中華電,2024-10-21,122.5,-1.5,-1.21%,4.71,26.01,70.65,84.78,98.91,113.04,127.17,141.3,ShowDailyK_ChartFlow,FinMind_API_TaiwanStockPrice_2412,True,2026-09-22T15:41:02,2026-09-22T15:41:02,2026-09-22T15:41:02
2412,中華電,2024-10-22,123.0,0.5,0.41%,4.71,26.11,70.65,84.78,98.91,113.04,127.17,141.3,ShowDailyK_ChartFlow,FinMind_API_TaiwanStockPrice_2412,True,2026-09-22T15:41:02,2026-09-22T15:41:02,2026-09-22T15:41:02
2412,中華電,2024-10-23,122.0,-1.0,-0.81%,4.71,25.9,70.65,84.78,98.91,113.04,127.17,141.3,ShowDailyK_ChartFlow,FinMind_API_TaiwanStockPrice_2412,True,2026-09-22T15:41:02,2026-09-22T15:41:02,2026-09-22T15:41:02
2412,中華電,2024-10-24,122.0,0.0,0.00%,4.71,25.9,70.65,84.78,98.91,113.04,127.17,141.3,ShowDailyK_ChartFlow,FinMind_API_TaiwanStockPrice_2412,True,2026-09-22T15:41:02,2026-09-22T15:41:02,2026-09-22T15:41:02
2412,中華電,2024-10-25,122.0,0.0,0.00%,4.71,25.9,70.65,84.78,98.91,113.04,127.17,141.3,ShowDailyK_ChartFlow,FinMind_API_TaiwanStockPrice_2412,True,2026-09-22T15:41:02,2026-09-22T15:41:02,2026-09-22T15:41:02
2412,中華電,2024-10-28,122.5,0.5,0.41%,4.71,26.01,70.65,84.78,98.91,113.04,127.17,141.3,ShowDailyK_ChartFlow,FinMind_API_TaiwanStockPrice_2412,True,2026-09-22T15:41:02,2026-09-22T15:41:02,2026-09-22T15:41:02
2412,中華電,2024-10-29,122.5,0.0,0.00%,4.71,26.01,70.65,84.78,98.91,113.04,127.17,141.3,ShowDailyK_ChartFlow,FinMind_API_TaiwanStockPrice_2412,True,2026-09-22T15:41:02,2026-09-22T15:41:02,2026-09-22T15:41:02
2412,中華電,2024-10-30,122.0,-0.5,-0.41%,4.71,25.9,70.65,84.78,98.91,113.04,127.17,141.3,ShowDailyK_ChartFlow,FinMind_API_TaiwanStockPrice_2412,True,2026-09-22T15:41:02,2026-09-22T15:41:02,2026-09-22T15:41:02
2412,中華電,2024-11-01,122.0,0.0,0.00%,4.71,25.9,70.65,84.78,98.91,113.04,127.17,141.3,ShowDailyK_ChartFlow,FinMind_API_TaiwanStockPrice_2412,True,2026-09-22T15:41:02,2026-09-22T15:41:02,2026-09-22T15:41:02
2412,中華電,2024-11-04,122.5,0.5,0.41%,4.71,26.01,70.65,84.78,98.91,113.04,127.17,141.3,ShowDailyK_ChartFlow,FinMind_API_TaiwanStockPrice_2412,True,2026-09-22T15:41:02,2026-09-22T15:41:02,2026-09-22T15:41:02
2412,中華電,2024-11-05,123.0,0.5,0.41%,4.71,26.11,70.65,84.78,98.91,113.04,127.17,141.3,ShowDailyK_ChartFlow,FinMind_API_TaiwanStockPrice_2412,True,2026-09-22T15:41:02,2026-09-22T15:41:02,2026-09-22T15:41:02
2412,中華電,2024-11-06,122.5,-0.5,-0.41%,4.71,26.01,70.65,84.78,98.91,113.04,127.17,141.3,ShowDailyK_ChartFlow,FinMind_API_TaiwanStockPrice_2412,True,2026-09-22T15:41:02,2026-09-22T15:41:02,2026-09-22T15:41:02
2412,中華電,2024-11-07,123.0,0.5,0.41%,4.71,26.11,70.65,84.78,98.91,113.04,127.17,141.3,ShowDailyK_ChartFlow,FinMind_API_TaiwanStockPrice_2412,True,2026-09-22T15:41:02,2026-09-22T15:41:02,2026-09-22T15:41:02
2412,中華電,2024-11-08,123.0,0.0,0.00%,4.71,26.17,70.65,84.78,98.91,113.04,127.17,141.3,ShowDailyK_ChartFlow,FinMind_API_TaiwanStockPrice_2412,True,2026-09-22T15:41:02,2026-09-22T15:41:02,2026-09-22T15:41:02
2412,中華電,2024-11-11,123.0,0.0,0.00%,4.71,26.17,70.65,84.78,98.91,113.04,127.17,141.3,ShowDailyK_ChartFlow,FinMind_API_TaiwanStockPrice_2412,True,2026-09-22T15:41:02,2026-09-22T15:41:02,2026-09-22T15:41:02
2412,中華電,2024-11-12,122.5,-0.5,-0.41%,4.71,26.06,70.65,84.78,98.91,113.04,127.17,141.3,ShowDailyK_ChartFlow,FinMind_API_TaiwanStockPrice_2412,True,2026-09-22T15:41:02,2026-09-22T15:41:02,2026-09-22T15:41:02
2412,中華電,2024-11-13,123.5,1.0,0.82%,4.71,26.28,70.65,84.78,98.91,113.04,127.17,141.3,ShowDailyK_ChartFlow,FinMind_API_TaiwanStockPrice_2412,True,2026-09-22T15:41:02,2026-09-22T15:41:02,2026-09-22T15:41:02
2412,中華電,2024-11-14,122.5,-1.0,-0.81%,4.71,26.06,70.65,84.78,98.91,113.04,127.17,141.3,ShowDailyK_ChartFlow,FinMind_API_TaiwanStockPrice_2412,True,2026-09-22T15:41:02,2026-09-22T15:41:02,2026-09-22T15:41:02
2412,中華電,2024-11-15,122.5,0.0,0.00%,4.71,26.06,70.65,84.78,98.91,113.04,127.17,141.3,ShowDailyK_ChartFlow,FinMind_API_TaiwanStockPrice_2412,True,2026-09-22T15:41:02,2026-09-22T15:41:02,2026-09-22T15:41:02
2412,中華電,2024-11-18,122.5,0.0,0.00%,4.71,26.06,70.65,84.78,98.91,113.04,127.17,141.3,ShowDailyK_ChartFlow,FinMind_API_TaiwanStockPrice_2412,True,2026-09-22T15:41:02,2026-09-22T15:41:02,2026-09-22T15:41:02
2412,中華電,2024-11-19,123.5,1.0,0.82%,4.71,26.28,70.65,84.78,98.91,113.04,127.17,141.3,ShowDailyK_ChartFlow,FinMind_API_TaiwanStockPrice_2412,True,2026-09-22T15:41:02,2026-09-22T15:41:02,2026-09-22T15:41:02
2412,中華電,2024-11-20,122.5,-1.0,-0.81%,4.71,26.06,70.65,84.78,98.91,113.04,127.17,141.3,ShowDailyK_ChartFlow,FinMind_API_TaiwanStockPrice_2412,True,2026-09-22T15:41:02,2026-09-22T15:41:02,2026-09-22T15:41:02
2412,中華電,2024-11-21,123.0,0.5,0.41%,4.71,26.17,70.65,84.78,98.91,113.04,127.17,141.3,ShowDailyK_ChartFlow,FinMind_API_TaiwanStockPrice_2412,True,2026-09-22T15:41:02,2026-09-22T15:41:02,2026-09-22T15:41:02
2412,中華電,2024-11-22,123.0,0.0,0.00%,4.71,26.17,70.65,84.78,98.91,113.04,127.17,141.3,ShowDailyK_ChartFlow,FinMind_API_TaiwanStockPrice_2412,True,2026-09-22T15:41:02,2026-09-22T15:41:02,2026-09-22T15:41:02
2412,中華電,2024-11-25,123.5,0.5,0.41%,4.71,26.28,70.65,84.78,98.91,113.04,127.17,141.3,ShowDailyK_ChartFlow,FinMind_API_TaiwanStockPrice_2412,True,2026-09-22T15:41:02,2026-09-22T15:41:02,2026-09-22T15:41:02
2412,中華電,2024-11-26,124.0,0.5,0.40%,4.71,26.38,70.65,84.78,98.91,113.04,127.17,141.3,ShowDailyK_ChartFlow,FinMind_API_TaiwanStockPrice_2412,True,2026-09-22T15:41:02,2026-09-22T15:41:02,2026-09-22T15:41:02
2412,中華電,2024-11-27,123.5,-0.5,-0.40%,4.71,26.28,70.65,84.78,98.91,113.04,127.17,141.3,ShowDailyK_ChartFlow,FinMind_API_TaiwanStockPrice_2412,True,2026-09-22T15:41:02,2026-09-22T15:41:02,2026-09-22T15:41:02
2412,中華電,2024-11-28,123.5,0.0,0.00%,4.71,26.28,70.65,84.78,98.91,113.04,127.17,141.3,ShowDailyK_ChartFlow,FinMind_API_TaiwanStockPrice_2412,True,2026-09-22T15:41:02,2026-09-22T15:41:02,2026-09-22T15:41:02
2412,中華電,2024-11-29,123.0,-0.5,-0.40%,4.71,26.17,70.65,84.78,98.91,113.04,127.17,141.3,ShowDailyK_ChartFlow,FinMind_API_TaiwanStockPrice_2412,True,2026-09-22T15:41:02,2026-09-22T15:41:02,2026-09-22T15:41:02
2412,中華電,2024-12-02,123.0,0.0,0.00%,4.71,26.17,70.65,84.78,98.91,113.04,127.17,141.3,ShowDailyK_ChartFlow,FinMind_API_TaiwanStockPrice_2412,True,2026-09-22T15:41:02,2026-09-22T15:41:02,2026-09-22T15:41:02
2412,中華電,2024-12-03,123.5,0.5,0.41%,4.71,26.28,70.65,84.78,98.91,113.04,127.17,141.3,ShowDailyK_ChartFlow,FinMind_API_TaiwanStockPrice_2412,True,2026-09-22T15:41:02,2026-09-22T15:41:02,2026-09-22T15:41:02
2412,中華電,2024-12-04,124.5,1.0,0.81%,4.71,26.49,70.65,84.78,98.91,113.04,127.17,141.3,ShowDailyK_ChartFlow,FinMind_API_TaiwanStockPrice_2412,True,2026-09-22T15:41:02,2026-09-22T15:41:02,2026-09-22T15:41:02
2412,中華電,2024-12-05,124.0,-0.5,-0.40%,4.71,26.38,70.65,84.78,98.91,113.04,127.17,141.3,ShowDailyK_ChartFlow,FinMind_API_TaiwanStockPrice_2412,True,2026-09-22T15:41:02,2026-09-22T15:41:02,2026-09-22T15:41:02
2412,中華電,2024-12-06,124.5,0.5,0.40%,4.71,26.49,70.65,84.78,98.91,113.04,127.17,141.3,ShowDailyK_ChartFlow,FinMind_API_TaiwanStockPrice_2412,True,2026-09-22T15:41:02,2026-09-22T15:41:02,2026-09-22T15:41:02
2412,中華電,2024-12-09,124.5,0.0,0.00%,4.71,26.49,70.65,84.78,98.91,113.04,127.17,141.3,ShowDailyK_ChartFlow,FinMind_API_TaiwanStockPrice_2412,True,2026-09-22T15:41:02,2026-09-22T15:41:02,2026-09-22T15:41:02
2412,中華電,2024-12-10,124.5,0.0,0.00%,4.71,26.49,70.65,84.78,98.91,113.04,127.17,141.3,ShowDailyK_ChartFlow,FinMind_API_TaiwanStockPrice_2412,True,2026-09-22T15:41:02,2026-09-22T15:41:02,2026-09-22T15:41:02
2412,中華電,2024-12-11,123.5,-1.0,-0.80%,4.71,26.28,70.65,84.78,98.91,113.04,127.17,141.3,ShowDailyK_ChartFlow,FinMind_API_TaiwanStockPrice_2412,True,2026-09-22T15:41:02,2026-09-22T15:41:02,2026-09-22T15:41:02
2412,中華電,2024-12-12,123.5,0.0,0.00%,4.71,26.28,70.65,84.78,98.91,113.04,127.17,141.3,ShowDailyK_ChartFlow,FinMind_API_TaiwanStockPrice_2412,True,2026-09-22T15:41:02,2026-09-22T15:41:02,2026-09-22T15:41:02
2412,中華電,2024-12-13,123.5,0.0,0.00%,4.71,26.28,70.65,84.78,98.91,113.04,127.17,141.3,ShowDailyK_ChartFlow,FinMind_API_TaiwanStockPrice_2412,True,2026-09-22T15:41:02,2026-09-22T15:41:02,2026-09-22T15:41:02
2412,中華電,2024-12-16,123.0,-0.5,-0.40%,4.71,26.17,70.65,84.78,98.91,113.04,127.17,141.3,ShowDailyK_ChartFlow,FinMind_API_TaiwanStockPrice_2412,True,2026-09-22T15:41:02,2026-09-22T15:41:02,2026-09-22T15:41:02
2412,中華電,2024-12-17,123.5,0.5,0.41%,4.71,26.28,70.65,84.78,98.91,113.04,127.17,141.3,ShowDailyK_ChartFlow,FinMind_API_TaiwanStockPrice_2412,True,2026-09-22T15:41:02,2026-09-22T15:41:02,2026-09-22T15:41:02
2412,中華電,2024-12-18,124.0,0.5,0.40%,4.71,26.38,70.65,84.78,98.91,113.04,127.17,141.3,ShowDailyK_ChartFlow,FinMind_API_TaiwanStockPrice_2412,True,2026-09-22T15:41:02,2026-09-22T15:41:02,2026-09-22T15:41:02
2412,中華電,2024-12-19,123.5,-0.5,-0.40%,4.71,26.28,70.65,84.78,98.91,113.04,127.17,141.3,ShowDailyK_ChartFlow,FinMind_API_TaiwanStockPrice_2412,True,2026-09-22T15:41:02,2026-09-22T15:41:02,2026-09-22T15:41:02
2412,中華電,2024-12-20,123.0,-0.5,-0.40%,4.71,26.17,70.65,84.78,98.91,113.04,127.17,141.3,ShowDailyK_ChartFlow,FinMind_API_TaiwanStockPrice_2412,True,2026-09-22T15:41:02,2026-09-22T15:41:02,2026-09-22T15:41:02
2412,中華電,2024-12-23,124.5,1.5,1.22%,4.71,26.49,70.65,84.78,98.91,113.04,127.17,141.3,ShowDailyK_ChartFlow,FinMind_API_TaiwanStockPrice_2412,True,2026-09-22T15:41:02,2026-09-22T15:41:02,2026-09-22T15:41:02
2412,中華電,2024-12-24,123.5,-1.0,-0.80%,4.71,26.28,70.65,84.78,98.91,113.04,127.17,141.3,ShowDailyK_ChartFlow,FinMind_API_TaiwanStockPrice_2412,True,2026-09-22T15:41:02,2026-09-22T15:41:02,2026-09-22T15:41:02
2412,中華電,2024-12-25,124.0,0.5,0.40%,4.71,26.38,70.65,84.78,98.91,113.04,127.17,141.3,ShowDailyK_ChartFlow,FinMind_API_TaiwanStockPrice_2412,True,2026-09-22T15:41:02,2026-09-22T15:41:02,2026-09-22T15:41:02
2412,中華電,2024-12-26,124.0,0.0,0.00%,4.71,26.38,70.65,84.78,98.91,113.04,127.17,141.3,ShowDailyK_ChartFlow,FinMind_API_TaiwanStockPrice_2412,True,2026-09-22T15:41:02,2026-09-22T15:41:02,2026-09-22T15:41:02
2412,中華電,2024-12-27,124.5,0.5,0.40%,4.71,26.49,70.65,84.78,98.91,113.04,127.17,141.3,ShowDailyK_ChartFlow,FinMind_API_TaiwanStockPrice_2412,True,2026-09-22T15:41:02,2026-09-22T15:41:02,2026-09-22T15:41:02
2412,中華電,2024-12-30,124.0,-0.5,-0.40%,4.71,26.38,70.65,84.78,98.91,113.04,127.17,141.3,ShowDailyK_ChartFlow,FinMind_API_TaiwanStockPrice_2412,True,2026-09-22T15:41:02,2026-09-22T15:41:02,2026-09-22T15:41:02
2412,中華電,2024-12-31,123.5,-0.5,-0.40%,4.8,26.28,72.0,86.4,100.8,115.2,129.6,144.0,ShowDailyK_ChartFlow,FinMind_API_TaiwanStockPrice_2412,True,2026-09-22T15:41:02,2026-09-22T15:41:02,2026-09-22T15:41:02
2412,中華電,2025-01-02,123.0,-0.5,-0.40%,4.8,26.17,72.0,86.4,100.8,115.2,129.6,144.0,ShowDailyK_ChartFlow,FinMind_API_TaiwanStockPrice_2412,True,2026-09-22T15:41:02,2026-09-22T15:41:02,2026-09-22T15:41:02
2412,中華電,2025-01-03,122.5,-0.5,-0.41%,4.8,26.06,72.0,86.4,100.8,115.2,129.6,144.0,ShowDailyK_ChartFlow,FinMind_API_TaiwanStockPrice_2412,True,2026-09-22T15:41:02,2026-09-22T15:41:02,2026-09-22T15:41:02
2412,中華電,2025-01-06,123.5,1.0,0.82%,4.8,26.28,72.0,86.4,100.8,115.2,129.6,144.0,ShowDailyK_ChartFlow,FinMind_API_TaiwanStockPrice_2412,True,2026-09-22T15:41:02,2026-09-22T15:41:02,2026-09-22T15:41:02
2412,中華電,2025-01-07,123.0,-0.5,-0.40%,4.8,26.17,72.0,86.4,100.8,115.2,129.6,144.0,ShowDailyK_ChartFlow,FinMind_API_TaiwanStockPrice_2412,True,2026-09-22T15:41:02,2026-09-22T15:41:02,2026-09-22T15:41:02
2412,中華電,2025-01-08,123.5,0.5,0.41%,4.8,26.28,72.0,86.4,100.8,115.2,129.6,144.0,ShowDailyK_ChartFlow,FinMind_API_TaiwanStockPrice_2412,True,2026-09-22T15:41:02,2026-09-22T15:41:02,2026-09-22T15:41:02
2412,中華電,2025-01-09,123.0,-0.5,-0.40%,4.8,26.17,72.0,86.4,100.8,115.2,129.6,144.0,ShowDailyK_ChartFlow,FinMind_API_TaiwanStockPrice_2412,True,2026-09-22T15:41:02,2026-09-22T15:41:02,2026-09-22T15:41:02
2412,中華電,2025-01-10,123.0,0.0,0.00%,4.8,26.17,72.0,86.4,100.8,115.2,129.6,144.0,ShowDailyK_ChartFlow,FinMind_API_TaiwanStockPrice_2412,True,2026-09-22T15:41:02,2026-09-22T15:41:02,2026-09-22T15:41:02
2412,中華電,2025-01-13,123.0,0.0,0.00%,4.8,26.17,72.0,86.4,100.8,115.2,129.6,144.0,ShowDailyK_ChartFlow,FinMind_API_TaiwanStockPrice_2412,True,2026-09-22T15:41:02,2026-09-22T15:41:02,2026-09-22T15:41:02
2412,中華電,2025-01-14,123.5,0.5,0.41%,4.8,26.28,72.0,86.4,100.8,115.2,129.6,144.0,ShowDailyK_ChartFlow,FinMind_API_TaiwanStockPrice_2412,True,2026-09-22T15:41:02,2026-09-22T15:41:02,2026-09-22T15:41:02
2412,中華電,2025-01-15,123.5,0.0,0.00%,4.8,26.28,72.0,86.4,100.8,115.2,129.6,144.0,ShowDailyK_ChartFlow,FinMind_API_TaiwanStockPrice_2412,True,2026-09-22T15:41:02,2026-09-22T15:41:02,2026-09-22T15:41:02
2412,中華電,2025-01-16,124.0,0.5,0.40%,4.8,26.38,72.0,86.4,100.8,115.2,129.6,144.0,ShowDailyK_ChartFlow,FinMind_API_TaiwanStockPrice_2412,True,2026-09-22T15:41:02,2026-09-22T15:41:02,2026-09-22T15:41:02
2412,中華電,2025-01-17,124.0,0.0,0.00%,4.8,26.38,72.0,86.4,100.8,115.2,129.6,144.0,ShowDailyK_ChartFlow,FinMind_API_TaiwanStockPrice_2412,True,2026-09-22T15:41:02,2026-09-22T15:41:02,2026-09-22T15:41:02
2412,中華電,2025-01-20,123.5,-0.5,-0.40%,4.8,26.28,72.0,86.4,100.8,115.2,129.6,144.0,ShowDailyK_ChartFlow,FinMind_API_TaiwanStockPrice_2412,True,2026-09-22T15:41:02,2026-09-22T15:41:02,2026-09-22T15:41:02
2412,中華電,2025-01-21,123.5,0.0,0.00%,4.8,26.28,72.0,86.4,100.8,115.2,129.6,144.0,ShowDailyK_ChartFlow,FinMind_API_TaiwanStockPrice_2412,True,2026-09-22T15:41:02,2026-09-22T15:41:02,2026-09-22T15:41:02
2412,中華電,2025-01-22,124.5,1.0,0.81%,4.8,26.49,72.0,86.4,100.8,115.2,129.6,144.0,ShowDailyK_ChartFlow,FinMind_API_TaiwanStockPrice_2412,True,2026-09-22T15:41:02,2026-09-22T15:41:02,2026-09-22T15:41:02
2412,中華電,2025-02-03,125.5,1.0,0.80%,4.8,26.7,72.0,86.4,100.8,115.2,129.6,144.0,ShowDailyK_ChartFlow,FinMind_API_TaiwanStockPrice_2412,True,2026-09-22T15:41:02,2026-09-22T15:41:02,2026-09-22T15:41:02
2412,中華電,2025-02-04,125.0,-0.5,-0.40%,4.8,26.6,72.0,86.4,100.8,115.2,129.6,144.0,ShowDailyK_ChartFlow,FinMind_API_TaiwanStockPrice_2412,True,2026-09-22T15:41:02,2026-09-22T15:41:02,2026-09-22T15:41:02
2412,中華電,2025-02-05,126.0,1.0,0.80%,4.8,26.81,72.0,86.4,100.8,115.2,129.6,144.0,ShowDailyK_ChartFlow,FinMind_API_TaiwanStockPrice_2412,True,2026-09-22T15:41:02,2026-09-22T15:41:02,2026-09-22T15:41:02
2412,中華電,2025-02-06,126.0,0.0,0.00%,4.8,26.81,72.0,86.4,100.8,115.2,129.6,144.0,ShowDailyK_ChartFlow,FinMind_API_TaiwanStockPrice_2412,True,2026-09-22T15:41:02,2026-09-22T15:41:02,2026-09-22T15:41:02
2412,中華電,2025-02-07,126.0,0.0,0.00%,4.8,26.81,72.0,86.4,100.8,115.2,129.6,144.0,ShowDailyK_ChartFlow,FinMind_API_TaiwanStockPrice_2412,True,2026-09-22T15:41:02,2026-09-22T15:41:02,2026-09-22T15:41:02
2412,中華電,2025-02-10,125.5,-0.5,-0.40%,4.8,26.7,72.0,86.4,100.8,115.2,129.6,144.0,ShowDailyK_ChartFlow,FinMind_API_TaiwanStockPrice_2412,True,2026-09-22T15:41:02,2026-09-22T15:41:02,2026-09-22T15:41:02
2412,中華電,2025-02-11,125.5,0.0,0.00%,4.8,26.7,72.0,86.4,100.8,115.2,129.6,144.0,ShowDailyK_ChartFlow,FinMind_API_TaiwanStockPrice_2412,True,2026-09-22T15:41:02,2026-09-22T15:41:02,2026-09-22T15:41:02
2412,中華電,2025-02-12,126.0,0.5,0.40%,4.8,26.81,72.0,86.4,100.8,115.2,129.6,144.0,ShowDailyK_ChartFlow,FinMind_API_TaiwanStockPrice_2412,True,2026-09-22T15:41:02,2026-09-22T15:41:02,2026-09-22T15:41:02
2412,中華電,2025-02-13,125.5,-0.5,-0.40%,4.8,26.7,72.0,86.4,100.8,115.2,129.6,144.0,ShowDailyK_ChartFlow,FinMind_API_TaiwanStockPrice_2412,True,2026-09-22T15:41:02,2026-09-22T15:41:02,2026-09-22T15:41:02
2412,中華電,2025-02-14,125.5,0.0,0.00%,4.8,26.7,72.0,86.4,100.8,115.2,129.6,144.0,ShowDailyK_ChartFlow,FinMind_API_TaiwanStockPrice_2412,True,2026-09-22T15:41:02,2026-09-22T15:41:02,2026-09-22T15:41:02
2412,中華電,2025-02-17,126.0,0.5,0.40%,4.8,26.81,72.0,86.4,100.8,115.2,129.6,144.0,ShowDailyK_ChartFlow,FinMind_API_TaiwanStockPrice_2412,True,2026-09-22T15:41:02,2026-09-22T15:41:02,2026-09-22T15:41:02
2412,中華電,2025-02-18,126.5,0.5,0.40%,4.8,26.91,72.0,86.4,100.8,115.2,129.6,144.0,ShowDailyK_ChartFlow,FinMind_API_TaiwanStockPrice_2412,True,2026-09-22T15:41:02,2026-09-22T15:41:02,2026-09-22T15:41:02
2412,中華電,2025-02-19,126.5,0.0,0.00%,4.8,26.91,72.0,86.4,100.8,115.2,129.6,144.0,ShowDailyK_ChartFlow,FinMind_API_TaiwanStockPrice_2412,True,2026-09-22T15:41:02,2026-09-22T15:41:02,2026-09-22T15:41:02
2412,中華電,2025-02-20,126.5,0.0,0.00%,4.8,26.91,72.0,86.4,100.8,115.2,129.6,144.0,ShowDailyK_ChartFlow,FinMind_API_TaiwanStockPrice_2412,True,2026-09-22T15:41:02,2026-09-22T15:41:02,2026-09-22T15:41:02
2412,中華電,2025-02-21,127.0,0.5,0.40%,4.8,27.02,72.0,86.4,100.8,115.2,129.6,144.0,ShowDailyK_ChartFlow,FinMind_API_TaiwanStockPrice_2412,True,2026-09-22T15:41:02,2026-09-22T15:41:02,2026-09-22T15:41:02
2412,中華電,2025-02-24,127.0,0.0,0.00%,4.8,27.02,72.0,86.4,100.8,115.2,129.6,144.0,ShowDailyK_ChartFlow,FinMind_API_TaiwanStockPrice_2412,True,2026-09-22T15:41:02,2026-09-22T15:41:02,2026-09-22T15:41:02
2412,中華電,2025-02-25,126.5,-0.5,-0.39%,4.8,26.91,72.0,86.4,100.8,115.2,129.6,144.0,ShowDailyK_ChartFlow,FinMind_API_TaiwanStockPrice_2412,True,2026-09-22T15:41:02,2026-09-22T15:41:02,2026-09-22T15:41:02
2412,中華電,2025-02-26,127.5,1.0,0.79%,4.8,27.13,72.0,86.4,100.8,115.2,129.6,144.0,ShowDailyK_ChartFlow,FinMind_API_TaiwanStockPrice_2412,True,2026-09-22T15:41:02,2026-09-22T15:41:02,2026-09-22T15:41:02
2412,中華電,2025-02-27,128.0,0.5,0.39%,4.8,26.67,72.0,86.4,100.8,115.2,129.6,144.0,ShowDailyK_ChartFlow,FinMind_API_TaiwanStockPrice_2412,True,2026-09-22T15:41:02,2026-09-22T15:41:02,2026-09-22T15:41:02
2412,中華電,2025-03-03,128.5,0.5,0.39%,4.8,26.77,72.0,86.4,100.8,115.2,129.6,144.0,ShowDailyK_ChartFlow,FinMind_API_TaiwanStockPrice_2412,True,2026-09-22T15:41:02,2026-09-22T15:41:02,2026-09-22T15:41:02
2412,中華電,2025-03-04,127.0,-1.5,-1.17%,4.8,26.46,72.0,86.4,100.8,115.2,129.6,144.0,ShowDailyK_ChartFlow,FinMind_API_TaiwanStockPrice_2412,True,2026-09-22T15:41:02,2026-09-22T15:41:02,2026-09-22T15:41:02
2412,中華電,2025-03-05,127.5,0.5,0.39%,4.8,26.56,72.0,86.4,100.8,115.2,129.6,144.0,ShowDailyK_ChartFlow,FinMind_API_TaiwanStockPrice_2412,True,2026-09-22T15:41:02,2026-09-22T15:41:02,2026-09-22T15:41:02
2412,中華電,2025-03-06,128.0,0.5,0.39%,4.8,26.67,72.0,86.4,100.8,115.2,129.6,144.0,ShowDailyK_ChartFlow,FinMind_API_TaiwanStockPrice_2412,True,2026-09-22T15:41:02,2026-09-22T15:41:02,2026-09-22T15:41:02
2412,中華電,2025-03-07,128.0,0.0,0.00%,4.8,26.67,72.0,86.4,100.8,115.2,129.6,144.0,ShowDailyK_ChartFlow,FinMind_API_TaiwanStockPrice_2412,True,2026-09-22T15:41:02,2026-09-22T15:41:02,2026-09-22T15:41:02
2412,中華電,2025-03-10,128.0,0.0,0.00%,4.8,26.67,72.0,86.4,100.8,115.2,129.6,144.0,ShowDailyK_ChartFlow,FinMind_API_TaiwanStockPrice_2412,True,2026-09-22T15:41:02,2026-09-22T15:41:02,2026-09-22T15:41:02
2412,中華電,2025-03-11,127.5,-0.5,-0.39%,4.8,26.56,72.0,86.4,100.8,115.2,129.6,144.0,ShowDailyK_ChartFlow,FinMind_API_TaiwanStockPrice_2412,True,2026-09-22T15:41:02,2026-09-22T15:41:02,2026-09-22T15:41:02
2412,中華電,2025-03-12,128.0,0.5,0.39%,4.8,26.67,72.0,86.4,100.8,115.2,129.6,144.0,ShowDailyK_ChartFlow,FinMind_API_TaiwanStockPrice_2412,True,2026-09-22T15:41:02,2026-09-22T15:41:02,2026-09-22T15:41:02
2412,中華電,2025-03-13,128.5,0.5,0.39%,4.8,26.77,72.0,86.4,100.8,115.2,129.6,144.0,ShowDailyK_ChartFlow,FinMind_API_TaiwanStockPrice_2412,True,2026-09-22T15:41:02,2026-09-22T15:41:02,2026-09-22T15:41:02
2412,中華電,2025-03-14,128.5,0.0,0.00%,4.8,26.77,72.0,86.4,100.8,115.2,129.6,144.0,ShowDailyK_ChartFlow,FinMind_API_TaiwanStockPrice_2412,True,2026-09-22T15:41:02,2026-09-22T15:41:02,2026-09-22T15:41:02
2412,中華電,2025-03-17,128.0,-0.5,-0.39%,4.8,26.67,72.0,86.4,100.8,115.2,129.6,144.0,ShowDailyK_ChartFlow,FinMind_API_TaiwanStockPrice_2412,True,2026-09-22T15:41:02,2026-09-22T15:41:02,2026-09-22T15:41:02
2412,中華電,2025-03-18,129.0,1.0,0.78%,4.8,26.88,72.0,86.4,100.8,115.2,129.6,144.0,ShowDailyK_ChartFlow,FinMind_API_TaiwanStockPrice_2412,True,2026-09-22T15:41:02,2026-09-22T15:41:02,2026-09-22T15:41:02
2412,中華電,2025-03-19,128.5,-0.5,-0.39%,4.8,26.77,72.0,86.4,100.8,115.2,129.6,144.0,ShowDailyK_ChartFlow,FinMind_API_TaiwanStockPrice_2412,True,2026-09-22T15:41:02,2026-09-22T15:41:02,2026-09-22T15:41:02
2412,中華電,2025-03-20,129.0,0.5,0.39%,4.8,26.88,72.0,86.4,100.8,115.2,129.6,144.0,ShowDailyK_ChartFlow,FinMind_API_TaiwanStockPrice_2412,True,2026-09-22T15:41:02,2026-09-22T15:41:02,2026-09-22T15:41:02
2412,中華電,2025-03-21,130.0,1.0,0.78%,4.8,27.08,72.0,86.4,100.8,115.2,129.6,144.0,ShowDailyK_ChartFlow,FinMind_API_TaiwanStockPrice_2412,True,2026-09-22T15:41:02,2026-09-22T15:41:02,2026-09-22T15:41:02
2412,中華電,2025-03-24,129.0,-1.0,-0.77%,4.8,26.88,72.0,86.4,100.8,115.2,129.6,144.0,ShowDailyK_ChartFlow,FinMind_API_TaiwanStockPrice_2412,True,2026-09-22T15:41:02,2026-09-22T15:41:02,2026-09-22T15:41:02
2412,中華電,2025-03-25,129.0,0.0,0.00%,4.8,26.88,72.0,86.4,100.8,115.2,129.6,144.0,ShowDailyK_ChartFlow,FinMind_API_TaiwanStockPrice_2412,True,2026-09-22T15:41:02,2026-09-22T15:41:02,2026-09-22T15:41:02
2412,中華電,2025-03-26,129.0,0.0,0.00%,4.8,26.88,72.0,86.4,100.8,115.2,129.6,144.0,ShowDailyK_ChartFlow,FinMind_API_TaiwanStockPrice_2412,True,2026-09-22T15:41:02,2026-09-22T15:41:02,2026-09-22T15:41:02
2412,中華電,2025-03-27,130.0,1.0,0.78%,4.8,27.08,72.0,86.4,100.8,115.2,129.6,144.0,ShowDailyK_ChartFlow,FinMind_API_TaiwanStockPrice_2412,True,2026-09-22T15:41:02,2026-09-22T15:41:02,2026-09-22T15:41:02
2412,中華電,2025-03-28,130.0,0.0,0.00%,4.8,27.08,72.0,86.4,100.8,115.2,129.6,144.0,ShowDailyK_ChartFlow,FinMind_API_TaiwanStockPrice_2412,True,2026-09-22T15:41:02,2026-09-22T15:41:02,2026-09-22T15:41:02
2412,中華電,2025-03-31,128.5,-1.5,-1.15%,4.85,26.77,72.75,87.3,101.85,116.4,130.95,145.5,ShowDailyK_ChartFlow,FinMind_API_TaiwanStockPrice_2412,True,2026-09-22T15:41:02,2026-09-22T15:41:02,2026-09-22T15:41:02
2412,中華電,2025-04-01,130.0,1.5,1.17%,4.85,27.08,72.75,87.3,101.85,116.4,130.95,145.5,ShowDailyK_ChartFlow,FinMind_API_TaiwanStockPrice_2412,True,2026-09-22T15:41:02,2026-09-22T15:41:02,2026-09-22T15:41:02
2412,中華電,2025-04-02,130.0,0.0,0.00%,4.85,27.08,72.75,87.3,101.85,116.4,130.95,145.5,ShowDailyK_ChartFlow,FinMind_API_TaiwanStockPrice_2412,True,2026-09-22T15:41:02,2026-09-22T15:41:02,2026-09-22T15:41:02
2412,中華電,2025-04-07,124.0,-6.0,-4.62%,4.85,25.83,72.75,87.3,101.85,116.4,130.95,145.5,ShowDailyK_ChartFlow,FinMind_API_TaiwanStockPrice_2412,True,2026-09-22T15:41:02,2026-09-22T15:41:02,2026-09-22T15:41:02
2412,中華電,2025-04-08,127.0,3.0,2.42%,4.85,26.46,72.75,87.3,101.85,116.4,130.95,145.5,ShowDailyK_ChartFlow,FinMind_API_TaiwanStockPrice_2412,True,2026-09-22T15:41:02,2026-09-22T15:41:02,2026-09-22T15:41:02
2412,中華電,2025-04-09,126.0,-1.0,-0.79%,4.85,26.25,72.75,87.3,101.85,116.4,130.95,145.5,ShowDailyK_ChartFlow,FinMind_API_TaiwanStockPrice_2412,True,2026-09-22T15:41:02,2026-09-22T15:41:02,2026-09-22T15:41:02
2412,中華電,2025-04-10,127.0,1.0,0.79%,4.85,26.46,72.75,87.3,101.85,116.4,130.95,145.5,ShowDailyK_ChartFlow,FinMind_API_TaiwanStockPrice_2412,True,2026-09-22T15:41:02,2026-09-22T15:41:02,2026-09-22T15:41:02
2412,中華電,2025-04-11,128.5,1.5,1.18%,4.85,26.77,72.75,87.3,101.85,116.4,130.95,145.5,ShowDailyK_ChartFlow,FinMind_API_TaiwanStockPrice_2412,True,2026-09-22T15:41:02,2026-09-22T15:41:02,2026-09-22T15:41:02
2412,中華電,2025-04-14,127.5,-1.0,-0.78%,4.85,26.56,72.75,87.3,101.85,116.4,130.95,145.5,ShowDailyK_ChartFlow,FinMind_API_TaiwanStockPrice_2412,True,2026-09-22T15:41:02,2026-09-22T15:41:02,2026-09-22T15:41:02
2412,中華電,2025-04-15,129.0,1.5,1.18%,4.85,26.88,72.75,87.3,101.85,116.4,130.95,145.5,ShowDailyK_ChartFlow,FinMind_API_TaiwanStockPrice_2412,True,2026-09-22T15:41:02,2026-09-22T15:41:02,2026-09-22T15:41:02
2412,中華電,2025-04-16,128.5,-0.5,-0.39%,4.85,26.77,72.75,87.3,101.85,116.4,130.95,145.5,ShowDailyK_ChartFlow,FinMind_API_TaiwanStockPrice_2412,True,2026-09-22T15:41:02,2026-09-22T15:41:02,2026-09-22T15:41:02
2412,中華電,2025-04-17,128.0,-0.5,-0.39%,4.85,26.67,72.75,87.3,101.85,116.4,130.95,145.5,ShowDailyK_ChartFlow,FinMind_API_TaiwanStockPrice_2412,True,2026-09-22T15:41:02,2026-09-22T15:41:02,2026-09-22T15:41:02
2412,中華電,2025-04-18,128.0,0.0,0.00%,4.85,26.67,72.75,87.3,101.85,116.4,130.95,145.5,ShowDailyK_ChartFlow,FinMind_API_TaiwanStockPrice_2412,True,2026-09-22T15:41:02,2026-09-22T15:41:02,2026-09-22T15:41:02
2412,中華電,2025-04-21,127.0,-1.0,-0.78%,4.85,26.46,72.75,87.3,101.85,116.4,130.95,145.5,ShowDailyK_ChartFlow,FinMind_API_TaiwanStockPrice_2412,True,2026-09-22T15:41:02,2026-09-22T15:41:02,2026-09-22T15:41:02
2412,中華電,2025-04-22,128.0,1.0,0.79%,4.85,26.67,72.75,87.3,101.85,116.4,130.95,145.5,ShowDailyK_ChartFlow,FinMind_API_TaiwanStockPrice_2412,True,2026-09-22T15:41:02,2026-09-22T15:41:02,2026-09-22T15:41:02
2412,中華電,2025-04-23,127.5,-0.5,-0.39%,4.85,26.56,72.75,87.3,101.85,116.4,130.95,145.5,ShowDailyK_ChartFlow,FinMind_API_TaiwanStockPrice_2412,True,2026-09-22T15:41:02,2026-09-22T15:41:02,2026-09-22T15:41:02
2412,中華電,2025-04-24,127.0,-0.5,-0.39%,4.85,26.46,72.75,87.3,101.85,116.4,130.95,145.5,ShowDailyK_ChartFlow,FinMind_API_TaiwanStockPrice_2412,True,2026-09-22T15:41:02,2026-09-22T15:41:02,2026-09-22T15:41:02
2412,中華電,2025-04-25,126.5,-0.5,-0.39%,4.85,26.35,72.75,87.3,101.85,116.4,130.95,145.5,ShowDailyK_ChartFlow,FinMind_API_TaiwanStockPrice_2412,True,2026-09-22T15:41:02,2026-09-22T15:41:02,2026-09-22T15:41:02
2412,中華電,2025-04-28,128.0,1.5,1.19%,4.85,26.67,72.75,87.3,101.85,116.4,130.95,145.5,ShowDailyK_ChartFlow,FinMind_API_TaiwanStockPrice_2412,True,2026-09-22T15:41:02,2026-09-22T15:41:02,2026-09-22T15:41:02
2412,中華電,2025-04-29,129.0,1.0,0.78%,4.85,26.88,72.75,87.3,101.85,116.4,130.95,145.5,ShowDailyK_ChartFlow,FinMind_API_TaiwanStockPrice_2412,True,2026-09-22T15:41:02,2026-09-22T15:41:02,2026-09-22T15:41:02
2412,中華電,2025-04-30,129.5,0.5,0.39%,4.85,26.98,72.75,87.3,101.85,116.4,130.95,145.5,ShowDailyK_ChartFlow,FinMind_API_TaiwanStockPrice_2412,True,2026-09-22T15:41:02,2026-09-22T15:41:02,2026-09-22T15:41:02
2412,中華電,2025-05-02,128.5,-1.0,-0.77%,4.85,26.77,72.75,87.3,101.85,116.4,130.95,145.5,ShowDailyK_ChartFlow,FinMind_API_TaiwanStockPrice_2412,True,2026-09-22T15:41:02,2026-09-22T15:41:02,2026-09-22T15:41:02
2412,中華電,2025-05-05,129.5,1.0,0.78%,4.85,26.98,72.75,87.3,101.85,116.4,130.95,145.5,ShowDailyK_ChartFlow,FinMind_API_TaiwanStockPrice_2412,True,2026-09-22T15:41:02,2026-09-22T15:41:02,2026-09-22T15:41:02
2412,中華電,2025-05-06,130.0,0.5,0.39%,4.85,27.08,72.75,87.3,101.85,116.4,130.95,145.5,ShowDailyK_ChartFlow,FinMind_API_TaiwanStockPrice_2412,True,2026-09-22T15:41:02,2026-09-22T15:41:02,2026-09-22T15:41:02
2412,中華電,2025-05-07,131.0,1.0,0.77%,4.85,27.29,72.75,87.3,101.85,116.4,130.95,145.5,ShowDailyK_ChartFlow,FinMind_API_TaiwanStockPrice_2412,True,2026-09-22T15:41:02,2026-09-22T15:41:02,2026-09-22T15:41:02
2412,中華電,2025-05-08,129.5,-1.5,-1.15%,4.85,26.98,72.75,87.3,101.85,116.4,130.95,145.5,ShowDailyK_ChartFlow,FinMind_API_TaiwanStockPrice_2412,True,2026-09-22T15:41:02,2026-09-22T15:41:02,2026-09-22T15:41:02
2412,中華電,2025-05-09,131.0,1.5,1.16%,4.85,27.29,72.75,87.3,101.85,116.4,130.95,145.5,ShowDailyK_ChartFlow,FinMind_API_TaiwanStockPrice_2412,True,2026-09-22T15:41:02,2026-09-22T15:41:02,2026-09-22T15:41:02
2412,中華電,2025-05-12,131.0,0.0,0.00%,4.85,27.01,72.75,87.3,101.85,116.4,130.95,145.5,ShowDailyK_ChartFlow,FinMind_API_TaiwanStockPrice_2412,True,2026-09-22T15:41:02,2026-09-22T15:41:02,2026-09-22T15:41:02
2412,中華電,2025-05-13,130.0,-1.0,-0.76%,4.85,26.8,72.75,87.3,101.85,116.4,130.95,145.5,ShowDailyK_ChartFlow,FinMind_API_TaiwanStockPrice_2412,True,2026-09-22T15:41:02,2026-09-22T15:41:02,2026-09-22T15:41:02
2412,中華電,2025-05-14,129.5,-0.5,-0.38%,4.85,26.7,72.75,87.3,101.85,116.4,130.95,145.5,ShowDailyK_ChartFlow,FinMind_API_TaiwanStockPrice_2412,True,2026-09-22T15:41:02,2026-09-22T15:41:02,2026-09-22T15:41:02
2412,中華電,2025-05-15,131.0,1.5,1.16%,4.85,27.01,72.75,87.3,101.85,116.4,130.95,145.5,ShowDailyK_ChartFlow,FinMind_API_TaiwanStockPrice_2412,True,2026-09-22T15:41:02,2026-09-22T15:41:02,2026-09-22T15:41:02
2412,中華電,2025-05-16,131.0,0.0,0.00%,4.85,27.01,72.75,87.3,101.85,116.4,130.95,145.5,ShowDailyK_ChartFlow,FinMind_API_TaiwanStockPrice_2412,True,2026-09-22T15:41:02,2026-09-22T15:41:02,2026-09-22T15:41:02
2412,中華電,2025-05-19,131.0,0.0,0.00%,4.85,27.01,72.75,87.3,101.85,116.4,130.95,145.5,ShowDailyK_ChartFlow,FinMind_API_TaiwanStockPrice_2412,True,2026-09-22T15:41:02,2026-09-22T15:41:02,2026-09-22T15:41:02
2412,中華電,2025-05-20,131.5,0.5,0.38%,4.85,27.11,72.75,87.3,101.85,116.4,130.95,145.5,ShowDailyK_ChartFlow,FinMind_API_TaiwanStockPrice_2412,True,2026-09-22T15:41:02,2026-09-22T15:41:02,2026-09-22T15:41:02
2412,中華電,2025-05-21,132.5,1.0,0.76%,4.85,27.32,72.75,87.3,101.85,116.4,130.95,145.5,ShowDailyK_ChartFlow,FinMind_API_TaiwanStockPrice_2412,True,2026-09-22T15:41:02,2026-09-22T15:41:02,2026-09-22T15:41:02
2412,中華電,2025-05-22,133.0,0.5,0.38%,4.85,27.42,72.75,87.3,101.85,116.4,130.95,145.5,ShowDailyK_ChartFlow,FinMind_API_TaiwanStockPrice_2412,True,2026-09-22T15:41:02,2026-09-22T15:41:02,2026-09-22T15:41:02
2412,中華電,2025-05-23,133.0,0.0,0.00%,4.85,27.42,72.75,87.3,101.85,116.4,130.95,145.5,ShowDailyK_ChartFlow,FinMind_API_TaiwanStockPrice_2412,True,2026-09-22T15:41:02,2026-09-22T15:41:02,2026-09-22T15:41:02
2412,中華電,2025-05-26,133.0,0.0,0.00%,4.85,27.42,72.75,87.3,101.85,116.4,130.95,145.5,ShowDailyK_ChartFlow,FinMind_API_TaiwanStockPrice_2412,True,2026-09-22T15:41:02,2026-09-22T15:41:02,2026-09-22T15:41:02
2412,中華電,2025-05-27,131.5,-1.5,-1.13%,4.85,27.11,72.75,87.3,101.85,116.4,130.95,145.5,ShowDailyK_ChartFlow,FinMind_API_TaiwanStockPrice_2412,True,2026-09-22T15:41:02,2026-09-22T15:41:02,2026-09-22T15:41:02
2412,中華電,2025-05-28,132.0,0.5,0.38%,4.85,27.22,72.75,87.3,101.85,116.4,130.95,145.5,ShowDailyK_ChartFlow,FinMind_API_TaiwanStockPrice_2412,True,2026-09-22T15:41:02,2026-09-22T15:41:02,2026-09-22T15:41:02
2412,中華電,2025-05-29,129.5,-2.5,-1.89%,4.85,26.7,72.75,87.3,101.85,116.4,130.95,145.5,ShowDailyK_ChartFlow,FinMind_API_TaiwanStockPrice_2412,True,2026-09-22T15:41:02,2026-09-22T15:41:02,2026-09-22T15:41:02
2412,中華電,2025-06-02,131.5,2.0,1.54%,4.85,27.11,72.75,87.3,101.85,116.4,130.95,145.5,ShowDailyK_ChartFlow,FinMind_API_TaiwanStockPrice_2412,True,2026-09-22T15:41:02,2026-09-22T15:41:02,2026-09-22T15:41:02
2412,中華電,2025-06-03,130.0,-1.5,-1.14%,4.85,26.8,72.75,87.3,101.85,116.4,130.95,145.5,ShowDailyK_ChartFlow,FinMind_API_TaiwanStockPrice_2412,True,2026-09-22T15:41:02,2026-09-22T15:41:02,2026-09-22T15:41:02
2412,中華電,2025-06-04,129.5,-0.5,-0.38%,4.85,26.7,72.75,87.3,101.85,116.4,130.95,145.5,ShowDailyK_ChartFlow,FinMind_API_TaiwanStockPrice_2412,True,2026-09-22T15:41:02,2026-09-22T15:41:02,2026-09-22T15:41:02
2412,中華電,2025-06-05,130.0,0.5,0.39%,4.85,26.8,72.75,87.3,101.85,116.4,130.95,145.5,ShowDailyK_ChartFlow,FinMind_API_TaiwanStockPrice_2412,True,2026-09-22T15:41:02,2026-09-22T15:41:02,2026-09-22T15:41:02
2412,中華電,2025-06-06,130.0,0.0,0.00%,4.85,26.8,72.75,87.3,101.85,116.4,130.95,145.5,ShowDailyK_ChartFlow,FinMind_API_TaiwanStockPrice_2412,True,2026-09-22T15:41:02,2026-09-22T15:41:02,2026-09-22T15:41:02
2412,中華電,2025-06-09,132.5,2.5,1.92%,4.85,27.32,72.75,87.3,101.85,116.4,130.95,145.5,ShowDailyK_ChartFlow,FinMind_API_TaiwanStockPrice_2412,True,2026-09-22T15:41:02,2026-09-22T15:41:02,2026-09-22T15:41:02
2412,中華電,2025-06-10,133.0,0.5,0.38%,4.85,27.42,72.75,87.3,101.85,116.4,130.95,145.5,ShowDailyK_ChartFlow,FinMind_API_TaiwanStockPrice_2412,True,2026-09-22T15:41:02,2026-09-22T15:41:02,2026-09-22T15:41:02
2412,中華電,2025-06-11,133.0,0.0,0.00%,4.85,27.42,72.75,87.3,101.85,116.4,130.95,145.5,ShowDailyK_ChartFlow,FinMind_API_TaiwanStockPrice_2412,True,2026-09-22T15:41:02,2026-09-22T15:41:02,2026-09-22T15:41:02
2412,中華電,2025-06-12,134.0,1.0,0.75%,4.85,27.63,72.75,87.3,101.85,116.4,130.95,145.5,ShowDailyK_ChartFlow,FinMind_API_TaiwanStockPrice_2412,True,2026-09-22T15:41:02,2026-09-22T15:41:02,2026-09-22T15:41:02
2412,中華電,2025-06-13,135.0,1.0,0.75%,4.85,27.84,72.75,87.3,101.85,116.4,130.95,145.5,ShowDailyK_ChartFlow,FinMind_API_TaiwanStockPrice_2412,True,2026-09-22T15:41:02,2026-09-22T15:41:02,2026-09-22T15:41:02
2412,中華電,2025-06-16,136.0,1.0,0.74%,4.85,28.04,72.75,87.3,101.85,116.4,130.95,145.5,ShowDailyK_ChartFlow,FinMind_API_TaiwanStockPrice_2412,True,2026-09-22T15:41:02,2026-09-22T15:41:02,2026-09-22T15:41:02
2412,中華電,2025-06-17,136.5,0.5,0.37%,4.85,28.14,72.75,87.3,101.85,116.4,130.95,145.5,ShowDailyK_ChartFlow,FinMind_API_TaiwanStockPrice_2412,True,2026-09-22T15:41:02,2026-09-22T15:41:02,2026-09-22T15:41:02
2412,中華電,2025-06-18,137.0,0.5,0.37%,4.85,28.25,72.75,87.3,101.85,116.4,130.95,145.5,ShowDailyK_ChartFlow,FinMind_API_TaiwanStockPrice_2412,True,2026-09-22T15:41:02,2026-09-22T15:41:02,2026-09-22T15:41:02
2412,中華電,2025-06-19,136.5,-0.5,-0.36%,4.85,28.14,72.75,87.3,101.85,116.4,130.95,145.5,ShowDailyK_ChartFlow,FinMind_API_TaiwanStockPrice_2412,True,2026-09-22T15:41:02,2026-09-22T15:41:02,2026-09-22T15:41:02
2412,中華電,2025-06-20,136.5,0.0,0.00%,4.85,28.14,72.75,87.3,101.85,116.4,130.95,145.5,ShowDailyK_ChartFlow,FinMind_API_TaiwanStockPrice_2412,True,2026-09-22T15:41:02,2026-09-22T15:41:02,2026-09-22T15:41:02
2412,中華電,2025-06-23,136.5,0.0,0.00%,4.85,28.14,72.75,87.3,101.85,116.4,130.95,145.5,ShowDailyK_ChartFlow,FinMind_API_TaiwanStockPrice_2412,True,2026-09-22T15:41:02,2026-09-22T15:41:02,2026-09-22T15:41:02
2412,中華電,2025-06-24,135.5,-1.0,-0.73%,4.85,27.94,72.75,87.3,101.85,116.4,130.95,145.5,ShowDailyK_ChartFlow,FinMind_API_TaiwanStockPrice_2412,True,2026-09-22T15:41:02,2026-09-22T15:41:02,2026-09-22T15:41:02
2412,中華電,2025-06-25,137.0,1.5,1.11%,4.85,28.25,72.75,87.3,101.85,116.4,130.95,145.5,ShowDailyK_ChartFlow,FinMind_API_TaiwanStockPrice_2412,True,2026-09-22T15:41:02,2026-09-22T15:41:02,2026-09-22T15:41:02
2412,中華電,2025-06-26,137.0,0.0,0.00%,4.85,28.25,72.75,87.3,101.85,116.4,130.95,145.5,ShowDailyK_ChartFlow,FinMind_API_TaiwanStockPrice_2412,True,2026-09-22T15:41:02,2026-09-22T15:41:02,2026-09-22T15:41:02
2412,中華電,2025-06-27,136.5,-0.5,-0.36%,4.85,28.14,72.75,87.3,101.85,116.4,130.95,145.5,ShowDailyK_ChartFlow,FinMind_API_TaiwanStockPrice_2412,True,2026-09-22T15:41:02,2026-09-22T15:41:02,2026-09-22T15:41:02
2412,中華電,2025-06-30,135.0,-1.5,-1.10%,4.89,27.84,73.35,88.02,102.69,117.36,132.03,146.7,ShowDailyK_ChartFlow,FinMind_API_TaiwanStockPrice_2412,True,2026-09-22T15:41:02,2026-09-22T15:41:02,2026-09-22T15:41:02
2412,中華電,2025-07-01,135.0,0.0,0.00%,4.89,27.84,73.35,88.02,102.69,117.36,132.03,146.7,ShowDailyK_ChartFlow,FinMind_API_TaiwanStockPrice_2412,True,2026-09-22T15:41:02,2026-09-22T15:41:02,2026-09-22T15:41:02
2412,中華電,2025-07-02,134.5,-0.5,-0.37%,4.89,27.73,73.35,88.02,102.69,117.36,132.03,146.7,ShowDailyK_ChartFlow,FinMind_API_TaiwanStockPrice_2412,True,2026-09-22T15:41:02,2026-09-22T15:41:02,2026-09-22T15:41:02
2412,中華電,2025-07-03,131.0,-3.5,-2.60%,4.89,27.01,73.35,88.02,102.69,117.36,132.03,146.7,ShowDailyK_ChartFlow,FinMind_API_TaiwanStockPrice_2412,True,2026-09-22T15:41:02,2026-09-22T15:41:02,2026-09-22T15:41:02
2412,中華電,2025-07-04,130.5,-0.5,-0.38%,4.89,26.91,73.35,88.02,102.69,117.36,132.03,146.7,ShowDailyK_ChartFlow,FinMind_API_TaiwanStockPrice_2412,True,2026-09-22T15:41:02,2026-09-22T15:41:02,2026-09-22T15:41:02
2412,中華電,2025-07-07,130.0,-0.5,-0.38%,4.89,26.8,73.35,88.02,102.69,117.36,132.03,146.7,ShowDailyK_ChartFlow,FinMind_API_TaiwanStockPrice_2412,True,2026-09-22T15:41:02,2026-09-22T15:41:02,2026-09-22T15:41:02
2412,中華電,2025-07-08,129.0,-1.0,-0.77%,4.89,26.6,73.35,88.02,102.69,117.36,132.03,146.7,ShowDailyK_ChartFlow,FinMind_API_TaiwanStockPrice_2412,True,2026-09-22T15:41:02,2026-09-22T15:41:02,2026-09-22T15:41:02
2412,中華電,2025-07-09,128.0,-1.0,-0.78%,4.89,26.39,73.35,88.02,102.69,117.36,132.03,146.7,ShowDailyK_ChartFlow,FinMind_API_TaiwanStockPrice_2412,True,2026-09-22T15:41:02,2026-09-22T15:41:02,2026-09-22T15:41:02
2412,中華電,2025-07-10,130.0,2.0,1.56%,4.89,26.8,73.35,88.02,102.69,117.36,132.03,146.7,ShowDailyK_ChartFlow,FinMind_API_TaiwanStockPrice_2412,True,2026-09-22T15:41:02,2026-09-22T15:41:02,2026-09-22T15:41:02
2412,中華電,2025-07-11,130.5,0.5,0.38%,4.89,26.91,73.35,88.02,102.69,117.36,132.03,146.7,ShowDailyK_ChartFlow,FinMind_API_TaiwanStockPrice_2412,True,2026-09-22T15:41:02,2026-09-22T15:41:02,2026-09-22T15:41:02
2412,中華電,2025-07-14,130.5,0.0,0.00%,4.89,26.91,73.35,88.02,102.69,117.36,132.03,146.7,ShowDailyK_ChartFlow,FinMind_API_TaiwanStockPrice_2412,True,2026-09-22T15:41:02,2026-09-22T15:41:02,2026-09-22T15:41:02
2412,中華電,2025-07-15,129.5,-1.0,-0.77%,4.89,26.7,73.35,88.02,102.69,117.36,132.03,146.7,ShowDailyK_ChartFlow,FinMind_API_TaiwanStockPrice_2412,True,2026-09-22T15:41:02,2026-09-22T15:41:02,2026-09-22T15:41:02
2412,中華電,2025-07-16,130.5,1.0,0.77%,4.89,26.91,73.35,88.02,102.69,117.36,132.03,146.7,ShowDailyK_ChartFlow,FinMind_API_TaiwanStockPrice_2412,True,2026-09-22T15:41:02,2026-09-22T15:41:02,2026-09-22T15:41:02
2412,中華電,2025-07-17,130.5,0.0,0.00%,4.89,26.91,73.35,88.02,102.69,117.36,132.03,146.7,ShowDailyK_ChartFlow,FinMind_API_TaiwanStockPrice_2412,True,2026-09-22T15:41:02,2026-09-22T15:41:02,2026-09-22T15:41:02
2412,中華電,2025-07-18,129.0,-1.5,-1.15%,4.89,26.6,73.35,88.02,102.69,117.36,132.03,146.7,ShowDailyK_ChartFlow,FinMind_API_TaiwanStockPrice_2412,True,2026-09-22T15:41:02,2026-09-22T15:41:02,2026-09-22T15:41:02
2412,中華電,2025-07-21,129.0,0.0,0.00%,4.89,26.6,73.35,88.02,102.69,117.36,132.03,146.7,ShowDailyK_ChartFlow,FinMind_API_TaiwanStockPrice_2412,True,2026-09-22T15:41:02,2026-09-22T15:41:02,2026-09-22T15:41:02
2412,中華電,2025-07-22,130.5,1.5,1.16%,4.89,26.91,73.35,88.02,102.69,117.36,132.03,146.7,ShowDailyK_ChartFlow,FinMind_API_TaiwanStockPrice_2412,True,2026-09-22T15:41:02,2026-09-22T15:41:02,2026-09-22T15:41:02
2412,中華電,2025-07-23,130.0,-0.5,-0.38%,4.89,26.8,73.35,88.02,102.69,117.36,132.03,146.7,ShowDailyK_ChartFlow,FinMind_API_TaiwanStockPrice_2412,True,2026-09-22T15:41:02,2026-09-22T15:41:02,2026-09-22T15:41:02
2412,中華電,2025-07-24,129.5,-0.5,-0.38%,4.89,26.7,73.35,88.02,102.69,117.36,132.03,146.7,ShowDailyK_ChartFlow,FinMind_API_TaiwanStockPrice_2412,True,2026-09-22T15:41:02,2026-09-22T15:41:02,2026-09-22T15:41:02
2412,中華電,2025-07-25,129.0,-0.5,-0.39%,4.89,26.6,73.35,88.02,102.69,117.36,132.03,146.7,ShowDailyK_ChartFlow,FinMind_API_TaiwanStockPrice_2412,True,2026-09-22T15:41:02,2026-09-22T15:41:02,2026-09-22T15:41:02
2412,中華電,2025-07-28,129.5,0.5,0.39%,4.89,26.7,73.35,88.02,102.69,117.36,132.03,146.7,ShowDailyK_ChartFlow,FinMind_API_TaiwanStockPrice_2412,True,2026-09-22T15:41:02,2026-09-22T15:41:02,2026-09-22T15:41:02
2412,中華電,2025-07-29,129.0,-0.5,-0.39%,4.89,26.6,73.35,88.02,102.69,117.36,132.03,146.7,ShowDailyK_ChartFlow,FinMind_API_TaiwanStockPrice_2412,True,2026-09-22T15:41:02,2026-09-22T15:41:02,2026-09-22T15:41:02
2412,中華電,2025-07-30,129.5,0.5,0.39%,4.89,26.7,73.35,88.02,102.69,117.36,132.03,146.7,ShowDailyK_ChartFlow,FinMind_API_TaiwanStockPrice_2412,True,2026-09-22T15:41:02,2026-09-22T15:41:02,2026-09-22T15:41:02
2412,中華電,2025-07-31,129.0,-0.5,-0.39%,4.89,26.6,73.35,88.02,102.69,117.36,132.03,146.7,ShowDailyK_ChartFlow,FinMind_API_TaiwanStockPrice_2412,True,2026-09-22T15:41:02,2026-09-22T15:41:02,2026-09-22T15:41:02
2412,中華電,2025-08-01,129.5,0.5,0.39%,4.89,26.7,73.35,88.02,102.69,117.36,132.03,146.7,ShowDailyK_ChartFlow,FinMind_API_TaiwanStockPrice_2412,True,2026-09-22T15:41:02,2026-09-22T15:41:02,2026-09-22T15:41:02
2412,中華電,2025-08-04,131.0,1.5,1.16%,4.89,27.01,73.35,88.02,102.69,117.36,132.03,146.7,ShowDailyK_ChartFlow,FinMind_API_TaiwanStockPrice_2412,True,2026-09-22T15:41:02,2026-09-22T15:41:02,2026-09-22T15:41:02
2412,中華電,2025-08-05,132.0,1.0,0.76%,4.89,27.22,73.35,88.02,102.69,117.36,132.03,146.7,ShowDailyK_ChartFlow,FinMind_API_TaiwanStockPrice_2412,True,2026-09-22T15:41:02,2026-09-22T15:41:02,2026-09-22T15:41:02
2412,中華電,2025-08-06,132.5,0.5,0.38%,4.89,27.32,73.35,88.02,102.69,117.36,132.03,146.7,ShowDailyK_ChartFlow,FinMind_API_TaiwanStockPrice_2412,True,2026-09-22T15:41:02,2026-09-22T15:41:02,2026-09-22T15:41:02
2412,中華電,2025-08-07,132.5,0.0,0.00%,4.89,27.32,73.35,88.02,102.69,117.36,132.03,146.7,ShowDailyK_ChartFlow,FinMind_API_TaiwanStockPrice_2412,True,2026-09-22T15:41:02,2026-09-22T15:41:02,2026-09-22T15:41:02
2412,中華電,2025-08-08,134.0,1.5,1.13%,4.89,27.63,73.35,88.02,102.69,117.36,132.03,146.7,ShowDailyK_ChartFlow,FinMind_API_TaiwanStockPrice_2412,True,2026-09-22T15:41:02,2026-09-22T15:41:02,2026-09-22T15:41:02
2412,中華電,2025-08-11,134.5,0.5,0.37%,4.89,27.45,73.35,88.02,102.69,117.36,132.03,146.7,ShowDailyK_ChartFlow,FinMind_API_TaiwanStockPrice_2412,True,2026-09-22T15:41:02,2026-09-22T15:41:02,2026-09-22T15:41:02
2412,中華電,2025-08-12,135.0,0.5,0.37%,4.89,27.55,73.35,88.02,102.69,117.36,132.03,146.7,ShowDailyK_ChartFlow,FinMind_API_TaiwanStockPrice_2412,True,2026-09-22T15:41:02,2026-09-22T15:41:02,2026-09-22T15:41:02
2412,中華電,2025-08-13,134.5,-0.5,-0.37%,4.89,27.45,73.35,88.02,102.69,117.36,132.03,146.7,ShowDailyK_ChartFlow,FinMind_API_TaiwanStockPrice_2412,True,2026-09-22T15:41:02,2026-09-22T15:41:02,2026-09-22T15:41:02
2412,中華電,2025-08-14,134.5,0.0,0.00%,4.89,27.45,73.35,88.02,102.69,117.36,132.03,146.7,ShowDailyK_ChartFlow,FinMind_API_TaiwanStockPrice_2412,True,2026-09-22T15:41:02,2026-09-22T15:41:02,2026-09-22T15:41:02
2412,中華電,2025-08-15,135.0,0.5,0.37%,4.89,27.55,73.35,88.02,102.69,117.36,132.03,146.7,ShowDailyK_ChartFlow,FinMind_API_TaiwanStockPrice_2412,True,2026-09-22T15:41:02,2026-09-22T15:41:02,2026-09-22T15:41:02
2412,中華電,2025-08-18,137.0,2.0,1.48%,4.89,27.96,73.35,88.02,102.69,117.36,132.03,146.7,ShowDailyK_ChartFlow,FinMind_API_TaiwanStockPrice_2412,True,2026-09-22T15:41:02,2026-09-22T15:41:02,2026-09-22T15:41:02
2412,中華電,2025-08-19,138.0,1.0,0.73%,4.89,28.16,73.35,88.02,102.69,117.36,132.03,146.7,ShowDailyK_ChartFlow,FinMind_API_TaiwanStockPrice_2412,True,2026-09-22T15:41:02,2026-09-22T15:41:02,2026-09-22T15:41:02
2412,中華電,2025-08-20,136.5,-1.5,-1.09%,4.89,27.86,73.35,88.02,102.69,117.36,132.03,146.7,ShowDailyK_ChartFlow,FinMind_API_TaiwanStockPrice_2412,True,2026-09-22T15:41:02,2026-09-22T15:41:02,2026-09-22T15:41:02
2412,中華電,2025-08-21,137.5,1.0,0.73%,4.89,28.06,73.35,88.02,102.69,117.36,132.03,146.7,ShowDailyK_ChartFlow,FinMind_API_TaiwanStockPrice_2412,True,2026-09-22T15:41:02,2026-09-22T15:41:02,2026-09-22T15:41:02
2412,中華電,2025-08-22,136.0,-1.5,-1.09%,4.89,27.76,73.35,88.02,102.69,117.36,132.03,146.7,ShowDailyK_ChartFlow,FinMind_API_TaiwanStockPrice_2412,True,2026-09-22T15:41:02,2026-09-22T15:41:02,2026-09-22T15:41:02
2412,中華電,2025-08-25,135.5,-0.5,-0.37%,4.89,27.65,73.35,88.02,102.69,117.36,132.03,146.7,ShowDailyK_ChartFlow,FinMind_API_TaiwanStockPrice_2412,True,2026-09-22T15:41:02,2026-09-22T15:41:02,2026-09-22T15:41:02
2412,中華電,2025-08-26,133.5,-2.0,-1.48%,4.89,27.24,73.35,88.02,102.69,117.36,132.03,146.7,ShowDailyK_ChartFlow,FinMind_API_TaiwanStockPrice_2412,True,2026-09-22T15:41:02,2026-09-22T15:41:02,2026-09-22T15:41:02
2412,中華電,2025-08-27,134.0,0.5,0.37%,4.89,27.35,73.35,88.02,102.69,117.36,132.03,146.7,ShowDailyK_ChartFlow,FinMind_API_TaiwanStockPrice_2412,True,2026-09-22T15:41:02,2026-09-22T15:41:02,2026-09-22T15:41:02
2412,中華電,2025-08-28,133.0,-1.0,-0.75%,4.89,27.14,73.35,88.02,102.69,117.36,132.03,146.7,ShowDailyK_ChartFlow,FinMind_API_TaiwanStockPrice_2412,True,2026-09-22T15:41:02,2026-09-22T15:41:02,2026-09-22T15:41:02
2412,中華電,2025-08-29,132.5,-0.5,-0.38%,4.89,27.04,73.35,88.02,102.69,117.36,132.03,146.7,ShowDailyK_ChartFlow,FinMind_API_TaiwanStockPrice_2412,True,2026-09-22T15:41:02,2026-09-22T15:41:02,2026-09-22T15:41:02
2412,中華電,2025-09-01,134.0,1.5,1.13%,4.89,27.35,73.35,88.02,102.69,117.36,132.03,146.7,ShowDailyK_ChartFlow,FinMind_API_TaiwanStockPrice_2412,True,2026-09-22T15:41:02,2026-09-22T15:41:02,2026-09-22T15:41:02
2412,中華電,2025-09-02,135.0,1.0,0.75%,4.89,27.55,73.35,88.02,102.69,117.36,132.03,146.7,ShowDailyK_ChartFlow,FinMind_API_TaiwanStockPrice_2412,True,2026-09-22T15:41:02,2026-09-22T15:41:02,2026-09-22T15:41:02
2412,中華電,2025-09-03,134.0,-1.0,-0.74%,4.89,27.35,73.35,88.02,102.69,117.36,132.03,146.7,ShowDailyK_ChartFlow,FinMind_API_TaiwanStockPrice_2412,True,2026-09-22T15:41:02,2026-09-22T15:41:02,2026-09-22T15:41:02
2412,中華電,2025-09-04,135.0,1.0,0.75%,4.89,27.55,73.35,88.02,102.69,117.36,132.03,146.7,ShowDailyK_ChartFlow,FinMind_API_TaiwanStockPrice_2412,True,2026-09-22T15:41:02,2026-09-22T15:41:02,2026-09-22T15:41:02
2412,中華電,2025-09-05,134.5,-0.5,-0.37%,4.89,27.45,73.35,88.02,102.69,117.36,132.03,146.7,ShowDailyK_ChartFlow,FinMind_API_TaiwanStockPrice_2412,True,2026-09-22T15:41:02,2026-09-22T15:41:02,2026-09-22T15:41:02
2412,中華電,2025-09-08,134.5,0.0,0.00%,4.89,27.45,73.35,88.02,102.69,117.36,132.03,146.7,ShowDailyK_ChartFlow,FinMind_API_TaiwanStockPrice_2412,True,2026-09-22T15:41:02,2026-09-22T15:41:02,2026-09-22T15:41:02
2412,中華電,2025-09-09,135.5,1.0,0.74%,4.89,27.65,73.35,88.02,102.69,117.36,132.03,146.7,ShowDailyK_ChartFlow,FinMind_API_TaiwanStockPrice_2412,True,2026-09-22T15:41:02,2026-09-22T15:41:02,2026-09-22T15:41:02
2412,中華電,2025-09-10,135.5,0.0,0.00%,4.89,27.65,73.35,88.02,102.69,117.36,132.03,146.7,ShowDailyK_ChartFlow,FinMind_API_TaiwanStockPrice_2412,True,2026-09-22T15:41:02,2026-09-22T15:41:02,2026-09-22T15:41:02
2412,中華電,2025-09-11,134.5,-1.0,-0.74%,4.89,27.45,73.35,88.02,102.69,117.36,132.03,146.7,ShowDailyK_ChartFlow,FinMind_API_TaiwanStockPrice_2412,True,2026-09-22T15:41:02,2026-09-22T15:41:02,2026-09-22T15:41:02
2412,中華電,2025-09-12,135.5,1.0,0.74%,4.89,27.65,73.35,88.02,102.69,117.36,132.03,146.7,ShowDailyK_ChartFlow,FinMind_API_TaiwanStockPrice_2412,True,2026-09-22T15:41:02,2026-09-22T15:41:02,2026-09-22T15:41:02
2412,中華電,2025-09-15,135.0,-0.5,-0.37%,4.89,27.55,73.35,88.02,102.69,117.36,132.03,146.7,ShowDailyK_ChartFlow,FinMind_API_TaiwanStockPrice_2412,True,2026-09-22T15:41:02,2026-09-22T15:41:02,2026-09-22T15:41:02
2412,中華電,2025-09-16,134.0,-1.0,-0.74%,4.89,27.35,73.35,88.02,102.69,117.36,132.03,146.7,ShowDailyK_ChartFlow,FinMind_API_TaiwanStockPrice_2412,True,2026-09-22T15:41:02,2026-09-22T15:41:02,2026-09-22T15:41:02
2412,中華電,2025-09-17,134.5,0.5,0.37%,4.89,27.45,73.35,88.02,102.69,117.36,132.03,146.7,ShowDailyK_ChartFlow,FinMind_API_TaiwanStockPrice_2412,True,2026-09-22T15:41:02,2026-09-22T15:41:02,2026-09-22T15:41:02
2412,中華電,2025-09-18,134.0,-0.5,-0.37%,4.89,27.35,73.35,88.02,102.69,117.36,132.03,146.7,ShowDailyK_ChartFlow,FinMind_API_TaiwanStockPrice_2412,True,2026-09-22T15:41:02,2026-09-22T15:41:02,2026-09-22T15:41:02
2412,中華電,2025-09-19,134.0,0.0,0.00%,4.89,27.35,73.35,88.02,102.69,117.36,132.03,146.7,ShowDailyK_ChartFlow,FinMind_API_TaiwanStockPrice_2412,True,2026-09-22T15:41:02,2026-09-22T15:41:02,2026-09-22T15:41:02
2412,中華電,2025-09-22,133.5,-0.5,-0.37%,4.89,27.24,73.35,88.02,102.69,117.36,132.03,146.7,ShowDailyK_ChartFlow,FinMind_API_TaiwanStockPrice_2412,True,2026-09-22T15:41:02,2026-09-22T15:41:02,2026-09-22T15:41:02
2412,中華電,2025-09-23,133.5,0.0,0.00%,4.89,27.24,73.35,88.02,102.69,117.36,132.03,146.7,ShowDailyK_ChartFlow,FinMind_API_TaiwanStockPrice_2412,True,2026-09-22T15:41:02,2026-09-22T15:41:02,2026-09-22T15:41:02
2412,中華電,2025-09-24,134.5,1.0,0.75%,4.89,27.45,73.35,88.02,102.69,117.36,132.03,146.7,ShowDailyK_ChartFlow,FinMind_API_TaiwanStockPrice_2412,True,2026-09-22T15:41:02,2026-09-22T15:41:02,2026-09-22T15:41:02
2412,中華電,2025-09-25,133.5,-1.0,-0.74%,4.89,27.24,73.35,88.02,102.69,117.36,132.03,146.7,ShowDailyK_ChartFlow,FinMind_API_TaiwanStockPrice_2412,True,2026-09-22T15:41:02,2026-09-22T15:41:02,2026-09-22T15:41:02
2412,中華電,2025-09-26,134.5,1.0,0.75%,4.89,27.45,73.35,88.02,102.69,117.36,132.03,146.7,ShowDailyK_ChartFlow,FinMind_API_TaiwanStockPrice_2412,True,2026-09-22T15:41:02,2026-09-22T15:41:02,2026-09-22T15:41:02
2412,中華電,2025-09-30,133.5,-1.0,-0.74%,4.949999999999999,27.24,74.25,89.1,103.95,118.8,133.65,148.5,ShowDailyK_ChartFlow,FinMind_API_TaiwanStockPrice_2412,True,2026-09-22T15:41:02,2026-09-22T15:41:02,2026-09-22T15:41:02
2412,中華電,2025-10-01,134.5,1.0,0.75%,4.949999999999999,27.45,74.25,89.1,103.95,118.8,133.65,148.5,ShowDailyK_ChartFlow,FinMind_API_TaiwanStockPrice_2412,True,2026-09-22T15:41:02,2026-09-22T15:41:02,2026-09-22T15:41:02
2412,中華電,2025-10-02,133.0,-1.5,-1.12%,4.949999999999999,27.14,74.25,89.1,103.95,118.8,133.65,148.5,ShowDailyK_ChartFlow,FinMind_API_TaiwanStockPrice_2412,True,2026-09-22T15:41:02,2026-09-22T15:41:02,2026-09-22T15:41:02
2412,中華電,2025-10-03,133.0,0.0,0.00%,4.949999999999999,27.14,74.25,89.1,103.95,118.8,133.65,148.5,ShowDailyK_ChartFlow,FinMind_API_TaiwanStockPrice_2412,True,2026-09-22T15:41:02,2026-09-22T15:41:02,2026-09-22T15:41:02
2412,中華電,2025-10-07,133.0,0.0,0.00%,4.949999999999999,27.14,74.25,89.1,103.95,118.8,133.65,148.5,ShowDailyK_ChartFlow,FinMind_API_TaiwanStockPrice_2412,True,2026-09-22T15:41:02,2026-09-22T15:41:02,2026-09-22T15:41:02
2412,中華電,2025-10-08,133.5,0.5,0.38%,4.949999999999999,27.24,74.25,89.1,103.95,118.8,133.65,148.5,ShowDailyK_ChartFlow,FinMind_API_TaiwanStockPrice_2412,True,2026-09-22T15:41:02,2026-09-22T15:41:02,2026-09-22T15:41:02
2412,中華電,2025-10-09,133.0,-0.5,-0.37%,4.949999999999999,27.14,74.25,89.1,103.95,118.8,133.65,148.5,ShowDailyK_ChartFlow,FinMind_API_TaiwanStockPrice_2412,True,2026-09-22T15:41:02,2026-09-22T15:41:02,2026-09-22T15:41:02
2412,中華電,2025-10-13,132.5,-0.5,-0.38%,4.949999999999999,27.04,74.25,89.1,103.95,118.8,133.65,148.5,ShowDailyK_ChartFlow,FinMind_API_TaiwanStockPrice_2412,True,2026-09-22T15:41:02,2026-09-22T15:41:02,2026-09-22T15:41:02
2412,中華電,2025-10-14,132.5,0.0,0.00%,4.949999999999999,27.04,74.25,89.1,103.95,118.8,133.65,148.5,ShowDailyK_ChartFlow,FinMind_API_TaiwanStockPrice_2412,True,2026-09-22T15:41:02,2026-09-22T15:41:02,2026-09-22T15:41:02
2412,中華電,2025-10-15,131.5,-1.0,-0.75%,4.949999999999999,26.84,74.25,89.1,103.95,118.8,133.65,148.5,ShowDailyK_ChartFlow,FinMind_API_TaiwanStockPrice_2412,True,2026-09-22T15:41:02,2026-09-22T15:41:02,2026-09-22T15:41:02
2412,中華電,2025-10-16,132.0,0.5,0.38%,4.949999999999999,26.94,74.25,89.1,103.95,118.8,133.65,148.5,ShowDailyK_ChartFlow,FinMind_API_TaiwanStockPrice_2412,True,2026-09-22T15:41:02,2026-09-22T15:41:02,2026-09-22T15:41:02
2412,中華電,2025-10-17,133.0,1.0,0.76%,4.949999999999999,27.14,74.25,89.1,103.95,118.8,133.65,148.5,ShowDailyK_ChartFlow,FinMind_API_TaiwanStockPrice_2412,True,2026-09-22T15:41:02,2026-09-22T15:41:02,2026-09-22T15:41:02
2412,中華電,2025-10-20,133.0,0.0,0.00%,4.949999999999999,27.14,74.25,89.1,103.95,118.8,133.65,148.5,ShowDailyK_ChartFlow,FinMind_API_TaiwanStockPrice_2412,True,2026-09-22T15:41:02,2026-09-22T15:41:02,2026-09-22T15:41:02
2412,中華電,2025-10-21,133.0,0.0,0.00%,4.949999999999999,27.14,74.25,89.1,103.95,118.8,133.65,148.5,ShowDailyK_ChartFlow,FinMind_API_TaiwanStockPrice_2412,True,2026-09-22T15:41:02,2026-09-22T15:41:02,2026-09-22T15:41:02
2412,中華電,2025-10-22,133.5,0.5,0.38%,4.949999999999999,27.24,74.25,89.1,103.95,118.8,133.65,148.5,ShowDailyK_ChartFlow,FinMind_API_TaiwanStockPrice_2412,True,2026-09-22T15:41:02,2026-09-22T15:41:02,2026-09-22T15:41:02
2412,中華電,2025-10-23,134.0,0.5,0.37%,4.949999999999999,27.35,74.25,89.1,103.95,118.8,133.65,148.5,ShowDailyK_ChartFlow,FinMind_API_TaiwanStockPrice_2412,True,2026-09-22T15:41:02,2026-09-22T15:41:02,2026-09-22T15:41:02
2412,中華電,2025-10-27,132.0,-2.0,-1.49%,4.949999999999999,26.94,74.25,89.1,103.95,118.8,133.65,148.5,ShowDailyK_ChartFlow,FinMind_API_TaiwanStockPrice_2412,True,2026-09-22T15:41:02,2026-09-22T15:41:02,2026-09-22T15:41:02
2412,中華電,2025-10-28,132.0,0.0,0.00%,4.949999999999999,26.94,74.25,89.1,103.95,118.8,133.65,148.5,ShowDailyK_ChartFlow,FinMind_API_TaiwanStockPrice_2412,True,2026-09-22T15:41:02,2026-09-22T15:41:02,2026-09-22T15:41:02
2412,中華電,2025-10-29,132.0,0.0,0.00%,4.949999999999999,26.94,74.25,89.1,103.95,118.8,133.65,148.5,ShowDailyK_ChartFlow,FinMind_API_TaiwanStockPrice_2412,True,2026-09-22T15:41:02,2026-09-22T15:41:02,2026-09-22T15:41:02
2412,中華電,2025-10-30,131.5,-0.5,-0.38%,4.949999999999999,26.84,74.25,89.1,103.95,118.8,133.65,148.5,ShowDailyK_ChartFlow,FinMind_API_TaiwanStockPrice_2412,True,2026-09-22T15:41:02,2026-09-22T15:41:02,2026-09-22T15:41:02
2412,中華電,2025-10-31,131.0,-0.5,-0.38%,4.949999999999999,26.73,74.25,89.1,103.95,118.8,133.65,148.5,ShowDailyK_ChartFlow,FinMind_API_TaiwanStockPrice_2412,True,2026-09-22T15:41:02,2026-09-22T15:41:02,2026-09-22T15:41:02
2412,中華電,2025-11-03,131.5,0.5,0.38%,4.949999999999999,26.84,74.25,89.1,103.95,118.8,133.65,148.5,ShowDailyK_ChartFlow,FinMind_API_TaiwanStockPrice_2412,True,2026-09-22T15:41:02,2026-09-22T15:41:02,2026-09-22T15:41:02
2412,中華電,2025-11-04,131.0,-0.5,-0.38%,4.949999999999999,26.73,74.25,89.1,103.95,118.8,133.65,148.5,ShowDailyK_ChartFlow,FinMind_API_TaiwanStockPrice_2412,True,2026-09-22T15:41:02,2026-09-22T15:41:02,2026-09-22T15:41:02
2412,中華電,2025-11-05,132.0,1.0,0.76%,4.949999999999999,26.94,74.25,89.1,103.95,118.8,133.65,148.5,ShowDailyK_ChartFlow,FinMind_API_TaiwanStockPrice_2412,True,2026-09-22T15:41:02,2026-09-22T15:41:02,2026-09-22T15:41:02
2412,中華電,2025-11-06,131.5,-0.5,-0.38%,4.949999999999999,26.84,74.25,89.1,103.95,118.8,133.65,148.5,ShowDailyK_ChartFlow,FinMind_API_TaiwanStockPrice_2412,True,2026-09-22T15:41:02,2026-09-22T15:41:02,2026-09-22T15:41:02
2412,中華電,2025-11-07,132.5,1.0,0.76%,4.949999999999999,27.04,74.25,89.1,103.95,118.8,133.65,148.5,ShowDailyK_ChartFlow,FinMind_API_TaiwanStockPrice_2412,True,2026-09-22T15:41:02,2026-09-22T15:41:02,2026-09-22T15:41:02
2412,中華電,2025-11-10,133.0,0.5,0.38%,4.949999999999999,26.87,74.25,89.1,103.95,118.8,133.65,148.5,ShowDailyK_ChartFlow,FinMind_API_TaiwanStockPrice_2412,True,2026-09-22T15:41:02,2026-09-22T15:41:02,2026-09-22T15:41:02
2412,中華電,2025-11-11,132.0,-1.0,-0.75%,4.949999999999999,26.67,74.25,89.1,103.95,118.8,133.65,148.5,ShowDailyK_ChartFlow,FinMind_API_TaiwanStockPrice_2412,True,2026-09-22T15:41:02,2026-09-22T15:41:02,2026-09-22T15:41:02
2412,中華電,2025-11-12,132.0,0.0,0.00%,4.949999999999999,26.67,74.25,89.1,103.95,118.8,133.65,148.5,ShowDailyK_ChartFlow,FinMind_API_TaiwanStockPrice_2412,True,2026-09-22T15:41:02,2026-09-22T15:41:02,2026-09-22T15:41:02
2412,中華電,2025-11-13,131.5,-0.5,-0.38%,4.949999999999999,26.57,74.25,89.1,103.95,118.8,133.65,148.5,ShowDailyK_ChartFlow,FinMind_API_TaiwanStockPrice_2412,True,2026-09-22T15:41:02,2026-09-22T15:41:02,2026-09-22T15:41:02
2412,中華電,2025-11-14,131.5,0.0,0.00%,4.949999999999999,26.57,74.25,89.1,103.95,118.8,133.65,148.5,ShowDailyK_ChartFlow,FinMind_API_TaiwanStockPrice_2412,True,2026-09-22T15:41:02,2026-09-22T15:41:02,2026-09-22T15:41:02
2412,中華電,2025-11-17,132.0,0.5,0.38%,4.949999999999999,26.67,74.25,89.1,103.95,118.8,133.65,148.5,ShowDailyK_ChartFlow,FinMind_API_TaiwanStockPrice_2412,True,2026-09-22T15:41:02,2026-09-22T15:41:02,2026-09-22T15:41:02
2412,中華電,2025-11-18,131.0,-1.0,-0.76%,4.949999999999999,26.46,74.25,89.1,103.95,118.8,133.65,148.5,ShowDailyK_ChartFlow,FinMind_API_TaiwanStockPrice_2412,True,2026-09-22T15:41:02,2026-09-22T15:41:02,2026-09-22T15:41:02
2412,中華電,2025-11-19,130.5,-0.5,-0.38%,4.949999999999999,26.36,74.25,89.1,103.95,118.8,133.65,148.5,ShowDailyK_ChartFlow,FinMind_API_TaiwanStockPrice_2412,True,2026-09-22T15:41:02,2026-09-22T15:41:02,2026-09-22T15:41:02
2412,中華電,2025-11-20,132.0,1.5,1.15%,4.949999999999999,26.67,74.25,89.1,103.95,118.8,133.65,148.5,ShowDailyK_ChartFlow,FinMind_API_TaiwanStockPrice_2412,True,2026-09-22T15:41:02,2026-09-22T15:41:02,2026-09-22T15:41:02
2412,中華電,2025-11-21,131.5,-0.5,-0.38%,4.949999999999999,26.57,74.25,89.1,103.95,118.8,133.65,148.5,ShowDailyK_ChartFlow,FinMind_API_TaiwanStockPrice_2412,True,2026-09-22T15:41:02,2026-09-22T15:41:02,2026-09-22T15:41:02
2412,中華電,2025-11-24,132.0,0.5,0.38%,4.949999999999999,26.67,74.25,89.1,103.95,118.8,133.65,148.5,ShowDailyK_ChartFlow,FinMind_API_TaiwanStockPrice_2412,True,2026-09-22T15:41:02,2026-09-22T15:41:02,2026-09-22T15:41:02
2412,中華電,2025-11-25,131.0,-1.0,-0.76%,4.949999999999999,26.46,74.25,89.1,103.95,118.8,133.65,148.5,ShowDailyK_ChartFlow,FinMind_API_TaiwanStockPrice_2412,True,2026-09-22T15:41:02,2026-09-22T15:41:02,2026-09-22T15:41:02
2412,中華電,2025-11-26,131.0,0.0,0.00%,4.949999999999999,26.46,74.25,89.1,103.95,118.8,133.65,148.5,ShowDailyK_ChartFlow,FinMind_API_TaiwanStockPrice_2412,True,2026-09-22T15:41:02,2026-09-22T15:41:02,2026-09-22T15:41:02
2412,中華電,2025-11-27,131.0,0.0,0.00%,4.949999999999999,26.46,74.25,89.1,103.95,118.8,133.65,148.5,ShowDailyK_ChartFlow,FinMind_API_TaiwanStockPrice_2412,True,2026-09-22T15:41:02,2026-09-22T15:41:02,2026-09-22T15:41:02
2412,中華電,2025-11-28,130.5,-0.5,-0.38%,4.949999999999999,26.36,74.25,89.1,103.95,118.8,133.65,148.5,ShowDailyK_ChartFlow,FinMind_API_TaiwanStockPrice_2412,True,2026-09-22T15:41:02,2026-09-22T15:41:02,2026-09-22T15:41:02
2412,中華電,2025-12-01,130.0,-0.5,-0.38%,4.949999999999999,26.26,74.25,89.1,103.95,118.8,133.65,148.5,ShowDailyK_ChartFlow,FinMind_API_TaiwanStockPrice_2412,True,2026-09-22T15:41:02,2026-09-22T15:41:02,2026-09-22T15:41:02
2412,中華電,2025-12-02,130.0,0.0,0.00%,4.949999999999999,26.26,74.25,89.1,103.95,118.8,133.65,148.5,ShowDailyK_ChartFlow,FinMind_API_TaiwanStockPrice_2412,True,2026-09-22T15:41:02,2026-09-22T15:41:02,2026-09-22T15:41:02
2412,中華電,2025-12-03,130.0,0.0,0.00%,4.949999999999999,26.26,74.25,89.1,103.95,118.8,133.65,148.5,ShowDailyK_ChartFlow,FinMind_API_TaiwanStockPrice_2412,True,2026-09-22T15:41:02,2026-09-22T15:41:02,2026-09-22T15:41:02
2412,中華電,2025-12-04,129.5,-0.5,-0.38%,4.949999999999999,26.16,74.25,89.1,103.95,118.8,133.65,148.5,ShowDailyK_ChartFlow,FinMind_API_TaiwanStockPrice_2412,True,2026-09-22T15:41:02,2026-09-22T15:41:02,2026-09-22T15:41:02
2412,中華電,2025-12-05,130.0,0.5,0.39%,4.949999999999999,26.26,74.25,89.1,103.95,118.8,133.65,148.5,ShowDailyK_ChartFlow,FinMind_API_TaiwanStockPrice_2412,True,2026-09-22T15:41:02,2026-09-22T15:41:02,2026-09-22T15:41:02
2412,中華電,2025-12-08,129.5,-0.5,-0.38%,4.949999999999999,26.16,74.25,89.1,103.95,118.8,133.65,148.5,ShowDailyK_ChartFlow,FinMind_API_TaiwanStockPrice_2412,True,2026-09-22T15:41:02,2026-09-22T15:41:02,2026-09-22T15:41:02
2412,中華電,2025-12-09,130.0,0.5,0.39%,4.949999999999999,26.26,74.25,89.1,103.95,118.8,133.65,148.5,ShowDailyK_ChartFlow,FinMind_API_TaiwanStockPrice_2412,True,2026-09-22T15:41:02,2026-09-22T15:41:02,2026-09-22T15:41:02
2412,中華電,2025-12-10,129.5,-0.5,-0.38%,4.949999999999999,26.16,74.25,89.1,103.95,118.8,133.65,148.5,ShowDailyK_ChartFlow,FinMind_API_TaiwanStockPrice_2412,True,2026-09-22T15:41:02,2026-09-22T15:41:02,2026-09-22T15:41:02
2412,中華電,2025-12-11,130.0,0.5,0.39%,4.949999999999999,26.26,74.25,89.1,103.95,118.8,133.65,148.5,ShowDailyK_ChartFlow,FinMind_API_TaiwanStockPrice_2412,True,2026-09-22T15:41:02,2026-09-22T15:41:02,2026-09-22T15:41:02
2412,中華電,2025-12-12,130.5,0.5,0.38%,4.949999999999999,26.36,74.25,89.1,103.95,118.8,133.65,148.5,ShowDailyK_ChartFlow,FinMind_API_TaiwanStockPrice_2412,True,2026-09-22T15:41:02,2026-09-22T15:41:02,2026-09-22T15:41:02
2412,中華電,2025-12-15,130.5,0.0,0.00%,4.949999999999999,26.36,74.25,89.1,103.95,118.8,133.65,148.5,ShowDailyK_ChartFlow,FinMind_API_TaiwanStockPrice_2412,True,2026-09-22T15:41:02,2026-09-22T15:41:02,2026-09-22T15:41:02
2412,中華電,2025-12-16,130.5,0.0,0.00%,4.949999999999999,26.36,74.25,89.1,103.95,118.8,133.65,148.5,ShowDailyK_ChartFlow,FinMind_API_TaiwanStockPrice_2412,True,2026-09-22T15:41:02,2026-09-22T15:41:02,2026-09-22T15:41:02
2412,中華電,2025-12-17,129.5,-1.0,-0.77%,4.949999999999999,26.16,74.25,89.1,103.95,118.8,133.65,148.5,ShowDailyK_ChartFlow,FinMind_API_TaiwanStockPrice_2412,True,2026-09-22T15:41:02,2026-09-22T15:41:02,2026-09-22T15:41:02
2412,中華電,2025-12-18,130.0,0.5,0.39%,4.949999999999999,26.26,74.25,89.1,103.95,118.8,133.65,148.5,ShowDailyK_ChartFlow,FinMind_API_TaiwanStockPrice_2412,True,2026-09-22T15:41:02,2026-09-22T15:41:02,2026-09-22T15:41:02
2412,中華電,2025-12-19,131.0,1.0,0.77%,4.949999999999999,26.46,74.25,89.1,103.95,118.8,133.65,148.5,ShowDailyK_ChartFlow,FinMind_API_TaiwanStockPrice_2412,True,2026-09-22T15:41:02,2026-09-22T15:41:02,2026-09-22T15:41:02
2412,中華電,2025-12-22,130.5,-0.5,-0.38%,4.949999999999999,26.36,74.25,89.1,103.95,118.8,133.65,148.5,ShowDailyK_ChartFlow,FinMind_API_TaiwanStockPrice_2412,True,2026-09-22T15:41:02,2026-09-22T15:41:02,2026-09-22T15:41:02
2412,中華電,2025-12-23,130.5,0.0,0.00%,4.949999999999999,26.36,74.25,89.1,103.95,118.8,133.65,148.5,ShowDailyK_ChartFlow,FinMind_API_TaiwanStockPrice_2412,True,2026-09-22T15:41:02,2026-09-22T15:41:02,2026-09-22T15:41:02
2412,中華電,2025-12-24,130.5,0.0,0.00%,4.949999999999999,26.36,74.25,89.1,103.95,118.8,133.65,148.5,ShowDailyK_ChartFlow,FinMind_API_TaiwanStockPrice_2412,True,2026-09-22T15:41:02,2026-09-22T15:41:02,2026-09-22T15:41:02
2412,中華電,2025-12-26,131.5,1.0,0.77%,4.949999999999999,26.57,74.25,89.1,103.95,118.8,133.65,148.5,ShowDailyK_ChartFlow,FinMind_API_TaiwanStockPrice_2412,True,2026-09-22T15:41:02,2026-09-22T15:41:02,2026-09-22T15:41:02
2412,中華電,2025-12-29,132.0,0.5,0.38%,4.949999999999999,26.67,74.25,89.1,103.95,118.8,133.65,148.5,ShowDailyK_ChartFlow,FinMind_API_TaiwanStockPrice_2412,True,2026-09-22T15:41:02,2026-09-22T15:41:02,2026-09-22T15:41:02
2412,中華電,2025-12-30,131.0,-1.0,-0.76%,4.949999999999999,26.46,74.25,89.1,103.95,118.8,133.65,148.5,ShowDailyK_ChartFlow,FinMind_API_TaiwanStockPrice_2412,True,2026-09-22T15:41:02,2026-09-22T15:41:02,2026-09-22T15:41:02
2412,中華電,2025-12-31,130.5,-0.5,-0.38%,4.99,26.36,74.85,89.82,104.79,119.76,134.73,149.7,ShowDailyK_ChartFlow,FinMind_API_TaiwanStockPrice_2412,True,2026-09-22T15:41:02,2026-09-22T15:41:02,2026-09-22T15:41:02
2412,中華電,2026-01-02,132.0,1.5,1.15%,4.99,26.67,74.85,89.82,104.79,119.76,134.73,149.7,ShowDailyK_ChartFlow,FinMind_API_TaiwanStockPrice_2412,True,2026-09-22T15:41:02,2026-09-22T15:41:02,2026-09-22T15:41:02
2412,中華電,2026-01-05,133.0,1.0,0.76%,4.99,26.87,74.85,89.82,104.79,119.76,134.73,149.7,ShowDailyK_ChartFlow,FinMind_API_TaiwanStockPrice_2412,True,2026-09-22T15:41:02,2026-09-22T15:41:02,2026-09-22T15:41:02
2412,中華電,2026-01-06,132.5,-0.5,-0.38%,4.99,26.77,74.85,89.82,104.79,119.76,134.73,149.7,ShowDailyK_ChartFlow,FinMind_API_TaiwanStockPrice_2412,True,2026-09-22T15:41:02,2026-09-22T15:41:02,2026-09-22T15:41:02
2412,中華電,2026-01-07,133.0,0.5,0.38%,4.99,26.87,74.85,89.82,104.79,119.76,134.73,149.7,ShowDailyK_ChartFlow,FinMind_API_TaiwanStockPrice_2412,True,2026-09-22T15:41:02,2026-09-22T15:41:02,2026-09-22T15:41:02
2412,中華電,2026-01-08,133.5,0.5,0.38%,4.99,26.97,74.85,89.82,104.79,119.76,134.73,149.7,ShowDailyK_ChartFlow,FinMind_API_TaiwanStockPrice_2412,True,2026-09-22T15:41:02,2026-09-22T15:41:02,2026-09-22T15:41:02
2412,中華電,2026-01-09,133.5,0.0,0.00%,4.99,26.97,74.85,89.82,104.79,119.76,134.73,149.7,ShowDailyK_ChartFlow,FinMind_API_TaiwanStockPrice_2412,True,2026-09-22T15:41:02,2026-09-22T15:41:02,2026-09-22T15:41:02
2412,中華電,2026-01-12,133.5,0.0,0.00%,4.99,26.97,74.85,89.82,104.79,119.76,134.73,149.7,ShowDailyK_ChartFlow,FinMind_API_TaiwanStockPrice_2412,True,2026-09-22T15:41:02,2026-09-22T15:41:02,2026-09-22T15:41:02
2412,中華電,2026-01-13,133.5,0.0,0.00%,4.99,26.97,74.85,89.82,104.79,119.76,134.73,149.7,ShowDailyK_ChartFlow,FinMind_API_TaiwanStockPrice_2412,True,2026-09-22T15:41:02,2026-09-22T15:41:02,2026-09-22T15:41:02
2412,中華電,2026-01-14,133.0,-0.5,-0.37%,4.99,26.87,74.85,89.82,104.79,119.76,134.73,149.7,ShowDailyK_ChartFlow,FinMind_API_TaiwanStockPrice_2412,True,2026-09-22T15:41:02,2026-09-22T15:41:02,2026-09-22T15:41:02
2412,中華電,2026-01-15,133.5,0.5,0.38%,4.99,26.97,74.85,89.82,104.79,119.76,134.73,149.7,ShowDailyK_ChartFlow,FinMind_API_TaiwanStockPrice_2412,True,2026-09-22T15:41:02,2026-09-22T15:41:02,2026-09-22T15:41:02
2412,中華電,2026-01-16,133.0,-0.5,-0.37%,4.99,26.87,74.85,89.82,104.79,119.76,134.73,149.7,ShowDailyK_ChartFlow,FinMind_API_TaiwanStockPrice_2412,True,2026-09-22T15:41:02,2026-09-22T15:41:02,2026-09-22T15:41:02
2412,中華電,2026-01-19,134.0,1.0,0.75%,4.99,27.07,74.85,89.82,104.79,119.76,134.73,149.7,ShowDailyK_ChartFlow,FinMind_API_TaiwanStockPrice_2412,True,2026-09-22T15:41:02,2026-09-22T15:41:02,2026-09-22T15:41:02
2412,中華電,2026-01-20,133.0,-1.0,-0.75%,4.99,26.87,74.85,89.82,104.79,119.76,134.73,149.7,ShowDailyK_ChartFlow,FinMind_API_TaiwanStockPrice_2412,True,2026-09-22T15:41:02,2026-09-22T15:41:02,2026-09-22T15:41:02
2412,中華電,2026-01-21,133.0,0.0,0.00%,4.99,26.87,74.85,89.82,104.79,119.76,134.73,149.7,ShowDailyK_ChartFlow,FinMind_API_TaiwanStockPrice_2412,True,2026-09-22T15:41:02,2026-09-22T15:41:02,2026-09-22T15:41:02
2412,中華電,2026-01-22,133.0,0.0,0.00%,4.99,26.87,74.85,89.82,104.79,119.76,134.73,149.7,ShowDailyK_ChartFlow,FinMind_API_TaiwanStockPrice_2412,True,2026-09-22T15:41:02,2026-09-22T15:41:02,2026-09-22T15:41:02
2412,中華電,2026-01-23,134.0,1.0,0.75%,4.99,27.07,74.85,89.82,104.79,119.76,134.73,149.7,ShowDailyK_ChartFlow,FinMind_API_TaiwanStockPrice_2412,True,2026-09-22T15:41:02,2026-09-22T15:41:02,2026-09-22T15:41:02
2412,中華電,2026-01-26,134.0,0.0,0.00%,4.99,27.07,74.85,89.82,104.79,119.76,134.73,149.7,ShowDailyK_ChartFlow,FinMind_API_TaiwanStockPrice_2412,True,2026-09-22T15:41:02,2026-09-22T15:41:02,2026-09-22T15:41:02
2412,中華電,2026-01-27,133.0,-1.0,-0.75%,4.99,26.87,74.85,89.82,104.79,119.76,134.73,149.7,ShowDailyK_ChartFlow,FinMind_API_TaiwanStockPrice_2412,True,2026-09-22T15:41:02,2026-09-22T15:41:02,2026-09-22T15:41:02
2412,中華電,2026-01-28,133.5,0.5,0.38%,4.99,26.97,74.85,89.82,104.79,119.76,134.73,149.7,ShowDailyK_ChartFlow,FinMind_API_TaiwanStockPrice_2412,True,2026-09-22T15:41:02,2026-09-22T15:41:02,2026-09-22T15:41:02
2412,中華電,2026-01-29,133.5,0.0,0.00%,4.99,26.97,74.85,89.82,104.79,119.76,134.73,149.7,ShowDailyK_ChartFlow,FinMind_API_TaiwanStockPrice_2412,True,2026-09-22T15:41:02,2026-09-22T15:41:02,2026-09-22T15:41:02
2412,中華電,2026-01-30,133.5,0.0,0.00%,4.99,26.97,74.85,89.82,104.79,119.76,134.73,149.7,ShowDailyK_ChartFlow,FinMind_API_TaiwanStockPrice_2412,True,2026-09-22T15:41:02,2026-09-22T15:41:02,2026-09-22T15:41:02
2412,中華電,2026-02-02,133.0,-0.5,-0.37%,4.99,26.87,74.85,89.82,104.79,119.76,134.73,149.7,ShowDailyK_ChartFlow,FinMind_API_TaiwanStockPrice_2412,True,2026-09-22T15:41:02,2026-09-22T15:41:02,2026-09-22T15:41:02
2412,中華電,2026-02-03,133.5,0.5,0.38%,4.99,26.97,74.85,89.82,104.79,119.76,134.73,149.7,ShowDailyK_ChartFlow,FinMind_API_TaiwanStockPrice_2412,True,2026-09-22T15:41:02,2026-09-22T15:41:02,2026-09-22T15:41:02
2412,中華電,2026-02-04,133.0,-0.5,-0.37%,4.99,26.87,74.85,89.82,104.79,119.76,134.73,149.7,ShowDailyK_ChartFlow,FinMind_API_TaiwanStockPrice_2412,True,2026-09-22T15:41:02,2026-09-22T15:41:02,2026-09-22T15:41:02
2412,中華電,2026-02-05,132.5,-0.5,-0.38%,4.99,26.77,74.85,89.82,104.79,119.76,134.73,149.7,ShowDailyK_ChartFlow,FinMind_API_TaiwanStockPrice_2412,True,2026-09-22T15:41:02,2026-09-22T15:41:02,2026-09-22T15:41:02
2412,中華電,2026-02-06,133.0,0.5,0.38%,4.99,26.87,74.85,89.82,104.79,119.76,134.73,149.7,ShowDailyK_ChartFlow,FinMind_API_TaiwanStockPrice_2412,True,2026-09-22T15:41:02,2026-09-22T15:41:02,2026-09-22T15:41:02
2412,中華電,2026-02-09,132.0,-1.0,-0.75%,4.99,26.67,74.85,89.82,104.79,119.76,134.73,149.7,ShowDailyK_ChartFlow,FinMind_API_TaiwanStockPrice_2412,True,2026-09-22T15:41:02,2026-09-22T15:41:02,2026-09-22T15:41:02
2412,中華電,2026-02-10,132.5,0.5,0.38%,4.99,26.77,74.85,89.82,104.79,119.76,134.73,149.7,ShowDailyK_ChartFlow,FinMind_API_TaiwanStockPrice_2412,True,2026-09-22T15:41:02,2026-09-22T15:41:02,2026-09-22T15:41:02
2412,中華電,2026-02-11,133.0,0.5,0.38%,4.99,26.87,74.85,89.82,104.79,119.76,134.73,149.7,ShowDailyK_ChartFlow,FinMind_API_TaiwanStockPrice_2412,True,2026-09-22T15:41:02,2026-09-22T15:41:02,2026-09-22T15:41:02
2412,中華電,2026-02-23,135.0,2.0,1.50%,4.99,27.27,74.85,89.82,104.79,119.76,134.73,149.7,ShowDailyK_ChartFlow,FinMind_API_TaiwanStockPrice_2412,True,2026-09-22T15:41:02,2026-09-22T15:41:02,2026-09-22T15:41:02
2412,中華電,2026-02-24,135.5,0.5,0.37%,4.99,27.37,74.85,89.82,104.79,119.76,134.73,149.7,ShowDailyK_ChartFlow,FinMind_API_TaiwanStockPrice_2412,True,2026-09-22T15:41:02,2026-09-22T15:41:02,2026-09-22T15:41:02
2412,中華電,2026-02-25,136.0,0.5,0.37%,4.99,27.47,74.85,89.82,104.79,119.76,134.73,149.7,ShowDailyK_ChartFlow,FinMind_API_TaiwanStockPrice_2412,True,2026-09-22T15:41:02,2026-09-22T15:41:02,2026-09-22T15:41:02
2412,中華電,2026-02-26,134.0,-2.0,-1.47%,4.99,27.07,74.85,89.82,104.79,119.76,134.73,149.7,ShowDailyK_ChartFlow,FinMind_API_TaiwanStockPrice_2412,True,2026-09-22T15:41:02,2026-09-22T15:41:02,2026-09-22T15:41:02
2412,中華電,2026-03-02,138.0,4.0,2.99%,4.99,27.66,74.85,89.82,104.79,119.76,134.73,149.7,ShowDailyK_ChartFlow,FinMind_API_TaiwanStockPrice_2412,True,2026-09-22T15:41:02,2026-09-22T15:41:02,2026-09-22T15:41:02
2412,中華電,2026-03-03,138.0,0.0,0.00%,4.99,27.66,74.85,89.82,104.79,119.76,134.73,149.7,ShowDailyK_ChartFlow,FinMind_API_TaiwanStockPrice_2412,True,2026-09-22T15:41:02,2026-09-22T15:41:02,2026-09-22T15:41:02
2412,中華電,2026-03-04,135.5,-2.5,-1.81%,4.99,27.15,74.85,89.82,104.79,119.76,134.73,149.7,ShowDailyK_ChartFlow,FinMind_API_TaiwanStockPrice_2412,True,2026-09-22T15:41:02,2026-09-22T15:41:02,2026-09-22T15:41:02
2412,中華電,2026-03-05,137.0,1.5,1.11%,4.99,27.45,74.85,89.82,104.79,119.76,134.73,149.7,ShowDailyK_ChartFlow,FinMind_API_TaiwanStockPrice_2412,True,2026-09-22T15:41:02,2026-09-22T15:41:02,2026-09-22T15:41:02
2412,中華電,2026-03-06,136.5,-0.5,-0.36%,4.99,27.35,74.85,89.82,104.79,119.76,134.73,149.7,ShowDailyK_ChartFlow,FinMind_API_TaiwanStockPrice_2412,True,2026-09-22T15:41:02,2026-09-22T15:41:02,2026-09-22T15:41:02
2412,中華電,2026-03-09,136.0,-0.5,-0.37%,4.99,27.25,74.85,89.82,104.79,119.76,134.73,149.7,ShowDailyK_ChartFlow,FinMind_API_TaiwanStockPrice_2412,True,2026-09-22T15:41:02,2026-09-22T15:41:02,2026-09-22T15:41:02
2412,中華電,2026-03-10,135.0,-1.0,-0.74%,4.99,27.05,74.85,89.82,104.79,119.76,134.73,149.7,ShowDailyK_ChartFlow,FinMind_API_TaiwanStockPrice_2412,True,2026-09-22T15:41:02,2026-09-22T15:41:02,2026-09-22T15:41:02
2412,中華電,2026-03-11,135.5,0.5,0.37%,4.99,27.15,74.85,89.82,104.79,119.76,134.73,149.7,ShowDailyK_ChartFlow,FinMind_API_TaiwanStockPrice_2412,True,2026-09-22T15:41:02,2026-09-22T15:41:02,2026-09-22T15:41:02
2412,中華電,2026-03-12,136.0,0.5,0.37%,4.99,27.25,74.85,89.82,104.79,119.76,134.73,149.7,ShowDailyK_ChartFlow,FinMind_API_TaiwanStockPrice_2412,True,2026-09-22T15:41:02,2026-09-22T15:41:02,2026-09-22T15:41:02
2412,中華電,2026-03-13,136.0,0.0,0.00%,4.99,27.25,74.85,89.82,104.79,119.76,134.73,149.7,ShowDailyK_ChartFlow,FinMind_API_TaiwanStockPrice_2412,True,2026-09-22T15:41:02,2026-09-22T15:41:02,2026-09-22T15:41:02
2412,中華電,2026-03-16,136.5,0.5,0.37%,4.99,27.35,74.85,89.82,104.79,119.76,134.73,149.7,ShowDailyK_ChartFlow,FinMind_API_TaiwanStockPrice_2412,True,2026-09-22T15:41:02,2026-09-22T15:41:02,2026-09-22T15:41:02
2412,中華電,2026-03-17,137.0,0.5,0.37%,4.99,27.45,74.85,89.82,104.79,119.76,134.73,149.7,ShowDailyK_ChartFlow,FinMind_API_TaiwanStockPrice_2412,True,2026-09-22T15:41:02,2026-09-22T15:41:02,2026-09-22T15:41:02
2412,中華電,2026-03-18,137.5,0.5,0.36%,4.99,27.56,74.85,89.82,104.79,119.76,134.73,149.7,ShowDailyK_ChartFlow,FinMind_API_TaiwanStockPrice_2412,True,2026-09-22T15:41:02,2026-09-22T15:41:02,2026-09-22T15:41:02
2412,中華電,2026-03-19,135.5,-2.0,-1.45%,4.99,27.15,74.85,89.82,104.79,119.76,134.73,149.7,ShowDailyK_ChartFlow,FinMind_API_TaiwanStockPrice_2412,True,2026-09-22T15:41:02,2026-09-22T15:41:02,2026-09-22T15:41:02
2412,中華電,2026-03-20,134.0,-1.5,-1.11%,4.99,26.85,74.85,89.82,104.79,119.76,134.73,149.7,ShowDailyK_ChartFlow,FinMind_API_TaiwanStockPrice_2412,True,2026-09-22T15:41:02,2026-09-22T15:41:02,2026-09-22T15:41:02
2412,中華電,2026-03-23,134.0,0.0,0.00%,4.99,26.85,74.85,89.82,104.79,119.76,134.73,149.7,ShowDailyK_ChartFlow,FinMind_API_TaiwanStockPrice_2412,True,2026-09-22T15:41:02,2026-09-22T15:41:02,2026-09-22T15:41:02
2412,中華電,2026-03-24,134.0,0.0,0.00%,4.99,26.85,74.85,89.82,104.79,119.76,134.73,149.7,ShowDailyK_ChartFlow,FinMind_API_TaiwanStockPrice_2412,True,2026-09-22T15:41:02,2026-09-22T15:41:02,2026-09-22T15:41:02
2412,中華電,2026-03-25,135.0,1.0,0.75%,4.99,27.05,74.85,89.82,104.79,119.76,134.73,149.7,ShowDailyK_ChartFlow,FinMind_API_TaiwanStockPrice_2412,True,2026-09-22T15:41:02,2026-09-22T15:41:02,2026-09-22T15:41:02
2412,中華電,2026-03-26,134.5,-0.5,-0.37%,4.99,26.95,74.85,89.82,104.79,119.76,134.73,149.7,ShowDailyK_ChartFlow,FinMind_API_TaiwanStockPrice_2412,True,2026-09-22T15:41:02,2026-09-22T15:41:02,2026-09-22T15:41:02
2412,中華電,2026-03-27,134.0,-0.5,-0.37%,4.99,26.85,74.85,89.82,104.79,119.76,134.73,149.7,ShowDailyK_ChartFlow,FinMind_API_TaiwanStockPrice_2412,True,2026-09-22T15:41:02,2026-09-22T15:41:02,2026-09-22T15:41:02
2412,中華電,2026-03-30,134.0,0.0,0.00%,4.99,26.85,74.85,89.82,104.79,119.76,134.73,149.7,ShowDailyK_ChartFlow,FinMind_API_TaiwanStockPrice_2412,True,2026-09-22T15:41:02,2026-09-22T15:41:02,2026-09-22T15:41:02
2412,中華電,2026-03-31,133.0,-1.0,-0.75%,5.03,26.65,75.45,90.54,105.63,120.72,135.81,150.9,ShowDailyK_ChartFlow,FinMind_API_TaiwanStockPrice_2412,True,2026-09-22T15:41:02,2026-09-22T15:41:02,2026-09-22T15:41:02
2412,中華電,2026-04-01,134.0,1.0,0.75%,5.03,26.85,75.45,90.54,105.63,120.72,135.81,150.9,ShowDailyK_ChartFlow,FinMind_API_TaiwanStockPrice_2412,True,2026-09-22T15:41:02,2026-09-22T15:41:02,2026-09-22T15:41:02
2412,中華電,2026-04-02,134.0,0.0,0.00%,5.03,26.85,75.45,90.54,105.63,120.72,135.81,150.9,ShowDailyK_ChartFlow,FinMind_API_TaiwanStockPrice_2412,True,2026-09-22T15:41:02,2026-09-22T15:41:02,2026-09-22T15:41:02
2412,中華電,2026-04-07,134.0,0.0,0.00%,5.03,26.85,75.45,90.54,105.63,120.72,135.81,150.9,ShowDailyK_ChartFlow,FinMind_API_TaiwanStockPrice_2412,True,2026-09-22T15:41:02,2026-09-22T15:41:02,2026-09-22T15:41:02
2412,中華電,2026-04-08,134.0,0.0,0.00%,5.03,26.85,75.45,90.54,105.63,120.72,135.81,150.9,ShowDailyK_ChartFlow,FinMind_API_TaiwanStockPrice_2412,True,2026-09-22T15:41:02,2026-09-22T15:41:02,2026-09-22T15:41:02
2412,中華電,2026-04-09,135.0,1.0,0.75%,5.03,27.05,75.45,90.54,105.63,120.72,135.81,150.9,ShowDailyK_ChartFlow,FinMind_API_TaiwanStockPrice_2412,True,2026-09-22T15:41:02,2026-09-22T15:41:02,2026-09-22T15:41:02
2412,中華電,2026-04-10,135.5,0.5,0.37%,5.03,27.15,75.45,90.54,105.63,120.72,135.81,150.9,ShowDailyK_ChartFlow,FinMind_API_TaiwanStockPrice_2412,True,2026-09-22T15:41:02,2026-09-22T15:41:02,2026-09-22T15:41:02
2412,中華電,2026-04-13,134.5,-1.0,-0.74%,5.03,26.95,75.45,90.54,105.63,120.72,135.81,150.9,ShowDailyK_ChartFlow,FinMind_API_TaiwanStockPrice_2412,True,2026-09-22T15:41:02,2026-09-22T15:41:02,2026-09-22T15:41:02
2412,中華電,2026-04-14,135.0,0.5,0.37%,5.03,27.05,75.45,90.54,105.63,120.72,135.81,150.9,ShowDailyK_ChartFlow,FinMind_API_TaiwanStockPrice_2412,True,2026-09-22T15:41:02,2026-09-22T15:41:02,2026-09-22T15:41:02
2412,中華電,2026-04-15,135.5,0.5,0.37%,5.03,27.15,75.45,90.54,105.63,120.72,135.81,150.9,ShowDailyK_ChartFlow,FinMind_API_TaiwanStockPrice_2412,True,2026-09-22T15:41:02,2026-09-22T15:41:02,2026-09-22T15:41:02
2412,中華電,2026-04-16,136.5,1.0,0.74%,5.03,27.35,75.45,90.54,105.63,120.72,135.81,150.9,ShowDailyK_ChartFlow,FinMind_API_TaiwanStockPrice_2412,True,2026-09-22T15:41:02,2026-09-22T15:41:02,2026-09-22T15:41:02
2412,中華電,2026-04-17,137.5,1.0,0.73%,5.03,27.56,75.45,90.54,105.63,120.72,135.81,150.9,ShowDailyK_ChartFlow,FinMind_API_TaiwanStockPrice_2412,True,2026-09-22T15:41:02,2026-09-22T15:41:02,2026-09-22T15:41:02
2412,中華電,2026-04-20,137.0,-0.5,-0.36%,5.03,27.45,75.45,90.54,105.63,120.72,135.81,150.9,ShowDailyK_ChartFlow,FinMind_API_TaiwanStockPrice_2412,True,2026-09-22T15:41:02,2026-09-22T15:41:02,2026-09-22T15:41:02
2412,中華電,2026-04-21,137.0,0.0,0.00%,5.03,27.45,75.45,90.54,105.63,120.72,135.81,150.9,ShowDailyK_ChartFlow,FinMind_API_TaiwanStockPrice_2412,True,2026-09-22T15:41:02,2026-09-22T15:41:02,2026-09-22T15:41:02
2412,中華電,2026-04-22,136.5,-0.5,-0.36%,5.03,27.35,75.45,90.54,105.63,120.72,135.81,150.9,ShowDailyK_ChartFlow,FinMind_API_TaiwanStockPrice_2412,True,2026-09-22T15:41:02,2026-09-22T15:41:02,2026-09-22T15:41:02
2412,中華電,2026-04-23,136.0,-0.5,-0.37%,5.03,27.25,75.45,90.54,105.63,120.72,135.81,150.9,ShowDailyK_ChartFlow,FinMind_API_TaiwanStockPrice_2412,True,2026-09-22T15:41:02,2026-09-22T15:41:02,2026-09-22T15:41:02
2412,中華電,2026-04-24,135.5,-0.5,-0.37%,5.03,27.15,75.45,90.54,105.63,120.72,135.81,150.9,ShowDailyK_ChartFlow,FinMind_API_TaiwanStockPrice_2412,True,2026-09-22T15:41:02,2026-09-22T15:41:02,2026-09-22T15:41:02
2412,中華電,2026-04-27,137.0,1.5,1.11%,5.03,27.45,75.45,90.54,105.63,120.72,135.81,150.9,ShowDailyK_ChartFlow,FinMind_API_TaiwanStockPrice_2412,True,2026-09-22T15:41:02,2026-09-22T15:41:02,2026-09-22T15:41:02
2412,中華電,2026-04-28,137.0,0.0,0.00%,5.03,27.45,75.45,90.54,105.63,120.72,135.81,150.9,ShowDailyK_ChartFlow,FinMind_API_TaiwanStockPrice_2412,True,2026-09-22T15:41:02,2026-09-22T15:41:02,2026-09-22T15:41:02
2412,中華電,2026-04-29,136.5,-0.5,-0.36%,5.03,27.35,75.45,90.54,105.63,120.72,135.81,150.9,ShowDailyK_ChartFlow,FinMind_API_TaiwanStockPrice_2412,True,2026-09-22T15:41:02,2026-09-22T15:41:02,2026-09-22T15:41:02
2412,中華電,2026-04-30,136.0,-0.5,-0.37%,5.03,27.25,75.45,90.54,105.63,120.72,135.81,150.9,ShowDailyK_ChartFlow,FinMind_API_TaiwanStockPrice_2412,True,2026-09-22T15:41:02,2026-09-22T15:41:02,2026-09-22T15:41:02
2412,中華電,2026-05-04,135.5,-0.5,-0.37%,5.03,27.15,75.45,90.54,105.63,120.72,135.81,150.9,ShowDailyK_ChartFlow,FinMind_API_TaiwanStockPrice_2412,True,2026-09-22T15:41:02,2026-09-22T15:41:02,2026-09-22T15:41:02
2412,中華電,2026-05-05,136.0,0.5,0.37%,5.03,27.25,75.45,90.54,105.63,120.72,135.81,150.9,ShowDailyK_ChartFlow,FinMind_API_TaiwanStockPrice_2412,True,2026-09-22T15:41:02,2026-09-22T15:41:02,2026-09-22T15:41:02
2412,中華電,2026-05-06,136.0,0.0,0.00%,5.03,27.25,75.45,90.54,105.63,120.72,135.81,150.9,ShowDailyK_ChartFlow,FinMind_API_TaiwanStockPrice_2412,True,2026-09-22T15:41:02,2026-09-22T15:41:02,2026-09-22T15:41:02
2412,中華電,2026-05-07,135.5,-0.5,-0.37%,5.03,27.15,75.45,90.54,105.63,120.72,135.81,150.9,ShowDailyK_ChartFlow,FinMind_API_TaiwanStockPrice_2412,True,2026-09-22T15:41:02,2026-09-22T15:41:02,2026-09-22T15:41:02
2412,中華電,2026-05-08,136.5,1.0,0.74%,5.03,27.35,75.45,90.54,105.63,120.72,135.81,150.9,ShowDailyK_ChartFlow,FinMind_API_TaiwanStockPrice_2412,True,2026-09-22T15:41:02,2026-09-22T15:41:02,2026-09-22T15:41:02
2412,中華電,2026-05-11,135.5,-1.0,-0.73%,5.03,26.94,75.45,90.54,105.63,120.72,135.81,150.9,ShowDailyK_ChartFlow,FinMind_API_TaiwanStockPrice_2412,True,2026-09-22T15:41:02,2026-09-22T15:41:02,2026-09-22T15:41:02
2412,中華電,2026-05-12,135.5,0.0,0.00%,5.03,26.94,75.45,90.54,105.63,120.72,135.81,150.9,ShowDailyK_ChartFlow,FinMind_API_TaiwanStockPrice_2412,True,2026-09-22T15:41:02,2026-09-22T15:41:02,2026-09-22T15:41:02
2412,中華電,2026-05-13,137.5,2.0,1.48%,5.03,27.34,75.45,90.54,105.63,120.72,135.81,150.9,ShowDailyK_ChartFlow,FinMind_API_TaiwanStockPrice_2412,True,2026-09-22T15:41:02,2026-09-22T15:41:02,2026-09-22T15:41:02
2412,中華電,2026-05-14,137.5,0.0,0.00%,5.03,27.34,75.45,90.54,105.63,120.72,135.81,150.9,ShowDailyK_ChartFlow,FinMind_API_TaiwanStockPrice_2412,True,2026-09-22T15:41:02,2026-09-22T15:41:02,2026-09-22T15:41:02
2412,中華電,2026-05-15,138.0,0.5,0.36%,5.03,27.44,75.45,90.54,105.63,120.72,135.81,150.9,ShowDailyK_ChartFlow,FinMind_API_TaiwanStockPrice_2412,True,2026-09-22T15:41:02,2026-09-22T15:41:02,2026-09-22T15:41:02
2412,中華電,2026-05-18,137.0,-1.0,-0.72%,5.03,27.24,75.45,90.54,105.63,120.72,135.81,150.9,ShowDailyK_ChartFlow,FinMind_API_TaiwanStockPrice_2412,True,2026-09-22T15:41:02,2026-09-22T15:41:02,2026-09-22T15:41:02
2412,中華電,2026-05-19,142.5,5.5,4.01%,5.03,28.33,75.45,90.54,105.63,120.72,135.81,150.9,ShowDailyK_ChartFlow,FinMind_API_TaiwanStockPrice_2412,True,2026-09-22T15:41:02,2026-09-22T15:41:02,2026-09-22T15:41:02
2412,中華電,2026-05-20,139.0,-3.5,-2.46%,5.03,27.63,75.45,90.54,105.63,120.72,135.81,150.9,ShowDailyK_ChartFlow,FinMind_API_TaiwanStockPrice_2412,True,2026-09-22T15:41:02,2026-09-22T15:41:02,2026-09-22T15:41:02
2412,中華電,2026-05-21,137.5,-1.5,-1.08%,5.03,27.34,75.45,90.54,105.63,120.72,135.81,150.9,ShowDailyK_ChartFlow,FinMind_API_TaiwanStockPrice_2412,True,2026-09-22T15:41:02,2026-09-22T15:41:02,2026-09-22T15:41:02
2412,中華電,2026-05-22,137.0,-0.5,-0.36%,5.03,27.24,75.45,90.54,105.63,120.72,135.81,150.9,ShowDailyK_ChartFlow,FinMind_API_TaiwanStockPrice_2412,True,2026-09-22T15:41:02,2026-09-22T15:41:02,2026-09-22T15:41:02
2412,中華電,2026-05-25,136.5,-0.5,-0.36%,5.03,27.14,75.45,90.54,105.63,120.72,135.81,150.9,ShowDailyK_ChartFlow,FinMind_API_TaiwanStockPrice_2412,True,2026-09-22T15:41:02,2026-09-22T15:41:02,2026-09-22T15:41:02
2412,中華電,2026-05-26,136.0,-0.5,-0.37%,5.03,27.04,75.45,90.54,105.63,120.72,135.81,150.9,ShowDailyK_ChartFlow,FinMind_API_TaiwanStockPrice_2412,True,2026-09-22T15:41:02,2026-09-22T15:41:02,2026-09-22T15:41:02
2412,中華電,2026-05-27,137.0,1.0,0.74%,5.03,27.24,75.45,90.54,105.63,120.72,135.81,150.9,ShowDailyK_ChartFlow,FinMind_API_TaiwanStockPrice_2412,True,2026-09-22T15:41:02,2026-09-22T15:41:02,2026-09-22T15:41:02
2412,中華電,2026-05-28,136.5,-0.5,-0.36%,5.03,27.14,75.45,90.54,105.63,120.72,135.81,150.9,ShowDailyK_ChartFlow,FinMind_API_TaiwanStockPrice_2412,True,2026-09-22T15:41:02,2026-09-22T15:41:02,2026-09-22T15:41:02
2412,中華電,2026-05-29,137.0,0.5,0.37%,5.03,27.24,75.45,90.54,105.63,120.72,135.81,150.9,ShowDailyK_ChartFlow,FinMind_API_TaiwanStockPrice_2412,True,2026-09-22T15:41:02,2026-09-22T15:41:02,2026-09-22T15:41:02
2412,中華電,2026-06-01,140.5,3.5,2.55%,5.03,27.93,75.45,90.54,105.63,120.72,135.81,150.9,ShowDailyK_ChartFlow,FinMind_API_TaiwanStockPrice_2412,True,2026-09-22T15:41:02,2026-09-22T15:41:02,2026-09-22T15:41:02
2412,中華電,2026-06-02,142.0,1.5,1.07%,5.03,28.23,75.45,90.54,105.63,120.72,135.81,150.9,ShowDailyK_ChartFlow,FinMind_API_TaiwanStockPrice_2412,True,2026-09-22T15:41:02,2026-09-22T15:41:02,2026-09-22T15:41:02
2412,中華電,2026-06-03,141.0,-1.0,-0.70%,5.03,28.03,75.45,90.54,105.63,120.72,135.81,150.9,ShowDailyK_ChartFlow,FinMind_API_TaiwanStockPrice_2412,True,2026-09-22T15:41:02,2026-09-22T15:41:02,2026-09-22T15:41:02
2412,中華電,2026-06-04,141.5,0.5,0.35%,5.03,28.13,75.45,90.54,105.63,120.72,135.81,150.9,ShowDailyK_ChartFlow,FinMind_API_TaiwanStockPrice_2412,True,2026-09-22T15:41:02,2026-09-22T15:41:02,2026-09-22T15:41:02
2412,中華電,2026-06-05,141.0,-0.5,-0.35%,5.03,28.03,75.45,90.54,105.63,120.72,135.81,150.9,ShowDailyK_ChartFlow,FinMind_API_TaiwanStockPrice_2412,True,2026-09-22T15:41:02,2026-09-22T15:41:02,2026-09-22T15:41:02
2412,中華電,2026-06-08,138.5,-2.5,-1.77%,5.03,27.53,75.45,90.54,105.63,120.72,135.81,150.9,ShowDailyK_ChartFlow,FinMind_API_TaiwanStockPrice_2412,True,2026-09-22T15:41:02,2026-09-22T15:41:02,2026-09-22T15:41:02
2412,中華電,2026-06-09,142.0,3.5,2.53%,5.03,28.23,75.45,90.54,105.63,120.72,135.81,150.9,ShowDailyK_ChartFlow,FinMind_API_TaiwanStockPrice_2412,True,2026-09-22T15:41:02,2026-09-22T15:41:02,2026-09-22T15:41:02
2412,中華電,2026-06-10,144.0,2.0,1.41%,5.03,28.63,75.45,90.54,105.63,120.72,135.81,150.9,ShowDailyK_ChartFlow,FinMind_API_TaiwanStockPrice_2412,True,2026-09-22T15:41:02,2026-09-22T15:41:02,2026-09-22T15:41:02
2412,中華電,2026-06-11,145.0,1.0,0.69%,5.03,28.83,75.45,90.54,105.63,120.72,135.81,150.9,ShowDailyK_ChartFlow,FinMind_API_TaiwanStockPrice_2412,True,2026-09-22T15:41:02,2026-09-22T15:41:02,2026-09-22T15:41:02
2412,中華電,2026-06-12,145.0,0.0,0.00%,5.03,28.83,75.45,90.54,105.63,120.72,135.81,150.9,ShowDailyK_ChartFlow,FinMind_API_TaiwanStockPrice_2412,True,2026-09-22T15:41:02,2026-09-22T15:41:02,2026-09-22T15:41:02
2412,中華電,2026-06-15,145.5,0.5,0.34%,5.03,28.93,75.45,90.54,105.63,120.72,135.81,150.9,ShowDailyK_ChartFlow,FinMind_API_TaiwanStockPrice_2412,True,2026-09-22T15:41:02,2026-09-22T15:41:02,2026-09-22T15:41:02
2412,中華電,2026-06-16,146.5,1.0,0.69%,5.03,29.13,75.45,90.54,105.63,120.72,135.81,150.9,ShowDailyK_ChartFlow,FinMind_API_TaiwanStockPrice_2412,True,2026-09-22T15:41:02,2026-09-22T15:41:02,2026-09-22T15:41:02
2412,中華電,2026-06-17,145.5,-1.0,-0.68%,5.03,28.93,75.45,90.54,105.63,120.72,135.81,150.9,ShowDailyK_ChartFlow,FinMind_API_TaiwanStockPrice_2412,True,2026-09-22T15:41:02,2026-09-22T15:41:02,2026-09-22T15:41:02
2412,中華電,2026-06-18,144.0,-1.5,-1.03%,5.03,28.63,75.45,90.54,105.63,120.72,135.81,150.9,ShowDailyK_ChartFlow,FinMind_API_TaiwanStockPrice_2412,True,2026-09-22T15:41:02,2026-09-22T15:41:02,2026-09-22T15:41:02
2412,中華電,2026-06-22,144.5,0.5,0.35%,5.03,28.73,75.45,90.54,105.63,120.72,135.81,150.9,ShowDailyK_ChartFlow,FinMind_API_TaiwanStockPrice_2412,True,2026-09-22T15:41:02,2026-09-22T15:41:02,2026-09-22T15:41:02
2412,中華電,2026-06-23,144.0,-0.5,-0.35%,5.03,28.63,75.45,90.54,105.63,120.72,135.81,150.9,ShowDailyK_ChartFlow,FinMind_API_TaiwanStockPrice_2412,True,2026-09-22T15:41:02,2026-09-22T15:41:02,2026-09-22T15:41:02
2412,中華電,2026-06-24,143.5,-0.5,-0.35%,5.03,28.53,75.45,90.54,105.63,120.72,135.81,150.9,ShowDailyK_ChartFlow,FinMind_API_TaiwanStockPrice_2412,True,2026-09-22T15:41:02,2026-09-22T15:41:02,2026-09-22T15:41:02
2412,中華電,2026-06-25,144.0,0.5,0.35%,5.03,28.63,75.45,90.54,105.63,120.72,135.81,150.9,ShowDailyK_ChartFlow,FinMind_API_TaiwanStockPrice_2412,True,2026-09-22T15:41:02,2026-09-22T15:41:02,2026-09-22T15:41:02
2412,中華電,2026-06-26,143.0,-1.0,-0.69%,5.03,28.43,75.45,90.54,105.63,120.72,135.81,150.9,ShowDailyK_ChartFlow,FinMind_API_TaiwanStockPrice_2412,True,2026-09-22T15:41:02,2026-09-22T15:41:02,2026-09-22T15:41:02
2412,中華電,2026-06-29,142.0,-1.0,-0.70%,5.03,28.23,75.45,90.54,105.63,120.72,135.81,150.9,ShowDailyK_ChartFlow,FinMind_API_TaiwanStockPrice_2412,True,2026-09-22T15:41:02,2026-09-22T15:41:02,2026-09-22T15:41:02
2412,中華電,2026-06-30,141.5,-0.5,-0.35%,5.1,28.13,76.5,91.8,107.1,122.4,137.7,153.0,ShowDailyK_ChartFlow,FinMind_API_TaiwanStockPrice_2412,True,2026-09-22T15:41:02,2026-09-22T15:41:02,2026-09-22T15:41:02
2412,中華電,2026-07-01,141.5,0.0,0.00%,5.1,28.13,76.5,91.8,107.1,122.4,137.7,153.0,ShowDailyK_ChartFlow,FinMind_API_TaiwanStockPrice_2412,True,2026-09-22T15:41:02,2026-09-22T15:41:02,2026-09-22T15:41:02
2412,中華電,2026-07-02,141.0,-0.5,-0.35%,5.1,28.03,76.5,91.8,107.1,122.4,137.7,153.0,ShowDailyK_ChartFlow,FinMind_API_TaiwanStockPrice_2412,True,2026-09-22T15:41:02,2026-09-22T15:41:02,2026-09-22T15:41:02
2412,中華電,2026-07-03,141.0,0.0,0.00%,5.1,28.03,76.5,91.8,107.1,122.4,137.7,153.0,ShowDailyK_ChartFlow,FinMind_API_TaiwanStockPrice_2412,True,2026-09-22T15:41:02,2026-09-22T15:41:02,2026-09-22T15:41:02
2412,中華電,2026-07-06,141.5,0.5,0.35%,5.1,28.13,76.5,91.8,107.1,122.4,137.7,153.0,ShowDailyK_ChartFlow,FinMind_API_TaiwanStockPrice_2412,True,2026-09-22T15:41:02,2026-09-22T15:41:02,2026-09-22T15:41:02
2412,中華電,2026-07-07,141.0,-0.5,-0.35%,5.1,28.03,76.5,91.8,107.1,122.4,137.7,153.0,ShowDailyK_ChartFlow,FinMind_API_TaiwanStockPrice_2412,True,2026-09-22T15:41:02,2026-09-22T15:41:02,2026-09-22T15:41:02
2412,中華電,2026-07-08,139.5,-1.5,-1.06%,5.1,27.73,76.5,91.8,107.1,122.4,137.7,153.0,ShowDailyK_ChartFlow,FinMind_API_TaiwanStockPrice_2412,True,2026-09-22T15:41:02,2026-09-22T15:41:02,2026-09-22T15:41:02
2412,中華電,2026-07-09,133.5,-6.0,-4.30%,5.1,26.54,76.5,91.8,107.1,122.4,137.7,153.0,ShowDailyK_ChartFlow,FinMind_API_TaiwanStockPrice_2412,True,2026-09-22T15:41:02,2026-09-22T15:41:02,2026-09-22T15:41:02
2412,中華電,2026-07-13,133.5,0.0,0.00%,5.1,26.54,76.5,91.8,107.1,122.4,137.7,153.0,ShowDailyK_ChartFlow,FinMind_API_TaiwanStockPrice_2412,True,2026-09-22T15:41:02,2026-09-22T15:41:02,2026-09-22T15:41:02
2412,中華電,2026-07-14,133.0,-0.5,-0.37%,5.1,26.44,76.5,91.8,107.1,122.4,137.7,153.0,ShowDailyK_ChartFlow,FinMind_API_TaiwanStockPrice_2412,True,2026-09-22T15:41:02,2026-09-22T15:41:02,2026-09-22T15:41:02
2412,中華電,2026-07-15,133.0,0.0,0.00%,5.1,26.44,76.5,91.8,107.1,122.4,137.7,153.0,ShowDailyK_ChartFlow,FinMind_API_TaiwanStockPrice_2412,True,2026-09-22T15:41:02,2026-09-22T15:41:02,2026-09-22T15:41:02
2412,中華電,2026-07-16,136.0,3.0,2.26%,5.1,27.04,76.5,91.8,107.1,122.4,137.7,153.0,ShowDailyK_ChartFlow,FinMind_API_TaiwanStockPrice_2412,True,2026-09-22T15:41:02,2026-09-22T15:41:02,2026-09-22T15:41:02
2412,中華電,2026-07-17,138.0,2.0,1.47%,5.1,27.44,76.5,91.8,107.1,122.4,137.7,153.0,ShowDailyK_ChartFlow,FinMind_API_TaiwanStockPrice_2412,True,2026-09-22T15:41:02,2026-09-22T15:41:02,2026-09-22T15:41:02
2412,中華電,2026-07-20,139.0,1.0,0.72%,5.1,27.63,76.5,91.8,107.1,122.4,137.7,153.0,ShowDailyK_ChartFlow,FinMind_API_TaiwanStockPrice_2412,True,2026-09-22T15:41:02,2026-09-22T15:41:02,2026-09-22T15:41:02
2412,中華電,2026-07-21,139.0,0.0,0.00%,5.1,27.63,76.5,91.8,107.1,122.4,137.7,153.0,ShowDailyK_ChartFlow,FinMind_API_TaiwanStockPrice_2412,True,2026-09-22T15:41:02,2026-09-22T15:41:02,2026-09-22T15:41:02
2412,中華電,2026-07-22,138.5,-0.5,-0.36%,5.1,27.53,76.5,91.8,107.1,122.4,137.7,153.0,ShowDailyK_ChartFlow,FinMind_API_TaiwanStockPrice_2412,True,2026-09-22T15:41:02,2026-09-22T15:41:02,2026-09-22T15:41:02
2412,中華電,2026-07-23,138.0,-0.5,-0.36%,5.1,27.44,76.5,91.8,107.1,122.4,137.7,153.0,ShowDailyK_ChartFlow,FinMind_API_TaiwanStockPrice_2412,True,2026-09-22T15:41:02,2026-09-22T15:41:02,2026-09-22T15:41:02
2412,中華電,2026-07-24,139.0,1.0,0.72%,5.1,27.63,76.5,91.8,107.1,122.4,137.7,153.0,ShowDailyK_ChartFlow,FinMind_API_TaiwanStockPrice_2412,True,2026-09-22T15:41:02,2026-09-22T15:41:02,2026-09-22T15:41:02
2412,中華電,2026-07-27,140.5,1.5,1.08%,5.1,27.93,76.5,91.8,107.1,122.4,137.7,153.0,ShowDailyK_ChartFlow,FinMind_API_TaiwanStockPrice_2412,True,2026-09-22T15:41:02,2026-09-22T15:41:02,2026-09-22T15:41:02
2412,中華電,2026-07-28,141.0,0.5,0.36%,5.1,28.03,76.5,91.8,107.1,122.4,137.7,153.0,ShowDailyK_ChartFlow,FinMind_API_TaiwanStockPrice_2412,True,2026-09-22T15:41:02,2026-09-22T15:41:02,2026-09-22T15:41:02
2412,中華電,2026-07-29,140.5,-0.5,-0.35%,5.1,27.93,76.5,91.8,107.1,122.4,137.7,153.0,ShowDailyK_ChartFlow,FinMind_API_TaiwanStockPrice_2412,True,2026-09-22T15:41:02,2026-09-22T15:41:02,2026-09-22T15:41:02
2412,中華電,2026-07-30,140.5,0.0,0.00%,5.1,27.93,76.5,91.8,107.1,122.4,137.7,153.0,ShowDailyK_ChartFlow,FinMind_API_TaiwanStockPrice_2412,True,2026-09-22T15:41:02,2026-09-22T15:41:02,2026-09-22T15:41:02
2412,中華電,2026-07-31,139.5,-1.0,-0.71%,5.1,27.73,76.5,91.8,107.1,122.4,137.7,153.0,ShowDailyK_ChartFlow,FinMind_API_TaiwanStockPrice_2412,True,2026-09-22T15:41:02,2026-09-22T15:41:02,2026-09-22T15:41:02
2412,中華電,2026-08-03,139.0,-0.5,-0.36%,5.1,27.63,76.5,91.8,107.1,122.4,137.7,153.0,ShowDailyK_ChartFlow,FinMind_API_TaiwanStockPrice_2412,True,2026-09-22T15:41:02,2026-09-22T15:41:02,2026-09-22T15:41:02
2412,中華電,2026-08-04,136.5,-2.5,-1.80%,5.1,27.14,76.5,91.8,107.1,122.4,137.7,153.0,ShowDailyK_ChartFlow,FinMind_API_TaiwanStockPrice_2412,True,2026-09-22T15:41:02,2026-09-22T15:41:02,2026-09-22T15:41:02
2412,中華電,2026-08-05,137.0,0.5,0.37%,5.1,27.24,76.5,91.8,107.1,122.4,137.7,153.0,ShowDailyK_ChartFlow,FinMind_API_TaiwanStockPrice_2412,True,2026-09-22T15:41:02,2026-09-22T15:41:02,2026-09-22T15:41:02
2412,中華電,2026-08-06,137.0,0.0,0.00%,5.1,27.24,76.5,91.8,107.1,122.4,137.7,153.0,ShowDailyK_ChartFlow,FinMind_API_TaiwanStockPrice_2412,True,2026-09-22T15:41:02,2026-09-22T15:41:02,2026-09-22T15:41:02
2412,中華電,2026-08-07,137.5,0.5,0.36%,5.1,27.34,76.5,91.8,107.1,122.4,137.7,153.0,ShowDailyK_ChartFlow,FinMind_API_TaiwanStockPrice_2412,True,2026-09-22T15:41:02,2026-09-22T15:41:02,2026-09-22T15:41:02
2412,中華電,2026-08-10,136.5,-1.0,-0.73%,5.1,26.82,76.5,91.8,107.1,122.4,137.7,153.0,ShowDailyK_ChartFlow,FinMind_API_TaiwanStockPrice_2412,True,2026-09-22T15:41:02,2026-09-22T15:41:02,2026-09-22T15:41:02
2412,中華電,2026-08-11,136.0,-0.5,-0.37%,5.1,26.72,76.5,91.8,107.1,122.4,137.7,153.0,ShowDailyK_ChartFlow,FinMind_API_TaiwanStockPrice_2412,True,2026-09-22T15:41:02,2026-09-22T15:41:02,2026-09-22T15:41:02
2412,中華電,2026-08-12,136.0,0.0,0.00%,5.1,26.72,76.5,91.8,107.1,122.4,137.7,153.0,ShowDailyK_ChartFlow,FinMind_API_TaiwanStockPrice_2412,True,2026-09-22T15:41:02,2026-09-22T15:41:02,2026-09-22T15:41:02
2412,中華電,2026-08-13,136.0,0.0,0.00%,5.1,26.72,76.5,91.8,107.1,122.4,137.7,153.0,ShowDailyK_ChartFlow,FinMind_API_TaiwanStockPrice_2412,True,2026-09-22T15:41:02,2026-09-22T15:41:02,2026-09-22T15:41:02
2412,中華電,2026-08-14,135.0,-1.0,-0.74%,5.1,26.52,76.5,91.8,107.1,122.4,137.7,153.0,ShowDailyK_ChartFlow,FinMind_API_TaiwanStockPrice_2412,True,2026-09-22T15:41:02,2026-09-22T15:41:02,2026-09-22T15:41:02
2412,中華電,2026-08-17,136.0,1.0,0.74%,5.1,26.72,76.5,91.8,107.1,122.4,137.7,153.0,ShowDailyK_ChartFlow,FinMind_API_TaiwanStockPrice_2412,True,2026-09-22T15:41:02,2026-09-22T15:41:02,2026-09-22T15:41:02
2412,中華電,2026-08-18,137.0,1.0,0.74%,5.1,26.92,76.5,91.8,107.1,122.4,137.7,153.0,ShowDailyK_ChartFlow,FinMind_API_TaiwanStockPrice_2412,True,2026-09-22T15:41:02,2026-09-22T15:41:02,2026-09-22T15:41:02
2412,中華電,2026-08-19,136.0,-1.0,-0.73%,5.1,26.72,76.5,91.8,107.1,122.4,137.7,153.0,ShowDailyK_ChartFlow,FinMind_API_TaiwanStockPrice_2412,True,2026-09-22T15:41:02,2026-09-22T15:41:02,2026-09-22T15:41:02
2412,中華電,2026-08-20,136.5,0.5,0.37%,5.1,26.82,76.5,91.8,107.1,122.4,137.7,153.0,ShowDailyK_ChartFlow,FinMind_API_TaiwanStockPrice_2412,True,2026-09-22T15:41:02,2026-09-22T15:41:02,2026-09-22T15:41:02
2412,中華電,2026-08-21,136.5,0.0,0.00%,5.1,26.82,76.5,91.8,107.1,122.4,137.7,153.0,ShowDailyK_ChartFlow,FinMind_API_TaiwanStockPrice_2412,True,2026-09-22T15:41:02,2026-09-22T15:41:02,2026-09-22T15:41:02
2412,中華電,2026-08-24,136.5,0.0,0.00%,5.1,26.82,76.5,91.8,107.1,122.4,137.7,153.0,ShowDailyK_ChartFlow,FinMind_API_TaiwanStockPrice_2412,True,2026-09-22T15:41:02,2026-09-22T15:41:02,2026-09-22T15:41:02
2412,中華電,2026-08-25,136.5,0.0,0.00%,5.1,26.82,76.5,91.8,107.1,122.4,137.7,153.0,ShowDailyK_ChartFlow,FinMind_API_TaiwanStockPrice_2412,True,2026-09-22T15:41:02,2026-09-22T15:41:02,2026-09-22T15:41:02
2412,中華電,2026-08-26,136.0,-0.5,-0.37%,5.1,26.72,76.5,91.8,107.1,122.4,137.7,153.0,ShowDailyK_ChartFlow,FinMind_API_TaiwanStockPrice_2412,True,2026-09-22T15:41:02,2026-09-22T15:41:02,2026-09-22T15:41:02
2412,中華電,2026-08-27,135.5,-0.5,-0.37%,5.1,26.62,76.5,91.8,107.1,122.4,137.7,153.0,ShowDailyK_ChartFlow,FinMind_API_TaiwanStockPrice_2412,True,2026-09-22T15:41:02,2026-09-22T15:41:02,2026-09-22T15:41:02
2412,中華電,2026-08-28,135.5,0.0,0.00%,5.1,26.62,76.5,91.8,107.1,122.4,137.7,153.0,ShowDailyK_ChartFlow,FinMind_API_TaiwanStockPrice_2412,True,2026-09-22T15:41:02,2026-09-22T15:41:02,2026-09-22T15:41:02
2412,中華電,2026-08-31,136.0,0.5,0.37%,5.1,26.72,76.5,91.8,107.1,122.4,137.7,153.0,ShowDailyK_ChartFlow,FinMind_API_TaiwanStockPrice_2412,True,2026-09-22T15:41:02,2026-09-22T15:41:02,2026-09-22T15:41:02
2412,中華電,2026-09-01,136.0,0.0,0.00%,5.1,26.72,76.5,91.8,107.1,122.4,137.7,153.0,ShowDailyK_ChartFlow,FinMind_API_TaiwanStockPrice_2412,True,2026-09-22T15:41:02,2026-09-22T15:41:02,2026-09-22T15:41:02
2412,中華電,2026-09-02,137.5,1.5,1.10%,5.1,27.01,76.5,91.8,107.1,122.4,137.7,153.0,ShowDailyK_ChartFlow,FinMind_API_TaiwanStockPrice_2412,True,2026-09-22T15:41:02,2026-09-22T15:41:02,2026-09-22T15:41:02
2412,中華電,2026-09-03,138.0,0.5,0.36%,5.1,27.11,76.5,91.8,107.1,122.4,137.7,153.0,ShowDailyK_ChartFlow,FinMind_API_TaiwanStockPrice_2412,True,2026-09-22T15:41:02,2026-09-22T15:41:02,2026-09-22T15:41:02
2412,中華電,2026-09-04,137.5,-0.5,-0.36%,5.1,27.01,76.5,91.8,107.1,122.4,137.7,153.0,ShowDailyK_ChartFlow,FinMind_API_TaiwanStockPrice_2412,True,2026-09-22T15:41:02,2026-09-22T15:41:02,2026-09-22T15:41:02
2412,中華電,2026-09-07,138.0,0.5,0.36%,5.1,27.11,76.5,91.8,107.1,122.4,137.7,153.0,ShowDailyK_ChartFlow,FinMind_API_TaiwanStockPrice_2412,True,2026-09-22T15:41:02,2026-09-22T15:41:02,2026-09-22T15:41:02
2412,中華電,2026-09-08,139.0,1.0,0.72%,5.1,27.31,76.5,91.8,107.1,122.4,137.7,153.0,ShowDailyK_ChartFlow,FinMind_API_TaiwanStockPrice_2412,True,2026-09-22T15:41:02,2026-09-22T15:41:02,2026-09-22T15:41:02
2412,中華電,2026-09-09,139.5,0.5,0.36%,5.1,27.41,76.5,91.8,107.1,122.4,137.7,153.0,ShowDailyK_ChartFlow,FinMind_API_TaiwanStockPrice_2412,True,2026-09-22T15:41:02,2026-09-22T15:41:02,2026-09-22T15:41:02
2412,中華電,2026-09-10,139.5,0.0,0.00%,5.1,27.41,76.5,91.8,107.1,122.4,137.7,153.0,ShowDailyK_ChartFlow,FinMind_API_TaiwanStockPrice_2412,True,2026-09-22T15:41:02,2026-09-22T15:41:02,2026-09-22T15:41:02
2412,中華電,2026-09-11,140.5,1.0,0.72%,5.1,27.6,76.5,91.8,107.1,122.4,137.7,153.0,ShowDailyK_ChartFlow,FinMind_API_TaiwanStockPrice_2412,True,2026-09-22T15:41:02,2026-09-22T15:41:02,2026-09-22T15:41:02
2412,中華電,2026-09-14,142.5,2.0,1.42%,5.1,28.0,76.5,91.8,107.1,122.4,137.7,153.0,ShowDailyK_ChartFlow,FinMind_API_TaiwanStockPrice_2412,True,2026-09-22T15:41:02,2026-09-22T15:41:02,2026-09-22T15:41:02
2412,中華電,2026-09-15,143.5,1.0,0.70%,5.1,28.19,76.5,91.8,107.1,122.4,137.7,153.0,ShowDailyK_ChartFlow,FinMind_API_TaiwanStockPrice_2412,True,2026-09-22T15:41:02,2026-09-22T15:41:02,2026-09-22T15:41:02
2412,中華電,2026-09-16,143.5,0.0,0.00%,5.1,28.19,76.5,91.8,107.1,122.4,137.7,153.0,ShowDailyK_ChartFlow,FinMind_API_TaiwanStockPrice_2412,True,2026-09-22T15:41:02,2026-09-22T15:41:02,2026-09-22T15:41:02
2412,中華電,2026-09-17,145.0,1.5,1.05%,5.1,28.49,76.5,91.8,107.1,122.4,137.7,153.0,ShowDailyK_ChartFlow,FinMind_API_TaiwanStockPrice_2412,True,2026-09-22T15:41:02,2026-09-22T15:41:02,2026-09-22T15:41:02
2412,中華電,2026-09-18,145.5,0.5,0.34%,5.1,28.59,76.5,91.8,107.1,122.4,137.7,153.0,ShowDailyK_ChartFlow,FinMind_API_TaiwanStockPrice_2412,True,2026-09-22T15:41:02,2026-09-22T15:41:02,2026-09-22T15:41:02
2412,中華電,2026-09-21,144.5,-1.0,-0.69%,5.1,28.39,76.5,91.8,107.1,122.4,137.7,153.0,ShowDailyK_ChartFlow,FinMind_API_TaiwanStockPrice_2412,True,2026-09-22T15:41:02,2026-09-22T15:41:02,2026-09-22T15:41:02
2412,中華電,2026-09-22,145.0,0.5,0.35%,5.1,28.49,76.5,91.8,107.1,122.4,137.7,153.0,ShowDailyK_ChartFlow,FinMind_API_TaiwanStockPrice_2412,True,2026-09-22T15:41:02,2026-09-22T15:41:02,2026-09-22T15:41:02
