stock_code,company_name,交易_日期,收盤價_元,漲跌價_元,漲跌幅_pct,河流圖_eps_元,目前_per_倍,本益比試算價格_15x_元,本益比試算價格_18x_元,本益比試算價格_21x_元,本益比試算價格_24x_元,本益比試算價格_27x_元,本益比試算價格_30x_元,file_type,source_file,download_success,download_timestamp,process_timestamp,stage1_process_timestamp
2891,中信金,2021-01-04,19.55,,,,9.58,,,,,,,ShowDailyK_ChartFlow,FinMind_API_TaiwanStockPrice_2891,True,2026-09-22T15:48:52,2026-09-22T15:48:52,2026-09-22T15:48:52
2891,中信金,2021-01-05,19.6,0.05000000000000071,0.26%,,9.61,,,,,,,ShowDailyK_ChartFlow,FinMind_API_TaiwanStockPrice_2891,True,2026-09-22T15:48:52,2026-09-22T15:48:52,2026-09-22T15:48:52
2891,中信金,2021-01-06,19.55,-0.05000000000000071,-0.26%,,9.58,,,,,,,ShowDailyK_ChartFlow,FinMind_API_TaiwanStockPrice_2891,True,2026-09-22T15:48:52,2026-09-22T15:48:52,2026-09-22T15:48:52
2891,中信金,2021-01-07,19.8,0.25,1.28%,,9.71,,,,,,,ShowDailyK_ChartFlow,FinMind_API_TaiwanStockPrice_2891,True,2026-09-22T15:48:52,2026-09-22T15:48:52,2026-09-22T15:48:52
2891,中信金,2021-01-08,20.0,0.1999999999999993,1.01%,,9.8,,,,,,,ShowDailyK_ChartFlow,FinMind_API_TaiwanStockPrice_2891,True,2026-09-22T15:48:52,2026-09-22T15:48:52,2026-09-22T15:48:52
2891,中信金,2021-01-11,19.95,-0.05000000000000071,-0.25%,,9.78,,,,,,,ShowDailyK_ChartFlow,FinMind_API_TaiwanStockPrice_2891,True,2026-09-22T15:48:52,2026-09-22T15:48:52,2026-09-22T15:48:52
2891,中信金,2021-01-12,19.7,-0.25,-1.25%,,9.66,,,,,,,ShowDailyK_ChartFlow,FinMind_API_TaiwanStockPrice_2891,True,2026-09-22T15:48:52,2026-09-22T15:48:52,2026-09-22T15:48:52
2891,中信金,2021-01-13,19.85,0.15000000000000213,0.76%,,9.73,,,,,,,ShowDailyK_ChartFlow,FinMind_API_TaiwanStockPrice_2891,True,2026-09-22T15:48:52,2026-09-22T15:48:52,2026-09-22T15:48:52
2891,中信金,2021-01-14,19.85,0.0,0.00%,,9.73,,,,,,,ShowDailyK_ChartFlow,FinMind_API_TaiwanStockPrice_2891,True,2026-09-22T15:48:52,2026-09-22T15:48:52,2026-09-22T15:48:52
2891,中信金,2021-01-15,19.7,-0.15000000000000213,-0.76%,,9.66,,,,,,,ShowDailyK_ChartFlow,FinMind_API_TaiwanStockPrice_2891,True,2026-09-22T15:48:52,2026-09-22T15:48:52,2026-09-22T15:48:52
2891,中信金,2021-01-18,19.7,0.0,0.00%,,9.66,,,,,,,ShowDailyK_ChartFlow,FinMind_API_TaiwanStockPrice_2891,True,2026-09-22T15:48:52,2026-09-22T15:48:52,2026-09-22T15:48:52
2891,中信金,2021-01-19,19.65,-0.05000000000000071,-0.25%,,9.63,,,,,,,ShowDailyK_ChartFlow,FinMind_API_TaiwanStockPrice_2891,True,2026-09-22T15:48:52,2026-09-22T15:48:52,2026-09-22T15:48:52
2891,中信金,2021-01-20,19.2,-0.4499999999999993,-2.29%,,9.41,,,,,,,ShowDailyK_ChartFlow,FinMind_API_TaiwanStockPrice_2891,True,2026-09-22T15:48:52,2026-09-22T15:48:52,2026-09-22T15:48:52
2891,中信金,2021-01-21,19.25,0.05000000000000071,0.26%,,9.44,,,,,,,ShowDailyK_ChartFlow,FinMind_API_TaiwanStockPrice_2891,True,2026-09-22T15:48:52,2026-09-22T15:48:52,2026-09-22T15:48:52
2891,中信金,2021-01-22,19.2,-0.05000000000000071,-0.26%,,9.41,,,,,,,ShowDailyK_ChartFlow,FinMind_API_TaiwanStockPrice_2891,True,2026-09-22T15:48:52,2026-09-22T15:48:52,2026-09-22T15:48:52
2891,中信金,2021-01-25,19.6,0.40000000000000213,2.08%,,9.61,,,,,,,ShowDailyK_ChartFlow,FinMind_API_TaiwanStockPrice_2891,True,2026-09-22T15:48:52,2026-09-22T15:48:52,2026-09-22T15:48:52
2891,中信金,2021-01-26,19.3,-0.3000000000000007,-1.53%,,9.46,,,,,,,ShowDailyK_ChartFlow,FinMind_API_TaiwanStockPrice_2891,True,2026-09-22T15:48:52,2026-09-22T15:48:52,2026-09-22T15:48:52
2891,中信金,2021-01-27,19.4,0.09999999999999787,0.52%,,9.51,,,,,,,ShowDailyK_ChartFlow,FinMind_API_TaiwanStockPrice_2891,True,2026-09-22T15:48:52,2026-09-22T15:48:52,2026-09-22T15:48:52
2891,中信金,2021-01-28,19.2,-0.1999999999999993,-1.03%,,9.41,,,,,,,ShowDailyK_ChartFlow,FinMind_API_TaiwanStockPrice_2891,True,2026-09-22T15:48:52,2026-09-22T15:48:52,2026-09-22T15:48:52
2891,中信金,2021-01-29,19.0,-0.1999999999999993,-1.04%,,9.31,,,,,,,ShowDailyK_ChartFlow,FinMind_API_TaiwanStockPrice_2891,True,2026-09-22T15:48:52,2026-09-22T15:48:52,2026-09-22T15:48:52
2891,中信金,2021-02-01,19.15,0.14999999999999858,0.79%,,9.39,,,,,,,ShowDailyK_ChartFlow,FinMind_API_TaiwanStockPrice_2891,True,2026-09-22T15:48:52,2026-09-22T15:48:52,2026-09-22T15:48:52
2891,中信金,2021-02-02,19.25,0.10000000000000142,0.52%,,9.44,,,,,,,ShowDailyK_ChartFlow,FinMind_API_TaiwanStockPrice_2891,True,2026-09-22T15:48:52,2026-09-22T15:48:52,2026-09-22T15:48:52
2891,中信金,2021-02-03,19.25,0.0,0.00%,,9.44,,,,,,,ShowDailyK_ChartFlow,FinMind_API_TaiwanStockPrice_2891,True,2026-09-22T15:48:52,2026-09-22T15:48:52,2026-09-22T15:48:52
2891,中信金,2021-02-04,19.2,-0.05000000000000071,-0.26%,,9.41,,,,,,,ShowDailyK_ChartFlow,FinMind_API_TaiwanStockPrice_2891,True,2026-09-22T15:48:52,2026-09-22T15:48:52,2026-09-22T15:48:52
2891,中信金,2021-02-05,19.4,0.1999999999999993,1.04%,,9.51,,,,,,,ShowDailyK_ChartFlow,FinMind_API_TaiwanStockPrice_2891,True,2026-09-22T15:48:52,2026-09-22T15:48:52,2026-09-22T15:48:52
2891,中信金,2021-02-17,19.9,0.5,2.58%,,9.75,,,,,,,ShowDailyK_ChartFlow,FinMind_API_TaiwanStockPrice_2891,True,2026-09-22T15:48:52,2026-09-22T15:48:52,2026-09-22T15:48:52
2891,中信金,2021-02-18,20.0,0.10000000000000142,0.50%,,9.8,,,,,,,ShowDailyK_ChartFlow,FinMind_API_TaiwanStockPrice_2891,True,2026-09-22T15:48:52,2026-09-22T15:48:52,2026-09-22T15:48:52
2891,中信金,2021-02-19,20.2,0.1999999999999993,1.00%,,9.9,,,,,,,ShowDailyK_ChartFlow,FinMind_API_TaiwanStockPrice_2891,True,2026-09-22T15:48:52,2026-09-22T15:48:52,2026-09-22T15:48:52
2891,中信金,2021-02-22,20.4,0.1999999999999993,0.99%,,10.0,,,,,,,ShowDailyK_ChartFlow,FinMind_API_TaiwanStockPrice_2891,True,2026-09-22T15:48:52,2026-09-22T15:48:52,2026-09-22T15:48:52
2891,中信金,2021-02-23,20.7,0.3000000000000007,1.47%,,10.15,,,,,,,ShowDailyK_ChartFlow,FinMind_API_TaiwanStockPrice_2891,True,2026-09-22T15:48:52,2026-09-22T15:48:52,2026-09-22T15:48:52
2891,中信金,2021-02-24,20.75,0.05000000000000071,0.24%,,10.17,,,,,,,ShowDailyK_ChartFlow,FinMind_API_TaiwanStockPrice_2891,True,2026-09-22T15:48:52,2026-09-22T15:48:52,2026-09-22T15:48:52
2891,中信金,2021-02-25,20.9,0.14999999999999858,0.72%,,10.25,,,,,,,ShowDailyK_ChartFlow,FinMind_API_TaiwanStockPrice_2891,True,2026-09-22T15:48:52,2026-09-22T15:48:52,2026-09-22T15:48:52
2891,中信金,2021-02-26,20.0,-0.8999999999999986,-4.31%,,9.8,,,,,,,ShowDailyK_ChartFlow,FinMind_API_TaiwanStockPrice_2891,True,2026-09-22T15:48:52,2026-09-22T15:48:52,2026-09-22T15:48:52
2891,中信金,2021-03-02,20.2,0.1999999999999993,1.00%,,9.9,,,,,,,ShowDailyK_ChartFlow,FinMind_API_TaiwanStockPrice_2891,True,2026-09-22T15:48:52,2026-09-22T15:48:52,2026-09-22T15:48:52
2891,中信金,2021-03-03,20.4,0.1999999999999993,0.99%,,10.0,,,,,,,ShowDailyK_ChartFlow,FinMind_API_TaiwanStockPrice_2891,True,2026-09-22T15:48:52,2026-09-22T15:48:52,2026-09-22T15:48:52
2891,中信金,2021-03-04,20.35,-0.04999999999999716,-0.25%,,9.98,,,,,,,ShowDailyK_ChartFlow,FinMind_API_TaiwanStockPrice_2891,True,2026-09-22T15:48:52,2026-09-22T15:48:52,2026-09-22T15:48:52
2891,中信金,2021-03-05,20.3,-0.05000000000000071,-0.25%,,9.95,,,,,,,ShowDailyK_ChartFlow,FinMind_API_TaiwanStockPrice_2891,True,2026-09-22T15:48:52,2026-09-22T15:48:52,2026-09-22T15:48:52
2891,中信金,2021-03-08,20.6,0.3000000000000007,1.48%,,10.1,,,,,,,ShowDailyK_ChartFlow,FinMind_API_TaiwanStockPrice_2891,True,2026-09-22T15:48:52,2026-09-22T15:48:52,2026-09-22T15:48:52
2891,中信金,2021-03-09,21.1,0.5,2.43%,,10.34,,,,,,,ShowDailyK_ChartFlow,FinMind_API_TaiwanStockPrice_2891,True,2026-09-22T15:48:52,2026-09-22T15:48:52,2026-09-22T15:48:52
2891,中信金,2021-03-10,21.2,0.09999999999999787,0.47%,,10.39,,,,,,,ShowDailyK_ChartFlow,FinMind_API_TaiwanStockPrice_2891,True,2026-09-22T15:48:52,2026-09-22T15:48:52,2026-09-22T15:48:52
2891,中信金,2021-03-11,21.1,-0.09999999999999787,-0.47%,,10.34,,,,,,,ShowDailyK_ChartFlow,FinMind_API_TaiwanStockPrice_2891,True,2026-09-22T15:48:52,2026-09-22T15:48:52,2026-09-22T15:48:52
2891,中信金,2021-03-12,21.35,0.25,1.18%,,10.47,,,,,,,ShowDailyK_ChartFlow,FinMind_API_TaiwanStockPrice_2891,True,2026-09-22T15:48:52,2026-09-22T15:48:52,2026-09-22T15:48:52
2891,中信金,2021-03-15,21.75,0.3999999999999986,1.87%,,10.66,,,,,,,ShowDailyK_ChartFlow,FinMind_API_TaiwanStockPrice_2891,True,2026-09-22T15:48:52,2026-09-22T15:48:52,2026-09-22T15:48:52
2891,中信金,2021-03-16,21.8,0.05000000000000071,0.23%,,10.69,,,,,,,ShowDailyK_ChartFlow,FinMind_API_TaiwanStockPrice_2891,True,2026-09-22T15:48:52,2026-09-22T15:48:52,2026-09-22T15:48:52
2891,中信金,2021-03-17,21.6,-0.1999999999999993,-0.92%,,10.59,,,,,,,ShowDailyK_ChartFlow,FinMind_API_TaiwanStockPrice_2891,True,2026-09-22T15:48:52,2026-09-22T15:48:52,2026-09-22T15:48:52
2891,中信金,2021-03-18,21.55,-0.05000000000000071,-0.23%,,10.56,,,,,,,ShowDailyK_ChartFlow,FinMind_API_TaiwanStockPrice_2891,True,2026-09-22T15:48:52,2026-09-22T15:48:52,2026-09-22T15:48:52
2891,中信金,2021-03-19,21.3,-0.25,-1.16%,,10.44,,,,,,,ShowDailyK_ChartFlow,FinMind_API_TaiwanStockPrice_2891,True,2026-09-22T15:48:52,2026-09-22T15:48:52,2026-09-22T15:48:52
2891,中信金,2021-03-22,21.35,0.05000000000000071,0.23%,,9.98,,,,,,,ShowDailyK_ChartFlow,FinMind_API_TaiwanStockPrice_2891,True,2026-09-22T15:48:52,2026-09-22T15:48:52,2026-09-22T15:48:52
2891,中信金,2021-03-23,21.4,0.04999999999999716,0.23%,,10.0,,,,,,,ShowDailyK_ChartFlow,FinMind_API_TaiwanStockPrice_2891,True,2026-09-22T15:48:52,2026-09-22T15:48:52,2026-09-22T15:48:52
2891,中信金,2021-03-24,21.5,0.10000000000000142,0.47%,,10.05,,,,,,,ShowDailyK_ChartFlow,FinMind_API_TaiwanStockPrice_2891,True,2026-09-22T15:48:52,2026-09-22T15:48:52,2026-09-22T15:48:52
2891,中信金,2021-03-25,21.8,0.3000000000000007,1.40%,,10.19,,,,,,,ShowDailyK_ChartFlow,FinMind_API_TaiwanStockPrice_2891,True,2026-09-22T15:48:52,2026-09-22T15:48:52,2026-09-22T15:48:52
2891,中信金,2021-03-26,21.9,0.09999999999999787,0.46%,,10.23,,,,,,,ShowDailyK_ChartFlow,FinMind_API_TaiwanStockPrice_2891,True,2026-09-22T15:48:52,2026-09-22T15:48:52,2026-09-22T15:48:52
2891,中信金,2021-03-29,22.0,0.10000000000000142,0.46%,,10.28,,,,,,,ShowDailyK_ChartFlow,FinMind_API_TaiwanStockPrice_2891,True,2026-09-22T15:48:52,2026-09-22T15:48:52,2026-09-22T15:48:52
2891,中信金,2021-03-30,22.0,0.0,0.00%,,10.28,,,,,,,ShowDailyK_ChartFlow,FinMind_API_TaiwanStockPrice_2891,True,2026-09-22T15:48:52,2026-09-22T15:48:52,2026-09-22T15:48:52
2891,中信金,2021-03-31,22.1,0.10000000000000142,0.45%,1.01,10.33,15.15,18.18,21.21,24.24,27.27,30.3,ShowDailyK_ChartFlow,FinMind_API_TaiwanStockPrice_2891,True,2026-09-22T15:48:52,2026-09-22T15:48:52,2026-09-22T15:48:52
2891,中信金,2021-04-01,21.85,-0.25,-1.13%,1.01,10.21,15.15,18.18,21.21,24.24,27.27,30.3,ShowDailyK_ChartFlow,FinMind_API_TaiwanStockPrice_2891,True,2026-09-22T15:48:52,2026-09-22T15:48:52,2026-09-22T15:48:52
2891,中信金,2021-04-06,21.95,0.09999999999999787,0.46%,1.01,10.26,15.15,18.18,21.21,24.24,27.27,30.3,ShowDailyK_ChartFlow,FinMind_API_TaiwanStockPrice_2891,True,2026-09-22T15:48:52,2026-09-22T15:48:52,2026-09-22T15:48:52
2891,中信金,2021-04-07,22.0,0.05000000000000071,0.23%,1.01,10.28,15.15,18.18,21.21,24.24,27.27,30.3,ShowDailyK_ChartFlow,FinMind_API_TaiwanStockPrice_2891,True,2026-09-22T15:48:52,2026-09-22T15:48:52,2026-09-22T15:48:52
2891,中信金,2021-04-08,21.8,-0.1999999999999993,-0.91%,1.01,10.19,15.15,18.18,21.21,24.24,27.27,30.3,ShowDailyK_ChartFlow,FinMind_API_TaiwanStockPrice_2891,True,2026-09-22T15:48:52,2026-09-22T15:48:52,2026-09-22T15:48:52
2891,中信金,2021-04-09,21.6,-0.1999999999999993,-0.92%,1.01,10.09,15.15,18.18,21.21,24.24,27.27,30.3,ShowDailyK_ChartFlow,FinMind_API_TaiwanStockPrice_2891,True,2026-09-22T15:48:52,2026-09-22T15:48:52,2026-09-22T15:48:52
2891,中信金,2021-04-12,21.9,0.29999999999999716,1.39%,1.01,10.23,15.15,18.18,21.21,24.24,27.27,30.3,ShowDailyK_ChartFlow,FinMind_API_TaiwanStockPrice_2891,True,2026-09-22T15:48:52,2026-09-22T15:48:52,2026-09-22T15:48:52
2891,中信金,2021-04-13,22.1,0.20000000000000284,0.91%,1.01,10.33,15.15,18.18,21.21,24.24,27.27,30.3,ShowDailyK_ChartFlow,FinMind_API_TaiwanStockPrice_2891,True,2026-09-22T15:48:52,2026-09-22T15:48:52,2026-09-22T15:48:52
2891,中信金,2021-04-14,22.1,0.0,0.00%,1.01,10.33,15.15,18.18,21.21,24.24,27.27,30.3,ShowDailyK_ChartFlow,FinMind_API_TaiwanStockPrice_2891,True,2026-09-22T15:48:52,2026-09-22T15:48:52,2026-09-22T15:48:52
2891,中信金,2021-04-15,22.25,0.14999999999999858,0.68%,1.01,10.4,15.15,18.18,21.21,24.24,27.27,30.3,ShowDailyK_ChartFlow,FinMind_API_TaiwanStockPrice_2891,True,2026-09-22T15:48:52,2026-09-22T15:48:52,2026-09-22T15:48:52
2891,中信金,2021-04-16,22.25,0.0,0.00%,1.01,10.4,15.15,18.18,21.21,24.24,27.27,30.3,ShowDailyK_ChartFlow,FinMind_API_TaiwanStockPrice_2891,True,2026-09-22T15:48:52,2026-09-22T15:48:52,2026-09-22T15:48:52
2891,中信金,2021-04-19,22.8,0.5500000000000007,2.47%,1.01,10.65,15.15,18.18,21.21,24.24,27.27,30.3,ShowDailyK_ChartFlow,FinMind_API_TaiwanStockPrice_2891,True,2026-09-22T15:48:52,2026-09-22T15:48:52,2026-09-22T15:48:52
2891,中信金,2021-04-20,22.9,0.09999999999999787,0.44%,1.01,10.7,15.15,18.18,21.21,24.24,27.27,30.3,ShowDailyK_ChartFlow,FinMind_API_TaiwanStockPrice_2891,True,2026-09-22T15:48:52,2026-09-22T15:48:52,2026-09-22T15:48:52
2891,中信金,2021-04-21,22.9,0.0,0.00%,1.01,10.7,15.15,18.18,21.21,24.24,27.27,30.3,ShowDailyK_ChartFlow,FinMind_API_TaiwanStockPrice_2891,True,2026-09-22T15:48:52,2026-09-22T15:48:52,2026-09-22T15:48:52
2891,中信金,2021-04-22,22.9,0.0,0.00%,1.01,10.7,15.15,18.18,21.21,24.24,27.27,30.3,ShowDailyK_ChartFlow,FinMind_API_TaiwanStockPrice_2891,True,2026-09-22T15:48:52,2026-09-22T15:48:52,2026-09-22T15:48:52
2891,中信金,2021-04-23,22.8,-0.09999999999999787,-0.44%,1.01,10.65,15.15,18.18,21.21,24.24,27.27,30.3,ShowDailyK_ChartFlow,FinMind_API_TaiwanStockPrice_2891,True,2026-09-22T15:48:52,2026-09-22T15:48:52,2026-09-22T15:48:52
2891,中信金,2021-04-26,23.1,0.3000000000000007,1.32%,1.01,10.79,15.15,18.18,21.21,24.24,27.27,30.3,ShowDailyK_ChartFlow,FinMind_API_TaiwanStockPrice_2891,True,2026-09-22T15:48:52,2026-09-22T15:48:52,2026-09-22T15:48:52
2891,中信金,2021-04-27,23.15,0.04999999999999716,0.22%,1.01,10.82,15.15,18.18,21.21,24.24,27.27,30.3,ShowDailyK_ChartFlow,FinMind_API_TaiwanStockPrice_2891,True,2026-09-22T15:48:52,2026-09-22T15:48:52,2026-09-22T15:48:52
2891,中信金,2021-04-28,23.25,0.10000000000000142,0.43%,1.01,10.86,15.15,18.18,21.21,24.24,27.27,30.3,ShowDailyK_ChartFlow,FinMind_API_TaiwanStockPrice_2891,True,2026-09-22T15:48:52,2026-09-22T15:48:52,2026-09-22T15:48:52
2891,中信金,2021-04-29,22.8,-0.4499999999999993,-1.94%,1.01,10.65,15.15,18.18,21.21,24.24,27.27,30.3,ShowDailyK_ChartFlow,FinMind_API_TaiwanStockPrice_2891,True,2026-09-22T15:48:52,2026-09-22T15:48:52,2026-09-22T15:48:52
2891,中信金,2021-05-03,22.75,-0.05000000000000071,-0.22%,1.01,10.63,15.15,18.18,21.21,24.24,27.27,30.3,ShowDailyK_ChartFlow,FinMind_API_TaiwanStockPrice_2891,True,2026-09-22T15:48:52,2026-09-22T15:48:52,2026-09-22T15:48:52
2891,中信金,2021-05-04,22.35,-0.3999999999999986,-1.76%,1.01,10.44,15.15,18.18,21.21,24.24,27.27,30.3,ShowDailyK_ChartFlow,FinMind_API_TaiwanStockPrice_2891,True,2026-09-22T15:48:52,2026-09-22T15:48:52,2026-09-22T15:48:52
2891,中信金,2021-05-05,22.5,0.14999999999999858,0.67%,1.01,10.51,15.15,18.18,21.21,24.24,27.27,30.3,ShowDailyK_ChartFlow,FinMind_API_TaiwanStockPrice_2891,True,2026-09-22T15:48:52,2026-09-22T15:48:52,2026-09-22T15:48:52
2891,中信金,2021-05-06,23.0,0.5,2.22%,1.01,10.75,15.15,18.18,21.21,24.24,27.27,30.3,ShowDailyK_ChartFlow,FinMind_API_TaiwanStockPrice_2891,True,2026-09-22T15:48:52,2026-09-22T15:48:52,2026-09-22T15:48:52
2891,中信金,2021-05-07,23.1,0.10000000000000142,0.43%,1.01,10.79,15.15,18.18,21.21,24.24,27.27,30.3,ShowDailyK_ChartFlow,FinMind_API_TaiwanStockPrice_2891,True,2026-09-22T15:48:52,2026-09-22T15:48:52,2026-09-22T15:48:52
2891,中信金,2021-05-10,23.95,0.8499999999999979,3.68%,1.01,11.19,15.15,18.18,21.21,24.24,27.27,30.3,ShowDailyK_ChartFlow,FinMind_API_TaiwanStockPrice_2891,True,2026-09-22T15:48:52,2026-09-22T15:48:52,2026-09-22T15:48:52
2891,中信金,2021-05-11,23.65,-0.3000000000000007,-1.25%,1.01,11.05,15.15,18.18,21.21,24.24,27.27,30.3,ShowDailyK_ChartFlow,FinMind_API_TaiwanStockPrice_2891,True,2026-09-22T15:48:52,2026-09-22T15:48:52,2026-09-22T15:48:52
2891,中信金,2021-05-12,22.35,-1.2999999999999972,-5.50%,1.01,10.44,15.15,18.18,21.21,24.24,27.27,30.3,ShowDailyK_ChartFlow,FinMind_API_TaiwanStockPrice_2891,True,2026-09-22T15:48:52,2026-09-22T15:48:52,2026-09-22T15:48:52
2891,中信金,2021-05-13,22.05,-0.3000000000000007,-1.34%,1.01,10.3,15.15,18.18,21.21,24.24,27.27,30.3,ShowDailyK_ChartFlow,FinMind_API_TaiwanStockPrice_2891,True,2026-09-22T15:48:52,2026-09-22T15:48:52,2026-09-22T15:48:52
2891,中信金,2021-05-14,22.0,-0.05000000000000071,-0.23%,1.01,10.28,15.15,18.18,21.21,24.24,27.27,30.3,ShowDailyK_ChartFlow,FinMind_API_TaiwanStockPrice_2891,True,2026-09-22T15:48:52,2026-09-22T15:48:52,2026-09-22T15:48:52
2891,中信金,2021-05-17,21.55,-0.4499999999999993,-2.05%,1.01,10.07,15.15,18.18,21.21,24.24,27.27,30.3,ShowDailyK_ChartFlow,FinMind_API_TaiwanStockPrice_2891,True,2026-09-22T15:48:52,2026-09-22T15:48:52,2026-09-22T15:48:52
2891,中信金,2021-05-18,22.5,0.9499999999999993,4.41%,1.01,10.51,15.15,18.18,21.21,24.24,27.27,30.3,ShowDailyK_ChartFlow,FinMind_API_TaiwanStockPrice_2891,True,2026-09-22T15:48:52,2026-09-22T15:48:52,2026-09-22T15:48:52
2891,中信金,2021-05-19,22.25,-0.25,-1.11%,1.01,10.4,15.15,18.18,21.21,24.24,27.27,30.3,ShowDailyK_ChartFlow,FinMind_API_TaiwanStockPrice_2891,True,2026-09-22T15:48:52,2026-09-22T15:48:52,2026-09-22T15:48:52
2891,中信金,2021-05-20,22.3,0.05000000000000071,0.22%,1.01,10.42,15.15,18.18,21.21,24.24,27.27,30.3,ShowDailyK_ChartFlow,FinMind_API_TaiwanStockPrice_2891,True,2026-09-22T15:48:52,2026-09-22T15:48:52,2026-09-22T15:48:52
2891,中信金,2021-05-21,22.6,0.3000000000000007,1.35%,1.01,10.56,15.15,18.18,21.21,24.24,27.27,30.3,ShowDailyK_ChartFlow,FinMind_API_TaiwanStockPrice_2891,True,2026-09-22T15:48:52,2026-09-22T15:48:52,2026-09-22T15:48:52
2891,中信金,2021-05-24,22.5,-0.10000000000000142,-0.44%,1.01,8.93,15.15,18.18,21.21,24.24,27.27,30.3,ShowDailyK_ChartFlow,FinMind_API_TaiwanStockPrice_2891,True,2026-09-22T15:48:52,2026-09-22T15:48:52,2026-09-22T15:48:52
2891,中信金,2021-05-25,22.85,0.3500000000000014,1.56%,1.01,9.07,15.15,18.18,21.21,24.24,27.27,30.3,ShowDailyK_ChartFlow,FinMind_API_TaiwanStockPrice_2891,True,2026-09-22T15:48:52,2026-09-22T15:48:52,2026-09-22T15:48:52
2891,中信金,2021-05-26,23.0,0.14999999999999858,0.66%,1.01,9.13,15.15,18.18,21.21,24.24,27.27,30.3,ShowDailyK_ChartFlow,FinMind_API_TaiwanStockPrice_2891,True,2026-09-22T15:48:52,2026-09-22T15:48:52,2026-09-22T15:48:52
2891,中信金,2021-05-27,22.4,-0.6000000000000014,-2.61%,1.01,8.89,15.15,18.18,21.21,24.24,27.27,30.3,ShowDailyK_ChartFlow,FinMind_API_TaiwanStockPrice_2891,True,2026-09-22T15:48:52,2026-09-22T15:48:52,2026-09-22T15:48:52
2891,中信金,2021-05-28,23.0,0.6000000000000014,2.68%,1.01,9.13,15.15,18.18,21.21,24.24,27.27,30.3,ShowDailyK_ChartFlow,FinMind_API_TaiwanStockPrice_2891,True,2026-09-22T15:48:52,2026-09-22T15:48:52,2026-09-22T15:48:52
2891,中信金,2021-05-31,23.05,0.05000000000000071,0.22%,1.01,9.15,15.15,18.18,21.21,24.24,27.27,30.3,ShowDailyK_ChartFlow,FinMind_API_TaiwanStockPrice_2891,True,2026-09-22T15:48:52,2026-09-22T15:48:52,2026-09-22T15:48:52
2891,中信金,2021-06-01,23.0,-0.05000000000000071,-0.22%,1.01,9.13,15.15,18.18,21.21,24.24,27.27,30.3,ShowDailyK_ChartFlow,FinMind_API_TaiwanStockPrice_2891,True,2026-09-22T15:48:52,2026-09-22T15:48:52,2026-09-22T15:48:52
2891,中信金,2021-06-02,22.95,-0.05000000000000071,-0.22%,1.01,9.11,15.15,18.18,21.21,24.24,27.27,30.3,ShowDailyK_ChartFlow,FinMind_API_TaiwanStockPrice_2891,True,2026-09-22T15:48:52,2026-09-22T15:48:52,2026-09-22T15:48:52
2891,中信金,2021-06-03,22.9,-0.05000000000000071,-0.22%,1.01,9.09,15.15,18.18,21.21,24.24,27.27,30.3,ShowDailyK_ChartFlow,FinMind_API_TaiwanStockPrice_2891,True,2026-09-22T15:48:52,2026-09-22T15:48:52,2026-09-22T15:48:52
2891,中信金,2021-06-04,22.75,-0.14999999999999858,-0.66%,1.01,9.03,15.15,18.18,21.21,24.24,27.27,30.3,ShowDailyK_ChartFlow,FinMind_API_TaiwanStockPrice_2891,True,2026-09-22T15:48:52,2026-09-22T15:48:52,2026-09-22T15:48:52
2891,中信金,2021-06-07,22.55,-0.1999999999999993,-0.88%,1.01,8.95,15.15,18.18,21.21,24.24,27.27,30.3,ShowDailyK_ChartFlow,FinMind_API_TaiwanStockPrice_2891,True,2026-09-22T15:48:52,2026-09-22T15:48:52,2026-09-22T15:48:52
2891,中信金,2021-06-08,22.55,0.0,0.00%,1.01,8.95,15.15,18.18,21.21,24.24,27.27,30.3,ShowDailyK_ChartFlow,FinMind_API_TaiwanStockPrice_2891,True,2026-09-22T15:48:52,2026-09-22T15:48:52,2026-09-22T15:48:52
2891,中信金,2021-06-09,22.45,-0.10000000000000142,-0.44%,1.01,8.91,15.15,18.18,21.21,24.24,27.27,30.3,ShowDailyK_ChartFlow,FinMind_API_TaiwanStockPrice_2891,True,2026-09-22T15:48:52,2026-09-22T15:48:52,2026-09-22T15:48:52
2891,中信金,2021-06-10,22.5,0.05000000000000071,0.22%,1.01,8.93,15.15,18.18,21.21,24.24,27.27,30.3,ShowDailyK_ChartFlow,FinMind_API_TaiwanStockPrice_2891,True,2026-09-22T15:48:52,2026-09-22T15:48:52,2026-09-22T15:48:52
2891,中信金,2021-06-11,22.5,0.0,0.00%,1.01,8.93,15.15,18.18,21.21,24.24,27.27,30.3,ShowDailyK_ChartFlow,FinMind_API_TaiwanStockPrice_2891,True,2026-09-22T15:48:52,2026-09-22T15:48:52,2026-09-22T15:48:52
2891,中信金,2021-06-15,22.4,-0.10000000000000142,-0.44%,1.01,8.89,15.15,18.18,21.21,24.24,27.27,30.3,ShowDailyK_ChartFlow,FinMind_API_TaiwanStockPrice_2891,True,2026-09-22T15:48:52,2026-09-22T15:48:52,2026-09-22T15:48:52
2891,中信金,2021-06-16,22.4,0.0,0.00%,1.01,8.89,15.15,18.18,21.21,24.24,27.27,30.3,ShowDailyK_ChartFlow,FinMind_API_TaiwanStockPrice_2891,True,2026-09-22T15:48:52,2026-09-22T15:48:52,2026-09-22T15:48:52
2891,中信金,2021-06-17,22.3,-0.09999999999999787,-0.45%,1.01,8.85,15.15,18.18,21.21,24.24,27.27,30.3,ShowDailyK_ChartFlow,FinMind_API_TaiwanStockPrice_2891,True,2026-09-22T15:48:52,2026-09-22T15:48:52,2026-09-22T15:48:52
2891,中信金,2021-06-18,22.15,-0.15000000000000213,-0.67%,1.01,8.79,15.15,18.18,21.21,24.24,27.27,30.3,ShowDailyK_ChartFlow,FinMind_API_TaiwanStockPrice_2891,True,2026-09-22T15:48:52,2026-09-22T15:48:52,2026-09-22T15:48:52
2891,中信金,2021-06-21,22.25,0.10000000000000142,0.45%,1.01,8.83,15.15,18.18,21.21,24.24,27.27,30.3,ShowDailyK_ChartFlow,FinMind_API_TaiwanStockPrice_2891,True,2026-09-22T15:48:52,2026-09-22T15:48:52,2026-09-22T15:48:52
2891,中信金,2021-06-22,22.3,0.05000000000000071,0.22%,1.01,8.85,15.15,18.18,21.21,24.24,27.27,30.3,ShowDailyK_ChartFlow,FinMind_API_TaiwanStockPrice_2891,True,2026-09-22T15:48:52,2026-09-22T15:48:52,2026-09-22T15:48:52
2891,中信金,2021-06-23,22.55,0.25,1.12%,1.01,8.95,15.15,18.18,21.21,24.24,27.27,30.3,ShowDailyK_ChartFlow,FinMind_API_TaiwanStockPrice_2891,True,2026-09-22T15:48:52,2026-09-22T15:48:52,2026-09-22T15:48:52
2891,中信金,2021-06-24,22.55,0.0,0.00%,1.01,8.95,15.15,18.18,21.21,24.24,27.27,30.3,ShowDailyK_ChartFlow,FinMind_API_TaiwanStockPrice_2891,True,2026-09-22T15:48:52,2026-09-22T15:48:52,2026-09-22T15:48:52
2891,中信金,2021-06-25,22.75,0.1999999999999993,0.89%,1.01,9.03,15.15,18.18,21.21,24.24,27.27,30.3,ShowDailyK_ChartFlow,FinMind_API_TaiwanStockPrice_2891,True,2026-09-22T15:48:52,2026-09-22T15:48:52,2026-09-22T15:48:52
2891,中信金,2021-06-28,22.65,-0.10000000000000142,-0.44%,1.01,8.99,15.15,18.18,21.21,24.24,27.27,30.3,ShowDailyK_ChartFlow,FinMind_API_TaiwanStockPrice_2891,True,2026-09-22T15:48:52,2026-09-22T15:48:52,2026-09-22T15:48:52
2891,中信金,2021-06-29,22.6,-0.04999999999999716,-0.22%,1.01,8.97,15.15,18.18,21.21,24.24,27.27,30.3,ShowDailyK_ChartFlow,FinMind_API_TaiwanStockPrice_2891,True,2026-09-22T15:48:52,2026-09-22T15:48:52,2026-09-22T15:48:52
2891,中信金,2021-06-30,22.7,0.09999999999999787,0.44%,1.72,9.01,25.8,30.96,36.12,41.28,46.44,51.6,ShowDailyK_ChartFlow,FinMind_API_TaiwanStockPrice_2891,True,2026-09-22T15:48:52,2026-09-22T15:48:52,2026-09-22T15:48:52
2891,中信金,2021-07-01,22.55,-0.14999999999999858,-0.66%,1.72,8.95,25.8,30.96,36.12,41.28,46.44,51.6,ShowDailyK_ChartFlow,FinMind_API_TaiwanStockPrice_2891,True,2026-09-22T15:48:52,2026-09-22T15:48:52,2026-09-22T15:48:52
2891,中信金,2021-07-02,22.4,-0.15000000000000213,-0.67%,1.72,8.89,25.8,30.96,36.12,41.28,46.44,51.6,ShowDailyK_ChartFlow,FinMind_API_TaiwanStockPrice_2891,True,2026-09-22T15:48:52,2026-09-22T15:48:52,2026-09-22T15:48:52
2891,中信金,2021-07-05,22.5,0.10000000000000142,0.45%,1.72,8.93,25.8,30.96,36.12,41.28,46.44,51.6,ShowDailyK_ChartFlow,FinMind_API_TaiwanStockPrice_2891,True,2026-09-22T15:48:52,2026-09-22T15:48:52,2026-09-22T15:48:52
2891,中信金,2021-07-06,22.6,0.10000000000000142,0.44%,1.72,8.97,25.8,30.96,36.12,41.28,46.44,51.6,ShowDailyK_ChartFlow,FinMind_API_TaiwanStockPrice_2891,True,2026-09-22T15:48:52,2026-09-22T15:48:52,2026-09-22T15:48:52
2891,中信金,2021-07-07,22.65,0.04999999999999716,0.22%,1.72,8.99,25.8,30.96,36.12,41.28,46.44,51.6,ShowDailyK_ChartFlow,FinMind_API_TaiwanStockPrice_2891,True,2026-09-22T15:48:52,2026-09-22T15:48:52,2026-09-22T15:48:52
2891,中信金,2021-07-08,22.85,0.20000000000000284,0.88%,1.72,9.07,25.8,30.96,36.12,41.28,46.44,51.6,ShowDailyK_ChartFlow,FinMind_API_TaiwanStockPrice_2891,True,2026-09-22T15:48:52,2026-09-22T15:48:52,2026-09-22T15:48:52
2891,中信金,2021-07-09,22.7,-0.15000000000000213,-0.66%,1.72,9.01,25.8,30.96,36.12,41.28,46.44,51.6,ShowDailyK_ChartFlow,FinMind_API_TaiwanStockPrice_2891,True,2026-09-22T15:48:52,2026-09-22T15:48:52,2026-09-22T15:48:52
2891,中信金,2021-07-12,22.65,-0.05000000000000071,-0.22%,1.72,8.99,25.8,30.96,36.12,41.28,46.44,51.6,ShowDailyK_ChartFlow,FinMind_API_TaiwanStockPrice_2891,True,2026-09-22T15:48:52,2026-09-22T15:48:52,2026-09-22T15:48:52
2891,中信金,2021-07-13,22.7,0.05000000000000071,0.22%,1.72,9.01,25.8,30.96,36.12,41.28,46.44,51.6,ShowDailyK_ChartFlow,FinMind_API_TaiwanStockPrice_2891,True,2026-09-22T15:48:52,2026-09-22T15:48:52,2026-09-22T15:48:52
2891,中信金,2021-07-14,22.7,0.0,0.00%,1.72,9.01,25.8,30.96,36.12,41.28,46.44,51.6,ShowDailyK_ChartFlow,FinMind_API_TaiwanStockPrice_2891,True,2026-09-22T15:48:52,2026-09-22T15:48:52,2026-09-22T15:48:52
2891,中信金,2021-07-15,22.75,0.05000000000000071,0.22%,1.72,9.03,25.8,30.96,36.12,41.28,46.44,51.6,ShowDailyK_ChartFlow,FinMind_API_TaiwanStockPrice_2891,True,2026-09-22T15:48:52,2026-09-22T15:48:52,2026-09-22T15:48:52
2891,中信金,2021-07-16,23.05,0.3000000000000007,1.32%,1.72,9.15,25.8,30.96,36.12,41.28,46.44,51.6,ShowDailyK_ChartFlow,FinMind_API_TaiwanStockPrice_2891,True,2026-09-22T15:48:52,2026-09-22T15:48:52,2026-09-22T15:48:52
2891,中信金,2021-07-19,23.0,-0.05000000000000071,-0.22%,1.72,9.13,25.8,30.96,36.12,41.28,46.44,51.6,ShowDailyK_ChartFlow,FinMind_API_TaiwanStockPrice_2891,True,2026-09-22T15:48:52,2026-09-22T15:48:52,2026-09-22T15:48:52
2891,中信金,2021-07-20,22.65,-0.3500000000000014,-1.52%,1.72,8.99,25.8,30.96,36.12,41.28,46.44,51.6,ShowDailyK_ChartFlow,FinMind_API_TaiwanStockPrice_2891,True,2026-09-22T15:48:52,2026-09-22T15:48:52,2026-09-22T15:48:52
2891,中信金,2021-07-21,22.7,0.05000000000000071,0.22%,1.72,9.01,25.8,30.96,36.12,41.28,46.44,51.6,ShowDailyK_ChartFlow,FinMind_API_TaiwanStockPrice_2891,True,2026-09-22T15:48:52,2026-09-22T15:48:52,2026-09-22T15:48:52
2891,中信金,2021-07-22,22.85,0.15000000000000213,0.66%,1.72,9.07,25.8,30.96,36.12,41.28,46.44,51.6,ShowDailyK_ChartFlow,FinMind_API_TaiwanStockPrice_2891,True,2026-09-22T15:48:52,2026-09-22T15:48:52,2026-09-22T15:48:52
2891,中信金,2021-07-23,23.0,0.14999999999999858,0.66%,1.72,9.13,25.8,30.96,36.12,41.28,46.44,51.6,ShowDailyK_ChartFlow,FinMind_API_TaiwanStockPrice_2891,True,2026-09-22T15:48:52,2026-09-22T15:48:52,2026-09-22T15:48:52
2891,中信金,2021-07-26,22.9,-0.10000000000000142,-0.43%,1.72,9.09,25.8,30.96,36.12,41.28,46.44,51.6,ShowDailyK_ChartFlow,FinMind_API_TaiwanStockPrice_2891,True,2026-09-22T15:48:52,2026-09-22T15:48:52,2026-09-22T15:48:52
2891,中信金,2021-07-27,22.85,-0.04999999999999716,-0.22%,1.72,9.07,25.8,30.96,36.12,41.28,46.44,51.6,ShowDailyK_ChartFlow,FinMind_API_TaiwanStockPrice_2891,True,2026-09-22T15:48:52,2026-09-22T15:48:52,2026-09-22T15:48:52
2891,中信金,2021-07-28,22.75,-0.10000000000000142,-0.44%,1.72,9.03,25.8,30.96,36.12,41.28,46.44,51.6,ShowDailyK_ChartFlow,FinMind_API_TaiwanStockPrice_2891,True,2026-09-22T15:48:52,2026-09-22T15:48:52,2026-09-22T15:48:52
2891,中信金,2021-07-29,22.8,0.05000000000000071,0.22%,1.72,9.05,25.8,30.96,36.12,41.28,46.44,51.6,ShowDailyK_ChartFlow,FinMind_API_TaiwanStockPrice_2891,True,2026-09-22T15:48:52,2026-09-22T15:48:52,2026-09-22T15:48:52
2891,中信金,2021-07-30,22.85,0.05000000000000071,0.22%,1.72,9.07,25.8,30.96,36.12,41.28,46.44,51.6,ShowDailyK_ChartFlow,FinMind_API_TaiwanStockPrice_2891,True,2026-09-22T15:48:52,2026-09-22T15:48:52,2026-09-22T15:48:52
2891,中信金,2021-08-02,23.1,0.25,1.09%,1.72,9.17,25.8,30.96,36.12,41.28,46.44,51.6,ShowDailyK_ChartFlow,FinMind_API_TaiwanStockPrice_2891,True,2026-09-22T15:48:52,2026-09-22T15:48:52,2026-09-22T15:48:52
2891,中信金,2021-08-03,23.05,-0.05000000000000071,-0.22%,1.72,9.15,25.8,30.96,36.12,41.28,46.44,51.6,ShowDailyK_ChartFlow,FinMind_API_TaiwanStockPrice_2891,True,2026-09-22T15:48:52,2026-09-22T15:48:52,2026-09-22T15:48:52
2891,中信金,2021-08-04,23.0,-0.05000000000000071,-0.22%,1.72,9.13,25.8,30.96,36.12,41.28,46.44,51.6,ShowDailyK_ChartFlow,FinMind_API_TaiwanStockPrice_2891,True,2026-09-22T15:48:52,2026-09-22T15:48:52,2026-09-22T15:48:52
2891,中信金,2021-08-05,23.1,0.10000000000000142,0.43%,1.72,9.17,25.8,30.96,36.12,41.28,46.44,51.6,ShowDailyK_ChartFlow,FinMind_API_TaiwanStockPrice_2891,True,2026-09-22T15:48:52,2026-09-22T15:48:52,2026-09-22T15:48:52
2891,中信金,2021-08-06,23.1,0.0,0.00%,1.72,9.17,25.8,30.96,36.12,41.28,46.44,51.6,ShowDailyK_ChartFlow,FinMind_API_TaiwanStockPrice_2891,True,2026-09-22T15:48:52,2026-09-22T15:48:52,2026-09-22T15:48:52
2891,中信金,2021-08-09,23.1,0.0,0.00%,1.72,9.17,25.8,30.96,36.12,41.28,46.44,51.6,ShowDailyK_ChartFlow,FinMind_API_TaiwanStockPrice_2891,True,2026-09-22T15:48:52,2026-09-22T15:48:52,2026-09-22T15:48:52
2891,中信金,2021-08-10,23.0,-0.10000000000000142,-0.43%,1.72,9.13,25.8,30.96,36.12,41.28,46.44,51.6,ShowDailyK_ChartFlow,FinMind_API_TaiwanStockPrice_2891,True,2026-09-22T15:48:52,2026-09-22T15:48:52,2026-09-22T15:48:52
2891,中信金,2021-08-11,23.0,0.0,0.00%,1.72,9.13,25.8,30.96,36.12,41.28,46.44,51.6,ShowDailyK_ChartFlow,FinMind_API_TaiwanStockPrice_2891,True,2026-09-22T15:48:52,2026-09-22T15:48:52,2026-09-22T15:48:52
2891,中信金,2021-08-12,22.9,-0.10000000000000142,-0.43%,1.72,9.09,25.8,30.96,36.12,41.28,46.44,51.6,ShowDailyK_ChartFlow,FinMind_API_TaiwanStockPrice_2891,True,2026-09-22T15:48:52,2026-09-22T15:48:52,2026-09-22T15:48:52
2891,中信金,2021-08-13,22.8,-0.09999999999999787,-0.44%,1.72,9.05,25.8,30.96,36.12,41.28,46.44,51.6,ShowDailyK_ChartFlow,FinMind_API_TaiwanStockPrice_2891,True,2026-09-22T15:48:52,2026-09-22T15:48:52,2026-09-22T15:48:52
2891,中信金,2021-08-16,21.4,-1.4000000000000021,-6.14%,1.72,8.49,25.8,30.96,36.12,41.28,46.44,51.6,ShowDailyK_ChartFlow,FinMind_API_TaiwanStockPrice_2891,True,2026-09-22T15:48:52,2026-09-22T15:48:52,2026-09-22T15:48:52
2891,中信金,2021-08-17,21.6,0.20000000000000284,0.93%,1.72,8.57,25.8,30.96,36.12,41.28,46.44,51.6,ShowDailyK_ChartFlow,FinMind_API_TaiwanStockPrice_2891,True,2026-09-22T15:48:52,2026-09-22T15:48:52,2026-09-22T15:48:52
2891,中信金,2021-08-18,21.6,0.0,0.00%,1.72,8.57,25.8,30.96,36.12,41.28,46.44,51.6,ShowDailyK_ChartFlow,FinMind_API_TaiwanStockPrice_2891,True,2026-09-22T15:48:52,2026-09-22T15:48:52,2026-09-22T15:48:52
2891,中信金,2021-08-19,21.35,-0.25,-1.16%,1.72,8.47,25.8,30.96,36.12,41.28,46.44,51.6,ShowDailyK_ChartFlow,FinMind_API_TaiwanStockPrice_2891,True,2026-09-22T15:48:52,2026-09-22T15:48:52,2026-09-22T15:48:52
2891,中信金,2021-08-20,21.15,-0.20000000000000284,-0.94%,1.72,8.39,25.8,30.96,36.12,41.28,46.44,51.6,ShowDailyK_ChartFlow,FinMind_API_TaiwanStockPrice_2891,True,2026-09-22T15:48:52,2026-09-22T15:48:52,2026-09-22T15:48:52
2891,中信金,2021-08-23,21.45,0.3000000000000007,1.42%,1.72,7.5,25.8,30.96,36.12,41.28,46.44,51.6,ShowDailyK_ChartFlow,FinMind_API_TaiwanStockPrice_2891,True,2026-09-22T15:48:52,2026-09-22T15:48:52,2026-09-22T15:48:52
2891,中信金,2021-08-24,22.0,0.5500000000000007,2.56%,1.72,7.69,25.8,30.96,36.12,41.28,46.44,51.6,ShowDailyK_ChartFlow,FinMind_API_TaiwanStockPrice_2891,True,2026-09-22T15:48:52,2026-09-22T15:48:52,2026-09-22T15:48:52
2891,中信金,2021-08-25,22.3,0.3000000000000007,1.36%,1.72,7.8,25.8,30.96,36.12,41.28,46.44,51.6,ShowDailyK_ChartFlow,FinMind_API_TaiwanStockPrice_2891,True,2026-09-22T15:48:52,2026-09-22T15:48:52,2026-09-22T15:48:52
2891,中信金,2021-08-26,22.4,0.09999999999999787,0.45%,1.72,7.83,25.8,30.96,36.12,41.28,46.44,51.6,ShowDailyK_ChartFlow,FinMind_API_TaiwanStockPrice_2891,True,2026-09-22T15:48:52,2026-09-22T15:48:52,2026-09-22T15:48:52
2891,中信金,2021-08-27,22.75,0.3500000000000014,1.56%,1.72,7.95,25.8,30.96,36.12,41.28,46.44,51.6,ShowDailyK_ChartFlow,FinMind_API_TaiwanStockPrice_2891,True,2026-09-22T15:48:52,2026-09-22T15:48:52,2026-09-22T15:48:52
2891,中信金,2021-08-30,22.9,0.14999999999999858,0.66%,1.72,8.01,25.8,30.96,36.12,41.28,46.44,51.6,ShowDailyK_ChartFlow,FinMind_API_TaiwanStockPrice_2891,True,2026-09-22T15:48:52,2026-09-22T15:48:52,2026-09-22T15:48:52
2891,中信金,2021-08-31,23.0,0.10000000000000142,0.44%,1.72,8.04,25.8,30.96,36.12,41.28,46.44,51.6,ShowDailyK_ChartFlow,FinMind_API_TaiwanStockPrice_2891,True,2026-09-22T15:48:52,2026-09-22T15:48:52,2026-09-22T15:48:52
2891,中信金,2021-09-01,23.0,0.0,0.00%,1.72,8.04,25.8,30.96,36.12,41.28,46.44,51.6,ShowDailyK_ChartFlow,FinMind_API_TaiwanStockPrice_2891,True,2026-09-22T15:48:52,2026-09-22T15:48:52,2026-09-22T15:48:52
2891,中信金,2021-09-02,22.7,-0.3000000000000007,-1.30%,1.72,7.94,25.8,30.96,36.12,41.28,46.44,51.6,ShowDailyK_ChartFlow,FinMind_API_TaiwanStockPrice_2891,True,2026-09-22T15:48:52,2026-09-22T15:48:52,2026-09-22T15:48:52
2891,中信金,2021-09-03,22.85,0.15000000000000213,0.66%,1.72,7.99,25.8,30.96,36.12,41.28,46.44,51.6,ShowDailyK_ChartFlow,FinMind_API_TaiwanStockPrice_2891,True,2026-09-22T15:48:52,2026-09-22T15:48:52,2026-09-22T15:48:52
2891,中信金,2021-09-06,22.85,0.0,0.00%,1.72,7.99,25.8,30.96,36.12,41.28,46.44,51.6,ShowDailyK_ChartFlow,FinMind_API_TaiwanStockPrice_2891,True,2026-09-22T15:48:52,2026-09-22T15:48:52,2026-09-22T15:48:52
2891,中信金,2021-09-07,22.85,0.0,0.00%,1.72,7.99,25.8,30.96,36.12,41.28,46.44,51.6,ShowDailyK_ChartFlow,FinMind_API_TaiwanStockPrice_2891,True,2026-09-22T15:48:52,2026-09-22T15:48:52,2026-09-22T15:48:52
2891,中信金,2021-09-08,22.9,0.04999999999999716,0.22%,1.72,8.01,25.8,30.96,36.12,41.28,46.44,51.6,ShowDailyK_ChartFlow,FinMind_API_TaiwanStockPrice_2891,True,2026-09-22T15:48:52,2026-09-22T15:48:52,2026-09-22T15:48:52
2891,中信金,2021-09-09,22.85,-0.04999999999999716,-0.22%,1.72,7.99,25.8,30.96,36.12,41.28,46.44,51.6,ShowDailyK_ChartFlow,FinMind_API_TaiwanStockPrice_2891,True,2026-09-22T15:48:52,2026-09-22T15:48:52,2026-09-22T15:48:52
2891,中信金,2021-09-10,22.95,0.09999999999999787,0.44%,1.72,8.02,25.8,30.96,36.12,41.28,46.44,51.6,ShowDailyK_ChartFlow,FinMind_API_TaiwanStockPrice_2891,True,2026-09-22T15:48:52,2026-09-22T15:48:52,2026-09-22T15:48:52
2891,中信金,2021-09-13,23.0,0.05000000000000071,0.22%,1.72,8.04,25.8,30.96,36.12,41.28,46.44,51.6,ShowDailyK_ChartFlow,FinMind_API_TaiwanStockPrice_2891,True,2026-09-22T15:48:52,2026-09-22T15:48:52,2026-09-22T15:48:52
2891,中信金,2021-09-14,23.0,0.0,0.00%,1.72,8.04,25.8,30.96,36.12,41.28,46.44,51.6,ShowDailyK_ChartFlow,FinMind_API_TaiwanStockPrice_2891,True,2026-09-22T15:48:52,2026-09-22T15:48:52,2026-09-22T15:48:52
2891,中信金,2021-09-15,23.0,0.0,0.00%,1.72,8.04,25.8,30.96,36.12,41.28,46.44,51.6,ShowDailyK_ChartFlow,FinMind_API_TaiwanStockPrice_2891,True,2026-09-22T15:48:52,2026-09-22T15:48:52,2026-09-22T15:48:52
2891,中信金,2021-09-16,23.4,0.3999999999999986,1.74%,1.72,8.18,25.8,30.96,36.12,41.28,46.44,51.6,ShowDailyK_ChartFlow,FinMind_API_TaiwanStockPrice_2891,True,2026-09-22T15:48:52,2026-09-22T15:48:52,2026-09-22T15:48:52
2891,中信金,2021-09-17,23.0,-0.3999999999999986,-1.71%,1.72,8.04,25.8,30.96,36.12,41.28,46.44,51.6,ShowDailyK_ChartFlow,FinMind_API_TaiwanStockPrice_2891,True,2026-09-22T15:48:52,2026-09-22T15:48:52,2026-09-22T15:48:52
2891,中信金,2021-09-22,22.6,-0.3999999999999986,-1.74%,1.72,7.9,25.8,30.96,36.12,41.28,46.44,51.6,ShowDailyK_ChartFlow,FinMind_API_TaiwanStockPrice_2891,True,2026-09-22T15:48:52,2026-09-22T15:48:52,2026-09-22T15:48:52
2891,中信金,2021-09-23,22.95,0.34999999999999787,1.55%,1.72,8.02,25.8,30.96,36.12,41.28,46.44,51.6,ShowDailyK_ChartFlow,FinMind_API_TaiwanStockPrice_2891,True,2026-09-22T15:48:52,2026-09-22T15:48:52,2026-09-22T15:48:52
2891,中信金,2021-09-24,22.8,-0.14999999999999858,-0.65%,1.72,7.97,25.8,30.96,36.12,41.28,46.44,51.6,ShowDailyK_ChartFlow,FinMind_API_TaiwanStockPrice_2891,True,2026-09-22T15:48:52,2026-09-22T15:48:52,2026-09-22T15:48:52
2891,中信金,2021-09-27,22.75,-0.05000000000000071,-0.22%,1.72,7.95,25.8,30.96,36.12,41.28,46.44,51.6,ShowDailyK_ChartFlow,FinMind_API_TaiwanStockPrice_2891,True,2026-09-22T15:48:52,2026-09-22T15:48:52,2026-09-22T15:48:52
2891,中信金,2021-09-28,22.9,0.14999999999999858,0.66%,1.72,8.01,25.8,30.96,36.12,41.28,46.44,51.6,ShowDailyK_ChartFlow,FinMind_API_TaiwanStockPrice_2891,True,2026-09-22T15:48:52,2026-09-22T15:48:52,2026-09-22T15:48:52
2891,中信金,2021-09-29,22.75,-0.14999999999999858,-0.66%,1.72,7.95,25.8,30.96,36.12,41.28,46.44,51.6,ShowDailyK_ChartFlow,FinMind_API_TaiwanStockPrice_2891,True,2026-09-22T15:48:52,2026-09-22T15:48:52,2026-09-22T15:48:52
2891,中信金,2021-09-30,22.9,0.14999999999999858,0.66%,2.33,8.01,34.95,41.94,48.93,55.92,62.91,69.9,ShowDailyK_ChartFlow,FinMind_API_TaiwanStockPrice_2891,True,2026-09-22T15:48:52,2026-09-22T15:48:52,2026-09-22T15:48:52
2891,中信金,2021-10-01,22.5,-0.3999999999999986,-1.75%,2.33,7.87,34.95,41.94,48.93,55.92,62.91,69.9,ShowDailyK_ChartFlow,FinMind_API_TaiwanStockPrice_2891,True,2026-09-22T15:48:52,2026-09-22T15:48:52,2026-09-22T15:48:52
2891,中信金,2021-10-04,22.4,-0.10000000000000142,-0.44%,2.33,7.83,34.95,41.94,48.93,55.92,62.91,69.9,ShowDailyK_ChartFlow,FinMind_API_TaiwanStockPrice_2891,True,2026-09-22T15:48:52,2026-09-22T15:48:52,2026-09-22T15:48:52
2891,中信金,2021-10-05,22.45,0.05000000000000071,0.22%,2.33,7.85,34.95,41.94,48.93,55.92,62.91,69.9,ShowDailyK_ChartFlow,FinMind_API_TaiwanStockPrice_2891,True,2026-09-22T15:48:52,2026-09-22T15:48:52,2026-09-22T15:48:52
2891,中信金,2021-10-06,22.7,0.25,1.11%,2.33,7.94,34.95,41.94,48.93,55.92,62.91,69.9,ShowDailyK_ChartFlow,FinMind_API_TaiwanStockPrice_2891,True,2026-09-22T15:48:52,2026-09-22T15:48:52,2026-09-22T15:48:52
2891,中信金,2021-10-07,22.85,0.15000000000000213,0.66%,2.33,7.99,34.95,41.94,48.93,55.92,62.91,69.9,ShowDailyK_ChartFlow,FinMind_API_TaiwanStockPrice_2891,True,2026-09-22T15:48:52,2026-09-22T15:48:52,2026-09-22T15:48:52
2891,中信金,2021-10-08,22.9,0.04999999999999716,0.22%,2.33,8.01,34.95,41.94,48.93,55.92,62.91,69.9,ShowDailyK_ChartFlow,FinMind_API_TaiwanStockPrice_2891,True,2026-09-22T15:48:52,2026-09-22T15:48:52,2026-09-22T15:48:52
2891,中信金,2021-10-12,22.9,0.0,0.00%,2.33,8.01,34.95,41.94,48.93,55.92,62.91,69.9,ShowDailyK_ChartFlow,FinMind_API_TaiwanStockPrice_2891,True,2026-09-22T15:48:52,2026-09-22T15:48:52,2026-09-22T15:48:52
2891,中信金,2021-10-13,22.85,-0.04999999999999716,-0.22%,2.33,7.99,34.95,41.94,48.93,55.92,62.91,69.9,ShowDailyK_ChartFlow,FinMind_API_TaiwanStockPrice_2891,True,2026-09-22T15:48:52,2026-09-22T15:48:52,2026-09-22T15:48:52
2891,中信金,2021-10-14,22.95,0.09999999999999787,0.44%,2.33,8.02,34.95,41.94,48.93,55.92,62.91,69.9,ShowDailyK_ChartFlow,FinMind_API_TaiwanStockPrice_2891,True,2026-09-22T15:48:52,2026-09-22T15:48:52,2026-09-22T15:48:52
2891,中信金,2021-10-15,23.0,0.05000000000000071,0.22%,2.33,8.04,34.95,41.94,48.93,55.92,62.91,69.9,ShowDailyK_ChartFlow,FinMind_API_TaiwanStockPrice_2891,True,2026-09-22T15:48:52,2026-09-22T15:48:52,2026-09-22T15:48:52
2891,中信金,2021-10-18,23.05,0.05000000000000071,0.22%,2.33,8.06,34.95,41.94,48.93,55.92,62.91,69.9,ShowDailyK_ChartFlow,FinMind_API_TaiwanStockPrice_2891,True,2026-09-22T15:48:52,2026-09-22T15:48:52,2026-09-22T15:48:52
2891,中信金,2021-10-19,23.0,-0.05000000000000071,-0.22%,2.33,8.04,34.95,41.94,48.93,55.92,62.91,69.9,ShowDailyK_ChartFlow,FinMind_API_TaiwanStockPrice_2891,True,2026-09-22T15:48:52,2026-09-22T15:48:52,2026-09-22T15:48:52
2891,中信金,2021-10-20,23.0,0.0,0.00%,2.33,8.04,34.95,41.94,48.93,55.92,62.91,69.9,ShowDailyK_ChartFlow,FinMind_API_TaiwanStockPrice_2891,True,2026-09-22T15:48:52,2026-09-22T15:48:52,2026-09-22T15:48:52
2891,中信金,2021-10-21,23.4,0.3999999999999986,1.74%,2.33,8.18,34.95,41.94,48.93,55.92,62.91,69.9,ShowDailyK_ChartFlow,FinMind_API_TaiwanStockPrice_2891,True,2026-09-22T15:48:52,2026-09-22T15:48:52,2026-09-22T15:48:52
2891,中信金,2021-10-22,23.55,0.15000000000000213,0.64%,2.33,8.23,34.95,41.94,48.93,55.92,62.91,69.9,ShowDailyK_ChartFlow,FinMind_API_TaiwanStockPrice_2891,True,2026-09-22T15:48:52,2026-09-22T15:48:52,2026-09-22T15:48:52
2891,中信金,2021-10-25,23.55,0.0,0.00%,2.33,8.23,34.95,41.94,48.93,55.92,62.91,69.9,ShowDailyK_ChartFlow,FinMind_API_TaiwanStockPrice_2891,True,2026-09-22T15:48:52,2026-09-22T15:48:52,2026-09-22T15:48:52
2891,中信金,2021-10-26,23.55,0.0,0.00%,2.33,8.23,34.95,41.94,48.93,55.92,62.91,69.9,ShowDailyK_ChartFlow,FinMind_API_TaiwanStockPrice_2891,True,2026-09-22T15:48:52,2026-09-22T15:48:52,2026-09-22T15:48:52
2891,中信金,2021-10-27,23.4,-0.15000000000000213,-0.64%,2.33,8.18,34.95,41.94,48.93,55.92,62.91,69.9,ShowDailyK_ChartFlow,FinMind_API_TaiwanStockPrice_2891,True,2026-09-22T15:48:52,2026-09-22T15:48:52,2026-09-22T15:48:52
2891,中信金,2021-10-28,23.4,0.0,0.00%,2.33,8.18,34.95,41.94,48.93,55.92,62.91,69.9,ShowDailyK_ChartFlow,FinMind_API_TaiwanStockPrice_2891,True,2026-09-22T15:48:52,2026-09-22T15:48:52,2026-09-22T15:48:52
2891,中信金,2021-10-29,23.2,-0.1999999999999993,-0.85%,2.33,8.11,34.95,41.94,48.93,55.92,62.91,69.9,ShowDailyK_ChartFlow,FinMind_API_TaiwanStockPrice_2891,True,2026-09-22T15:48:52,2026-09-22T15:48:52,2026-09-22T15:48:52
2891,中信金,2021-11-01,23.05,-0.14999999999999858,-0.65%,2.33,8.06,34.95,41.94,48.93,55.92,62.91,69.9,ShowDailyK_ChartFlow,FinMind_API_TaiwanStockPrice_2891,True,2026-09-22T15:48:52,2026-09-22T15:48:52,2026-09-22T15:48:52
2891,中信金,2021-11-02,23.1,0.05000000000000071,0.22%,2.33,8.08,34.95,41.94,48.93,55.92,62.91,69.9,ShowDailyK_ChartFlow,FinMind_API_TaiwanStockPrice_2891,True,2026-09-22T15:48:52,2026-09-22T15:48:52,2026-09-22T15:48:52
2891,中信金,2021-11-03,23.35,0.25,1.08%,2.33,8.16,34.95,41.94,48.93,55.92,62.91,69.9,ShowDailyK_ChartFlow,FinMind_API_TaiwanStockPrice_2891,True,2026-09-22T15:48:52,2026-09-22T15:48:52,2026-09-22T15:48:52
2891,中信金,2021-11-04,23.25,-0.10000000000000142,-0.43%,2.33,8.13,34.95,41.94,48.93,55.92,62.91,69.9,ShowDailyK_ChartFlow,FinMind_API_TaiwanStockPrice_2891,True,2026-09-22T15:48:52,2026-09-22T15:48:52,2026-09-22T15:48:52
2891,中信金,2021-11-05,23.2,-0.05000000000000071,-0.22%,2.33,8.11,34.95,41.94,48.93,55.92,62.91,69.9,ShowDailyK_ChartFlow,FinMind_API_TaiwanStockPrice_2891,True,2026-09-22T15:48:52,2026-09-22T15:48:52,2026-09-22T15:48:52
2891,中信金,2021-11-08,23.4,0.1999999999999993,0.86%,2.33,8.18,34.95,41.94,48.93,55.92,62.91,69.9,ShowDailyK_ChartFlow,FinMind_API_TaiwanStockPrice_2891,True,2026-09-22T15:48:52,2026-09-22T15:48:52,2026-09-22T15:48:52
2891,中信金,2021-11-09,23.55,0.15000000000000213,0.64%,2.33,8.23,34.95,41.94,48.93,55.92,62.91,69.9,ShowDailyK_ChartFlow,FinMind_API_TaiwanStockPrice_2891,True,2026-09-22T15:48:52,2026-09-22T15:48:52,2026-09-22T15:48:52
2891,中信金,2021-11-10,23.55,0.0,0.00%,2.33,8.23,34.95,41.94,48.93,55.92,62.91,69.9,ShowDailyK_ChartFlow,FinMind_API_TaiwanStockPrice_2891,True,2026-09-22T15:48:52,2026-09-22T15:48:52,2026-09-22T15:48:52
2891,中信金,2021-11-11,23.6,0.05000000000000071,0.21%,2.33,8.25,34.95,41.94,48.93,55.92,62.91,69.9,ShowDailyK_ChartFlow,FinMind_API_TaiwanStockPrice_2891,True,2026-09-22T15:48:52,2026-09-22T15:48:52,2026-09-22T15:48:52
2891,中信金,2021-11-12,23.7,0.09999999999999787,0.42%,2.33,8.29,34.95,41.94,48.93,55.92,62.91,69.9,ShowDailyK_ChartFlow,FinMind_API_TaiwanStockPrice_2891,True,2026-09-22T15:48:52,2026-09-22T15:48:52,2026-09-22T15:48:52
2891,中信金,2021-11-15,24.0,0.3000000000000007,1.27%,2.33,8.39,34.95,41.94,48.93,55.92,62.91,69.9,ShowDailyK_ChartFlow,FinMind_API_TaiwanStockPrice_2891,True,2026-09-22T15:48:52,2026-09-22T15:48:52,2026-09-22T15:48:52
2891,中信金,2021-11-16,24.05,0.05000000000000071,0.21%,2.33,8.41,34.95,41.94,48.93,55.92,62.91,69.9,ShowDailyK_ChartFlow,FinMind_API_TaiwanStockPrice_2891,True,2026-09-22T15:48:52,2026-09-22T15:48:52,2026-09-22T15:48:52
2891,中信金,2021-11-17,24.45,0.3999999999999986,1.66%,2.33,8.55,34.95,41.94,48.93,55.92,62.91,69.9,ShowDailyK_ChartFlow,FinMind_API_TaiwanStockPrice_2891,True,2026-09-22T15:48:52,2026-09-22T15:48:52,2026-09-22T15:48:52
2891,中信金,2021-11-18,24.75,0.3000000000000007,1.23%,2.33,8.65,34.95,41.94,48.93,55.92,62.91,69.9,ShowDailyK_ChartFlow,FinMind_API_TaiwanStockPrice_2891,True,2026-09-22T15:48:52,2026-09-22T15:48:52,2026-09-22T15:48:52
2891,中信金,2021-11-19,24.25,-0.5,-2.02%,2.33,8.48,34.95,41.94,48.93,55.92,62.91,69.9,ShowDailyK_ChartFlow,FinMind_API_TaiwanStockPrice_2891,True,2026-09-22T15:48:52,2026-09-22T15:48:52,2026-09-22T15:48:52
2891,中信金,2021-11-22,24.4,0.14999999999999858,0.62%,2.33,9.17,34.95,41.94,48.93,55.92,62.91,69.9,ShowDailyK_ChartFlow,FinMind_API_TaiwanStockPrice_2891,True,2026-09-22T15:48:52,2026-09-22T15:48:52,2026-09-22T15:48:52
2891,中信金,2021-11-23,24.5,0.10000000000000142,0.41%,2.33,9.21,34.95,41.94,48.93,55.92,62.91,69.9,ShowDailyK_ChartFlow,FinMind_API_TaiwanStockPrice_2891,True,2026-09-22T15:48:52,2026-09-22T15:48:52,2026-09-22T15:48:52
2891,中信金,2021-11-24,24.8,0.3000000000000007,1.22%,2.33,9.32,34.95,41.94,48.93,55.92,62.91,69.9,ShowDailyK_ChartFlow,FinMind_API_TaiwanStockPrice_2891,True,2026-09-22T15:48:52,2026-09-22T15:48:52,2026-09-22T15:48:52
2891,中信金,2021-11-25,24.95,0.14999999999999858,0.60%,2.33,9.38,34.95,41.94,48.93,55.92,62.91,69.9,ShowDailyK_ChartFlow,FinMind_API_TaiwanStockPrice_2891,True,2026-09-22T15:48:52,2026-09-22T15:48:52,2026-09-22T15:48:52
2891,中信金,2021-11-26,24.7,-0.25,-1.00%,2.33,9.29,34.95,41.94,48.93,55.92,62.91,69.9,ShowDailyK_ChartFlow,FinMind_API_TaiwanStockPrice_2891,True,2026-09-22T15:48:52,2026-09-22T15:48:52,2026-09-22T15:48:52
2891,中信金,2021-11-29,24.3,-0.3999999999999986,-1.62%,2.33,9.14,34.95,41.94,48.93,55.92,62.91,69.9,ShowDailyK_ChartFlow,FinMind_API_TaiwanStockPrice_2891,True,2026-09-22T15:48:52,2026-09-22T15:48:52,2026-09-22T15:48:52
2891,中信金,2021-11-30,24.4,0.09999999999999787,0.41%,2.33,9.17,34.95,41.94,48.93,55.92,62.91,69.9,ShowDailyK_ChartFlow,FinMind_API_TaiwanStockPrice_2891,True,2026-09-22T15:48:52,2026-09-22T15:48:52,2026-09-22T15:48:52
2891,中信金,2021-12-01,24.85,0.45000000000000284,1.84%,2.33,9.34,34.95,41.94,48.93,55.92,62.91,69.9,ShowDailyK_ChartFlow,FinMind_API_TaiwanStockPrice_2891,True,2026-09-22T15:48:52,2026-09-22T15:48:52,2026-09-22T15:48:52
2891,中信金,2021-12-02,25.0,0.14999999999999858,0.60%,2.33,9.4,34.95,41.94,48.93,55.92,62.91,69.9,ShowDailyK_ChartFlow,FinMind_API_TaiwanStockPrice_2891,True,2026-09-22T15:48:52,2026-09-22T15:48:52,2026-09-22T15:48:52
2891,中信金,2021-12-03,25.2,0.1999999999999993,0.80%,2.33,9.47,34.95,41.94,48.93,55.92,62.91,69.9,ShowDailyK_ChartFlow,FinMind_API_TaiwanStockPrice_2891,True,2026-09-22T15:48:52,2026-09-22T15:48:52,2026-09-22T15:48:52
2891,中信金,2021-12-06,25.45,0.25,0.99%,2.33,9.57,34.95,41.94,48.93,55.92,62.91,69.9,ShowDailyK_ChartFlow,FinMind_API_TaiwanStockPrice_2891,True,2026-09-22T15:48:52,2026-09-22T15:48:52,2026-09-22T15:48:52
2891,中信金,2021-12-07,26.0,0.5500000000000007,2.16%,2.33,9.77,34.95,41.94,48.93,55.92,62.91,69.9,ShowDailyK_ChartFlow,FinMind_API_TaiwanStockPrice_2891,True,2026-09-22T15:48:52,2026-09-22T15:48:52,2026-09-22T15:48:52
2891,中信金,2021-12-08,25.95,-0.05000000000000071,-0.19%,2.33,9.76,34.95,41.94,48.93,55.92,62.91,69.9,ShowDailyK_ChartFlow,FinMind_API_TaiwanStockPrice_2891,True,2026-09-22T15:48:52,2026-09-22T15:48:52,2026-09-22T15:48:52
2891,中信金,2021-12-09,25.9,-0.05000000000000071,-0.19%,2.33,9.74,34.95,41.94,48.93,55.92,62.91,69.9,ShowDailyK_ChartFlow,FinMind_API_TaiwanStockPrice_2891,True,2026-09-22T15:48:52,2026-09-22T15:48:52,2026-09-22T15:48:52
2891,中信金,2021-12-10,25.95,0.05000000000000071,0.19%,2.33,9.76,34.95,41.94,48.93,55.92,62.91,69.9,ShowDailyK_ChartFlow,FinMind_API_TaiwanStockPrice_2891,True,2026-09-22T15:48:52,2026-09-22T15:48:52,2026-09-22T15:48:52
2891,中信金,2021-12-13,25.85,-0.09999999999999787,-0.39%,2.33,9.72,34.95,41.94,48.93,55.92,62.91,69.9,ShowDailyK_ChartFlow,FinMind_API_TaiwanStockPrice_2891,True,2026-09-22T15:48:52,2026-09-22T15:48:52,2026-09-22T15:48:52
2891,中信金,2021-12-14,25.55,-0.3000000000000007,-1.16%,2.33,9.61,34.95,41.94,48.93,55.92,62.91,69.9,ShowDailyK_ChartFlow,FinMind_API_TaiwanStockPrice_2891,True,2026-09-22T15:48:52,2026-09-22T15:48:52,2026-09-22T15:48:52
2891,中信金,2021-12-15,25.35,-0.1999999999999993,-0.78%,2.33,9.53,34.95,41.94,48.93,55.92,62.91,69.9,ShowDailyK_ChartFlow,FinMind_API_TaiwanStockPrice_2891,True,2026-09-22T15:48:52,2026-09-22T15:48:52,2026-09-22T15:48:52
2891,中信金,2021-12-16,25.5,0.14999999999999858,0.59%,2.33,9.59,34.95,41.94,48.93,55.92,62.91,69.9,ShowDailyK_ChartFlow,FinMind_API_TaiwanStockPrice_2891,True,2026-09-22T15:48:52,2026-09-22T15:48:52,2026-09-22T15:48:52
2891,中信金,2021-12-17,25.6,0.10000000000000142,0.39%,2.33,9.62,34.95,41.94,48.93,55.92,62.91,69.9,ShowDailyK_ChartFlow,FinMind_API_TaiwanStockPrice_2891,True,2026-09-22T15:48:52,2026-09-22T15:48:52,2026-09-22T15:48:52
2891,中信金,2021-12-20,25.35,-0.25,-0.98%,2.33,9.53,34.95,41.94,48.93,55.92,62.91,69.9,ShowDailyK_ChartFlow,FinMind_API_TaiwanStockPrice_2891,True,2026-09-22T15:48:52,2026-09-22T15:48:52,2026-09-22T15:48:52
2891,中信金,2021-12-21,25.65,0.29999999999999716,1.18%,2.33,9.64,34.95,41.94,48.93,55.92,62.91,69.9,ShowDailyK_ChartFlow,FinMind_API_TaiwanStockPrice_2891,True,2026-09-22T15:48:52,2026-09-22T15:48:52,2026-09-22T15:48:52
2891,中信金,2021-12-22,25.8,0.15000000000000213,0.58%,2.33,9.7,34.95,41.94,48.93,55.92,62.91,69.9,ShowDailyK_ChartFlow,FinMind_API_TaiwanStockPrice_2891,True,2026-09-22T15:48:52,2026-09-22T15:48:52,2026-09-22T15:48:52
2891,中信金,2021-12-23,25.9,0.09999999999999787,0.39%,2.33,9.74,34.95,41.94,48.93,55.92,62.91,69.9,ShowDailyK_ChartFlow,FinMind_API_TaiwanStockPrice_2891,True,2026-09-22T15:48:52,2026-09-22T15:48:52,2026-09-22T15:48:52
2891,中信金,2021-12-24,25.85,-0.04999999999999716,-0.19%,2.33,9.72,34.95,41.94,48.93,55.92,62.91,69.9,ShowDailyK_ChartFlow,FinMind_API_TaiwanStockPrice_2891,True,2026-09-22T15:48:52,2026-09-22T15:48:52,2026-09-22T15:48:52
2891,中信金,2021-12-27,25.8,-0.05000000000000071,-0.19%,2.33,9.7,34.95,41.94,48.93,55.92,62.91,69.9,ShowDailyK_ChartFlow,FinMind_API_TaiwanStockPrice_2891,True,2026-09-22T15:48:52,2026-09-22T15:48:52,2026-09-22T15:48:52
2891,中信金,2021-12-28,25.95,0.14999999999999858,0.58%,2.33,9.76,34.95,41.94,48.93,55.92,62.91,69.9,ShowDailyK_ChartFlow,FinMind_API_TaiwanStockPrice_2891,True,2026-09-22T15:48:52,2026-09-22T15:48:52,2026-09-22T15:48:52
2891,中信金,2021-12-29,26.1,0.15000000000000213,0.58%,2.33,9.81,34.95,41.94,48.93,55.92,62.91,69.9,ShowDailyK_ChartFlow,FinMind_API_TaiwanStockPrice_2891,True,2026-09-22T15:48:52,2026-09-22T15:48:52,2026-09-22T15:48:52
2891,中信金,2021-12-30,25.95,-0.15000000000000213,-0.57%,2.33,9.76,34.95,41.94,48.93,55.92,62.91,69.9,ShowDailyK_ChartFlow,FinMind_API_TaiwanStockPrice_2891,True,2026-09-22T15:48:52,2026-09-22T15:48:52,2026-09-22T15:48:52
2891,中信金,2022-01-03,25.75,-0.1999999999999993,-0.77%,2.73,9.68,40.95,49.14,57.33,65.52,73.71,81.9,ShowDailyK_ChartFlow,FinMind_API_TaiwanStockPrice_2891,True,2026-09-22T15:48:52,2026-09-22T15:48:52,2026-09-22T15:48:52
2891,中信金,2022-01-04,25.95,0.1999999999999993,0.78%,2.73,9.76,40.95,49.14,57.33,65.52,73.71,81.9,ShowDailyK_ChartFlow,FinMind_API_TaiwanStockPrice_2891,True,2026-09-22T15:48:52,2026-09-22T15:48:52,2026-09-22T15:48:52
2891,中信金,2022-01-05,26.05,0.10000000000000142,0.39%,2.73,9.79,40.95,49.14,57.33,65.52,73.71,81.9,ShowDailyK_ChartFlow,FinMind_API_TaiwanStockPrice_2891,True,2026-09-22T15:48:52,2026-09-22T15:48:52,2026-09-22T15:48:52
2891,中信金,2022-01-06,26.2,0.14999999999999858,0.58%,2.73,9.85,40.95,49.14,57.33,65.52,73.71,81.9,ShowDailyK_ChartFlow,FinMind_API_TaiwanStockPrice_2891,True,2026-09-22T15:48:52,2026-09-22T15:48:52,2026-09-22T15:48:52
2891,中信金,2022-01-07,26.3,0.10000000000000142,0.38%,2.73,9.89,40.95,49.14,57.33,65.52,73.71,81.9,ShowDailyK_ChartFlow,FinMind_API_TaiwanStockPrice_2891,True,2026-09-22T15:48:52,2026-09-22T15:48:52,2026-09-22T15:48:52
2891,中信金,2022-01-10,26.4,0.09999999999999787,0.38%,2.73,9.92,40.95,49.14,57.33,65.52,73.71,81.9,ShowDailyK_ChartFlow,FinMind_API_TaiwanStockPrice_2891,True,2026-09-22T15:48:52,2026-09-22T15:48:52,2026-09-22T15:48:52
2891,中信金,2022-01-11,27.4,1.0,3.79%,2.73,10.3,40.95,49.14,57.33,65.52,73.71,81.9,ShowDailyK_ChartFlow,FinMind_API_TaiwanStockPrice_2891,True,2026-09-22T15:48:52,2026-09-22T15:48:52,2026-09-22T15:48:52
2891,中信金,2022-01-12,27.4,0.0,0.00%,2.73,10.3,40.95,49.14,57.33,65.52,73.71,81.9,ShowDailyK_ChartFlow,FinMind_API_TaiwanStockPrice_2891,True,2026-09-22T15:48:52,2026-09-22T15:48:52,2026-09-22T15:48:52
2891,中信金,2022-01-13,28.45,1.0500000000000007,3.83%,2.73,10.7,40.95,49.14,57.33,65.52,73.71,81.9,ShowDailyK_ChartFlow,FinMind_API_TaiwanStockPrice_2891,True,2026-09-22T15:48:52,2026-09-22T15:48:52,2026-09-22T15:48:52
2891,中信金,2022-01-14,27.9,-0.5500000000000007,-1.93%,2.73,10.49,40.95,49.14,57.33,65.52,73.71,81.9,ShowDailyK_ChartFlow,FinMind_API_TaiwanStockPrice_2891,True,2026-09-22T15:48:52,2026-09-22T15:48:52,2026-09-22T15:48:52
2891,中信金,2022-01-17,27.8,-0.09999999999999787,-0.36%,2.73,10.45,40.95,49.14,57.33,65.52,73.71,81.9,ShowDailyK_ChartFlow,FinMind_API_TaiwanStockPrice_2891,True,2026-09-22T15:48:52,2026-09-22T15:48:52,2026-09-22T15:48:52
2891,中信金,2022-01-18,27.9,0.09999999999999787,0.36%,2.73,10.49,40.95,49.14,57.33,65.52,73.71,81.9,ShowDailyK_ChartFlow,FinMind_API_TaiwanStockPrice_2891,True,2026-09-22T15:48:52,2026-09-22T15:48:52,2026-09-22T15:48:52
2891,中信金,2022-01-19,27.8,-0.09999999999999787,-0.36%,2.73,10.45,40.95,49.14,57.33,65.52,73.71,81.9,ShowDailyK_ChartFlow,FinMind_API_TaiwanStockPrice_2891,True,2026-09-22T15:48:52,2026-09-22T15:48:52,2026-09-22T15:48:52
2891,中信金,2022-01-20,27.7,-0.10000000000000142,-0.36%,2.73,10.41,40.95,49.14,57.33,65.52,73.71,81.9,ShowDailyK_ChartFlow,FinMind_API_TaiwanStockPrice_2891,True,2026-09-22T15:48:52,2026-09-22T15:48:52,2026-09-22T15:48:52
2891,中信金,2022-01-21,27.4,-0.3000000000000007,-1.08%,2.73,10.3,40.95,49.14,57.33,65.52,73.71,81.9,ShowDailyK_ChartFlow,FinMind_API_TaiwanStockPrice_2891,True,2026-09-22T15:48:52,2026-09-22T15:48:52,2026-09-22T15:48:52
2891,中信金,2022-01-24,27.5,0.10000000000000142,0.36%,2.73,10.34,40.95,49.14,57.33,65.52,73.71,81.9,ShowDailyK_ChartFlow,FinMind_API_TaiwanStockPrice_2891,True,2026-09-22T15:48:52,2026-09-22T15:48:52,2026-09-22T15:48:52
2891,中信金,2022-01-25,27.25,-0.25,-0.91%,2.73,10.24,40.95,49.14,57.33,65.52,73.71,81.9,ShowDailyK_ChartFlow,FinMind_API_TaiwanStockPrice_2891,True,2026-09-22T15:48:52,2026-09-22T15:48:52,2026-09-22T15:48:52
2891,中信金,2022-01-26,27.6,0.3500000000000014,1.28%,2.73,10.38,40.95,49.14,57.33,65.52,73.71,81.9,ShowDailyK_ChartFlow,FinMind_API_TaiwanStockPrice_2891,True,2026-09-22T15:48:52,2026-09-22T15:48:52,2026-09-22T15:48:52
2891,中信金,2022-02-07,28.5,0.8999999999999986,3.26%,2.73,10.71,40.95,49.14,57.33,65.52,73.71,81.9,ShowDailyK_ChartFlow,FinMind_API_TaiwanStockPrice_2891,True,2026-09-22T15:48:52,2026-09-22T15:48:52,2026-09-22T15:48:52
2891,中信金,2022-02-08,28.7,0.1999999999999993,0.70%,2.73,10.79,40.95,49.14,57.33,65.52,73.71,81.9,ShowDailyK_ChartFlow,FinMind_API_TaiwanStockPrice_2891,True,2026-09-22T15:48:52,2026-09-22T15:48:52,2026-09-22T15:48:52
2891,中信金,2022-02-09,28.9,0.1999999999999993,0.70%,2.73,10.86,40.95,49.14,57.33,65.52,73.71,81.9,ShowDailyK_ChartFlow,FinMind_API_TaiwanStockPrice_2891,True,2026-09-22T15:48:52,2026-09-22T15:48:52,2026-09-22T15:48:52
2891,中信金,2022-02-10,28.85,-0.04999999999999716,-0.17%,2.73,10.85,40.95,49.14,57.33,65.52,73.71,81.9,ShowDailyK_ChartFlow,FinMind_API_TaiwanStockPrice_2891,True,2026-09-22T15:48:52,2026-09-22T15:48:52,2026-09-22T15:48:52
2891,中信金,2022-02-11,28.85,0.0,0.00%,2.73,10.85,40.95,49.14,57.33,65.52,73.71,81.9,ShowDailyK_ChartFlow,FinMind_API_TaiwanStockPrice_2891,True,2026-09-22T15:48:52,2026-09-22T15:48:52,2026-09-22T15:48:52
2891,中信金,2022-02-14,28.65,-0.20000000000000284,-0.69%,2.73,10.77,40.95,49.14,57.33,65.52,73.71,81.9,ShowDailyK_ChartFlow,FinMind_API_TaiwanStockPrice_2891,True,2026-09-22T15:48:52,2026-09-22T15:48:52,2026-09-22T15:48:52
2891,中信金,2022-02-15,28.15,-0.5,-1.75%,2.73,10.58,40.95,49.14,57.33,65.52,73.71,81.9,ShowDailyK_ChartFlow,FinMind_API_TaiwanStockPrice_2891,True,2026-09-22T15:48:52,2026-09-22T15:48:52,2026-09-22T15:48:52
2891,中信金,2022-02-16,28.2,0.05000000000000071,0.18%,2.73,10.6,40.95,49.14,57.33,65.52,73.71,81.9,ShowDailyK_ChartFlow,FinMind_API_TaiwanStockPrice_2891,True,2026-09-22T15:48:52,2026-09-22T15:48:52,2026-09-22T15:48:52
2891,中信金,2022-02-17,28.45,0.25,0.89%,2.73,10.7,40.95,49.14,57.33,65.52,73.71,81.9,ShowDailyK_ChartFlow,FinMind_API_TaiwanStockPrice_2891,True,2026-09-22T15:48:52,2026-09-22T15:48:52,2026-09-22T15:48:52
2891,中信金,2022-02-18,28.35,-0.09999999999999787,-0.35%,2.73,10.66,40.95,49.14,57.33,65.52,73.71,81.9,ShowDailyK_ChartFlow,FinMind_API_TaiwanStockPrice_2891,True,2026-09-22T15:48:52,2026-09-22T15:48:52,2026-09-22T15:48:52
2891,中信金,2022-02-21,28.35,0.0,0.00%,2.73,10.66,40.95,49.14,57.33,65.52,73.71,81.9,ShowDailyK_ChartFlow,FinMind_API_TaiwanStockPrice_2891,True,2026-09-22T15:48:52,2026-09-22T15:48:52,2026-09-22T15:48:52
2891,中信金,2022-02-22,27.85,-0.5,-1.76%,2.73,10.47,40.95,49.14,57.33,65.52,73.71,81.9,ShowDailyK_ChartFlow,FinMind_API_TaiwanStockPrice_2891,True,2026-09-22T15:48:52,2026-09-22T15:48:52,2026-09-22T15:48:52
2891,中信金,2022-02-23,27.8,-0.05000000000000071,-0.18%,2.73,10.45,40.95,49.14,57.33,65.52,73.71,81.9,ShowDailyK_ChartFlow,FinMind_API_TaiwanStockPrice_2891,True,2026-09-22T15:48:52,2026-09-22T15:48:52,2026-09-22T15:48:52
2891,中信金,2022-02-24,26.9,-0.9000000000000021,-3.24%,2.73,10.11,40.95,49.14,57.33,65.52,73.71,81.9,ShowDailyK_ChartFlow,FinMind_API_TaiwanStockPrice_2891,True,2026-09-22T15:48:52,2026-09-22T15:48:52,2026-09-22T15:48:52
2891,中信金,2022-02-25,27.15,0.25,0.93%,2.73,10.21,40.95,49.14,57.33,65.52,73.71,81.9,ShowDailyK_ChartFlow,FinMind_API_TaiwanStockPrice_2891,True,2026-09-22T15:48:52,2026-09-22T15:48:52,2026-09-22T15:48:52
2891,中信金,2022-03-01,27.75,0.6000000000000014,2.21%,2.73,10.43,40.95,49.14,57.33,65.52,73.71,81.9,ShowDailyK_ChartFlow,FinMind_API_TaiwanStockPrice_2891,True,2026-09-22T15:48:52,2026-09-22T15:48:52,2026-09-22T15:48:52
2891,中信金,2022-03-02,27.95,0.1999999999999993,0.72%,2.73,10.51,40.95,49.14,57.33,65.52,73.71,81.9,ShowDailyK_ChartFlow,FinMind_API_TaiwanStockPrice_2891,True,2026-09-22T15:48:52,2026-09-22T15:48:52,2026-09-22T15:48:52
2891,中信金,2022-03-03,27.95,0.0,0.00%,2.73,10.51,40.95,49.14,57.33,65.52,73.71,81.9,ShowDailyK_ChartFlow,FinMind_API_TaiwanStockPrice_2891,True,2026-09-22T15:48:52,2026-09-22T15:48:52,2026-09-22T15:48:52
2891,中信金,2022-03-04,27.35,-0.5999999999999979,-2.15%,2.73,10.28,40.95,49.14,57.33,65.52,73.71,81.9,ShowDailyK_ChartFlow,FinMind_API_TaiwanStockPrice_2891,True,2026-09-22T15:48:52,2026-09-22T15:48:52,2026-09-22T15:48:52
2891,中信金,2022-03-07,26.25,-1.1000000000000014,-4.02%,2.73,9.87,40.95,49.14,57.33,65.52,73.71,81.9,ShowDailyK_ChartFlow,FinMind_API_TaiwanStockPrice_2891,True,2026-09-22T15:48:52,2026-09-22T15:48:52,2026-09-22T15:48:52
2891,中信金,2022-03-08,25.6,-0.6499999999999986,-2.48%,2.73,9.62,40.95,49.14,57.33,65.52,73.71,81.9,ShowDailyK_ChartFlow,FinMind_API_TaiwanStockPrice_2891,True,2026-09-22T15:48:52,2026-09-22T15:48:52,2026-09-22T15:48:52
2891,中信金,2022-03-09,25.75,0.14999999999999858,0.59%,2.73,9.68,40.95,49.14,57.33,65.52,73.71,81.9,ShowDailyK_ChartFlow,FinMind_API_TaiwanStockPrice_2891,True,2026-09-22T15:48:52,2026-09-22T15:48:52,2026-09-22T15:48:52
2891,中信金,2022-03-10,26.8,1.0500000000000007,4.08%,2.73,10.08,40.95,49.14,57.33,65.52,73.71,81.9,ShowDailyK_ChartFlow,FinMind_API_TaiwanStockPrice_2891,True,2026-09-22T15:48:52,2026-09-22T15:48:52,2026-09-22T15:48:52
2891,中信金,2022-03-11,26.5,-0.3000000000000007,-1.12%,2.73,9.96,40.95,49.14,57.33,65.52,73.71,81.9,ShowDailyK_ChartFlow,FinMind_API_TaiwanStockPrice_2891,True,2026-09-22T15:48:52,2026-09-22T15:48:52,2026-09-22T15:48:52
2891,中信金,2022-03-14,26.8,0.3000000000000007,1.13%,2.73,10.08,40.95,49.14,57.33,65.52,73.71,81.9,ShowDailyK_ChartFlow,FinMind_API_TaiwanStockPrice_2891,True,2026-09-22T15:48:52,2026-09-22T15:48:52,2026-09-22T15:48:52
2891,中信金,2022-03-15,26.6,-0.1999999999999993,-0.75%,2.73,10.0,40.95,49.14,57.33,65.52,73.71,81.9,ShowDailyK_ChartFlow,FinMind_API_TaiwanStockPrice_2891,True,2026-09-22T15:48:52,2026-09-22T15:48:52,2026-09-22T15:48:52
2891,中信金,2022-03-16,26.95,0.34999999999999787,1.32%,2.73,9.94,40.95,49.14,57.33,65.52,73.71,81.9,ShowDailyK_ChartFlow,FinMind_API_TaiwanStockPrice_2891,True,2026-09-22T15:48:52,2026-09-22T15:48:52,2026-09-22T15:48:52
2891,中信金,2022-03-17,27.6,0.6500000000000021,2.41%,2.73,10.18,40.95,49.14,57.33,65.52,73.71,81.9,ShowDailyK_ChartFlow,FinMind_API_TaiwanStockPrice_2891,True,2026-09-22T15:48:52,2026-09-22T15:48:52,2026-09-22T15:48:52
2891,中信金,2022-03-18,28.15,0.5499999999999972,1.99%,2.73,10.39,40.95,49.14,57.33,65.52,73.71,81.9,ShowDailyK_ChartFlow,FinMind_API_TaiwanStockPrice_2891,True,2026-09-22T15:48:52,2026-09-22T15:48:52,2026-09-22T15:48:52
2891,中信金,2022-03-21,28.3,0.15000000000000213,0.53%,2.73,10.44,40.95,49.14,57.33,65.52,73.71,81.9,ShowDailyK_ChartFlow,FinMind_API_TaiwanStockPrice_2891,True,2026-09-22T15:48:52,2026-09-22T15:48:52,2026-09-22T15:48:52
2891,中信金,2022-03-22,28.55,0.25,0.88%,2.73,10.54,40.95,49.14,57.33,65.52,73.71,81.9,ShowDailyK_ChartFlow,FinMind_API_TaiwanStockPrice_2891,True,2026-09-22T15:48:52,2026-09-22T15:48:52,2026-09-22T15:48:52
2891,中信金,2022-03-23,29.2,0.6499999999999986,2.28%,2.73,10.77,40.95,49.14,57.33,65.52,73.71,81.9,ShowDailyK_ChartFlow,FinMind_API_TaiwanStockPrice_2891,True,2026-09-22T15:48:52,2026-09-22T15:48:52,2026-09-22T15:48:52
2891,中信金,2022-03-24,29.15,-0.05000000000000071,-0.17%,2.73,10.76,40.95,49.14,57.33,65.52,73.71,81.9,ShowDailyK_ChartFlow,FinMind_API_TaiwanStockPrice_2891,True,2026-09-22T15:48:52,2026-09-22T15:48:52,2026-09-22T15:48:52
2891,中信金,2022-03-25,29.0,-0.14999999999999858,-0.51%,2.73,10.7,40.95,49.14,57.33,65.52,73.71,81.9,ShowDailyK_ChartFlow,FinMind_API_TaiwanStockPrice_2891,True,2026-09-22T15:48:52,2026-09-22T15:48:52,2026-09-22T15:48:52
2891,中信金,2022-03-28,29.0,0.0,0.00%,2.73,10.7,40.95,49.14,57.33,65.52,73.71,81.9,ShowDailyK_ChartFlow,FinMind_API_TaiwanStockPrice_2891,True,2026-09-22T15:48:52,2026-09-22T15:48:52,2026-09-22T15:48:52
2891,中信金,2022-03-29,28.8,-0.1999999999999993,-0.69%,2.73,10.63,40.95,49.14,57.33,65.52,73.71,81.9,ShowDailyK_ChartFlow,FinMind_API_TaiwanStockPrice_2891,True,2026-09-22T15:48:52,2026-09-22T15:48:52,2026-09-22T15:48:52
2891,中信金,2022-03-30,29.0,0.1999999999999993,0.69%,2.73,10.7,40.95,49.14,57.33,65.52,73.71,81.9,ShowDailyK_ChartFlow,FinMind_API_TaiwanStockPrice_2891,True,2026-09-22T15:48:52,2026-09-22T15:48:52,2026-09-22T15:48:52
2891,中信金,2022-03-31,29.4,0.3999999999999986,1.38%,2.56,10.85,38.4,46.08,53.76,61.44,69.12,76.8,ShowDailyK_ChartFlow,FinMind_API_TaiwanStockPrice_2891,True,2026-09-22T15:48:52,2026-09-22T15:48:52,2026-09-22T15:48:52
2891,中信金,2022-04-01,29.85,0.45000000000000284,1.53%,2.56,11.01,38.4,46.08,53.76,61.44,69.12,76.8,ShowDailyK_ChartFlow,FinMind_API_TaiwanStockPrice_2891,True,2026-09-22T15:48:52,2026-09-22T15:48:52,2026-09-22T15:48:52
2891,中信金,2022-04-06,30.15,0.29999999999999716,1.01%,2.56,11.13,38.4,46.08,53.76,61.44,69.12,76.8,ShowDailyK_ChartFlow,FinMind_API_TaiwanStockPrice_2891,True,2026-09-22T15:48:52,2026-09-22T15:48:52,2026-09-22T15:48:52
2891,中信金,2022-04-07,30.35,0.20000000000000284,0.66%,2.56,11.2,38.4,46.08,53.76,61.44,69.12,76.8,ShowDailyK_ChartFlow,FinMind_API_TaiwanStockPrice_2891,True,2026-09-22T15:48:52,2026-09-22T15:48:52,2026-09-22T15:48:52
2891,中信金,2022-04-08,30.5,0.14999999999999858,0.49%,2.56,11.25,38.4,46.08,53.76,61.44,69.12,76.8,ShowDailyK_ChartFlow,FinMind_API_TaiwanStockPrice_2891,True,2026-09-22T15:48:52,2026-09-22T15:48:52,2026-09-22T15:48:52
2891,中信金,2022-04-11,30.45,-0.05000000000000071,-0.16%,2.56,11.24,38.4,46.08,53.76,61.44,69.12,76.8,ShowDailyK_ChartFlow,FinMind_API_TaiwanStockPrice_2891,True,2026-09-22T15:48:52,2026-09-22T15:48:52,2026-09-22T15:48:52
2891,中信金,2022-04-12,30.7,0.25,0.82%,2.56,11.33,38.4,46.08,53.76,61.44,69.12,76.8,ShowDailyK_ChartFlow,FinMind_API_TaiwanStockPrice_2891,True,2026-09-22T15:48:52,2026-09-22T15:48:52,2026-09-22T15:48:52
2891,中信金,2022-04-13,30.35,-0.34999999999999787,-1.14%,2.56,11.2,38.4,46.08,53.76,61.44,69.12,76.8,ShowDailyK_ChartFlow,FinMind_API_TaiwanStockPrice_2891,True,2026-09-22T15:48:52,2026-09-22T15:48:52,2026-09-22T15:48:52
2891,中信金,2022-04-14,29.45,-0.9000000000000021,-2.97%,2.56,10.87,38.4,46.08,53.76,61.44,69.12,76.8,ShowDailyK_ChartFlow,FinMind_API_TaiwanStockPrice_2891,True,2026-09-22T15:48:52,2026-09-22T15:48:52,2026-09-22T15:48:52
2891,中信金,2022-04-15,29.35,-0.09999999999999787,-0.34%,2.56,10.83,38.4,46.08,53.76,61.44,69.12,76.8,ShowDailyK_ChartFlow,FinMind_API_TaiwanStockPrice_2891,True,2026-09-22T15:48:52,2026-09-22T15:48:52,2026-09-22T15:48:52
2891,中信金,2022-04-18,28.75,-0.6000000000000014,-2.04%,2.56,10.61,38.4,46.08,53.76,61.44,69.12,76.8,ShowDailyK_ChartFlow,FinMind_API_TaiwanStockPrice_2891,True,2026-09-22T15:48:52,2026-09-22T15:48:52,2026-09-22T15:48:52
2891,中信金,2022-04-19,28.95,0.1999999999999993,0.70%,2.56,10.68,38.4,46.08,53.76,61.44,69.12,76.8,ShowDailyK_ChartFlow,FinMind_API_TaiwanStockPrice_2891,True,2026-09-22T15:48:52,2026-09-22T15:48:52,2026-09-22T15:48:52
2891,中信金,2022-04-20,29.2,0.25,0.86%,2.56,10.77,38.4,46.08,53.76,61.44,69.12,76.8,ShowDailyK_ChartFlow,FinMind_API_TaiwanStockPrice_2891,True,2026-09-22T15:48:52,2026-09-22T15:48:52,2026-09-22T15:48:52
2891,中信金,2022-04-21,28.75,-0.4499999999999993,-1.54%,2.56,10.61,38.4,46.08,53.76,61.44,69.12,76.8,ShowDailyK_ChartFlow,FinMind_API_TaiwanStockPrice_2891,True,2026-09-22T15:48:52,2026-09-22T15:48:52,2026-09-22T15:48:52
2891,中信金,2022-04-22,29.45,0.6999999999999993,2.43%,2.56,10.87,38.4,46.08,53.76,61.44,69.12,76.8,ShowDailyK_ChartFlow,FinMind_API_TaiwanStockPrice_2891,True,2026-09-22T15:48:52,2026-09-22T15:48:52,2026-09-22T15:48:52
2891,中信金,2022-04-25,29.1,-0.34999999999999787,-1.19%,2.56,10.74,38.4,46.08,53.76,61.44,69.12,76.8,ShowDailyK_ChartFlow,FinMind_API_TaiwanStockPrice_2891,True,2026-09-22T15:48:52,2026-09-22T15:48:52,2026-09-22T15:48:52
2891,中信金,2022-04-26,29.7,0.5999999999999979,2.06%,2.56,10.96,38.4,46.08,53.76,61.44,69.12,76.8,ShowDailyK_ChartFlow,FinMind_API_TaiwanStockPrice_2891,True,2026-09-22T15:48:52,2026-09-22T15:48:52,2026-09-22T15:48:52
2891,中信金,2022-04-27,28.9,-0.8000000000000007,-2.69%,2.56,10.66,38.4,46.08,53.76,61.44,69.12,76.8,ShowDailyK_ChartFlow,FinMind_API_TaiwanStockPrice_2891,True,2026-09-22T15:48:52,2026-09-22T15:48:52,2026-09-22T15:48:52
2891,中信金,2022-04-28,29.0,0.10000000000000142,0.35%,2.56,10.7,38.4,46.08,53.76,61.44,69.12,76.8,ShowDailyK_ChartFlow,FinMind_API_TaiwanStockPrice_2891,True,2026-09-22T15:48:52,2026-09-22T15:48:52,2026-09-22T15:48:52
2891,中信金,2022-04-29,29.25,0.25,0.86%,2.56,10.79,38.4,46.08,53.76,61.44,69.12,76.8,ShowDailyK_ChartFlow,FinMind_API_TaiwanStockPrice_2891,True,2026-09-22T15:48:52,2026-09-22T15:48:52,2026-09-22T15:48:52
2891,中信金,2022-05-03,28.75,-0.5,-1.71%,2.56,10.61,38.4,46.08,53.76,61.44,69.12,76.8,ShowDailyK_ChartFlow,FinMind_API_TaiwanStockPrice_2891,True,2026-09-22T15:48:52,2026-09-22T15:48:52,2026-09-22T15:48:52
2891,中信金,2022-05-04,28.9,0.14999999999999858,0.52%,2.56,10.66,38.4,46.08,53.76,61.44,69.12,76.8,ShowDailyK_ChartFlow,FinMind_API_TaiwanStockPrice_2891,True,2026-09-22T15:48:52,2026-09-22T15:48:52,2026-09-22T15:48:52
2891,中信金,2022-05-05,28.05,-0.8499999999999979,-2.94%,2.56,10.35,38.4,46.08,53.76,61.44,69.12,76.8,ShowDailyK_ChartFlow,FinMind_API_TaiwanStockPrice_2891,True,2026-09-22T15:48:52,2026-09-22T15:48:52,2026-09-22T15:48:52
2891,中信金,2022-05-06,28.0,-0.05000000000000071,-0.18%,2.56,10.33,38.4,46.08,53.76,61.44,69.12,76.8,ShowDailyK_ChartFlow,FinMind_API_TaiwanStockPrice_2891,True,2026-09-22T15:48:52,2026-09-22T15:48:52,2026-09-22T15:48:52
2891,中信金,2022-05-09,27.3,-0.6999999999999993,-2.50%,2.56,10.07,38.4,46.08,53.76,61.44,69.12,76.8,ShowDailyK_ChartFlow,FinMind_API_TaiwanStockPrice_2891,True,2026-09-22T15:48:52,2026-09-22T15:48:52,2026-09-22T15:48:52
2891,中信金,2022-05-10,27.55,0.25,0.92%,2.56,10.17,38.4,46.08,53.76,61.44,69.12,76.8,ShowDailyK_ChartFlow,FinMind_API_TaiwanStockPrice_2891,True,2026-09-22T15:48:52,2026-09-22T15:48:52,2026-09-22T15:48:52
2891,中信金,2022-05-11,27.1,-0.4499999999999993,-1.63%,2.56,10.0,38.4,46.08,53.76,61.44,69.12,76.8,ShowDailyK_ChartFlow,FinMind_API_TaiwanStockPrice_2891,True,2026-09-22T15:48:52,2026-09-22T15:48:52,2026-09-22T15:48:52
2891,中信金,2022-05-12,26.05,-1.0500000000000007,-3.87%,2.56,9.61,38.4,46.08,53.76,61.44,69.12,76.8,ShowDailyK_ChartFlow,FinMind_API_TaiwanStockPrice_2891,True,2026-09-22T15:48:52,2026-09-22T15:48:52,2026-09-22T15:48:52
2891,中信金,2022-05-13,25.8,-0.25,-0.96%,2.56,9.52,38.4,46.08,53.76,61.44,69.12,76.8,ShowDailyK_ChartFlow,FinMind_API_TaiwanStockPrice_2891,True,2026-09-22T15:48:52,2026-09-22T15:48:52,2026-09-22T15:48:52
2891,中信金,2022-05-16,25.7,-0.10000000000000142,-0.39%,2.56,9.48,38.4,46.08,53.76,61.44,69.12,76.8,ShowDailyK_ChartFlow,FinMind_API_TaiwanStockPrice_2891,True,2026-09-22T15:48:52,2026-09-22T15:48:52,2026-09-22T15:48:52
2891,中信金,2022-05-17,25.5,-0.1999999999999993,-0.78%,2.56,9.41,38.4,46.08,53.76,61.44,69.12,76.8,ShowDailyK_ChartFlow,FinMind_API_TaiwanStockPrice_2891,True,2026-09-22T15:48:52,2026-09-22T15:48:52,2026-09-22T15:48:52
2891,中信金,2022-05-18,26.1,0.6000000000000014,2.35%,2.56,9.63,38.4,46.08,53.76,61.44,69.12,76.8,ShowDailyK_ChartFlow,FinMind_API_TaiwanStockPrice_2891,True,2026-09-22T15:48:52,2026-09-22T15:48:52,2026-09-22T15:48:52
2891,中信金,2022-05-19,25.3,-0.8000000000000007,-3.07%,2.56,9.34,38.4,46.08,53.76,61.44,69.12,76.8,ShowDailyK_ChartFlow,FinMind_API_TaiwanStockPrice_2891,True,2026-09-22T15:48:52,2026-09-22T15:48:52,2026-09-22T15:48:52
2891,中信金,2022-05-20,25.45,0.14999999999999858,0.59%,2.56,9.39,38.4,46.08,53.76,61.44,69.12,76.8,ShowDailyK_ChartFlow,FinMind_API_TaiwanStockPrice_2891,True,2026-09-22T15:48:52,2026-09-22T15:48:52,2026-09-22T15:48:52
2891,中信金,2022-05-23,25.45,0.0,0.00%,2.56,9.39,38.4,46.08,53.76,61.44,69.12,76.8,ShowDailyK_ChartFlow,FinMind_API_TaiwanStockPrice_2891,True,2026-09-22T15:48:52,2026-09-22T15:48:52,2026-09-22T15:48:52
2891,中信金,2022-05-24,25.55,0.10000000000000142,0.39%,2.56,10.06,38.4,46.08,53.76,61.44,69.12,76.8,ShowDailyK_ChartFlow,FinMind_API_TaiwanStockPrice_2891,True,2026-09-22T15:48:52,2026-09-22T15:48:52,2026-09-22T15:48:52
2891,中信金,2022-05-25,25.35,-0.1999999999999993,-0.78%,2.56,9.98,38.4,46.08,53.76,61.44,69.12,76.8,ShowDailyK_ChartFlow,FinMind_API_TaiwanStockPrice_2891,True,2026-09-22T15:48:52,2026-09-22T15:48:52,2026-09-22T15:48:52
2891,中信金,2022-05-26,25.3,-0.05000000000000071,-0.20%,2.56,9.96,38.4,46.08,53.76,61.44,69.12,76.8,ShowDailyK_ChartFlow,FinMind_API_TaiwanStockPrice_2891,True,2026-09-22T15:48:52,2026-09-22T15:48:52,2026-09-22T15:48:52
2891,中信金,2022-05-27,26.6,1.3000000000000007,5.14%,2.56,10.47,38.4,46.08,53.76,61.44,69.12,76.8,ShowDailyK_ChartFlow,FinMind_API_TaiwanStockPrice_2891,True,2026-09-22T15:48:52,2026-09-22T15:48:52,2026-09-22T15:48:52
2891,中信金,2022-05-30,27.1,0.5,1.88%,2.56,10.67,38.4,46.08,53.76,61.44,69.12,76.8,ShowDailyK_ChartFlow,FinMind_API_TaiwanStockPrice_2891,True,2026-09-22T15:48:52,2026-09-22T15:48:52,2026-09-22T15:48:52
2891,中信金,2022-05-31,27.15,0.04999999999999716,0.18%,2.56,10.69,38.4,46.08,53.76,61.44,69.12,76.8,ShowDailyK_ChartFlow,FinMind_API_TaiwanStockPrice_2891,True,2026-09-22T15:48:52,2026-09-22T15:48:52,2026-09-22T15:48:52
2891,中信金,2022-06-01,26.55,-0.5999999999999979,-2.21%,2.56,10.45,38.4,46.08,53.76,61.44,69.12,76.8,ShowDailyK_ChartFlow,FinMind_API_TaiwanStockPrice_2891,True,2026-09-22T15:48:52,2026-09-22T15:48:52,2026-09-22T15:48:52
2891,中信金,2022-06-02,26.6,0.05000000000000071,0.19%,2.56,10.47,38.4,46.08,53.76,61.44,69.12,76.8,ShowDailyK_ChartFlow,FinMind_API_TaiwanStockPrice_2891,True,2026-09-22T15:48:52,2026-09-22T15:48:52,2026-09-22T15:48:52
2891,中信金,2022-06-06,26.85,0.25,0.94%,2.56,10.57,38.4,46.08,53.76,61.44,69.12,76.8,ShowDailyK_ChartFlow,FinMind_API_TaiwanStockPrice_2891,True,2026-09-22T15:48:52,2026-09-22T15:48:52,2026-09-22T15:48:52
2891,中信金,2022-06-07,26.55,-0.3000000000000007,-1.12%,2.56,10.45,38.4,46.08,53.76,61.44,69.12,76.8,ShowDailyK_ChartFlow,FinMind_API_TaiwanStockPrice_2891,True,2026-09-22T15:48:52,2026-09-22T15:48:52,2026-09-22T15:48:52
2891,中信金,2022-06-08,26.75,0.1999999999999993,0.75%,2.56,10.53,38.4,46.08,53.76,61.44,69.12,76.8,ShowDailyK_ChartFlow,FinMind_API_TaiwanStockPrice_2891,True,2026-09-22T15:48:52,2026-09-22T15:48:52,2026-09-22T15:48:52
2891,中信金,2022-06-09,25.85,-0.8999999999999986,-3.36%,2.56,10.18,38.4,46.08,53.76,61.44,69.12,76.8,ShowDailyK_ChartFlow,FinMind_API_TaiwanStockPrice_2891,True,2026-09-22T15:48:52,2026-09-22T15:48:52,2026-09-22T15:48:52
2891,中信金,2022-06-10,26.0,0.14999999999999858,0.58%,2.56,10.24,38.4,46.08,53.76,61.44,69.12,76.8,ShowDailyK_ChartFlow,FinMind_API_TaiwanStockPrice_2891,True,2026-09-22T15:48:52,2026-09-22T15:48:52,2026-09-22T15:48:52
2891,中信金,2022-06-13,25.55,-0.4499999999999993,-1.73%,2.56,10.06,38.4,46.08,53.76,61.44,69.12,76.8,ShowDailyK_ChartFlow,FinMind_API_TaiwanStockPrice_2891,True,2026-09-22T15:48:52,2026-09-22T15:48:52,2026-09-22T15:48:52
2891,中信金,2022-06-14,26.0,0.4499999999999993,1.76%,2.56,10.24,38.4,46.08,53.76,61.44,69.12,76.8,ShowDailyK_ChartFlow,FinMind_API_TaiwanStockPrice_2891,True,2026-09-22T15:48:52,2026-09-22T15:48:52,2026-09-22T15:48:52
2891,中信金,2022-06-15,26.3,0.3000000000000007,1.15%,2.56,10.35,38.4,46.08,53.76,61.44,69.12,76.8,ShowDailyK_ChartFlow,FinMind_API_TaiwanStockPrice_2891,True,2026-09-22T15:48:52,2026-09-22T15:48:52,2026-09-22T15:48:52
2891,中信金,2022-06-16,26.6,0.3000000000000007,1.14%,2.56,10.47,38.4,46.08,53.76,61.44,69.12,76.8,ShowDailyK_ChartFlow,FinMind_API_TaiwanStockPrice_2891,True,2026-09-22T15:48:52,2026-09-22T15:48:52,2026-09-22T15:48:52
2891,中信金,2022-06-17,26.0,-0.6000000000000014,-2.26%,2.56,10.24,38.4,46.08,53.76,61.44,69.12,76.8,ShowDailyK_ChartFlow,FinMind_API_TaiwanStockPrice_2891,True,2026-09-22T15:48:52,2026-09-22T15:48:52,2026-09-22T15:48:52
2891,中信金,2022-06-20,25.5,-0.5,-1.92%,2.56,10.04,38.4,46.08,53.76,61.44,69.12,76.8,ShowDailyK_ChartFlow,FinMind_API_TaiwanStockPrice_2891,True,2026-09-22T15:48:52,2026-09-22T15:48:52,2026-09-22T15:48:52
2891,中信金,2022-06-21,26.45,0.9499999999999993,3.73%,2.56,10.41,38.4,46.08,53.76,61.44,69.12,76.8,ShowDailyK_ChartFlow,FinMind_API_TaiwanStockPrice_2891,True,2026-09-22T15:48:52,2026-09-22T15:48:52,2026-09-22T15:48:52
2891,中信金,2022-06-22,26.05,-0.3999999999999986,-1.51%,2.56,10.26,38.4,46.08,53.76,61.44,69.12,76.8,ShowDailyK_ChartFlow,FinMind_API_TaiwanStockPrice_2891,True,2026-09-22T15:48:52,2026-09-22T15:48:52,2026-09-22T15:48:52
2891,中信金,2022-06-23,26.05,0.0,0.00%,2.56,10.26,38.4,46.08,53.76,61.44,69.12,76.8,ShowDailyK_ChartFlow,FinMind_API_TaiwanStockPrice_2891,True,2026-09-22T15:48:52,2026-09-22T15:48:52,2026-09-22T15:48:52
2891,中信金,2022-06-24,26.3,0.25,0.96%,2.56,10.35,38.4,46.08,53.76,61.44,69.12,76.8,ShowDailyK_ChartFlow,FinMind_API_TaiwanStockPrice_2891,True,2026-09-22T15:48:52,2026-09-22T15:48:52,2026-09-22T15:48:52
2891,中信金,2022-06-27,26.2,-0.10000000000000142,-0.38%,2.56,10.31,38.4,46.08,53.76,61.44,69.12,76.8,ShowDailyK_ChartFlow,FinMind_API_TaiwanStockPrice_2891,True,2026-09-22T15:48:52,2026-09-22T15:48:52,2026-09-22T15:48:52
2891,中信金,2022-06-28,25.8,-0.3999999999999986,-1.53%,2.56,10.16,38.4,46.08,53.76,61.44,69.12,76.8,ShowDailyK_ChartFlow,FinMind_API_TaiwanStockPrice_2891,True,2026-09-22T15:48:52,2026-09-22T15:48:52,2026-09-22T15:48:52
2891,中信金,2022-06-29,25.8,0.0,0.00%,2.56,10.16,38.4,46.08,53.76,61.44,69.12,76.8,ShowDailyK_ChartFlow,FinMind_API_TaiwanStockPrice_2891,True,2026-09-22T15:48:52,2026-09-22T15:48:52,2026-09-22T15:48:52
2891,中信金,2022-06-30,25.1,-0.6999999999999993,-2.71%,2.2,9.88,33.0,39.6,46.2,52.8,59.4,66.0,ShowDailyK_ChartFlow,FinMind_API_TaiwanStockPrice_2891,True,2026-09-22T15:48:52,2026-09-22T15:48:52,2026-09-22T15:48:52
2891,中信金,2022-07-01,24.6,-0.5,-1.99%,2.2,9.69,33.0,39.6,46.2,52.8,59.4,66.0,ShowDailyK_ChartFlow,FinMind_API_TaiwanStockPrice_2891,True,2026-09-22T15:48:52,2026-09-22T15:48:52,2026-09-22T15:48:52
2891,中信金,2022-07-04,24.3,-0.3000000000000007,-1.22%,2.2,9.57,33.0,39.6,46.2,52.8,59.4,66.0,ShowDailyK_ChartFlow,FinMind_API_TaiwanStockPrice_2891,True,2026-09-22T15:48:52,2026-09-22T15:48:52,2026-09-22T15:48:52
2891,中信金,2022-07-05,24.3,0.0,0.00%,2.2,9.57,33.0,39.6,46.2,52.8,59.4,66.0,ShowDailyK_ChartFlow,FinMind_API_TaiwanStockPrice_2891,True,2026-09-22T15:48:52,2026-09-22T15:48:52,2026-09-22T15:48:52
2891,中信金,2022-07-06,23.5,-0.8000000000000007,-3.29%,2.2,9.25,33.0,39.6,46.2,52.8,59.4,66.0,ShowDailyK_ChartFlow,FinMind_API_TaiwanStockPrice_2891,True,2026-09-22T15:48:52,2026-09-22T15:48:52,2026-09-22T15:48:52
2891,中信金,2022-07-07,23.7,0.1999999999999993,0.85%,2.2,9.33,33.0,39.6,46.2,52.8,59.4,66.0,ShowDailyK_ChartFlow,FinMind_API_TaiwanStockPrice_2891,True,2026-09-22T15:48:52,2026-09-22T15:48:52,2026-09-22T15:48:52
2891,中信金,2022-07-08,23.85,0.15000000000000213,0.63%,2.2,9.39,33.0,39.6,46.2,52.8,59.4,66.0,ShowDailyK_ChartFlow,FinMind_API_TaiwanStockPrice_2891,True,2026-09-22T15:48:52,2026-09-22T15:48:52,2026-09-22T15:48:52
2891,中信金,2022-07-11,23.65,-0.20000000000000284,-0.84%,2.2,9.31,33.0,39.6,46.2,52.8,59.4,66.0,ShowDailyK_ChartFlow,FinMind_API_TaiwanStockPrice_2891,True,2026-09-22T15:48:52,2026-09-22T15:48:52,2026-09-22T15:48:52
2891,中信金,2022-07-12,22.95,-0.6999999999999993,-2.96%,2.2,9.04,33.0,39.6,46.2,52.8,59.4,66.0,ShowDailyK_ChartFlow,FinMind_API_TaiwanStockPrice_2891,True,2026-09-22T15:48:52,2026-09-22T15:48:52,2026-09-22T15:48:52
2891,中信金,2022-07-13,23.45,0.5,2.18%,2.2,9.23,33.0,39.6,46.2,52.8,59.4,66.0,ShowDailyK_ChartFlow,FinMind_API_TaiwanStockPrice_2891,True,2026-09-22T15:48:52,2026-09-22T15:48:52,2026-09-22T15:48:52
2891,中信金,2022-07-14,22.25,-1.1999999999999993,-5.12%,2.2,8.76,33.0,39.6,46.2,52.8,59.4,66.0,ShowDailyK_ChartFlow,FinMind_API_TaiwanStockPrice_2891,True,2026-09-22T15:48:52,2026-09-22T15:48:52,2026-09-22T15:48:52
2891,中信金,2022-07-15,21.8,-0.4499999999999993,-2.02%,2.2,8.58,33.0,39.6,46.2,52.8,59.4,66.0,ShowDailyK_ChartFlow,FinMind_API_TaiwanStockPrice_2891,True,2026-09-22T15:48:52,2026-09-22T15:48:52,2026-09-22T15:48:52
2891,中信金,2022-07-18,22.3,0.5,2.29%,2.2,8.78,33.0,39.6,46.2,52.8,59.4,66.0,ShowDailyK_ChartFlow,FinMind_API_TaiwanStockPrice_2891,True,2026-09-22T15:48:52,2026-09-22T15:48:52,2026-09-22T15:48:52
2891,中信金,2022-07-19,22.2,-0.10000000000000142,-0.45%,2.2,8.74,33.0,39.6,46.2,52.8,59.4,66.0,ShowDailyK_ChartFlow,FinMind_API_TaiwanStockPrice_2891,True,2026-09-22T15:48:52,2026-09-22T15:48:52,2026-09-22T15:48:52
2891,中信金,2022-07-20,22.25,0.05000000000000071,0.23%,2.2,8.76,33.0,39.6,46.2,52.8,59.4,66.0,ShowDailyK_ChartFlow,FinMind_API_TaiwanStockPrice_2891,True,2026-09-22T15:48:52,2026-09-22T15:48:52,2026-09-22T15:48:52
2891,中信金,2022-07-21,22.65,0.3999999999999986,1.80%,2.2,8.92,33.0,39.6,46.2,52.8,59.4,66.0,ShowDailyK_ChartFlow,FinMind_API_TaiwanStockPrice_2891,True,2026-09-22T15:48:52,2026-09-22T15:48:52,2026-09-22T15:48:52
2891,中信金,2022-07-22,22.75,0.10000000000000142,0.44%,2.2,8.96,33.0,39.6,46.2,52.8,59.4,66.0,ShowDailyK_ChartFlow,FinMind_API_TaiwanStockPrice_2891,True,2026-09-22T15:48:52,2026-09-22T15:48:52,2026-09-22T15:48:52
2891,中信金,2022-07-25,22.7,-0.05000000000000071,-0.22%,2.2,8.94,33.0,39.6,46.2,52.8,59.4,66.0,ShowDailyK_ChartFlow,FinMind_API_TaiwanStockPrice_2891,True,2026-09-22T15:48:52,2026-09-22T15:48:52,2026-09-22T15:48:52
2891,中信金,2022-07-26,22.95,0.25,1.10%,2.2,9.04,33.0,39.6,46.2,52.8,59.4,66.0,ShowDailyK_ChartFlow,FinMind_API_TaiwanStockPrice_2891,True,2026-09-22T15:48:52,2026-09-22T15:48:52,2026-09-22T15:48:52
2891,中信金,2022-07-27,22.95,0.0,0.00%,2.2,9.04,33.0,39.6,46.2,52.8,59.4,66.0,ShowDailyK_ChartFlow,FinMind_API_TaiwanStockPrice_2891,True,2026-09-22T15:48:52,2026-09-22T15:48:52,2026-09-22T15:48:52
2891,中信金,2022-07-28,23.2,0.25,1.09%,2.2,9.13,33.0,39.6,46.2,52.8,59.4,66.0,ShowDailyK_ChartFlow,FinMind_API_TaiwanStockPrice_2891,True,2026-09-22T15:48:52,2026-09-22T15:48:52,2026-09-22T15:48:52
2891,中信金,2022-07-29,22.95,-0.25,-1.08%,2.2,9.04,33.0,39.6,46.2,52.8,59.4,66.0,ShowDailyK_ChartFlow,FinMind_API_TaiwanStockPrice_2891,True,2026-09-22T15:48:52,2026-09-22T15:48:52,2026-09-22T15:48:52
2891,中信金,2022-08-01,22.95,0.0,0.00%,2.2,9.04,33.0,39.6,46.2,52.8,59.4,66.0,ShowDailyK_ChartFlow,FinMind_API_TaiwanStockPrice_2891,True,2026-09-22T15:48:52,2026-09-22T15:48:52,2026-09-22T15:48:52
2891,中信金,2022-08-02,22.45,-0.5,-2.18%,2.2,8.84,33.0,39.6,46.2,52.8,59.4,66.0,ShowDailyK_ChartFlow,FinMind_API_TaiwanStockPrice_2891,True,2026-09-22T15:48:52,2026-09-22T15:48:52,2026-09-22T15:48:52
2891,中信金,2022-08-03,22.3,-0.14999999999999858,-0.67%,2.2,8.78,33.0,39.6,46.2,52.8,59.4,66.0,ShowDailyK_ChartFlow,FinMind_API_TaiwanStockPrice_2891,True,2026-09-22T15:48:52,2026-09-22T15:48:52,2026-09-22T15:48:52
2891,中信金,2022-08-04,22.25,-0.05000000000000071,-0.22%,2.2,8.76,33.0,39.6,46.2,52.8,59.4,66.0,ShowDailyK_ChartFlow,FinMind_API_TaiwanStockPrice_2891,True,2026-09-22T15:48:52,2026-09-22T15:48:52,2026-09-22T15:48:52
2891,中信金,2022-08-05,23.0,0.75,3.37%,2.2,9.06,33.0,39.6,46.2,52.8,59.4,66.0,ShowDailyK_ChartFlow,FinMind_API_TaiwanStockPrice_2891,True,2026-09-22T15:48:52,2026-09-22T15:48:52,2026-09-22T15:48:52
2891,中信金,2022-08-08,23.1,0.10000000000000142,0.43%,2.2,9.09,33.0,39.6,46.2,52.8,59.4,66.0,ShowDailyK_ChartFlow,FinMind_API_TaiwanStockPrice_2891,True,2026-09-22T15:48:52,2026-09-22T15:48:52,2026-09-22T15:48:52
2891,中信金,2022-08-09,23.3,0.1999999999999993,0.87%,2.2,9.17,33.0,39.6,46.2,52.8,59.4,66.0,ShowDailyK_ChartFlow,FinMind_API_TaiwanStockPrice_2891,True,2026-09-22T15:48:52,2026-09-22T15:48:52,2026-09-22T15:48:52
2891,中信金,2022-08-10,23.55,0.25,1.07%,2.2,9.27,33.0,39.6,46.2,52.8,59.4,66.0,ShowDailyK_ChartFlow,FinMind_API_TaiwanStockPrice_2891,True,2026-09-22T15:48:52,2026-09-22T15:48:52,2026-09-22T15:48:52
2891,中信金,2022-08-11,24.05,0.5,2.12%,2.2,9.47,33.0,39.6,46.2,52.8,59.4,66.0,ShowDailyK_ChartFlow,FinMind_API_TaiwanStockPrice_2891,True,2026-09-22T15:48:52,2026-09-22T15:48:52,2026-09-22T15:48:52
2891,中信金,2022-08-12,24.1,0.05000000000000071,0.21%,2.2,9.49,33.0,39.6,46.2,52.8,59.4,66.0,ShowDailyK_ChartFlow,FinMind_API_TaiwanStockPrice_2891,True,2026-09-22T15:48:52,2026-09-22T15:48:52,2026-09-22T15:48:52
2891,中信金,2022-08-15,24.25,0.14999999999999858,0.62%,2.2,9.55,33.0,39.6,46.2,52.8,59.4,66.0,ShowDailyK_ChartFlow,FinMind_API_TaiwanStockPrice_2891,True,2026-09-22T15:48:52,2026-09-22T15:48:52,2026-09-22T15:48:52
2891,中信金,2022-08-16,24.55,0.3000000000000007,1.24%,2.2,9.67,33.0,39.6,46.2,52.8,59.4,66.0,ShowDailyK_ChartFlow,FinMind_API_TaiwanStockPrice_2891,True,2026-09-22T15:48:52,2026-09-22T15:48:52,2026-09-22T15:48:52
2891,中信金,2022-08-17,24.9,0.34999999999999787,1.43%,2.2,9.8,33.0,39.6,46.2,52.8,59.4,66.0,ShowDailyK_ChartFlow,FinMind_API_TaiwanStockPrice_2891,True,2026-09-22T15:48:52,2026-09-22T15:48:52,2026-09-22T15:48:52
2891,中信金,2022-08-18,24.45,-0.4499999999999993,-1.81%,2.2,9.63,33.0,39.6,46.2,52.8,59.4,66.0,ShowDailyK_ChartFlow,FinMind_API_TaiwanStockPrice_2891,True,2026-09-22T15:48:52,2026-09-22T15:48:52,2026-09-22T15:48:52
2891,中信金,2022-08-19,24.6,0.15000000000000213,0.61%,2.2,9.69,33.0,39.6,46.2,52.8,59.4,66.0,ShowDailyK_ChartFlow,FinMind_API_TaiwanStockPrice_2891,True,2026-09-22T15:48:52,2026-09-22T15:48:52,2026-09-22T15:48:52
2891,中信金,2022-08-22,24.35,-0.25,-1.02%,2.2,10.82,33.0,39.6,46.2,52.8,59.4,66.0,ShowDailyK_ChartFlow,FinMind_API_TaiwanStockPrice_2891,True,2026-09-22T15:48:52,2026-09-22T15:48:52,2026-09-22T15:48:52
2891,中信金,2022-08-23,23.8,-0.5500000000000007,-2.26%,2.2,10.58,33.0,39.6,46.2,52.8,59.4,66.0,ShowDailyK_ChartFlow,FinMind_API_TaiwanStockPrice_2891,True,2026-09-22T15:48:52,2026-09-22T15:48:52,2026-09-22T15:48:52
2891,中信金,2022-08-24,23.45,-0.3500000000000014,-1.47%,2.2,10.42,33.0,39.6,46.2,52.8,59.4,66.0,ShowDailyK_ChartFlow,FinMind_API_TaiwanStockPrice_2891,True,2026-09-22T15:48:52,2026-09-22T15:48:52,2026-09-22T15:48:52
2891,中信金,2022-08-25,23.75,0.3000000000000007,1.28%,2.2,10.56,33.0,39.6,46.2,52.8,59.4,66.0,ShowDailyK_ChartFlow,FinMind_API_TaiwanStockPrice_2891,True,2026-09-22T15:48:52,2026-09-22T15:48:52,2026-09-22T15:48:52
2891,中信金,2022-08-26,23.85,0.10000000000000142,0.42%,2.2,10.6,33.0,39.6,46.2,52.8,59.4,66.0,ShowDailyK_ChartFlow,FinMind_API_TaiwanStockPrice_2891,True,2026-09-22T15:48:52,2026-09-22T15:48:52,2026-09-22T15:48:52
2891,中信金,2022-08-29,23.5,-0.3500000000000014,-1.47%,2.2,10.44,33.0,39.6,46.2,52.8,59.4,66.0,ShowDailyK_ChartFlow,FinMind_API_TaiwanStockPrice_2891,True,2026-09-22T15:48:52,2026-09-22T15:48:52,2026-09-22T15:48:52
2891,中信金,2022-08-30,23.25,-0.25,-1.06%,2.2,10.33,33.0,39.6,46.2,52.8,59.4,66.0,ShowDailyK_ChartFlow,FinMind_API_TaiwanStockPrice_2891,True,2026-09-22T15:48:52,2026-09-22T15:48:52,2026-09-22T15:48:52
2891,中信金,2022-08-31,23.5,0.25,1.08%,2.2,10.44,33.0,39.6,46.2,52.8,59.4,66.0,ShowDailyK_ChartFlow,FinMind_API_TaiwanStockPrice_2891,True,2026-09-22T15:48:52,2026-09-22T15:48:52,2026-09-22T15:48:52
2891,中信金,2022-09-01,23.05,-0.4499999999999993,-1.91%,2.2,10.24,33.0,39.6,46.2,52.8,59.4,66.0,ShowDailyK_ChartFlow,FinMind_API_TaiwanStockPrice_2891,True,2026-09-22T15:48:52,2026-09-22T15:48:52,2026-09-22T15:48:52
2891,中信金,2022-09-02,22.9,-0.15000000000000213,-0.65%,2.2,10.18,33.0,39.6,46.2,52.8,59.4,66.0,ShowDailyK_ChartFlow,FinMind_API_TaiwanStockPrice_2891,True,2026-09-22T15:48:52,2026-09-22T15:48:52,2026-09-22T15:48:52
2891,中信金,2022-09-05,23.25,0.3500000000000014,1.53%,2.2,10.33,33.0,39.6,46.2,52.8,59.4,66.0,ShowDailyK_ChartFlow,FinMind_API_TaiwanStockPrice_2891,True,2026-09-22T15:48:52,2026-09-22T15:48:52,2026-09-22T15:48:52
2891,中信金,2022-09-06,23.4,0.14999999999999858,0.65%,2.2,10.4,33.0,39.6,46.2,52.8,59.4,66.0,ShowDailyK_ChartFlow,FinMind_API_TaiwanStockPrice_2891,True,2026-09-22T15:48:52,2026-09-22T15:48:52,2026-09-22T15:48:52
2891,中信金,2022-09-07,22.8,-0.5999999999999979,-2.56%,2.2,10.13,33.0,39.6,46.2,52.8,59.4,66.0,ShowDailyK_ChartFlow,FinMind_API_TaiwanStockPrice_2891,True,2026-09-22T15:48:52,2026-09-22T15:48:52,2026-09-22T15:48:52
2891,中信金,2022-09-08,22.9,0.09999999999999787,0.44%,2.2,10.18,33.0,39.6,46.2,52.8,59.4,66.0,ShowDailyK_ChartFlow,FinMind_API_TaiwanStockPrice_2891,True,2026-09-22T15:48:52,2026-09-22T15:48:52,2026-09-22T15:48:52
2891,中信金,2022-09-12,22.9,0.0,0.00%,2.2,10.18,33.0,39.6,46.2,52.8,59.4,66.0,ShowDailyK_ChartFlow,FinMind_API_TaiwanStockPrice_2891,True,2026-09-22T15:48:52,2026-09-22T15:48:52,2026-09-22T15:48:52
2891,中信金,2022-09-13,22.75,-0.14999999999999858,-0.66%,2.2,10.11,33.0,39.6,46.2,52.8,59.4,66.0,ShowDailyK_ChartFlow,FinMind_API_TaiwanStockPrice_2891,True,2026-09-22T15:48:52,2026-09-22T15:48:52,2026-09-22T15:48:52
2891,中信金,2022-09-14,22.3,-0.4499999999999993,-1.98%,2.2,9.91,33.0,39.6,46.2,52.8,59.4,66.0,ShowDailyK_ChartFlow,FinMind_API_TaiwanStockPrice_2891,True,2026-09-22T15:48:52,2026-09-22T15:48:52,2026-09-22T15:48:52
2891,中信金,2022-09-15,22.3,0.0,0.00%,2.2,9.91,33.0,39.6,46.2,52.8,59.4,66.0,ShowDailyK_ChartFlow,FinMind_API_TaiwanStockPrice_2891,True,2026-09-22T15:48:52,2026-09-22T15:48:52,2026-09-22T15:48:52
2891,中信金,2022-09-16,22.1,-0.1999999999999993,-0.90%,2.2,9.82,33.0,39.6,46.2,52.8,59.4,66.0,ShowDailyK_ChartFlow,FinMind_API_TaiwanStockPrice_2891,True,2026-09-22T15:48:52,2026-09-22T15:48:52,2026-09-22T15:48:52
2891,中信金,2022-09-19,22.15,0.04999999999999716,0.23%,2.2,9.84,33.0,39.6,46.2,52.8,59.4,66.0,ShowDailyK_ChartFlow,FinMind_API_TaiwanStockPrice_2891,True,2026-09-22T15:48:52,2026-09-22T15:48:52,2026-09-22T15:48:52
2891,中信金,2022-09-20,22.2,0.05000000000000071,0.23%,2.2,9.87,33.0,39.6,46.2,52.8,59.4,66.0,ShowDailyK_ChartFlow,FinMind_API_TaiwanStockPrice_2891,True,2026-09-22T15:48:52,2026-09-22T15:48:52,2026-09-22T15:48:52
2891,中信金,2022-09-21,22.05,-0.14999999999999858,-0.68%,2.2,9.8,33.0,39.6,46.2,52.8,59.4,66.0,ShowDailyK_ChartFlow,FinMind_API_TaiwanStockPrice_2891,True,2026-09-22T15:48:52,2026-09-22T15:48:52,2026-09-22T15:48:52
2891,中信金,2022-09-22,21.6,-0.4499999999999993,-2.04%,2.2,9.6,33.0,39.6,46.2,52.8,59.4,66.0,ShowDailyK_ChartFlow,FinMind_API_TaiwanStockPrice_2891,True,2026-09-22T15:48:52,2026-09-22T15:48:52,2026-09-22T15:48:52
2891,中信金,2022-09-23,21.65,0.04999999999999716,0.23%,2.2,9.62,33.0,39.6,46.2,52.8,59.4,66.0,ShowDailyK_ChartFlow,FinMind_API_TaiwanStockPrice_2891,True,2026-09-22T15:48:52,2026-09-22T15:48:52,2026-09-22T15:48:52
2891,中信金,2022-09-26,21.25,-0.3999999999999986,-1.85%,2.2,9.44,33.0,39.6,46.2,52.8,59.4,66.0,ShowDailyK_ChartFlow,FinMind_API_TaiwanStockPrice_2891,True,2026-09-22T15:48:52,2026-09-22T15:48:52,2026-09-22T15:48:52
2891,中信金,2022-09-27,20.75,-0.5,-2.35%,2.2,9.22,33.0,39.6,46.2,52.8,59.4,66.0,ShowDailyK_ChartFlow,FinMind_API_TaiwanStockPrice_2891,True,2026-09-22T15:48:52,2026-09-22T15:48:52,2026-09-22T15:48:52
2891,中信金,2022-09-28,20.1,-0.6499999999999986,-3.13%,2.2,8.93,33.0,39.6,46.2,52.8,59.4,66.0,ShowDailyK_ChartFlow,FinMind_API_TaiwanStockPrice_2891,True,2026-09-22T15:48:52,2026-09-22T15:48:52,2026-09-22T15:48:52
2891,中信金,2022-09-29,20.05,-0.05000000000000071,-0.25%,2.2,8.91,33.0,39.6,46.2,52.8,59.4,66.0,ShowDailyK_ChartFlow,FinMind_API_TaiwanStockPrice_2891,True,2026-09-22T15:48:52,2026-09-22T15:48:52,2026-09-22T15:48:52
2891,中信金,2022-09-30,19.85,-0.1999999999999993,-1.00%,2.0,8.82,30.0,36.0,42.0,48.0,54.0,60.0,ShowDailyK_ChartFlow,FinMind_API_TaiwanStockPrice_2891,True,2026-09-22T15:48:52,2026-09-22T15:48:52,2026-09-22T15:48:52
2891,中信金,2022-10-03,19.7,-0.15000000000000213,-0.76%,2.0,8.76,30.0,36.0,42.0,48.0,54.0,60.0,ShowDailyK_ChartFlow,FinMind_API_TaiwanStockPrice_2891,True,2026-09-22T15:48:52,2026-09-22T15:48:52,2026-09-22T15:48:52
2891,中信金,2022-10-04,20.15,0.4499999999999993,2.28%,2.0,8.96,30.0,36.0,42.0,48.0,54.0,60.0,ShowDailyK_ChartFlow,FinMind_API_TaiwanStockPrice_2891,True,2026-09-22T15:48:52,2026-09-22T15:48:52,2026-09-22T15:48:52
2891,中信金,2022-10-05,20.5,0.3500000000000014,1.74%,2.0,9.11,30.0,36.0,42.0,48.0,54.0,60.0,ShowDailyK_ChartFlow,FinMind_API_TaiwanStockPrice_2891,True,2026-09-22T15:48:52,2026-09-22T15:48:52,2026-09-22T15:48:52
2891,中信金,2022-10-06,20.6,0.10000000000000142,0.49%,2.0,9.16,30.0,36.0,42.0,48.0,54.0,60.0,ShowDailyK_ChartFlow,FinMind_API_TaiwanStockPrice_2891,True,2026-09-22T15:48:52,2026-09-22T15:48:52,2026-09-22T15:48:52
2891,中信金,2022-10-07,20.45,-0.15000000000000213,-0.73%,2.0,9.09,30.0,36.0,42.0,48.0,54.0,60.0,ShowDailyK_ChartFlow,FinMind_API_TaiwanStockPrice_2891,True,2026-09-22T15:48:52,2026-09-22T15:48:52,2026-09-22T15:48:52
2891,中信金,2022-10-11,20.1,-0.34999999999999787,-1.71%,2.0,8.93,30.0,36.0,42.0,48.0,54.0,60.0,ShowDailyK_ChartFlow,FinMind_API_TaiwanStockPrice_2891,True,2026-09-22T15:48:52,2026-09-22T15:48:52,2026-09-22T15:48:52
2891,中信金,2022-10-12,20.25,0.14999999999999858,0.75%,2.0,9.0,30.0,36.0,42.0,48.0,54.0,60.0,ShowDailyK_ChartFlow,FinMind_API_TaiwanStockPrice_2891,True,2026-09-22T15:48:52,2026-09-22T15:48:52,2026-09-22T15:48:52
2891,中信金,2022-10-13,19.65,-0.6000000000000014,-2.96%,2.0,8.73,30.0,36.0,42.0,48.0,54.0,60.0,ShowDailyK_ChartFlow,FinMind_API_TaiwanStockPrice_2891,True,2026-09-22T15:48:52,2026-09-22T15:48:52,2026-09-22T15:48:52
2891,中信金,2022-10-14,19.8,0.15000000000000213,0.76%,2.0,8.8,30.0,36.0,42.0,48.0,54.0,60.0,ShowDailyK_ChartFlow,FinMind_API_TaiwanStockPrice_2891,True,2026-09-22T15:48:52,2026-09-22T15:48:52,2026-09-22T15:48:52
2891,中信金,2022-10-17,19.8,0.0,0.00%,2.0,8.8,30.0,36.0,42.0,48.0,54.0,60.0,ShowDailyK_ChartFlow,FinMind_API_TaiwanStockPrice_2891,True,2026-09-22T15:48:52,2026-09-22T15:48:52,2026-09-22T15:48:52
2891,中信金,2022-10-18,20.1,0.3000000000000007,1.52%,2.0,8.93,30.0,36.0,42.0,48.0,54.0,60.0,ShowDailyK_ChartFlow,FinMind_API_TaiwanStockPrice_2891,True,2026-09-22T15:48:52,2026-09-22T15:48:52,2026-09-22T15:48:52
2891,中信金,2022-10-19,19.9,-0.20000000000000284,-1.00%,2.0,8.84,30.0,36.0,42.0,48.0,54.0,60.0,ShowDailyK_ChartFlow,FinMind_API_TaiwanStockPrice_2891,True,2026-09-22T15:48:52,2026-09-22T15:48:52,2026-09-22T15:48:52
2891,中信金,2022-10-20,19.7,-0.1999999999999993,-1.01%,2.0,8.76,30.0,36.0,42.0,48.0,54.0,60.0,ShowDailyK_ChartFlow,FinMind_API_TaiwanStockPrice_2891,True,2026-09-22T15:48:52,2026-09-22T15:48:52,2026-09-22T15:48:52
2891,中信金,2022-10-21,20.0,0.3000000000000007,1.52%,2.0,8.89,30.0,36.0,42.0,48.0,54.0,60.0,ShowDailyK_ChartFlow,FinMind_API_TaiwanStockPrice_2891,True,2026-09-22T15:48:52,2026-09-22T15:48:52,2026-09-22T15:48:52
2891,中信金,2022-10-24,19.9,-0.10000000000000142,-0.50%,2.0,8.84,30.0,36.0,42.0,48.0,54.0,60.0,ShowDailyK_ChartFlow,FinMind_API_TaiwanStockPrice_2891,True,2026-09-22T15:48:52,2026-09-22T15:48:52,2026-09-22T15:48:52
2891,中信金,2022-10-25,20.0,0.10000000000000142,0.50%,2.0,8.89,30.0,36.0,42.0,48.0,54.0,60.0,ShowDailyK_ChartFlow,FinMind_API_TaiwanStockPrice_2891,True,2026-09-22T15:48:52,2026-09-22T15:48:52,2026-09-22T15:48:52
2891,中信金,2022-10-26,20.35,0.3500000000000014,1.75%,2.0,9.04,30.0,36.0,42.0,48.0,54.0,60.0,ShowDailyK_ChartFlow,FinMind_API_TaiwanStockPrice_2891,True,2026-09-22T15:48:52,2026-09-22T15:48:52,2026-09-22T15:48:52
2891,中信金,2022-10-27,20.55,0.1999999999999993,0.98%,2.0,9.13,30.0,36.0,42.0,48.0,54.0,60.0,ShowDailyK_ChartFlow,FinMind_API_TaiwanStockPrice_2891,True,2026-09-22T15:48:52,2026-09-22T15:48:52,2026-09-22T15:48:52
2891,中信金,2022-10-28,20.55,0.0,0.00%,2.0,9.13,30.0,36.0,42.0,48.0,54.0,60.0,ShowDailyK_ChartFlow,FinMind_API_TaiwanStockPrice_2891,True,2026-09-22T15:48:52,2026-09-22T15:48:52,2026-09-22T15:48:52
2891,中信金,2022-10-31,20.4,-0.15000000000000213,-0.73%,2.0,9.07,30.0,36.0,42.0,48.0,54.0,60.0,ShowDailyK_ChartFlow,FinMind_API_TaiwanStockPrice_2891,True,2026-09-22T15:48:52,2026-09-22T15:48:52,2026-09-22T15:48:52
2891,中信金,2022-11-01,21.1,0.7000000000000028,3.43%,2.0,9.38,30.0,36.0,42.0,48.0,54.0,60.0,ShowDailyK_ChartFlow,FinMind_API_TaiwanStockPrice_2891,True,2026-09-22T15:48:52,2026-09-22T15:48:52,2026-09-22T15:48:52
2891,中信金,2022-11-02,20.85,-0.25,-1.18%,2.0,9.27,30.0,36.0,42.0,48.0,54.0,60.0,ShowDailyK_ChartFlow,FinMind_API_TaiwanStockPrice_2891,True,2026-09-22T15:48:52,2026-09-22T15:48:52,2026-09-22T15:48:52
2891,中信金,2022-11-03,20.55,-0.3000000000000007,-1.44%,2.0,9.13,30.0,36.0,42.0,48.0,54.0,60.0,ShowDailyK_ChartFlow,FinMind_API_TaiwanStockPrice_2891,True,2026-09-22T15:48:52,2026-09-22T15:48:52,2026-09-22T15:48:52
2891,中信金,2022-11-04,20.9,0.34999999999999787,1.70%,2.0,9.29,30.0,36.0,42.0,48.0,54.0,60.0,ShowDailyK_ChartFlow,FinMind_API_TaiwanStockPrice_2891,True,2026-09-22T15:48:52,2026-09-22T15:48:52,2026-09-22T15:48:52
2891,中信金,2022-11-07,21.45,0.5500000000000007,2.63%,2.0,9.53,30.0,36.0,42.0,48.0,54.0,60.0,ShowDailyK_ChartFlow,FinMind_API_TaiwanStockPrice_2891,True,2026-09-22T15:48:52,2026-09-22T15:48:52,2026-09-22T15:48:52
2891,中信金,2022-11-08,21.55,0.10000000000000142,0.47%,2.0,9.58,30.0,36.0,42.0,48.0,54.0,60.0,ShowDailyK_ChartFlow,FinMind_API_TaiwanStockPrice_2891,True,2026-09-22T15:48:52,2026-09-22T15:48:52,2026-09-22T15:48:52
2891,中信金,2022-11-09,21.2,-0.3500000000000014,-1.62%,2.0,9.42,30.0,36.0,42.0,48.0,54.0,60.0,ShowDailyK_ChartFlow,FinMind_API_TaiwanStockPrice_2891,True,2026-09-22T15:48:52,2026-09-22T15:48:52,2026-09-22T15:48:52
2891,中信金,2022-11-10,21.15,-0.05000000000000071,-0.24%,2.0,9.4,30.0,36.0,42.0,48.0,54.0,60.0,ShowDailyK_ChartFlow,FinMind_API_TaiwanStockPrice_2891,True,2026-09-22T15:48:52,2026-09-22T15:48:52,2026-09-22T15:48:52
2891,中信金,2022-11-11,21.85,0.7000000000000028,3.31%,2.0,9.71,30.0,36.0,42.0,48.0,54.0,60.0,ShowDailyK_ChartFlow,FinMind_API_TaiwanStockPrice_2891,True,2026-09-22T15:48:52,2026-09-22T15:48:52,2026-09-22T15:48:52
2891,中信金,2022-11-14,21.7,-0.15000000000000213,-0.69%,2.0,9.64,30.0,36.0,42.0,48.0,54.0,60.0,ShowDailyK_ChartFlow,FinMind_API_TaiwanStockPrice_2891,True,2026-09-22T15:48:52,2026-09-22T15:48:52,2026-09-22T15:48:52
2891,中信金,2022-11-15,22.0,0.3000000000000007,1.38%,2.0,9.78,30.0,36.0,42.0,48.0,54.0,60.0,ShowDailyK_ChartFlow,FinMind_API_TaiwanStockPrice_2891,True,2026-09-22T15:48:52,2026-09-22T15:48:52,2026-09-22T15:48:52
2891,中信金,2022-11-16,21.8,-0.1999999999999993,-0.91%,2.0,9.69,30.0,36.0,42.0,48.0,54.0,60.0,ShowDailyK_ChartFlow,FinMind_API_TaiwanStockPrice_2891,True,2026-09-22T15:48:52,2026-09-22T15:48:52,2026-09-22T15:48:52
2891,中信金,2022-11-17,21.65,-0.15000000000000213,-0.69%,2.0,9.62,30.0,36.0,42.0,48.0,54.0,60.0,ShowDailyK_ChartFlow,FinMind_API_TaiwanStockPrice_2891,True,2026-09-22T15:48:52,2026-09-22T15:48:52,2026-09-22T15:48:52
2891,中信金,2022-11-18,21.4,-0.25,-1.15%,2.0,9.51,30.0,36.0,42.0,48.0,54.0,60.0,ShowDailyK_ChartFlow,FinMind_API_TaiwanStockPrice_2891,True,2026-09-22T15:48:52,2026-09-22T15:48:52,2026-09-22T15:48:52
2891,中信金,2022-11-21,21.4,0.0,0.00%,2.0,9.51,30.0,36.0,42.0,48.0,54.0,60.0,ShowDailyK_ChartFlow,FinMind_API_TaiwanStockPrice_2891,True,2026-09-22T15:48:52,2026-09-22T15:48:52,2026-09-22T15:48:52
2891,中信金,2022-11-22,21.65,0.25,1.17%,2.0,9.62,30.0,36.0,42.0,48.0,54.0,60.0,ShowDailyK_ChartFlow,FinMind_API_TaiwanStockPrice_2891,True,2026-09-22T15:48:52,2026-09-22T15:48:52,2026-09-22T15:48:52
2891,中信金,2022-11-23,22.55,0.9000000000000021,4.16%,2.0,10.02,30.0,36.0,42.0,48.0,54.0,60.0,ShowDailyK_ChartFlow,FinMind_API_TaiwanStockPrice_2891,True,2026-09-22T15:48:52,2026-09-22T15:48:52,2026-09-22T15:48:52
2891,中信金,2022-11-24,22.45,-0.10000000000000142,-0.44%,2.0,9.98,30.0,36.0,42.0,48.0,54.0,60.0,ShowDailyK_ChartFlow,FinMind_API_TaiwanStockPrice_2891,True,2026-09-22T15:48:52,2026-09-22T15:48:52,2026-09-22T15:48:52
2891,中信金,2022-11-25,22.4,-0.05000000000000071,-0.22%,2.0,11.2,30.0,36.0,42.0,48.0,54.0,60.0,ShowDailyK_ChartFlow,FinMind_API_TaiwanStockPrice_2891,True,2026-09-22T15:48:52,2026-09-22T15:48:52,2026-09-22T15:48:52
2891,中信金,2022-11-28,22.2,-0.1999999999999993,-0.89%,2.0,11.1,30.0,36.0,42.0,48.0,54.0,60.0,ShowDailyK_ChartFlow,FinMind_API_TaiwanStockPrice_2891,True,2026-09-22T15:48:52,2026-09-22T15:48:52,2026-09-22T15:48:52
2891,中信金,2022-11-29,22.85,0.6500000000000021,2.93%,2.0,11.43,30.0,36.0,42.0,48.0,54.0,60.0,ShowDailyK_ChartFlow,FinMind_API_TaiwanStockPrice_2891,True,2026-09-22T15:48:52,2026-09-22T15:48:52,2026-09-22T15:48:52
2891,中信金,2022-11-30,23.0,0.14999999999999858,0.66%,2.0,11.5,30.0,36.0,42.0,48.0,54.0,60.0,ShowDailyK_ChartFlow,FinMind_API_TaiwanStockPrice_2891,True,2026-09-22T15:48:52,2026-09-22T15:48:52,2026-09-22T15:48:52
2891,中信金,2022-12-01,22.6,-0.3999999999999986,-1.74%,2.0,11.3,30.0,36.0,42.0,48.0,54.0,60.0,ShowDailyK_ChartFlow,FinMind_API_TaiwanStockPrice_2891,True,2026-09-22T15:48:52,2026-09-22T15:48:52,2026-09-22T15:48:52
2891,中信金,2022-12-02,22.5,-0.10000000000000142,-0.44%,2.0,11.25,30.0,36.0,42.0,48.0,54.0,60.0,ShowDailyK_ChartFlow,FinMind_API_TaiwanStockPrice_2891,True,2026-09-22T15:48:52,2026-09-22T15:48:52,2026-09-22T15:48:52
2891,中信金,2022-12-05,22.75,0.25,1.11%,2.0,11.38,30.0,36.0,42.0,48.0,54.0,60.0,ShowDailyK_ChartFlow,FinMind_API_TaiwanStockPrice_2891,True,2026-09-22T15:48:52,2026-09-22T15:48:52,2026-09-22T15:48:52
2891,中信金,2022-12-06,22.4,-0.3500000000000014,-1.54%,2.0,11.2,30.0,36.0,42.0,48.0,54.0,60.0,ShowDailyK_ChartFlow,FinMind_API_TaiwanStockPrice_2891,True,2026-09-22T15:48:52,2026-09-22T15:48:52,2026-09-22T15:48:52
2891,中信金,2022-12-07,23.05,0.6500000000000021,2.90%,2.0,11.53,30.0,36.0,42.0,48.0,54.0,60.0,ShowDailyK_ChartFlow,FinMind_API_TaiwanStockPrice_2891,True,2026-09-22T15:48:52,2026-09-22T15:48:52,2026-09-22T15:48:52
2891,中信金,2022-12-08,22.8,-0.25,-1.08%,2.0,11.4,30.0,36.0,42.0,48.0,54.0,60.0,ShowDailyK_ChartFlow,FinMind_API_TaiwanStockPrice_2891,True,2026-09-22T15:48:52,2026-09-22T15:48:52,2026-09-22T15:48:52
2891,中信金,2022-12-09,22.7,-0.10000000000000142,-0.44%,2.0,11.35,30.0,36.0,42.0,48.0,54.0,60.0,ShowDailyK_ChartFlow,FinMind_API_TaiwanStockPrice_2891,True,2026-09-22T15:48:52,2026-09-22T15:48:52,2026-09-22T15:48:52
2891,中信金,2022-12-12,22.9,0.1999999999999993,0.88%,2.0,11.45,30.0,36.0,42.0,48.0,54.0,60.0,ShowDailyK_ChartFlow,FinMind_API_TaiwanStockPrice_2891,True,2026-09-22T15:48:52,2026-09-22T15:48:52,2026-09-22T15:48:52
2891,中信金,2022-12-13,22.7,-0.1999999999999993,-0.87%,2.0,11.35,30.0,36.0,42.0,48.0,54.0,60.0,ShowDailyK_ChartFlow,FinMind_API_TaiwanStockPrice_2891,True,2026-09-22T15:48:52,2026-09-22T15:48:52,2026-09-22T15:48:52
2891,中信金,2022-12-14,22.9,0.1999999999999993,0.88%,2.0,11.45,30.0,36.0,42.0,48.0,54.0,60.0,ShowDailyK_ChartFlow,FinMind_API_TaiwanStockPrice_2891,True,2026-09-22T15:48:52,2026-09-22T15:48:52,2026-09-22T15:48:52
2891,中信金,2022-12-15,22.75,-0.14999999999999858,-0.66%,2.0,11.38,30.0,36.0,42.0,48.0,54.0,60.0,ShowDailyK_ChartFlow,FinMind_API_TaiwanStockPrice_2891,True,2026-09-22T15:48:52,2026-09-22T15:48:52,2026-09-22T15:48:52
2891,中信金,2022-12-16,22.25,-0.5,-2.20%,2.0,11.13,30.0,36.0,42.0,48.0,54.0,60.0,ShowDailyK_ChartFlow,FinMind_API_TaiwanStockPrice_2891,True,2026-09-22T15:48:52,2026-09-22T15:48:52,2026-09-22T15:48:52
2891,中信金,2022-12-19,22.05,-0.1999999999999993,-0.90%,2.0,11.03,30.0,36.0,42.0,48.0,54.0,60.0,ShowDailyK_ChartFlow,FinMind_API_TaiwanStockPrice_2891,True,2026-09-22T15:48:52,2026-09-22T15:48:52,2026-09-22T15:48:52
2891,中信金,2022-12-20,21.9,-0.15000000000000213,-0.68%,2.0,10.95,30.0,36.0,42.0,48.0,54.0,60.0,ShowDailyK_ChartFlow,FinMind_API_TaiwanStockPrice_2891,True,2026-09-22T15:48:52,2026-09-22T15:48:52,2026-09-22T15:48:52
2891,中信金,2022-12-21,21.7,-0.1999999999999993,-0.91%,2.0,10.85,30.0,36.0,42.0,48.0,54.0,60.0,ShowDailyK_ChartFlow,FinMind_API_TaiwanStockPrice_2891,True,2026-09-22T15:48:52,2026-09-22T15:48:52,2026-09-22T15:48:52
2891,中信金,2022-12-22,22.15,0.4499999999999993,2.07%,2.0,11.08,30.0,36.0,42.0,48.0,54.0,60.0,ShowDailyK_ChartFlow,FinMind_API_TaiwanStockPrice_2891,True,2026-09-22T15:48:52,2026-09-22T15:48:52,2026-09-22T15:48:52
2891,中信金,2022-12-23,21.9,-0.25,-1.13%,2.0,10.95,30.0,36.0,42.0,48.0,54.0,60.0,ShowDailyK_ChartFlow,FinMind_API_TaiwanStockPrice_2891,True,2026-09-22T15:48:52,2026-09-22T15:48:52,2026-09-22T15:48:52
2891,中信金,2022-12-26,22.1,0.20000000000000284,0.91%,2.0,11.05,30.0,36.0,42.0,48.0,54.0,60.0,ShowDailyK_ChartFlow,FinMind_API_TaiwanStockPrice_2891,True,2026-09-22T15:48:52,2026-09-22T15:48:52,2026-09-22T15:48:52
2891,中信金,2022-12-27,22.25,0.14999999999999858,0.68%,2.0,11.13,30.0,36.0,42.0,48.0,54.0,60.0,ShowDailyK_ChartFlow,FinMind_API_TaiwanStockPrice_2891,True,2026-09-22T15:48:52,2026-09-22T15:48:52,2026-09-22T15:48:52
2891,中信金,2022-12-28,22.15,-0.10000000000000142,-0.45%,2.0,11.08,30.0,36.0,42.0,48.0,54.0,60.0,ShowDailyK_ChartFlow,FinMind_API_TaiwanStockPrice_2891,True,2026-09-22T15:48:52,2026-09-22T15:48:52,2026-09-22T15:48:52
2891,中信金,2022-12-29,21.9,-0.25,-1.13%,2.0,10.95,30.0,36.0,42.0,48.0,54.0,60.0,ShowDailyK_ChartFlow,FinMind_API_TaiwanStockPrice_2891,True,2026-09-22T15:48:52,2026-09-22T15:48:52,2026-09-22T15:48:52
2891,中信金,2022-12-30,22.1,0.20000000000000284,0.91%,2.0,11.05,30.0,36.0,42.0,48.0,54.0,60.0,ShowDailyK_ChartFlow,FinMind_API_TaiwanStockPrice_2891,True,2026-09-22T15:48:52,2026-09-22T15:48:52,2026-09-22T15:48:52
2891,中信金,2023-01-03,22.15,0.04999999999999716,0.23%,1.5499999999999998,11.08,23.25,27.9,32.55,37.2,41.85,46.5,ShowDailyK_ChartFlow,FinMind_API_TaiwanStockPrice_2891,True,2026-09-22T15:48:52,2026-09-22T15:48:52,2026-09-22T15:48:52
2891,中信金,2023-01-04,22.35,0.20000000000000284,0.90%,1.5499999999999998,11.18,23.25,27.9,32.55,37.2,41.85,46.5,ShowDailyK_ChartFlow,FinMind_API_TaiwanStockPrice_2891,True,2026-09-22T15:48:52,2026-09-22T15:48:52,2026-09-22T15:48:52
2891,中信金,2023-01-05,22.6,0.25,1.12%,1.5499999999999998,11.3,23.25,27.9,32.55,37.2,41.85,46.5,ShowDailyK_ChartFlow,FinMind_API_TaiwanStockPrice_2891,True,2026-09-22T15:48:52,2026-09-22T15:48:52,2026-09-22T15:48:52
2891,中信金,2023-01-06,22.6,0.0,0.00%,1.5499999999999998,11.3,23.25,27.9,32.55,37.2,41.85,46.5,ShowDailyK_ChartFlow,FinMind_API_TaiwanStockPrice_2891,True,2026-09-22T15:48:52,2026-09-22T15:48:52,2026-09-22T15:48:52
2891,中信金,2023-01-09,23.15,0.5499999999999972,2.43%,1.5499999999999998,11.58,23.25,27.9,32.55,37.2,41.85,46.5,ShowDailyK_ChartFlow,FinMind_API_TaiwanStockPrice_2891,True,2026-09-22T15:48:52,2026-09-22T15:48:52,2026-09-22T15:48:52
2891,中信金,2023-01-10,23.15,0.0,0.00%,1.5499999999999998,11.58,23.25,27.9,32.55,37.2,41.85,46.5,ShowDailyK_ChartFlow,FinMind_API_TaiwanStockPrice_2891,True,2026-09-22T15:48:52,2026-09-22T15:48:52,2026-09-22T15:48:52
2891,中信金,2023-01-11,23.1,-0.04999999999999716,-0.22%,1.5499999999999998,11.55,23.25,27.9,32.55,37.2,41.85,46.5,ShowDailyK_ChartFlow,FinMind_API_TaiwanStockPrice_2891,True,2026-09-22T15:48:52,2026-09-22T15:48:52,2026-09-22T15:48:52
2891,中信金,2023-01-12,22.9,-0.20000000000000284,-0.87%,1.5499999999999998,11.45,23.25,27.9,32.55,37.2,41.85,46.5,ShowDailyK_ChartFlow,FinMind_API_TaiwanStockPrice_2891,True,2026-09-22T15:48:52,2026-09-22T15:48:52,2026-09-22T15:48:52
2891,中信金,2023-01-13,22.8,-0.09999999999999787,-0.44%,1.5499999999999998,11.4,23.25,27.9,32.55,37.2,41.85,46.5,ShowDailyK_ChartFlow,FinMind_API_TaiwanStockPrice_2891,True,2026-09-22T15:48:52,2026-09-22T15:48:52,2026-09-22T15:48:52
2891,中信金,2023-01-16,23.05,0.25,1.10%,1.5499999999999998,11.53,23.25,27.9,32.55,37.2,41.85,46.5,ShowDailyK_ChartFlow,FinMind_API_TaiwanStockPrice_2891,True,2026-09-22T15:48:52,2026-09-22T15:48:52,2026-09-22T15:48:52
2891,中信金,2023-01-17,23.2,0.14999999999999858,0.65%,1.5499999999999998,11.6,23.25,27.9,32.55,37.2,41.85,46.5,ShowDailyK_ChartFlow,FinMind_API_TaiwanStockPrice_2891,True,2026-09-22T15:48:52,2026-09-22T15:48:52,2026-09-22T15:48:52
2891,中信金,2023-01-30,23.2,0.0,0.00%,1.5499999999999998,11.6,23.25,27.9,32.55,37.2,41.85,46.5,ShowDailyK_ChartFlow,FinMind_API_TaiwanStockPrice_2891,True,2026-09-22T15:48:52,2026-09-22T15:48:52,2026-09-22T15:48:52
2891,中信金,2023-01-31,22.85,-0.34999999999999787,-1.51%,1.5499999999999998,11.43,23.25,27.9,32.55,37.2,41.85,46.5,ShowDailyK_ChartFlow,FinMind_API_TaiwanStockPrice_2891,True,2026-09-22T15:48:52,2026-09-22T15:48:52,2026-09-22T15:48:52
2891,中信金,2023-02-01,22.75,-0.10000000000000142,-0.44%,1.5499999999999998,11.38,23.25,27.9,32.55,37.2,41.85,46.5,ShowDailyK_ChartFlow,FinMind_API_TaiwanStockPrice_2891,True,2026-09-22T15:48:52,2026-09-22T15:48:52,2026-09-22T15:48:52
2891,中信金,2023-02-02,22.5,-0.25,-1.10%,1.5499999999999998,11.25,23.25,27.9,32.55,37.2,41.85,46.5,ShowDailyK_ChartFlow,FinMind_API_TaiwanStockPrice_2891,True,2026-09-22T15:48:52,2026-09-22T15:48:52,2026-09-22T15:48:52
2891,中信金,2023-02-03,22.4,-0.10000000000000142,-0.44%,1.5499999999999998,11.2,23.25,27.9,32.55,37.2,41.85,46.5,ShowDailyK_ChartFlow,FinMind_API_TaiwanStockPrice_2891,True,2026-09-22T15:48:52,2026-09-22T15:48:52,2026-09-22T15:48:52
2891,中信金,2023-02-06,22.35,-0.04999999999999716,-0.22%,1.5499999999999998,11.18,23.25,27.9,32.55,37.2,41.85,46.5,ShowDailyK_ChartFlow,FinMind_API_TaiwanStockPrice_2891,True,2026-09-22T15:48:52,2026-09-22T15:48:52,2026-09-22T15:48:52
2891,中信金,2023-02-07,22.3,-0.05000000000000071,-0.22%,1.5499999999999998,11.15,23.25,27.9,32.55,37.2,41.85,46.5,ShowDailyK_ChartFlow,FinMind_API_TaiwanStockPrice_2891,True,2026-09-22T15:48:52,2026-09-22T15:48:52,2026-09-22T15:48:52
2891,中信金,2023-02-08,22.4,0.09999999999999787,0.45%,1.5499999999999998,11.2,23.25,27.9,32.55,37.2,41.85,46.5,ShowDailyK_ChartFlow,FinMind_API_TaiwanStockPrice_2891,True,2026-09-22T15:48:52,2026-09-22T15:48:52,2026-09-22T15:48:52
2891,中信金,2023-02-09,22.3,-0.09999999999999787,-0.45%,1.5499999999999998,11.15,23.25,27.9,32.55,37.2,41.85,46.5,ShowDailyK_ChartFlow,FinMind_API_TaiwanStockPrice_2891,True,2026-09-22T15:48:52,2026-09-22T15:48:52,2026-09-22T15:48:52
2891,中信金,2023-02-10,22.45,0.14999999999999858,0.67%,1.5499999999999998,11.23,23.25,27.9,32.55,37.2,41.85,46.5,ShowDailyK_ChartFlow,FinMind_API_TaiwanStockPrice_2891,True,2026-09-22T15:48:52,2026-09-22T15:48:52,2026-09-22T15:48:52
2891,中信金,2023-02-13,22.75,0.3000000000000007,1.34%,1.5499999999999998,11.38,23.25,27.9,32.55,37.2,41.85,46.5,ShowDailyK_ChartFlow,FinMind_API_TaiwanStockPrice_2891,True,2026-09-22T15:48:52,2026-09-22T15:48:52,2026-09-22T15:48:52
2891,中信金,2023-02-14,22.9,0.14999999999999858,0.66%,1.5499999999999998,11.45,23.25,27.9,32.55,37.2,41.85,46.5,ShowDailyK_ChartFlow,FinMind_API_TaiwanStockPrice_2891,True,2026-09-22T15:48:52,2026-09-22T15:48:52,2026-09-22T15:48:52
2891,中信金,2023-02-15,22.55,-0.34999999999999787,-1.53%,1.5499999999999998,11.28,23.25,27.9,32.55,37.2,41.85,46.5,ShowDailyK_ChartFlow,FinMind_API_TaiwanStockPrice_2891,True,2026-09-22T15:48:52,2026-09-22T15:48:52,2026-09-22T15:48:52
2891,中信金,2023-02-16,22.7,0.14999999999999858,0.67%,1.5499999999999998,11.35,23.25,27.9,32.55,37.2,41.85,46.5,ShowDailyK_ChartFlow,FinMind_API_TaiwanStockPrice_2891,True,2026-09-22T15:48:52,2026-09-22T15:48:52,2026-09-22T15:48:52
2891,中信金,2023-02-17,22.75,0.05000000000000071,0.22%,1.5499999999999998,11.38,23.25,27.9,32.55,37.2,41.85,46.5,ShowDailyK_ChartFlow,FinMind_API_TaiwanStockPrice_2891,True,2026-09-22T15:48:52,2026-09-22T15:48:52,2026-09-22T15:48:52
2891,中信金,2023-02-20,22.95,0.1999999999999993,0.88%,1.5499999999999998,11.48,23.25,27.9,32.55,37.2,41.85,46.5,ShowDailyK_ChartFlow,FinMind_API_TaiwanStockPrice_2891,True,2026-09-22T15:48:52,2026-09-22T15:48:52,2026-09-22T15:48:52
2891,中信金,2023-02-21,22.8,-0.14999999999999858,-0.65%,1.5499999999999998,11.4,23.25,27.9,32.55,37.2,41.85,46.5,ShowDailyK_ChartFlow,FinMind_API_TaiwanStockPrice_2891,True,2026-09-22T15:48:52,2026-09-22T15:48:52,2026-09-22T15:48:52
2891,中信金,2023-02-22,22.8,0.0,0.00%,1.5499999999999998,11.4,23.25,27.9,32.55,37.2,41.85,46.5,ShowDailyK_ChartFlow,FinMind_API_TaiwanStockPrice_2891,True,2026-09-22T15:48:52,2026-09-22T15:48:52,2026-09-22T15:48:52
2891,中信金,2023-02-23,22.85,0.05000000000000071,0.22%,1.5499999999999998,11.43,23.25,27.9,32.55,37.2,41.85,46.5,ShowDailyK_ChartFlow,FinMind_API_TaiwanStockPrice_2891,True,2026-09-22T15:48:52,2026-09-22T15:48:52,2026-09-22T15:48:52
2891,中信金,2023-02-24,22.75,-0.10000000000000142,-0.44%,1.5499999999999998,11.38,23.25,27.9,32.55,37.2,41.85,46.5,ShowDailyK_ChartFlow,FinMind_API_TaiwanStockPrice_2891,True,2026-09-22T15:48:52,2026-09-22T15:48:52,2026-09-22T15:48:52
2891,中信金,2023-03-01,22.7,-0.05000000000000071,-0.22%,1.5499999999999998,11.35,23.25,27.9,32.55,37.2,41.85,46.5,ShowDailyK_ChartFlow,FinMind_API_TaiwanStockPrice_2891,True,2026-09-22T15:48:52,2026-09-22T15:48:52,2026-09-22T15:48:52
2891,中信金,2023-03-02,22.55,-0.14999999999999858,-0.66%,1.5499999999999998,11.28,23.25,27.9,32.55,37.2,41.85,46.5,ShowDailyK_ChartFlow,FinMind_API_TaiwanStockPrice_2891,True,2026-09-22T15:48:52,2026-09-22T15:48:52,2026-09-22T15:48:52
2891,中信金,2023-03-03,22.4,-0.15000000000000213,-0.67%,1.5499999999999998,11.2,23.25,27.9,32.55,37.2,41.85,46.5,ShowDailyK_ChartFlow,FinMind_API_TaiwanStockPrice_2891,True,2026-09-22T15:48:52,2026-09-22T15:48:52,2026-09-22T15:48:52
2891,中信金,2023-03-06,22.55,0.15000000000000213,0.67%,1.5499999999999998,11.28,23.25,27.9,32.55,37.2,41.85,46.5,ShowDailyK_ChartFlow,FinMind_API_TaiwanStockPrice_2891,True,2026-09-22T15:48:52,2026-09-22T15:48:52,2026-09-22T15:48:52
2891,中信金,2023-03-07,22.65,0.09999999999999787,0.44%,1.5499999999999998,11.33,23.25,27.9,32.55,37.2,41.85,46.5,ShowDailyK_ChartFlow,FinMind_API_TaiwanStockPrice_2891,True,2026-09-22T15:48:52,2026-09-22T15:48:52,2026-09-22T15:48:52
2891,中信金,2023-03-08,22.75,0.10000000000000142,0.44%,1.5499999999999998,11.38,23.25,27.9,32.55,37.2,41.85,46.5,ShowDailyK_ChartFlow,FinMind_API_TaiwanStockPrice_2891,True,2026-09-22T15:48:52,2026-09-22T15:48:52,2026-09-22T15:48:52
2891,中信金,2023-03-09,22.5,-0.25,-1.10%,1.5499999999999998,11.25,23.25,27.9,32.55,37.2,41.85,46.5,ShowDailyK_ChartFlow,FinMind_API_TaiwanStockPrice_2891,True,2026-09-22T15:48:52,2026-09-22T15:48:52,2026-09-22T15:48:52
2891,中信金,2023-03-10,22.25,-0.25,-1.11%,1.5499999999999998,11.13,23.25,27.9,32.55,37.2,41.85,46.5,ShowDailyK_ChartFlow,FinMind_API_TaiwanStockPrice_2891,True,2026-09-22T15:48:52,2026-09-22T15:48:52,2026-09-22T15:48:52
2891,中信金,2023-03-13,22.2,-0.05000000000000071,-0.22%,1.5499999999999998,11.1,23.25,27.9,32.55,37.2,41.85,46.5,ShowDailyK_ChartFlow,FinMind_API_TaiwanStockPrice_2891,True,2026-09-22T15:48:52,2026-09-22T15:48:52,2026-09-22T15:48:52
2891,中信金,2023-03-14,21.7,-0.5,-2.25%,1.5499999999999998,10.85,23.25,27.9,32.55,37.2,41.85,46.5,ShowDailyK_ChartFlow,FinMind_API_TaiwanStockPrice_2891,True,2026-09-22T15:48:52,2026-09-22T15:48:52,2026-09-22T15:48:52
2891,中信金,2023-03-15,21.55,-0.14999999999999858,-0.69%,1.5499999999999998,13.81,23.25,27.9,32.55,37.2,41.85,46.5,ShowDailyK_ChartFlow,FinMind_API_TaiwanStockPrice_2891,True,2026-09-22T15:48:52,2026-09-22T15:48:52,2026-09-22T15:48:52
2891,中信金,2023-03-16,20.9,-0.6500000000000021,-3.02%,1.5499999999999998,13.4,23.25,27.9,32.55,37.2,41.85,46.5,ShowDailyK_ChartFlow,FinMind_API_TaiwanStockPrice_2891,True,2026-09-22T15:48:52,2026-09-22T15:48:52,2026-09-22T15:48:52
2891,中信金,2023-03-17,20.85,-0.04999999999999716,-0.24%,1.5499999999999998,13.37,23.25,27.9,32.55,37.2,41.85,46.5,ShowDailyK_ChartFlow,FinMind_API_TaiwanStockPrice_2891,True,2026-09-22T15:48:52,2026-09-22T15:48:52,2026-09-22T15:48:52
2891,中信金,2023-03-20,21.0,0.14999999999999858,0.72%,1.5499999999999998,13.46,23.25,27.9,32.55,37.2,41.85,46.5,ShowDailyK_ChartFlow,FinMind_API_TaiwanStockPrice_2891,True,2026-09-22T15:48:52,2026-09-22T15:48:52,2026-09-22T15:48:52
2891,中信金,2023-03-21,21.05,0.05000000000000071,0.24%,1.5499999999999998,13.49,23.25,27.9,32.55,37.2,41.85,46.5,ShowDailyK_ChartFlow,FinMind_API_TaiwanStockPrice_2891,True,2026-09-22T15:48:52,2026-09-22T15:48:52,2026-09-22T15:48:52
2891,中信金,2023-03-22,21.35,0.3000000000000007,1.43%,1.5499999999999998,13.69,23.25,27.9,32.55,37.2,41.85,46.5,ShowDailyK_ChartFlow,FinMind_API_TaiwanStockPrice_2891,True,2026-09-22T15:48:52,2026-09-22T15:48:52,2026-09-22T15:48:52
2891,中信金,2023-03-23,21.55,0.1999999999999993,0.94%,1.5499999999999998,13.81,23.25,27.9,32.55,37.2,41.85,46.5,ShowDailyK_ChartFlow,FinMind_API_TaiwanStockPrice_2891,True,2026-09-22T15:48:52,2026-09-22T15:48:52,2026-09-22T15:48:52
2891,中信金,2023-03-24,21.4,-0.15000000000000213,-0.70%,1.5499999999999998,13.72,23.25,27.9,32.55,37.2,41.85,46.5,ShowDailyK_ChartFlow,FinMind_API_TaiwanStockPrice_2891,True,2026-09-22T15:48:52,2026-09-22T15:48:52,2026-09-22T15:48:52
2891,中信金,2023-03-27,21.45,0.05000000000000071,0.23%,1.5499999999999998,13.75,23.25,27.9,32.55,37.2,41.85,46.5,ShowDailyK_ChartFlow,FinMind_API_TaiwanStockPrice_2891,True,2026-09-22T15:48:52,2026-09-22T15:48:52,2026-09-22T15:48:52
2891,中信金,2023-03-28,21.5,0.05000000000000071,0.23%,1.5499999999999998,13.78,23.25,27.9,32.55,37.2,41.85,46.5,ShowDailyK_ChartFlow,FinMind_API_TaiwanStockPrice_2891,True,2026-09-22T15:48:52,2026-09-22T15:48:52,2026-09-22T15:48:52
2891,中信金,2023-03-29,21.7,0.1999999999999993,0.93%,1.5499999999999998,13.91,23.25,27.9,32.55,37.2,41.85,46.5,ShowDailyK_ChartFlow,FinMind_API_TaiwanStockPrice_2891,True,2026-09-22T15:48:52,2026-09-22T15:48:52,2026-09-22T15:48:52
2891,中信金,2023-03-30,21.65,-0.05000000000000071,-0.23%,1.5499999999999998,13.88,23.25,27.9,32.55,37.2,41.85,46.5,ShowDailyK_ChartFlow,FinMind_API_TaiwanStockPrice_2891,True,2026-09-22T15:48:52,2026-09-22T15:48:52,2026-09-22T15:48:52
2891,中信金,2023-03-31,21.85,0.20000000000000284,0.92%,1.37,14.01,20.55,24.66,28.77,32.88,36.99,41.1,ShowDailyK_ChartFlow,FinMind_API_TaiwanStockPrice_2891,True,2026-09-22T15:48:52,2026-09-22T15:48:52,2026-09-22T15:48:52
2891,中信金,2023-04-06,21.7,-0.15000000000000213,-0.69%,1.37,13.91,20.55,24.66,28.77,32.88,36.99,41.1,ShowDailyK_ChartFlow,FinMind_API_TaiwanStockPrice_2891,True,2026-09-22T15:48:52,2026-09-22T15:48:52,2026-09-22T15:48:52
2891,中信金,2023-04-07,21.7,0.0,0.00%,1.37,13.91,20.55,24.66,28.77,32.88,36.99,41.1,ShowDailyK_ChartFlow,FinMind_API_TaiwanStockPrice_2891,True,2026-09-22T15:48:52,2026-09-22T15:48:52,2026-09-22T15:48:52
2891,中信金,2023-04-10,21.8,0.10000000000000142,0.46%,1.37,13.97,20.55,24.66,28.77,32.88,36.99,41.1,ShowDailyK_ChartFlow,FinMind_API_TaiwanStockPrice_2891,True,2026-09-22T15:48:52,2026-09-22T15:48:52,2026-09-22T15:48:52
2891,中信金,2023-04-11,21.85,0.05000000000000071,0.23%,1.37,14.01,20.55,24.66,28.77,32.88,36.99,41.1,ShowDailyK_ChartFlow,FinMind_API_TaiwanStockPrice_2891,True,2026-09-22T15:48:52,2026-09-22T15:48:52,2026-09-22T15:48:52
2891,中信金,2023-04-12,22.0,0.14999999999999858,0.69%,1.37,14.1,20.55,24.66,28.77,32.88,36.99,41.1,ShowDailyK_ChartFlow,FinMind_API_TaiwanStockPrice_2891,True,2026-09-22T15:48:52,2026-09-22T15:48:52,2026-09-22T15:48:52
2891,中信金,2023-04-13,22.3,0.3000000000000007,1.36%,1.37,14.29,20.55,24.66,28.77,32.88,36.99,41.1,ShowDailyK_ChartFlow,FinMind_API_TaiwanStockPrice_2891,True,2026-09-22T15:48:52,2026-09-22T15:48:52,2026-09-22T15:48:52
2891,中信金,2023-04-14,22.5,0.1999999999999993,0.90%,1.37,14.42,20.55,24.66,28.77,32.88,36.99,41.1,ShowDailyK_ChartFlow,FinMind_API_TaiwanStockPrice_2891,True,2026-09-22T15:48:52,2026-09-22T15:48:52,2026-09-22T15:48:52
2891,中信金,2023-04-17,22.5,0.0,0.00%,1.37,14.42,20.55,24.66,28.77,32.88,36.99,41.1,ShowDailyK_ChartFlow,FinMind_API_TaiwanStockPrice_2891,True,2026-09-22T15:48:52,2026-09-22T15:48:52,2026-09-22T15:48:52
2891,中信金,2023-04-18,22.4,-0.10000000000000142,-0.44%,1.37,14.36,20.55,24.66,28.77,32.88,36.99,41.1,ShowDailyK_ChartFlow,FinMind_API_TaiwanStockPrice_2891,True,2026-09-22T15:48:52,2026-09-22T15:48:52,2026-09-22T15:48:52
2891,中信金,2023-04-19,22.45,0.05000000000000071,0.22%,1.37,14.39,20.55,24.66,28.77,32.88,36.99,41.1,ShowDailyK_ChartFlow,FinMind_API_TaiwanStockPrice_2891,True,2026-09-22T15:48:52,2026-09-22T15:48:52,2026-09-22T15:48:52
2891,中信金,2023-04-20,22.35,-0.09999999999999787,-0.45%,1.37,14.33,20.55,24.66,28.77,32.88,36.99,41.1,ShowDailyK_ChartFlow,FinMind_API_TaiwanStockPrice_2891,True,2026-09-22T15:48:52,2026-09-22T15:48:52,2026-09-22T15:48:52
2891,中信金,2023-04-21,22.3,-0.05000000000000071,-0.22%,1.37,14.29,20.55,24.66,28.77,32.88,36.99,41.1,ShowDailyK_ChartFlow,FinMind_API_TaiwanStockPrice_2891,True,2026-09-22T15:48:52,2026-09-22T15:48:52,2026-09-22T15:48:52
2891,中信金,2023-04-24,22.45,0.14999999999999858,0.67%,1.37,14.39,20.55,24.66,28.77,32.88,36.99,41.1,ShowDailyK_ChartFlow,FinMind_API_TaiwanStockPrice_2891,True,2026-09-22T15:48:52,2026-09-22T15:48:52,2026-09-22T15:48:52
2891,中信金,2023-04-25,22.35,-0.09999999999999787,-0.45%,1.37,14.33,20.55,24.66,28.77,32.88,36.99,41.1,ShowDailyK_ChartFlow,FinMind_API_TaiwanStockPrice_2891,True,2026-09-22T15:48:52,2026-09-22T15:48:52,2026-09-22T15:48:52
2891,中信金,2023-04-26,22.45,0.09999999999999787,0.45%,1.37,14.39,20.55,24.66,28.77,32.88,36.99,41.1,ShowDailyK_ChartFlow,FinMind_API_TaiwanStockPrice_2891,True,2026-09-22T15:48:52,2026-09-22T15:48:52,2026-09-22T15:48:52
2891,中信金,2023-04-27,22.4,-0.05000000000000071,-0.22%,1.37,14.36,20.55,24.66,28.77,32.88,36.99,41.1,ShowDailyK_ChartFlow,FinMind_API_TaiwanStockPrice_2891,True,2026-09-22T15:48:52,2026-09-22T15:48:52,2026-09-22T15:48:52
2891,中信金,2023-04-28,22.6,0.20000000000000284,0.89%,1.37,14.49,20.55,24.66,28.77,32.88,36.99,41.1,ShowDailyK_ChartFlow,FinMind_API_TaiwanStockPrice_2891,True,2026-09-22T15:48:52,2026-09-22T15:48:52,2026-09-22T15:48:52
2891,中信金,2023-05-02,22.9,0.29999999999999716,1.33%,1.37,14.68,20.55,24.66,28.77,32.88,36.99,41.1,ShowDailyK_ChartFlow,FinMind_API_TaiwanStockPrice_2891,True,2026-09-22T15:48:52,2026-09-22T15:48:52,2026-09-22T15:48:52
2891,中信金,2023-05-03,22.95,0.05000000000000071,0.22%,1.37,14.71,20.55,24.66,28.77,32.88,36.99,41.1,ShowDailyK_ChartFlow,FinMind_API_TaiwanStockPrice_2891,True,2026-09-22T15:48:52,2026-09-22T15:48:52,2026-09-22T15:48:52
2891,中信金,2023-05-04,23.1,0.15000000000000213,0.65%,1.37,14.81,20.55,24.66,28.77,32.88,36.99,41.1,ShowDailyK_ChartFlow,FinMind_API_TaiwanStockPrice_2891,True,2026-09-22T15:48:52,2026-09-22T15:48:52,2026-09-22T15:48:52
2891,中信金,2023-05-05,23.05,-0.05000000000000071,-0.22%,1.37,14.78,20.55,24.66,28.77,32.88,36.99,41.1,ShowDailyK_ChartFlow,FinMind_API_TaiwanStockPrice_2891,True,2026-09-22T15:48:52,2026-09-22T15:48:52,2026-09-22T15:48:52
2891,中信金,2023-05-08,23.35,0.3000000000000007,1.30%,1.37,14.97,20.55,24.66,28.77,32.88,36.99,41.1,ShowDailyK_ChartFlow,FinMind_API_TaiwanStockPrice_2891,True,2026-09-22T15:48:52,2026-09-22T15:48:52,2026-09-22T15:48:52
2891,中信金,2023-05-09,23.3,-0.05000000000000071,-0.21%,1.37,14.94,20.55,24.66,28.77,32.88,36.99,41.1,ShowDailyK_ChartFlow,FinMind_API_TaiwanStockPrice_2891,True,2026-09-22T15:48:52,2026-09-22T15:48:52,2026-09-22T15:48:52
2891,中信金,2023-05-10,23.3,0.0,0.00%,1.37,14.94,20.55,24.66,28.77,32.88,36.99,41.1,ShowDailyK_ChartFlow,FinMind_API_TaiwanStockPrice_2891,True,2026-09-22T15:48:52,2026-09-22T15:48:52,2026-09-22T15:48:52
2891,中信金,2023-05-11,23.3,0.0,0.00%,1.37,14.94,20.55,24.66,28.77,32.88,36.99,41.1,ShowDailyK_ChartFlow,FinMind_API_TaiwanStockPrice_2891,True,2026-09-22T15:48:52,2026-09-22T15:48:52,2026-09-22T15:48:52
2891,中信金,2023-05-12,23.1,-0.1999999999999993,-0.86%,1.37,14.81,20.55,24.66,28.77,32.88,36.99,41.1,ShowDailyK_ChartFlow,FinMind_API_TaiwanStockPrice_2891,True,2026-09-22T15:48:52,2026-09-22T15:48:52,2026-09-22T15:48:52
2891,中信金,2023-05-15,23.35,0.25,1.08%,1.37,14.97,20.55,24.66,28.77,32.88,36.99,41.1,ShowDailyK_ChartFlow,FinMind_API_TaiwanStockPrice_2891,True,2026-09-22T15:48:52,2026-09-22T15:48:52,2026-09-22T15:48:52
2891,中信金,2023-05-16,23.55,0.1999999999999993,0.86%,1.37,15.1,20.55,24.66,28.77,32.88,36.99,41.1,ShowDailyK_ChartFlow,FinMind_API_TaiwanStockPrice_2891,True,2026-09-22T15:48:52,2026-09-22T15:48:52,2026-09-22T15:48:52
2891,中信金,2023-05-17,23.8,0.25,1.06%,1.37,15.26,20.55,24.66,28.77,32.88,36.99,41.1,ShowDailyK_ChartFlow,FinMind_API_TaiwanStockPrice_2891,True,2026-09-22T15:48:52,2026-09-22T15:48:52,2026-09-22T15:48:52
2891,中信金,2023-05-18,24.1,0.3000000000000007,1.26%,1.37,15.45,20.55,24.66,28.77,32.88,36.99,41.1,ShowDailyK_ChartFlow,FinMind_API_TaiwanStockPrice_2891,True,2026-09-22T15:48:52,2026-09-22T15:48:52,2026-09-22T15:48:52
2891,中信金,2023-05-19,24.4,0.29999999999999716,1.24%,1.37,15.64,20.55,24.66,28.77,32.88,36.99,41.1,ShowDailyK_ChartFlow,FinMind_API_TaiwanStockPrice_2891,True,2026-09-22T15:48:52,2026-09-22T15:48:52,2026-09-22T15:48:52
2891,中信金,2023-05-22,24.55,0.15000000000000213,0.61%,1.37,15.74,20.55,24.66,28.77,32.88,36.99,41.1,ShowDailyK_ChartFlow,FinMind_API_TaiwanStockPrice_2891,True,2026-09-22T15:48:52,2026-09-22T15:48:52,2026-09-22T15:48:52
2891,中信金,2023-05-23,24.6,0.05000000000000071,0.20%,1.37,15.77,20.55,24.66,28.77,32.88,36.99,41.1,ShowDailyK_ChartFlow,FinMind_API_TaiwanStockPrice_2891,True,2026-09-22T15:48:52,2026-09-22T15:48:52,2026-09-22T15:48:52
2891,中信金,2023-05-24,24.5,-0.10000000000000142,-0.41%,1.37,15.71,20.55,24.66,28.77,32.88,36.99,41.1,ShowDailyK_ChartFlow,FinMind_API_TaiwanStockPrice_2891,True,2026-09-22T15:48:52,2026-09-22T15:48:52,2026-09-22T15:48:52
2891,中信金,2023-05-25,24.1,-0.3999999999999986,-1.63%,1.37,15.45,20.55,24.66,28.77,32.88,36.99,41.1,ShowDailyK_ChartFlow,FinMind_API_TaiwanStockPrice_2891,True,2026-09-22T15:48:52,2026-09-22T15:48:52,2026-09-22T15:48:52
2891,中信金,2023-05-26,24.1,0.0,0.00%,1.37,17.34,20.55,24.66,28.77,32.88,36.99,41.1,ShowDailyK_ChartFlow,FinMind_API_TaiwanStockPrice_2891,True,2026-09-22T15:48:52,2026-09-22T15:48:52,2026-09-22T15:48:52
2891,中信金,2023-05-29,24.4,0.29999999999999716,1.24%,1.37,17.55,20.55,24.66,28.77,32.88,36.99,41.1,ShowDailyK_ChartFlow,FinMind_API_TaiwanStockPrice_2891,True,2026-09-22T15:48:52,2026-09-22T15:48:52,2026-09-22T15:48:52
2891,中信金,2023-05-30,24.5,0.10000000000000142,0.41%,1.37,17.63,20.55,24.66,28.77,32.88,36.99,41.1,ShowDailyK_ChartFlow,FinMind_API_TaiwanStockPrice_2891,True,2026-09-22T15:48:52,2026-09-22T15:48:52,2026-09-22T15:48:52
2891,中信金,2023-05-31,24.3,-0.1999999999999993,-0.82%,1.37,17.48,20.55,24.66,28.77,32.88,36.99,41.1,ShowDailyK_ChartFlow,FinMind_API_TaiwanStockPrice_2891,True,2026-09-22T15:48:52,2026-09-22T15:48:52,2026-09-22T15:48:52
2891,中信金,2023-06-01,24.3,0.0,0.00%,1.37,17.48,20.55,24.66,28.77,32.88,36.99,41.1,ShowDailyK_ChartFlow,FinMind_API_TaiwanStockPrice_2891,True,2026-09-22T15:48:52,2026-09-22T15:48:52,2026-09-22T15:48:52
2891,中信金,2023-06-02,24.3,0.0,0.00%,1.37,17.48,20.55,24.66,28.77,32.88,36.99,41.1,ShowDailyK_ChartFlow,FinMind_API_TaiwanStockPrice_2891,True,2026-09-22T15:48:52,2026-09-22T15:48:52,2026-09-22T15:48:52
2891,中信金,2023-06-05,24.45,0.14999999999999858,0.62%,1.37,17.59,20.55,24.66,28.77,32.88,36.99,41.1,ShowDailyK_ChartFlow,FinMind_API_TaiwanStockPrice_2891,True,2026-09-22T15:48:52,2026-09-22T15:48:52,2026-09-22T15:48:52
2891,中信金,2023-06-06,24.45,0.0,0.00%,1.37,17.59,20.55,24.66,28.77,32.88,36.99,41.1,ShowDailyK_ChartFlow,FinMind_API_TaiwanStockPrice_2891,True,2026-09-22T15:48:52,2026-09-22T15:48:52,2026-09-22T15:48:52
2891,中信金,2023-06-07,24.6,0.15000000000000213,0.61%,1.37,17.7,20.55,24.66,28.77,32.88,36.99,41.1,ShowDailyK_ChartFlow,FinMind_API_TaiwanStockPrice_2891,True,2026-09-22T15:48:52,2026-09-22T15:48:52,2026-09-22T15:48:52
2891,中信金,2023-06-08,24.65,0.04999999999999716,0.20%,1.37,17.73,20.55,24.66,28.77,32.88,36.99,41.1,ShowDailyK_ChartFlow,FinMind_API_TaiwanStockPrice_2891,True,2026-09-22T15:48:52,2026-09-22T15:48:52,2026-09-22T15:48:52
2891,中信金,2023-06-09,25.2,0.5500000000000007,2.23%,1.37,18.13,20.55,24.66,28.77,32.88,36.99,41.1,ShowDailyK_ChartFlow,FinMind_API_TaiwanStockPrice_2891,True,2026-09-22T15:48:52,2026-09-22T15:48:52,2026-09-22T15:48:52
2891,中信金,2023-06-12,24.8,-0.3999999999999986,-1.59%,1.37,17.84,20.55,24.66,28.77,32.88,36.99,41.1,ShowDailyK_ChartFlow,FinMind_API_TaiwanStockPrice_2891,True,2026-09-22T15:48:52,2026-09-22T15:48:52,2026-09-22T15:48:52
2891,中信金,2023-06-13,24.8,0.0,0.00%,1.37,17.84,20.55,24.66,28.77,32.88,36.99,41.1,ShowDailyK_ChartFlow,FinMind_API_TaiwanStockPrice_2891,True,2026-09-22T15:48:52,2026-09-22T15:48:52,2026-09-22T15:48:52
2891,中信金,2023-06-14,24.75,-0.05000000000000071,-0.20%,1.37,17.81,20.55,24.66,28.77,32.88,36.99,41.1,ShowDailyK_ChartFlow,FinMind_API_TaiwanStockPrice_2891,True,2026-09-22T15:48:52,2026-09-22T15:48:52,2026-09-22T15:48:52
2891,中信金,2023-06-15,24.7,-0.05000000000000071,-0.20%,1.37,17.77,20.55,24.66,28.77,32.88,36.99,41.1,ShowDailyK_ChartFlow,FinMind_API_TaiwanStockPrice_2891,True,2026-09-22T15:48:52,2026-09-22T15:48:52,2026-09-22T15:48:52
2891,中信金,2023-06-16,24.55,-0.14999999999999858,-0.61%,1.37,17.66,20.55,24.66,28.77,32.88,36.99,41.1,ShowDailyK_ChartFlow,FinMind_API_TaiwanStockPrice_2891,True,2026-09-22T15:48:52,2026-09-22T15:48:52,2026-09-22T15:48:52
2891,中信金,2023-06-19,25.05,0.5,2.04%,1.37,18.02,20.55,24.66,28.77,32.88,36.99,41.1,ShowDailyK_ChartFlow,FinMind_API_TaiwanStockPrice_2891,True,2026-09-22T15:48:52,2026-09-22T15:48:52,2026-09-22T15:48:52
2891,中信金,2023-06-20,25.05,0.0,0.00%,1.37,18.02,20.55,24.66,28.77,32.88,36.99,41.1,ShowDailyK_ChartFlow,FinMind_API_TaiwanStockPrice_2891,True,2026-09-22T15:48:52,2026-09-22T15:48:52,2026-09-22T15:48:52
2891,中信金,2023-06-21,25.1,0.05000000000000071,0.20%,1.37,18.06,20.55,24.66,28.77,32.88,36.99,41.1,ShowDailyK_ChartFlow,FinMind_API_TaiwanStockPrice_2891,True,2026-09-22T15:48:52,2026-09-22T15:48:52,2026-09-22T15:48:52
2891,中信金,2023-06-26,24.95,-0.15000000000000213,-0.60%,1.37,17.95,20.55,24.66,28.77,32.88,36.99,41.1,ShowDailyK_ChartFlow,FinMind_API_TaiwanStockPrice_2891,True,2026-09-22T15:48:52,2026-09-22T15:48:52,2026-09-22T15:48:52
2891,中信金,2023-06-27,24.75,-0.1999999999999993,-0.80%,1.37,17.81,20.55,24.66,28.77,32.88,36.99,41.1,ShowDailyK_ChartFlow,FinMind_API_TaiwanStockPrice_2891,True,2026-09-22T15:48:52,2026-09-22T15:48:52,2026-09-22T15:48:52
2891,中信金,2023-06-28,25.0,0.25,1.01%,1.37,17.99,20.55,24.66,28.77,32.88,36.99,41.1,ShowDailyK_ChartFlow,FinMind_API_TaiwanStockPrice_2891,True,2026-09-22T15:48:52,2026-09-22T15:48:52,2026-09-22T15:48:52
2891,中信金,2023-06-29,24.9,-0.10000000000000142,-0.40%,1.37,17.91,20.55,24.66,28.77,32.88,36.99,41.1,ShowDailyK_ChartFlow,FinMind_API_TaiwanStockPrice_2891,True,2026-09-22T15:48:52,2026-09-22T15:48:52,2026-09-22T15:48:52
2891,中信金,2023-06-30,24.85,-0.04999999999999716,-0.20%,1.8399999999999999,17.88,27.6,33.12,38.64,44.16,49.68,55.2,ShowDailyK_ChartFlow,FinMind_API_TaiwanStockPrice_2891,True,2026-09-22T15:48:52,2026-09-22T15:48:52,2026-09-22T15:48:52
2891,中信金,2023-07-03,25.1,0.25,1.01%,1.8399999999999999,18.06,27.6,33.12,38.64,44.16,49.68,55.2,ShowDailyK_ChartFlow,FinMind_API_TaiwanStockPrice_2891,True,2026-09-22T15:48:52,2026-09-22T15:48:52,2026-09-22T15:48:52
2891,中信金,2023-07-04,24.85,-0.25,-1.00%,1.8399999999999999,17.88,27.6,33.12,38.64,44.16,49.68,55.2,ShowDailyK_ChartFlow,FinMind_API_TaiwanStockPrice_2891,True,2026-09-22T15:48:52,2026-09-22T15:48:52,2026-09-22T15:48:52
2891,中信金,2023-07-05,24.95,0.09999999999999787,0.40%,1.8399999999999999,17.95,27.6,33.12,38.64,44.16,49.68,55.2,ShowDailyK_ChartFlow,FinMind_API_TaiwanStockPrice_2891,True,2026-09-22T15:48:52,2026-09-22T15:48:52,2026-09-22T15:48:52
2891,中信金,2023-07-06,24.5,-0.4499999999999993,-1.80%,1.8399999999999999,17.63,27.6,33.12,38.64,44.16,49.68,55.2,ShowDailyK_ChartFlow,FinMind_API_TaiwanStockPrice_2891,True,2026-09-22T15:48:52,2026-09-22T15:48:52,2026-09-22T15:48:52
2891,中信金,2023-07-07,24.6,0.10000000000000142,0.41%,1.8399999999999999,17.7,27.6,33.12,38.64,44.16,49.68,55.2,ShowDailyK_ChartFlow,FinMind_API_TaiwanStockPrice_2891,True,2026-09-22T15:48:52,2026-09-22T15:48:52,2026-09-22T15:48:52
2891,中信金,2023-07-10,24.5,-0.10000000000000142,-0.41%,1.8399999999999999,17.63,27.6,33.12,38.64,44.16,49.68,55.2,ShowDailyK_ChartFlow,FinMind_API_TaiwanStockPrice_2891,True,2026-09-22T15:48:52,2026-09-22T15:48:52,2026-09-22T15:48:52
2891,中信金,2023-07-11,24.95,0.4499999999999993,1.84%,1.8399999999999999,17.95,27.6,33.12,38.64,44.16,49.68,55.2,ShowDailyK_ChartFlow,FinMind_API_TaiwanStockPrice_2891,True,2026-09-22T15:48:52,2026-09-22T15:48:52,2026-09-22T15:48:52
2891,中信金,2023-07-12,25.15,0.1999999999999993,0.80%,1.8399999999999999,18.09,27.6,33.12,38.64,44.16,49.68,55.2,ShowDailyK_ChartFlow,FinMind_API_TaiwanStockPrice_2891,True,2026-09-22T15:48:52,2026-09-22T15:48:52,2026-09-22T15:48:52
2891,中信金,2023-07-13,24.9,-0.25,-0.99%,1.8399999999999999,17.91,27.6,33.12,38.64,44.16,49.68,55.2,ShowDailyK_ChartFlow,FinMind_API_TaiwanStockPrice_2891,True,2026-09-22T15:48:52,2026-09-22T15:48:52,2026-09-22T15:48:52
2891,中信金,2023-07-14,25.4,0.5,2.01%,1.8399999999999999,18.27,27.6,33.12,38.64,44.16,49.68,55.2,ShowDailyK_ChartFlow,FinMind_API_TaiwanStockPrice_2891,True,2026-09-22T15:48:52,2026-09-22T15:48:52,2026-09-22T15:48:52
2891,中信金,2023-07-17,26.15,0.75,2.95%,1.8399999999999999,18.81,27.6,33.12,38.64,44.16,49.68,55.2,ShowDailyK_ChartFlow,FinMind_API_TaiwanStockPrice_2891,True,2026-09-22T15:48:52,2026-09-22T15:48:52,2026-09-22T15:48:52
2891,中信金,2023-07-18,26.25,0.10000000000000142,0.38%,1.8399999999999999,18.88,27.6,33.12,38.64,44.16,49.68,55.2,ShowDailyK_ChartFlow,FinMind_API_TaiwanStockPrice_2891,True,2026-09-22T15:48:52,2026-09-22T15:48:52,2026-09-22T15:48:52
2891,中信金,2023-07-19,26.05,-0.1999999999999993,-0.76%,1.8399999999999999,18.74,27.6,33.12,38.64,44.16,49.68,55.2,ShowDailyK_ChartFlow,FinMind_API_TaiwanStockPrice_2891,True,2026-09-22T15:48:52,2026-09-22T15:48:52,2026-09-22T15:48:52
2891,中信金,2023-07-20,26.2,0.14999999999999858,0.58%,1.8399999999999999,18.85,27.6,33.12,38.64,44.16,49.68,55.2,ShowDailyK_ChartFlow,FinMind_API_TaiwanStockPrice_2891,True,2026-09-22T15:48:52,2026-09-22T15:48:52,2026-09-22T15:48:52
2891,中信金,2023-07-21,26.45,0.25,0.95%,1.8399999999999999,19.03,27.6,33.12,38.64,44.16,49.68,55.2,ShowDailyK_ChartFlow,FinMind_API_TaiwanStockPrice_2891,True,2026-09-22T15:48:52,2026-09-22T15:48:52,2026-09-22T15:48:52
2891,中信金,2023-07-24,26.1,-0.34999999999999787,-1.32%,1.8399999999999999,18.78,27.6,33.12,38.64,44.16,49.68,55.2,ShowDailyK_ChartFlow,FinMind_API_TaiwanStockPrice_2891,True,2026-09-22T15:48:52,2026-09-22T15:48:52,2026-09-22T15:48:52
2891,中信金,2023-07-25,26.35,0.25,0.96%,1.8399999999999999,18.96,27.6,33.12,38.64,44.16,49.68,55.2,ShowDailyK_ChartFlow,FinMind_API_TaiwanStockPrice_2891,True,2026-09-22T15:48:52,2026-09-22T15:48:52,2026-09-22T15:48:52
2891,中信金,2023-07-26,26.5,0.14999999999999858,0.57%,1.8399999999999999,19.06,27.6,33.12,38.64,44.16,49.68,55.2,ShowDailyK_ChartFlow,FinMind_API_TaiwanStockPrice_2891,True,2026-09-22T15:48:52,2026-09-22T15:48:52,2026-09-22T15:48:52
2891,中信金,2023-07-27,26.6,0.10000000000000142,0.38%,1.8399999999999999,19.14,27.6,33.12,38.64,44.16,49.68,55.2,ShowDailyK_ChartFlow,FinMind_API_TaiwanStockPrice_2891,True,2026-09-22T15:48:52,2026-09-22T15:48:52,2026-09-22T15:48:52
2891,中信金,2023-07-28,26.35,-0.25,-0.94%,1.8399999999999999,18.96,27.6,33.12,38.64,44.16,49.68,55.2,ShowDailyK_ChartFlow,FinMind_API_TaiwanStockPrice_2891,True,2026-09-22T15:48:52,2026-09-22T15:48:52,2026-09-22T15:48:52
2891,中信金,2023-07-31,26.25,-0.10000000000000142,-0.38%,1.8399999999999999,18.88,27.6,33.12,38.64,44.16,49.68,55.2,ShowDailyK_ChartFlow,FinMind_API_TaiwanStockPrice_2891,True,2026-09-22T15:48:52,2026-09-22T15:48:52,2026-09-22T15:48:52
2891,中信金,2023-08-01,26.25,0.0,0.00%,1.8399999999999999,18.88,27.6,33.12,38.64,44.16,49.68,55.2,ShowDailyK_ChartFlow,FinMind_API_TaiwanStockPrice_2891,True,2026-09-22T15:48:52,2026-09-22T15:48:52,2026-09-22T15:48:52
2891,中信金,2023-08-02,26.15,-0.10000000000000142,-0.38%,1.8399999999999999,18.81,27.6,33.12,38.64,44.16,49.68,55.2,ShowDailyK_ChartFlow,FinMind_API_TaiwanStockPrice_2891,True,2026-09-22T15:48:52,2026-09-22T15:48:52,2026-09-22T15:48:52
2891,中信金,2023-08-04,24.6,-1.5499999999999972,-5.93%,1.8399999999999999,17.7,27.6,33.12,38.64,44.16,49.68,55.2,ShowDailyK_ChartFlow,FinMind_API_TaiwanStockPrice_2891,True,2026-09-22T15:48:52,2026-09-22T15:48:52,2026-09-22T15:48:52
2891,中信金,2023-08-07,24.6,0.0,0.00%,1.8399999999999999,17.7,27.6,33.12,38.64,44.16,49.68,55.2,ShowDailyK_ChartFlow,FinMind_API_TaiwanStockPrice_2891,True,2026-09-22T15:48:52,2026-09-22T15:48:52,2026-09-22T15:48:52
2891,中信金,2023-08-08,24.6,0.0,0.00%,1.8399999999999999,17.7,27.6,33.12,38.64,44.16,49.68,55.2,ShowDailyK_ChartFlow,FinMind_API_TaiwanStockPrice_2891,True,2026-09-22T15:48:52,2026-09-22T15:48:52,2026-09-22T15:48:52
2891,中信金,2023-08-09,24.8,0.1999999999999993,0.81%,1.8399999999999999,17.84,27.6,33.12,38.64,44.16,49.68,55.2,ShowDailyK_ChartFlow,FinMind_API_TaiwanStockPrice_2891,True,2026-09-22T15:48:52,2026-09-22T15:48:52,2026-09-22T15:48:52
2891,中信金,2023-08-10,24.9,0.09999999999999787,0.40%,1.8399999999999999,17.91,27.6,33.12,38.64,44.16,49.68,55.2,ShowDailyK_ChartFlow,FinMind_API_TaiwanStockPrice_2891,True,2026-09-22T15:48:52,2026-09-22T15:48:52,2026-09-22T15:48:52
2891,中信金,2023-08-11,24.9,0.0,0.00%,1.8399999999999999,17.91,27.6,33.12,38.64,44.16,49.68,55.2,ShowDailyK_ChartFlow,FinMind_API_TaiwanStockPrice_2891,True,2026-09-22T15:48:52,2026-09-22T15:48:52,2026-09-22T15:48:52
2891,中信金,2023-08-14,24.3,-0.5999999999999979,-2.41%,1.8399999999999999,17.48,27.6,33.12,38.64,44.16,49.68,55.2,ShowDailyK_ChartFlow,FinMind_API_TaiwanStockPrice_2891,True,2026-09-22T15:48:52,2026-09-22T15:48:52,2026-09-22T15:48:52
2891,中信金,2023-08-15,23.9,-0.40000000000000213,-1.65%,1.8399999999999999,17.19,27.6,33.12,38.64,44.16,49.68,55.2,ShowDailyK_ChartFlow,FinMind_API_TaiwanStockPrice_2891,True,2026-09-22T15:48:52,2026-09-22T15:48:52,2026-09-22T15:48:52
2891,中信金,2023-08-16,23.4,-0.5,-2.09%,1.8399999999999999,16.83,27.6,33.12,38.64,44.16,49.68,55.2,ShowDailyK_ChartFlow,FinMind_API_TaiwanStockPrice_2891,True,2026-09-22T15:48:52,2026-09-22T15:48:52,2026-09-22T15:48:52
2891,中信金,2023-08-17,23.25,-0.14999999999999858,-0.64%,1.8399999999999999,16.73,27.6,33.12,38.64,44.16,49.68,55.2,ShowDailyK_ChartFlow,FinMind_API_TaiwanStockPrice_2891,True,2026-09-22T15:48:52,2026-09-22T15:48:52,2026-09-22T15:48:52
2891,中信金,2023-08-18,23.35,0.10000000000000142,0.43%,1.8399999999999999,16.8,27.6,33.12,38.64,44.16,49.68,55.2,ShowDailyK_ChartFlow,FinMind_API_TaiwanStockPrice_2891,True,2026-09-22T15:48:52,2026-09-22T15:48:52,2026-09-22T15:48:52
2891,中信金,2023-08-21,23.85,0.5,2.14%,1.8399999999999999,17.16,27.6,33.12,38.64,44.16,49.68,55.2,ShowDailyK_ChartFlow,FinMind_API_TaiwanStockPrice_2891,True,2026-09-22T15:48:52,2026-09-22T15:48:52,2026-09-22T15:48:52
2891,中信金,2023-08-22,23.55,-0.3000000000000007,-1.26%,1.8399999999999999,16.94,27.6,33.12,38.64,44.16,49.68,55.2,ShowDailyK_ChartFlow,FinMind_API_TaiwanStockPrice_2891,True,2026-09-22T15:48:52,2026-09-22T15:48:52,2026-09-22T15:48:52
2891,中信金,2023-08-23,23.7,0.14999999999999858,0.64%,1.8399999999999999,17.05,27.6,33.12,38.64,44.16,49.68,55.2,ShowDailyK_ChartFlow,FinMind_API_TaiwanStockPrice_2891,True,2026-09-22T15:48:52,2026-09-22T15:48:52,2026-09-22T15:48:52
2891,中信金,2023-08-24,23.85,0.15000000000000213,0.63%,1.8399999999999999,17.16,27.6,33.12,38.64,44.16,49.68,55.2,ShowDailyK_ChartFlow,FinMind_API_TaiwanStockPrice_2891,True,2026-09-22T15:48:52,2026-09-22T15:48:52,2026-09-22T15:48:52
2891,中信金,2023-08-25,23.5,-0.3500000000000014,-1.47%,1.8399999999999999,16.91,27.6,33.12,38.64,44.16,49.68,55.2,ShowDailyK_ChartFlow,FinMind_API_TaiwanStockPrice_2891,True,2026-09-22T15:48:52,2026-09-22T15:48:52,2026-09-22T15:48:52
2891,中信金,2023-08-28,23.8,0.3000000000000007,1.28%,1.8399999999999999,13.37,27.6,33.12,38.64,44.16,49.68,55.2,ShowDailyK_ChartFlow,FinMind_API_TaiwanStockPrice_2891,True,2026-09-22T15:48:52,2026-09-22T15:48:52,2026-09-22T15:48:52
2891,中信金,2023-08-29,24.0,0.1999999999999993,0.84%,1.8399999999999999,13.48,27.6,33.12,38.64,44.16,49.68,55.2,ShowDailyK_ChartFlow,FinMind_API_TaiwanStockPrice_2891,True,2026-09-22T15:48:52,2026-09-22T15:48:52,2026-09-22T15:48:52
2891,中信金,2023-08-30,23.9,-0.10000000000000142,-0.42%,1.8399999999999999,13.43,27.6,33.12,38.64,44.16,49.68,55.2,ShowDailyK_ChartFlow,FinMind_API_TaiwanStockPrice_2891,True,2026-09-22T15:48:52,2026-09-22T15:48:52,2026-09-22T15:48:52
2891,中信金,2023-08-31,23.85,-0.04999999999999716,-0.21%,1.8399999999999999,13.4,27.6,33.12,38.64,44.16,49.68,55.2,ShowDailyK_ChartFlow,FinMind_API_TaiwanStockPrice_2891,True,2026-09-22T15:48:52,2026-09-22T15:48:52,2026-09-22T15:48:52
2891,中信金,2023-09-01,23.8,-0.05000000000000071,-0.21%,1.8399999999999999,13.37,27.6,33.12,38.64,44.16,49.68,55.2,ShowDailyK_ChartFlow,FinMind_API_TaiwanStockPrice_2891,True,2026-09-22T15:48:52,2026-09-22T15:48:52,2026-09-22T15:48:52
2891,中信金,2023-09-04,23.95,0.14999999999999858,0.63%,1.8399999999999999,13.46,27.6,33.12,38.64,44.16,49.68,55.2,ShowDailyK_ChartFlow,FinMind_API_TaiwanStockPrice_2891,True,2026-09-22T15:48:52,2026-09-22T15:48:52,2026-09-22T15:48:52
2891,中信金,2023-09-05,24.0,0.05000000000000071,0.21%,1.8399999999999999,13.48,27.6,33.12,38.64,44.16,49.68,55.2,ShowDailyK_ChartFlow,FinMind_API_TaiwanStockPrice_2891,True,2026-09-22T15:48:52,2026-09-22T15:48:52,2026-09-22T15:48:52
2891,中信金,2023-09-06,23.65,-0.3500000000000014,-1.46%,1.8399999999999999,13.29,27.6,33.12,38.64,44.16,49.68,55.2,ShowDailyK_ChartFlow,FinMind_API_TaiwanStockPrice_2891,True,2026-09-22T15:48:52,2026-09-22T15:48:52,2026-09-22T15:48:52
2891,中信金,2023-09-07,23.6,-0.04999999999999716,-0.21%,1.8399999999999999,13.26,27.6,33.12,38.64,44.16,49.68,55.2,ShowDailyK_ChartFlow,FinMind_API_TaiwanStockPrice_2891,True,2026-09-22T15:48:52,2026-09-22T15:48:52,2026-09-22T15:48:52
2891,中信金,2023-09-08,24.05,0.4499999999999993,1.91%,1.8399999999999999,13.51,27.6,33.12,38.64,44.16,49.68,55.2,ShowDailyK_ChartFlow,FinMind_API_TaiwanStockPrice_2891,True,2026-09-22T15:48:52,2026-09-22T15:48:52,2026-09-22T15:48:52
2891,中信金,2023-09-11,24.25,0.1999999999999993,0.83%,1.8399999999999999,13.62,27.6,33.12,38.64,44.16,49.68,55.2,ShowDailyK_ChartFlow,FinMind_API_TaiwanStockPrice_2891,True,2026-09-22T15:48:52,2026-09-22T15:48:52,2026-09-22T15:48:52
2891,中信金,2023-09-12,24.35,0.10000000000000142,0.41%,1.8399999999999999,13.68,27.6,33.12,38.64,44.16,49.68,55.2,ShowDailyK_ChartFlow,FinMind_API_TaiwanStockPrice_2891,True,2026-09-22T15:48:52,2026-09-22T15:48:52,2026-09-22T15:48:52
2891,中信金,2023-09-13,24.7,0.34999999999999787,1.44%,1.8399999999999999,13.88,27.6,33.12,38.64,44.16,49.68,55.2,ShowDailyK_ChartFlow,FinMind_API_TaiwanStockPrice_2891,True,2026-09-22T15:48:52,2026-09-22T15:48:52,2026-09-22T15:48:52
2891,中信金,2023-09-14,25.0,0.3000000000000007,1.21%,1.8399999999999999,14.04,27.6,33.12,38.64,44.16,49.68,55.2,ShowDailyK_ChartFlow,FinMind_API_TaiwanStockPrice_2891,True,2026-09-22T15:48:52,2026-09-22T15:48:52,2026-09-22T15:48:52
2891,中信金,2023-09-15,24.85,-0.14999999999999858,-0.60%,1.8399999999999999,13.96,27.6,33.12,38.64,44.16,49.68,55.2,ShowDailyK_ChartFlow,FinMind_API_TaiwanStockPrice_2891,True,2026-09-22T15:48:52,2026-09-22T15:48:52,2026-09-22T15:48:52
2891,中信金,2023-09-18,24.95,0.09999999999999787,0.40%,1.8399999999999999,14.02,27.6,33.12,38.64,44.16,49.68,55.2,ShowDailyK_ChartFlow,FinMind_API_TaiwanStockPrice_2891,True,2026-09-22T15:48:52,2026-09-22T15:48:52,2026-09-22T15:48:52
2891,中信金,2023-09-19,24.95,0.0,0.00%,1.8399999999999999,14.02,27.6,33.12,38.64,44.16,49.68,55.2,ShowDailyK_ChartFlow,FinMind_API_TaiwanStockPrice_2891,True,2026-09-22T15:48:52,2026-09-22T15:48:52,2026-09-22T15:48:52
2891,中信金,2023-09-20,24.85,-0.09999999999999787,-0.40%,1.8399999999999999,13.96,27.6,33.12,38.64,44.16,49.68,55.2,ShowDailyK_ChartFlow,FinMind_API_TaiwanStockPrice_2891,True,2026-09-22T15:48:52,2026-09-22T15:48:52,2026-09-22T15:48:52
2891,中信金,2023-09-21,24.35,-0.5,-2.01%,1.8399999999999999,13.68,27.6,33.12,38.64,44.16,49.68,55.2,ShowDailyK_ChartFlow,FinMind_API_TaiwanStockPrice_2891,True,2026-09-22T15:48:52,2026-09-22T15:48:52,2026-09-22T15:48:52
2891,中信金,2023-09-22,24.25,-0.10000000000000142,-0.41%,1.8399999999999999,13.62,27.6,33.12,38.64,44.16,49.68,55.2,ShowDailyK_ChartFlow,FinMind_API_TaiwanStockPrice_2891,True,2026-09-22T15:48:52,2026-09-22T15:48:52,2026-09-22T15:48:52
2891,中信金,2023-09-25,24.6,0.3500000000000014,1.44%,1.8399999999999999,13.82,27.6,33.12,38.64,44.16,49.68,55.2,ShowDailyK_ChartFlow,FinMind_API_TaiwanStockPrice_2891,True,2026-09-22T15:48:52,2026-09-22T15:48:52,2026-09-22T15:48:52
2891,中信金,2023-09-26,24.55,-0.05000000000000071,-0.20%,1.8399999999999999,13.79,27.6,33.12,38.64,44.16,49.68,55.2,ShowDailyK_ChartFlow,FinMind_API_TaiwanStockPrice_2891,True,2026-09-22T15:48:52,2026-09-22T15:48:52,2026-09-22T15:48:52
2891,中信金,2023-09-27,24.4,-0.15000000000000213,-0.61%,1.8399999999999999,13.71,27.6,33.12,38.64,44.16,49.68,55.2,ShowDailyK_ChartFlow,FinMind_API_TaiwanStockPrice_2891,True,2026-09-22T15:48:52,2026-09-22T15:48:52,2026-09-22T15:48:52
2891,中信金,2023-09-28,24.5,0.10000000000000142,0.41%,1.8399999999999999,13.76,27.6,33.12,38.64,44.16,49.68,55.2,ShowDailyK_ChartFlow,FinMind_API_TaiwanStockPrice_2891,True,2026-09-22T15:48:52,2026-09-22T15:48:52,2026-09-22T15:48:52
2891,中信金,2023-10-02,24.5,0.0,0.00%,2.3899999999999997,13.76,35.85,43.02,50.19,57.36,64.53,71.7,ShowDailyK_ChartFlow,FinMind_API_TaiwanStockPrice_2891,True,2026-09-22T15:48:52,2026-09-22T15:48:52,2026-09-22T15:48:52
2891,中信金,2023-10-03,24.2,-0.3000000000000007,-1.22%,2.3899999999999997,13.6,35.85,43.02,50.19,57.36,64.53,71.7,ShowDailyK_ChartFlow,FinMind_API_TaiwanStockPrice_2891,True,2026-09-22T15:48:52,2026-09-22T15:48:52,2026-09-22T15:48:52
2891,中信金,2023-10-04,23.7,-0.5,-2.07%,2.3899999999999997,13.31,35.85,43.02,50.19,57.36,64.53,71.7,ShowDailyK_ChartFlow,FinMind_API_TaiwanStockPrice_2891,True,2026-09-22T15:48:52,2026-09-22T15:48:52,2026-09-22T15:48:52
2891,中信金,2023-10-05,24.1,0.40000000000000213,1.69%,2.3899999999999997,13.54,35.85,43.02,50.19,57.36,64.53,71.7,ShowDailyK_ChartFlow,FinMind_API_TaiwanStockPrice_2891,True,2026-09-22T15:48:52,2026-09-22T15:48:52,2026-09-22T15:48:52
2891,中信金,2023-10-06,24.25,0.14999999999999858,0.62%,2.3899999999999997,13.62,35.85,43.02,50.19,57.36,64.53,71.7,ShowDailyK_ChartFlow,FinMind_API_TaiwanStockPrice_2891,True,2026-09-22T15:48:52,2026-09-22T15:48:52,2026-09-22T15:48:52
2891,中信金,2023-10-11,24.9,0.6499999999999986,2.68%,2.3899999999999997,13.99,35.85,43.02,50.19,57.36,64.53,71.7,ShowDailyK_ChartFlow,FinMind_API_TaiwanStockPrice_2891,True,2026-09-22T15:48:52,2026-09-22T15:48:52,2026-09-22T15:48:52
2891,中信金,2023-10-12,25.2,0.3000000000000007,1.20%,2.3899999999999997,14.16,35.85,43.02,50.19,57.36,64.53,71.7,ShowDailyK_ChartFlow,FinMind_API_TaiwanStockPrice_2891,True,2026-09-22T15:48:52,2026-09-22T15:48:52,2026-09-22T15:48:52
2891,中信金,2023-10-13,25.15,-0.05000000000000071,-0.20%,2.3899999999999997,14.13,35.85,43.02,50.19,57.36,64.53,71.7,ShowDailyK_ChartFlow,FinMind_API_TaiwanStockPrice_2891,True,2026-09-22T15:48:52,2026-09-22T15:48:52,2026-09-22T15:48:52
2891,中信金,2023-10-16,25.35,0.20000000000000284,0.80%,2.3899999999999997,14.24,35.85,43.02,50.19,57.36,64.53,71.7,ShowDailyK_ChartFlow,FinMind_API_TaiwanStockPrice_2891,True,2026-09-22T15:48:52,2026-09-22T15:48:52,2026-09-22T15:48:52
2891,中信金,2023-10-17,25.15,-0.20000000000000284,-0.79%,2.3899999999999997,14.13,35.85,43.02,50.19,57.36,64.53,71.7,ShowDailyK_ChartFlow,FinMind_API_TaiwanStockPrice_2891,True,2026-09-22T15:48:52,2026-09-22T15:48:52,2026-09-22T15:48:52
2891,中信金,2023-10-18,25.15,0.0,0.00%,2.3899999999999997,14.13,35.85,43.02,50.19,57.36,64.53,71.7,ShowDailyK_ChartFlow,FinMind_API_TaiwanStockPrice_2891,True,2026-09-22T15:48:52,2026-09-22T15:48:52,2026-09-22T15:48:52
2891,中信金,2023-10-19,24.85,-0.29999999999999716,-1.19%,2.3899999999999997,13.96,35.85,43.02,50.19,57.36,64.53,71.7,ShowDailyK_ChartFlow,FinMind_API_TaiwanStockPrice_2891,True,2026-09-22T15:48:52,2026-09-22T15:48:52,2026-09-22T15:48:52
2891,中信金,2023-10-20,24.65,-0.20000000000000284,-0.80%,2.3899999999999997,13.85,35.85,43.02,50.19,57.36,64.53,71.7,ShowDailyK_ChartFlow,FinMind_API_TaiwanStockPrice_2891,True,2026-09-22T15:48:52,2026-09-22T15:48:52,2026-09-22T15:48:52
2891,中信金,2023-10-23,24.35,-0.29999999999999716,-1.22%,2.3899999999999997,13.68,35.85,43.02,50.19,57.36,64.53,71.7,ShowDailyK_ChartFlow,FinMind_API_TaiwanStockPrice_2891,True,2026-09-22T15:48:52,2026-09-22T15:48:52,2026-09-22T15:48:52
2891,中信金,2023-10-24,24.45,0.09999999999999787,0.41%,2.3899999999999997,13.74,35.85,43.02,50.19,57.36,64.53,71.7,ShowDailyK_ChartFlow,FinMind_API_TaiwanStockPrice_2891,True,2026-09-22T15:48:52,2026-09-22T15:48:52,2026-09-22T15:48:52
2891,中信金,2023-10-25,24.65,0.1999999999999993,0.82%,2.3899999999999997,13.85,35.85,43.02,50.19,57.36,64.53,71.7,ShowDailyK_ChartFlow,FinMind_API_TaiwanStockPrice_2891,True,2026-09-22T15:48:52,2026-09-22T15:48:52,2026-09-22T15:48:52
2891,中信金,2023-10-26,24.35,-0.29999999999999716,-1.22%,2.3899999999999997,13.68,35.85,43.02,50.19,57.36,64.53,71.7,ShowDailyK_ChartFlow,FinMind_API_TaiwanStockPrice_2891,True,2026-09-22T15:48:52,2026-09-22T15:48:52,2026-09-22T15:48:52
2891,中信金,2023-10-27,24.6,0.25,1.03%,2.3899999999999997,13.82,35.85,43.02,50.19,57.36,64.53,71.7,ShowDailyK_ChartFlow,FinMind_API_TaiwanStockPrice_2891,True,2026-09-22T15:48:52,2026-09-22T15:48:52,2026-09-22T15:48:52
2891,中信金,2023-10-30,24.35,-0.25,-1.02%,2.3899999999999997,13.68,35.85,43.02,50.19,57.36,64.53,71.7,ShowDailyK_ChartFlow,FinMind_API_TaiwanStockPrice_2891,True,2026-09-22T15:48:52,2026-09-22T15:48:52,2026-09-22T15:48:52
2891,中信金,2023-10-31,24.35,0.0,0.00%,2.3899999999999997,13.68,35.85,43.02,50.19,57.36,64.53,71.7,ShowDailyK_ChartFlow,FinMind_API_TaiwanStockPrice_2891,True,2026-09-22T15:48:52,2026-09-22T15:48:52,2026-09-22T15:48:52
2891,中信金,2023-11-01,24.35,0.0,0.00%,2.3899999999999997,13.68,35.85,43.02,50.19,57.36,64.53,71.7,ShowDailyK_ChartFlow,FinMind_API_TaiwanStockPrice_2891,True,2026-09-22T15:48:52,2026-09-22T15:48:52,2026-09-22T15:48:52
2891,中信金,2023-11-02,24.7,0.34999999999999787,1.44%,2.3899999999999997,13.88,35.85,43.02,50.19,57.36,64.53,71.7,ShowDailyK_ChartFlow,FinMind_API_TaiwanStockPrice_2891,True,2026-09-22T15:48:52,2026-09-22T15:48:52,2026-09-22T15:48:52
2891,中信金,2023-11-03,25.35,0.6500000000000021,2.63%,2.3899999999999997,14.24,35.85,43.02,50.19,57.36,64.53,71.7,ShowDailyK_ChartFlow,FinMind_API_TaiwanStockPrice_2891,True,2026-09-22T15:48:52,2026-09-22T15:48:52,2026-09-22T15:48:52
2891,中信金,2023-11-06,25.3,-0.05000000000000071,-0.20%,2.3899999999999997,14.21,35.85,43.02,50.19,57.36,64.53,71.7,ShowDailyK_ChartFlow,FinMind_API_TaiwanStockPrice_2891,True,2026-09-22T15:48:52,2026-09-22T15:48:52,2026-09-22T15:48:52
2891,中信金,2023-11-07,25.15,-0.15000000000000213,-0.59%,2.3899999999999997,14.13,35.85,43.02,50.19,57.36,64.53,71.7,ShowDailyK_ChartFlow,FinMind_API_TaiwanStockPrice_2891,True,2026-09-22T15:48:52,2026-09-22T15:48:52,2026-09-22T15:48:52
2891,中信金,2023-11-08,25.1,-0.04999999999999716,-0.20%,2.3899999999999997,14.1,35.85,43.02,50.19,57.36,64.53,71.7,ShowDailyK_ChartFlow,FinMind_API_TaiwanStockPrice_2891,True,2026-09-22T15:48:52,2026-09-22T15:48:52,2026-09-22T15:48:52
2891,中信金,2023-11-09,25.35,0.25,1.00%,2.3899999999999997,14.24,35.85,43.02,50.19,57.36,64.53,71.7,ShowDailyK_ChartFlow,FinMind_API_TaiwanStockPrice_2891,True,2026-09-22T15:48:52,2026-09-22T15:48:52,2026-09-22T15:48:52
2891,中信金,2023-11-10,25.5,0.14999999999999858,0.59%,2.3899999999999997,14.33,35.85,43.02,50.19,57.36,64.53,71.7,ShowDailyK_ChartFlow,FinMind_API_TaiwanStockPrice_2891,True,2026-09-22T15:48:52,2026-09-22T15:48:52,2026-09-22T15:48:52
2891,中信金,2023-11-13,25.6,0.10000000000000142,0.39%,2.3899999999999997,14.38,35.85,43.02,50.19,57.36,64.53,71.7,ShowDailyK_ChartFlow,FinMind_API_TaiwanStockPrice_2891,True,2026-09-22T15:48:52,2026-09-22T15:48:52,2026-09-22T15:48:52
2891,中信金,2023-11-14,26.15,0.5499999999999972,2.15%,2.3899999999999997,14.69,35.85,43.02,50.19,57.36,64.53,71.7,ShowDailyK_ChartFlow,FinMind_API_TaiwanStockPrice_2891,True,2026-09-22T15:48:52,2026-09-22T15:48:52,2026-09-22T15:48:52
2891,中信金,2023-11-15,26.8,0.6500000000000021,2.49%,2.3899999999999997,15.06,35.85,43.02,50.19,57.36,64.53,71.7,ShowDailyK_ChartFlow,FinMind_API_TaiwanStockPrice_2891,True,2026-09-22T15:48:52,2026-09-22T15:48:52,2026-09-22T15:48:52
2891,中信金,2023-11-16,26.85,0.05000000000000071,0.19%,2.3899999999999997,15.08,35.85,43.02,50.19,57.36,64.53,71.7,ShowDailyK_ChartFlow,FinMind_API_TaiwanStockPrice_2891,True,2026-09-22T15:48:52,2026-09-22T15:48:52,2026-09-22T15:48:52
2891,中信金,2023-11-17,26.85,0.0,0.00%,2.3899999999999997,15.08,35.85,43.02,50.19,57.36,64.53,71.7,ShowDailyK_ChartFlow,FinMind_API_TaiwanStockPrice_2891,True,2026-09-22T15:48:52,2026-09-22T15:48:52,2026-09-22T15:48:52
2891,中信金,2023-11-20,26.85,0.0,0.00%,2.3899999999999997,15.08,35.85,43.02,50.19,57.36,64.53,71.7,ShowDailyK_ChartFlow,FinMind_API_TaiwanStockPrice_2891,True,2026-09-22T15:48:52,2026-09-22T15:48:52,2026-09-22T15:48:52
2891,中信金,2023-11-21,27.05,0.1999999999999993,0.74%,2.3899999999999997,15.2,35.85,43.02,50.19,57.36,64.53,71.7,ShowDailyK_ChartFlow,FinMind_API_TaiwanStockPrice_2891,True,2026-09-22T15:48:52,2026-09-22T15:48:52,2026-09-22T15:48:52
2891,中信金,2023-11-22,27.2,0.14999999999999858,0.55%,2.3899999999999997,15.28,35.85,43.02,50.19,57.36,64.53,71.7,ShowDailyK_ChartFlow,FinMind_API_TaiwanStockPrice_2891,True,2026-09-22T15:48:52,2026-09-22T15:48:52,2026-09-22T15:48:52
2891,中信金,2023-11-23,26.85,-0.34999999999999787,-1.29%,2.3899999999999997,15.08,35.85,43.02,50.19,57.36,64.53,71.7,ShowDailyK_ChartFlow,FinMind_API_TaiwanStockPrice_2891,True,2026-09-22T15:48:52,2026-09-22T15:48:52,2026-09-22T15:48:52
2891,中信金,2023-11-24,26.75,-0.10000000000000142,-0.37%,2.3899999999999997,11.29,35.85,43.02,50.19,57.36,64.53,71.7,ShowDailyK_ChartFlow,FinMind_API_TaiwanStockPrice_2891,True,2026-09-22T15:48:52,2026-09-22T15:48:52,2026-09-22T15:48:52
2891,中信金,2023-11-27,26.7,-0.05000000000000071,-0.19%,2.3899999999999997,11.27,35.85,43.02,50.19,57.36,64.53,71.7,ShowDailyK_ChartFlow,FinMind_API_TaiwanStockPrice_2891,True,2026-09-22T15:48:52,2026-09-22T15:48:52,2026-09-22T15:48:52
2891,中信金,2023-11-28,27.15,0.4499999999999993,1.69%,2.3899999999999997,11.46,35.85,43.02,50.19,57.36,64.53,71.7,ShowDailyK_ChartFlow,FinMind_API_TaiwanStockPrice_2891,True,2026-09-22T15:48:52,2026-09-22T15:48:52,2026-09-22T15:48:52
2891,中信金,2023-11-29,26.85,-0.29999999999999716,-1.10%,2.3899999999999997,11.33,35.85,43.02,50.19,57.36,64.53,71.7,ShowDailyK_ChartFlow,FinMind_API_TaiwanStockPrice_2891,True,2026-09-22T15:48:52,2026-09-22T15:48:52,2026-09-22T15:48:52
2891,中信金,2023-11-30,27.35,0.5,1.86%,2.3899999999999997,11.54,35.85,43.02,50.19,57.36,64.53,71.7,ShowDailyK_ChartFlow,FinMind_API_TaiwanStockPrice_2891,True,2026-09-22T15:48:52,2026-09-22T15:48:52,2026-09-22T15:48:52
2891,中信金,2023-12-01,26.95,-0.40000000000000213,-1.46%,2.3899999999999997,11.37,35.85,43.02,50.19,57.36,64.53,71.7,ShowDailyK_ChartFlow,FinMind_API_TaiwanStockPrice_2891,True,2026-09-22T15:48:52,2026-09-22T15:48:52,2026-09-22T15:48:52
2891,中信金,2023-12-04,26.9,-0.05000000000000071,-0.19%,2.3899999999999997,11.35,35.85,43.02,50.19,57.36,64.53,71.7,ShowDailyK_ChartFlow,FinMind_API_TaiwanStockPrice_2891,True,2026-09-22T15:48:52,2026-09-22T15:48:52,2026-09-22T15:48:52
2891,中信金,2023-12-05,26.75,-0.14999999999999858,-0.56%,2.3899999999999997,11.29,35.85,43.02,50.19,57.36,64.53,71.7,ShowDailyK_ChartFlow,FinMind_API_TaiwanStockPrice_2891,True,2026-09-22T15:48:52,2026-09-22T15:48:52,2026-09-22T15:48:52
2891,中信金,2023-12-06,27.1,0.3500000000000014,1.31%,2.3899999999999997,11.43,35.85,43.02,50.19,57.36,64.53,71.7,ShowDailyK_ChartFlow,FinMind_API_TaiwanStockPrice_2891,True,2026-09-22T15:48:52,2026-09-22T15:48:52,2026-09-22T15:48:52
2891,中信金,2023-12-07,26.85,-0.25,-0.92%,2.3899999999999997,11.33,35.85,43.02,50.19,57.36,64.53,71.7,ShowDailyK_ChartFlow,FinMind_API_TaiwanStockPrice_2891,True,2026-09-22T15:48:52,2026-09-22T15:48:52,2026-09-22T15:48:52
2891,中信金,2023-12-08,27.5,0.6499999999999986,2.42%,2.3899999999999997,11.6,35.85,43.02,50.19,57.36,64.53,71.7,ShowDailyK_ChartFlow,FinMind_API_TaiwanStockPrice_2891,True,2026-09-22T15:48:52,2026-09-22T15:48:52,2026-09-22T15:48:52
2891,中信金,2023-12-11,27.4,-0.10000000000000142,-0.36%,2.3899999999999997,11.56,35.85,43.02,50.19,57.36,64.53,71.7,ShowDailyK_ChartFlow,FinMind_API_TaiwanStockPrice_2891,True,2026-09-22T15:48:52,2026-09-22T15:48:52,2026-09-22T15:48:52
2891,中信金,2023-12-12,27.6,0.20000000000000284,0.73%,2.3899999999999997,11.65,35.85,43.02,50.19,57.36,64.53,71.7,ShowDailyK_ChartFlow,FinMind_API_TaiwanStockPrice_2891,True,2026-09-22T15:48:52,2026-09-22T15:48:52,2026-09-22T15:48:52
2891,中信金,2023-12-13,27.95,0.34999999999999787,1.27%,2.3899999999999997,11.79,35.85,43.02,50.19,57.36,64.53,71.7,ShowDailyK_ChartFlow,FinMind_API_TaiwanStockPrice_2891,True,2026-09-22T15:48:52,2026-09-22T15:48:52,2026-09-22T15:48:52
2891,中信金,2023-12-14,28.45,0.5,1.79%,2.3899999999999997,12.0,35.85,43.02,50.19,57.36,64.53,71.7,ShowDailyK_ChartFlow,FinMind_API_TaiwanStockPrice_2891,True,2026-09-22T15:48:52,2026-09-22T15:48:52,2026-09-22T15:48:52
2891,中信金,2023-12-15,28.15,-0.3000000000000007,-1.05%,2.3899999999999997,11.88,35.85,43.02,50.19,57.36,64.53,71.7,ShowDailyK_ChartFlow,FinMind_API_TaiwanStockPrice_2891,True,2026-09-22T15:48:52,2026-09-22T15:48:52,2026-09-22T15:48:52
2891,中信金,2023-12-18,28.25,0.10000000000000142,0.36%,2.3899999999999997,11.92,35.85,43.02,50.19,57.36,64.53,71.7,ShowDailyK_ChartFlow,FinMind_API_TaiwanStockPrice_2891,True,2026-09-22T15:48:52,2026-09-22T15:48:52,2026-09-22T15:48:52
2891,中信金,2023-12-19,28.25,0.0,0.00%,2.3899999999999997,11.92,35.85,43.02,50.19,57.36,64.53,71.7,ShowDailyK_ChartFlow,FinMind_API_TaiwanStockPrice_2891,True,2026-09-22T15:48:52,2026-09-22T15:48:52,2026-09-22T15:48:52
2891,中信金,2023-12-20,27.8,-0.4499999999999993,-1.59%,2.3899999999999997,11.73,35.85,43.02,50.19,57.36,64.53,71.7,ShowDailyK_ChartFlow,FinMind_API_TaiwanStockPrice_2891,True,2026-09-22T15:48:52,2026-09-22T15:48:52,2026-09-22T15:48:52
2891,中信金,2023-12-21,27.85,0.05000000000000071,0.18%,2.3899999999999997,11.75,35.85,43.02,50.19,57.36,64.53,71.7,ShowDailyK_ChartFlow,FinMind_API_TaiwanStockPrice_2891,True,2026-09-22T15:48:52,2026-09-22T15:48:52,2026-09-22T15:48:52
2891,中信金,2023-12-22,27.75,-0.10000000000000142,-0.36%,2.3899999999999997,11.71,35.85,43.02,50.19,57.36,64.53,71.7,ShowDailyK_ChartFlow,FinMind_API_TaiwanStockPrice_2891,True,2026-09-22T15:48:52,2026-09-22T15:48:52,2026-09-22T15:48:52
2891,中信金,2023-12-25,27.85,0.10000000000000142,0.36%,2.3899999999999997,11.75,35.85,43.02,50.19,57.36,64.53,71.7,ShowDailyK_ChartFlow,FinMind_API_TaiwanStockPrice_2891,True,2026-09-22T15:48:52,2026-09-22T15:48:52,2026-09-22T15:48:52
2891,中信金,2023-12-26,28.0,0.14999999999999858,0.54%,2.3899999999999997,11.81,35.85,43.02,50.19,57.36,64.53,71.7,ShowDailyK_ChartFlow,FinMind_API_TaiwanStockPrice_2891,True,2026-09-22T15:48:52,2026-09-22T15:48:52,2026-09-22T15:48:52
2891,中信金,2023-12-27,28.1,0.10000000000000142,0.36%,2.3899999999999997,11.86,35.85,43.02,50.19,57.36,64.53,71.7,ShowDailyK_ChartFlow,FinMind_API_TaiwanStockPrice_2891,True,2026-09-22T15:48:52,2026-09-22T15:48:52,2026-09-22T15:48:52
2891,中信金,2023-12-28,28.4,0.29999999999999716,1.07%,2.3899999999999997,11.98,35.85,43.02,50.19,57.36,64.53,71.7,ShowDailyK_ChartFlow,FinMind_API_TaiwanStockPrice_2891,True,2026-09-22T15:48:52,2026-09-22T15:48:52,2026-09-22T15:48:52
2891,中信金,2023-12-29,28.35,-0.04999999999999716,-0.18%,2.3899999999999997,11.96,35.85,43.02,50.19,57.36,64.53,71.7,ShowDailyK_ChartFlow,FinMind_API_TaiwanStockPrice_2891,True,2026-09-22T15:48:52,2026-09-22T15:48:52,2026-09-22T15:48:52
2891,中信金,2024-01-02,28.35,0.0,0.00%,2.8200000000000003,11.96,42.3,50.76,59.22,67.68,76.14,84.6,ShowDailyK_ChartFlow,FinMind_API_TaiwanStockPrice_2891,True,2026-09-22T15:48:52,2026-09-22T15:48:52,2026-09-22T15:48:52
2891,中信金,2024-01-03,28.2,-0.15000000000000213,-0.53%,2.8200000000000003,11.9,42.3,50.76,59.22,67.68,76.14,84.6,ShowDailyK_ChartFlow,FinMind_API_TaiwanStockPrice_2891,True,2026-09-22T15:48:52,2026-09-22T15:48:52,2026-09-22T15:48:52
2891,中信金,2024-01-04,28.15,-0.05000000000000071,-0.18%,2.8200000000000003,11.88,42.3,50.76,59.22,67.68,76.14,84.6,ShowDailyK_ChartFlow,FinMind_API_TaiwanStockPrice_2891,True,2026-09-22T15:48:52,2026-09-22T15:48:52,2026-09-22T15:48:52
2891,中信金,2024-01-05,28.1,-0.04999999999999716,-0.18%,2.8200000000000003,11.86,42.3,50.76,59.22,67.68,76.14,84.6,ShowDailyK_ChartFlow,FinMind_API_TaiwanStockPrice_2891,True,2026-09-22T15:48:52,2026-09-22T15:48:52,2026-09-22T15:48:52
2891,中信金,2024-01-08,28.4,0.29999999999999716,1.07%,2.8200000000000003,11.98,42.3,50.76,59.22,67.68,76.14,84.6,ShowDailyK_ChartFlow,FinMind_API_TaiwanStockPrice_2891,True,2026-09-22T15:48:52,2026-09-22T15:48:52,2026-09-22T15:48:52
2891,中信金,2024-01-09,28.1,-0.29999999999999716,-1.06%,2.8200000000000003,11.86,42.3,50.76,59.22,67.68,76.14,84.6,ShowDailyK_ChartFlow,FinMind_API_TaiwanStockPrice_2891,True,2026-09-22T15:48:52,2026-09-22T15:48:52,2026-09-22T15:48:52
2891,中信金,2024-01-10,28.05,-0.05000000000000071,-0.18%,2.8200000000000003,11.84,42.3,50.76,59.22,67.68,76.14,84.6,ShowDailyK_ChartFlow,FinMind_API_TaiwanStockPrice_2891,True,2026-09-22T15:48:52,2026-09-22T15:48:52,2026-09-22T15:48:52
2891,中信金,2024-01-11,28.35,0.3000000000000007,1.07%,2.8200000000000003,11.96,42.3,50.76,59.22,67.68,76.14,84.6,ShowDailyK_ChartFlow,FinMind_API_TaiwanStockPrice_2891,True,2026-09-22T15:48:52,2026-09-22T15:48:52,2026-09-22T15:48:52
2891,中信金,2024-01-12,28.05,-0.3000000000000007,-1.06%,2.8200000000000003,11.84,42.3,50.76,59.22,67.68,76.14,84.6,ShowDailyK_ChartFlow,FinMind_API_TaiwanStockPrice_2891,True,2026-09-22T15:48:52,2026-09-22T15:48:52,2026-09-22T15:48:52
2891,中信金,2024-01-15,28.15,0.09999999999999787,0.36%,2.8200000000000003,11.88,42.3,50.76,59.22,67.68,76.14,84.6,ShowDailyK_ChartFlow,FinMind_API_TaiwanStockPrice_2891,True,2026-09-22T15:48:52,2026-09-22T15:48:52,2026-09-22T15:48:52
2891,中信金,2024-01-16,27.95,-0.1999999999999993,-0.71%,2.8200000000000003,11.79,42.3,50.76,59.22,67.68,76.14,84.6,ShowDailyK_ChartFlow,FinMind_API_TaiwanStockPrice_2891,True,2026-09-22T15:48:52,2026-09-22T15:48:52,2026-09-22T15:48:52
2891,中信金,2024-01-17,27.55,-0.3999999999999986,-1.43%,2.8200000000000003,11.62,42.3,50.76,59.22,67.68,76.14,84.6,ShowDailyK_ChartFlow,FinMind_API_TaiwanStockPrice_2891,True,2026-09-22T15:48:52,2026-09-22T15:48:52,2026-09-22T15:48:52
2891,中信金,2024-01-18,27.85,0.3000000000000007,1.09%,2.8200000000000003,11.75,42.3,50.76,59.22,67.68,76.14,84.6,ShowDailyK_ChartFlow,FinMind_API_TaiwanStockPrice_2891,True,2026-09-22T15:48:52,2026-09-22T15:48:52,2026-09-22T15:48:52
2891,中信金,2024-01-19,27.9,0.04999999999999716,0.18%,2.8200000000000003,11.77,42.3,50.76,59.22,67.68,76.14,84.6,ShowDailyK_ChartFlow,FinMind_API_TaiwanStockPrice_2891,True,2026-09-22T15:48:52,2026-09-22T15:48:52,2026-09-22T15:48:52
2891,中信金,2024-01-22,28.2,0.3000000000000007,1.08%,2.8200000000000003,11.9,42.3,50.76,59.22,67.68,76.14,84.6,ShowDailyK_ChartFlow,FinMind_API_TaiwanStockPrice_2891,True,2026-09-22T15:48:52,2026-09-22T15:48:52,2026-09-22T15:48:52
2891,中信金,2024-01-23,28.1,-0.09999999999999787,-0.35%,2.8200000000000003,11.86,42.3,50.76,59.22,67.68,76.14,84.6,ShowDailyK_ChartFlow,FinMind_API_TaiwanStockPrice_2891,True,2026-09-22T15:48:52,2026-09-22T15:48:52,2026-09-22T15:48:52
2891,中信金,2024-01-24,28.0,-0.10000000000000142,-0.36%,2.8200000000000003,11.81,42.3,50.76,59.22,67.68,76.14,84.6,ShowDailyK_ChartFlow,FinMind_API_TaiwanStockPrice_2891,True,2026-09-22T15:48:52,2026-09-22T15:48:52,2026-09-22T15:48:52
2891,中信金,2024-01-25,28.15,0.14999999999999858,0.54%,2.8200000000000003,11.88,42.3,50.76,59.22,67.68,76.14,84.6,ShowDailyK_ChartFlow,FinMind_API_TaiwanStockPrice_2891,True,2026-09-22T15:48:52,2026-09-22T15:48:52,2026-09-22T15:48:52
2891,中信金,2024-01-26,28.5,0.3500000000000014,1.24%,2.8200000000000003,12.03,42.3,50.76,59.22,67.68,76.14,84.6,ShowDailyK_ChartFlow,FinMind_API_TaiwanStockPrice_2891,True,2026-09-22T15:48:52,2026-09-22T15:48:52,2026-09-22T15:48:52
2891,中信金,2024-01-29,28.5,0.0,0.00%,2.8200000000000003,12.03,42.3,50.76,59.22,67.68,76.14,84.6,ShowDailyK_ChartFlow,FinMind_API_TaiwanStockPrice_2891,True,2026-09-22T15:48:52,2026-09-22T15:48:52,2026-09-22T15:48:52
2891,中信金,2024-01-30,28.4,-0.10000000000000142,-0.35%,2.8200000000000003,11.98,42.3,50.76,59.22,67.68,76.14,84.6,ShowDailyK_ChartFlow,FinMind_API_TaiwanStockPrice_2891,True,2026-09-22T15:48:52,2026-09-22T15:48:52,2026-09-22T15:48:52
2891,中信金,2024-01-31,28.45,0.05000000000000071,0.18%,2.8200000000000003,12.0,42.3,50.76,59.22,67.68,76.14,84.6,ShowDailyK_ChartFlow,FinMind_API_TaiwanStockPrice_2891,True,2026-09-22T15:48:52,2026-09-22T15:48:52,2026-09-22T15:48:52
2891,中信金,2024-02-01,28.65,0.1999999999999993,0.70%,2.8200000000000003,12.09,42.3,50.76,59.22,67.68,76.14,84.6,ShowDailyK_ChartFlow,FinMind_API_TaiwanStockPrice_2891,True,2026-09-22T15:48:52,2026-09-22T15:48:52,2026-09-22T15:48:52
2891,中信金,2024-02-02,28.3,-0.34999999999999787,-1.22%,2.8200000000000003,11.94,42.3,50.76,59.22,67.68,76.14,84.6,ShowDailyK_ChartFlow,FinMind_API_TaiwanStockPrice_2891,True,2026-09-22T15:48:52,2026-09-22T15:48:52,2026-09-22T15:48:52
2891,中信金,2024-02-05,28.15,-0.15000000000000213,-0.53%,2.8200000000000003,11.88,42.3,50.76,59.22,67.68,76.14,84.6,ShowDailyK_ChartFlow,FinMind_API_TaiwanStockPrice_2891,True,2026-09-22T15:48:52,2026-09-22T15:48:52,2026-09-22T15:48:52
2891,中信金,2024-02-15,28.4,0.25,0.89%,2.8200000000000003,11.98,42.3,50.76,59.22,67.68,76.14,84.6,ShowDailyK_ChartFlow,FinMind_API_TaiwanStockPrice_2891,True,2026-09-22T15:48:52,2026-09-22T15:48:52,2026-09-22T15:48:52
2891,中信金,2024-02-16,28.25,-0.14999999999999858,-0.53%,2.8200000000000003,11.92,42.3,50.76,59.22,67.68,76.14,84.6,ShowDailyK_ChartFlow,FinMind_API_TaiwanStockPrice_2891,True,2026-09-22T15:48:52,2026-09-22T15:48:52,2026-09-22T15:48:52
2891,中信金,2024-02-19,28.7,0.4499999999999993,1.59%,2.8200000000000003,12.11,42.3,50.76,59.22,67.68,76.14,84.6,ShowDailyK_ChartFlow,FinMind_API_TaiwanStockPrice_2891,True,2026-09-22T15:48:52,2026-09-22T15:48:52,2026-09-22T15:48:52
2891,中信金,2024-02-20,29.0,0.3000000000000007,1.05%,2.8200000000000003,12.24,42.3,50.76,59.22,67.68,76.14,84.6,ShowDailyK_ChartFlow,FinMind_API_TaiwanStockPrice_2891,True,2026-09-22T15:48:52,2026-09-22T15:48:52,2026-09-22T15:48:52
2891,中信金,2024-02-21,28.95,-0.05000000000000071,-0.17%,2.8200000000000003,12.22,42.3,50.76,59.22,67.68,76.14,84.6,ShowDailyK_ChartFlow,FinMind_API_TaiwanStockPrice_2891,True,2026-09-22T15:48:52,2026-09-22T15:48:52,2026-09-22T15:48:52
2891,中信金,2024-02-22,29.3,0.3500000000000014,1.21%,2.8200000000000003,12.36,42.3,50.76,59.22,67.68,76.14,84.6,ShowDailyK_ChartFlow,FinMind_API_TaiwanStockPrice_2891,True,2026-09-22T15:48:52,2026-09-22T15:48:52,2026-09-22T15:48:52
2891,中信金,2024-02-23,28.9,-0.40000000000000213,-1.37%,2.8200000000000003,12.19,42.3,50.76,59.22,67.68,76.14,84.6,ShowDailyK_ChartFlow,FinMind_API_TaiwanStockPrice_2891,True,2026-09-22T15:48:52,2026-09-22T15:48:52,2026-09-22T15:48:52
2891,中信金,2024-02-26,29.1,0.20000000000000284,0.69%,2.8200000000000003,12.28,42.3,50.76,59.22,67.68,76.14,84.6,ShowDailyK_ChartFlow,FinMind_API_TaiwanStockPrice_2891,True,2026-09-22T15:48:52,2026-09-22T15:48:52,2026-09-22T15:48:52
2891,中信金,2024-02-27,29.0,-0.10000000000000142,-0.34%,2.8200000000000003,12.24,42.3,50.76,59.22,67.68,76.14,84.6,ShowDailyK_ChartFlow,FinMind_API_TaiwanStockPrice_2891,True,2026-09-22T15:48:52,2026-09-22T15:48:52,2026-09-22T15:48:52
2891,中信金,2024-02-29,29.4,0.3999999999999986,1.38%,2.8200000000000003,12.41,42.3,50.76,59.22,67.68,76.14,84.6,ShowDailyK_ChartFlow,FinMind_API_TaiwanStockPrice_2891,True,2026-09-22T15:48:52,2026-09-22T15:48:52,2026-09-22T15:48:52
2891,中信金,2024-03-01,29.05,-0.34999999999999787,-1.19%,2.8200000000000003,12.26,42.3,50.76,59.22,67.68,76.14,84.6,ShowDailyK_ChartFlow,FinMind_API_TaiwanStockPrice_2891,True,2026-09-22T15:48:52,2026-09-22T15:48:52,2026-09-22T15:48:52
2891,中信金,2024-03-04,29.2,0.14999999999999858,0.52%,2.8200000000000003,12.32,42.3,50.76,59.22,67.68,76.14,84.6,ShowDailyK_ChartFlow,FinMind_API_TaiwanStockPrice_2891,True,2026-09-22T15:48:52,2026-09-22T15:48:52,2026-09-22T15:48:52
2891,中信金,2024-03-05,29.15,-0.05000000000000071,-0.17%,2.8200000000000003,12.3,42.3,50.76,59.22,67.68,76.14,84.6,ShowDailyK_ChartFlow,FinMind_API_TaiwanStockPrice_2891,True,2026-09-22T15:48:52,2026-09-22T15:48:52,2026-09-22T15:48:52
2891,中信金,2024-03-06,29.5,0.3500000000000014,1.20%,2.8200000000000003,12.45,42.3,50.76,59.22,67.68,76.14,84.6,ShowDailyK_ChartFlow,FinMind_API_TaiwanStockPrice_2891,True,2026-09-22T15:48:52,2026-09-22T15:48:52,2026-09-22T15:48:52
2891,中信金,2024-03-07,29.8,0.3000000000000007,1.02%,2.8200000000000003,12.57,42.3,50.76,59.22,67.68,76.14,84.6,ShowDailyK_ChartFlow,FinMind_API_TaiwanStockPrice_2891,True,2026-09-22T15:48:52,2026-09-22T15:48:52,2026-09-22T15:48:52
2891,中信金,2024-03-08,30.2,0.3999999999999986,1.34%,2.8200000000000003,12.74,42.3,50.76,59.22,67.68,76.14,84.6,ShowDailyK_ChartFlow,FinMind_API_TaiwanStockPrice_2891,True,2026-09-22T15:48:52,2026-09-22T15:48:52,2026-09-22T15:48:52
2891,中信金,2024-03-11,30.3,0.10000000000000142,0.33%,2.8200000000000003,12.78,42.3,50.76,59.22,67.68,76.14,84.6,ShowDailyK_ChartFlow,FinMind_API_TaiwanStockPrice_2891,True,2026-09-22T15:48:52,2026-09-22T15:48:52,2026-09-22T15:48:52
2891,中信金,2024-03-12,30.45,0.14999999999999858,0.50%,2.8200000000000003,12.85,42.3,50.76,59.22,67.68,76.14,84.6,ShowDailyK_ChartFlow,FinMind_API_TaiwanStockPrice_2891,True,2026-09-22T15:48:52,2026-09-22T15:48:52,2026-09-22T15:48:52
2891,中信金,2024-03-13,31.85,1.4000000000000021,4.60%,2.8200000000000003,13.44,42.3,50.76,59.22,67.68,76.14,84.6,ShowDailyK_ChartFlow,FinMind_API_TaiwanStockPrice_2891,True,2026-09-22T15:48:52,2026-09-22T15:48:52,2026-09-22T15:48:52
2891,中信金,2024-03-14,32.0,0.14999999999999858,0.47%,2.8200000000000003,13.5,42.3,50.76,59.22,67.68,76.14,84.6,ShowDailyK_ChartFlow,FinMind_API_TaiwanStockPrice_2891,True,2026-09-22T15:48:52,2026-09-22T15:48:52,2026-09-22T15:48:52
2891,中信金,2024-03-15,31.75,-0.25,-0.78%,2.8200000000000003,11.38,42.3,50.76,59.22,67.68,76.14,84.6,ShowDailyK_ChartFlow,FinMind_API_TaiwanStockPrice_2891,True,2026-09-22T15:48:52,2026-09-22T15:48:52,2026-09-22T15:48:52
2891,中信金,2024-03-18,31.5,-0.25,-0.79%,2.8200000000000003,11.29,42.3,50.76,59.22,67.68,76.14,84.6,ShowDailyK_ChartFlow,FinMind_API_TaiwanStockPrice_2891,True,2026-09-22T15:48:52,2026-09-22T15:48:52,2026-09-22T15:48:52
2891,中信金,2024-03-19,31.75,0.25,0.79%,2.8200000000000003,11.38,42.3,50.76,59.22,67.68,76.14,84.6,ShowDailyK_ChartFlow,FinMind_API_TaiwanStockPrice_2891,True,2026-09-22T15:48:52,2026-09-22T15:48:52,2026-09-22T15:48:52
2891,中信金,2024-03-20,31.25,-0.5,-1.57%,2.8200000000000003,11.2,42.3,50.76,59.22,67.68,76.14,84.6,ShowDailyK_ChartFlow,FinMind_API_TaiwanStockPrice_2891,True,2026-09-22T15:48:52,2026-09-22T15:48:52,2026-09-22T15:48:52
2891,中信金,2024-03-21,31.95,0.6999999999999993,2.24%,2.8200000000000003,11.45,42.3,50.76,59.22,67.68,76.14,84.6,ShowDailyK_ChartFlow,FinMind_API_TaiwanStockPrice_2891,True,2026-09-22T15:48:52,2026-09-22T15:48:52,2026-09-22T15:48:52
2891,中信金,2024-03-22,31.9,-0.05000000000000071,-0.16%,2.8200000000000003,11.43,42.3,50.76,59.22,67.68,76.14,84.6,ShowDailyK_ChartFlow,FinMind_API_TaiwanStockPrice_2891,True,2026-09-22T15:48:52,2026-09-22T15:48:52,2026-09-22T15:48:52
2891,中信金,2024-03-25,31.7,-0.1999999999999993,-0.63%,2.8200000000000003,11.36,42.3,50.76,59.22,67.68,76.14,84.6,ShowDailyK_ChartFlow,FinMind_API_TaiwanStockPrice_2891,True,2026-09-22T15:48:52,2026-09-22T15:48:52,2026-09-22T15:48:52
2891,中信金,2024-03-26,31.8,0.10000000000000142,0.32%,2.8200000000000003,11.4,42.3,50.76,59.22,67.68,76.14,84.6,ShowDailyK_ChartFlow,FinMind_API_TaiwanStockPrice_2891,True,2026-09-22T15:48:52,2026-09-22T15:48:52,2026-09-22T15:48:52
2891,中信金,2024-03-27,32.6,0.8000000000000007,2.52%,2.8200000000000003,11.68,42.3,50.76,59.22,67.68,76.14,84.6,ShowDailyK_ChartFlow,FinMind_API_TaiwanStockPrice_2891,True,2026-09-22T15:48:52,2026-09-22T15:48:52,2026-09-22T15:48:52
2891,中信金,2024-03-28,32.4,-0.20000000000000284,-0.61%,2.8200000000000003,11.61,42.3,50.76,59.22,67.68,76.14,84.6,ShowDailyK_ChartFlow,FinMind_API_TaiwanStockPrice_2891,True,2026-09-22T15:48:52,2026-09-22T15:48:52,2026-09-22T15:48:52
2891,中信金,2024-03-29,33.05,0.6499999999999986,2.01%,2.8200000000000003,11.85,42.3,50.76,59.22,67.68,76.14,84.6,ShowDailyK_ChartFlow,FinMind_API_TaiwanStockPrice_2891,True,2026-09-22T15:48:52,2026-09-22T15:48:52,2026-09-22T15:48:52
2891,中信金,2024-04-01,31.65,-1.3999999999999986,-4.24%,3.23,11.34,48.45,58.14,67.83,77.52,87.21,96.9,ShowDailyK_ChartFlow,FinMind_API_TaiwanStockPrice_2891,True,2026-09-22T15:48:52,2026-09-22T15:48:52,2026-09-22T15:48:52
2891,中信金,2024-04-02,31.8,0.15000000000000213,0.47%,3.23,11.4,48.45,58.14,67.83,77.52,87.21,96.9,ShowDailyK_ChartFlow,FinMind_API_TaiwanStockPrice_2891,True,2026-09-22T15:48:52,2026-09-22T15:48:52,2026-09-22T15:48:52
2891,中信金,2024-04-03,31.45,-0.3500000000000014,-1.10%,3.23,11.27,48.45,58.14,67.83,77.52,87.21,96.9,ShowDailyK_ChartFlow,FinMind_API_TaiwanStockPrice_2891,True,2026-09-22T15:48:52,2026-09-22T15:48:52,2026-09-22T15:48:52
2891,中信金,2024-04-08,32.05,0.5999999999999979,1.91%,3.23,11.49,48.45,58.14,67.83,77.52,87.21,96.9,ShowDailyK_ChartFlow,FinMind_API_TaiwanStockPrice_2891,True,2026-09-22T15:48:52,2026-09-22T15:48:52,2026-09-22T15:48:52
2891,中信金,2024-04-09,32.15,0.10000000000000142,0.31%,3.23,11.52,48.45,58.14,67.83,77.52,87.21,96.9,ShowDailyK_ChartFlow,FinMind_API_TaiwanStockPrice_2891,True,2026-09-22T15:48:52,2026-09-22T15:48:52,2026-09-22T15:48:52
2891,中信金,2024-04-10,31.85,-0.29999999999999716,-0.93%,3.23,11.42,48.45,58.14,67.83,77.52,87.21,96.9,ShowDailyK_ChartFlow,FinMind_API_TaiwanStockPrice_2891,True,2026-09-22T15:48:52,2026-09-22T15:48:52,2026-09-22T15:48:52
2891,中信金,2024-04-11,31.95,0.09999999999999787,0.31%,3.23,11.45,48.45,58.14,67.83,77.52,87.21,96.9,ShowDailyK_ChartFlow,FinMind_API_TaiwanStockPrice_2891,True,2026-09-22T15:48:52,2026-09-22T15:48:52,2026-09-22T15:48:52
2891,中信金,2024-04-12,31.75,-0.1999999999999993,-0.63%,3.23,11.38,48.45,58.14,67.83,77.52,87.21,96.9,ShowDailyK_ChartFlow,FinMind_API_TaiwanStockPrice_2891,True,2026-09-22T15:48:52,2026-09-22T15:48:52,2026-09-22T15:48:52
2891,中信金,2024-04-15,31.95,0.1999999999999993,0.63%,3.23,11.45,48.45,58.14,67.83,77.52,87.21,96.9,ShowDailyK_ChartFlow,FinMind_API_TaiwanStockPrice_2891,True,2026-09-22T15:48:52,2026-09-22T15:48:52,2026-09-22T15:48:52
2891,中信金,2024-04-16,30.95,-1.0,-3.13%,3.23,11.09,48.45,58.14,67.83,77.52,87.21,96.9,ShowDailyK_ChartFlow,FinMind_API_TaiwanStockPrice_2891,True,2026-09-22T15:48:52,2026-09-22T15:48:52,2026-09-22T15:48:52
2891,中信金,2024-04-17,31.5,0.5500000000000007,1.78%,3.23,11.29,48.45,58.14,67.83,77.52,87.21,96.9,ShowDailyK_ChartFlow,FinMind_API_TaiwanStockPrice_2891,True,2026-09-22T15:48:52,2026-09-22T15:48:52,2026-09-22T15:48:52
2891,中信金,2024-04-18,31.7,0.1999999999999993,0.63%,3.23,11.36,48.45,58.14,67.83,77.52,87.21,96.9,ShowDailyK_ChartFlow,FinMind_API_TaiwanStockPrice_2891,True,2026-09-22T15:48:52,2026-09-22T15:48:52,2026-09-22T15:48:52
2891,中信金,2024-04-19,31.0,-0.6999999999999993,-2.21%,3.23,11.11,48.45,58.14,67.83,77.52,87.21,96.9,ShowDailyK_ChartFlow,FinMind_API_TaiwanStockPrice_2891,True,2026-09-22T15:48:52,2026-09-22T15:48:52,2026-09-22T15:48:52
2891,中信金,2024-04-22,31.35,0.3500000000000014,1.13%,3.23,11.24,48.45,58.14,67.83,77.52,87.21,96.9,ShowDailyK_ChartFlow,FinMind_API_TaiwanStockPrice_2891,True,2026-09-22T15:48:52,2026-09-22T15:48:52,2026-09-22T15:48:52
2891,中信金,2024-04-23,31.55,0.1999999999999993,0.64%,3.23,11.31,48.45,58.14,67.83,77.52,87.21,96.9,ShowDailyK_ChartFlow,FinMind_API_TaiwanStockPrice_2891,True,2026-09-22T15:48:52,2026-09-22T15:48:52,2026-09-22T15:48:52
2891,中信金,2024-04-24,31.45,-0.10000000000000142,-0.32%,3.23,11.27,48.45,58.14,67.83,77.52,87.21,96.9,ShowDailyK_ChartFlow,FinMind_API_TaiwanStockPrice_2891,True,2026-09-22T15:48:52,2026-09-22T15:48:52,2026-09-22T15:48:52
2891,中信金,2024-04-25,31.0,-0.4499999999999993,-1.43%,3.23,11.11,48.45,58.14,67.83,77.52,87.21,96.9,ShowDailyK_ChartFlow,FinMind_API_TaiwanStockPrice_2891,True,2026-09-22T15:48:52,2026-09-22T15:48:52,2026-09-22T15:48:52
2891,中信金,2024-04-26,31.15,0.14999999999999858,0.48%,3.23,11.16,48.45,58.14,67.83,77.52,87.21,96.9,ShowDailyK_ChartFlow,FinMind_API_TaiwanStockPrice_2891,True,2026-09-22T15:48:52,2026-09-22T15:48:52,2026-09-22T15:48:52
2891,中信金,2024-04-29,34.25,3.1000000000000014,9.95%,3.23,12.28,48.45,58.14,67.83,77.52,87.21,96.9,ShowDailyK_ChartFlow,FinMind_API_TaiwanStockPrice_2891,True,2026-09-22T15:48:52,2026-09-22T15:48:52,2026-09-22T15:48:52
2891,中信金,2024-04-30,34.1,-0.14999999999999858,-0.44%,3.23,12.22,48.45,58.14,67.83,77.52,87.21,96.9,ShowDailyK_ChartFlow,FinMind_API_TaiwanStockPrice_2891,True,2026-09-22T15:48:52,2026-09-22T15:48:52,2026-09-22T15:48:52
2891,中信金,2024-05-02,34.1,0.0,0.00%,3.23,12.22,48.45,58.14,67.83,77.52,87.21,96.9,ShowDailyK_ChartFlow,FinMind_API_TaiwanStockPrice_2891,True,2026-09-22T15:48:52,2026-09-22T15:48:52,2026-09-22T15:48:52
2891,中信金,2024-05-03,34.75,0.6499999999999986,1.91%,3.23,12.46,48.45,58.14,67.83,77.52,87.21,96.9,ShowDailyK_ChartFlow,FinMind_API_TaiwanStockPrice_2891,True,2026-09-22T15:48:52,2026-09-22T15:48:52,2026-09-22T15:48:52
2891,中信金,2024-05-06,36.1,1.3500000000000014,3.88%,3.23,12.94,48.45,58.14,67.83,77.52,87.21,96.9,ShowDailyK_ChartFlow,FinMind_API_TaiwanStockPrice_2891,True,2026-09-22T15:48:52,2026-09-22T15:48:52,2026-09-22T15:48:52
2891,中信金,2024-05-07,36.0,-0.10000000000000142,-0.28%,3.23,12.9,48.45,58.14,67.83,77.52,87.21,96.9,ShowDailyK_ChartFlow,FinMind_API_TaiwanStockPrice_2891,True,2026-09-22T15:48:52,2026-09-22T15:48:52,2026-09-22T15:48:52
2891,中信金,2024-05-08,36.4,0.3999999999999986,1.11%,3.23,13.05,48.45,58.14,67.83,77.52,87.21,96.9,ShowDailyK_ChartFlow,FinMind_API_TaiwanStockPrice_2891,True,2026-09-22T15:48:52,2026-09-22T15:48:52,2026-09-22T15:48:52
2891,中信金,2024-05-09,36.1,-0.29999999999999716,-0.82%,3.23,12.94,48.45,58.14,67.83,77.52,87.21,96.9,ShowDailyK_ChartFlow,FinMind_API_TaiwanStockPrice_2891,True,2026-09-22T15:48:52,2026-09-22T15:48:52,2026-09-22T15:48:52
2891,中信金,2024-05-10,37.45,1.3500000000000014,3.74%,3.23,13.42,48.45,58.14,67.83,77.52,87.21,96.9,ShowDailyK_ChartFlow,FinMind_API_TaiwanStockPrice_2891,True,2026-09-22T15:48:52,2026-09-22T15:48:52,2026-09-22T15:48:52
2891,中信金,2024-05-13,36.5,-0.9500000000000028,-2.54%,3.23,13.08,48.45,58.14,67.83,77.52,87.21,96.9,ShowDailyK_ChartFlow,FinMind_API_TaiwanStockPrice_2891,True,2026-09-22T15:48:52,2026-09-22T15:48:52,2026-09-22T15:48:52
2891,中信金,2024-05-14,36.05,-0.45000000000000284,-1.23%,3.23,12.92,48.45,58.14,67.83,77.52,87.21,96.9,ShowDailyK_ChartFlow,FinMind_API_TaiwanStockPrice_2891,True,2026-09-22T15:48:52,2026-09-22T15:48:52,2026-09-22T15:48:52
2891,中信金,2024-05-15,36.9,0.8500000000000014,2.36%,3.23,13.23,48.45,58.14,67.83,77.52,87.21,96.9,ShowDailyK_ChartFlow,FinMind_API_TaiwanStockPrice_2891,True,2026-09-22T15:48:52,2026-09-22T15:48:52,2026-09-22T15:48:52
2891,中信金,2024-05-16,37.5,0.6000000000000014,1.63%,3.23,13.44,48.45,58.14,67.83,77.52,87.21,96.9,ShowDailyK_ChartFlow,FinMind_API_TaiwanStockPrice_2891,True,2026-09-22T15:48:52,2026-09-22T15:48:52,2026-09-22T15:48:52
2891,中信金,2024-05-17,38.1,0.6000000000000014,1.60%,3.23,13.66,48.45,58.14,67.83,77.52,87.21,96.9,ShowDailyK_ChartFlow,FinMind_API_TaiwanStockPrice_2891,True,2026-09-22T15:48:52,2026-09-22T15:48:52,2026-09-22T15:48:52
2891,中信金,2024-05-20,38.55,0.44999999999999574,1.18%,3.23,13.82,48.45,58.14,67.83,77.52,87.21,96.9,ShowDailyK_ChartFlow,FinMind_API_TaiwanStockPrice_2891,True,2026-09-22T15:48:52,2026-09-22T15:48:52,2026-09-22T15:48:52
2891,中信金,2024-05-21,37.75,-0.7999999999999972,-2.08%,3.23,13.53,48.45,58.14,67.83,77.52,87.21,96.9,ShowDailyK_ChartFlow,FinMind_API_TaiwanStockPrice_2891,True,2026-09-22T15:48:52,2026-09-22T15:48:52,2026-09-22T15:48:52
2891,中信金,2024-05-22,37.9,0.14999999999999858,0.40%,3.23,13.58,48.45,58.14,67.83,77.52,87.21,96.9,ShowDailyK_ChartFlow,FinMind_API_TaiwanStockPrice_2891,True,2026-09-22T15:48:52,2026-09-22T15:48:52,2026-09-22T15:48:52
2891,中信金,2024-05-23,38.0,0.10000000000000142,0.26%,3.23,13.62,48.45,58.14,67.83,77.52,87.21,96.9,ShowDailyK_ChartFlow,FinMind_API_TaiwanStockPrice_2891,True,2026-09-22T15:48:52,2026-09-22T15:48:52,2026-09-22T15:48:52
2891,中信金,2024-05-24,37.05,-0.9500000000000028,-2.50%,3.23,11.65,48.45,58.14,67.83,77.52,87.21,96.9,ShowDailyK_ChartFlow,FinMind_API_TaiwanStockPrice_2891,True,2026-09-22T15:48:52,2026-09-22T15:48:52,2026-09-22T15:48:52
2891,中信金,2024-05-27,37.55,0.5,1.35%,3.23,11.81,48.45,58.14,67.83,77.52,87.21,96.9,ShowDailyK_ChartFlow,FinMind_API_TaiwanStockPrice_2891,True,2026-09-22T15:48:52,2026-09-22T15:48:52,2026-09-22T15:48:52
2891,中信金,2024-05-28,36.75,-0.7999999999999972,-2.13%,3.23,11.56,48.45,58.14,67.83,77.52,87.21,96.9,ShowDailyK_ChartFlow,FinMind_API_TaiwanStockPrice_2891,True,2026-09-22T15:48:52,2026-09-22T15:48:52,2026-09-22T15:48:52
2891,中信金,2024-05-29,36.05,-0.7000000000000028,-1.90%,3.23,11.34,48.45,58.14,67.83,77.52,87.21,96.9,ShowDailyK_ChartFlow,FinMind_API_TaiwanStockPrice_2891,True,2026-09-22T15:48:52,2026-09-22T15:48:52,2026-09-22T15:48:52
2891,中信金,2024-05-30,35.3,-0.75,-2.08%,3.23,11.1,48.45,58.14,67.83,77.52,87.21,96.9,ShowDailyK_ChartFlow,FinMind_API_TaiwanStockPrice_2891,True,2026-09-22T15:48:52,2026-09-22T15:48:52,2026-09-22T15:48:52
2891,中信金,2024-05-31,35.4,0.10000000000000142,0.28%,3.23,11.13,48.45,58.14,67.83,77.52,87.21,96.9,ShowDailyK_ChartFlow,FinMind_API_TaiwanStockPrice_2891,True,2026-09-22T15:48:52,2026-09-22T15:48:52,2026-09-22T15:48:52
2891,中信金,2024-06-03,36.4,1.0,2.82%,3.23,11.45,48.45,58.14,67.83,77.52,87.21,96.9,ShowDailyK_ChartFlow,FinMind_API_TaiwanStockPrice_2891,True,2026-09-22T15:48:52,2026-09-22T15:48:52,2026-09-22T15:48:52
2891,中信金,2024-06-04,36.35,-0.04999999999999716,-0.14%,3.23,11.43,48.45,58.14,67.83,77.52,87.21,96.9,ShowDailyK_ChartFlow,FinMind_API_TaiwanStockPrice_2891,True,2026-09-22T15:48:52,2026-09-22T15:48:52,2026-09-22T15:48:52
2891,中信金,2024-06-05,36.3,-0.05000000000000426,-0.14%,3.23,11.42,48.45,58.14,67.83,77.52,87.21,96.9,ShowDailyK_ChartFlow,FinMind_API_TaiwanStockPrice_2891,True,2026-09-22T15:48:52,2026-09-22T15:48:52,2026-09-22T15:48:52
2891,中信金,2024-06-06,36.85,0.5500000000000043,1.52%,3.23,11.59,48.45,58.14,67.83,77.52,87.21,96.9,ShowDailyK_ChartFlow,FinMind_API_TaiwanStockPrice_2891,True,2026-09-22T15:48:52,2026-09-22T15:48:52,2026-09-22T15:48:52
2891,中信金,2024-06-07,37.2,0.3500000000000014,0.95%,3.23,11.7,48.45,58.14,67.83,77.52,87.21,96.9,ShowDailyK_ChartFlow,FinMind_API_TaiwanStockPrice_2891,True,2026-09-22T15:48:52,2026-09-22T15:48:52,2026-09-22T15:48:52
2891,中信金,2024-06-11,37.1,-0.10000000000000142,-0.27%,3.23,11.67,48.45,58.14,67.83,77.52,87.21,96.9,ShowDailyK_ChartFlow,FinMind_API_TaiwanStockPrice_2891,True,2026-09-22T15:48:52,2026-09-22T15:48:52,2026-09-22T15:48:52
2891,中信金,2024-06-12,37.25,0.14999999999999858,0.40%,3.23,11.71,48.45,58.14,67.83,77.52,87.21,96.9,ShowDailyK_ChartFlow,FinMind_API_TaiwanStockPrice_2891,True,2026-09-22T15:48:52,2026-09-22T15:48:52,2026-09-22T15:48:52
2891,中信金,2024-06-13,37.1,-0.14999999999999858,-0.40%,3.23,11.67,48.45,58.14,67.83,77.52,87.21,96.9,ShowDailyK_ChartFlow,FinMind_API_TaiwanStockPrice_2891,True,2026-09-22T15:48:52,2026-09-22T15:48:52,2026-09-22T15:48:52
2891,中信金,2024-06-14,37.3,0.19999999999999574,0.54%,3.23,11.73,48.45,58.14,67.83,77.52,87.21,96.9,ShowDailyK_ChartFlow,FinMind_API_TaiwanStockPrice_2891,True,2026-09-22T15:48:52,2026-09-22T15:48:52,2026-09-22T15:48:52
2891,中信金,2024-06-17,37.25,-0.04999999999999716,-0.13%,3.23,11.71,48.45,58.14,67.83,77.52,87.21,96.9,ShowDailyK_ChartFlow,FinMind_API_TaiwanStockPrice_2891,True,2026-09-22T15:48:52,2026-09-22T15:48:52,2026-09-22T15:48:52
2891,中信金,2024-06-18,37.9,0.6499999999999986,1.74%,3.23,11.92,48.45,58.14,67.83,77.52,87.21,96.9,ShowDailyK_ChartFlow,FinMind_API_TaiwanStockPrice_2891,True,2026-09-22T15:48:52,2026-09-22T15:48:52,2026-09-22T15:48:52
2891,中信金,2024-06-19,37.9,0.0,0.00%,3.23,11.92,48.45,58.14,67.83,77.52,87.21,96.9,ShowDailyK_ChartFlow,FinMind_API_TaiwanStockPrice_2891,True,2026-09-22T15:48:52,2026-09-22T15:48:52,2026-09-22T15:48:52
2891,中信金,2024-06-20,38.0,0.10000000000000142,0.26%,3.23,11.95,48.45,58.14,67.83,77.52,87.21,96.9,ShowDailyK_ChartFlow,FinMind_API_TaiwanStockPrice_2891,True,2026-09-22T15:48:52,2026-09-22T15:48:52,2026-09-22T15:48:52
2891,中信金,2024-06-21,37.85,-0.14999999999999858,-0.39%,3.23,11.9,48.45,58.14,67.83,77.52,87.21,96.9,ShowDailyK_ChartFlow,FinMind_API_TaiwanStockPrice_2891,True,2026-09-22T15:48:52,2026-09-22T15:48:52,2026-09-22T15:48:52
2891,中信金,2024-06-24,38.25,0.3999999999999986,1.06%,3.23,12.03,48.45,58.14,67.83,77.52,87.21,96.9,ShowDailyK_ChartFlow,FinMind_API_TaiwanStockPrice_2891,True,2026-09-22T15:48:52,2026-09-22T15:48:52,2026-09-22T15:48:52
2891,中信金,2024-06-25,38.0,-0.25,-0.65%,3.23,11.95,48.45,58.14,67.83,77.52,87.21,96.9,ShowDailyK_ChartFlow,FinMind_API_TaiwanStockPrice_2891,True,2026-09-22T15:48:52,2026-09-22T15:48:52,2026-09-22T15:48:52
2891,中信金,2024-06-26,37.65,-0.3500000000000014,-0.92%,3.23,11.84,48.45,58.14,67.83,77.52,87.21,96.9,ShowDailyK_ChartFlow,FinMind_API_TaiwanStockPrice_2891,True,2026-09-22T15:48:52,2026-09-22T15:48:52,2026-09-22T15:48:52
2891,中信金,2024-06-27,37.7,0.05000000000000426,0.13%,3.23,11.86,48.45,58.14,67.83,77.52,87.21,96.9,ShowDailyK_ChartFlow,FinMind_API_TaiwanStockPrice_2891,True,2026-09-22T15:48:52,2026-09-22T15:48:52,2026-09-22T15:48:52
2891,中信金,2024-06-28,37.85,0.14999999999999858,0.40%,3.23,11.9,48.45,58.14,67.83,77.52,87.21,96.9,ShowDailyK_ChartFlow,FinMind_API_TaiwanStockPrice_2891,True,2026-09-22T15:48:52,2026-09-22T15:48:52,2026-09-22T15:48:52
2891,中信金,2024-07-01,38.2,0.3500000000000014,0.92%,3.1900000000000004,12.01,47.85,57.42,66.99,76.56,86.13,95.7,ShowDailyK_ChartFlow,FinMind_API_TaiwanStockPrice_2891,True,2026-09-22T15:48:52,2026-09-22T15:48:52,2026-09-22T15:48:52
2891,中信金,2024-07-02,38.5,0.29999999999999716,0.79%,3.1900000000000004,12.11,47.85,57.42,66.99,76.56,86.13,95.7,ShowDailyK_ChartFlow,FinMind_API_TaiwanStockPrice_2891,True,2026-09-22T15:48:52,2026-09-22T15:48:52,2026-09-22T15:48:52
2891,中信金,2024-07-03,39.2,0.7000000000000028,1.82%,3.1900000000000004,12.33,47.85,57.42,66.99,76.56,86.13,95.7,ShowDailyK_ChartFlow,FinMind_API_TaiwanStockPrice_2891,True,2026-09-22T15:48:52,2026-09-22T15:48:52,2026-09-22T15:48:52
2891,中信金,2024-07-04,39.75,0.5499999999999972,1.40%,3.1900000000000004,12.5,47.85,57.42,66.99,76.56,86.13,95.7,ShowDailyK_ChartFlow,FinMind_API_TaiwanStockPrice_2891,True,2026-09-22T15:48:52,2026-09-22T15:48:52,2026-09-22T15:48:52
2891,中信金,2024-07-05,40.05,0.29999999999999716,0.75%,3.1900000000000004,12.59,47.85,57.42,66.99,76.56,86.13,95.7,ShowDailyK_ChartFlow,FinMind_API_TaiwanStockPrice_2891,True,2026-09-22T15:48:52,2026-09-22T15:48:52,2026-09-22T15:48:52
2891,中信金,2024-07-08,40.1,0.05000000000000426,0.12%,3.1900000000000004,12.61,47.85,57.42,66.99,76.56,86.13,95.7,ShowDailyK_ChartFlow,FinMind_API_TaiwanStockPrice_2891,True,2026-09-22T15:48:52,2026-09-22T15:48:52,2026-09-22T15:48:52
2891,中信金,2024-07-09,39.95,-0.14999999999999858,-0.37%,3.1900000000000004,12.56,47.85,57.42,66.99,76.56,86.13,95.7,ShowDailyK_ChartFlow,FinMind_API_TaiwanStockPrice_2891,True,2026-09-22T15:48:52,2026-09-22T15:48:52,2026-09-22T15:48:52
2891,中信金,2024-07-10,40.85,0.8999999999999986,2.25%,3.1900000000000004,12.85,47.85,57.42,66.99,76.56,86.13,95.7,ShowDailyK_ChartFlow,FinMind_API_TaiwanStockPrice_2891,True,2026-09-22T15:48:52,2026-09-22T15:48:52,2026-09-22T15:48:52
2891,中信金,2024-07-11,40.25,-0.6000000000000014,-1.47%,3.1900000000000004,12.66,47.85,57.42,66.99,76.56,86.13,95.7,ShowDailyK_ChartFlow,FinMind_API_TaiwanStockPrice_2891,True,2026-09-22T15:48:52,2026-09-22T15:48:52,2026-09-22T15:48:52
2891,中信金,2024-07-12,40.2,-0.04999999999999716,-0.12%,3.1900000000000004,12.64,47.85,57.42,66.99,76.56,86.13,95.7,ShowDailyK_ChartFlow,FinMind_API_TaiwanStockPrice_2891,True,2026-09-22T15:48:52,2026-09-22T15:48:52,2026-09-22T15:48:52
2891,中信金,2024-07-15,37.65,-2.5500000000000043,-6.34%,3.1900000000000004,11.84,47.85,57.42,66.99,76.56,86.13,95.7,ShowDailyK_ChartFlow,FinMind_API_TaiwanStockPrice_2891,True,2026-09-22T15:48:52,2026-09-22T15:48:52,2026-09-22T15:48:52
2891,中信金,2024-07-16,37.35,-0.29999999999999716,-0.80%,3.1900000000000004,11.75,47.85,57.42,66.99,76.56,86.13,95.7,ShowDailyK_ChartFlow,FinMind_API_TaiwanStockPrice_2891,True,2026-09-22T15:48:52,2026-09-22T15:48:52,2026-09-22T15:48:52
2891,中信金,2024-07-17,37.0,-0.3500000000000014,-0.94%,3.1900000000000004,11.64,47.85,57.42,66.99,76.56,86.13,95.7,ShowDailyK_ChartFlow,FinMind_API_TaiwanStockPrice_2891,True,2026-09-22T15:48:52,2026-09-22T15:48:52,2026-09-22T15:48:52
2891,中信金,2024-07-18,37.0,0.0,0.00%,3.1900000000000004,11.64,47.85,57.42,66.99,76.56,86.13,95.7,ShowDailyK_ChartFlow,FinMind_API_TaiwanStockPrice_2891,True,2026-09-22T15:48:52,2026-09-22T15:48:52,2026-09-22T15:48:52
2891,中信金,2024-07-19,35.95,-1.0499999999999972,-2.84%,3.1900000000000004,11.31,47.85,57.42,66.99,76.56,86.13,95.7,ShowDailyK_ChartFlow,FinMind_API_TaiwanStockPrice_2891,True,2026-09-22T15:48:52,2026-09-22T15:48:52,2026-09-22T15:48:52
2891,中信金,2024-07-22,35.5,-0.45000000000000284,-1.25%,3.1900000000000004,11.16,47.85,57.42,66.99,76.56,86.13,95.7,ShowDailyK_ChartFlow,FinMind_API_TaiwanStockPrice_2891,True,2026-09-22T15:48:52,2026-09-22T15:48:52,2026-09-22T15:48:52
2891,中信金,2024-07-23,35.85,0.3500000000000014,0.99%,3.1900000000000004,11.27,47.85,57.42,66.99,76.56,86.13,95.7,ShowDailyK_ChartFlow,FinMind_API_TaiwanStockPrice_2891,True,2026-09-22T15:48:52,2026-09-22T15:48:52,2026-09-22T15:48:52
2891,中信金,2024-07-26,35.6,-0.25,-0.70%,3.1900000000000004,11.19,47.85,57.42,66.99,76.56,86.13,95.7,ShowDailyK_ChartFlow,FinMind_API_TaiwanStockPrice_2891,True,2026-09-22T15:48:52,2026-09-22T15:48:52,2026-09-22T15:48:52
2891,中信金,2024-07-29,36.0,0.3999999999999986,1.12%,3.1900000000000004,11.32,47.85,57.42,66.99,76.56,86.13,95.7,ShowDailyK_ChartFlow,FinMind_API_TaiwanStockPrice_2891,True,2026-09-22T15:48:52,2026-09-22T15:48:52,2026-09-22T15:48:52
2891,中信金,2024-07-30,35.3,-0.7000000000000028,-1.94%,3.1900000000000004,11.1,47.85,57.42,66.99,76.56,86.13,95.7,ShowDailyK_ChartFlow,FinMind_API_TaiwanStockPrice_2891,True,2026-09-22T15:48:52,2026-09-22T15:48:52,2026-09-22T15:48:52
2891,中信金,2024-07-31,35.5,0.20000000000000284,0.57%,3.1900000000000004,11.16,47.85,57.42,66.99,76.56,86.13,95.7,ShowDailyK_ChartFlow,FinMind_API_TaiwanStockPrice_2891,True,2026-09-22T15:48:52,2026-09-22T15:48:52,2026-09-22T15:48:52
2891,中信金,2024-08-01,35.9,0.3999999999999986,1.13%,3.1900000000000004,11.29,47.85,57.42,66.99,76.56,86.13,95.7,ShowDailyK_ChartFlow,FinMind_API_TaiwanStockPrice_2891,True,2026-09-22T15:48:52,2026-09-22T15:48:52,2026-09-22T15:48:52
2891,中信金,2024-08-02,35.05,-0.8500000000000014,-2.37%,3.1900000000000004,11.02,47.85,57.42,66.99,76.56,86.13,95.7,ShowDailyK_ChartFlow,FinMind_API_TaiwanStockPrice_2891,True,2026-09-22T15:48:52,2026-09-22T15:48:52,2026-09-22T15:48:52
2891,中信金,2024-08-05,32.25,-2.799999999999997,-7.99%,3.1900000000000004,10.14,47.85,57.42,66.99,76.56,86.13,95.7,ShowDailyK_ChartFlow,FinMind_API_TaiwanStockPrice_2891,True,2026-09-22T15:48:52,2026-09-22T15:48:52,2026-09-22T15:48:52
2891,中信金,2024-08-06,32.9,0.6499999999999986,2.02%,3.1900000000000004,10.35,47.85,57.42,66.99,76.56,86.13,95.7,ShowDailyK_ChartFlow,FinMind_API_TaiwanStockPrice_2891,True,2026-09-22T15:48:52,2026-09-22T15:48:52,2026-09-22T15:48:52
2891,中信金,2024-08-07,33.9,1.0,3.04%,3.1900000000000004,10.66,47.85,57.42,66.99,76.56,86.13,95.7,ShowDailyK_ChartFlow,FinMind_API_TaiwanStockPrice_2891,True,2026-09-22T15:48:52,2026-09-22T15:48:52,2026-09-22T15:48:52
2891,中信金,2024-08-08,33.75,-0.14999999999999858,-0.44%,3.1900000000000004,10.61,47.85,57.42,66.99,76.56,86.13,95.7,ShowDailyK_ChartFlow,FinMind_API_TaiwanStockPrice_2891,True,2026-09-22T15:48:52,2026-09-22T15:48:52,2026-09-22T15:48:52
2891,中信金,2024-08-09,34.7,0.9500000000000028,2.81%,3.1900000000000004,10.91,47.85,57.42,66.99,76.56,86.13,95.7,ShowDailyK_ChartFlow,FinMind_API_TaiwanStockPrice_2891,True,2026-09-22T15:48:52,2026-09-22T15:48:52,2026-09-22T15:48:52
2891,中信金,2024-08-12,34.5,-0.20000000000000284,-0.58%,3.1900000000000004,10.85,47.85,57.42,66.99,76.56,86.13,95.7,ShowDailyK_ChartFlow,FinMind_API_TaiwanStockPrice_2891,True,2026-09-22T15:48:52,2026-09-22T15:48:52,2026-09-22T15:48:52
2891,中信金,2024-08-13,34.5,0.0,0.00%,3.1900000000000004,10.85,47.85,57.42,66.99,76.56,86.13,95.7,ShowDailyK_ChartFlow,FinMind_API_TaiwanStockPrice_2891,True,2026-09-22T15:48:52,2026-09-22T15:48:52,2026-09-22T15:48:52
2891,中信金,2024-08-14,34.75,0.25,0.72%,3.1900000000000004,10.93,47.85,57.42,66.99,76.56,86.13,95.7,ShowDailyK_ChartFlow,FinMind_API_TaiwanStockPrice_2891,True,2026-09-22T15:48:52,2026-09-22T15:48:52,2026-09-22T15:48:52
2891,中信金,2024-08-15,34.5,-0.25,-0.72%,3.1900000000000004,10.85,47.85,57.42,66.99,76.56,86.13,95.7,ShowDailyK_ChartFlow,FinMind_API_TaiwanStockPrice_2891,True,2026-09-22T15:48:52,2026-09-22T15:48:52,2026-09-22T15:48:52
2891,中信金,2024-08-16,34.9,0.3999999999999986,1.16%,3.1900000000000004,10.97,47.85,57.42,66.99,76.56,86.13,95.7,ShowDailyK_ChartFlow,FinMind_API_TaiwanStockPrice_2891,True,2026-09-22T15:48:52,2026-09-22T15:48:52,2026-09-22T15:48:52
2891,中信金,2024-08-19,35.0,0.10000000000000142,0.29%,3.1900000000000004,11.01,47.85,57.42,66.99,76.56,86.13,95.7,ShowDailyK_ChartFlow,FinMind_API_TaiwanStockPrice_2891,True,2026-09-22T15:48:52,2026-09-22T15:48:52,2026-09-22T15:48:52
2891,中信金,2024-08-20,35.0,0.0,0.00%,3.1900000000000004,11.01,47.85,57.42,66.99,76.56,86.13,95.7,ShowDailyK_ChartFlow,FinMind_API_TaiwanStockPrice_2891,True,2026-09-22T15:48:52,2026-09-22T15:48:52,2026-09-22T15:48:52
2891,中信金,2024-08-21,33.7,-1.2999999999999972,-3.71%,3.1900000000000004,10.6,47.85,57.42,66.99,76.56,86.13,95.7,ShowDailyK_ChartFlow,FinMind_API_TaiwanStockPrice_2891,True,2026-09-22T15:48:52,2026-09-22T15:48:52,2026-09-22T15:48:52
2891,中信金,2024-08-22,33.45,-0.25,-0.74%,3.1900000000000004,10.52,47.85,57.42,66.99,76.56,86.13,95.7,ShowDailyK_ChartFlow,FinMind_API_TaiwanStockPrice_2891,True,2026-09-22T15:48:52,2026-09-22T15:48:52,2026-09-22T15:48:52
2891,中信金,2024-08-23,33.1,-0.3500000000000014,-1.05%,3.1900000000000004,10.34,47.85,57.42,66.99,76.56,86.13,95.7,ShowDailyK_ChartFlow,FinMind_API_TaiwanStockPrice_2891,True,2026-09-22T15:48:52,2026-09-22T15:48:52,2026-09-22T15:48:52
2891,中信金,2024-08-26,33.15,0.04999999999999716,0.15%,3.1900000000000004,10.36,47.85,57.42,66.99,76.56,86.13,95.7,ShowDailyK_ChartFlow,FinMind_API_TaiwanStockPrice_2891,True,2026-09-22T15:48:52,2026-09-22T15:48:52,2026-09-22T15:48:52
2891,中信金,2024-08-27,32.85,-0.29999999999999716,-0.90%,3.1900000000000004,10.27,47.85,57.42,66.99,76.56,86.13,95.7,ShowDailyK_ChartFlow,FinMind_API_TaiwanStockPrice_2891,True,2026-09-22T15:48:52,2026-09-22T15:48:52,2026-09-22T15:48:52
2891,中信金,2024-08-28,33.1,0.25,0.76%,3.1900000000000004,10.34,47.85,57.42,66.99,76.56,86.13,95.7,ShowDailyK_ChartFlow,FinMind_API_TaiwanStockPrice_2891,True,2026-09-22T15:48:52,2026-09-22T15:48:52,2026-09-22T15:48:52
2891,中信金,2024-08-29,32.6,-0.5,-1.51%,3.1900000000000004,10.19,47.85,57.42,66.99,76.56,86.13,95.7,ShowDailyK_ChartFlow,FinMind_API_TaiwanStockPrice_2891,True,2026-09-22T15:48:52,2026-09-22T15:48:52,2026-09-22T15:48:52
2891,中信金,2024-08-30,32.65,0.04999999999999716,0.15%,3.1900000000000004,10.2,47.85,57.42,66.99,76.56,86.13,95.7,ShowDailyK_ChartFlow,FinMind_API_TaiwanStockPrice_2891,True,2026-09-22T15:48:52,2026-09-22T15:48:52,2026-09-22T15:48:52
2891,中信金,2024-09-02,33.1,0.45000000000000284,1.38%,3.1900000000000004,10.34,47.85,57.42,66.99,76.56,86.13,95.7,ShowDailyK_ChartFlow,FinMind_API_TaiwanStockPrice_2891,True,2026-09-22T15:48:52,2026-09-22T15:48:52,2026-09-22T15:48:52
2891,中信金,2024-09-03,32.95,-0.14999999999999858,-0.45%,3.1900000000000004,10.3,47.85,57.42,66.99,76.56,86.13,95.7,ShowDailyK_ChartFlow,FinMind_API_TaiwanStockPrice_2891,True,2026-09-22T15:48:52,2026-09-22T15:48:52,2026-09-22T15:48:52
2891,中信金,2024-09-04,32.05,-0.9000000000000057,-2.73%,3.1900000000000004,10.02,47.85,57.42,66.99,76.56,86.13,95.7,ShowDailyK_ChartFlow,FinMind_API_TaiwanStockPrice_2891,True,2026-09-22T15:48:52,2026-09-22T15:48:52,2026-09-22T15:48:52
2891,中信金,2024-09-05,32.3,0.25,0.78%,3.1900000000000004,10.09,47.85,57.42,66.99,76.56,86.13,95.7,ShowDailyK_ChartFlow,FinMind_API_TaiwanStockPrice_2891,True,2026-09-22T15:48:52,2026-09-22T15:48:52,2026-09-22T15:48:52
2891,中信金,2024-09-06,32.9,0.6000000000000014,1.86%,3.1900000000000004,10.28,47.85,57.42,66.99,76.56,86.13,95.7,ShowDailyK_ChartFlow,FinMind_API_TaiwanStockPrice_2891,True,2026-09-22T15:48:52,2026-09-22T15:48:52,2026-09-22T15:48:52
2891,中信金,2024-09-09,32.7,-0.19999999999999574,-0.61%,3.1900000000000004,10.22,47.85,57.42,66.99,76.56,86.13,95.7,ShowDailyK_ChartFlow,FinMind_API_TaiwanStockPrice_2891,True,2026-09-22T15:48:52,2026-09-22T15:48:52,2026-09-22T15:48:52
2891,中信金,2024-09-10,32.7,0.0,0.00%,3.1900000000000004,10.22,47.85,57.42,66.99,76.56,86.13,95.7,ShowDailyK_ChartFlow,FinMind_API_TaiwanStockPrice_2891,True,2026-09-22T15:48:52,2026-09-22T15:48:52,2026-09-22T15:48:52
2891,中信金,2024-09-11,32.3,-0.4000000000000057,-1.22%,3.1900000000000004,10.09,47.85,57.42,66.99,76.56,86.13,95.7,ShowDailyK_ChartFlow,FinMind_API_TaiwanStockPrice_2891,True,2026-09-22T15:48:52,2026-09-22T15:48:52,2026-09-22T15:48:52
2891,中信金,2024-09-12,32.15,-0.14999999999999858,-0.46%,3.1900000000000004,10.05,47.85,57.42,66.99,76.56,86.13,95.7,ShowDailyK_ChartFlow,FinMind_API_TaiwanStockPrice_2891,True,2026-09-22T15:48:52,2026-09-22T15:48:52,2026-09-22T15:48:52
2891,中信金,2024-09-13,32.55,0.3999999999999986,1.24%,3.1900000000000004,10.17,47.85,57.42,66.99,76.56,86.13,95.7,ShowDailyK_ChartFlow,FinMind_API_TaiwanStockPrice_2891,True,2026-09-22T15:48:52,2026-09-22T15:48:52,2026-09-22T15:48:52
2891,中信金,2024-09-16,32.7,0.15000000000000568,0.46%,3.1900000000000004,10.22,47.85,57.42,66.99,76.56,86.13,95.7,ShowDailyK_ChartFlow,FinMind_API_TaiwanStockPrice_2891,True,2026-09-22T15:48:52,2026-09-22T15:48:52,2026-09-22T15:48:52
2891,中信金,2024-09-18,33.6,0.8999999999999986,2.75%,3.1900000000000004,10.5,47.85,57.42,66.99,76.56,86.13,95.7,ShowDailyK_ChartFlow,FinMind_API_TaiwanStockPrice_2891,True,2026-09-22T15:48:52,2026-09-22T15:48:52,2026-09-22T15:48:52
2891,中信金,2024-09-19,33.5,-0.10000000000000142,-0.30%,3.1900000000000004,10.47,47.85,57.42,66.99,76.56,86.13,95.7,ShowDailyK_ChartFlow,FinMind_API_TaiwanStockPrice_2891,True,2026-09-22T15:48:52,2026-09-22T15:48:52,2026-09-22T15:48:52
2891,中信金,2024-09-20,34.0,0.5,1.49%,3.1900000000000004,10.63,47.85,57.42,66.99,76.56,86.13,95.7,ShowDailyK_ChartFlow,FinMind_API_TaiwanStockPrice_2891,True,2026-09-22T15:48:52,2026-09-22T15:48:52,2026-09-22T15:48:52
2891,中信金,2024-09-23,35.35,1.3500000000000014,3.97%,3.1900000000000004,11.05,47.85,57.42,66.99,76.56,86.13,95.7,ShowDailyK_ChartFlow,FinMind_API_TaiwanStockPrice_2891,True,2026-09-22T15:48:52,2026-09-22T15:48:52,2026-09-22T15:48:52
2891,中信金,2024-09-24,35.0,-0.3500000000000014,-0.99%,3.1900000000000004,10.94,47.85,57.42,66.99,76.56,86.13,95.7,ShowDailyK_ChartFlow,FinMind_API_TaiwanStockPrice_2891,True,2026-09-22T15:48:52,2026-09-22T15:48:52,2026-09-22T15:48:52
2891,中信金,2024-09-25,34.95,-0.04999999999999716,-0.14%,3.1900000000000004,10.92,47.85,57.42,66.99,76.56,86.13,95.7,ShowDailyK_ChartFlow,FinMind_API_TaiwanStockPrice_2891,True,2026-09-22T15:48:52,2026-09-22T15:48:52,2026-09-22T15:48:52
2891,中信金,2024-09-26,35.0,0.04999999999999716,0.14%,3.1900000000000004,10.94,47.85,57.42,66.99,76.56,86.13,95.7,ShowDailyK_ChartFlow,FinMind_API_TaiwanStockPrice_2891,True,2026-09-22T15:48:52,2026-09-22T15:48:52,2026-09-22T15:48:52
2891,中信金,2024-09-27,34.6,-0.3999999999999986,-1.14%,3.1900000000000004,10.81,47.85,57.42,66.99,76.56,86.13,95.7,ShowDailyK_ChartFlow,FinMind_API_TaiwanStockPrice_2891,True,2026-09-22T15:48:52,2026-09-22T15:48:52,2026-09-22T15:48:52
2891,中信金,2024-09-30,34.4,-0.20000000000000284,-0.58%,3.33,10.75,49.95,59.94,69.93,79.92,89.91,99.9,ShowDailyK_ChartFlow,FinMind_API_TaiwanStockPrice_2891,True,2026-09-22T15:48:52,2026-09-22T15:48:52,2026-09-22T15:48:52
2891,中信金,2024-10-01,34.7,0.30000000000000426,0.87%,3.33,10.84,49.95,59.94,69.93,79.92,89.91,99.9,ShowDailyK_ChartFlow,FinMind_API_TaiwanStockPrice_2891,True,2026-09-22T15:48:52,2026-09-22T15:48:52,2026-09-22T15:48:52
2891,中信金,2024-10-04,34.25,-0.45000000000000284,-1.30%,3.33,10.7,49.95,59.94,69.93,79.92,89.91,99.9,ShowDailyK_ChartFlow,FinMind_API_TaiwanStockPrice_2891,True,2026-09-22T15:48:52,2026-09-22T15:48:52,2026-09-22T15:48:52
2891,中信金,2024-10-07,34.9,0.6499999999999986,1.90%,3.33,10.91,49.95,59.94,69.93,79.92,89.91,99.9,ShowDailyK_ChartFlow,FinMind_API_TaiwanStockPrice_2891,True,2026-09-22T15:48:52,2026-09-22T15:48:52,2026-09-22T15:48:52
2891,中信金,2024-10-08,35.2,0.30000000000000426,0.86%,3.33,11.0,49.95,59.94,69.93,79.92,89.91,99.9,ShowDailyK_ChartFlow,FinMind_API_TaiwanStockPrice_2891,True,2026-09-22T15:48:52,2026-09-22T15:48:52,2026-09-22T15:48:52
2891,中信金,2024-10-09,34.9,-0.30000000000000426,-0.85%,3.33,10.91,49.95,59.94,69.93,79.92,89.91,99.9,ShowDailyK_ChartFlow,FinMind_API_TaiwanStockPrice_2891,True,2026-09-22T15:48:52,2026-09-22T15:48:52,2026-09-22T15:48:52
2891,中信金,2024-10-11,35.15,0.25,0.72%,3.33,10.98,49.95,59.94,69.93,79.92,89.91,99.9,ShowDailyK_ChartFlow,FinMind_API_TaiwanStockPrice_2891,True,2026-09-22T15:48:52,2026-09-22T15:48:52,2026-09-22T15:48:52
2891,中信金,2024-10-14,35.6,0.45000000000000284,1.28%,3.33,11.13,49.95,59.94,69.93,79.92,89.91,99.9,ShowDailyK_ChartFlow,FinMind_API_TaiwanStockPrice_2891,True,2026-09-22T15:48:52,2026-09-22T15:48:52,2026-09-22T15:48:52
2891,中信金,2024-10-15,36.35,0.75,2.11%,3.33,11.36,49.95,59.94,69.93,79.92,89.91,99.9,ShowDailyK_ChartFlow,FinMind_API_TaiwanStockPrice_2891,True,2026-09-22T15:48:52,2026-09-22T15:48:52,2026-09-22T15:48:52
2891,中信金,2024-10-16,36.3,-0.05000000000000426,-0.14%,3.33,11.34,49.95,59.94,69.93,79.92,89.91,99.9,ShowDailyK_ChartFlow,FinMind_API_TaiwanStockPrice_2891,True,2026-09-22T15:48:52,2026-09-22T15:48:52,2026-09-22T15:48:52
2891,中信金,2024-10-17,36.5,0.20000000000000284,0.55%,3.33,11.41,49.95,59.94,69.93,79.92,89.91,99.9,ShowDailyK_ChartFlow,FinMind_API_TaiwanStockPrice_2891,True,2026-09-22T15:48:52,2026-09-22T15:48:52,2026-09-22T15:48:52
2891,中信金,2024-10-18,36.9,0.3999999999999986,1.10%,3.33,11.53,49.95,59.94,69.93,79.92,89.91,99.9,ShowDailyK_ChartFlow,FinMind_API_TaiwanStockPrice_2891,True,2026-09-22T15:48:52,2026-09-22T15:48:52,2026-09-22T15:48:52
2891,中信金,2024-10-21,36.1,-0.7999999999999972,-2.17%,3.33,11.28,49.95,59.94,69.93,79.92,89.91,99.9,ShowDailyK_ChartFlow,FinMind_API_TaiwanStockPrice_2891,True,2026-09-22T15:48:52,2026-09-22T15:48:52,2026-09-22T15:48:52
2891,中信金,2024-10-22,36.6,0.5,1.39%,3.33,11.44,49.95,59.94,69.93,79.92,89.91,99.9,ShowDailyK_ChartFlow,FinMind_API_TaiwanStockPrice_2891,True,2026-09-22T15:48:52,2026-09-22T15:48:52,2026-09-22T15:48:52
2891,中信金,2024-10-23,36.15,-0.45000000000000284,-1.23%,3.33,11.3,49.95,59.94,69.93,79.92,89.91,99.9,ShowDailyK_ChartFlow,FinMind_API_TaiwanStockPrice_2891,True,2026-09-22T15:48:52,2026-09-22T15:48:52,2026-09-22T15:48:52
2891,中信金,2024-10-24,35.9,-0.25,-0.69%,3.33,11.22,49.95,59.94,69.93,79.92,89.91,99.9,ShowDailyK_ChartFlow,FinMind_API_TaiwanStockPrice_2891,True,2026-09-22T15:48:52,2026-09-22T15:48:52,2026-09-22T15:48:52
2891,中信金,2024-10-25,36.1,0.20000000000000284,0.56%,3.33,11.28,49.95,59.94,69.93,79.92,89.91,99.9,ShowDailyK_ChartFlow,FinMind_API_TaiwanStockPrice_2891,True,2026-09-22T15:48:52,2026-09-22T15:48:52,2026-09-22T15:48:52
2891,中信金,2024-10-28,35.9,-0.20000000000000284,-0.55%,3.33,11.22,49.95,59.94,69.93,79.92,89.91,99.9,ShowDailyK_ChartFlow,FinMind_API_TaiwanStockPrice_2891,True,2026-09-22T15:48:52,2026-09-22T15:48:52,2026-09-22T15:48:52
2891,中信金,2024-10-29,35.85,-0.04999999999999716,-0.14%,3.33,11.2,49.95,59.94,69.93,79.92,89.91,99.9,ShowDailyK_ChartFlow,FinMind_API_TaiwanStockPrice_2891,True,2026-09-22T15:48:52,2026-09-22T15:48:52,2026-09-22T15:48:52
2891,中信金,2024-10-30,35.9,0.04999999999999716,0.14%,3.33,11.22,49.95,59.94,69.93,79.92,89.91,99.9,ShowDailyK_ChartFlow,FinMind_API_TaiwanStockPrice_2891,True,2026-09-22T15:48:52,2026-09-22T15:48:52,2026-09-22T15:48:52
2891,中信金,2024-11-01,35.7,-0.19999999999999574,-0.56%,3.33,11.16,49.95,59.94,69.93,79.92,89.91,99.9,ShowDailyK_ChartFlow,FinMind_API_TaiwanStockPrice_2891,True,2026-09-22T15:48:52,2026-09-22T15:48:52,2026-09-22T15:48:52
2891,中信金,2024-11-04,36.45,0.75,2.10%,3.33,11.39,49.95,59.94,69.93,79.92,89.91,99.9,ShowDailyK_ChartFlow,FinMind_API_TaiwanStockPrice_2891,True,2026-09-22T15:48:52,2026-09-22T15:48:52,2026-09-22T15:48:52
2891,中信金,2024-11-05,36.65,0.19999999999999574,0.55%,3.33,11.45,49.95,59.94,69.93,79.92,89.91,99.9,ShowDailyK_ChartFlow,FinMind_API_TaiwanStockPrice_2891,True,2026-09-22T15:48:52,2026-09-22T15:48:52,2026-09-22T15:48:52
2891,中信金,2024-11-06,36.7,0.05000000000000426,0.14%,3.33,11.47,49.95,59.94,69.93,79.92,89.91,99.9,ShowDailyK_ChartFlow,FinMind_API_TaiwanStockPrice_2891,True,2026-09-22T15:48:52,2026-09-22T15:48:52,2026-09-22T15:48:52
2891,中信金,2024-11-07,36.9,0.19999999999999574,0.54%,3.33,11.53,49.95,59.94,69.93,79.92,89.91,99.9,ShowDailyK_ChartFlow,FinMind_API_TaiwanStockPrice_2891,True,2026-09-22T15:48:52,2026-09-22T15:48:52,2026-09-22T15:48:52
2891,中信金,2024-11-08,36.9,0.0,0.00%,3.33,11.53,49.95,59.94,69.93,79.92,89.91,99.9,ShowDailyK_ChartFlow,FinMind_API_TaiwanStockPrice_2891,True,2026-09-22T15:48:52,2026-09-22T15:48:52,2026-09-22T15:48:52
2891,中信金,2024-11-11,37.2,0.30000000000000426,0.81%,3.33,11.63,49.95,59.94,69.93,79.92,89.91,99.9,ShowDailyK_ChartFlow,FinMind_API_TaiwanStockPrice_2891,True,2026-09-22T15:48:52,2026-09-22T15:48:52,2026-09-22T15:48:52
2891,中信金,2024-11-12,37.0,-0.20000000000000284,-0.54%,3.33,11.56,49.95,59.94,69.93,79.92,89.91,99.9,ShowDailyK_ChartFlow,FinMind_API_TaiwanStockPrice_2891,True,2026-09-22T15:48:52,2026-09-22T15:48:52,2026-09-22T15:48:52
2891,中信金,2024-11-13,36.55,-0.45000000000000284,-1.22%,3.33,11.42,49.95,59.94,69.93,79.92,89.91,99.9,ShowDailyK_ChartFlow,FinMind_API_TaiwanStockPrice_2891,True,2026-09-22T15:48:52,2026-09-22T15:48:52,2026-09-22T15:48:52
2891,中信金,2024-11-14,36.65,0.10000000000000142,0.27%,3.33,11.45,49.95,59.94,69.93,79.92,89.91,99.9,ShowDailyK_ChartFlow,FinMind_API_TaiwanStockPrice_2891,True,2026-09-22T15:48:52,2026-09-22T15:48:52,2026-09-22T15:48:52
2891,中信金,2024-11-15,36.8,0.14999999999999858,0.41%,3.33,11.5,49.95,59.94,69.93,79.92,89.91,99.9,ShowDailyK_ChartFlow,FinMind_API_TaiwanStockPrice_2891,True,2026-09-22T15:48:52,2026-09-22T15:48:52,2026-09-22T15:48:52
2891,中信金,2024-11-18,36.8,0.0,0.00%,3.33,11.5,49.95,59.94,69.93,79.92,89.91,99.9,ShowDailyK_ChartFlow,FinMind_API_TaiwanStockPrice_2891,True,2026-09-22T15:48:52,2026-09-22T15:48:52,2026-09-22T15:48:52
2891,中信金,2024-11-19,36.85,0.05000000000000426,0.14%,3.33,11.52,49.95,59.94,69.93,79.92,89.91,99.9,ShowDailyK_ChartFlow,FinMind_API_TaiwanStockPrice_2891,True,2026-09-22T15:48:52,2026-09-22T15:48:52,2026-09-22T15:48:52
2891,中信金,2024-11-20,38.05,1.1999999999999957,3.26%,3.33,11.89,49.95,59.94,69.93,79.92,89.91,99.9,ShowDailyK_ChartFlow,FinMind_API_TaiwanStockPrice_2891,True,2026-09-22T15:48:52,2026-09-22T15:48:52,2026-09-22T15:48:52
2891,中信金,2024-11-21,38.05,0.0,0.00%,3.33,11.89,49.95,59.94,69.93,79.92,89.91,99.9,ShowDailyK_ChartFlow,FinMind_API_TaiwanStockPrice_2891,True,2026-09-22T15:48:52,2026-09-22T15:48:52,2026-09-22T15:48:52
2891,中信金,2024-11-22,37.75,-0.29999999999999716,-0.79%,3.33,11.47,49.95,59.94,69.93,79.92,89.91,99.9,ShowDailyK_ChartFlow,FinMind_API_TaiwanStockPrice_2891,True,2026-09-22T15:48:52,2026-09-22T15:48:52,2026-09-22T15:48:52
2891,中信金,2024-11-25,37.35,-0.3999999999999986,-1.06%,3.33,11.35,49.95,59.94,69.93,79.92,89.91,99.9,ShowDailyK_ChartFlow,FinMind_API_TaiwanStockPrice_2891,True,2026-09-22T15:48:52,2026-09-22T15:48:52,2026-09-22T15:48:52
2891,中信金,2024-11-26,38.0,0.6499999999999986,1.74%,3.33,11.55,49.95,59.94,69.93,79.92,89.91,99.9,ShowDailyK_ChartFlow,FinMind_API_TaiwanStockPrice_2891,True,2026-09-22T15:48:52,2026-09-22T15:48:52,2026-09-22T15:48:52
2891,中信金,2024-11-27,37.7,-0.29999999999999716,-0.79%,3.33,11.46,49.95,59.94,69.93,79.92,89.91,99.9,ShowDailyK_ChartFlow,FinMind_API_TaiwanStockPrice_2891,True,2026-09-22T15:48:52,2026-09-22T15:48:52,2026-09-22T15:48:52
2891,中信金,2024-11-28,37.75,0.04999999999999716,0.13%,3.33,11.47,49.95,59.94,69.93,79.92,89.91,99.9,ShowDailyK_ChartFlow,FinMind_API_TaiwanStockPrice_2891,True,2026-09-22T15:48:52,2026-09-22T15:48:52,2026-09-22T15:48:52
2891,中信金,2024-11-29,37.4,-0.3500000000000014,-0.93%,3.33,11.37,49.95,59.94,69.93,79.92,89.91,99.9,ShowDailyK_ChartFlow,FinMind_API_TaiwanStockPrice_2891,True,2026-09-22T15:48:52,2026-09-22T15:48:52,2026-09-22T15:48:52
2891,中信金,2024-12-02,38.6,1.2000000000000028,3.21%,3.33,11.73,49.95,59.94,69.93,79.92,89.91,99.9,ShowDailyK_ChartFlow,FinMind_API_TaiwanStockPrice_2891,True,2026-09-22T15:48:52,2026-09-22T15:48:52,2026-09-22T15:48:52
2891,中信金,2024-12-03,39.0,0.3999999999999986,1.04%,3.33,11.85,49.95,59.94,69.93,79.92,89.91,99.9,ShowDailyK_ChartFlow,FinMind_API_TaiwanStockPrice_2891,True,2026-09-22T15:48:52,2026-09-22T15:48:52,2026-09-22T15:48:52
2891,中信金,2024-12-04,38.8,-0.20000000000000284,-0.51%,3.33,11.79,49.95,59.94,69.93,79.92,89.91,99.9,ShowDailyK_ChartFlow,FinMind_API_TaiwanStockPrice_2891,True,2026-09-22T15:48:52,2026-09-22T15:48:52,2026-09-22T15:48:52
2891,中信金,2024-12-05,39.05,0.25,0.64%,3.33,11.87,49.95,59.94,69.93,79.92,89.91,99.9,ShowDailyK_ChartFlow,FinMind_API_TaiwanStockPrice_2891,True,2026-09-22T15:48:52,2026-09-22T15:48:52,2026-09-22T15:48:52
2891,中信金,2024-12-06,39.1,0.05000000000000426,0.13%,3.33,11.88,49.95,59.94,69.93,79.92,89.91,99.9,ShowDailyK_ChartFlow,FinMind_API_TaiwanStockPrice_2891,True,2026-09-22T15:48:52,2026-09-22T15:48:52,2026-09-22T15:48:52
2891,中信金,2024-12-09,39.05,-0.05000000000000426,-0.13%,3.33,11.87,49.95,59.94,69.93,79.92,89.91,99.9,ShowDailyK_ChartFlow,FinMind_API_TaiwanStockPrice_2891,True,2026-09-22T15:48:52,2026-09-22T15:48:52,2026-09-22T15:48:52
2891,中信金,2024-12-10,39.1,0.05000000000000426,0.13%,3.33,11.88,49.95,59.94,69.93,79.92,89.91,99.9,ShowDailyK_ChartFlow,FinMind_API_TaiwanStockPrice_2891,True,2026-09-22T15:48:52,2026-09-22T15:48:52,2026-09-22T15:48:52
2891,中信金,2024-12-11,39.1,0.0,0.00%,3.33,11.88,49.95,59.94,69.93,79.92,89.91,99.9,ShowDailyK_ChartFlow,FinMind_API_TaiwanStockPrice_2891,True,2026-09-22T15:48:52,2026-09-22T15:48:52,2026-09-22T15:48:52
2891,中信金,2024-12-12,39.6,0.5,1.28%,3.33,12.04,49.95,59.94,69.93,79.92,89.91,99.9,ShowDailyK_ChartFlow,FinMind_API_TaiwanStockPrice_2891,True,2026-09-22T15:48:52,2026-09-22T15:48:52,2026-09-22T15:48:52
2891,中信金,2024-12-13,39.6,0.0,0.00%,3.33,12.04,49.95,59.94,69.93,79.92,89.91,99.9,ShowDailyK_ChartFlow,FinMind_API_TaiwanStockPrice_2891,True,2026-09-22T15:48:52,2026-09-22T15:48:52,2026-09-22T15:48:52
2891,中信金,2024-12-16,39.9,0.29999999999999716,0.76%,3.33,12.13,49.95,59.94,69.93,79.92,89.91,99.9,ShowDailyK_ChartFlow,FinMind_API_TaiwanStockPrice_2891,True,2026-09-22T15:48:52,2026-09-22T15:48:52,2026-09-22T15:48:52
2891,中信金,2024-12-17,39.9,0.0,0.00%,3.33,12.13,49.95,59.94,69.93,79.92,89.91,99.9,ShowDailyK_ChartFlow,FinMind_API_TaiwanStockPrice_2891,True,2026-09-22T15:48:52,2026-09-22T15:48:52,2026-09-22T15:48:52
2891,中信金,2024-12-18,39.7,-0.19999999999999574,-0.50%,3.33,12.07,49.95,59.94,69.93,79.92,89.91,99.9,ShowDailyK_ChartFlow,FinMind_API_TaiwanStockPrice_2891,True,2026-09-22T15:48:52,2026-09-22T15:48:52,2026-09-22T15:48:52
2891,中信金,2024-12-19,39.4,-0.30000000000000426,-0.76%,3.33,11.98,49.95,59.94,69.93,79.92,89.91,99.9,ShowDailyK_ChartFlow,FinMind_API_TaiwanStockPrice_2891,True,2026-09-22T15:48:52,2026-09-22T15:48:52,2026-09-22T15:48:52
2891,中信金,2024-12-20,38.5,-0.8999999999999986,-2.28%,3.33,11.7,49.95,59.94,69.93,79.92,89.91,99.9,ShowDailyK_ChartFlow,FinMind_API_TaiwanStockPrice_2891,True,2026-09-22T15:48:52,2026-09-22T15:48:52,2026-09-22T15:48:52
2891,中信金,2024-12-23,39.3,0.7999999999999972,2.08%,3.33,11.95,49.95,59.94,69.93,79.92,89.91,99.9,ShowDailyK_ChartFlow,FinMind_API_TaiwanStockPrice_2891,True,2026-09-22T15:48:52,2026-09-22T15:48:52,2026-09-22T15:48:52
2891,中信金,2024-12-24,39.35,0.05000000000000426,0.13%,3.33,11.96,49.95,59.94,69.93,79.92,89.91,99.9,ShowDailyK_ChartFlow,FinMind_API_TaiwanStockPrice_2891,True,2026-09-22T15:48:52,2026-09-22T15:48:52,2026-09-22T15:48:52
2891,中信金,2024-12-25,39.25,-0.10000000000000142,-0.25%,3.33,11.93,49.95,59.94,69.93,79.92,89.91,99.9,ShowDailyK_ChartFlow,FinMind_API_TaiwanStockPrice_2891,True,2026-09-22T15:48:52,2026-09-22T15:48:52,2026-09-22T15:48:52
2891,中信金,2024-12-26,39.45,0.20000000000000284,0.51%,3.33,11.99,49.95,59.94,69.93,79.92,89.91,99.9,ShowDailyK_ChartFlow,FinMind_API_TaiwanStockPrice_2891,True,2026-09-22T15:48:52,2026-09-22T15:48:52,2026-09-22T15:48:52
2891,中信金,2024-12-27,39.45,0.0,0.00%,3.33,11.99,49.95,59.94,69.93,79.92,89.91,99.9,ShowDailyK_ChartFlow,FinMind_API_TaiwanStockPrice_2891,True,2026-09-22T15:48:52,2026-09-22T15:48:52,2026-09-22T15:48:52
2891,中信金,2024-12-30,39.45,0.0,0.00%,3.33,11.99,49.95,59.94,69.93,79.92,89.91,99.9,ShowDailyK_ChartFlow,FinMind_API_TaiwanStockPrice_2891,True,2026-09-22T15:48:52,2026-09-22T15:48:52,2026-09-22T15:48:52
2891,中信金,2024-12-31,39.1,-0.3500000000000014,-0.89%,3.6399999999999997,11.88,54.6,65.52,76.44,87.36,98.28,109.2,ShowDailyK_ChartFlow,FinMind_API_TaiwanStockPrice_2891,True,2026-09-22T15:48:52,2026-09-22T15:48:52,2026-09-22T15:48:52
2891,中信金,2025-01-02,38.7,-0.3999999999999986,-1.02%,3.6399999999999997,11.76,54.6,65.52,76.44,87.36,98.28,109.2,ShowDailyK_ChartFlow,FinMind_API_TaiwanStockPrice_2891,True,2026-09-22T15:48:52,2026-09-22T15:48:52,2026-09-22T15:48:52
2891,中信金,2025-01-03,39.0,0.29999999999999716,0.78%,3.6399999999999997,11.85,54.6,65.52,76.44,87.36,98.28,109.2,ShowDailyK_ChartFlow,FinMind_API_TaiwanStockPrice_2891,True,2026-09-22T15:48:52,2026-09-22T15:48:52,2026-09-22T15:48:52
2891,中信金,2025-01-06,39.4,0.3999999999999986,1.03%,3.6399999999999997,11.98,54.6,65.52,76.44,87.36,98.28,109.2,ShowDailyK_ChartFlow,FinMind_API_TaiwanStockPrice_2891,True,2026-09-22T15:48:52,2026-09-22T15:48:52,2026-09-22T15:48:52
2891,中信金,2025-01-07,39.2,-0.19999999999999574,-0.51%,3.6399999999999997,11.91,54.6,65.52,76.44,87.36,98.28,109.2,ShowDailyK_ChartFlow,FinMind_API_TaiwanStockPrice_2891,True,2026-09-22T15:48:52,2026-09-22T15:48:52,2026-09-22T15:48:52
2891,中信金,2025-01-08,39.1,-0.10000000000000142,-0.26%,3.6399999999999997,11.88,54.6,65.52,76.44,87.36,98.28,109.2,ShowDailyK_ChartFlow,FinMind_API_TaiwanStockPrice_2891,True,2026-09-22T15:48:52,2026-09-22T15:48:52,2026-09-22T15:48:52
2891,中信金,2025-01-09,38.95,-0.14999999999999858,-0.38%,3.6399999999999997,11.84,54.6,65.52,76.44,87.36,98.28,109.2,ShowDailyK_ChartFlow,FinMind_API_TaiwanStockPrice_2891,True,2026-09-22T15:48:52,2026-09-22T15:48:52,2026-09-22T15:48:52
2891,中信金,2025-01-10,38.55,-0.4000000000000057,-1.03%,3.6399999999999997,11.72,54.6,65.52,76.44,87.36,98.28,109.2,ShowDailyK_ChartFlow,FinMind_API_TaiwanStockPrice_2891,True,2026-09-22T15:48:52,2026-09-22T15:48:52,2026-09-22T15:48:52
2891,中信金,2025-01-13,38.3,-0.25,-0.65%,3.6399999999999997,11.64,54.6,65.52,76.44,87.36,98.28,109.2,ShowDailyK_ChartFlow,FinMind_API_TaiwanStockPrice_2891,True,2026-09-22T15:48:52,2026-09-22T15:48:52,2026-09-22T15:48:52
2891,中信金,2025-01-14,38.85,0.5500000000000043,1.44%,3.6399999999999997,11.81,54.6,65.52,76.44,87.36,98.28,109.2,ShowDailyK_ChartFlow,FinMind_API_TaiwanStockPrice_2891,True,2026-09-22T15:48:52,2026-09-22T15:48:52,2026-09-22T15:48:52
2891,中信金,2025-01-15,38.75,-0.10000000000000142,-0.26%,3.6399999999999997,11.78,54.6,65.52,76.44,87.36,98.28,109.2,ShowDailyK_ChartFlow,FinMind_API_TaiwanStockPrice_2891,True,2026-09-22T15:48:52,2026-09-22T15:48:52,2026-09-22T15:48:52
2891,中信金,2025-01-16,39.1,0.3500000000000014,0.90%,3.6399999999999997,11.88,54.6,65.52,76.44,87.36,98.28,109.2,ShowDailyK_ChartFlow,FinMind_API_TaiwanStockPrice_2891,True,2026-09-22T15:48:52,2026-09-22T15:48:52,2026-09-22T15:48:52
2891,中信金,2025-01-17,39.05,-0.05000000000000426,-0.13%,3.6399999999999997,11.87,54.6,65.52,76.44,87.36,98.28,109.2,ShowDailyK_ChartFlow,FinMind_API_TaiwanStockPrice_2891,True,2026-09-22T15:48:52,2026-09-22T15:48:52,2026-09-22T15:48:52
2891,中信金,2025-01-20,38.7,-0.3499999999999943,-0.90%,3.6399999999999997,11.76,54.6,65.52,76.44,87.36,98.28,109.2,ShowDailyK_ChartFlow,FinMind_API_TaiwanStockPrice_2891,True,2026-09-22T15:48:52,2026-09-22T15:48:52,2026-09-22T15:48:52
2891,中信金,2025-01-21,39.0,0.29999999999999716,0.78%,3.6399999999999997,11.85,54.6,65.52,76.44,87.36,98.28,109.2,ShowDailyK_ChartFlow,FinMind_API_TaiwanStockPrice_2891,True,2026-09-22T15:48:52,2026-09-22T15:48:52,2026-09-22T15:48:52
2891,中信金,2025-01-22,39.1,0.10000000000000142,0.26%,3.6399999999999997,11.88,54.6,65.52,76.44,87.36,98.28,109.2,ShowDailyK_ChartFlow,FinMind_API_TaiwanStockPrice_2891,True,2026-09-22T15:48:52,2026-09-22T15:48:52,2026-09-22T15:48:52
2891,中信金,2025-02-03,39.0,-0.10000000000000142,-0.26%,3.6399999999999997,11.85,54.6,65.52,76.44,87.36,98.28,109.2,ShowDailyK_ChartFlow,FinMind_API_TaiwanStockPrice_2891,True,2026-09-22T15:48:52,2026-09-22T15:48:52,2026-09-22T15:48:52
2891,中信金,2025-02-04,38.85,-0.14999999999999858,-0.38%,3.6399999999999997,11.81,54.6,65.52,76.44,87.36,98.28,109.2,ShowDailyK_ChartFlow,FinMind_API_TaiwanStockPrice_2891,True,2026-09-22T15:48:52,2026-09-22T15:48:52,2026-09-22T15:48:52
2891,中信金,2025-02-05,39.4,0.5499999999999972,1.42%,3.6399999999999997,11.98,54.6,65.52,76.44,87.36,98.28,109.2,ShowDailyK_ChartFlow,FinMind_API_TaiwanStockPrice_2891,True,2026-09-22T15:48:52,2026-09-22T15:48:52,2026-09-22T15:48:52
2891,中信金,2025-02-06,39.6,0.20000000000000284,0.51%,3.6399999999999997,12.04,54.6,65.52,76.44,87.36,98.28,109.2,ShowDailyK_ChartFlow,FinMind_API_TaiwanStockPrice_2891,True,2026-09-22T15:48:52,2026-09-22T15:48:52,2026-09-22T15:48:52
2891,中信金,2025-02-07,39.75,0.14999999999999858,0.38%,3.6399999999999997,12.08,54.6,65.52,76.44,87.36,98.28,109.2,ShowDailyK_ChartFlow,FinMind_API_TaiwanStockPrice_2891,True,2026-09-22T15:48:52,2026-09-22T15:48:52,2026-09-22T15:48:52
2891,中信金,2025-02-10,40.15,0.3999999999999986,1.01%,3.6399999999999997,12.2,54.6,65.52,76.44,87.36,98.28,109.2,ShowDailyK_ChartFlow,FinMind_API_TaiwanStockPrice_2891,True,2026-09-22T15:48:52,2026-09-22T15:48:52,2026-09-22T15:48:52
2891,中信金,2025-02-11,40.05,-0.10000000000000142,-0.25%,3.6399999999999997,12.17,54.6,65.52,76.44,87.36,98.28,109.2,ShowDailyK_ChartFlow,FinMind_API_TaiwanStockPrice_2891,True,2026-09-22T15:48:52,2026-09-22T15:48:52,2026-09-22T15:48:52
2891,中信金,2025-02-12,40.25,0.20000000000000284,0.50%,3.6399999999999997,12.23,54.6,65.52,76.44,87.36,98.28,109.2,ShowDailyK_ChartFlow,FinMind_API_TaiwanStockPrice_2891,True,2026-09-22T15:48:52,2026-09-22T15:48:52,2026-09-22T15:48:52
2891,中信金,2025-02-13,40.5,0.25,0.62%,3.6399999999999997,12.31,54.6,65.52,76.44,87.36,98.28,109.2,ShowDailyK_ChartFlow,FinMind_API_TaiwanStockPrice_2891,True,2026-09-22T15:48:52,2026-09-22T15:48:52,2026-09-22T15:48:52
2891,中信金,2025-02-14,39.95,-0.5499999999999972,-1.36%,3.6399999999999997,12.14,54.6,65.52,76.44,87.36,98.28,109.2,ShowDailyK_ChartFlow,FinMind_API_TaiwanStockPrice_2891,True,2026-09-22T15:48:52,2026-09-22T15:48:52,2026-09-22T15:48:52
2891,中信金,2025-02-17,40.65,0.6999999999999957,1.75%,3.6399999999999997,12.36,54.6,65.52,76.44,87.36,98.28,109.2,ShowDailyK_ChartFlow,FinMind_API_TaiwanStockPrice_2891,True,2026-09-22T15:48:52,2026-09-22T15:48:52,2026-09-22T15:48:52
2891,中信金,2025-02-18,40.35,-0.29999999999999716,-0.74%,3.6399999999999997,12.26,54.6,65.52,76.44,87.36,98.28,109.2,ShowDailyK_ChartFlow,FinMind_API_TaiwanStockPrice_2891,True,2026-09-22T15:48:52,2026-09-22T15:48:52,2026-09-22T15:48:52
2891,中信金,2025-02-19,40.0,-0.3500000000000014,-0.87%,3.6399999999999997,12.16,54.6,65.52,76.44,87.36,98.28,109.2,ShowDailyK_ChartFlow,FinMind_API_TaiwanStockPrice_2891,True,2026-09-22T15:48:52,2026-09-22T15:48:52,2026-09-22T15:48:52
2891,中信金,2025-02-20,40.2,0.20000000000000284,0.50%,3.6399999999999997,12.22,54.6,65.52,76.44,87.36,98.28,109.2,ShowDailyK_ChartFlow,FinMind_API_TaiwanStockPrice_2891,True,2026-09-22T15:48:52,2026-09-22T15:48:52,2026-09-22T15:48:52
2891,中信金,2025-02-21,40.3,0.09999999999999432,0.25%,3.6399999999999997,12.25,54.6,65.52,76.44,87.36,98.28,109.2,ShowDailyK_ChartFlow,FinMind_API_TaiwanStockPrice_2891,True,2026-09-22T15:48:52,2026-09-22T15:48:52,2026-09-22T15:48:52
2891,中信金,2025-02-24,40.4,0.10000000000000142,0.25%,3.6399999999999997,12.28,54.6,65.52,76.44,87.36,98.28,109.2,ShowDailyK_ChartFlow,FinMind_API_TaiwanStockPrice_2891,True,2026-09-22T15:48:52,2026-09-22T15:48:52,2026-09-22T15:48:52
2891,中信金,2025-02-25,40.65,0.25,0.62%,3.6399999999999997,12.36,54.6,65.52,76.44,87.36,98.28,109.2,ShowDailyK_ChartFlow,FinMind_API_TaiwanStockPrice_2891,True,2026-09-22T15:48:52,2026-09-22T15:48:52,2026-09-22T15:48:52
2891,中信金,2025-02-26,41.05,0.3999999999999986,0.98%,3.6399999999999997,12.48,54.6,65.52,76.44,87.36,98.28,109.2,ShowDailyK_ChartFlow,FinMind_API_TaiwanStockPrice_2891,True,2026-09-22T15:48:52,2026-09-22T15:48:52,2026-09-22T15:48:52
2891,中信金,2025-02-27,40.75,-0.29999999999999716,-0.73%,3.6399999999999997,12.39,54.6,65.52,76.44,87.36,98.28,109.2,ShowDailyK_ChartFlow,FinMind_API_TaiwanStockPrice_2891,True,2026-09-22T15:48:52,2026-09-22T15:48:52,2026-09-22T15:48:52
2891,中信金,2025-03-03,41.05,0.29999999999999716,0.74%,3.6399999999999997,12.48,54.6,65.52,76.44,87.36,98.28,109.2,ShowDailyK_ChartFlow,FinMind_API_TaiwanStockPrice_2891,True,2026-09-22T15:48:52,2026-09-22T15:48:52,2026-09-22T15:48:52
2891,中信金,2025-03-04,41.0,-0.04999999999999716,-0.12%,3.6399999999999997,12.46,54.6,65.52,76.44,87.36,98.28,109.2,ShowDailyK_ChartFlow,FinMind_API_TaiwanStockPrice_2891,True,2026-09-22T15:48:52,2026-09-22T15:48:52,2026-09-22T15:48:52
2891,中信金,2025-03-05,40.4,-0.6000000000000014,-1.46%,3.6399999999999997,12.28,54.6,65.52,76.44,87.36,98.28,109.2,ShowDailyK_ChartFlow,FinMind_API_TaiwanStockPrice_2891,True,2026-09-22T15:48:52,2026-09-22T15:48:52,2026-09-22T15:48:52
2891,中信金,2025-03-06,40.75,0.3500000000000014,0.87%,3.6399999999999997,12.39,54.6,65.52,76.44,87.36,98.28,109.2,ShowDailyK_ChartFlow,FinMind_API_TaiwanStockPrice_2891,True,2026-09-22T15:48:52,2026-09-22T15:48:52,2026-09-22T15:48:52
2891,中信金,2025-03-07,40.05,-0.7000000000000028,-1.72%,3.6399999999999997,12.17,54.6,65.52,76.44,87.36,98.28,109.2,ShowDailyK_ChartFlow,FinMind_API_TaiwanStockPrice_2891,True,2026-09-22T15:48:52,2026-09-22T15:48:52,2026-09-22T15:48:52
2891,中信金,2025-03-10,40.0,-0.04999999999999716,-0.12%,3.6399999999999997,12.16,54.6,65.52,76.44,87.36,98.28,109.2,ShowDailyK_ChartFlow,FinMind_API_TaiwanStockPrice_2891,True,2026-09-22T15:48:52,2026-09-22T15:48:52,2026-09-22T15:48:52
2891,中信金,2025-03-11,39.65,-0.3500000000000014,-0.88%,3.6399999999999997,12.05,54.6,65.52,76.44,87.36,98.28,109.2,ShowDailyK_ChartFlow,FinMind_API_TaiwanStockPrice_2891,True,2026-09-22T15:48:52,2026-09-22T15:48:52,2026-09-22T15:48:52
2891,中信金,2025-03-12,40.3,0.6499999999999986,1.64%,3.6399999999999997,12.25,54.6,65.52,76.44,87.36,98.28,109.2,ShowDailyK_ChartFlow,FinMind_API_TaiwanStockPrice_2891,True,2026-09-22T15:48:52,2026-09-22T15:48:52,2026-09-22T15:48:52
2891,中信金,2025-03-13,40.0,-0.29999999999999716,-0.74%,3.6399999999999997,12.16,54.6,65.52,76.44,87.36,98.28,109.2,ShowDailyK_ChartFlow,FinMind_API_TaiwanStockPrice_2891,True,2026-09-22T15:48:52,2026-09-22T15:48:52,2026-09-22T15:48:52
2891,中信金,2025-03-14,39.75,-0.25,-0.62%,3.6399999999999997,11.1,54.6,65.52,76.44,87.36,98.28,109.2,ShowDailyK_ChartFlow,FinMind_API_TaiwanStockPrice_2891,True,2026-09-22T15:48:52,2026-09-22T15:48:52,2026-09-22T15:48:52
2891,中信金,2025-03-17,40.1,0.3500000000000014,0.88%,3.6399999999999997,11.2,54.6,65.52,76.44,87.36,98.28,109.2,ShowDailyK_ChartFlow,FinMind_API_TaiwanStockPrice_2891,True,2026-09-22T15:48:52,2026-09-22T15:48:52,2026-09-22T15:48:52
2891,中信金,2025-03-18,40.3,0.19999999999999574,0.50%,3.6399999999999997,11.26,54.6,65.52,76.44,87.36,98.28,109.2,ShowDailyK_ChartFlow,FinMind_API_TaiwanStockPrice_2891,True,2026-09-22T15:48:52,2026-09-22T15:48:52,2026-09-22T15:48:52
2891,中信金,2025-03-19,40.25,-0.04999999999999716,-0.12%,3.6399999999999997,11.24,54.6,65.52,76.44,87.36,98.28,109.2,ShowDailyK_ChartFlow,FinMind_API_TaiwanStockPrice_2891,True,2026-09-22T15:48:52,2026-09-22T15:48:52,2026-09-22T15:48:52
2891,中信金,2025-03-20,39.95,-0.29999999999999716,-0.75%,3.6399999999999997,11.16,54.6,65.52,76.44,87.36,98.28,109.2,ShowDailyK_ChartFlow,FinMind_API_TaiwanStockPrice_2891,True,2026-09-22T15:48:52,2026-09-22T15:48:52,2026-09-22T15:48:52
2891,中信金,2025-03-21,39.95,0.0,0.00%,3.6399999999999997,11.16,54.6,65.52,76.44,87.36,98.28,109.2,ShowDailyK_ChartFlow,FinMind_API_TaiwanStockPrice_2891,True,2026-09-22T15:48:52,2026-09-22T15:48:52,2026-09-22T15:48:52
2891,中信金,2025-03-24,40.35,0.3999999999999986,1.00%,3.6399999999999997,11.27,54.6,65.52,76.44,87.36,98.28,109.2,ShowDailyK_ChartFlow,FinMind_API_TaiwanStockPrice_2891,True,2026-09-22T15:48:52,2026-09-22T15:48:52,2026-09-22T15:48:52
2891,中信金,2025-03-25,40.25,-0.10000000000000142,-0.25%,3.6399999999999997,11.24,54.6,65.52,76.44,87.36,98.28,109.2,ShowDailyK_ChartFlow,FinMind_API_TaiwanStockPrice_2891,True,2026-09-22T15:48:52,2026-09-22T15:48:52,2026-09-22T15:48:52
2891,中信金,2025-03-26,40.45,0.20000000000000284,0.50%,3.6399999999999997,11.3,54.6,65.52,76.44,87.36,98.28,109.2,ShowDailyK_ChartFlow,FinMind_API_TaiwanStockPrice_2891,True,2026-09-22T15:48:52,2026-09-22T15:48:52,2026-09-22T15:48:52
2891,中信金,2025-03-27,40.4,-0.05000000000000426,-0.12%,3.6399999999999997,11.28,54.6,65.52,76.44,87.36,98.28,109.2,ShowDailyK_ChartFlow,FinMind_API_TaiwanStockPrice_2891,True,2026-09-22T15:48:52,2026-09-22T15:48:52,2026-09-22T15:48:52
2891,中信金,2025-03-28,40.45,0.05000000000000426,0.12%,3.6399999999999997,11.3,54.6,65.52,76.44,87.36,98.28,109.2,ShowDailyK_ChartFlow,FinMind_API_TaiwanStockPrice_2891,True,2026-09-22T15:48:52,2026-09-22T15:48:52,2026-09-22T15:48:52
2891,中信金,2025-03-31,39.45,-1.0,-2.47%,3.59,11.02,53.85,64.62,75.39,86.16,96.93,107.7,ShowDailyK_ChartFlow,FinMind_API_TaiwanStockPrice_2891,True,2026-09-22T15:48:52,2026-09-22T15:48:52,2026-09-22T15:48:52
2891,中信金,2025-04-01,39.9,0.44999999999999574,1.14%,3.59,11.15,53.85,64.62,75.39,86.16,96.93,107.7,ShowDailyK_ChartFlow,FinMind_API_TaiwanStockPrice_2891,True,2026-09-22T15:48:52,2026-09-22T15:48:52,2026-09-22T15:48:52
2891,中信金,2025-04-02,40.4,0.5,1.25%,3.59,11.28,53.85,64.62,75.39,86.16,96.93,107.7,ShowDailyK_ChartFlow,FinMind_API_TaiwanStockPrice_2891,True,2026-09-22T15:48:52,2026-09-22T15:48:52,2026-09-22T15:48:52
2891,中信金,2025-04-07,36.4,-4.0,-9.90%,3.59,10.17,53.85,64.62,75.39,86.16,96.93,107.7,ShowDailyK_ChartFlow,FinMind_API_TaiwanStockPrice_2891,True,2026-09-22T15:48:52,2026-09-22T15:48:52,2026-09-22T15:48:52
2891,中信金,2025-04-08,35.85,-0.5499999999999972,-1.51%,3.59,10.01,53.85,64.62,75.39,86.16,96.93,107.7,ShowDailyK_ChartFlow,FinMind_API_TaiwanStockPrice_2891,True,2026-09-22T15:48:52,2026-09-22T15:48:52,2026-09-22T15:48:52
2891,中信金,2025-04-09,34.0,-1.8500000000000014,-5.16%,3.59,9.5,53.85,64.62,75.39,86.16,96.93,107.7,ShowDailyK_ChartFlow,FinMind_API_TaiwanStockPrice_2891,True,2026-09-22T15:48:52,2026-09-22T15:48:52,2026-09-22T15:48:52
2891,中信金,2025-04-10,37.4,3.3999999999999986,10.00%,3.59,10.45,53.85,64.62,75.39,86.16,96.93,107.7,ShowDailyK_ChartFlow,FinMind_API_TaiwanStockPrice_2891,True,2026-09-22T15:48:52,2026-09-22T15:48:52,2026-09-22T15:48:52
2891,中信金,2025-04-11,37.25,-0.14999999999999858,-0.40%,3.59,10.41,53.85,64.62,75.39,86.16,96.93,107.7,ShowDailyK_ChartFlow,FinMind_API_TaiwanStockPrice_2891,True,2026-09-22T15:48:52,2026-09-22T15:48:52,2026-09-22T15:48:52
2891,中信金,2025-04-14,37.05,-0.20000000000000284,-0.54%,3.59,10.35,53.85,64.62,75.39,86.16,96.93,107.7,ShowDailyK_ChartFlow,FinMind_API_TaiwanStockPrice_2891,True,2026-09-22T15:48:52,2026-09-22T15:48:52,2026-09-22T15:48:52
2891,中信金,2025-04-15,37.75,0.7000000000000028,1.89%,3.59,10.54,53.85,64.62,75.39,86.16,96.93,107.7,ShowDailyK_ChartFlow,FinMind_API_TaiwanStockPrice_2891,True,2026-09-22T15:48:52,2026-09-22T15:48:52,2026-09-22T15:48:52
2891,中信金,2025-04-16,37.75,0.0,0.00%,3.59,10.54,53.85,64.62,75.39,86.16,96.93,107.7,ShowDailyK_ChartFlow,FinMind_API_TaiwanStockPrice_2891,True,2026-09-22T15:48:52,2026-09-22T15:48:52,2026-09-22T15:48:52
2891,中信金,2025-04-17,37.2,-0.5499999999999972,-1.46%,3.59,10.39,53.85,64.62,75.39,86.16,96.93,107.7,ShowDailyK_ChartFlow,FinMind_API_TaiwanStockPrice_2891,True,2026-09-22T15:48:52,2026-09-22T15:48:52,2026-09-22T15:48:52
2891,中信金,2025-04-18,36.75,-0.45000000000000284,-1.21%,3.59,10.27,53.85,64.62,75.39,86.16,96.93,107.7,ShowDailyK_ChartFlow,FinMind_API_TaiwanStockPrice_2891,True,2026-09-22T15:48:52,2026-09-22T15:48:52,2026-09-22T15:48:52
2891,中信金,2025-04-21,36.3,-0.45000000000000284,-1.22%,3.59,10.14,53.85,64.62,75.39,86.16,96.93,107.7,ShowDailyK_ChartFlow,FinMind_API_TaiwanStockPrice_2891,True,2026-09-22T15:48:52,2026-09-22T15:48:52,2026-09-22T15:48:52
2891,中信金,2025-04-22,35.7,-0.5999999999999943,-1.65%,3.59,9.97,53.85,64.62,75.39,86.16,96.93,107.7,ShowDailyK_ChartFlow,FinMind_API_TaiwanStockPrice_2891,True,2026-09-22T15:48:52,2026-09-22T15:48:52,2026-09-22T15:48:52
2891,中信金,2025-04-23,36.25,0.5499999999999972,1.54%,3.59,10.13,53.85,64.62,75.39,86.16,96.93,107.7,ShowDailyK_ChartFlow,FinMind_API_TaiwanStockPrice_2891,True,2026-09-22T15:48:52,2026-09-22T15:48:52,2026-09-22T15:48:52
2891,中信金,2025-04-24,36.35,0.10000000000000142,0.28%,3.59,10.15,53.85,64.62,75.39,86.16,96.93,107.7,ShowDailyK_ChartFlow,FinMind_API_TaiwanStockPrice_2891,True,2026-09-22T15:48:52,2026-09-22T15:48:52,2026-09-22T15:48:52
2891,中信金,2025-04-25,36.95,0.6000000000000014,1.65%,3.59,10.32,53.85,64.62,75.39,86.16,96.93,107.7,ShowDailyK_ChartFlow,FinMind_API_TaiwanStockPrice_2891,True,2026-09-22T15:48:52,2026-09-22T15:48:52,2026-09-22T15:48:52
2891,中信金,2025-04-28,38.0,1.0499999999999972,2.84%,3.59,10.61,53.85,64.62,75.39,86.16,96.93,107.7,ShowDailyK_ChartFlow,FinMind_API_TaiwanStockPrice_2891,True,2026-09-22T15:48:52,2026-09-22T15:48:52,2026-09-22T15:48:52
2891,中信金,2025-04-29,39.0,1.0,2.63%,3.59,10.89,53.85,64.62,75.39,86.16,96.93,107.7,ShowDailyK_ChartFlow,FinMind_API_TaiwanStockPrice_2891,True,2026-09-22T15:48:52,2026-09-22T15:48:52,2026-09-22T15:48:52
2891,中信金,2025-04-30,39.3,0.29999999999999716,0.77%,3.59,10.98,53.85,64.62,75.39,86.16,96.93,107.7,ShowDailyK_ChartFlow,FinMind_API_TaiwanStockPrice_2891,True,2026-09-22T15:48:52,2026-09-22T15:48:52,2026-09-22T15:48:52
2891,中信金,2025-05-02,40.25,0.9500000000000028,2.42%,3.59,11.24,53.85,64.62,75.39,86.16,96.93,107.7,ShowDailyK_ChartFlow,FinMind_API_TaiwanStockPrice_2891,True,2026-09-22T15:48:52,2026-09-22T15:48:52,2026-09-22T15:48:52
2891,中信金,2025-05-05,39.3,-0.9500000000000028,-2.36%,3.59,10.98,53.85,64.62,75.39,86.16,96.93,107.7,ShowDailyK_ChartFlow,FinMind_API_TaiwanStockPrice_2891,True,2026-09-22T15:48:52,2026-09-22T15:48:52,2026-09-22T15:48:52
2891,中信金,2025-05-06,40.0,0.7000000000000028,1.78%,3.59,11.17,53.85,64.62,75.39,86.16,96.93,107.7,ShowDailyK_ChartFlow,FinMind_API_TaiwanStockPrice_2891,True,2026-09-22T15:48:52,2026-09-22T15:48:52,2026-09-22T15:48:52
2891,中信金,2025-05-07,39.6,-0.3999999999999986,-1.00%,3.59,11.06,53.85,64.62,75.39,86.16,96.93,107.7,ShowDailyK_ChartFlow,FinMind_API_TaiwanStockPrice_2891,True,2026-09-22T15:48:52,2026-09-22T15:48:52,2026-09-22T15:48:52
2891,中信金,2025-05-08,39.7,0.10000000000000142,0.25%,3.59,11.09,53.85,64.62,75.39,86.16,96.93,107.7,ShowDailyK_ChartFlow,FinMind_API_TaiwanStockPrice_2891,True,2026-09-22T15:48:52,2026-09-22T15:48:52,2026-09-22T15:48:52
2891,中信金,2025-05-09,39.95,0.25,0.63%,3.59,11.16,53.85,64.62,75.39,86.16,96.93,107.7,ShowDailyK_ChartFlow,FinMind_API_TaiwanStockPrice_2891,True,2026-09-22T15:48:52,2026-09-22T15:48:52,2026-09-22T15:48:52
2891,中信金,2025-05-12,40.1,0.14999999999999858,0.38%,3.59,11.2,53.85,64.62,75.39,86.16,96.93,107.7,ShowDailyK_ChartFlow,FinMind_API_TaiwanStockPrice_2891,True,2026-09-22T15:48:52,2026-09-22T15:48:52,2026-09-22T15:48:52
2891,中信金,2025-05-13,40.2,0.10000000000000142,0.25%,3.59,11.23,53.85,64.62,75.39,86.16,96.93,107.7,ShowDailyK_ChartFlow,FinMind_API_TaiwanStockPrice_2891,True,2026-09-22T15:48:52,2026-09-22T15:48:52,2026-09-22T15:48:52
2891,中信金,2025-05-14,40.6,0.3999999999999986,1.00%,3.59,11.34,53.85,64.62,75.39,86.16,96.93,107.7,ShowDailyK_ChartFlow,FinMind_API_TaiwanStockPrice_2891,True,2026-09-22T15:48:52,2026-09-22T15:48:52,2026-09-22T15:48:52
2891,中信金,2025-05-15,41.15,0.5499999999999972,1.35%,3.59,11.49,53.85,64.62,75.39,86.16,96.93,107.7,ShowDailyK_ChartFlow,FinMind_API_TaiwanStockPrice_2891,True,2026-09-22T15:48:52,2026-09-22T15:48:52,2026-09-22T15:48:52
2891,中信金,2025-05-16,42.0,0.8500000000000014,2.07%,3.59,11.73,53.85,64.62,75.39,86.16,96.93,107.7,ShowDailyK_ChartFlow,FinMind_API_TaiwanStockPrice_2891,True,2026-09-22T15:48:52,2026-09-22T15:48:52,2026-09-22T15:48:52
2891,中信金,2025-05-19,41.5,-0.5,-1.19%,3.59,11.59,53.85,64.62,75.39,86.16,96.93,107.7,ShowDailyK_ChartFlow,FinMind_API_TaiwanStockPrice_2891,True,2026-09-22T15:48:52,2026-09-22T15:48:52,2026-09-22T15:48:52
2891,中信金,2025-05-20,41.75,0.25,0.60%,3.59,11.66,53.85,64.62,75.39,86.16,96.93,107.7,ShowDailyK_ChartFlow,FinMind_API_TaiwanStockPrice_2891,True,2026-09-22T15:48:52,2026-09-22T15:48:52,2026-09-22T15:48:52
2891,中信金,2025-05-21,43.0,1.25,2.99%,3.59,12.01,53.85,64.62,75.39,86.16,96.93,107.7,ShowDailyK_ChartFlow,FinMind_API_TaiwanStockPrice_2891,True,2026-09-22T15:48:52,2026-09-22T15:48:52,2026-09-22T15:48:52
2891,中信金,2025-05-22,42.9,-0.10000000000000142,-0.23%,3.59,11.98,53.85,64.62,75.39,86.16,96.93,107.7,ShowDailyK_ChartFlow,FinMind_API_TaiwanStockPrice_2891,True,2026-09-22T15:48:52,2026-09-22T15:48:52,2026-09-22T15:48:52
2891,中信金,2025-05-23,42.8,-0.10000000000000142,-0.23%,3.59,12.16,53.85,64.62,75.39,86.16,96.93,107.7,ShowDailyK_ChartFlow,FinMind_API_TaiwanStockPrice_2891,True,2026-09-22T15:48:52,2026-09-22T15:48:52,2026-09-22T15:48:52
2891,中信金,2025-05-26,41.35,-1.4499999999999957,-3.39%,3.59,11.75,53.85,64.62,75.39,86.16,96.93,107.7,ShowDailyK_ChartFlow,FinMind_API_TaiwanStockPrice_2891,True,2026-09-22T15:48:52,2026-09-22T15:48:52,2026-09-22T15:48:52
2891,中信金,2025-05-27,40.8,-0.5500000000000043,-1.33%,3.59,11.59,53.85,64.62,75.39,86.16,96.93,107.7,ShowDailyK_ChartFlow,FinMind_API_TaiwanStockPrice_2891,True,2026-09-22T15:48:52,2026-09-22T15:48:52,2026-09-22T15:48:52
2891,中信金,2025-05-28,41.1,0.30000000000000426,0.74%,3.59,11.68,53.85,64.62,75.39,86.16,96.93,107.7,ShowDailyK_ChartFlow,FinMind_API_TaiwanStockPrice_2891,True,2026-09-22T15:48:52,2026-09-22T15:48:52,2026-09-22T15:48:52
2891,中信金,2025-05-29,40.85,-0.25,-0.61%,3.59,11.61,53.85,64.62,75.39,86.16,96.93,107.7,ShowDailyK_ChartFlow,FinMind_API_TaiwanStockPrice_2891,True,2026-09-22T15:48:52,2026-09-22T15:48:52,2026-09-22T15:48:52
2891,中信金,2025-06-02,41.8,0.9499999999999957,2.33%,3.59,11.88,53.85,64.62,75.39,86.16,96.93,107.7,ShowDailyK_ChartFlow,FinMind_API_TaiwanStockPrice_2891,True,2026-09-22T15:48:52,2026-09-22T15:48:52,2026-09-22T15:48:52
2891,中信金,2025-06-03,43.0,1.2000000000000028,2.87%,3.59,12.22,53.85,64.62,75.39,86.16,96.93,107.7,ShowDailyK_ChartFlow,FinMind_API_TaiwanStockPrice_2891,True,2026-09-22T15:48:52,2026-09-22T15:48:52,2026-09-22T15:48:52
2891,中信金,2025-06-04,42.5,-0.5,-1.16%,3.59,12.07,53.85,64.62,75.39,86.16,96.93,107.7,ShowDailyK_ChartFlow,FinMind_API_TaiwanStockPrice_2891,True,2026-09-22T15:48:52,2026-09-22T15:48:52,2026-09-22T15:48:52
2891,中信金,2025-06-05,41.2,-1.2999999999999972,-3.06%,3.59,11.7,53.85,64.62,75.39,86.16,96.93,107.7,ShowDailyK_ChartFlow,FinMind_API_TaiwanStockPrice_2891,True,2026-09-22T15:48:52,2026-09-22T15:48:52,2026-09-22T15:48:52
2891,中信金,2025-06-06,41.55,0.3499999999999943,0.85%,3.59,11.8,53.85,64.62,75.39,86.16,96.93,107.7,ShowDailyK_ChartFlow,FinMind_API_TaiwanStockPrice_2891,True,2026-09-22T15:48:52,2026-09-22T15:48:52,2026-09-22T15:48:52
2891,中信金,2025-06-09,42.0,0.45000000000000284,1.08%,3.59,11.93,53.85,64.62,75.39,86.16,96.93,107.7,ShowDailyK_ChartFlow,FinMind_API_TaiwanStockPrice_2891,True,2026-09-22T15:48:52,2026-09-22T15:48:52,2026-09-22T15:48:52
2891,中信金,2025-06-10,42.5,0.5,1.19%,3.59,12.07,53.85,64.62,75.39,86.16,96.93,107.7,ShowDailyK_ChartFlow,FinMind_API_TaiwanStockPrice_2891,True,2026-09-22T15:48:52,2026-09-22T15:48:52,2026-09-22T15:48:52
2891,中信金,2025-06-11,42.15,-0.3500000000000014,-0.82%,3.59,11.97,53.85,64.62,75.39,86.16,96.93,107.7,ShowDailyK_ChartFlow,FinMind_API_TaiwanStockPrice_2891,True,2026-09-22T15:48:52,2026-09-22T15:48:52,2026-09-22T15:48:52
2891,中信金,2025-06-12,42.5,0.3500000000000014,0.83%,3.59,12.07,53.85,64.62,75.39,86.16,96.93,107.7,ShowDailyK_ChartFlow,FinMind_API_TaiwanStockPrice_2891,True,2026-09-22T15:48:52,2026-09-22T15:48:52,2026-09-22T15:48:52
2891,中信金,2025-06-13,42.7,0.20000000000000284,0.47%,3.59,12.13,53.85,64.62,75.39,86.16,96.93,107.7,ShowDailyK_ChartFlow,FinMind_API_TaiwanStockPrice_2891,True,2026-09-22T15:48:52,2026-09-22T15:48:52,2026-09-22T15:48:52
2891,中信金,2025-06-16,42.7,0.0,0.00%,3.59,12.13,53.85,64.62,75.39,86.16,96.93,107.7,ShowDailyK_ChartFlow,FinMind_API_TaiwanStockPrice_2891,True,2026-09-22T15:48:52,2026-09-22T15:48:52,2026-09-22T15:48:52
2891,中信金,2025-06-17,42.6,-0.10000000000000142,-0.23%,3.59,12.1,53.85,64.62,75.39,86.16,96.93,107.7,ShowDailyK_ChartFlow,FinMind_API_TaiwanStockPrice_2891,True,2026-09-22T15:48:52,2026-09-22T15:48:52,2026-09-22T15:48:52
2891,中信金,2025-06-18,43.1,0.5,1.17%,3.59,12.24,53.85,64.62,75.39,86.16,96.93,107.7,ShowDailyK_ChartFlow,FinMind_API_TaiwanStockPrice_2891,True,2026-09-22T15:48:52,2026-09-22T15:48:52,2026-09-22T15:48:52
2891,中信金,2025-06-19,43.0,-0.10000000000000142,-0.23%,3.59,12.22,53.85,64.62,75.39,86.16,96.93,107.7,ShowDailyK_ChartFlow,FinMind_API_TaiwanStockPrice_2891,True,2026-09-22T15:48:52,2026-09-22T15:48:52,2026-09-22T15:48:52
2891,中信金,2025-06-20,42.95,-0.04999999999999716,-0.12%,3.59,12.2,53.85,64.62,75.39,86.16,96.93,107.7,ShowDailyK_ChartFlow,FinMind_API_TaiwanStockPrice_2891,True,2026-09-22T15:48:52,2026-09-22T15:48:52,2026-09-22T15:48:52
2891,中信金,2025-06-23,42.95,0.0,0.00%,3.59,12.2,53.85,64.62,75.39,86.16,96.93,107.7,ShowDailyK_ChartFlow,FinMind_API_TaiwanStockPrice_2891,True,2026-09-22T15:48:52,2026-09-22T15:48:52,2026-09-22T15:48:52
2891,中信金,2025-06-24,43.75,0.7999999999999972,1.86%,3.59,12.43,53.85,64.62,75.39,86.16,96.93,107.7,ShowDailyK_ChartFlow,FinMind_API_TaiwanStockPrice_2891,True,2026-09-22T15:48:52,2026-09-22T15:48:52,2026-09-22T15:48:52
2891,中信金,2025-06-25,43.9,0.14999999999999858,0.34%,3.59,12.47,53.85,64.62,75.39,86.16,96.93,107.7,ShowDailyK_ChartFlow,FinMind_API_TaiwanStockPrice_2891,True,2026-09-22T15:48:52,2026-09-22T15:48:52,2026-09-22T15:48:52
2891,中信金,2025-06-26,44.3,0.3999999999999986,0.91%,3.59,12.59,53.85,64.62,75.39,86.16,96.93,107.7,ShowDailyK_ChartFlow,FinMind_API_TaiwanStockPrice_2891,True,2026-09-22T15:48:52,2026-09-22T15:48:52,2026-09-22T15:48:52
2891,中信金,2025-06-27,44.5,0.20000000000000284,0.45%,3.59,12.64,53.85,64.62,75.39,86.16,96.93,107.7,ShowDailyK_ChartFlow,FinMind_API_TaiwanStockPrice_2891,True,2026-09-22T15:48:52,2026-09-22T15:48:52,2026-09-22T15:48:52
2891,中信金,2025-06-30,43.7,-0.7999999999999972,-1.80%,3.57,12.41,53.55,64.26,74.97,85.68,96.39,107.1,ShowDailyK_ChartFlow,FinMind_API_TaiwanStockPrice_2891,True,2026-09-22T15:48:52,2026-09-22T15:48:52,2026-09-22T15:48:52
2891,中信金,2025-07-01,44.0,0.29999999999999716,0.69%,3.57,12.5,53.55,64.26,74.97,85.68,96.39,107.1,ShowDailyK_ChartFlow,FinMind_API_TaiwanStockPrice_2891,True,2026-09-22T15:48:52,2026-09-22T15:48:52,2026-09-22T15:48:52
2891,中信金,2025-07-02,43.9,-0.10000000000000142,-0.23%,3.57,12.47,53.55,64.26,74.97,85.68,96.39,107.1,ShowDailyK_ChartFlow,FinMind_API_TaiwanStockPrice_2891,True,2026-09-22T15:48:52,2026-09-22T15:48:52,2026-09-22T15:48:52
2891,中信金,2025-07-03,44.4,0.5,1.14%,3.57,12.61,53.55,64.26,74.97,85.68,96.39,107.1,ShowDailyK_ChartFlow,FinMind_API_TaiwanStockPrice_2891,True,2026-09-22T15:48:52,2026-09-22T15:48:52,2026-09-22T15:48:52
2891,中信金,2025-07-04,44.5,0.10000000000000142,0.23%,3.57,12.64,53.55,64.26,74.97,85.68,96.39,107.1,ShowDailyK_ChartFlow,FinMind_API_TaiwanStockPrice_2891,True,2026-09-22T15:48:52,2026-09-22T15:48:52,2026-09-22T15:48:52
2891,中信金,2025-07-07,44.95,0.45000000000000284,1.01%,3.57,12.77,53.55,64.26,74.97,85.68,96.39,107.1,ShowDailyK_ChartFlow,FinMind_API_TaiwanStockPrice_2891,True,2026-09-22T15:48:52,2026-09-22T15:48:52,2026-09-22T15:48:52
2891,中信金,2025-07-08,44.4,-0.5500000000000043,-1.22%,3.57,12.61,53.55,64.26,74.97,85.68,96.39,107.1,ShowDailyK_ChartFlow,FinMind_API_TaiwanStockPrice_2891,True,2026-09-22T15:48:52,2026-09-22T15:48:52,2026-09-22T15:48:52
2891,中信金,2025-07-09,43.9,-0.5,-1.13%,3.57,12.47,53.55,64.26,74.97,85.68,96.39,107.1,ShowDailyK_ChartFlow,FinMind_API_TaiwanStockPrice_2891,True,2026-09-22T15:48:52,2026-09-22T15:48:52,2026-09-22T15:48:52
2891,中信金,2025-07-10,44.1,0.20000000000000284,0.46%,3.57,12.53,53.55,64.26,74.97,85.68,96.39,107.1,ShowDailyK_ChartFlow,FinMind_API_TaiwanStockPrice_2891,True,2026-09-22T15:48:52,2026-09-22T15:48:52,2026-09-22T15:48:52
2891,中信金,2025-07-11,43.85,-0.25,-0.57%,3.57,12.46,53.55,64.26,74.97,85.68,96.39,107.1,ShowDailyK_ChartFlow,FinMind_API_TaiwanStockPrice_2891,True,2026-09-22T15:48:52,2026-09-22T15:48:52,2026-09-22T15:48:52
2891,中信金,2025-07-14,41.9,-1.9500000000000028,-4.45%,3.57,11.9,53.55,64.26,74.97,85.68,96.39,107.1,ShowDailyK_ChartFlow,FinMind_API_TaiwanStockPrice_2891,True,2026-09-22T15:48:52,2026-09-22T15:48:52,2026-09-22T15:48:52
2891,中信金,2025-07-15,42.9,1.0,2.39%,3.57,12.19,53.55,64.26,74.97,85.68,96.39,107.1,ShowDailyK_ChartFlow,FinMind_API_TaiwanStockPrice_2891,True,2026-09-22T15:48:52,2026-09-22T15:48:52,2026-09-22T15:48:52
2891,中信金,2025-07-16,43.0,0.10000000000000142,0.23%,3.57,12.22,53.55,64.26,74.97,85.68,96.39,107.1,ShowDailyK_ChartFlow,FinMind_API_TaiwanStockPrice_2891,True,2026-09-22T15:48:52,2026-09-22T15:48:52,2026-09-22T15:48:52
2891,中信金,2025-07-17,42.8,-0.20000000000000284,-0.47%,3.57,12.16,53.55,64.26,74.97,85.68,96.39,107.1,ShowDailyK_ChartFlow,FinMind_API_TaiwanStockPrice_2891,True,2026-09-22T15:48:52,2026-09-22T15:48:52,2026-09-22T15:48:52
2891,中信金,2025-07-18,42.7,-0.09999999999999432,-0.23%,3.57,12.13,53.55,64.26,74.97,85.68,96.39,107.1,ShowDailyK_ChartFlow,FinMind_API_TaiwanStockPrice_2891,True,2026-09-22T15:48:52,2026-09-22T15:48:52,2026-09-22T15:48:52
2891,中信金,2025-07-21,42.5,-0.20000000000000284,-0.47%,3.57,12.07,53.55,64.26,74.97,85.68,96.39,107.1,ShowDailyK_ChartFlow,FinMind_API_TaiwanStockPrice_2891,True,2026-09-22T15:48:52,2026-09-22T15:48:52,2026-09-22T15:48:52
2891,中信金,2025-07-22,42.65,0.14999999999999858,0.35%,3.57,12.12,53.55,64.26,74.97,85.68,96.39,107.1,ShowDailyK_ChartFlow,FinMind_API_TaiwanStockPrice_2891,True,2026-09-22T15:48:52,2026-09-22T15:48:52,2026-09-22T15:48:52
2891,中信金,2025-07-23,43.0,0.3500000000000014,0.82%,3.57,12.22,53.55,64.26,74.97,85.68,96.39,107.1,ShowDailyK_ChartFlow,FinMind_API_TaiwanStockPrice_2891,True,2026-09-22T15:48:52,2026-09-22T15:48:52,2026-09-22T15:48:52
2891,中信金,2025-07-24,42.95,-0.04999999999999716,-0.12%,3.57,12.2,53.55,64.26,74.97,85.68,96.39,107.1,ShowDailyK_ChartFlow,FinMind_API_TaiwanStockPrice_2891,True,2026-09-22T15:48:52,2026-09-22T15:48:52,2026-09-22T15:48:52
2891,中信金,2025-07-25,42.5,-0.45000000000000284,-1.05%,3.57,12.07,53.55,64.26,74.97,85.68,96.39,107.1,ShowDailyK_ChartFlow,FinMind_API_TaiwanStockPrice_2891,True,2026-09-22T15:48:52,2026-09-22T15:48:52,2026-09-22T15:48:52
2891,中信金,2025-07-28,42.1,-0.3999999999999986,-0.94%,3.57,11.96,53.55,64.26,74.97,85.68,96.39,107.1,ShowDailyK_ChartFlow,FinMind_API_TaiwanStockPrice_2891,True,2026-09-22T15:48:52,2026-09-22T15:48:52,2026-09-22T15:48:52
2891,中信金,2025-07-29,41.7,-0.3999999999999986,-0.95%,3.57,11.85,53.55,64.26,74.97,85.68,96.39,107.1,ShowDailyK_ChartFlow,FinMind_API_TaiwanStockPrice_2891,True,2026-09-22T15:48:52,2026-09-22T15:48:52,2026-09-22T15:48:52
2891,中信金,2025-07-30,41.9,0.19999999999999574,0.48%,3.57,11.9,53.55,64.26,74.97,85.68,96.39,107.1,ShowDailyK_ChartFlow,FinMind_API_TaiwanStockPrice_2891,True,2026-09-22T15:48:52,2026-09-22T15:48:52,2026-09-22T15:48:52
2891,中信金,2025-07-31,41.25,-0.6499999999999986,-1.55%,3.57,11.72,53.55,64.26,74.97,85.68,96.39,107.1,ShowDailyK_ChartFlow,FinMind_API_TaiwanStockPrice_2891,True,2026-09-22T15:48:52,2026-09-22T15:48:52,2026-09-22T15:48:52
2891,中信金,2025-08-01,41.45,0.20000000000000284,0.48%,3.57,11.78,53.55,64.26,74.97,85.68,96.39,107.1,ShowDailyK_ChartFlow,FinMind_API_TaiwanStockPrice_2891,True,2026-09-22T15:48:52,2026-09-22T15:48:52,2026-09-22T15:48:52
2891,中信金,2025-08-04,42.65,1.1999999999999957,2.90%,3.57,12.12,53.55,64.26,74.97,85.68,96.39,107.1,ShowDailyK_ChartFlow,FinMind_API_TaiwanStockPrice_2891,True,2026-09-22T15:48:52,2026-09-22T15:48:52,2026-09-22T15:48:52
2891,中信金,2025-08-05,42.6,-0.04999999999999716,-0.12%,3.57,12.1,53.55,64.26,74.97,85.68,96.39,107.1,ShowDailyK_ChartFlow,FinMind_API_TaiwanStockPrice_2891,True,2026-09-22T15:48:52,2026-09-22T15:48:52,2026-09-22T15:48:52
2891,中信金,2025-08-06,42.9,0.29999999999999716,0.70%,3.57,12.19,53.55,64.26,74.97,85.68,96.39,107.1,ShowDailyK_ChartFlow,FinMind_API_TaiwanStockPrice_2891,True,2026-09-22T15:48:52,2026-09-22T15:48:52,2026-09-22T15:48:52
2891,中信金,2025-08-07,42.95,0.05000000000000426,0.12%,3.57,12.2,53.55,64.26,74.97,85.68,96.39,107.1,ShowDailyK_ChartFlow,FinMind_API_TaiwanStockPrice_2891,True,2026-09-22T15:48:52,2026-09-22T15:48:52,2026-09-22T15:48:52
2891,中信金,2025-08-08,43.0,0.04999999999999716,0.12%,3.57,12.22,53.55,64.26,74.97,85.68,96.39,107.1,ShowDailyK_ChartFlow,FinMind_API_TaiwanStockPrice_2891,True,2026-09-22T15:48:52,2026-09-22T15:48:52,2026-09-22T15:48:52
2891,中信金,2025-08-11,43.1,0.10000000000000142,0.23%,3.57,12.24,53.55,64.26,74.97,85.68,96.39,107.1,ShowDailyK_ChartFlow,FinMind_API_TaiwanStockPrice_2891,True,2026-09-22T15:48:52,2026-09-22T15:48:52,2026-09-22T15:48:52
2891,中信金,2025-08-12,42.8,-0.30000000000000426,-0.70%,3.57,12.16,53.55,64.26,74.97,85.68,96.39,107.1,ShowDailyK_ChartFlow,FinMind_API_TaiwanStockPrice_2891,True,2026-09-22T15:48:52,2026-09-22T15:48:52,2026-09-22T15:48:52
2891,中信金,2025-08-13,43.0,0.20000000000000284,0.47%,3.57,12.22,53.55,64.26,74.97,85.68,96.39,107.1,ShowDailyK_ChartFlow,FinMind_API_TaiwanStockPrice_2891,True,2026-09-22T15:48:52,2026-09-22T15:48:52,2026-09-22T15:48:52
2891,中信金,2025-08-14,43.2,0.20000000000000284,0.47%,3.57,12.27,53.55,64.26,74.97,85.68,96.39,107.1,ShowDailyK_ChartFlow,FinMind_API_TaiwanStockPrice_2891,True,2026-09-22T15:48:52,2026-09-22T15:48:52,2026-09-22T15:48:52
2891,中信金,2025-08-15,42.85,-0.3500000000000014,-0.81%,3.57,12.17,53.55,64.26,74.97,85.68,96.39,107.1,ShowDailyK_ChartFlow,FinMind_API_TaiwanStockPrice_2891,True,2026-09-22T15:48:52,2026-09-22T15:48:52,2026-09-22T15:48:52
2891,中信金,2025-08-18,42.85,0.0,0.00%,3.57,12.17,53.55,64.26,74.97,85.68,96.39,107.1,ShowDailyK_ChartFlow,FinMind_API_TaiwanStockPrice_2891,True,2026-09-22T15:48:52,2026-09-22T15:48:52,2026-09-22T15:48:52
2891,中信金,2025-08-19,42.95,0.10000000000000142,0.23%,3.57,12.2,53.55,64.26,74.97,85.68,96.39,107.1,ShowDailyK_ChartFlow,FinMind_API_TaiwanStockPrice_2891,True,2026-09-22T15:48:52,2026-09-22T15:48:52,2026-09-22T15:48:52
2891,中信金,2025-08-20,42.7,-0.25,-0.58%,3.57,12.13,53.55,64.26,74.97,85.68,96.39,107.1,ShowDailyK_ChartFlow,FinMind_API_TaiwanStockPrice_2891,True,2026-09-22T15:48:52,2026-09-22T15:48:52,2026-09-22T15:48:52
2891,中信金,2025-08-21,43.2,0.5,1.17%,3.57,12.27,53.55,64.26,74.97,85.68,96.39,107.1,ShowDailyK_ChartFlow,FinMind_API_TaiwanStockPrice_2891,True,2026-09-22T15:48:52,2026-09-22T15:48:52,2026-09-22T15:48:52
2891,中信金,2025-08-22,42.7,-0.5,-1.16%,3.57,12.17,53.55,64.26,74.97,85.68,96.39,107.1,ShowDailyK_ChartFlow,FinMind_API_TaiwanStockPrice_2891,True,2026-09-22T15:48:52,2026-09-22T15:48:52,2026-09-22T15:48:52
2891,中信金,2025-08-25,42.9,0.19999999999999574,0.47%,3.57,12.22,53.55,64.26,74.97,85.68,96.39,107.1,ShowDailyK_ChartFlow,FinMind_API_TaiwanStockPrice_2891,True,2026-09-22T15:48:52,2026-09-22T15:48:52,2026-09-22T15:48:52
2891,中信金,2025-08-26,42.0,-0.8999999999999986,-2.10%,3.57,11.97,53.55,64.26,74.97,85.68,96.39,107.1,ShowDailyK_ChartFlow,FinMind_API_TaiwanStockPrice_2891,True,2026-09-22T15:48:52,2026-09-22T15:48:52,2026-09-22T15:48:52
2891,中信金,2025-08-27,41.75,-0.25,-0.60%,3.57,11.89,53.55,64.26,74.97,85.68,96.39,107.1,ShowDailyK_ChartFlow,FinMind_API_TaiwanStockPrice_2891,True,2026-09-22T15:48:52,2026-09-22T15:48:52,2026-09-22T15:48:52
2891,中信金,2025-08-28,41.8,0.04999999999999716,0.12%,3.57,11.91,53.55,64.26,74.97,85.68,96.39,107.1,ShowDailyK_ChartFlow,FinMind_API_TaiwanStockPrice_2891,True,2026-09-22T15:48:52,2026-09-22T15:48:52,2026-09-22T15:48:52
2891,中信金,2025-08-29,41.15,-0.6499999999999986,-1.56%,3.57,11.72,53.55,64.26,74.97,85.68,96.39,107.1,ShowDailyK_ChartFlow,FinMind_API_TaiwanStockPrice_2891,True,2026-09-22T15:48:52,2026-09-22T15:48:52,2026-09-22T15:48:52
2891,中信金,2025-09-01,41.4,0.25,0.61%,3.57,11.79,53.55,64.26,74.97,85.68,96.39,107.1,ShowDailyK_ChartFlow,FinMind_API_TaiwanStockPrice_2891,True,2026-09-22T15:48:52,2026-09-22T15:48:52,2026-09-22T15:48:52
2891,中信金,2025-09-02,42.0,0.6000000000000014,1.45%,3.57,11.97,53.55,64.26,74.97,85.68,96.39,107.1,ShowDailyK_ChartFlow,FinMind_API_TaiwanStockPrice_2891,True,2026-09-22T15:48:52,2026-09-22T15:48:52,2026-09-22T15:48:52
2891,中信金,2025-09-03,41.9,-0.10000000000000142,-0.24%,3.57,11.94,53.55,64.26,74.97,85.68,96.39,107.1,ShowDailyK_ChartFlow,FinMind_API_TaiwanStockPrice_2891,True,2026-09-22T15:48:52,2026-09-22T15:48:52,2026-09-22T15:48:52
2891,中信金,2025-09-04,41.9,0.0,0.00%,3.57,11.94,53.55,64.26,74.97,85.68,96.39,107.1,ShowDailyK_ChartFlow,FinMind_API_TaiwanStockPrice_2891,True,2026-09-22T15:48:52,2026-09-22T15:48:52,2026-09-22T15:48:52
2891,中信金,2025-09-05,41.85,-0.04999999999999716,-0.12%,3.57,11.92,53.55,64.26,74.97,85.68,96.39,107.1,ShowDailyK_ChartFlow,FinMind_API_TaiwanStockPrice_2891,True,2026-09-22T15:48:52,2026-09-22T15:48:52,2026-09-22T15:48:52
2891,中信金,2025-09-08,41.75,-0.10000000000000142,-0.24%,3.57,11.89,53.55,64.26,74.97,85.68,96.39,107.1,ShowDailyK_ChartFlow,FinMind_API_TaiwanStockPrice_2891,True,2026-09-22T15:48:52,2026-09-22T15:48:52,2026-09-22T15:48:52
2891,中信金,2025-09-09,42.0,0.25,0.60%,3.57,11.97,53.55,64.26,74.97,85.68,96.39,107.1,ShowDailyK_ChartFlow,FinMind_API_TaiwanStockPrice_2891,True,2026-09-22T15:48:52,2026-09-22T15:48:52,2026-09-22T15:48:52
2891,中信金,2025-09-10,42.05,0.04999999999999716,0.12%,3.57,11.98,53.55,64.26,74.97,85.68,96.39,107.1,ShowDailyK_ChartFlow,FinMind_API_TaiwanStockPrice_2891,True,2026-09-22T15:48:52,2026-09-22T15:48:52,2026-09-22T15:48:52
2891,中信金,2025-09-11,42.25,0.20000000000000284,0.48%,3.57,12.04,53.55,64.26,74.97,85.68,96.39,107.1,ShowDailyK_ChartFlow,FinMind_API_TaiwanStockPrice_2891,True,2026-09-22T15:48:52,2026-09-22T15:48:52,2026-09-22T15:48:52
2891,中信金,2025-09-12,42.8,0.5499999999999972,1.30%,3.57,12.19,53.55,64.26,74.97,85.68,96.39,107.1,ShowDailyK_ChartFlow,FinMind_API_TaiwanStockPrice_2891,True,2026-09-22T15:48:52,2026-09-22T15:48:52,2026-09-22T15:48:52
2891,中信金,2025-09-15,43.15,0.3500000000000014,0.82%,3.57,12.29,53.55,64.26,74.97,85.68,96.39,107.1,ShowDailyK_ChartFlow,FinMind_API_TaiwanStockPrice_2891,True,2026-09-22T15:48:52,2026-09-22T15:48:52,2026-09-22T15:48:52
2891,中信金,2025-09-16,43.45,0.30000000000000426,0.70%,3.57,12.38,53.55,64.26,74.97,85.68,96.39,107.1,ShowDailyK_ChartFlow,FinMind_API_TaiwanStockPrice_2891,True,2026-09-22T15:48:52,2026-09-22T15:48:52,2026-09-22T15:48:52
2891,中信金,2025-09-17,43.1,-0.3500000000000014,-0.81%,3.57,12.28,53.55,64.26,74.97,85.68,96.39,107.1,ShowDailyK_ChartFlow,FinMind_API_TaiwanStockPrice_2891,True,2026-09-22T15:48:52,2026-09-22T15:48:52,2026-09-22T15:48:52
2891,中信金,2025-09-18,43.15,0.04999999999999716,0.12%,3.57,12.29,53.55,64.26,74.97,85.68,96.39,107.1,ShowDailyK_ChartFlow,FinMind_API_TaiwanStockPrice_2891,True,2026-09-22T15:48:52,2026-09-22T15:48:52,2026-09-22T15:48:52
2891,中信金,2025-09-19,43.65,0.5,1.16%,3.57,12.44,53.55,64.26,74.97,85.68,96.39,107.1,ShowDailyK_ChartFlow,FinMind_API_TaiwanStockPrice_2891,True,2026-09-22T15:48:52,2026-09-22T15:48:52,2026-09-22T15:48:52
2891,中信金,2025-09-22,43.2,-0.44999999999999574,-1.03%,3.57,12.31,53.55,64.26,74.97,85.68,96.39,107.1,ShowDailyK_ChartFlow,FinMind_API_TaiwanStockPrice_2891,True,2026-09-22T15:48:52,2026-09-22T15:48:52,2026-09-22T15:48:52
2891,中信金,2025-09-23,43.25,0.04999999999999716,0.12%,3.57,12.32,53.55,64.26,74.97,85.68,96.39,107.1,ShowDailyK_ChartFlow,FinMind_API_TaiwanStockPrice_2891,True,2026-09-22T15:48:52,2026-09-22T15:48:52,2026-09-22T15:48:52
2891,中信金,2025-09-24,43.15,-0.10000000000000142,-0.23%,3.57,12.29,53.55,64.26,74.97,85.68,96.39,107.1,ShowDailyK_ChartFlow,FinMind_API_TaiwanStockPrice_2891,True,2026-09-22T15:48:52,2026-09-22T15:48:52,2026-09-22T15:48:52
2891,中信金,2025-09-25,42.5,-0.6499999999999986,-1.51%,3.57,12.11,53.55,64.26,74.97,85.68,96.39,107.1,ShowDailyK_ChartFlow,FinMind_API_TaiwanStockPrice_2891,True,2026-09-22T15:48:52,2026-09-22T15:48:52,2026-09-22T15:48:52
2891,中信金,2025-09-26,42.6,0.10000000000000142,0.24%,3.57,12.14,53.55,64.26,74.97,85.68,96.39,107.1,ShowDailyK_ChartFlow,FinMind_API_TaiwanStockPrice_2891,True,2026-09-22T15:48:52,2026-09-22T15:48:52,2026-09-22T15:48:52
2891,中信金,2025-09-30,42.9,0.29999999999999716,0.70%,3.75,12.22,56.25,67.5,78.75,90.0,101.25,112.5,ShowDailyK_ChartFlow,FinMind_API_TaiwanStockPrice_2891,True,2026-09-22T15:48:52,2026-09-22T15:48:52,2026-09-22T15:48:52
2891,中信金,2025-10-01,43.05,0.14999999999999858,0.35%,3.75,12.26,56.25,67.5,78.75,90.0,101.25,112.5,ShowDailyK_ChartFlow,FinMind_API_TaiwanStockPrice_2891,True,2026-09-22T15:48:52,2026-09-22T15:48:52,2026-09-22T15:48:52
2891,中信金,2025-10-02,42.95,-0.09999999999999432,-0.23%,3.75,12.24,56.25,67.5,78.75,90.0,101.25,112.5,ShowDailyK_ChartFlow,FinMind_API_TaiwanStockPrice_2891,True,2026-09-22T15:48:52,2026-09-22T15:48:52,2026-09-22T15:48:52
2891,中信金,2025-10-03,42.35,-0.6000000000000014,-1.40%,3.75,12.07,56.25,67.5,78.75,90.0,101.25,112.5,ShowDailyK_ChartFlow,FinMind_API_TaiwanStockPrice_2891,True,2026-09-22T15:48:52,2026-09-22T15:48:52,2026-09-22T15:48:52
2891,中信金,2025-10-07,42.25,-0.10000000000000142,-0.24%,3.75,12.04,56.25,67.5,78.75,90.0,101.25,112.5,ShowDailyK_ChartFlow,FinMind_API_TaiwanStockPrice_2891,True,2026-09-22T15:48:52,2026-09-22T15:48:52,2026-09-22T15:48:52
2891,中信金,2025-10-08,42.5,0.25,0.59%,3.75,12.11,56.25,67.5,78.75,90.0,101.25,112.5,ShowDailyK_ChartFlow,FinMind_API_TaiwanStockPrice_2891,True,2026-09-22T15:48:52,2026-09-22T15:48:52,2026-09-22T15:48:52
2891,中信金,2025-10-09,42.6,0.10000000000000142,0.24%,3.75,12.14,56.25,67.5,78.75,90.0,101.25,112.5,ShowDailyK_ChartFlow,FinMind_API_TaiwanStockPrice_2891,True,2026-09-22T15:48:52,2026-09-22T15:48:52,2026-09-22T15:48:52
2891,中信金,2025-10-13,42.15,-0.45000000000000284,-1.06%,3.75,12.01,56.25,67.5,78.75,90.0,101.25,112.5,ShowDailyK_ChartFlow,FinMind_API_TaiwanStockPrice_2891,True,2026-09-22T15:48:52,2026-09-22T15:48:52,2026-09-22T15:48:52
2891,中信金,2025-10-14,42.35,0.20000000000000284,0.47%,3.75,12.07,56.25,67.5,78.75,90.0,101.25,112.5,ShowDailyK_ChartFlow,FinMind_API_TaiwanStockPrice_2891,True,2026-09-22T15:48:52,2026-09-22T15:48:52,2026-09-22T15:48:52
2891,中信金,2025-10-15,42.6,0.25,0.59%,3.75,12.14,56.25,67.5,78.75,90.0,101.25,112.5,ShowDailyK_ChartFlow,FinMind_API_TaiwanStockPrice_2891,True,2026-09-22T15:48:52,2026-09-22T15:48:52,2026-09-22T15:48:52
2891,中信金,2025-10-16,42.6,0.0,0.00%,3.75,12.14,56.25,67.5,78.75,90.0,101.25,112.5,ShowDailyK_ChartFlow,FinMind_API_TaiwanStockPrice_2891,True,2026-09-22T15:48:52,2026-09-22T15:48:52,2026-09-22T15:48:52
2891,中信金,2025-10-17,42.5,-0.10000000000000142,-0.23%,3.75,12.11,56.25,67.5,78.75,90.0,101.25,112.5,ShowDailyK_ChartFlow,FinMind_API_TaiwanStockPrice_2891,True,2026-09-22T15:48:52,2026-09-22T15:48:52,2026-09-22T15:48:52
2891,中信金,2025-10-20,42.4,-0.10000000000000142,-0.24%,3.75,12.08,56.25,67.5,78.75,90.0,101.25,112.5,ShowDailyK_ChartFlow,FinMind_API_TaiwanStockPrice_2891,True,2026-09-22T15:48:52,2026-09-22T15:48:52,2026-09-22T15:48:52
2891,中信金,2025-10-21,42.3,-0.10000000000000142,-0.24%,3.75,12.05,56.25,67.5,78.75,90.0,101.25,112.5,ShowDailyK_ChartFlow,FinMind_API_TaiwanStockPrice_2891,True,2026-09-22T15:48:52,2026-09-22T15:48:52,2026-09-22T15:48:52
2891,中信金,2025-10-22,42.05,-0.25,-0.59%,3.75,11.98,56.25,67.5,78.75,90.0,101.25,112.5,ShowDailyK_ChartFlow,FinMind_API_TaiwanStockPrice_2891,True,2026-09-22T15:48:52,2026-09-22T15:48:52,2026-09-22T15:48:52
2891,中信金,2025-10-23,42.0,-0.04999999999999716,-0.12%,3.75,11.97,56.25,67.5,78.75,90.0,101.25,112.5,ShowDailyK_ChartFlow,FinMind_API_TaiwanStockPrice_2891,True,2026-09-22T15:48:52,2026-09-22T15:48:52,2026-09-22T15:48:52
2891,中信金,2025-10-27,42.65,0.6499999999999986,1.55%,3.75,12.15,56.25,67.5,78.75,90.0,101.25,112.5,ShowDailyK_ChartFlow,FinMind_API_TaiwanStockPrice_2891,True,2026-09-22T15:48:52,2026-09-22T15:48:52,2026-09-22T15:48:52
2891,中信金,2025-10-28,41.9,-0.75,-1.76%,3.75,11.94,56.25,67.5,78.75,90.0,101.25,112.5,ShowDailyK_ChartFlow,FinMind_API_TaiwanStockPrice_2891,True,2026-09-22T15:48:52,2026-09-22T15:48:52,2026-09-22T15:48:52
2891,中信金,2025-10-29,42.0,0.10000000000000142,0.24%,3.75,11.97,56.25,67.5,78.75,90.0,101.25,112.5,ShowDailyK_ChartFlow,FinMind_API_TaiwanStockPrice_2891,True,2026-09-22T15:48:52,2026-09-22T15:48:52,2026-09-22T15:48:52
2891,中信金,2025-10-30,41.95,-0.04999999999999716,-0.12%,3.75,11.95,56.25,67.5,78.75,90.0,101.25,112.5,ShowDailyK_ChartFlow,FinMind_API_TaiwanStockPrice_2891,True,2026-09-22T15:48:52,2026-09-22T15:48:52,2026-09-22T15:48:52
2891,中信金,2025-10-31,41.85,-0.10000000000000142,-0.24%,3.75,11.92,56.25,67.5,78.75,90.0,101.25,112.5,ShowDailyK_ChartFlow,FinMind_API_TaiwanStockPrice_2891,True,2026-09-22T15:48:52,2026-09-22T15:48:52,2026-09-22T15:48:52
2891,中信金,2025-11-03,42.05,0.19999999999999574,0.48%,3.75,11.98,56.25,67.5,78.75,90.0,101.25,112.5,ShowDailyK_ChartFlow,FinMind_API_TaiwanStockPrice_2891,True,2026-09-22T15:48:52,2026-09-22T15:48:52,2026-09-22T15:48:52
2891,中信金,2025-11-04,42.4,0.3500000000000014,0.83%,3.75,12.08,56.25,67.5,78.75,90.0,101.25,112.5,ShowDailyK_ChartFlow,FinMind_API_TaiwanStockPrice_2891,True,2026-09-22T15:48:52,2026-09-22T15:48:52,2026-09-22T15:48:52
2891,中信金,2025-11-05,42.25,-0.14999999999999858,-0.35%,3.75,12.04,56.25,67.5,78.75,90.0,101.25,112.5,ShowDailyK_ChartFlow,FinMind_API_TaiwanStockPrice_2891,True,2026-09-22T15:48:52,2026-09-22T15:48:52,2026-09-22T15:48:52
2891,中信金,2025-11-06,42.55,0.29999999999999716,0.71%,3.75,12.12,56.25,67.5,78.75,90.0,101.25,112.5,ShowDailyK_ChartFlow,FinMind_API_TaiwanStockPrice_2891,True,2026-09-22T15:48:52,2026-09-22T15:48:52,2026-09-22T15:48:52
2891,中信金,2025-11-07,41.9,-0.6499999999999986,-1.53%,3.75,11.94,56.25,67.5,78.75,90.0,101.25,112.5,ShowDailyK_ChartFlow,FinMind_API_TaiwanStockPrice_2891,True,2026-09-22T15:48:52,2026-09-22T15:48:52,2026-09-22T15:48:52
2891,中信金,2025-11-10,42.4,0.5,1.19%,3.75,12.08,56.25,67.5,78.75,90.0,101.25,112.5,ShowDailyK_ChartFlow,FinMind_API_TaiwanStockPrice_2891,True,2026-09-22T15:48:52,2026-09-22T15:48:52,2026-09-22T15:48:52
2891,中信金,2025-11-11,43.35,0.9500000000000028,2.24%,3.75,12.35,56.25,67.5,78.75,90.0,101.25,112.5,ShowDailyK_ChartFlow,FinMind_API_TaiwanStockPrice_2891,True,2026-09-22T15:48:52,2026-09-22T15:48:52,2026-09-22T15:48:52
2891,中信金,2025-11-12,43.05,-0.30000000000000426,-0.69%,3.75,12.26,56.25,67.5,78.75,90.0,101.25,112.5,ShowDailyK_ChartFlow,FinMind_API_TaiwanStockPrice_2891,True,2026-09-22T15:48:52,2026-09-22T15:48:52,2026-09-22T15:48:52
2891,中信金,2025-11-13,42.9,-0.14999999999999858,-0.35%,3.75,12.22,56.25,67.5,78.75,90.0,101.25,112.5,ShowDailyK_ChartFlow,FinMind_API_TaiwanStockPrice_2891,True,2026-09-22T15:48:52,2026-09-22T15:48:52,2026-09-22T15:48:52
2891,中信金,2025-11-14,42.7,-0.19999999999999574,-0.47%,3.75,12.17,56.25,67.5,78.75,90.0,101.25,112.5,ShowDailyK_ChartFlow,FinMind_API_TaiwanStockPrice_2891,True,2026-09-22T15:48:52,2026-09-22T15:48:52,2026-09-22T15:48:52
2891,中信金,2025-11-17,42.2,-0.5,-1.17%,3.75,12.02,56.25,67.5,78.75,90.0,101.25,112.5,ShowDailyK_ChartFlow,FinMind_API_TaiwanStockPrice_2891,True,2026-09-22T15:48:52,2026-09-22T15:48:52,2026-09-22T15:48:52
2891,中信金,2025-11-18,42.6,0.3999999999999986,0.95%,3.75,12.14,56.25,67.5,78.75,90.0,101.25,112.5,ShowDailyK_ChartFlow,FinMind_API_TaiwanStockPrice_2891,True,2026-09-22T15:48:52,2026-09-22T15:48:52,2026-09-22T15:48:52
2891,中信金,2025-11-19,42.9,0.29999999999999716,0.70%,3.75,12.22,56.25,67.5,78.75,90.0,101.25,112.5,ShowDailyK_ChartFlow,FinMind_API_TaiwanStockPrice_2891,True,2026-09-22T15:48:52,2026-09-22T15:48:52,2026-09-22T15:48:52
2891,中信金,2025-11-20,43.3,0.3999999999999986,0.93%,3.75,12.34,56.25,67.5,78.75,90.0,101.25,112.5,ShowDailyK_ChartFlow,FinMind_API_TaiwanStockPrice_2891,True,2026-09-22T15:48:52,2026-09-22T15:48:52,2026-09-22T15:48:52
2891,中信金,2025-11-21,43.4,0.10000000000000142,0.23%,3.75,11.79,56.25,67.5,78.75,90.0,101.25,112.5,ShowDailyK_ChartFlow,FinMind_API_TaiwanStockPrice_2891,True,2026-09-22T15:48:52,2026-09-22T15:48:52,2026-09-22T15:48:52
2891,中信金,2025-11-24,44.1,0.7000000000000028,1.61%,3.75,11.98,56.25,67.5,78.75,90.0,101.25,112.5,ShowDailyK_ChartFlow,FinMind_API_TaiwanStockPrice_2891,True,2026-09-22T15:48:52,2026-09-22T15:48:52,2026-09-22T15:48:52
2891,中信金,2025-11-25,43.3,-0.8000000000000043,-1.81%,3.75,11.77,56.25,67.5,78.75,90.0,101.25,112.5,ShowDailyK_ChartFlow,FinMind_API_TaiwanStockPrice_2891,True,2026-09-22T15:48:52,2026-09-22T15:48:52,2026-09-22T15:48:52
2891,中信金,2025-11-26,43.4,0.10000000000000142,0.23%,3.75,11.79,56.25,67.5,78.75,90.0,101.25,112.5,ShowDailyK_ChartFlow,FinMind_API_TaiwanStockPrice_2891,True,2026-09-22T15:48:52,2026-09-22T15:48:52,2026-09-22T15:48:52
2891,中信金,2025-11-27,44.0,0.6000000000000014,1.38%,3.75,11.96,56.25,67.5,78.75,90.0,101.25,112.5,ShowDailyK_ChartFlow,FinMind_API_TaiwanStockPrice_2891,True,2026-09-22T15:48:52,2026-09-22T15:48:52,2026-09-22T15:48:52
2891,中信金,2025-11-28,43.45,-0.5499999999999972,-1.25%,3.75,11.81,56.25,67.5,78.75,90.0,101.25,112.5,ShowDailyK_ChartFlow,FinMind_API_TaiwanStockPrice_2891,True,2026-09-22T15:48:52,2026-09-22T15:48:52,2026-09-22T15:48:52
2891,中信金,2025-12-01,43.4,-0.05000000000000426,-0.12%,3.75,11.79,56.25,67.5,78.75,90.0,101.25,112.5,ShowDailyK_ChartFlow,FinMind_API_TaiwanStockPrice_2891,True,2026-09-22T15:48:52,2026-09-22T15:48:52,2026-09-22T15:48:52
2891,中信金,2025-12-02,44.1,0.7000000000000028,1.61%,3.75,11.98,56.25,67.5,78.75,90.0,101.25,112.5,ShowDailyK_ChartFlow,FinMind_API_TaiwanStockPrice_2891,True,2026-09-22T15:48:52,2026-09-22T15:48:52,2026-09-22T15:48:52
2891,中信金,2025-12-03,43.7,-0.3999999999999986,-0.91%,3.75,11.88,56.25,67.5,78.75,90.0,101.25,112.5,ShowDailyK_ChartFlow,FinMind_API_TaiwanStockPrice_2891,True,2026-09-22T15:48:52,2026-09-22T15:48:52,2026-09-22T15:48:52
2891,中信金,2025-12-04,44.35,0.6499999999999986,1.49%,3.75,12.05,56.25,67.5,78.75,90.0,101.25,112.5,ShowDailyK_ChartFlow,FinMind_API_TaiwanStockPrice_2891,True,2026-09-22T15:48:52,2026-09-22T15:48:52,2026-09-22T15:48:52
2891,中信金,2025-12-05,44.55,0.19999999999999574,0.45%,3.75,12.11,56.25,67.5,78.75,90.0,101.25,112.5,ShowDailyK_ChartFlow,FinMind_API_TaiwanStockPrice_2891,True,2026-09-22T15:48:52,2026-09-22T15:48:52,2026-09-22T15:48:52
2891,中信金,2025-12-08,44.55,0.0,0.00%,3.75,12.11,56.25,67.5,78.75,90.0,101.25,112.5,ShowDailyK_ChartFlow,FinMind_API_TaiwanStockPrice_2891,True,2026-09-22T15:48:52,2026-09-22T15:48:52,2026-09-22T15:48:52
2891,中信金,2025-12-09,44.95,0.4000000000000057,0.90%,3.75,12.21,56.25,67.5,78.75,90.0,101.25,112.5,ShowDailyK_ChartFlow,FinMind_API_TaiwanStockPrice_2891,True,2026-09-22T15:48:52,2026-09-22T15:48:52,2026-09-22T15:48:52
2891,中信金,2025-12-10,44.8,-0.15000000000000568,-0.33%,3.75,12.17,56.25,67.5,78.75,90.0,101.25,112.5,ShowDailyK_ChartFlow,FinMind_API_TaiwanStockPrice_2891,True,2026-09-22T15:48:52,2026-09-22T15:48:52,2026-09-22T15:48:52
2891,中信金,2025-12-11,45.05,0.25,0.56%,3.75,12.24,56.25,67.5,78.75,90.0,101.25,112.5,ShowDailyK_ChartFlow,FinMind_API_TaiwanStockPrice_2891,True,2026-09-22T15:48:52,2026-09-22T15:48:52,2026-09-22T15:48:52
2891,中信金,2025-12-12,46.5,1.4500000000000028,3.22%,3.75,12.64,56.25,67.5,78.75,90.0,101.25,112.5,ShowDailyK_ChartFlow,FinMind_API_TaiwanStockPrice_2891,True,2026-09-22T15:48:52,2026-09-22T15:48:52,2026-09-22T15:48:52
2891,中信金,2025-12-15,46.75,0.25,0.54%,3.75,12.7,56.25,67.5,78.75,90.0,101.25,112.5,ShowDailyK_ChartFlow,FinMind_API_TaiwanStockPrice_2891,True,2026-09-22T15:48:52,2026-09-22T15:48:52,2026-09-22T15:48:52
2891,中信金,2025-12-16,46.65,-0.10000000000000142,-0.21%,3.75,12.68,56.25,67.5,78.75,90.0,101.25,112.5,ShowDailyK_ChartFlow,FinMind_API_TaiwanStockPrice_2891,True,2026-09-22T15:48:52,2026-09-22T15:48:52,2026-09-22T15:48:52
2891,中信金,2025-12-17,48.95,2.3000000000000043,4.93%,3.75,13.3,56.25,67.5,78.75,90.0,101.25,112.5,ShowDailyK_ChartFlow,FinMind_API_TaiwanStockPrice_2891,True,2026-09-22T15:48:52,2026-09-22T15:48:52,2026-09-22T15:48:52
2891,中信金,2025-12-18,49.35,0.3999999999999986,0.82%,3.75,13.41,56.25,67.5,78.75,90.0,101.25,112.5,ShowDailyK_ChartFlow,FinMind_API_TaiwanStockPrice_2891,True,2026-09-22T15:48:52,2026-09-22T15:48:52,2026-09-22T15:48:52
2891,中信金,2025-12-19,49.5,0.14999999999999858,0.30%,3.75,13.45,56.25,67.5,78.75,90.0,101.25,112.5,ShowDailyK_ChartFlow,FinMind_API_TaiwanStockPrice_2891,True,2026-09-22T15:48:52,2026-09-22T15:48:52,2026-09-22T15:48:52
2891,中信金,2025-12-22,50.4,0.8999999999999986,1.82%,3.75,13.7,56.25,67.5,78.75,90.0,101.25,112.5,ShowDailyK_ChartFlow,FinMind_API_TaiwanStockPrice_2891,True,2026-09-22T15:48:52,2026-09-22T15:48:52,2026-09-22T15:48:52
2891,中信金,2025-12-23,50.4,0.0,0.00%,3.75,13.7,56.25,67.5,78.75,90.0,101.25,112.5,ShowDailyK_ChartFlow,FinMind_API_TaiwanStockPrice_2891,True,2026-09-22T15:48:52,2026-09-22T15:48:52,2026-09-22T15:48:52
2891,中信金,2025-12-24,50.3,-0.10000000000000142,-0.20%,3.75,13.67,56.25,67.5,78.75,90.0,101.25,112.5,ShowDailyK_ChartFlow,FinMind_API_TaiwanStockPrice_2891,True,2026-09-22T15:48:52,2026-09-22T15:48:52,2026-09-22T15:48:52
2891,中信金,2025-12-26,49.8,-0.5,-0.99%,3.75,13.53,56.25,67.5,78.75,90.0,101.25,112.5,ShowDailyK_ChartFlow,FinMind_API_TaiwanStockPrice_2891,True,2026-09-22T15:48:52,2026-09-22T15:48:52,2026-09-22T15:48:52
2891,中信金,2025-12-29,50.4,0.6000000000000014,1.20%,3.75,13.7,56.25,67.5,78.75,90.0,101.25,112.5,ShowDailyK_ChartFlow,FinMind_API_TaiwanStockPrice_2891,True,2026-09-22T15:48:52,2026-09-22T15:48:52,2026-09-22T15:48:52
2891,中信金,2025-12-30,50.2,-0.19999999999999574,-0.40%,3.75,13.64,56.25,67.5,78.75,90.0,101.25,112.5,ShowDailyK_ChartFlow,FinMind_API_TaiwanStockPrice_2891,True,2026-09-22T15:48:52,2026-09-22T15:48:52,2026-09-22T15:48:52
2891,中信金,2025-12-31,50.2,0.0,0.00%,4.08,13.64,61.2,73.44,85.68,97.92,110.16,122.4,ShowDailyK_ChartFlow,FinMind_API_TaiwanStockPrice_2891,True,2026-09-22T15:48:52,2026-09-22T15:48:52,2026-09-22T15:48:52
2891,中信金,2026-01-02,50.8,0.5999999999999943,1.20%,4.08,13.8,61.2,73.44,85.68,97.92,110.16,122.4,ShowDailyK_ChartFlow,FinMind_API_TaiwanStockPrice_2891,True,2026-09-22T15:48:52,2026-09-22T15:48:52,2026-09-22T15:48:52
2891,中信金,2026-01-05,49.9,-0.8999999999999986,-1.77%,4.08,13.56,61.2,73.44,85.68,97.92,110.16,122.4,ShowDailyK_ChartFlow,FinMind_API_TaiwanStockPrice_2891,True,2026-09-22T15:48:52,2026-09-22T15:48:52,2026-09-22T15:48:52
2891,中信金,2026-01-06,49.85,-0.04999999999999716,-0.10%,4.08,13.55,61.2,73.44,85.68,97.92,110.16,122.4,ShowDailyK_ChartFlow,FinMind_API_TaiwanStockPrice_2891,True,2026-09-22T15:48:52,2026-09-22T15:48:52,2026-09-22T15:48:52
2891,中信金,2026-01-07,49.35,-0.5,-1.00%,4.08,13.41,61.2,73.44,85.68,97.92,110.16,122.4,ShowDailyK_ChartFlow,FinMind_API_TaiwanStockPrice_2891,True,2026-09-22T15:48:52,2026-09-22T15:48:52,2026-09-22T15:48:52
2891,中信金,2026-01-08,49.35,0.0,0.00%,4.08,13.41,61.2,73.44,85.68,97.92,110.16,122.4,ShowDailyK_ChartFlow,FinMind_API_TaiwanStockPrice_2891,True,2026-09-22T15:48:52,2026-09-22T15:48:52,2026-09-22T15:48:52
2891,中信金,2026-01-09,49.7,0.3500000000000014,0.71%,4.08,13.51,61.2,73.44,85.68,97.92,110.16,122.4,ShowDailyK_ChartFlow,FinMind_API_TaiwanStockPrice_2891,True,2026-09-22T15:48:52,2026-09-22T15:48:52,2026-09-22T15:48:52
2891,中信金,2026-01-12,50.0,0.29999999999999716,0.60%,4.08,13.59,61.2,73.44,85.68,97.92,110.16,122.4,ShowDailyK_ChartFlow,FinMind_API_TaiwanStockPrice_2891,True,2026-09-22T15:48:52,2026-09-22T15:48:52,2026-09-22T15:48:52
2891,中信金,2026-01-13,49.65,-0.3500000000000014,-0.70%,4.08,13.49,61.2,73.44,85.68,97.92,110.16,122.4,ShowDailyK_ChartFlow,FinMind_API_TaiwanStockPrice_2891,True,2026-09-22T15:48:52,2026-09-22T15:48:52,2026-09-22T15:48:52
2891,中信金,2026-01-14,49.3,-0.3500000000000014,-0.70%,4.08,13.4,61.2,73.44,85.68,97.92,110.16,122.4,ShowDailyK_ChartFlow,FinMind_API_TaiwanStockPrice_2891,True,2026-09-22T15:48:52,2026-09-22T15:48:52,2026-09-22T15:48:52
2891,中信金,2026-01-15,50.4,1.1000000000000014,2.23%,4.08,13.7,61.2,73.44,85.68,97.92,110.16,122.4,ShowDailyK_ChartFlow,FinMind_API_TaiwanStockPrice_2891,True,2026-09-22T15:48:52,2026-09-22T15:48:52,2026-09-22T15:48:52
2891,中信金,2026-01-16,50.5,0.10000000000000142,0.20%,4.08,13.72,61.2,73.44,85.68,97.92,110.16,122.4,ShowDailyK_ChartFlow,FinMind_API_TaiwanStockPrice_2891,True,2026-09-22T15:48:52,2026-09-22T15:48:52,2026-09-22T15:48:52
2891,中信金,2026-01-19,51.2,0.7000000000000028,1.39%,4.08,13.91,61.2,73.44,85.68,97.92,110.16,122.4,ShowDailyK_ChartFlow,FinMind_API_TaiwanStockPrice_2891,True,2026-09-22T15:48:52,2026-09-22T15:48:52,2026-09-22T15:48:52
2891,中信金,2026-01-20,51.0,-0.20000000000000284,-0.39%,4.08,13.86,61.2,73.44,85.68,97.92,110.16,122.4,ShowDailyK_ChartFlow,FinMind_API_TaiwanStockPrice_2891,True,2026-09-22T15:48:52,2026-09-22T15:48:52,2026-09-22T15:48:52
2891,中信金,2026-01-21,50.6,-0.3999999999999986,-0.78%,4.08,13.75,61.2,73.44,85.68,97.92,110.16,122.4,ShowDailyK_ChartFlow,FinMind_API_TaiwanStockPrice_2891,True,2026-09-22T15:48:52,2026-09-22T15:48:52,2026-09-22T15:48:52
2891,中信金,2026-01-22,50.8,0.19999999999999574,0.40%,4.08,13.8,61.2,73.44,85.68,97.92,110.16,122.4,ShowDailyK_ChartFlow,FinMind_API_TaiwanStockPrice_2891,True,2026-09-22T15:48:52,2026-09-22T15:48:52,2026-09-22T15:48:52
2891,中信金,2026-01-23,50.5,-0.29999999999999716,-0.59%,4.08,13.72,61.2,73.44,85.68,97.92,110.16,122.4,ShowDailyK_ChartFlow,FinMind_API_TaiwanStockPrice_2891,True,2026-09-22T15:48:52,2026-09-22T15:48:52,2026-09-22T15:48:52
2891,中信金,2026-01-26,51.0,0.5,0.99%,4.08,13.86,61.2,73.44,85.68,97.92,110.16,122.4,ShowDailyK_ChartFlow,FinMind_API_TaiwanStockPrice_2891,True,2026-09-22T15:48:52,2026-09-22T15:48:52,2026-09-22T15:48:52
2891,中信金,2026-01-27,50.8,-0.20000000000000284,-0.39%,4.08,13.8,61.2,73.44,85.68,97.92,110.16,122.4,ShowDailyK_ChartFlow,FinMind_API_TaiwanStockPrice_2891,True,2026-09-22T15:48:52,2026-09-22T15:48:52,2026-09-22T15:48:52
2891,中信金,2026-01-28,51.2,0.4000000000000057,0.79%,4.08,13.91,61.2,73.44,85.68,97.92,110.16,122.4,ShowDailyK_ChartFlow,FinMind_API_TaiwanStockPrice_2891,True,2026-09-22T15:48:52,2026-09-22T15:48:52,2026-09-22T15:48:52
2891,中信金,2026-01-29,52.0,0.7999999999999972,1.56%,4.08,14.13,61.2,73.44,85.68,97.92,110.16,122.4,ShowDailyK_ChartFlow,FinMind_API_TaiwanStockPrice_2891,True,2026-09-22T15:48:52,2026-09-22T15:48:52,2026-09-22T15:48:52
2891,中信金,2026-01-30,50.9,-1.1000000000000014,-2.12%,4.08,13.83,61.2,73.44,85.68,97.92,110.16,122.4,ShowDailyK_ChartFlow,FinMind_API_TaiwanStockPrice_2891,True,2026-09-22T15:48:52,2026-09-22T15:48:52,2026-09-22T15:48:52
2891,中信金,2026-02-02,50.9,0.0,0.00%,4.08,13.83,61.2,73.44,85.68,97.92,110.16,122.4,ShowDailyK_ChartFlow,FinMind_API_TaiwanStockPrice_2891,True,2026-09-22T15:48:52,2026-09-22T15:48:52,2026-09-22T15:48:52
2891,中信金,2026-02-03,51.1,0.20000000000000284,0.39%,4.08,13.89,61.2,73.44,85.68,97.92,110.16,122.4,ShowDailyK_ChartFlow,FinMind_API_TaiwanStockPrice_2891,True,2026-09-22T15:48:52,2026-09-22T15:48:52,2026-09-22T15:48:52
2891,中信金,2026-02-04,51.2,0.10000000000000142,0.20%,4.08,13.91,61.2,73.44,85.68,97.92,110.16,122.4,ShowDailyK_ChartFlow,FinMind_API_TaiwanStockPrice_2891,True,2026-09-22T15:48:52,2026-09-22T15:48:52,2026-09-22T15:48:52
2891,中信金,2026-02-05,51.7,0.5,0.98%,4.08,14.05,61.2,73.44,85.68,97.92,110.16,122.4,ShowDailyK_ChartFlow,FinMind_API_TaiwanStockPrice_2891,True,2026-09-22T15:48:52,2026-09-22T15:48:52,2026-09-22T15:48:52
2891,中信金,2026-02-06,51.6,-0.10000000000000142,-0.19%,4.08,14.02,61.2,73.44,85.68,97.92,110.16,122.4,ShowDailyK_ChartFlow,FinMind_API_TaiwanStockPrice_2891,True,2026-09-22T15:48:52,2026-09-22T15:48:52,2026-09-22T15:48:52
2891,中信金,2026-02-09,52.0,0.3999999999999986,0.78%,4.08,14.13,61.2,73.44,85.68,97.92,110.16,122.4,ShowDailyK_ChartFlow,FinMind_API_TaiwanStockPrice_2891,True,2026-09-22T15:48:52,2026-09-22T15:48:52,2026-09-22T15:48:52
2891,中信金,2026-02-10,51.7,-0.29999999999999716,-0.58%,4.08,14.05,61.2,73.44,85.68,97.92,110.16,122.4,ShowDailyK_ChartFlow,FinMind_API_TaiwanStockPrice_2891,True,2026-09-22T15:48:52,2026-09-22T15:48:52,2026-09-22T15:48:52
2891,中信金,2026-02-11,52.2,0.5,0.97%,4.08,14.18,61.2,73.44,85.68,97.92,110.16,122.4,ShowDailyK_ChartFlow,FinMind_API_TaiwanStockPrice_2891,True,2026-09-22T15:48:52,2026-09-22T15:48:52,2026-09-22T15:48:52
2891,中信金,2026-02-23,53.9,1.6999999999999957,3.26%,4.08,14.65,61.2,73.44,85.68,97.92,110.16,122.4,ShowDailyK_ChartFlow,FinMind_API_TaiwanStockPrice_2891,True,2026-09-22T15:48:52,2026-09-22T15:48:52,2026-09-22T15:48:52
2891,中信金,2026-02-24,53.8,-0.10000000000000142,-0.19%,4.08,14.62,61.2,73.44,85.68,97.92,110.16,122.4,ShowDailyK_ChartFlow,FinMind_API_TaiwanStockPrice_2891,True,2026-09-22T15:48:52,2026-09-22T15:48:52,2026-09-22T15:48:52
2891,中信金,2026-02-25,53.5,-0.29999999999999716,-0.56%,4.08,14.54,61.2,73.44,85.68,97.92,110.16,122.4,ShowDailyK_ChartFlow,FinMind_API_TaiwanStockPrice_2891,True,2026-09-22T15:48:52,2026-09-22T15:48:52,2026-09-22T15:48:52
2891,中信金,2026-02-26,55.9,2.3999999999999986,4.49%,4.08,15.19,61.2,73.44,85.68,97.92,110.16,122.4,ShowDailyK_ChartFlow,FinMind_API_TaiwanStockPrice_2891,True,2026-09-22T15:48:52,2026-09-22T15:48:52,2026-09-22T15:48:52
2891,中信金,2026-03-02,53.8,-2.1000000000000014,-3.76%,4.08,14.62,61.2,73.44,85.68,97.92,110.16,122.4,ShowDailyK_ChartFlow,FinMind_API_TaiwanStockPrice_2891,True,2026-09-22T15:48:52,2026-09-22T15:48:52,2026-09-22T15:48:52
2891,中信金,2026-03-03,53.5,-0.29999999999999716,-0.56%,4.08,14.54,61.2,73.44,85.68,97.92,110.16,122.4,ShowDailyK_ChartFlow,FinMind_API_TaiwanStockPrice_2891,True,2026-09-22T15:48:52,2026-09-22T15:48:52,2026-09-22T15:48:52
2891,中信金,2026-03-04,50.5,-3.0,-5.61%,4.08,13.72,61.2,73.44,85.68,97.92,110.16,122.4,ShowDailyK_ChartFlow,FinMind_API_TaiwanStockPrice_2891,True,2026-09-22T15:48:52,2026-09-22T15:48:52,2026-09-22T15:48:52
2891,中信金,2026-03-05,51.5,1.0,1.98%,4.08,13.99,61.2,73.44,85.68,97.92,110.16,122.4,ShowDailyK_ChartFlow,FinMind_API_TaiwanStockPrice_2891,True,2026-09-22T15:48:52,2026-09-22T15:48:52,2026-09-22T15:48:52
2891,中信金,2026-03-06,51.4,-0.10000000000000142,-0.19%,4.08,13.97,61.2,73.44,85.68,97.92,110.16,122.4,ShowDailyK_ChartFlow,FinMind_API_TaiwanStockPrice_2891,True,2026-09-22T15:48:52,2026-09-22T15:48:52,2026-09-22T15:48:52
2891,中信金,2026-03-09,51.0,-0.3999999999999986,-0.78%,4.08,13.86,61.2,73.44,85.68,97.92,110.16,122.4,ShowDailyK_ChartFlow,FinMind_API_TaiwanStockPrice_2891,True,2026-09-22T15:48:52,2026-09-22T15:48:52,2026-09-22T15:48:52
2891,中信金,2026-03-10,51.2,0.20000000000000284,0.39%,4.08,13.91,61.2,73.44,85.68,97.92,110.16,122.4,ShowDailyK_ChartFlow,FinMind_API_TaiwanStockPrice_2891,True,2026-09-22T15:48:52,2026-09-22T15:48:52,2026-09-22T15:48:52
2891,中信金,2026-03-11,51.2,0.0,0.00%,4.08,13.91,61.2,73.44,85.68,97.92,110.16,122.4,ShowDailyK_ChartFlow,FinMind_API_TaiwanStockPrice_2891,True,2026-09-22T15:48:52,2026-09-22T15:48:52,2026-09-22T15:48:52
2891,中信金,2026-03-12,51.3,0.09999999999999432,0.20%,4.08,13.94,61.2,73.44,85.68,97.92,110.16,122.4,ShowDailyK_ChartFlow,FinMind_API_TaiwanStockPrice_2891,True,2026-09-22T15:48:52,2026-09-22T15:48:52,2026-09-22T15:48:52
2891,中信金,2026-03-13,51.3,0.0,0.00%,4.08,13.94,61.2,73.44,85.68,97.92,110.16,122.4,ShowDailyK_ChartFlow,FinMind_API_TaiwanStockPrice_2891,True,2026-09-22T15:48:52,2026-09-22T15:48:52,2026-09-22T15:48:52
2891,中信金,2026-03-16,51.9,0.6000000000000014,1.17%,4.08,12.98,61.2,73.44,85.68,97.92,110.16,122.4,ShowDailyK_ChartFlow,FinMind_API_TaiwanStockPrice_2891,True,2026-09-22T15:48:52,2026-09-22T15:48:52,2026-09-22T15:48:52
2891,中信金,2026-03-17,52.9,1.0,1.93%,4.08,13.23,61.2,73.44,85.68,97.92,110.16,122.4,ShowDailyK_ChartFlow,FinMind_API_TaiwanStockPrice_2891,True,2026-09-22T15:48:52,2026-09-22T15:48:52,2026-09-22T15:48:52
2891,中信金,2026-03-18,53.3,0.3999999999999986,0.76%,4.08,13.33,61.2,73.44,85.68,97.92,110.16,122.4,ShowDailyK_ChartFlow,FinMind_API_TaiwanStockPrice_2891,True,2026-09-22T15:48:52,2026-09-22T15:48:52,2026-09-22T15:48:52
2891,中信金,2026-03-19,51.6,-1.6999999999999957,-3.19%,4.08,12.9,61.2,73.44,85.68,97.92,110.16,122.4,ShowDailyK_ChartFlow,FinMind_API_TaiwanStockPrice_2891,True,2026-09-22T15:48:52,2026-09-22T15:48:52,2026-09-22T15:48:52
2891,中信金,2026-03-20,52.1,0.5,0.97%,4.08,13.03,61.2,73.44,85.68,97.92,110.16,122.4,ShowDailyK_ChartFlow,FinMind_API_TaiwanStockPrice_2891,True,2026-09-22T15:48:52,2026-09-22T15:48:52,2026-09-22T15:48:52
2891,中信金,2026-03-23,51.5,-0.6000000000000014,-1.15%,4.08,12.88,61.2,73.44,85.68,97.92,110.16,122.4,ShowDailyK_ChartFlow,FinMind_API_TaiwanStockPrice_2891,True,2026-09-22T15:48:52,2026-09-22T15:48:52,2026-09-22T15:48:52
2891,中信金,2026-03-24,52.0,0.5,0.97%,4.08,13.0,61.2,73.44,85.68,97.92,110.16,122.4,ShowDailyK_ChartFlow,FinMind_API_TaiwanStockPrice_2891,True,2026-09-22T15:48:52,2026-09-22T15:48:52,2026-09-22T15:48:52
2891,中信金,2026-03-25,52.8,0.7999999999999972,1.54%,4.08,13.2,61.2,73.44,85.68,97.92,110.16,122.4,ShowDailyK_ChartFlow,FinMind_API_TaiwanStockPrice_2891,True,2026-09-22T15:48:52,2026-09-22T15:48:52,2026-09-22T15:48:52
2891,中信金,2026-03-26,53.0,0.20000000000000284,0.38%,4.08,13.25,61.2,73.44,85.68,97.92,110.16,122.4,ShowDailyK_ChartFlow,FinMind_API_TaiwanStockPrice_2891,True,2026-09-22T15:48:52,2026-09-22T15:48:52,2026-09-22T15:48:52
2891,中信金,2026-03-27,53.0,0.0,0.00%,4.08,13.25,61.2,73.44,85.68,97.92,110.16,122.4,ShowDailyK_ChartFlow,FinMind_API_TaiwanStockPrice_2891,True,2026-09-22T15:48:52,2026-09-22T15:48:52,2026-09-22T15:48:52
2891,中信金,2026-03-30,51.9,-1.1000000000000014,-2.08%,4.08,12.98,61.2,73.44,85.68,97.92,110.16,122.4,ShowDailyK_ChartFlow,FinMind_API_TaiwanStockPrice_2891,True,2026-09-22T15:48:52,2026-09-22T15:48:52,2026-09-22T15:48:52
2891,中信金,2026-03-31,51.3,-0.6000000000000014,-1.16%,4.08,12.83,61.2,73.44,85.68,97.92,110.16,122.4,ShowDailyK_ChartFlow,FinMind_API_TaiwanStockPrice_2891,True,2026-09-22T15:48:52,2026-09-22T15:48:52,2026-09-22T15:48:52
2891,中信金,2026-04-01,53.7,2.4000000000000057,4.68%,4.08,13.43,61.2,73.44,85.68,97.92,110.16,122.4,ShowDailyK_ChartFlow,FinMind_API_TaiwanStockPrice_2891,True,2026-09-22T15:48:52,2026-09-22T15:48:52,2026-09-22T15:48:52
2891,中信金,2026-04-02,54.5,0.7999999999999972,1.49%,4.08,13.63,61.2,73.44,85.68,97.92,110.16,122.4,ShowDailyK_ChartFlow,FinMind_API_TaiwanStockPrice_2891,True,2026-09-22T15:48:52,2026-09-22T15:48:52,2026-09-22T15:48:52
2891,中信金,2026-04-07,55.8,1.2999999999999972,2.39%,4.08,13.95,61.2,73.44,85.68,97.92,110.16,122.4,ShowDailyK_ChartFlow,FinMind_API_TaiwanStockPrice_2891,True,2026-09-22T15:48:52,2026-09-22T15:48:52,2026-09-22T15:48:52
2891,中信金,2026-04-08,56.5,0.7000000000000028,1.25%,4.08,14.13,61.2,73.44,85.68,97.92,110.16,122.4,ShowDailyK_ChartFlow,FinMind_API_TaiwanStockPrice_2891,True,2026-09-22T15:48:52,2026-09-22T15:48:52,2026-09-22T15:48:52
2891,中信金,2026-04-09,54.8,-1.7000000000000028,-3.01%,4.08,13.7,61.2,73.44,85.68,97.92,110.16,122.4,ShowDailyK_ChartFlow,FinMind_API_TaiwanStockPrice_2891,True,2026-09-22T15:48:52,2026-09-22T15:48:52,2026-09-22T15:48:52
2891,中信金,2026-04-10,54.0,-0.7999999999999972,-1.46%,4.08,13.5,61.2,73.44,85.68,97.92,110.16,122.4,ShowDailyK_ChartFlow,FinMind_API_TaiwanStockPrice_2891,True,2026-09-22T15:48:52,2026-09-22T15:48:52,2026-09-22T15:48:52
2891,中信金,2026-04-13,53.3,-0.7000000000000028,-1.30%,4.08,13.33,61.2,73.44,85.68,97.92,110.16,122.4,ShowDailyK_ChartFlow,FinMind_API_TaiwanStockPrice_2891,True,2026-09-22T15:48:52,2026-09-22T15:48:52,2026-09-22T15:48:52
2891,中信金,2026-04-14,53.1,-0.19999999999999574,-0.38%,4.08,13.28,61.2,73.44,85.68,97.92,110.16,122.4,ShowDailyK_ChartFlow,FinMind_API_TaiwanStockPrice_2891,True,2026-09-22T15:48:52,2026-09-22T15:48:52,2026-09-22T15:48:52
2891,中信金,2026-04-15,52.8,-0.30000000000000426,-0.56%,4.08,13.2,61.2,73.44,85.68,97.92,110.16,122.4,ShowDailyK_ChartFlow,FinMind_API_TaiwanStockPrice_2891,True,2026-09-22T15:48:52,2026-09-22T15:48:52,2026-09-22T15:48:52
2891,中信金,2026-04-16,53.4,0.6000000000000014,1.14%,4.08,13.35,61.2,73.44,85.68,97.92,110.16,122.4,ShowDailyK_ChartFlow,FinMind_API_TaiwanStockPrice_2891,True,2026-09-22T15:48:52,2026-09-22T15:48:52,2026-09-22T15:48:52
2891,中信金,2026-04-17,53.1,-0.29999999999999716,-0.56%,4.08,13.28,61.2,73.44,85.68,97.92,110.16,122.4,ShowDailyK_ChartFlow,FinMind_API_TaiwanStockPrice_2891,True,2026-09-22T15:48:52,2026-09-22T15:48:52,2026-09-22T15:48:52
2891,中信金,2026-04-20,53.1,0.0,0.00%,4.08,13.28,61.2,73.44,85.68,97.92,110.16,122.4,ShowDailyK_ChartFlow,FinMind_API_TaiwanStockPrice_2891,True,2026-09-22T15:48:52,2026-09-22T15:48:52,2026-09-22T15:48:52
2891,中信金,2026-04-21,53.0,-0.10000000000000142,-0.19%,4.08,13.25,61.2,73.44,85.68,97.92,110.16,122.4,ShowDailyK_ChartFlow,FinMind_API_TaiwanStockPrice_2891,True,2026-09-22T15:48:52,2026-09-22T15:48:52,2026-09-22T15:48:52
2891,中信金,2026-04-22,53.5,0.5,0.94%,4.08,13.38,61.2,73.44,85.68,97.92,110.16,122.4,ShowDailyK_ChartFlow,FinMind_API_TaiwanStockPrice_2891,True,2026-09-22T15:48:52,2026-09-22T15:48:52,2026-09-22T15:48:52
2891,中信金,2026-04-23,52.7,-0.7999999999999972,-1.50%,4.08,13.18,61.2,73.44,85.68,97.92,110.16,122.4,ShowDailyK_ChartFlow,FinMind_API_TaiwanStockPrice_2891,True,2026-09-22T15:48:52,2026-09-22T15:48:52,2026-09-22T15:48:52
2891,中信金,2026-04-24,52.9,0.19999999999999574,0.38%,4.08,13.23,61.2,73.44,85.68,97.92,110.16,122.4,ShowDailyK_ChartFlow,FinMind_API_TaiwanStockPrice_2891,True,2026-09-22T15:48:52,2026-09-22T15:48:52,2026-09-22T15:48:52
2891,中信金,2026-04-27,52.7,-0.19999999999999574,-0.38%,4.08,13.18,61.2,73.44,85.68,97.92,110.16,122.4,ShowDailyK_ChartFlow,FinMind_API_TaiwanStockPrice_2891,True,2026-09-22T15:48:52,2026-09-22T15:48:52,2026-09-22T15:48:52
2891,中信金,2026-04-28,53.3,0.5999999999999943,1.14%,4.08,13.33,61.2,73.44,85.68,97.92,110.16,122.4,ShowDailyK_ChartFlow,FinMind_API_TaiwanStockPrice_2891,True,2026-09-22T15:48:52,2026-09-22T15:48:52,2026-09-22T15:48:52
2891,中信金,2026-04-29,53.1,-0.19999999999999574,-0.38%,4.08,13.28,61.2,73.44,85.68,97.92,110.16,122.4,ShowDailyK_ChartFlow,FinMind_API_TaiwanStockPrice_2891,True,2026-09-22T15:48:52,2026-09-22T15:48:52,2026-09-22T15:48:52
2891,中信金,2026-04-30,52.3,-0.8000000000000043,-1.51%,4.08,13.08,61.2,73.44,85.68,97.92,110.16,122.4,ShowDailyK_ChartFlow,FinMind_API_TaiwanStockPrice_2891,True,2026-09-22T15:48:52,2026-09-22T15:48:52,2026-09-22T15:48:52
2891,中信金,2026-05-04,52.9,0.6000000000000014,1.15%,4.08,13.23,61.2,73.44,85.68,97.92,110.16,122.4,ShowDailyK_ChartFlow,FinMind_API_TaiwanStockPrice_2891,True,2026-09-22T15:48:52,2026-09-22T15:48:52,2026-09-22T15:48:52
2891,中信金,2026-05-05,53.5,0.6000000000000014,1.13%,4.08,13.38,61.2,73.44,85.68,97.92,110.16,122.4,ShowDailyK_ChartFlow,FinMind_API_TaiwanStockPrice_2891,True,2026-09-22T15:48:52,2026-09-22T15:48:52,2026-09-22T15:48:52
2891,中信金,2026-05-06,54.7,1.2000000000000028,2.24%,4.08,13.68,61.2,73.44,85.68,97.92,110.16,122.4,ShowDailyK_ChartFlow,FinMind_API_TaiwanStockPrice_2891,True,2026-09-22T15:48:52,2026-09-22T15:48:52,2026-09-22T15:48:52
2891,中信金,2026-05-07,56.2,1.5,2.74%,4.08,14.05,61.2,73.44,85.68,97.92,110.16,122.4,ShowDailyK_ChartFlow,FinMind_API_TaiwanStockPrice_2891,True,2026-09-22T15:48:52,2026-09-22T15:48:52,2026-09-22T15:48:52
2891,中信金,2026-05-08,56.4,0.19999999999999574,0.36%,4.08,14.1,61.2,73.44,85.68,97.92,110.16,122.4,ShowDailyK_ChartFlow,FinMind_API_TaiwanStockPrice_2891,True,2026-09-22T15:48:52,2026-09-22T15:48:52,2026-09-22T15:48:52
2891,中信金,2026-05-11,55.3,-1.1000000000000014,-1.95%,4.08,13.83,61.2,73.44,85.68,97.92,110.16,122.4,ShowDailyK_ChartFlow,FinMind_API_TaiwanStockPrice_2891,True,2026-09-22T15:48:52,2026-09-22T15:48:52,2026-09-22T15:48:52
2891,中信金,2026-05-12,53.5,-1.7999999999999972,-3.25%,4.08,13.38,61.2,73.44,85.68,97.92,110.16,122.4,ShowDailyK_ChartFlow,FinMind_API_TaiwanStockPrice_2891,True,2026-09-22T15:48:52,2026-09-22T15:48:52,2026-09-22T15:48:52
2891,中信金,2026-05-13,54.9,1.3999999999999986,2.62%,4.08,13.73,61.2,73.44,85.68,97.92,110.16,122.4,ShowDailyK_ChartFlow,FinMind_API_TaiwanStockPrice_2891,True,2026-09-22T15:48:52,2026-09-22T15:48:52,2026-09-22T15:48:52
2891,中信金,2026-05-14,54.8,-0.10000000000000142,-0.18%,4.08,13.7,61.2,73.44,85.68,97.92,110.16,122.4,ShowDailyK_ChartFlow,FinMind_API_TaiwanStockPrice_2891,True,2026-09-22T15:48:52,2026-09-22T15:48:52,2026-09-22T15:48:52
2891,中信金,2026-05-15,54.8,0.0,0.00%,4.08,13.7,61.2,73.44,85.68,97.92,110.16,122.4,ShowDailyK_ChartFlow,FinMind_API_TaiwanStockPrice_2891,True,2026-09-22T15:48:52,2026-09-22T15:48:52,2026-09-22T15:48:52
2891,中信金,2026-05-18,54.8,0.0,0.00%,4.08,13.7,61.2,73.44,85.68,97.92,110.16,122.4,ShowDailyK_ChartFlow,FinMind_API_TaiwanStockPrice_2891,True,2026-09-22T15:48:52,2026-09-22T15:48:52,2026-09-22T15:48:52
2891,中信金,2026-05-19,55.4,0.6000000000000014,1.09%,4.08,13.85,61.2,73.44,85.68,97.92,110.16,122.4,ShowDailyK_ChartFlow,FinMind_API_TaiwanStockPrice_2891,True,2026-09-22T15:48:52,2026-09-22T15:48:52,2026-09-22T15:48:52
2891,中信金,2026-05-20,57.8,2.3999999999999986,4.33%,4.08,14.45,61.2,73.44,85.68,97.92,110.16,122.4,ShowDailyK_ChartFlow,FinMind_API_TaiwanStockPrice_2891,True,2026-09-22T15:48:52,2026-09-22T15:48:52,2026-09-22T15:48:52
2891,中信金,2026-05-21,57.5,-0.29999999999999716,-0.52%,4.08,14.38,61.2,73.44,85.68,97.92,110.16,122.4,ShowDailyK_ChartFlow,FinMind_API_TaiwanStockPrice_2891,True,2026-09-22T15:48:52,2026-09-22T15:48:52,2026-09-22T15:48:52
2891,中信金,2026-05-22,57.6,0.10000000000000142,0.17%,4.08,13.88,61.2,73.44,85.68,97.92,110.16,122.4,ShowDailyK_ChartFlow,FinMind_API_TaiwanStockPrice_2891,True,2026-09-22T15:48:52,2026-09-22T15:48:52,2026-09-22T15:48:52
2891,中信金,2026-05-25,57.3,-0.30000000000000426,-0.52%,4.08,13.81,61.2,73.44,85.68,97.92,110.16,122.4,ShowDailyK_ChartFlow,FinMind_API_TaiwanStockPrice_2891,True,2026-09-22T15:48:52,2026-09-22T15:48:52,2026-09-22T15:48:52
2891,中信金,2026-05-26,57.6,0.30000000000000426,0.52%,4.08,13.88,61.2,73.44,85.68,97.92,110.16,122.4,ShowDailyK_ChartFlow,FinMind_API_TaiwanStockPrice_2891,True,2026-09-22T15:48:52,2026-09-22T15:48:52,2026-09-22T15:48:52
2891,中信金,2026-05-27,59.2,1.6000000000000014,2.78%,4.08,14.27,61.2,73.44,85.68,97.92,110.16,122.4,ShowDailyK_ChartFlow,FinMind_API_TaiwanStockPrice_2891,True,2026-09-22T15:48:52,2026-09-22T15:48:52,2026-09-22T15:48:52
2891,中信金,2026-05-28,59.3,0.09999999999999432,0.17%,4.08,14.29,61.2,73.44,85.68,97.92,110.16,122.4,ShowDailyK_ChartFlow,FinMind_API_TaiwanStockPrice_2891,True,2026-09-22T15:48:52,2026-09-22T15:48:52,2026-09-22T15:48:52
2891,中信金,2026-05-29,60.5,1.2000000000000028,2.02%,4.08,14.58,61.2,73.44,85.68,97.92,110.16,122.4,ShowDailyK_ChartFlow,FinMind_API_TaiwanStockPrice_2891,True,2026-09-22T15:48:52,2026-09-22T15:48:52,2026-09-22T15:48:52
2891,中信金,2026-06-01,62.1,1.6000000000000014,2.64%,4.08,14.96,61.2,73.44,85.68,97.92,110.16,122.4,ShowDailyK_ChartFlow,FinMind_API_TaiwanStockPrice_2891,True,2026-09-22T15:48:52,2026-09-22T15:48:52,2026-09-22T15:48:52
2891,中信金,2026-06-02,64.1,1.999999999999993,3.22%,4.08,15.45,61.2,73.44,85.68,97.92,110.16,122.4,ShowDailyK_ChartFlow,FinMind_API_TaiwanStockPrice_2891,True,2026-09-22T15:48:52,2026-09-22T15:48:52,2026-09-22T15:48:52
2891,中信金,2026-06-03,70.5,6.400000000000006,9.98%,4.08,16.99,61.2,73.44,85.68,97.92,110.16,122.4,ShowDailyK_ChartFlow,FinMind_API_TaiwanStockPrice_2891,True,2026-09-22T15:48:52,2026-09-22T15:48:52,2026-09-22T15:48:52
2891,中信金,2026-06-04,68.0,-2.5,-3.55%,4.08,16.39,61.2,73.44,85.68,97.92,110.16,122.4,ShowDailyK_ChartFlow,FinMind_API_TaiwanStockPrice_2891,True,2026-09-22T15:48:52,2026-09-22T15:48:52,2026-09-22T15:48:52
2891,中信金,2026-06-05,66.6,-1.4000000000000057,-2.06%,4.08,16.05,61.2,73.44,85.68,97.92,110.16,122.4,ShowDailyK_ChartFlow,FinMind_API_TaiwanStockPrice_2891,True,2026-09-22T15:48:52,2026-09-22T15:48:52,2026-09-22T15:48:52
2891,中信金,2026-06-08,65.4,-1.1999999999999886,-1.80%,4.08,15.76,61.2,73.44,85.68,97.92,110.16,122.4,ShowDailyK_ChartFlow,FinMind_API_TaiwanStockPrice_2891,True,2026-09-22T15:48:52,2026-09-22T15:48:52,2026-09-22T15:48:52
2891,中信金,2026-06-09,69.2,3.799999999999997,5.81%,4.08,16.67,61.2,73.44,85.68,97.92,110.16,122.4,ShowDailyK_ChartFlow,FinMind_API_TaiwanStockPrice_2891,True,2026-09-22T15:48:52,2026-09-22T15:48:52,2026-09-22T15:48:52
2891,中信金,2026-06-10,68.2,-1.0,-1.45%,4.08,16.43,61.2,73.44,85.68,97.92,110.16,122.4,ShowDailyK_ChartFlow,FinMind_API_TaiwanStockPrice_2891,True,2026-09-22T15:48:52,2026-09-22T15:48:52,2026-09-22T15:48:52
2891,中信金,2026-06-11,67.5,-0.7000000000000028,-1.03%,4.08,16.27,61.2,73.44,85.68,97.92,110.16,122.4,ShowDailyK_ChartFlow,FinMind_API_TaiwanStockPrice_2891,True,2026-09-22T15:48:52,2026-09-22T15:48:52,2026-09-22T15:48:52
2891,中信金,2026-06-12,67.6,0.09999999999999432,0.15%,4.08,16.29,61.2,73.44,85.68,97.92,110.16,122.4,ShowDailyK_ChartFlow,FinMind_API_TaiwanStockPrice_2891,True,2026-09-22T15:48:52,2026-09-22T15:48:52,2026-09-22T15:48:52
2891,中信金,2026-06-15,70.1,2.5,3.70%,4.08,16.89,61.2,73.44,85.68,97.92,110.16,122.4,ShowDailyK_ChartFlow,FinMind_API_TaiwanStockPrice_2891,True,2026-09-22T15:48:52,2026-09-22T15:48:52,2026-09-22T15:48:52
2891,中信金,2026-06-16,70.8,0.7000000000000028,1.00%,4.08,17.06,61.2,73.44,85.68,97.92,110.16,122.4,ShowDailyK_ChartFlow,FinMind_API_TaiwanStockPrice_2891,True,2026-09-22T15:48:52,2026-09-22T15:48:52,2026-09-22T15:48:52
2891,中信金,2026-06-17,71.0,0.20000000000000284,0.28%,4.08,17.11,61.2,73.44,85.68,97.92,110.16,122.4,ShowDailyK_ChartFlow,FinMind_API_TaiwanStockPrice_2891,True,2026-09-22T15:48:52,2026-09-22T15:48:52,2026-09-22T15:48:52
2891,中信金,2026-06-18,71.9,0.9000000000000057,1.27%,4.08,17.33,61.2,73.44,85.68,97.92,110.16,122.4,ShowDailyK_ChartFlow,FinMind_API_TaiwanStockPrice_2891,True,2026-09-22T15:48:52,2026-09-22T15:48:52,2026-09-22T15:48:52
2891,中信金,2026-06-22,70.5,-1.4000000000000057,-1.95%,4.08,16.99,61.2,73.44,85.68,97.92,110.16,122.4,ShowDailyK_ChartFlow,FinMind_API_TaiwanStockPrice_2891,True,2026-09-22T15:48:52,2026-09-22T15:48:52,2026-09-22T15:48:52
2891,中信金,2026-06-23,72.4,1.9000000000000057,2.70%,4.08,17.45,61.2,73.44,85.68,97.92,110.16,122.4,ShowDailyK_ChartFlow,FinMind_API_TaiwanStockPrice_2891,True,2026-09-22T15:48:52,2026-09-22T15:48:52,2026-09-22T15:48:52
2891,中信金,2026-06-24,69.9,-2.5,-3.45%,4.08,16.84,61.2,73.44,85.68,97.92,110.16,122.4,ShowDailyK_ChartFlow,FinMind_API_TaiwanStockPrice_2891,True,2026-09-22T15:48:52,2026-09-22T15:48:52,2026-09-22T15:48:52
2891,中信金,2026-06-25,70.6,0.6999999999999886,1.00%,4.08,17.01,61.2,73.44,85.68,97.92,110.16,122.4,ShowDailyK_ChartFlow,FinMind_API_TaiwanStockPrice_2891,True,2026-09-22T15:48:52,2026-09-22T15:48:52,2026-09-22T15:48:52
2891,中信金,2026-06-26,70.3,-0.29999999999999716,-0.42%,4.08,16.94,61.2,73.44,85.68,97.92,110.16,122.4,ShowDailyK_ChartFlow,FinMind_API_TaiwanStockPrice_2891,True,2026-09-22T15:48:52,2026-09-22T15:48:52,2026-09-22T15:48:52
2891,中信金,2026-06-29,70.3,0.0,0.00%,4.08,16.94,61.2,73.44,85.68,97.92,110.16,122.4,ShowDailyK_ChartFlow,FinMind_API_TaiwanStockPrice_2891,True,2026-09-22T15:48:52,2026-09-22T15:48:52,2026-09-22T15:48:52
2891,中信金,2026-06-30,71.0,0.7000000000000028,1.00%,4.08,17.11,61.2,73.44,85.68,97.92,110.16,122.4,ShowDailyK_ChartFlow,FinMind_API_TaiwanStockPrice_2891,True,2026-09-22T15:48:52,2026-09-22T15:48:52,2026-09-22T15:48:52
2891,中信金,2026-07-01,70.6,-0.4000000000000057,-0.56%,4.08,17.01,61.2,73.44,85.68,97.92,110.16,122.4,ShowDailyK_ChartFlow,FinMind_API_TaiwanStockPrice_2891,True,2026-09-22T15:48:52,2026-09-22T15:48:52,2026-09-22T15:48:52
2891,中信金,2026-07-02,69.9,-0.6999999999999886,-0.99%,4.08,16.84,61.2,73.44,85.68,97.92,110.16,122.4,ShowDailyK_ChartFlow,FinMind_API_TaiwanStockPrice_2891,True,2026-09-22T15:48:52,2026-09-22T15:48:52,2026-09-22T15:48:52
2891,中信金,2026-07-03,70.6,0.6999999999999886,1.00%,4.08,17.01,61.2,73.44,85.68,97.92,110.16,122.4,ShowDailyK_ChartFlow,FinMind_API_TaiwanStockPrice_2891,True,2026-09-22T15:48:52,2026-09-22T15:48:52,2026-09-22T15:48:52
2891,中信金,2026-07-06,71.4,0.8000000000000114,1.13%,4.08,17.2,61.2,73.44,85.68,97.92,110.16,122.4,ShowDailyK_ChartFlow,FinMind_API_TaiwanStockPrice_2891,True,2026-09-22T15:48:52,2026-09-22T15:48:52,2026-09-22T15:48:52
2891,中信金,2026-07-07,70.2,-1.2000000000000028,-1.68%,4.08,16.92,61.2,73.44,85.68,97.92,110.16,122.4,ShowDailyK_ChartFlow,FinMind_API_TaiwanStockPrice_2891,True,2026-09-22T15:48:52,2026-09-22T15:48:52,2026-09-22T15:48:52
2891,中信金,2026-07-08,71.3,1.0999999999999943,1.57%,4.08,17.18,61.2,73.44,85.68,97.92,110.16,122.4,ShowDailyK_ChartFlow,FinMind_API_TaiwanStockPrice_2891,True,2026-09-22T15:48:52,2026-09-22T15:48:52,2026-09-22T15:48:52
2891,中信金,2026-07-09,69.9,-1.3999999999999915,-1.96%,4.08,16.84,61.2,73.44,85.68,97.92,110.16,122.4,ShowDailyK_ChartFlow,FinMind_API_TaiwanStockPrice_2891,True,2026-09-22T15:48:52,2026-09-22T15:48:52,2026-09-22T15:48:52
2891,中信金,2026-07-13,66.5,-3.4000000000000057,-4.86%,4.08,16.02,61.2,73.44,85.68,97.92,110.16,122.4,ShowDailyK_ChartFlow,FinMind_API_TaiwanStockPrice_2891,True,2026-09-22T15:48:52,2026-09-22T15:48:52,2026-09-22T15:48:52
2891,中信金,2026-07-14,65.0,-1.5,-2.26%,4.08,15.66,61.2,73.44,85.68,97.92,110.16,122.4,ShowDailyK_ChartFlow,FinMind_API_TaiwanStockPrice_2891,True,2026-09-22T15:48:52,2026-09-22T15:48:52,2026-09-22T15:48:52
2891,中信金,2026-07-15,63.5,-1.5,-2.31%,4.08,15.3,61.2,73.44,85.68,97.92,110.16,122.4,ShowDailyK_ChartFlow,FinMind_API_TaiwanStockPrice_2891,True,2026-09-22T15:48:52,2026-09-22T15:48:52,2026-09-22T15:48:52
2891,中信金,2026-07-16,63.0,-0.5,-0.79%,4.08,15.18,61.2,73.44,85.68,97.92,110.16,122.4,ShowDailyK_ChartFlow,FinMind_API_TaiwanStockPrice_2891,True,2026-09-22T15:48:52,2026-09-22T15:48:52,2026-09-22T15:48:52
2891,中信金,2026-07-17,62.1,-0.8999999999999986,-1.43%,4.08,14.96,61.2,73.44,85.68,97.92,110.16,122.4,ShowDailyK_ChartFlow,FinMind_API_TaiwanStockPrice_2891,True,2026-09-22T15:48:52,2026-09-22T15:48:52,2026-09-22T15:48:52
2891,中信金,2026-07-20,61.5,-0.6000000000000014,-0.97%,4.08,14.82,61.2,73.44,85.68,97.92,110.16,122.4,ShowDailyK_ChartFlow,FinMind_API_TaiwanStockPrice_2891,True,2026-09-22T15:48:52,2026-09-22T15:48:52,2026-09-22T15:48:52
2891,中信金,2026-07-21,62.7,1.2000000000000028,1.95%,4.08,15.11,61.2,73.44,85.68,97.92,110.16,122.4,ShowDailyK_ChartFlow,FinMind_API_TaiwanStockPrice_2891,True,2026-09-22T15:48:52,2026-09-22T15:48:52,2026-09-22T15:48:52
2891,中信金,2026-07-22,64.0,1.2999999999999972,2.07%,4.08,15.42,61.2,73.44,85.68,97.92,110.16,122.4,ShowDailyK_ChartFlow,FinMind_API_TaiwanStockPrice_2891,True,2026-09-22T15:48:52,2026-09-22T15:48:52,2026-09-22T15:48:52
2891,中信金,2026-07-23,63.5,-0.5,-0.78%,4.08,15.3,61.2,73.44,85.68,97.92,110.16,122.4,ShowDailyK_ChartFlow,FinMind_API_TaiwanStockPrice_2891,True,2026-09-22T15:48:52,2026-09-22T15:48:52,2026-09-22T15:48:52
2891,中信金,2026-07-24,63.6,0.10000000000000142,0.16%,4.08,15.33,61.2,73.44,85.68,97.92,110.16,122.4,ShowDailyK_ChartFlow,FinMind_API_TaiwanStockPrice_2891,True,2026-09-22T15:48:52,2026-09-22T15:48:52,2026-09-22T15:48:52
2891,中信金,2026-07-27,63.0,-0.6000000000000014,-0.94%,4.08,15.18,61.2,73.44,85.68,97.92,110.16,122.4,ShowDailyK_ChartFlow,FinMind_API_TaiwanStockPrice_2891,True,2026-09-22T15:48:52,2026-09-22T15:48:52,2026-09-22T15:48:52
2891,中信金,2026-07-28,62.4,-0.6000000000000014,-0.95%,4.08,15.04,61.2,73.44,85.68,97.92,110.16,122.4,ShowDailyK_ChartFlow,FinMind_API_TaiwanStockPrice_2891,True,2026-09-22T15:48:52,2026-09-22T15:48:52,2026-09-22T15:48:52
2891,中信金,2026-07-29,62.0,-0.3999999999999986,-0.64%,4.08,14.94,61.2,73.44,85.68,97.92,110.16,122.4,ShowDailyK_ChartFlow,FinMind_API_TaiwanStockPrice_2891,True,2026-09-22T15:48:52,2026-09-22T15:48:52,2026-09-22T15:48:52
2891,中信金,2026-07-30,63.1,1.1000000000000014,1.77%,4.08,15.2,61.2,73.44,85.68,97.92,110.16,122.4,ShowDailyK_ChartFlow,FinMind_API_TaiwanStockPrice_2891,True,2026-09-22T15:48:52,2026-09-22T15:48:52,2026-09-22T15:48:52
2891,中信金,2026-07-31,64.9,1.8000000000000043,2.85%,4.08,15.64,61.2,73.44,85.68,97.92,110.16,122.4,ShowDailyK_ChartFlow,FinMind_API_TaiwanStockPrice_2891,True,2026-09-22T15:48:52,2026-09-22T15:48:52,2026-09-22T15:48:52
2891,中信金,2026-08-03,64.8,-0.10000000000000853,-0.15%,4.08,15.61,61.2,73.44,85.68,97.92,110.16,122.4,ShowDailyK_ChartFlow,FinMind_API_TaiwanStockPrice_2891,True,2026-09-22T15:48:52,2026-09-22T15:48:52,2026-09-22T15:48:52
2891,中信金,2026-08-04,64.8,0.0,0.00%,4.08,15.61,61.2,73.44,85.68,97.92,110.16,122.4,ShowDailyK_ChartFlow,FinMind_API_TaiwanStockPrice_2891,True,2026-09-22T15:48:52,2026-09-22T15:48:52,2026-09-22T15:48:52
2891,中信金,2026-08-05,66.0,1.2000000000000028,1.85%,4.08,15.9,61.2,73.44,85.68,97.92,110.16,122.4,ShowDailyK_ChartFlow,FinMind_API_TaiwanStockPrice_2891,True,2026-09-22T15:48:52,2026-09-22T15:48:52,2026-09-22T15:48:52
2891,中信金,2026-08-06,64.6,-1.4000000000000057,-2.12%,4.08,15.57,61.2,73.44,85.68,97.92,110.16,122.4,ShowDailyK_ChartFlow,FinMind_API_TaiwanStockPrice_2891,True,2026-09-22T15:48:52,2026-09-22T15:48:52,2026-09-22T15:48:52
2891,中信金,2026-08-07,65.6,1.0,1.55%,4.08,15.81,61.2,73.44,85.68,97.92,110.16,122.4,ShowDailyK_ChartFlow,FinMind_API_TaiwanStockPrice_2891,True,2026-09-22T15:48:52,2026-09-22T15:48:52,2026-09-22T15:48:52
2891,中信金,2026-08-10,66.5,0.9000000000000057,1.37%,4.08,16.02,61.2,73.44,85.68,97.92,110.16,122.4,ShowDailyK_ChartFlow,FinMind_API_TaiwanStockPrice_2891,True,2026-09-22T15:48:52,2026-09-22T15:48:52,2026-09-22T15:48:52
2891,中信金,2026-08-11,66.8,0.29999999999999716,0.45%,4.08,16.1,61.2,73.44,85.68,97.92,110.16,122.4,ShowDailyK_ChartFlow,FinMind_API_TaiwanStockPrice_2891,True,2026-09-22T15:48:52,2026-09-22T15:48:52,2026-09-22T15:48:52
2891,中信金,2026-08-12,66.6,-0.20000000000000284,-0.30%,4.08,16.05,61.2,73.44,85.68,97.92,110.16,122.4,ShowDailyK_ChartFlow,FinMind_API_TaiwanStockPrice_2891,True,2026-09-22T15:48:52,2026-09-22T15:48:52,2026-09-22T15:48:52
2891,中信金,2026-08-13,66.5,-0.09999999999999432,-0.15%,4.08,16.02,61.2,73.44,85.68,97.92,110.16,122.4,ShowDailyK_ChartFlow,FinMind_API_TaiwanStockPrice_2891,True,2026-09-22T15:48:52,2026-09-22T15:48:52,2026-09-22T15:48:52
2891,中信金,2026-08-14,65.8,-0.7000000000000028,-1.05%,4.08,15.86,61.2,73.44,85.68,97.92,110.16,122.4,ShowDailyK_ChartFlow,FinMind_API_TaiwanStockPrice_2891,True,2026-09-22T15:48:52,2026-09-22T15:48:52,2026-09-22T15:48:52
2891,中信金,2026-08-17,65.6,-0.20000000000000284,-0.30%,4.08,15.81,61.2,73.44,85.68,97.92,110.16,122.4,ShowDailyK_ChartFlow,FinMind_API_TaiwanStockPrice_2891,True,2026-09-22T15:48:52,2026-09-22T15:48:52,2026-09-22T15:48:52
2891,中信金,2026-08-18,66.5,0.9000000000000057,1.37%,4.08,16.02,61.2,73.44,85.68,97.92,110.16,122.4,ShowDailyK_ChartFlow,FinMind_API_TaiwanStockPrice_2891,True,2026-09-22T15:48:52,2026-09-22T15:48:52,2026-09-22T15:48:52
2891,中信金,2026-08-19,64.9,-1.5999999999999943,-2.41%,4.08,15.64,61.2,73.44,85.68,97.92,110.16,122.4,ShowDailyK_ChartFlow,FinMind_API_TaiwanStockPrice_2891,True,2026-09-22T15:48:52,2026-09-22T15:48:52,2026-09-22T15:48:52
2891,中信金,2026-08-20,63.4,-1.500000000000007,-2.31%,4.08,15.28,61.2,73.44,85.68,97.92,110.16,122.4,ShowDailyK_ChartFlow,FinMind_API_TaiwanStockPrice_2891,True,2026-09-22T15:48:52,2026-09-22T15:48:52,2026-09-22T15:48:52
2891,中信金,2026-08-21,65.0,1.6000000000000014,2.52%,4.08,15.66,61.2,73.44,85.68,97.92,110.16,122.4,ShowDailyK_ChartFlow,FinMind_API_TaiwanStockPrice_2891,True,2026-09-22T15:48:52,2026-09-22T15:48:52,2026-09-22T15:48:52
2891,中信金,2026-08-24,63.6,-1.3999999999999986,-2.15%,4.08,15.22,61.2,73.44,85.68,97.92,110.16,122.4,ShowDailyK_ChartFlow,FinMind_API_TaiwanStockPrice_2891,True,2026-09-22T15:48:52,2026-09-22T15:48:52,2026-09-22T15:48:52
2891,中信金,2026-08-25,64.5,0.8999999999999986,1.42%,4.08,15.43,61.2,73.44,85.68,97.92,110.16,122.4,ShowDailyK_ChartFlow,FinMind_API_TaiwanStockPrice_2891,True,2026-09-22T15:48:52,2026-09-22T15:48:52,2026-09-22T15:48:52
2891,中信金,2026-08-26,64.6,0.09999999999999432,0.16%,4.08,15.45,61.2,73.44,85.68,97.92,110.16,122.4,ShowDailyK_ChartFlow,FinMind_API_TaiwanStockPrice_2891,True,2026-09-22T15:48:52,2026-09-22T15:48:52,2026-09-22T15:48:52
2891,中信金,2026-08-27,63.8,-0.7999999999999972,-1.24%,4.08,15.26,61.2,73.44,85.68,97.92,110.16,122.4,ShowDailyK_ChartFlow,FinMind_API_TaiwanStockPrice_2891,True,2026-09-22T15:48:52,2026-09-22T15:48:52,2026-09-22T15:48:52
2891,中信金,2026-08-28,64.4,0.6000000000000085,0.94%,4.08,15.41,61.2,73.44,85.68,97.92,110.16,122.4,ShowDailyK_ChartFlow,FinMind_API_TaiwanStockPrice_2891,True,2026-09-22T15:48:52,2026-09-22T15:48:52,2026-09-22T15:48:52
2891,中信金,2026-08-31,64.7,0.29999999999999716,0.47%,4.08,15.48,61.2,73.44,85.68,97.92,110.16,122.4,ShowDailyK_ChartFlow,FinMind_API_TaiwanStockPrice_2891,True,2026-09-22T15:48:52,2026-09-22T15:48:52,2026-09-22T15:48:52
2891,中信金,2026-09-01,66.5,1.7999999999999972,2.78%,4.08,15.91,61.2,73.44,85.68,97.92,110.16,122.4,ShowDailyK_ChartFlow,FinMind_API_TaiwanStockPrice_2891,True,2026-09-22T15:48:52,2026-09-22T15:48:52,2026-09-22T15:48:52
2891,中信金,2026-09-02,66.6,0.09999999999999432,0.15%,4.08,15.93,61.2,73.44,85.68,97.92,110.16,122.4,ShowDailyK_ChartFlow,FinMind_API_TaiwanStockPrice_2891,True,2026-09-22T15:48:52,2026-09-22T15:48:52,2026-09-22T15:48:52
2891,中信金,2026-09-03,67.5,0.9000000000000057,1.35%,4.08,16.15,61.2,73.44,85.68,97.92,110.16,122.4,ShowDailyK_ChartFlow,FinMind_API_TaiwanStockPrice_2891,True,2026-09-22T15:48:52,2026-09-22T15:48:52,2026-09-22T15:48:52
2891,中信金,2026-09-04,68.4,0.9000000000000057,1.33%,4.08,16.36,61.2,73.44,85.68,97.92,110.16,122.4,ShowDailyK_ChartFlow,FinMind_API_TaiwanStockPrice_2891,True,2026-09-22T15:48:52,2026-09-22T15:48:52,2026-09-22T15:48:52
2891,中信金,2026-09-07,67.4,-1.0,-1.46%,4.08,16.12,61.2,73.44,85.68,97.92,110.16,122.4,ShowDailyK_ChartFlow,FinMind_API_TaiwanStockPrice_2891,True,2026-09-22T15:48:52,2026-09-22T15:48:52,2026-09-22T15:48:52
2891,中信金,2026-09-08,68.2,0.7999999999999972,1.19%,4.08,16.32,61.2,73.44,85.68,97.92,110.16,122.4,ShowDailyK_ChartFlow,FinMind_API_TaiwanStockPrice_2891,True,2026-09-22T15:48:52,2026-09-22T15:48:52,2026-09-22T15:48:52
2891,中信金,2026-09-09,66.6,-1.6000000000000085,-2.35%,4.08,15.93,61.2,73.44,85.68,97.92,110.16,122.4,ShowDailyK_ChartFlow,FinMind_API_TaiwanStockPrice_2891,True,2026-09-22T15:48:52,2026-09-22T15:48:52,2026-09-22T15:48:52
2891,中信金,2026-09-10,67.3,0.7000000000000028,1.05%,4.08,16.1,61.2,73.44,85.68,97.92,110.16,122.4,ShowDailyK_ChartFlow,FinMind_API_TaiwanStockPrice_2891,True,2026-09-22T15:48:52,2026-09-22T15:48:52,2026-09-22T15:48:52
2891,中信金,2026-09-11,67.1,-0.20000000000000284,-0.30%,4.08,16.05,61.2,73.44,85.68,97.92,110.16,122.4,ShowDailyK_ChartFlow,FinMind_API_TaiwanStockPrice_2891,True,2026-09-22T15:48:52,2026-09-22T15:48:52,2026-09-22T15:48:52
2891,中信金,2026-09-14,68.1,1.0,1.49%,4.08,16.29,61.2,73.44,85.68,97.92,110.16,122.4,ShowDailyK_ChartFlow,FinMind_API_TaiwanStockPrice_2891,True,2026-09-22T15:48:52,2026-09-22T15:48:52,2026-09-22T15:48:52
2891,中信金,2026-09-15,69.7,1.6000000000000085,2.35%,4.08,16.67,61.2,73.44,85.68,97.92,110.16,122.4,ShowDailyK_ChartFlow,FinMind_API_TaiwanStockPrice_2891,True,2026-09-22T15:48:52,2026-09-22T15:48:52,2026-09-22T15:48:52
2891,中信金,2026-09-16,70.8,1.0999999999999943,1.58%,4.08,16.94,61.2,73.44,85.68,97.92,110.16,122.4,ShowDailyK_ChartFlow,FinMind_API_TaiwanStockPrice_2891,True,2026-09-22T15:48:52,2026-09-22T15:48:52,2026-09-22T15:48:52
2891,中信金,2026-09-17,71.2,0.4000000000000057,0.56%,4.08,17.03,61.2,73.44,85.68,97.92,110.16,122.4,ShowDailyK_ChartFlow,FinMind_API_TaiwanStockPrice_2891,True,2026-09-22T15:48:52,2026-09-22T15:48:52,2026-09-22T15:48:52
2891,中信金,2026-09-18,69.5,-1.7000000000000028,-2.39%,4.08,16.63,61.2,73.44,85.68,97.92,110.16,122.4,ShowDailyK_ChartFlow,FinMind_API_TaiwanStockPrice_2891,True,2026-09-22T15:48:52,2026-09-22T15:48:52,2026-09-22T15:48:52
2891,中信金,2026-09-21,70.4,0.9000000000000057,1.29%,4.08,16.84,61.2,73.44,85.68,97.92,110.16,122.4,ShowDailyK_ChartFlow,FinMind_API_TaiwanStockPrice_2891,True,2026-09-22T15:48:52,2026-09-22T15:48:52,2026-09-22T15:48:52
2891,中信金,2026-09-22,69.6,-0.8000000000000114,-1.14%,4.08,16.65,61.2,73.44,85.68,97.92,110.16,122.4,ShowDailyK_ChartFlow,FinMind_API_TaiwanStockPrice_2891,True,2026-09-22T15:48:52,2026-09-22T15:48:52,2026-09-22T15:48:52
