stock_code,company_name,交易_日期,收盤價_元,漲跌價_元,漲跌幅_pct,河流圖_eps_元,目前_per_倍,本益比試算價格_15x_元,本益比試算價格_18x_元,本益比試算價格_21x_元,本益比試算價格_24x_元,本益比試算價格_27x_元,本益比試算價格_30x_元,file_type,source_file,download_success,download_timestamp,process_timestamp,stage1_process_timestamp
3443,創意,2021-01-04,372.5,,,,,,,,,,,ShowDailyK_ChartFlow,FinMind_API_TaiwanStockPrice_3443,True,2026-09-24T07:15:10,2026-09-24T07:15:10,2026-09-24T07:15:10
3443,創意,2021-01-05,399.5,27.0,7.25%,,,,,,,,,ShowDailyK_ChartFlow,FinMind_API_TaiwanStockPrice_3443,True,2026-09-24T07:15:10,2026-09-24T07:15:10,2026-09-24T07:15:10
3443,創意,2021-01-06,373.5,-26.0,-6.51%,,,,,,,,,ShowDailyK_ChartFlow,FinMind_API_TaiwanStockPrice_3443,True,2026-09-24T07:15:10,2026-09-24T07:15:10,2026-09-24T07:15:10
3443,創意,2021-01-07,385.5,12.0,3.21%,,,,,,,,,ShowDailyK_ChartFlow,FinMind_API_TaiwanStockPrice_3443,True,2026-09-24T07:15:10,2026-09-24T07:15:10,2026-09-24T07:15:10
3443,創意,2021-01-08,388.0,2.5,0.65%,,,,,,,,,ShowDailyK_ChartFlow,FinMind_API_TaiwanStockPrice_3443,True,2026-09-24T07:15:10,2026-09-24T07:15:10,2026-09-24T07:15:10
3443,創意,2021-01-11,401.5,13.5,3.48%,,,,,,,,,ShowDailyK_ChartFlow,FinMind_API_TaiwanStockPrice_3443,True,2026-09-24T07:15:10,2026-09-24T07:15:10,2026-09-24T07:15:10
3443,創意,2021-01-12,398.0,-3.5,-0.87%,,,,,,,,,ShowDailyK_ChartFlow,FinMind_API_TaiwanStockPrice_3443,True,2026-09-24T07:15:10,2026-09-24T07:15:10,2026-09-24T07:15:10
3443,創意,2021-01-13,437.5,39.5,9.92%,,,,,,,,,ShowDailyK_ChartFlow,FinMind_API_TaiwanStockPrice_3443,True,2026-09-24T07:15:10,2026-09-24T07:15:10,2026-09-24T07:15:10
3443,創意,2021-01-14,423.5,-14.0,-3.20%,,,,,,,,,ShowDailyK_ChartFlow,FinMind_API_TaiwanStockPrice_3443,True,2026-09-24T07:15:10,2026-09-24T07:15:10,2026-09-24T07:15:10
3443,創意,2021-01-15,407.0,-16.5,-3.90%,,,,,,,,,ShowDailyK_ChartFlow,FinMind_API_TaiwanStockPrice_3443,True,2026-09-24T07:15:10,2026-09-24T07:15:10,2026-09-24T07:15:10
3443,創意,2021-01-18,407.0,0.0,0.00%,,,,,,,,,ShowDailyK_ChartFlow,FinMind_API_TaiwanStockPrice_3443,True,2026-09-24T07:15:10,2026-09-24T07:15:10,2026-09-24T07:15:10
3443,創意,2021-01-19,413.0,6.0,1.47%,,,,,,,,,ShowDailyK_ChartFlow,FinMind_API_TaiwanStockPrice_3443,True,2026-09-24T07:15:10,2026-09-24T07:15:10,2026-09-24T07:15:10
3443,創意,2021-01-20,399.0,-14.0,-3.39%,,,,,,,,,ShowDailyK_ChartFlow,FinMind_API_TaiwanStockPrice_3443,True,2026-09-24T07:15:10,2026-09-24T07:15:10,2026-09-24T07:15:10
3443,創意,2021-01-21,410.0,11.0,2.76%,,,,,,,,,ShowDailyK_ChartFlow,FinMind_API_TaiwanStockPrice_3443,True,2026-09-24T07:15:10,2026-09-24T07:15:10,2026-09-24T07:15:10
3443,創意,2021-01-22,413.5,3.5,0.85%,,,,,,,,,ShowDailyK_ChartFlow,FinMind_API_TaiwanStockPrice_3443,True,2026-09-24T07:15:10,2026-09-24T07:15:10,2026-09-24T07:15:10
3443,創意,2021-01-25,411.5,-2.0,-0.48%,,,,,,,,,ShowDailyK_ChartFlow,FinMind_API_TaiwanStockPrice_3443,True,2026-09-24T07:15:10,2026-09-24T07:15:10,2026-09-24T07:15:10
3443,創意,2021-01-26,400.0,-11.5,-2.79%,,,,,,,,,ShowDailyK_ChartFlow,FinMind_API_TaiwanStockPrice_3443,True,2026-09-24T07:15:10,2026-09-24T07:15:10,2026-09-24T07:15:10
3443,創意,2021-01-27,417.0,17.0,4.25%,,,,,,,,,ShowDailyK_ChartFlow,FinMind_API_TaiwanStockPrice_3443,True,2026-09-24T07:15:10,2026-09-24T07:15:10,2026-09-24T07:15:10
3443,創意,2021-01-28,415.0,-2.0,-0.48%,,,,,,,,,ShowDailyK_ChartFlow,FinMind_API_TaiwanStockPrice_3443,True,2026-09-24T07:15:10,2026-09-24T07:15:10,2026-09-24T07:15:10
3443,創意,2021-01-29,395.0,-20.0,-4.82%,,,,,,,,,ShowDailyK_ChartFlow,FinMind_API_TaiwanStockPrice_3443,True,2026-09-24T07:15:10,2026-09-24T07:15:10,2026-09-24T07:15:10
3443,創意,2021-02-01,408.0,13.0,3.29%,,,,,,,,,ShowDailyK_ChartFlow,FinMind_API_TaiwanStockPrice_3443,True,2026-09-24T07:15:10,2026-09-24T07:15:10,2026-09-24T07:15:10
3443,創意,2021-02-02,417.0,9.0,2.21%,,,,,,,,,ShowDailyK_ChartFlow,FinMind_API_TaiwanStockPrice_3443,True,2026-09-24T07:15:10,2026-09-24T07:15:10,2026-09-24T07:15:10
3443,創意,2021-02-03,417.0,0.0,0.00%,,,,,,,,,ShowDailyK_ChartFlow,FinMind_API_TaiwanStockPrice_3443,True,2026-09-24T07:15:10,2026-09-24T07:15:10,2026-09-24T07:15:10
3443,創意,2021-02-04,406.0,-11.0,-2.64%,,,,,,,,,ShowDailyK_ChartFlow,FinMind_API_TaiwanStockPrice_3443,True,2026-09-24T07:15:10,2026-09-24T07:15:10,2026-09-24T07:15:10
3443,創意,2021-02-05,397.5,-8.5,-2.09%,,,,,,,,,ShowDailyK_ChartFlow,FinMind_API_TaiwanStockPrice_3443,True,2026-09-24T07:15:10,2026-09-24T07:15:10,2026-09-24T07:15:10
3443,創意,2021-02-17,421.0,23.5,5.91%,,,,,,,,,ShowDailyK_ChartFlow,FinMind_API_TaiwanStockPrice_3443,True,2026-09-24T07:15:10,2026-09-24T07:15:10,2026-09-24T07:15:10
3443,創意,2021-02-18,426.5,5.5,1.31%,,,,,,,,,ShowDailyK_ChartFlow,FinMind_API_TaiwanStockPrice_3443,True,2026-09-24T07:15:10,2026-09-24T07:15:10,2026-09-24T07:15:10
3443,創意,2021-02-19,436.5,10.0,2.34%,,,,,,,,,ShowDailyK_ChartFlow,FinMind_API_TaiwanStockPrice_3443,True,2026-09-24T07:15:10,2026-09-24T07:15:10,2026-09-24T07:15:10
3443,創意,2021-02-22,480.0,43.5,9.97%,,,,,,,,,ShowDailyK_ChartFlow,FinMind_API_TaiwanStockPrice_3443,True,2026-09-24T07:15:10,2026-09-24T07:15:10,2026-09-24T07:15:10
3443,創意,2021-02-23,461.0,-19.0,-3.96%,,,,,,,,,ShowDailyK_ChartFlow,FinMind_API_TaiwanStockPrice_3443,True,2026-09-24T07:15:10,2026-09-24T07:15:10,2026-09-24T07:15:10
3443,創意,2021-02-24,478.5,17.5,3.80%,,,,,,,,,ShowDailyK_ChartFlow,FinMind_API_TaiwanStockPrice_3443,True,2026-09-24T07:15:10,2026-09-24T07:15:10,2026-09-24T07:15:10
3443,創意,2021-02-25,475.0,-3.5,-0.73%,,,,,,,,,ShowDailyK_ChartFlow,FinMind_API_TaiwanStockPrice_3443,True,2026-09-24T07:15:10,2026-09-24T07:15:10,2026-09-24T07:15:10
3443,創意,2021-02-26,449.0,-26.0,-5.47%,,,,,,,,,ShowDailyK_ChartFlow,FinMind_API_TaiwanStockPrice_3443,True,2026-09-24T07:15:10,2026-09-24T07:15:10,2026-09-24T07:15:10
3443,創意,2021-03-02,430.0,-19.0,-4.23%,,,,,,,,,ShowDailyK_ChartFlow,FinMind_API_TaiwanStockPrice_3443,True,2026-09-24T07:15:10,2026-09-24T07:15:10,2026-09-24T07:15:10
3443,創意,2021-03-03,427.0,-3.0,-0.70%,,,,,,,,,ShowDailyK_ChartFlow,FinMind_API_TaiwanStockPrice_3443,True,2026-09-24T07:15:10,2026-09-24T07:15:10,2026-09-24T07:15:10
3443,創意,2021-03-04,420.0,-7.0,-1.64%,,,,,,,,,ShowDailyK_ChartFlow,FinMind_API_TaiwanStockPrice_3443,True,2026-09-24T07:15:10,2026-09-24T07:15:10,2026-09-24T07:15:10
3443,創意,2021-03-05,405.0,-15.0,-3.57%,,,,,,,,,ShowDailyK_ChartFlow,FinMind_API_TaiwanStockPrice_3443,True,2026-09-24T07:15:10,2026-09-24T07:15:10,2026-09-24T07:15:10
3443,創意,2021-03-08,395.0,-10.0,-2.47%,,,,,,,,,ShowDailyK_ChartFlow,FinMind_API_TaiwanStockPrice_3443,True,2026-09-24T07:15:10,2026-09-24T07:15:10,2026-09-24T07:15:10
3443,創意,2021-03-09,399.5,4.5,1.14%,,,,,,,,,ShowDailyK_ChartFlow,FinMind_API_TaiwanStockPrice_3443,True,2026-09-24T07:15:10,2026-09-24T07:15:10,2026-09-24T07:15:10
3443,創意,2021-03-10,396.5,-3.0,-0.75%,,,,,,,,,ShowDailyK_ChartFlow,FinMind_API_TaiwanStockPrice_3443,True,2026-09-24T07:15:10,2026-09-24T07:15:10,2026-09-24T07:15:10
3443,創意,2021-03-11,420.0,23.5,5.93%,,,,,,,,,ShowDailyK_ChartFlow,FinMind_API_TaiwanStockPrice_3443,True,2026-09-24T07:15:10,2026-09-24T07:15:10,2026-09-24T07:15:10
3443,創意,2021-03-12,419.5,-0.5,-0.12%,,,,,,,,,ShowDailyK_ChartFlow,FinMind_API_TaiwanStockPrice_3443,True,2026-09-24T07:15:10,2026-09-24T07:15:10,2026-09-24T07:15:10
3443,創意,2021-03-15,416.5,-3.0,-0.72%,,,,,,,,,ShowDailyK_ChartFlow,FinMind_API_TaiwanStockPrice_3443,True,2026-09-24T07:15:10,2026-09-24T07:15:10,2026-09-24T07:15:10
3443,創意,2021-03-16,411.0,-5.5,-1.32%,,,,,,,,,ShowDailyK_ChartFlow,FinMind_API_TaiwanStockPrice_3443,True,2026-09-24T07:15:10,2026-09-24T07:15:10,2026-09-24T07:15:10
3443,創意,2021-03-17,416.5,5.5,1.34%,,,,,,,,,ShowDailyK_ChartFlow,FinMind_API_TaiwanStockPrice_3443,True,2026-09-24T07:15:10,2026-09-24T07:15:10,2026-09-24T07:15:10
3443,創意,2021-03-18,418.0,1.5,0.36%,,,,,,,,,ShowDailyK_ChartFlow,FinMind_API_TaiwanStockPrice_3443,True,2026-09-24T07:15:10,2026-09-24T07:15:10,2026-09-24T07:15:10
3443,創意,2021-03-19,400.0,-18.0,-4.31%,,,,,,,,,ShowDailyK_ChartFlow,FinMind_API_TaiwanStockPrice_3443,True,2026-09-24T07:15:10,2026-09-24T07:15:10,2026-09-24T07:15:10
3443,創意,2021-03-22,401.0,1.0,0.25%,,,,,,,,,ShowDailyK_ChartFlow,FinMind_API_TaiwanStockPrice_3443,True,2026-09-24T07:15:10,2026-09-24T07:15:10,2026-09-24T07:15:10
3443,創意,2021-03-23,399.5,-1.5,-0.37%,,,,,,,,,ShowDailyK_ChartFlow,FinMind_API_TaiwanStockPrice_3443,True,2026-09-24T07:15:10,2026-09-24T07:15:10,2026-09-24T07:15:10
3443,創意,2021-03-24,382.5,-17.0,-4.26%,,,,,,,,,ShowDailyK_ChartFlow,FinMind_API_TaiwanStockPrice_3443,True,2026-09-24T07:15:10,2026-09-24T07:15:10,2026-09-24T07:15:10
3443,創意,2021-03-25,386.5,4.0,1.05%,,,,,,,,,ShowDailyK_ChartFlow,FinMind_API_TaiwanStockPrice_3443,True,2026-09-24T07:15:10,2026-09-24T07:15:10,2026-09-24T07:15:10
3443,創意,2021-03-26,393.5,7.0,1.81%,,,,,,,,,ShowDailyK_ChartFlow,FinMind_API_TaiwanStockPrice_3443,True,2026-09-24T07:15:10,2026-09-24T07:15:10,2026-09-24T07:15:10
3443,創意,2021-03-29,395.5,2.0,0.51%,,,,,,,,,ShowDailyK_ChartFlow,FinMind_API_TaiwanStockPrice_3443,True,2026-09-24T07:15:10,2026-09-24T07:15:10,2026-09-24T07:15:10
3443,創意,2021-03-30,395.5,0.0,0.00%,,,,,,,,,ShowDailyK_ChartFlow,FinMind_API_TaiwanStockPrice_3443,True,2026-09-24T07:15:10,2026-09-24T07:15:10,2026-09-24T07:15:10
3443,創意,2021-03-31,398.5,3.0,0.76%,,,,,,,,,ShowDailyK_ChartFlow,FinMind_API_TaiwanStockPrice_3443,True,2026-09-24T07:15:10,2026-09-24T07:15:10,2026-09-24T07:15:10
3443,創意,2021-04-01,413.5,15.0,3.76%,,,,,,,,,ShowDailyK_ChartFlow,FinMind_API_TaiwanStockPrice_3443,True,2026-09-24T07:15:10,2026-09-24T07:15:10,2026-09-24T07:15:10
3443,創意,2021-04-06,413.5,0.0,0.00%,,,,,,,,,ShowDailyK_ChartFlow,FinMind_API_TaiwanStockPrice_3443,True,2026-09-24T07:15:10,2026-09-24T07:15:10,2026-09-24T07:15:10
3443,創意,2021-04-07,411.0,-2.5,-0.60%,,,,,,,,,ShowDailyK_ChartFlow,FinMind_API_TaiwanStockPrice_3443,True,2026-09-24T07:15:10,2026-09-24T07:15:10,2026-09-24T07:15:10
3443,創意,2021-04-08,413.5,2.5,0.61%,,,,,,,,,ShowDailyK_ChartFlow,FinMind_API_TaiwanStockPrice_3443,True,2026-09-24T07:15:10,2026-09-24T07:15:10,2026-09-24T07:15:10
3443,創意,2021-04-09,405.0,-8.5,-2.06%,,,,,,,,,ShowDailyK_ChartFlow,FinMind_API_TaiwanStockPrice_3443,True,2026-09-24T07:15:10,2026-09-24T07:15:10,2026-09-24T07:15:10
3443,創意,2021-04-12,395.0,-10.0,-2.47%,,,,,,,,,ShowDailyK_ChartFlow,FinMind_API_TaiwanStockPrice_3443,True,2026-09-24T07:15:10,2026-09-24T07:15:10,2026-09-24T07:15:10
3443,創意,2021-04-13,399.5,4.5,1.14%,,,,,,,,,ShowDailyK_ChartFlow,FinMind_API_TaiwanStockPrice_3443,True,2026-09-24T07:15:10,2026-09-24T07:15:10,2026-09-24T07:15:10
3443,創意,2021-04-14,400.0,0.5,0.13%,,,,,,,,,ShowDailyK_ChartFlow,FinMind_API_TaiwanStockPrice_3443,True,2026-09-24T07:15:10,2026-09-24T07:15:10,2026-09-24T07:15:10
3443,創意,2021-04-15,440.0,40.0,10.00%,,,,,,,,,ShowDailyK_ChartFlow,FinMind_API_TaiwanStockPrice_3443,True,2026-09-24T07:15:10,2026-09-24T07:15:10,2026-09-24T07:15:10
3443,創意,2021-04-16,417.5,-22.5,-5.11%,,,,,,,,,ShowDailyK_ChartFlow,FinMind_API_TaiwanStockPrice_3443,True,2026-09-24T07:15:10,2026-09-24T07:15:10,2026-09-24T07:15:10
3443,創意,2021-04-19,406.5,-11.0,-2.63%,,,,,,,,,ShowDailyK_ChartFlow,FinMind_API_TaiwanStockPrice_3443,True,2026-09-24T07:15:10,2026-09-24T07:15:10,2026-09-24T07:15:10
3443,創意,2021-04-20,422.5,16.0,3.94%,,,,,,,,,ShowDailyK_ChartFlow,FinMind_API_TaiwanStockPrice_3443,True,2026-09-24T07:15:10,2026-09-24T07:15:10,2026-09-24T07:15:10
3443,創意,2021-04-21,409.5,-13.0,-3.08%,,,,,,,,,ShowDailyK_ChartFlow,FinMind_API_TaiwanStockPrice_3443,True,2026-09-24T07:15:10,2026-09-24T07:15:10,2026-09-24T07:15:10
3443,創意,2021-04-22,395.5,-14.0,-3.42%,,,,,,,,,ShowDailyK_ChartFlow,FinMind_API_TaiwanStockPrice_3443,True,2026-09-24T07:15:10,2026-09-24T07:15:10,2026-09-24T07:15:10
3443,創意,2021-04-23,405.0,9.5,2.40%,,,,,,,,,ShowDailyK_ChartFlow,FinMind_API_TaiwanStockPrice_3443,True,2026-09-24T07:15:10,2026-09-24T07:15:10,2026-09-24T07:15:10
3443,創意,2021-04-26,400.0,-5.0,-1.23%,,,,,,,,,ShowDailyK_ChartFlow,FinMind_API_TaiwanStockPrice_3443,True,2026-09-24T07:15:10,2026-09-24T07:15:10,2026-09-24T07:15:10
3443,創意,2021-04-27,409.0,9.0,2.25%,,,,,,,,,ShowDailyK_ChartFlow,FinMind_API_TaiwanStockPrice_3443,True,2026-09-24T07:15:10,2026-09-24T07:15:10,2026-09-24T07:15:10
3443,創意,2021-04-28,405.0,-4.0,-0.98%,,,,,,,,,ShowDailyK_ChartFlow,FinMind_API_TaiwanStockPrice_3443,True,2026-09-24T07:15:10,2026-09-24T07:15:10,2026-09-24T07:15:10
3443,創意,2021-04-29,402.5,-2.5,-0.62%,,,,,,,,,ShowDailyK_ChartFlow,FinMind_API_TaiwanStockPrice_3443,True,2026-09-24T07:15:10,2026-09-24T07:15:10,2026-09-24T07:15:10
3443,創意,2021-05-03,387.0,-15.5,-3.85%,,,,,,,,,ShowDailyK_ChartFlow,FinMind_API_TaiwanStockPrice_3443,True,2026-09-24T07:15:10,2026-09-24T07:15:10,2026-09-24T07:15:10
3443,創意,2021-05-04,377.0,-10.0,-2.58%,,,,,,,,,ShowDailyK_ChartFlow,FinMind_API_TaiwanStockPrice_3443,True,2026-09-24T07:15:10,2026-09-24T07:15:10,2026-09-24T07:15:10
3443,創意,2021-05-05,360.0,-17.0,-4.51%,,,,,,,,,ShowDailyK_ChartFlow,FinMind_API_TaiwanStockPrice_3443,True,2026-09-24T07:15:10,2026-09-24T07:15:10,2026-09-24T07:15:10
3443,創意,2021-05-06,352.5,-7.5,-2.08%,,,,,,,,,ShowDailyK_ChartFlow,FinMind_API_TaiwanStockPrice_3443,True,2026-09-24T07:15:10,2026-09-24T07:15:10,2026-09-24T07:15:10
3443,創意,2021-05-07,364.5,12.0,3.40%,,,,,,,,,ShowDailyK_ChartFlow,FinMind_API_TaiwanStockPrice_3443,True,2026-09-24T07:15:10,2026-09-24T07:15:10,2026-09-24T07:15:10
3443,創意,2021-05-10,369.5,5.0,1.37%,,,,,,,,,ShowDailyK_ChartFlow,FinMind_API_TaiwanStockPrice_3443,True,2026-09-24T07:15:10,2026-09-24T07:15:10,2026-09-24T07:15:10
3443,創意,2021-05-11,333.0,-36.5,-9.88%,,,,,,,,,ShowDailyK_ChartFlow,FinMind_API_TaiwanStockPrice_3443,True,2026-09-24T07:15:10,2026-09-24T07:15:10,2026-09-24T07:15:10
3443,創意,2021-05-12,319.5,-13.5,-4.05%,,,,,,,,,ShowDailyK_ChartFlow,FinMind_API_TaiwanStockPrice_3443,True,2026-09-24T07:15:10,2026-09-24T07:15:10,2026-09-24T07:15:10
3443,創意,2021-05-13,312.0,-7.5,-2.35%,,,,,,,,,ShowDailyK_ChartFlow,FinMind_API_TaiwanStockPrice_3443,True,2026-09-24T07:15:10,2026-09-24T07:15:10,2026-09-24T07:15:10
3443,創意,2021-05-14,331.0,19.0,6.09%,,,,,,,,,ShowDailyK_ChartFlow,FinMind_API_TaiwanStockPrice_3443,True,2026-09-24T07:15:10,2026-09-24T07:15:10,2026-09-24T07:15:10
3443,創意,2021-05-17,304.5,-26.5,-8.01%,,,,,,,,,ShowDailyK_ChartFlow,FinMind_API_TaiwanStockPrice_3443,True,2026-09-24T07:15:10,2026-09-24T07:15:10,2026-09-24T07:15:10
3443,創意,2021-05-18,331.0,26.5,8.70%,,,,,,,,,ShowDailyK_ChartFlow,FinMind_API_TaiwanStockPrice_3443,True,2026-09-24T07:15:10,2026-09-24T07:15:10,2026-09-24T07:15:10
3443,創意,2021-05-19,320.5,-10.5,-3.17%,,,,,,,,,ShowDailyK_ChartFlow,FinMind_API_TaiwanStockPrice_3443,True,2026-09-24T07:15:10,2026-09-24T07:15:10,2026-09-24T07:15:10
3443,創意,2021-05-20,325.0,4.5,1.40%,,,,,,,,,ShowDailyK_ChartFlow,FinMind_API_TaiwanStockPrice_3443,True,2026-09-24T07:15:10,2026-09-24T07:15:10,2026-09-24T07:15:10
3443,創意,2021-05-21,340.5,15.5,4.77%,,,,,,,,,ShowDailyK_ChartFlow,FinMind_API_TaiwanStockPrice_3443,True,2026-09-24T07:15:10,2026-09-24T07:15:10,2026-09-24T07:15:10
3443,創意,2021-05-24,352.0,11.5,3.38%,,,,,,,,,ShowDailyK_ChartFlow,FinMind_API_TaiwanStockPrice_3443,True,2026-09-24T07:15:10,2026-09-24T07:15:10,2026-09-24T07:15:10
3443,創意,2021-05-25,347.5,-4.5,-1.28%,,,,,,,,,ShowDailyK_ChartFlow,FinMind_API_TaiwanStockPrice_3443,True,2026-09-24T07:15:10,2026-09-24T07:15:10,2026-09-24T07:15:10
3443,創意,2021-05-26,346.5,-1.0,-0.29%,,,,,,,,,ShowDailyK_ChartFlow,FinMind_API_TaiwanStockPrice_3443,True,2026-09-24T07:15:10,2026-09-24T07:15:10,2026-09-24T07:15:10
3443,創意,2021-05-27,354.0,7.5,2.16%,,,,,,,,,ShowDailyK_ChartFlow,FinMind_API_TaiwanStockPrice_3443,True,2026-09-24T07:15:10,2026-09-24T07:15:10,2026-09-24T07:15:10
3443,創意,2021-05-28,357.0,3.0,0.85%,,,,,,,,,ShowDailyK_ChartFlow,FinMind_API_TaiwanStockPrice_3443,True,2026-09-24T07:15:10,2026-09-24T07:15:10,2026-09-24T07:15:10
3443,創意,2021-05-31,360.0,3.0,0.84%,,,,,,,,,ShowDailyK_ChartFlow,FinMind_API_TaiwanStockPrice_3443,True,2026-09-24T07:15:10,2026-09-24T07:15:10,2026-09-24T07:15:10
3443,創意,2021-06-01,356.0,-4.0,-1.11%,,,,,,,,,ShowDailyK_ChartFlow,FinMind_API_TaiwanStockPrice_3443,True,2026-09-24T07:15:10,2026-09-24T07:15:10,2026-09-24T07:15:10
3443,創意,2021-06-02,350.0,-6.0,-1.69%,,,,,,,,,ShowDailyK_ChartFlow,FinMind_API_TaiwanStockPrice_3443,True,2026-09-24T07:15:10,2026-09-24T07:15:10,2026-09-24T07:15:10
3443,創意,2021-06-03,352.0,2.0,0.57%,,,,,,,,,ShowDailyK_ChartFlow,FinMind_API_TaiwanStockPrice_3443,True,2026-09-24T07:15:10,2026-09-24T07:15:10,2026-09-24T07:15:10
3443,創意,2021-06-04,351.5,-0.5,-0.14%,,,,,,,,,ShowDailyK_ChartFlow,FinMind_API_TaiwanStockPrice_3443,True,2026-09-24T07:15:10,2026-09-24T07:15:10,2026-09-24T07:15:10
3443,創意,2021-06-07,351.5,0.0,0.00%,,,,,,,,,ShowDailyK_ChartFlow,FinMind_API_TaiwanStockPrice_3443,True,2026-09-24T07:15:10,2026-09-24T07:15:10,2026-09-24T07:15:10
3443,創意,2021-06-08,354.0,2.5,0.71%,,,,,,,,,ShowDailyK_ChartFlow,FinMind_API_TaiwanStockPrice_3443,True,2026-09-24T07:15:10,2026-09-24T07:15:10,2026-09-24T07:15:10
3443,創意,2021-06-09,354.0,0.0,0.00%,,,,,,,,,ShowDailyK_ChartFlow,FinMind_API_TaiwanStockPrice_3443,True,2026-09-24T07:15:10,2026-09-24T07:15:10,2026-09-24T07:15:10
3443,創意,2021-06-10,365.5,11.5,3.25%,,,,,,,,,ShowDailyK_ChartFlow,FinMind_API_TaiwanStockPrice_3443,True,2026-09-24T07:15:10,2026-09-24T07:15:10,2026-09-24T07:15:10
3443,創意,2021-06-11,389.0,23.5,6.43%,,,,,,,,,ShowDailyK_ChartFlow,FinMind_API_TaiwanStockPrice_3443,True,2026-09-24T07:15:10,2026-09-24T07:15:10,2026-09-24T07:15:10
3443,創意,2021-06-15,403.0,14.0,3.60%,,,,,,,,,ShowDailyK_ChartFlow,FinMind_API_TaiwanStockPrice_3443,True,2026-09-24T07:15:10,2026-09-24T07:15:10,2026-09-24T07:15:10
3443,創意,2021-06-16,408.0,5.0,1.24%,,,,,,,,,ShowDailyK_ChartFlow,FinMind_API_TaiwanStockPrice_3443,True,2026-09-24T07:15:10,2026-09-24T07:15:10,2026-09-24T07:15:10
3443,創意,2021-06-17,415.0,7.0,1.72%,,,,,,,,,ShowDailyK_ChartFlow,FinMind_API_TaiwanStockPrice_3443,True,2026-09-24T07:15:10,2026-09-24T07:15:10,2026-09-24T07:15:10
3443,創意,2021-06-18,410.0,-5.0,-1.20%,,,,,,,,,ShowDailyK_ChartFlow,FinMind_API_TaiwanStockPrice_3443,True,2026-09-24T07:15:10,2026-09-24T07:15:10,2026-09-24T07:15:10
3443,創意,2021-06-21,417.0,7.0,1.71%,,,,,,,,,ShowDailyK_ChartFlow,FinMind_API_TaiwanStockPrice_3443,True,2026-09-24T07:15:10,2026-09-24T07:15:10,2026-09-24T07:15:10
3443,創意,2021-06-22,405.5,-11.5,-2.76%,,,,,,,,,ShowDailyK_ChartFlow,FinMind_API_TaiwanStockPrice_3443,True,2026-09-24T07:15:10,2026-09-24T07:15:10,2026-09-24T07:15:10
3443,創意,2021-06-23,417.0,11.5,2.84%,,,,,,,,,ShowDailyK_ChartFlow,FinMind_API_TaiwanStockPrice_3443,True,2026-09-24T07:15:10,2026-09-24T07:15:10,2026-09-24T07:15:10
3443,創意,2021-06-24,424.5,7.5,1.80%,,,,,,,,,ShowDailyK_ChartFlow,FinMind_API_TaiwanStockPrice_3443,True,2026-09-24T07:15:10,2026-09-24T07:15:10,2026-09-24T07:15:10
3443,創意,2021-06-25,418.5,-6.0,-1.41%,,,,,,,,,ShowDailyK_ChartFlow,FinMind_API_TaiwanStockPrice_3443,True,2026-09-24T07:15:10,2026-09-24T07:15:10,2026-09-24T07:15:10
3443,創意,2021-06-28,414.0,-4.5,-1.08%,,,,,,,,,ShowDailyK_ChartFlow,FinMind_API_TaiwanStockPrice_3443,True,2026-09-24T07:15:10,2026-09-24T07:15:10,2026-09-24T07:15:10
3443,創意,2021-06-29,412.0,-2.0,-0.48%,,,,,,,,,ShowDailyK_ChartFlow,FinMind_API_TaiwanStockPrice_3443,True,2026-09-24T07:15:10,2026-09-24T07:15:10,2026-09-24T07:15:10
3443,創意,2021-06-30,413.0,1.0,0.24%,,,,,,,,,ShowDailyK_ChartFlow,FinMind_API_TaiwanStockPrice_3443,True,2026-09-24T07:15:10,2026-09-24T07:15:10,2026-09-24T07:15:10
3443,創意,2021-07-01,408.0,-5.0,-1.21%,,,,,,,,,ShowDailyK_ChartFlow,FinMind_API_TaiwanStockPrice_3443,True,2026-09-24T07:15:10,2026-09-24T07:15:10,2026-09-24T07:15:10
3443,創意,2021-07-02,448.5,40.5,9.93%,,,,,,,,,ShowDailyK_ChartFlow,FinMind_API_TaiwanStockPrice_3443,True,2026-09-24T07:15:10,2026-09-24T07:15:10,2026-09-24T07:15:10
3443,創意,2021-07-05,445.0,-3.5,-0.78%,,,,,,,,,ShowDailyK_ChartFlow,FinMind_API_TaiwanStockPrice_3443,True,2026-09-24T07:15:10,2026-09-24T07:15:10,2026-09-24T07:15:10
3443,創意,2021-07-06,438.0,-7.0,-1.57%,,,,,,,,,ShowDailyK_ChartFlow,FinMind_API_TaiwanStockPrice_3443,True,2026-09-24T07:15:10,2026-09-24T07:15:10,2026-09-24T07:15:10
3443,創意,2021-07-07,433.5,-4.5,-1.03%,,,,,,,,,ShowDailyK_ChartFlow,FinMind_API_TaiwanStockPrice_3443,True,2026-09-24T07:15:10,2026-09-24T07:15:10,2026-09-24T07:15:10
3443,創意,2021-07-08,438.5,5.0,1.15%,,,,,,,,,ShowDailyK_ChartFlow,FinMind_API_TaiwanStockPrice_3443,True,2026-09-24T07:15:10,2026-09-24T07:15:10,2026-09-24T07:15:10
3443,創意,2021-07-09,440.0,1.5,0.34%,,,,,,,,,ShowDailyK_ChartFlow,FinMind_API_TaiwanStockPrice_3443,True,2026-09-24T07:15:10,2026-09-24T07:15:10,2026-09-24T07:15:10
3443,創意,2021-07-12,463.0,23.0,5.23%,,,,,,,,,ShowDailyK_ChartFlow,FinMind_API_TaiwanStockPrice_3443,True,2026-09-24T07:15:10,2026-09-24T07:15:10,2026-09-24T07:15:10
3443,創意,2021-07-13,446.0,-17.0,-3.67%,,,,,,,,,ShowDailyK_ChartFlow,FinMind_API_TaiwanStockPrice_3443,True,2026-09-24T07:15:10,2026-09-24T07:15:10,2026-09-24T07:15:10
3443,創意,2021-07-14,448.0,2.0,0.45%,,,,,,,,,ShowDailyK_ChartFlow,FinMind_API_TaiwanStockPrice_3443,True,2026-09-24T07:15:10,2026-09-24T07:15:10,2026-09-24T07:15:10
3443,創意,2021-07-15,453.0,5.0,1.12%,,,,,,,,,ShowDailyK_ChartFlow,FinMind_API_TaiwanStockPrice_3443,True,2026-09-24T07:15:10,2026-09-24T07:15:10,2026-09-24T07:15:10
3443,創意,2021-07-16,438.5,-14.5,-3.20%,,,,,,,,,ShowDailyK_ChartFlow,FinMind_API_TaiwanStockPrice_3443,True,2026-09-24T07:15:10,2026-09-24T07:15:10,2026-09-24T07:15:10
3443,創意,2021-07-19,447.5,9.0,2.05%,,,,,,,,,ShowDailyK_ChartFlow,FinMind_API_TaiwanStockPrice_3443,True,2026-09-24T07:15:10,2026-09-24T07:15:10,2026-09-24T07:15:10
3443,創意,2021-07-20,427.5,-20.0,-4.47%,,,,,,,,,ShowDailyK_ChartFlow,FinMind_API_TaiwanStockPrice_3443,True,2026-09-24T07:15:10,2026-09-24T07:15:10,2026-09-24T07:15:10
3443,創意,2021-07-21,424.5,-3.0,-0.70%,,,,,,,,,ShowDailyK_ChartFlow,FinMind_API_TaiwanStockPrice_3443,True,2026-09-24T07:15:10,2026-09-24T07:15:10,2026-09-24T07:15:10
3443,創意,2021-07-22,440.5,16.0,3.77%,,,,,,,,,ShowDailyK_ChartFlow,FinMind_API_TaiwanStockPrice_3443,True,2026-09-24T07:15:10,2026-09-24T07:15:10,2026-09-24T07:15:10
3443,創意,2021-07-23,433.5,-7.0,-1.59%,,,,,,,,,ShowDailyK_ChartFlow,FinMind_API_TaiwanStockPrice_3443,True,2026-09-24T07:15:10,2026-09-24T07:15:10,2026-09-24T07:15:10
3443,創意,2021-07-26,441.0,7.5,1.73%,,,,,,,,,ShowDailyK_ChartFlow,FinMind_API_TaiwanStockPrice_3443,True,2026-09-24T07:15:10,2026-09-24T07:15:10,2026-09-24T07:15:10
3443,創意,2021-07-27,428.0,-13.0,-2.95%,,,,,,,,,ShowDailyK_ChartFlow,FinMind_API_TaiwanStockPrice_3443,True,2026-09-24T07:15:10,2026-09-24T07:15:10,2026-09-24T07:15:10
3443,創意,2021-07-28,408.0,-20.0,-4.67%,,,,,,,,,ShowDailyK_ChartFlow,FinMind_API_TaiwanStockPrice_3443,True,2026-09-24T07:15:10,2026-09-24T07:15:10,2026-09-24T07:15:10
3443,創意,2021-07-29,420.0,12.0,2.94%,,,,,,,,,ShowDailyK_ChartFlow,FinMind_API_TaiwanStockPrice_3443,True,2026-09-24T07:15:10,2026-09-24T07:15:10,2026-09-24T07:15:10
3443,創意,2021-07-30,411.5,-8.5,-2.02%,,,,,,,,,ShowDailyK_ChartFlow,FinMind_API_TaiwanStockPrice_3443,True,2026-09-24T07:15:10,2026-09-24T07:15:10,2026-09-24T07:15:10
3443,創意,2021-08-02,408.5,-3.0,-0.73%,,,,,,,,,ShowDailyK_ChartFlow,FinMind_API_TaiwanStockPrice_3443,True,2026-09-24T07:15:10,2026-09-24T07:15:10,2026-09-24T07:15:10
3443,創意,2021-08-03,393.0,-15.5,-3.79%,,,,,,,,,ShowDailyK_ChartFlow,FinMind_API_TaiwanStockPrice_3443,True,2026-09-24T07:15:10,2026-09-24T07:15:10,2026-09-24T07:15:10
3443,創意,2021-08-04,384.5,-8.5,-2.16%,,,,,,,,,ShowDailyK_ChartFlow,FinMind_API_TaiwanStockPrice_3443,True,2026-09-24T07:15:10,2026-09-24T07:15:10,2026-09-24T07:15:10
3443,創意,2021-08-05,381.0,-3.5,-0.91%,,,,,,,,,ShowDailyK_ChartFlow,FinMind_API_TaiwanStockPrice_3443,True,2026-09-24T07:15:10,2026-09-24T07:15:10,2026-09-24T07:15:10
3443,創意,2021-08-06,375.0,-6.0,-1.57%,,,,,,,,,ShowDailyK_ChartFlow,FinMind_API_TaiwanStockPrice_3443,True,2026-09-24T07:15:10,2026-09-24T07:15:10,2026-09-24T07:15:10
3443,創意,2021-08-09,367.0,-8.0,-2.13%,,,,,,,,,ShowDailyK_ChartFlow,FinMind_API_TaiwanStockPrice_3443,True,2026-09-24T07:15:10,2026-09-24T07:15:10,2026-09-24T07:15:10
3443,創意,2021-08-10,377.0,10.0,2.72%,,,,,,,,,ShowDailyK_ChartFlow,FinMind_API_TaiwanStockPrice_3443,True,2026-09-24T07:15:10,2026-09-24T07:15:10,2026-09-24T07:15:10
3443,創意,2021-08-11,376.0,-1.0,-0.27%,,,,,,,,,ShowDailyK_ChartFlow,FinMind_API_TaiwanStockPrice_3443,True,2026-09-24T07:15:10,2026-09-24T07:15:10,2026-09-24T07:15:10
3443,創意,2021-08-12,387.5,11.5,3.06%,,,,,,,,,ShowDailyK_ChartFlow,FinMind_API_TaiwanStockPrice_3443,True,2026-09-24T07:15:10,2026-09-24T07:15:10,2026-09-24T07:15:10
3443,創意,2021-08-13,380.0,-7.5,-1.94%,,,,,,,,,ShowDailyK_ChartFlow,FinMind_API_TaiwanStockPrice_3443,True,2026-09-24T07:15:10,2026-09-24T07:15:10,2026-09-24T07:15:10
3443,創意,2021-08-16,384.5,4.5,1.18%,,,,,,,,,ShowDailyK_ChartFlow,FinMind_API_TaiwanStockPrice_3443,True,2026-09-24T07:15:10,2026-09-24T07:15:10,2026-09-24T07:15:10
3443,創意,2021-08-17,375.5,-9.0,-2.34%,,,,,,,,,ShowDailyK_ChartFlow,FinMind_API_TaiwanStockPrice_3443,True,2026-09-24T07:15:10,2026-09-24T07:15:10,2026-09-24T07:15:10
3443,創意,2021-08-18,388.0,12.5,3.33%,,,,,,,,,ShowDailyK_ChartFlow,FinMind_API_TaiwanStockPrice_3443,True,2026-09-24T07:15:10,2026-09-24T07:15:10,2026-09-24T07:15:10
3443,創意,2021-08-19,383.0,-5.0,-1.29%,,,,,,,,,ShowDailyK_ChartFlow,FinMind_API_TaiwanStockPrice_3443,True,2026-09-24T07:15:10,2026-09-24T07:15:10,2026-09-24T07:15:10
3443,創意,2021-08-20,387.0,4.0,1.04%,,,,,,,,,ShowDailyK_ChartFlow,FinMind_API_TaiwanStockPrice_3443,True,2026-09-24T07:15:10,2026-09-24T07:15:10,2026-09-24T07:15:10
3443,創意,2021-08-23,398.5,11.5,2.97%,,,,,,,,,ShowDailyK_ChartFlow,FinMind_API_TaiwanStockPrice_3443,True,2026-09-24T07:15:10,2026-09-24T07:15:10,2026-09-24T07:15:10
3443,創意,2021-08-24,409.5,11.0,2.76%,,,,,,,,,ShowDailyK_ChartFlow,FinMind_API_TaiwanStockPrice_3443,True,2026-09-24T07:15:10,2026-09-24T07:15:10,2026-09-24T07:15:10
3443,創意,2021-08-25,417.0,7.5,1.83%,,,,,,,,,ShowDailyK_ChartFlow,FinMind_API_TaiwanStockPrice_3443,True,2026-09-24T07:15:10,2026-09-24T07:15:10,2026-09-24T07:15:10
3443,創意,2021-08-26,422.5,5.5,1.32%,,,,,,,,,ShowDailyK_ChartFlow,FinMind_API_TaiwanStockPrice_3443,True,2026-09-24T07:15:10,2026-09-24T07:15:10,2026-09-24T07:15:10
3443,創意,2021-08-27,422.5,0.0,0.00%,,,,,,,,,ShowDailyK_ChartFlow,FinMind_API_TaiwanStockPrice_3443,True,2026-09-24T07:15:10,2026-09-24T07:15:10,2026-09-24T07:15:10
3443,創意,2021-08-30,415.0,-7.5,-1.78%,,,,,,,,,ShowDailyK_ChartFlow,FinMind_API_TaiwanStockPrice_3443,True,2026-09-24T07:15:10,2026-09-24T07:15:10,2026-09-24T07:15:10
3443,創意,2021-08-31,432.5,17.5,4.22%,,,,,,,,,ShowDailyK_ChartFlow,FinMind_API_TaiwanStockPrice_3443,True,2026-09-24T07:15:10,2026-09-24T07:15:10,2026-09-24T07:15:10
3443,創意,2021-09-01,446.0,13.5,3.12%,,,,,,,,,ShowDailyK_ChartFlow,FinMind_API_TaiwanStockPrice_3443,True,2026-09-24T07:15:10,2026-09-24T07:15:10,2026-09-24T07:15:10
3443,創意,2021-09-02,452.0,6.0,1.35%,,,,,,,,,ShowDailyK_ChartFlow,FinMind_API_TaiwanStockPrice_3443,True,2026-09-24T07:15:10,2026-09-24T07:15:10,2026-09-24T07:15:10
3443,創意,2021-09-03,464.5,12.5,2.77%,,,,,,,,,ShowDailyK_ChartFlow,FinMind_API_TaiwanStockPrice_3443,True,2026-09-24T07:15:10,2026-09-24T07:15:10,2026-09-24T07:15:10
3443,創意,2021-09-06,446.0,-18.5,-3.98%,,,,,,,,,ShowDailyK_ChartFlow,FinMind_API_TaiwanStockPrice_3443,True,2026-09-24T07:15:10,2026-09-24T07:15:10,2026-09-24T07:15:10
3443,創意,2021-09-07,449.0,3.0,0.67%,,,,,,,,,ShowDailyK_ChartFlow,FinMind_API_TaiwanStockPrice_3443,True,2026-09-24T07:15:10,2026-09-24T07:15:10,2026-09-24T07:15:10
3443,創意,2021-09-08,433.0,-16.0,-3.56%,,,,,,,,,ShowDailyK_ChartFlow,FinMind_API_TaiwanStockPrice_3443,True,2026-09-24T07:15:10,2026-09-24T07:15:10,2026-09-24T07:15:10
3443,創意,2021-09-09,443.0,10.0,2.31%,,,,,,,,,ShowDailyK_ChartFlow,FinMind_API_TaiwanStockPrice_3443,True,2026-09-24T07:15:10,2026-09-24T07:15:10,2026-09-24T07:15:10
3443,創意,2021-09-10,456.0,13.0,2.93%,,,,,,,,,ShowDailyK_ChartFlow,FinMind_API_TaiwanStockPrice_3443,True,2026-09-24T07:15:10,2026-09-24T07:15:10,2026-09-24T07:15:10
3443,創意,2021-09-13,462.0,6.0,1.32%,,,,,,,,,ShowDailyK_ChartFlow,FinMind_API_TaiwanStockPrice_3443,True,2026-09-24T07:15:10,2026-09-24T07:15:10,2026-09-24T07:15:10
3443,創意,2021-09-14,474.0,12.0,2.60%,,,,,,,,,ShowDailyK_ChartFlow,FinMind_API_TaiwanStockPrice_3443,True,2026-09-24T07:15:10,2026-09-24T07:15:10,2026-09-24T07:15:10
3443,創意,2021-09-15,476.0,2.0,0.42%,,,,,,,,,ShowDailyK_ChartFlow,FinMind_API_TaiwanStockPrice_3443,True,2026-09-24T07:15:10,2026-09-24T07:15:10,2026-09-24T07:15:10
3443,創意,2021-09-16,472.5,-3.5,-0.74%,,,,,,,,,ShowDailyK_ChartFlow,FinMind_API_TaiwanStockPrice_3443,True,2026-09-24T07:15:10,2026-09-24T07:15:10,2026-09-24T07:15:10
3443,創意,2021-09-17,494.5,22.0,4.66%,,,,,,,,,ShowDailyK_ChartFlow,FinMind_API_TaiwanStockPrice_3443,True,2026-09-24T07:15:10,2026-09-24T07:15:10,2026-09-24T07:15:10
3443,創意,2021-09-22,464.5,-30.0,-6.07%,,,,,,,,,ShowDailyK_ChartFlow,FinMind_API_TaiwanStockPrice_3443,True,2026-09-24T07:15:10,2026-09-24T07:15:10,2026-09-24T07:15:10
3443,創意,2021-09-23,488.0,23.5,5.06%,,,,,,,,,ShowDailyK_ChartFlow,FinMind_API_TaiwanStockPrice_3443,True,2026-09-24T07:15:10,2026-09-24T07:15:10,2026-09-24T07:15:10
3443,創意,2021-09-24,499.5,11.5,2.36%,,,,,,,,,ShowDailyK_ChartFlow,FinMind_API_TaiwanStockPrice_3443,True,2026-09-24T07:15:10,2026-09-24T07:15:10,2026-09-24T07:15:10
3443,創意,2021-09-27,504.0,4.5,0.90%,,,,,,,,,ShowDailyK_ChartFlow,FinMind_API_TaiwanStockPrice_3443,True,2026-09-24T07:15:10,2026-09-24T07:15:10,2026-09-24T07:15:10
3443,創意,2021-09-28,500.0,-4.0,-0.79%,,,,,,,,,ShowDailyK_ChartFlow,FinMind_API_TaiwanStockPrice_3443,True,2026-09-24T07:15:10,2026-09-24T07:15:10,2026-09-24T07:15:10
3443,創意,2021-09-29,483.0,-17.0,-3.40%,,,,,,,,,ShowDailyK_ChartFlow,FinMind_API_TaiwanStockPrice_3443,True,2026-09-24T07:15:10,2026-09-24T07:15:10,2026-09-24T07:15:10
3443,創意,2021-09-30,501.0,18.0,3.73%,,,,,,,,,ShowDailyK_ChartFlow,FinMind_API_TaiwanStockPrice_3443,True,2026-09-24T07:15:10,2026-09-24T07:15:10,2026-09-24T07:15:10
3443,創意,2021-10-01,481.5,-19.5,-3.89%,,,,,,,,,ShowDailyK_ChartFlow,FinMind_API_TaiwanStockPrice_3443,True,2026-09-24T07:15:10,2026-09-24T07:15:10,2026-09-24T07:15:10
3443,創意,2021-10-04,464.0,-17.5,-3.63%,,,,,,,,,ShowDailyK_ChartFlow,FinMind_API_TaiwanStockPrice_3443,True,2026-09-24T07:15:10,2026-09-24T07:15:10,2026-09-24T07:15:10
3443,創意,2021-10-05,483.5,19.5,4.20%,,,,,,,,,ShowDailyK_ChartFlow,FinMind_API_TaiwanStockPrice_3443,True,2026-09-24T07:15:10,2026-09-24T07:15:10,2026-09-24T07:15:10
3443,創意,2021-10-06,480.0,-3.5,-0.72%,,,,,,,,,ShowDailyK_ChartFlow,FinMind_API_TaiwanStockPrice_3443,True,2026-09-24T07:15:10,2026-09-24T07:15:10,2026-09-24T07:15:10
3443,創意,2021-10-07,528.0,48.0,10.00%,,,,,,,,,ShowDailyK_ChartFlow,FinMind_API_TaiwanStockPrice_3443,True,2026-09-24T07:15:10,2026-09-24T07:15:10,2026-09-24T07:15:10
3443,創意,2021-10-08,532.0,4.0,0.76%,,,,,,,,,ShowDailyK_ChartFlow,FinMind_API_TaiwanStockPrice_3443,True,2026-09-24T07:15:10,2026-09-24T07:15:10,2026-09-24T07:15:10
3443,創意,2021-10-12,519.0,-13.0,-2.44%,,,,,,,,,ShowDailyK_ChartFlow,FinMind_API_TaiwanStockPrice_3443,True,2026-09-24T07:15:10,2026-09-24T07:15:10,2026-09-24T07:15:10
3443,創意,2021-10-13,496.5,-22.5,-4.34%,,,,,,,,,ShowDailyK_ChartFlow,FinMind_API_TaiwanStockPrice_3443,True,2026-09-24T07:15:10,2026-09-24T07:15:10,2026-09-24T07:15:10
3443,創意,2021-10-14,505.0,8.5,1.71%,,,,,,,,,ShowDailyK_ChartFlow,FinMind_API_TaiwanStockPrice_3443,True,2026-09-24T07:15:10,2026-09-24T07:15:10,2026-09-24T07:15:10
3443,創意,2021-10-15,502.0,-3.0,-0.59%,,,,,,,,,ShowDailyK_ChartFlow,FinMind_API_TaiwanStockPrice_3443,True,2026-09-24T07:15:10,2026-09-24T07:15:10,2026-09-24T07:15:10
3443,創意,2021-10-18,505.0,3.0,0.60%,,,,,,,,,ShowDailyK_ChartFlow,FinMind_API_TaiwanStockPrice_3443,True,2026-09-24T07:15:10,2026-09-24T07:15:10,2026-09-24T07:15:10
3443,創意,2021-10-19,517.0,12.0,2.38%,,,,,,,,,ShowDailyK_ChartFlow,FinMind_API_TaiwanStockPrice_3443,True,2026-09-24T07:15:10,2026-09-24T07:15:10,2026-09-24T07:15:10
3443,創意,2021-10-20,521.0,4.0,0.77%,,,,,,,,,ShowDailyK_ChartFlow,FinMind_API_TaiwanStockPrice_3443,True,2026-09-24T07:15:10,2026-09-24T07:15:10,2026-09-24T07:15:10
3443,創意,2021-10-21,532.0,11.0,2.11%,,,,,,,,,ShowDailyK_ChartFlow,FinMind_API_TaiwanStockPrice_3443,True,2026-09-24T07:15:10,2026-09-24T07:15:10,2026-09-24T07:15:10
3443,創意,2021-10-22,572.0,40.0,7.52%,,,,,,,,,ShowDailyK_ChartFlow,FinMind_API_TaiwanStockPrice_3443,True,2026-09-24T07:15:10,2026-09-24T07:15:10,2026-09-24T07:15:10
3443,創意,2021-10-25,580.0,8.0,1.40%,,,,,,,,,ShowDailyK_ChartFlow,FinMind_API_TaiwanStockPrice_3443,True,2026-09-24T07:15:10,2026-09-24T07:15:10,2026-09-24T07:15:10
3443,創意,2021-10-26,567.0,-13.0,-2.24%,,,,,,,,,ShowDailyK_ChartFlow,FinMind_API_TaiwanStockPrice_3443,True,2026-09-24T07:15:10,2026-09-24T07:15:10,2026-09-24T07:15:10
3443,創意,2021-10-27,600.0,33.0,5.82%,,,,,,,,,ShowDailyK_ChartFlow,FinMind_API_TaiwanStockPrice_3443,True,2026-09-24T07:15:10,2026-09-24T07:15:10,2026-09-24T07:15:10
3443,創意,2021-10-28,599.0,-1.0,-0.17%,,,,,,,,,ShowDailyK_ChartFlow,FinMind_API_TaiwanStockPrice_3443,True,2026-09-24T07:15:10,2026-09-24T07:15:10,2026-09-24T07:15:10
3443,創意,2021-10-29,598.0,-1.0,-0.17%,,,,,,,,,ShowDailyK_ChartFlow,FinMind_API_TaiwanStockPrice_3443,True,2026-09-24T07:15:10,2026-09-24T07:15:10,2026-09-24T07:15:10
3443,創意,2021-11-01,609.0,11.0,1.84%,,,,,,,,,ShowDailyK_ChartFlow,FinMind_API_TaiwanStockPrice_3443,True,2026-09-24T07:15:10,2026-09-24T07:15:10,2026-09-24T07:15:10
3443,創意,2021-11-02,594.0,-15.0,-2.46%,,,,,,,,,ShowDailyK_ChartFlow,FinMind_API_TaiwanStockPrice_3443,True,2026-09-24T07:15:10,2026-09-24T07:15:10,2026-09-24T07:15:10
3443,創意,2021-11-03,605.0,11.0,1.85%,,,,,,,,,ShowDailyK_ChartFlow,FinMind_API_TaiwanStockPrice_3443,True,2026-09-24T07:15:10,2026-09-24T07:15:10,2026-09-24T07:15:10
3443,創意,2021-11-04,603.0,-2.0,-0.33%,,,,,,,,,ShowDailyK_ChartFlow,FinMind_API_TaiwanStockPrice_3443,True,2026-09-24T07:15:10,2026-09-24T07:15:10,2026-09-24T07:15:10
3443,創意,2021-11-05,618.0,15.0,2.49%,,,,,,,,,ShowDailyK_ChartFlow,FinMind_API_TaiwanStockPrice_3443,True,2026-09-24T07:15:10,2026-09-24T07:15:10,2026-09-24T07:15:10
3443,創意,2021-11-08,598.0,-20.0,-3.24%,,,,,,,,,ShowDailyK_ChartFlow,FinMind_API_TaiwanStockPrice_3443,True,2026-09-24T07:15:10,2026-09-24T07:15:10,2026-09-24T07:15:10
3443,創意,2021-11-09,591.0,-7.0,-1.17%,,,,,,,,,ShowDailyK_ChartFlow,FinMind_API_TaiwanStockPrice_3443,True,2026-09-24T07:15:10,2026-09-24T07:15:10,2026-09-24T07:15:10
3443,創意,2021-11-10,583.0,-8.0,-1.35%,,,,,,,,,ShowDailyK_ChartFlow,FinMind_API_TaiwanStockPrice_3443,True,2026-09-24T07:15:10,2026-09-24T07:15:10,2026-09-24T07:15:10
3443,創意,2021-11-11,588.0,5.0,0.86%,,,,,,,,,ShowDailyK_ChartFlow,FinMind_API_TaiwanStockPrice_3443,True,2026-09-24T07:15:10,2026-09-24T07:15:10,2026-09-24T07:15:10
3443,創意,2021-11-12,578.0,-10.0,-1.70%,,,,,,,,,ShowDailyK_ChartFlow,FinMind_API_TaiwanStockPrice_3443,True,2026-09-24T07:15:10,2026-09-24T07:15:10,2026-09-24T07:15:10
3443,創意,2021-11-15,570.0,-8.0,-1.38%,,,,,,,,,ShowDailyK_ChartFlow,FinMind_API_TaiwanStockPrice_3443,True,2026-09-24T07:15:10,2026-09-24T07:15:10,2026-09-24T07:15:10
3443,創意,2021-11-16,586.0,16.0,2.81%,,,,,,,,,ShowDailyK_ChartFlow,FinMind_API_TaiwanStockPrice_3443,True,2026-09-24T07:15:10,2026-09-24T07:15:10,2026-09-24T07:15:10
3443,創意,2021-11-17,604.0,18.0,3.07%,,,,,,,,,ShowDailyK_ChartFlow,FinMind_API_TaiwanStockPrice_3443,True,2026-09-24T07:15:10,2026-09-24T07:15:10,2026-09-24T07:15:10
3443,創意,2021-11-18,598.0,-6.0,-0.99%,,,,,,,,,ShowDailyK_ChartFlow,FinMind_API_TaiwanStockPrice_3443,True,2026-09-24T07:15:10,2026-09-24T07:15:10,2026-09-24T07:15:10
3443,創意,2021-11-19,600.0,2.0,0.33%,,,,,,,,,ShowDailyK_ChartFlow,FinMind_API_TaiwanStockPrice_3443,True,2026-09-24T07:15:10,2026-09-24T07:15:10,2026-09-24T07:15:10
3443,創意,2021-11-22,610.0,10.0,1.67%,,,,,,,,,ShowDailyK_ChartFlow,FinMind_API_TaiwanStockPrice_3443,True,2026-09-24T07:15:10,2026-09-24T07:15:10,2026-09-24T07:15:10
3443,創意,2021-11-23,582.0,-28.0,-4.59%,,,,,,,,,ShowDailyK_ChartFlow,FinMind_API_TaiwanStockPrice_3443,True,2026-09-24T07:15:10,2026-09-24T07:15:10,2026-09-24T07:15:10
3443,創意,2021-11-24,572.0,-10.0,-1.72%,,,,,,,,,ShowDailyK_ChartFlow,FinMind_API_TaiwanStockPrice_3443,True,2026-09-24T07:15:10,2026-09-24T07:15:10,2026-09-24T07:15:10
3443,創意,2021-11-25,560.0,-12.0,-2.10%,,,,,,,,,ShowDailyK_ChartFlow,FinMind_API_TaiwanStockPrice_3443,True,2026-09-24T07:15:10,2026-09-24T07:15:10,2026-09-24T07:15:10
3443,創意,2021-11-26,567.0,7.0,1.25%,,,,,,,,,ShowDailyK_ChartFlow,FinMind_API_TaiwanStockPrice_3443,True,2026-09-24T07:15:10,2026-09-24T07:15:10,2026-09-24T07:15:10
3443,創意,2021-11-29,580.0,13.0,2.29%,,,,,,,,,ShowDailyK_ChartFlow,FinMind_API_TaiwanStockPrice_3443,True,2026-09-24T07:15:10,2026-09-24T07:15:10,2026-09-24T07:15:10
3443,創意,2021-11-30,589.0,9.0,1.55%,,,,,,,,,ShowDailyK_ChartFlow,FinMind_API_TaiwanStockPrice_3443,True,2026-09-24T07:15:10,2026-09-24T07:15:10,2026-09-24T07:15:10
3443,創意,2021-12-01,592.0,3.0,0.51%,,,,,,,,,ShowDailyK_ChartFlow,FinMind_API_TaiwanStockPrice_3443,True,2026-09-24T07:15:10,2026-09-24T07:15:10,2026-09-24T07:15:10
3443,創意,2021-12-02,595.0,3.0,0.51%,,,,,,,,,ShowDailyK_ChartFlow,FinMind_API_TaiwanStockPrice_3443,True,2026-09-24T07:15:10,2026-09-24T07:15:10,2026-09-24T07:15:10
3443,創意,2021-12-03,599.0,4.0,0.67%,,,,,,,,,ShowDailyK_ChartFlow,FinMind_API_TaiwanStockPrice_3443,True,2026-09-24T07:15:10,2026-09-24T07:15:10,2026-09-24T07:15:10
3443,創意,2021-12-06,572.0,-27.0,-4.51%,,,,,,,,,ShowDailyK_ChartFlow,FinMind_API_TaiwanStockPrice_3443,True,2026-09-24T07:15:10,2026-09-24T07:15:10,2026-09-24T07:15:10
3443,創意,2021-12-07,568.0,-4.0,-0.70%,,,,,,,,,ShowDailyK_ChartFlow,FinMind_API_TaiwanStockPrice_3443,True,2026-09-24T07:15:10,2026-09-24T07:15:10,2026-09-24T07:15:10
3443,創意,2021-12-08,573.0,5.0,0.88%,,,,,,,,,ShowDailyK_ChartFlow,FinMind_API_TaiwanStockPrice_3443,True,2026-09-24T07:15:10,2026-09-24T07:15:10,2026-09-24T07:15:10
3443,創意,2021-12-09,587.0,14.0,2.44%,,,,,,,,,ShowDailyK_ChartFlow,FinMind_API_TaiwanStockPrice_3443,True,2026-09-24T07:15:10,2026-09-24T07:15:10,2026-09-24T07:15:10
3443,創意,2021-12-10,584.0,-3.0,-0.51%,,,,,,,,,ShowDailyK_ChartFlow,FinMind_API_TaiwanStockPrice_3443,True,2026-09-24T07:15:10,2026-09-24T07:15:10,2026-09-24T07:15:10
3443,創意,2021-12-13,592.0,8.0,1.37%,,,,,,,,,ShowDailyK_ChartFlow,FinMind_API_TaiwanStockPrice_3443,True,2026-09-24T07:15:10,2026-09-24T07:15:10,2026-09-24T07:15:10
3443,創意,2021-12-14,585.0,-7.0,-1.18%,,,,,,,,,ShowDailyK_ChartFlow,FinMind_API_TaiwanStockPrice_3443,True,2026-09-24T07:15:10,2026-09-24T07:15:10,2026-09-24T07:15:10
3443,創意,2021-12-15,601.0,16.0,2.74%,,,,,,,,,ShowDailyK_ChartFlow,FinMind_API_TaiwanStockPrice_3443,True,2026-09-24T07:15:10,2026-09-24T07:15:10,2026-09-24T07:15:10
3443,創意,2021-12-16,661.0,60.0,9.98%,,,,,,,,,ShowDailyK_ChartFlow,FinMind_API_TaiwanStockPrice_3443,True,2026-09-24T07:15:10,2026-09-24T07:15:10,2026-09-24T07:15:10
3443,創意,2021-12-17,604.0,-57.0,-8.62%,,,,,,,,,ShowDailyK_ChartFlow,FinMind_API_TaiwanStockPrice_3443,True,2026-09-24T07:15:10,2026-09-24T07:15:10,2026-09-24T07:15:10
3443,創意,2021-12-20,601.0,-3.0,-0.50%,,,,,,,,,ShowDailyK_ChartFlow,FinMind_API_TaiwanStockPrice_3443,True,2026-09-24T07:15:10,2026-09-24T07:15:10,2026-09-24T07:15:10
3443,創意,2021-12-21,612.0,11.0,1.83%,,,,,,,,,ShowDailyK_ChartFlow,FinMind_API_TaiwanStockPrice_3443,True,2026-09-24T07:15:10,2026-09-24T07:15:10,2026-09-24T07:15:10
3443,創意,2021-12-22,606.0,-6.0,-0.98%,,,,,,,,,ShowDailyK_ChartFlow,FinMind_API_TaiwanStockPrice_3443,True,2026-09-24T07:15:10,2026-09-24T07:15:10,2026-09-24T07:15:10
3443,創意,2021-12-23,603.0,-3.0,-0.50%,,,,,,,,,ShowDailyK_ChartFlow,FinMind_API_TaiwanStockPrice_3443,True,2026-09-24T07:15:10,2026-09-24T07:15:10,2026-09-24T07:15:10
3443,創意,2021-12-24,604.0,1.0,0.17%,,,,,,,,,ShowDailyK_ChartFlow,FinMind_API_TaiwanStockPrice_3443,True,2026-09-24T07:15:10,2026-09-24T07:15:10,2026-09-24T07:15:10
3443,創意,2021-12-27,595.0,-9.0,-1.49%,,,,,,,,,ShowDailyK_ChartFlow,FinMind_API_TaiwanStockPrice_3443,True,2026-09-24T07:15:10,2026-09-24T07:15:10,2026-09-24T07:15:10
3443,創意,2021-12-28,591.0,-4.0,-0.67%,,,,,,,,,ShowDailyK_ChartFlow,FinMind_API_TaiwanStockPrice_3443,True,2026-09-24T07:15:10,2026-09-24T07:15:10,2026-09-24T07:15:10
3443,創意,2021-12-29,591.0,0.0,0.00%,,,,,,,,,ShowDailyK_ChartFlow,FinMind_API_TaiwanStockPrice_3443,True,2026-09-24T07:15:10,2026-09-24T07:15:10,2026-09-24T07:15:10
3443,創意,2021-12-30,586.0,-5.0,-0.85%,,,,,,,,,ShowDailyK_ChartFlow,FinMind_API_TaiwanStockPrice_3443,True,2026-09-24T07:15:10,2026-09-24T07:15:10,2026-09-24T07:15:10
3443,創意,2022-01-03,580.0,-6.0,-1.02%,,,,,,,,,ShowDailyK_ChartFlow,FinMind_API_TaiwanStockPrice_3443,True,2026-09-24T07:15:10,2026-09-24T07:15:10,2026-09-24T07:15:10
3443,創意,2022-01-04,582.0,2.0,0.34%,,,,,,,,,ShowDailyK_ChartFlow,FinMind_API_TaiwanStockPrice_3443,True,2026-09-24T07:15:10,2026-09-24T07:15:10,2026-09-24T07:15:10
3443,創意,2022-01-05,580.0,-2.0,-0.34%,,,,,,,,,ShowDailyK_ChartFlow,FinMind_API_TaiwanStockPrice_3443,True,2026-09-24T07:15:10,2026-09-24T07:15:10,2026-09-24T07:15:10
3443,創意,2022-01-06,545.0,-35.0,-6.03%,,,,,,,,,ShowDailyK_ChartFlow,FinMind_API_TaiwanStockPrice_3443,True,2026-09-24T07:15:10,2026-09-24T07:15:10,2026-09-24T07:15:10
3443,創意,2022-01-07,527.0,-18.0,-3.30%,,,,,,,,,ShowDailyK_ChartFlow,FinMind_API_TaiwanStockPrice_3443,True,2026-09-24T07:15:10,2026-09-24T07:15:10,2026-09-24T07:15:10
3443,創意,2022-01-10,523.0,-4.0,-0.76%,,,,,,,,,ShowDailyK_ChartFlow,FinMind_API_TaiwanStockPrice_3443,True,2026-09-24T07:15:10,2026-09-24T07:15:10,2026-09-24T07:15:10
3443,創意,2022-01-11,505.0,-18.0,-3.44%,,,,,,,,,ShowDailyK_ChartFlow,FinMind_API_TaiwanStockPrice_3443,True,2026-09-24T07:15:10,2026-09-24T07:15:10,2026-09-24T07:15:10
3443,創意,2022-01-12,505.0,0.0,0.00%,,,,,,,,,ShowDailyK_ChartFlow,FinMind_API_TaiwanStockPrice_3443,True,2026-09-24T07:15:10,2026-09-24T07:15:10,2026-09-24T07:15:10
3443,創意,2022-01-13,498.0,-7.0,-1.39%,,,,,,,,,ShowDailyK_ChartFlow,FinMind_API_TaiwanStockPrice_3443,True,2026-09-24T07:15:10,2026-09-24T07:15:10,2026-09-24T07:15:10
3443,創意,2022-01-14,507.0,9.0,1.81%,,,,,,,,,ShowDailyK_ChartFlow,FinMind_API_TaiwanStockPrice_3443,True,2026-09-24T07:15:10,2026-09-24T07:15:10,2026-09-24T07:15:10
3443,創意,2022-01-17,517.0,10.0,1.97%,,,,,,,,,ShowDailyK_ChartFlow,FinMind_API_TaiwanStockPrice_3443,True,2026-09-24T07:15:10,2026-09-24T07:15:10,2026-09-24T07:15:10
3443,創意,2022-01-18,523.0,6.0,1.16%,,,,,,,,,ShowDailyK_ChartFlow,FinMind_API_TaiwanStockPrice_3443,True,2026-09-24T07:15:10,2026-09-24T07:15:10,2026-09-24T07:15:10
3443,創意,2022-01-19,504.0,-19.0,-3.63%,,,,,,,,,ShowDailyK_ChartFlow,FinMind_API_TaiwanStockPrice_3443,True,2026-09-24T07:15:10,2026-09-24T07:15:10,2026-09-24T07:15:10
3443,創意,2022-01-20,495.5,-8.5,-1.69%,,,,,,,,,ShowDailyK_ChartFlow,FinMind_API_TaiwanStockPrice_3443,True,2026-09-24T07:15:10,2026-09-24T07:15:10,2026-09-24T07:15:10
3443,創意,2022-01-21,486.5,-9.0,-1.82%,,,,,,,,,ShowDailyK_ChartFlow,FinMind_API_TaiwanStockPrice_3443,True,2026-09-24T07:15:10,2026-09-24T07:15:10,2026-09-24T07:15:10
3443,創意,2022-01-24,485.0,-1.5,-0.31%,,,,,,,,,ShowDailyK_ChartFlow,FinMind_API_TaiwanStockPrice_3443,True,2026-09-24T07:15:10,2026-09-24T07:15:10,2026-09-24T07:15:10
3443,創意,2022-01-25,467.0,-18.0,-3.71%,,,,,,,,,ShowDailyK_ChartFlow,FinMind_API_TaiwanStockPrice_3443,True,2026-09-24T07:15:10,2026-09-24T07:15:10,2026-09-24T07:15:10
3443,創意,2022-01-26,472.5,5.5,1.18%,,,,,,,,,ShowDailyK_ChartFlow,FinMind_API_TaiwanStockPrice_3443,True,2026-09-24T07:15:10,2026-09-24T07:15:10,2026-09-24T07:15:10
3443,創意,2022-02-07,440.5,-32.0,-6.77%,,,,,,,,,ShowDailyK_ChartFlow,FinMind_API_TaiwanStockPrice_3443,True,2026-09-24T07:15:10,2026-09-24T07:15:10,2026-09-24T07:15:10
3443,創意,2022-02-08,458.0,17.5,3.97%,,,,,,,,,ShowDailyK_ChartFlow,FinMind_API_TaiwanStockPrice_3443,True,2026-09-24T07:15:10,2026-09-24T07:15:10,2026-09-24T07:15:10
3443,創意,2022-02-09,476.0,18.0,3.93%,,,,,,,,,ShowDailyK_ChartFlow,FinMind_API_TaiwanStockPrice_3443,True,2026-09-24T07:15:10,2026-09-24T07:15:10,2026-09-24T07:15:10
3443,創意,2022-02-10,473.0,-3.0,-0.63%,,,,,,,,,ShowDailyK_ChartFlow,FinMind_API_TaiwanStockPrice_3443,True,2026-09-24T07:15:10,2026-09-24T07:15:10,2026-09-24T07:15:10
3443,創意,2022-02-11,470.0,-3.0,-0.63%,,,,,,,,,ShowDailyK_ChartFlow,FinMind_API_TaiwanStockPrice_3443,True,2026-09-24T07:15:10,2026-09-24T07:15:10,2026-09-24T07:15:10
3443,創意,2022-02-14,461.0,-9.0,-1.91%,,,,,,,,,ShowDailyK_ChartFlow,FinMind_API_TaiwanStockPrice_3443,True,2026-09-24T07:15:10,2026-09-24T07:15:10,2026-09-24T07:15:10
3443,創意,2022-02-15,464.5,3.5,0.76%,,,,,,,,,ShowDailyK_ChartFlow,FinMind_API_TaiwanStockPrice_3443,True,2026-09-24T07:15:10,2026-09-24T07:15:10,2026-09-24T07:15:10
3443,創意,2022-02-16,477.0,12.5,2.69%,,,,,,,,,ShowDailyK_ChartFlow,FinMind_API_TaiwanStockPrice_3443,True,2026-09-24T07:15:10,2026-09-24T07:15:10,2026-09-24T07:15:10
3443,創意,2022-02-17,458.5,-18.5,-3.88%,,,,,,,,,ShowDailyK_ChartFlow,FinMind_API_TaiwanStockPrice_3443,True,2026-09-24T07:15:10,2026-09-24T07:15:10,2026-09-24T07:15:10
3443,創意,2022-02-18,463.0,4.5,0.98%,,,,,,,,,ShowDailyK_ChartFlow,FinMind_API_TaiwanStockPrice_3443,True,2026-09-24T07:15:10,2026-09-24T07:15:10,2026-09-24T07:15:10
3443,創意,2022-02-21,476.0,13.0,2.81%,,,,,,,,,ShowDailyK_ChartFlow,FinMind_API_TaiwanStockPrice_3443,True,2026-09-24T07:15:10,2026-09-24T07:15:10,2026-09-24T07:15:10
3443,創意,2022-02-22,451.0,-25.0,-5.25%,,,,,,,,,ShowDailyK_ChartFlow,FinMind_API_TaiwanStockPrice_3443,True,2026-09-24T07:15:10,2026-09-24T07:15:10,2026-09-24T07:15:10
3443,創意,2022-02-23,452.5,1.5,0.33%,,,,,,,,,ShowDailyK_ChartFlow,FinMind_API_TaiwanStockPrice_3443,True,2026-09-24T07:15:10,2026-09-24T07:15:10,2026-09-24T07:15:10
3443,創意,2022-02-24,440.0,-12.5,-2.76%,,,,,,,,,ShowDailyK_ChartFlow,FinMind_API_TaiwanStockPrice_3443,True,2026-09-24T07:15:10,2026-09-24T07:15:10,2026-09-24T07:15:10
3443,創意,2022-02-25,457.0,17.0,3.86%,,,,,,,,,ShowDailyK_ChartFlow,FinMind_API_TaiwanStockPrice_3443,True,2026-09-24T07:15:10,2026-09-24T07:15:10,2026-09-24T07:15:10
3443,創意,2022-03-01,462.0,5.0,1.09%,,,,,,,,,ShowDailyK_ChartFlow,FinMind_API_TaiwanStockPrice_3443,True,2026-09-24T07:15:10,2026-09-24T07:15:10,2026-09-24T07:15:10
3443,創意,2022-03-02,471.0,9.0,1.95%,,,,,,,,,ShowDailyK_ChartFlow,FinMind_API_TaiwanStockPrice_3443,True,2026-09-24T07:15:10,2026-09-24T07:15:10,2026-09-24T07:15:10
3443,創意,2022-03-03,482.0,11.0,2.34%,,,,,,,,,ShowDailyK_ChartFlow,FinMind_API_TaiwanStockPrice_3443,True,2026-09-24T07:15:10,2026-09-24T07:15:10,2026-09-24T07:15:10
3443,創意,2022-03-04,477.0,-5.0,-1.04%,,,,,,,,,ShowDailyK_ChartFlow,FinMind_API_TaiwanStockPrice_3443,True,2026-09-24T07:15:10,2026-09-24T07:15:10,2026-09-24T07:15:10
3443,創意,2022-03-07,447.0,-30.0,-6.29%,,,,,,,,,ShowDailyK_ChartFlow,FinMind_API_TaiwanStockPrice_3443,True,2026-09-24T07:15:10,2026-09-24T07:15:10,2026-09-24T07:15:10
3443,創意,2022-03-08,444.0,-3.0,-0.67%,,,,,,,,,ShowDailyK_ChartFlow,FinMind_API_TaiwanStockPrice_3443,True,2026-09-24T07:15:10,2026-09-24T07:15:10,2026-09-24T07:15:10
3443,創意,2022-03-09,455.0,11.0,2.48%,,,,,,,,,ShowDailyK_ChartFlow,FinMind_API_TaiwanStockPrice_3443,True,2026-09-24T07:15:10,2026-09-24T07:15:10,2026-09-24T07:15:10
3443,創意,2022-03-10,475.5,20.5,4.51%,,,,,,,,,ShowDailyK_ChartFlow,FinMind_API_TaiwanStockPrice_3443,True,2026-09-24T07:15:10,2026-09-24T07:15:10,2026-09-24T07:15:10
3443,創意,2022-03-11,475.0,-0.5,-0.11%,,,,,,,,,ShowDailyK_ChartFlow,FinMind_API_TaiwanStockPrice_3443,True,2026-09-24T07:15:10,2026-09-24T07:15:10,2026-09-24T07:15:10
3443,創意,2022-03-14,463.0,-12.0,-2.53%,,,,,,,,,ShowDailyK_ChartFlow,FinMind_API_TaiwanStockPrice_3443,True,2026-09-24T07:15:10,2026-09-24T07:15:10,2026-09-24T07:15:10
3443,創意,2022-03-15,427.0,-36.0,-7.78%,,,,,,,,,ShowDailyK_ChartFlow,FinMind_API_TaiwanStockPrice_3443,True,2026-09-24T07:15:10,2026-09-24T07:15:10,2026-09-24T07:15:10
3443,創意,2022-03-16,431.5,4.5,1.05%,,,,,,,,,ShowDailyK_ChartFlow,FinMind_API_TaiwanStockPrice_3443,True,2026-09-24T07:15:10,2026-09-24T07:15:10,2026-09-24T07:15:10
3443,創意,2022-03-17,463.0,31.5,7.30%,,,,,,,,,ShowDailyK_ChartFlow,FinMind_API_TaiwanStockPrice_3443,True,2026-09-24T07:15:10,2026-09-24T07:15:10,2026-09-24T07:15:10
3443,創意,2022-03-18,459.0,-4.0,-0.86%,,,,,,,,,ShowDailyK_ChartFlow,FinMind_API_TaiwanStockPrice_3443,True,2026-09-24T07:15:10,2026-09-24T07:15:10,2026-09-24T07:15:10
3443,創意,2022-03-21,459.0,0.0,0.00%,,,,,,,,,ShowDailyK_ChartFlow,FinMind_API_TaiwanStockPrice_3443,True,2026-09-24T07:15:10,2026-09-24T07:15:10,2026-09-24T07:15:10
3443,創意,2022-03-22,488.0,29.0,6.32%,,,,,,,,,ShowDailyK_ChartFlow,FinMind_API_TaiwanStockPrice_3443,True,2026-09-24T07:15:10,2026-09-24T07:15:10,2026-09-24T07:15:10
3443,創意,2022-03-23,517.0,29.0,5.94%,,,,,,,,,ShowDailyK_ChartFlow,FinMind_API_TaiwanStockPrice_3443,True,2026-09-24T07:15:10,2026-09-24T07:15:10,2026-09-24T07:15:10
3443,創意,2022-03-24,518.0,1.0,0.19%,,,,,,,,,ShowDailyK_ChartFlow,FinMind_API_TaiwanStockPrice_3443,True,2026-09-24T07:15:10,2026-09-24T07:15:10,2026-09-24T07:15:10
3443,創意,2022-03-25,513.0,-5.0,-0.97%,,,,,,,,,ShowDailyK_ChartFlow,FinMind_API_TaiwanStockPrice_3443,True,2026-09-24T07:15:10,2026-09-24T07:15:10,2026-09-24T07:15:10
3443,創意,2022-03-28,508.0,-5.0,-0.97%,,,,,,,,,ShowDailyK_ChartFlow,FinMind_API_TaiwanStockPrice_3443,True,2026-09-24T07:15:10,2026-09-24T07:15:10,2026-09-24T07:15:10
3443,創意,2022-03-29,518.0,10.0,1.97%,,,,,,,,,ShowDailyK_ChartFlow,FinMind_API_TaiwanStockPrice_3443,True,2026-09-24T07:15:10,2026-09-24T07:15:10,2026-09-24T07:15:10
3443,創意,2022-03-30,520.0,2.0,0.39%,,,,,,,,,ShowDailyK_ChartFlow,FinMind_API_TaiwanStockPrice_3443,True,2026-09-24T07:15:10,2026-09-24T07:15:10,2026-09-24T07:15:10
3443,創意,2022-03-31,505.0,-15.0,-2.88%,,,,,,,,,ShowDailyK_ChartFlow,FinMind_API_TaiwanStockPrice_3443,True,2026-09-24T07:15:10,2026-09-24T07:15:10,2026-09-24T07:15:10
3443,創意,2022-04-01,508.0,3.0,0.59%,,,,,,,,,ShowDailyK_ChartFlow,FinMind_API_TaiwanStockPrice_3443,True,2026-09-24T07:15:10,2026-09-24T07:15:10,2026-09-24T07:15:10
3443,創意,2022-04-06,490.0,-18.0,-3.54%,,,,,,,,,ShowDailyK_ChartFlow,FinMind_API_TaiwanStockPrice_3443,True,2026-09-24T07:15:10,2026-09-24T07:15:10,2026-09-24T07:15:10
3443,創意,2022-04-07,482.0,-8.0,-1.63%,,,,,,,,,ShowDailyK_ChartFlow,FinMind_API_TaiwanStockPrice_3443,True,2026-09-24T07:15:10,2026-09-24T07:15:10,2026-09-24T07:15:10
3443,創意,2022-04-08,478.0,-4.0,-0.83%,,,,,,,,,ShowDailyK_ChartFlow,FinMind_API_TaiwanStockPrice_3443,True,2026-09-24T07:15:10,2026-09-24T07:15:10,2026-09-24T07:15:10
3443,創意,2022-04-11,460.0,-18.0,-3.77%,,,,,,,,,ShowDailyK_ChartFlow,FinMind_API_TaiwanStockPrice_3443,True,2026-09-24T07:15:10,2026-09-24T07:15:10,2026-09-24T07:15:10
3443,創意,2022-04-12,474.5,14.5,3.15%,,,,,,,,,ShowDailyK_ChartFlow,FinMind_API_TaiwanStockPrice_3443,True,2026-09-24T07:15:10,2026-09-24T07:15:10,2026-09-24T07:15:10
3443,創意,2022-04-13,480.0,5.5,1.16%,,,,,,,,,ShowDailyK_ChartFlow,FinMind_API_TaiwanStockPrice_3443,True,2026-09-24T07:15:10,2026-09-24T07:15:10,2026-09-24T07:15:10
3443,創意,2022-04-14,478.0,-2.0,-0.42%,,,,,,,,,ShowDailyK_ChartFlow,FinMind_API_TaiwanStockPrice_3443,True,2026-09-24T07:15:10,2026-09-24T07:15:10,2026-09-24T07:15:10
3443,創意,2022-04-15,457.5,-20.5,-4.29%,,,,,,,,,ShowDailyK_ChartFlow,FinMind_API_TaiwanStockPrice_3443,True,2026-09-24T07:15:10,2026-09-24T07:15:10,2026-09-24T07:15:10
3443,創意,2022-04-18,469.0,11.5,2.51%,,,,,,,,,ShowDailyK_ChartFlow,FinMind_API_TaiwanStockPrice_3443,True,2026-09-24T07:15:10,2026-09-24T07:15:10,2026-09-24T07:15:10
3443,創意,2022-04-19,471.0,2.0,0.43%,,,,,,,,,ShowDailyK_ChartFlow,FinMind_API_TaiwanStockPrice_3443,True,2026-09-24T07:15:10,2026-09-24T07:15:10,2026-09-24T07:15:10
3443,創意,2022-04-20,469.5,-1.5,-0.32%,,,,,,,,,ShowDailyK_ChartFlow,FinMind_API_TaiwanStockPrice_3443,True,2026-09-24T07:15:10,2026-09-24T07:15:10,2026-09-24T07:15:10
3443,創意,2022-04-21,472.5,3.0,0.64%,,,,,,,,,ShowDailyK_ChartFlow,FinMind_API_TaiwanStockPrice_3443,True,2026-09-24T07:15:10,2026-09-24T07:15:10,2026-09-24T07:15:10
3443,創意,2022-04-22,444.0,-28.5,-6.03%,,,,,,,,,ShowDailyK_ChartFlow,FinMind_API_TaiwanStockPrice_3443,True,2026-09-24T07:15:10,2026-09-24T07:15:10,2026-09-24T07:15:10
3443,創意,2022-04-25,406.0,-38.0,-8.56%,,,,,,,,,ShowDailyK_ChartFlow,FinMind_API_TaiwanStockPrice_3443,True,2026-09-24T07:15:10,2026-09-24T07:15:10,2026-09-24T07:15:10
3443,創意,2022-04-26,391.0,-15.0,-3.69%,,,,,,,,,ShowDailyK_ChartFlow,FinMind_API_TaiwanStockPrice_3443,True,2026-09-24T07:15:10,2026-09-24T07:15:10,2026-09-24T07:15:10
3443,創意,2022-04-27,384.0,-7.0,-1.79%,,,,,,,,,ShowDailyK_ChartFlow,FinMind_API_TaiwanStockPrice_3443,True,2026-09-24T07:15:10,2026-09-24T07:15:10,2026-09-24T07:15:10
3443,創意,2022-04-28,383.0,-1.0,-0.26%,,,,,,,,,ShowDailyK_ChartFlow,FinMind_API_TaiwanStockPrice_3443,True,2026-09-24T07:15:10,2026-09-24T07:15:10,2026-09-24T07:15:10
3443,創意,2022-04-29,414.5,31.5,8.22%,,,,,,,,,ShowDailyK_ChartFlow,FinMind_API_TaiwanStockPrice_3443,True,2026-09-24T07:15:10,2026-09-24T07:15:10,2026-09-24T07:15:10
3443,創意,2022-05-03,432.0,17.5,4.22%,,,,,,,,,ShowDailyK_ChartFlow,FinMind_API_TaiwanStockPrice_3443,True,2026-09-24T07:15:10,2026-09-24T07:15:10,2026-09-24T07:15:10
3443,創意,2022-05-04,447.0,15.0,3.47%,,,,,,,,,ShowDailyK_ChartFlow,FinMind_API_TaiwanStockPrice_3443,True,2026-09-24T07:15:10,2026-09-24T07:15:10,2026-09-24T07:15:10
3443,創意,2022-05-05,488.0,41.0,9.17%,,,,,,,,,ShowDailyK_ChartFlow,FinMind_API_TaiwanStockPrice_3443,True,2026-09-24T07:15:10,2026-09-24T07:15:10,2026-09-24T07:15:10
3443,創意,2022-05-06,491.0,3.0,0.61%,,,,,,,,,ShowDailyK_ChartFlow,FinMind_API_TaiwanStockPrice_3443,True,2026-09-24T07:15:10,2026-09-24T07:15:10,2026-09-24T07:15:10
3443,創意,2022-05-09,466.0,-25.0,-5.09%,,,,,,,,,ShowDailyK_ChartFlow,FinMind_API_TaiwanStockPrice_3443,True,2026-09-24T07:15:10,2026-09-24T07:15:10,2026-09-24T07:15:10
3443,創意,2022-05-10,497.0,31.0,6.65%,,,,,,,,,ShowDailyK_ChartFlow,FinMind_API_TaiwanStockPrice_3443,True,2026-09-24T07:15:10,2026-09-24T07:15:10,2026-09-24T07:15:10
3443,創意,2022-05-11,499.0,2.0,0.40%,,,,,,,,,ShowDailyK_ChartFlow,FinMind_API_TaiwanStockPrice_3443,True,2026-09-24T07:15:10,2026-09-24T07:15:10,2026-09-24T07:15:10
3443,創意,2022-05-12,505.0,6.0,1.20%,,,,,,,,,ShowDailyK_ChartFlow,FinMind_API_TaiwanStockPrice_3443,True,2026-09-24T07:15:10,2026-09-24T07:15:10,2026-09-24T07:15:10
3443,創意,2022-05-13,518.0,13.0,2.57%,,,,,,,,,ShowDailyK_ChartFlow,FinMind_API_TaiwanStockPrice_3443,True,2026-09-24T07:15:10,2026-09-24T07:15:10,2026-09-24T07:15:10
3443,創意,2022-05-16,517.0,-1.0,-0.19%,,,,,,,,,ShowDailyK_ChartFlow,FinMind_API_TaiwanStockPrice_3443,True,2026-09-24T07:15:10,2026-09-24T07:15:10,2026-09-24T07:15:10
3443,創意,2022-05-17,529.0,12.0,2.32%,,,,,,,,,ShowDailyK_ChartFlow,FinMind_API_TaiwanStockPrice_3443,True,2026-09-24T07:15:10,2026-09-24T07:15:10,2026-09-24T07:15:10
3443,創意,2022-05-18,535.0,6.0,1.13%,,,,,,,,,ShowDailyK_ChartFlow,FinMind_API_TaiwanStockPrice_3443,True,2026-09-24T07:15:10,2026-09-24T07:15:10,2026-09-24T07:15:10
3443,創意,2022-05-19,547.0,12.0,2.24%,,,,,,,,,ShowDailyK_ChartFlow,FinMind_API_TaiwanStockPrice_3443,True,2026-09-24T07:15:10,2026-09-24T07:15:10,2026-09-24T07:15:10
3443,創意,2022-05-20,573.0,26.0,4.75%,,,,,,,,,ShowDailyK_ChartFlow,FinMind_API_TaiwanStockPrice_3443,True,2026-09-24T07:15:10,2026-09-24T07:15:10,2026-09-24T07:15:10
3443,創意,2022-05-23,561.0,-12.0,-2.09%,,,,,,,,,ShowDailyK_ChartFlow,FinMind_API_TaiwanStockPrice_3443,True,2026-09-24T07:15:10,2026-09-24T07:15:10,2026-09-24T07:15:10
3443,創意,2022-05-24,555.0,-6.0,-1.07%,,,,,,,,,ShowDailyK_ChartFlow,FinMind_API_TaiwanStockPrice_3443,True,2026-09-24T07:15:10,2026-09-24T07:15:10,2026-09-24T07:15:10
3443,創意,2022-05-25,576.0,21.0,3.78%,,,,,,,,,ShowDailyK_ChartFlow,FinMind_API_TaiwanStockPrice_3443,True,2026-09-24T07:15:10,2026-09-24T07:15:10,2026-09-24T07:15:10
3443,創意,2022-05-26,563.0,-13.0,-2.26%,,,,,,,,,ShowDailyK_ChartFlow,FinMind_API_TaiwanStockPrice_3443,True,2026-09-24T07:15:10,2026-09-24T07:15:10,2026-09-24T07:15:10
3443,創意,2022-05-27,555.0,-8.0,-1.42%,,,,,,,,,ShowDailyK_ChartFlow,FinMind_API_TaiwanStockPrice_3443,True,2026-09-24T07:15:10,2026-09-24T07:15:10,2026-09-24T07:15:10
3443,創意,2022-05-30,555.0,0.0,0.00%,,,,,,,,,ShowDailyK_ChartFlow,FinMind_API_TaiwanStockPrice_3443,True,2026-09-24T07:15:10,2026-09-24T07:15:10,2026-09-24T07:15:10
3443,創意,2022-05-31,553.0,-2.0,-0.36%,,,,,,,,,ShowDailyK_ChartFlow,FinMind_API_TaiwanStockPrice_3443,True,2026-09-24T07:15:10,2026-09-24T07:15:10,2026-09-24T07:15:10
3443,創意,2022-06-01,566.0,13.0,2.35%,,,,,,,,,ShowDailyK_ChartFlow,FinMind_API_TaiwanStockPrice_3443,True,2026-09-24T07:15:10,2026-09-24T07:15:10,2026-09-24T07:15:10
3443,創意,2022-06-02,542.0,-24.0,-4.24%,,,,,,,,,ShowDailyK_ChartFlow,FinMind_API_TaiwanStockPrice_3443,True,2026-09-24T07:15:10,2026-09-24T07:15:10,2026-09-24T07:15:10
3443,創意,2022-06-06,538.0,-4.0,-0.74%,,,,,,,,,ShowDailyK_ChartFlow,FinMind_API_TaiwanStockPrice_3443,True,2026-09-24T07:15:10,2026-09-24T07:15:10,2026-09-24T07:15:10
3443,創意,2022-06-07,560.0,22.0,4.09%,,,,,,,,,ShowDailyK_ChartFlow,FinMind_API_TaiwanStockPrice_3443,True,2026-09-24T07:15:10,2026-09-24T07:15:10,2026-09-24T07:15:10
3443,創意,2022-06-08,584.0,24.0,4.29%,,,,,,,,,ShowDailyK_ChartFlow,FinMind_API_TaiwanStockPrice_3443,True,2026-09-24T07:15:10,2026-09-24T07:15:10,2026-09-24T07:15:10
3443,創意,2022-06-09,575.0,-9.0,-1.54%,,,,,,,,,ShowDailyK_ChartFlow,FinMind_API_TaiwanStockPrice_3443,True,2026-09-24T07:15:10,2026-09-24T07:15:10,2026-09-24T07:15:10
3443,創意,2022-06-10,588.0,13.0,2.26%,,,,,,,,,ShowDailyK_ChartFlow,FinMind_API_TaiwanStockPrice_3443,True,2026-09-24T07:15:10,2026-09-24T07:15:10,2026-09-24T07:15:10
3443,創意,2022-06-13,573.0,-15.0,-2.55%,,,,,,,,,ShowDailyK_ChartFlow,FinMind_API_TaiwanStockPrice_3443,True,2026-09-24T07:15:10,2026-09-24T07:15:10,2026-09-24T07:15:10
3443,創意,2022-06-14,566.0,-7.0,-1.22%,,,,,,,,,ShowDailyK_ChartFlow,FinMind_API_TaiwanStockPrice_3443,True,2026-09-24T07:15:10,2026-09-24T07:15:10,2026-09-24T07:15:10
3443,創意,2022-06-15,560.0,-6.0,-1.06%,,,,,,,,,ShowDailyK_ChartFlow,FinMind_API_TaiwanStockPrice_3443,True,2026-09-24T07:15:10,2026-09-24T07:15:10,2026-09-24T07:15:10
3443,創意,2022-06-16,541.0,-19.0,-3.39%,,,,,,,,,ShowDailyK_ChartFlow,FinMind_API_TaiwanStockPrice_3443,True,2026-09-24T07:15:10,2026-09-24T07:15:10,2026-09-24T07:15:10
3443,創意,2022-06-17,530.0,-11.0,-2.03%,,,,,,,,,ShowDailyK_ChartFlow,FinMind_API_TaiwanStockPrice_3443,True,2026-09-24T07:15:10,2026-09-24T07:15:10,2026-09-24T07:15:10
3443,創意,2022-06-20,505.0,-25.0,-4.72%,,,,,,,,,ShowDailyK_ChartFlow,FinMind_API_TaiwanStockPrice_3443,True,2026-09-24T07:15:10,2026-09-24T07:15:10,2026-09-24T07:15:10
3443,創意,2022-06-21,516.0,11.0,2.18%,,,,,,,,,ShowDailyK_ChartFlow,FinMind_API_TaiwanStockPrice_3443,True,2026-09-24T07:15:10,2026-09-24T07:15:10,2026-09-24T07:15:10
3443,創意,2022-06-22,474.0,-42.0,-8.14%,,,,,,,,,ShowDailyK_ChartFlow,FinMind_API_TaiwanStockPrice_3443,True,2026-09-24T07:15:10,2026-09-24T07:15:10,2026-09-24T07:15:10
3443,創意,2022-06-23,480.5,6.5,1.37%,,,,,,,,,ShowDailyK_ChartFlow,FinMind_API_TaiwanStockPrice_3443,True,2026-09-24T07:15:10,2026-09-24T07:15:10,2026-09-24T07:15:10
3443,創意,2022-06-24,486.0,5.5,1.14%,,,,,,,,,ShowDailyK_ChartFlow,FinMind_API_TaiwanStockPrice_3443,True,2026-09-24T07:15:10,2026-09-24T07:15:10,2026-09-24T07:15:10
3443,創意,2022-06-27,534.0,48.0,9.88%,,,,,,,,,ShowDailyK_ChartFlow,FinMind_API_TaiwanStockPrice_3443,True,2026-09-24T07:15:10,2026-09-24T07:15:10,2026-09-24T07:15:10
3443,創意,2022-06-28,522.0,-12.0,-2.25%,,,,,,,,,ShowDailyK_ChartFlow,FinMind_API_TaiwanStockPrice_3443,True,2026-09-24T07:15:10,2026-09-24T07:15:10,2026-09-24T07:15:10
3443,創意,2022-06-29,511.0,-11.0,-2.11%,,,,,,,,,ShowDailyK_ChartFlow,FinMind_API_TaiwanStockPrice_3443,True,2026-09-24T07:15:10,2026-09-24T07:15:10,2026-09-24T07:15:10
3443,創意,2022-06-30,481.0,-30.0,-5.87%,,,,,,,,,ShowDailyK_ChartFlow,FinMind_API_TaiwanStockPrice_3443,True,2026-09-24T07:15:10,2026-09-24T07:15:10,2026-09-24T07:15:10
3443,創意,2022-07-01,439.0,-42.0,-8.73%,,,,,,,,,ShowDailyK_ChartFlow,FinMind_API_TaiwanStockPrice_3443,True,2026-09-24T07:15:10,2026-09-24T07:15:10,2026-09-24T07:15:10
3443,創意,2022-07-04,462.5,23.5,5.35%,,,,,,,,,ShowDailyK_ChartFlow,FinMind_API_TaiwanStockPrice_3443,True,2026-09-24T07:15:10,2026-09-24T07:15:10,2026-09-24T07:15:10
3443,創意,2022-07-05,450.5,-12.0,-2.59%,,,,,,,,,ShowDailyK_ChartFlow,FinMind_API_TaiwanStockPrice_3443,True,2026-09-24T07:15:10,2026-09-24T07:15:10,2026-09-24T07:15:10
3443,創意,2022-07-06,435.5,-15.0,-3.33%,,,,,,,,,ShowDailyK_ChartFlow,FinMind_API_TaiwanStockPrice_3443,True,2026-09-24T07:15:10,2026-09-24T07:15:10,2026-09-24T07:15:10
3443,創意,2022-07-07,469.0,33.5,7.69%,,,,,,,,,ShowDailyK_ChartFlow,FinMind_API_TaiwanStockPrice_3443,True,2026-09-24T07:15:10,2026-09-24T07:15:10,2026-09-24T07:15:10
3443,創意,2022-07-08,478.5,9.5,2.03%,,,,,,,,,ShowDailyK_ChartFlow,FinMind_API_TaiwanStockPrice_3443,True,2026-09-24T07:15:10,2026-09-24T07:15:10,2026-09-24T07:15:10
3443,創意,2022-07-11,475.0,-3.5,-0.73%,,,,,,,,,ShowDailyK_ChartFlow,FinMind_API_TaiwanStockPrice_3443,True,2026-09-24T07:15:10,2026-09-24T07:15:10,2026-09-24T07:15:10
3443,創意,2022-07-12,433.0,-42.0,-8.84%,,,,,,,,,ShowDailyK_ChartFlow,FinMind_API_TaiwanStockPrice_3443,True,2026-09-24T07:15:10,2026-09-24T07:15:10,2026-09-24T07:15:10
3443,創意,2022-07-13,460.0,27.0,6.24%,,,,,,,,,ShowDailyK_ChartFlow,FinMind_API_TaiwanStockPrice_3443,True,2026-09-24T07:15:10,2026-09-24T07:15:10,2026-09-24T07:15:10
3443,創意,2022-07-14,478.0,18.0,3.91%,,,,,,,,,ShowDailyK_ChartFlow,FinMind_API_TaiwanStockPrice_3443,True,2026-09-24T07:15:10,2026-09-24T07:15:10,2026-09-24T07:15:10
3443,創意,2022-07-15,516.0,38.0,7.95%,,,,,,,,,ShowDailyK_ChartFlow,FinMind_API_TaiwanStockPrice_3443,True,2026-09-24T07:15:10,2026-09-24T07:15:10,2026-09-24T07:15:10
3443,創意,2022-07-18,540.0,24.0,4.65%,,,,,,,,,ShowDailyK_ChartFlow,FinMind_API_TaiwanStockPrice_3443,True,2026-09-24T07:15:10,2026-09-24T07:15:10,2026-09-24T07:15:10
3443,創意,2022-07-19,533.0,-7.0,-1.30%,,,,,,,,,ShowDailyK_ChartFlow,FinMind_API_TaiwanStockPrice_3443,True,2026-09-24T07:15:10,2026-09-24T07:15:10,2026-09-24T07:15:10
3443,創意,2022-07-20,555.0,22.0,4.13%,,,,,,,,,ShowDailyK_ChartFlow,FinMind_API_TaiwanStockPrice_3443,True,2026-09-24T07:15:10,2026-09-24T07:15:10,2026-09-24T07:15:10
3443,創意,2022-07-21,553.0,-2.0,-0.36%,,,,,,,,,ShowDailyK_ChartFlow,FinMind_API_TaiwanStockPrice_3443,True,2026-09-24T07:15:10,2026-09-24T07:15:10,2026-09-24T07:15:10
3443,創意,2022-07-22,537.0,-16.0,-2.89%,,,,,,,,,ShowDailyK_ChartFlow,FinMind_API_TaiwanStockPrice_3443,True,2026-09-24T07:15:10,2026-09-24T07:15:10,2026-09-24T07:15:10
3443,創意,2022-07-25,549.0,12.0,2.23%,,,,,,,,,ShowDailyK_ChartFlow,FinMind_API_TaiwanStockPrice_3443,True,2026-09-24T07:15:10,2026-09-24T07:15:10,2026-09-24T07:15:10
3443,創意,2022-07-26,546.0,-3.0,-0.55%,,,,,,,,,ShowDailyK_ChartFlow,FinMind_API_TaiwanStockPrice_3443,True,2026-09-24T07:15:10,2026-09-24T07:15:10,2026-09-24T07:15:10
3443,創意,2022-07-27,544.0,-2.0,-0.37%,,,,,,,,,ShowDailyK_ChartFlow,FinMind_API_TaiwanStockPrice_3443,True,2026-09-24T07:15:10,2026-09-24T07:15:10,2026-09-24T07:15:10
3443,創意,2022-07-28,524.0,-20.0,-3.68%,,,,,,,,,ShowDailyK_ChartFlow,FinMind_API_TaiwanStockPrice_3443,True,2026-09-24T07:15:10,2026-09-24T07:15:10,2026-09-24T07:15:10
3443,創意,2022-07-29,505.0,-19.0,-3.63%,,,,,,,,,ShowDailyK_ChartFlow,FinMind_API_TaiwanStockPrice_3443,True,2026-09-24T07:15:10,2026-09-24T07:15:10,2026-09-24T07:15:10
3443,創意,2022-08-01,531.0,26.0,5.15%,,,,,,,,,ShowDailyK_ChartFlow,FinMind_API_TaiwanStockPrice_3443,True,2026-09-24T07:15:10,2026-09-24T07:15:10,2026-09-24T07:15:10
3443,創意,2022-08-02,511.0,-20.0,-3.77%,,,,,,,,,ShowDailyK_ChartFlow,FinMind_API_TaiwanStockPrice_3443,True,2026-09-24T07:15:10,2026-09-24T07:15:10,2026-09-24T07:15:10
3443,創意,2022-08-03,503.0,-8.0,-1.57%,,,,,,,,,ShowDailyK_ChartFlow,FinMind_API_TaiwanStockPrice_3443,True,2026-09-24T07:15:10,2026-09-24T07:15:10,2026-09-24T07:15:10
3443,創意,2022-08-04,520.0,17.0,3.38%,,,,,,,,,ShowDailyK_ChartFlow,FinMind_API_TaiwanStockPrice_3443,True,2026-09-24T07:15:10,2026-09-24T07:15:10,2026-09-24T07:15:10
3443,創意,2022-08-05,549.0,29.0,5.58%,,,,,,,,,ShowDailyK_ChartFlow,FinMind_API_TaiwanStockPrice_3443,True,2026-09-24T07:15:10,2026-09-24T07:15:10,2026-09-24T07:15:10
3443,創意,2022-08-08,546.0,-3.0,-0.55%,,,,,,,,,ShowDailyK_ChartFlow,FinMind_API_TaiwanStockPrice_3443,True,2026-09-24T07:15:10,2026-09-24T07:15:10,2026-09-24T07:15:10
3443,創意,2022-08-09,536.0,-10.0,-1.83%,,,,,,,,,ShowDailyK_ChartFlow,FinMind_API_TaiwanStockPrice_3443,True,2026-09-24T07:15:10,2026-09-24T07:15:10,2026-09-24T07:15:10
3443,創意,2022-08-10,522.0,-14.0,-2.61%,,,,,,,,,ShowDailyK_ChartFlow,FinMind_API_TaiwanStockPrice_3443,True,2026-09-24T07:15:10,2026-09-24T07:15:10,2026-09-24T07:15:10
3443,創意,2022-08-11,540.0,18.0,3.45%,,,,,,,,,ShowDailyK_ChartFlow,FinMind_API_TaiwanStockPrice_3443,True,2026-09-24T07:15:10,2026-09-24T07:15:10,2026-09-24T07:15:10
3443,創意,2022-08-12,548.0,8.0,1.48%,,,,,,,,,ShowDailyK_ChartFlow,FinMind_API_TaiwanStockPrice_3443,True,2026-09-24T07:15:10,2026-09-24T07:15:10,2026-09-24T07:15:10
3443,創意,2022-08-15,572.0,24.0,4.38%,,,,,,,,,ShowDailyK_ChartFlow,FinMind_API_TaiwanStockPrice_3443,True,2026-09-24T07:15:10,2026-09-24T07:15:10,2026-09-24T07:15:10
3443,創意,2022-08-16,567.0,-5.0,-0.87%,,,,,,,,,ShowDailyK_ChartFlow,FinMind_API_TaiwanStockPrice_3443,True,2026-09-24T07:15:10,2026-09-24T07:15:10,2026-09-24T07:15:10
3443,創意,2022-08-17,562.0,-5.0,-0.88%,,,,,,,,,ShowDailyK_ChartFlow,FinMind_API_TaiwanStockPrice_3443,True,2026-09-24T07:15:10,2026-09-24T07:15:10,2026-09-24T07:15:10
3443,創意,2022-08-18,590.0,28.0,4.98%,,,,,,,,,ShowDailyK_ChartFlow,FinMind_API_TaiwanStockPrice_3443,True,2026-09-24T07:15:10,2026-09-24T07:15:10,2026-09-24T07:15:10
3443,創意,2022-08-19,596.0,6.0,1.02%,,,,,,,,,ShowDailyK_ChartFlow,FinMind_API_TaiwanStockPrice_3443,True,2026-09-24T07:15:10,2026-09-24T07:15:10,2026-09-24T07:15:10
3443,創意,2022-08-22,579.0,-17.0,-2.85%,,,,,,,,,ShowDailyK_ChartFlow,FinMind_API_TaiwanStockPrice_3443,True,2026-09-24T07:15:10,2026-09-24T07:15:10,2026-09-24T07:15:10
3443,創意,2022-08-23,587.0,8.0,1.38%,,,,,,,,,ShowDailyK_ChartFlow,FinMind_API_TaiwanStockPrice_3443,True,2026-09-24T07:15:10,2026-09-24T07:15:10,2026-09-24T07:15:10
3443,創意,2022-08-24,581.0,-6.0,-1.02%,,,,,,,,,ShowDailyK_ChartFlow,FinMind_API_TaiwanStockPrice_3443,True,2026-09-24T07:15:10,2026-09-24T07:15:10,2026-09-24T07:15:10
3443,創意,2022-08-25,587.0,6.0,1.03%,,,,,,,,,ShowDailyK_ChartFlow,FinMind_API_TaiwanStockPrice_3443,True,2026-09-24T07:15:10,2026-09-24T07:15:10,2026-09-24T07:15:10
3443,創意,2022-08-26,560.0,-27.0,-4.60%,,,,,,,,,ShowDailyK_ChartFlow,FinMind_API_TaiwanStockPrice_3443,True,2026-09-24T07:15:10,2026-09-24T07:15:10,2026-09-24T07:15:10
3443,創意,2022-08-29,549.0,-11.0,-1.96%,,,,,,,,,ShowDailyK_ChartFlow,FinMind_API_TaiwanStockPrice_3443,True,2026-09-24T07:15:10,2026-09-24T07:15:10,2026-09-24T07:15:10
3443,創意,2022-08-30,543.0,-6.0,-1.09%,,,,,,,,,ShowDailyK_ChartFlow,FinMind_API_TaiwanStockPrice_3443,True,2026-09-24T07:15:10,2026-09-24T07:15:10,2026-09-24T07:15:10
3443,創意,2022-08-31,542.0,-1.0,-0.18%,,,,,,,,,ShowDailyK_ChartFlow,FinMind_API_TaiwanStockPrice_3443,True,2026-09-24T07:15:10,2026-09-24T07:15:10,2026-09-24T07:15:10
3443,創意,2022-09-01,521.0,-21.0,-3.87%,,,,,,,,,ShowDailyK_ChartFlow,FinMind_API_TaiwanStockPrice_3443,True,2026-09-24T07:15:10,2026-09-24T07:15:10,2026-09-24T07:15:10
3443,創意,2022-09-02,542.0,21.0,4.03%,,,,,,,,,ShowDailyK_ChartFlow,FinMind_API_TaiwanStockPrice_3443,True,2026-09-24T07:15:10,2026-09-24T07:15:10,2026-09-24T07:15:10
3443,創意,2022-09-05,524.0,-18.0,-3.32%,,,,,,,,,ShowDailyK_ChartFlow,FinMind_API_TaiwanStockPrice_3443,True,2026-09-24T07:15:10,2026-09-24T07:15:10,2026-09-24T07:15:10
3443,創意,2022-09-06,535.0,11.0,2.10%,,,,,,,,,ShowDailyK_ChartFlow,FinMind_API_TaiwanStockPrice_3443,True,2026-09-24T07:15:10,2026-09-24T07:15:10,2026-09-24T07:15:10
3443,創意,2022-09-07,530.0,-5.0,-0.93%,,,,,,,,,ShowDailyK_ChartFlow,FinMind_API_TaiwanStockPrice_3443,True,2026-09-24T07:15:10,2026-09-24T07:15:10,2026-09-24T07:15:10
3443,創意,2022-09-08,562.0,32.0,6.04%,,,,,,,,,ShowDailyK_ChartFlow,FinMind_API_TaiwanStockPrice_3443,True,2026-09-24T07:15:10,2026-09-24T07:15:10,2026-09-24T07:15:10
3443,創意,2022-09-12,589.0,27.0,4.80%,,,,,,,,,ShowDailyK_ChartFlow,FinMind_API_TaiwanStockPrice_3443,True,2026-09-24T07:15:10,2026-09-24T07:15:10,2026-09-24T07:15:10
3443,創意,2022-09-13,592.0,3.0,0.51%,,,,,,,,,ShowDailyK_ChartFlow,FinMind_API_TaiwanStockPrice_3443,True,2026-09-24T07:15:10,2026-09-24T07:15:10,2026-09-24T07:15:10
3443,創意,2022-09-14,597.0,5.0,0.84%,,,,,,,,,ShowDailyK_ChartFlow,FinMind_API_TaiwanStockPrice_3443,True,2026-09-24T07:15:10,2026-09-24T07:15:10,2026-09-24T07:15:10
3443,創意,2022-09-15,595.0,-2.0,-0.34%,,,,,,,,,ShowDailyK_ChartFlow,FinMind_API_TaiwanStockPrice_3443,True,2026-09-24T07:15:10,2026-09-24T07:15:10,2026-09-24T07:15:10
3443,創意,2022-09-16,575.0,-20.0,-3.36%,,,,,,,,,ShowDailyK_ChartFlow,FinMind_API_TaiwanStockPrice_3443,True,2026-09-24T07:15:10,2026-09-24T07:15:10,2026-09-24T07:15:10
3443,創意,2022-09-19,574.0,-1.0,-0.17%,,,,,,,,,ShowDailyK_ChartFlow,FinMind_API_TaiwanStockPrice_3443,True,2026-09-24T07:15:10,2026-09-24T07:15:10,2026-09-24T07:15:10
3443,創意,2022-09-20,588.0,14.0,2.44%,,,,,,,,,ShowDailyK_ChartFlow,FinMind_API_TaiwanStockPrice_3443,True,2026-09-24T07:15:10,2026-09-24T07:15:10,2026-09-24T07:15:10
3443,創意,2022-09-21,595.0,7.0,1.19%,,,,,,,,,ShowDailyK_ChartFlow,FinMind_API_TaiwanStockPrice_3443,True,2026-09-24T07:15:10,2026-09-24T07:15:10,2026-09-24T07:15:10
3443,創意,2022-09-22,606.0,11.0,1.85%,,,,,,,,,ShowDailyK_ChartFlow,FinMind_API_TaiwanStockPrice_3443,True,2026-09-24T07:15:10,2026-09-24T07:15:10,2026-09-24T07:15:10
3443,創意,2022-09-23,583.0,-23.0,-3.80%,,,,,,,,,ShowDailyK_ChartFlow,FinMind_API_TaiwanStockPrice_3443,True,2026-09-24T07:15:10,2026-09-24T07:15:10,2026-09-24T07:15:10
3443,創意,2022-09-26,576.0,-7.0,-1.20%,,,,,,,,,ShowDailyK_ChartFlow,FinMind_API_TaiwanStockPrice_3443,True,2026-09-24T07:15:10,2026-09-24T07:15:10,2026-09-24T07:15:10
3443,創意,2022-09-27,585.0,9.0,1.56%,,,,,,,,,ShowDailyK_ChartFlow,FinMind_API_TaiwanStockPrice_3443,True,2026-09-24T07:15:10,2026-09-24T07:15:10,2026-09-24T07:15:10
3443,創意,2022-09-28,560.0,-25.0,-4.27%,,,,,,,,,ShowDailyK_ChartFlow,FinMind_API_TaiwanStockPrice_3443,True,2026-09-24T07:15:10,2026-09-24T07:15:10,2026-09-24T07:15:10
3443,創意,2022-09-29,576.0,16.0,2.86%,,,,,,,,,ShowDailyK_ChartFlow,FinMind_API_TaiwanStockPrice_3443,True,2026-09-24T07:15:10,2026-09-24T07:15:10,2026-09-24T07:15:10
3443,創意,2022-09-30,589.0,13.0,2.26%,,,,,,,,,ShowDailyK_ChartFlow,FinMind_API_TaiwanStockPrice_3443,True,2026-09-24T07:15:10,2026-09-24T07:15:10,2026-09-24T07:15:10
3443,創意,2022-10-03,564.0,-25.0,-4.24%,,,,,,,,,ShowDailyK_ChartFlow,FinMind_API_TaiwanStockPrice_3443,True,2026-09-24T07:15:10,2026-09-24T07:15:10,2026-09-24T07:15:10
3443,創意,2022-10-04,590.0,26.0,4.61%,,,,,,,,,ShowDailyK_ChartFlow,FinMind_API_TaiwanStockPrice_3443,True,2026-09-24T07:15:10,2026-09-24T07:15:10,2026-09-24T07:15:10
3443,創意,2022-10-05,573.0,-17.0,-2.88%,,,,,,,,,ShowDailyK_ChartFlow,FinMind_API_TaiwanStockPrice_3443,True,2026-09-24T07:15:10,2026-09-24T07:15:10,2026-09-24T07:15:10
3443,創意,2022-10-06,616.0,43.0,7.50%,,,,,,,,,ShowDailyK_ChartFlow,FinMind_API_TaiwanStockPrice_3443,True,2026-09-24T07:15:10,2026-09-24T07:15:10,2026-09-24T07:15:10
3443,創意,2022-10-07,608.0,-8.0,-1.30%,,,,,,,,,ShowDailyK_ChartFlow,FinMind_API_TaiwanStockPrice_3443,True,2026-09-24T07:15:10,2026-09-24T07:15:10,2026-09-24T07:15:10
3443,創意,2022-10-11,548.0,-60.0,-9.87%,,,,,,,,,ShowDailyK_ChartFlow,FinMind_API_TaiwanStockPrice_3443,True,2026-09-24T07:15:10,2026-09-24T07:15:10,2026-09-24T07:15:10
3443,創意,2022-10-12,493.5,-54.5,-9.95%,,,,,,,,,ShowDailyK_ChartFlow,FinMind_API_TaiwanStockPrice_3443,True,2026-09-24T07:15:10,2026-09-24T07:15:10,2026-09-24T07:15:10
3443,創意,2022-10-13,444.5,-49.0,-9.93%,,,,,,,,,ShowDailyK_ChartFlow,FinMind_API_TaiwanStockPrice_3443,True,2026-09-24T07:15:10,2026-09-24T07:15:10,2026-09-24T07:15:10
3443,創意,2022-10-14,433.0,-11.5,-2.59%,,,,,,,,,ShowDailyK_ChartFlow,FinMind_API_TaiwanStockPrice_3443,True,2026-09-24T07:15:10,2026-09-24T07:15:10,2026-09-24T07:15:10
3443,創意,2022-10-17,446.5,13.5,3.12%,,,,,,,,,ShowDailyK_ChartFlow,FinMind_API_TaiwanStockPrice_3443,True,2026-09-24T07:15:10,2026-09-24T07:15:10,2026-09-24T07:15:10
3443,創意,2022-10-18,413.0,-33.5,-7.50%,,,,,,,,,ShowDailyK_ChartFlow,FinMind_API_TaiwanStockPrice_3443,True,2026-09-24T07:15:10,2026-09-24T07:15:10,2026-09-24T07:15:10
3443,創意,2022-10-19,421.5,8.5,2.06%,,,,,,,,,ShowDailyK_ChartFlow,FinMind_API_TaiwanStockPrice_3443,True,2026-09-24T07:15:10,2026-09-24T07:15:10,2026-09-24T07:15:10
3443,創意,2022-10-20,427.0,5.5,1.30%,,,,,,,,,ShowDailyK_ChartFlow,FinMind_API_TaiwanStockPrice_3443,True,2026-09-24T07:15:10,2026-09-24T07:15:10,2026-09-24T07:15:10
3443,創意,2022-10-21,398.5,-28.5,-6.67%,,,,,,,,,ShowDailyK_ChartFlow,FinMind_API_TaiwanStockPrice_3443,True,2026-09-24T07:15:10,2026-09-24T07:15:10,2026-09-24T07:15:10
3443,創意,2022-10-24,399.0,0.5,0.13%,,,,,,,,,ShowDailyK_ChartFlow,FinMind_API_TaiwanStockPrice_3443,True,2026-09-24T07:15:10,2026-09-24T07:15:10,2026-09-24T07:15:10
3443,創意,2022-10-25,399.0,0.0,0.00%,,,,,,,,,ShowDailyK_ChartFlow,FinMind_API_TaiwanStockPrice_3443,True,2026-09-24T07:15:10,2026-09-24T07:15:10,2026-09-24T07:15:10
3443,創意,2022-10-26,398.5,-0.5,-0.13%,,,,,,,,,ShowDailyK_ChartFlow,FinMind_API_TaiwanStockPrice_3443,True,2026-09-24T07:15:10,2026-09-24T07:15:10,2026-09-24T07:15:10
3443,創意,2022-10-27,428.0,29.5,7.40%,,,,,,,,,ShowDailyK_ChartFlow,FinMind_API_TaiwanStockPrice_3443,True,2026-09-24T07:15:10,2026-09-24T07:15:10,2026-09-24T07:15:10
3443,創意,2022-10-28,470.5,42.5,9.93%,,,,,,,,,ShowDailyK_ChartFlow,FinMind_API_TaiwanStockPrice_3443,True,2026-09-24T07:15:10,2026-09-24T07:15:10,2026-09-24T07:15:10
3443,創意,2022-10-31,487.5,17.0,3.61%,,,,,,,,,ShowDailyK_ChartFlow,FinMind_API_TaiwanStockPrice_3443,True,2026-09-24T07:15:10,2026-09-24T07:15:10,2026-09-24T07:15:10
3443,創意,2022-11-01,493.5,6.0,1.23%,,,,,,,,,ShowDailyK_ChartFlow,FinMind_API_TaiwanStockPrice_3443,True,2026-09-24T07:15:10,2026-09-24T07:15:10,2026-09-24T07:15:10
3443,創意,2022-11-02,508.0,14.5,2.94%,,,,,,,,,ShowDailyK_ChartFlow,FinMind_API_TaiwanStockPrice_3443,True,2026-09-24T07:15:10,2026-09-24T07:15:10,2026-09-24T07:15:10
3443,創意,2022-11-03,544.0,36.0,7.09%,,,,,,,,,ShowDailyK_ChartFlow,FinMind_API_TaiwanStockPrice_3443,True,2026-09-24T07:15:10,2026-09-24T07:15:10,2026-09-24T07:15:10
3443,創意,2022-11-04,544.0,0.0,0.00%,,,,,,,,,ShowDailyK_ChartFlow,FinMind_API_TaiwanStockPrice_3443,True,2026-09-24T07:15:10,2026-09-24T07:15:10,2026-09-24T07:15:10
3443,創意,2022-11-07,575.0,31.0,5.70%,,,,,,,,,ShowDailyK_ChartFlow,FinMind_API_TaiwanStockPrice_3443,True,2026-09-24T07:15:10,2026-09-24T07:15:10,2026-09-24T07:15:10
3443,創意,2022-11-08,575.0,0.0,0.00%,,,,,,,,,ShowDailyK_ChartFlow,FinMind_API_TaiwanStockPrice_3443,True,2026-09-24T07:15:10,2026-09-24T07:15:10,2026-09-24T07:15:10
3443,創意,2022-11-09,591.0,16.0,2.78%,,,,,,,,,ShowDailyK_ChartFlow,FinMind_API_TaiwanStockPrice_3443,True,2026-09-24T07:15:10,2026-09-24T07:15:10,2026-09-24T07:15:10
3443,創意,2022-11-10,597.0,6.0,1.02%,,,,,,,,,ShowDailyK_ChartFlow,FinMind_API_TaiwanStockPrice_3443,True,2026-09-24T07:15:10,2026-09-24T07:15:10,2026-09-24T07:15:10
3443,創意,2022-11-11,640.0,43.0,7.20%,,,,,,,,,ShowDailyK_ChartFlow,FinMind_API_TaiwanStockPrice_3443,True,2026-09-24T07:15:10,2026-09-24T07:15:10,2026-09-24T07:15:10
3443,創意,2022-11-14,644.0,4.0,0.62%,,,,,,,,,ShowDailyK_ChartFlow,FinMind_API_TaiwanStockPrice_3443,True,2026-09-24T07:15:10,2026-09-24T07:15:10,2026-09-24T07:15:10
3443,創意,2022-11-15,648.0,4.0,0.62%,,,,,,,,,ShowDailyK_ChartFlow,FinMind_API_TaiwanStockPrice_3443,True,2026-09-24T07:15:10,2026-09-24T07:15:10,2026-09-24T07:15:10
3443,創意,2022-11-16,694.0,46.0,7.10%,,,,,,,,,ShowDailyK_ChartFlow,FinMind_API_TaiwanStockPrice_3443,True,2026-09-24T07:15:10,2026-09-24T07:15:10,2026-09-24T07:15:10
3443,創意,2022-11-17,735.0,41.0,5.91%,,,,,,,,,ShowDailyK_ChartFlow,FinMind_API_TaiwanStockPrice_3443,True,2026-09-24T07:15:10,2026-09-24T07:15:10,2026-09-24T07:15:10
3443,創意,2022-11-18,732.0,-3.0,-0.41%,,,,,,,,,ShowDailyK_ChartFlow,FinMind_API_TaiwanStockPrice_3443,True,2026-09-24T07:15:10,2026-09-24T07:15:10,2026-09-24T07:15:10
3443,創意,2022-11-21,735.0,3.0,0.41%,,,,,,,,,ShowDailyK_ChartFlow,FinMind_API_TaiwanStockPrice_3443,True,2026-09-24T07:15:10,2026-09-24T07:15:10,2026-09-24T07:15:10
3443,創意,2022-11-22,718.0,-17.0,-2.31%,,,,,,,,,ShowDailyK_ChartFlow,FinMind_API_TaiwanStockPrice_3443,True,2026-09-24T07:15:10,2026-09-24T07:15:10,2026-09-24T07:15:10
3443,創意,2022-11-23,706.0,-12.0,-1.67%,,,,,,,,,ShowDailyK_ChartFlow,FinMind_API_TaiwanStockPrice_3443,True,2026-09-24T07:15:10,2026-09-24T07:15:10,2026-09-24T07:15:10
3443,創意,2022-11-24,745.0,39.0,5.52%,,,,,,,,,ShowDailyK_ChartFlow,FinMind_API_TaiwanStockPrice_3443,True,2026-09-24T07:15:10,2026-09-24T07:15:10,2026-09-24T07:15:10
3443,創意,2022-11-25,740.0,-5.0,-0.67%,,,,,,,,,ShowDailyK_ChartFlow,FinMind_API_TaiwanStockPrice_3443,True,2026-09-24T07:15:10,2026-09-24T07:15:10,2026-09-24T07:15:10
3443,創意,2022-11-28,732.0,-8.0,-1.08%,,,,,,,,,ShowDailyK_ChartFlow,FinMind_API_TaiwanStockPrice_3443,True,2026-09-24T07:15:10,2026-09-24T07:15:10,2026-09-24T07:15:10
3443,創意,2022-11-29,727.0,-5.0,-0.68%,,,,,,,,,ShowDailyK_ChartFlow,FinMind_API_TaiwanStockPrice_3443,True,2026-09-24T07:15:10,2026-09-24T07:15:10,2026-09-24T07:15:10
3443,創意,2022-11-30,731.0,4.0,0.55%,,,,,,,,,ShowDailyK_ChartFlow,FinMind_API_TaiwanStockPrice_3443,True,2026-09-24T07:15:10,2026-09-24T07:15:10,2026-09-24T07:15:10
3443,創意,2022-12-01,740.0,9.0,1.23%,,,,,,,,,ShowDailyK_ChartFlow,FinMind_API_TaiwanStockPrice_3443,True,2026-09-24T07:15:10,2026-09-24T07:15:10,2026-09-24T07:15:10
3443,創意,2022-12-02,776.0,36.0,4.86%,,,,,,,,,ShowDailyK_ChartFlow,FinMind_API_TaiwanStockPrice_3443,True,2026-09-24T07:15:10,2026-09-24T07:15:10,2026-09-24T07:15:10
3443,創意,2022-12-05,761.0,-15.0,-1.93%,,,,,,,,,ShowDailyK_ChartFlow,FinMind_API_TaiwanStockPrice_3443,True,2026-09-24T07:15:10,2026-09-24T07:15:10,2026-09-24T07:15:10
3443,創意,2022-12-06,764.0,3.0,0.39%,,,,,,,,,ShowDailyK_ChartFlow,FinMind_API_TaiwanStockPrice_3443,True,2026-09-24T07:15:10,2026-09-24T07:15:10,2026-09-24T07:15:10
3443,創意,2022-12-07,742.0,-22.0,-2.88%,,,,,,,,,ShowDailyK_ChartFlow,FinMind_API_TaiwanStockPrice_3443,True,2026-09-24T07:15:10,2026-09-24T07:15:10,2026-09-24T07:15:10
3443,創意,2022-12-08,763.0,21.0,2.83%,,,,,,,,,ShowDailyK_ChartFlow,FinMind_API_TaiwanStockPrice_3443,True,2026-09-24T07:15:10,2026-09-24T07:15:10,2026-09-24T07:15:10
3443,創意,2022-12-09,794.0,31.0,4.06%,,,,,,,,,ShowDailyK_ChartFlow,FinMind_API_TaiwanStockPrice_3443,True,2026-09-24T07:15:10,2026-09-24T07:15:10,2026-09-24T07:15:10
3443,創意,2022-12-12,762.0,-32.0,-4.03%,,,,,,,,,ShowDailyK_ChartFlow,FinMind_API_TaiwanStockPrice_3443,True,2026-09-24T07:15:10,2026-09-24T07:15:10,2026-09-24T07:15:10
3443,創意,2022-12-13,767.0,5.0,0.66%,,,,,,,,,ShowDailyK_ChartFlow,FinMind_API_TaiwanStockPrice_3443,True,2026-09-24T07:15:10,2026-09-24T07:15:10,2026-09-24T07:15:10
3443,創意,2022-12-14,790.0,23.0,3.00%,,,,,,,,,ShowDailyK_ChartFlow,FinMind_API_TaiwanStockPrice_3443,True,2026-09-24T07:15:10,2026-09-24T07:15:10,2026-09-24T07:15:10
3443,創意,2022-12-15,784.0,-6.0,-0.76%,,,,,,,,,ShowDailyK_ChartFlow,FinMind_API_TaiwanStockPrice_3443,True,2026-09-24T07:15:10,2026-09-24T07:15:10,2026-09-24T07:15:10
3443,創意,2022-12-16,787.0,3.0,0.38%,,,,,,,,,ShowDailyK_ChartFlow,FinMind_API_TaiwanStockPrice_3443,True,2026-09-24T07:15:10,2026-09-24T07:15:10,2026-09-24T07:15:10
3443,創意,2022-12-19,812.0,25.0,3.18%,,,,,,,,,ShowDailyK_ChartFlow,FinMind_API_TaiwanStockPrice_3443,True,2026-09-24T07:15:10,2026-09-24T07:15:10,2026-09-24T07:15:10
3443,創意,2022-12-20,745.0,-67.0,-8.25%,,,,,,,,,ShowDailyK_ChartFlow,FinMind_API_TaiwanStockPrice_3443,True,2026-09-24T07:15:10,2026-09-24T07:15:10,2026-09-24T07:15:10
3443,創意,2022-12-21,750.0,5.0,0.67%,,,,,,,,,ShowDailyK_ChartFlow,FinMind_API_TaiwanStockPrice_3443,True,2026-09-24T07:15:10,2026-09-24T07:15:10,2026-09-24T07:15:10
3443,創意,2022-12-22,730.0,-20.0,-2.67%,,,,,,,,,ShowDailyK_ChartFlow,FinMind_API_TaiwanStockPrice_3443,True,2026-09-24T07:15:10,2026-09-24T07:15:10,2026-09-24T07:15:10
3443,創意,2022-12-23,726.0,-4.0,-0.55%,,,,,,,,,ShowDailyK_ChartFlow,FinMind_API_TaiwanStockPrice_3443,True,2026-09-24T07:15:10,2026-09-24T07:15:10,2026-09-24T07:15:10
3443,創意,2022-12-26,698.0,-28.0,-3.86%,,,,,,,,,ShowDailyK_ChartFlow,FinMind_API_TaiwanStockPrice_3443,True,2026-09-24T07:15:10,2026-09-24T07:15:10,2026-09-24T07:15:10
3443,創意,2022-12-27,702.0,4.0,0.57%,,,,,,,,,ShowDailyK_ChartFlow,FinMind_API_TaiwanStockPrice_3443,True,2026-09-24T07:15:10,2026-09-24T07:15:10,2026-09-24T07:15:10
3443,創意,2022-12-28,636.0,-66.0,-9.40%,,,,,,,,,ShowDailyK_ChartFlow,FinMind_API_TaiwanStockPrice_3443,True,2026-09-24T07:15:10,2026-09-24T07:15:10,2026-09-24T07:15:10
3443,創意,2022-12-29,650.0,14.0,2.20%,,,,,,,,,ShowDailyK_ChartFlow,FinMind_API_TaiwanStockPrice_3443,True,2026-09-24T07:15:10,2026-09-24T07:15:10,2026-09-24T07:15:10
3443,創意,2022-12-30,641.0,-9.0,-1.38%,,,,,,,,,ShowDailyK_ChartFlow,FinMind_API_TaiwanStockPrice_3443,True,2026-09-24T07:15:10,2026-09-24T07:15:10,2026-09-24T07:15:10
3443,創意,2023-01-03,684.0,43.0,6.71%,,,,,,,,,ShowDailyK_ChartFlow,FinMind_API_TaiwanStockPrice_3443,True,2026-09-24T07:15:10,2026-09-24T07:15:10,2026-09-24T07:15:10
3443,創意,2023-01-04,685.0,1.0,0.15%,,,,,,,,,ShowDailyK_ChartFlow,FinMind_API_TaiwanStockPrice_3443,True,2026-09-24T07:15:10,2026-09-24T07:15:10,2026-09-24T07:15:10
3443,創意,2023-01-05,650.0,-35.0,-5.11%,,,,,,,,,ShowDailyK_ChartFlow,FinMind_API_TaiwanStockPrice_3443,True,2026-09-24T07:15:10,2026-09-24T07:15:10,2026-09-24T07:15:10
3443,創意,2023-01-06,650.0,0.0,0.00%,,,,,,,,,ShowDailyK_ChartFlow,FinMind_API_TaiwanStockPrice_3443,True,2026-09-24T07:15:10,2026-09-24T07:15:10,2026-09-24T07:15:10
3443,創意,2023-01-09,687.0,37.0,5.69%,,,,,,,,,ShowDailyK_ChartFlow,FinMind_API_TaiwanStockPrice_3443,True,2026-09-24T07:15:10,2026-09-24T07:15:10,2026-09-24T07:15:10
3443,創意,2023-01-10,692.0,5.0,0.73%,,,,,,,,,ShowDailyK_ChartFlow,FinMind_API_TaiwanStockPrice_3443,True,2026-09-24T07:15:10,2026-09-24T07:15:10,2026-09-24T07:15:10
3443,創意,2023-01-11,701.0,9.0,1.30%,,,,,,,,,ShowDailyK_ChartFlow,FinMind_API_TaiwanStockPrice_3443,True,2026-09-24T07:15:10,2026-09-24T07:15:10,2026-09-24T07:15:10
3443,創意,2023-01-12,702.0,1.0,0.14%,,,,,,,,,ShowDailyK_ChartFlow,FinMind_API_TaiwanStockPrice_3443,True,2026-09-24T07:15:10,2026-09-24T07:15:10,2026-09-24T07:15:10
3443,創意,2023-01-13,682.0,-20.0,-2.85%,,,,,,,,,ShowDailyK_ChartFlow,FinMind_API_TaiwanStockPrice_3443,True,2026-09-24T07:15:10,2026-09-24T07:15:10,2026-09-24T07:15:10
3443,創意,2023-01-16,705.0,23.0,3.37%,,,,,,,,,ShowDailyK_ChartFlow,FinMind_API_TaiwanStockPrice_3443,True,2026-09-24T07:15:10,2026-09-24T07:15:10,2026-09-24T07:15:10
3443,創意,2023-01-17,722.0,17.0,2.41%,,,,,,,,,ShowDailyK_ChartFlow,FinMind_API_TaiwanStockPrice_3443,True,2026-09-24T07:15:10,2026-09-24T07:15:10,2026-09-24T07:15:10
3443,創意,2023-01-30,775.0,53.0,7.34%,,,,,,,,,ShowDailyK_ChartFlow,FinMind_API_TaiwanStockPrice_3443,True,2026-09-24T07:15:10,2026-09-24T07:15:10,2026-09-24T07:15:10
3443,創意,2023-01-31,782.0,7.0,0.90%,,,,,,,,,ShowDailyK_ChartFlow,FinMind_API_TaiwanStockPrice_3443,True,2026-09-24T07:15:10,2026-09-24T07:15:10,2026-09-24T07:15:10
3443,創意,2023-02-01,786.0,4.0,0.51%,,,,,,,,,ShowDailyK_ChartFlow,FinMind_API_TaiwanStockPrice_3443,True,2026-09-24T07:15:10,2026-09-24T07:15:10,2026-09-24T07:15:10
3443,創意,2023-02-02,864.0,78.0,9.92%,,,,,,,,,ShowDailyK_ChartFlow,FinMind_API_TaiwanStockPrice_3443,True,2026-09-24T07:15:10,2026-09-24T07:15:10,2026-09-24T07:15:10
3443,創意,2023-02-03,860.0,-4.0,-0.46%,,,,,,,,,ShowDailyK_ChartFlow,FinMind_API_TaiwanStockPrice_3443,True,2026-09-24T07:15:10,2026-09-24T07:15:10,2026-09-24T07:15:10
3443,創意,2023-02-06,798.0,-62.0,-7.21%,,,,,,,,,ShowDailyK_ChartFlow,FinMind_API_TaiwanStockPrice_3443,True,2026-09-24T07:15:10,2026-09-24T07:15:10,2026-09-24T07:15:10
3443,創意,2023-02-07,841.0,43.0,5.39%,,,,,,,,,ShowDailyK_ChartFlow,FinMind_API_TaiwanStockPrice_3443,True,2026-09-24T07:15:10,2026-09-24T07:15:10,2026-09-24T07:15:10
3443,創意,2023-02-08,925.0,84.0,9.99%,,,,,,,,,ShowDailyK_ChartFlow,FinMind_API_TaiwanStockPrice_3443,True,2026-09-24T07:15:10,2026-09-24T07:15:10,2026-09-24T07:15:10
3443,創意,2023-02-09,920.0,-5.0,-0.54%,,,,,,,,,ShowDailyK_ChartFlow,FinMind_API_TaiwanStockPrice_3443,True,2026-09-24T07:15:10,2026-09-24T07:15:10,2026-09-24T07:15:10
3443,創意,2023-02-10,910.0,-10.0,-1.09%,,,,,,,,,ShowDailyK_ChartFlow,FinMind_API_TaiwanStockPrice_3443,True,2026-09-24T07:15:10,2026-09-24T07:15:10,2026-09-24T07:15:10
3443,創意,2023-02-13,898.0,-12.0,-1.32%,,,,,,,,,ShowDailyK_ChartFlow,FinMind_API_TaiwanStockPrice_3443,True,2026-09-24T07:15:10,2026-09-24T07:15:10,2026-09-24T07:15:10
3443,創意,2023-02-14,911.0,13.0,1.45%,,,,,,,,,ShowDailyK_ChartFlow,FinMind_API_TaiwanStockPrice_3443,True,2026-09-24T07:15:10,2026-09-24T07:15:10,2026-09-24T07:15:10
3443,創意,2023-02-15,926.0,15.0,1.65%,,,,,,,,,ShowDailyK_ChartFlow,FinMind_API_TaiwanStockPrice_3443,True,2026-09-24T07:15:10,2026-09-24T07:15:10,2026-09-24T07:15:10
3443,創意,2023-02-16,958.0,32.0,3.46%,,,,,,,,,ShowDailyK_ChartFlow,FinMind_API_TaiwanStockPrice_3443,True,2026-09-24T07:15:10,2026-09-24T07:15:10,2026-09-24T07:15:10
3443,創意,2023-02-17,976.0,18.0,1.88%,,,,,,,,,ShowDailyK_ChartFlow,FinMind_API_TaiwanStockPrice_3443,True,2026-09-24T07:15:10,2026-09-24T07:15:10,2026-09-24T07:15:10
3443,創意,2023-02-20,995.0,19.0,1.95%,,,,,,,,,ShowDailyK_ChartFlow,FinMind_API_TaiwanStockPrice_3443,True,2026-09-24T07:15:10,2026-09-24T07:15:10,2026-09-24T07:15:10
3443,創意,2023-02-21,1035.0,40.0,4.02%,,,,,,,,,ShowDailyK_ChartFlow,FinMind_API_TaiwanStockPrice_3443,True,2026-09-24T07:15:10,2026-09-24T07:15:10,2026-09-24T07:15:10
3443,創意,2023-02-22,1015.0,-20.0,-1.93%,,,,,,,,,ShowDailyK_ChartFlow,FinMind_API_TaiwanStockPrice_3443,True,2026-09-24T07:15:10,2026-09-24T07:15:10,2026-09-24T07:15:10
3443,創意,2023-02-23,1115.0,100.0,9.85%,,,,,,,,,ShowDailyK_ChartFlow,FinMind_API_TaiwanStockPrice_3443,True,2026-09-24T07:15:10,2026-09-24T07:15:10,2026-09-24T07:15:10
3443,創意,2023-02-24,1160.0,45.0,4.04%,,,,,,,,,ShowDailyK_ChartFlow,FinMind_API_TaiwanStockPrice_3443,True,2026-09-24T07:15:10,2026-09-24T07:15:10,2026-09-24T07:15:10
3443,創意,2023-03-01,1180.0,20.0,1.72%,,,,,,,,,ShowDailyK_ChartFlow,FinMind_API_TaiwanStockPrice_3443,True,2026-09-24T07:15:10,2026-09-24T07:15:10,2026-09-24T07:15:10
3443,創意,2023-03-02,1195.0,15.0,1.27%,,,,,,,,,ShowDailyK_ChartFlow,FinMind_API_TaiwanStockPrice_3443,True,2026-09-24T07:15:10,2026-09-24T07:15:10,2026-09-24T07:15:10
3443,創意,2023-03-03,1080.0,-115.0,-9.62%,,,,,,,,,ShowDailyK_ChartFlow,FinMind_API_TaiwanStockPrice_3443,True,2026-09-24T07:15:10,2026-09-24T07:15:10,2026-09-24T07:15:10
3443,創意,2023-03-06,1075.0,-5.0,-0.46%,,,,,,,,,ShowDailyK_ChartFlow,FinMind_API_TaiwanStockPrice_3443,True,2026-09-24T07:15:10,2026-09-24T07:15:10,2026-09-24T07:15:10
3443,創意,2023-03-07,1075.0,0.0,0.00%,,,,,,,,,ShowDailyK_ChartFlow,FinMind_API_TaiwanStockPrice_3443,True,2026-09-24T07:15:10,2026-09-24T07:15:10,2026-09-24T07:15:10
3443,創意,2023-03-08,1105.0,30.0,2.79%,,,,,,,,,ShowDailyK_ChartFlow,FinMind_API_TaiwanStockPrice_3443,True,2026-09-24T07:15:10,2026-09-24T07:15:10,2026-09-24T07:15:10
3443,創意,2023-03-09,1110.0,5.0,0.45%,,,,,,,,,ShowDailyK_ChartFlow,FinMind_API_TaiwanStockPrice_3443,True,2026-09-24T07:15:10,2026-09-24T07:15:10,2026-09-24T07:15:10
3443,創意,2023-03-10,1090.0,-20.0,-1.80%,,,,,,,,,ShowDailyK_ChartFlow,FinMind_API_TaiwanStockPrice_3443,True,2026-09-24T07:15:10,2026-09-24T07:15:10,2026-09-24T07:15:10
3443,創意,2023-03-13,1130.0,40.0,3.67%,,,,,,,,,ShowDailyK_ChartFlow,FinMind_API_TaiwanStockPrice_3443,True,2026-09-24T07:15:10,2026-09-24T07:15:10,2026-09-24T07:15:10
3443,創意,2023-03-14,1060.0,-70.0,-6.19%,,,,,,,,,ShowDailyK_ChartFlow,FinMind_API_TaiwanStockPrice_3443,True,2026-09-24T07:15:10,2026-09-24T07:15:10,2026-09-24T07:15:10
3443,創意,2023-03-15,1115.0,55.0,5.19%,,,,,,,,,ShowDailyK_ChartFlow,FinMind_API_TaiwanStockPrice_3443,True,2026-09-24T07:15:10,2026-09-24T07:15:10,2026-09-24T07:15:10
3443,創意,2023-03-16,1100.0,-15.0,-1.35%,,,,,,,,,ShowDailyK_ChartFlow,FinMind_API_TaiwanStockPrice_3443,True,2026-09-24T07:15:10,2026-09-24T07:15:10,2026-09-24T07:15:10
3443,創意,2023-03-17,1130.0,30.0,2.73%,,,,,,,,,ShowDailyK_ChartFlow,FinMind_API_TaiwanStockPrice_3443,True,2026-09-24T07:15:10,2026-09-24T07:15:10,2026-09-24T07:15:10
3443,創意,2023-03-20,1170.0,40.0,3.54%,,,,,,,,,ShowDailyK_ChartFlow,FinMind_API_TaiwanStockPrice_3443,True,2026-09-24T07:15:10,2026-09-24T07:15:10,2026-09-24T07:15:10
3443,創意,2023-03-21,1125.0,-45.0,-3.85%,,,,,,,,,ShowDailyK_ChartFlow,FinMind_API_TaiwanStockPrice_3443,True,2026-09-24T07:15:10,2026-09-24T07:15:10,2026-09-24T07:15:10
3443,創意,2023-03-22,1160.0,35.0,3.11%,,,,,,,,,ShowDailyK_ChartFlow,FinMind_API_TaiwanStockPrice_3443,True,2026-09-24T07:15:10,2026-09-24T07:15:10,2026-09-24T07:15:10
3443,創意,2023-03-23,1195.0,35.0,3.02%,,,,,,,,,ShowDailyK_ChartFlow,FinMind_API_TaiwanStockPrice_3443,True,2026-09-24T07:15:10,2026-09-24T07:15:10,2026-09-24T07:15:10
3443,創意,2023-03-24,1165.0,-30.0,-2.51%,,,,,,,,,ShowDailyK_ChartFlow,FinMind_API_TaiwanStockPrice_3443,True,2026-09-24T07:15:10,2026-09-24T07:15:10,2026-09-24T07:15:10
3443,創意,2023-03-27,1180.0,15.0,1.29%,,,,,,,,,ShowDailyK_ChartFlow,FinMind_API_TaiwanStockPrice_3443,True,2026-09-24T07:15:10,2026-09-24T07:15:10,2026-09-24T07:15:10
3443,創意,2023-03-28,1105.0,-75.0,-6.36%,,,,,,,,,ShowDailyK_ChartFlow,FinMind_API_TaiwanStockPrice_3443,True,2026-09-24T07:15:10,2026-09-24T07:15:10,2026-09-24T07:15:10
3443,創意,2023-03-29,1010.0,-95.0,-8.60%,,,,,,,,,ShowDailyK_ChartFlow,FinMind_API_TaiwanStockPrice_3443,True,2026-09-24T07:15:10,2026-09-24T07:15:10,2026-09-24T07:15:10
3443,創意,2023-03-30,1050.0,40.0,3.96%,,,,,,,,,ShowDailyK_ChartFlow,FinMind_API_TaiwanStockPrice_3443,True,2026-09-24T07:15:10,2026-09-24T07:15:10,2026-09-24T07:15:10
3443,創意,2023-03-31,1085.0,35.0,3.33%,,,,,,,,,ShowDailyK_ChartFlow,FinMind_API_TaiwanStockPrice_3443,True,2026-09-24T07:15:10,2026-09-24T07:15:10,2026-09-24T07:15:10
3443,創意,2023-04-06,1070.0,-15.0,-1.38%,,,,,,,,,ShowDailyK_ChartFlow,FinMind_API_TaiwanStockPrice_3443,True,2026-09-24T07:15:10,2026-09-24T07:15:10,2026-09-24T07:15:10
3443,創意,2023-04-07,1080.0,10.0,0.93%,,,,,,,,,ShowDailyK_ChartFlow,FinMind_API_TaiwanStockPrice_3443,True,2026-09-24T07:15:10,2026-09-24T07:15:10,2026-09-24T07:15:10
3443,創意,2023-04-10,1100.0,20.0,1.85%,,,,,,,,,ShowDailyK_ChartFlow,FinMind_API_TaiwanStockPrice_3443,True,2026-09-24T07:15:10,2026-09-24T07:15:10,2026-09-24T07:15:10
3443,創意,2023-04-11,1070.0,-30.0,-2.73%,,,,,,,,,ShowDailyK_ChartFlow,FinMind_API_TaiwanStockPrice_3443,True,2026-09-24T07:15:10,2026-09-24T07:15:10,2026-09-24T07:15:10
3443,創意,2023-04-12,1070.0,0.0,0.00%,,,,,,,,,ShowDailyK_ChartFlow,FinMind_API_TaiwanStockPrice_3443,True,2026-09-24T07:15:10,2026-09-24T07:15:10,2026-09-24T07:15:10
3443,創意,2023-04-13,1030.0,-40.0,-3.74%,,,,,,,,,ShowDailyK_ChartFlow,FinMind_API_TaiwanStockPrice_3443,True,2026-09-24T07:15:10,2026-09-24T07:15:10,2026-09-24T07:15:10
3443,創意,2023-04-14,1085.0,55.0,5.34%,,,,,,,,,ShowDailyK_ChartFlow,FinMind_API_TaiwanStockPrice_3443,True,2026-09-24T07:15:10,2026-09-24T07:15:10,2026-09-24T07:15:10
3443,創意,2023-04-17,1070.0,-15.0,-1.38%,,,,,,,,,ShowDailyK_ChartFlow,FinMind_API_TaiwanStockPrice_3443,True,2026-09-24T07:15:10,2026-09-24T07:15:10,2026-09-24T07:15:10
3443,創意,2023-04-18,1025.0,-45.0,-4.21%,,,,,,,,,ShowDailyK_ChartFlow,FinMind_API_TaiwanStockPrice_3443,True,2026-09-24T07:15:10,2026-09-24T07:15:10,2026-09-24T07:15:10
3443,創意,2023-04-19,1030.0,5.0,0.49%,,,,,,,,,ShowDailyK_ChartFlow,FinMind_API_TaiwanStockPrice_3443,True,2026-09-24T07:15:10,2026-09-24T07:15:10,2026-09-24T07:15:10
3443,創意,2023-04-20,1050.0,20.0,1.94%,,,,,,,,,ShowDailyK_ChartFlow,FinMind_API_TaiwanStockPrice_3443,True,2026-09-24T07:15:10,2026-09-24T07:15:10,2026-09-24T07:15:10
3443,創意,2023-04-21,1015.0,-35.0,-3.33%,,,,,,,,,ShowDailyK_ChartFlow,FinMind_API_TaiwanStockPrice_3443,True,2026-09-24T07:15:10,2026-09-24T07:15:10,2026-09-24T07:15:10
3443,創意,2023-04-24,1020.0,5.0,0.49%,,,,,,,,,ShowDailyK_ChartFlow,FinMind_API_TaiwanStockPrice_3443,True,2026-09-24T07:15:10,2026-09-24T07:15:10,2026-09-24T07:15:10
3443,創意,2023-04-25,933.0,-87.0,-8.53%,,,,,,,,,ShowDailyK_ChartFlow,FinMind_API_TaiwanStockPrice_3443,True,2026-09-24T07:15:10,2026-09-24T07:15:10,2026-09-24T07:15:10
3443,創意,2023-04-26,957.0,24.0,2.57%,,,,,,,,,ShowDailyK_ChartFlow,FinMind_API_TaiwanStockPrice_3443,True,2026-09-24T07:15:10,2026-09-24T07:15:10,2026-09-24T07:15:10
3443,創意,2023-04-27,970.0,13.0,1.36%,,,,,,,,,ShowDailyK_ChartFlow,FinMind_API_TaiwanStockPrice_3443,True,2026-09-24T07:15:10,2026-09-24T07:15:10,2026-09-24T07:15:10
3443,創意,2023-04-28,996.0,26.0,2.68%,,,,,,,,,ShowDailyK_ChartFlow,FinMind_API_TaiwanStockPrice_3443,True,2026-09-24T07:15:10,2026-09-24T07:15:10,2026-09-24T07:15:10
3443,創意,2023-05-02,1095.0,99.0,9.94%,,,,,,,,,ShowDailyK_ChartFlow,FinMind_API_TaiwanStockPrice_3443,True,2026-09-24T07:15:10,2026-09-24T07:15:10,2026-09-24T07:15:10
3443,創意,2023-05-03,1080.0,-15.0,-1.37%,,,,,,,,,ShowDailyK_ChartFlow,FinMind_API_TaiwanStockPrice_3443,True,2026-09-24T07:15:10,2026-09-24T07:15:10,2026-09-24T07:15:10
3443,創意,2023-05-04,1105.0,25.0,2.31%,,,,,,,,,ShowDailyK_ChartFlow,FinMind_API_TaiwanStockPrice_3443,True,2026-09-24T07:15:10,2026-09-24T07:15:10,2026-09-24T07:15:10
3443,創意,2023-05-05,1140.0,35.0,3.17%,,,,,,,,,ShowDailyK_ChartFlow,FinMind_API_TaiwanStockPrice_3443,True,2026-09-24T07:15:10,2026-09-24T07:15:10,2026-09-24T07:15:10
3443,創意,2023-05-08,1125.0,-15.0,-1.32%,,,,,,,,,ShowDailyK_ChartFlow,FinMind_API_TaiwanStockPrice_3443,True,2026-09-24T07:15:10,2026-09-24T07:15:10,2026-09-24T07:15:10
3443,創意,2023-05-09,1140.0,15.0,1.33%,,,,,,,,,ShowDailyK_ChartFlow,FinMind_API_TaiwanStockPrice_3443,True,2026-09-24T07:15:10,2026-09-24T07:15:10,2026-09-24T07:15:10
3443,創意,2023-05-10,1130.0,-10.0,-0.88%,,,,,,,,,ShowDailyK_ChartFlow,FinMind_API_TaiwanStockPrice_3443,True,2026-09-24T07:15:10,2026-09-24T07:15:10,2026-09-24T07:15:10
3443,創意,2023-05-11,1105.0,-25.0,-2.21%,,,,,,,,,ShowDailyK_ChartFlow,FinMind_API_TaiwanStockPrice_3443,True,2026-09-24T07:15:10,2026-09-24T07:15:10,2026-09-24T07:15:10
3443,創意,2023-05-12,1170.0,65.0,5.88%,,,,,,,,,ShowDailyK_ChartFlow,FinMind_API_TaiwanStockPrice_3443,True,2026-09-24T07:15:10,2026-09-24T07:15:10,2026-09-24T07:15:10
3443,創意,2023-05-15,1130.0,-40.0,-3.42%,,,,,,,,,ShowDailyK_ChartFlow,FinMind_API_TaiwanStockPrice_3443,True,2026-09-24T07:15:10,2026-09-24T07:15:10,2026-09-24T07:15:10
3443,創意,2023-05-16,1130.0,0.0,0.00%,,,,,,,,,ShowDailyK_ChartFlow,FinMind_API_TaiwanStockPrice_3443,True,2026-09-24T07:15:10,2026-09-24T07:15:10,2026-09-24T07:15:10
3443,創意,2023-05-17,1165.0,35.0,3.10%,,,,,,,,,ShowDailyK_ChartFlow,FinMind_API_TaiwanStockPrice_3443,True,2026-09-24T07:15:10,2026-09-24T07:15:10,2026-09-24T07:15:10
3443,創意,2023-05-18,1165.0,0.0,0.00%,,,,,,,,,ShowDailyK_ChartFlow,FinMind_API_TaiwanStockPrice_3443,True,2026-09-24T07:15:10,2026-09-24T07:15:10,2026-09-24T07:15:10
3443,創意,2023-05-19,1280.0,115.0,9.87%,,,,,,,,,ShowDailyK_ChartFlow,FinMind_API_TaiwanStockPrice_3443,True,2026-09-24T07:15:10,2026-09-24T07:15:10,2026-09-24T07:15:10
3443,創意,2023-05-22,1275.0,-5.0,-0.39%,,,,,,,,,ShowDailyK_ChartFlow,FinMind_API_TaiwanStockPrice_3443,True,2026-09-24T07:15:10,2026-09-24T07:15:10,2026-09-24T07:15:10
3443,創意,2023-05-23,1285.0,10.0,0.78%,,,,,,,,,ShowDailyK_ChartFlow,FinMind_API_TaiwanStockPrice_3443,True,2026-09-24T07:15:10,2026-09-24T07:15:10,2026-09-24T07:15:10
3443,創意,2023-05-24,1265.0,-20.0,-1.56%,,,,,,,,,ShowDailyK_ChartFlow,FinMind_API_TaiwanStockPrice_3443,True,2026-09-24T07:15:10,2026-09-24T07:15:10,2026-09-24T07:15:10
3443,創意,2023-05-25,1390.0,125.0,9.88%,,,,,,,,,ShowDailyK_ChartFlow,FinMind_API_TaiwanStockPrice_3443,True,2026-09-24T07:15:10,2026-09-24T07:15:10,2026-09-24T07:15:10
3443,創意,2023-05-26,1435.0,45.0,3.24%,,,,,,,,,ShowDailyK_ChartFlow,FinMind_API_TaiwanStockPrice_3443,True,2026-09-24T07:15:10,2026-09-24T07:15:10,2026-09-24T07:15:10
3443,創意,2023-05-29,1515.0,80.0,5.57%,,,,,,,,,ShowDailyK_ChartFlow,FinMind_API_TaiwanStockPrice_3443,True,2026-09-24T07:15:10,2026-09-24T07:15:10,2026-09-24T07:15:10
3443,創意,2023-05-30,1490.0,-25.0,-1.65%,,,,,,,,,ShowDailyK_ChartFlow,FinMind_API_TaiwanStockPrice_3443,True,2026-09-24T07:15:10,2026-09-24T07:15:10,2026-09-24T07:15:10
3443,創意,2023-05-31,1495.0,5.0,0.34%,,,,,,,,,ShowDailyK_ChartFlow,FinMind_API_TaiwanStockPrice_3443,True,2026-09-24T07:15:10,2026-09-24T07:15:10,2026-09-24T07:15:10
3443,創意,2023-06-01,1535.0,40.0,2.68%,,,,,,,,,ShowDailyK_ChartFlow,FinMind_API_TaiwanStockPrice_3443,True,2026-09-24T07:15:10,2026-09-24T07:15:10,2026-09-24T07:15:10
3443,創意,2023-06-02,1425.0,-110.0,-7.17%,,,,,,,,,ShowDailyK_ChartFlow,FinMind_API_TaiwanStockPrice_3443,True,2026-09-24T07:15:10,2026-09-24T07:15:10,2026-09-24T07:15:10
3443,創意,2023-06-05,1440.0,15.0,1.05%,,,,,,,,,ShowDailyK_ChartFlow,FinMind_API_TaiwanStockPrice_3443,True,2026-09-24T07:15:10,2026-09-24T07:15:10,2026-09-24T07:15:10
3443,創意,2023-06-06,1455.0,15.0,1.04%,,,,,,,,,ShowDailyK_ChartFlow,FinMind_API_TaiwanStockPrice_3443,True,2026-09-24T07:15:10,2026-09-24T07:15:10,2026-09-24T07:15:10
3443,創意,2023-06-07,1465.0,10.0,0.69%,,,,,,,,,ShowDailyK_ChartFlow,FinMind_API_TaiwanStockPrice_3443,True,2026-09-24T07:15:10,2026-09-24T07:15:10,2026-09-24T07:15:10
3443,創意,2023-06-08,1385.0,-80.0,-5.46%,,,,,,,,,ShowDailyK_ChartFlow,FinMind_API_TaiwanStockPrice_3443,True,2026-09-24T07:15:10,2026-09-24T07:15:10,2026-09-24T07:15:10
3443,創意,2023-06-09,1405.0,20.0,1.44%,,,,,,,,,ShowDailyK_ChartFlow,FinMind_API_TaiwanStockPrice_3443,True,2026-09-24T07:15:10,2026-09-24T07:15:10,2026-09-24T07:15:10
3443,創意,2023-06-12,1465.0,60.0,4.27%,,,,,,,,,ShowDailyK_ChartFlow,FinMind_API_TaiwanStockPrice_3443,True,2026-09-24T07:15:10,2026-09-24T07:15:10,2026-09-24T07:15:10
3443,創意,2023-06-13,1545.0,80.0,5.46%,,,,,,,,,ShowDailyK_ChartFlow,FinMind_API_TaiwanStockPrice_3443,True,2026-09-24T07:15:10,2026-09-24T07:15:10,2026-09-24T07:15:10
3443,創意,2023-06-14,1565.0,20.0,1.29%,,,,,,,,,ShowDailyK_ChartFlow,FinMind_API_TaiwanStockPrice_3443,True,2026-09-24T07:15:10,2026-09-24T07:15:10,2026-09-24T07:15:10
3443,創意,2023-06-15,1645.0,80.0,5.11%,,,,,,,,,ShowDailyK_ChartFlow,FinMind_API_TaiwanStockPrice_3443,True,2026-09-24T07:15:10,2026-09-24T07:15:10,2026-09-24T07:15:10
3443,創意,2023-06-16,1650.0,5.0,0.30%,,,,,,,,,ShowDailyK_ChartFlow,FinMind_API_TaiwanStockPrice_3443,True,2026-09-24T07:15:10,2026-09-24T07:15:10,2026-09-24T07:15:10
3443,創意,2023-06-19,1700.0,50.0,3.03%,,,,,,,,,ShowDailyK_ChartFlow,FinMind_API_TaiwanStockPrice_3443,True,2026-09-24T07:15:10,2026-09-24T07:15:10,2026-09-24T07:15:10
3443,創意,2023-06-20,1690.0,-10.0,-0.59%,,,,,,,,,ShowDailyK_ChartFlow,FinMind_API_TaiwanStockPrice_3443,True,2026-09-24T07:15:10,2026-09-24T07:15:10,2026-09-24T07:15:10
3443,創意,2023-06-21,1625.0,-65.0,-3.85%,,,,,,,,,ShowDailyK_ChartFlow,FinMind_API_TaiwanStockPrice_3443,True,2026-09-24T07:15:10,2026-09-24T07:15:10,2026-09-24T07:15:10
3443,創意,2023-06-26,1615.0,-10.0,-0.62%,,,,,,,,,ShowDailyK_ChartFlow,FinMind_API_TaiwanStockPrice_3443,True,2026-09-24T07:15:10,2026-09-24T07:15:10,2026-09-24T07:15:10
3443,創意,2023-06-27,1560.0,-55.0,-3.41%,,,,,,,,,ShowDailyK_ChartFlow,FinMind_API_TaiwanStockPrice_3443,True,2026-09-24T07:15:10,2026-09-24T07:15:10,2026-09-24T07:15:10
3443,創意,2023-06-28,1550.0,-10.0,-0.64%,,,,,,,,,ShowDailyK_ChartFlow,FinMind_API_TaiwanStockPrice_3443,True,2026-09-24T07:15:10,2026-09-24T07:15:10,2026-09-24T07:15:10
3443,創意,2023-06-29,1600.0,50.0,3.23%,,,,,,,,,ShowDailyK_ChartFlow,FinMind_API_TaiwanStockPrice_3443,True,2026-09-24T07:15:10,2026-09-24T07:15:10,2026-09-24T07:15:10
3443,創意,2023-06-30,1605.0,5.0,0.31%,,,,,,,,,ShowDailyK_ChartFlow,FinMind_API_TaiwanStockPrice_3443,True,2026-09-24T07:15:10,2026-09-24T07:15:10,2026-09-24T07:15:10
3443,創意,2023-07-03,1670.0,65.0,4.05%,,,,,,,,,ShowDailyK_ChartFlow,FinMind_API_TaiwanStockPrice_3443,True,2026-09-24T07:15:10,2026-09-24T07:15:10,2026-09-24T07:15:10
3443,創意,2023-07-04,1700.0,30.0,1.80%,,,,,,,,,ShowDailyK_ChartFlow,FinMind_API_TaiwanStockPrice_3443,True,2026-09-24T07:15:10,2026-09-24T07:15:10,2026-09-24T07:15:10
3443,創意,2023-07-05,1635.0,-65.0,-3.82%,,,,,,,,,ShowDailyK_ChartFlow,FinMind_API_TaiwanStockPrice_3443,True,2026-09-24T07:15:10,2026-09-24T07:15:10,2026-09-24T07:15:10
3443,創意,2023-07-06,1650.0,15.0,0.92%,,,,,,,,,ShowDailyK_ChartFlow,FinMind_API_TaiwanStockPrice_3443,True,2026-09-24T07:15:10,2026-09-24T07:15:10,2026-09-24T07:15:10
3443,創意,2023-07-07,1600.0,-50.0,-3.03%,,,,,,,,,ShowDailyK_ChartFlow,FinMind_API_TaiwanStockPrice_3443,True,2026-09-24T07:15:10,2026-09-24T07:15:10,2026-09-24T07:15:10
3443,創意,2023-07-10,1615.0,15.0,0.94%,,,,,,,,,ShowDailyK_ChartFlow,FinMind_API_TaiwanStockPrice_3443,True,2026-09-24T07:15:10,2026-09-24T07:15:10,2026-09-24T07:15:10
3443,創意,2023-07-11,1585.0,-30.0,-1.86%,,,,,,,,,ShowDailyK_ChartFlow,FinMind_API_TaiwanStockPrice_3443,True,2026-09-24T07:15:10,2026-09-24T07:15:10,2026-09-24T07:15:10
3443,創意,2023-07-12,1630.0,45.0,2.84%,,,,,,,,,ShowDailyK_ChartFlow,FinMind_API_TaiwanStockPrice_3443,True,2026-09-24T07:15:10,2026-09-24T07:15:10,2026-09-24T07:15:10
3443,創意,2023-07-13,1750.0,120.0,7.36%,,,,,,,,,ShowDailyK_ChartFlow,FinMind_API_TaiwanStockPrice_3443,True,2026-09-24T07:15:10,2026-09-24T07:15:10,2026-09-24T07:15:10
3443,創意,2023-07-14,1870.0,120.0,6.86%,,,,,,,,,ShowDailyK_ChartFlow,FinMind_API_TaiwanStockPrice_3443,True,2026-09-24T07:15:10,2026-09-24T07:15:10,2026-09-24T07:15:10
3443,創意,2023-07-17,1795.0,-75.0,-4.01%,,,,,,,,,ShowDailyK_ChartFlow,FinMind_API_TaiwanStockPrice_3443,True,2026-09-24T07:15:10,2026-09-24T07:15:10,2026-09-24T07:15:10
3443,創意,2023-07-18,1790.0,-5.0,-0.28%,,,,,,,,,ShowDailyK_ChartFlow,FinMind_API_TaiwanStockPrice_3443,True,2026-09-24T07:15:10,2026-09-24T07:15:10,2026-09-24T07:15:10
3443,創意,2023-07-19,1850.0,60.0,3.35%,,,,,,,,,ShowDailyK_ChartFlow,FinMind_API_TaiwanStockPrice_3443,True,2026-09-24T07:15:10,2026-09-24T07:15:10,2026-09-24T07:15:10
3443,創意,2023-07-20,1830.0,-20.0,-1.08%,,,,,,,,,ShowDailyK_ChartFlow,FinMind_API_TaiwanStockPrice_3443,True,2026-09-24T07:15:10,2026-09-24T07:15:10,2026-09-24T07:15:10
3443,創意,2023-07-21,1905.0,75.0,4.10%,,,,,,,,,ShowDailyK_ChartFlow,FinMind_API_TaiwanStockPrice_3443,True,2026-09-24T07:15:10,2026-09-24T07:15:10,2026-09-24T07:15:10
3443,創意,2023-07-24,1885.0,-20.0,-1.05%,,,,,,,,,ShowDailyK_ChartFlow,FinMind_API_TaiwanStockPrice_3443,True,2026-09-24T07:15:10,2026-09-24T07:15:10,2026-09-24T07:15:10
3443,創意,2023-07-25,1885.0,0.0,0.00%,,,,,,,,,ShowDailyK_ChartFlow,FinMind_API_TaiwanStockPrice_3443,True,2026-09-24T07:15:10,2026-09-24T07:15:10,2026-09-24T07:15:10
3443,創意,2023-07-26,1840.0,-45.0,-2.39%,,,,,,,,,ShowDailyK_ChartFlow,FinMind_API_TaiwanStockPrice_3443,True,2026-09-24T07:15:10,2026-09-24T07:15:10,2026-09-24T07:15:10
3443,創意,2023-07-27,1825.0,-15.0,-0.82%,,,,,,,,,ShowDailyK_ChartFlow,FinMind_API_TaiwanStockPrice_3443,True,2026-09-24T07:15:10,2026-09-24T07:15:10,2026-09-24T07:15:10
3443,創意,2023-07-28,1815.0,-10.0,-0.55%,,,,,,,,,ShowDailyK_ChartFlow,FinMind_API_TaiwanStockPrice_3443,True,2026-09-24T07:15:10,2026-09-24T07:15:10,2026-09-24T07:15:10
3443,創意,2023-07-31,1635.0,-180.0,-9.92%,,,,,,,,,ShowDailyK_ChartFlow,FinMind_API_TaiwanStockPrice_3443,True,2026-09-24T07:15:10,2026-09-24T07:15:10,2026-09-24T07:15:10
3443,創意,2023-08-01,1475.0,-160.0,-9.79%,,,,,,,,,ShowDailyK_ChartFlow,FinMind_API_TaiwanStockPrice_3443,True,2026-09-24T07:15:10,2026-09-24T07:15:10,2026-09-24T07:15:10
3443,創意,2023-08-02,1405.0,-70.0,-4.75%,,,,,,,,,ShowDailyK_ChartFlow,FinMind_API_TaiwanStockPrice_3443,True,2026-09-24T07:15:10,2026-09-24T07:15:10,2026-09-24T07:15:10
3443,創意,2023-08-04,1380.0,-25.0,-1.78%,,,,,,,,,ShowDailyK_ChartFlow,FinMind_API_TaiwanStockPrice_3443,True,2026-09-24T07:15:10,2026-09-24T07:15:10,2026-09-24T07:15:10
3443,創意,2023-08-07,1405.0,25.0,1.81%,,,,,,,,,ShowDailyK_ChartFlow,FinMind_API_TaiwanStockPrice_3443,True,2026-09-24T07:15:10,2026-09-24T07:15:10,2026-09-24T07:15:10
3443,創意,2023-08-08,1345.0,-60.0,-4.27%,,,,,,,,,ShowDailyK_ChartFlow,FinMind_API_TaiwanStockPrice_3443,True,2026-09-24T07:15:10,2026-09-24T07:15:10,2026-09-24T07:15:10
3443,創意,2023-08-09,1340.0,-5.0,-0.37%,,,,,,,,,ShowDailyK_ChartFlow,FinMind_API_TaiwanStockPrice_3443,True,2026-09-24T07:15:10,2026-09-24T07:15:10,2026-09-24T07:15:10
3443,創意,2023-08-10,1250.0,-90.0,-6.72%,,,,,,,,,ShowDailyK_ChartFlow,FinMind_API_TaiwanStockPrice_3443,True,2026-09-24T07:15:10,2026-09-24T07:15:10,2026-09-24T07:15:10
3443,創意,2023-08-11,1270.0,20.0,1.60%,,,,,,,,,ShowDailyK_ChartFlow,FinMind_API_TaiwanStockPrice_3443,True,2026-09-24T07:15:10,2026-09-24T07:15:10,2026-09-24T07:15:10
3443,創意,2023-08-14,1265.0,-5.0,-0.39%,,,,,,,,,ShowDailyK_ChartFlow,FinMind_API_TaiwanStockPrice_3443,True,2026-09-24T07:15:10,2026-09-24T07:15:10,2026-09-24T07:15:10
3443,創意,2023-08-15,1265.0,0.0,0.00%,,,,,,,,,ShowDailyK_ChartFlow,FinMind_API_TaiwanStockPrice_3443,True,2026-09-24T07:15:10,2026-09-24T07:15:10,2026-09-24T07:15:10
3443,創意,2023-08-16,1285.0,20.0,1.58%,,,,,,,,,ShowDailyK_ChartFlow,FinMind_API_TaiwanStockPrice_3443,True,2026-09-24T07:15:10,2026-09-24T07:15:10,2026-09-24T07:15:10
3443,創意,2023-08-17,1365.0,80.0,6.23%,,,,,,,,,ShowDailyK_ChartFlow,FinMind_API_TaiwanStockPrice_3443,True,2026-09-24T07:15:10,2026-09-24T07:15:10,2026-09-24T07:15:10
3443,創意,2023-08-18,1345.0,-20.0,-1.47%,,,,,,,,,ShowDailyK_ChartFlow,FinMind_API_TaiwanStockPrice_3443,True,2026-09-24T07:15:10,2026-09-24T07:15:10,2026-09-24T07:15:10
3443,創意,2023-08-21,1340.0,-5.0,-0.37%,,,,,,,,,ShowDailyK_ChartFlow,FinMind_API_TaiwanStockPrice_3443,True,2026-09-24T07:15:10,2026-09-24T07:15:10,2026-09-24T07:15:10
3443,創意,2023-08-22,1370.0,30.0,2.24%,,,,,,,,,ShowDailyK_ChartFlow,FinMind_API_TaiwanStockPrice_3443,True,2026-09-24T07:15:10,2026-09-24T07:15:10,2026-09-24T07:15:10
3443,創意,2023-08-23,1465.0,95.0,6.93%,,,,,,,,,ShowDailyK_ChartFlow,FinMind_API_TaiwanStockPrice_3443,True,2026-09-24T07:15:10,2026-09-24T07:15:10,2026-09-24T07:15:10
3443,創意,2023-08-24,1485.0,20.0,1.37%,,,,,,,,,ShowDailyK_ChartFlow,FinMind_API_TaiwanStockPrice_3443,True,2026-09-24T07:15:10,2026-09-24T07:15:10,2026-09-24T07:15:10
3443,創意,2023-08-25,1430.0,-55.0,-3.70%,,,,,,,,,ShowDailyK_ChartFlow,FinMind_API_TaiwanStockPrice_3443,True,2026-09-24T07:15:10,2026-09-24T07:15:10,2026-09-24T07:15:10
3443,創意,2023-08-28,1430.0,0.0,0.00%,,,,,,,,,ShowDailyK_ChartFlow,FinMind_API_TaiwanStockPrice_3443,True,2026-09-24T07:15:10,2026-09-24T07:15:10,2026-09-24T07:15:10
3443,創意,2023-08-29,1500.0,70.0,4.90%,,,,,,,,,ShowDailyK_ChartFlow,FinMind_API_TaiwanStockPrice_3443,True,2026-09-24T07:15:10,2026-09-24T07:15:10,2026-09-24T07:15:10
3443,創意,2023-08-30,1485.0,-15.0,-1.00%,,,,,,,,,ShowDailyK_ChartFlow,FinMind_API_TaiwanStockPrice_3443,True,2026-09-24T07:15:10,2026-09-24T07:15:10,2026-09-24T07:15:10
3443,創意,2023-08-31,1460.0,-25.0,-1.68%,,,,,,,,,ShowDailyK_ChartFlow,FinMind_API_TaiwanStockPrice_3443,True,2026-09-24T07:15:10,2026-09-24T07:15:10,2026-09-24T07:15:10
3443,創意,2023-09-01,1405.0,-55.0,-3.77%,,,,,,,,,ShowDailyK_ChartFlow,FinMind_API_TaiwanStockPrice_3443,True,2026-09-24T07:15:10,2026-09-24T07:15:10,2026-09-24T07:15:10
3443,創意,2023-09-04,1445.0,40.0,2.85%,,,,,,,,,ShowDailyK_ChartFlow,FinMind_API_TaiwanStockPrice_3443,True,2026-09-24T07:15:10,2026-09-24T07:15:10,2026-09-24T07:15:10
3443,創意,2023-09-05,1440.0,-5.0,-0.35%,,,,,,,,,ShowDailyK_ChartFlow,FinMind_API_TaiwanStockPrice_3443,True,2026-09-24T07:15:10,2026-09-24T07:15:10,2026-09-24T07:15:10
3443,創意,2023-09-06,1450.0,10.0,0.69%,,,,,,,,,ShowDailyK_ChartFlow,FinMind_API_TaiwanStockPrice_3443,True,2026-09-24T07:15:10,2026-09-24T07:15:10,2026-09-24T07:15:10
3443,創意,2023-09-07,1415.0,-35.0,-2.41%,,,,,,,,,ShowDailyK_ChartFlow,FinMind_API_TaiwanStockPrice_3443,True,2026-09-24T07:15:10,2026-09-24T07:15:10,2026-09-24T07:15:10
3443,創意,2023-09-08,1395.0,-20.0,-1.41%,,,,,,,,,ShowDailyK_ChartFlow,FinMind_API_TaiwanStockPrice_3443,True,2026-09-24T07:15:10,2026-09-24T07:15:10,2026-09-24T07:15:10
3443,創意,2023-09-11,1360.0,-35.0,-2.51%,,,,,,,,,ShowDailyK_ChartFlow,FinMind_API_TaiwanStockPrice_3443,True,2026-09-24T07:15:10,2026-09-24T07:15:10,2026-09-24T07:15:10
3443,創意,2023-09-12,1385.0,25.0,1.84%,,,,,,,,,ShowDailyK_ChartFlow,FinMind_API_TaiwanStockPrice_3443,True,2026-09-24T07:15:10,2026-09-24T07:15:10,2026-09-24T07:15:10
3443,創意,2023-09-13,1460.0,75.0,5.42%,,,,,,,,,ShowDailyK_ChartFlow,FinMind_API_TaiwanStockPrice_3443,True,2026-09-24T07:15:10,2026-09-24T07:15:10,2026-09-24T07:15:10
3443,創意,2023-09-14,1470.0,10.0,0.68%,,,,,,,,,ShowDailyK_ChartFlow,FinMind_API_TaiwanStockPrice_3443,True,2026-09-24T07:15:10,2026-09-24T07:15:10,2026-09-24T07:15:10
3443,創意,2023-09-15,1480.0,10.0,0.68%,,,,,,,,,ShowDailyK_ChartFlow,FinMind_API_TaiwanStockPrice_3443,True,2026-09-24T07:15:10,2026-09-24T07:15:10,2026-09-24T07:15:10
3443,創意,2023-09-18,1440.0,-40.0,-2.70%,,,,,,,,,ShowDailyK_ChartFlow,FinMind_API_TaiwanStockPrice_3443,True,2026-09-24T07:15:10,2026-09-24T07:15:10,2026-09-24T07:15:10
3443,創意,2023-09-19,1425.0,-15.0,-1.04%,,,,,,,,,ShowDailyK_ChartFlow,FinMind_API_TaiwanStockPrice_3443,True,2026-09-24T07:15:10,2026-09-24T07:15:10,2026-09-24T07:15:10
3443,創意,2023-09-20,1360.0,-65.0,-4.56%,,,,,,,,,ShowDailyK_ChartFlow,FinMind_API_TaiwanStockPrice_3443,True,2026-09-24T07:15:10,2026-09-24T07:15:10,2026-09-24T07:15:10
3443,創意,2023-09-21,1320.0,-40.0,-2.94%,,,,,,,,,ShowDailyK_ChartFlow,FinMind_API_TaiwanStockPrice_3443,True,2026-09-24T07:15:10,2026-09-24T07:15:10,2026-09-24T07:15:10
3443,創意,2023-09-22,1390.0,70.0,5.30%,,,,,,,,,ShowDailyK_ChartFlow,FinMind_API_TaiwanStockPrice_3443,True,2026-09-24T07:15:10,2026-09-24T07:15:10,2026-09-24T07:15:10
3443,創意,2023-09-25,1410.0,20.0,1.44%,,,,,,,,,ShowDailyK_ChartFlow,FinMind_API_TaiwanStockPrice_3443,True,2026-09-24T07:15:10,2026-09-24T07:15:10,2026-09-24T07:15:10
3443,創意,2023-09-26,1405.0,-5.0,-0.35%,,,,,,,,,ShowDailyK_ChartFlow,FinMind_API_TaiwanStockPrice_3443,True,2026-09-24T07:15:10,2026-09-24T07:15:10,2026-09-24T07:15:10
3443,創意,2023-09-27,1360.0,-45.0,-3.20%,,,,,,,,,ShowDailyK_ChartFlow,FinMind_API_TaiwanStockPrice_3443,True,2026-09-24T07:15:10,2026-09-24T07:15:10,2026-09-24T07:15:10
3443,創意,2023-09-28,1365.0,5.0,0.37%,,,,,,,,,ShowDailyK_ChartFlow,FinMind_API_TaiwanStockPrice_3443,True,2026-09-24T07:15:10,2026-09-24T07:15:10,2026-09-24T07:15:10
3443,創意,2023-10-02,1410.0,45.0,3.30%,,,,,,,,,ShowDailyK_ChartFlow,FinMind_API_TaiwanStockPrice_3443,True,2026-09-24T07:15:10,2026-09-24T07:15:10,2026-09-24T07:15:10
3443,創意,2023-10-03,1430.0,20.0,1.42%,,,,,,,,,ShowDailyK_ChartFlow,FinMind_API_TaiwanStockPrice_3443,True,2026-09-24T07:15:10,2026-09-24T07:15:10,2026-09-24T07:15:10
3443,創意,2023-10-04,1400.0,-30.0,-2.10%,,,,,,,,,ShowDailyK_ChartFlow,FinMind_API_TaiwanStockPrice_3443,True,2026-09-24T07:15:10,2026-09-24T07:15:10,2026-09-24T07:15:10
3443,創意,2023-10-05,1425.0,25.0,1.79%,,,,,,,,,ShowDailyK_ChartFlow,FinMind_API_TaiwanStockPrice_3443,True,2026-09-24T07:15:10,2026-09-24T07:15:10,2026-09-24T07:15:10
3443,創意,2023-10-06,1435.0,10.0,0.70%,,,,,,,,,ShowDailyK_ChartFlow,FinMind_API_TaiwanStockPrice_3443,True,2026-09-24T07:15:10,2026-09-24T07:15:10,2026-09-24T07:15:10
3443,創意,2023-10-11,1575.0,140.0,9.76%,,,,,,,,,ShowDailyK_ChartFlow,FinMind_API_TaiwanStockPrice_3443,True,2026-09-24T07:15:10,2026-09-24T07:15:10,2026-09-24T07:15:10
3443,創意,2023-10-12,1695.0,120.0,7.62%,,,,,,,,,ShowDailyK_ChartFlow,FinMind_API_TaiwanStockPrice_3443,True,2026-09-24T07:15:10,2026-09-24T07:15:10,2026-09-24T07:15:10
3443,創意,2023-10-13,1695.0,0.0,0.00%,,,,,,,,,ShowDailyK_ChartFlow,FinMind_API_TaiwanStockPrice_3443,True,2026-09-24T07:15:10,2026-09-24T07:15:10,2026-09-24T07:15:10
3443,創意,2023-10-16,1715.0,20.0,1.18%,,,,,,,,,ShowDailyK_ChartFlow,FinMind_API_TaiwanStockPrice_3443,True,2026-09-24T07:15:10,2026-09-24T07:15:10,2026-09-24T07:15:10
3443,創意,2023-10-17,1685.0,-30.0,-1.75%,,,,,,,,,ShowDailyK_ChartFlow,FinMind_API_TaiwanStockPrice_3443,True,2026-09-24T07:15:10,2026-09-24T07:15:10,2026-09-24T07:15:10
3443,創意,2023-10-18,1635.0,-50.0,-2.97%,,,,,,,,,ShowDailyK_ChartFlow,FinMind_API_TaiwanStockPrice_3443,True,2026-09-24T07:15:10,2026-09-24T07:15:10,2026-09-24T07:15:10
3443,創意,2023-10-19,1630.0,-5.0,-0.31%,,,,,,,,,ShowDailyK_ChartFlow,FinMind_API_TaiwanStockPrice_3443,True,2026-09-24T07:15:10,2026-09-24T07:15:10,2026-09-24T07:15:10
3443,創意,2023-10-20,1590.0,-40.0,-2.45%,,,,,,,,,ShowDailyK_ChartFlow,FinMind_API_TaiwanStockPrice_3443,True,2026-09-24T07:15:10,2026-09-24T07:15:10,2026-09-24T07:15:10
3443,創意,2023-10-23,1450.0,-140.0,-8.81%,,,,,,,,,ShowDailyK_ChartFlow,FinMind_API_TaiwanStockPrice_3443,True,2026-09-24T07:15:10,2026-09-24T07:15:10,2026-09-24T07:15:10
3443,創意,2023-10-24,1465.0,15.0,1.03%,,,,,,,,,ShowDailyK_ChartFlow,FinMind_API_TaiwanStockPrice_3443,True,2026-09-24T07:15:10,2026-09-24T07:15:10,2026-09-24T07:15:10
3443,創意,2023-10-25,1490.0,25.0,1.71%,,,,,,,,,ShowDailyK_ChartFlow,FinMind_API_TaiwanStockPrice_3443,True,2026-09-24T07:15:10,2026-09-24T07:15:10,2026-09-24T07:15:10
3443,創意,2023-10-26,1425.0,-65.0,-4.36%,,,,,,,,,ShowDailyK_ChartFlow,FinMind_API_TaiwanStockPrice_3443,True,2026-09-24T07:15:10,2026-09-24T07:15:10,2026-09-24T07:15:10
3443,創意,2023-10-27,1480.0,55.0,3.86%,,,,,,,,,ShowDailyK_ChartFlow,FinMind_API_TaiwanStockPrice_3443,True,2026-09-24T07:15:10,2026-09-24T07:15:10,2026-09-24T07:15:10
3443,創意,2023-10-30,1500.0,20.0,1.35%,,,,,,,,,ShowDailyK_ChartFlow,FinMind_API_TaiwanStockPrice_3443,True,2026-09-24T07:15:10,2026-09-24T07:15:10,2026-09-24T07:15:10
3443,創意,2023-10-31,1435.0,-65.0,-4.33%,,,,,,,,,ShowDailyK_ChartFlow,FinMind_API_TaiwanStockPrice_3443,True,2026-09-24T07:15:10,2026-09-24T07:15:10,2026-09-24T07:15:10
3443,創意,2023-11-01,1485.0,50.0,3.48%,,,,,,,,,ShowDailyK_ChartFlow,FinMind_API_TaiwanStockPrice_3443,True,2026-09-24T07:15:10,2026-09-24T07:15:10,2026-09-24T07:15:10
3443,創意,2023-11-02,1520.0,35.0,2.36%,,,,,,,,,ShowDailyK_ChartFlow,FinMind_API_TaiwanStockPrice_3443,True,2026-09-24T07:15:10,2026-09-24T07:15:10,2026-09-24T07:15:10
3443,創意,2023-11-03,1525.0,5.0,0.33%,,,,,,,,,ShowDailyK_ChartFlow,FinMind_API_TaiwanStockPrice_3443,True,2026-09-24T07:15:10,2026-09-24T07:15:10,2026-09-24T07:15:10
3443,創意,2023-11-06,1560.0,35.0,2.30%,,,,,,,,,ShowDailyK_ChartFlow,FinMind_API_TaiwanStockPrice_3443,True,2026-09-24T07:15:10,2026-09-24T07:15:10,2026-09-24T07:15:10
3443,創意,2023-11-07,1555.0,-5.0,-0.32%,,,,,,,,,ShowDailyK_ChartFlow,FinMind_API_TaiwanStockPrice_3443,True,2026-09-24T07:15:10,2026-09-24T07:15:10,2026-09-24T07:15:10
3443,創意,2023-11-08,1620.0,65.0,4.18%,,,,,,,,,ShowDailyK_ChartFlow,FinMind_API_TaiwanStockPrice_3443,True,2026-09-24T07:15:10,2026-09-24T07:15:10,2026-09-24T07:15:10
3443,創意,2023-11-09,1665.0,45.0,2.78%,,,,,,,,,ShowDailyK_ChartFlow,FinMind_API_TaiwanStockPrice_3443,True,2026-09-24T07:15:10,2026-09-24T07:15:10,2026-09-24T07:15:10
3443,創意,2023-11-10,1670.0,5.0,0.30%,,,,,,,,,ShowDailyK_ChartFlow,FinMind_API_TaiwanStockPrice_3443,True,2026-09-24T07:15:10,2026-09-24T07:15:10,2026-09-24T07:15:10
3443,創意,2023-11-13,1700.0,30.0,1.80%,,,,,,,,,ShowDailyK_ChartFlow,FinMind_API_TaiwanStockPrice_3443,True,2026-09-24T07:15:10,2026-09-24T07:15:10,2026-09-24T07:15:10
3443,創意,2023-11-14,1735.0,35.0,2.06%,,,,,,,,,ShowDailyK_ChartFlow,FinMind_API_TaiwanStockPrice_3443,True,2026-09-24T07:15:10,2026-09-24T07:15:10,2026-09-24T07:15:10
3443,創意,2023-11-15,1675.0,-60.0,-3.46%,,,,,,,,,ShowDailyK_ChartFlow,FinMind_API_TaiwanStockPrice_3443,True,2026-09-24T07:15:10,2026-09-24T07:15:10,2026-09-24T07:15:10
3443,創意,2023-11-16,1675.0,0.0,0.00%,,,,,,,,,ShowDailyK_ChartFlow,FinMind_API_TaiwanStockPrice_3443,True,2026-09-24T07:15:10,2026-09-24T07:15:10,2026-09-24T07:15:10
3443,創意,2023-11-17,1735.0,60.0,3.58%,,,,,,,,,ShowDailyK_ChartFlow,FinMind_API_TaiwanStockPrice_3443,True,2026-09-24T07:15:10,2026-09-24T07:15:10,2026-09-24T07:15:10
3443,創意,2023-11-20,1715.0,-20.0,-1.15%,,,,,,,,,ShowDailyK_ChartFlow,FinMind_API_TaiwanStockPrice_3443,True,2026-09-24T07:15:10,2026-09-24T07:15:10,2026-09-24T07:15:10
3443,創意,2023-11-21,1740.0,25.0,1.46%,,,,,,,,,ShowDailyK_ChartFlow,FinMind_API_TaiwanStockPrice_3443,True,2026-09-24T07:15:10,2026-09-24T07:15:10,2026-09-24T07:15:10
3443,創意,2023-11-22,1785.0,45.0,2.59%,,,,,,,,,ShowDailyK_ChartFlow,FinMind_API_TaiwanStockPrice_3443,True,2026-09-24T07:15:10,2026-09-24T07:15:10,2026-09-24T07:15:10
3443,創意,2023-11-23,1695.0,-90.0,-5.04%,,,,,,,,,ShowDailyK_ChartFlow,FinMind_API_TaiwanStockPrice_3443,True,2026-09-24T07:15:10,2026-09-24T07:15:10,2026-09-24T07:15:10
3443,創意,2023-11-24,1655.0,-40.0,-2.36%,,,,,,,,,ShowDailyK_ChartFlow,FinMind_API_TaiwanStockPrice_3443,True,2026-09-24T07:15:10,2026-09-24T07:15:10,2026-09-24T07:15:10
3443,創意,2023-11-27,1610.0,-45.0,-2.72%,,,,,,,,,ShowDailyK_ChartFlow,FinMind_API_TaiwanStockPrice_3443,True,2026-09-24T07:15:10,2026-09-24T07:15:10,2026-09-24T07:15:10
3443,創意,2023-11-28,1645.0,35.0,2.17%,,,,,,,,,ShowDailyK_ChartFlow,FinMind_API_TaiwanStockPrice_3443,True,2026-09-24T07:15:10,2026-09-24T07:15:10,2026-09-24T07:15:10
3443,創意,2023-11-29,1625.0,-20.0,-1.22%,,,,,,,,,ShowDailyK_ChartFlow,FinMind_API_TaiwanStockPrice_3443,True,2026-09-24T07:15:10,2026-09-24T07:15:10,2026-09-24T07:15:10
3443,創意,2023-11-30,1650.0,25.0,1.54%,,,,,,,,,ShowDailyK_ChartFlow,FinMind_API_TaiwanStockPrice_3443,True,2026-09-24T07:15:10,2026-09-24T07:15:10,2026-09-24T07:15:10
3443,創意,2023-12-01,1630.0,-20.0,-1.21%,,,,,,,,,ShowDailyK_ChartFlow,FinMind_API_TaiwanStockPrice_3443,True,2026-09-24T07:15:10,2026-09-24T07:15:10,2026-09-24T07:15:10
3443,創意,2023-12-04,1595.0,-35.0,-2.15%,,,,,,,,,ShowDailyK_ChartFlow,FinMind_API_TaiwanStockPrice_3443,True,2026-09-24T07:15:10,2026-09-24T07:15:10,2026-09-24T07:15:10
3443,創意,2023-12-05,1630.0,35.0,2.19%,,,,,,,,,ShowDailyK_ChartFlow,FinMind_API_TaiwanStockPrice_3443,True,2026-09-24T07:15:10,2026-09-24T07:15:10,2026-09-24T07:15:10
3443,創意,2023-12-06,1680.0,50.0,3.07%,,,,,,,,,ShowDailyK_ChartFlow,FinMind_API_TaiwanStockPrice_3443,True,2026-09-24T07:15:10,2026-09-24T07:15:10,2026-09-24T07:15:10
3443,創意,2023-12-07,1725.0,45.0,2.68%,,,,,,,,,ShowDailyK_ChartFlow,FinMind_API_TaiwanStockPrice_3443,True,2026-09-24T07:15:10,2026-09-24T07:15:10,2026-09-24T07:15:10
3443,創意,2023-12-08,1895.0,170.0,9.86%,,,,,,,,,ShowDailyK_ChartFlow,FinMind_API_TaiwanStockPrice_3443,True,2026-09-24T07:15:10,2026-09-24T07:15:10,2026-09-24T07:15:10
3443,創意,2023-12-11,1825.0,-70.0,-3.69%,,,,,,,,,ShowDailyK_ChartFlow,FinMind_API_TaiwanStockPrice_3443,True,2026-09-24T07:15:10,2026-09-24T07:15:10,2026-09-24T07:15:10
3443,創意,2023-12-12,1790.0,-35.0,-1.92%,,,,,,,,,ShowDailyK_ChartFlow,FinMind_API_TaiwanStockPrice_3443,True,2026-09-24T07:15:10,2026-09-24T07:15:10,2026-09-24T07:15:10
3443,創意,2023-12-13,1810.0,20.0,1.12%,,,,,,,,,ShowDailyK_ChartFlow,FinMind_API_TaiwanStockPrice_3443,True,2026-09-24T07:15:10,2026-09-24T07:15:10,2026-09-24T07:15:10
3443,創意,2023-12-14,1805.0,-5.0,-0.28%,,,,,,,,,ShowDailyK_ChartFlow,FinMind_API_TaiwanStockPrice_3443,True,2026-09-24T07:15:10,2026-09-24T07:15:10,2026-09-24T07:15:10
3443,創意,2023-12-15,1765.0,-40.0,-2.22%,,,,,,,,,ShowDailyK_ChartFlow,FinMind_API_TaiwanStockPrice_3443,True,2026-09-24T07:15:10,2026-09-24T07:15:10,2026-09-24T07:15:10
3443,創意,2023-12-18,1730.0,-35.0,-1.98%,,,,,,,,,ShowDailyK_ChartFlow,FinMind_API_TaiwanStockPrice_3443,True,2026-09-24T07:15:10,2026-09-24T07:15:10,2026-09-24T07:15:10
3443,創意,2023-12-19,1705.0,-25.0,-1.45%,,,,,,,,,ShowDailyK_ChartFlow,FinMind_API_TaiwanStockPrice_3443,True,2026-09-24T07:15:10,2026-09-24T07:15:10,2026-09-24T07:15:10
3443,創意,2023-12-20,1685.0,-20.0,-1.17%,,,,,,,,,ShowDailyK_ChartFlow,FinMind_API_TaiwanStockPrice_3443,True,2026-09-24T07:15:10,2026-09-24T07:15:10,2026-09-24T07:15:10
3443,創意,2023-12-21,1695.0,10.0,0.59%,,,,,,,,,ShowDailyK_ChartFlow,FinMind_API_TaiwanStockPrice_3443,True,2026-09-24T07:15:10,2026-09-24T07:15:10,2026-09-24T07:15:10
3443,創意,2023-12-22,1750.0,55.0,3.24%,,,,,,,,,ShowDailyK_ChartFlow,FinMind_API_TaiwanStockPrice_3443,True,2026-09-24T07:15:10,2026-09-24T07:15:10,2026-09-24T07:15:10
3443,創意,2023-12-25,1730.0,-20.0,-1.14%,,,,,,,,,ShowDailyK_ChartFlow,FinMind_API_TaiwanStockPrice_3443,True,2026-09-24T07:15:10,2026-09-24T07:15:10,2026-09-24T07:15:10
3443,創意,2023-12-26,1765.0,35.0,2.02%,,,,,,,,,ShowDailyK_ChartFlow,FinMind_API_TaiwanStockPrice_3443,True,2026-09-24T07:15:10,2026-09-24T07:15:10,2026-09-24T07:15:10
3443,創意,2023-12-27,1760.0,-5.0,-0.28%,,,,,,,,,ShowDailyK_ChartFlow,FinMind_API_TaiwanStockPrice_3443,True,2026-09-24T07:15:10,2026-09-24T07:15:10,2026-09-24T07:15:10
3443,創意,2023-12-28,1720.0,-40.0,-2.27%,,,,,,,,,ShowDailyK_ChartFlow,FinMind_API_TaiwanStockPrice_3443,True,2026-09-24T07:15:10,2026-09-24T07:15:10,2026-09-24T07:15:10
3443,創意,2023-12-29,1740.0,20.0,1.16%,,,,,,,,,ShowDailyK_ChartFlow,FinMind_API_TaiwanStockPrice_3443,True,2026-09-24T07:15:10,2026-09-24T07:15:10,2026-09-24T07:15:10
3443,創意,2024-01-02,1670.0,-70.0,-4.02%,,,,,,,,,ShowDailyK_ChartFlow,FinMind_API_TaiwanStockPrice_3443,True,2026-09-24T07:15:10,2026-09-24T07:15:10,2026-09-24T07:15:10
3443,創意,2024-01-03,1640.0,-30.0,-1.80%,,,,,,,,,ShowDailyK_ChartFlow,FinMind_API_TaiwanStockPrice_3443,True,2026-09-24T07:15:10,2026-09-24T07:15:10,2026-09-24T07:15:10
3443,創意,2024-01-04,1630.0,-10.0,-0.61%,,,,,,,,,ShowDailyK_ChartFlow,FinMind_API_TaiwanStockPrice_3443,True,2026-09-24T07:15:10,2026-09-24T07:15:10,2026-09-24T07:15:10
3443,創意,2024-01-05,1655.0,25.0,1.53%,,,,,,,,,ShowDailyK_ChartFlow,FinMind_API_TaiwanStockPrice_3443,True,2026-09-24T07:15:10,2026-09-24T07:15:10,2026-09-24T07:15:10
3443,創意,2024-01-08,1665.0,10.0,0.60%,,,,,,,,,ShowDailyK_ChartFlow,FinMind_API_TaiwanStockPrice_3443,True,2026-09-24T07:15:10,2026-09-24T07:15:10,2026-09-24T07:15:10
3443,創意,2024-01-09,1690.0,25.0,1.50%,,,,,,,,,ShowDailyK_ChartFlow,FinMind_API_TaiwanStockPrice_3443,True,2026-09-24T07:15:10,2026-09-24T07:15:10,2026-09-24T07:15:10
3443,創意,2024-01-10,1790.0,100.0,5.92%,,,,,,,,,ShowDailyK_ChartFlow,FinMind_API_TaiwanStockPrice_3443,True,2026-09-24T07:15:10,2026-09-24T07:15:10,2026-09-24T07:15:10
3443,創意,2024-01-11,1860.0,70.0,3.91%,,,,,,,,,ShowDailyK_ChartFlow,FinMind_API_TaiwanStockPrice_3443,True,2026-09-24T07:15:10,2026-09-24T07:15:10,2026-09-24T07:15:10
3443,創意,2024-01-12,1810.0,-50.0,-2.69%,,,,,,,,,ShowDailyK_ChartFlow,FinMind_API_TaiwanStockPrice_3443,True,2026-09-24T07:15:10,2026-09-24T07:15:10,2026-09-24T07:15:10
3443,創意,2024-01-15,1760.0,-50.0,-2.76%,,,,,,,,,ShowDailyK_ChartFlow,FinMind_API_TaiwanStockPrice_3443,True,2026-09-24T07:15:10,2026-09-24T07:15:10,2026-09-24T07:15:10
3443,創意,2024-01-16,1735.0,-25.0,-1.42%,,,,,,,,,ShowDailyK_ChartFlow,FinMind_API_TaiwanStockPrice_3443,True,2026-09-24T07:15:10,2026-09-24T07:15:10,2026-09-24T07:15:10
3443,創意,2024-01-17,1680.0,-55.0,-3.17%,,,,,,,,,ShowDailyK_ChartFlow,FinMind_API_TaiwanStockPrice_3443,True,2026-09-24T07:15:10,2026-09-24T07:15:10,2026-09-24T07:15:10
3443,創意,2024-01-18,1725.0,45.0,2.68%,,,,,,,,,ShowDailyK_ChartFlow,FinMind_API_TaiwanStockPrice_3443,True,2026-09-24T07:15:10,2026-09-24T07:15:10,2026-09-24T07:15:10
3443,創意,2024-01-19,1675.0,-50.0,-2.90%,,,,,,,,,ShowDailyK_ChartFlow,FinMind_API_TaiwanStockPrice_3443,True,2026-09-24T07:15:10,2026-09-24T07:15:10,2026-09-24T07:15:10
3443,創意,2024-01-22,1715.0,40.0,2.39%,,,,,,,,,ShowDailyK_ChartFlow,FinMind_API_TaiwanStockPrice_3443,True,2026-09-24T07:15:10,2026-09-24T07:15:10,2026-09-24T07:15:10
3443,創意,2024-01-23,1705.0,-10.0,-0.58%,,,,,,,,,ShowDailyK_ChartFlow,FinMind_API_TaiwanStockPrice_3443,True,2026-09-24T07:15:10,2026-09-24T07:15:10,2026-09-24T07:15:10
3443,創意,2024-01-24,1660.0,-45.0,-2.64%,,,,,,,,,ShowDailyK_ChartFlow,FinMind_API_TaiwanStockPrice_3443,True,2026-09-24T07:15:10,2026-09-24T07:15:10,2026-09-24T07:15:10
3443,創意,2024-01-25,1555.0,-105.0,-6.33%,,,,,,,,,ShowDailyK_ChartFlow,FinMind_API_TaiwanStockPrice_3443,True,2026-09-24T07:15:10,2026-09-24T07:15:10,2026-09-24T07:15:10
3443,創意,2024-01-26,1545.0,-10.0,-0.64%,,,,,,,,,ShowDailyK_ChartFlow,FinMind_API_TaiwanStockPrice_3443,True,2026-09-24T07:15:10,2026-09-24T07:15:10,2026-09-24T07:15:10
3443,創意,2024-01-29,1560.0,15.0,0.97%,,,,,,,,,ShowDailyK_ChartFlow,FinMind_API_TaiwanStockPrice_3443,True,2026-09-24T07:15:10,2026-09-24T07:15:10,2026-09-24T07:15:10
3443,創意,2024-01-30,1565.0,5.0,0.32%,,,,,,,,,ShowDailyK_ChartFlow,FinMind_API_TaiwanStockPrice_3443,True,2026-09-24T07:15:10,2026-09-24T07:15:10,2026-09-24T07:15:10
3443,創意,2024-01-31,1545.0,-20.0,-1.28%,,,,,,,,,ShowDailyK_ChartFlow,FinMind_API_TaiwanStockPrice_3443,True,2026-09-24T07:15:10,2026-09-24T07:15:10,2026-09-24T07:15:10
3443,創意,2024-02-01,1545.0,0.0,0.00%,,,,,,,,,ShowDailyK_ChartFlow,FinMind_API_TaiwanStockPrice_3443,True,2026-09-24T07:15:10,2026-09-24T07:15:10,2026-09-24T07:15:10
3443,創意,2024-02-02,1590.0,45.0,2.91%,,,,,,,,,ShowDailyK_ChartFlow,FinMind_API_TaiwanStockPrice_3443,True,2026-09-24T07:15:10,2026-09-24T07:15:10,2026-09-24T07:15:10
3443,創意,2024-02-05,1435.0,-155.0,-9.75%,,,,,,,,,ShowDailyK_ChartFlow,FinMind_API_TaiwanStockPrice_3443,True,2026-09-24T07:15:10,2026-09-24T07:15:10,2026-09-24T07:15:10
3443,創意,2024-02-15,1460.0,25.0,1.74%,,,,,,,,,ShowDailyK_ChartFlow,FinMind_API_TaiwanStockPrice_3443,True,2026-09-24T07:15:10,2026-09-24T07:15:10,2026-09-24T07:15:10
3443,創意,2024-02-16,1520.0,60.0,4.11%,,,,,,,,,ShowDailyK_ChartFlow,FinMind_API_TaiwanStockPrice_3443,True,2026-09-24T07:15:10,2026-09-24T07:15:10,2026-09-24T07:15:10
3443,創意,2024-02-19,1525.0,5.0,0.33%,,,,,,,,,ShowDailyK_ChartFlow,FinMind_API_TaiwanStockPrice_3443,True,2026-09-24T07:15:10,2026-09-24T07:15:10,2026-09-24T07:15:10
3443,創意,2024-02-20,1560.0,35.0,2.30%,,,,,,,,,ShowDailyK_ChartFlow,FinMind_API_TaiwanStockPrice_3443,True,2026-09-24T07:15:10,2026-09-24T07:15:10,2026-09-24T07:15:10
3443,創意,2024-02-21,1470.0,-90.0,-5.77%,,,,,,,,,ShowDailyK_ChartFlow,FinMind_API_TaiwanStockPrice_3443,True,2026-09-24T07:15:10,2026-09-24T07:15:10,2026-09-24T07:15:10
3443,創意,2024-02-22,1465.0,-5.0,-0.34%,,,,,,,,,ShowDailyK_ChartFlow,FinMind_API_TaiwanStockPrice_3443,True,2026-09-24T07:15:10,2026-09-24T07:15:10,2026-09-24T07:15:10
3443,創意,2024-02-23,1455.0,-10.0,-0.68%,,,,,,,,,ShowDailyK_ChartFlow,FinMind_API_TaiwanStockPrice_3443,True,2026-09-24T07:15:10,2026-09-24T07:15:10,2026-09-24T07:15:10
3443,創意,2024-02-26,1445.0,-10.0,-0.69%,,,,,,,,,ShowDailyK_ChartFlow,FinMind_API_TaiwanStockPrice_3443,True,2026-09-24T07:15:10,2026-09-24T07:15:10,2026-09-24T07:15:10
3443,創意,2024-02-27,1470.0,25.0,1.73%,,,,,,,,,ShowDailyK_ChartFlow,FinMind_API_TaiwanStockPrice_3443,True,2026-09-24T07:15:10,2026-09-24T07:15:10,2026-09-24T07:15:10
3443,創意,2024-02-29,1590.0,120.0,8.16%,,,,,,,,,ShowDailyK_ChartFlow,FinMind_API_TaiwanStockPrice_3443,True,2026-09-24T07:15:10,2026-09-24T07:15:10,2026-09-24T07:15:10
3443,創意,2024-03-01,1580.0,-10.0,-0.63%,,,,,,,,,ShowDailyK_ChartFlow,FinMind_API_TaiwanStockPrice_3443,True,2026-09-24T07:15:10,2026-09-24T07:15:10,2026-09-24T07:15:10
3443,創意,2024-03-04,1545.0,-35.0,-2.22%,,,,,,,,,ShowDailyK_ChartFlow,FinMind_API_TaiwanStockPrice_3443,True,2026-09-24T07:15:10,2026-09-24T07:15:10,2026-09-24T07:15:10
3443,創意,2024-03-05,1565.0,20.0,1.29%,,,,,,,,,ShowDailyK_ChartFlow,FinMind_API_TaiwanStockPrice_3443,True,2026-09-24T07:15:10,2026-09-24T07:15:10,2026-09-24T07:15:10
3443,創意,2024-03-06,1525.0,-40.0,-2.56%,,,,,,,,,ShowDailyK_ChartFlow,FinMind_API_TaiwanStockPrice_3443,True,2026-09-24T07:15:10,2026-09-24T07:15:10,2026-09-24T07:15:10
3443,創意,2024-03-07,1550.0,25.0,1.64%,,,,,,,,,ShowDailyK_ChartFlow,FinMind_API_TaiwanStockPrice_3443,True,2026-09-24T07:15:10,2026-09-24T07:15:10,2026-09-24T07:15:10
3443,創意,2024-03-08,1490.0,-60.0,-3.87%,,,,,,,,,ShowDailyK_ChartFlow,FinMind_API_TaiwanStockPrice_3443,True,2026-09-24T07:15:10,2026-09-24T07:15:10,2026-09-24T07:15:10
3443,創意,2024-03-11,1475.0,-15.0,-1.01%,,,,,,,,,ShowDailyK_ChartFlow,FinMind_API_TaiwanStockPrice_3443,True,2026-09-24T07:15:10,2026-09-24T07:15:10,2026-09-24T07:15:10
3443,創意,2024-03-12,1445.0,-30.0,-2.03%,,,,,,,,,ShowDailyK_ChartFlow,FinMind_API_TaiwanStockPrice_3443,True,2026-09-24T07:15:10,2026-09-24T07:15:10,2026-09-24T07:15:10
3443,創意,2024-03-13,1330.0,-115.0,-7.96%,,,,,,,,,ShowDailyK_ChartFlow,FinMind_API_TaiwanStockPrice_3443,True,2026-09-24T07:15:10,2026-09-24T07:15:10,2026-09-24T07:15:10
3443,創意,2024-03-14,1340.0,10.0,0.75%,,,,,,,,,ShowDailyK_ChartFlow,FinMind_API_TaiwanStockPrice_3443,True,2026-09-24T07:15:10,2026-09-24T07:15:10,2026-09-24T07:15:10
3443,創意,2024-03-15,1340.0,0.0,0.00%,,,,,,,,,ShowDailyK_ChartFlow,FinMind_API_TaiwanStockPrice_3443,True,2026-09-24T07:15:10,2026-09-24T07:15:10,2026-09-24T07:15:10
3443,創意,2024-03-18,1355.0,15.0,1.12%,,,,,,,,,ShowDailyK_ChartFlow,FinMind_API_TaiwanStockPrice_3443,True,2026-09-24T07:15:10,2026-09-24T07:15:10,2026-09-24T07:15:10
3443,創意,2024-03-19,1320.0,-35.0,-2.58%,,,,,,,,,ShowDailyK_ChartFlow,FinMind_API_TaiwanStockPrice_3443,True,2026-09-24T07:15:10,2026-09-24T07:15:10,2026-09-24T07:15:10
3443,創意,2024-03-20,1295.0,-25.0,-1.89%,,,,,,,,,ShowDailyK_ChartFlow,FinMind_API_TaiwanStockPrice_3443,True,2026-09-24T07:15:10,2026-09-24T07:15:10,2026-09-24T07:15:10
3443,創意,2024-03-21,1300.0,5.0,0.39%,,,,,,,,,ShowDailyK_ChartFlow,FinMind_API_TaiwanStockPrice_3443,True,2026-09-24T07:15:10,2026-09-24T07:15:10,2026-09-24T07:15:10
3443,創意,2024-03-22,1320.0,20.0,1.54%,,,,,,,,,ShowDailyK_ChartFlow,FinMind_API_TaiwanStockPrice_3443,True,2026-09-24T07:15:10,2026-09-24T07:15:10,2026-09-24T07:15:10
3443,創意,2024-03-25,1295.0,-25.0,-1.89%,,,,,,,,,ShowDailyK_ChartFlow,FinMind_API_TaiwanStockPrice_3443,True,2026-09-24T07:15:10,2026-09-24T07:15:10,2026-09-24T07:15:10
3443,創意,2024-03-26,1265.0,-30.0,-2.32%,,,,,,,,,ShowDailyK_ChartFlow,FinMind_API_TaiwanStockPrice_3443,True,2026-09-24T07:15:10,2026-09-24T07:15:10,2026-09-24T07:15:10
3443,創意,2024-03-27,1240.0,-25.0,-1.98%,,,,,,,,,ShowDailyK_ChartFlow,FinMind_API_TaiwanStockPrice_3443,True,2026-09-24T07:15:10,2026-09-24T07:15:10,2026-09-24T07:15:10
3443,創意,2024-03-28,1220.0,-20.0,-1.61%,,,,,,,,,ShowDailyK_ChartFlow,FinMind_API_TaiwanStockPrice_3443,True,2026-09-24T07:15:10,2026-09-24T07:15:10,2026-09-24T07:15:10
3443,創意,2024-03-29,1245.0,25.0,2.05%,,,,,,,,,ShowDailyK_ChartFlow,FinMind_API_TaiwanStockPrice_3443,True,2026-09-24T07:15:10,2026-09-24T07:15:10,2026-09-24T07:15:10
3443,創意,2024-04-01,1295.0,50.0,4.02%,,,,,,,,,ShowDailyK_ChartFlow,FinMind_API_TaiwanStockPrice_3443,True,2026-09-24T07:15:10,2026-09-24T07:15:10,2026-09-24T07:15:10
3443,創意,2024-04-02,1375.0,80.0,6.18%,,,,,,,,,ShowDailyK_ChartFlow,FinMind_API_TaiwanStockPrice_3443,True,2026-09-24T07:15:10,2026-09-24T07:15:10,2026-09-24T07:15:10
3443,創意,2024-04-03,1385.0,10.0,0.73%,,,,,,,,,ShowDailyK_ChartFlow,FinMind_API_TaiwanStockPrice_3443,True,2026-09-24T07:15:10,2026-09-24T07:15:10,2026-09-24T07:15:10
3443,創意,2024-04-08,1300.0,-85.0,-6.14%,,,,,,,,,ShowDailyK_ChartFlow,FinMind_API_TaiwanStockPrice_3443,True,2026-09-24T07:15:10,2026-09-24T07:15:10,2026-09-24T07:15:10
3443,創意,2024-04-09,1315.0,15.0,1.15%,,,,,,,,,ShowDailyK_ChartFlow,FinMind_API_TaiwanStockPrice_3443,True,2026-09-24T07:15:10,2026-09-24T07:15:10,2026-09-24T07:15:10
3443,創意,2024-04-10,1320.0,5.0,0.38%,,,,,,,,,ShowDailyK_ChartFlow,FinMind_API_TaiwanStockPrice_3443,True,2026-09-24T07:15:10,2026-09-24T07:15:10,2026-09-24T07:15:10
3443,創意,2024-04-11,1325.0,5.0,0.38%,,,,,,,,,ShowDailyK_ChartFlow,FinMind_API_TaiwanStockPrice_3443,True,2026-09-24T07:15:10,2026-09-24T07:15:10,2026-09-24T07:15:10
3443,創意,2024-04-12,1255.0,-70.0,-5.28%,,,,,,,,,ShowDailyK_ChartFlow,FinMind_API_TaiwanStockPrice_3443,True,2026-09-24T07:15:10,2026-09-24T07:15:10,2026-09-24T07:15:10
3443,創意,2024-04-15,1160.0,-95.0,-7.57%,,,,,,,,,ShowDailyK_ChartFlow,FinMind_API_TaiwanStockPrice_3443,True,2026-09-24T07:15:10,2026-09-24T07:15:10,2026-09-24T07:15:10
3443,創意,2024-04-16,1185.0,25.0,2.16%,,,,,,,,,ShowDailyK_ChartFlow,FinMind_API_TaiwanStockPrice_3443,True,2026-09-24T07:15:10,2026-09-24T07:15:10,2026-09-24T07:15:10
3443,創意,2024-04-17,1200.0,15.0,1.27%,,,,,,,,,ShowDailyK_ChartFlow,FinMind_API_TaiwanStockPrice_3443,True,2026-09-24T07:15:10,2026-09-24T07:15:10,2026-09-24T07:15:10
3443,創意,2024-04-18,1215.0,15.0,1.25%,,,,,,,,,ShowDailyK_ChartFlow,FinMind_API_TaiwanStockPrice_3443,True,2026-09-24T07:15:10,2026-09-24T07:15:10,2026-09-24T07:15:10
3443,創意,2024-04-19,1155.0,-60.0,-4.94%,,,,,,,,,ShowDailyK_ChartFlow,FinMind_API_TaiwanStockPrice_3443,True,2026-09-24T07:15:10,2026-09-24T07:15:10,2026-09-24T07:15:10
3443,創意,2024-04-22,1105.0,-50.0,-4.33%,,,,,,,,,ShowDailyK_ChartFlow,FinMind_API_TaiwanStockPrice_3443,True,2026-09-24T07:15:10,2026-09-24T07:15:10,2026-09-24T07:15:10
3443,創意,2024-04-23,1125.0,20.0,1.81%,,,,,,,,,ShowDailyK_ChartFlow,FinMind_API_TaiwanStockPrice_3443,True,2026-09-24T07:15:10,2026-09-24T07:15:10,2026-09-24T07:15:10
3443,創意,2024-04-24,1190.0,65.0,5.78%,,,,,,,,,ShowDailyK_ChartFlow,FinMind_API_TaiwanStockPrice_3443,True,2026-09-24T07:15:10,2026-09-24T07:15:10,2026-09-24T07:15:10
3443,創意,2024-04-25,1200.0,10.0,0.84%,,,,,,,,,ShowDailyK_ChartFlow,FinMind_API_TaiwanStockPrice_3443,True,2026-09-24T07:15:10,2026-09-24T07:15:10,2026-09-24T07:15:10
3443,創意,2024-04-26,1320.0,120.0,10.00%,,,,,,,,,ShowDailyK_ChartFlow,FinMind_API_TaiwanStockPrice_3443,True,2026-09-24T07:15:10,2026-09-24T07:15:10,2026-09-24T07:15:10
3443,創意,2024-04-29,1360.0,40.0,3.03%,,,,,,,,,ShowDailyK_ChartFlow,FinMind_API_TaiwanStockPrice_3443,True,2026-09-24T07:15:10,2026-09-24T07:15:10,2026-09-24T07:15:10
3443,創意,2024-04-30,1370.0,10.0,0.74%,,,,,,,,,ShowDailyK_ChartFlow,FinMind_API_TaiwanStockPrice_3443,True,2026-09-24T07:15:10,2026-09-24T07:15:10,2026-09-24T07:15:10
3443,創意,2024-05-02,1375.0,5.0,0.36%,,,,,,,,,ShowDailyK_ChartFlow,FinMind_API_TaiwanStockPrice_3443,True,2026-09-24T07:15:10,2026-09-24T07:15:10,2026-09-24T07:15:10
3443,創意,2024-05-03,1345.0,-30.0,-2.18%,,,,,,,,,ShowDailyK_ChartFlow,FinMind_API_TaiwanStockPrice_3443,True,2026-09-24T07:15:10,2026-09-24T07:15:10,2026-09-24T07:15:10
3443,創意,2024-05-06,1350.0,5.0,0.37%,,,,,,,,,ShowDailyK_ChartFlow,FinMind_API_TaiwanStockPrice_3443,True,2026-09-24T07:15:10,2026-09-24T07:15:10,2026-09-24T07:15:10
3443,創意,2024-05-07,1315.0,-35.0,-2.59%,,,,,,,,,ShowDailyK_ChartFlow,FinMind_API_TaiwanStockPrice_3443,True,2026-09-24T07:15:10,2026-09-24T07:15:10,2026-09-24T07:15:10
3443,創意,2024-05-08,1315.0,0.0,0.00%,,,,,,,,,ShowDailyK_ChartFlow,FinMind_API_TaiwanStockPrice_3443,True,2026-09-24T07:15:10,2026-09-24T07:15:10,2026-09-24T07:15:10
3443,創意,2024-05-09,1275.0,-40.0,-3.04%,,,,,,,,,ShowDailyK_ChartFlow,FinMind_API_TaiwanStockPrice_3443,True,2026-09-24T07:15:10,2026-09-24T07:15:10,2026-09-24T07:15:10
3443,創意,2024-05-10,1270.0,-5.0,-0.39%,,,,,,,,,ShowDailyK_ChartFlow,FinMind_API_TaiwanStockPrice_3443,True,2026-09-24T07:15:10,2026-09-24T07:15:10,2026-09-24T07:15:10
3443,創意,2024-05-13,1335.0,65.0,5.12%,,,,,,,,,ShowDailyK_ChartFlow,FinMind_API_TaiwanStockPrice_3443,True,2026-09-24T07:15:10,2026-09-24T07:15:10,2026-09-24T07:15:10
3443,創意,2024-05-14,1370.0,35.0,2.62%,,,,,,,,,ShowDailyK_ChartFlow,FinMind_API_TaiwanStockPrice_3443,True,2026-09-24T07:15:10,2026-09-24T07:15:10,2026-09-24T07:15:10
3443,創意,2024-05-15,1410.0,40.0,2.92%,,,,,,,,,ShowDailyK_ChartFlow,FinMind_API_TaiwanStockPrice_3443,True,2026-09-24T07:15:10,2026-09-24T07:15:10,2026-09-24T07:15:10
3443,創意,2024-05-16,1420.0,10.0,0.71%,,,,,,,,,ShowDailyK_ChartFlow,FinMind_API_TaiwanStockPrice_3443,True,2026-09-24T07:15:10,2026-09-24T07:15:10,2026-09-24T07:15:10
3443,創意,2024-05-17,1430.0,10.0,0.70%,,,,,,,,,ShowDailyK_ChartFlow,FinMind_API_TaiwanStockPrice_3443,True,2026-09-24T07:15:10,2026-09-24T07:15:10,2026-09-24T07:15:10
3443,創意,2024-05-20,1460.0,30.0,2.10%,,,,,,,,,ShowDailyK_ChartFlow,FinMind_API_TaiwanStockPrice_3443,True,2026-09-24T07:15:10,2026-09-24T07:15:10,2026-09-24T07:15:10
3443,創意,2024-05-21,1435.0,-25.0,-1.71%,,,,,,,,,ShowDailyK_ChartFlow,FinMind_API_TaiwanStockPrice_3443,True,2026-09-24T07:15:10,2026-09-24T07:15:10,2026-09-24T07:15:10
3443,創意,2024-05-22,1445.0,10.0,0.70%,,,,,,,,,ShowDailyK_ChartFlow,FinMind_API_TaiwanStockPrice_3443,True,2026-09-24T07:15:10,2026-09-24T07:15:10,2026-09-24T07:15:10
3443,創意,2024-05-23,1430.0,-15.0,-1.04%,,,,,,,,,ShowDailyK_ChartFlow,FinMind_API_TaiwanStockPrice_3443,True,2026-09-24T07:15:10,2026-09-24T07:15:10,2026-09-24T07:15:10
3443,創意,2024-05-24,1465.0,35.0,2.45%,,,,,,,,,ShowDailyK_ChartFlow,FinMind_API_TaiwanStockPrice_3443,True,2026-09-24T07:15:10,2026-09-24T07:15:10,2026-09-24T07:15:10
3443,創意,2024-05-27,1495.0,30.0,2.05%,,,,,,,,,ShowDailyK_ChartFlow,FinMind_API_TaiwanStockPrice_3443,True,2026-09-24T07:15:10,2026-09-24T07:15:10,2026-09-24T07:15:10
3443,創意,2024-05-28,1530.0,35.0,2.34%,,,,,,,,,ShowDailyK_ChartFlow,FinMind_API_TaiwanStockPrice_3443,True,2026-09-24T07:15:10,2026-09-24T07:15:10,2026-09-24T07:15:10
3443,創意,2024-05-29,1530.0,0.0,0.00%,,,,,,,,,ShowDailyK_ChartFlow,FinMind_API_TaiwanStockPrice_3443,True,2026-09-24T07:15:10,2026-09-24T07:15:10,2026-09-24T07:15:10
3443,創意,2024-05-30,1510.0,-20.0,-1.31%,,,,,,,,,ShowDailyK_ChartFlow,FinMind_API_TaiwanStockPrice_3443,True,2026-09-24T07:15:10,2026-09-24T07:15:10,2026-09-24T07:15:10
3443,創意,2024-05-31,1455.0,-55.0,-3.64%,,,,,,,,,ShowDailyK_ChartFlow,FinMind_API_TaiwanStockPrice_3443,True,2026-09-24T07:15:10,2026-09-24T07:15:10,2026-09-24T07:15:10
3443,創意,2024-06-03,1570.0,115.0,7.90%,,,,,,,,,ShowDailyK_ChartFlow,FinMind_API_TaiwanStockPrice_3443,True,2026-09-24T07:15:10,2026-09-24T07:15:10,2026-09-24T07:15:10
3443,創意,2024-06-04,1535.0,-35.0,-2.23%,,,,,,,,,ShowDailyK_ChartFlow,FinMind_API_TaiwanStockPrice_3443,True,2026-09-24T07:15:10,2026-09-24T07:15:10,2026-09-24T07:15:10
3443,創意,2024-06-05,1580.0,45.0,2.93%,,,,,,,,,ShowDailyK_ChartFlow,FinMind_API_TaiwanStockPrice_3443,True,2026-09-24T07:15:10,2026-09-24T07:15:10,2026-09-24T07:15:10
3443,創意,2024-06-06,1545.0,-35.0,-2.22%,,,,,,,,,ShowDailyK_ChartFlow,FinMind_API_TaiwanStockPrice_3443,True,2026-09-24T07:15:10,2026-09-24T07:15:10,2026-09-24T07:15:10
3443,創意,2024-06-07,1605.0,60.0,3.88%,,,,,,,,,ShowDailyK_ChartFlow,FinMind_API_TaiwanStockPrice_3443,True,2026-09-24T07:15:10,2026-09-24T07:15:10,2026-09-24T07:15:10
3443,創意,2024-06-11,1560.0,-45.0,-2.80%,,,,,,,,,ShowDailyK_ChartFlow,FinMind_API_TaiwanStockPrice_3443,True,2026-09-24T07:15:10,2026-09-24T07:15:10,2026-09-24T07:15:10
3443,創意,2024-06-12,1585.0,25.0,1.60%,,,,,,,,,ShowDailyK_ChartFlow,FinMind_API_TaiwanStockPrice_3443,True,2026-09-24T07:15:10,2026-09-24T07:15:10,2026-09-24T07:15:10
3443,創意,2024-06-13,1550.0,-35.0,-2.21%,,,,,,,,,ShowDailyK_ChartFlow,FinMind_API_TaiwanStockPrice_3443,True,2026-09-24T07:15:10,2026-09-24T07:15:10,2026-09-24T07:15:10
3443,創意,2024-06-14,1565.0,15.0,0.97%,,,,,,,,,ShowDailyK_ChartFlow,FinMind_API_TaiwanStockPrice_3443,True,2026-09-24T07:15:10,2026-09-24T07:15:10,2026-09-24T07:15:10
3443,創意,2024-06-17,1540.0,-25.0,-1.60%,,,,,,,,,ShowDailyK_ChartFlow,FinMind_API_TaiwanStockPrice_3443,True,2026-09-24T07:15:10,2026-09-24T07:15:10,2026-09-24T07:15:10
3443,創意,2024-06-18,1680.0,140.0,9.09%,,,,,,,,,ShowDailyK_ChartFlow,FinMind_API_TaiwanStockPrice_3443,True,2026-09-24T07:15:10,2026-09-24T07:15:10,2026-09-24T07:15:10
3443,創意,2024-06-19,1615.0,-65.0,-3.87%,,,,,,,,,ShowDailyK_ChartFlow,FinMind_API_TaiwanStockPrice_3443,True,2026-09-24T07:15:10,2026-09-24T07:15:10,2026-09-24T07:15:10
3443,創意,2024-06-20,1625.0,10.0,0.62%,,,,,,,,,ShowDailyK_ChartFlow,FinMind_API_TaiwanStockPrice_3443,True,2026-09-24T07:15:10,2026-09-24T07:15:10,2026-09-24T07:15:10
3443,創意,2024-06-21,1630.0,5.0,0.31%,,,,,,,,,ShowDailyK_ChartFlow,FinMind_API_TaiwanStockPrice_3443,True,2026-09-24T07:15:10,2026-09-24T07:15:10,2026-09-24T07:15:10
3443,創意,2024-06-24,1550.0,-80.0,-4.91%,,,,,,,,,ShowDailyK_ChartFlow,FinMind_API_TaiwanStockPrice_3443,True,2026-09-24T07:15:10,2026-09-24T07:15:10,2026-09-24T07:15:10
3443,創意,2024-06-25,1585.0,35.0,2.26%,,,,,,,,,ShowDailyK_ChartFlow,FinMind_API_TaiwanStockPrice_3443,True,2026-09-24T07:15:10,2026-09-24T07:15:10,2026-09-24T07:15:10
3443,創意,2024-06-26,1575.0,-10.0,-0.63%,,,,,,,,,ShowDailyK_ChartFlow,FinMind_API_TaiwanStockPrice_3443,True,2026-09-24T07:15:10,2026-09-24T07:15:10,2026-09-24T07:15:10
3443,創意,2024-06-27,1540.0,-35.0,-2.22%,,,,,,,,,ShowDailyK_ChartFlow,FinMind_API_TaiwanStockPrice_3443,True,2026-09-24T07:15:10,2026-09-24T07:15:10,2026-09-24T07:15:10
3443,創意,2024-06-28,1605.0,65.0,4.22%,,,,,,,,,ShowDailyK_ChartFlow,FinMind_API_TaiwanStockPrice_3443,True,2026-09-24T07:15:10,2026-09-24T07:15:10,2026-09-24T07:15:10
3443,創意,2024-07-01,1580.0,-25.0,-1.56%,,,,,,,,,ShowDailyK_ChartFlow,FinMind_API_TaiwanStockPrice_3443,True,2026-09-24T07:15:10,2026-09-24T07:15:10,2026-09-24T07:15:10
3443,創意,2024-07-02,1540.0,-40.0,-2.53%,,,,,,,,,ShowDailyK_ChartFlow,FinMind_API_TaiwanStockPrice_3443,True,2026-09-24T07:15:10,2026-09-24T07:15:10,2026-09-24T07:15:10
3443,創意,2024-07-03,1600.0,60.0,3.90%,,,,,,,,,ShowDailyK_ChartFlow,FinMind_API_TaiwanStockPrice_3443,True,2026-09-24T07:15:10,2026-09-24T07:15:10,2026-09-24T07:15:10
3443,創意,2024-07-04,1615.0,15.0,0.94%,,,,,,,,,ShowDailyK_ChartFlow,FinMind_API_TaiwanStockPrice_3443,True,2026-09-24T07:15:10,2026-09-24T07:15:10,2026-09-24T07:15:10
3443,創意,2024-07-05,1600.0,-15.0,-0.93%,,,,,,,,,ShowDailyK_ChartFlow,FinMind_API_TaiwanStockPrice_3443,True,2026-09-24T07:15:10,2026-09-24T07:15:10,2026-09-24T07:15:10
3443,創意,2024-07-08,1550.0,-50.0,-3.12%,,,,,,,,,ShowDailyK_ChartFlow,FinMind_API_TaiwanStockPrice_3443,True,2026-09-24T07:15:10,2026-09-24T07:15:10,2026-09-24T07:15:10
3443,創意,2024-07-09,1635.0,85.0,5.48%,,,,,,,,,ShowDailyK_ChartFlow,FinMind_API_TaiwanStockPrice_3443,True,2026-09-24T07:15:10,2026-09-24T07:15:10,2026-09-24T07:15:10
3443,創意,2024-07-10,1605.0,-30.0,-1.83%,,,,,,,,,ShowDailyK_ChartFlow,FinMind_API_TaiwanStockPrice_3443,True,2026-09-24T07:15:10,2026-09-24T07:15:10,2026-09-24T07:15:10
3443,創意,2024-07-11,1595.0,-10.0,-0.62%,,,,,,,,,ShowDailyK_ChartFlow,FinMind_API_TaiwanStockPrice_3443,True,2026-09-24T07:15:10,2026-09-24T07:15:10,2026-09-24T07:15:10
3443,創意,2024-07-12,1575.0,-20.0,-1.25%,,,,,,,,,ShowDailyK_ChartFlow,FinMind_API_TaiwanStockPrice_3443,True,2026-09-24T07:15:10,2026-09-24T07:15:10,2026-09-24T07:15:10
3443,創意,2024-07-15,1555.0,-20.0,-1.27%,,,,,,,,,ShowDailyK_ChartFlow,FinMind_API_TaiwanStockPrice_3443,True,2026-09-24T07:15:10,2026-09-24T07:15:10,2026-09-24T07:15:10
3443,創意,2024-07-16,1565.0,10.0,0.64%,,,,,,,,,ShowDailyK_ChartFlow,FinMind_API_TaiwanStockPrice_3443,True,2026-09-24T07:15:10,2026-09-24T07:15:10,2026-09-24T07:15:10
3443,創意,2024-07-17,1515.0,-50.0,-3.19%,,,,,,,,,ShowDailyK_ChartFlow,FinMind_API_TaiwanStockPrice_3443,True,2026-09-24T07:15:10,2026-09-24T07:15:10,2026-09-24T07:15:10
3443,創意,2024-07-18,1470.0,-45.0,-2.97%,,,,,,,,,ShowDailyK_ChartFlow,FinMind_API_TaiwanStockPrice_3443,True,2026-09-24T07:15:10,2026-09-24T07:15:10,2026-09-24T07:15:10
3443,創意,2024-07-19,1440.0,-30.0,-2.04%,,,,,,,,,ShowDailyK_ChartFlow,FinMind_API_TaiwanStockPrice_3443,True,2026-09-24T07:15:10,2026-09-24T07:15:10,2026-09-24T07:15:10
3443,創意,2024-07-22,1435.0,-5.0,-0.35%,,,,,,,,,ShowDailyK_ChartFlow,FinMind_API_TaiwanStockPrice_3443,True,2026-09-24T07:15:10,2026-09-24T07:15:10,2026-09-24T07:15:10
3443,創意,2024-07-23,1430.0,-5.0,-0.35%,,,,,,,,,ShowDailyK_ChartFlow,FinMind_API_TaiwanStockPrice_3443,True,2026-09-24T07:15:10,2026-09-24T07:15:10,2026-09-24T07:15:10
3443,創意,2024-07-26,1335.0,-95.0,-6.64%,,,,,,,,,ShowDailyK_ChartFlow,FinMind_API_TaiwanStockPrice_3443,True,2026-09-24T07:15:10,2026-09-24T07:15:10,2026-09-24T07:15:10
3443,創意,2024-07-29,1205.0,-130.0,-9.74%,,,,,,,,,ShowDailyK_ChartFlow,FinMind_API_TaiwanStockPrice_3443,True,2026-09-24T07:15:10,2026-09-24T07:15:10,2026-09-24T07:15:10
3443,創意,2024-07-30,1095.0,-110.0,-9.13%,,,,,,,,,ShowDailyK_ChartFlow,FinMind_API_TaiwanStockPrice_3443,True,2026-09-24T07:15:10,2026-09-24T07:15:10,2026-09-24T07:15:10
3443,創意,2024-07-31,1150.0,55.0,5.02%,,,,,,,,,ShowDailyK_ChartFlow,FinMind_API_TaiwanStockPrice_3443,True,2026-09-24T07:15:10,2026-09-24T07:15:10,2026-09-24T07:15:10
3443,創意,2024-08-01,1140.0,-10.0,-0.87%,,,,,,,,,ShowDailyK_ChartFlow,FinMind_API_TaiwanStockPrice_3443,True,2026-09-24T07:15:10,2026-09-24T07:15:10,2026-09-24T07:15:10
3443,創意,2024-08-02,1060.0,-80.0,-7.02%,,,,,,,,,ShowDailyK_ChartFlow,FinMind_API_TaiwanStockPrice_3443,True,2026-09-24T07:15:10,2026-09-24T07:15:10,2026-09-24T07:15:10
3443,創意,2024-08-05,954.0,-106.0,-10.00%,,,,,,,,,ShowDailyK_ChartFlow,FinMind_API_TaiwanStockPrice_3443,True,2026-09-24T07:15:10,2026-09-24T07:15:10,2026-09-24T07:15:10
3443,創意,2024-08-06,942.0,-12.0,-1.26%,,,,,,,,,ShowDailyK_ChartFlow,FinMind_API_TaiwanStockPrice_3443,True,2026-09-24T07:15:10,2026-09-24T07:15:10,2026-09-24T07:15:10
3443,創意,2024-08-07,1015.0,73.0,7.75%,,,,,,,,,ShowDailyK_ChartFlow,FinMind_API_TaiwanStockPrice_3443,True,2026-09-24T07:15:10,2026-09-24T07:15:10,2026-09-24T07:15:10
3443,創意,2024-08-08,998.0,-17.0,-1.67%,,,,,,,,,ShowDailyK_ChartFlow,FinMind_API_TaiwanStockPrice_3443,True,2026-09-24T07:15:10,2026-09-24T07:15:10,2026-09-24T07:15:10
3443,創意,2024-08-09,1035.0,37.0,3.71%,,,,,,,,,ShowDailyK_ChartFlow,FinMind_API_TaiwanStockPrice_3443,True,2026-09-24T07:15:10,2026-09-24T07:15:10,2026-09-24T07:15:10
3443,創意,2024-08-12,1060.0,25.0,2.42%,,,,,,,,,ShowDailyK_ChartFlow,FinMind_API_TaiwanStockPrice_3443,True,2026-09-24T07:15:10,2026-09-24T07:15:10,2026-09-24T07:15:10
3443,創意,2024-08-13,1050.0,-10.0,-0.94%,,,,,,,,,ShowDailyK_ChartFlow,FinMind_API_TaiwanStockPrice_3443,True,2026-09-24T07:15:10,2026-09-24T07:15:10,2026-09-24T07:15:10
3443,創意,2024-08-14,1085.0,35.0,3.33%,,,,,,,,,ShowDailyK_ChartFlow,FinMind_API_TaiwanStockPrice_3443,True,2026-09-24T07:15:10,2026-09-24T07:15:10,2026-09-24T07:15:10
3443,創意,2024-08-15,1115.0,30.0,2.76%,,,,,,,,,ShowDailyK_ChartFlow,FinMind_API_TaiwanStockPrice_3443,True,2026-09-24T07:15:10,2026-09-24T07:15:10,2026-09-24T07:15:10
3443,創意,2024-08-16,1155.0,40.0,3.59%,,,,,,,,,ShowDailyK_ChartFlow,FinMind_API_TaiwanStockPrice_3443,True,2026-09-24T07:15:10,2026-09-24T07:15:10,2026-09-24T07:15:10
3443,創意,2024-08-19,1180.0,25.0,2.16%,,,,,,,,,ShowDailyK_ChartFlow,FinMind_API_TaiwanStockPrice_3443,True,2026-09-24T07:15:10,2026-09-24T07:15:10,2026-09-24T07:15:10
3443,創意,2024-08-20,1180.0,0.0,0.00%,,,,,,,,,ShowDailyK_ChartFlow,FinMind_API_TaiwanStockPrice_3443,True,2026-09-24T07:15:10,2026-09-24T07:15:10,2026-09-24T07:15:10
3443,創意,2024-08-21,1165.0,-15.0,-1.27%,,,,,,,,,ShowDailyK_ChartFlow,FinMind_API_TaiwanStockPrice_3443,True,2026-09-24T07:15:10,2026-09-24T07:15:10,2026-09-24T07:15:10
3443,創意,2024-08-22,1175.0,10.0,0.86%,,,,,,,,,ShowDailyK_ChartFlow,FinMind_API_TaiwanStockPrice_3443,True,2026-09-24T07:15:10,2026-09-24T07:15:10,2026-09-24T07:15:10
3443,創意,2024-08-23,1150.0,-25.0,-2.13%,,,,,,,,,ShowDailyK_ChartFlow,FinMind_API_TaiwanStockPrice_3443,True,2026-09-24T07:15:10,2026-09-24T07:15:10,2026-09-24T07:15:10
3443,創意,2024-08-26,1130.0,-20.0,-1.74%,,,,,,,,,ShowDailyK_ChartFlow,FinMind_API_TaiwanStockPrice_3443,True,2026-09-24T07:15:10,2026-09-24T07:15:10,2026-09-24T07:15:10
3443,創意,2024-08-27,1135.0,5.0,0.44%,,,,,,,,,ShowDailyK_ChartFlow,FinMind_API_TaiwanStockPrice_3443,True,2026-09-24T07:15:10,2026-09-24T07:15:10,2026-09-24T07:15:10
3443,創意,2024-08-28,1120.0,-15.0,-1.32%,,,,,,,,,ShowDailyK_ChartFlow,FinMind_API_TaiwanStockPrice_3443,True,2026-09-24T07:15:10,2026-09-24T07:15:10,2026-09-24T07:15:10
3443,創意,2024-08-29,1105.0,-15.0,-1.34%,,,,,,,,,ShowDailyK_ChartFlow,FinMind_API_TaiwanStockPrice_3443,True,2026-09-24T07:15:10,2026-09-24T07:15:10,2026-09-24T07:15:10
3443,創意,2024-08-30,1115.0,10.0,0.90%,,,,,,,,,ShowDailyK_ChartFlow,FinMind_API_TaiwanStockPrice_3443,True,2026-09-24T07:15:10,2026-09-24T07:15:10,2026-09-24T07:15:10
3443,創意,2024-09-02,1095.0,-20.0,-1.79%,,,,,,,,,ShowDailyK_ChartFlow,FinMind_API_TaiwanStockPrice_3443,True,2026-09-24T07:15:10,2026-09-24T07:15:10,2026-09-24T07:15:10
3443,創意,2024-09-03,1070.0,-25.0,-2.28%,,,,,,,,,ShowDailyK_ChartFlow,FinMind_API_TaiwanStockPrice_3443,True,2026-09-24T07:15:10,2026-09-24T07:15:10,2026-09-24T07:15:10
3443,創意,2024-09-04,987.0,-83.0,-7.76%,,,,,,,,,ShowDailyK_ChartFlow,FinMind_API_TaiwanStockPrice_3443,True,2026-09-24T07:15:10,2026-09-24T07:15:10,2026-09-24T07:15:10
3443,創意,2024-09-05,985.0,-2.0,-0.20%,,,,,,,,,ShowDailyK_ChartFlow,FinMind_API_TaiwanStockPrice_3443,True,2026-09-24T07:15:10,2026-09-24T07:15:10,2026-09-24T07:15:10
3443,創意,2024-09-06,1020.0,35.0,3.55%,,,,,,,,,ShowDailyK_ChartFlow,FinMind_API_TaiwanStockPrice_3443,True,2026-09-24T07:15:10,2026-09-24T07:15:10,2026-09-24T07:15:10
3443,創意,2024-09-09,1020.0,0.0,0.00%,,,,,,,,,ShowDailyK_ChartFlow,FinMind_API_TaiwanStockPrice_3443,True,2026-09-24T07:15:10,2026-09-24T07:15:10,2026-09-24T07:15:10
3443,創意,2024-09-10,999.0,-21.0,-2.06%,,,,,,,,,ShowDailyK_ChartFlow,FinMind_API_TaiwanStockPrice_3443,True,2026-09-24T07:15:10,2026-09-24T07:15:10,2026-09-24T07:15:10
3443,創意,2024-09-11,1015.0,16.0,1.60%,,,,,,,,,ShowDailyK_ChartFlow,FinMind_API_TaiwanStockPrice_3443,True,2026-09-24T07:15:10,2026-09-24T07:15:10,2026-09-24T07:15:10
3443,創意,2024-09-12,1060.0,45.0,4.43%,,,,,,,,,ShowDailyK_ChartFlow,FinMind_API_TaiwanStockPrice_3443,True,2026-09-24T07:15:10,2026-09-24T07:15:10,2026-09-24T07:15:10
3443,創意,2024-09-13,1040.0,-20.0,-1.89%,,,,,,,,,ShowDailyK_ChartFlow,FinMind_API_TaiwanStockPrice_3443,True,2026-09-24T07:15:10,2026-09-24T07:15:10,2026-09-24T07:15:10
3443,創意,2024-09-16,1045.0,5.0,0.48%,,,,,,,,,ShowDailyK_ChartFlow,FinMind_API_TaiwanStockPrice_3443,True,2026-09-24T07:15:10,2026-09-24T07:15:10,2026-09-24T07:15:10
3443,創意,2024-09-18,998.0,-47.0,-4.50%,,,,,,,,,ShowDailyK_ChartFlow,FinMind_API_TaiwanStockPrice_3443,True,2026-09-24T07:15:10,2026-09-24T07:15:10,2026-09-24T07:15:10
3443,創意,2024-09-19,1020.0,22.0,2.20%,,,,,,,,,ShowDailyK_ChartFlow,FinMind_API_TaiwanStockPrice_3443,True,2026-09-24T07:15:10,2026-09-24T07:15:10,2026-09-24T07:15:10
3443,創意,2024-09-20,1040.0,20.0,1.96%,,,,,,,,,ShowDailyK_ChartFlow,FinMind_API_TaiwanStockPrice_3443,True,2026-09-24T07:15:10,2026-09-24T07:15:10,2026-09-24T07:15:10
3443,創意,2024-09-23,1045.0,5.0,0.48%,,,,,,,,,ShowDailyK_ChartFlow,FinMind_API_TaiwanStockPrice_3443,True,2026-09-24T07:15:10,2026-09-24T07:15:10,2026-09-24T07:15:10
3443,創意,2024-09-24,1065.0,20.0,1.91%,,,,,,,,,ShowDailyK_ChartFlow,FinMind_API_TaiwanStockPrice_3443,True,2026-09-24T07:15:10,2026-09-24T07:15:10,2026-09-24T07:15:10
3443,創意,2024-09-25,1170.0,105.0,9.86%,,,,,,,,,ShowDailyK_ChartFlow,FinMind_API_TaiwanStockPrice_3443,True,2026-09-24T07:15:10,2026-09-24T07:15:10,2026-09-24T07:15:10
3443,創意,2024-09-26,1125.0,-45.0,-3.85%,,,,,,,,,ShowDailyK_ChartFlow,FinMind_API_TaiwanStockPrice_3443,True,2026-09-24T07:15:10,2026-09-24T07:15:10,2026-09-24T07:15:10
3443,創意,2024-09-27,1120.0,-5.0,-0.44%,,,,,,,,,ShowDailyK_ChartFlow,FinMind_API_TaiwanStockPrice_3443,True,2026-09-24T07:15:10,2026-09-24T07:15:10,2026-09-24T07:15:10
3443,創意,2024-09-30,1100.0,-20.0,-1.79%,,,,,,,,,ShowDailyK_ChartFlow,FinMind_API_TaiwanStockPrice_3443,True,2026-09-24T07:15:10,2026-09-24T07:15:10,2026-09-24T07:15:10
3443,創意,2024-10-01,1060.0,-40.0,-3.64%,,,,,,,,,ShowDailyK_ChartFlow,FinMind_API_TaiwanStockPrice_3443,True,2026-09-24T07:15:10,2026-09-24T07:15:10,2026-09-24T07:15:10
3443,創意,2024-10-04,1040.0,-20.0,-1.89%,,,,,,,,,ShowDailyK_ChartFlow,FinMind_API_TaiwanStockPrice_3443,True,2026-09-24T07:15:10,2026-09-24T07:15:10,2026-09-24T07:15:10
3443,創意,2024-10-07,1110.0,70.0,6.73%,,,,,,,,,ShowDailyK_ChartFlow,FinMind_API_TaiwanStockPrice_3443,True,2026-09-24T07:15:10,2026-09-24T07:15:10,2026-09-24T07:15:10
3443,創意,2024-10-08,1170.0,60.0,5.41%,,,,,,,,,ShowDailyK_ChartFlow,FinMind_API_TaiwanStockPrice_3443,True,2026-09-24T07:15:10,2026-09-24T07:15:10,2026-09-24T07:15:10
3443,創意,2024-10-09,1180.0,10.0,0.85%,,,,,,,,,ShowDailyK_ChartFlow,FinMind_API_TaiwanStockPrice_3443,True,2026-09-24T07:15:10,2026-09-24T07:15:10,2026-09-24T07:15:10
3443,創意,2024-10-11,1195.0,15.0,1.27%,,,,,,,,,ShowDailyK_ChartFlow,FinMind_API_TaiwanStockPrice_3443,True,2026-09-24T07:15:10,2026-09-24T07:15:10,2026-09-24T07:15:10
3443,創意,2024-10-14,1215.0,20.0,1.67%,,,,,,,,,ShowDailyK_ChartFlow,FinMind_API_TaiwanStockPrice_3443,True,2026-09-24T07:15:10,2026-09-24T07:15:10,2026-09-24T07:15:10
3443,創意,2024-10-15,1215.0,0.0,0.00%,,,,,,,,,ShowDailyK_ChartFlow,FinMind_API_TaiwanStockPrice_3443,True,2026-09-24T07:15:10,2026-09-24T07:15:10,2026-09-24T07:15:10
3443,創意,2024-10-16,1210.0,-5.0,-0.41%,,,,,,,,,ShowDailyK_ChartFlow,FinMind_API_TaiwanStockPrice_3443,True,2026-09-24T07:15:10,2026-09-24T07:15:10,2026-09-24T07:15:10
3443,創意,2024-10-17,1215.0,5.0,0.41%,,,,,,,,,ShowDailyK_ChartFlow,FinMind_API_TaiwanStockPrice_3443,True,2026-09-24T07:15:10,2026-09-24T07:15:10,2026-09-24T07:15:10
3443,創意,2024-10-18,1200.0,-15.0,-1.23%,,,,,,,,,ShowDailyK_ChartFlow,FinMind_API_TaiwanStockPrice_3443,True,2026-09-24T07:15:10,2026-09-24T07:15:10,2026-09-24T07:15:10
3443,創意,2024-10-21,1265.0,65.0,5.42%,,,,,,,,,ShowDailyK_ChartFlow,FinMind_API_TaiwanStockPrice_3443,True,2026-09-24T07:15:10,2026-09-24T07:15:10,2026-09-24T07:15:10
3443,創意,2024-10-22,1280.0,15.0,1.19%,,,,,,,,,ShowDailyK_ChartFlow,FinMind_API_TaiwanStockPrice_3443,True,2026-09-24T07:15:10,2026-09-24T07:15:10,2026-09-24T07:15:10
3443,創意,2024-10-23,1315.0,35.0,2.73%,,,,,,,,,ShowDailyK_ChartFlow,FinMind_API_TaiwanStockPrice_3443,True,2026-09-24T07:15:10,2026-09-24T07:15:10,2026-09-24T07:15:10
3443,創意,2024-10-24,1280.0,-35.0,-2.66%,,,,,,,,,ShowDailyK_ChartFlow,FinMind_API_TaiwanStockPrice_3443,True,2026-09-24T07:15:10,2026-09-24T07:15:10,2026-09-24T07:15:10
3443,創意,2024-10-25,1285.0,5.0,0.39%,,,,,,,,,ShowDailyK_ChartFlow,FinMind_API_TaiwanStockPrice_3443,True,2026-09-24T07:15:10,2026-09-24T07:15:10,2026-09-24T07:15:10
3443,創意,2024-10-28,1260.0,-25.0,-1.95%,,,,,,,,,ShowDailyK_ChartFlow,FinMind_API_TaiwanStockPrice_3443,True,2026-09-24T07:15:10,2026-09-24T07:15:10,2026-09-24T07:15:10
3443,創意,2024-10-29,1235.0,-25.0,-1.98%,,,,,,,,,ShowDailyK_ChartFlow,FinMind_API_TaiwanStockPrice_3443,True,2026-09-24T07:15:10,2026-09-24T07:15:10,2026-09-24T07:15:10
3443,創意,2024-10-30,1235.0,0.0,0.00%,,,,,,,,,ShowDailyK_ChartFlow,FinMind_API_TaiwanStockPrice_3443,True,2026-09-24T07:15:10,2026-09-24T07:15:10,2026-09-24T07:15:10
3443,創意,2024-11-01,1180.0,-55.0,-4.45%,,,,,,,,,ShowDailyK_ChartFlow,FinMind_API_TaiwanStockPrice_3443,True,2026-09-24T07:15:10,2026-09-24T07:15:10,2026-09-24T07:15:10
3443,創意,2024-11-04,1235.0,55.0,4.66%,,,,,,,,,ShowDailyK_ChartFlow,FinMind_API_TaiwanStockPrice_3443,True,2026-09-24T07:15:10,2026-09-24T07:15:10,2026-09-24T07:15:10
3443,創意,2024-11-05,1215.0,-20.0,-1.62%,,,,,,,,,ShowDailyK_ChartFlow,FinMind_API_TaiwanStockPrice_3443,True,2026-09-24T07:15:10,2026-09-24T07:15:10,2026-09-24T07:15:10
3443,創意,2024-11-06,1255.0,40.0,3.29%,,,,,,,,,ShowDailyK_ChartFlow,FinMind_API_TaiwanStockPrice_3443,True,2026-09-24T07:15:10,2026-09-24T07:15:10,2026-09-24T07:15:10
3443,創意,2024-11-07,1285.0,30.0,2.39%,,,,,,,,,ShowDailyK_ChartFlow,FinMind_API_TaiwanStockPrice_3443,True,2026-09-24T07:15:10,2026-09-24T07:15:10,2026-09-24T07:15:10
3443,創意,2024-11-08,1280.0,-5.0,-0.39%,,,,,,,,,ShowDailyK_ChartFlow,FinMind_API_TaiwanStockPrice_3443,True,2026-09-24T07:15:10,2026-09-24T07:15:10,2026-09-24T07:15:10
3443,創意,2024-11-11,1265.0,-15.0,-1.17%,,,,,,,,,ShowDailyK_ChartFlow,FinMind_API_TaiwanStockPrice_3443,True,2026-09-24T07:15:10,2026-09-24T07:15:10,2026-09-24T07:15:10
3443,創意,2024-11-12,1245.0,-20.0,-1.58%,,,,,,,,,ShowDailyK_ChartFlow,FinMind_API_TaiwanStockPrice_3443,True,2026-09-24T07:15:10,2026-09-24T07:15:10,2026-09-24T07:15:10
3443,創意,2024-11-13,1195.0,-50.0,-4.02%,,,,,,,,,ShowDailyK_ChartFlow,FinMind_API_TaiwanStockPrice_3443,True,2026-09-24T07:15:10,2026-09-24T07:15:10,2026-09-24T07:15:10
3443,創意,2024-11-14,1230.0,35.0,2.93%,,,,,,,,,ShowDailyK_ChartFlow,FinMind_API_TaiwanStockPrice_3443,True,2026-09-24T07:15:10,2026-09-24T07:15:10,2026-09-24T07:15:10
3443,創意,2024-11-15,1220.0,-10.0,-0.81%,,,,,,,,,ShowDailyK_ChartFlow,FinMind_API_TaiwanStockPrice_3443,True,2026-09-24T07:15:10,2026-09-24T07:15:10,2026-09-24T07:15:10
3443,創意,2024-11-18,1180.0,-40.0,-3.28%,,,,,,,,,ShowDailyK_ChartFlow,FinMind_API_TaiwanStockPrice_3443,True,2026-09-24T07:15:10,2026-09-24T07:15:10,2026-09-24T07:15:10
3443,創意,2024-11-19,1245.0,65.0,5.51%,,,,,,,,,ShowDailyK_ChartFlow,FinMind_API_TaiwanStockPrice_3443,True,2026-09-24T07:15:10,2026-09-24T07:15:10,2026-09-24T07:15:10
3443,創意,2024-11-20,1215.0,-30.0,-2.41%,,,,,,,,,ShowDailyK_ChartFlow,FinMind_API_TaiwanStockPrice_3443,True,2026-09-24T07:15:10,2026-09-24T07:15:10,2026-09-24T07:15:10
3443,創意,2024-11-21,1265.0,50.0,4.12%,,,,,,,,,ShowDailyK_ChartFlow,FinMind_API_TaiwanStockPrice_3443,True,2026-09-24T07:15:10,2026-09-24T07:15:10,2026-09-24T07:15:10
3443,創意,2024-11-22,1245.0,-20.0,-1.58%,,,,,,,,,ShowDailyK_ChartFlow,FinMind_API_TaiwanStockPrice_3443,True,2026-09-24T07:15:10,2026-09-24T07:15:10,2026-09-24T07:15:10
3443,創意,2024-11-25,1275.0,30.0,2.41%,,,,,,,,,ShowDailyK_ChartFlow,FinMind_API_TaiwanStockPrice_3443,True,2026-09-24T07:15:10,2026-09-24T07:15:10,2026-09-24T07:15:10
3443,創意,2024-11-26,1220.0,-55.0,-4.31%,,,,,,,,,ShowDailyK_ChartFlow,FinMind_API_TaiwanStockPrice_3443,True,2026-09-24T07:15:10,2026-09-24T07:15:10,2026-09-24T07:15:10
3443,創意,2024-11-27,1180.0,-40.0,-3.28%,,,,,,,,,ShowDailyK_ChartFlow,FinMind_API_TaiwanStockPrice_3443,True,2026-09-24T07:15:10,2026-09-24T07:15:10,2026-09-24T07:15:10
3443,創意,2024-11-28,1150.0,-30.0,-2.54%,,,,,,,,,ShowDailyK_ChartFlow,FinMind_API_TaiwanStockPrice_3443,True,2026-09-24T07:15:10,2026-09-24T07:15:10,2026-09-24T07:15:10
3443,創意,2024-11-29,1190.0,40.0,3.48%,,,,,,,,,ShowDailyK_ChartFlow,FinMind_API_TaiwanStockPrice_3443,True,2026-09-24T07:15:10,2026-09-24T07:15:10,2026-09-24T07:15:10
3443,創意,2024-12-02,1175.0,-15.0,-1.26%,,,,,,,,,ShowDailyK_ChartFlow,FinMind_API_TaiwanStockPrice_3443,True,2026-09-24T07:15:10,2026-09-24T07:15:10,2026-09-24T07:15:10
3443,創意,2024-12-03,1190.0,15.0,1.28%,,,,,,,,,ShowDailyK_ChartFlow,FinMind_API_TaiwanStockPrice_3443,True,2026-09-24T07:15:10,2026-09-24T07:15:10,2026-09-24T07:15:10
3443,創意,2024-12-04,1215.0,25.0,2.10%,,,,,,,,,ShowDailyK_ChartFlow,FinMind_API_TaiwanStockPrice_3443,True,2026-09-24T07:15:10,2026-09-24T07:15:10,2026-09-24T07:15:10
3443,創意,2024-12-05,1225.0,10.0,0.82%,,,,,,,,,ShowDailyK_ChartFlow,FinMind_API_TaiwanStockPrice_3443,True,2026-09-24T07:15:10,2026-09-24T07:15:10,2026-09-24T07:15:10
3443,創意,2024-12-06,1220.0,-5.0,-0.41%,,,,,,,,,ShowDailyK_ChartFlow,FinMind_API_TaiwanStockPrice_3443,True,2026-09-24T07:15:10,2026-09-24T07:15:10,2026-09-24T07:15:10
3443,創意,2024-12-09,1225.0,5.0,0.41%,,,,,,,,,ShowDailyK_ChartFlow,FinMind_API_TaiwanStockPrice_3443,True,2026-09-24T07:15:10,2026-09-24T07:15:10,2026-09-24T07:15:10
3443,創意,2024-12-10,1270.0,45.0,3.67%,,,,,,,,,ShowDailyK_ChartFlow,FinMind_API_TaiwanStockPrice_3443,True,2026-09-24T07:15:10,2026-09-24T07:15:10,2026-09-24T07:15:10
3443,創意,2024-12-11,1250.0,-20.0,-1.57%,,,,,,,,,ShowDailyK_ChartFlow,FinMind_API_TaiwanStockPrice_3443,True,2026-09-24T07:15:10,2026-09-24T07:15:10,2026-09-24T07:15:10
3443,創意,2024-12-12,1325.0,75.0,6.00%,,,,,,,,,ShowDailyK_ChartFlow,FinMind_API_TaiwanStockPrice_3443,True,2026-09-24T07:15:10,2026-09-24T07:15:10,2026-09-24T07:15:10
3443,創意,2024-12-13,1325.0,0.0,0.00%,,,,,,,,,ShowDailyK_ChartFlow,FinMind_API_TaiwanStockPrice_3443,True,2026-09-24T07:15:10,2026-09-24T07:15:10,2026-09-24T07:15:10
3443,創意,2024-12-16,1365.0,40.0,3.02%,,,,,,,,,ShowDailyK_ChartFlow,FinMind_API_TaiwanStockPrice_3443,True,2026-09-24T07:15:10,2026-09-24T07:15:10,2026-09-24T07:15:10
3443,創意,2024-12-17,1485.0,120.0,8.79%,,,,,,,,,ShowDailyK_ChartFlow,FinMind_API_TaiwanStockPrice_3443,True,2026-09-24T07:15:10,2026-09-24T07:15:10,2026-09-24T07:15:10
3443,創意,2024-12-18,1430.0,-55.0,-3.70%,,,,,,,,,ShowDailyK_ChartFlow,FinMind_API_TaiwanStockPrice_3443,True,2026-09-24T07:15:10,2026-09-24T07:15:10,2026-09-24T07:15:10
3443,創意,2024-12-19,1390.0,-40.0,-2.80%,,,,,,,,,ShowDailyK_ChartFlow,FinMind_API_TaiwanStockPrice_3443,True,2026-09-24T07:15:10,2026-09-24T07:15:10,2026-09-24T07:15:10
3443,創意,2024-12-20,1350.0,-40.0,-2.88%,,,,,,,,,ShowDailyK_ChartFlow,FinMind_API_TaiwanStockPrice_3443,True,2026-09-24T07:15:10,2026-09-24T07:15:10,2026-09-24T07:15:10
3443,創意,2024-12-23,1355.0,5.0,0.37%,,,,,,,,,ShowDailyK_ChartFlow,FinMind_API_TaiwanStockPrice_3443,True,2026-09-24T07:15:10,2026-09-24T07:15:10,2026-09-24T07:15:10
3443,創意,2024-12-24,1320.0,-35.0,-2.58%,,,,,,,,,ShowDailyK_ChartFlow,FinMind_API_TaiwanStockPrice_3443,True,2026-09-24T07:15:10,2026-09-24T07:15:10,2026-09-24T07:15:10
3443,創意,2024-12-25,1320.0,0.0,0.00%,,,,,,,,,ShowDailyK_ChartFlow,FinMind_API_TaiwanStockPrice_3443,True,2026-09-24T07:15:10,2026-09-24T07:15:10,2026-09-24T07:15:10
3443,創意,2024-12-26,1345.0,25.0,1.89%,,,,,,,,,ShowDailyK_ChartFlow,FinMind_API_TaiwanStockPrice_3443,True,2026-09-24T07:15:10,2026-09-24T07:15:10,2026-09-24T07:15:10
3443,創意,2024-12-27,1380.0,35.0,2.60%,,,,,,,,,ShowDailyK_ChartFlow,FinMind_API_TaiwanStockPrice_3443,True,2026-09-24T07:15:10,2026-09-24T07:15:10,2026-09-24T07:15:10
3443,創意,2024-12-30,1325.0,-55.0,-3.99%,,,,,,,,,ShowDailyK_ChartFlow,FinMind_API_TaiwanStockPrice_3443,True,2026-09-24T07:15:10,2026-09-24T07:15:10,2026-09-24T07:15:10
3443,創意,2024-12-31,1360.0,35.0,2.64%,,,,,,,,,ShowDailyK_ChartFlow,FinMind_API_TaiwanStockPrice_3443,True,2026-09-24T07:15:10,2026-09-24T07:15:10,2026-09-24T07:15:10
3443,創意,2025-01-02,1285.0,-75.0,-5.51%,,,,,,,,,ShowDailyK_ChartFlow,FinMind_API_TaiwanStockPrice_3443,True,2026-09-24T07:15:10,2026-09-24T07:15:10,2026-09-24T07:15:10
3443,創意,2025-01-03,1270.0,-15.0,-1.17%,,,,,,,,,ShowDailyK_ChartFlow,FinMind_API_TaiwanStockPrice_3443,True,2026-09-24T07:15:10,2026-09-24T07:15:10,2026-09-24T07:15:10
3443,創意,2025-01-06,1340.0,70.0,5.51%,,,,,,,,,ShowDailyK_ChartFlow,FinMind_API_TaiwanStockPrice_3443,True,2026-09-24T07:15:10,2026-09-24T07:15:10,2026-09-24T07:15:10
3443,創意,2025-01-07,1340.0,0.0,0.00%,,,,,,,,,ShowDailyK_ChartFlow,FinMind_API_TaiwanStockPrice_3443,True,2026-09-24T07:15:10,2026-09-24T07:15:10,2026-09-24T07:15:10
3443,創意,2025-01-08,1290.0,-50.0,-3.73%,,,,,,,,,ShowDailyK_ChartFlow,FinMind_API_TaiwanStockPrice_3443,True,2026-09-24T07:15:10,2026-09-24T07:15:10,2026-09-24T07:15:10
3443,創意,2025-01-09,1295.0,5.0,0.39%,,,,,,,,,ShowDailyK_ChartFlow,FinMind_API_TaiwanStockPrice_3443,True,2026-09-24T07:15:10,2026-09-24T07:15:10,2026-09-24T07:15:10
3443,創意,2025-01-10,1270.0,-25.0,-1.93%,,,,,,,,,ShowDailyK_ChartFlow,FinMind_API_TaiwanStockPrice_3443,True,2026-09-24T07:15:10,2026-09-24T07:15:10,2026-09-24T07:15:10
3443,創意,2025-01-13,1180.0,-90.0,-7.09%,,,,,,,,,ShowDailyK_ChartFlow,FinMind_API_TaiwanStockPrice_3443,True,2026-09-24T07:15:10,2026-09-24T07:15:10,2026-09-24T07:15:10
3443,創意,2025-01-14,1205.0,25.0,2.12%,,,,,,,,,ShowDailyK_ChartFlow,FinMind_API_TaiwanStockPrice_3443,True,2026-09-24T07:15:10,2026-09-24T07:15:10,2026-09-24T07:15:10
3443,創意,2025-01-15,1195.0,-10.0,-0.83%,,,,,,,,,ShowDailyK_ChartFlow,FinMind_API_TaiwanStockPrice_3443,True,2026-09-24T07:15:10,2026-09-24T07:15:10,2026-09-24T07:15:10
3443,創意,2025-01-16,1255.0,60.0,5.02%,,,,,,,,,ShowDailyK_ChartFlow,FinMind_API_TaiwanStockPrice_3443,True,2026-09-24T07:15:10,2026-09-24T07:15:10,2026-09-24T07:15:10
3443,創意,2025-01-17,1225.0,-30.0,-2.39%,,,,,,,,,ShowDailyK_ChartFlow,FinMind_API_TaiwanStockPrice_3443,True,2026-09-24T07:15:10,2026-09-24T07:15:10,2026-09-24T07:15:10
3443,創意,2025-01-20,1325.0,100.0,8.16%,,,,,,,,,ShowDailyK_ChartFlow,FinMind_API_TaiwanStockPrice_3443,True,2026-09-24T07:15:10,2026-09-24T07:15:10,2026-09-24T07:15:10
3443,創意,2025-01-21,1330.0,5.0,0.38%,,,,,,,,,ShowDailyK_ChartFlow,FinMind_API_TaiwanStockPrice_3443,True,2026-09-24T07:15:10,2026-09-24T07:15:10,2026-09-24T07:15:10
3443,創意,2025-01-22,1320.0,-10.0,-0.75%,,,,,,,,,ShowDailyK_ChartFlow,FinMind_API_TaiwanStockPrice_3443,True,2026-09-24T07:15:10,2026-09-24T07:15:10,2026-09-24T07:15:10
3443,創意,2025-02-03,1280.0,-40.0,-3.03%,,,,,,,,,ShowDailyK_ChartFlow,FinMind_API_TaiwanStockPrice_3443,True,2026-09-24T07:15:10,2026-09-24T07:15:10,2026-09-24T07:15:10
3443,創意,2025-02-04,1315.0,35.0,2.73%,,,,,,,,,ShowDailyK_ChartFlow,FinMind_API_TaiwanStockPrice_3443,True,2026-09-24T07:15:10,2026-09-24T07:15:10,2026-09-24T07:15:10
3443,創意,2025-02-05,1350.0,35.0,2.66%,,,,,,,,,ShowDailyK_ChartFlow,FinMind_API_TaiwanStockPrice_3443,True,2026-09-24T07:15:10,2026-09-24T07:15:10,2026-09-24T07:15:10
3443,創意,2025-02-06,1325.0,-25.0,-1.85%,,,,,,,,,ShowDailyK_ChartFlow,FinMind_API_TaiwanStockPrice_3443,True,2026-09-24T07:15:10,2026-09-24T07:15:10,2026-09-24T07:15:10
3443,創意,2025-02-07,1380.0,55.0,4.15%,,,,,,,,,ShowDailyK_ChartFlow,FinMind_API_TaiwanStockPrice_3443,True,2026-09-24T07:15:10,2026-09-24T07:15:10,2026-09-24T07:15:10
3443,創意,2025-02-10,1335.0,-45.0,-3.26%,,,,,,,,,ShowDailyK_ChartFlow,FinMind_API_TaiwanStockPrice_3443,True,2026-09-24T07:15:10,2026-09-24T07:15:10,2026-09-24T07:15:10
3443,創意,2025-02-11,1350.0,15.0,1.12%,,,,,,,,,ShowDailyK_ChartFlow,FinMind_API_TaiwanStockPrice_3443,True,2026-09-24T07:15:10,2026-09-24T07:15:10,2026-09-24T07:15:10
3443,創意,2025-02-12,1335.0,-15.0,-1.11%,,,,,,,,,ShowDailyK_ChartFlow,FinMind_API_TaiwanStockPrice_3443,True,2026-09-24T07:15:10,2026-09-24T07:15:10,2026-09-24T07:15:10
3443,創意,2025-02-13,1335.0,0.0,0.00%,,,,,,,,,ShowDailyK_ChartFlow,FinMind_API_TaiwanStockPrice_3443,True,2026-09-24T07:15:10,2026-09-24T07:15:10,2026-09-24T07:15:10
3443,創意,2025-02-14,1320.0,-15.0,-1.12%,,,,,,,,,ShowDailyK_ChartFlow,FinMind_API_TaiwanStockPrice_3443,True,2026-09-24T07:15:10,2026-09-24T07:15:10,2026-09-24T07:15:10
3443,創意,2025-02-17,1415.0,95.0,7.20%,,,,,,,,,ShowDailyK_ChartFlow,FinMind_API_TaiwanStockPrice_3443,True,2026-09-24T07:15:10,2026-09-24T07:15:10,2026-09-24T07:15:10
3443,創意,2025-02-18,1450.0,35.0,2.47%,,,,,,,,,ShowDailyK_ChartFlow,FinMind_API_TaiwanStockPrice_3443,True,2026-09-24T07:15:10,2026-09-24T07:15:10,2026-09-24T07:15:10
3443,創意,2025-02-19,1420.0,-30.0,-2.07%,,,,,,,,,ShowDailyK_ChartFlow,FinMind_API_TaiwanStockPrice_3443,True,2026-09-24T07:15:10,2026-09-24T07:15:10,2026-09-24T07:15:10
3443,創意,2025-02-20,1415.0,-5.0,-0.35%,,,,,,,,,ShowDailyK_ChartFlow,FinMind_API_TaiwanStockPrice_3443,True,2026-09-24T07:15:10,2026-09-24T07:15:10,2026-09-24T07:15:10
3443,創意,2025-02-21,1405.0,-10.0,-0.71%,,,,,,,,,ShowDailyK_ChartFlow,FinMind_API_TaiwanStockPrice_3443,True,2026-09-24T07:15:10,2026-09-24T07:15:10,2026-09-24T07:15:10
3443,創意,2025-02-24,1415.0,10.0,0.71%,,,,,,,,,ShowDailyK_ChartFlow,FinMind_API_TaiwanStockPrice_3443,True,2026-09-24T07:15:10,2026-09-24T07:15:10,2026-09-24T07:15:10
3443,創意,2025-02-25,1410.0,-5.0,-0.35%,,,,,,,,,ShowDailyK_ChartFlow,FinMind_API_TaiwanStockPrice_3443,True,2026-09-24T07:15:10,2026-09-24T07:15:10,2026-09-24T07:15:10
3443,創意,2025-02-26,1395.0,-15.0,-1.06%,,,,,,,,,ShowDailyK_ChartFlow,FinMind_API_TaiwanStockPrice_3443,True,2026-09-24T07:15:10,2026-09-24T07:15:10,2026-09-24T07:15:10
3443,創意,2025-02-27,1340.0,-55.0,-3.94%,,,,,,,,,ShowDailyK_ChartFlow,FinMind_API_TaiwanStockPrice_3443,True,2026-09-24T07:15:10,2026-09-24T07:15:10,2026-09-24T07:15:10
3443,創意,2025-03-03,1320.0,-20.0,-1.49%,,,,,,,,,ShowDailyK_ChartFlow,FinMind_API_TaiwanStockPrice_3443,True,2026-09-24T07:15:10,2026-09-24T07:15:10,2026-09-24T07:15:10
3443,創意,2025-03-04,1285.0,-35.0,-2.65%,,,,,,,,,ShowDailyK_ChartFlow,FinMind_API_TaiwanStockPrice_3443,True,2026-09-24T07:15:10,2026-09-24T07:15:10,2026-09-24T07:15:10
3443,創意,2025-03-05,1315.0,30.0,2.33%,,,,,,,,,ShowDailyK_ChartFlow,FinMind_API_TaiwanStockPrice_3443,True,2026-09-24T07:15:10,2026-09-24T07:15:10,2026-09-24T07:15:10
3443,創意,2025-03-06,1335.0,20.0,1.52%,,,,,,,,,ShowDailyK_ChartFlow,FinMind_API_TaiwanStockPrice_3443,True,2026-09-24T07:15:10,2026-09-24T07:15:10,2026-09-24T07:15:10
3443,創意,2025-03-07,1290.0,-45.0,-3.37%,,,,,,,,,ShowDailyK_ChartFlow,FinMind_API_TaiwanStockPrice_3443,True,2026-09-24T07:15:10,2026-09-24T07:15:10,2026-09-24T07:15:10
3443,創意,2025-03-10,1255.0,-35.0,-2.71%,,,,,,,,,ShowDailyK_ChartFlow,FinMind_API_TaiwanStockPrice_3443,True,2026-09-24T07:15:10,2026-09-24T07:15:10,2026-09-24T07:15:10
3443,創意,2025-03-11,1210.0,-45.0,-3.59%,,,,,,,,,ShowDailyK_ChartFlow,FinMind_API_TaiwanStockPrice_3443,True,2026-09-24T07:15:10,2026-09-24T07:15:10,2026-09-24T07:15:10
3443,創意,2025-03-12,1210.0,0.0,0.00%,,,,,,,,,ShowDailyK_ChartFlow,FinMind_API_TaiwanStockPrice_3443,True,2026-09-24T07:15:10,2026-09-24T07:15:10,2026-09-24T07:15:10
3443,創意,2025-03-13,1175.0,-35.0,-2.89%,,,,,,,,,ShowDailyK_ChartFlow,FinMind_API_TaiwanStockPrice_3443,True,2026-09-24T07:15:10,2026-09-24T07:15:10,2026-09-24T07:15:10
3443,創意,2025-03-14,1205.0,30.0,2.55%,,,,,,,,,ShowDailyK_ChartFlow,FinMind_API_TaiwanStockPrice_3443,True,2026-09-24T07:15:10,2026-09-24T07:15:10,2026-09-24T07:15:10
3443,創意,2025-03-17,1200.0,-5.0,-0.41%,,,,,,,,,ShowDailyK_ChartFlow,FinMind_API_TaiwanStockPrice_3443,True,2026-09-24T07:15:10,2026-09-24T07:15:10,2026-09-24T07:15:10
3443,創意,2025-03-18,1195.0,-5.0,-0.42%,,,,,,,,,ShowDailyK_ChartFlow,FinMind_API_TaiwanStockPrice_3443,True,2026-09-24T07:15:10,2026-09-24T07:15:10,2026-09-24T07:15:10
3443,創意,2025-03-19,1165.0,-30.0,-2.51%,,,,,,,,,ShowDailyK_ChartFlow,FinMind_API_TaiwanStockPrice_3443,True,2026-09-24T07:15:10,2026-09-24T07:15:10,2026-09-24T07:15:10
3443,創意,2025-03-20,1190.0,25.0,2.15%,,,,,,,,,ShowDailyK_ChartFlow,FinMind_API_TaiwanStockPrice_3443,True,2026-09-24T07:15:10,2026-09-24T07:15:10,2026-09-24T07:15:10
3443,創意,2025-03-21,1170.0,-20.0,-1.68%,,,,,,,,,ShowDailyK_ChartFlow,FinMind_API_TaiwanStockPrice_3443,True,2026-09-24T07:15:10,2026-09-24T07:15:10,2026-09-24T07:15:10
3443,創意,2025-03-24,1195.0,25.0,2.14%,,,,,,,,,ShowDailyK_ChartFlow,FinMind_API_TaiwanStockPrice_3443,True,2026-09-24T07:15:10,2026-09-24T07:15:10,2026-09-24T07:15:10
3443,創意,2025-03-25,1205.0,10.0,0.84%,,,,,,,,,ShowDailyK_ChartFlow,FinMind_API_TaiwanStockPrice_3443,True,2026-09-24T07:15:10,2026-09-24T07:15:10,2026-09-24T07:15:10
3443,創意,2025-03-26,1230.0,25.0,2.07%,,,,,,,,,ShowDailyK_ChartFlow,FinMind_API_TaiwanStockPrice_3443,True,2026-09-24T07:15:10,2026-09-24T07:15:10,2026-09-24T07:15:10
3443,創意,2025-03-27,1190.0,-40.0,-3.25%,,,,,,,,,ShowDailyK_ChartFlow,FinMind_API_TaiwanStockPrice_3443,True,2026-09-24T07:15:10,2026-09-24T07:15:10,2026-09-24T07:15:10
3443,創意,2025-03-28,1155.0,-35.0,-2.94%,,,,,,,,,ShowDailyK_ChartFlow,FinMind_API_TaiwanStockPrice_3443,True,2026-09-24T07:15:10,2026-09-24T07:15:10,2026-09-24T07:15:10
3443,創意,2025-03-31,1050.0,-105.0,-9.09%,,,,,,,,,ShowDailyK_ChartFlow,FinMind_API_TaiwanStockPrice_3443,True,2026-09-24T07:15:10,2026-09-24T07:15:10,2026-09-24T07:15:10
3443,創意,2025-04-01,1085.0,35.0,3.33%,,,,,,,,,ShowDailyK_ChartFlow,FinMind_API_TaiwanStockPrice_3443,True,2026-09-24T07:15:10,2026-09-24T07:15:10,2026-09-24T07:15:10
3443,創意,2025-04-02,1110.0,25.0,2.30%,,,,,,,,,ShowDailyK_ChartFlow,FinMind_API_TaiwanStockPrice_3443,True,2026-09-24T07:15:10,2026-09-24T07:15:10,2026-09-24T07:15:10
3443,創意,2025-04-07,999.0,-111.0,-10.00%,,,,,,,,,ShowDailyK_ChartFlow,FinMind_API_TaiwanStockPrice_3443,True,2026-09-24T07:15:10,2026-09-24T07:15:10,2026-09-24T07:15:10
3443,創意,2025-04-08,900.0,-99.0,-9.91%,,,,,,,,,ShowDailyK_ChartFlow,FinMind_API_TaiwanStockPrice_3443,True,2026-09-24T07:15:10,2026-09-24T07:15:10,2026-09-24T07:15:10
3443,創意,2025-04-09,853.0,-47.0,-5.22%,,,,,,,,,ShowDailyK_ChartFlow,FinMind_API_TaiwanStockPrice_3443,True,2026-09-24T07:15:10,2026-09-24T07:15:10,2026-09-24T07:15:10
3443,創意,2025-04-10,938.0,85.0,9.96%,,,,,,,,,ShowDailyK_ChartFlow,FinMind_API_TaiwanStockPrice_3443,True,2026-09-24T07:15:10,2026-09-24T07:15:10,2026-09-24T07:15:10
3443,創意,2025-04-11,981.0,43.0,4.58%,,,,,,,,,ShowDailyK_ChartFlow,FinMind_API_TaiwanStockPrice_3443,True,2026-09-24T07:15:10,2026-09-24T07:15:10,2026-09-24T07:15:10
3443,創意,2025-04-14,992.0,11.0,1.12%,,,,,,,,,ShowDailyK_ChartFlow,FinMind_API_TaiwanStockPrice_3443,True,2026-09-24T07:15:10,2026-09-24T07:15:10,2026-09-24T07:15:10
3443,創意,2025-04-15,1015.0,23.0,2.32%,,,,,,,,,ShowDailyK_ChartFlow,FinMind_API_TaiwanStockPrice_3443,True,2026-09-24T07:15:10,2026-09-24T07:15:10,2026-09-24T07:15:10
3443,創意,2025-04-16,966.0,-49.0,-4.83%,,,,,,,,,ShowDailyK_ChartFlow,FinMind_API_TaiwanStockPrice_3443,True,2026-09-24T07:15:10,2026-09-24T07:15:10,2026-09-24T07:15:10
3443,創意,2025-04-17,992.0,26.0,2.69%,,,,,,,,,ShowDailyK_ChartFlow,FinMind_API_TaiwanStockPrice_3443,True,2026-09-24T07:15:10,2026-09-24T07:15:10,2026-09-24T07:15:10
3443,創意,2025-04-18,982.0,-10.0,-1.01%,,,,,,,,,ShowDailyK_ChartFlow,FinMind_API_TaiwanStockPrice_3443,True,2026-09-24T07:15:10,2026-09-24T07:15:10,2026-09-24T07:15:10
3443,創意,2025-04-21,957.0,-25.0,-2.55%,,,,,,,,,ShowDailyK_ChartFlow,FinMind_API_TaiwanStockPrice_3443,True,2026-09-24T07:15:10,2026-09-24T07:15:10,2026-09-24T07:15:10
3443,創意,2025-04-22,918.0,-39.0,-4.08%,,,,,,,,,ShowDailyK_ChartFlow,FinMind_API_TaiwanStockPrice_3443,True,2026-09-24T07:15:10,2026-09-24T07:15:10,2026-09-24T07:15:10
3443,創意,2025-04-23,980.0,62.0,6.75%,,,,,,,,,ShowDailyK_ChartFlow,FinMind_API_TaiwanStockPrice_3443,True,2026-09-24T07:15:10,2026-09-24T07:15:10,2026-09-24T07:15:10
3443,創意,2025-04-24,964.0,-16.0,-1.63%,,,,,,,,,ShowDailyK_ChartFlow,FinMind_API_TaiwanStockPrice_3443,True,2026-09-24T07:15:10,2026-09-24T07:15:10,2026-09-24T07:15:10
3443,創意,2025-04-25,979.0,15.0,1.56%,,,,,,,,,ShowDailyK_ChartFlow,FinMind_API_TaiwanStockPrice_3443,True,2026-09-24T07:15:10,2026-09-24T07:15:10,2026-09-24T07:15:10
3443,創意,2025-04-28,1030.0,51.0,5.21%,,,,,,,,,ShowDailyK_ChartFlow,FinMind_API_TaiwanStockPrice_3443,True,2026-09-24T07:15:10,2026-09-24T07:15:10,2026-09-24T07:15:10
3443,創意,2025-04-29,1045.0,15.0,1.46%,,,,,,,,,ShowDailyK_ChartFlow,FinMind_API_TaiwanStockPrice_3443,True,2026-09-24T07:15:10,2026-09-24T07:15:10,2026-09-24T07:15:10
3443,創意,2025-04-30,1025.0,-20.0,-1.91%,,,,,,,,,ShowDailyK_ChartFlow,FinMind_API_TaiwanStockPrice_3443,True,2026-09-24T07:15:10,2026-09-24T07:15:10,2026-09-24T07:15:10
3443,創意,2025-05-02,1085.0,60.0,5.85%,,,,,,,,,ShowDailyK_ChartFlow,FinMind_API_TaiwanStockPrice_3443,True,2026-09-24T07:15:10,2026-09-24T07:15:10,2026-09-24T07:15:10
3443,創意,2025-05-05,1115.0,30.0,2.76%,,,,,,,,,ShowDailyK_ChartFlow,FinMind_API_TaiwanStockPrice_3443,True,2026-09-24T07:15:10,2026-09-24T07:15:10,2026-09-24T07:15:10
3443,創意,2025-05-06,1075.0,-40.0,-3.59%,,,,,,,,,ShowDailyK_ChartFlow,FinMind_API_TaiwanStockPrice_3443,True,2026-09-24T07:15:10,2026-09-24T07:15:10,2026-09-24T07:15:10
3443,創意,2025-05-07,1090.0,15.0,1.40%,,,,,,,,,ShowDailyK_ChartFlow,FinMind_API_TaiwanStockPrice_3443,True,2026-09-24T07:15:10,2026-09-24T07:15:10,2026-09-24T07:15:10
3443,創意,2025-05-08,1105.0,15.0,1.38%,,,,,,,,,ShowDailyK_ChartFlow,FinMind_API_TaiwanStockPrice_3443,True,2026-09-24T07:15:10,2026-09-24T07:15:10,2026-09-24T07:15:10
3443,創意,2025-05-09,1100.0,-5.0,-0.45%,,,,,,,,,ShowDailyK_ChartFlow,FinMind_API_TaiwanStockPrice_3443,True,2026-09-24T07:15:10,2026-09-24T07:15:10,2026-09-24T07:15:10
3443,創意,2025-05-12,1150.0,50.0,4.55%,,,,,,,,,ShowDailyK_ChartFlow,FinMind_API_TaiwanStockPrice_3443,True,2026-09-24T07:15:10,2026-09-24T07:15:10,2026-09-24T07:15:10
3443,創意,2025-05-13,1150.0,0.0,0.00%,,,,,,,,,ShowDailyK_ChartFlow,FinMind_API_TaiwanStockPrice_3443,True,2026-09-24T07:15:10,2026-09-24T07:15:10,2026-09-24T07:15:10
3443,創意,2025-05-14,1150.0,0.0,0.00%,,,,,,,,,ShowDailyK_ChartFlow,FinMind_API_TaiwanStockPrice_3443,True,2026-09-24T07:15:10,2026-09-24T07:15:10,2026-09-24T07:15:10
3443,創意,2025-05-15,1145.0,-5.0,-0.43%,,,,,,,,,ShowDailyK_ChartFlow,FinMind_API_TaiwanStockPrice_3443,True,2026-09-24T07:15:10,2026-09-24T07:15:10,2026-09-24T07:15:10
3443,創意,2025-05-16,1155.0,10.0,0.87%,,,,,,,,,ShowDailyK_ChartFlow,FinMind_API_TaiwanStockPrice_3443,True,2026-09-24T07:15:10,2026-09-24T07:15:10,2026-09-24T07:15:10
3443,創意,2025-05-19,1120.0,-35.0,-3.03%,,,,,,,,,ShowDailyK_ChartFlow,FinMind_API_TaiwanStockPrice_3443,True,2026-09-24T07:15:10,2026-09-24T07:15:10,2026-09-24T07:15:10
3443,創意,2025-05-20,1140.0,20.0,1.79%,,,,,,,,,ShowDailyK_ChartFlow,FinMind_API_TaiwanStockPrice_3443,True,2026-09-24T07:15:10,2026-09-24T07:15:10,2026-09-24T07:15:10
3443,創意,2025-05-21,1175.0,35.0,3.07%,,,,,,,,,ShowDailyK_ChartFlow,FinMind_API_TaiwanStockPrice_3443,True,2026-09-24T07:15:10,2026-09-24T07:15:10,2026-09-24T07:15:10
3443,創意,2025-05-22,1155.0,-20.0,-1.70%,,,,,,,,,ShowDailyK_ChartFlow,FinMind_API_TaiwanStockPrice_3443,True,2026-09-24T07:15:10,2026-09-24T07:15:10,2026-09-24T07:15:10
3443,創意,2025-05-23,1140.0,-15.0,-1.30%,,,,,,,,,ShowDailyK_ChartFlow,FinMind_API_TaiwanStockPrice_3443,True,2026-09-24T07:15:10,2026-09-24T07:15:10,2026-09-24T07:15:10
3443,創意,2025-05-26,1115.0,-25.0,-2.19%,,,,,,,,,ShowDailyK_ChartFlow,FinMind_API_TaiwanStockPrice_3443,True,2026-09-24T07:15:10,2026-09-24T07:15:10,2026-09-24T07:15:10
3443,創意,2025-05-27,1115.0,0.0,0.00%,,,,,,,,,ShowDailyK_ChartFlow,FinMind_API_TaiwanStockPrice_3443,True,2026-09-24T07:15:10,2026-09-24T07:15:10,2026-09-24T07:15:10
3443,創意,2025-05-28,1160.0,45.0,4.04%,,,,,,,,,ShowDailyK_ChartFlow,FinMind_API_TaiwanStockPrice_3443,True,2026-09-24T07:15:10,2026-09-24T07:15:10,2026-09-24T07:15:10
3443,創意,2025-05-29,1165.0,5.0,0.43%,,,,,,,,,ShowDailyK_ChartFlow,FinMind_API_TaiwanStockPrice_3443,True,2026-09-24T07:15:10,2026-09-24T07:15:10,2026-09-24T07:15:10
3443,創意,2025-06-02,1095.0,-70.0,-6.01%,,,,,,,,,ShowDailyK_ChartFlow,FinMind_API_TaiwanStockPrice_3443,True,2026-09-24T07:15:10,2026-09-24T07:15:10,2026-09-24T07:15:10
3443,創意,2025-06-03,1110.0,15.0,1.37%,,,,,,,,,ShowDailyK_ChartFlow,FinMind_API_TaiwanStockPrice_3443,True,2026-09-24T07:15:10,2026-09-24T07:15:10,2026-09-24T07:15:10
3443,創意,2025-06-04,1180.0,70.0,6.31%,,,,,,,,,ShowDailyK_ChartFlow,FinMind_API_TaiwanStockPrice_3443,True,2026-09-24T07:15:10,2026-09-24T07:15:10,2026-09-24T07:15:10
3443,創意,2025-06-05,1180.0,0.0,0.00%,,,,,,,,,ShowDailyK_ChartFlow,FinMind_API_TaiwanStockPrice_3443,True,2026-09-24T07:15:10,2026-09-24T07:15:10,2026-09-24T07:15:10
3443,創意,2025-06-06,1135.0,-45.0,-3.81%,,,,,,,,,ShowDailyK_ChartFlow,FinMind_API_TaiwanStockPrice_3443,True,2026-09-24T07:15:10,2026-09-24T07:15:10,2026-09-24T07:15:10
3443,創意,2025-06-09,1125.0,-10.0,-0.88%,,,,,,,,,ShowDailyK_ChartFlow,FinMind_API_TaiwanStockPrice_3443,True,2026-09-24T07:15:10,2026-09-24T07:15:10,2026-09-24T07:15:10
3443,創意,2025-06-10,1150.0,25.0,2.22%,,,,,,,,,ShowDailyK_ChartFlow,FinMind_API_TaiwanStockPrice_3443,True,2026-09-24T07:15:10,2026-09-24T07:15:10,2026-09-24T07:15:10
3443,創意,2025-06-11,1165.0,15.0,1.30%,,,,,,,,,ShowDailyK_ChartFlow,FinMind_API_TaiwanStockPrice_3443,True,2026-09-24T07:15:10,2026-09-24T07:15:10,2026-09-24T07:15:10
3443,創意,2025-06-12,1145.0,-20.0,-1.72%,,,,,,,,,ShowDailyK_ChartFlow,FinMind_API_TaiwanStockPrice_3443,True,2026-09-24T07:15:10,2026-09-24T07:15:10,2026-09-24T07:15:10
3443,創意,2025-06-13,1095.0,-50.0,-4.37%,,,,,,,,,ShowDailyK_ChartFlow,FinMind_API_TaiwanStockPrice_3443,True,2026-09-24T07:15:10,2026-09-24T07:15:10,2026-09-24T07:15:10
3443,創意,2025-06-16,1070.0,-25.0,-2.28%,,,,,,,,,ShowDailyK_ChartFlow,FinMind_API_TaiwanStockPrice_3443,True,2026-09-24T07:15:10,2026-09-24T07:15:10,2026-09-24T07:15:10
3443,創意,2025-06-17,1085.0,15.0,1.40%,,,,,,,,,ShowDailyK_ChartFlow,FinMind_API_TaiwanStockPrice_3443,True,2026-09-24T07:15:10,2026-09-24T07:15:10,2026-09-24T07:15:10
3443,創意,2025-06-18,1065.0,-20.0,-1.84%,,,,,,,,,ShowDailyK_ChartFlow,FinMind_API_TaiwanStockPrice_3443,True,2026-09-24T07:15:10,2026-09-24T07:15:10,2026-09-24T07:15:10
3443,創意,2025-06-19,1065.0,0.0,0.00%,,,,,,,,,ShowDailyK_ChartFlow,FinMind_API_TaiwanStockPrice_3443,True,2026-09-24T07:15:10,2026-09-24T07:15:10,2026-09-24T07:15:10
3443,創意,2025-06-20,1065.0,0.0,0.00%,,,,,,,,,ShowDailyK_ChartFlow,FinMind_API_TaiwanStockPrice_3443,True,2026-09-24T07:15:10,2026-09-24T07:15:10,2026-09-24T07:15:10
3443,創意,2025-06-23,1065.0,0.0,0.00%,,,,,,,,,ShowDailyK_ChartFlow,FinMind_API_TaiwanStockPrice_3443,True,2026-09-24T07:15:10,2026-09-24T07:15:10,2026-09-24T07:15:10
3443,創意,2025-06-24,1115.0,50.0,4.69%,,,,,,,,,ShowDailyK_ChartFlow,FinMind_API_TaiwanStockPrice_3443,True,2026-09-24T07:15:10,2026-09-24T07:15:10,2026-09-24T07:15:10
3443,創意,2025-06-25,1225.0,110.0,9.87%,,,,,,,,,ShowDailyK_ChartFlow,FinMind_API_TaiwanStockPrice_3443,True,2026-09-24T07:15:10,2026-09-24T07:15:10,2026-09-24T07:15:10
3443,創意,2025-06-26,1215.0,-10.0,-0.82%,,,,,,,,,ShowDailyK_ChartFlow,FinMind_API_TaiwanStockPrice_3443,True,2026-09-24T07:15:10,2026-09-24T07:15:10,2026-09-24T07:15:10
3443,創意,2025-06-27,1305.0,90.0,7.41%,,,,,,,,,ShowDailyK_ChartFlow,FinMind_API_TaiwanStockPrice_3443,True,2026-09-24T07:15:10,2026-09-24T07:15:10,2026-09-24T07:15:10
3443,創意,2025-06-30,1305.0,0.0,0.00%,,,,,,,,,ShowDailyK_ChartFlow,FinMind_API_TaiwanStockPrice_3443,True,2026-09-24T07:15:10,2026-09-24T07:15:10,2026-09-24T07:15:10
3443,創意,2025-07-01,1310.0,5.0,0.38%,,,,,,,,,ShowDailyK_ChartFlow,FinMind_API_TaiwanStockPrice_3443,True,2026-09-24T07:15:10,2026-09-24T07:15:10,2026-09-24T07:15:10
3443,創意,2025-07-02,1325.0,15.0,1.15%,,,,,,,,,ShowDailyK_ChartFlow,FinMind_API_TaiwanStockPrice_3443,True,2026-09-24T07:15:10,2026-09-24T07:15:10,2026-09-24T07:15:10
3443,創意,2025-07-03,1270.0,-55.0,-4.15%,,,,,,,,,ShowDailyK_ChartFlow,FinMind_API_TaiwanStockPrice_3443,True,2026-09-24T07:15:10,2026-09-24T07:15:10,2026-09-24T07:15:10
3443,創意,2025-07-04,1255.0,-15.0,-1.18%,,,,,,,,,ShowDailyK_ChartFlow,FinMind_API_TaiwanStockPrice_3443,True,2026-09-24T07:15:10,2026-09-24T07:15:10,2026-09-24T07:15:10
3443,創意,2025-07-07,1260.0,5.0,0.40%,,,,,,,,,ShowDailyK_ChartFlow,FinMind_API_TaiwanStockPrice_3443,True,2026-09-24T07:15:10,2026-09-24T07:15:10,2026-09-24T07:15:10
3443,創意,2025-07-08,1220.0,-40.0,-3.17%,,,,,,,,,ShowDailyK_ChartFlow,FinMind_API_TaiwanStockPrice_3443,True,2026-09-24T07:15:10,2026-09-24T07:15:10,2026-09-24T07:15:10
3443,創意,2025-07-09,1225.0,5.0,0.41%,,,,,,,,,ShowDailyK_ChartFlow,FinMind_API_TaiwanStockPrice_3443,True,2026-09-24T07:15:10,2026-09-24T07:15:10,2026-09-24T07:15:10
3443,創意,2025-07-10,1235.0,10.0,0.82%,,,,,,,,,ShowDailyK_ChartFlow,FinMind_API_TaiwanStockPrice_3443,True,2026-09-24T07:15:10,2026-09-24T07:15:10,2026-09-24T07:15:10
3443,創意,2025-07-11,1250.0,15.0,1.21%,,,,,,,,,ShowDailyK_ChartFlow,FinMind_API_TaiwanStockPrice_3443,True,2026-09-24T07:15:10,2026-09-24T07:15:10,2026-09-24T07:15:10
3443,創意,2025-07-14,1215.0,-35.0,-2.80%,,,,,,,,,ShowDailyK_ChartFlow,FinMind_API_TaiwanStockPrice_3443,True,2026-09-24T07:15:10,2026-09-24T07:15:10,2026-09-24T07:15:10
3443,創意,2025-07-15,1205.0,-10.0,-0.82%,,,,,,,,,ShowDailyK_ChartFlow,FinMind_API_TaiwanStockPrice_3443,True,2026-09-24T07:15:10,2026-09-24T07:15:10,2026-09-24T07:15:10
3443,創意,2025-07-16,1235.0,30.0,2.49%,,,,,,,,,ShowDailyK_ChartFlow,FinMind_API_TaiwanStockPrice_3443,True,2026-09-24T07:15:10,2026-09-24T07:15:10,2026-09-24T07:15:10
3443,創意,2025-07-17,1235.0,0.0,0.00%,,,,,,,,,ShowDailyK_ChartFlow,FinMind_API_TaiwanStockPrice_3443,True,2026-09-24T07:15:10,2026-09-24T07:15:10,2026-09-24T07:15:10
3443,創意,2025-07-18,1240.0,5.0,0.40%,,,,,,,,,ShowDailyK_ChartFlow,FinMind_API_TaiwanStockPrice_3443,True,2026-09-24T07:15:10,2026-09-24T07:15:10,2026-09-24T07:15:10
3443,創意,2025-07-21,1195.0,-45.0,-3.63%,,,,,,,,,ShowDailyK_ChartFlow,FinMind_API_TaiwanStockPrice_3443,True,2026-09-24T07:15:10,2026-09-24T07:15:10,2026-09-24T07:15:10
3443,創意,2025-07-22,1170.0,-25.0,-2.09%,,,,,,,,,ShowDailyK_ChartFlow,FinMind_API_TaiwanStockPrice_3443,True,2026-09-24T07:15:10,2026-09-24T07:15:10,2026-09-24T07:15:10
3443,創意,2025-07-23,1195.0,25.0,2.14%,,,,,,,,,ShowDailyK_ChartFlow,FinMind_API_TaiwanStockPrice_3443,True,2026-09-24T07:15:10,2026-09-24T07:15:10,2026-09-24T07:15:10
3443,創意,2025-07-24,1190.0,-5.0,-0.42%,,,,,,,,,ShowDailyK_ChartFlow,FinMind_API_TaiwanStockPrice_3443,True,2026-09-24T07:15:10,2026-09-24T07:15:10,2026-09-24T07:15:10
3443,創意,2025-07-25,1225.0,35.0,2.94%,,,,,,,,,ShowDailyK_ChartFlow,FinMind_API_TaiwanStockPrice_3443,True,2026-09-24T07:15:10,2026-09-24T07:15:10,2026-09-24T07:15:10
3443,創意,2025-07-28,1235.0,10.0,0.82%,,,,,,,,,ShowDailyK_ChartFlow,FinMind_API_TaiwanStockPrice_3443,True,2026-09-24T07:15:10,2026-09-24T07:15:10,2026-09-24T07:15:10
3443,創意,2025-07-29,1210.0,-25.0,-2.02%,,,,,,,,,ShowDailyK_ChartFlow,FinMind_API_TaiwanStockPrice_3443,True,2026-09-24T07:15:10,2026-09-24T07:15:10,2026-09-24T07:15:10
3443,創意,2025-07-30,1200.0,-10.0,-0.83%,,,,,,,,,ShowDailyK_ChartFlow,FinMind_API_TaiwanStockPrice_3443,True,2026-09-24T07:15:10,2026-09-24T07:15:10,2026-09-24T07:15:10
3443,創意,2025-07-31,1215.0,15.0,1.25%,,,,,,,,,ShowDailyK_ChartFlow,FinMind_API_TaiwanStockPrice_3443,True,2026-09-24T07:15:10,2026-09-24T07:15:10,2026-09-24T07:15:10
3443,創意,2025-08-01,1255.0,40.0,3.29%,,,,,,,,,ShowDailyK_ChartFlow,FinMind_API_TaiwanStockPrice_3443,True,2026-09-24T07:15:10,2026-09-24T07:15:10,2026-09-24T07:15:10
3443,創意,2025-08-04,1250.0,-5.0,-0.40%,,,,,,,,,ShowDailyK_ChartFlow,FinMind_API_TaiwanStockPrice_3443,True,2026-09-24T07:15:10,2026-09-24T07:15:10,2026-09-24T07:15:10
3443,創意,2025-08-05,1300.0,50.0,4.00%,,,,,,,,,ShowDailyK_ChartFlow,FinMind_API_TaiwanStockPrice_3443,True,2026-09-24T07:15:10,2026-09-24T07:15:10,2026-09-24T07:15:10
3443,創意,2025-08-06,1265.0,-35.0,-2.69%,,,,,,,,,ShowDailyK_ChartFlow,FinMind_API_TaiwanStockPrice_3443,True,2026-09-24T07:15:10,2026-09-24T07:15:10,2026-09-24T07:15:10
3443,創意,2025-08-07,1280.0,15.0,1.19%,,,,,,,,,ShowDailyK_ChartFlow,FinMind_API_TaiwanStockPrice_3443,True,2026-09-24T07:15:10,2026-09-24T07:15:10,2026-09-24T07:15:10
3443,創意,2025-08-08,1230.0,-50.0,-3.91%,,,,,,,,,ShowDailyK_ChartFlow,FinMind_API_TaiwanStockPrice_3443,True,2026-09-24T07:15:10,2026-09-24T07:15:10,2026-09-24T07:15:10
3443,創意,2025-08-11,1200.0,-30.0,-2.44%,,,,,,,,,ShowDailyK_ChartFlow,FinMind_API_TaiwanStockPrice_3443,True,2026-09-24T07:15:10,2026-09-24T07:15:10,2026-09-24T07:15:10
3443,創意,2025-08-12,1185.0,-15.0,-1.25%,,,,,,,,,ShowDailyK_ChartFlow,FinMind_API_TaiwanStockPrice_3443,True,2026-09-24T07:15:10,2026-09-24T07:15:10,2026-09-24T07:15:10
3443,創意,2025-08-13,1165.0,-20.0,-1.69%,,,,,,,,,ShowDailyK_ChartFlow,FinMind_API_TaiwanStockPrice_3443,True,2026-09-24T07:15:10,2026-09-24T07:15:10,2026-09-24T07:15:10
3443,創意,2025-08-14,1205.0,40.0,3.43%,,,,,,,,,ShowDailyK_ChartFlow,FinMind_API_TaiwanStockPrice_3443,True,2026-09-24T07:15:10,2026-09-24T07:15:10,2026-09-24T07:15:10
3443,創意,2025-08-15,1205.0,0.0,0.00%,,,,,,,,,ShowDailyK_ChartFlow,FinMind_API_TaiwanStockPrice_3443,True,2026-09-24T07:15:10,2026-09-24T07:15:10,2026-09-24T07:15:10
3443,創意,2025-08-18,1200.0,-5.0,-0.41%,,,,,,,,,ShowDailyK_ChartFlow,FinMind_API_TaiwanStockPrice_3443,True,2026-09-24T07:15:10,2026-09-24T07:15:10,2026-09-24T07:15:10
3443,創意,2025-08-19,1195.0,-5.0,-0.42%,,,,,,,,,ShowDailyK_ChartFlow,FinMind_API_TaiwanStockPrice_3443,True,2026-09-24T07:15:10,2026-09-24T07:15:10,2026-09-24T07:15:10
3443,創意,2025-08-20,1160.0,-35.0,-2.93%,,,,,,,,,ShowDailyK_ChartFlow,FinMind_API_TaiwanStockPrice_3443,True,2026-09-24T07:15:10,2026-09-24T07:15:10,2026-09-24T07:15:10
3443,創意,2025-08-21,1180.0,20.0,1.72%,,,,,,,,,ShowDailyK_ChartFlow,FinMind_API_TaiwanStockPrice_3443,True,2026-09-24T07:15:10,2026-09-24T07:15:10,2026-09-24T07:15:10
3443,創意,2025-08-22,1190.0,10.0,0.85%,,,,,,,,,ShowDailyK_ChartFlow,FinMind_API_TaiwanStockPrice_3443,True,2026-09-24T07:15:10,2026-09-24T07:15:10,2026-09-24T07:15:10
3443,創意,2025-08-25,1300.0,110.0,9.24%,,,,,,,,,ShowDailyK_ChartFlow,FinMind_API_TaiwanStockPrice_3443,True,2026-09-24T07:15:10,2026-09-24T07:15:10,2026-09-24T07:15:10
3443,創意,2025-08-26,1395.0,95.0,7.31%,,,,,,,,,ShowDailyK_ChartFlow,FinMind_API_TaiwanStockPrice_3443,True,2026-09-24T07:15:10,2026-09-24T07:15:10,2026-09-24T07:15:10
3443,創意,2025-08-27,1345.0,-50.0,-3.58%,,,,,,,,,ShowDailyK_ChartFlow,FinMind_API_TaiwanStockPrice_3443,True,2026-09-24T07:15:10,2026-09-24T07:15:10,2026-09-24T07:15:10
3443,創意,2025-08-28,1350.0,5.0,0.37%,,,,,,,,,ShowDailyK_ChartFlow,FinMind_API_TaiwanStockPrice_3443,True,2026-09-24T07:15:10,2026-09-24T07:15:10,2026-09-24T07:15:10
3443,創意,2025-08-29,1330.0,-20.0,-1.48%,,,,,,,,,ShowDailyK_ChartFlow,FinMind_API_TaiwanStockPrice_3443,True,2026-09-24T07:15:10,2026-09-24T07:15:10,2026-09-24T07:15:10
3443,創意,2025-09-01,1335.0,5.0,0.38%,,,,,,,,,ShowDailyK_ChartFlow,FinMind_API_TaiwanStockPrice_3443,True,2026-09-24T07:15:10,2026-09-24T07:15:10,2026-09-24T07:15:10
3443,創意,2025-09-02,1310.0,-25.0,-1.87%,,,,,,,,,ShowDailyK_ChartFlow,FinMind_API_TaiwanStockPrice_3443,True,2026-09-24T07:15:10,2026-09-24T07:15:10,2026-09-24T07:15:10
3443,創意,2025-09-03,1310.0,0.0,0.00%,,,,,,,,,ShowDailyK_ChartFlow,FinMind_API_TaiwanStockPrice_3443,True,2026-09-24T07:15:10,2026-09-24T07:15:10,2026-09-24T07:15:10
3443,創意,2025-09-04,1300.0,-10.0,-0.76%,,,,,,,,,ShowDailyK_ChartFlow,FinMind_API_TaiwanStockPrice_3443,True,2026-09-24T07:15:10,2026-09-24T07:15:10,2026-09-24T07:15:10
3443,創意,2025-09-05,1345.0,45.0,3.46%,,,,,,,,,ShowDailyK_ChartFlow,FinMind_API_TaiwanStockPrice_3443,True,2026-09-24T07:15:10,2026-09-24T07:15:10,2026-09-24T07:15:10
3443,創意,2025-09-08,1345.0,0.0,0.00%,,,,,,,,,ShowDailyK_ChartFlow,FinMind_API_TaiwanStockPrice_3443,True,2026-09-24T07:15:10,2026-09-24T07:15:10,2026-09-24T07:15:10
3443,創意,2025-09-09,1400.0,55.0,4.09%,,,,,,,,,ShowDailyK_ChartFlow,FinMind_API_TaiwanStockPrice_3443,True,2026-09-24T07:15:10,2026-09-24T07:15:10,2026-09-24T07:15:10
3443,創意,2025-09-10,1385.0,-15.0,-1.07%,,,,,,,,,ShowDailyK_ChartFlow,FinMind_API_TaiwanStockPrice_3443,True,2026-09-24T07:15:10,2026-09-24T07:15:10,2026-09-24T07:15:10
3443,創意,2025-09-11,1390.0,5.0,0.36%,,,,,,,,,ShowDailyK_ChartFlow,FinMind_API_TaiwanStockPrice_3443,True,2026-09-24T07:15:10,2026-09-24T07:15:10,2026-09-24T07:15:10
3443,創意,2025-09-12,1375.0,-15.0,-1.08%,,,,,,,,,ShowDailyK_ChartFlow,FinMind_API_TaiwanStockPrice_3443,True,2026-09-24T07:15:10,2026-09-24T07:15:10,2026-09-24T07:15:10
3443,創意,2025-09-15,1330.0,-45.0,-3.27%,,,,,,,,,ShowDailyK_ChartFlow,FinMind_API_TaiwanStockPrice_3443,True,2026-09-24T07:15:10,2026-09-24T07:15:10,2026-09-24T07:15:10
3443,創意,2025-09-16,1315.0,-15.0,-1.13%,,,,,,,,,ShowDailyK_ChartFlow,FinMind_API_TaiwanStockPrice_3443,True,2026-09-24T07:15:10,2026-09-24T07:15:10,2026-09-24T07:15:10
3443,創意,2025-09-17,1290.0,-25.0,-1.90%,,,,,,,,,ShowDailyK_ChartFlow,FinMind_API_TaiwanStockPrice_3443,True,2026-09-24T07:15:10,2026-09-24T07:15:10,2026-09-24T07:15:10
3443,創意,2025-09-18,1310.0,20.0,1.55%,,,,,,,,,ShowDailyK_ChartFlow,FinMind_API_TaiwanStockPrice_3443,True,2026-09-24T07:15:10,2026-09-24T07:15:10,2026-09-24T07:15:10
3443,創意,2025-09-19,1290.0,-20.0,-1.53%,,,,,,,,,ShowDailyK_ChartFlow,FinMind_API_TaiwanStockPrice_3443,True,2026-09-24T07:15:10,2026-09-24T07:15:10,2026-09-24T07:15:10
3443,創意,2025-09-22,1300.0,10.0,0.78%,,,,,,,,,ShowDailyK_ChartFlow,FinMind_API_TaiwanStockPrice_3443,True,2026-09-24T07:15:10,2026-09-24T07:15:10,2026-09-24T07:15:10
3443,創意,2025-09-23,1315.0,15.0,1.15%,,,,,,,,,ShowDailyK_ChartFlow,FinMind_API_TaiwanStockPrice_3443,True,2026-09-24T07:15:10,2026-09-24T07:15:10,2026-09-24T07:15:10
3443,創意,2025-09-24,1300.0,-15.0,-1.14%,,,,,,,,,ShowDailyK_ChartFlow,FinMind_API_TaiwanStockPrice_3443,True,2026-09-24T07:15:10,2026-09-24T07:15:10,2026-09-24T07:15:10
3443,創意,2025-09-25,1310.0,10.0,0.77%,,,,,,,,,ShowDailyK_ChartFlow,FinMind_API_TaiwanStockPrice_3443,True,2026-09-24T07:15:10,2026-09-24T07:15:10,2026-09-24T07:15:10
3443,創意,2025-09-26,1255.0,-55.0,-4.20%,,,,,,,,,ShowDailyK_ChartFlow,FinMind_API_TaiwanStockPrice_3443,True,2026-09-24T07:15:10,2026-09-24T07:15:10,2026-09-24T07:15:10
3443,創意,2025-09-30,1340.0,85.0,6.77%,,,,,,,,,ShowDailyK_ChartFlow,FinMind_API_TaiwanStockPrice_3443,True,2026-09-24T07:15:10,2026-09-24T07:15:10,2026-09-24T07:15:10
3443,創意,2025-10-01,1340.0,0.0,0.00%,,,,,,,,,ShowDailyK_ChartFlow,FinMind_API_TaiwanStockPrice_3443,True,2026-09-24T07:15:10,2026-09-24T07:15:10,2026-09-24T07:15:10
3443,創意,2025-10-02,1380.0,40.0,2.99%,,,,,,,,,ShowDailyK_ChartFlow,FinMind_API_TaiwanStockPrice_3443,True,2026-09-24T07:15:10,2026-09-24T07:15:10,2026-09-24T07:15:10
3443,創意,2025-10-03,1375.0,-5.0,-0.36%,,,,,,,,,ShowDailyK_ChartFlow,FinMind_API_TaiwanStockPrice_3443,True,2026-09-24T07:15:10,2026-09-24T07:15:10,2026-09-24T07:15:10
3443,創意,2025-10-07,1385.0,10.0,0.73%,,,,,,,,,ShowDailyK_ChartFlow,FinMind_API_TaiwanStockPrice_3443,True,2026-09-24T07:15:10,2026-09-24T07:15:10,2026-09-24T07:15:10
3443,創意,2025-10-08,1485.0,100.0,7.22%,,,,,,,,,ShowDailyK_ChartFlow,FinMind_API_TaiwanStockPrice_3443,True,2026-09-24T07:15:10,2026-09-24T07:15:10,2026-09-24T07:15:10
3443,創意,2025-10-09,1515.0,30.0,2.02%,,,,,,,,,ShowDailyK_ChartFlow,FinMind_API_TaiwanStockPrice_3443,True,2026-09-24T07:15:10,2026-09-24T07:15:10,2026-09-24T07:15:10
3443,創意,2025-10-13,1500.0,-15.0,-0.99%,,,,,,,,,ShowDailyK_ChartFlow,FinMind_API_TaiwanStockPrice_3443,True,2026-09-24T07:15:10,2026-09-24T07:15:10,2026-09-24T07:15:10
3443,創意,2025-10-14,1445.0,-55.0,-3.67%,,,,,,,,,ShowDailyK_ChartFlow,FinMind_API_TaiwanStockPrice_3443,True,2026-09-24T07:15:10,2026-09-24T07:15:10,2026-09-24T07:15:10
3443,創意,2025-10-15,1475.0,30.0,2.08%,,,,,,,,,ShowDailyK_ChartFlow,FinMind_API_TaiwanStockPrice_3443,True,2026-09-24T07:15:10,2026-09-24T07:15:10,2026-09-24T07:15:10
3443,創意,2025-10-16,1470.0,-5.0,-0.34%,,,,,,,,,ShowDailyK_ChartFlow,FinMind_API_TaiwanStockPrice_3443,True,2026-09-24T07:15:10,2026-09-24T07:15:10,2026-09-24T07:15:10
3443,創意,2025-10-17,1495.0,25.0,1.70%,,,,,,,,,ShowDailyK_ChartFlow,FinMind_API_TaiwanStockPrice_3443,True,2026-09-24T07:15:10,2026-09-24T07:15:10,2026-09-24T07:15:10
3443,創意,2025-10-20,1525.0,30.0,2.01%,,,,,,,,,ShowDailyK_ChartFlow,FinMind_API_TaiwanStockPrice_3443,True,2026-09-24T07:15:10,2026-09-24T07:15:10,2026-09-24T07:15:10
3443,創意,2025-10-21,1675.0,150.0,9.84%,,,,,,,,,ShowDailyK_ChartFlow,FinMind_API_TaiwanStockPrice_3443,True,2026-09-24T07:15:10,2026-09-24T07:15:10,2026-09-24T07:15:10
3443,創意,2025-10-22,1665.0,-10.0,-0.60%,,,,,,,,,ShowDailyK_ChartFlow,FinMind_API_TaiwanStockPrice_3443,True,2026-09-24T07:15:10,2026-09-24T07:15:10,2026-09-24T07:15:10
3443,創意,2025-10-23,1615.0,-50.0,-3.00%,,,,,,,,,ShowDailyK_ChartFlow,FinMind_API_TaiwanStockPrice_3443,True,2026-09-24T07:15:10,2026-09-24T07:15:10,2026-09-24T07:15:10
3443,創意,2025-10-27,1600.0,-15.0,-0.93%,,,,,,,,,ShowDailyK_ChartFlow,FinMind_API_TaiwanStockPrice_3443,True,2026-09-24T07:15:10,2026-09-24T07:15:10,2026-09-24T07:15:10
3443,創意,2025-10-28,1480.0,-120.0,-7.50%,,,,,,,,,ShowDailyK_ChartFlow,FinMind_API_TaiwanStockPrice_3443,True,2026-09-24T07:15:10,2026-09-24T07:15:10,2026-09-24T07:15:10
3443,創意,2025-10-29,1470.0,-10.0,-0.68%,,,,,,,,,ShowDailyK_ChartFlow,FinMind_API_TaiwanStockPrice_3443,True,2026-09-24T07:15:10,2026-09-24T07:15:10,2026-09-24T07:15:10
3443,創意,2025-10-30,1440.0,-30.0,-2.04%,,,,,,,,,ShowDailyK_ChartFlow,FinMind_API_TaiwanStockPrice_3443,True,2026-09-24T07:15:10,2026-09-24T07:15:10,2026-09-24T07:15:10
3443,創意,2025-10-31,1530.0,90.0,6.25%,,,,,,,,,ShowDailyK_ChartFlow,FinMind_API_TaiwanStockPrice_3443,True,2026-09-24T07:15:10,2026-09-24T07:15:10,2026-09-24T07:15:10
3443,創意,2025-11-03,1580.0,50.0,3.27%,,,,,,,,,ShowDailyK_ChartFlow,FinMind_API_TaiwanStockPrice_3443,True,2026-09-24T07:15:10,2026-09-24T07:15:10,2026-09-24T07:15:10
3443,創意,2025-11-04,1635.0,55.0,3.48%,,,,,,,,,ShowDailyK_ChartFlow,FinMind_API_TaiwanStockPrice_3443,True,2026-09-24T07:15:10,2026-09-24T07:15:10,2026-09-24T07:15:10
3443,創意,2025-11-05,1605.0,-30.0,-1.83%,,,,,,,,,ShowDailyK_ChartFlow,FinMind_API_TaiwanStockPrice_3443,True,2026-09-24T07:15:10,2026-09-24T07:15:10,2026-09-24T07:15:10
3443,創意,2025-11-06,1735.0,130.0,8.10%,,,,,,,,,ShowDailyK_ChartFlow,FinMind_API_TaiwanStockPrice_3443,True,2026-09-24T07:15:10,2026-09-24T07:15:10,2026-09-24T07:15:10
3443,創意,2025-11-07,1720.0,-15.0,-0.86%,,,,,,,,,ShowDailyK_ChartFlow,FinMind_API_TaiwanStockPrice_3443,True,2026-09-24T07:15:10,2026-09-24T07:15:10,2026-09-24T07:15:10
3443,創意,2025-11-10,1890.0,170.0,9.88%,,,,,,,,,ShowDailyK_ChartFlow,FinMind_API_TaiwanStockPrice_3443,True,2026-09-24T07:15:10,2026-09-24T07:15:10,2026-09-24T07:15:10
3443,創意,2025-11-11,1910.0,20.0,1.06%,,,,,,,,,ShowDailyK_ChartFlow,FinMind_API_TaiwanStockPrice_3443,True,2026-09-24T07:15:10,2026-09-24T07:15:10,2026-09-24T07:15:10
3443,創意,2025-11-12,1885.0,-25.0,-1.31%,,,,,,,,,ShowDailyK_ChartFlow,FinMind_API_TaiwanStockPrice_3443,True,2026-09-24T07:15:10,2026-09-24T07:15:10,2026-09-24T07:15:10
3443,創意,2025-11-13,1875.0,-10.0,-0.53%,,,,,,,,,ShowDailyK_ChartFlow,FinMind_API_TaiwanStockPrice_3443,True,2026-09-24T07:15:10,2026-09-24T07:15:10,2026-09-24T07:15:10
3443,創意,2025-11-14,1880.0,5.0,0.27%,,,,,,,,,ShowDailyK_ChartFlow,FinMind_API_TaiwanStockPrice_3443,True,2026-09-24T07:15:10,2026-09-24T07:15:10,2026-09-24T07:15:10
3443,創意,2025-11-17,1940.0,60.0,3.19%,,,,,,,,,ShowDailyK_ChartFlow,FinMind_API_TaiwanStockPrice_3443,True,2026-09-24T07:15:10,2026-09-24T07:15:10,2026-09-24T07:15:10
3443,創意,2025-11-18,1870.0,-70.0,-3.61%,,,,,,,,,ShowDailyK_ChartFlow,FinMind_API_TaiwanStockPrice_3443,True,2026-09-24T07:15:10,2026-09-24T07:15:10,2026-09-24T07:15:10
3443,創意,2025-11-19,1900.0,30.0,1.60%,,,,,,,,,ShowDailyK_ChartFlow,FinMind_API_TaiwanStockPrice_3443,True,2026-09-24T07:15:10,2026-09-24T07:15:10,2026-09-24T07:15:10
3443,創意,2025-11-20,1965.0,65.0,3.42%,,,,,,,,,ShowDailyK_ChartFlow,FinMind_API_TaiwanStockPrice_3443,True,2026-09-24T07:15:10,2026-09-24T07:15:10,2026-09-24T07:15:10
3443,創意,2025-11-21,1850.0,-115.0,-5.85%,,,,,,,,,ShowDailyK_ChartFlow,FinMind_API_TaiwanStockPrice_3443,True,2026-09-24T07:15:10,2026-09-24T07:15:10,2026-09-24T07:15:10
3443,創意,2025-11-24,1980.0,130.0,7.03%,,,,,,,,,ShowDailyK_ChartFlow,FinMind_API_TaiwanStockPrice_3443,True,2026-09-24T07:15:10,2026-09-24T07:15:10,2026-09-24T07:15:10
3443,創意,2025-11-25,2175.0,195.0,9.85%,,,,,,,,,ShowDailyK_ChartFlow,FinMind_API_TaiwanStockPrice_3443,True,2026-09-24T07:15:10,2026-09-24T07:15:10,2026-09-24T07:15:10
3443,創意,2025-11-26,2170.0,-5.0,-0.23%,,,,,,,,,ShowDailyK_ChartFlow,FinMind_API_TaiwanStockPrice_3443,True,2026-09-24T07:15:10,2026-09-24T07:15:10,2026-09-24T07:15:10
3443,創意,2025-11-27,2135.0,-35.0,-1.61%,,,,,,,,,ShowDailyK_ChartFlow,FinMind_API_TaiwanStockPrice_3443,True,2026-09-24T07:15:10,2026-09-24T07:15:10,2026-09-24T07:15:10
3443,創意,2025-11-28,2260.0,125.0,5.85%,,,,,,,,,ShowDailyK_ChartFlow,FinMind_API_TaiwanStockPrice_3443,True,2026-09-24T07:15:10,2026-09-24T07:15:10,2026-09-24T07:15:10
3443,創意,2025-12-01,2185.0,-75.0,-3.32%,,,,,,,,,ShowDailyK_ChartFlow,FinMind_API_TaiwanStockPrice_3443,True,2026-09-24T07:15:10,2026-09-24T07:15:10,2026-09-24T07:15:10
3443,創意,2025-12-02,2170.0,-15.0,-0.69%,,,,,,,,,ShowDailyK_ChartFlow,FinMind_API_TaiwanStockPrice_3443,True,2026-09-24T07:15:10,2026-09-24T07:15:10,2026-09-24T07:15:10
3443,創意,2025-12-03,2145.0,-25.0,-1.15%,,,,,,,,,ShowDailyK_ChartFlow,FinMind_API_TaiwanStockPrice_3443,True,2026-09-24T07:15:10,2026-09-24T07:15:10,2026-09-24T07:15:10
3443,創意,2025-12-04,2125.0,-20.0,-0.93%,,,,,,,,,ShowDailyK_ChartFlow,FinMind_API_TaiwanStockPrice_3443,True,2026-09-24T07:15:10,2026-09-24T07:15:10,2026-09-24T07:15:10
3443,創意,2025-12-05,2220.0,95.0,4.47%,,,,,,,,,ShowDailyK_ChartFlow,FinMind_API_TaiwanStockPrice_3443,True,2026-09-24T07:15:10,2026-09-24T07:15:10,2026-09-24T07:15:10
3443,創意,2025-12-08,2155.0,-65.0,-2.93%,,,,,,,,,ShowDailyK_ChartFlow,FinMind_API_TaiwanStockPrice_3443,True,2026-09-24T07:15:10,2026-09-24T07:15:10,2026-09-24T07:15:10
3443,創意,2025-12-09,2115.0,-40.0,-1.86%,,,,,,,,,ShowDailyK_ChartFlow,FinMind_API_TaiwanStockPrice_3443,True,2026-09-24T07:15:10,2026-09-24T07:15:10,2026-09-24T07:15:10
3443,創意,2025-12-10,2160.0,45.0,2.13%,,,,,,,,,ShowDailyK_ChartFlow,FinMind_API_TaiwanStockPrice_3443,True,2026-09-24T07:15:10,2026-09-24T07:15:10,2026-09-24T07:15:10
3443,創意,2025-12-11,2185.0,25.0,1.16%,,,,,,,,,ShowDailyK_ChartFlow,FinMind_API_TaiwanStockPrice_3443,True,2026-09-24T07:15:10,2026-09-24T07:15:10,2026-09-24T07:15:10
3443,創意,2025-12-12,2275.0,90.0,4.12%,,,,,,,,,ShowDailyK_ChartFlow,FinMind_API_TaiwanStockPrice_3443,True,2026-09-24T07:15:10,2026-09-24T07:15:10,2026-09-24T07:15:10
3443,創意,2025-12-15,2200.0,-75.0,-3.30%,,,,,,,,,ShowDailyK_ChartFlow,FinMind_API_TaiwanStockPrice_3443,True,2026-09-24T07:15:10,2026-09-24T07:15:10,2026-09-24T07:15:10
3443,創意,2025-12-16,2020.0,-180.0,-8.18%,,,,,,,,,ShowDailyK_ChartFlow,FinMind_API_TaiwanStockPrice_3443,True,2026-09-24T07:15:10,2026-09-24T07:15:10,2026-09-24T07:15:10
3443,創意,2025-12-17,2010.0,-10.0,-0.50%,,,,,,,,,ShowDailyK_ChartFlow,FinMind_API_TaiwanStockPrice_3443,True,2026-09-24T07:15:10,2026-09-24T07:15:10,2026-09-24T07:15:10
3443,創意,2025-12-18,2020.0,10.0,0.50%,,,,,,,,,ShowDailyK_ChartFlow,FinMind_API_TaiwanStockPrice_3443,True,2026-09-24T07:15:10,2026-09-24T07:15:10,2026-09-24T07:15:10
3443,創意,2025-12-19,2045.0,25.0,1.24%,,,,,,,,,ShowDailyK_ChartFlow,FinMind_API_TaiwanStockPrice_3443,True,2026-09-24T07:15:10,2026-09-24T07:15:10,2026-09-24T07:15:10
3443,創意,2025-12-22,2010.0,-35.0,-1.71%,,,,,,,,,ShowDailyK_ChartFlow,FinMind_API_TaiwanStockPrice_3443,True,2026-09-24T07:15:10,2026-09-24T07:15:10,2026-09-24T07:15:10
3443,創意,2025-12-23,2025.0,15.0,0.75%,,,,,,,,,ShowDailyK_ChartFlow,FinMind_API_TaiwanStockPrice_3443,True,2026-09-24T07:15:10,2026-09-24T07:15:10,2026-09-24T07:15:10
3443,創意,2025-12-24,2025.0,0.0,0.00%,,,,,,,,,ShowDailyK_ChartFlow,FinMind_API_TaiwanStockPrice_3443,True,2026-09-24T07:15:10,2026-09-24T07:15:10,2026-09-24T07:15:10
3443,創意,2025-12-26,2115.0,90.0,4.44%,,,,,,,,,ShowDailyK_ChartFlow,FinMind_API_TaiwanStockPrice_3443,True,2026-09-24T07:15:10,2026-09-24T07:15:10,2026-09-24T07:15:10
3443,創意,2025-12-29,2055.0,-60.0,-2.84%,,,,,,,,,ShowDailyK_ChartFlow,FinMind_API_TaiwanStockPrice_3443,True,2026-09-24T07:15:10,2026-09-24T07:15:10,2026-09-24T07:15:10
3443,創意,2025-12-30,2050.0,-5.0,-0.24%,,,,,,,,,ShowDailyK_ChartFlow,FinMind_API_TaiwanStockPrice_3443,True,2026-09-24T07:15:10,2026-09-24T07:15:10,2026-09-24T07:15:10
3443,創意,2025-12-31,2125.0,75.0,3.66%,,,,,,,,,ShowDailyK_ChartFlow,FinMind_API_TaiwanStockPrice_3443,True,2026-09-24T07:15:10,2026-09-24T07:15:10,2026-09-24T07:15:10
3443,創意,2026-01-02,2185.0,60.0,2.82%,,,,,,,,,ShowDailyK_ChartFlow,FinMind_API_TaiwanStockPrice_3443,True,2026-09-24T07:15:10,2026-09-24T07:15:10,2026-09-24T07:15:10
3443,創意,2026-01-05,2320.0,135.0,6.18%,,,,,,,,,ShowDailyK_ChartFlow,FinMind_API_TaiwanStockPrice_3443,True,2026-09-24T07:15:10,2026-09-24T07:15:10,2026-09-24T07:15:10
3443,創意,2026-01-06,2485.0,165.0,7.11%,,,,,,,,,ShowDailyK_ChartFlow,FinMind_API_TaiwanStockPrice_3443,True,2026-09-24T07:15:10,2026-09-24T07:15:10,2026-09-24T07:15:10
3443,創意,2026-01-07,2490.0,5.0,0.20%,,,,,,,,,ShowDailyK_ChartFlow,FinMind_API_TaiwanStockPrice_3443,True,2026-09-24T07:15:10,2026-09-24T07:15:10,2026-09-24T07:15:10
3443,創意,2026-01-08,2450.0,-40.0,-1.61%,,,,,,,,,ShowDailyK_ChartFlow,FinMind_API_TaiwanStockPrice_3443,True,2026-09-24T07:15:10,2026-09-24T07:15:10,2026-09-24T07:15:10
3443,創意,2026-01-09,2365.0,-85.0,-3.47%,,,,,,,,,ShowDailyK_ChartFlow,FinMind_API_TaiwanStockPrice_3443,True,2026-09-24T07:15:10,2026-09-24T07:15:10,2026-09-24T07:15:10
3443,創意,2026-01-12,2435.0,70.0,2.96%,,,,,,,,,ShowDailyK_ChartFlow,FinMind_API_TaiwanStockPrice_3443,True,2026-09-24T07:15:10,2026-09-24T07:15:10,2026-09-24T07:15:10
3443,創意,2026-01-13,2420.0,-15.0,-0.62%,,,,,,,,,ShowDailyK_ChartFlow,FinMind_API_TaiwanStockPrice_3443,True,2026-09-24T07:15:10,2026-09-24T07:15:10,2026-09-24T07:15:10
3443,創意,2026-01-14,2420.0,0.0,0.00%,,,,,,,,,ShowDailyK_ChartFlow,FinMind_API_TaiwanStockPrice_3443,True,2026-09-24T07:15:10,2026-09-24T07:15:10,2026-09-24T07:15:10
3443,創意,2026-01-15,2505.0,85.0,3.51%,,,,,,,,,ShowDailyK_ChartFlow,FinMind_API_TaiwanStockPrice_3443,True,2026-09-24T07:15:10,2026-09-24T07:15:10,2026-09-24T07:15:10
3443,創意,2026-01-16,2510.0,5.0,0.20%,,,,,,,,,ShowDailyK_ChartFlow,FinMind_API_TaiwanStockPrice_3443,True,2026-09-24T07:15:10,2026-09-24T07:15:10,2026-09-24T07:15:10
3443,創意,2026-01-19,2695.0,185.0,7.37%,,,,,,,,,ShowDailyK_ChartFlow,FinMind_API_TaiwanStockPrice_3443,True,2026-09-24T07:15:10,2026-09-24T07:15:10,2026-09-24T07:15:10
3443,創意,2026-01-20,2700.0,5.0,0.19%,,,,,,,,,ShowDailyK_ChartFlow,FinMind_API_TaiwanStockPrice_3443,True,2026-09-24T07:15:10,2026-09-24T07:15:10,2026-09-24T07:15:10
3443,創意,2026-01-21,2625.0,-75.0,-2.78%,,,,,,,,,ShowDailyK_ChartFlow,FinMind_API_TaiwanStockPrice_3443,True,2026-09-24T07:15:10,2026-09-24T07:15:10,2026-09-24T07:15:10
3443,創意,2026-01-22,2575.0,-50.0,-1.90%,,,,,,,,,ShowDailyK_ChartFlow,FinMind_API_TaiwanStockPrice_3443,True,2026-09-24T07:15:10,2026-09-24T07:15:10,2026-09-24T07:15:10
3443,創意,2026-01-23,2725.0,150.0,5.83%,,,,,,,,,ShowDailyK_ChartFlow,FinMind_API_TaiwanStockPrice_3443,True,2026-09-24T07:15:10,2026-09-24T07:15:10,2026-09-24T07:15:10
3443,創意,2026-01-26,2620.0,-105.0,-3.85%,,,,,,,,,ShowDailyK_ChartFlow,FinMind_API_TaiwanStockPrice_3443,True,2026-09-24T07:15:10,2026-09-24T07:15:10,2026-09-24T07:15:10
3443,創意,2026-01-27,2585.0,-35.0,-1.34%,,,,,,,,,ShowDailyK_ChartFlow,FinMind_API_TaiwanStockPrice_3443,True,2026-09-24T07:15:10,2026-09-24T07:15:10,2026-09-24T07:15:10
3443,創意,2026-01-28,2580.0,-5.0,-0.19%,,,,,,,,,ShowDailyK_ChartFlow,FinMind_API_TaiwanStockPrice_3443,True,2026-09-24T07:15:10,2026-09-24T07:15:10,2026-09-24T07:15:10
3443,創意,2026-01-29,2695.0,115.0,4.46%,,,,,,,,,ShowDailyK_ChartFlow,FinMind_API_TaiwanStockPrice_3443,True,2026-09-24T07:15:10,2026-09-24T07:15:10,2026-09-24T07:15:10
3443,創意,2026-01-30,2620.0,-75.0,-2.78%,,,,,,,,,ShowDailyK_ChartFlow,FinMind_API_TaiwanStockPrice_3443,True,2026-09-24T07:15:10,2026-09-24T07:15:10,2026-09-24T07:15:10
3443,創意,2026-02-02,2685.0,65.0,2.48%,,,,,,,,,ShowDailyK_ChartFlow,FinMind_API_TaiwanStockPrice_3443,True,2026-09-24T07:15:10,2026-09-24T07:15:10,2026-09-24T07:15:10
3443,創意,2026-02-03,2705.0,20.0,0.74%,,,,,,,,,ShowDailyK_ChartFlow,FinMind_API_TaiwanStockPrice_3443,True,2026-09-24T07:15:10,2026-09-24T07:15:10,2026-09-24T07:15:10
3443,創意,2026-02-04,2530.0,-175.0,-6.47%,,,,,,,,,ShowDailyK_ChartFlow,FinMind_API_TaiwanStockPrice_3443,True,2026-09-24T07:15:10,2026-09-24T07:15:10,2026-09-24T07:15:10
3443,創意,2026-02-05,2340.0,-190.0,-7.51%,,,,,,,,,ShowDailyK_ChartFlow,FinMind_API_TaiwanStockPrice_3443,True,2026-09-24T07:15:10,2026-09-24T07:15:10,2026-09-24T07:15:10
3443,創意,2026-02-06,2375.0,35.0,1.50%,,,,,,,,,ShowDailyK_ChartFlow,FinMind_API_TaiwanStockPrice_3443,True,2026-09-24T07:15:10,2026-09-24T07:15:10,2026-09-24T07:15:10
3443,創意,2026-02-09,2445.0,70.0,2.95%,,,,,,,,,ShowDailyK_ChartFlow,FinMind_API_TaiwanStockPrice_3443,True,2026-09-24T07:15:10,2026-09-24T07:15:10,2026-09-24T07:15:10
3443,創意,2026-02-10,2505.0,60.0,2.45%,,,,,,,,,ShowDailyK_ChartFlow,FinMind_API_TaiwanStockPrice_3443,True,2026-09-24T07:15:10,2026-09-24T07:15:10,2026-09-24T07:15:10
3443,創意,2026-02-11,2475.0,-30.0,-1.20%,,,,,,,,,ShowDailyK_ChartFlow,FinMind_API_TaiwanStockPrice_3443,True,2026-09-24T07:15:10,2026-09-24T07:15:10,2026-09-24T07:15:10
3443,創意,2026-02-23,2370.0,-105.0,-4.24%,,,,,,,,,ShowDailyK_ChartFlow,FinMind_API_TaiwanStockPrice_3443,True,2026-09-24T07:15:10,2026-09-24T07:15:10,2026-09-24T07:15:10
3443,創意,2026-02-24,2500.0,130.0,5.49%,,,,,,,,,ShowDailyK_ChartFlow,FinMind_API_TaiwanStockPrice_3443,True,2026-09-24T07:15:10,2026-09-24T07:15:10,2026-09-24T07:15:10
3443,創意,2026-02-25,2575.0,75.0,3.00%,,,,,,,,,ShowDailyK_ChartFlow,FinMind_API_TaiwanStockPrice_3443,True,2026-09-24T07:15:10,2026-09-24T07:15:10,2026-09-24T07:15:10
3443,創意,2026-02-26,2770.0,195.0,7.57%,,,,,,,,,ShowDailyK_ChartFlow,FinMind_API_TaiwanStockPrice_3443,True,2026-09-24T07:15:10,2026-09-24T07:15:10,2026-09-24T07:15:10
3443,創意,2026-03-02,2645.0,-125.0,-4.51%,,,,,,,,,ShowDailyK_ChartFlow,FinMind_API_TaiwanStockPrice_3443,True,2026-09-24T07:15:10,2026-09-24T07:15:10,2026-09-24T07:15:10
3443,創意,2026-03-03,2490.0,-155.0,-5.86%,,,,,,,,,ShowDailyK_ChartFlow,FinMind_API_TaiwanStockPrice_3443,True,2026-09-24T07:15:10,2026-09-24T07:15:10,2026-09-24T07:15:10
3443,創意,2026-03-04,2280.0,-210.0,-8.43%,,,,,,,,,ShowDailyK_ChartFlow,FinMind_API_TaiwanStockPrice_3443,True,2026-09-24T07:15:10,2026-09-24T07:15:10,2026-09-24T07:15:10
3443,創意,2026-03-05,2355.0,75.0,3.29%,,,,,,,,,ShowDailyK_ChartFlow,FinMind_API_TaiwanStockPrice_3443,True,2026-09-24T07:15:10,2026-09-24T07:15:10,2026-09-24T07:15:10
3443,創意,2026-03-06,2385.0,30.0,1.27%,,,,,,,,,ShowDailyK_ChartFlow,FinMind_API_TaiwanStockPrice_3443,True,2026-09-24T07:15:10,2026-09-24T07:15:10,2026-09-24T07:15:10
3443,創意,2026-03-09,2190.0,-195.0,-8.18%,,,,,,,,,ShowDailyK_ChartFlow,FinMind_API_TaiwanStockPrice_3443,True,2026-09-24T07:15:10,2026-09-24T07:15:10,2026-09-24T07:15:10
3443,創意,2026-03-10,2245.0,55.0,2.51%,,,,,,,,,ShowDailyK_ChartFlow,FinMind_API_TaiwanStockPrice_3443,True,2026-09-24T07:15:10,2026-09-24T07:15:10,2026-09-24T07:15:10
3443,創意,2026-03-11,2375.0,130.0,5.79%,,,,,,,,,ShowDailyK_ChartFlow,FinMind_API_TaiwanStockPrice_3443,True,2026-09-24T07:15:10,2026-09-24T07:15:10,2026-09-24T07:15:10
3443,創意,2026-03-12,2290.0,-85.0,-3.58%,,,,,,,,,ShowDailyK_ChartFlow,FinMind_API_TaiwanStockPrice_3443,True,2026-09-24T07:15:10,2026-09-24T07:15:10,2026-09-24T07:15:10
3443,創意,2026-03-13,2285.0,-5.0,-0.22%,,,,,,,,,ShowDailyK_ChartFlow,FinMind_API_TaiwanStockPrice_3443,True,2026-09-24T07:15:10,2026-09-24T07:15:10,2026-09-24T07:15:10
3443,創意,2026-03-16,2260.0,-25.0,-1.09%,,,,,,,,,ShowDailyK_ChartFlow,FinMind_API_TaiwanStockPrice_3443,True,2026-09-24T07:15:10,2026-09-24T07:15:10,2026-09-24T07:15:10
3443,創意,2026-03-17,2290.0,30.0,1.33%,,,,,,,,,ShowDailyK_ChartFlow,FinMind_API_TaiwanStockPrice_3443,True,2026-09-24T07:15:10,2026-09-24T07:15:10,2026-09-24T07:15:10
3443,創意,2026-03-18,2515.0,225.0,9.83%,,,,,,,,,ShowDailyK_ChartFlow,FinMind_API_TaiwanStockPrice_3443,True,2026-09-24T07:15:10,2026-09-24T07:15:10,2026-09-24T07:15:10
3443,創意,2026-03-19,2610.0,95.0,3.78%,,,,,,,,,ShowDailyK_ChartFlow,FinMind_API_TaiwanStockPrice_3443,True,2026-09-24T07:15:10,2026-09-24T07:15:10,2026-09-24T07:15:10
3443,創意,2026-03-20,2645.0,35.0,1.34%,,,,,,,,,ShowDailyK_ChartFlow,FinMind_API_TaiwanStockPrice_3443,True,2026-09-24T07:15:10,2026-09-24T07:15:10,2026-09-24T07:15:10
3443,創意,2026-03-23,2590.0,-55.0,-2.08%,,,,,,,,,ShowDailyK_ChartFlow,FinMind_API_TaiwanStockPrice_3443,True,2026-09-24T07:15:10,2026-09-24T07:15:10,2026-09-24T07:15:10
3443,創意,2026-03-24,2505.0,-85.0,-3.28%,,,,,,,,,ShowDailyK_ChartFlow,FinMind_API_TaiwanStockPrice_3443,True,2026-09-24T07:15:10,2026-09-24T07:15:10,2026-09-24T07:15:10
3443,創意,2026-03-25,2475.0,-30.0,-1.20%,,,,,,,,,ShowDailyK_ChartFlow,FinMind_API_TaiwanStockPrice_3443,True,2026-09-24T07:15:10,2026-09-24T07:15:10,2026-09-24T07:15:10
3443,創意,2026-03-26,2540.0,65.0,2.63%,,,,,,,,,ShowDailyK_ChartFlow,FinMind_API_TaiwanStockPrice_3443,True,2026-09-24T07:15:10,2026-09-24T07:15:10,2026-09-24T07:15:10
3443,創意,2026-03-27,2460.0,-80.0,-3.15%,,,,,,,,,ShowDailyK_ChartFlow,FinMind_API_TaiwanStockPrice_3443,True,2026-09-24T07:15:10,2026-09-24T07:15:10,2026-09-24T07:15:10
3443,創意,2026-03-30,2310.0,-150.0,-6.10%,,,,,,,,,ShowDailyK_ChartFlow,FinMind_API_TaiwanStockPrice_3443,True,2026-09-24T07:15:10,2026-09-24T07:15:10,2026-09-24T07:15:10
3443,創意,2026-03-31,2165.0,-145.0,-6.28%,,,,,,,,,ShowDailyK_ChartFlow,FinMind_API_TaiwanStockPrice_3443,True,2026-09-24T07:15:10,2026-09-24T07:15:10,2026-09-24T07:15:10
3443,創意,2026-04-01,2355.0,190.0,8.78%,,,,,,,,,ShowDailyK_ChartFlow,FinMind_API_TaiwanStockPrice_3443,True,2026-09-24T07:15:10,2026-09-24T07:15:10,2026-09-24T07:15:10
3443,創意,2026-04-02,2320.0,-35.0,-1.49%,,,,,,,,,ShowDailyK_ChartFlow,FinMind_API_TaiwanStockPrice_3443,True,2026-09-24T07:15:10,2026-09-24T07:15:10,2026-09-24T07:15:10
3443,創意,2026-04-07,2365.0,45.0,1.94%,,,,,,,,,ShowDailyK_ChartFlow,FinMind_API_TaiwanStockPrice_3443,True,2026-09-24T07:15:10,2026-09-24T07:15:10,2026-09-24T07:15:10
3443,創意,2026-04-08,2510.0,145.0,6.13%,,,,,,,,,ShowDailyK_ChartFlow,FinMind_API_TaiwanStockPrice_3443,True,2026-09-24T07:15:10,2026-09-24T07:15:10,2026-09-24T07:15:10
3443,創意,2026-04-09,2655.0,145.0,5.78%,,,,,,,,,ShowDailyK_ChartFlow,FinMind_API_TaiwanStockPrice_3443,True,2026-09-24T07:15:10,2026-09-24T07:15:10,2026-09-24T07:15:10
3443,創意,2026-04-10,2665.0,10.0,0.38%,,,,,,,,,ShowDailyK_ChartFlow,FinMind_API_TaiwanStockPrice_3443,True,2026-09-24T07:15:10,2026-09-24T07:15:10,2026-09-24T07:15:10
3443,創意,2026-04-13,2775.0,110.0,4.13%,,,,,,,,,ShowDailyK_ChartFlow,FinMind_API_TaiwanStockPrice_3443,True,2026-09-24T07:15:10,2026-09-24T07:15:10,2026-09-24T07:15:10
3443,創意,2026-04-14,3050.0,275.0,9.91%,,,,,,,,,ShowDailyK_ChartFlow,FinMind_API_TaiwanStockPrice_3443,True,2026-09-24T07:15:10,2026-09-24T07:15:10,2026-09-24T07:15:10
3443,創意,2026-04-15,3070.0,20.0,0.66%,,,,,,,,,ShowDailyK_ChartFlow,FinMind_API_TaiwanStockPrice_3443,True,2026-09-24T07:15:10,2026-09-24T07:15:10,2026-09-24T07:15:10
3443,創意,2026-04-16,3345.0,275.0,8.96%,,,,,,,,,ShowDailyK_ChartFlow,FinMind_API_TaiwanStockPrice_3443,True,2026-09-24T07:15:10,2026-09-24T07:15:10,2026-09-24T07:15:10
3443,創意,2026-04-17,3255.0,-90.0,-2.69%,,,,,,,,,ShowDailyK_ChartFlow,FinMind_API_TaiwanStockPrice_3443,True,2026-09-24T07:15:10,2026-09-24T07:15:10,2026-09-24T07:15:10
3443,創意,2026-04-20,3580.0,325.0,9.98%,,,,,,,,,ShowDailyK_ChartFlow,FinMind_API_TaiwanStockPrice_3443,True,2026-09-24T07:15:10,2026-09-24T07:15:10,2026-09-24T07:15:10
3443,創意,2026-04-21,3735.0,155.0,4.33%,,,,,,,,,ShowDailyK_ChartFlow,FinMind_API_TaiwanStockPrice_3443,True,2026-09-24T07:15:10,2026-09-24T07:15:10,2026-09-24T07:15:10
3443,創意,2026-04-22,3675.0,-60.0,-1.61%,,,,,,,,,ShowDailyK_ChartFlow,FinMind_API_TaiwanStockPrice_3443,True,2026-09-24T07:15:10,2026-09-24T07:15:10,2026-09-24T07:15:10
3443,創意,2026-04-23,3910.0,235.0,6.39%,,,,,,,,,ShowDailyK_ChartFlow,FinMind_API_TaiwanStockPrice_3443,True,2026-09-24T07:15:10,2026-09-24T07:15:10,2026-09-24T07:15:10
3443,創意,2026-04-24,4035.0,125.0,3.20%,,,,,,,,,ShowDailyK_ChartFlow,FinMind_API_TaiwanStockPrice_3443,True,2026-09-24T07:15:10,2026-09-24T07:15:10,2026-09-24T07:15:10
3443,創意,2026-04-27,3955.0,-80.0,-1.98%,,,,,,,,,ShowDailyK_ChartFlow,FinMind_API_TaiwanStockPrice_3443,True,2026-09-24T07:15:10,2026-09-24T07:15:10,2026-09-24T07:15:10
3443,創意,2026-04-28,4190.0,235.0,5.94%,,,,,,,,,ShowDailyK_ChartFlow,FinMind_API_TaiwanStockPrice_3443,True,2026-09-24T07:15:10,2026-09-24T07:15:10,2026-09-24T07:15:10
3443,創意,2026-04-29,4120.0,-70.0,-1.67%,,,,,,,,,ShowDailyK_ChartFlow,FinMind_API_TaiwanStockPrice_3443,True,2026-09-24T07:15:10,2026-09-24T07:15:10,2026-09-24T07:15:10
3443,創意,2026-04-30,4260.0,140.0,3.40%,,,,,,,,,ShowDailyK_ChartFlow,FinMind_API_TaiwanStockPrice_3443,True,2026-09-24T07:15:10,2026-09-24T07:15:10,2026-09-24T07:15:10
3443,創意,2026-05-04,4685.0,425.0,9.98%,,,,,,,,,ShowDailyK_ChartFlow,FinMind_API_TaiwanStockPrice_3443,True,2026-09-24T07:15:10,2026-09-24T07:15:10,2026-09-24T07:15:10
3443,創意,2026-05-05,4835.0,150.0,3.20%,,,,,,,,,ShowDailyK_ChartFlow,FinMind_API_TaiwanStockPrice_3443,True,2026-09-24T07:15:10,2026-09-24T07:15:10,2026-09-24T07:15:10
3443,創意,2026-05-06,4955.0,120.0,2.48%,,,,,,,,,ShowDailyK_ChartFlow,FinMind_API_TaiwanStockPrice_3443,True,2026-09-24T07:15:10,2026-09-24T07:15:10,2026-09-24T07:15:10
3443,創意,2026-05-07,5450.0,495.0,9.99%,,,,,,,,,ShowDailyK_ChartFlow,FinMind_API_TaiwanStockPrice_3443,True,2026-09-24T07:15:10,2026-09-24T07:15:10,2026-09-24T07:15:10
3443,創意,2026-05-08,5210.0,-240.0,-4.40%,,,,,,,,,ShowDailyK_ChartFlow,FinMind_API_TaiwanStockPrice_3443,True,2026-09-24T07:15:10,2026-09-24T07:15:10,2026-09-24T07:15:10
3443,創意,2026-05-11,5730.0,520.0,9.98%,,,,,,,,,ShowDailyK_ChartFlow,FinMind_API_TaiwanStockPrice_3443,True,2026-09-24T07:15:10,2026-09-24T07:15:10,2026-09-24T07:15:10
3443,創意,2026-05-12,5570.0,-160.0,-2.79%,,,,,,,,,ShowDailyK_ChartFlow,FinMind_API_TaiwanStockPrice_3443,True,2026-09-24T07:15:10,2026-09-24T07:15:10,2026-09-24T07:15:10
3443,創意,2026-05-13,5330.0,-240.0,-4.31%,,,,,,,,,ShowDailyK_ChartFlow,FinMind_API_TaiwanStockPrice_3443,True,2026-09-24T07:15:10,2026-09-24T07:15:10,2026-09-24T07:15:10
3443,創意,2026-05-14,5075.0,-255.0,-4.78%,,,,,,,,,ShowDailyK_ChartFlow,FinMind_API_TaiwanStockPrice_3443,True,2026-09-24T07:15:10,2026-09-24T07:15:10,2026-09-24T07:15:10
3443,創意,2026-05-15,4845.0,-230.0,-4.53%,,,,,,,,,ShowDailyK_ChartFlow,FinMind_API_TaiwanStockPrice_3443,True,2026-09-24T07:15:10,2026-09-24T07:15:10,2026-09-24T07:15:10
3443,創意,2026-05-18,4740.0,-105.0,-2.17%,,,,,,,,,ShowDailyK_ChartFlow,FinMind_API_TaiwanStockPrice_3443,True,2026-09-24T07:15:10,2026-09-24T07:15:10,2026-09-24T07:15:10
3443,創意,2026-05-19,4465.0,-275.0,-5.80%,,,,,,,,,ShowDailyK_ChartFlow,FinMind_API_TaiwanStockPrice_3443,True,2026-09-24T07:15:10,2026-09-24T07:15:10,2026-09-24T07:15:10
3443,創意,2026-05-20,4605.0,140.0,3.14%,,,,,,,,,ShowDailyK_ChartFlow,FinMind_API_TaiwanStockPrice_3443,True,2026-09-24T07:15:10,2026-09-24T07:15:10,2026-09-24T07:15:10
3443,創意,2026-05-21,5065.0,460.0,9.99%,,,,,,,,,ShowDailyK_ChartFlow,FinMind_API_TaiwanStockPrice_3443,True,2026-09-24T07:15:10,2026-09-24T07:15:10,2026-09-24T07:15:10
3443,創意,2026-05-22,5140.0,75.0,1.48%,,,,,,,,,ShowDailyK_ChartFlow,FinMind_API_TaiwanStockPrice_3443,True,2026-09-24T07:15:10,2026-09-24T07:15:10,2026-09-24T07:15:10
3443,創意,2026-05-25,5310.0,170.0,3.31%,,,,,,,,,ShowDailyK_ChartFlow,FinMind_API_TaiwanStockPrice_3443,True,2026-09-24T07:15:10,2026-09-24T07:15:10,2026-09-24T07:15:10
3443,創意,2026-05-26,5285.0,-25.0,-0.47%,,,,,,,,,ShowDailyK_ChartFlow,FinMind_API_TaiwanStockPrice_3443,True,2026-09-24T07:15:10,2026-09-24T07:15:10,2026-09-24T07:15:10
3443,創意,2026-05-27,5100.0,-185.0,-3.50%,,,,,,,,,ShowDailyK_ChartFlow,FinMind_API_TaiwanStockPrice_3443,True,2026-09-24T07:15:10,2026-09-24T07:15:10,2026-09-24T07:15:10
3443,創意,2026-05-28,4590.0,-510.0,-10.00%,,,,,,,,,ShowDailyK_ChartFlow,FinMind_API_TaiwanStockPrice_3443,True,2026-09-24T07:15:10,2026-09-24T07:15:10,2026-09-24T07:15:10
3443,創意,2026-05-29,4670.0,80.0,1.74%,,,,,,,,,ShowDailyK_ChartFlow,FinMind_API_TaiwanStockPrice_3443,True,2026-09-24T07:15:10,2026-09-24T07:15:10,2026-09-24T07:15:10
3443,創意,2026-06-01,4655.0,-15.0,-0.32%,,,,,,,,,ShowDailyK_ChartFlow,FinMind_API_TaiwanStockPrice_3443,True,2026-09-24T07:15:10,2026-09-24T07:15:10,2026-09-24T07:15:10
3443,創意,2026-06-02,4535.0,-120.0,-2.58%,,,,,,,,,ShowDailyK_ChartFlow,FinMind_API_TaiwanStockPrice_3443,True,2026-09-24T07:15:10,2026-09-24T07:15:10,2026-09-24T07:15:10
3443,創意,2026-06-03,4605.0,70.0,1.54%,,,,,,,,,ShowDailyK_ChartFlow,FinMind_API_TaiwanStockPrice_3443,True,2026-09-24T07:15:10,2026-09-24T07:15:10,2026-09-24T07:15:10
3443,創意,2026-06-04,4400.0,-205.0,-4.45%,,,,,,,,,ShowDailyK_ChartFlow,FinMind_API_TaiwanStockPrice_3443,True,2026-09-24T07:15:10,2026-09-24T07:15:10,2026-09-24T07:15:10
3443,創意,2026-06-05,4410.0,10.0,0.23%,,,,,,,,,ShowDailyK_ChartFlow,FinMind_API_TaiwanStockPrice_3443,True,2026-09-24T07:15:10,2026-09-24T07:15:10,2026-09-24T07:15:10
3443,創意,2026-06-08,4255.0,-155.0,-3.51%,,,,,,,,,ShowDailyK_ChartFlow,FinMind_API_TaiwanStockPrice_3443,True,2026-09-24T07:15:10,2026-09-24T07:15:10,2026-09-24T07:15:10
3443,創意,2026-06-09,4310.0,55.0,1.29%,,,,,,,,,ShowDailyK_ChartFlow,FinMind_API_TaiwanStockPrice_3443,True,2026-09-24T07:15:10,2026-09-24T07:15:10,2026-09-24T07:15:10
3443,創意,2026-06-10,4025.0,-285.0,-6.61%,,,,,,,,,ShowDailyK_ChartFlow,FinMind_API_TaiwanStockPrice_3443,True,2026-09-24T07:15:10,2026-09-24T07:15:10,2026-09-24T07:15:10
3443,創意,2026-06-11,4105.0,80.0,1.99%,,,,,,,,,ShowDailyK_ChartFlow,FinMind_API_TaiwanStockPrice_3443,True,2026-09-24T07:15:10,2026-09-24T07:15:10,2026-09-24T07:15:10
3443,創意,2026-06-12,4380.0,275.0,6.70%,,,,,,,,,ShowDailyK_ChartFlow,FinMind_API_TaiwanStockPrice_3443,True,2026-09-24T07:15:10,2026-09-24T07:15:10,2026-09-24T07:15:10
3443,創意,2026-06-15,4815.0,435.0,9.93%,,,,,,,,,ShowDailyK_ChartFlow,FinMind_API_TaiwanStockPrice_3443,True,2026-09-24T07:15:10,2026-09-24T07:15:10,2026-09-24T07:15:10
3443,創意,2026-06-16,4920.0,105.0,2.18%,,,,,,,,,ShowDailyK_ChartFlow,FinMind_API_TaiwanStockPrice_3443,True,2026-09-24T07:15:10,2026-09-24T07:15:10,2026-09-24T07:15:10
3443,創意,2026-06-17,5075.0,155.0,3.15%,,,,,,,,,ShowDailyK_ChartFlow,FinMind_API_TaiwanStockPrice_3443,True,2026-09-24T07:15:10,2026-09-24T07:15:10,2026-09-24T07:15:10
3443,創意,2026-06-18,4860.0,-215.0,-4.24%,,,,,,,,,ShowDailyK_ChartFlow,FinMind_API_TaiwanStockPrice_3443,True,2026-09-24T07:15:10,2026-09-24T07:15:10,2026-09-24T07:15:10
3443,創意,2026-06-22,4755.0,-105.0,-2.16%,,,,,,,,,ShowDailyK_ChartFlow,FinMind_API_TaiwanStockPrice_3443,True,2026-09-24T07:15:10,2026-09-24T07:15:10,2026-09-24T07:15:10
3443,創意,2026-06-23,4725.0,-30.0,-0.63%,,,,,,,,,ShowDailyK_ChartFlow,FinMind_API_TaiwanStockPrice_3443,True,2026-09-24T07:15:10,2026-09-24T07:15:10,2026-09-24T07:15:10
3443,創意,2026-06-24,4880.0,155.0,3.28%,,,,,,,,,ShowDailyK_ChartFlow,FinMind_API_TaiwanStockPrice_3443,True,2026-09-24T07:15:10,2026-09-24T07:15:10,2026-09-24T07:15:10
3443,創意,2026-06-25,4850.0,-30.0,-0.61%,,,,,,,,,ShowDailyK_ChartFlow,FinMind_API_TaiwanStockPrice_3443,True,2026-09-24T07:15:10,2026-09-24T07:15:10,2026-09-24T07:15:10
3443,創意,2026-06-26,4420.0,-430.0,-8.87%,,,,,,,,,ShowDailyK_ChartFlow,FinMind_API_TaiwanStockPrice_3443,True,2026-09-24T07:15:10,2026-09-24T07:15:10,2026-09-24T07:15:10
3443,創意,2026-06-29,4420.0,0.0,0.00%,,,,,,,,,ShowDailyK_ChartFlow,FinMind_API_TaiwanStockPrice_3443,True,2026-09-24T07:15:10,2026-09-24T07:15:10,2026-09-24T07:15:10
3443,創意,2026-06-30,4845.0,425.0,9.62%,,,,,,,,,ShowDailyK_ChartFlow,FinMind_API_TaiwanStockPrice_3443,True,2026-09-24T07:15:10,2026-09-24T07:15:10,2026-09-24T07:15:10
3443,創意,2026-07-01,5045.0,200.0,4.13%,,,,,,,,,ShowDailyK_ChartFlow,FinMind_API_TaiwanStockPrice_3443,True,2026-09-24T07:15:10,2026-09-24T07:15:10,2026-09-24T07:15:10
3443,創意,2026-07-02,5330.0,285.0,5.65%,,,,,,,,,ShowDailyK_ChartFlow,FinMind_API_TaiwanStockPrice_3443,True,2026-09-24T07:15:10,2026-09-24T07:15:10,2026-09-24T07:15:10
3443,創意,2026-07-03,5040.0,-290.0,-5.44%,,,,,,,,,ShowDailyK_ChartFlow,FinMind_API_TaiwanStockPrice_3443,True,2026-09-24T07:15:10,2026-09-24T07:15:10,2026-09-24T07:15:10
3443,創意,2026-07-06,4605.0,-435.0,-8.63%,,,,,,,,,ShowDailyK_ChartFlow,FinMind_API_TaiwanStockPrice_3443,True,2026-09-24T07:15:10,2026-09-24T07:15:10,2026-09-24T07:15:10
3443,創意,2026-07-07,4480.0,-125.0,-2.71%,,,,,,,,,ShowDailyK_ChartFlow,FinMind_API_TaiwanStockPrice_3443,True,2026-09-24T07:15:10,2026-09-24T07:15:10,2026-09-24T07:15:10
3443,創意,2026-07-08,4400.0,-80.0,-1.79%,,,,,,,,,ShowDailyK_ChartFlow,FinMind_API_TaiwanStockPrice_3443,True,2026-09-24T07:15:10,2026-09-24T07:15:10,2026-09-24T07:15:10
3443,創意,2026-07-09,4340.0,-60.0,-1.36%,,,,,,,,,ShowDailyK_ChartFlow,FinMind_API_TaiwanStockPrice_3443,True,2026-09-24T07:15:10,2026-09-24T07:15:10,2026-09-24T07:15:10
3443,創意,2026-07-13,4270.0,-70.0,-1.61%,,,,,,,,,ShowDailyK_ChartFlow,FinMind_API_TaiwanStockPrice_3443,True,2026-09-24T07:15:10,2026-09-24T07:15:10,2026-09-24T07:15:10
3443,創意,2026-07-14,4020.0,-250.0,-5.85%,,,,,,,,,ShowDailyK_ChartFlow,FinMind_API_TaiwanStockPrice_3443,True,2026-09-24T07:15:10,2026-09-24T07:15:10,2026-09-24T07:15:10
3443,創意,2026-07-15,4120.0,100.0,2.49%,,,,,,,,,ShowDailyK_ChartFlow,FinMind_API_TaiwanStockPrice_3443,True,2026-09-24T07:15:10,2026-09-24T07:15:10,2026-09-24T07:15:10
3443,創意,2026-07-16,4185.0,65.0,1.58%,,,,,,,,,ShowDailyK_ChartFlow,FinMind_API_TaiwanStockPrice_3443,True,2026-09-24T07:15:10,2026-09-24T07:15:10,2026-09-24T07:15:10
3443,創意,2026-07-17,3835.0,-350.0,-8.36%,,,,,,,,,ShowDailyK_ChartFlow,FinMind_API_TaiwanStockPrice_3443,True,2026-09-24T07:15:10,2026-09-24T07:15:10,2026-09-24T07:15:10
3443,創意,2026-07-20,3745.0,-90.0,-2.35%,,,,,,,,,ShowDailyK_ChartFlow,FinMind_API_TaiwanStockPrice_3443,True,2026-09-24T07:15:10,2026-09-24T07:15:10,2026-09-24T07:15:10
3443,創意,2026-07-21,4115.0,370.0,9.88%,,,,,,,,,ShowDailyK_ChartFlow,FinMind_API_TaiwanStockPrice_3443,True,2026-09-24T07:15:10,2026-09-24T07:15:10,2026-09-24T07:15:10
3443,創意,2026-07-22,4370.0,255.0,6.20%,,,,,,,,,ShowDailyK_ChartFlow,FinMind_API_TaiwanStockPrice_3443,True,2026-09-24T07:15:10,2026-09-24T07:15:10,2026-09-24T07:15:10
3443,創意,2026-07-23,4380.0,10.0,0.23%,,,,,,,,,ShowDailyK_ChartFlow,FinMind_API_TaiwanStockPrice_3443,True,2026-09-24T07:15:10,2026-09-24T07:15:10,2026-09-24T07:15:10
3443,創意,2026-07-24,4070.0,-310.0,-7.08%,,,,,,,,,ShowDailyK_ChartFlow,FinMind_API_TaiwanStockPrice_3443,True,2026-09-24T07:15:10,2026-09-24T07:15:10,2026-09-24T07:15:10
3443,創意,2026-07-27,4050.0,-20.0,-0.49%,,,,,,,,,ShowDailyK_ChartFlow,FinMind_API_TaiwanStockPrice_3443,True,2026-09-24T07:15:10,2026-09-24T07:15:10,2026-09-24T07:15:10
3443,創意,2026-07-28,3660.0,-390.0,-9.63%,,,,,,,,,ShowDailyK_ChartFlow,FinMind_API_TaiwanStockPrice_3443,True,2026-09-24T07:15:10,2026-09-24T07:15:10,2026-09-24T07:15:10
3443,創意,2026-07-29,3295.0,-365.0,-9.97%,,,,,,,,,ShowDailyK_ChartFlow,FinMind_API_TaiwanStockPrice_3443,True,2026-09-24T07:15:10,2026-09-24T07:15:10,2026-09-24T07:15:10
3443,創意,2026-07-30,3460.0,165.0,5.01%,,,,,,,,,ShowDailyK_ChartFlow,FinMind_API_TaiwanStockPrice_3443,True,2026-09-24T07:15:10,2026-09-24T07:15:10,2026-09-24T07:15:10
3443,創意,2026-07-31,3805.0,345.0,9.97%,,,,,,,,,ShowDailyK_ChartFlow,FinMind_API_TaiwanStockPrice_3443,True,2026-09-24T07:15:10,2026-09-24T07:15:10,2026-09-24T07:15:10
3443,創意,2026-08-03,4185.0,380.0,9.99%,,,,,,,,,ShowDailyK_ChartFlow,FinMind_API_TaiwanStockPrice_3443,True,2026-09-24T07:15:10,2026-09-24T07:15:10,2026-09-24T07:15:10
3443,創意,2026-08-04,4145.0,-40.0,-0.96%,,,,,,,,,ShowDailyK_ChartFlow,FinMind_API_TaiwanStockPrice_3443,True,2026-09-24T07:15:10,2026-09-24T07:15:10,2026-09-24T07:15:10
3443,創意,2026-08-05,4390.0,245.0,5.91%,,,,,,,,,ShowDailyK_ChartFlow,FinMind_API_TaiwanStockPrice_3443,True,2026-09-24T07:15:10,2026-09-24T07:15:10,2026-09-24T07:15:10
3443,創意,2026-08-06,4480.0,90.0,2.05%,,,,,,,,,ShowDailyK_ChartFlow,FinMind_API_TaiwanStockPrice_3443,True,2026-09-24T07:15:10,2026-09-24T07:15:10,2026-09-24T07:15:10
3443,創意,2026-08-07,4545.0,65.0,1.45%,,,,,,,,,ShowDailyK_ChartFlow,FinMind_API_TaiwanStockPrice_3443,True,2026-09-24T07:15:10,2026-09-24T07:15:10,2026-09-24T07:15:10
3443,創意,2026-08-10,4530.0,-15.0,-0.33%,,,,,,,,,ShowDailyK_ChartFlow,FinMind_API_TaiwanStockPrice_3443,True,2026-09-24T07:15:10,2026-09-24T07:15:10,2026-09-24T07:15:10
3443,創意,2026-08-11,4955.0,425.0,9.38%,,,,,,,,,ShowDailyK_ChartFlow,FinMind_API_TaiwanStockPrice_3443,True,2026-09-24T07:15:10,2026-09-24T07:15:10,2026-09-24T07:15:10
3443,創意,2026-08-12,5130.0,175.0,3.53%,,,,,,,,,ShowDailyK_ChartFlow,FinMind_API_TaiwanStockPrice_3443,True,2026-09-24T07:15:10,2026-09-24T07:15:10,2026-09-24T07:15:10
3443,創意,2026-08-13,5540.0,410.0,7.99%,,,,,,,,,ShowDailyK_ChartFlow,FinMind_API_TaiwanStockPrice_3443,True,2026-09-24T07:15:10,2026-09-24T07:15:10,2026-09-24T07:15:10
3443,創意,2026-08-14,5465.0,-75.0,-1.35%,,,,,,,,,ShowDailyK_ChartFlow,FinMind_API_TaiwanStockPrice_3443,True,2026-09-24T07:15:10,2026-09-24T07:15:10,2026-09-24T07:15:10
3443,創意,2026-08-17,5850.0,385.0,7.04%,,,,,,,,,ShowDailyK_ChartFlow,FinMind_API_TaiwanStockPrice_3443,True,2026-09-24T07:15:10,2026-09-24T07:15:10,2026-09-24T07:15:10
3443,創意,2026-08-18,5535.0,-315.0,-5.38%,,,,,,,,,ShowDailyK_ChartFlow,FinMind_API_TaiwanStockPrice_3443,True,2026-09-24T07:15:10,2026-09-24T07:15:10,2026-09-24T07:15:10
3443,創意,2026-08-19,5295.0,-240.0,-4.34%,,,,,,,,,ShowDailyK_ChartFlow,FinMind_API_TaiwanStockPrice_3443,True,2026-09-24T07:15:10,2026-09-24T07:15:10,2026-09-24T07:15:10
3443,創意,2026-08-20,5630.0,335.0,6.33%,,,,,,,,,ShowDailyK_ChartFlow,FinMind_API_TaiwanStockPrice_3443,True,2026-09-24T07:15:10,2026-09-24T07:15:10,2026-09-24T07:15:10
3443,創意,2026-08-21,5600.0,-30.0,-0.53%,,,,,,,,,ShowDailyK_ChartFlow,FinMind_API_TaiwanStockPrice_3443,True,2026-09-24T07:15:10,2026-09-24T07:15:10,2026-09-24T07:15:10
3443,創意,2026-08-24,5365.0,-235.0,-4.20%,,,,,,,,,ShowDailyK_ChartFlow,FinMind_API_TaiwanStockPrice_3443,True,2026-09-24T07:15:10,2026-09-24T07:15:10,2026-09-24T07:15:10
3443,創意,2026-08-25,5570.0,205.0,3.82%,,,,,,,,,ShowDailyK_ChartFlow,FinMind_API_TaiwanStockPrice_3443,True,2026-09-24T07:15:10,2026-09-24T07:15:10,2026-09-24T07:15:10
3443,創意,2026-08-26,6125.0,555.0,9.96%,,,,,,,,,ShowDailyK_ChartFlow,FinMind_API_TaiwanStockPrice_3443,True,2026-09-24T07:15:10,2026-09-24T07:15:10,2026-09-24T07:15:10
3443,創意,2026-08-27,5920.0,-205.0,-3.35%,,,,,,,,,ShowDailyK_ChartFlow,FinMind_API_TaiwanStockPrice_3443,True,2026-09-24T07:15:10,2026-09-24T07:15:10,2026-09-24T07:15:10
3443,創意,2026-08-28,6015.0,95.0,1.60%,,,,,,,,,ShowDailyK_ChartFlow,FinMind_API_TaiwanStockPrice_3443,True,2026-09-24T07:15:10,2026-09-24T07:15:10,2026-09-24T07:15:10
3443,創意,2026-08-31,6100.0,85.0,1.41%,,,,,,,,,ShowDailyK_ChartFlow,FinMind_API_TaiwanStockPrice_3443,True,2026-09-24T07:15:10,2026-09-24T07:15:10,2026-09-24T07:15:10
3443,創意,2026-09-01,5995.0,-105.0,-1.72%,,,,,,,,,ShowDailyK_ChartFlow,FinMind_API_TaiwanStockPrice_3443,True,2026-09-24T07:15:10,2026-09-24T07:15:10,2026-09-24T07:15:10
3443,創意,2026-09-02,5895.0,-100.0,-1.67%,,,,,,,,,ShowDailyK_ChartFlow,FinMind_API_TaiwanStockPrice_3443,True,2026-09-24T07:15:10,2026-09-24T07:15:10,2026-09-24T07:15:10
3443,創意,2026-09-03,5800.0,-95.0,-1.61%,,,,,,,,,ShowDailyK_ChartFlow,FinMind_API_TaiwanStockPrice_3443,True,2026-09-24T07:15:10,2026-09-24T07:15:10,2026-09-24T07:15:10
3443,創意,2026-09-04,5810.0,10.0,0.17%,,,,,,,,,ShowDailyK_ChartFlow,FinMind_API_TaiwanStockPrice_3443,True,2026-09-24T07:15:10,2026-09-24T07:15:10,2026-09-24T07:15:10
3443,創意,2026-09-07,5935.0,125.0,2.15%,,,,,,,,,ShowDailyK_ChartFlow,FinMind_API_TaiwanStockPrice_3443,True,2026-09-24T07:15:10,2026-09-24T07:15:10,2026-09-24T07:15:10
3443,創意,2026-09-08,5960.0,25.0,0.42%,,,,,,,,,ShowDailyK_ChartFlow,FinMind_API_TaiwanStockPrice_3443,True,2026-09-24T07:15:10,2026-09-24T07:15:10,2026-09-24T07:15:10
3443,創意,2026-09-09,5925.0,-35.0,-0.59%,,,,,,,,,ShowDailyK_ChartFlow,FinMind_API_TaiwanStockPrice_3443,True,2026-09-24T07:15:10,2026-09-24T07:15:10,2026-09-24T07:15:10
3443,創意,2026-09-10,6225.0,300.0,5.06%,,,,,,,,,ShowDailyK_ChartFlow,FinMind_API_TaiwanStockPrice_3443,True,2026-09-24T07:15:10,2026-09-24T07:15:10,2026-09-24T07:15:10
3443,創意,2026-09-11,6120.0,-105.0,-1.69%,,,,,,,,,ShowDailyK_ChartFlow,FinMind_API_TaiwanStockPrice_3443,True,2026-09-24T07:15:10,2026-09-24T07:15:10,2026-09-24T07:15:10
3443,創意,2026-09-14,6400.0,280.0,4.58%,,,,,,,,,ShowDailyK_ChartFlow,FinMind_API_TaiwanStockPrice_3443,True,2026-09-24T07:15:10,2026-09-24T07:15:10,2026-09-24T07:15:10
3443,創意,2026-09-15,6035.0,-365.0,-5.70%,,,,,,,,,ShowDailyK_ChartFlow,FinMind_API_TaiwanStockPrice_3443,True,2026-09-24T07:15:10,2026-09-24T07:15:10,2026-09-24T07:15:10
3443,創意,2026-09-16,6170.0,135.0,2.24%,,,,,,,,,ShowDailyK_ChartFlow,FinMind_API_TaiwanStockPrice_3443,True,2026-09-24T07:15:10,2026-09-24T07:15:10,2026-09-24T07:15:10
3443,創意,2026-09-17,6500.0,330.0,5.35%,,,,,,,,,ShowDailyK_ChartFlow,FinMind_API_TaiwanStockPrice_3443,True,2026-09-24T07:15:10,2026-09-24T07:15:10,2026-09-24T07:15:10
3443,創意,2026-09-18,7150.0,650.0,10.00%,,,,,,,,,ShowDailyK_ChartFlow,FinMind_API_TaiwanStockPrice_3443,True,2026-09-24T07:15:10,2026-09-24T07:15:10,2026-09-24T07:15:10
3443,創意,2026-09-21,7615.0,465.0,6.50%,,,,,,,,,ShowDailyK_ChartFlow,FinMind_API_TaiwanStockPrice_3443,True,2026-09-24T07:15:10,2026-09-24T07:15:10,2026-09-24T07:15:10
3443,創意,2026-09-22,8375.0,760.0,9.98%,,,,,,,,,ShowDailyK_ChartFlow,FinMind_API_TaiwanStockPrice_3443,True,2026-09-24T07:15:10,2026-09-24T07:15:10,2026-09-24T07:15:10
3443,創意,2026-09-23,8385.0,10.0,0.12%,,,,,,,,,ShowDailyK_ChartFlow,FinMind_API_TaiwanStockPrice_3443,True,2026-09-24T07:15:10,2026-09-24T07:15:10,2026-09-24T07:15:10
3443,創意,2026-09-24,8525.0,140.0,1.67%,,,,,,,,,ShowDailyK_ChartFlow,FinMind_API_TaiwanStockPrice_3443,True,2026-09-24T07:15:10,2026-09-24T07:15:10,2026-09-24T07:15:10
