stock_code,company_name,交易_日期,收盤價_元,漲跌價_元,漲跌幅_pct,河流圖_eps_元,目前_per_倍,本益比試算價格_15x_元,本益比試算價格_18x_元,本益比試算價格_21x_元,本益比試算價格_24x_元,本益比試算價格_27x_元,本益比試算價格_30x_元,file_type,source_file,download_success,download_timestamp,process_timestamp,stage1_process_timestamp
2408,南亞科,2021-01-04,90.7,,,,,,,,,,,ShowDailyK_ChartFlow,FinMind_API_TaiwanStockPrice_2408,True,2026-09-22T07:17:30,2026-09-22T07:17:30,2026-09-22T07:17:30
2408,南亞科,2021-01-05,90.5,-0.20000000000000284,-0.22%,,,,,,,,,ShowDailyK_ChartFlow,FinMind_API_TaiwanStockPrice_2408,True,2026-09-22T07:17:30,2026-09-22T07:17:30,2026-09-22T07:17:30
2408,南亞科,2021-01-06,91.5,1.0,1.10%,,,,,,,,,ShowDailyK_ChartFlow,FinMind_API_TaiwanStockPrice_2408,True,2026-09-22T07:17:30,2026-09-22T07:17:30,2026-09-22T07:17:30
2408,南亞科,2021-01-07,92.8,1.2999999999999972,1.42%,,,,,,,,,ShowDailyK_ChartFlow,FinMind_API_TaiwanStockPrice_2408,True,2026-09-22T07:17:30,2026-09-22T07:17:30,2026-09-22T07:17:30
2408,南亞科,2021-01-08,96.7,3.9000000000000057,4.20%,,,,,,,,,ShowDailyK_ChartFlow,FinMind_API_TaiwanStockPrice_2408,True,2026-09-22T07:17:30,2026-09-22T07:17:30,2026-09-22T07:17:30
2408,南亞科,2021-01-11,91.2,-5.5,-5.69%,,,,,,,,,ShowDailyK_ChartFlow,FinMind_API_TaiwanStockPrice_2408,True,2026-09-22T07:17:30,2026-09-22T07:17:30,2026-09-22T07:17:30
2408,南亞科,2021-01-12,87.7,-3.5,-3.84%,,,,,,,,,ShowDailyK_ChartFlow,FinMind_API_TaiwanStockPrice_2408,True,2026-09-22T07:17:30,2026-09-22T07:17:30,2026-09-22T07:17:30
2408,南亞科,2021-01-13,88.7,1.0,1.14%,,,,,,,,,ShowDailyK_ChartFlow,FinMind_API_TaiwanStockPrice_2408,True,2026-09-22T07:17:30,2026-09-22T07:17:30,2026-09-22T07:17:30
2408,南亞科,2021-01-14,89.8,1.0999999999999943,1.24%,,,,,,,,,ShowDailyK_ChartFlow,FinMind_API_TaiwanStockPrice_2408,True,2026-09-22T07:17:30,2026-09-22T07:17:30,2026-09-22T07:17:30
2408,南亞科,2021-01-15,86.2,-3.5999999999999943,-4.01%,,,,,,,,,ShowDailyK_ChartFlow,FinMind_API_TaiwanStockPrice_2408,True,2026-09-22T07:17:30,2026-09-22T07:17:30,2026-09-22T07:17:30
2408,南亞科,2021-01-18,86.0,-0.20000000000000284,-0.23%,,,,,,,,,ShowDailyK_ChartFlow,FinMind_API_TaiwanStockPrice_2408,True,2026-09-22T07:17:30,2026-09-22T07:17:30,2026-09-22T07:17:30
2408,南亞科,2021-01-19,86.8,0.7999999999999972,0.93%,,,,,,,,,ShowDailyK_ChartFlow,FinMind_API_TaiwanStockPrice_2408,True,2026-09-22T07:17:30,2026-09-22T07:17:30,2026-09-22T07:17:30
2408,南亞科,2021-01-20,84.3,-2.5,-2.88%,,,,,,,,,ShowDailyK_ChartFlow,FinMind_API_TaiwanStockPrice_2408,True,2026-09-22T07:17:30,2026-09-22T07:17:30,2026-09-22T07:17:30
2408,南亞科,2021-01-21,85.8,1.5,1.78%,,,,,,,,,ShowDailyK_ChartFlow,FinMind_API_TaiwanStockPrice_2408,True,2026-09-22T07:17:30,2026-09-22T07:17:30,2026-09-22T07:17:30
2408,南亞科,2021-01-22,85.4,-0.3999999999999915,-0.47%,,,,,,,,,ShowDailyK_ChartFlow,FinMind_API_TaiwanStockPrice_2408,True,2026-09-22T07:17:30,2026-09-22T07:17:30,2026-09-22T07:17:30
2408,南亞科,2021-01-25,85.1,-0.30000000000001137,-0.35%,,,,,,,,,ShowDailyK_ChartFlow,FinMind_API_TaiwanStockPrice_2408,True,2026-09-22T07:17:30,2026-09-22T07:17:30,2026-09-22T07:17:30
2408,南亞科,2021-01-26,83.0,-2.0999999999999943,-2.47%,,,,,,,,,ShowDailyK_ChartFlow,FinMind_API_TaiwanStockPrice_2408,True,2026-09-22T07:17:30,2026-09-22T07:17:30,2026-09-22T07:17:30
2408,南亞科,2021-01-27,82.5,-0.5,-0.60%,,,,,,,,,ShowDailyK_ChartFlow,FinMind_API_TaiwanStockPrice_2408,True,2026-09-22T07:17:30,2026-09-22T07:17:30,2026-09-22T07:17:30
2408,南亞科,2021-01-28,79.4,-3.0999999999999943,-3.76%,,,,,,,,,ShowDailyK_ChartFlow,FinMind_API_TaiwanStockPrice_2408,True,2026-09-22T07:17:30,2026-09-22T07:17:30,2026-09-22T07:17:30
2408,南亞科,2021-01-29,79.9,0.5,0.63%,,,,,,,,,ShowDailyK_ChartFlow,FinMind_API_TaiwanStockPrice_2408,True,2026-09-22T07:17:30,2026-09-22T07:17:30,2026-09-22T07:17:30
2408,南亞科,2021-02-01,86.3,6.3999999999999915,8.01%,,,,,,,,,ShowDailyK_ChartFlow,FinMind_API_TaiwanStockPrice_2408,True,2026-09-22T07:17:30,2026-09-22T07:17:30,2026-09-22T07:17:30
2408,南亞科,2021-02-02,86.9,0.6000000000000085,0.70%,,,,,,,,,ShowDailyK_ChartFlow,FinMind_API_TaiwanStockPrice_2408,True,2026-09-22T07:17:30,2026-09-22T07:17:30,2026-09-22T07:17:30
2408,南亞科,2021-02-03,86.3,-0.6000000000000085,-0.69%,,,,,,,,,ShowDailyK_ChartFlow,FinMind_API_TaiwanStockPrice_2408,True,2026-09-22T07:17:30,2026-09-22T07:17:30,2026-09-22T07:17:30
2408,南亞科,2021-02-04,86.6,0.29999999999999716,0.35%,,,,,,,,,ShowDailyK_ChartFlow,FinMind_API_TaiwanStockPrice_2408,True,2026-09-22T07:17:30,2026-09-22T07:17:30,2026-09-22T07:17:30
2408,南亞科,2021-02-05,86.7,0.10000000000000853,0.12%,,,,,,,,,ShowDailyK_ChartFlow,FinMind_API_TaiwanStockPrice_2408,True,2026-09-22T07:17:30,2026-09-22T07:17:30,2026-09-22T07:17:30
2408,南亞科,2021-02-17,89.9,3.200000000000003,3.69%,,,,,,,,,ShowDailyK_ChartFlow,FinMind_API_TaiwanStockPrice_2408,True,2026-09-22T07:17:30,2026-09-22T07:17:30,2026-09-22T07:17:30
2408,南亞科,2021-02-18,89.9,0.0,0.00%,,,,,,,,,ShowDailyK_ChartFlow,FinMind_API_TaiwanStockPrice_2408,True,2026-09-22T07:17:30,2026-09-22T07:17:30,2026-09-22T07:17:30
2408,南亞科,2021-02-19,93.0,3.0999999999999943,3.45%,,,,,,,,,ShowDailyK_ChartFlow,FinMind_API_TaiwanStockPrice_2408,True,2026-09-22T07:17:30,2026-09-22T07:17:30,2026-09-22T07:17:30
2408,南亞科,2021-02-22,97.1,4.099999999999994,4.41%,,,,,,,,,ShowDailyK_ChartFlow,FinMind_API_TaiwanStockPrice_2408,True,2026-09-22T07:17:30,2026-09-22T07:17:30,2026-09-22T07:17:30
2408,南亞科,2021-02-23,98.4,1.3000000000000114,1.34%,,,,,,,,,ShowDailyK_ChartFlow,FinMind_API_TaiwanStockPrice_2408,True,2026-09-22T07:17:30,2026-09-22T07:17:30,2026-09-22T07:17:30
2408,南亞科,2021-02-24,96.6,-1.8000000000000114,-1.83%,,,,,,,,,ShowDailyK_ChartFlow,FinMind_API_TaiwanStockPrice_2408,True,2026-09-22T07:17:30,2026-09-22T07:17:30,2026-09-22T07:17:30
2408,南亞科,2021-02-25,98.5,1.9000000000000057,1.97%,,,,,,,,,ShowDailyK_ChartFlow,FinMind_API_TaiwanStockPrice_2408,True,2026-09-22T07:17:30,2026-09-22T07:17:30,2026-09-22T07:17:30
2408,南亞科,2021-02-26,96.5,-2.0,-2.03%,,,,,,,,,ShowDailyK_ChartFlow,FinMind_API_TaiwanStockPrice_2408,True,2026-09-22T07:17:30,2026-09-22T07:17:30,2026-09-22T07:17:30
2408,南亞科,2021-03-02,95.5,-1.0,-1.04%,,,,,,,,,ShowDailyK_ChartFlow,FinMind_API_TaiwanStockPrice_2408,True,2026-09-22T07:17:30,2026-09-22T07:17:30,2026-09-22T07:17:30
2408,南亞科,2021-03-03,92.0,-3.5,-3.66%,,,,,,,,,ShowDailyK_ChartFlow,FinMind_API_TaiwanStockPrice_2408,True,2026-09-22T07:17:30,2026-09-22T07:17:30,2026-09-22T07:17:30
2408,南亞科,2021-03-04,91.8,-0.20000000000000284,-0.22%,,,,,,,,,ShowDailyK_ChartFlow,FinMind_API_TaiwanStockPrice_2408,True,2026-09-22T07:17:30,2026-09-22T07:17:30,2026-09-22T07:17:30
2408,南亞科,2021-03-05,89.7,-2.0999999999999943,-2.29%,,,,,,,,,ShowDailyK_ChartFlow,FinMind_API_TaiwanStockPrice_2408,True,2026-09-22T07:17:30,2026-09-22T07:17:30,2026-09-22T07:17:30
2408,南亞科,2021-03-08,88.6,-1.1000000000000085,-1.23%,,,,,,,,,ShowDailyK_ChartFlow,FinMind_API_TaiwanStockPrice_2408,True,2026-09-22T07:17:30,2026-09-22T07:17:30,2026-09-22T07:17:30
2408,南亞科,2021-03-09,86.7,-1.8999999999999915,-2.14%,,,,,,,,,ShowDailyK_ChartFlow,FinMind_API_TaiwanStockPrice_2408,True,2026-09-22T07:17:30,2026-09-22T07:17:30,2026-09-22T07:17:30
2408,南亞科,2021-03-10,87.6,0.8999999999999915,1.04%,,,,,,,,,ShowDailyK_ChartFlow,FinMind_API_TaiwanStockPrice_2408,True,2026-09-22T07:17:30,2026-09-22T07:17:30,2026-09-22T07:17:30
2408,南亞科,2021-03-11,91.4,3.8000000000000114,4.34%,,,,,,,,,ShowDailyK_ChartFlow,FinMind_API_TaiwanStockPrice_2408,True,2026-09-22T07:17:30,2026-09-22T07:17:30,2026-09-22T07:17:30
2408,南亞科,2021-03-12,93.5,2.0999999999999943,2.30%,,,,,,,,,ShowDailyK_ChartFlow,FinMind_API_TaiwanStockPrice_2408,True,2026-09-22T07:17:30,2026-09-22T07:17:30,2026-09-22T07:17:30
2408,南亞科,2021-03-15,93.2,-0.29999999999999716,-0.32%,,,,,,,,,ShowDailyK_ChartFlow,FinMind_API_TaiwanStockPrice_2408,True,2026-09-22T07:17:30,2026-09-22T07:17:30,2026-09-22T07:17:30
2408,南亞科,2021-03-16,93.4,0.20000000000000284,0.21%,,,,,,,,,ShowDailyK_ChartFlow,FinMind_API_TaiwanStockPrice_2408,True,2026-09-22T07:17:30,2026-09-22T07:17:30,2026-09-22T07:17:30
2408,南亞科,2021-03-17,91.9,-1.5,-1.61%,,,,,,,,,ShowDailyK_ChartFlow,FinMind_API_TaiwanStockPrice_2408,True,2026-09-22T07:17:30,2026-09-22T07:17:30,2026-09-22T07:17:30
2408,南亞科,2021-03-18,95.5,3.5999999999999943,3.92%,,,,,,,,,ShowDailyK_ChartFlow,FinMind_API_TaiwanStockPrice_2408,True,2026-09-22T07:17:30,2026-09-22T07:17:30,2026-09-22T07:17:30
2408,南亞科,2021-03-19,92.5,-3.0,-3.14%,,,,,,,,,ShowDailyK_ChartFlow,FinMind_API_TaiwanStockPrice_2408,True,2026-09-22T07:17:30,2026-09-22T07:17:30,2026-09-22T07:17:30
2408,南亞科,2021-03-22,90.9,-1.5999999999999943,-1.73%,,,,,,,,,ShowDailyK_ChartFlow,FinMind_API_TaiwanStockPrice_2408,True,2026-09-22T07:17:30,2026-09-22T07:17:30,2026-09-22T07:17:30
2408,南亞科,2021-03-23,91.7,0.7999999999999972,0.88%,,,,,,,,,ShowDailyK_ChartFlow,FinMind_API_TaiwanStockPrice_2408,True,2026-09-22T07:17:30,2026-09-22T07:17:30,2026-09-22T07:17:30
2408,南亞科,2021-03-24,90.0,-1.7000000000000028,-1.85%,,,,,,,,,ShowDailyK_ChartFlow,FinMind_API_TaiwanStockPrice_2408,True,2026-09-22T07:17:30,2026-09-22T07:17:30,2026-09-22T07:17:30
2408,南亞科,2021-03-25,89.6,-0.4000000000000057,-0.44%,,,,,,,,,ShowDailyK_ChartFlow,FinMind_API_TaiwanStockPrice_2408,True,2026-09-22T07:17:30,2026-09-22T07:17:30,2026-09-22T07:17:30
2408,南亞科,2021-03-26,91.9,2.3000000000000114,2.57%,,,,,,,,,ShowDailyK_ChartFlow,FinMind_API_TaiwanStockPrice_2408,True,2026-09-22T07:17:30,2026-09-22T07:17:30,2026-09-22T07:17:30
2408,南亞科,2021-03-29,91.2,-0.7000000000000028,-0.76%,,,,,,,,,ShowDailyK_ChartFlow,FinMind_API_TaiwanStockPrice_2408,True,2026-09-22T07:17:30,2026-09-22T07:17:30,2026-09-22T07:17:30
2408,南亞科,2021-03-30,92.2,1.0,1.10%,,,,,,,,,ShowDailyK_ChartFlow,FinMind_API_TaiwanStockPrice_2408,True,2026-09-22T07:17:30,2026-09-22T07:17:30,2026-09-22T07:17:30
2408,南亞科,2021-03-31,91.9,-0.29999999999999716,-0.33%,,,,,,,,,ShowDailyK_ChartFlow,FinMind_API_TaiwanStockPrice_2408,True,2026-09-22T07:17:30,2026-09-22T07:17:30,2026-09-22T07:17:30
2408,南亞科,2021-04-01,100.5,8.599999999999994,9.36%,,,,,,,,,ShowDailyK_ChartFlow,FinMind_API_TaiwanStockPrice_2408,True,2026-09-22T07:17:30,2026-09-22T07:17:30,2026-09-22T07:17:30
2408,南亞科,2021-04-06,97.3,-3.200000000000003,-3.18%,,,,,,,,,ShowDailyK_ChartFlow,FinMind_API_TaiwanStockPrice_2408,True,2026-09-22T07:17:30,2026-09-22T07:17:30,2026-09-22T07:17:30
2408,南亞科,2021-04-07,97.1,-0.20000000000000284,-0.21%,,,,,,,,,ShowDailyK_ChartFlow,FinMind_API_TaiwanStockPrice_2408,True,2026-09-22T07:17:30,2026-09-22T07:17:30,2026-09-22T07:17:30
2408,南亞科,2021-04-08,98.3,1.2000000000000028,1.24%,,,,,,,,,ShowDailyK_ChartFlow,FinMind_API_TaiwanStockPrice_2408,True,2026-09-22T07:17:30,2026-09-22T07:17:30,2026-09-22T07:17:30
2408,南亞科,2021-04-09,102.5,4.200000000000003,4.27%,,,,,,,,,ShowDailyK_ChartFlow,FinMind_API_TaiwanStockPrice_2408,True,2026-09-22T07:17:30,2026-09-22T07:17:30,2026-09-22T07:17:30
2408,南亞科,2021-04-12,99.1,-3.4000000000000057,-3.32%,,,,,,,,,ShowDailyK_ChartFlow,FinMind_API_TaiwanStockPrice_2408,True,2026-09-22T07:17:30,2026-09-22T07:17:30,2026-09-22T07:17:30
2408,南亞科,2021-04-13,100.0,0.9000000000000057,0.91%,,,,,,,,,ShowDailyK_ChartFlow,FinMind_API_TaiwanStockPrice_2408,True,2026-09-22T07:17:30,2026-09-22T07:17:30,2026-09-22T07:17:30
2408,南亞科,2021-04-14,99.7,-0.29999999999999716,-0.30%,,,,,,,,,ShowDailyK_ChartFlow,FinMind_API_TaiwanStockPrice_2408,True,2026-09-22T07:17:30,2026-09-22T07:17:30,2026-09-22T07:17:30
2408,南亞科,2021-04-15,99.0,-0.7000000000000028,-0.70%,,,,,,,,,ShowDailyK_ChartFlow,FinMind_API_TaiwanStockPrice_2408,True,2026-09-22T07:17:30,2026-09-22T07:17:30,2026-09-22T07:17:30
2408,南亞科,2021-04-16,98.7,-0.29999999999999716,-0.30%,,,,,,,,,ShowDailyK_ChartFlow,FinMind_API_TaiwanStockPrice_2408,True,2026-09-22T07:17:30,2026-09-22T07:17:30,2026-09-22T07:17:30
2408,南亞科,2021-04-19,99.4,0.7000000000000028,0.71%,,,,,,,,,ShowDailyK_ChartFlow,FinMind_API_TaiwanStockPrice_2408,True,2026-09-22T07:17:30,2026-09-22T07:17:30,2026-09-22T07:17:30
2408,南亞科,2021-04-20,99.7,0.29999999999999716,0.30%,,,,,,,,,ShowDailyK_ChartFlow,FinMind_API_TaiwanStockPrice_2408,True,2026-09-22T07:17:30,2026-09-22T07:17:30,2026-09-22T07:17:30
2408,南亞科,2021-04-21,98.3,-1.4000000000000057,-1.40%,,,,,,,,,ShowDailyK_ChartFlow,FinMind_API_TaiwanStockPrice_2408,True,2026-09-22T07:17:30,2026-09-22T07:17:30,2026-09-22T07:17:30
2408,南亞科,2021-04-22,93.4,-4.8999999999999915,-4.98%,,,,,,,,,ShowDailyK_ChartFlow,FinMind_API_TaiwanStockPrice_2408,True,2026-09-22T07:17:30,2026-09-22T07:17:30,2026-09-22T07:17:30
2408,南亞科,2021-04-23,94.4,1.0,1.07%,,,,,,,,,ShowDailyK_ChartFlow,FinMind_API_TaiwanStockPrice_2408,True,2026-09-22T07:17:30,2026-09-22T07:17:30,2026-09-22T07:17:30
2408,南亞科,2021-04-26,95.9,1.5,1.59%,,,,,,,,,ShowDailyK_ChartFlow,FinMind_API_TaiwanStockPrice_2408,True,2026-09-22T07:17:30,2026-09-22T07:17:30,2026-09-22T07:17:30
2408,南亞科,2021-04-27,94.0,-1.9000000000000057,-1.98%,,,,,,,,,ShowDailyK_ChartFlow,FinMind_API_TaiwanStockPrice_2408,True,2026-09-22T07:17:30,2026-09-22T07:17:30,2026-09-22T07:17:30
2408,南亞科,2021-04-28,94.4,0.4000000000000057,0.43%,,,,,,,,,ShowDailyK_ChartFlow,FinMind_API_TaiwanStockPrice_2408,True,2026-09-22T07:17:30,2026-09-22T07:17:30,2026-09-22T07:17:30
2408,南亞科,2021-04-29,91.6,-2.8000000000000114,-2.97%,,,,,,,,,ShowDailyK_ChartFlow,FinMind_API_TaiwanStockPrice_2408,True,2026-09-22T07:17:30,2026-09-22T07:17:30,2026-09-22T07:17:30
2408,南亞科,2021-05-03,87.7,-3.8999999999999915,-4.26%,,,,,,,,,ShowDailyK_ChartFlow,FinMind_API_TaiwanStockPrice_2408,True,2026-09-22T07:17:30,2026-09-22T07:17:30,2026-09-22T07:17:30
2408,南亞科,2021-05-04,85.3,-2.4000000000000057,-2.74%,,,,,,,,,ShowDailyK_ChartFlow,FinMind_API_TaiwanStockPrice_2408,True,2026-09-22T07:17:30,2026-09-22T07:17:30,2026-09-22T07:17:30
2408,南亞科,2021-05-05,82.7,-2.5999999999999943,-3.05%,,,,,,,,,ShowDailyK_ChartFlow,FinMind_API_TaiwanStockPrice_2408,True,2026-09-22T07:17:30,2026-09-22T07:17:30,2026-09-22T07:17:30
2408,南亞科,2021-05-06,82.9,0.20000000000000284,0.24%,,,,,,,,,ShowDailyK_ChartFlow,FinMind_API_TaiwanStockPrice_2408,True,2026-09-22T07:17:30,2026-09-22T07:17:30,2026-09-22T07:17:30
2408,南亞科,2021-05-07,85.5,2.5999999999999943,3.14%,,,,,,,,,ShowDailyK_ChartFlow,FinMind_API_TaiwanStockPrice_2408,True,2026-09-22T07:17:30,2026-09-22T07:17:30,2026-09-22T07:17:30
2408,南亞科,2021-05-10,82.1,-3.4000000000000057,-3.98%,,,,,,,,,ShowDailyK_ChartFlow,FinMind_API_TaiwanStockPrice_2408,True,2026-09-22T07:17:30,2026-09-22T07:17:30,2026-09-22T07:17:30
2408,南亞科,2021-05-11,76.5,-5.599999999999994,-6.82%,,,,,,,,,ShowDailyK_ChartFlow,FinMind_API_TaiwanStockPrice_2408,True,2026-09-22T07:17:30,2026-09-22T07:17:30,2026-09-22T07:17:30
2408,南亞科,2021-05-12,73.4,-3.0999999999999943,-4.05%,,,,,,,,,ShowDailyK_ChartFlow,FinMind_API_TaiwanStockPrice_2408,True,2026-09-22T07:17:30,2026-09-22T07:17:30,2026-09-22T07:17:30
2408,南亞科,2021-05-13,74.3,0.8999999999999915,1.23%,,,,,,,,,ShowDailyK_ChartFlow,FinMind_API_TaiwanStockPrice_2408,True,2026-09-22T07:17:30,2026-09-22T07:17:30,2026-09-22T07:17:30
2408,南亞科,2021-05-14,73.0,-1.2999999999999972,-1.75%,,,,,,,,,ShowDailyK_ChartFlow,FinMind_API_TaiwanStockPrice_2408,True,2026-09-22T07:17:30,2026-09-22T07:17:30,2026-09-22T07:17:30
2408,南亞科,2021-05-17,71.7,-1.2999999999999972,-1.78%,,,,,,,,,ShowDailyK_ChartFlow,FinMind_API_TaiwanStockPrice_2408,True,2026-09-22T07:17:30,2026-09-22T07:17:30,2026-09-22T07:17:30
2408,南亞科,2021-05-18,76.8,5.099999999999994,7.11%,,,,,,,,,ShowDailyK_ChartFlow,FinMind_API_TaiwanStockPrice_2408,True,2026-09-22T07:17:30,2026-09-22T07:17:30,2026-09-22T07:17:30
2408,南亞科,2021-05-19,75.1,-1.7000000000000028,-2.21%,,,,,,,,,ShowDailyK_ChartFlow,FinMind_API_TaiwanStockPrice_2408,True,2026-09-22T07:17:30,2026-09-22T07:17:30,2026-09-22T07:17:30
2408,南亞科,2021-05-20,75.2,0.10000000000000853,0.13%,,,,,,,,,ShowDailyK_ChartFlow,FinMind_API_TaiwanStockPrice_2408,True,2026-09-22T07:17:30,2026-09-22T07:17:30,2026-09-22T07:17:30
2408,南亞科,2021-05-21,76.3,1.0999999999999943,1.46%,,,,,,,,,ShowDailyK_ChartFlow,FinMind_API_TaiwanStockPrice_2408,True,2026-09-22T07:17:30,2026-09-22T07:17:30,2026-09-22T07:17:30
2408,南亞科,2021-05-24,76.6,0.29999999999999716,0.39%,,,,,,,,,ShowDailyK_ChartFlow,FinMind_API_TaiwanStockPrice_2408,True,2026-09-22T07:17:30,2026-09-22T07:17:30,2026-09-22T07:17:30
2408,南亞科,2021-05-25,78.8,2.200000000000003,2.87%,,,,,,,,,ShowDailyK_ChartFlow,FinMind_API_TaiwanStockPrice_2408,True,2026-09-22T07:17:30,2026-09-22T07:17:30,2026-09-22T07:17:30
2408,南亞科,2021-05-26,77.8,-1.0,-1.27%,,,,,,,,,ShowDailyK_ChartFlow,FinMind_API_TaiwanStockPrice_2408,True,2026-09-22T07:17:30,2026-09-22T07:17:30,2026-09-22T07:17:30
2408,南亞科,2021-05-27,78.3,0.5,0.64%,,,,,,,,,ShowDailyK_ChartFlow,FinMind_API_TaiwanStockPrice_2408,True,2026-09-22T07:17:30,2026-09-22T07:17:30,2026-09-22T07:17:30
2408,南亞科,2021-05-28,80.6,2.299999999999997,2.94%,,,,,,,,,ShowDailyK_ChartFlow,FinMind_API_TaiwanStockPrice_2408,True,2026-09-22T07:17:30,2026-09-22T07:17:30,2026-09-22T07:17:30
2408,南亞科,2021-05-31,81.9,1.3000000000000114,1.61%,,,,,,,,,ShowDailyK_ChartFlow,FinMind_API_TaiwanStockPrice_2408,True,2026-09-22T07:17:30,2026-09-22T07:17:30,2026-09-22T07:17:30
2408,南亞科,2021-06-01,81.3,-0.6000000000000085,-0.73%,,,,,,,,,ShowDailyK_ChartFlow,FinMind_API_TaiwanStockPrice_2408,True,2026-09-22T07:17:30,2026-09-22T07:17:30,2026-09-22T07:17:30
2408,南亞科,2021-06-02,81.6,0.29999999999999716,0.37%,,,,,,,,,ShowDailyK_ChartFlow,FinMind_API_TaiwanStockPrice_2408,True,2026-09-22T07:17:30,2026-09-22T07:17:30,2026-09-22T07:17:30
2408,南亞科,2021-06-03,83.6,2.0,2.45%,,,,,,,,,ShowDailyK_ChartFlow,FinMind_API_TaiwanStockPrice_2408,True,2026-09-22T07:17:30,2026-09-22T07:17:30,2026-09-22T07:17:30
2408,南亞科,2021-06-04,82.2,-1.3999999999999915,-1.67%,,,,,,,,,ShowDailyK_ChartFlow,FinMind_API_TaiwanStockPrice_2408,True,2026-09-22T07:17:30,2026-09-22T07:17:30,2026-09-22T07:17:30
2408,南亞科,2021-06-07,79.4,-2.799999999999997,-3.41%,,,,,,,,,ShowDailyK_ChartFlow,FinMind_API_TaiwanStockPrice_2408,True,2026-09-22T07:17:30,2026-09-22T07:17:30,2026-09-22T07:17:30
2408,南亞科,2021-06-08,80.1,0.6999999999999886,0.88%,,,,,,,,,ShowDailyK_ChartFlow,FinMind_API_TaiwanStockPrice_2408,True,2026-09-22T07:17:30,2026-09-22T07:17:30,2026-09-22T07:17:30
2408,南亞科,2021-06-09,77.2,-2.8999999999999915,-3.62%,,,,,,,,,ShowDailyK_ChartFlow,FinMind_API_TaiwanStockPrice_2408,True,2026-09-22T07:17:30,2026-09-22T07:17:30,2026-09-22T07:17:30
2408,南亞科,2021-06-10,79.5,2.299999999999997,2.98%,,,,,,,,,ShowDailyK_ChartFlow,FinMind_API_TaiwanStockPrice_2408,True,2026-09-22T07:17:30,2026-09-22T07:17:30,2026-09-22T07:17:30
2408,南亞科,2021-06-11,78.8,-0.7000000000000028,-0.88%,,,,,,,,,ShowDailyK_ChartFlow,FinMind_API_TaiwanStockPrice_2408,True,2026-09-22T07:17:30,2026-09-22T07:17:30,2026-09-22T07:17:30
2408,南亞科,2021-06-15,78.7,-0.09999999999999432,-0.13%,,,,,,,,,ShowDailyK_ChartFlow,FinMind_API_TaiwanStockPrice_2408,True,2026-09-22T07:17:30,2026-09-22T07:17:30,2026-09-22T07:17:30
2408,南亞科,2021-06-16,79.1,0.3999999999999915,0.51%,,,,,,,,,ShowDailyK_ChartFlow,FinMind_API_TaiwanStockPrice_2408,True,2026-09-22T07:17:30,2026-09-22T07:17:30,2026-09-22T07:17:30
2408,南亞科,2021-06-17,78.9,-0.19999999999998863,-0.25%,,,,,,,,,ShowDailyK_ChartFlow,FinMind_API_TaiwanStockPrice_2408,True,2026-09-22T07:17:30,2026-09-22T07:17:30,2026-09-22T07:17:30
2408,南亞科,2021-06-18,78.9,0.0,0.00%,,,,,,,,,ShowDailyK_ChartFlow,FinMind_API_TaiwanStockPrice_2408,True,2026-09-22T07:17:30,2026-09-22T07:17:30,2026-09-22T07:17:30
2408,南亞科,2021-06-21,74.7,-4.200000000000003,-5.32%,,,,,,,,,ShowDailyK_ChartFlow,FinMind_API_TaiwanStockPrice_2408,True,2026-09-22T07:17:30,2026-09-22T07:17:30,2026-09-22T07:17:30
2408,南亞科,2021-06-22,75.2,0.5,0.67%,,,,,,,,,ShowDailyK_ChartFlow,FinMind_API_TaiwanStockPrice_2408,True,2026-09-22T07:17:30,2026-09-22T07:17:30,2026-09-22T07:17:30
2408,南亞科,2021-06-23,76.6,1.3999999999999915,1.86%,,,,,,,,,ShowDailyK_ChartFlow,FinMind_API_TaiwanStockPrice_2408,True,2026-09-22T07:17:30,2026-09-22T07:17:30,2026-09-22T07:17:30
2408,南亞科,2021-06-24,77.6,1.0,1.31%,,,,,,,,,ShowDailyK_ChartFlow,FinMind_API_TaiwanStockPrice_2408,True,2026-09-22T07:17:30,2026-09-22T07:17:30,2026-09-22T07:17:30
2408,南亞科,2021-06-25,80.0,2.4000000000000057,3.09%,,,,,,,,,ShowDailyK_ChartFlow,FinMind_API_TaiwanStockPrice_2408,True,2026-09-22T07:17:30,2026-09-22T07:17:30,2026-09-22T07:17:30
2408,南亞科,2021-06-28,81.2,1.2000000000000028,1.50%,,,,,,,,,ShowDailyK_ChartFlow,FinMind_API_TaiwanStockPrice_2408,True,2026-09-22T07:17:30,2026-09-22T07:17:30,2026-09-22T07:17:30
2408,南亞科,2021-06-29,79.3,-1.9000000000000057,-2.34%,,,,,,,,,ShowDailyK_ChartFlow,FinMind_API_TaiwanStockPrice_2408,True,2026-09-22T07:17:30,2026-09-22T07:17:30,2026-09-22T07:17:30
2408,南亞科,2021-06-30,79.7,0.4000000000000057,0.50%,,,,,,,,,ShowDailyK_ChartFlow,FinMind_API_TaiwanStockPrice_2408,True,2026-09-22T07:17:30,2026-09-22T07:17:30,2026-09-22T07:17:30
2408,南亞科,2021-07-01,78.0,-1.7000000000000028,-2.13%,,,,,,,,,ShowDailyK_ChartFlow,FinMind_API_TaiwanStockPrice_2408,True,2026-09-22T07:17:30,2026-09-22T07:17:30,2026-09-22T07:17:30
2408,南亞科,2021-07-02,79.5,1.5,1.92%,,,,,,,,,ShowDailyK_ChartFlow,FinMind_API_TaiwanStockPrice_2408,True,2026-09-22T07:17:30,2026-09-22T07:17:30,2026-09-22T07:17:30
2408,南亞科,2021-07-05,80.4,0.9000000000000057,1.13%,,,,,,,,,ShowDailyK_ChartFlow,FinMind_API_TaiwanStockPrice_2408,True,2026-09-22T07:17:30,2026-09-22T07:17:30,2026-09-22T07:17:30
2408,南亞科,2021-07-06,79.1,-1.3000000000000114,-1.62%,,,,,,,,,ShowDailyK_ChartFlow,FinMind_API_TaiwanStockPrice_2408,True,2026-09-22T07:17:30,2026-09-22T07:17:30,2026-09-22T07:17:30
2408,南亞科,2021-07-07,79.5,0.4000000000000057,0.51%,,,,,,,,,ShowDailyK_ChartFlow,FinMind_API_TaiwanStockPrice_2408,True,2026-09-22T07:17:30,2026-09-22T07:17:30,2026-09-22T07:17:30
2408,南亞科,2021-07-08,78.4,-1.0999999999999943,-1.38%,,,,,,,,,ShowDailyK_ChartFlow,FinMind_API_TaiwanStockPrice_2408,True,2026-09-22T07:17:30,2026-09-22T07:17:30,2026-09-22T07:17:30
2408,南亞科,2021-07-09,78.6,0.19999999999998863,0.26%,,,,,,,,,ShowDailyK_ChartFlow,FinMind_API_TaiwanStockPrice_2408,True,2026-09-22T07:17:30,2026-09-22T07:17:30,2026-09-22T07:17:30
2408,南亞科,2021-07-12,76.4,-2.1999999999999886,-2.80%,,,,,,,,,ShowDailyK_ChartFlow,FinMind_API_TaiwanStockPrice_2408,True,2026-09-22T07:17:30,2026-09-22T07:17:30,2026-09-22T07:17:30
2408,南亞科,2021-07-13,76.9,0.5,0.65%,,,,,,,,,ShowDailyK_ChartFlow,FinMind_API_TaiwanStockPrice_2408,True,2026-09-22T07:17:30,2026-09-22T07:17:30,2026-09-22T07:17:30
2408,南亞科,2021-07-14,77.8,0.8999999999999915,1.17%,,,,,,,,,ShowDailyK_ChartFlow,FinMind_API_TaiwanStockPrice_2408,True,2026-09-22T07:17:30,2026-09-22T07:17:30,2026-09-22T07:17:30
2408,南亞科,2021-07-15,78.6,0.7999999999999972,1.03%,,,,,,,,,ShowDailyK_ChartFlow,FinMind_API_TaiwanStockPrice_2408,True,2026-09-22T07:17:30,2026-09-22T07:17:30,2026-09-22T07:17:30
2408,南亞科,2021-07-16,77.4,-1.1999999999999886,-1.53%,,,,,,,,,ShowDailyK_ChartFlow,FinMind_API_TaiwanStockPrice_2408,True,2026-09-22T07:17:30,2026-09-22T07:17:30,2026-09-22T07:17:30
2408,南亞科,2021-07-19,75.6,-1.8000000000000114,-2.33%,,,,,,,,,ShowDailyK_ChartFlow,FinMind_API_TaiwanStockPrice_2408,True,2026-09-22T07:17:30,2026-09-22T07:17:30,2026-09-22T07:17:30
2408,南亞科,2021-07-20,74.5,-1.0999999999999943,-1.46%,,,,,,,,,ShowDailyK_ChartFlow,FinMind_API_TaiwanStockPrice_2408,True,2026-09-22T07:17:30,2026-09-22T07:17:30,2026-09-22T07:17:30
2408,南亞科,2021-07-21,71.5,-3.0,-4.03%,,,,,,,,,ShowDailyK_ChartFlow,FinMind_API_TaiwanStockPrice_2408,True,2026-09-22T07:17:30,2026-09-22T07:17:30,2026-09-22T07:17:30
2408,南亞科,2021-07-22,73.7,2.200000000000003,3.08%,,,,,,,,,ShowDailyK_ChartFlow,FinMind_API_TaiwanStockPrice_2408,True,2026-09-22T07:17:30,2026-09-22T07:17:30,2026-09-22T07:17:30
2408,南亞科,2021-07-23,73.4,-0.29999999999999716,-0.41%,,,,,,,,,ShowDailyK_ChartFlow,FinMind_API_TaiwanStockPrice_2408,True,2026-09-22T07:17:30,2026-09-22T07:17:30,2026-09-22T07:17:30
2408,南亞科,2021-07-26,73.5,0.09999999999999432,0.14%,,,,,,,,,ShowDailyK_ChartFlow,FinMind_API_TaiwanStockPrice_2408,True,2026-09-22T07:17:30,2026-09-22T07:17:30,2026-09-22T07:17:30
2408,南亞科,2021-07-27,73.3,-0.20000000000000284,-0.27%,,,,,,,,,ShowDailyK_ChartFlow,FinMind_API_TaiwanStockPrice_2408,True,2026-09-22T07:17:30,2026-09-22T07:17:30,2026-09-22T07:17:30
2408,南亞科,2021-07-28,72.2,-1.0999999999999943,-1.50%,,,,,,,,,ShowDailyK_ChartFlow,FinMind_API_TaiwanStockPrice_2408,True,2026-09-22T07:17:30,2026-09-22T07:17:30,2026-09-22T07:17:30
2408,南亞科,2021-07-29,72.0,-0.20000000000000284,-0.28%,,,,,,,,,ShowDailyK_ChartFlow,FinMind_API_TaiwanStockPrice_2408,True,2026-09-22T07:17:30,2026-09-22T07:17:30,2026-09-22T07:17:30
2408,南亞科,2021-07-30,72.3,0.29999999999999716,0.42%,,,,,,,,,ShowDailyK_ChartFlow,FinMind_API_TaiwanStockPrice_2408,True,2026-09-22T07:17:30,2026-09-22T07:17:30,2026-09-22T07:17:30
2408,南亞科,2021-08-02,74.5,2.200000000000003,3.04%,,,,,,,,,ShowDailyK_ChartFlow,FinMind_API_TaiwanStockPrice_2408,True,2026-09-22T07:17:30,2026-09-22T07:17:30,2026-09-22T07:17:30
2408,南亞科,2021-08-03,75.8,1.2999999999999972,1.74%,,,,,,,,,ShowDailyK_ChartFlow,FinMind_API_TaiwanStockPrice_2408,True,2026-09-22T07:17:30,2026-09-22T07:17:30,2026-09-22T07:17:30
2408,南亞科,2021-08-04,75.5,-0.29999999999999716,-0.40%,,,,,,,,,ShowDailyK_ChartFlow,FinMind_API_TaiwanStockPrice_2408,True,2026-09-22T07:17:30,2026-09-22T07:17:30,2026-09-22T07:17:30
2408,南亞科,2021-08-05,75.2,-0.29999999999999716,-0.40%,,,,,,,,,ShowDailyK_ChartFlow,FinMind_API_TaiwanStockPrice_2408,True,2026-09-22T07:17:30,2026-09-22T07:17:30,2026-09-22T07:17:30
2408,南亞科,2021-08-06,73.6,-1.6000000000000085,-2.13%,,,,,,,,,ShowDailyK_ChartFlow,FinMind_API_TaiwanStockPrice_2408,True,2026-09-22T07:17:30,2026-09-22T07:17:30,2026-09-22T07:17:30
2408,南亞科,2021-08-09,73.7,0.10000000000000853,0.14%,,,,,,,,,ShowDailyK_ChartFlow,FinMind_API_TaiwanStockPrice_2408,True,2026-09-22T07:17:30,2026-09-22T07:17:30,2026-09-22T07:17:30
2408,南亞科,2021-08-10,70.9,-2.799999999999997,-3.80%,,,,,,,,,ShowDailyK_ChartFlow,FinMind_API_TaiwanStockPrice_2408,True,2026-09-22T07:17:30,2026-09-22T07:17:30,2026-09-22T07:17:30
2408,南亞科,2021-08-11,67.3,-3.6000000000000085,-5.08%,,,,,,,,,ShowDailyK_ChartFlow,FinMind_API_TaiwanStockPrice_2408,True,2026-09-22T07:17:30,2026-09-22T07:17:30,2026-09-22T07:17:30
2408,南亞科,2021-08-12,66.3,-1.0,-1.49%,,,,,,,,,ShowDailyK_ChartFlow,FinMind_API_TaiwanStockPrice_2408,True,2026-09-22T07:17:30,2026-09-22T07:17:30,2026-09-22T07:17:30
2408,南亞科,2021-08-13,64.3,-2.0,-3.02%,,,,,,,,,ShowDailyK_ChartFlow,FinMind_API_TaiwanStockPrice_2408,True,2026-09-22T07:17:30,2026-09-22T07:17:30,2026-09-22T07:17:30
2408,南亞科,2021-08-16,66.3,2.0,3.11%,,,,,,,,,ShowDailyK_ChartFlow,FinMind_API_TaiwanStockPrice_2408,True,2026-09-22T07:17:30,2026-09-22T07:17:30,2026-09-22T07:17:30
2408,南亞科,2021-08-17,66.6,0.29999999999999716,0.45%,,,,,,,,,ShowDailyK_ChartFlow,FinMind_API_TaiwanStockPrice_2408,True,2026-09-22T07:17:30,2026-09-22T07:17:30,2026-09-22T07:17:30
2408,南亞科,2021-08-18,69.0,2.4000000000000057,3.60%,,,,,,,,,ShowDailyK_ChartFlow,FinMind_API_TaiwanStockPrice_2408,True,2026-09-22T07:17:30,2026-09-22T07:17:30,2026-09-22T07:17:30
2408,南亞科,2021-08-19,65.7,-3.299999999999997,-4.78%,,,,,,,,,ShowDailyK_ChartFlow,FinMind_API_TaiwanStockPrice_2408,True,2026-09-22T07:17:30,2026-09-22T07:17:30,2026-09-22T07:17:30
2408,南亞科,2021-08-20,64.6,-1.1000000000000085,-1.67%,,,,,,,,,ShowDailyK_ChartFlow,FinMind_API_TaiwanStockPrice_2408,True,2026-09-22T07:17:30,2026-09-22T07:17:30,2026-09-22T07:17:30
2408,南亞科,2021-08-23,66.8,2.200000000000003,3.41%,,,,,,,,,ShowDailyK_ChartFlow,FinMind_API_TaiwanStockPrice_2408,True,2026-09-22T07:17:30,2026-09-22T07:17:30,2026-09-22T07:17:30
2408,南亞科,2021-08-24,66.0,-0.7999999999999972,-1.20%,,,,,,,,,ShowDailyK_ChartFlow,FinMind_API_TaiwanStockPrice_2408,True,2026-09-22T07:17:30,2026-09-22T07:17:30,2026-09-22T07:17:30
2408,南亞科,2021-08-25,67.0,1.0,1.52%,,,,,,,,,ShowDailyK_ChartFlow,FinMind_API_TaiwanStockPrice_2408,True,2026-09-22T07:17:30,2026-09-22T07:17:30,2026-09-22T07:17:30
2408,南亞科,2021-08-26,65.3,-1.7000000000000028,-2.54%,,,,,,,,,ShowDailyK_ChartFlow,FinMind_API_TaiwanStockPrice_2408,True,2026-09-22T07:17:30,2026-09-22T07:17:30,2026-09-22T07:17:30
2408,南亞科,2021-08-27,65.0,-0.29999999999999716,-0.46%,,,,,,,,,ShowDailyK_ChartFlow,FinMind_API_TaiwanStockPrice_2408,True,2026-09-22T07:17:30,2026-09-22T07:17:30,2026-09-22T07:17:30
2408,南亞科,2021-08-30,66.4,1.4000000000000057,2.15%,,,,,,,,,ShowDailyK_ChartFlow,FinMind_API_TaiwanStockPrice_2408,True,2026-09-22T07:17:30,2026-09-22T07:17:30,2026-09-22T07:17:30
2408,南亞科,2021-08-31,66.4,0.0,0.00%,,,,,,,,,ShowDailyK_ChartFlow,FinMind_API_TaiwanStockPrice_2408,True,2026-09-22T07:17:30,2026-09-22T07:17:30,2026-09-22T07:17:30
2408,南亞科,2021-09-01,68.1,1.6999999999999886,2.56%,,,,,,,,,ShowDailyK_ChartFlow,FinMind_API_TaiwanStockPrice_2408,True,2026-09-22T07:17:30,2026-09-22T07:17:30,2026-09-22T07:17:30
2408,南亞科,2021-09-02,66.2,-1.8999999999999915,-2.79%,,,,,,,,,ShowDailyK_ChartFlow,FinMind_API_TaiwanStockPrice_2408,True,2026-09-22T07:17:30,2026-09-22T07:17:30,2026-09-22T07:17:30
2408,南亞科,2021-09-03,66.0,-0.20000000000000284,-0.30%,,,,,,,,,ShowDailyK_ChartFlow,FinMind_API_TaiwanStockPrice_2408,True,2026-09-22T07:17:30,2026-09-22T07:17:30,2026-09-22T07:17:30
2408,南亞科,2021-09-06,66.4,0.4000000000000057,0.61%,,,,,,,,,ShowDailyK_ChartFlow,FinMind_API_TaiwanStockPrice_2408,True,2026-09-22T07:17:30,2026-09-22T07:17:30,2026-09-22T07:17:30
2408,南亞科,2021-09-07,65.2,-1.2000000000000028,-1.81%,,,,,,,,,ShowDailyK_ChartFlow,FinMind_API_TaiwanStockPrice_2408,True,2026-09-22T07:17:30,2026-09-22T07:17:30,2026-09-22T07:17:30
2408,南亞科,2021-09-08,64.3,-0.9000000000000057,-1.38%,,,,,,,,,ShowDailyK_ChartFlow,FinMind_API_TaiwanStockPrice_2408,True,2026-09-22T07:17:30,2026-09-22T07:17:30,2026-09-22T07:17:30
2408,南亞科,2021-09-09,65.6,1.2999999999999972,2.02%,,,,,,,,,ShowDailyK_ChartFlow,FinMind_API_TaiwanStockPrice_2408,True,2026-09-22T07:17:30,2026-09-22T07:17:30,2026-09-22T07:17:30
2408,南亞科,2021-09-10,66.8,1.2000000000000028,1.83%,,,,,,,,,ShowDailyK_ChartFlow,FinMind_API_TaiwanStockPrice_2408,True,2026-09-22T07:17:30,2026-09-22T07:17:30,2026-09-22T07:17:30
2408,南亞科,2021-09-13,65.8,-1.0,-1.50%,,,,,,,,,ShowDailyK_ChartFlow,FinMind_API_TaiwanStockPrice_2408,True,2026-09-22T07:17:30,2026-09-22T07:17:30,2026-09-22T07:17:30
2408,南亞科,2021-09-14,66.2,0.4000000000000057,0.61%,,,,,,,,,ShowDailyK_ChartFlow,FinMind_API_TaiwanStockPrice_2408,True,2026-09-22T07:17:30,2026-09-22T07:17:30,2026-09-22T07:17:30
2408,南亞科,2021-09-15,64.0,-2.200000000000003,-3.32%,,,,,,,,,ShowDailyK_ChartFlow,FinMind_API_TaiwanStockPrice_2408,True,2026-09-22T07:17:30,2026-09-22T07:17:30,2026-09-22T07:17:30
2408,南亞科,2021-09-16,64.6,0.5999999999999943,0.94%,,,,,,,,,ShowDailyK_ChartFlow,FinMind_API_TaiwanStockPrice_2408,True,2026-09-22T07:17:30,2026-09-22T07:17:30,2026-09-22T07:17:30
2408,南亞科,2021-09-17,64.9,0.30000000000001137,0.46%,,,,,,,,,ShowDailyK_ChartFlow,FinMind_API_TaiwanStockPrice_2408,True,2026-09-22T07:17:30,2026-09-22T07:17:30,2026-09-22T07:17:30
2408,南亞科,2021-09-22,63.0,-1.9000000000000057,-2.93%,,,,,,,,,ShowDailyK_ChartFlow,FinMind_API_TaiwanStockPrice_2408,True,2026-09-22T07:17:30,2026-09-22T07:17:30,2026-09-22T07:17:30
2408,南亞科,2021-09-23,64.4,1.4000000000000057,2.22%,,,,,,,,,ShowDailyK_ChartFlow,FinMind_API_TaiwanStockPrice_2408,True,2026-09-22T07:17:30,2026-09-22T07:17:30,2026-09-22T07:17:30
2408,南亞科,2021-09-24,64.9,0.5,0.78%,,,,,,,,,ShowDailyK_ChartFlow,FinMind_API_TaiwanStockPrice_2408,True,2026-09-22T07:17:30,2026-09-22T07:17:30,2026-09-22T07:17:30
2408,南亞科,2021-09-27,64.6,-0.30000000000001137,-0.46%,,,,,,,,,ShowDailyK_ChartFlow,FinMind_API_TaiwanStockPrice_2408,True,2026-09-22T07:17:30,2026-09-22T07:17:30,2026-09-22T07:17:30
2408,南亞科,2021-09-28,66.3,1.7000000000000028,2.63%,,,,,,,,,ShowDailyK_ChartFlow,FinMind_API_TaiwanStockPrice_2408,True,2026-09-22T07:17:30,2026-09-22T07:17:30,2026-09-22T07:17:30
2408,南亞科,2021-09-29,67.2,0.9000000000000057,1.36%,,,,,,,,,ShowDailyK_ChartFlow,FinMind_API_TaiwanStockPrice_2408,True,2026-09-22T07:17:30,2026-09-22T07:17:30,2026-09-22T07:17:30
2408,南亞科,2021-09-30,65.9,-1.2999999999999972,-1.93%,,,,,,,,,ShowDailyK_ChartFlow,FinMind_API_TaiwanStockPrice_2408,True,2026-09-22T07:17:30,2026-09-22T07:17:30,2026-09-22T07:17:30
2408,南亞科,2021-10-01,64.3,-1.6000000000000085,-2.43%,,,,,,,,,ShowDailyK_ChartFlow,FinMind_API_TaiwanStockPrice_2408,True,2026-09-22T07:17:30,2026-09-22T07:17:30,2026-09-22T07:17:30
2408,南亞科,2021-10-04,64.9,0.6000000000000085,0.93%,,,,,,,,,ShowDailyK_ChartFlow,FinMind_API_TaiwanStockPrice_2408,True,2026-09-22T07:17:30,2026-09-22T07:17:30,2026-09-22T07:17:30
2408,南亞科,2021-10-05,64.6,-0.30000000000001137,-0.46%,,,,,,,,,ShowDailyK_ChartFlow,FinMind_API_TaiwanStockPrice_2408,True,2026-09-22T07:17:30,2026-09-22T07:17:30,2026-09-22T07:17:30
2408,南亞科,2021-10-06,61.4,-3.1999999999999957,-4.95%,,,,,,,,,ShowDailyK_ChartFlow,FinMind_API_TaiwanStockPrice_2408,True,2026-09-22T07:17:30,2026-09-22T07:17:30,2026-09-22T07:17:30
2408,南亞科,2021-10-07,61.6,0.20000000000000284,0.33%,,,,,,,,,ShowDailyK_ChartFlow,FinMind_API_TaiwanStockPrice_2408,True,2026-09-22T07:17:30,2026-09-22T07:17:30,2026-09-22T07:17:30
2408,南亞科,2021-10-08,61.6,0.0,0.00%,,,,,,,,,ShowDailyK_ChartFlow,FinMind_API_TaiwanStockPrice_2408,True,2026-09-22T07:17:30,2026-09-22T07:17:30,2026-09-22T07:17:30
2408,南亞科,2021-10-12,61.0,-0.6000000000000014,-0.97%,,,,,,,,,ShowDailyK_ChartFlow,FinMind_API_TaiwanStockPrice_2408,True,2026-09-22T07:17:30,2026-09-22T07:17:30,2026-09-22T07:17:30
2408,南亞科,2021-10-13,59.4,-1.6000000000000014,-2.62%,,,,,,,,,ShowDailyK_ChartFlow,FinMind_API_TaiwanStockPrice_2408,True,2026-09-22T07:17:30,2026-09-22T07:17:30,2026-09-22T07:17:30
2408,南亞科,2021-10-14,62.3,2.8999999999999986,4.88%,,,,,,,,,ShowDailyK_ChartFlow,FinMind_API_TaiwanStockPrice_2408,True,2026-09-22T07:17:30,2026-09-22T07:17:30,2026-09-22T07:17:30
2408,南亞科,2021-10-15,63.7,1.4000000000000057,2.25%,,,,,,,,,ShowDailyK_ChartFlow,FinMind_API_TaiwanStockPrice_2408,True,2026-09-22T07:17:30,2026-09-22T07:17:30,2026-09-22T07:17:30
2408,南亞科,2021-10-18,62.7,-1.0,-1.57%,,,,,,,,,ShowDailyK_ChartFlow,FinMind_API_TaiwanStockPrice_2408,True,2026-09-22T07:17:30,2026-09-22T07:17:30,2026-09-22T07:17:30
2408,南亞科,2021-10-19,63.5,0.7999999999999972,1.28%,,,,,,,,,ShowDailyK_ChartFlow,FinMind_API_TaiwanStockPrice_2408,True,2026-09-22T07:17:30,2026-09-22T07:17:30,2026-09-22T07:17:30
2408,南亞科,2021-10-20,63.5,0.0,0.00%,,,,,,,,,ShowDailyK_ChartFlow,FinMind_API_TaiwanStockPrice_2408,True,2026-09-22T07:17:30,2026-09-22T07:17:30,2026-09-22T07:17:30
2408,南亞科,2021-10-21,62.5,-1.0,-1.57%,,,,,,,,,ShowDailyK_ChartFlow,FinMind_API_TaiwanStockPrice_2408,True,2026-09-22T07:17:30,2026-09-22T07:17:30,2026-09-22T07:17:30
2408,南亞科,2021-10-22,62.1,-0.3999999999999986,-0.64%,,,,,,,,,ShowDailyK_ChartFlow,FinMind_API_TaiwanStockPrice_2408,True,2026-09-22T07:17:30,2026-09-22T07:17:30,2026-09-22T07:17:30
2408,南亞科,2021-10-25,63.5,1.3999999999999986,2.25%,,,,,,,,,ShowDailyK_ChartFlow,FinMind_API_TaiwanStockPrice_2408,True,2026-09-22T07:17:30,2026-09-22T07:17:30,2026-09-22T07:17:30
2408,南亞科,2021-10-26,63.7,0.20000000000000284,0.31%,,,,,,,,,ShowDailyK_ChartFlow,FinMind_API_TaiwanStockPrice_2408,True,2026-09-22T07:17:30,2026-09-22T07:17:30,2026-09-22T07:17:30
2408,南亞科,2021-10-27,66.2,2.5,3.92%,,,,,,,,,ShowDailyK_ChartFlow,FinMind_API_TaiwanStockPrice_2408,True,2026-09-22T07:17:30,2026-09-22T07:17:30,2026-09-22T07:17:30
2408,南亞科,2021-10-28,66.5,0.29999999999999716,0.45%,,,,,,,,,ShowDailyK_ChartFlow,FinMind_API_TaiwanStockPrice_2408,True,2026-09-22T07:17:30,2026-09-22T07:17:30,2026-09-22T07:17:30
2408,南亞科,2021-10-29,66.5,0.0,0.00%,,,,,,,,,ShowDailyK_ChartFlow,FinMind_API_TaiwanStockPrice_2408,True,2026-09-22T07:17:30,2026-09-22T07:17:30,2026-09-22T07:17:30
2408,南亞科,2021-11-01,67.0,0.5,0.75%,,,,,,,,,ShowDailyK_ChartFlow,FinMind_API_TaiwanStockPrice_2408,True,2026-09-22T07:17:30,2026-09-22T07:17:30,2026-09-22T07:17:30
2408,南亞科,2021-11-02,66.5,-0.5,-0.75%,,,,,,,,,ShowDailyK_ChartFlow,FinMind_API_TaiwanStockPrice_2408,True,2026-09-22T07:17:30,2026-09-22T07:17:30,2026-09-22T07:17:30
2408,南亞科,2021-11-03,68.6,2.0999999999999943,3.16%,,,,,,,,,ShowDailyK_ChartFlow,FinMind_API_TaiwanStockPrice_2408,True,2026-09-22T07:17:30,2026-09-22T07:17:30,2026-09-22T07:17:30
2408,南亞科,2021-11-04,66.7,-1.8999999999999915,-2.77%,,,,,,,,,ShowDailyK_ChartFlow,FinMind_API_TaiwanStockPrice_2408,True,2026-09-22T07:17:30,2026-09-22T07:17:30,2026-09-22T07:17:30
2408,南亞科,2021-11-05,65.7,-1.0,-1.50%,,,,,,,,,ShowDailyK_ChartFlow,FinMind_API_TaiwanStockPrice_2408,True,2026-09-22T07:17:30,2026-09-22T07:17:30,2026-09-22T07:17:30
2408,南亞科,2021-11-08,67.6,1.8999999999999915,2.89%,,,,,,,,,ShowDailyK_ChartFlow,FinMind_API_TaiwanStockPrice_2408,True,2026-09-22T07:17:30,2026-09-22T07:17:30,2026-09-22T07:17:30
2408,南亞科,2021-11-09,68.7,1.1000000000000085,1.63%,,,,,,,,,ShowDailyK_ChartFlow,FinMind_API_TaiwanStockPrice_2408,True,2026-09-22T07:17:30,2026-09-22T07:17:30,2026-09-22T07:17:30
2408,南亞科,2021-11-10,69.9,1.2000000000000028,1.75%,,,,,,,,,ShowDailyK_ChartFlow,FinMind_API_TaiwanStockPrice_2408,True,2026-09-22T07:17:30,2026-09-22T07:17:30,2026-09-22T07:17:30
2408,南亞科,2021-11-11,68.0,-1.9000000000000057,-2.72%,,,,,,,,,ShowDailyK_ChartFlow,FinMind_API_TaiwanStockPrice_2408,True,2026-09-22T07:17:30,2026-09-22T07:17:30,2026-09-22T07:17:30
2408,南亞科,2021-11-12,68.7,0.7000000000000028,1.03%,,,,,,,,,ShowDailyK_ChartFlow,FinMind_API_TaiwanStockPrice_2408,True,2026-09-22T07:17:30,2026-09-22T07:17:30,2026-09-22T07:17:30
2408,南亞科,2021-11-15,70.3,1.5999999999999943,2.33%,,,,,,,,,ShowDailyK_ChartFlow,FinMind_API_TaiwanStockPrice_2408,True,2026-09-22T07:17:30,2026-09-22T07:17:30,2026-09-22T07:17:30
2408,南亞科,2021-11-16,70.8,0.5,0.71%,,,,,,,,,ShowDailyK_ChartFlow,FinMind_API_TaiwanStockPrice_2408,True,2026-09-22T07:17:30,2026-09-22T07:17:30,2026-09-22T07:17:30
2408,南亞科,2021-11-17,71.0,0.20000000000000284,0.28%,,,,,,,,,ShowDailyK_ChartFlow,FinMind_API_TaiwanStockPrice_2408,True,2026-09-22T07:17:30,2026-09-22T07:17:30,2026-09-22T07:17:30
2408,南亞科,2021-11-18,71.6,0.5999999999999943,0.85%,,,,,,,,,ShowDailyK_ChartFlow,FinMind_API_TaiwanStockPrice_2408,True,2026-09-22T07:17:30,2026-09-22T07:17:30,2026-09-22T07:17:30
2408,南亞科,2021-11-19,69.6,-2.0,-2.79%,,,,,,,,,ShowDailyK_ChartFlow,FinMind_API_TaiwanStockPrice_2408,True,2026-09-22T07:17:30,2026-09-22T07:17:30,2026-09-22T07:17:30
2408,南亞科,2021-11-22,75.4,5.800000000000011,8.33%,,,,,,,,,ShowDailyK_ChartFlow,FinMind_API_TaiwanStockPrice_2408,True,2026-09-22T07:17:30,2026-09-22T07:17:30,2026-09-22T07:17:30
2408,南亞科,2021-11-23,75.7,0.29999999999999716,0.40%,,,,,,,,,ShowDailyK_ChartFlow,FinMind_API_TaiwanStockPrice_2408,True,2026-09-22T07:17:30,2026-09-22T07:17:30,2026-09-22T07:17:30
2408,南亞科,2021-11-24,75.4,-0.29999999999999716,-0.40%,,,,,,,,,ShowDailyK_ChartFlow,FinMind_API_TaiwanStockPrice_2408,True,2026-09-22T07:17:30,2026-09-22T07:17:30,2026-09-22T07:17:30
2408,南亞科,2021-11-25,74.4,-1.0,-1.33%,,,,,,,,,ShowDailyK_ChartFlow,FinMind_API_TaiwanStockPrice_2408,True,2026-09-22T07:17:30,2026-09-22T07:17:30,2026-09-22T07:17:30
2408,南亞科,2021-11-26,73.5,-0.9000000000000057,-1.21%,,,,,,,,,ShowDailyK_ChartFlow,FinMind_API_TaiwanStockPrice_2408,True,2026-09-22T07:17:30,2026-09-22T07:17:30,2026-09-22T07:17:30
2408,南亞科,2021-11-29,73.3,-0.20000000000000284,-0.27%,,,,,,,,,ShowDailyK_ChartFlow,FinMind_API_TaiwanStockPrice_2408,True,2026-09-22T07:17:30,2026-09-22T07:17:30,2026-09-22T07:17:30
2408,南亞科,2021-11-30,74.2,0.9000000000000057,1.23%,,,,,,,,,ShowDailyK_ChartFlow,FinMind_API_TaiwanStockPrice_2408,True,2026-09-22T07:17:30,2026-09-22T07:17:30,2026-09-22T07:17:30
2408,南亞科,2021-12-01,76.0,1.7999999999999972,2.43%,,,,,,,,,ShowDailyK_ChartFlow,FinMind_API_TaiwanStockPrice_2408,True,2026-09-22T07:17:30,2026-09-22T07:17:30,2026-09-22T07:17:30
2408,南亞科,2021-12-02,79.8,3.799999999999997,5.00%,,,,,,,,,ShowDailyK_ChartFlow,FinMind_API_TaiwanStockPrice_2408,True,2026-09-22T07:17:30,2026-09-22T07:17:30,2026-09-22T07:17:30
2408,南亞科,2021-12-03,78.8,-1.0,-1.25%,,,,,,,,,ShowDailyK_ChartFlow,FinMind_API_TaiwanStockPrice_2408,True,2026-09-22T07:17:30,2026-09-22T07:17:30,2026-09-22T07:17:30
2408,南亞科,2021-12-06,77.5,-1.2999999999999972,-1.65%,,,,,,,,,ShowDailyK_ChartFlow,FinMind_API_TaiwanStockPrice_2408,True,2026-09-22T07:17:30,2026-09-22T07:17:30,2026-09-22T07:17:30
2408,南亞科,2021-12-07,77.5,0.0,0.00%,,,,,,,,,ShowDailyK_ChartFlow,FinMind_API_TaiwanStockPrice_2408,True,2026-09-22T07:17:30,2026-09-22T07:17:30,2026-09-22T07:17:30
2408,南亞科,2021-12-08,76.9,-0.5999999999999943,-0.77%,,,,,,,,,ShowDailyK_ChartFlow,FinMind_API_TaiwanStockPrice_2408,True,2026-09-22T07:17:30,2026-09-22T07:17:30,2026-09-22T07:17:30
2408,南亞科,2021-12-09,77.5,0.5999999999999943,0.78%,,,,,,,,,ShowDailyK_ChartFlow,FinMind_API_TaiwanStockPrice_2408,True,2026-09-22T07:17:30,2026-09-22T07:17:30,2026-09-22T07:17:30
2408,南亞科,2021-12-10,77.8,0.29999999999999716,0.39%,,,,,,,,,ShowDailyK_ChartFlow,FinMind_API_TaiwanStockPrice_2408,True,2026-09-22T07:17:30,2026-09-22T07:17:30,2026-09-22T07:17:30
2408,南亞科,2021-12-13,76.6,-1.2000000000000028,-1.54%,,,,,,,,,ShowDailyK_ChartFlow,FinMind_API_TaiwanStockPrice_2408,True,2026-09-22T07:17:30,2026-09-22T07:17:30,2026-09-22T07:17:30
2408,南亞科,2021-12-14,74.8,-1.7999999999999972,-2.35%,,,,,,,,,ShowDailyK_ChartFlow,FinMind_API_TaiwanStockPrice_2408,True,2026-09-22T07:17:30,2026-09-22T07:17:30,2026-09-22T07:17:30
2408,南亞科,2021-12-15,76.0,1.2000000000000028,1.60%,,,,,,,,,ShowDailyK_ChartFlow,FinMind_API_TaiwanStockPrice_2408,True,2026-09-22T07:17:30,2026-09-22T07:17:30,2026-09-22T07:17:30
2408,南亞科,2021-12-16,76.0,0.0,0.00%,,,,,,,,,ShowDailyK_ChartFlow,FinMind_API_TaiwanStockPrice_2408,True,2026-09-22T07:17:30,2026-09-22T07:17:30,2026-09-22T07:17:30
2408,南亞科,2021-12-17,75.7,-0.29999999999999716,-0.39%,,,,,,,,,ShowDailyK_ChartFlow,FinMind_API_TaiwanStockPrice_2408,True,2026-09-22T07:17:30,2026-09-22T07:17:30,2026-09-22T07:17:30
2408,南亞科,2021-12-20,75.9,0.20000000000000284,0.26%,,,,,,,,,ShowDailyK_ChartFlow,FinMind_API_TaiwanStockPrice_2408,True,2026-09-22T07:17:30,2026-09-22T07:17:30,2026-09-22T07:17:30
2408,南亞科,2021-12-21,76.8,0.8999999999999915,1.19%,,,,,,,,,ShowDailyK_ChartFlow,FinMind_API_TaiwanStockPrice_2408,True,2026-09-22T07:17:30,2026-09-22T07:17:30,2026-09-22T07:17:30
2408,南亞科,2021-12-22,76.5,-0.29999999999999716,-0.39%,,,,,,,,,ShowDailyK_ChartFlow,FinMind_API_TaiwanStockPrice_2408,True,2026-09-22T07:17:30,2026-09-22T07:17:30,2026-09-22T07:17:30
2408,南亞科,2021-12-23,75.9,-0.5999999999999943,-0.78%,,,,,,,,,ShowDailyK_ChartFlow,FinMind_API_TaiwanStockPrice_2408,True,2026-09-22T07:17:30,2026-09-22T07:17:30,2026-09-22T07:17:30
2408,南亞科,2021-12-24,75.7,-0.20000000000000284,-0.26%,,,,,,,,,ShowDailyK_ChartFlow,FinMind_API_TaiwanStockPrice_2408,True,2026-09-22T07:17:30,2026-09-22T07:17:30,2026-09-22T07:17:30
2408,南亞科,2021-12-27,76.6,0.8999999999999915,1.19%,,,,,,,,,ShowDailyK_ChartFlow,FinMind_API_TaiwanStockPrice_2408,True,2026-09-22T07:17:30,2026-09-22T07:17:30,2026-09-22T07:17:30
2408,南亞科,2021-12-28,76.7,0.10000000000000853,0.13%,,,,,,,,,ShowDailyK_ChartFlow,FinMind_API_TaiwanStockPrice_2408,True,2026-09-22T07:17:30,2026-09-22T07:17:30,2026-09-22T07:17:30
2408,南亞科,2021-12-29,76.6,-0.10000000000000853,-0.13%,,,,,,,,,ShowDailyK_ChartFlow,FinMind_API_TaiwanStockPrice_2408,True,2026-09-22T07:17:30,2026-09-22T07:17:30,2026-09-22T07:17:30
2408,南亞科,2021-12-30,78.1,1.5,1.96%,,,,,,,,,ShowDailyK_ChartFlow,FinMind_API_TaiwanStockPrice_2408,True,2026-09-22T07:17:30,2026-09-22T07:17:30,2026-09-22T07:17:30
2408,南亞科,2022-01-03,76.2,-1.8999999999999915,-2.43%,,,,,,,,,ShowDailyK_ChartFlow,FinMind_API_TaiwanStockPrice_2408,True,2026-09-22T07:17:30,2026-09-22T07:17:30,2026-09-22T07:17:30
2408,南亞科,2022-01-04,77.2,1.0,1.31%,,,,,,,,,ShowDailyK_ChartFlow,FinMind_API_TaiwanStockPrice_2408,True,2026-09-22T07:17:30,2026-09-22T07:17:30,2026-09-22T07:17:30
2408,南亞科,2022-01-05,75.9,-1.2999999999999972,-1.68%,,,,,,,,,ShowDailyK_ChartFlow,FinMind_API_TaiwanStockPrice_2408,True,2026-09-22T07:17:30,2026-09-22T07:17:30,2026-09-22T07:17:30
2408,南亞科,2022-01-06,73.8,-2.1000000000000085,-2.77%,,,,,,,,,ShowDailyK_ChartFlow,FinMind_API_TaiwanStockPrice_2408,True,2026-09-22T07:17:30,2026-09-22T07:17:30,2026-09-22T07:17:30
2408,南亞科,2022-01-07,73.7,-0.09999999999999432,-0.14%,,,,,,,,,ShowDailyK_ChartFlow,FinMind_API_TaiwanStockPrice_2408,True,2026-09-22T07:17:30,2026-09-22T07:17:30,2026-09-22T07:17:30
2408,南亞科,2022-01-10,74.9,1.2000000000000028,1.63%,,,,,,,,,ShowDailyK_ChartFlow,FinMind_API_TaiwanStockPrice_2408,True,2026-09-22T07:17:30,2026-09-22T07:17:30,2026-09-22T07:17:30
2408,南亞科,2022-01-11,73.5,-1.4000000000000057,-1.87%,,,,,,,,,ShowDailyK_ChartFlow,FinMind_API_TaiwanStockPrice_2408,True,2026-09-22T07:17:30,2026-09-22T07:17:30,2026-09-22T07:17:30
2408,南亞科,2022-01-12,74.4,0.9000000000000057,1.22%,,,,,,,,,ShowDailyK_ChartFlow,FinMind_API_TaiwanStockPrice_2408,True,2026-09-22T07:17:30,2026-09-22T07:17:30,2026-09-22T07:17:30
2408,南亞科,2022-01-13,74.6,0.19999999999998863,0.27%,,,,,,,,,ShowDailyK_ChartFlow,FinMind_API_TaiwanStockPrice_2408,True,2026-09-22T07:17:30,2026-09-22T07:17:30,2026-09-22T07:17:30
2408,南亞科,2022-01-14,74.3,-0.29999999999999716,-0.40%,,,,,,,,,ShowDailyK_ChartFlow,FinMind_API_TaiwanStockPrice_2408,True,2026-09-22T07:17:30,2026-09-22T07:17:30,2026-09-22T07:17:30
2408,南亞科,2022-01-17,74.4,0.10000000000000853,0.13%,,,,,,,,,ShowDailyK_ChartFlow,FinMind_API_TaiwanStockPrice_2408,True,2026-09-22T07:17:30,2026-09-22T07:17:30,2026-09-22T07:17:30
2408,南亞科,2022-01-18,75.1,0.6999999999999886,0.94%,,,,,,,,,ShowDailyK_ChartFlow,FinMind_API_TaiwanStockPrice_2408,True,2026-09-22T07:17:30,2026-09-22T07:17:30,2026-09-22T07:17:30
2408,南亞科,2022-01-19,75.2,0.10000000000000853,0.13%,,,,,,,,,ShowDailyK_ChartFlow,FinMind_API_TaiwanStockPrice_2408,True,2026-09-22T07:17:30,2026-09-22T07:17:30,2026-09-22T07:17:30
2408,南亞科,2022-01-20,75.1,-0.10000000000000853,-0.13%,,,,,,,,,ShowDailyK_ChartFlow,FinMind_API_TaiwanStockPrice_2408,True,2026-09-22T07:17:30,2026-09-22T07:17:30,2026-09-22T07:17:30
2408,南亞科,2022-01-21,72.3,-2.799999999999997,-3.73%,,,,,,,,,ShowDailyK_ChartFlow,FinMind_API_TaiwanStockPrice_2408,True,2026-09-22T07:17:30,2026-09-22T07:17:30,2026-09-22T07:17:30
2408,南亞科,2022-01-24,72.6,0.29999999999999716,0.41%,,,,,,,,,ShowDailyK_ChartFlow,FinMind_API_TaiwanStockPrice_2408,True,2026-09-22T07:17:30,2026-09-22T07:17:30,2026-09-22T07:17:30
2408,南亞科,2022-01-25,72.0,-0.5999999999999943,-0.83%,,,,,,,,,ShowDailyK_ChartFlow,FinMind_API_TaiwanStockPrice_2408,True,2026-09-22T07:17:30,2026-09-22T07:17:30,2026-09-22T07:17:30
2408,南亞科,2022-01-26,72.0,0.0,0.00%,,,,,,,,,ShowDailyK_ChartFlow,FinMind_API_TaiwanStockPrice_2408,True,2026-09-22T07:17:30,2026-09-22T07:17:30,2026-09-22T07:17:30
2408,南亞科,2022-02-07,76.4,4.400000000000006,6.11%,,,,,,,,,ShowDailyK_ChartFlow,FinMind_API_TaiwanStockPrice_2408,True,2026-09-22T07:17:30,2026-09-22T07:17:30,2026-09-22T07:17:30
2408,南亞科,2022-02-08,77.4,1.0,1.31%,,,,,,,,,ShowDailyK_ChartFlow,FinMind_API_TaiwanStockPrice_2408,True,2026-09-22T07:17:30,2026-09-22T07:17:30,2026-09-22T07:17:30
2408,南亞科,2022-02-09,78.5,1.0999999999999943,1.42%,,,,,,,,,ShowDailyK_ChartFlow,FinMind_API_TaiwanStockPrice_2408,True,2026-09-22T07:17:30,2026-09-22T07:17:30,2026-09-22T07:17:30
2408,南亞科,2022-02-10,79.0,0.5,0.64%,,,,,,,,,ShowDailyK_ChartFlow,FinMind_API_TaiwanStockPrice_2408,True,2026-09-22T07:17:30,2026-09-22T07:17:30,2026-09-22T07:17:30
2408,南亞科,2022-02-11,79.0,0.0,0.00%,,,,,,,,,ShowDailyK_ChartFlow,FinMind_API_TaiwanStockPrice_2408,True,2026-09-22T07:17:30,2026-09-22T07:17:30,2026-09-22T07:17:30
2408,南亞科,2022-02-14,78.7,-0.29999999999999716,-0.38%,,,,,,,,,ShowDailyK_ChartFlow,FinMind_API_TaiwanStockPrice_2408,True,2026-09-22T07:17:30,2026-09-22T07:17:30,2026-09-22T07:17:30
2408,南亞科,2022-02-15,78.8,0.09999999999999432,0.13%,,,,,,,,,ShowDailyK_ChartFlow,FinMind_API_TaiwanStockPrice_2408,True,2026-09-22T07:17:30,2026-09-22T07:17:30,2026-09-22T07:17:30
2408,南亞科,2022-02-16,80.5,1.7000000000000028,2.16%,,,,,,,,,ShowDailyK_ChartFlow,FinMind_API_TaiwanStockPrice_2408,True,2026-09-22T07:17:30,2026-09-22T07:17:30,2026-09-22T07:17:30
2408,南亞科,2022-02-17,82.7,2.200000000000003,2.73%,,,,,,,,,ShowDailyK_ChartFlow,FinMind_API_TaiwanStockPrice_2408,True,2026-09-22T07:17:30,2026-09-22T07:17:30,2026-09-22T07:17:30
2408,南亞科,2022-02-18,83.5,0.7999999999999972,0.97%,,,,,,,,,ShowDailyK_ChartFlow,FinMind_API_TaiwanStockPrice_2408,True,2026-09-22T07:17:30,2026-09-22T07:17:30,2026-09-22T07:17:30
2408,南亞科,2022-02-21,80.4,-3.0999999999999943,-3.71%,,,,,,,,,ShowDailyK_ChartFlow,FinMind_API_TaiwanStockPrice_2408,True,2026-09-22T07:17:30,2026-09-22T07:17:30,2026-09-22T07:17:30
2408,南亞科,2022-02-22,78.7,-1.7000000000000028,-2.11%,,,,,,,,,ShowDailyK_ChartFlow,FinMind_API_TaiwanStockPrice_2408,True,2026-09-22T07:17:30,2026-09-22T07:17:30,2026-09-22T07:17:30
2408,南亞科,2022-02-23,79.0,0.29999999999999716,0.38%,,,,,,,,,ShowDailyK_ChartFlow,FinMind_API_TaiwanStockPrice_2408,True,2026-09-22T07:17:30,2026-09-22T07:17:30,2026-09-22T07:17:30
2408,南亞科,2022-02-24,76.3,-2.700000000000003,-3.42%,,,,,,,,,ShowDailyK_ChartFlow,FinMind_API_TaiwanStockPrice_2408,True,2026-09-22T07:17:30,2026-09-22T07:17:30,2026-09-22T07:17:30
2408,南亞科,2022-02-25,77.1,0.7999999999999972,1.05%,,,,,,,,,ShowDailyK_ChartFlow,FinMind_API_TaiwanStockPrice_2408,True,2026-09-22T07:17:30,2026-09-22T07:17:30,2026-09-22T07:17:30
2408,南亞科,2022-03-01,79.9,2.8000000000000114,3.63%,,,,,,,,,ShowDailyK_ChartFlow,FinMind_API_TaiwanStockPrice_2408,True,2026-09-22T07:17:30,2026-09-22T07:17:30,2026-09-22T07:17:30
2408,南亞科,2022-03-02,79.7,-0.20000000000000284,-0.25%,,,,,,,,,ShowDailyK_ChartFlow,FinMind_API_TaiwanStockPrice_2408,True,2026-09-22T07:17:30,2026-09-22T07:17:30,2026-09-22T07:17:30
2408,南亞科,2022-03-03,82.6,2.8999999999999915,3.64%,,,,,,,,,ShowDailyK_ChartFlow,FinMind_API_TaiwanStockPrice_2408,True,2026-09-22T07:17:30,2026-09-22T07:17:30,2026-09-22T07:17:30
2408,南亞科,2022-03-04,81.6,-1.0,-1.21%,,,,,,,,,ShowDailyK_ChartFlow,FinMind_API_TaiwanStockPrice_2408,True,2026-09-22T07:17:30,2026-09-22T07:17:30,2026-09-22T07:17:30
2408,南亞科,2022-03-07,76.9,-4.699999999999989,-5.76%,,,,,,,,,ShowDailyK_ChartFlow,FinMind_API_TaiwanStockPrice_2408,True,2026-09-22T07:17:30,2026-09-22T07:17:30,2026-09-22T07:17:30
2408,南亞科,2022-03-08,74.7,-2.200000000000003,-2.86%,,,,,,,,,ShowDailyK_ChartFlow,FinMind_API_TaiwanStockPrice_2408,True,2026-09-22T07:17:30,2026-09-22T07:17:30,2026-09-22T07:17:30
2408,南亞科,2022-03-09,74.9,0.20000000000000284,0.27%,,,,,,,,,ShowDailyK_ChartFlow,FinMind_API_TaiwanStockPrice_2408,True,2026-09-22T07:17:30,2026-09-22T07:17:30,2026-09-22T07:17:30
2408,南亞科,2022-03-10,76.7,1.7999999999999972,2.40%,,,,,,,,,ShowDailyK_ChartFlow,FinMind_API_TaiwanStockPrice_2408,True,2026-09-22T07:17:30,2026-09-22T07:17:30,2026-09-22T07:17:30
2408,南亞科,2022-03-11,75.6,-1.1000000000000085,-1.43%,,,,,,,,,ShowDailyK_ChartFlow,FinMind_API_TaiwanStockPrice_2408,True,2026-09-22T07:17:30,2026-09-22T07:17:30,2026-09-22T07:17:30
2408,南亞科,2022-03-14,75.7,0.10000000000000853,0.13%,,,,,,,,,ShowDailyK_ChartFlow,FinMind_API_TaiwanStockPrice_2408,True,2026-09-22T07:17:30,2026-09-22T07:17:30,2026-09-22T07:17:30
2408,南亞科,2022-03-15,73.0,-2.700000000000003,-3.57%,,,,,,,,,ShowDailyK_ChartFlow,FinMind_API_TaiwanStockPrice_2408,True,2026-09-22T07:17:30,2026-09-22T07:17:30,2026-09-22T07:17:30
2408,南亞科,2022-03-16,70.9,-2.0999999999999943,-2.88%,,,,,,,,,ShowDailyK_ChartFlow,FinMind_API_TaiwanStockPrice_2408,True,2026-09-22T07:17:30,2026-09-22T07:17:30,2026-09-22T07:17:30
2408,南亞科,2022-03-17,74.2,3.299999999999997,4.65%,,,,,,,,,ShowDailyK_ChartFlow,FinMind_API_TaiwanStockPrice_2408,True,2026-09-22T07:17:30,2026-09-22T07:17:30,2026-09-22T07:17:30
2408,南亞科,2022-03-18,74.8,0.5999999999999943,0.81%,,,,,,,,,ShowDailyK_ChartFlow,FinMind_API_TaiwanStockPrice_2408,True,2026-09-22T07:17:30,2026-09-22T07:17:30,2026-09-22T07:17:30
2408,南亞科,2022-03-21,74.9,0.10000000000000853,0.13%,,,,,,,,,ShowDailyK_ChartFlow,FinMind_API_TaiwanStockPrice_2408,True,2026-09-22T07:17:30,2026-09-22T07:17:30,2026-09-22T07:17:30
2408,南亞科,2022-03-22,74.0,-0.9000000000000057,-1.20%,,,,,,,,,ShowDailyK_ChartFlow,FinMind_API_TaiwanStockPrice_2408,True,2026-09-22T07:17:30,2026-09-22T07:17:30,2026-09-22T07:17:30
2408,南亞科,2022-03-23,73.7,-0.29999999999999716,-0.41%,,,,,,,,,ShowDailyK_ChartFlow,FinMind_API_TaiwanStockPrice_2408,True,2026-09-22T07:17:30,2026-09-22T07:17:30,2026-09-22T07:17:30
2408,南亞科,2022-03-24,71.3,-2.4000000000000057,-3.26%,,,,,,,,,ShowDailyK_ChartFlow,FinMind_API_TaiwanStockPrice_2408,True,2026-09-22T07:17:30,2026-09-22T07:17:30,2026-09-22T07:17:30
2408,南亞科,2022-03-25,68.9,-2.3999999999999915,-3.37%,,,,,,,,,ShowDailyK_ChartFlow,FinMind_API_TaiwanStockPrice_2408,True,2026-09-22T07:17:30,2026-09-22T07:17:30,2026-09-22T07:17:30
2408,南亞科,2022-03-28,69.8,0.8999999999999915,1.31%,,,,,,,,,ShowDailyK_ChartFlow,FinMind_API_TaiwanStockPrice_2408,True,2026-09-22T07:17:30,2026-09-22T07:17:30,2026-09-22T07:17:30
2408,南亞科,2022-03-29,69.0,-0.7999999999999972,-1.15%,,,,,,,,,ShowDailyK_ChartFlow,FinMind_API_TaiwanStockPrice_2408,True,2026-09-22T07:17:30,2026-09-22T07:17:30,2026-09-22T07:17:30
2408,南亞科,2022-03-30,69.3,0.29999999999999716,0.43%,,,,,,,,,ShowDailyK_ChartFlow,FinMind_API_TaiwanStockPrice_2408,True,2026-09-22T07:17:30,2026-09-22T07:17:30,2026-09-22T07:17:30
2408,南亞科,2022-03-31,69.2,-0.09999999999999432,-0.14%,,,,,,,,,ShowDailyK_ChartFlow,FinMind_API_TaiwanStockPrice_2408,True,2026-09-22T07:17:30,2026-09-22T07:17:30,2026-09-22T07:17:30
2408,南亞科,2022-04-01,69.2,0.0,0.00%,,,,,,,,,ShowDailyK_ChartFlow,FinMind_API_TaiwanStockPrice_2408,True,2026-09-22T07:17:30,2026-09-22T07:17:30,2026-09-22T07:17:30
2408,南亞科,2022-04-06,66.6,-2.6000000000000085,-3.76%,,,,,,,,,ShowDailyK_ChartFlow,FinMind_API_TaiwanStockPrice_2408,True,2026-09-22T07:17:30,2026-09-22T07:17:30,2026-09-22T07:17:30
2408,南亞科,2022-04-07,66.2,-0.3999999999999915,-0.60%,,,,,,,,,ShowDailyK_ChartFlow,FinMind_API_TaiwanStockPrice_2408,True,2026-09-22T07:17:30,2026-09-22T07:17:30,2026-09-22T07:17:30
2408,南亞科,2022-04-08,66.8,0.5999999999999943,0.91%,,,,,,,,,ShowDailyK_ChartFlow,FinMind_API_TaiwanStockPrice_2408,True,2026-09-22T07:17:30,2026-09-22T07:17:30,2026-09-22T07:17:30
2408,南亞科,2022-04-11,66.8,0.0,0.00%,,,,,,,,,ShowDailyK_ChartFlow,FinMind_API_TaiwanStockPrice_2408,True,2026-09-22T07:17:30,2026-09-22T07:17:30,2026-09-22T07:17:30
2408,南亞科,2022-04-12,65.5,-1.2999999999999972,-1.95%,,,,,,,,,ShowDailyK_ChartFlow,FinMind_API_TaiwanStockPrice_2408,True,2026-09-22T07:17:30,2026-09-22T07:17:30,2026-09-22T07:17:30
2408,南亞科,2022-04-13,66.7,1.2000000000000028,1.83%,,,,,,,,,ShowDailyK_ChartFlow,FinMind_API_TaiwanStockPrice_2408,True,2026-09-22T07:17:30,2026-09-22T07:17:30,2026-09-22T07:17:30
2408,南亞科,2022-04-14,64.1,-2.6000000000000085,-3.90%,,,,,,,,,ShowDailyK_ChartFlow,FinMind_API_TaiwanStockPrice_2408,True,2026-09-22T07:17:30,2026-09-22T07:17:30,2026-09-22T07:17:30
2408,南亞科,2022-04-15,63.9,-0.19999999999999574,-0.31%,,,,,,,,,ShowDailyK_ChartFlow,FinMind_API_TaiwanStockPrice_2408,True,2026-09-22T07:17:30,2026-09-22T07:17:30,2026-09-22T07:17:30
2408,南亞科,2022-04-18,63.8,-0.10000000000000142,-0.16%,,,,,,,,,ShowDailyK_ChartFlow,FinMind_API_TaiwanStockPrice_2408,True,2026-09-22T07:17:30,2026-09-22T07:17:30,2026-09-22T07:17:30
2408,南亞科,2022-04-19,64.4,0.6000000000000085,0.94%,,,,,,,,,ShowDailyK_ChartFlow,FinMind_API_TaiwanStockPrice_2408,True,2026-09-22T07:17:30,2026-09-22T07:17:30,2026-09-22T07:17:30
2408,南亞科,2022-04-20,65.3,0.8999999999999915,1.40%,,,,,,,,,ShowDailyK_ChartFlow,FinMind_API_TaiwanStockPrice_2408,True,2026-09-22T07:17:30,2026-09-22T07:17:30,2026-09-22T07:17:30
2408,南亞科,2022-04-21,66.9,1.6000000000000085,2.45%,,,,,,,,,ShowDailyK_ChartFlow,FinMind_API_TaiwanStockPrice_2408,True,2026-09-22T07:17:30,2026-09-22T07:17:30,2026-09-22T07:17:30
2408,南亞科,2022-04-22,66.4,-0.5,-0.75%,,,,,,,,,ShowDailyK_ChartFlow,FinMind_API_TaiwanStockPrice_2408,True,2026-09-22T07:17:30,2026-09-22T07:17:30,2026-09-22T07:17:30
2408,南亞科,2022-04-25,64.3,-2.1000000000000085,-3.16%,,,,,,,,,ShowDailyK_ChartFlow,FinMind_API_TaiwanStockPrice_2408,True,2026-09-22T07:17:30,2026-09-22T07:17:30,2026-09-22T07:17:30
2408,南亞科,2022-04-26,64.2,-0.09999999999999432,-0.16%,,,,,,,,,ShowDailyK_ChartFlow,FinMind_API_TaiwanStockPrice_2408,True,2026-09-22T07:17:30,2026-09-22T07:17:30,2026-09-22T07:17:30
2408,南亞科,2022-04-27,63.2,-1.0,-1.56%,,,,,,,,,ShowDailyK_ChartFlow,FinMind_API_TaiwanStockPrice_2408,True,2026-09-22T07:17:30,2026-09-22T07:17:30,2026-09-22T07:17:30
2408,南亞科,2022-04-28,64.2,1.0,1.58%,,,,,,,,,ShowDailyK_ChartFlow,FinMind_API_TaiwanStockPrice_2408,True,2026-09-22T07:17:30,2026-09-22T07:17:30,2026-09-22T07:17:30
2408,南亞科,2022-04-29,65.6,1.3999999999999915,2.18%,,,,,,,,,ShowDailyK_ChartFlow,FinMind_API_TaiwanStockPrice_2408,True,2026-09-22T07:17:30,2026-09-22T07:17:30,2026-09-22T07:17:30
2408,南亞科,2022-05-03,65.9,0.30000000000001137,0.46%,,,,,,,,,ShowDailyK_ChartFlow,FinMind_API_TaiwanStockPrice_2408,True,2026-09-22T07:17:30,2026-09-22T07:17:30,2026-09-22T07:17:30
2408,南亞科,2022-05-04,66.1,0.19999999999998863,0.30%,,,,,,,,,ShowDailyK_ChartFlow,FinMind_API_TaiwanStockPrice_2408,True,2026-09-22T07:17:30,2026-09-22T07:17:30,2026-09-22T07:17:30
2408,南亞科,2022-05-05,67.0,0.9000000000000057,1.36%,,,,,,,,,ShowDailyK_ChartFlow,FinMind_API_TaiwanStockPrice_2408,True,2026-09-22T07:17:30,2026-09-22T07:17:30,2026-09-22T07:17:30
2408,南亞科,2022-05-06,66.8,-0.20000000000000284,-0.30%,,,,,,,,,ShowDailyK_ChartFlow,FinMind_API_TaiwanStockPrice_2408,True,2026-09-22T07:17:30,2026-09-22T07:17:30,2026-09-22T07:17:30
2408,南亞科,2022-05-09,65.1,-1.7000000000000028,-2.54%,,,,,,,,,ShowDailyK_ChartFlow,FinMind_API_TaiwanStockPrice_2408,True,2026-09-22T07:17:30,2026-09-22T07:17:30,2026-09-22T07:17:30
2408,南亞科,2022-05-10,66.0,0.9000000000000057,1.38%,,,,,,,,,ShowDailyK_ChartFlow,FinMind_API_TaiwanStockPrice_2408,True,2026-09-22T07:17:30,2026-09-22T07:17:30,2026-09-22T07:17:30
2408,南亞科,2022-05-11,65.2,-0.7999999999999972,-1.21%,,,,,,,,,ShowDailyK_ChartFlow,FinMind_API_TaiwanStockPrice_2408,True,2026-09-22T07:17:30,2026-09-22T07:17:30,2026-09-22T07:17:30
2408,南亞科,2022-05-12,64.6,-0.6000000000000085,-0.92%,,,,,,,,,ShowDailyK_ChartFlow,FinMind_API_TaiwanStockPrice_2408,True,2026-09-22T07:17:30,2026-09-22T07:17:30,2026-09-22T07:17:30
2408,南亞科,2022-05-13,65.5,0.9000000000000057,1.39%,,,,,,,,,ShowDailyK_ChartFlow,FinMind_API_TaiwanStockPrice_2408,True,2026-09-22T07:17:30,2026-09-22T07:17:30,2026-09-22T07:17:30
2408,南亞科,2022-05-16,66.9,1.4000000000000057,2.14%,,,,,,,,,ShowDailyK_ChartFlow,FinMind_API_TaiwanStockPrice_2408,True,2026-09-22T07:17:30,2026-09-22T07:17:30,2026-09-22T07:17:30
2408,南亞科,2022-05-17,67.0,0.09999999999999432,0.15%,,,,,,,,,ShowDailyK_ChartFlow,FinMind_API_TaiwanStockPrice_2408,True,2026-09-22T07:17:30,2026-09-22T07:17:30,2026-09-22T07:17:30
2408,南亞科,2022-05-18,67.2,0.20000000000000284,0.30%,,,,,,,,,ShowDailyK_ChartFlow,FinMind_API_TaiwanStockPrice_2408,True,2026-09-22T07:17:30,2026-09-22T07:17:30,2026-09-22T07:17:30
2408,南亞科,2022-05-19,66.9,-0.29999999999999716,-0.45%,,,,,,,,,ShowDailyK_ChartFlow,FinMind_API_TaiwanStockPrice_2408,True,2026-09-22T07:17:30,2026-09-22T07:17:30,2026-09-22T07:17:30
2408,南亞科,2022-05-20,66.8,-0.10000000000000853,-0.15%,,,,,,,,,ShowDailyK_ChartFlow,FinMind_API_TaiwanStockPrice_2408,True,2026-09-22T07:17:30,2026-09-22T07:17:30,2026-09-22T07:17:30
2408,南亞科,2022-05-23,66.4,-0.3999999999999915,-0.60%,,,,,,,,,ShowDailyK_ChartFlow,FinMind_API_TaiwanStockPrice_2408,True,2026-09-22T07:17:30,2026-09-22T07:17:30,2026-09-22T07:17:30
2408,南亞科,2022-05-24,64.3,-2.1000000000000085,-3.16%,,,,,,,,,ShowDailyK_ChartFlow,FinMind_API_TaiwanStockPrice_2408,True,2026-09-22T07:17:30,2026-09-22T07:17:30,2026-09-22T07:17:30
2408,南亞科,2022-05-25,64.7,0.4000000000000057,0.62%,,,,,,,,,ShowDailyK_ChartFlow,FinMind_API_TaiwanStockPrice_2408,True,2026-09-22T07:17:30,2026-09-22T07:17:30,2026-09-22T07:17:30
2408,南亞科,2022-05-26,63.5,-1.2000000000000028,-1.85%,,,,,,,,,ShowDailyK_ChartFlow,FinMind_API_TaiwanStockPrice_2408,True,2026-09-22T07:17:30,2026-09-22T07:17:30,2026-09-22T07:17:30
2408,南亞科,2022-05-27,63.9,0.3999999999999986,0.63%,,,,,,,,,ShowDailyK_ChartFlow,FinMind_API_TaiwanStockPrice_2408,True,2026-09-22T07:17:30,2026-09-22T07:17:30,2026-09-22T07:17:30
2408,南亞科,2022-05-30,65.8,1.8999999999999986,2.97%,,,,,,,,,ShowDailyK_ChartFlow,FinMind_API_TaiwanStockPrice_2408,True,2026-09-22T07:17:30,2026-09-22T07:17:30,2026-09-22T07:17:30
2408,南亞科,2022-05-31,66.8,1.0,1.52%,,,,,,,,,ShowDailyK_ChartFlow,FinMind_API_TaiwanStockPrice_2408,True,2026-09-22T07:17:30,2026-09-22T07:17:30,2026-09-22T07:17:30
2408,南亞科,2022-06-01,66.8,0.0,0.00%,,,,,,,,,ShowDailyK_ChartFlow,FinMind_API_TaiwanStockPrice_2408,True,2026-09-22T07:17:30,2026-09-22T07:17:30,2026-09-22T07:17:30
2408,南亞科,2022-06-02,66.8,0.0,0.00%,,,,,,,,,ShowDailyK_ChartFlow,FinMind_API_TaiwanStockPrice_2408,True,2026-09-22T07:17:30,2026-09-22T07:17:30,2026-09-22T07:17:30
2408,南亞科,2022-06-06,66.8,0.0,0.00%,,,,,,,,,ShowDailyK_ChartFlow,FinMind_API_TaiwanStockPrice_2408,True,2026-09-22T07:17:30,2026-09-22T07:17:30,2026-09-22T07:17:30
2408,南亞科,2022-06-07,65.8,-1.0,-1.50%,,,,,,,,,ShowDailyK_ChartFlow,FinMind_API_TaiwanStockPrice_2408,True,2026-09-22T07:17:30,2026-09-22T07:17:30,2026-09-22T07:17:30
2408,南亞科,2022-06-08,66.1,0.29999999999999716,0.46%,,,,,,,,,ShowDailyK_ChartFlow,FinMind_API_TaiwanStockPrice_2408,True,2026-09-22T07:17:30,2026-09-22T07:17:30,2026-09-22T07:17:30
2408,南亞科,2022-06-09,65.7,-0.3999999999999915,-0.61%,,,,,,,,,ShowDailyK_ChartFlow,FinMind_API_TaiwanStockPrice_2408,True,2026-09-22T07:17:30,2026-09-22T07:17:30,2026-09-22T07:17:30
2408,南亞科,2022-06-10,65.1,-0.6000000000000085,-0.91%,,,,,,,,,ShowDailyK_ChartFlow,FinMind_API_TaiwanStockPrice_2408,True,2026-09-22T07:17:30,2026-09-22T07:17:30,2026-09-22T07:17:30
2408,南亞科,2022-06-13,62.2,-2.8999999999999915,-4.45%,,,,,,,,,ShowDailyK_ChartFlow,FinMind_API_TaiwanStockPrice_2408,True,2026-09-22T07:17:30,2026-09-22T07:17:30,2026-09-22T07:17:30
2408,南亞科,2022-06-14,62.2,0.0,0.00%,,,,,,,,,ShowDailyK_ChartFlow,FinMind_API_TaiwanStockPrice_2408,True,2026-09-22T07:17:30,2026-09-22T07:17:30,2026-09-22T07:17:30
2408,南亞科,2022-06-15,61.2,-1.0,-1.61%,,,,,,,,,ShowDailyK_ChartFlow,FinMind_API_TaiwanStockPrice_2408,True,2026-09-22T07:17:30,2026-09-22T07:17:30,2026-09-22T07:17:30
2408,南亞科,2022-06-16,60.4,-0.8000000000000043,-1.31%,,,,,,,,,ShowDailyK_ChartFlow,FinMind_API_TaiwanStockPrice_2408,True,2026-09-22T07:17:30,2026-09-22T07:17:30,2026-09-22T07:17:30
2408,南亞科,2022-06-17,60.1,-0.29999999999999716,-0.50%,,,,,,,,,ShowDailyK_ChartFlow,FinMind_API_TaiwanStockPrice_2408,True,2026-09-22T07:17:30,2026-09-22T07:17:30,2026-09-22T07:17:30
2408,南亞科,2022-06-20,59.5,-0.6000000000000014,-1.00%,,,,,,,,,ShowDailyK_ChartFlow,FinMind_API_TaiwanStockPrice_2408,True,2026-09-22T07:17:30,2026-09-22T07:17:30,2026-09-22T07:17:30
2408,南亞科,2022-06-21,60.0,0.5,0.84%,,,,,,,,,ShowDailyK_ChartFlow,FinMind_API_TaiwanStockPrice_2408,True,2026-09-22T07:17:30,2026-09-22T07:17:30,2026-09-22T07:17:30
2408,南亞科,2022-06-22,58.1,-1.8999999999999986,-3.17%,,,,,,,,,ShowDailyK_ChartFlow,FinMind_API_TaiwanStockPrice_2408,True,2026-09-22T07:17:30,2026-09-22T07:17:30,2026-09-22T07:17:30
2408,南亞科,2022-06-23,58.3,0.19999999999999574,0.34%,,,,,,,,,ShowDailyK_ChartFlow,FinMind_API_TaiwanStockPrice_2408,True,2026-09-22T07:17:30,2026-09-22T07:17:30,2026-09-22T07:17:30
2408,南亞科,2022-06-24,58.9,0.6000000000000014,1.03%,,,,,,,,,ShowDailyK_ChartFlow,FinMind_API_TaiwanStockPrice_2408,True,2026-09-22T07:17:30,2026-09-22T07:17:30,2026-09-22T07:17:30
2408,南亞科,2022-06-27,59.8,0.8999999999999986,1.53%,,,,,,,,,ShowDailyK_ChartFlow,FinMind_API_TaiwanStockPrice_2408,True,2026-09-22T07:17:30,2026-09-22T07:17:30,2026-09-22T07:17:30
2408,南亞科,2022-06-28,58.9,-0.8999999999999986,-1.51%,,,,,,,,,ShowDailyK_ChartFlow,FinMind_API_TaiwanStockPrice_2408,True,2026-09-22T07:17:30,2026-09-22T07:17:30,2026-09-22T07:17:30
2408,南亞科,2022-06-29,57.1,-1.7999999999999972,-3.06%,,,,,,,,,ShowDailyK_ChartFlow,FinMind_API_TaiwanStockPrice_2408,True,2026-09-22T07:17:30,2026-09-22T07:17:30,2026-09-22T07:17:30
2408,南亞科,2022-06-30,49.4,-7.700000000000003,-13.49%,,,,,,,,,ShowDailyK_ChartFlow,FinMind_API_TaiwanStockPrice_2408,True,2026-09-22T07:17:30,2026-09-22T07:17:30,2026-09-22T07:17:30
2408,南亞科,2022-07-01,48.3,-1.1000000000000014,-2.23%,,,,,,,,,ShowDailyK_ChartFlow,FinMind_API_TaiwanStockPrice_2408,True,2026-09-22T07:17:30,2026-09-22T07:17:30,2026-09-22T07:17:30
2408,南亞科,2022-07-04,49.15,0.8500000000000014,1.76%,,,,,,,,,ShowDailyK_ChartFlow,FinMind_API_TaiwanStockPrice_2408,True,2026-09-22T07:17:30,2026-09-22T07:17:30,2026-09-22T07:17:30
2408,南亞科,2022-07-05,49.4,0.25,0.51%,,,,,,,,,ShowDailyK_ChartFlow,FinMind_API_TaiwanStockPrice_2408,True,2026-09-22T07:17:30,2026-09-22T07:17:30,2026-09-22T07:17:30
2408,南亞科,2022-07-06,48.6,-0.7999999999999972,-1.62%,,,,,,,,,ShowDailyK_ChartFlow,FinMind_API_TaiwanStockPrice_2408,True,2026-09-22T07:17:30,2026-09-22T07:17:30,2026-09-22T07:17:30
2408,南亞科,2022-07-07,50.5,1.8999999999999986,3.91%,,,,,,,,,ShowDailyK_ChartFlow,FinMind_API_TaiwanStockPrice_2408,True,2026-09-22T07:17:30,2026-09-22T07:17:30,2026-09-22T07:17:30
2408,南亞科,2022-07-08,49.65,-0.8500000000000014,-1.68%,,,,,,,,,ShowDailyK_ChartFlow,FinMind_API_TaiwanStockPrice_2408,True,2026-09-22T07:17:30,2026-09-22T07:17:30,2026-09-22T07:17:30
2408,南亞科,2022-07-11,49.0,-0.6499999999999986,-1.31%,,,,,,,,,ShowDailyK_ChartFlow,FinMind_API_TaiwanStockPrice_2408,True,2026-09-22T07:17:30,2026-09-22T07:17:30,2026-09-22T07:17:30
2408,南亞科,2022-07-12,47.35,-1.6499999999999986,-3.37%,,,,,,,,,ShowDailyK_ChartFlow,FinMind_API_TaiwanStockPrice_2408,True,2026-09-22T07:17:30,2026-09-22T07:17:30,2026-09-22T07:17:30
2408,南亞科,2022-07-13,49.0,1.6499999999999986,3.48%,,,,,,,,,ShowDailyK_ChartFlow,FinMind_API_TaiwanStockPrice_2408,True,2026-09-22T07:17:30,2026-09-22T07:17:30,2026-09-22T07:17:30
2408,南亞科,2022-07-14,49.85,0.8500000000000014,1.73%,,,,,,,,,ShowDailyK_ChartFlow,FinMind_API_TaiwanStockPrice_2408,True,2026-09-22T07:17:30,2026-09-22T07:17:30,2026-09-22T07:17:30
2408,南亞科,2022-07-15,51.4,1.5499999999999972,3.11%,,,,,,,,,ShowDailyK_ChartFlow,FinMind_API_TaiwanStockPrice_2408,True,2026-09-22T07:17:30,2026-09-22T07:17:30,2026-09-22T07:17:30
2408,南亞科,2022-07-18,54.2,2.8000000000000043,5.45%,,,,,,,,,ShowDailyK_ChartFlow,FinMind_API_TaiwanStockPrice_2408,True,2026-09-22T07:17:30,2026-09-22T07:17:30,2026-09-22T07:17:30
2408,南亞科,2022-07-19,53.0,-1.2000000000000028,-2.21%,,,,,,,,,ShowDailyK_ChartFlow,FinMind_API_TaiwanStockPrice_2408,True,2026-09-22T07:17:30,2026-09-22T07:17:30,2026-09-22T07:17:30
2408,南亞科,2022-07-20,53.4,0.3999999999999986,0.75%,,,,,,,,,ShowDailyK_ChartFlow,FinMind_API_TaiwanStockPrice_2408,True,2026-09-22T07:17:30,2026-09-22T07:17:30,2026-09-22T07:17:30
2408,南亞科,2022-07-21,54.3,0.8999999999999986,1.69%,,,,,,,,,ShowDailyK_ChartFlow,FinMind_API_TaiwanStockPrice_2408,True,2026-09-22T07:17:30,2026-09-22T07:17:30,2026-09-22T07:17:30
2408,南亞科,2022-07-22,53.7,-0.5999999999999943,-1.10%,,,,,,,,,ShowDailyK_ChartFlow,FinMind_API_TaiwanStockPrice_2408,True,2026-09-22T07:17:30,2026-09-22T07:17:30,2026-09-22T07:17:30
2408,南亞科,2022-07-25,52.7,-1.0,-1.86%,,,,,,,,,ShowDailyK_ChartFlow,FinMind_API_TaiwanStockPrice_2408,True,2026-09-22T07:17:30,2026-09-22T07:17:30,2026-09-22T07:17:30
2408,南亞科,2022-07-26,52.5,-0.20000000000000284,-0.38%,,,,,,,,,ShowDailyK_ChartFlow,FinMind_API_TaiwanStockPrice_2408,True,2026-09-22T07:17:30,2026-09-22T07:17:30,2026-09-22T07:17:30
2408,南亞科,2022-07-27,52.6,0.10000000000000142,0.19%,,,,,,,,,ShowDailyK_ChartFlow,FinMind_API_TaiwanStockPrice_2408,True,2026-09-22T07:17:30,2026-09-22T07:17:30,2026-09-22T07:17:30
2408,南亞科,2022-07-28,52.5,-0.10000000000000142,-0.19%,,,,,,,,,ShowDailyK_ChartFlow,FinMind_API_TaiwanStockPrice_2408,True,2026-09-22T07:17:30,2026-09-22T07:17:30,2026-09-22T07:17:30
2408,南亞科,2022-07-29,52.3,-0.20000000000000284,-0.38%,,,,,,,,,ShowDailyK_ChartFlow,FinMind_API_TaiwanStockPrice_2408,True,2026-09-22T07:17:30,2026-09-22T07:17:30,2026-09-22T07:17:30
2408,南亞科,2022-08-01,52.2,-0.09999999999999432,-0.19%,,,,,,,,,ShowDailyK_ChartFlow,FinMind_API_TaiwanStockPrice_2408,True,2026-09-22T07:17:30,2026-09-22T07:17:30,2026-09-22T07:17:30
2408,南亞科,2022-08-02,50.4,-1.8000000000000043,-3.45%,,,,,,,,,ShowDailyK_ChartFlow,FinMind_API_TaiwanStockPrice_2408,True,2026-09-22T07:17:30,2026-09-22T07:17:30,2026-09-22T07:17:30
2408,南亞科,2022-08-03,51.2,0.8000000000000043,1.59%,,,,,,,,,ShowDailyK_ChartFlow,FinMind_API_TaiwanStockPrice_2408,True,2026-09-22T07:17:30,2026-09-22T07:17:30,2026-09-22T07:17:30
2408,南亞科,2022-08-04,51.0,-0.20000000000000284,-0.39%,,,,,,,,,ShowDailyK_ChartFlow,FinMind_API_TaiwanStockPrice_2408,True,2026-09-22T07:17:30,2026-09-22T07:17:30,2026-09-22T07:17:30
2408,南亞科,2022-08-05,53.2,2.200000000000003,4.31%,,,,,,,,,ShowDailyK_ChartFlow,FinMind_API_TaiwanStockPrice_2408,True,2026-09-22T07:17:30,2026-09-22T07:17:30,2026-09-22T07:17:30
2408,南亞科,2022-08-08,53.1,-0.10000000000000142,-0.19%,,,,,,,,,ShowDailyK_ChartFlow,FinMind_API_TaiwanStockPrice_2408,True,2026-09-22T07:17:30,2026-09-22T07:17:30,2026-09-22T07:17:30
2408,南亞科,2022-08-09,52.9,-0.20000000000000284,-0.38%,,,,,,,,,ShowDailyK_ChartFlow,FinMind_API_TaiwanStockPrice_2408,True,2026-09-22T07:17:30,2026-09-22T07:17:30,2026-09-22T07:17:30
2408,南亞科,2022-08-10,51.6,-1.2999999999999972,-2.46%,,,,,,,,,ShowDailyK_ChartFlow,FinMind_API_TaiwanStockPrice_2408,True,2026-09-22T07:17:30,2026-09-22T07:17:30,2026-09-22T07:17:30
2408,南亞科,2022-08-11,53.0,1.3999999999999986,2.71%,,,,,,,,,ShowDailyK_ChartFlow,FinMind_API_TaiwanStockPrice_2408,True,2026-09-22T07:17:30,2026-09-22T07:17:30,2026-09-22T07:17:30
2408,南亞科,2022-08-12,54.1,1.1000000000000014,2.08%,,,,,,,,,ShowDailyK_ChartFlow,FinMind_API_TaiwanStockPrice_2408,True,2026-09-22T07:17:30,2026-09-22T07:17:30,2026-09-22T07:17:30
2408,南亞科,2022-08-15,53.8,-0.30000000000000426,-0.55%,,,,,,,,,ShowDailyK_ChartFlow,FinMind_API_TaiwanStockPrice_2408,True,2026-09-22T07:17:30,2026-09-22T07:17:30,2026-09-22T07:17:30
2408,南亞科,2022-08-16,53.8,0.0,0.00%,,,,,,,,,ShowDailyK_ChartFlow,FinMind_API_TaiwanStockPrice_2408,True,2026-09-22T07:17:30,2026-09-22T07:17:30,2026-09-22T07:17:30
2408,南亞科,2022-08-17,55.0,1.2000000000000028,2.23%,,,,,,,,,ShowDailyK_ChartFlow,FinMind_API_TaiwanStockPrice_2408,True,2026-09-22T07:17:30,2026-09-22T07:17:30,2026-09-22T07:17:30
2408,南亞科,2022-08-18,53.6,-1.3999999999999986,-2.55%,,,,,,,,,ShowDailyK_ChartFlow,FinMind_API_TaiwanStockPrice_2408,True,2026-09-22T07:17:30,2026-09-22T07:17:30,2026-09-22T07:17:30
2408,南亞科,2022-08-19,54.3,0.6999999999999957,1.31%,,,,,,,,,ShowDailyK_ChartFlow,FinMind_API_TaiwanStockPrice_2408,True,2026-09-22T07:17:30,2026-09-22T07:17:30,2026-09-22T07:17:30
2408,南亞科,2022-08-22,53.9,-0.3999999999999986,-0.74%,,,,,,,,,ShowDailyK_ChartFlow,FinMind_API_TaiwanStockPrice_2408,True,2026-09-22T07:17:30,2026-09-22T07:17:30,2026-09-22T07:17:30
2408,南亞科,2022-08-23,53.4,-0.5,-0.93%,,,,,,,,,ShowDailyK_ChartFlow,FinMind_API_TaiwanStockPrice_2408,True,2026-09-22T07:17:30,2026-09-22T07:17:30,2026-09-22T07:17:30
2408,南亞科,2022-08-24,52.6,-0.7999999999999972,-1.50%,,,,,,,,,ShowDailyK_ChartFlow,FinMind_API_TaiwanStockPrice_2408,True,2026-09-22T07:17:30,2026-09-22T07:17:30,2026-09-22T07:17:30
2408,南亞科,2022-08-25,53.6,1.0,1.90%,,,,,,,,,ShowDailyK_ChartFlow,FinMind_API_TaiwanStockPrice_2408,True,2026-09-22T07:17:30,2026-09-22T07:17:30,2026-09-22T07:17:30
2408,南亞科,2022-08-26,53.5,-0.10000000000000142,-0.19%,,,,,,,,,ShowDailyK_ChartFlow,FinMind_API_TaiwanStockPrice_2408,True,2026-09-22T07:17:30,2026-09-22T07:17:30,2026-09-22T07:17:30
2408,南亞科,2022-08-29,52.5,-1.0,-1.87%,,,,,,,,,ShowDailyK_ChartFlow,FinMind_API_TaiwanStockPrice_2408,True,2026-09-22T07:17:30,2026-09-22T07:17:30,2026-09-22T07:17:30
2408,南亞科,2022-08-30,52.7,0.20000000000000284,0.38%,,,,,,,,,ShowDailyK_ChartFlow,FinMind_API_TaiwanStockPrice_2408,True,2026-09-22T07:17:30,2026-09-22T07:17:30,2026-09-22T07:17:30
2408,南亞科,2022-08-31,53.4,0.6999999999999957,1.33%,,,,,,,,,ShowDailyK_ChartFlow,FinMind_API_TaiwanStockPrice_2408,True,2026-09-22T07:17:30,2026-09-22T07:17:30,2026-09-22T07:17:30
2408,南亞科,2022-09-01,52.6,-0.7999999999999972,-1.50%,,,,,,,,,ShowDailyK_ChartFlow,FinMind_API_TaiwanStockPrice_2408,True,2026-09-22T07:17:30,2026-09-22T07:17:30,2026-09-22T07:17:30
2408,南亞科,2022-09-02,52.1,-0.5,-0.95%,,,,,,,,,ShowDailyK_ChartFlow,FinMind_API_TaiwanStockPrice_2408,True,2026-09-22T07:17:30,2026-09-22T07:17:30,2026-09-22T07:17:30
2408,南亞科,2022-09-05,51.1,-1.0,-1.92%,,,,,,,,,ShowDailyK_ChartFlow,FinMind_API_TaiwanStockPrice_2408,True,2026-09-22T07:17:30,2026-09-22T07:17:30,2026-09-22T07:17:30
2408,南亞科,2022-09-06,51.2,0.10000000000000142,0.20%,,,,,,,,,ShowDailyK_ChartFlow,FinMind_API_TaiwanStockPrice_2408,True,2026-09-22T07:17:30,2026-09-22T07:17:30,2026-09-22T07:17:30
2408,南亞科,2022-09-07,50.6,-0.6000000000000014,-1.17%,,,,,,,,,ShowDailyK_ChartFlow,FinMind_API_TaiwanStockPrice_2408,True,2026-09-22T07:17:30,2026-09-22T07:17:30,2026-09-22T07:17:30
2408,南亞科,2022-09-08,51.1,0.5,0.99%,,,,,,,,,ShowDailyK_ChartFlow,FinMind_API_TaiwanStockPrice_2408,True,2026-09-22T07:17:30,2026-09-22T07:17:30,2026-09-22T07:17:30
2408,南亞科,2022-09-12,52.3,1.1999999999999957,2.35%,,,,,,,,,ShowDailyK_ChartFlow,FinMind_API_TaiwanStockPrice_2408,True,2026-09-22T07:17:30,2026-09-22T07:17:30,2026-09-22T07:17:30
2408,南亞科,2022-09-13,52.4,0.10000000000000142,0.19%,,,,,,,,,ShowDailyK_ChartFlow,FinMind_API_TaiwanStockPrice_2408,True,2026-09-22T07:17:30,2026-09-22T07:17:30,2026-09-22T07:17:30
2408,南亞科,2022-09-14,50.7,-1.6999999999999957,-3.24%,,,,,,,,,ShowDailyK_ChartFlow,FinMind_API_TaiwanStockPrice_2408,True,2026-09-22T07:17:30,2026-09-22T07:17:30,2026-09-22T07:17:30
2408,南亞科,2022-09-15,50.4,-0.30000000000000426,-0.59%,,,,,,,,,ShowDailyK_ChartFlow,FinMind_API_TaiwanStockPrice_2408,True,2026-09-22T07:17:30,2026-09-22T07:17:30,2026-09-22T07:17:30
2408,南亞科,2022-09-16,49.1,-1.2999999999999972,-2.58%,,,,,,,,,ShowDailyK_ChartFlow,FinMind_API_TaiwanStockPrice_2408,True,2026-09-22T07:17:30,2026-09-22T07:17:30,2026-09-22T07:17:30
2408,南亞科,2022-09-19,48.6,-0.5,-1.02%,,,,,,,,,ShowDailyK_ChartFlow,FinMind_API_TaiwanStockPrice_2408,True,2026-09-22T07:17:30,2026-09-22T07:17:30,2026-09-22T07:17:30
2408,南亞科,2022-09-20,47.65,-0.9500000000000028,-1.95%,,,,,,,,,ShowDailyK_ChartFlow,FinMind_API_TaiwanStockPrice_2408,True,2026-09-22T07:17:30,2026-09-22T07:17:30,2026-09-22T07:17:30
2408,南亞科,2022-09-21,47.15,-0.5,-1.05%,,,,,,,,,ShowDailyK_ChartFlow,FinMind_API_TaiwanStockPrice_2408,True,2026-09-22T07:17:30,2026-09-22T07:17:30,2026-09-22T07:17:30
2408,南亞科,2022-09-22,46.8,-0.3500000000000014,-0.74%,,,,,,,,,ShowDailyK_ChartFlow,FinMind_API_TaiwanStockPrice_2408,True,2026-09-22T07:17:30,2026-09-22T07:17:30,2026-09-22T07:17:30
2408,南亞科,2022-09-23,47.6,0.8000000000000043,1.71%,,,,,,,,,ShowDailyK_ChartFlow,FinMind_API_TaiwanStockPrice_2408,True,2026-09-22T07:17:30,2026-09-22T07:17:30,2026-09-22T07:17:30
2408,南亞科,2022-09-26,45.65,-1.9500000000000028,-4.10%,,,,,,,,,ShowDailyK_ChartFlow,FinMind_API_TaiwanStockPrice_2408,True,2026-09-22T07:17:30,2026-09-22T07:17:30,2026-09-22T07:17:30
2408,南亞科,2022-09-27,46.0,0.3500000000000014,0.77%,,,,,,,,,ShowDailyK_ChartFlow,FinMind_API_TaiwanStockPrice_2408,True,2026-09-22T07:17:30,2026-09-22T07:17:30,2026-09-22T07:17:30
2408,南亞科,2022-09-28,45.5,-0.5,-1.09%,,,,,,,,,ShowDailyK_ChartFlow,FinMind_API_TaiwanStockPrice_2408,True,2026-09-22T07:17:30,2026-09-22T07:17:30,2026-09-22T07:17:30
2408,南亞科,2022-09-29,47.15,1.6499999999999986,3.63%,,,,,,,,,ShowDailyK_ChartFlow,FinMind_API_TaiwanStockPrice_2408,True,2026-09-22T07:17:30,2026-09-22T07:17:30,2026-09-22T07:17:30
2408,南亞科,2022-09-30,48.95,1.8000000000000043,3.82%,,,,,,,,,ShowDailyK_ChartFlow,FinMind_API_TaiwanStockPrice_2408,True,2026-09-22T07:17:30,2026-09-22T07:17:30,2026-09-22T07:17:30
2408,南亞科,2022-10-03,47.55,-1.4000000000000057,-2.86%,,,,,,,,,ShowDailyK_ChartFlow,FinMind_API_TaiwanStockPrice_2408,True,2026-09-22T07:17:30,2026-09-22T07:17:30,2026-09-22T07:17:30
2408,南亞科,2022-10-04,49.95,2.4000000000000057,5.05%,,,,,,,,,ShowDailyK_ChartFlow,FinMind_API_TaiwanStockPrice_2408,True,2026-09-22T07:17:30,2026-09-22T07:17:30,2026-09-22T07:17:30
2408,南亞科,2022-10-05,51.4,1.4499999999999957,2.90%,,,,,,,,,ShowDailyK_ChartFlow,FinMind_API_TaiwanStockPrice_2408,True,2026-09-22T07:17:30,2026-09-22T07:17:30,2026-09-22T07:17:30
2408,南亞科,2022-10-06,50.2,-1.1999999999999957,-2.33%,,,,,,,,,ShowDailyK_ChartFlow,FinMind_API_TaiwanStockPrice_2408,True,2026-09-22T07:17:30,2026-09-22T07:17:30,2026-09-22T07:17:30
2408,南亞科,2022-10-07,50.2,0.0,0.00%,,,,,,,,,ShowDailyK_ChartFlow,FinMind_API_TaiwanStockPrice_2408,True,2026-09-22T07:17:30,2026-09-22T07:17:30,2026-09-22T07:17:30
2408,南亞科,2022-10-11,49.75,-0.45000000000000284,-0.90%,,,,,,,,,ShowDailyK_ChartFlow,FinMind_API_TaiwanStockPrice_2408,True,2026-09-22T07:17:30,2026-09-22T07:17:30,2026-09-22T07:17:30
2408,南亞科,2022-10-12,52.7,2.950000000000003,5.93%,,,,,,,,,ShowDailyK_ChartFlow,FinMind_API_TaiwanStockPrice_2408,True,2026-09-22T07:17:30,2026-09-22T07:17:30,2026-09-22T07:17:30
2408,南亞科,2022-10-13,51.4,-1.3000000000000043,-2.47%,,,,,,,,,ShowDailyK_ChartFlow,FinMind_API_TaiwanStockPrice_2408,True,2026-09-22T07:17:30,2026-09-22T07:17:30,2026-09-22T07:17:30
2408,南亞科,2022-10-14,55.2,3.8000000000000043,7.39%,,,,,,,,,ShowDailyK_ChartFlow,FinMind_API_TaiwanStockPrice_2408,True,2026-09-22T07:17:30,2026-09-22T07:17:30,2026-09-22T07:17:30
2408,南亞科,2022-10-17,56.2,1.0,1.81%,,,,,,,,,ShowDailyK_ChartFlow,FinMind_API_TaiwanStockPrice_2408,True,2026-09-22T07:17:30,2026-09-22T07:17:30,2026-09-22T07:17:30
2408,南亞科,2022-10-18,55.8,-0.4000000000000057,-0.71%,,,,,,,,,ShowDailyK_ChartFlow,FinMind_API_TaiwanStockPrice_2408,True,2026-09-22T07:17:30,2026-09-22T07:17:30,2026-09-22T07:17:30
2408,南亞科,2022-10-19,53.8,-2.0,-3.58%,,,,,,,,,ShowDailyK_ChartFlow,FinMind_API_TaiwanStockPrice_2408,True,2026-09-22T07:17:30,2026-09-22T07:17:30,2026-09-22T07:17:30
2408,南亞科,2022-10-20,55.7,1.9000000000000057,3.53%,,,,,,,,,ShowDailyK_ChartFlow,FinMind_API_TaiwanStockPrice_2408,True,2026-09-22T07:17:30,2026-09-22T07:17:30,2026-09-22T07:17:30
2408,南亞科,2022-10-21,55.7,0.0,0.00%,,,,,,,,,ShowDailyK_ChartFlow,FinMind_API_TaiwanStockPrice_2408,True,2026-09-22T07:17:30,2026-09-22T07:17:30,2026-09-22T07:17:30
2408,南亞科,2022-10-24,55.6,-0.10000000000000142,-0.18%,,,,,,,,,ShowDailyK_ChartFlow,FinMind_API_TaiwanStockPrice_2408,True,2026-09-22T07:17:30,2026-09-22T07:17:30,2026-09-22T07:17:30
2408,南亞科,2022-10-25,54.1,-1.5,-2.70%,,,,,,,,,ShowDailyK_ChartFlow,FinMind_API_TaiwanStockPrice_2408,True,2026-09-22T07:17:30,2026-09-22T07:17:30,2026-09-22T07:17:30
2408,南亞科,2022-10-26,54.5,0.3999999999999986,0.74%,,,,,,,,,ShowDailyK_ChartFlow,FinMind_API_TaiwanStockPrice_2408,True,2026-09-22T07:17:30,2026-09-22T07:17:30,2026-09-22T07:17:30
2408,南亞科,2022-10-27,55.0,0.5,0.92%,,,,,,,,,ShowDailyK_ChartFlow,FinMind_API_TaiwanStockPrice_2408,True,2026-09-22T07:17:30,2026-09-22T07:17:30,2026-09-22T07:17:30
2408,南亞科,2022-10-28,53.1,-1.8999999999999986,-3.45%,,,,,,,,,ShowDailyK_ChartFlow,FinMind_API_TaiwanStockPrice_2408,True,2026-09-22T07:17:30,2026-09-22T07:17:30,2026-09-22T07:17:30
2408,南亞科,2022-10-31,54.5,1.3999999999999986,2.64%,,,,,,,,,ShowDailyK_ChartFlow,FinMind_API_TaiwanStockPrice_2408,True,2026-09-22T07:17:30,2026-09-22T07:17:30,2026-09-22T07:17:30
2408,南亞科,2022-11-01,54.0,-0.5,-0.92%,,,,,,,,,ShowDailyK_ChartFlow,FinMind_API_TaiwanStockPrice_2408,True,2026-09-22T07:17:30,2026-09-22T07:17:30,2026-09-22T07:17:30
2408,南亞科,2022-11-02,54.8,0.7999999999999972,1.48%,,,,,,,,,ShowDailyK_ChartFlow,FinMind_API_TaiwanStockPrice_2408,True,2026-09-22T07:17:30,2026-09-22T07:17:30,2026-09-22T07:17:30
2408,南亞科,2022-11-03,56.0,1.2000000000000028,2.19%,,,,,,,,,ShowDailyK_ChartFlow,FinMind_API_TaiwanStockPrice_2408,True,2026-09-22T07:17:30,2026-09-22T07:17:30,2026-09-22T07:17:30
2408,南亞科,2022-11-04,54.9,-1.1000000000000014,-1.96%,,,,,,,,,ShowDailyK_ChartFlow,FinMind_API_TaiwanStockPrice_2408,True,2026-09-22T07:17:30,2026-09-22T07:17:30,2026-09-22T07:17:30
2408,南亞科,2022-11-07,56.9,2.0,3.64%,,,,,,,,,ShowDailyK_ChartFlow,FinMind_API_TaiwanStockPrice_2408,True,2026-09-22T07:17:30,2026-09-22T07:17:30,2026-09-22T07:17:30
2408,南亞科,2022-11-08,57.1,0.20000000000000284,0.35%,,,,,,,,,ShowDailyK_ChartFlow,FinMind_API_TaiwanStockPrice_2408,True,2026-09-22T07:17:30,2026-09-22T07:17:30,2026-09-22T07:17:30
2408,南亞科,2022-11-09,58.1,1.0,1.75%,,,,,,,,,ShowDailyK_ChartFlow,FinMind_API_TaiwanStockPrice_2408,True,2026-09-22T07:17:30,2026-09-22T07:17:30,2026-09-22T07:17:30
2408,南亞科,2022-11-10,58.0,-0.10000000000000142,-0.17%,,,,,,,,,ShowDailyK_ChartFlow,FinMind_API_TaiwanStockPrice_2408,True,2026-09-22T07:17:30,2026-09-22T07:17:30,2026-09-22T07:17:30
2408,南亞科,2022-11-11,59.8,1.7999999999999972,3.10%,,,,,,,,,ShowDailyK_ChartFlow,FinMind_API_TaiwanStockPrice_2408,True,2026-09-22T07:17:30,2026-09-22T07:17:30,2026-09-22T07:17:30
2408,南亞科,2022-11-14,59.9,0.10000000000000142,0.17%,,,,,,,,,ShowDailyK_ChartFlow,FinMind_API_TaiwanStockPrice_2408,True,2026-09-22T07:17:30,2026-09-22T07:17:30,2026-09-22T07:17:30
2408,南亞科,2022-11-15,59.7,-0.19999999999999574,-0.33%,,,,,,,,,ShowDailyK_ChartFlow,FinMind_API_TaiwanStockPrice_2408,True,2026-09-22T07:17:30,2026-09-22T07:17:30,2026-09-22T07:17:30
2408,南亞科,2022-11-16,60.1,0.3999999999999986,0.67%,,,,,,,,,ShowDailyK_ChartFlow,FinMind_API_TaiwanStockPrice_2408,True,2026-09-22T07:17:30,2026-09-22T07:17:30,2026-09-22T07:17:30
2408,南亞科,2022-11-17,58.9,-1.2000000000000028,-2.00%,,,,,,,,,ShowDailyK_ChartFlow,FinMind_API_TaiwanStockPrice_2408,True,2026-09-22T07:17:30,2026-09-22T07:17:30,2026-09-22T07:17:30
2408,南亞科,2022-11-18,60.7,1.8000000000000043,3.06%,,,,,,,,,ShowDailyK_ChartFlow,FinMind_API_TaiwanStockPrice_2408,True,2026-09-22T07:17:30,2026-09-22T07:17:30,2026-09-22T07:17:30
2408,南亞科,2022-11-21,58.4,-2.3000000000000043,-3.79%,,,,,,,,,ShowDailyK_ChartFlow,FinMind_API_TaiwanStockPrice_2408,True,2026-09-22T07:17:30,2026-09-22T07:17:30,2026-09-22T07:17:30
2408,南亞科,2022-11-22,59.2,0.8000000000000043,1.37%,,,,,,,,,ShowDailyK_ChartFlow,FinMind_API_TaiwanStockPrice_2408,True,2026-09-22T07:17:30,2026-09-22T07:17:30,2026-09-22T07:17:30
2408,南亞科,2022-11-23,59.8,0.5999999999999943,1.01%,,,,,,,,,ShowDailyK_ChartFlow,FinMind_API_TaiwanStockPrice_2408,True,2026-09-22T07:17:30,2026-09-22T07:17:30,2026-09-22T07:17:30
2408,南亞科,2022-11-24,59.9,0.10000000000000142,0.17%,,,,,,,,,ShowDailyK_ChartFlow,FinMind_API_TaiwanStockPrice_2408,True,2026-09-22T07:17:30,2026-09-22T07:17:30,2026-09-22T07:17:30
2408,南亞科,2022-11-25,59.7,-0.19999999999999574,-0.33%,,,,,,,,,ShowDailyK_ChartFlow,FinMind_API_TaiwanStockPrice_2408,True,2026-09-22T07:17:30,2026-09-22T07:17:30,2026-09-22T07:17:30
2408,南亞科,2022-11-28,58.5,-1.2000000000000028,-2.01%,,,,,,,,,ShowDailyK_ChartFlow,FinMind_API_TaiwanStockPrice_2408,True,2026-09-22T07:17:30,2026-09-22T07:17:30,2026-09-22T07:17:30
2408,南亞科,2022-11-29,57.2,-1.2999999999999972,-2.22%,,,,,,,,,ShowDailyK_ChartFlow,FinMind_API_TaiwanStockPrice_2408,True,2026-09-22T07:17:30,2026-09-22T07:17:30,2026-09-22T07:17:30
2408,南亞科,2022-11-30,56.8,-0.4000000000000057,-0.70%,,,,,,,,,ShowDailyK_ChartFlow,FinMind_API_TaiwanStockPrice_2408,True,2026-09-22T07:17:30,2026-09-22T07:17:30,2026-09-22T07:17:30
2408,南亞科,2022-12-01,57.5,0.7000000000000028,1.23%,,,,,,,,,ShowDailyK_ChartFlow,FinMind_API_TaiwanStockPrice_2408,True,2026-09-22T07:17:30,2026-09-22T07:17:30,2026-09-22T07:17:30
2408,南亞科,2022-12-02,56.1,-1.3999999999999986,-2.43%,,,,,,,,,ShowDailyK_ChartFlow,FinMind_API_TaiwanStockPrice_2408,True,2026-09-22T07:17:30,2026-09-22T07:17:30,2026-09-22T07:17:30
2408,南亞科,2022-12-05,56.2,0.10000000000000142,0.18%,,,,,,,,,ShowDailyK_ChartFlow,FinMind_API_TaiwanStockPrice_2408,True,2026-09-22T07:17:30,2026-09-22T07:17:30,2026-09-22T07:17:30
2408,南亞科,2022-12-06,54.3,-1.9000000000000057,-3.38%,,,,,,,,,ShowDailyK_ChartFlow,FinMind_API_TaiwanStockPrice_2408,True,2026-09-22T07:17:30,2026-09-22T07:17:30,2026-09-22T07:17:30
2408,南亞科,2022-12-07,53.5,-0.7999999999999972,-1.47%,,,,,,,,,ShowDailyK_ChartFlow,FinMind_API_TaiwanStockPrice_2408,True,2026-09-22T07:17:30,2026-09-22T07:17:30,2026-09-22T07:17:30
2408,南亞科,2022-12-08,54.0,0.5,0.93%,,,,,,,,,ShowDailyK_ChartFlow,FinMind_API_TaiwanStockPrice_2408,True,2026-09-22T07:17:30,2026-09-22T07:17:30,2026-09-22T07:17:30
2408,南亞科,2022-12-09,53.7,-0.29999999999999716,-0.56%,,,,,,,,,ShowDailyK_ChartFlow,FinMind_API_TaiwanStockPrice_2408,True,2026-09-22T07:17:30,2026-09-22T07:17:30,2026-09-22T07:17:30
2408,南亞科,2022-12-12,54.8,1.0999999999999943,2.05%,,,,,,,,,ShowDailyK_ChartFlow,FinMind_API_TaiwanStockPrice_2408,True,2026-09-22T07:17:30,2026-09-22T07:17:30,2026-09-22T07:17:30
2408,南亞科,2022-12-13,54.8,0.0,0.00%,,,,,,,,,ShowDailyK_ChartFlow,FinMind_API_TaiwanStockPrice_2408,True,2026-09-22T07:17:30,2026-09-22T07:17:30,2026-09-22T07:17:30
2408,南亞科,2022-12-14,55.5,0.7000000000000028,1.28%,,,,,,,,,ShowDailyK_ChartFlow,FinMind_API_TaiwanStockPrice_2408,True,2026-09-22T07:17:30,2026-09-22T07:17:30,2026-09-22T07:17:30
2408,南亞科,2022-12-15,55.9,0.3999999999999986,0.72%,,,,,,,,,ShowDailyK_ChartFlow,FinMind_API_TaiwanStockPrice_2408,True,2026-09-22T07:17:30,2026-09-22T07:17:30,2026-09-22T07:17:30
2408,南亞科,2022-12-16,54.5,-1.3999999999999986,-2.50%,,,,,,,,,ShowDailyK_ChartFlow,FinMind_API_TaiwanStockPrice_2408,True,2026-09-22T07:17:30,2026-09-22T07:17:30,2026-09-22T07:17:30
2408,南亞科,2022-12-19,53.7,-0.7999999999999972,-1.47%,,,,,,,,,ShowDailyK_ChartFlow,FinMind_API_TaiwanStockPrice_2408,True,2026-09-22T07:17:30,2026-09-22T07:17:30,2026-09-22T07:17:30
2408,南亞科,2022-12-20,52.0,-1.7000000000000028,-3.17%,,,,,,,,,ShowDailyK_ChartFlow,FinMind_API_TaiwanStockPrice_2408,True,2026-09-22T07:17:30,2026-09-22T07:17:30,2026-09-22T07:17:30
2408,南亞科,2022-12-21,51.5,-0.5,-0.96%,,,,,,,,,ShowDailyK_ChartFlow,FinMind_API_TaiwanStockPrice_2408,True,2026-09-22T07:17:30,2026-09-22T07:17:30,2026-09-22T07:17:30
2408,南亞科,2022-12-22,51.7,0.20000000000000284,0.39%,,,,,,,,,ShowDailyK_ChartFlow,FinMind_API_TaiwanStockPrice_2408,True,2026-09-22T07:17:30,2026-09-22T07:17:30,2026-09-22T07:17:30
2408,南亞科,2022-12-23,51.4,-0.30000000000000426,-0.58%,,,,,,,,,ShowDailyK_ChartFlow,FinMind_API_TaiwanStockPrice_2408,True,2026-09-22T07:17:30,2026-09-22T07:17:30,2026-09-22T07:17:30
2408,南亞科,2022-12-26,51.5,0.10000000000000142,0.19%,,,,,,,,,ShowDailyK_ChartFlow,FinMind_API_TaiwanStockPrice_2408,True,2026-09-22T07:17:30,2026-09-22T07:17:30,2026-09-22T07:17:30
2408,南亞科,2022-12-27,51.9,0.3999999999999986,0.78%,,,,,,,,,ShowDailyK_ChartFlow,FinMind_API_TaiwanStockPrice_2408,True,2026-09-22T07:17:30,2026-09-22T07:17:30,2026-09-22T07:17:30
2408,南亞科,2022-12-28,51.3,-0.6000000000000014,-1.16%,,,,,,,,,ShowDailyK_ChartFlow,FinMind_API_TaiwanStockPrice_2408,True,2026-09-22T07:17:30,2026-09-22T07:17:30,2026-09-22T07:17:30
2408,南亞科,2022-12-29,51.8,0.5,0.97%,,,,,,,,,ShowDailyK_ChartFlow,FinMind_API_TaiwanStockPrice_2408,True,2026-09-22T07:17:30,2026-09-22T07:17:30,2026-09-22T07:17:30
2408,南亞科,2022-12-30,51.2,-0.5999999999999943,-1.16%,,,,,,,,,ShowDailyK_ChartFlow,FinMind_API_TaiwanStockPrice_2408,True,2026-09-22T07:17:30,2026-09-22T07:17:30,2026-09-22T07:17:30
2408,南亞科,2023-01-03,53.0,1.7999999999999972,3.52%,,,,,,,,,ShowDailyK_ChartFlow,FinMind_API_TaiwanStockPrice_2408,True,2026-09-22T07:17:30,2026-09-22T07:17:30,2026-09-22T07:17:30
2408,南亞科,2023-01-04,54.1,1.1000000000000014,2.08%,,,,,,,,,ShowDailyK_ChartFlow,FinMind_API_TaiwanStockPrice_2408,True,2026-09-22T07:17:30,2026-09-22T07:17:30,2026-09-22T07:17:30
2408,南亞科,2023-01-05,54.9,0.7999999999999972,1.48%,,,,,,,,,ShowDailyK_ChartFlow,FinMind_API_TaiwanStockPrice_2408,True,2026-09-22T07:17:30,2026-09-22T07:17:30,2026-09-22T07:17:30
2408,南亞科,2023-01-06,55.0,0.10000000000000142,0.18%,,,,,,,,,ShowDailyK_ChartFlow,FinMind_API_TaiwanStockPrice_2408,True,2026-09-22T07:17:30,2026-09-22T07:17:30,2026-09-22T07:17:30
2408,南亞科,2023-01-09,56.7,1.7000000000000028,3.09%,,,,,,,,,ShowDailyK_ChartFlow,FinMind_API_TaiwanStockPrice_2408,True,2026-09-22T07:17:30,2026-09-22T07:17:30,2026-09-22T07:17:30
2408,南亞科,2023-01-10,56.5,-0.20000000000000284,-0.35%,,,,,,,,,ShowDailyK_ChartFlow,FinMind_API_TaiwanStockPrice_2408,True,2026-09-22T07:17:30,2026-09-22T07:17:30,2026-09-22T07:17:30
2408,南亞科,2023-01-11,57.0,0.5,0.88%,,,,,,,,,ShowDailyK_ChartFlow,FinMind_API_TaiwanStockPrice_2408,True,2026-09-22T07:17:30,2026-09-22T07:17:30,2026-09-22T07:17:30
2408,南亞科,2023-01-12,56.2,-0.7999999999999972,-1.40%,,,,,,,,,ShowDailyK_ChartFlow,FinMind_API_TaiwanStockPrice_2408,True,2026-09-22T07:17:30,2026-09-22T07:17:30,2026-09-22T07:17:30
2408,南亞科,2023-01-13,56.0,-0.20000000000000284,-0.36%,,,,,,,,,ShowDailyK_ChartFlow,FinMind_API_TaiwanStockPrice_2408,True,2026-09-22T07:17:30,2026-09-22T07:17:30,2026-09-22T07:17:30
2408,南亞科,2023-01-16,57.5,1.5,2.68%,,,,,,,,,ShowDailyK_ChartFlow,FinMind_API_TaiwanStockPrice_2408,True,2026-09-22T07:17:30,2026-09-22T07:17:30,2026-09-22T07:17:30
2408,南亞科,2023-01-17,57.7,0.20000000000000284,0.35%,,,,,,,,,ShowDailyK_ChartFlow,FinMind_API_TaiwanStockPrice_2408,True,2026-09-22T07:17:30,2026-09-22T07:17:30,2026-09-22T07:17:30
2408,南亞科,2023-01-30,60.3,2.5999999999999943,4.51%,,,,,,,,,ShowDailyK_ChartFlow,FinMind_API_TaiwanStockPrice_2408,True,2026-09-22T07:17:30,2026-09-22T07:17:30,2026-09-22T07:17:30
2408,南亞科,2023-01-31,57.8,-2.5,-4.15%,,,,,,,,,ShowDailyK_ChartFlow,FinMind_API_TaiwanStockPrice_2408,True,2026-09-22T07:17:30,2026-09-22T07:17:30,2026-09-22T07:17:30
2408,南亞科,2023-02-01,58.2,0.4000000000000057,0.69%,,,,,,,,,ShowDailyK_ChartFlow,FinMind_API_TaiwanStockPrice_2408,True,2026-09-22T07:17:30,2026-09-22T07:17:30,2026-09-22T07:17:30
2408,南亞科,2023-02-02,59.9,1.6999999999999957,2.92%,,,,,,,,,ShowDailyK_ChartFlow,FinMind_API_TaiwanStockPrice_2408,True,2026-09-22T07:17:30,2026-09-22T07:17:30,2026-09-22T07:17:30
2408,南亞科,2023-02-03,59.9,0.0,0.00%,,,,,,,,,ShowDailyK_ChartFlow,FinMind_API_TaiwanStockPrice_2408,True,2026-09-22T07:17:30,2026-09-22T07:17:30,2026-09-22T07:17:30
2408,南亞科,2023-02-06,58.1,-1.7999999999999972,-3.01%,,,,,,,,,ShowDailyK_ChartFlow,FinMind_API_TaiwanStockPrice_2408,True,2026-09-22T07:17:30,2026-09-22T07:17:30,2026-09-22T07:17:30
2408,南亞科,2023-02-07,58.2,0.10000000000000142,0.17%,,,,,,,,,ShowDailyK_ChartFlow,FinMind_API_TaiwanStockPrice_2408,True,2026-09-22T07:17:30,2026-09-22T07:17:30,2026-09-22T07:17:30
2408,南亞科,2023-02-08,58.4,0.19999999999999574,0.34%,,,,,,,,,ShowDailyK_ChartFlow,FinMind_API_TaiwanStockPrice_2408,True,2026-09-22T07:17:30,2026-09-22T07:17:30,2026-09-22T07:17:30
2408,南亞科,2023-02-09,58.0,-0.3999999999999986,-0.68%,,,,,,,,,ShowDailyK_ChartFlow,FinMind_API_TaiwanStockPrice_2408,True,2026-09-22T07:17:30,2026-09-22T07:17:30,2026-09-22T07:17:30
2408,南亞科,2023-02-10,58.3,0.29999999999999716,0.52%,,,,,,,,,ShowDailyK_ChartFlow,FinMind_API_TaiwanStockPrice_2408,True,2026-09-22T07:17:30,2026-09-22T07:17:30,2026-09-22T07:17:30
2408,南亞科,2023-02-13,57.6,-0.6999999999999957,-1.20%,,,,,,,,,ShowDailyK_ChartFlow,FinMind_API_TaiwanStockPrice_2408,True,2026-09-22T07:17:30,2026-09-22T07:17:30,2026-09-22T07:17:30
2408,南亞科,2023-02-14,58.4,0.7999999999999972,1.39%,,,,,,,,,ShowDailyK_ChartFlow,FinMind_API_TaiwanStockPrice_2408,True,2026-09-22T07:17:30,2026-09-22T07:17:30,2026-09-22T07:17:30
2408,南亞科,2023-02-15,58.5,0.10000000000000142,0.17%,,,,,,,,,ShowDailyK_ChartFlow,FinMind_API_TaiwanStockPrice_2408,True,2026-09-22T07:17:30,2026-09-22T07:17:30,2026-09-22T07:17:30
2408,南亞科,2023-02-16,59.7,1.2000000000000028,2.05%,,,,,,,,,ShowDailyK_ChartFlow,FinMind_API_TaiwanStockPrice_2408,True,2026-09-22T07:17:30,2026-09-22T07:17:30,2026-09-22T07:17:30
2408,南亞科,2023-02-17,59.7,0.0,0.00%,,,,,,,,,ShowDailyK_ChartFlow,FinMind_API_TaiwanStockPrice_2408,True,2026-09-22T07:17:30,2026-09-22T07:17:30,2026-09-22T07:17:30
2408,南亞科,2023-02-20,60.0,0.29999999999999716,0.50%,,,,,,,,,ShowDailyK_ChartFlow,FinMind_API_TaiwanStockPrice_2408,True,2026-09-22T07:17:30,2026-09-22T07:17:30,2026-09-22T07:17:30
2408,南亞科,2023-02-21,60.4,0.3999999999999986,0.67%,,,,,,,,,ShowDailyK_ChartFlow,FinMind_API_TaiwanStockPrice_2408,True,2026-09-22T07:17:30,2026-09-22T07:17:30,2026-09-22T07:17:30
2408,南亞科,2023-02-22,58.7,-1.6999999999999957,-2.81%,,,,,,,,,ShowDailyK_ChartFlow,FinMind_API_TaiwanStockPrice_2408,True,2026-09-22T07:17:30,2026-09-22T07:17:30,2026-09-22T07:17:30
2408,南亞科,2023-02-23,59.5,0.7999999999999972,1.36%,,,,,,,,,ShowDailyK_ChartFlow,FinMind_API_TaiwanStockPrice_2408,True,2026-09-22T07:17:30,2026-09-22T07:17:30,2026-09-22T07:17:30
2408,南亞科,2023-02-24,58.4,-1.1000000000000014,-1.85%,,,,,,,,,ShowDailyK_ChartFlow,FinMind_API_TaiwanStockPrice_2408,True,2026-09-22T07:17:30,2026-09-22T07:17:30,2026-09-22T07:17:30
2408,南亞科,2023-03-01,57.3,-1.1000000000000014,-1.88%,,,,,,,,,ShowDailyK_ChartFlow,FinMind_API_TaiwanStockPrice_2408,True,2026-09-22T07:17:30,2026-09-22T07:17:30,2026-09-22T07:17:30
2408,南亞科,2023-03-02,57.3,0.0,0.00%,,,,,,,,,ShowDailyK_ChartFlow,FinMind_API_TaiwanStockPrice_2408,True,2026-09-22T07:17:30,2026-09-22T07:17:30,2026-09-22T07:17:30
2408,南亞科,2023-03-03,57.9,0.6000000000000014,1.05%,,,,,,,,,ShowDailyK_ChartFlow,FinMind_API_TaiwanStockPrice_2408,True,2026-09-22T07:17:30,2026-09-22T07:17:30,2026-09-22T07:17:30
2408,南亞科,2023-03-06,57.7,-0.19999999999999574,-0.35%,,,,,,,,,ShowDailyK_ChartFlow,FinMind_API_TaiwanStockPrice_2408,True,2026-09-22T07:17:30,2026-09-22T07:17:30,2026-09-22T07:17:30
2408,南亞科,2023-03-07,58.5,0.7999999999999972,1.39%,,,,,,,,,ShowDailyK_ChartFlow,FinMind_API_TaiwanStockPrice_2408,True,2026-09-22T07:17:30,2026-09-22T07:17:30,2026-09-22T07:17:30
2408,南亞科,2023-03-08,61.0,2.5,4.27%,,,,,,,,,ShowDailyK_ChartFlow,FinMind_API_TaiwanStockPrice_2408,True,2026-09-22T07:17:30,2026-09-22T07:17:30,2026-09-22T07:17:30
2408,南亞科,2023-03-09,59.1,-1.8999999999999986,-3.11%,,,,,,,,,ShowDailyK_ChartFlow,FinMind_API_TaiwanStockPrice_2408,True,2026-09-22T07:17:30,2026-09-22T07:17:30,2026-09-22T07:17:30
2408,南亞科,2023-03-10,58.7,-0.3999999999999986,-0.68%,,,,,,,,,ShowDailyK_ChartFlow,FinMind_API_TaiwanStockPrice_2408,True,2026-09-22T07:17:30,2026-09-22T07:17:30,2026-09-22T07:17:30
2408,南亞科,2023-03-13,58.5,-0.20000000000000284,-0.34%,,,,,,,,,ShowDailyK_ChartFlow,FinMind_API_TaiwanStockPrice_2408,True,2026-09-22T07:17:30,2026-09-22T07:17:30,2026-09-22T07:17:30
2408,南亞科,2023-03-14,58.0,-0.5,-0.85%,,,,,,,,,ShowDailyK_ChartFlow,FinMind_API_TaiwanStockPrice_2408,True,2026-09-22T07:17:30,2026-09-22T07:17:30,2026-09-22T07:17:30
2408,南亞科,2023-03-15,58.0,0.0,0.00%,,,,,,,,,ShowDailyK_ChartFlow,FinMind_API_TaiwanStockPrice_2408,True,2026-09-22T07:17:30,2026-09-22T07:17:30,2026-09-22T07:17:30
2408,南亞科,2023-03-16,57.7,-0.29999999999999716,-0.52%,,,,,,,,,ShowDailyK_ChartFlow,FinMind_API_TaiwanStockPrice_2408,True,2026-09-22T07:17:30,2026-09-22T07:17:30,2026-09-22T07:17:30
2408,南亞科,2023-03-17,59.3,1.5999999999999943,2.77%,,,,,,,,,ShowDailyK_ChartFlow,FinMind_API_TaiwanStockPrice_2408,True,2026-09-22T07:17:30,2026-09-22T07:17:30,2026-09-22T07:17:30
2408,南亞科,2023-03-20,59.2,-0.09999999999999432,-0.17%,,,,,,,,,ShowDailyK_ChartFlow,FinMind_API_TaiwanStockPrice_2408,True,2026-09-22T07:17:30,2026-09-22T07:17:30,2026-09-22T07:17:30
2408,南亞科,2023-03-21,58.6,-0.6000000000000014,-1.01%,,,,,,,,,ShowDailyK_ChartFlow,FinMind_API_TaiwanStockPrice_2408,True,2026-09-22T07:17:30,2026-09-22T07:17:30,2026-09-22T07:17:30
2408,南亞科,2023-03-22,59.1,0.5,0.85%,,,,,,,,,ShowDailyK_ChartFlow,FinMind_API_TaiwanStockPrice_2408,True,2026-09-22T07:17:30,2026-09-22T07:17:30,2026-09-22T07:17:30
2408,南亞科,2023-03-23,59.8,0.6999999999999957,1.18%,,,,,,,,,ShowDailyK_ChartFlow,FinMind_API_TaiwanStockPrice_2408,True,2026-09-22T07:17:30,2026-09-22T07:17:30,2026-09-22T07:17:30
2408,南亞科,2023-03-24,63.3,3.5,5.85%,,,,,,,,,ShowDailyK_ChartFlow,FinMind_API_TaiwanStockPrice_2408,True,2026-09-22T07:17:30,2026-09-22T07:17:30,2026-09-22T07:17:30
2408,南亞科,2023-03-27,63.2,-0.09999999999999432,-0.16%,,,,,,,,,ShowDailyK_ChartFlow,FinMind_API_TaiwanStockPrice_2408,True,2026-09-22T07:17:30,2026-09-22T07:17:30,2026-09-22T07:17:30
2408,南亞科,2023-03-28,62.5,-0.7000000000000028,-1.11%,,,,,,,,,ShowDailyK_ChartFlow,FinMind_API_TaiwanStockPrice_2408,True,2026-09-22T07:17:30,2026-09-22T07:17:30,2026-09-22T07:17:30
2408,南亞科,2023-03-29,61.0,-1.5,-2.40%,,,,,,,,,ShowDailyK_ChartFlow,FinMind_API_TaiwanStockPrice_2408,True,2026-09-22T07:17:30,2026-09-22T07:17:30,2026-09-22T07:17:30
2408,南亞科,2023-03-30,63.9,2.8999999999999986,4.75%,,,,,,,,,ShowDailyK_ChartFlow,FinMind_API_TaiwanStockPrice_2408,True,2026-09-22T07:17:30,2026-09-22T07:17:30,2026-09-22T07:17:30
2408,南亞科,2023-03-31,66.5,2.6000000000000014,4.07%,,,,,,,,,ShowDailyK_ChartFlow,FinMind_API_TaiwanStockPrice_2408,True,2026-09-22T07:17:30,2026-09-22T07:17:30,2026-09-22T07:17:30
2408,南亞科,2023-04-06,66.4,-0.09999999999999432,-0.15%,,,,,,,,,ShowDailyK_ChartFlow,FinMind_API_TaiwanStockPrice_2408,True,2026-09-22T07:17:30,2026-09-22T07:17:30,2026-09-22T07:17:30
2408,南亞科,2023-04-07,68.6,2.1999999999999886,3.31%,,,,,,,,,ShowDailyK_ChartFlow,FinMind_API_TaiwanStockPrice_2408,True,2026-09-22T07:17:30,2026-09-22T07:17:30,2026-09-22T07:17:30
2408,南亞科,2023-04-10,66.7,-1.8999999999999915,-2.77%,,,,,,,,,ShowDailyK_ChartFlow,FinMind_API_TaiwanStockPrice_2408,True,2026-09-22T07:17:30,2026-09-22T07:17:30,2026-09-22T07:17:30
2408,南亞科,2023-04-11,68.2,1.5,2.25%,,,,,,,,,ShowDailyK_ChartFlow,FinMind_API_TaiwanStockPrice_2408,True,2026-09-22T07:17:30,2026-09-22T07:17:30,2026-09-22T07:17:30
2408,南亞科,2023-04-12,69.1,0.8999999999999915,1.32%,,,,,,,,,ShowDailyK_ChartFlow,FinMind_API_TaiwanStockPrice_2408,True,2026-09-22T07:17:30,2026-09-22T07:17:30,2026-09-22T07:17:30
2408,南亞科,2023-04-13,67.5,-1.5999999999999943,-2.32%,,,,,,,,,ShowDailyK_ChartFlow,FinMind_API_TaiwanStockPrice_2408,True,2026-09-22T07:17:30,2026-09-22T07:17:30,2026-09-22T07:17:30
2408,南亞科,2023-04-14,67.6,0.09999999999999432,0.15%,,,,,,,,,ShowDailyK_ChartFlow,FinMind_API_TaiwanStockPrice_2408,True,2026-09-22T07:17:30,2026-09-22T07:17:30,2026-09-22T07:17:30
2408,南亞科,2023-04-17,68.0,0.4000000000000057,0.59%,,,,,,,,,ShowDailyK_ChartFlow,FinMind_API_TaiwanStockPrice_2408,True,2026-09-22T07:17:30,2026-09-22T07:17:30,2026-09-22T07:17:30
2408,南亞科,2023-04-18,67.3,-0.7000000000000028,-1.03%,,,,,,,,,ShowDailyK_ChartFlow,FinMind_API_TaiwanStockPrice_2408,True,2026-09-22T07:17:30,2026-09-22T07:17:30,2026-09-22T07:17:30
2408,南亞科,2023-04-19,67.0,-0.29999999999999716,-0.45%,,,,,,,,,ShowDailyK_ChartFlow,FinMind_API_TaiwanStockPrice_2408,True,2026-09-22T07:17:30,2026-09-22T07:17:30,2026-09-22T07:17:30
2408,南亞科,2023-04-20,65.5,-1.5,-2.24%,,,,,,,,,ShowDailyK_ChartFlow,FinMind_API_TaiwanStockPrice_2408,True,2026-09-22T07:17:30,2026-09-22T07:17:30,2026-09-22T07:17:30
2408,南亞科,2023-04-21,64.5,-1.0,-1.53%,,,,,,,,,ShowDailyK_ChartFlow,FinMind_API_TaiwanStockPrice_2408,True,2026-09-22T07:17:30,2026-09-22T07:17:30,2026-09-22T07:17:30
2408,南亞科,2023-04-24,64.2,-0.29999999999999716,-0.47%,,,,,,,,,ShowDailyK_ChartFlow,FinMind_API_TaiwanStockPrice_2408,True,2026-09-22T07:17:30,2026-09-22T07:17:30,2026-09-22T07:17:30
2408,南亞科,2023-04-25,63.5,-0.7000000000000028,-1.09%,,,,,,,,,ShowDailyK_ChartFlow,FinMind_API_TaiwanStockPrice_2408,True,2026-09-22T07:17:30,2026-09-22T07:17:30,2026-09-22T07:17:30
2408,南亞科,2023-04-26,64.1,0.5999999999999943,0.94%,,,,,,,,,ShowDailyK_ChartFlow,FinMind_API_TaiwanStockPrice_2408,True,2026-09-22T07:17:30,2026-09-22T07:17:30,2026-09-22T07:17:30
2408,南亞科,2023-04-27,65.6,1.5,2.34%,,,,,,,,,ShowDailyK_ChartFlow,FinMind_API_TaiwanStockPrice_2408,True,2026-09-22T07:17:30,2026-09-22T07:17:30,2026-09-22T07:17:30
2408,南亞科,2023-04-28,67.8,2.200000000000003,3.35%,,,,,,,,,ShowDailyK_ChartFlow,FinMind_API_TaiwanStockPrice_2408,True,2026-09-22T07:17:30,2026-09-22T07:17:30,2026-09-22T07:17:30
2408,南亞科,2023-05-02,66.7,-1.0999999999999943,-1.62%,,,,,,,,,ShowDailyK_ChartFlow,FinMind_API_TaiwanStockPrice_2408,True,2026-09-22T07:17:30,2026-09-22T07:17:30,2026-09-22T07:17:30
2408,南亞科,2023-05-03,67.1,0.3999999999999915,0.60%,,,,,,,,,ShowDailyK_ChartFlow,FinMind_API_TaiwanStockPrice_2408,True,2026-09-22T07:17:30,2026-09-22T07:17:30,2026-09-22T07:17:30
2408,南亞科,2023-05-04,68.0,0.9000000000000057,1.34%,,,,,,,,,ShowDailyK_ChartFlow,FinMind_API_TaiwanStockPrice_2408,True,2026-09-22T07:17:30,2026-09-22T07:17:30,2026-09-22T07:17:30
2408,南亞科,2023-05-05,66.7,-1.2999999999999972,-1.91%,,,,,,,,,ShowDailyK_ChartFlow,FinMind_API_TaiwanStockPrice_2408,True,2026-09-22T07:17:30,2026-09-22T07:17:30,2026-09-22T07:17:30
2408,南亞科,2023-05-08,64.8,-1.9000000000000057,-2.85%,,,,,,,,,ShowDailyK_ChartFlow,FinMind_API_TaiwanStockPrice_2408,True,2026-09-22T07:17:30,2026-09-22T07:17:30,2026-09-22T07:17:30
2408,南亞科,2023-05-09,64.7,-0.09999999999999432,-0.15%,,,,,,,,,ShowDailyK_ChartFlow,FinMind_API_TaiwanStockPrice_2408,True,2026-09-22T07:17:30,2026-09-22T07:17:30,2026-09-22T07:17:30
2408,南亞科,2023-05-10,64.2,-0.5,-0.77%,,,,,,,,,ShowDailyK_ChartFlow,FinMind_API_TaiwanStockPrice_2408,True,2026-09-22T07:17:30,2026-09-22T07:17:30,2026-09-22T07:17:30
2408,南亞科,2023-05-11,63.3,-0.9000000000000057,-1.40%,,,,,,,,,ShowDailyK_ChartFlow,FinMind_API_TaiwanStockPrice_2408,True,2026-09-22T07:17:30,2026-09-22T07:17:30,2026-09-22T07:17:30
2408,南亞科,2023-05-12,63.8,0.5,0.79%,,,,,,,,,ShowDailyK_ChartFlow,FinMind_API_TaiwanStockPrice_2408,True,2026-09-22T07:17:30,2026-09-22T07:17:30,2026-09-22T07:17:30
2408,南亞科,2023-05-15,63.9,0.10000000000000142,0.16%,,,,,,,,,ShowDailyK_ChartFlow,FinMind_API_TaiwanStockPrice_2408,True,2026-09-22T07:17:30,2026-09-22T07:17:30,2026-09-22T07:17:30
2408,南亞科,2023-05-16,64.6,0.6999999999999957,1.10%,,,,,,,,,ShowDailyK_ChartFlow,FinMind_API_TaiwanStockPrice_2408,True,2026-09-22T07:17:30,2026-09-22T07:17:30,2026-09-22T07:17:30
2408,南亞科,2023-05-17,68.0,3.4000000000000057,5.26%,,,,,,,,,ShowDailyK_ChartFlow,FinMind_API_TaiwanStockPrice_2408,True,2026-09-22T07:17:30,2026-09-22T07:17:30,2026-09-22T07:17:30
2408,南亞科,2023-05-18,69.3,1.2999999999999972,1.91%,,,,,,,,,ShowDailyK_ChartFlow,FinMind_API_TaiwanStockPrice_2408,True,2026-09-22T07:17:30,2026-09-22T07:17:30,2026-09-22T07:17:30
2408,南亞科,2023-05-19,69.9,0.6000000000000085,0.87%,,,,,,,,,ShowDailyK_ChartFlow,FinMind_API_TaiwanStockPrice_2408,True,2026-09-22T07:17:30,2026-09-22T07:17:30,2026-09-22T07:17:30
2408,南亞科,2023-05-22,70.1,0.19999999999998863,0.29%,,,,,,,,,ShowDailyK_ChartFlow,FinMind_API_TaiwanStockPrice_2408,True,2026-09-22T07:17:30,2026-09-22T07:17:30,2026-09-22T07:17:30
2408,南亞科,2023-05-23,69.9,-0.19999999999998863,-0.29%,,,,,,,,,ShowDailyK_ChartFlow,FinMind_API_TaiwanStockPrice_2408,True,2026-09-22T07:17:30,2026-09-22T07:17:30,2026-09-22T07:17:30
2408,南亞科,2023-05-24,69.9,0.0,0.00%,,,,,,,,,ShowDailyK_ChartFlow,FinMind_API_TaiwanStockPrice_2408,True,2026-09-22T07:17:30,2026-09-22T07:17:30,2026-09-22T07:17:30
2408,南亞科,2023-05-25,72.4,2.5,3.58%,,,,,,,,,ShowDailyK_ChartFlow,FinMind_API_TaiwanStockPrice_2408,True,2026-09-22T07:17:30,2026-09-22T07:17:30,2026-09-22T07:17:30
2408,南亞科,2023-05-26,71.9,-0.5,-0.69%,,,,,,,,,ShowDailyK_ChartFlow,FinMind_API_TaiwanStockPrice_2408,True,2026-09-22T07:17:30,2026-09-22T07:17:30,2026-09-22T07:17:30
2408,南亞科,2023-05-29,71.2,-0.7000000000000028,-0.97%,,,,,,,,,ShowDailyK_ChartFlow,FinMind_API_TaiwanStockPrice_2408,True,2026-09-22T07:17:30,2026-09-22T07:17:30,2026-09-22T07:17:30
2408,南亞科,2023-05-30,71.9,0.7000000000000028,0.98%,,,,,,,,,ShowDailyK_ChartFlow,FinMind_API_TaiwanStockPrice_2408,True,2026-09-22T07:17:30,2026-09-22T07:17:30,2026-09-22T07:17:30
2408,南亞科,2023-05-31,73.5,1.5999999999999943,2.23%,,,,,,,,,ShowDailyK_ChartFlow,FinMind_API_TaiwanStockPrice_2408,True,2026-09-22T07:17:30,2026-09-22T07:17:30,2026-09-22T07:17:30
2408,南亞科,2023-06-01,71.4,-2.0999999999999943,-2.86%,,,,,,,,,ShowDailyK_ChartFlow,FinMind_API_TaiwanStockPrice_2408,True,2026-09-22T07:17:30,2026-09-22T07:17:30,2026-09-22T07:17:30
2408,南亞科,2023-06-02,72.9,1.5,2.10%,,,,,,,,,ShowDailyK_ChartFlow,FinMind_API_TaiwanStockPrice_2408,True,2026-09-22T07:17:30,2026-09-22T07:17:30,2026-09-22T07:17:30
2408,南亞科,2023-06-05,72.1,-0.8000000000000114,-1.10%,,,,,,,,,ShowDailyK_ChartFlow,FinMind_API_TaiwanStockPrice_2408,True,2026-09-22T07:17:30,2026-09-22T07:17:30,2026-09-22T07:17:30
2408,南亞科,2023-06-06,72.4,0.30000000000001137,0.42%,,,,,,,,,ShowDailyK_ChartFlow,FinMind_API_TaiwanStockPrice_2408,True,2026-09-22T07:17:30,2026-09-22T07:17:30,2026-09-22T07:17:30
2408,南亞科,2023-06-07,71.9,-0.5,-0.69%,,,,,,,,,ShowDailyK_ChartFlow,FinMind_API_TaiwanStockPrice_2408,True,2026-09-22T07:17:30,2026-09-22T07:17:30,2026-09-22T07:17:30
2408,南亞科,2023-06-08,70.2,-1.7000000000000028,-2.36%,,,,,,,,,ShowDailyK_ChartFlow,FinMind_API_TaiwanStockPrice_2408,True,2026-09-22T07:17:30,2026-09-22T07:17:30,2026-09-22T07:17:30
2408,南亞科,2023-06-09,71.3,1.0999999999999943,1.57%,,,,,,,,,ShowDailyK_ChartFlow,FinMind_API_TaiwanStockPrice_2408,True,2026-09-22T07:17:30,2026-09-22T07:17:30,2026-09-22T07:17:30
2408,南亞科,2023-06-12,72.9,1.6000000000000085,2.24%,,,,,,,,,ShowDailyK_ChartFlow,FinMind_API_TaiwanStockPrice_2408,True,2026-09-22T07:17:30,2026-09-22T07:17:30,2026-09-22T07:17:30
2408,南亞科,2023-06-13,74.8,1.8999999999999915,2.61%,,,,,,,,,ShowDailyK_ChartFlow,FinMind_API_TaiwanStockPrice_2408,True,2026-09-22T07:17:30,2026-09-22T07:17:30,2026-09-22T07:17:30
2408,南亞科,2023-06-14,76.2,1.4000000000000057,1.87%,,,,,,,,,ShowDailyK_ChartFlow,FinMind_API_TaiwanStockPrice_2408,True,2026-09-22T07:17:30,2026-09-22T07:17:30,2026-09-22T07:17:30
2408,南亞科,2023-06-15,75.3,-0.9000000000000057,-1.18%,,,,,,,,,ShowDailyK_ChartFlow,FinMind_API_TaiwanStockPrice_2408,True,2026-09-22T07:17:30,2026-09-22T07:17:30,2026-09-22T07:17:30
2408,南亞科,2023-06-16,78.5,3.200000000000003,4.25%,,,,,,,,,ShowDailyK_ChartFlow,FinMind_API_TaiwanStockPrice_2408,True,2026-09-22T07:17:30,2026-09-22T07:17:30,2026-09-22T07:17:30
2408,南亞科,2023-06-19,78.0,-0.5,-0.64%,,,,,,,,,ShowDailyK_ChartFlow,FinMind_API_TaiwanStockPrice_2408,True,2026-09-22T07:17:30,2026-09-22T07:17:30,2026-09-22T07:17:30
2408,南亞科,2023-06-20,77.4,-0.5999999999999943,-0.77%,,,,,,,,,ShowDailyK_ChartFlow,FinMind_API_TaiwanStockPrice_2408,True,2026-09-22T07:17:30,2026-09-22T07:17:30,2026-09-22T07:17:30
2408,南亞科,2023-06-21,74.6,-2.8000000000000114,-3.62%,,,,,,,,,ShowDailyK_ChartFlow,FinMind_API_TaiwanStockPrice_2408,True,2026-09-22T07:17:30,2026-09-22T07:17:30,2026-09-22T07:17:30
2408,南亞科,2023-06-26,73.0,-1.5999999999999943,-2.14%,,,,,,,,,ShowDailyK_ChartFlow,FinMind_API_TaiwanStockPrice_2408,True,2026-09-22T07:17:30,2026-09-22T07:17:30,2026-09-22T07:17:30
2408,南亞科,2023-06-27,70.8,-2.200000000000003,-3.01%,,,,,,,,,ShowDailyK_ChartFlow,FinMind_API_TaiwanStockPrice_2408,True,2026-09-22T07:17:30,2026-09-22T07:17:30,2026-09-22T07:17:30
2408,南亞科,2023-06-28,69.5,-1.2999999999999972,-1.84%,,,,,,,,,ShowDailyK_ChartFlow,FinMind_API_TaiwanStockPrice_2408,True,2026-09-22T07:17:30,2026-09-22T07:17:30,2026-09-22T07:17:30
2408,南亞科,2023-06-29,72.2,2.700000000000003,3.88%,,,,,,,,,ShowDailyK_ChartFlow,FinMind_API_TaiwanStockPrice_2408,True,2026-09-22T07:17:30,2026-09-22T07:17:30,2026-09-22T07:17:30
2408,南亞科,2023-06-30,70.8,-1.4000000000000057,-1.94%,,,,,,,,,ShowDailyK_ChartFlow,FinMind_API_TaiwanStockPrice_2408,True,2026-09-22T07:17:30,2026-09-22T07:17:30,2026-09-22T07:17:30
2408,南亞科,2023-07-03,70.1,-0.7000000000000028,-0.99%,,,,,,,,,ShowDailyK_ChartFlow,FinMind_API_TaiwanStockPrice_2408,True,2026-09-22T07:17:30,2026-09-22T07:17:30,2026-09-22T07:17:30
2408,南亞科,2023-07-04,70.4,0.30000000000001137,0.43%,,,,,,,,,ShowDailyK_ChartFlow,FinMind_API_TaiwanStockPrice_2408,True,2026-09-22T07:17:30,2026-09-22T07:17:30,2026-09-22T07:17:30
2408,南亞科,2023-07-05,70.1,-0.30000000000001137,-0.43%,,,,,,,,,ShowDailyK_ChartFlow,FinMind_API_TaiwanStockPrice_2408,True,2026-09-22T07:17:30,2026-09-22T07:17:30,2026-09-22T07:17:30
2408,南亞科,2023-07-06,70.1,0.0,0.00%,,,,,,,,,ShowDailyK_ChartFlow,FinMind_API_TaiwanStockPrice_2408,True,2026-09-22T07:17:30,2026-09-22T07:17:30,2026-09-22T07:17:30
2408,南亞科,2023-07-07,69.1,-1.0,-1.43%,,,,,,,,,ShowDailyK_ChartFlow,FinMind_API_TaiwanStockPrice_2408,True,2026-09-22T07:17:30,2026-09-22T07:17:30,2026-09-22T07:17:30
2408,南亞科,2023-07-10,69.7,0.6000000000000085,0.87%,,,,,,,,,ShowDailyK_ChartFlow,FinMind_API_TaiwanStockPrice_2408,True,2026-09-22T07:17:30,2026-09-22T07:17:30,2026-09-22T07:17:30
2408,南亞科,2023-07-11,69.9,0.20000000000000284,0.29%,,,,,,,,,ShowDailyK_ChartFlow,FinMind_API_TaiwanStockPrice_2408,True,2026-09-22T07:17:30,2026-09-22T07:17:30,2026-09-22T07:17:30
2408,南亞科,2023-07-12,70.1,0.19999999999998863,0.29%,,,,,,,,,ShowDailyK_ChartFlow,FinMind_API_TaiwanStockPrice_2408,True,2026-09-22T07:17:30,2026-09-22T07:17:30,2026-09-22T07:17:30
2408,南亞科,2023-07-13,70.9,0.8000000000000114,1.14%,,,,,,,,,ShowDailyK_ChartFlow,FinMind_API_TaiwanStockPrice_2408,True,2026-09-22T07:17:30,2026-09-22T07:17:30,2026-09-22T07:17:30
2408,南亞科,2023-07-14,71.7,0.7999999999999972,1.13%,,,,,,,,,ShowDailyK_ChartFlow,FinMind_API_TaiwanStockPrice_2408,True,2026-09-22T07:17:30,2026-09-22T07:17:30,2026-09-22T07:17:30
2408,南亞科,2023-07-17,71.7,0.0,0.00%,,,,,,,,,ShowDailyK_ChartFlow,FinMind_API_TaiwanStockPrice_2408,True,2026-09-22T07:17:30,2026-09-22T07:17:30,2026-09-22T07:17:30
2408,南亞科,2023-07-18,69.5,-2.200000000000003,-3.07%,,,,,,,,,ShowDailyK_ChartFlow,FinMind_API_TaiwanStockPrice_2408,True,2026-09-22T07:17:30,2026-09-22T07:17:30,2026-09-22T07:17:30
2408,南亞科,2023-07-19,70.4,0.9000000000000057,1.29%,,,,,,,,,ShowDailyK_ChartFlow,FinMind_API_TaiwanStockPrice_2408,True,2026-09-22T07:17:30,2026-09-22T07:17:30,2026-09-22T07:17:30
2408,南亞科,2023-07-20,70.3,-0.10000000000000853,-0.14%,,,,,,,,,ShowDailyK_ChartFlow,FinMind_API_TaiwanStockPrice_2408,True,2026-09-22T07:17:30,2026-09-22T07:17:30,2026-09-22T07:17:30
2408,南亞科,2023-07-21,70.1,-0.20000000000000284,-0.28%,,,,,,,,,ShowDailyK_ChartFlow,FinMind_API_TaiwanStockPrice_2408,True,2026-09-22T07:17:30,2026-09-22T07:17:30,2026-09-22T07:17:30
2408,南亞科,2023-07-24,69.3,-0.7999999999999972,-1.14%,,,,,,,,,ShowDailyK_ChartFlow,FinMind_API_TaiwanStockPrice_2408,True,2026-09-22T07:17:30,2026-09-22T07:17:30,2026-09-22T07:17:30
2408,南亞科,2023-07-25,68.2,-1.0999999999999943,-1.59%,,,,,,,,,ShowDailyK_ChartFlow,FinMind_API_TaiwanStockPrice_2408,True,2026-09-22T07:17:30,2026-09-22T07:17:30,2026-09-22T07:17:30
2408,南亞科,2023-07-26,67.1,-1.1000000000000085,-1.61%,,,,,,,,,ShowDailyK_ChartFlow,FinMind_API_TaiwanStockPrice_2408,True,2026-09-22T07:17:30,2026-09-22T07:17:30,2026-09-22T07:17:30
2408,南亞科,2023-07-27,71.4,4.300000000000011,6.41%,,,,,,,,,ShowDailyK_ChartFlow,FinMind_API_TaiwanStockPrice_2408,True,2026-09-22T07:17:30,2026-09-22T07:17:30,2026-09-22T07:17:30
2408,南亞科,2023-07-28,74.8,3.3999999999999915,4.76%,,,,,,,,,ShowDailyK_ChartFlow,FinMind_API_TaiwanStockPrice_2408,True,2026-09-22T07:17:30,2026-09-22T07:17:30,2026-09-22T07:17:30
2408,南亞科,2023-07-31,72.3,-2.5,-3.34%,,,,,,,,,ShowDailyK_ChartFlow,FinMind_API_TaiwanStockPrice_2408,True,2026-09-22T07:17:30,2026-09-22T07:17:30,2026-09-22T07:17:30
2408,南亞科,2023-08-01,71.0,-1.2999999999999972,-1.80%,,,,,,,,,ShowDailyK_ChartFlow,FinMind_API_TaiwanStockPrice_2408,True,2026-09-22T07:17:30,2026-09-22T07:17:30,2026-09-22T07:17:30
2408,南亞科,2023-08-02,69.1,-1.9000000000000057,-2.68%,,,,,,,,,ShowDailyK_ChartFlow,FinMind_API_TaiwanStockPrice_2408,True,2026-09-22T07:17:30,2026-09-22T07:17:30,2026-09-22T07:17:30
2408,南亞科,2023-08-04,69.9,0.8000000000000114,1.16%,,,,,,,,,ShowDailyK_ChartFlow,FinMind_API_TaiwanStockPrice_2408,True,2026-09-22T07:17:30,2026-09-22T07:17:30,2026-09-22T07:17:30
2408,南亞科,2023-08-07,70.0,0.09999999999999432,0.14%,,,,,,,,,ShowDailyK_ChartFlow,FinMind_API_TaiwanStockPrice_2408,True,2026-09-22T07:17:30,2026-09-22T07:17:30,2026-09-22T07:17:30
2408,南亞科,2023-08-08,68.5,-1.5,-2.14%,,,,,,,,,ShowDailyK_ChartFlow,FinMind_API_TaiwanStockPrice_2408,True,2026-09-22T07:17:30,2026-09-22T07:17:30,2026-09-22T07:17:30
2408,南亞科,2023-08-09,68.9,0.4000000000000057,0.58%,,,,,,,,,ShowDailyK_ChartFlow,FinMind_API_TaiwanStockPrice_2408,True,2026-09-22T07:17:30,2026-09-22T07:17:30,2026-09-22T07:17:30
2408,南亞科,2023-08-10,67.1,-1.8000000000000114,-2.61%,,,,,,,,,ShowDailyK_ChartFlow,FinMind_API_TaiwanStockPrice_2408,True,2026-09-22T07:17:30,2026-09-22T07:17:30,2026-09-22T07:17:30
2408,南亞科,2023-08-11,67.9,0.8000000000000114,1.19%,,,,,,,,,ShowDailyK_ChartFlow,FinMind_API_TaiwanStockPrice_2408,True,2026-09-22T07:17:30,2026-09-22T07:17:30,2026-09-22T07:17:30
2408,南亞科,2023-08-14,64.9,-3.0,-4.42%,,,,,,,,,ShowDailyK_ChartFlow,FinMind_API_TaiwanStockPrice_2408,True,2026-09-22T07:17:30,2026-09-22T07:17:30,2026-09-22T07:17:30
2408,南亞科,2023-08-15,64.6,-0.30000000000001137,-0.46%,,,,,,,,,ShowDailyK_ChartFlow,FinMind_API_TaiwanStockPrice_2408,True,2026-09-22T07:17:30,2026-09-22T07:17:30,2026-09-22T07:17:30
2408,南亞科,2023-08-16,63.7,-0.8999999999999915,-1.39%,,,,,,,,,ShowDailyK_ChartFlow,FinMind_API_TaiwanStockPrice_2408,True,2026-09-22T07:17:30,2026-09-22T07:17:30,2026-09-22T07:17:30
2408,南亞科,2023-08-17,65.6,1.8999999999999915,2.98%,,,,,,,,,ShowDailyK_ChartFlow,FinMind_API_TaiwanStockPrice_2408,True,2026-09-22T07:17:30,2026-09-22T07:17:30,2026-09-22T07:17:30
2408,南亞科,2023-08-18,64.6,-1.0,-1.52%,,,,,,,,,ShowDailyK_ChartFlow,FinMind_API_TaiwanStockPrice_2408,True,2026-09-22T07:17:30,2026-09-22T07:17:30,2026-09-22T07:17:30
2408,南亞科,2023-08-21,63.4,-1.1999999999999957,-1.86%,,,,,,,,,ShowDailyK_ChartFlow,FinMind_API_TaiwanStockPrice_2408,True,2026-09-22T07:17:30,2026-09-22T07:17:30,2026-09-22T07:17:30
2408,南亞科,2023-08-22,63.5,0.10000000000000142,0.16%,,,,,,,,,ShowDailyK_ChartFlow,FinMind_API_TaiwanStockPrice_2408,True,2026-09-22T07:17:30,2026-09-22T07:17:30,2026-09-22T07:17:30
2408,南亞科,2023-08-23,63.5,0.0,0.00%,,,,,,,,,ShowDailyK_ChartFlow,FinMind_API_TaiwanStockPrice_2408,True,2026-09-22T07:17:30,2026-09-22T07:17:30,2026-09-22T07:17:30
2408,南亞科,2023-08-24,65.3,1.7999999999999972,2.83%,,,,,,,,,ShowDailyK_ChartFlow,FinMind_API_TaiwanStockPrice_2408,True,2026-09-22T07:17:30,2026-09-22T07:17:30,2026-09-22T07:17:30
2408,南亞科,2023-08-25,65.0,-0.29999999999999716,-0.46%,,,,,,,,,ShowDailyK_ChartFlow,FinMind_API_TaiwanStockPrice_2408,True,2026-09-22T07:17:30,2026-09-22T07:17:30,2026-09-22T07:17:30
2408,南亞科,2023-08-28,65.6,0.5999999999999943,0.92%,,,,,,,,,ShowDailyK_ChartFlow,FinMind_API_TaiwanStockPrice_2408,True,2026-09-22T07:17:30,2026-09-22T07:17:30,2026-09-22T07:17:30
2408,南亞科,2023-08-29,66.2,0.6000000000000085,0.91%,,,,,,,,,ShowDailyK_ChartFlow,FinMind_API_TaiwanStockPrice_2408,True,2026-09-22T07:17:30,2026-09-22T07:17:30,2026-09-22T07:17:30
2408,南亞科,2023-08-30,66.7,0.5,0.76%,,,,,,,,,ShowDailyK_ChartFlow,FinMind_API_TaiwanStockPrice_2408,True,2026-09-22T07:17:30,2026-09-22T07:17:30,2026-09-22T07:17:30
2408,南亞科,2023-08-31,66.6,-0.10000000000000853,-0.15%,,,,,,,,,ShowDailyK_ChartFlow,FinMind_API_TaiwanStockPrice_2408,True,2026-09-22T07:17:30,2026-09-22T07:17:30,2026-09-22T07:17:30
2408,南亞科,2023-09-01,68.2,1.6000000000000085,2.40%,,,,,,,,,ShowDailyK_ChartFlow,FinMind_API_TaiwanStockPrice_2408,True,2026-09-22T07:17:30,2026-09-22T07:17:30,2026-09-22T07:17:30
2408,南亞科,2023-09-04,67.6,-0.6000000000000085,-0.88%,,,,,,,,,ShowDailyK_ChartFlow,FinMind_API_TaiwanStockPrice_2408,True,2026-09-22T07:17:30,2026-09-22T07:17:30,2026-09-22T07:17:30
2408,南亞科,2023-09-05,68.1,0.5,0.74%,,,,,,,,,ShowDailyK_ChartFlow,FinMind_API_TaiwanStockPrice_2408,True,2026-09-22T07:17:30,2026-09-22T07:17:30,2026-09-22T07:17:30
2408,南亞科,2023-09-06,68.0,-0.09999999999999432,-0.15%,,,,,,,,,ShowDailyK_ChartFlow,FinMind_API_TaiwanStockPrice_2408,True,2026-09-22T07:17:30,2026-09-22T07:17:30,2026-09-22T07:17:30
2408,南亞科,2023-09-07,67.2,-0.7999999999999972,-1.18%,,,,,,,,,ShowDailyK_ChartFlow,FinMind_API_TaiwanStockPrice_2408,True,2026-09-22T07:17:30,2026-09-22T07:17:30,2026-09-22T07:17:30
2408,南亞科,2023-09-08,67.2,0.0,0.00%,,,,,,,,,ShowDailyK_ChartFlow,FinMind_API_TaiwanStockPrice_2408,True,2026-09-22T07:17:30,2026-09-22T07:17:30,2026-09-22T07:17:30
2408,南亞科,2023-09-11,65.7,-1.5,-2.23%,,,,,,,,,ShowDailyK_ChartFlow,FinMind_API_TaiwanStockPrice_2408,True,2026-09-22T07:17:30,2026-09-22T07:17:30,2026-09-22T07:17:30
2408,南亞科,2023-09-12,66.8,1.0999999999999943,1.67%,,,,,,,,,ShowDailyK_ChartFlow,FinMind_API_TaiwanStockPrice_2408,True,2026-09-22T07:17:30,2026-09-22T07:17:30,2026-09-22T07:17:30
2408,南亞科,2023-09-13,68.4,1.6000000000000085,2.40%,,,,,,,,,ShowDailyK_ChartFlow,FinMind_API_TaiwanStockPrice_2408,True,2026-09-22T07:17:30,2026-09-22T07:17:30,2026-09-22T07:17:30
2408,南亞科,2023-09-14,70.0,1.5999999999999943,2.34%,,,,,,,,,ShowDailyK_ChartFlow,FinMind_API_TaiwanStockPrice_2408,True,2026-09-22T07:17:30,2026-09-22T07:17:30,2026-09-22T07:17:30
2408,南亞科,2023-09-15,72.4,2.4000000000000057,3.43%,,,,,,,,,ShowDailyK_ChartFlow,FinMind_API_TaiwanStockPrice_2408,True,2026-09-22T07:17:30,2026-09-22T07:17:30,2026-09-22T07:17:30
2408,南亞科,2023-09-18,72.3,-0.10000000000000853,-0.14%,,,,,,,,,ShowDailyK_ChartFlow,FinMind_API_TaiwanStockPrice_2408,True,2026-09-22T07:17:30,2026-09-22T07:17:30,2026-09-22T07:17:30
2408,南亞科,2023-09-19,71.7,-0.5999999999999943,-0.83%,,,,,,,,,ShowDailyK_ChartFlow,FinMind_API_TaiwanStockPrice_2408,True,2026-09-22T07:17:30,2026-09-22T07:17:30,2026-09-22T07:17:30
2408,南亞科,2023-09-20,70.7,-1.0,-1.39%,,,,,,,,,ShowDailyK_ChartFlow,FinMind_API_TaiwanStockPrice_2408,True,2026-09-22T07:17:30,2026-09-22T07:17:30,2026-09-22T07:17:30
2408,南亞科,2023-09-21,72.8,2.0999999999999943,2.97%,,,,,,,,,ShowDailyK_ChartFlow,FinMind_API_TaiwanStockPrice_2408,True,2026-09-22T07:17:30,2026-09-22T07:17:30,2026-09-22T07:17:30
2408,南亞科,2023-09-22,72.0,-0.7999999999999972,-1.10%,,,,,,,,,ShowDailyK_ChartFlow,FinMind_API_TaiwanStockPrice_2408,True,2026-09-22T07:17:30,2026-09-22T07:17:30,2026-09-22T07:17:30
2408,南亞科,2023-09-25,71.6,-0.4000000000000057,-0.56%,,,,,,,,,ShowDailyK_ChartFlow,FinMind_API_TaiwanStockPrice_2408,True,2026-09-22T07:17:30,2026-09-22T07:17:30,2026-09-22T07:17:30
2408,南亞科,2023-09-26,70.3,-1.2999999999999972,-1.82%,,,,,,,,,ShowDailyK_ChartFlow,FinMind_API_TaiwanStockPrice_2408,True,2026-09-22T07:17:30,2026-09-22T07:17:30,2026-09-22T07:17:30
2408,南亞科,2023-09-27,69.8,-0.5,-0.71%,,,,,,,,,ShowDailyK_ChartFlow,FinMind_API_TaiwanStockPrice_2408,True,2026-09-22T07:17:30,2026-09-22T07:17:30,2026-09-22T07:17:30
2408,南亞科,2023-09-28,65.6,-4.200000000000003,-6.02%,,,,,,,,,ShowDailyK_ChartFlow,FinMind_API_TaiwanStockPrice_2408,True,2026-09-22T07:17:30,2026-09-22T07:17:30,2026-09-22T07:17:30
2408,南亞科,2023-10-02,67.6,2.0,3.05%,,,,,,,,,ShowDailyK_ChartFlow,FinMind_API_TaiwanStockPrice_2408,True,2026-09-22T07:17:30,2026-09-22T07:17:30,2026-09-22T07:17:30
2408,南亞科,2023-10-03,68.1,0.5,0.74%,,,,,,,,,ShowDailyK_ChartFlow,FinMind_API_TaiwanStockPrice_2408,True,2026-09-22T07:17:30,2026-09-22T07:17:30,2026-09-22T07:17:30
2408,南亞科,2023-10-04,67.7,-0.3999999999999915,-0.59%,,,,,,,,,ShowDailyK_ChartFlow,FinMind_API_TaiwanStockPrice_2408,True,2026-09-22T07:17:30,2026-09-22T07:17:30,2026-09-22T07:17:30
2408,南亞科,2023-10-05,69.5,1.7999999999999972,2.66%,,,,,,,,,ShowDailyK_ChartFlow,FinMind_API_TaiwanStockPrice_2408,True,2026-09-22T07:17:30,2026-09-22T07:17:30,2026-09-22T07:17:30
2408,南亞科,2023-10-06,69.2,-0.29999999999999716,-0.43%,,,,,,,,,ShowDailyK_ChartFlow,FinMind_API_TaiwanStockPrice_2408,True,2026-09-22T07:17:30,2026-09-22T07:17:30,2026-09-22T07:17:30
2408,南亞科,2023-10-11,70.7,1.5,2.17%,,,,,,,,,ShowDailyK_ChartFlow,FinMind_API_TaiwanStockPrice_2408,True,2026-09-22T07:17:30,2026-09-22T07:17:30,2026-09-22T07:17:30
2408,南亞科,2023-10-12,71.0,0.29999999999999716,0.42%,,,,,,,,,ShowDailyK_ChartFlow,FinMind_API_TaiwanStockPrice_2408,True,2026-09-22T07:17:30,2026-09-22T07:17:30,2026-09-22T07:17:30
2408,南亞科,2023-10-13,70.8,-0.20000000000000284,-0.28%,,,,,,,,,ShowDailyK_ChartFlow,FinMind_API_TaiwanStockPrice_2408,True,2026-09-22T07:17:30,2026-09-22T07:17:30,2026-09-22T07:17:30
2408,南亞科,2023-10-16,70.6,-0.20000000000000284,-0.28%,,,,,,,,,ShowDailyK_ChartFlow,FinMind_API_TaiwanStockPrice_2408,True,2026-09-22T07:17:30,2026-09-22T07:17:30,2026-09-22T07:17:30
2408,南亞科,2023-10-17,70.9,0.30000000000001137,0.42%,,,,,,,,,ShowDailyK_ChartFlow,FinMind_API_TaiwanStockPrice_2408,True,2026-09-22T07:17:30,2026-09-22T07:17:30,2026-09-22T07:17:30
2408,南亞科,2023-10-18,70.2,-0.7000000000000028,-0.99%,,,,,,,,,ShowDailyK_ChartFlow,FinMind_API_TaiwanStockPrice_2408,True,2026-09-22T07:17:30,2026-09-22T07:17:30,2026-09-22T07:17:30
2408,南亞科,2023-10-19,70.5,0.29999999999999716,0.43%,,,,,,,,,ShowDailyK_ChartFlow,FinMind_API_TaiwanStockPrice_2408,True,2026-09-22T07:17:30,2026-09-22T07:17:30,2026-09-22T07:17:30
2408,南亞科,2023-10-20,70.3,-0.20000000000000284,-0.28%,,,,,,,,,ShowDailyK_ChartFlow,FinMind_API_TaiwanStockPrice_2408,True,2026-09-22T07:17:30,2026-09-22T07:17:30,2026-09-22T07:17:30
2408,南亞科,2023-10-23,69.6,-0.7000000000000028,-1.00%,,,,,,,,,ShowDailyK_ChartFlow,FinMind_API_TaiwanStockPrice_2408,True,2026-09-22T07:17:30,2026-09-22T07:17:30,2026-09-22T07:17:30
2408,南亞科,2023-10-24,67.8,-1.7999999999999972,-2.59%,,,,,,,,,ShowDailyK_ChartFlow,FinMind_API_TaiwanStockPrice_2408,True,2026-09-22T07:17:30,2026-09-22T07:17:30,2026-09-22T07:17:30
2408,南亞科,2023-10-25,68.0,0.20000000000000284,0.29%,,,,,,,,,ShowDailyK_ChartFlow,FinMind_API_TaiwanStockPrice_2408,True,2026-09-22T07:17:30,2026-09-22T07:17:30,2026-09-22T07:17:30
2408,南亞科,2023-10-26,66.1,-1.9000000000000057,-2.79%,,,,,,,,,ShowDailyK_ChartFlow,FinMind_API_TaiwanStockPrice_2408,True,2026-09-22T07:17:30,2026-09-22T07:17:30,2026-09-22T07:17:30
2408,南亞科,2023-10-27,64.8,-1.2999999999999972,-1.97%,,,,,,,,,ShowDailyK_ChartFlow,FinMind_API_TaiwanStockPrice_2408,True,2026-09-22T07:17:30,2026-09-22T07:17:30,2026-09-22T07:17:30
2408,南亞科,2023-10-30,64.9,0.10000000000000853,0.15%,,,,,,,,,ShowDailyK_ChartFlow,FinMind_API_TaiwanStockPrice_2408,True,2026-09-22T07:17:30,2026-09-22T07:17:30,2026-09-22T07:17:30
2408,南亞科,2023-10-31,64.7,-0.20000000000000284,-0.31%,,,,,,,,,ShowDailyK_ChartFlow,FinMind_API_TaiwanStockPrice_2408,True,2026-09-22T07:17:30,2026-09-22T07:17:30,2026-09-22T07:17:30
2408,南亞科,2023-11-01,64.5,-0.20000000000000284,-0.31%,,,,,,,,,ShowDailyK_ChartFlow,FinMind_API_TaiwanStockPrice_2408,True,2026-09-22T07:17:30,2026-09-22T07:17:30,2026-09-22T07:17:30
2408,南亞科,2023-11-02,65.6,1.0999999999999943,1.71%,,,,,,,,,ShowDailyK_ChartFlow,FinMind_API_TaiwanStockPrice_2408,True,2026-09-22T07:17:30,2026-09-22T07:17:30,2026-09-22T07:17:30
2408,南亞科,2023-11-03,66.1,0.5,0.76%,,,,,,,,,ShowDailyK_ChartFlow,FinMind_API_TaiwanStockPrice_2408,True,2026-09-22T07:17:30,2026-09-22T07:17:30,2026-09-22T07:17:30
2408,南亞科,2023-11-06,65.4,-0.6999999999999886,-1.06%,,,,,,,,,ShowDailyK_ChartFlow,FinMind_API_TaiwanStockPrice_2408,True,2026-09-22T07:17:30,2026-09-22T07:17:30,2026-09-22T07:17:30
2408,南亞科,2023-11-07,65.9,0.5,0.76%,,,,,,,,,ShowDailyK_ChartFlow,FinMind_API_TaiwanStockPrice_2408,True,2026-09-22T07:17:30,2026-09-22T07:17:30,2026-09-22T07:17:30
2408,南亞科,2023-11-08,65.4,-0.5,-0.76%,,,,,,,,,ShowDailyK_ChartFlow,FinMind_API_TaiwanStockPrice_2408,True,2026-09-22T07:17:30,2026-09-22T07:17:30,2026-09-22T07:17:30
2408,南亞科,2023-11-09,64.6,-0.8000000000000114,-1.22%,,,,,,,,,ShowDailyK_ChartFlow,FinMind_API_TaiwanStockPrice_2408,True,2026-09-22T07:17:30,2026-09-22T07:17:30,2026-09-22T07:17:30
2408,南亞科,2023-11-10,63.7,-0.8999999999999915,-1.39%,,,,,,,,,ShowDailyK_ChartFlow,FinMind_API_TaiwanStockPrice_2408,True,2026-09-22T07:17:30,2026-09-22T07:17:30,2026-09-22T07:17:30
2408,南亞科,2023-11-13,63.6,-0.10000000000000142,-0.16%,,,,,,,,,ShowDailyK_ChartFlow,FinMind_API_TaiwanStockPrice_2408,True,2026-09-22T07:17:30,2026-09-22T07:17:30,2026-09-22T07:17:30
2408,南亞科,2023-11-14,66.1,2.499999999999993,3.93%,,,,,,,,,ShowDailyK_ChartFlow,FinMind_API_TaiwanStockPrice_2408,True,2026-09-22T07:17:30,2026-09-22T07:17:30,2026-09-22T07:17:30
2408,南亞科,2023-11-15,67.6,1.5,2.27%,,,,,,,,,ShowDailyK_ChartFlow,FinMind_API_TaiwanStockPrice_2408,True,2026-09-22T07:17:30,2026-09-22T07:17:30,2026-09-22T07:17:30
2408,南亞科,2023-11-16,67.2,-0.3999999999999915,-0.59%,,,,,,,,,ShowDailyK_ChartFlow,FinMind_API_TaiwanStockPrice_2408,True,2026-09-22T07:17:30,2026-09-22T07:17:30,2026-09-22T07:17:30
2408,南亞科,2023-11-17,67.4,0.20000000000000284,0.30%,,,,,,,,,ShowDailyK_ChartFlow,FinMind_API_TaiwanStockPrice_2408,True,2026-09-22T07:17:30,2026-09-22T07:17:30,2026-09-22T07:17:30
2408,南亞科,2023-11-20,70.0,2.5999999999999943,3.86%,,,,,,,,,ShowDailyK_ChartFlow,FinMind_API_TaiwanStockPrice_2408,True,2026-09-22T07:17:30,2026-09-22T07:17:30,2026-09-22T07:17:30
2408,南亞科,2023-11-21,70.6,0.5999999999999943,0.86%,,,,,,,,,ShowDailyK_ChartFlow,FinMind_API_TaiwanStockPrice_2408,True,2026-09-22T07:17:30,2026-09-22T07:17:30,2026-09-22T07:17:30
2408,南亞科,2023-11-22,70.7,0.10000000000000853,0.14%,,,,,,,,,ShowDailyK_ChartFlow,FinMind_API_TaiwanStockPrice_2408,True,2026-09-22T07:17:30,2026-09-22T07:17:30,2026-09-22T07:17:30
2408,南亞科,2023-11-23,70.7,0.0,0.00%,,,,,,,,,ShowDailyK_ChartFlow,FinMind_API_TaiwanStockPrice_2408,True,2026-09-22T07:17:30,2026-09-22T07:17:30,2026-09-22T07:17:30
2408,南亞科,2023-11-24,70.8,0.09999999999999432,0.14%,,,,,,,,,ShowDailyK_ChartFlow,FinMind_API_TaiwanStockPrice_2408,True,2026-09-22T07:17:30,2026-09-22T07:17:30,2026-09-22T07:17:30
2408,南亞科,2023-11-27,70.1,-0.7000000000000028,-0.99%,,,,,,,,,ShowDailyK_ChartFlow,FinMind_API_TaiwanStockPrice_2408,True,2026-09-22T07:17:30,2026-09-22T07:17:30,2026-09-22T07:17:30
2408,南亞科,2023-11-28,73.5,3.4000000000000057,4.85%,,,,,,,,,ShowDailyK_ChartFlow,FinMind_API_TaiwanStockPrice_2408,True,2026-09-22T07:17:30,2026-09-22T07:17:30,2026-09-22T07:17:30
2408,南亞科,2023-11-29,74.2,0.7000000000000028,0.95%,,,,,,,,,ShowDailyK_ChartFlow,FinMind_API_TaiwanStockPrice_2408,True,2026-09-22T07:17:30,2026-09-22T07:17:30,2026-09-22T07:17:30
2408,南亞科,2023-11-30,75.0,0.7999999999999972,1.08%,,,,,,,,,ShowDailyK_ChartFlow,FinMind_API_TaiwanStockPrice_2408,True,2026-09-22T07:17:30,2026-09-22T07:17:30,2026-09-22T07:17:30
2408,南亞科,2023-12-01,73.7,-1.2999999999999972,-1.73%,,,,,,,,,ShowDailyK_ChartFlow,FinMind_API_TaiwanStockPrice_2408,True,2026-09-22T07:17:30,2026-09-22T07:17:30,2026-09-22T07:17:30
2408,南亞科,2023-12-04,74.0,0.29999999999999716,0.41%,,,,,,,,,ShowDailyK_ChartFlow,FinMind_API_TaiwanStockPrice_2408,True,2026-09-22T07:17:30,2026-09-22T07:17:30,2026-09-22T07:17:30
2408,南亞科,2023-12-05,73.2,-0.7999999999999972,-1.08%,,,,,,,,,ShowDailyK_ChartFlow,FinMind_API_TaiwanStockPrice_2408,True,2026-09-22T07:17:30,2026-09-22T07:17:30,2026-09-22T07:17:30
2408,南亞科,2023-12-06,72.0,-1.2000000000000028,-1.64%,,,,,,,,,ShowDailyK_ChartFlow,FinMind_API_TaiwanStockPrice_2408,True,2026-09-22T07:17:30,2026-09-22T07:17:30,2026-09-22T07:17:30
2408,南亞科,2023-12-07,70.7,-1.2999999999999972,-1.81%,,,,,,,,,ShowDailyK_ChartFlow,FinMind_API_TaiwanStockPrice_2408,True,2026-09-22T07:17:30,2026-09-22T07:17:30,2026-09-22T07:17:30
2408,南亞科,2023-12-08,72.1,1.3999999999999915,1.98%,,,,,,,,,ShowDailyK_ChartFlow,FinMind_API_TaiwanStockPrice_2408,True,2026-09-22T07:17:30,2026-09-22T07:17:30,2026-09-22T07:17:30
2408,南亞科,2023-12-11,72.2,0.10000000000000853,0.14%,,,,,,,,,ShowDailyK_ChartFlow,FinMind_API_TaiwanStockPrice_2408,True,2026-09-22T07:17:30,2026-09-22T07:17:30,2026-09-22T07:17:30
2408,南亞科,2023-12-12,72.5,0.29999999999999716,0.42%,,,,,,,,,ShowDailyK_ChartFlow,FinMind_API_TaiwanStockPrice_2408,True,2026-09-22T07:17:30,2026-09-22T07:17:30,2026-09-22T07:17:30
2408,南亞科,2023-12-13,73.7,1.2000000000000028,1.66%,,,,,,,,,ShowDailyK_ChartFlow,FinMind_API_TaiwanStockPrice_2408,True,2026-09-22T07:17:30,2026-09-22T07:17:30,2026-09-22T07:17:30
2408,南亞科,2023-12-14,72.8,-0.9000000000000057,-1.22%,,,,,,,,,ShowDailyK_ChartFlow,FinMind_API_TaiwanStockPrice_2408,True,2026-09-22T07:17:30,2026-09-22T07:17:30,2026-09-22T07:17:30
2408,南亞科,2023-12-15,74.5,1.7000000000000028,2.34%,,,,,,,,,ShowDailyK_ChartFlow,FinMind_API_TaiwanStockPrice_2408,True,2026-09-22T07:17:30,2026-09-22T07:17:30,2026-09-22T07:17:30
2408,南亞科,2023-12-18,73.4,-1.0999999999999943,-1.48%,,,,,,,,,ShowDailyK_ChartFlow,FinMind_API_TaiwanStockPrice_2408,True,2026-09-22T07:17:30,2026-09-22T07:17:30,2026-09-22T07:17:30
2408,南亞科,2023-12-19,73.1,-0.30000000000001137,-0.41%,,,,,,,,,ShowDailyK_ChartFlow,FinMind_API_TaiwanStockPrice_2408,True,2026-09-22T07:17:30,2026-09-22T07:17:30,2026-09-22T07:17:30
2408,南亞科,2023-12-20,71.8,-1.2999999999999972,-1.78%,,,,,,,,,ShowDailyK_ChartFlow,FinMind_API_TaiwanStockPrice_2408,True,2026-09-22T07:17:30,2026-09-22T07:17:30,2026-09-22T07:17:30
2408,南亞科,2023-12-21,75.4,3.6000000000000085,5.01%,,,,,,,,,ShowDailyK_ChartFlow,FinMind_API_TaiwanStockPrice_2408,True,2026-09-22T07:17:30,2026-09-22T07:17:30,2026-09-22T07:17:30
2408,南亞科,2023-12-22,75.9,0.5,0.66%,,,,,,,,,ShowDailyK_ChartFlow,FinMind_API_TaiwanStockPrice_2408,True,2026-09-22T07:17:30,2026-09-22T07:17:30,2026-09-22T07:17:30
2408,南亞科,2023-12-25,75.4,-0.5,-0.66%,,,,,,,,,ShowDailyK_ChartFlow,FinMind_API_TaiwanStockPrice_2408,True,2026-09-22T07:17:30,2026-09-22T07:17:30,2026-09-22T07:17:30
2408,南亞科,2023-12-26,78.0,2.5999999999999943,3.45%,,,,,,,,,ShowDailyK_ChartFlow,FinMind_API_TaiwanStockPrice_2408,True,2026-09-22T07:17:30,2026-09-22T07:17:30,2026-09-22T07:17:30
2408,南亞科,2023-12-27,79.7,1.7000000000000028,2.18%,,,,,,,,,ShowDailyK_ChartFlow,FinMind_API_TaiwanStockPrice_2408,True,2026-09-22T07:17:30,2026-09-22T07:17:30,2026-09-22T07:17:30
2408,南亞科,2023-12-28,78.3,-1.4000000000000057,-1.76%,,,,,,,,,ShowDailyK_ChartFlow,FinMind_API_TaiwanStockPrice_2408,True,2026-09-22T07:17:30,2026-09-22T07:17:30,2026-09-22T07:17:30
2408,南亞科,2023-12-29,78.0,-0.29999999999999716,-0.38%,,,,,,,,,ShowDailyK_ChartFlow,FinMind_API_TaiwanStockPrice_2408,True,2026-09-22T07:17:30,2026-09-22T07:17:30,2026-09-22T07:17:30
2408,南亞科,2024-01-02,76.5,-1.5,-1.92%,,,,,,,,,ShowDailyK_ChartFlow,FinMind_API_TaiwanStockPrice_2408,True,2026-09-22T07:17:30,2026-09-22T07:17:30,2026-09-22T07:17:30
2408,南亞科,2024-01-03,73.1,-3.4000000000000057,-4.44%,,,,,,,,,ShowDailyK_ChartFlow,FinMind_API_TaiwanStockPrice_2408,True,2026-09-22T07:17:30,2026-09-22T07:17:30,2026-09-22T07:17:30
2408,南亞科,2024-01-04,74.4,1.3000000000000114,1.78%,,,,,,,,,ShowDailyK_ChartFlow,FinMind_API_TaiwanStockPrice_2408,True,2026-09-22T07:17:30,2026-09-22T07:17:30,2026-09-22T07:17:30
2408,南亞科,2024-01-05,74.7,0.29999999999999716,0.40%,,,,,,,,,ShowDailyK_ChartFlow,FinMind_API_TaiwanStockPrice_2408,True,2026-09-22T07:17:30,2026-09-22T07:17:30,2026-09-22T07:17:30
2408,南亞科,2024-01-08,73.1,-1.6000000000000085,-2.14%,,,,,,,,,ShowDailyK_ChartFlow,FinMind_API_TaiwanStockPrice_2408,True,2026-09-22T07:17:30,2026-09-22T07:17:30,2026-09-22T07:17:30
2408,南亞科,2024-01-09,72.6,-0.5,-0.68%,,,,,,,,,ShowDailyK_ChartFlow,FinMind_API_TaiwanStockPrice_2408,True,2026-09-22T07:17:30,2026-09-22T07:17:30,2026-09-22T07:17:30
2408,南亞科,2024-01-10,71.5,-1.0999999999999943,-1.52%,,,,,,,,,ShowDailyK_ChartFlow,FinMind_API_TaiwanStockPrice_2408,True,2026-09-22T07:17:30,2026-09-22T07:17:30,2026-09-22T07:17:30
2408,南亞科,2024-01-11,69.4,-2.0999999999999943,-2.94%,,,,,,,,,ShowDailyK_ChartFlow,FinMind_API_TaiwanStockPrice_2408,True,2026-09-22T07:17:30,2026-09-22T07:17:30,2026-09-22T07:17:30
2408,南亞科,2024-01-12,68.8,-0.6000000000000085,-0.86%,,,,,,,,,ShowDailyK_ChartFlow,FinMind_API_TaiwanStockPrice_2408,True,2026-09-22T07:17:30,2026-09-22T07:17:30,2026-09-22T07:17:30
2408,南亞科,2024-01-15,71.5,2.700000000000003,3.92%,,,,,,,,,ShowDailyK_ChartFlow,FinMind_API_TaiwanStockPrice_2408,True,2026-09-22T07:17:30,2026-09-22T07:17:30,2026-09-22T07:17:30
2408,南亞科,2024-01-16,69.4,-2.0999999999999943,-2.94%,,,,,,,,,ShowDailyK_ChartFlow,FinMind_API_TaiwanStockPrice_2408,True,2026-09-22T07:17:30,2026-09-22T07:17:30,2026-09-22T07:17:30
2408,南亞科,2024-01-17,67.8,-1.6000000000000085,-2.31%,,,,,,,,,ShowDailyK_ChartFlow,FinMind_API_TaiwanStockPrice_2408,True,2026-09-22T07:17:30,2026-09-22T07:17:30,2026-09-22T07:17:30
2408,南亞科,2024-01-18,68.2,0.4000000000000057,0.59%,,,,,,,,,ShowDailyK_ChartFlow,FinMind_API_TaiwanStockPrice_2408,True,2026-09-22T07:17:30,2026-09-22T07:17:30,2026-09-22T07:17:30
2408,南亞科,2024-01-19,69.3,1.0999999999999943,1.61%,,,,,,,,,ShowDailyK_ChartFlow,FinMind_API_TaiwanStockPrice_2408,True,2026-09-22T07:17:30,2026-09-22T07:17:30,2026-09-22T07:17:30
2408,南亞科,2024-01-22,69.3,0.0,0.00%,,,,,,,,,ShowDailyK_ChartFlow,FinMind_API_TaiwanStockPrice_2408,True,2026-09-22T07:17:30,2026-09-22T07:17:30,2026-09-22T07:17:30
2408,南亞科,2024-01-23,70.7,1.4000000000000057,2.02%,,,,,,,,,ShowDailyK_ChartFlow,FinMind_API_TaiwanStockPrice_2408,True,2026-09-22T07:17:30,2026-09-22T07:17:30,2026-09-22T07:17:30
2408,南亞科,2024-01-24,71.6,0.8999999999999915,1.27%,,,,,,,,,ShowDailyK_ChartFlow,FinMind_API_TaiwanStockPrice_2408,True,2026-09-22T07:17:30,2026-09-22T07:17:30,2026-09-22T07:17:30
2408,南亞科,2024-01-25,71.0,-0.5999999999999943,-0.84%,,,,,,,,,ShowDailyK_ChartFlow,FinMind_API_TaiwanStockPrice_2408,True,2026-09-22T07:17:30,2026-09-22T07:17:30,2026-09-22T07:17:30
2408,南亞科,2024-01-26,71.0,0.0,0.00%,,,,,,,,,ShowDailyK_ChartFlow,FinMind_API_TaiwanStockPrice_2408,True,2026-09-22T07:17:30,2026-09-22T07:17:30,2026-09-22T07:17:30
2408,南亞科,2024-01-29,70.8,-0.20000000000000284,-0.28%,,,,,,,,,ShowDailyK_ChartFlow,FinMind_API_TaiwanStockPrice_2408,True,2026-09-22T07:17:30,2026-09-22T07:17:30,2026-09-22T07:17:30
2408,南亞科,2024-01-30,69.3,-1.5,-2.12%,,,,,,,,,ShowDailyK_ChartFlow,FinMind_API_TaiwanStockPrice_2408,True,2026-09-22T07:17:30,2026-09-22T07:17:30,2026-09-22T07:17:30
2408,南亞科,2024-01-31,68.7,-0.5999999999999943,-0.87%,,,,,,,,,ShowDailyK_ChartFlow,FinMind_API_TaiwanStockPrice_2408,True,2026-09-22T07:17:30,2026-09-22T07:17:30,2026-09-22T07:17:30
2408,南亞科,2024-02-01,69.2,0.5,0.73%,,,,,,,,,ShowDailyK_ChartFlow,FinMind_API_TaiwanStockPrice_2408,True,2026-09-22T07:17:30,2026-09-22T07:17:30,2026-09-22T07:17:30
2408,南亞科,2024-02-02,67.6,-1.6000000000000085,-2.31%,,,,,,,,,ShowDailyK_ChartFlow,FinMind_API_TaiwanStockPrice_2408,True,2026-09-22T07:17:30,2026-09-22T07:17:30,2026-09-22T07:17:30
2408,南亞科,2024-02-05,68.2,0.6000000000000085,0.89%,,,,,,,,,ShowDailyK_ChartFlow,FinMind_API_TaiwanStockPrice_2408,True,2026-09-22T07:17:30,2026-09-22T07:17:30,2026-09-22T07:17:30
2408,南亞科,2024-02-15,65.4,-2.799999999999997,-4.11%,,,,,,,,,ShowDailyK_ChartFlow,FinMind_API_TaiwanStockPrice_2408,True,2026-09-22T07:17:30,2026-09-22T07:17:30,2026-09-22T07:17:30
2408,南亞科,2024-02-16,65.9,0.5,0.76%,,,,,,,,,ShowDailyK_ChartFlow,FinMind_API_TaiwanStockPrice_2408,True,2026-09-22T07:17:30,2026-09-22T07:17:30,2026-09-22T07:17:30
2408,南亞科,2024-02-19,66.6,0.6999999999999886,1.06%,,,,,,,,,ShowDailyK_ChartFlow,FinMind_API_TaiwanStockPrice_2408,True,2026-09-22T07:17:30,2026-09-22T07:17:30,2026-09-22T07:17:30
2408,南亞科,2024-02-20,67.8,1.2000000000000028,1.80%,,,,,,,,,ShowDailyK_ChartFlow,FinMind_API_TaiwanStockPrice_2408,True,2026-09-22T07:17:30,2026-09-22T07:17:30,2026-09-22T07:17:30
2408,南亞科,2024-02-21,67.3,-0.5,-0.74%,,,,,,,,,ShowDailyK_ChartFlow,FinMind_API_TaiwanStockPrice_2408,True,2026-09-22T07:17:30,2026-09-22T07:17:30,2026-09-22T07:17:30
2408,南亞科,2024-02-22,68.1,0.7999999999999972,1.19%,,,,,,,,,ShowDailyK_ChartFlow,FinMind_API_TaiwanStockPrice_2408,True,2026-09-22T07:17:30,2026-09-22T07:17:30,2026-09-22T07:17:30
2408,南亞科,2024-02-23,67.7,-0.3999999999999915,-0.59%,,,,,,,,,ShowDailyK_ChartFlow,FinMind_API_TaiwanStockPrice_2408,True,2026-09-22T07:17:30,2026-09-22T07:17:30,2026-09-22T07:17:30
2408,南亞科,2024-02-26,67.9,0.20000000000000284,0.30%,,,,,,,,,ShowDailyK_ChartFlow,FinMind_API_TaiwanStockPrice_2408,True,2026-09-22T07:17:30,2026-09-22T07:17:30,2026-09-22T07:17:30
2408,南亞科,2024-02-27,66.3,-1.6000000000000085,-2.36%,,,,,,,,,ShowDailyK_ChartFlow,FinMind_API_TaiwanStockPrice_2408,True,2026-09-22T07:17:30,2026-09-22T07:17:30,2026-09-22T07:17:30
2408,南亞科,2024-02-29,67.3,1.0,1.51%,,,,,,,,,ShowDailyK_ChartFlow,FinMind_API_TaiwanStockPrice_2408,True,2026-09-22T07:17:30,2026-09-22T07:17:30,2026-09-22T07:17:30
2408,南亞科,2024-03-01,66.3,-1.0,-1.49%,,,,,,,,,ShowDailyK_ChartFlow,FinMind_API_TaiwanStockPrice_2408,True,2026-09-22T07:17:30,2026-09-22T07:17:30,2026-09-22T07:17:30
2408,南亞科,2024-03-04,66.5,0.20000000000000284,0.30%,,,,,,,,,ShowDailyK_ChartFlow,FinMind_API_TaiwanStockPrice_2408,True,2026-09-22T07:17:30,2026-09-22T07:17:30,2026-09-22T07:17:30
2408,南亞科,2024-03-05,65.8,-0.7000000000000028,-1.05%,,,,,,,,,ShowDailyK_ChartFlow,FinMind_API_TaiwanStockPrice_2408,True,2026-09-22T07:17:30,2026-09-22T07:17:30,2026-09-22T07:17:30
2408,南亞科,2024-03-06,65.1,-0.7000000000000028,-1.06%,,,,,,,,,ShowDailyK_ChartFlow,FinMind_API_TaiwanStockPrice_2408,True,2026-09-22T07:17:30,2026-09-22T07:17:30,2026-09-22T07:17:30
2408,南亞科,2024-03-07,65.7,0.6000000000000085,0.92%,,,,,,,,,ShowDailyK_ChartFlow,FinMind_API_TaiwanStockPrice_2408,True,2026-09-22T07:17:30,2026-09-22T07:17:30,2026-09-22T07:17:30
2408,南亞科,2024-03-08,65.0,-0.7000000000000028,-1.07%,,,,,,,,,ShowDailyK_ChartFlow,FinMind_API_TaiwanStockPrice_2408,True,2026-09-22T07:17:30,2026-09-22T07:17:30,2026-09-22T07:17:30
2408,南亞科,2024-03-11,65.8,0.7999999999999972,1.23%,,,,,,,,,ShowDailyK_ChartFlow,FinMind_API_TaiwanStockPrice_2408,True,2026-09-22T07:17:30,2026-09-22T07:17:30,2026-09-22T07:17:30
2408,南亞科,2024-03-12,65.7,-0.09999999999999432,-0.15%,,,,,,,,,ShowDailyK_ChartFlow,FinMind_API_TaiwanStockPrice_2408,True,2026-09-22T07:17:30,2026-09-22T07:17:30,2026-09-22T07:17:30
2408,南亞科,2024-03-13,63.3,-2.4000000000000057,-3.65%,,,,,,,,,ShowDailyK_ChartFlow,FinMind_API_TaiwanStockPrice_2408,True,2026-09-22T07:17:30,2026-09-22T07:17:30,2026-09-22T07:17:30
2408,南亞科,2024-03-14,63.8,0.5,0.79%,,,,,,,,,ShowDailyK_ChartFlow,FinMind_API_TaiwanStockPrice_2408,True,2026-09-22T07:17:30,2026-09-22T07:17:30,2026-09-22T07:17:30
2408,南亞科,2024-03-15,63.9,0.10000000000000142,0.16%,,,,,,,,,ShowDailyK_ChartFlow,FinMind_API_TaiwanStockPrice_2408,True,2026-09-22T07:17:30,2026-09-22T07:17:30,2026-09-22T07:17:30
2408,南亞科,2024-03-18,62.4,-1.5,-2.35%,,,,,,,,,ShowDailyK_ChartFlow,FinMind_API_TaiwanStockPrice_2408,True,2026-09-22T07:17:30,2026-09-22T07:17:30,2026-09-22T07:17:30
2408,南亞科,2024-03-19,62.3,-0.10000000000000142,-0.16%,,,,,,,,,ShowDailyK_ChartFlow,FinMind_API_TaiwanStockPrice_2408,True,2026-09-22T07:17:30,2026-09-22T07:17:30,2026-09-22T07:17:30
2408,南亞科,2024-03-20,61.5,-0.7999999999999972,-1.28%,,,,,,,,,ShowDailyK_ChartFlow,FinMind_API_TaiwanStockPrice_2408,True,2026-09-22T07:17:30,2026-09-22T07:17:30,2026-09-22T07:17:30
2408,南亞科,2024-03-21,67.6,6.099999999999994,9.92%,,,,,,,,,ShowDailyK_ChartFlow,FinMind_API_TaiwanStockPrice_2408,True,2026-09-22T07:17:30,2026-09-22T07:17:30,2026-09-22T07:17:30
2408,南亞科,2024-03-22,69.6,2.0,2.96%,,,,,,,,,ShowDailyK_ChartFlow,FinMind_API_TaiwanStockPrice_2408,True,2026-09-22T07:17:30,2026-09-22T07:17:30,2026-09-22T07:17:30
2408,南亞科,2024-03-25,68.5,-1.0999999999999943,-1.58%,,,,,,,,,ShowDailyK_ChartFlow,FinMind_API_TaiwanStockPrice_2408,True,2026-09-22T07:17:30,2026-09-22T07:17:30,2026-09-22T07:17:30
2408,南亞科,2024-03-26,68.1,-0.4000000000000057,-0.58%,,,,,,,,,ShowDailyK_ChartFlow,FinMind_API_TaiwanStockPrice_2408,True,2026-09-22T07:17:30,2026-09-22T07:17:30,2026-09-22T07:17:30
2408,南亞科,2024-03-27,67.9,-0.19999999999998863,-0.29%,,,,,,,,,ShowDailyK_ChartFlow,FinMind_API_TaiwanStockPrice_2408,True,2026-09-22T07:17:30,2026-09-22T07:17:30,2026-09-22T07:17:30
2408,南亞科,2024-03-28,67.6,-0.30000000000001137,-0.44%,,,,,,,,,ShowDailyK_ChartFlow,FinMind_API_TaiwanStockPrice_2408,True,2026-09-22T07:17:30,2026-09-22T07:17:30,2026-09-22T07:17:30
2408,南亞科,2024-03-29,67.7,0.10000000000000853,0.15%,,,,,,,,,ShowDailyK_ChartFlow,FinMind_API_TaiwanStockPrice_2408,True,2026-09-22T07:17:30,2026-09-22T07:17:30,2026-09-22T07:17:30
2408,南亞科,2024-04-01,69.4,1.7000000000000028,2.51%,,,,,,,,,ShowDailyK_ChartFlow,FinMind_API_TaiwanStockPrice_2408,True,2026-09-22T07:17:30,2026-09-22T07:17:30,2026-09-22T07:17:30
2408,南亞科,2024-04-02,69.1,-0.30000000000001137,-0.43%,,,,,,,,,ShowDailyK_ChartFlow,FinMind_API_TaiwanStockPrice_2408,True,2026-09-22T07:17:30,2026-09-22T07:17:30,2026-09-22T07:17:30
2408,南亞科,2024-04-03,68.2,-0.8999999999999915,-1.30%,,,,,,,,,ShowDailyK_ChartFlow,FinMind_API_TaiwanStockPrice_2408,True,2026-09-22T07:17:30,2026-09-22T07:17:30,2026-09-22T07:17:30
2408,南亞科,2024-04-08,68.1,-0.10000000000000853,-0.15%,,,,,,,,,ShowDailyK_ChartFlow,FinMind_API_TaiwanStockPrice_2408,True,2026-09-22T07:17:30,2026-09-22T07:17:30,2026-09-22T07:17:30
2408,南亞科,2024-04-09,68.4,0.30000000000001137,0.44%,,,,,,,,,ShowDailyK_ChartFlow,FinMind_API_TaiwanStockPrice_2408,True,2026-09-22T07:17:30,2026-09-22T07:17:30,2026-09-22T07:17:30
2408,南亞科,2024-04-10,70.2,1.7999999999999972,2.63%,,,,,,,,,ShowDailyK_ChartFlow,FinMind_API_TaiwanStockPrice_2408,True,2026-09-22T07:17:30,2026-09-22T07:17:30,2026-09-22T07:17:30
2408,南亞科,2024-04-11,70.6,0.3999999999999915,0.57%,,,,,,,,,ShowDailyK_ChartFlow,FinMind_API_TaiwanStockPrice_2408,True,2026-09-22T07:17:30,2026-09-22T07:17:30,2026-09-22T07:17:30
2408,南亞科,2024-04-12,71.8,1.2000000000000028,1.70%,,,,,,,,,ShowDailyK_ChartFlow,FinMind_API_TaiwanStockPrice_2408,True,2026-09-22T07:17:30,2026-09-22T07:17:30,2026-09-22T07:17:30
2408,南亞科,2024-04-15,70.0,-1.7999999999999972,-2.51%,,,,,,,,,ShowDailyK_ChartFlow,FinMind_API_TaiwanStockPrice_2408,True,2026-09-22T07:17:30,2026-09-22T07:17:30,2026-09-22T07:17:30
2408,南亞科,2024-04-16,65.5,-4.5,-6.43%,,,,,,,,,ShowDailyK_ChartFlow,FinMind_API_TaiwanStockPrice_2408,True,2026-09-22T07:17:30,2026-09-22T07:17:30,2026-09-22T07:17:30
2408,南亞科,2024-04-17,64.5,-1.0,-1.53%,,,,,,,,,ShowDailyK_ChartFlow,FinMind_API_TaiwanStockPrice_2408,True,2026-09-22T07:17:30,2026-09-22T07:17:30,2026-09-22T07:17:30
2408,南亞科,2024-04-18,64.3,-0.20000000000000284,-0.31%,,,,,,,,,ShowDailyK_ChartFlow,FinMind_API_TaiwanStockPrice_2408,True,2026-09-22T07:17:30,2026-09-22T07:17:30,2026-09-22T07:17:30
2408,南亞科,2024-04-19,62.0,-2.299999999999997,-3.58%,,,,,,,,,ShowDailyK_ChartFlow,FinMind_API_TaiwanStockPrice_2408,True,2026-09-22T07:17:30,2026-09-22T07:17:30,2026-09-22T07:17:30
2408,南亞科,2024-04-22,61.2,-0.7999999999999972,-1.29%,,,,,,,,,ShowDailyK_ChartFlow,FinMind_API_TaiwanStockPrice_2408,True,2026-09-22T07:17:30,2026-09-22T07:17:30,2026-09-22T07:17:30
2408,南亞科,2024-04-23,62.8,1.5999999999999943,2.61%,,,,,,,,,ShowDailyK_ChartFlow,FinMind_API_TaiwanStockPrice_2408,True,2026-09-22T07:17:30,2026-09-22T07:17:30,2026-09-22T07:17:30
2408,南亞科,2024-04-24,65.5,2.700000000000003,4.30%,,,,,,,,,ShowDailyK_ChartFlow,FinMind_API_TaiwanStockPrice_2408,True,2026-09-22T07:17:30,2026-09-22T07:17:30,2026-09-22T07:17:30
2408,南亞科,2024-04-25,65.6,0.09999999999999432,0.15%,,,,,,,,,ShowDailyK_ChartFlow,FinMind_API_TaiwanStockPrice_2408,True,2026-09-22T07:17:30,2026-09-22T07:17:30,2026-09-22T07:17:30
2408,南亞科,2024-04-26,65.7,0.10000000000000853,0.15%,,,,,,,,,ShowDailyK_ChartFlow,FinMind_API_TaiwanStockPrice_2408,True,2026-09-22T07:17:30,2026-09-22T07:17:30,2026-09-22T07:17:30
2408,南亞科,2024-04-29,67.5,1.7999999999999972,2.74%,,,,,,,,,ShowDailyK_ChartFlow,FinMind_API_TaiwanStockPrice_2408,True,2026-09-22T07:17:30,2026-09-22T07:17:30,2026-09-22T07:17:30
2408,南亞科,2024-04-30,66.1,-1.4000000000000057,-2.07%,,,,,,,,,ShowDailyK_ChartFlow,FinMind_API_TaiwanStockPrice_2408,True,2026-09-22T07:17:30,2026-09-22T07:17:30,2026-09-22T07:17:30
2408,南亞科,2024-05-02,66.6,0.5,0.76%,,,,,,,,,ShowDailyK_ChartFlow,FinMind_API_TaiwanStockPrice_2408,True,2026-09-22T07:17:30,2026-09-22T07:17:30,2026-09-22T07:17:30
2408,南亞科,2024-05-03,65.8,-0.7999999999999972,-1.20%,,,,,,,,,ShowDailyK_ChartFlow,FinMind_API_TaiwanStockPrice_2408,True,2026-09-22T07:17:30,2026-09-22T07:17:30,2026-09-22T07:17:30
2408,南亞科,2024-05-06,66.9,1.1000000000000085,1.67%,,,,,,,,,ShowDailyK_ChartFlow,FinMind_API_TaiwanStockPrice_2408,True,2026-09-22T07:17:30,2026-09-22T07:17:30,2026-09-22T07:17:30
2408,南亞科,2024-05-07,66.8,-0.10000000000000853,-0.15%,,,,,,,,,ShowDailyK_ChartFlow,FinMind_API_TaiwanStockPrice_2408,True,2026-09-22T07:17:30,2026-09-22T07:17:30,2026-09-22T07:17:30
2408,南亞科,2024-05-08,66.6,-0.20000000000000284,-0.30%,,,,,,,,,ShowDailyK_ChartFlow,FinMind_API_TaiwanStockPrice_2408,True,2026-09-22T07:17:30,2026-09-22T07:17:30,2026-09-22T07:17:30
2408,南亞科,2024-05-09,64.0,-2.5999999999999943,-3.90%,,,,,,,,,ShowDailyK_ChartFlow,FinMind_API_TaiwanStockPrice_2408,True,2026-09-22T07:17:30,2026-09-22T07:17:30,2026-09-22T07:17:30
2408,南亞科,2024-05-10,64.4,0.4000000000000057,0.63%,,,,,,,,,ShowDailyK_ChartFlow,FinMind_API_TaiwanStockPrice_2408,True,2026-09-22T07:17:30,2026-09-22T07:17:30,2026-09-22T07:17:30
2408,南亞科,2024-05-13,64.4,0.0,0.00%,,,,,,,,,ShowDailyK_ChartFlow,FinMind_API_TaiwanStockPrice_2408,True,2026-09-22T07:17:30,2026-09-22T07:17:30,2026-09-22T07:17:30
2408,南亞科,2024-05-14,64.8,0.3999999999999915,0.62%,,,,,,,,,ShowDailyK_ChartFlow,FinMind_API_TaiwanStockPrice_2408,True,2026-09-22T07:17:30,2026-09-22T07:17:30,2026-09-22T07:17:30
2408,南亞科,2024-05-15,64.6,-0.20000000000000284,-0.31%,,,,,,,,,ShowDailyK_ChartFlow,FinMind_API_TaiwanStockPrice_2408,True,2026-09-22T07:17:30,2026-09-22T07:17:30,2026-09-22T07:17:30
2408,南亞科,2024-05-16,64.0,-0.5999999999999943,-0.93%,,,,,,,,,ShowDailyK_ChartFlow,FinMind_API_TaiwanStockPrice_2408,True,2026-09-22T07:17:30,2026-09-22T07:17:30,2026-09-22T07:17:30
2408,南亞科,2024-05-17,62.8,-1.2000000000000028,-1.88%,,,,,,,,,ShowDailyK_ChartFlow,FinMind_API_TaiwanStockPrice_2408,True,2026-09-22T07:17:30,2026-09-22T07:17:30,2026-09-22T07:17:30
2408,南亞科,2024-05-20,63.3,0.5,0.80%,,,,,,,,,ShowDailyK_ChartFlow,FinMind_API_TaiwanStockPrice_2408,True,2026-09-22T07:17:30,2026-09-22T07:17:30,2026-09-22T07:17:30
2408,南亞科,2024-05-21,63.5,0.20000000000000284,0.32%,,,,,,,,,ShowDailyK_ChartFlow,FinMind_API_TaiwanStockPrice_2408,True,2026-09-22T07:17:30,2026-09-22T07:17:30,2026-09-22T07:17:30
2408,南亞科,2024-05-22,64.6,1.0999999999999943,1.73%,,,,,,,,,ShowDailyK_ChartFlow,FinMind_API_TaiwanStockPrice_2408,True,2026-09-22T07:17:30,2026-09-22T07:17:30,2026-09-22T07:17:30
2408,南亞科,2024-05-23,64.2,-0.3999999999999915,-0.62%,,,,,,,,,ShowDailyK_ChartFlow,FinMind_API_TaiwanStockPrice_2408,True,2026-09-22T07:17:30,2026-09-22T07:17:30,2026-09-22T07:17:30
2408,南亞科,2024-05-24,64.4,0.20000000000000284,0.31%,,,,,,,,,ShowDailyK_ChartFlow,FinMind_API_TaiwanStockPrice_2408,True,2026-09-22T07:17:30,2026-09-22T07:17:30,2026-09-22T07:17:30
2408,南亞科,2024-05-27,64.8,0.3999999999999915,0.62%,,,,,,,,,ShowDailyK_ChartFlow,FinMind_API_TaiwanStockPrice_2408,True,2026-09-22T07:17:30,2026-09-22T07:17:30,2026-09-22T07:17:30
2408,南亞科,2024-05-28,66.5,1.7000000000000028,2.62%,,,,,,,,,ShowDailyK_ChartFlow,FinMind_API_TaiwanStockPrice_2408,True,2026-09-22T07:17:30,2026-09-22T07:17:30,2026-09-22T07:17:30
2408,南亞科,2024-05-29,66.0,-0.5,-0.75%,,,,,,,,,ShowDailyK_ChartFlow,FinMind_API_TaiwanStockPrice_2408,True,2026-09-22T07:17:30,2026-09-22T07:17:30,2026-09-22T07:17:30
2408,南亞科,2024-05-30,64.8,-1.2000000000000028,-1.82%,,,,,,,,,ShowDailyK_ChartFlow,FinMind_API_TaiwanStockPrice_2408,True,2026-09-22T07:17:30,2026-09-22T07:17:30,2026-09-22T07:17:30
2408,南亞科,2024-05-31,64.5,-0.29999999999999716,-0.46%,,,,,,,,,ShowDailyK_ChartFlow,FinMind_API_TaiwanStockPrice_2408,True,2026-09-22T07:17:30,2026-09-22T07:17:30,2026-09-22T07:17:30
2408,南亞科,2024-06-03,64.2,-0.29999999999999716,-0.47%,,,,,,,,,ShowDailyK_ChartFlow,FinMind_API_TaiwanStockPrice_2408,True,2026-09-22T07:17:30,2026-09-22T07:17:30,2026-09-22T07:17:30
2408,南亞科,2024-06-04,63.2,-1.0,-1.56%,,,,,,,,,ShowDailyK_ChartFlow,FinMind_API_TaiwanStockPrice_2408,True,2026-09-22T07:17:30,2026-09-22T07:17:30,2026-09-22T07:17:30
2408,南亞科,2024-06-05,63.0,-0.20000000000000284,-0.32%,,,,,,,,,ShowDailyK_ChartFlow,FinMind_API_TaiwanStockPrice_2408,True,2026-09-22T07:17:30,2026-09-22T07:17:30,2026-09-22T07:17:30
2408,南亞科,2024-06-06,63.4,0.3999999999999986,0.63%,,,,,,,,,ShowDailyK_ChartFlow,FinMind_API_TaiwanStockPrice_2408,True,2026-09-22T07:17:30,2026-09-22T07:17:30,2026-09-22T07:17:30
2408,南亞科,2024-06-07,64.8,1.3999999999999986,2.21%,,,,,,,,,ShowDailyK_ChartFlow,FinMind_API_TaiwanStockPrice_2408,True,2026-09-22T07:17:30,2026-09-22T07:17:30,2026-09-22T07:17:30
2408,南亞科,2024-06-11,64.3,-0.5,-0.77%,,,,,,,,,ShowDailyK_ChartFlow,FinMind_API_TaiwanStockPrice_2408,True,2026-09-22T07:17:30,2026-09-22T07:17:30,2026-09-22T07:17:30
2408,南亞科,2024-06-12,64.6,0.29999999999999716,0.47%,,,,,,,,,ShowDailyK_ChartFlow,FinMind_API_TaiwanStockPrice_2408,True,2026-09-22T07:17:30,2026-09-22T07:17:30,2026-09-22T07:17:30
2408,南亞科,2024-06-13,66.0,1.4000000000000057,2.17%,,,,,,,,,ShowDailyK_ChartFlow,FinMind_API_TaiwanStockPrice_2408,True,2026-09-22T07:17:30,2026-09-22T07:17:30,2026-09-22T07:17:30
2408,南亞科,2024-06-14,66.2,0.20000000000000284,0.30%,,,,,,,,,ShowDailyK_ChartFlow,FinMind_API_TaiwanStockPrice_2408,True,2026-09-22T07:17:30,2026-09-22T07:17:30,2026-09-22T07:17:30
2408,南亞科,2024-06-17,67.9,1.7000000000000028,2.57%,,,,,,,,,ShowDailyK_ChartFlow,FinMind_API_TaiwanStockPrice_2408,True,2026-09-22T07:17:30,2026-09-22T07:17:30,2026-09-22T07:17:30
2408,南亞科,2024-06-18,72.0,4.099999999999994,6.04%,,,,,,,,,ShowDailyK_ChartFlow,FinMind_API_TaiwanStockPrice_2408,True,2026-09-22T07:17:30,2026-09-22T07:17:30,2026-09-22T07:17:30
2408,南亞科,2024-06-19,70.7,-1.2999999999999972,-1.81%,,,,,,,,,ShowDailyK_ChartFlow,FinMind_API_TaiwanStockPrice_2408,True,2026-09-22T07:17:30,2026-09-22T07:17:30,2026-09-22T07:17:30
2408,南亞科,2024-06-20,72.7,2.0,2.83%,,,,,,,,,ShowDailyK_ChartFlow,FinMind_API_TaiwanStockPrice_2408,True,2026-09-22T07:17:30,2026-09-22T07:17:30,2026-09-22T07:17:30
2408,南亞科,2024-06-21,72.2,-0.5,-0.69%,,,,,,,,,ShowDailyK_ChartFlow,FinMind_API_TaiwanStockPrice_2408,True,2026-09-22T07:17:30,2026-09-22T07:17:30,2026-09-22T07:17:30
2408,南亞科,2024-06-24,69.1,-3.1000000000000085,-4.29%,,,,,,,,,ShowDailyK_ChartFlow,FinMind_API_TaiwanStockPrice_2408,True,2026-09-22T07:17:30,2026-09-22T07:17:30,2026-09-22T07:17:30
2408,南亞科,2024-06-25,68.5,-0.5999999999999943,-0.87%,,,,,,,,,ShowDailyK_ChartFlow,FinMind_API_TaiwanStockPrice_2408,True,2026-09-22T07:17:30,2026-09-22T07:17:30,2026-09-22T07:17:30
2408,南亞科,2024-06-26,68.5,0.0,0.00%,,,,,,,,,ShowDailyK_ChartFlow,FinMind_API_TaiwanStockPrice_2408,True,2026-09-22T07:17:30,2026-09-22T07:17:30,2026-09-22T07:17:30
2408,南亞科,2024-06-27,68.2,-0.29999999999999716,-0.44%,,,,,,,,,ShowDailyK_ChartFlow,FinMind_API_TaiwanStockPrice_2408,True,2026-09-22T07:17:30,2026-09-22T07:17:30,2026-09-22T07:17:30
2408,南亞科,2024-06-28,69.7,1.5,2.20%,,,,,,,,,ShowDailyK_ChartFlow,FinMind_API_TaiwanStockPrice_2408,True,2026-09-22T07:17:30,2026-09-22T07:17:30,2026-09-22T07:17:30
2408,南亞科,2024-07-01,69.0,-0.7000000000000028,-1.00%,,,,,,,,,ShowDailyK_ChartFlow,FinMind_API_TaiwanStockPrice_2408,True,2026-09-22T07:17:30,2026-09-22T07:17:30,2026-09-22T07:17:30
2408,南亞科,2024-07-02,68.3,-0.7000000000000028,-1.01%,,,,,,,,,ShowDailyK_ChartFlow,FinMind_API_TaiwanStockPrice_2408,True,2026-09-22T07:17:30,2026-09-22T07:17:30,2026-09-22T07:17:30
2408,南亞科,2024-07-03,73.7,5.400000000000006,7.91%,,,,,,,,,ShowDailyK_ChartFlow,FinMind_API_TaiwanStockPrice_2408,True,2026-09-22T07:17:30,2026-09-22T07:17:30,2026-09-22T07:17:30
2408,南亞科,2024-07-04,74.1,0.3999999999999915,0.54%,,,,,,,,,ShowDailyK_ChartFlow,FinMind_API_TaiwanStockPrice_2408,True,2026-09-22T07:17:30,2026-09-22T07:17:30,2026-09-22T07:17:30
2408,南亞科,2024-07-05,73.9,-0.19999999999998863,-0.27%,,,,,,,,,ShowDailyK_ChartFlow,FinMind_API_TaiwanStockPrice_2408,True,2026-09-22T07:17:30,2026-09-22T07:17:30,2026-09-22T07:17:30
2408,南亞科,2024-07-08,74.5,0.5999999999999943,0.81%,,,,,,,,,ShowDailyK_ChartFlow,FinMind_API_TaiwanStockPrice_2408,True,2026-09-22T07:17:30,2026-09-22T07:17:30,2026-09-22T07:17:30
2408,南亞科,2024-07-09,73.0,-1.5,-2.01%,,,,,,,,,ShowDailyK_ChartFlow,FinMind_API_TaiwanStockPrice_2408,True,2026-09-22T07:17:30,2026-09-22T07:17:30,2026-09-22T07:17:30
2408,南亞科,2024-07-10,72.3,-0.7000000000000028,-0.96%,,,,,,,,,ShowDailyK_ChartFlow,FinMind_API_TaiwanStockPrice_2408,True,2026-09-22T07:17:30,2026-09-22T07:17:30,2026-09-22T07:17:30
2408,南亞科,2024-07-11,70.1,-2.200000000000003,-3.04%,,,,,,,,,ShowDailyK_ChartFlow,FinMind_API_TaiwanStockPrice_2408,True,2026-09-22T07:17:30,2026-09-22T07:17:30,2026-09-22T07:17:30
2408,南亞科,2024-07-12,68.5,-1.5999999999999943,-2.28%,,,,,,,,,ShowDailyK_ChartFlow,FinMind_API_TaiwanStockPrice_2408,True,2026-09-22T07:17:30,2026-09-22T07:17:30,2026-09-22T07:17:30
2408,南亞科,2024-07-15,67.7,-0.7999999999999972,-1.17%,,,,,,,,,ShowDailyK_ChartFlow,FinMind_API_TaiwanStockPrice_2408,True,2026-09-22T07:17:30,2026-09-22T07:17:30,2026-09-22T07:17:30
2408,南亞科,2024-07-16,67.5,-0.20000000000000284,-0.30%,,,,,,,,,ShowDailyK_ChartFlow,FinMind_API_TaiwanStockPrice_2408,True,2026-09-22T07:17:30,2026-09-22T07:17:30,2026-09-22T07:17:30
2408,南亞科,2024-07-17,66.9,-0.5999999999999943,-0.89%,,,,,,,,,ShowDailyK_ChartFlow,FinMind_API_TaiwanStockPrice_2408,True,2026-09-22T07:17:30,2026-09-22T07:17:30,2026-09-22T07:17:30
2408,南亞科,2024-07-18,67.0,0.09999999999999432,0.15%,,,,,,,,,ShowDailyK_ChartFlow,FinMind_API_TaiwanStockPrice_2408,True,2026-09-22T07:17:30,2026-09-22T07:17:30,2026-09-22T07:17:30
2408,南亞科,2024-07-19,64.2,-2.799999999999997,-4.18%,,,,,,,,,ShowDailyK_ChartFlow,FinMind_API_TaiwanStockPrice_2408,True,2026-09-22T07:17:30,2026-09-22T07:17:30,2026-09-22T07:17:30
2408,南亞科,2024-07-22,61.9,-2.3000000000000043,-3.58%,,,,,,,,,ShowDailyK_ChartFlow,FinMind_API_TaiwanStockPrice_2408,True,2026-09-22T07:17:30,2026-09-22T07:17:30,2026-09-22T07:17:30
2408,南亞科,2024-07-23,60.6,-1.2999999999999972,-2.10%,,,,,,,,,ShowDailyK_ChartFlow,FinMind_API_TaiwanStockPrice_2408,True,2026-09-22T07:17:30,2026-09-22T07:17:30,2026-09-22T07:17:30
2408,南亞科,2024-07-26,58.1,-2.5,-4.13%,,,,,,,,,ShowDailyK_ChartFlow,FinMind_API_TaiwanStockPrice_2408,True,2026-09-22T07:17:30,2026-09-22T07:17:30,2026-09-22T07:17:30
2408,南亞科,2024-07-29,57.5,-0.6000000000000014,-1.03%,,,,,,,,,ShowDailyK_ChartFlow,FinMind_API_TaiwanStockPrice_2408,True,2026-09-22T07:17:30,2026-09-22T07:17:30,2026-09-22T07:17:30
2408,南亞科,2024-07-30,57.1,-0.3999999999999986,-0.70%,,,,,,,,,ShowDailyK_ChartFlow,FinMind_API_TaiwanStockPrice_2408,True,2026-09-22T07:17:30,2026-09-22T07:17:30,2026-09-22T07:17:30
2408,南亞科,2024-07-31,57.1,0.0,0.00%,,,,,,,,,ShowDailyK_ChartFlow,FinMind_API_TaiwanStockPrice_2408,True,2026-09-22T07:17:30,2026-09-22T07:17:30,2026-09-22T07:17:30
2408,南亞科,2024-08-01,58.3,1.1999999999999957,2.10%,,,,,,,,,ShowDailyK_ChartFlow,FinMind_API_TaiwanStockPrice_2408,True,2026-09-22T07:17:30,2026-09-22T07:17:30,2026-09-22T07:17:30
2408,南亞科,2024-08-02,54.9,-3.3999999999999986,-5.83%,,,,,,,,,ShowDailyK_ChartFlow,FinMind_API_TaiwanStockPrice_2408,True,2026-09-22T07:17:30,2026-09-22T07:17:30,2026-09-22T07:17:30
2408,南亞科,2024-08-05,49.95,-4.949999999999996,-9.02%,,,,,,,,,ShowDailyK_ChartFlow,FinMind_API_TaiwanStockPrice_2408,True,2026-09-22T07:17:30,2026-09-22T07:17:30,2026-09-22T07:17:30
2408,南亞科,2024-08-06,49.9,-0.05000000000000426,-0.10%,,,,,,,,,ShowDailyK_ChartFlow,FinMind_API_TaiwanStockPrice_2408,True,2026-09-22T07:17:30,2026-09-22T07:17:30,2026-09-22T07:17:30
2408,南亞科,2024-08-07,50.0,0.10000000000000142,0.20%,,,,,,,,,ShowDailyK_ChartFlow,FinMind_API_TaiwanStockPrice_2408,True,2026-09-22T07:17:30,2026-09-22T07:17:30,2026-09-22T07:17:30
2408,南亞科,2024-08-08,49.5,-0.5,-1.00%,,,,,,,,,ShowDailyK_ChartFlow,FinMind_API_TaiwanStockPrice_2408,True,2026-09-22T07:17:30,2026-09-22T07:17:30,2026-09-22T07:17:30
2408,南亞科,2024-08-09,51.0,1.5,3.03%,,,,,,,,,ShowDailyK_ChartFlow,FinMind_API_TaiwanStockPrice_2408,True,2026-09-22T07:17:30,2026-09-22T07:17:30,2026-09-22T07:17:30
2408,南亞科,2024-08-12,53.0,2.0,3.92%,,,,,,,,,ShowDailyK_ChartFlow,FinMind_API_TaiwanStockPrice_2408,True,2026-09-22T07:17:30,2026-09-22T07:17:30,2026-09-22T07:17:30
2408,南亞科,2024-08-13,52.8,-0.20000000000000284,-0.38%,,,,,,,,,ShowDailyK_ChartFlow,FinMind_API_TaiwanStockPrice_2408,True,2026-09-22T07:17:30,2026-09-22T07:17:30,2026-09-22T07:17:30
2408,南亞科,2024-08-14,54.3,1.5,2.84%,,,,,,,,,ShowDailyK_ChartFlow,FinMind_API_TaiwanStockPrice_2408,True,2026-09-22T07:17:30,2026-09-22T07:17:30,2026-09-22T07:17:30
2408,南亞科,2024-08-15,54.6,0.30000000000000426,0.55%,,,,,,,,,ShowDailyK_ChartFlow,FinMind_API_TaiwanStockPrice_2408,True,2026-09-22T07:17:30,2026-09-22T07:17:30,2026-09-22T07:17:30
2408,南亞科,2024-08-16,55.7,1.1000000000000014,2.01%,,,,,,,,,ShowDailyK_ChartFlow,FinMind_API_TaiwanStockPrice_2408,True,2026-09-22T07:17:30,2026-09-22T07:17:30,2026-09-22T07:17:30
2408,南亞科,2024-08-19,56.6,0.8999999999999986,1.62%,,,,,,,,,ShowDailyK_ChartFlow,FinMind_API_TaiwanStockPrice_2408,True,2026-09-22T07:17:30,2026-09-22T07:17:30,2026-09-22T07:17:30
2408,南亞科,2024-08-20,55.7,-0.8999999999999986,-1.59%,,,,,,,,,ShowDailyK_ChartFlow,FinMind_API_TaiwanStockPrice_2408,True,2026-09-22T07:17:30,2026-09-22T07:17:30,2026-09-22T07:17:30
2408,南亞科,2024-08-21,54.6,-1.1000000000000014,-1.97%,,,,,,,,,ShowDailyK_ChartFlow,FinMind_API_TaiwanStockPrice_2408,True,2026-09-22T07:17:30,2026-09-22T07:17:30,2026-09-22T07:17:30
2408,南亞科,2024-08-22,54.8,0.19999999999999574,0.37%,,,,,,,,,ShowDailyK_ChartFlow,FinMind_API_TaiwanStockPrice_2408,True,2026-09-22T07:17:30,2026-09-22T07:17:30,2026-09-22T07:17:30
2408,南亞科,2024-08-23,54.1,-0.6999999999999957,-1.28%,,,,,,,,,ShowDailyK_ChartFlow,FinMind_API_TaiwanStockPrice_2408,True,2026-09-22T07:17:30,2026-09-22T07:17:30,2026-09-22T07:17:30
2408,南亞科,2024-08-26,53.8,-0.30000000000000426,-0.55%,,,,,,,,,ShowDailyK_ChartFlow,FinMind_API_TaiwanStockPrice_2408,True,2026-09-22T07:17:30,2026-09-22T07:17:30,2026-09-22T07:17:30
2408,南亞科,2024-08-27,53.2,-0.5999999999999943,-1.12%,,,,,,,,,ShowDailyK_ChartFlow,FinMind_API_TaiwanStockPrice_2408,True,2026-09-22T07:17:30,2026-09-22T07:17:30,2026-09-22T07:17:30
2408,南亞科,2024-08-28,53.5,0.29999999999999716,0.56%,,,,,,,,,ShowDailyK_ChartFlow,FinMind_API_TaiwanStockPrice_2408,True,2026-09-22T07:17:30,2026-09-22T07:17:30,2026-09-22T07:17:30
2408,南亞科,2024-08-29,53.4,-0.10000000000000142,-0.19%,,,,,,,,,ShowDailyK_ChartFlow,FinMind_API_TaiwanStockPrice_2408,True,2026-09-22T07:17:30,2026-09-22T07:17:30,2026-09-22T07:17:30
2408,南亞科,2024-08-30,52.7,-0.6999999999999957,-1.31%,,,,,,,,,ShowDailyK_ChartFlow,FinMind_API_TaiwanStockPrice_2408,True,2026-09-22T07:17:30,2026-09-22T07:17:30,2026-09-22T07:17:30
2408,南亞科,2024-09-02,51.6,-1.1000000000000014,-2.09%,,,,,,,,,ShowDailyK_ChartFlow,FinMind_API_TaiwanStockPrice_2408,True,2026-09-22T07:17:30,2026-09-22T07:17:30,2026-09-22T07:17:30
2408,南亞科,2024-09-03,50.0,-1.6000000000000014,-3.10%,,,,,,,,,ShowDailyK_ChartFlow,FinMind_API_TaiwanStockPrice_2408,True,2026-09-22T07:17:30,2026-09-22T07:17:30,2026-09-22T07:17:30
2408,南亞科,2024-09-04,47.55,-2.450000000000003,-4.90%,,,,,,,,,ShowDailyK_ChartFlow,FinMind_API_TaiwanStockPrice_2408,True,2026-09-22T07:17:30,2026-09-22T07:17:30,2026-09-22T07:17:30
2408,南亞科,2024-09-05,46.0,-1.5499999999999972,-3.26%,,,,,,,,,ShowDailyK_ChartFlow,FinMind_API_TaiwanStockPrice_2408,True,2026-09-22T07:17:30,2026-09-22T07:17:30,2026-09-22T07:17:30
2408,南亞科,2024-09-06,46.45,0.45000000000000284,0.98%,,,,,,,,,ShowDailyK_ChartFlow,FinMind_API_TaiwanStockPrice_2408,True,2026-09-22T07:17:30,2026-09-22T07:17:30,2026-09-22T07:17:30
2408,南亞科,2024-09-09,46.05,-0.4000000000000057,-0.86%,,,,,,,,,ShowDailyK_ChartFlow,FinMind_API_TaiwanStockPrice_2408,True,2026-09-22T07:17:30,2026-09-22T07:17:30,2026-09-22T07:17:30
2408,南亞科,2024-09-10,44.5,-1.5499999999999972,-3.37%,,,,,,,,,ShowDailyK_ChartFlow,FinMind_API_TaiwanStockPrice_2408,True,2026-09-22T07:17:30,2026-09-22T07:17:30,2026-09-22T07:17:30
2408,南亞科,2024-09-11,45.1,0.6000000000000014,1.35%,,,,,,,,,ShowDailyK_ChartFlow,FinMind_API_TaiwanStockPrice_2408,True,2026-09-22T07:17:30,2026-09-22T07:17:30,2026-09-22T07:17:30
2408,南亞科,2024-09-12,46.95,1.8500000000000014,4.10%,,,,,,,,,ShowDailyK_ChartFlow,FinMind_API_TaiwanStockPrice_2408,True,2026-09-22T07:17:30,2026-09-22T07:17:30,2026-09-22T07:17:30
2408,南亞科,2024-09-13,46.3,-0.6500000000000057,-1.38%,,,,,,,,,ShowDailyK_ChartFlow,FinMind_API_TaiwanStockPrice_2408,True,2026-09-22T07:17:30,2026-09-22T07:17:30,2026-09-22T07:17:30
2408,南亞科,2024-09-16,46.6,0.30000000000000426,0.65%,,,,,,,,,ShowDailyK_ChartFlow,FinMind_API_TaiwanStockPrice_2408,True,2026-09-22T07:17:30,2026-09-22T07:17:30,2026-09-22T07:17:30
2408,南亞科,2024-09-18,45.2,-1.3999999999999986,-3.00%,,,,,,,,,ShowDailyK_ChartFlow,FinMind_API_TaiwanStockPrice_2408,True,2026-09-22T07:17:30,2026-09-22T07:17:30,2026-09-22T07:17:30
2408,南亞科,2024-09-19,45.25,0.04999999999999716,0.11%,,,,,,,,,ShowDailyK_ChartFlow,FinMind_API_TaiwanStockPrice_2408,True,2026-09-22T07:17:30,2026-09-22T07:17:30,2026-09-22T07:17:30
2408,南亞科,2024-09-20,45.8,0.5499999999999972,1.22%,,,,,,,,,ShowDailyK_ChartFlow,FinMind_API_TaiwanStockPrice_2408,True,2026-09-22T07:17:30,2026-09-22T07:17:30,2026-09-22T07:17:30
2408,南亞科,2024-09-23,46.65,0.8500000000000014,1.86%,,,,,,,,,ShowDailyK_ChartFlow,FinMind_API_TaiwanStockPrice_2408,True,2026-09-22T07:17:30,2026-09-22T07:17:30,2026-09-22T07:17:30
2408,南亞科,2024-09-24,46.35,-0.29999999999999716,-0.64%,,,,,,,,,ShowDailyK_ChartFlow,FinMind_API_TaiwanStockPrice_2408,True,2026-09-22T07:17:30,2026-09-22T07:17:30,2026-09-22T07:17:30
2408,南亞科,2024-09-25,47.3,0.9499999999999957,2.05%,,,,,,,,,ShowDailyK_ChartFlow,FinMind_API_TaiwanStockPrice_2408,True,2026-09-22T07:17:30,2026-09-22T07:17:30,2026-09-22T07:17:30
2408,南亞科,2024-09-26,47.3,0.0,0.00%,,,,,,,,,ShowDailyK_ChartFlow,FinMind_API_TaiwanStockPrice_2408,True,2026-09-22T07:17:30,2026-09-22T07:17:30,2026-09-22T07:17:30
2408,南亞科,2024-09-27,48.15,0.8500000000000014,1.80%,,,,,,,,,ShowDailyK_ChartFlow,FinMind_API_TaiwanStockPrice_2408,True,2026-09-22T07:17:30,2026-09-22T07:17:30,2026-09-22T07:17:30
2408,南亞科,2024-09-30,47.35,-0.7999999999999972,-1.66%,,,,,,,,,ShowDailyK_ChartFlow,FinMind_API_TaiwanStockPrice_2408,True,2026-09-22T07:17:30,2026-09-22T07:17:30,2026-09-22T07:17:30
2408,南亞科,2024-10-01,46.25,-1.1000000000000014,-2.32%,,,,,,,,,ShowDailyK_ChartFlow,FinMind_API_TaiwanStockPrice_2408,True,2026-09-22T07:17:30,2026-09-22T07:17:30,2026-09-22T07:17:30
2408,南亞科,2024-10-04,45.5,-0.75,-1.62%,,,,,,,,,ShowDailyK_ChartFlow,FinMind_API_TaiwanStockPrice_2408,True,2026-09-22T07:17:30,2026-09-22T07:17:30,2026-09-22T07:17:30
2408,南亞科,2024-10-07,45.15,-0.3500000000000014,-0.77%,,,,,,,,,ShowDailyK_ChartFlow,FinMind_API_TaiwanStockPrice_2408,True,2026-09-22T07:17:30,2026-09-22T07:17:30,2026-09-22T07:17:30
2408,南亞科,2024-10-08,44.4,-0.75,-1.66%,,,,,,,,,ShowDailyK_ChartFlow,FinMind_API_TaiwanStockPrice_2408,True,2026-09-22T07:17:30,2026-09-22T07:17:30,2026-09-22T07:17:30
2408,南亞科,2024-10-09,43.5,-0.8999999999999986,-2.03%,,,,,,,,,ShowDailyK_ChartFlow,FinMind_API_TaiwanStockPrice_2408,True,2026-09-22T07:17:30,2026-09-22T07:17:30,2026-09-22T07:17:30
2408,南亞科,2024-10-11,42.5,-1.0,-2.30%,,,,,,,,,ShowDailyK_ChartFlow,FinMind_API_TaiwanStockPrice_2408,True,2026-09-22T07:17:30,2026-09-22T07:17:30,2026-09-22T07:17:30
2408,南亞科,2024-10-14,43.8,1.2999999999999972,3.06%,,,,,,,,,ShowDailyK_ChartFlow,FinMind_API_TaiwanStockPrice_2408,True,2026-09-22T07:17:30,2026-09-22T07:17:30,2026-09-22T07:17:30
2408,南亞科,2024-10-15,44.05,0.25,0.57%,,,,,,,,,ShowDailyK_ChartFlow,FinMind_API_TaiwanStockPrice_2408,True,2026-09-22T07:17:30,2026-09-22T07:17:30,2026-09-22T07:17:30
2408,南亞科,2024-10-16,42.65,-1.3999999999999986,-3.18%,,,,,,,,,ShowDailyK_ChartFlow,FinMind_API_TaiwanStockPrice_2408,True,2026-09-22T07:17:30,2026-09-22T07:17:30,2026-09-22T07:17:30
2408,南亞科,2024-10-17,44.3,1.6499999999999986,3.87%,,,,,,,,,ShowDailyK_ChartFlow,FinMind_API_TaiwanStockPrice_2408,True,2026-09-22T07:17:30,2026-09-22T07:17:30,2026-09-22T07:17:30
2408,南亞科,2024-10-18,43.85,-0.44999999999999574,-1.02%,,,,,,,,,ShowDailyK_ChartFlow,FinMind_API_TaiwanStockPrice_2408,True,2026-09-22T07:17:30,2026-09-22T07:17:30,2026-09-22T07:17:30
2408,南亞科,2024-10-21,44.6,0.75,1.71%,,,,,,,,,ShowDailyK_ChartFlow,FinMind_API_TaiwanStockPrice_2408,True,2026-09-22T07:17:30,2026-09-22T07:17:30,2026-09-22T07:17:30
2408,南亞科,2024-10-22,44.2,-0.3999999999999986,-0.90%,,,,,,,,,ShowDailyK_ChartFlow,FinMind_API_TaiwanStockPrice_2408,True,2026-09-22T07:17:30,2026-09-22T07:17:30,2026-09-22T07:17:30
2408,南亞科,2024-10-23,43.65,-0.5500000000000043,-1.24%,,,,,,,,,ShowDailyK_ChartFlow,FinMind_API_TaiwanStockPrice_2408,True,2026-09-22T07:17:30,2026-09-22T07:17:30,2026-09-22T07:17:30
2408,南亞科,2024-10-24,42.9,-0.75,-1.72%,,,,,,,,,ShowDailyK_ChartFlow,FinMind_API_TaiwanStockPrice_2408,True,2026-09-22T07:17:30,2026-09-22T07:17:30,2026-09-22T07:17:30
2408,南亞科,2024-10-25,43.05,0.14999999999999858,0.35%,,,,,,,,,ShowDailyK_ChartFlow,FinMind_API_TaiwanStockPrice_2408,True,2026-09-22T07:17:30,2026-09-22T07:17:30,2026-09-22T07:17:30
2408,南亞科,2024-10-28,43.35,0.30000000000000426,0.70%,,,,,,,,,ShowDailyK_ChartFlow,FinMind_API_TaiwanStockPrice_2408,True,2026-09-22T07:17:30,2026-09-22T07:17:30,2026-09-22T07:17:30
2408,南亞科,2024-10-29,42.3,-1.0500000000000043,-2.42%,,,,,,,,,ShowDailyK_ChartFlow,FinMind_API_TaiwanStockPrice_2408,True,2026-09-22T07:17:30,2026-09-22T07:17:30,2026-09-22T07:17:30
2408,南亞科,2024-10-30,42.3,0.0,0.00%,,,,,,,,,ShowDailyK_ChartFlow,FinMind_API_TaiwanStockPrice_2408,True,2026-09-22T07:17:30,2026-09-22T07:17:30,2026-09-22T07:17:30
2408,南亞科,2024-11-01,41.45,-0.8499999999999943,-2.01%,,,,,,,,,ShowDailyK_ChartFlow,FinMind_API_TaiwanStockPrice_2408,True,2026-09-22T07:17:30,2026-09-22T07:17:30,2026-09-22T07:17:30
2408,南亞科,2024-11-04,40.2,-1.25,-3.02%,,,,,,,,,ShowDailyK_ChartFlow,FinMind_API_TaiwanStockPrice_2408,True,2026-09-22T07:17:30,2026-09-22T07:17:30,2026-09-22T07:17:30
2408,南亞科,2024-11-05,40.05,-0.15000000000000568,-0.37%,,,,,,,,,ShowDailyK_ChartFlow,FinMind_API_TaiwanStockPrice_2408,True,2026-09-22T07:17:30,2026-09-22T07:17:30,2026-09-22T07:17:30
2408,南亞科,2024-11-06,40.75,0.7000000000000028,1.75%,,,,,,,,,ShowDailyK_ChartFlow,FinMind_API_TaiwanStockPrice_2408,True,2026-09-22T07:17:30,2026-09-22T07:17:30,2026-09-22T07:17:30
2408,南亞科,2024-11-07,42.05,1.2999999999999972,3.19%,,,,,,,,,ShowDailyK_ChartFlow,FinMind_API_TaiwanStockPrice_2408,True,2026-09-22T07:17:30,2026-09-22T07:17:30,2026-09-22T07:17:30
2408,南亞科,2024-11-08,40.7,-1.3499999999999943,-3.21%,,,,,,,,,ShowDailyK_ChartFlow,FinMind_API_TaiwanStockPrice_2408,True,2026-09-22T07:17:30,2026-09-22T07:17:30,2026-09-22T07:17:30
2408,南亞科,2024-11-11,40.4,-0.30000000000000426,-0.74%,,,,,,,,,ShowDailyK_ChartFlow,FinMind_API_TaiwanStockPrice_2408,True,2026-09-22T07:17:30,2026-09-22T07:17:30,2026-09-22T07:17:30
2408,南亞科,2024-11-12,39.0,-1.3999999999999986,-3.47%,,,,,,,,,ShowDailyK_ChartFlow,FinMind_API_TaiwanStockPrice_2408,True,2026-09-22T07:17:30,2026-09-22T07:17:30,2026-09-22T07:17:30
2408,南亞科,2024-11-13,38.15,-0.8500000000000014,-2.18%,,,,,,,,,ShowDailyK_ChartFlow,FinMind_API_TaiwanStockPrice_2408,True,2026-09-22T07:17:30,2026-09-22T07:17:30,2026-09-22T07:17:30
2408,南亞科,2024-11-14,36.85,-1.2999999999999972,-3.41%,,,,,,,,,ShowDailyK_ChartFlow,FinMind_API_TaiwanStockPrice_2408,True,2026-09-22T07:17:30,2026-09-22T07:17:30,2026-09-22T07:17:30
2408,南亞科,2024-11-15,37.5,0.6499999999999986,1.76%,,,,,,,,,ShowDailyK_ChartFlow,FinMind_API_TaiwanStockPrice_2408,True,2026-09-22T07:17:30,2026-09-22T07:17:30,2026-09-22T07:17:30
2408,南亞科,2024-11-18,37.25,-0.25,-0.67%,,,,,,,,,ShowDailyK_ChartFlow,FinMind_API_TaiwanStockPrice_2408,True,2026-09-22T07:17:30,2026-09-22T07:17:30,2026-09-22T07:17:30
2408,南亞科,2024-11-19,37.05,-0.20000000000000284,-0.54%,,,,,,,,,ShowDailyK_ChartFlow,FinMind_API_TaiwanStockPrice_2408,True,2026-09-22T07:17:30,2026-09-22T07:17:30,2026-09-22T07:17:30
2408,南亞科,2024-11-20,36.25,-0.7999999999999972,-2.16%,,,,,,,,,ShowDailyK_ChartFlow,FinMind_API_TaiwanStockPrice_2408,True,2026-09-22T07:17:30,2026-09-22T07:17:30,2026-09-22T07:17:30
2408,南亞科,2024-11-21,36.65,0.3999999999999986,1.10%,,,,,,,,,ShowDailyK_ChartFlow,FinMind_API_TaiwanStockPrice_2408,True,2026-09-22T07:17:30,2026-09-22T07:17:30,2026-09-22T07:17:30
2408,南亞科,2024-11-22,35.85,-0.7999999999999972,-2.18%,,,,,,,,,ShowDailyK_ChartFlow,FinMind_API_TaiwanStockPrice_2408,True,2026-09-22T07:17:30,2026-09-22T07:17:30,2026-09-22T07:17:30
2408,南亞科,2024-11-25,36.3,0.44999999999999574,1.26%,,,,,,,,,ShowDailyK_ChartFlow,FinMind_API_TaiwanStockPrice_2408,True,2026-09-22T07:17:30,2026-09-22T07:17:30,2026-09-22T07:17:30
2408,南亞科,2024-11-26,35.8,-0.5,-1.38%,,,,,,,,,ShowDailyK_ChartFlow,FinMind_API_TaiwanStockPrice_2408,True,2026-09-22T07:17:30,2026-09-22T07:17:30,2026-09-22T07:17:30
2408,南亞科,2024-11-27,34.95,-0.8499999999999943,-2.37%,,,,,,,,,ShowDailyK_ChartFlow,FinMind_API_TaiwanStockPrice_2408,True,2026-09-22T07:17:30,2026-09-22T07:17:30,2026-09-22T07:17:30
2408,南亞科,2024-11-28,33.75,-1.2000000000000028,-3.43%,,,,,,,,,ShowDailyK_ChartFlow,FinMind_API_TaiwanStockPrice_2408,True,2026-09-22T07:17:30,2026-09-22T07:17:30,2026-09-22T07:17:30
2408,南亞科,2024-11-29,33.45,-0.29999999999999716,-0.89%,,,,,,,,,ShowDailyK_ChartFlow,FinMind_API_TaiwanStockPrice_2408,True,2026-09-22T07:17:30,2026-09-22T07:17:30,2026-09-22T07:17:30
2408,南亞科,2024-12-02,33.05,-0.4000000000000057,-1.20%,,,,,,,,,ShowDailyK_ChartFlow,FinMind_API_TaiwanStockPrice_2408,True,2026-09-22T07:17:30,2026-09-22T07:17:30,2026-09-22T07:17:30
2408,南亞科,2024-12-03,33.8,0.75,2.27%,,,,,,,,,ShowDailyK_ChartFlow,FinMind_API_TaiwanStockPrice_2408,True,2026-09-22T07:17:30,2026-09-22T07:17:30,2026-09-22T07:17:30
2408,南亞科,2024-12-04,33.25,-0.5499999999999972,-1.63%,,,,,,,,,ShowDailyK_ChartFlow,FinMind_API_TaiwanStockPrice_2408,True,2026-09-22T07:17:30,2026-09-22T07:17:30,2026-09-22T07:17:30
2408,南亞科,2024-12-05,33.0,-0.25,-0.75%,,,,,,,,,ShowDailyK_ChartFlow,FinMind_API_TaiwanStockPrice_2408,True,2026-09-22T07:17:30,2026-09-22T07:17:30,2026-09-22T07:17:30
2408,南亞科,2024-12-06,33.15,0.14999999999999858,0.45%,,,,,,,,,ShowDailyK_ChartFlow,FinMind_API_TaiwanStockPrice_2408,True,2026-09-22T07:17:30,2026-09-22T07:17:30,2026-09-22T07:17:30
2408,南亞科,2024-12-09,32.5,-0.6499999999999986,-1.96%,,,,,,,,,ShowDailyK_ChartFlow,FinMind_API_TaiwanStockPrice_2408,True,2026-09-22T07:17:30,2026-09-22T07:17:30,2026-09-22T07:17:30
2408,南亞科,2024-12-10,32.3,-0.20000000000000284,-0.62%,,,,,,,,,ShowDailyK_ChartFlow,FinMind_API_TaiwanStockPrice_2408,True,2026-09-22T07:17:30,2026-09-22T07:17:30,2026-09-22T07:17:30
2408,南亞科,2024-12-11,30.5,-1.7999999999999972,-5.57%,,,,,,,,,ShowDailyK_ChartFlow,FinMind_API_TaiwanStockPrice_2408,True,2026-09-22T07:17:30,2026-09-22T07:17:30,2026-09-22T07:17:30
2408,南亞科,2024-12-12,30.9,0.3999999999999986,1.31%,,,,,,,,,ShowDailyK_ChartFlow,FinMind_API_TaiwanStockPrice_2408,True,2026-09-22T07:17:30,2026-09-22T07:17:30,2026-09-22T07:17:30
2408,南亞科,2024-12-13,29.4,-1.5,-4.85%,,,,,,,,,ShowDailyK_ChartFlow,FinMind_API_TaiwanStockPrice_2408,True,2026-09-22T07:17:30,2026-09-22T07:17:30,2026-09-22T07:17:30
2408,南亞科,2024-12-16,28.8,-0.5999999999999979,-2.04%,,,,,,,,,ShowDailyK_ChartFlow,FinMind_API_TaiwanStockPrice_2408,True,2026-09-22T07:17:30,2026-09-22T07:17:30,2026-09-22T07:17:30
2408,南亞科,2024-12-17,30.75,1.9499999999999993,6.77%,,,,,,,,,ShowDailyK_ChartFlow,FinMind_API_TaiwanStockPrice_2408,True,2026-09-22T07:17:30,2026-09-22T07:17:30,2026-09-22T07:17:30
2408,南亞科,2024-12-18,32.2,1.4500000000000028,4.72%,,,,,,,,,ShowDailyK_ChartFlow,FinMind_API_TaiwanStockPrice_2408,True,2026-09-22T07:17:30,2026-09-22T07:17:30,2026-09-22T07:17:30
2408,南亞科,2024-12-19,31.85,-0.3500000000000014,-1.09%,,,,,,,,,ShowDailyK_ChartFlow,FinMind_API_TaiwanStockPrice_2408,True,2026-09-22T07:17:30,2026-09-22T07:17:30,2026-09-22T07:17:30
2408,南亞科,2024-12-20,30.4,-1.4500000000000028,-4.55%,,,,,,,,,ShowDailyK_ChartFlow,FinMind_API_TaiwanStockPrice_2408,True,2026-09-22T07:17:30,2026-09-22T07:17:30,2026-09-22T07:17:30
2408,南亞科,2024-12-23,31.0,0.6000000000000014,1.97%,,,,,,,,,ShowDailyK_ChartFlow,FinMind_API_TaiwanStockPrice_2408,True,2026-09-22T07:17:30,2026-09-22T07:17:30,2026-09-22T07:17:30
2408,南亞科,2024-12-24,31.9,0.8999999999999986,2.90%,,,,,,,,,ShowDailyK_ChartFlow,FinMind_API_TaiwanStockPrice_2408,True,2026-09-22T07:17:30,2026-09-22T07:17:30,2026-09-22T07:17:30
2408,南亞科,2024-12-25,31.2,-0.6999999999999993,-2.19%,,,,,,,,,ShowDailyK_ChartFlow,FinMind_API_TaiwanStockPrice_2408,True,2026-09-22T07:17:30,2026-09-22T07:17:30,2026-09-22T07:17:30
2408,南亞科,2024-12-26,30.7,-0.5,-1.60%,,,,,,,,,ShowDailyK_ChartFlow,FinMind_API_TaiwanStockPrice_2408,True,2026-09-22T07:17:30,2026-09-22T07:17:30,2026-09-22T07:17:30
2408,南亞科,2024-12-27,30.8,0.10000000000000142,0.33%,,,,,,,,,ShowDailyK_ChartFlow,FinMind_API_TaiwanStockPrice_2408,True,2026-09-22T07:17:30,2026-09-22T07:17:30,2026-09-22T07:17:30
2408,南亞科,2024-12-30,29.75,-1.0500000000000007,-3.41%,,,,,,,,,ShowDailyK_ChartFlow,FinMind_API_TaiwanStockPrice_2408,True,2026-09-22T07:17:30,2026-09-22T07:17:30,2026-09-22T07:17:30
2408,南亞科,2024-12-31,29.25,-0.5,-1.68%,,,,,,,,,ShowDailyK_ChartFlow,FinMind_API_TaiwanStockPrice_2408,True,2026-09-22T07:17:30,2026-09-22T07:17:30,2026-09-22T07:17:30
2408,南亞科,2025-01-02,28.45,-0.8000000000000007,-2.74%,,,,,,,,,ShowDailyK_ChartFlow,FinMind_API_TaiwanStockPrice_2408,True,2026-09-22T07:17:30,2026-09-22T07:17:30,2026-09-22T07:17:30
2408,南亞科,2025-01-03,27.65,-0.8000000000000007,-2.81%,,,,,,,,,ShowDailyK_ChartFlow,FinMind_API_TaiwanStockPrice_2408,True,2026-09-22T07:17:30,2026-09-22T07:17:30,2026-09-22T07:17:30
2408,南亞科,2025-01-06,27.6,-0.04999999999999716,-0.18%,,,,,,,,,ShowDailyK_ChartFlow,FinMind_API_TaiwanStockPrice_2408,True,2026-09-22T07:17:30,2026-09-22T07:17:30,2026-09-22T07:17:30
2408,南亞科,2025-01-07,28.4,0.7999999999999972,2.90%,,,,,,,,,ShowDailyK_ChartFlow,FinMind_API_TaiwanStockPrice_2408,True,2026-09-22T07:17:30,2026-09-22T07:17:30,2026-09-22T07:17:30
2408,南亞科,2025-01-08,27.45,-0.9499999999999993,-3.35%,,,,,,,,,ShowDailyK_ChartFlow,FinMind_API_TaiwanStockPrice_2408,True,2026-09-22T07:17:30,2026-09-22T07:17:30,2026-09-22T07:17:30
2408,南亞科,2025-01-09,25.75,-1.6999999999999993,-6.19%,,,,,,,,,ShowDailyK_ChartFlow,FinMind_API_TaiwanStockPrice_2408,True,2026-09-22T07:17:30,2026-09-22T07:17:30,2026-09-22T07:17:30
2408,南亞科,2025-01-10,25.95,0.1999999999999993,0.78%,,,,,,,,,ShowDailyK_ChartFlow,FinMind_API_TaiwanStockPrice_2408,True,2026-09-22T07:17:30,2026-09-22T07:17:30,2026-09-22T07:17:30
2408,南亞科,2025-01-13,25.4,-0.5500000000000007,-2.12%,,,,,,,,,ShowDailyK_ChartFlow,FinMind_API_TaiwanStockPrice_2408,True,2026-09-22T07:17:30,2026-09-22T07:17:30,2026-09-22T07:17:30
2408,南亞科,2025-01-14,26.65,1.25,4.92%,,,,,,,,,ShowDailyK_ChartFlow,FinMind_API_TaiwanStockPrice_2408,True,2026-09-22T07:17:30,2026-09-22T07:17:30,2026-09-22T07:17:30
2408,南亞科,2025-01-15,28.0,1.3500000000000014,5.07%,,,,,,,,,ShowDailyK_ChartFlow,FinMind_API_TaiwanStockPrice_2408,True,2026-09-22T07:17:30,2026-09-22T07:17:30,2026-09-22T07:17:30
2408,南亞科,2025-01-16,28.85,0.8500000000000014,3.04%,,,,,,,,,ShowDailyK_ChartFlow,FinMind_API_TaiwanStockPrice_2408,True,2026-09-22T07:17:30,2026-09-22T07:17:30,2026-09-22T07:17:30
2408,南亞科,2025-01-17,29.55,0.6999999999999993,2.43%,,,,,,,,,ShowDailyK_ChartFlow,FinMind_API_TaiwanStockPrice_2408,True,2026-09-22T07:17:30,2026-09-22T07:17:30,2026-09-22T07:17:30
2408,南亞科,2025-01-20,30.8,1.25,4.23%,,,,,,,,,ShowDailyK_ChartFlow,FinMind_API_TaiwanStockPrice_2408,True,2026-09-22T07:17:30,2026-09-22T07:17:30,2026-09-22T07:17:30
2408,南亞科,2025-01-21,30.0,-0.8000000000000007,-2.60%,,,,,,,,,ShowDailyK_ChartFlow,FinMind_API_TaiwanStockPrice_2408,True,2026-09-22T07:17:30,2026-09-22T07:17:30,2026-09-22T07:17:30
2408,南亞科,2025-01-22,30.1,0.10000000000000142,0.33%,,,,,,,,,ShowDailyK_ChartFlow,FinMind_API_TaiwanStockPrice_2408,True,2026-09-22T07:17:30,2026-09-22T07:17:30,2026-09-22T07:17:30
2408,南亞科,2025-02-03,27.95,-2.150000000000002,-7.14%,,,,,,,,,ShowDailyK_ChartFlow,FinMind_API_TaiwanStockPrice_2408,True,2026-09-22T07:17:30,2026-09-22T07:17:30,2026-09-22T07:17:30
2408,南亞科,2025-02-04,27.25,-0.6999999999999993,-2.50%,,,,,,,,,ShowDailyK_ChartFlow,FinMind_API_TaiwanStockPrice_2408,True,2026-09-22T07:17:30,2026-09-22T07:17:30,2026-09-22T07:17:30
2408,南亞科,2025-02-05,27.5,0.25,0.92%,,,,,,,,,ShowDailyK_ChartFlow,FinMind_API_TaiwanStockPrice_2408,True,2026-09-22T07:17:30,2026-09-22T07:17:30,2026-09-22T07:17:30
2408,南亞科,2025-02-06,27.75,0.25,0.91%,,,,,,,,,ShowDailyK_ChartFlow,FinMind_API_TaiwanStockPrice_2408,True,2026-09-22T07:17:30,2026-09-22T07:17:30,2026-09-22T07:17:30
2408,南亞科,2025-02-07,28.8,1.0500000000000007,3.78%,,,,,,,,,ShowDailyK_ChartFlow,FinMind_API_TaiwanStockPrice_2408,True,2026-09-22T07:17:30,2026-09-22T07:17:30,2026-09-22T07:17:30
2408,南亞科,2025-02-10,28.0,-0.8000000000000007,-2.78%,,,,,,,,,ShowDailyK_ChartFlow,FinMind_API_TaiwanStockPrice_2408,True,2026-09-22T07:17:30,2026-09-22T07:17:30,2026-09-22T07:17:30
2408,南亞科,2025-02-11,27.6,-0.3999999999999986,-1.43%,,,,,,,,,ShowDailyK_ChartFlow,FinMind_API_TaiwanStockPrice_2408,True,2026-09-22T07:17:30,2026-09-22T07:17:30,2026-09-22T07:17:30
2408,南亞科,2025-02-12,27.9,0.29999999999999716,1.09%,,,,,,,,,ShowDailyK_ChartFlow,FinMind_API_TaiwanStockPrice_2408,True,2026-09-22T07:17:30,2026-09-22T07:17:30,2026-09-22T07:17:30
2408,南亞科,2025-02-13,30.65,2.75,9.86%,,,,,,,,,ShowDailyK_ChartFlow,FinMind_API_TaiwanStockPrice_2408,True,2026-09-22T07:17:30,2026-09-22T07:17:30,2026-09-22T07:17:30
2408,南亞科,2025-02-14,32.3,1.6499999999999986,5.38%,,,,,,,,,ShowDailyK_ChartFlow,FinMind_API_TaiwanStockPrice_2408,True,2026-09-22T07:17:30,2026-09-22T07:17:30,2026-09-22T07:17:30
2408,南亞科,2025-02-17,34.35,2.0500000000000043,6.35%,,,,,,,,,ShowDailyK_ChartFlow,FinMind_API_TaiwanStockPrice_2408,True,2026-09-22T07:17:30,2026-09-22T07:17:30,2026-09-22T07:17:30
2408,南亞科,2025-02-18,35.6,1.25,3.64%,,,,,,,,,ShowDailyK_ChartFlow,FinMind_API_TaiwanStockPrice_2408,True,2026-09-22T07:17:30,2026-09-22T07:17:30,2026-09-22T07:17:30
2408,南亞科,2025-02-19,39.15,3.549999999999997,9.97%,,,,,,,,,ShowDailyK_ChartFlow,FinMind_API_TaiwanStockPrice_2408,True,2026-09-22T07:17:30,2026-09-22T07:17:30,2026-09-22T07:17:30
2408,南亞科,2025-02-20,38.8,-0.3500000000000014,-0.89%,,,,,,,,,ShowDailyK_ChartFlow,FinMind_API_TaiwanStockPrice_2408,True,2026-09-22T07:17:30,2026-09-22T07:17:30,2026-09-22T07:17:30
2408,南亞科,2025-02-21,41.45,2.6500000000000057,6.83%,,,,,,,,,ShowDailyK_ChartFlow,FinMind_API_TaiwanStockPrice_2408,True,2026-09-22T07:17:30,2026-09-22T07:17:30,2026-09-22T07:17:30
2408,南亞科,2025-02-24,40.85,-0.6000000000000014,-1.45%,,,,,,,,,ShowDailyK_ChartFlow,FinMind_API_TaiwanStockPrice_2408,True,2026-09-22T07:17:30,2026-09-22T07:17:30,2026-09-22T07:17:30
2408,南亞科,2025-02-25,42.9,2.049999999999997,5.02%,,,,,,,,,ShowDailyK_ChartFlow,FinMind_API_TaiwanStockPrice_2408,True,2026-09-22T07:17:30,2026-09-22T07:17:30,2026-09-22T07:17:30
2408,南亞科,2025-02-26,41.4,-1.5,-3.50%,,,,,,,,,ShowDailyK_ChartFlow,FinMind_API_TaiwanStockPrice_2408,True,2026-09-22T07:17:30,2026-09-22T07:17:30,2026-09-22T07:17:30
2408,南亞科,2025-02-27,38.65,-2.75,-6.64%,,,,,,,,,ShowDailyK_ChartFlow,FinMind_API_TaiwanStockPrice_2408,True,2026-09-22T07:17:30,2026-09-22T07:17:30,2026-09-22T07:17:30
2408,南亞科,2025-03-03,37.75,-0.8999999999999986,-2.33%,,,,,,,,,ShowDailyK_ChartFlow,FinMind_API_TaiwanStockPrice_2408,True,2026-09-22T07:17:30,2026-09-22T07:17:30,2026-09-22T07:17:30
2408,南亞科,2025-03-04,38.1,0.3500000000000014,0.93%,,,,,,,,,ShowDailyK_ChartFlow,FinMind_API_TaiwanStockPrice_2408,True,2026-09-22T07:17:30,2026-09-22T07:17:30,2026-09-22T07:17:30
2408,南亞科,2025-03-05,38.3,0.19999999999999574,0.52%,,,,,,,,,ShowDailyK_ChartFlow,FinMind_API_TaiwanStockPrice_2408,True,2026-09-22T07:17:30,2026-09-22T07:17:30,2026-09-22T07:17:30
2408,南亞科,2025-03-06,36.8,-1.5,-3.92%,,,,,,,,,ShowDailyK_ChartFlow,FinMind_API_TaiwanStockPrice_2408,True,2026-09-22T07:17:30,2026-09-22T07:17:30,2026-09-22T07:17:30
2408,南亞科,2025-03-07,39.95,3.1500000000000057,8.56%,,,,,,,,,ShowDailyK_ChartFlow,FinMind_API_TaiwanStockPrice_2408,True,2026-09-22T07:17:30,2026-09-22T07:17:30,2026-09-22T07:17:30
2408,南亞科,2025-03-10,39.35,-0.6000000000000014,-1.50%,,,,,,,,,ShowDailyK_ChartFlow,FinMind_API_TaiwanStockPrice_2408,True,2026-09-22T07:17:30,2026-09-22T07:17:30,2026-09-22T07:17:30
2408,南亞科,2025-03-11,38.0,-1.3500000000000014,-3.43%,,,,,,,,,ShowDailyK_ChartFlow,FinMind_API_TaiwanStockPrice_2408,True,2026-09-22T07:17:30,2026-09-22T07:17:30,2026-09-22T07:17:30
2408,南亞科,2025-03-12,40.55,2.549999999999997,6.71%,,,,,,,,,ShowDailyK_ChartFlow,FinMind_API_TaiwanStockPrice_2408,True,2026-09-22T07:17:30,2026-09-22T07:17:30,2026-09-22T07:17:30
2408,南亞科,2025-03-13,41.6,1.0500000000000043,2.59%,,,,,,,,,ShowDailyK_ChartFlow,FinMind_API_TaiwanStockPrice_2408,True,2026-09-22T07:17:30,2026-09-22T07:17:30,2026-09-22T07:17:30
2408,南亞科,2025-03-14,43.0,1.3999999999999986,3.37%,,,,,,,,,ShowDailyK_ChartFlow,FinMind_API_TaiwanStockPrice_2408,True,2026-09-22T07:17:30,2026-09-22T07:17:30,2026-09-22T07:17:30
2408,南亞科,2025-03-17,42.45,-0.5499999999999972,-1.28%,,,,,,,,,ShowDailyK_ChartFlow,FinMind_API_TaiwanStockPrice_2408,True,2026-09-22T07:17:30,2026-09-22T07:17:30,2026-09-22T07:17:30
2408,南亞科,2025-03-18,41.35,-1.1000000000000014,-2.59%,,,,,,,,,ShowDailyK_ChartFlow,FinMind_API_TaiwanStockPrice_2408,True,2026-09-22T07:17:30,2026-09-22T07:17:30,2026-09-22T07:17:30
2408,南亞科,2025-03-19,42.25,0.8999999999999986,2.18%,,,,,,,,,ShowDailyK_ChartFlow,FinMind_API_TaiwanStockPrice_2408,True,2026-09-22T07:17:30,2026-09-22T07:17:30,2026-09-22T07:17:30
2408,南亞科,2025-03-20,46.05,3.799999999999997,8.99%,,,,,,,,,ShowDailyK_ChartFlow,FinMind_API_TaiwanStockPrice_2408,True,2026-09-22T07:17:30,2026-09-22T07:17:30,2026-09-22T07:17:30
2408,南亞科,2025-03-21,44.6,-1.4499999999999957,-3.15%,,,,,,,,,ShowDailyK_ChartFlow,FinMind_API_TaiwanStockPrice_2408,True,2026-09-22T07:17:30,2026-09-22T07:17:30,2026-09-22T07:17:30
2408,南亞科,2025-03-24,42.3,-2.3000000000000043,-5.16%,,,,,,,,,ShowDailyK_ChartFlow,FinMind_API_TaiwanStockPrice_2408,True,2026-09-22T07:17:30,2026-09-22T07:17:30,2026-09-22T07:17:30
2408,南亞科,2025-03-25,40.65,-1.6499999999999986,-3.90%,,,,,,,,,ShowDailyK_ChartFlow,FinMind_API_TaiwanStockPrice_2408,True,2026-09-22T07:17:30,2026-09-22T07:17:30,2026-09-22T07:17:30
2408,南亞科,2025-03-26,41.7,1.0500000000000043,2.58%,,,,,,,,,ShowDailyK_ChartFlow,FinMind_API_TaiwanStockPrice_2408,True,2026-09-22T07:17:30,2026-09-22T07:17:30,2026-09-22T07:17:30
2408,南亞科,2025-03-27,42.0,0.29999999999999716,0.72%,,,,,,,,,ShowDailyK_ChartFlow,FinMind_API_TaiwanStockPrice_2408,True,2026-09-22T07:17:30,2026-09-22T07:17:30,2026-09-22T07:17:30
2408,南亞科,2025-03-28,40.3,-1.7000000000000028,-4.05%,,,,,,,,,ShowDailyK_ChartFlow,FinMind_API_TaiwanStockPrice_2408,True,2026-09-22T07:17:30,2026-09-22T07:17:30,2026-09-22T07:17:30
2408,南亞科,2025-03-31,37.4,-2.8999999999999986,-7.20%,,,,,,,,,ShowDailyK_ChartFlow,FinMind_API_TaiwanStockPrice_2408,True,2026-09-22T07:17:30,2026-09-22T07:17:30,2026-09-22T07:17:30
2408,南亞科,2025-04-01,38.3,0.8999999999999986,2.41%,,,,,,,,,ShowDailyK_ChartFlow,FinMind_API_TaiwanStockPrice_2408,True,2026-09-22T07:17:30,2026-09-22T07:17:30,2026-09-22T07:17:30
2408,南亞科,2025-04-02,41.1,2.8000000000000043,7.31%,,,,,,,,,ShowDailyK_ChartFlow,FinMind_API_TaiwanStockPrice_2408,True,2026-09-22T07:17:30,2026-09-22T07:17:30,2026-09-22T07:17:30
2408,南亞科,2025-04-07,37.0,-4.100000000000001,-9.98%,,,,,,,,,ShowDailyK_ChartFlow,FinMind_API_TaiwanStockPrice_2408,True,2026-09-22T07:17:30,2026-09-22T07:17:30,2026-09-22T07:17:30
2408,南亞科,2025-04-08,33.55,-3.450000000000003,-9.32%,,,,,,,,,ShowDailyK_ChartFlow,FinMind_API_TaiwanStockPrice_2408,True,2026-09-22T07:17:30,2026-09-22T07:17:30,2026-09-22T07:17:30
2408,南亞科,2025-04-09,30.2,-3.349999999999998,-9.99%,,,,,,,,,ShowDailyK_ChartFlow,FinMind_API_TaiwanStockPrice_2408,True,2026-09-22T07:17:30,2026-09-22T07:17:30,2026-09-22T07:17:30
2408,南亞科,2025-04-10,33.2,3.0000000000000036,9.93%,,,,,,,,,ShowDailyK_ChartFlow,FinMind_API_TaiwanStockPrice_2408,True,2026-09-22T07:17:30,2026-09-22T07:17:30,2026-09-22T07:17:30
2408,南亞科,2025-04-11,33.0,-0.20000000000000284,-0.60%,,,,,,,,,ShowDailyK_ChartFlow,FinMind_API_TaiwanStockPrice_2408,True,2026-09-22T07:17:30,2026-09-22T07:17:30,2026-09-22T07:17:30
2408,南亞科,2025-04-14,35.2,2.200000000000003,6.67%,,,,,,,,,ShowDailyK_ChartFlow,FinMind_API_TaiwanStockPrice_2408,True,2026-09-22T07:17:30,2026-09-22T07:17:30,2026-09-22T07:17:30
2408,南亞科,2025-04-15,34.55,-0.6500000000000057,-1.85%,,,,,,,,,ShowDailyK_ChartFlow,FinMind_API_TaiwanStockPrice_2408,True,2026-09-22T07:17:30,2026-09-22T07:17:30,2026-09-22T07:17:30
2408,南亞科,2025-04-16,32.75,-1.7999999999999972,-5.21%,,,,,,,,,ShowDailyK_ChartFlow,FinMind_API_TaiwanStockPrice_2408,True,2026-09-22T07:17:30,2026-09-22T07:17:30,2026-09-22T07:17:30
2408,南亞科,2025-04-17,32.1,-0.6499999999999986,-1.98%,,,,,,,,,ShowDailyK_ChartFlow,FinMind_API_TaiwanStockPrice_2408,True,2026-09-22T07:17:30,2026-09-22T07:17:30,2026-09-22T07:17:30
2408,南亞科,2025-04-18,35.3,3.1999999999999957,9.97%,,,,,,,,,ShowDailyK_ChartFlow,FinMind_API_TaiwanStockPrice_2408,True,2026-09-22T07:17:30,2026-09-22T07:17:30,2026-09-22T07:17:30
2408,南亞科,2025-04-21,38.8,3.5,9.92%,,,,,,,,,ShowDailyK_ChartFlow,FinMind_API_TaiwanStockPrice_2408,True,2026-09-22T07:17:30,2026-09-22T07:17:30,2026-09-22T07:17:30
2408,南亞科,2025-04-22,39.35,0.5500000000000043,1.42%,,,,,,,,,ShowDailyK_ChartFlow,FinMind_API_TaiwanStockPrice_2408,True,2026-09-22T07:17:30,2026-09-22T07:17:30,2026-09-22T07:17:30
2408,南亞科,2025-04-23,38.6,-0.75,-1.91%,,,,,,,,,ShowDailyK_ChartFlow,FinMind_API_TaiwanStockPrice_2408,True,2026-09-22T07:17:30,2026-09-22T07:17:30,2026-09-22T07:17:30
2408,南亞科,2025-04-24,37.4,-1.2000000000000028,-3.11%,,,,,,,,,ShowDailyK_ChartFlow,FinMind_API_TaiwanStockPrice_2408,True,2026-09-22T07:17:30,2026-09-22T07:17:30,2026-09-22T07:17:30
2408,南亞科,2025-04-25,37.0,-0.3999999999999986,-1.07%,,,,,,,,,ShowDailyK_ChartFlow,FinMind_API_TaiwanStockPrice_2408,True,2026-09-22T07:17:30,2026-09-22T07:17:30,2026-09-22T07:17:30
2408,南亞科,2025-04-28,37.1,0.10000000000000142,0.27%,,,,,,,,,ShowDailyK_ChartFlow,FinMind_API_TaiwanStockPrice_2408,True,2026-09-22T07:17:30,2026-09-22T07:17:30,2026-09-22T07:17:30
2408,南亞科,2025-04-29,37.2,0.10000000000000142,0.27%,,,,,,,,,ShowDailyK_ChartFlow,FinMind_API_TaiwanStockPrice_2408,True,2026-09-22T07:17:30,2026-09-22T07:17:30,2026-09-22T07:17:30
2408,南亞科,2025-04-30,36.0,-1.2000000000000028,-3.23%,,,,,,,,,ShowDailyK_ChartFlow,FinMind_API_TaiwanStockPrice_2408,True,2026-09-22T07:17:30,2026-09-22T07:17:30,2026-09-22T07:17:30
2408,南亞科,2025-05-02,35.65,-0.3500000000000014,-0.97%,,,,,,,,,ShowDailyK_ChartFlow,FinMind_API_TaiwanStockPrice_2408,True,2026-09-22T07:17:30,2026-09-22T07:17:30,2026-09-22T07:17:30
2408,南亞科,2025-05-05,34.25,-1.3999999999999986,-3.93%,,,,,,,,,ShowDailyK_ChartFlow,FinMind_API_TaiwanStockPrice_2408,True,2026-09-22T07:17:30,2026-09-22T07:17:30,2026-09-22T07:17:30
2408,南亞科,2025-05-06,35.4,1.1499999999999986,3.36%,,,,,,,,,ShowDailyK_ChartFlow,FinMind_API_TaiwanStockPrice_2408,True,2026-09-22T07:17:30,2026-09-22T07:17:30,2026-09-22T07:17:30
2408,南亞科,2025-05-07,34.65,-0.75,-2.12%,,,,,,,,,ShowDailyK_ChartFlow,FinMind_API_TaiwanStockPrice_2408,True,2026-09-22T07:17:30,2026-09-22T07:17:30,2026-09-22T07:17:30
2408,南亞科,2025-05-08,34.95,0.30000000000000426,0.87%,,,,,,,,,ShowDailyK_ChartFlow,FinMind_API_TaiwanStockPrice_2408,True,2026-09-22T07:17:30,2026-09-22T07:17:30,2026-09-22T07:17:30
2408,南亞科,2025-05-09,34.35,-0.6000000000000014,-1.72%,,,,,,,,,ShowDailyK_ChartFlow,FinMind_API_TaiwanStockPrice_2408,True,2026-09-22T07:17:30,2026-09-22T07:17:30,2026-09-22T07:17:30
2408,南亞科,2025-05-12,37.2,2.8500000000000014,8.30%,,,,,,,,,ShowDailyK_ChartFlow,FinMind_API_TaiwanStockPrice_2408,True,2026-09-22T07:17:30,2026-09-22T07:17:30,2026-09-22T07:17:30
2408,南亞科,2025-05-13,40.9,3.6999999999999957,9.95%,,,,,,,,,ShowDailyK_ChartFlow,FinMind_API_TaiwanStockPrice_2408,True,2026-09-22T07:17:30,2026-09-22T07:17:30,2026-09-22T07:17:30
2408,南亞科,2025-05-14,44.95,4.050000000000004,9.90%,,,,,,,,,ShowDailyK_ChartFlow,FinMind_API_TaiwanStockPrice_2408,True,2026-09-22T07:17:30,2026-09-22T07:17:30,2026-09-22T07:17:30
2408,南亞科,2025-05-15,45.3,0.3499999999999943,0.78%,,,,,,,,,ShowDailyK_ChartFlow,FinMind_API_TaiwanStockPrice_2408,True,2026-09-22T07:17:30,2026-09-22T07:17:30,2026-09-22T07:17:30
2408,南亞科,2025-05-16,45.65,0.3500000000000014,0.77%,,,,,,,,,ShowDailyK_ChartFlow,FinMind_API_TaiwanStockPrice_2408,True,2026-09-22T07:17:30,2026-09-22T07:17:30,2026-09-22T07:17:30
2408,南亞科,2025-05-19,43.95,-1.6999999999999957,-3.72%,,,,,,,,,ShowDailyK_ChartFlow,FinMind_API_TaiwanStockPrice_2408,True,2026-09-22T07:17:30,2026-09-22T07:17:30,2026-09-22T07:17:30
2408,南亞科,2025-05-20,45.25,1.2999999999999972,2.96%,,,,,,,,,ShowDailyK_ChartFlow,FinMind_API_TaiwanStockPrice_2408,True,2026-09-22T07:17:30,2026-09-22T07:17:30,2026-09-22T07:17:30
2408,南亞科,2025-05-21,43.65,-1.6000000000000014,-3.54%,,,,,,,,,ShowDailyK_ChartFlow,FinMind_API_TaiwanStockPrice_2408,True,2026-09-22T07:17:30,2026-09-22T07:17:30,2026-09-22T07:17:30
2408,南亞科,2025-05-22,42.85,-0.7999999999999972,-1.83%,,,,,,,,,ShowDailyK_ChartFlow,FinMind_API_TaiwanStockPrice_2408,True,2026-09-22T07:17:30,2026-09-22T07:17:30,2026-09-22T07:17:30
2408,南亞科,2025-05-23,42.55,-0.30000000000000426,-0.70%,,,,,,,,,ShowDailyK_ChartFlow,FinMind_API_TaiwanStockPrice_2408,True,2026-09-22T07:17:30,2026-09-22T07:17:30,2026-09-22T07:17:30
2408,南亞科,2025-05-26,42.8,0.25,0.59%,,,,,,,,,ShowDailyK_ChartFlow,FinMind_API_TaiwanStockPrice_2408,True,2026-09-22T07:17:30,2026-09-22T07:17:30,2026-09-22T07:17:30
2408,南亞科,2025-05-27,41.95,-0.8499999999999943,-1.99%,,,,,,,,,ShowDailyK_ChartFlow,FinMind_API_TaiwanStockPrice_2408,True,2026-09-22T07:17:30,2026-09-22T07:17:30,2026-09-22T07:17:30
2408,南亞科,2025-05-28,41.7,-0.25,-0.60%,,,,,,,,,ShowDailyK_ChartFlow,FinMind_API_TaiwanStockPrice_2408,True,2026-09-22T07:17:30,2026-09-22T07:17:30,2026-09-22T07:17:30
2408,南亞科,2025-05-29,45.55,3.8499999999999943,9.23%,,,,,,,,,ShowDailyK_ChartFlow,FinMind_API_TaiwanStockPrice_2408,True,2026-09-22T07:17:30,2026-09-22T07:17:30,2026-09-22T07:17:30
2408,南亞科,2025-06-02,45.8,0.25,0.55%,,,,,,,,,ShowDailyK_ChartFlow,FinMind_API_TaiwanStockPrice_2408,True,2026-09-22T07:17:30,2026-09-22T07:17:30,2026-09-22T07:17:30
2408,南亞科,2025-06-03,45.85,0.05000000000000426,0.11%,,,,,,,,,ShowDailyK_ChartFlow,FinMind_API_TaiwanStockPrice_2408,True,2026-09-22T07:17:30,2026-09-22T07:17:30,2026-09-22T07:17:30
2408,南亞科,2025-06-04,49.25,3.3999999999999986,7.42%,,,,,,,,,ShowDailyK_ChartFlow,FinMind_API_TaiwanStockPrice_2408,True,2026-09-22T07:17:30,2026-09-22T07:17:30,2026-09-22T07:17:30
2408,南亞科,2025-06-05,52.5,3.25,6.60%,,,,,,,,,ShowDailyK_ChartFlow,FinMind_API_TaiwanStockPrice_2408,True,2026-09-22T07:17:30,2026-09-22T07:17:30,2026-09-22T07:17:30
2408,南亞科,2025-06-06,52.0,-0.5,-0.95%,,,,,,,,,ShowDailyK_ChartFlow,FinMind_API_TaiwanStockPrice_2408,True,2026-09-22T07:17:30,2026-09-22T07:17:30,2026-09-22T07:17:30
2408,南亞科,2025-06-09,51.7,-0.29999999999999716,-0.58%,,,,,,,,,ShowDailyK_ChartFlow,FinMind_API_TaiwanStockPrice_2408,True,2026-09-22T07:17:30,2026-09-22T07:17:30,2026-09-22T07:17:30
2408,南亞科,2025-06-10,54.3,2.5999999999999943,5.03%,,,,,,,,,ShowDailyK_ChartFlow,FinMind_API_TaiwanStockPrice_2408,True,2026-09-22T07:17:30,2026-09-22T07:17:30,2026-09-22T07:17:30
2408,南亞科,2025-06-11,52.7,-1.5999999999999943,-2.95%,,,,,,,,,ShowDailyK_ChartFlow,FinMind_API_TaiwanStockPrice_2408,True,2026-09-22T07:17:30,2026-09-22T07:17:30,2026-09-22T07:17:30
2408,南亞科,2025-06-12,54.1,1.3999999999999986,2.66%,,,,,,,,,ShowDailyK_ChartFlow,FinMind_API_TaiwanStockPrice_2408,True,2026-09-22T07:17:30,2026-09-22T07:17:30,2026-09-22T07:17:30
2408,南亞科,2025-06-13,53.5,-0.6000000000000014,-1.11%,,,,,,,,,ShowDailyK_ChartFlow,FinMind_API_TaiwanStockPrice_2408,True,2026-09-22T07:17:30,2026-09-22T07:17:30,2026-09-22T07:17:30
2408,南亞科,2025-06-16,52.9,-0.6000000000000014,-1.12%,,,,,,,,,ShowDailyK_ChartFlow,FinMind_API_TaiwanStockPrice_2408,True,2026-09-22T07:17:30,2026-09-22T07:17:30,2026-09-22T07:17:30
2408,南亞科,2025-06-17,53.8,0.8999999999999986,1.70%,,,,,,,,,ShowDailyK_ChartFlow,FinMind_API_TaiwanStockPrice_2408,True,2026-09-22T07:17:30,2026-09-22T07:17:30,2026-09-22T07:17:30
2408,南亞科,2025-06-18,59.1,5.300000000000004,9.85%,,,,,,,,,ShowDailyK_ChartFlow,FinMind_API_TaiwanStockPrice_2408,True,2026-09-22T07:17:30,2026-09-22T07:17:30,2026-09-22T07:17:30
2408,南亞科,2025-06-19,60.4,1.2999999999999972,2.20%,,,,,,,,,ShowDailyK_ChartFlow,FinMind_API_TaiwanStockPrice_2408,True,2026-09-22T07:17:30,2026-09-22T07:17:30,2026-09-22T07:17:30
2408,南亞科,2025-06-20,58.9,-1.5,-2.48%,,,,,,,,,ShowDailyK_ChartFlow,FinMind_API_TaiwanStockPrice_2408,True,2026-09-22T07:17:30,2026-09-22T07:17:30,2026-09-22T07:17:30
2408,南亞科,2025-06-23,58.4,-0.5,-0.85%,,,,,,,,,ShowDailyK_ChartFlow,FinMind_API_TaiwanStockPrice_2408,True,2026-09-22T07:17:30,2026-09-22T07:17:30,2026-09-22T07:17:30
2408,南亞科,2025-06-24,56.7,-1.6999999999999957,-2.91%,,,,,,,,,ShowDailyK_ChartFlow,FinMind_API_TaiwanStockPrice_2408,True,2026-09-22T07:17:30,2026-09-22T07:17:30,2026-09-22T07:17:30
2408,南亞科,2025-06-25,55.0,-1.7000000000000028,-3.00%,,,,,,,,,ShowDailyK_ChartFlow,FinMind_API_TaiwanStockPrice_2408,True,2026-09-22T07:17:30,2026-09-22T07:17:30,2026-09-22T07:17:30
2408,南亞科,2025-06-26,53.9,-1.1000000000000014,-2.00%,,,,,,,,,ShowDailyK_ChartFlow,FinMind_API_TaiwanStockPrice_2408,True,2026-09-22T07:17:30,2026-09-22T07:17:30,2026-09-22T07:17:30
2408,南亞科,2025-06-27,53.1,-0.7999999999999972,-1.48%,,,,,,,,,ShowDailyK_ChartFlow,FinMind_API_TaiwanStockPrice_2408,True,2026-09-22T07:17:30,2026-09-22T07:17:30,2026-09-22T07:17:30
2408,南亞科,2025-06-30,51.2,-1.8999999999999986,-3.58%,,,,,,,,,ShowDailyK_ChartFlow,FinMind_API_TaiwanStockPrice_2408,True,2026-09-22T07:17:30,2026-09-22T07:17:30,2026-09-22T07:17:30
2408,南亞科,2025-07-01,49.5,-1.7000000000000028,-3.32%,,,,,,,,,ShowDailyK_ChartFlow,FinMind_API_TaiwanStockPrice_2408,True,2026-09-22T07:17:30,2026-09-22T07:17:30,2026-09-22T07:17:30
2408,南亞科,2025-07-02,49.45,-0.04999999999999716,-0.10%,,,,,,,,,ShowDailyK_ChartFlow,FinMind_API_TaiwanStockPrice_2408,True,2026-09-22T07:17:30,2026-09-22T07:17:30,2026-09-22T07:17:30
2408,南亞科,2025-07-03,50.6,1.1499999999999986,2.33%,,,,,,,,,ShowDailyK_ChartFlow,FinMind_API_TaiwanStockPrice_2408,True,2026-09-22T07:17:30,2026-09-22T07:17:30,2026-09-22T07:17:30
2408,南亞科,2025-07-04,48.45,-2.1499999999999986,-4.25%,,,,,,,,,ShowDailyK_ChartFlow,FinMind_API_TaiwanStockPrice_2408,True,2026-09-22T07:17:30,2026-09-22T07:17:30,2026-09-22T07:17:30
2408,南亞科,2025-07-07,48.9,0.44999999999999574,0.93%,,,,,,,,,ShowDailyK_ChartFlow,FinMind_API_TaiwanStockPrice_2408,True,2026-09-22T07:17:30,2026-09-22T07:17:30,2026-09-22T07:17:30
2408,南亞科,2025-07-08,48.5,-0.3999999999999986,-0.82%,,,,,,,,,ShowDailyK_ChartFlow,FinMind_API_TaiwanStockPrice_2408,True,2026-09-22T07:17:30,2026-09-22T07:17:30,2026-09-22T07:17:30
2408,南亞科,2025-07-09,48.4,-0.10000000000000142,-0.21%,,,,,,,,,ShowDailyK_ChartFlow,FinMind_API_TaiwanStockPrice_2408,True,2026-09-22T07:17:30,2026-09-22T07:17:30,2026-09-22T07:17:30
2408,南亞科,2025-07-10,47.15,-1.25,-2.58%,,,,,,,,,ShowDailyK_ChartFlow,FinMind_API_TaiwanStockPrice_2408,True,2026-09-22T07:17:30,2026-09-22T07:17:30,2026-09-22T07:17:30
2408,南亞科,2025-07-11,42.95,-4.199999999999996,-8.91%,,,,,,,,,ShowDailyK_ChartFlow,FinMind_API_TaiwanStockPrice_2408,True,2026-09-22T07:17:30,2026-09-22T07:17:30,2026-09-22T07:17:30
2408,南亞科,2025-07-14,43.4,0.44999999999999574,1.05%,,,,,,,,,ShowDailyK_ChartFlow,FinMind_API_TaiwanStockPrice_2408,True,2026-09-22T07:17:30,2026-09-22T07:17:30,2026-09-22T07:17:30
2408,南亞科,2025-07-15,41.75,-1.6499999999999986,-3.80%,,,,,,,,,ShowDailyK_ChartFlow,FinMind_API_TaiwanStockPrice_2408,True,2026-09-22T07:17:30,2026-09-22T07:17:30,2026-09-22T07:17:30
2408,南亞科,2025-07-16,41.4,-0.3500000000000014,-0.84%,,,,,,,,,ShowDailyK_ChartFlow,FinMind_API_TaiwanStockPrice_2408,True,2026-09-22T07:17:30,2026-09-22T07:17:30,2026-09-22T07:17:30
2408,南亞科,2025-07-17,43.1,1.7000000000000028,4.11%,,,,,,,,,ShowDailyK_ChartFlow,FinMind_API_TaiwanStockPrice_2408,True,2026-09-22T07:17:30,2026-09-22T07:17:30,2026-09-22T07:17:30
2408,南亞科,2025-07-18,42.25,-0.8500000000000014,-1.97%,,,,,,,,,ShowDailyK_ChartFlow,FinMind_API_TaiwanStockPrice_2408,True,2026-09-22T07:17:30,2026-09-22T07:17:30,2026-09-22T07:17:30
2408,南亞科,2025-07-21,41.95,-0.29999999999999716,-0.71%,,,,,,,,,ShowDailyK_ChartFlow,FinMind_API_TaiwanStockPrice_2408,True,2026-09-22T07:17:30,2026-09-22T07:17:30,2026-09-22T07:17:30
2408,南亞科,2025-07-22,40.55,-1.4000000000000057,-3.34%,,,,,,,,,ShowDailyK_ChartFlow,FinMind_API_TaiwanStockPrice_2408,True,2026-09-22T07:17:30,2026-09-22T07:17:30,2026-09-22T07:17:30
2408,南亞科,2025-07-23,43.05,2.5,6.17%,,,,,,,,,ShowDailyK_ChartFlow,FinMind_API_TaiwanStockPrice_2408,True,2026-09-22T07:17:30,2026-09-22T07:17:30,2026-09-22T07:17:30
2408,南亞科,2025-07-24,43.0,-0.04999999999999716,-0.12%,,,,,,,,,ShowDailyK_ChartFlow,FinMind_API_TaiwanStockPrice_2408,True,2026-09-22T07:17:30,2026-09-22T07:17:30,2026-09-22T07:17:30
2408,南亞科,2025-07-25,43.25,0.25,0.58%,,,,,,,,,ShowDailyK_ChartFlow,FinMind_API_TaiwanStockPrice_2408,True,2026-09-22T07:17:30,2026-09-22T07:17:30,2026-09-22T07:17:30
2408,南亞科,2025-07-28,43.3,0.04999999999999716,0.12%,,,,,,,,,ShowDailyK_ChartFlow,FinMind_API_TaiwanStockPrice_2408,True,2026-09-22T07:17:30,2026-09-22T07:17:30,2026-09-22T07:17:30
2408,南亞科,2025-07-29,42.2,-1.0999999999999943,-2.54%,,,,,,,,,ShowDailyK_ChartFlow,FinMind_API_TaiwanStockPrice_2408,True,2026-09-22T07:17:30,2026-09-22T07:17:30,2026-09-22T07:17:30
2408,南亞科,2025-07-30,44.9,2.6999999999999957,6.40%,,,,,,,,,ShowDailyK_ChartFlow,FinMind_API_TaiwanStockPrice_2408,True,2026-09-22T07:17:30,2026-09-22T07:17:30,2026-09-22T07:17:30
2408,南亞科,2025-07-31,44.55,-0.3500000000000014,-0.78%,,,,,,,,,ShowDailyK_ChartFlow,FinMind_API_TaiwanStockPrice_2408,True,2026-09-22T07:17:30,2026-09-22T07:17:30,2026-09-22T07:17:30
2408,南亞科,2025-08-01,44.45,-0.09999999999999432,-0.22%,,,,,,,,,ShowDailyK_ChartFlow,FinMind_API_TaiwanStockPrice_2408,True,2026-09-22T07:17:30,2026-09-22T07:17:30,2026-09-22T07:17:30
2408,南亞科,2025-08-04,43.75,-0.7000000000000028,-1.57%,,,,,,,,,ShowDailyK_ChartFlow,FinMind_API_TaiwanStockPrice_2408,True,2026-09-22T07:17:30,2026-09-22T07:17:30,2026-09-22T07:17:30
2408,南亞科,2025-08-05,44.4,0.6499999999999986,1.49%,,,,,,,,,ShowDailyK_ChartFlow,FinMind_API_TaiwanStockPrice_2408,True,2026-09-22T07:17:30,2026-09-22T07:17:30,2026-09-22T07:17:30
2408,南亞科,2025-08-06,43.35,-1.0499999999999972,-2.36%,,,,,,,,,ShowDailyK_ChartFlow,FinMind_API_TaiwanStockPrice_2408,True,2026-09-22T07:17:30,2026-09-22T07:17:30,2026-09-22T07:17:30
2408,南亞科,2025-08-07,42.2,-1.1499999999999986,-2.65%,,,,,,,,,ShowDailyK_ChartFlow,FinMind_API_TaiwanStockPrice_2408,True,2026-09-22T07:17:30,2026-09-22T07:17:30,2026-09-22T07:17:30
2408,南亞科,2025-08-08,43.95,1.75,4.15%,,,,,,,,,ShowDailyK_ChartFlow,FinMind_API_TaiwanStockPrice_2408,True,2026-09-22T07:17:30,2026-09-22T07:17:30,2026-09-22T07:17:30
2408,南亞科,2025-08-11,43.8,-0.15000000000000568,-0.34%,,,,,,,,,ShowDailyK_ChartFlow,FinMind_API_TaiwanStockPrice_2408,True,2026-09-22T07:17:30,2026-09-22T07:17:30,2026-09-22T07:17:30
2408,南亞科,2025-08-12,47.45,3.6500000000000057,8.33%,,,,,,,,,ShowDailyK_ChartFlow,FinMind_API_TaiwanStockPrice_2408,True,2026-09-22T07:17:30,2026-09-22T07:17:30,2026-09-22T07:17:30
2408,南亞科,2025-08-13,46.05,-1.4000000000000057,-2.95%,,,,,,,,,ShowDailyK_ChartFlow,FinMind_API_TaiwanStockPrice_2408,True,2026-09-22T07:17:30,2026-09-22T07:17:30,2026-09-22T07:17:30
2408,南亞科,2025-08-14,46.35,0.30000000000000426,0.65%,,,,,,,,,ShowDailyK_ChartFlow,FinMind_API_TaiwanStockPrice_2408,True,2026-09-22T07:17:30,2026-09-22T07:17:30,2026-09-22T07:17:30
2408,南亞科,2025-08-15,48.0,1.6499999999999986,3.56%,,,,,,,,,ShowDailyK_ChartFlow,FinMind_API_TaiwanStockPrice_2408,True,2026-09-22T07:17:30,2026-09-22T07:17:30,2026-09-22T07:17:30
2408,南亞科,2025-08-18,47.35,-0.6499999999999986,-1.35%,,,,,,,,,ShowDailyK_ChartFlow,FinMind_API_TaiwanStockPrice_2408,True,2026-09-22T07:17:30,2026-09-22T07:17:30,2026-09-22T07:17:30
2408,南亞科,2025-08-19,45.75,-1.6000000000000014,-3.38%,,,,,,,,,ShowDailyK_ChartFlow,FinMind_API_TaiwanStockPrice_2408,True,2026-09-22T07:17:30,2026-09-22T07:17:30,2026-09-22T07:17:30
2408,南亞科,2025-08-20,44.55,-1.2000000000000028,-2.62%,,,,,,,,,ShowDailyK_ChartFlow,FinMind_API_TaiwanStockPrice_2408,True,2026-09-22T07:17:30,2026-09-22T07:17:30,2026-09-22T07:17:30
2408,南亞科,2025-08-21,46.45,1.9000000000000057,4.26%,,,,,,,,,ShowDailyK_ChartFlow,FinMind_API_TaiwanStockPrice_2408,True,2026-09-22T07:17:30,2026-09-22T07:17:30,2026-09-22T07:17:30
2408,南亞科,2025-08-22,45.35,-1.1000000000000014,-2.37%,,,,,,,,,ShowDailyK_ChartFlow,FinMind_API_TaiwanStockPrice_2408,True,2026-09-22T07:17:30,2026-09-22T07:17:30,2026-09-22T07:17:30
2408,南亞科,2025-08-25,46.95,1.6000000000000014,3.53%,,,,,,,,,ShowDailyK_ChartFlow,FinMind_API_TaiwanStockPrice_2408,True,2026-09-22T07:17:30,2026-09-22T07:17:30,2026-09-22T07:17:30
2408,南亞科,2025-08-26,47.45,0.5,1.06%,,,,,,,,,ShowDailyK_ChartFlow,FinMind_API_TaiwanStockPrice_2408,True,2026-09-22T07:17:30,2026-09-22T07:17:30,2026-09-22T07:17:30
2408,南亞科,2025-08-27,47.8,0.3499999999999943,0.74%,,,,,,,,,ShowDailyK_ChartFlow,FinMind_API_TaiwanStockPrice_2408,True,2026-09-22T07:17:30,2026-09-22T07:17:30,2026-09-22T07:17:30
2408,南亞科,2025-08-28,46.65,-1.1499999999999986,-2.41%,,,,,,,,,ShowDailyK_ChartFlow,FinMind_API_TaiwanStockPrice_2408,True,2026-09-22T07:17:30,2026-09-22T07:17:30,2026-09-22T07:17:30
2408,南亞科,2025-08-29,47.0,0.3500000000000014,0.75%,,,,,,,,,ShowDailyK_ChartFlow,FinMind_API_TaiwanStockPrice_2408,True,2026-09-22T07:17:30,2026-09-22T07:17:30,2026-09-22T07:17:30
2408,南亞科,2025-09-01,46.75,-0.25,-0.53%,,,,,,,,,ShowDailyK_ChartFlow,FinMind_API_TaiwanStockPrice_2408,True,2026-09-22T07:17:30,2026-09-22T07:17:30,2026-09-22T07:17:30
2408,南亞科,2025-09-02,45.65,-1.1000000000000014,-2.35%,,,,,,,,,ShowDailyK_ChartFlow,FinMind_API_TaiwanStockPrice_2408,True,2026-09-22T07:17:30,2026-09-22T07:17:30,2026-09-22T07:17:30
2408,南亞科,2025-09-03,46.35,0.7000000000000028,1.53%,,,,,,,,,ShowDailyK_ChartFlow,FinMind_API_TaiwanStockPrice_2408,True,2026-09-22T07:17:30,2026-09-22T07:17:30,2026-09-22T07:17:30
2408,南亞科,2025-09-04,48.2,1.8500000000000014,3.99%,,,,,,,,,ShowDailyK_ChartFlow,FinMind_API_TaiwanStockPrice_2408,True,2026-09-22T07:17:30,2026-09-22T07:17:30,2026-09-22T07:17:30
2408,南亞科,2025-09-05,53.0,4.799999999999997,9.96%,,,,,,,,,ShowDailyK_ChartFlow,FinMind_API_TaiwanStockPrice_2408,True,2026-09-22T07:17:30,2026-09-22T07:17:30,2026-09-22T07:17:30
2408,南亞科,2025-09-08,53.5,0.5,0.94%,,,,,,,,,ShowDailyK_ChartFlow,FinMind_API_TaiwanStockPrice_2408,True,2026-09-22T07:17:30,2026-09-22T07:17:30,2026-09-22T07:17:30
2408,南亞科,2025-09-09,53.9,0.3999999999999986,0.75%,,,,,,,,,ShowDailyK_ChartFlow,FinMind_API_TaiwanStockPrice_2408,True,2026-09-22T07:17:30,2026-09-22T07:17:30,2026-09-22T07:17:30
2408,南亞科,2025-09-10,54.4,0.5,0.93%,,,,,,,,,ShowDailyK_ChartFlow,FinMind_API_TaiwanStockPrice_2408,True,2026-09-22T07:17:30,2026-09-22T07:17:30,2026-09-22T07:17:30
2408,南亞科,2025-09-11,56.5,2.1000000000000014,3.86%,,,,,,,,,ShowDailyK_ChartFlow,FinMind_API_TaiwanStockPrice_2408,True,2026-09-22T07:17:30,2026-09-22T07:17:30,2026-09-22T07:17:30
2408,南亞科,2025-09-12,57.4,0.8999999999999986,1.59%,,,,,,,,,ShowDailyK_ChartFlow,FinMind_API_TaiwanStockPrice_2408,True,2026-09-22T07:17:30,2026-09-22T07:17:30,2026-09-22T07:17:30
2408,南亞科,2025-09-15,63.1,5.700000000000003,9.93%,,,,,,,,,ShowDailyK_ChartFlow,FinMind_API_TaiwanStockPrice_2408,True,2026-09-22T07:17:30,2026-09-22T07:17:30,2026-09-22T07:17:30
2408,南亞科,2025-09-16,69.2,6.100000000000001,9.67%,,,,,,,,,ShowDailyK_ChartFlow,FinMind_API_TaiwanStockPrice_2408,True,2026-09-22T07:17:30,2026-09-22T07:17:30,2026-09-22T07:17:30
2408,南亞科,2025-09-17,73.3,4.099999999999994,5.92%,,,,,,,,,ShowDailyK_ChartFlow,FinMind_API_TaiwanStockPrice_2408,True,2026-09-22T07:17:30,2026-09-22T07:17:30,2026-09-22T07:17:30
2408,南亞科,2025-09-18,80.0,6.700000000000003,9.14%,,,,,,,,,ShowDailyK_ChartFlow,FinMind_API_TaiwanStockPrice_2408,True,2026-09-22T07:17:30,2026-09-22T07:17:30,2026-09-22T07:17:30
2408,南亞科,2025-09-19,79.2,-0.7999999999999972,-1.00%,,,,,,,,,ShowDailyK_ChartFlow,FinMind_API_TaiwanStockPrice_2408,True,2026-09-22T07:17:30,2026-09-22T07:17:30,2026-09-22T07:17:30
2408,南亞科,2025-09-22,80.8,1.5999999999999943,2.02%,,,,,,,,,ShowDailyK_ChartFlow,FinMind_API_TaiwanStockPrice_2408,True,2026-09-22T07:17:30,2026-09-22T07:17:30,2026-09-22T07:17:30
2408,南亞科,2025-09-23,81.0,0.20000000000000284,0.25%,,,,,,,,,ShowDailyK_ChartFlow,FinMind_API_TaiwanStockPrice_2408,True,2026-09-22T07:17:30,2026-09-22T07:17:30,2026-09-22T07:17:30
2408,南亞科,2025-09-24,76.0,-5.0,-6.17%,,,,,,,,,ShowDailyK_ChartFlow,FinMind_API_TaiwanStockPrice_2408,True,2026-09-22T07:17:30,2026-09-22T07:17:30,2026-09-22T07:17:30
2408,南亞科,2025-09-25,76.6,0.5999999999999943,0.79%,,,,,,,,,ShowDailyK_ChartFlow,FinMind_API_TaiwanStockPrice_2408,True,2026-09-22T07:17:30,2026-09-22T07:17:30,2026-09-22T07:17:30
2408,南亞科,2025-09-26,71.0,-5.599999999999994,-7.31%,,,,,,,,,ShowDailyK_ChartFlow,FinMind_API_TaiwanStockPrice_2408,True,2026-09-22T07:17:30,2026-09-22T07:17:30,2026-09-22T07:17:30
2408,南亞科,2025-09-30,73.0,2.0,2.82%,,,,,,,,,ShowDailyK_ChartFlow,FinMind_API_TaiwanStockPrice_2408,True,2026-09-22T07:17:30,2026-09-22T07:17:30,2026-09-22T07:17:30
2408,南亞科,2025-10-01,76.2,3.200000000000003,4.38%,,,,,,,,,ShowDailyK_ChartFlow,FinMind_API_TaiwanStockPrice_2408,True,2026-09-22T07:17:30,2026-09-22T07:17:30,2026-09-22T07:17:30
2408,南亞科,2025-10-02,79.7,3.5,4.59%,,,,,,,,,ShowDailyK_ChartFlow,FinMind_API_TaiwanStockPrice_2408,True,2026-09-22T07:17:30,2026-09-22T07:17:30,2026-09-22T07:17:30
2408,南亞科,2025-10-03,83.0,3.299999999999997,4.14%,,,,,,,,,ShowDailyK_ChartFlow,FinMind_API_TaiwanStockPrice_2408,True,2026-09-22T07:17:30,2026-09-22T07:17:30,2026-09-22T07:17:30
2408,南亞科,2025-10-07,91.2,8.200000000000003,9.88%,,,,,,,,,ShowDailyK_ChartFlow,FinMind_API_TaiwanStockPrice_2408,True,2026-09-22T07:17:30,2026-09-22T07:17:30,2026-09-22T07:17:30
2408,南亞科,2025-10-08,90.8,-0.4000000000000057,-0.44%,,,,,,,,,ShowDailyK_ChartFlow,FinMind_API_TaiwanStockPrice_2408,True,2026-09-22T07:17:30,2026-09-22T07:17:30,2026-09-22T07:17:30
2408,南亞科,2025-10-09,98.5,7.700000000000003,8.48%,,,,,,,,,ShowDailyK_ChartFlow,FinMind_API_TaiwanStockPrice_2408,True,2026-09-22T07:17:30,2026-09-22T07:17:30,2026-09-22T07:17:30
2408,南亞科,2025-10-13,95.6,-2.9000000000000057,-2.94%,,,,,,,,,ShowDailyK_ChartFlow,FinMind_API_TaiwanStockPrice_2408,True,2026-09-22T07:17:30,2026-09-22T07:17:30,2026-09-22T07:17:30
2408,南亞科,2025-10-14,89.1,-6.5,-6.80%,,,,,,,,,ShowDailyK_ChartFlow,FinMind_API_TaiwanStockPrice_2408,True,2026-09-22T07:17:30,2026-09-22T07:17:30,2026-09-22T07:17:30
2408,南亞科,2025-10-15,86.3,-2.799999999999997,-3.14%,,,,,,,,,ShowDailyK_ChartFlow,FinMind_API_TaiwanStockPrice_2408,True,2026-09-22T07:17:30,2026-09-22T07:17:30,2026-09-22T07:17:30
2408,南亞科,2025-10-16,94.9,8.600000000000009,9.97%,,,,,,,,,ShowDailyK_ChartFlow,FinMind_API_TaiwanStockPrice_2408,True,2026-09-22T07:17:30,2026-09-22T07:17:30,2026-09-22T07:17:30
2408,南亞科,2025-10-17,104.0,9.099999999999994,9.59%,,,,,,,,,ShowDailyK_ChartFlow,FinMind_API_TaiwanStockPrice_2408,True,2026-09-22T07:17:30,2026-09-22T07:17:30,2026-09-22T07:17:30
2408,南亞科,2025-10-20,107.0,3.0,2.88%,,,,,,,,,ShowDailyK_ChartFlow,FinMind_API_TaiwanStockPrice_2408,True,2026-09-22T07:17:30,2026-09-22T07:17:30,2026-09-22T07:17:30
2408,南亞科,2025-10-21,105.5,-1.5,-1.40%,,,,,,,,,ShowDailyK_ChartFlow,FinMind_API_TaiwanStockPrice_2408,True,2026-09-22T07:17:30,2026-09-22T07:17:30,2026-09-22T07:17:30
2408,南亞科,2025-10-22,110.0,4.5,4.27%,,,,,,,,,ShowDailyK_ChartFlow,FinMind_API_TaiwanStockPrice_2408,True,2026-09-22T07:17:30,2026-09-22T07:17:30,2026-09-22T07:17:30
2408,南亞科,2025-10-23,109.5,-0.5,-0.45%,,,,,,,,,ShowDailyK_ChartFlow,FinMind_API_TaiwanStockPrice_2408,True,2026-09-22T07:17:30,2026-09-22T07:17:30,2026-09-22T07:17:30
2408,南亞科,2025-10-27,120.0,10.5,9.59%,,,,,,,,,ShowDailyK_ChartFlow,FinMind_API_TaiwanStockPrice_2408,True,2026-09-22T07:17:30,2026-09-22T07:17:30,2026-09-22T07:17:30
2408,南亞科,2025-10-28,130.0,10.0,8.33%,,,,,,,,,ShowDailyK_ChartFlow,FinMind_API_TaiwanStockPrice_2408,True,2026-09-22T07:17:30,2026-09-22T07:17:30,2026-09-22T07:17:30
2408,南亞科,2025-10-29,133.0,3.0,2.31%,,,,,,,,,ShowDailyK_ChartFlow,FinMind_API_TaiwanStockPrice_2408,True,2026-09-22T07:17:30,2026-09-22T07:17:30,2026-09-22T07:17:30
2408,南亞科,2025-10-30,134.5,1.5,1.13%,,,,,,,,,ShowDailyK_ChartFlow,FinMind_API_TaiwanStockPrice_2408,True,2026-09-22T07:17:30,2026-09-22T07:17:30,2026-09-22T07:17:30
2408,南亞科,2025-10-31,132.5,-2.0,-1.49%,,,,,,,,,ShowDailyK_ChartFlow,FinMind_API_TaiwanStockPrice_2408,True,2026-09-22T07:17:30,2026-09-22T07:17:30,2026-09-22T07:17:30
2408,南亞科,2025-11-03,137.0,4.5,3.40%,,,,,,,,,ShowDailyK_ChartFlow,FinMind_API_TaiwanStockPrice_2408,True,2026-09-22T07:17:30,2026-09-22T07:17:30,2026-09-22T07:17:30
2408,南亞科,2025-11-04,131.5,-5.5,-4.01%,,,,,,,,,ShowDailyK_ChartFlow,FinMind_API_TaiwanStockPrice_2408,True,2026-09-22T07:17:30,2026-09-22T07:17:30,2026-09-22T07:17:30
2408,南亞科,2025-11-05,138.0,6.5,4.94%,,,,,,,,,ShowDailyK_ChartFlow,FinMind_API_TaiwanStockPrice_2408,True,2026-09-22T07:17:30,2026-09-22T07:17:30,2026-09-22T07:17:30
2408,南亞科,2025-11-06,148.0,10.0,7.25%,,,,,,,,,ShowDailyK_ChartFlow,FinMind_API_TaiwanStockPrice_2408,True,2026-09-22T07:17:30,2026-09-22T07:17:30,2026-09-22T07:17:30
2408,南亞科,2025-11-07,147.0,-1.0,-0.68%,,,,,,,,,ShowDailyK_ChartFlow,FinMind_API_TaiwanStockPrice_2408,True,2026-09-22T07:17:30,2026-09-22T07:17:30,2026-09-22T07:17:30
2408,南亞科,2025-11-10,161.5,14.5,9.86%,,,,,,,,,ShowDailyK_ChartFlow,FinMind_API_TaiwanStockPrice_2408,True,2026-09-22T07:17:30,2026-09-22T07:17:30,2026-09-22T07:17:30
2408,南亞科,2025-11-11,164.5,3.0,1.86%,,,,,,,,,ShowDailyK_ChartFlow,FinMind_API_TaiwanStockPrice_2408,True,2026-09-22T07:17:30,2026-09-22T07:17:30,2026-09-22T07:17:30
2408,南亞科,2025-11-12,163.0,-1.5,-0.91%,,,,,,,,,ShowDailyK_ChartFlow,FinMind_API_TaiwanStockPrice_2408,True,2026-09-22T07:17:30,2026-09-22T07:17:30,2026-09-22T07:17:30
2408,南亞科,2025-11-13,163.5,0.5,0.31%,,,,,,,,,ShowDailyK_ChartFlow,FinMind_API_TaiwanStockPrice_2408,True,2026-09-22T07:17:30,2026-09-22T07:17:30,2026-09-22T07:17:30
2408,南亞科,2025-11-14,158.5,-5.0,-3.06%,,,,,,,,,ShowDailyK_ChartFlow,FinMind_API_TaiwanStockPrice_2408,True,2026-09-22T07:17:30,2026-09-22T07:17:30,2026-09-22T07:17:30
2408,南亞科,2025-11-17,166.5,8.0,5.05%,,,,,,,,,ShowDailyK_ChartFlow,FinMind_API_TaiwanStockPrice_2408,True,2026-09-22T07:17:30,2026-09-22T07:17:30,2026-09-22T07:17:30
2408,南亞科,2025-11-18,160.5,-6.0,-3.60%,,,,,,,,,ShowDailyK_ChartFlow,FinMind_API_TaiwanStockPrice_2408,True,2026-09-22T07:17:30,2026-09-22T07:17:30,2026-09-22T07:17:30
2408,南亞科,2025-11-19,160.0,-0.5,-0.31%,,,,,,,,,ShowDailyK_ChartFlow,FinMind_API_TaiwanStockPrice_2408,True,2026-09-22T07:17:30,2026-09-22T07:17:30,2026-09-22T07:17:30
2408,南亞科,2025-11-20,155.5,-4.5,-2.81%,,,,,,,,,ShowDailyK_ChartFlow,FinMind_API_TaiwanStockPrice_2408,True,2026-09-22T07:17:30,2026-09-22T07:17:30,2026-09-22T07:17:30
2408,南亞科,2025-11-21,140.0,-15.5,-9.97%,,,,,,,,,ShowDailyK_ChartFlow,FinMind_API_TaiwanStockPrice_2408,True,2026-09-22T07:17:30,2026-09-22T07:17:30,2026-09-22T07:17:30
2408,南亞科,2025-11-24,143.0,3.0,2.14%,,,,,,,,,ShowDailyK_ChartFlow,FinMind_API_TaiwanStockPrice_2408,True,2026-09-22T07:17:30,2026-09-22T07:17:30,2026-09-22T07:17:30
2408,南亞科,2025-11-25,143.5,0.5,0.35%,,,,,,,,,ShowDailyK_ChartFlow,FinMind_API_TaiwanStockPrice_2408,True,2026-09-22T07:17:30,2026-09-22T07:17:30,2026-09-22T07:17:30
2408,南亞科,2025-11-26,136.5,-7.0,-4.88%,,,,,,,,,ShowDailyK_ChartFlow,FinMind_API_TaiwanStockPrice_2408,True,2026-09-22T07:17:30,2026-09-22T07:17:30,2026-09-22T07:17:30
2408,南亞科,2025-11-27,146.0,9.5,6.96%,,,,,,,,,ShowDailyK_ChartFlow,FinMind_API_TaiwanStockPrice_2408,True,2026-09-22T07:17:30,2026-09-22T07:17:30,2026-09-22T07:17:30
2408,南亞科,2025-11-28,146.0,0.0,0.00%,,,,,,,,,ShowDailyK_ChartFlow,FinMind_API_TaiwanStockPrice_2408,True,2026-09-22T07:17:30,2026-09-22T07:17:30,2026-09-22T07:17:30
2408,南亞科,2025-12-01,149.5,3.5,2.40%,,,,,,,,,ShowDailyK_ChartFlow,FinMind_API_TaiwanStockPrice_2408,True,2026-09-22T07:17:30,2026-09-22T07:17:30,2026-09-22T07:17:30
2408,南亞科,2025-12-02,149.5,0.0,0.00%,,,,,,,,,ShowDailyK_ChartFlow,FinMind_API_TaiwanStockPrice_2408,True,2026-09-22T07:17:30,2026-09-22T07:17:30,2026-09-22T07:17:30
2408,南亞科,2025-12-03,151.0,1.5,1.00%,,,,,,,,,ShowDailyK_ChartFlow,FinMind_API_TaiwanStockPrice_2408,True,2026-09-22T07:17:30,2026-09-22T07:17:30,2026-09-22T07:17:30
2408,南亞科,2025-12-04,151.0,0.0,0.00%,,,,,,,,,ShowDailyK_ChartFlow,FinMind_API_TaiwanStockPrice_2408,True,2026-09-22T07:17:30,2026-09-22T07:17:30,2026-09-22T07:17:30
2408,南亞科,2025-12-05,153.0,2.0,1.32%,,,,,,,,,ShowDailyK_ChartFlow,FinMind_API_TaiwanStockPrice_2408,True,2026-09-22T07:17:30,2026-09-22T07:17:30,2026-09-22T07:17:30
2408,南亞科,2025-12-08,163.5,10.5,6.86%,,,,,,,,,ShowDailyK_ChartFlow,FinMind_API_TaiwanStockPrice_2408,True,2026-09-22T07:17:30,2026-09-22T07:17:30,2026-09-22T07:17:30
2408,南亞科,2025-12-09,162.0,-1.5,-0.92%,,,,,,,,,ShowDailyK_ChartFlow,FinMind_API_TaiwanStockPrice_2408,True,2026-09-22T07:17:30,2026-09-22T07:17:30,2026-09-22T07:17:30
2408,南亞科,2025-12-10,156.0,-6.0,-3.70%,,,,,,,,,ShowDailyK_ChartFlow,FinMind_API_TaiwanStockPrice_2408,True,2026-09-22T07:17:30,2026-09-22T07:17:30,2026-09-22T07:17:30
2408,南亞科,2025-12-11,156.0,0.0,0.00%,,,,,,,,,ShowDailyK_ChartFlow,FinMind_API_TaiwanStockPrice_2408,True,2026-09-22T07:17:30,2026-09-22T07:17:30,2026-09-22T07:17:30
2408,南亞科,2025-12-12,162.0,6.0,3.85%,,,,,,,,,ShowDailyK_ChartFlow,FinMind_API_TaiwanStockPrice_2408,True,2026-09-22T07:17:30,2026-09-22T07:17:30,2026-09-22T07:17:30
2408,南亞科,2025-12-15,162.5,0.5,0.31%,,,,,,,,,ShowDailyK_ChartFlow,FinMind_API_TaiwanStockPrice_2408,True,2026-09-22T07:17:30,2026-09-22T07:17:30,2026-09-22T07:17:30
2408,南亞科,2025-12-16,158.0,-4.5,-2.77%,,,,,,,,,ShowDailyK_ChartFlow,FinMind_API_TaiwanStockPrice_2408,True,2026-09-22T07:17:30,2026-09-22T07:17:30,2026-09-22T07:17:30
2408,南亞科,2025-12-17,164.5,6.5,4.11%,,,,,,,,,ShowDailyK_ChartFlow,FinMind_API_TaiwanStockPrice_2408,True,2026-09-22T07:17:30,2026-09-22T07:17:30,2026-09-22T07:17:30
2408,南亞科,2025-12-18,170.0,5.5,3.34%,,,,,,,,,ShowDailyK_ChartFlow,FinMind_API_TaiwanStockPrice_2408,True,2026-09-22T07:17:30,2026-09-22T07:17:30,2026-09-22T07:17:30
2408,南亞科,2025-12-19,174.5,4.5,2.65%,,,,,,,,,ShowDailyK_ChartFlow,FinMind_API_TaiwanStockPrice_2408,True,2026-09-22T07:17:30,2026-09-22T07:17:30,2026-09-22T07:17:30
2408,南亞科,2025-12-22,180.0,5.5,3.15%,,,,,,,,,ShowDailyK_ChartFlow,FinMind_API_TaiwanStockPrice_2408,True,2026-09-22T07:17:30,2026-09-22T07:17:30,2026-09-22T07:17:30
2408,南亞科,2025-12-23,176.5,-3.5,-1.94%,,,,,,,,,ShowDailyK_ChartFlow,FinMind_API_TaiwanStockPrice_2408,True,2026-09-22T07:17:30,2026-09-22T07:17:30,2026-09-22T07:17:30
2408,南亞科,2025-12-24,189.0,12.5,7.08%,,,,,,,,,ShowDailyK_ChartFlow,FinMind_API_TaiwanStockPrice_2408,True,2026-09-22T07:17:30,2026-09-22T07:17:30,2026-09-22T07:17:30
2408,南亞科,2025-12-26,189.0,0.0,0.00%,,,,,,,,,ShowDailyK_ChartFlow,FinMind_API_TaiwanStockPrice_2408,True,2026-09-22T07:17:30,2026-09-22T07:17:30,2026-09-22T07:17:30
2408,南亞科,2025-12-29,188.5,-0.5,-0.26%,,,,,,,,,ShowDailyK_ChartFlow,FinMind_API_TaiwanStockPrice_2408,True,2026-09-22T07:17:30,2026-09-22T07:17:30,2026-09-22T07:17:30
2408,南亞科,2025-12-30,194.5,6.0,3.18%,,,,,,,,,ShowDailyK_ChartFlow,FinMind_API_TaiwanStockPrice_2408,True,2026-09-22T07:17:30,2026-09-22T07:17:30,2026-09-22T07:17:30
2408,南亞科,2025-12-31,193.0,-1.5,-0.77%,,,,,,,,,ShowDailyK_ChartFlow,FinMind_API_TaiwanStockPrice_2408,True,2026-09-22T07:17:30,2026-09-22T07:17:30,2026-09-22T07:17:30
2408,南亞科,2026-01-02,207.0,14.0,7.25%,,,,,,,,,ShowDailyK_ChartFlow,FinMind_API_TaiwanStockPrice_2408,True,2026-09-22T07:17:30,2026-09-22T07:17:30,2026-09-22T07:17:30
2408,南亞科,2026-01-05,208.0,1.0,0.48%,,,,,,,,,ShowDailyK_ChartFlow,FinMind_API_TaiwanStockPrice_2408,True,2026-09-22T07:17:30,2026-09-22T07:17:30,2026-09-22T07:17:30
2408,南亞科,2026-01-06,228.5,20.5,9.86%,,,,,,,,,ShowDailyK_ChartFlow,FinMind_API_TaiwanStockPrice_2408,True,2026-09-22T07:17:30,2026-09-22T07:17:30,2026-09-22T07:17:30
2408,南亞科,2026-01-07,241.0,12.5,5.47%,,,,,,,,,ShowDailyK_ChartFlow,FinMind_API_TaiwanStockPrice_2408,True,2026-09-22T07:17:30,2026-09-22T07:17:30,2026-09-22T07:17:30
2408,南亞科,2026-01-08,241.5,0.5,0.21%,,,,,,,,,ShowDailyK_ChartFlow,FinMind_API_TaiwanStockPrice_2408,True,2026-09-22T07:17:30,2026-09-22T07:17:30,2026-09-22T07:17:30
2408,南亞科,2026-01-09,217.5,-24.0,-9.94%,,,,,,,,,ShowDailyK_ChartFlow,FinMind_API_TaiwanStockPrice_2408,True,2026-09-22T07:17:30,2026-09-22T07:17:30,2026-09-22T07:17:30
2408,南亞科,2026-01-12,239.0,21.5,9.89%,,,,,,,,,ShowDailyK_ChartFlow,FinMind_API_TaiwanStockPrice_2408,True,2026-09-22T07:17:30,2026-09-22T07:17:30,2026-09-22T07:17:30
2408,南亞科,2026-01-13,230.0,-9.0,-3.77%,,,,,,,,,ShowDailyK_ChartFlow,FinMind_API_TaiwanStockPrice_2408,True,2026-09-22T07:17:30,2026-09-22T07:17:30,2026-09-22T07:17:30
2408,南亞科,2026-01-14,236.5,6.5,2.83%,,,,,,,,,ShowDailyK_ChartFlow,FinMind_API_TaiwanStockPrice_2408,True,2026-09-22T07:17:30,2026-09-22T07:17:30,2026-09-22T07:17:30
2408,南亞科,2026-01-15,237.5,1.0,0.42%,,,,,,,,,ShowDailyK_ChartFlow,FinMind_API_TaiwanStockPrice_2408,True,2026-09-22T07:17:30,2026-09-22T07:17:30,2026-09-22T07:17:30
2408,南亞科,2026-01-16,250.0,12.5,5.26%,,,,,,,,,ShowDailyK_ChartFlow,FinMind_API_TaiwanStockPrice_2408,True,2026-09-22T07:17:30,2026-09-22T07:17:30,2026-09-22T07:17:30
2408,南亞科,2026-01-19,275.0,25.0,10.00%,,,,,,,,,ShowDailyK_ChartFlow,FinMind_API_TaiwanStockPrice_2408,True,2026-09-22T07:17:30,2026-09-22T07:17:30,2026-09-22T07:17:30
2408,南亞科,2026-01-20,272.0,-3.0,-1.09%,,,,,,,,,ShowDailyK_ChartFlow,FinMind_API_TaiwanStockPrice_2408,True,2026-09-22T07:17:30,2026-09-22T07:17:30,2026-09-22T07:17:30
2408,南亞科,2026-01-21,251.0,-21.0,-7.72%,,,,,,,,,ShowDailyK_ChartFlow,FinMind_API_TaiwanStockPrice_2408,True,2026-09-22T07:17:30,2026-09-22T07:17:30,2026-09-22T07:17:30
2408,南亞科,2026-01-22,266.5,15.5,6.18%,,,,,,,,,ShowDailyK_ChartFlow,FinMind_API_TaiwanStockPrice_2408,True,2026-09-22T07:17:30,2026-09-22T07:17:30,2026-09-22T07:17:30
2408,南亞科,2026-01-23,271.5,5.0,1.88%,,,,,,,,,ShowDailyK_ChartFlow,FinMind_API_TaiwanStockPrice_2408,True,2026-09-22T07:17:30,2026-09-22T07:17:30,2026-09-22T07:17:30
2408,南亞科,2026-01-26,286.0,14.5,5.34%,,,,,,,,,ShowDailyK_ChartFlow,FinMind_API_TaiwanStockPrice_2408,True,2026-09-22T07:17:30,2026-09-22T07:17:30,2026-09-22T07:17:30
2408,南亞科,2026-01-27,277.0,-9.0,-3.15%,,,,,,,,,ShowDailyK_ChartFlow,FinMind_API_TaiwanStockPrice_2408,True,2026-09-22T07:17:30,2026-09-22T07:17:30,2026-09-22T07:17:30
2408,南亞科,2026-01-28,297.0,20.0,7.22%,,,,,,,,,ShowDailyK_ChartFlow,FinMind_API_TaiwanStockPrice_2408,True,2026-09-22T07:17:30,2026-09-22T07:17:30,2026-09-22T07:17:30
2408,南亞科,2026-01-29,297.0,0.0,0.00%,,,,,,,,,ShowDailyK_ChartFlow,FinMind_API_TaiwanStockPrice_2408,True,2026-09-22T07:17:30,2026-09-22T07:17:30,2026-09-22T07:17:30
2408,南亞科,2026-01-30,326.5,29.5,9.93%,,,,,,,,,ShowDailyK_ChartFlow,FinMind_API_TaiwanStockPrice_2408,True,2026-09-22T07:17:30,2026-09-22T07:17:30,2026-09-22T07:17:30
2408,南亞科,2026-02-02,294.0,-32.5,-9.95%,,,,,,,,,ShowDailyK_ChartFlow,FinMind_API_TaiwanStockPrice_2408,True,2026-09-22T07:17:30,2026-09-22T07:17:30,2026-09-22T07:17:30
2408,南亞科,2026-02-03,277.5,-16.5,-5.61%,,,,,,,,,ShowDailyK_ChartFlow,FinMind_API_TaiwanStockPrice_2408,True,2026-09-22T07:17:30,2026-09-22T07:17:30,2026-09-22T07:17:30
2408,南亞科,2026-02-04,295.0,17.5,6.31%,,,,,,,,,ShowDailyK_ChartFlow,FinMind_API_TaiwanStockPrice_2408,True,2026-09-22T07:17:30,2026-09-22T07:17:30,2026-09-22T07:17:30
2408,南亞科,2026-02-05,275.0,-20.0,-6.78%,,,,,,,,,ShowDailyK_ChartFlow,FinMind_API_TaiwanStockPrice_2408,True,2026-09-22T07:17:30,2026-09-22T07:17:30,2026-09-22T07:17:30
2408,南亞科,2026-02-06,264.0,-11.0,-4.00%,,,,,,,,,ShowDailyK_ChartFlow,FinMind_API_TaiwanStockPrice_2408,True,2026-09-22T07:17:30,2026-09-22T07:17:30,2026-09-22T07:17:30
2408,南亞科,2026-02-09,274.5,10.5,3.98%,,,,,,,,,ShowDailyK_ChartFlow,FinMind_API_TaiwanStockPrice_2408,True,2026-09-22T07:17:30,2026-09-22T07:17:30,2026-09-22T07:17:30
2408,南亞科,2026-02-10,271.0,-3.5,-1.28%,,,,,,,,,ShowDailyK_ChartFlow,FinMind_API_TaiwanStockPrice_2408,True,2026-09-22T07:17:30,2026-09-22T07:17:30,2026-09-22T07:17:30
2408,南亞科,2026-02-11,278.0,7.0,2.58%,,,,,,,,,ShowDailyK_ChartFlow,FinMind_API_TaiwanStockPrice_2408,True,2026-09-22T07:17:30,2026-09-22T07:17:30,2026-09-22T07:17:30
2408,南亞科,2026-02-23,289.0,11.0,3.96%,,,,,,,,,ShowDailyK_ChartFlow,FinMind_API_TaiwanStockPrice_2408,True,2026-09-22T07:17:30,2026-09-22T07:17:30,2026-09-22T07:17:30
2408,南亞科,2026-02-24,298.0,9.0,3.11%,,,,,,,,,ShowDailyK_ChartFlow,FinMind_API_TaiwanStockPrice_2408,True,2026-09-22T07:17:30,2026-09-22T07:17:30,2026-09-22T07:17:30
2408,南亞科,2026-02-25,288.0,-10.0,-3.36%,,,,,,,,,ShowDailyK_ChartFlow,FinMind_API_TaiwanStockPrice_2408,True,2026-09-22T07:17:30,2026-09-22T07:17:30,2026-09-22T07:17:30
2408,南亞科,2026-02-26,285.5,-2.5,-0.87%,,,,,,,,,ShowDailyK_ChartFlow,FinMind_API_TaiwanStockPrice_2408,True,2026-09-22T07:17:30,2026-09-22T07:17:30,2026-09-22T07:17:30
2408,南亞科,2026-03-02,285.0,-0.5,-0.18%,,,,,,,,,ShowDailyK_ChartFlow,FinMind_API_TaiwanStockPrice_2408,True,2026-09-22T07:17:30,2026-09-22T07:17:30,2026-09-22T07:17:30
2408,南亞科,2026-03-03,256.5,-28.5,-10.00%,,,,,,,,,ShowDailyK_ChartFlow,FinMind_API_TaiwanStockPrice_2408,True,2026-09-22T07:17:30,2026-09-22T07:17:30,2026-09-22T07:17:30
2408,南亞科,2026-03-04,234.5,-22.0,-8.58%,,,,,,,,,ShowDailyK_ChartFlow,FinMind_API_TaiwanStockPrice_2408,True,2026-09-22T07:17:30,2026-09-22T07:17:30,2026-09-22T07:17:30
2408,南亞科,2026-03-05,257.5,23.0,9.81%,,,,,,,,,ShowDailyK_ChartFlow,FinMind_API_TaiwanStockPrice_2408,True,2026-09-22T07:17:30,2026-09-22T07:17:30,2026-09-22T07:17:30
2408,南亞科,2026-03-06,233.0,-24.5,-9.51%,,,,,,,,,ShowDailyK_ChartFlow,FinMind_API_TaiwanStockPrice_2408,True,2026-09-22T07:17:30,2026-09-22T07:17:30,2026-09-22T07:17:30
2408,南亞科,2026-03-09,210.0,-23.0,-9.87%,,,,,,,,,ShowDailyK_ChartFlow,FinMind_API_TaiwanStockPrice_2408,True,2026-09-22T07:17:30,2026-09-22T07:17:30,2026-09-22T07:17:30
2408,南亞科,2026-03-10,231.0,21.0,10.00%,,,,,,,,,ShowDailyK_ChartFlow,FinMind_API_TaiwanStockPrice_2408,True,2026-09-22T07:17:30,2026-09-22T07:17:30,2026-09-22T07:17:30
2408,南亞科,2026-03-11,254.0,23.0,9.96%,,,,,,,,,ShowDailyK_ChartFlow,FinMind_API_TaiwanStockPrice_2408,True,2026-09-22T07:17:30,2026-09-22T07:17:30,2026-09-22T07:17:30
2408,南亞科,2026-03-12,239.5,-14.5,-5.71%,,,,,,,,,ShowDailyK_ChartFlow,FinMind_API_TaiwanStockPrice_2408,True,2026-09-22T07:17:30,2026-09-22T07:17:30,2026-09-22T07:17:30
2408,南亞科,2026-03-13,238.0,-1.5,-0.63%,,,,,,,,,ShowDailyK_ChartFlow,FinMind_API_TaiwanStockPrice_2408,True,2026-09-22T07:17:30,2026-09-22T07:17:30,2026-09-22T07:17:30
2408,南亞科,2026-03-16,261.5,23.5,9.87%,,,,,,,,,ShowDailyK_ChartFlow,FinMind_API_TaiwanStockPrice_2408,True,2026-09-22T07:17:30,2026-09-22T07:17:30,2026-09-22T07:17:30
2408,南亞科,2026-03-17,271.5,10.0,3.82%,,,,,,,,,ShowDailyK_ChartFlow,FinMind_API_TaiwanStockPrice_2408,True,2026-09-22T07:17:30,2026-09-22T07:17:30,2026-09-22T07:17:30
2408,南亞科,2026-03-18,276.0,4.5,1.66%,,,,,,,,,ShowDailyK_ChartFlow,FinMind_API_TaiwanStockPrice_2408,True,2026-09-22T07:17:30,2026-09-22T07:17:30,2026-09-22T07:17:30
2408,南亞科,2026-03-19,260.0,-16.0,-5.80%,,,,,,,,,ShowDailyK_ChartFlow,FinMind_API_TaiwanStockPrice_2408,True,2026-09-22T07:17:30,2026-09-22T07:17:30,2026-09-22T07:17:30
2408,南亞科,2026-03-20,234.0,-26.0,-10.00%,,,,,,,,,ShowDailyK_ChartFlow,FinMind_API_TaiwanStockPrice_2408,True,2026-09-22T07:17:30,2026-09-22T07:17:30,2026-09-22T07:17:30
2408,南亞科,2026-03-23,223.0,-11.0,-4.70%,,,,,,,,,ShowDailyK_ChartFlow,FinMind_API_TaiwanStockPrice_2408,True,2026-09-22T07:17:30,2026-09-22T07:17:30,2026-09-22T07:17:30
2408,南亞科,2026-03-24,216.5,-6.5,-2.91%,,,,,,,,,ShowDailyK_ChartFlow,FinMind_API_TaiwanStockPrice_2408,True,2026-09-22T07:17:30,2026-09-22T07:17:30,2026-09-22T07:17:30
2408,南亞科,2026-03-25,226.5,10.0,4.62%,,,,,,,,,ShowDailyK_ChartFlow,FinMind_API_TaiwanStockPrice_2408,True,2026-09-22T07:17:30,2026-09-22T07:17:30,2026-09-22T07:17:30
2408,南亞科,2026-03-26,225.5,-1.0,-0.44%,,,,,,,,,ShowDailyK_ChartFlow,FinMind_API_TaiwanStockPrice_2408,True,2026-09-22T07:17:30,2026-09-22T07:17:30,2026-09-22T07:17:30
2408,南亞科,2026-03-27,219.5,-6.0,-2.66%,,,,,,,,,ShowDailyK_ChartFlow,FinMind_API_TaiwanStockPrice_2408,True,2026-09-22T07:17:30,2026-09-22T07:17:30,2026-09-22T07:17:30
2408,南亞科,2026-03-30,220.5,1.0,0.46%,,,,,,,,,ShowDailyK_ChartFlow,FinMind_API_TaiwanStockPrice_2408,True,2026-09-22T07:17:30,2026-09-22T07:17:30,2026-09-22T07:17:30
2408,南亞科,2026-03-31,198.5,-22.0,-9.98%,,,,,,,,,ShowDailyK_ChartFlow,FinMind_API_TaiwanStockPrice_2408,True,2026-09-22T07:17:30,2026-09-22T07:17:30,2026-09-22T07:17:30
2408,南亞科,2026-04-01,211.0,12.5,6.30%,,,,,,,,,ShowDailyK_ChartFlow,FinMind_API_TaiwanStockPrice_2408,True,2026-09-22T07:17:30,2026-09-22T07:17:30,2026-09-22T07:17:30
2408,南亞科,2026-04-02,200.5,-10.5,-4.98%,,,,,,,,,ShowDailyK_ChartFlow,FinMind_API_TaiwanStockPrice_2408,True,2026-09-22T07:17:30,2026-09-22T07:17:30,2026-09-22T07:17:30
2408,南亞科,2026-04-07,206.0,5.5,2.74%,,,,,,,,,ShowDailyK_ChartFlow,FinMind_API_TaiwanStockPrice_2408,True,2026-09-22T07:17:30,2026-09-22T07:17:30,2026-09-22T07:17:30
2408,南亞科,2026-04-08,223.0,17.0,8.25%,,,,,,,,,ShowDailyK_ChartFlow,FinMind_API_TaiwanStockPrice_2408,True,2026-09-22T07:17:30,2026-09-22T07:17:30,2026-09-22T07:17:30
2408,南亞科,2026-04-09,205.0,-18.0,-8.07%,,,,,,,,,ShowDailyK_ChartFlow,FinMind_API_TaiwanStockPrice_2408,True,2026-09-22T07:17:30,2026-09-22T07:17:30,2026-09-22T07:17:30
2408,南亞科,2026-04-10,215.0,10.0,4.88%,,,,,,,,,ShowDailyK_ChartFlow,FinMind_API_TaiwanStockPrice_2408,True,2026-09-22T07:17:30,2026-09-22T07:17:30,2026-09-22T07:17:30
2408,南亞科,2026-04-13,225.5,10.5,4.88%,,,,,,,,,ShowDailyK_ChartFlow,FinMind_API_TaiwanStockPrice_2408,True,2026-09-22T07:17:30,2026-09-22T07:17:30,2026-09-22T07:17:30
2408,南亞科,2026-04-14,220.0,-5.5,-2.44%,,,,,,,,,ShowDailyK_ChartFlow,FinMind_API_TaiwanStockPrice_2408,True,2026-09-22T07:17:30,2026-09-22T07:17:30,2026-09-22T07:17:30
2408,南亞科,2026-04-15,211.5,-8.5,-3.86%,,,,,,,,,ShowDailyK_ChartFlow,FinMind_API_TaiwanStockPrice_2408,True,2026-09-22T07:17:30,2026-09-22T07:17:30,2026-09-22T07:17:30
2408,南亞科,2026-04-16,213.5,2.0,0.95%,,,,,,,,,ShowDailyK_ChartFlow,FinMind_API_TaiwanStockPrice_2408,True,2026-09-22T07:17:30,2026-09-22T07:17:30,2026-09-22T07:17:30
2408,南亞科,2026-04-17,210.0,-3.5,-1.64%,,,,,,,,,ShowDailyK_ChartFlow,FinMind_API_TaiwanStockPrice_2408,True,2026-09-22T07:17:30,2026-09-22T07:17:30,2026-09-22T07:17:30
2408,南亞科,2026-04-20,207.0,-3.0,-1.43%,,,,,,,,,ShowDailyK_ChartFlow,FinMind_API_TaiwanStockPrice_2408,True,2026-09-22T07:17:30,2026-09-22T07:17:30,2026-09-22T07:17:30
2408,南亞科,2026-04-21,220.0,13.0,6.28%,,,,,,,,,ShowDailyK_ChartFlow,FinMind_API_TaiwanStockPrice_2408,True,2026-09-22T07:17:30,2026-09-22T07:17:30,2026-09-22T07:17:30
2408,南亞科,2026-04-22,219.0,-1.0,-0.45%,,,,,,,,,ShowDailyK_ChartFlow,FinMind_API_TaiwanStockPrice_2408,True,2026-09-22T07:17:30,2026-09-22T07:17:30,2026-09-22T07:17:30
2408,南亞科,2026-04-23,208.0,-11.0,-5.02%,,,,,,,,,ShowDailyK_ChartFlow,FinMind_API_TaiwanStockPrice_2408,True,2026-09-22T07:17:30,2026-09-22T07:17:30,2026-09-22T07:17:30
2408,南亞科,2026-04-24,206.0,-2.0,-0.96%,,,,,,,,,ShowDailyK_ChartFlow,FinMind_API_TaiwanStockPrice_2408,True,2026-09-22T07:17:30,2026-09-22T07:17:30,2026-09-22T07:17:30
2408,南亞科,2026-04-27,226.5,20.5,9.95%,,,,,,,,,ShowDailyK_ChartFlow,FinMind_API_TaiwanStockPrice_2408,True,2026-09-22T07:17:30,2026-09-22T07:17:30,2026-09-22T07:17:30
2408,南亞科,2026-04-28,237.5,11.0,4.86%,,,,,,,,,ShowDailyK_ChartFlow,FinMind_API_TaiwanStockPrice_2408,True,2026-09-22T07:17:30,2026-09-22T07:17:30,2026-09-22T07:17:30
2408,南亞科,2026-04-29,235.0,-2.5,-1.05%,,,,,,,,,ShowDailyK_ChartFlow,FinMind_API_TaiwanStockPrice_2408,True,2026-09-22T07:17:30,2026-09-22T07:17:30,2026-09-22T07:17:30
2408,南亞科,2026-04-30,215.5,-19.5,-8.30%,,,,,,,,,ShowDailyK_ChartFlow,FinMind_API_TaiwanStockPrice_2408,True,2026-09-22T07:17:30,2026-09-22T07:17:30,2026-09-22T07:17:30
2408,南亞科,2026-05-04,237.0,21.5,9.98%,,,,,,,,,ShowDailyK_ChartFlow,FinMind_API_TaiwanStockPrice_2408,True,2026-09-22T07:17:30,2026-09-22T07:17:30,2026-09-22T07:17:30
2408,南亞科,2026-05-05,256.5,19.5,8.23%,,,,,,,,,ShowDailyK_ChartFlow,FinMind_API_TaiwanStockPrice_2408,True,2026-09-22T07:17:30,2026-09-22T07:17:30,2026-09-22T07:17:30
2408,南亞科,2026-05-06,282.0,25.5,9.94%,,,,,,,,,ShowDailyK_ChartFlow,FinMind_API_TaiwanStockPrice_2408,True,2026-09-22T07:17:30,2026-09-22T07:17:30,2026-09-22T07:17:30
2408,南亞科,2026-05-07,287.0,5.0,1.77%,,,,,,,,,ShowDailyK_ChartFlow,FinMind_API_TaiwanStockPrice_2408,True,2026-09-22T07:17:30,2026-09-22T07:17:30,2026-09-22T07:17:30
2408,南亞科,2026-05-08,274.0,-13.0,-4.53%,,,,,,,,,ShowDailyK_ChartFlow,FinMind_API_TaiwanStockPrice_2408,True,2026-09-22T07:17:30,2026-09-22T07:17:30,2026-09-22T07:17:30
2408,南亞科,2026-05-11,301.0,27.0,9.85%,,,,,,,,,ShowDailyK_ChartFlow,FinMind_API_TaiwanStockPrice_2408,True,2026-09-22T07:17:30,2026-09-22T07:17:30,2026-09-22T07:17:30
2408,南亞科,2026-05-12,321.0,20.0,6.64%,,,,,,,,,ShowDailyK_ChartFlow,FinMind_API_TaiwanStockPrice_2408,True,2026-09-22T07:17:30,2026-09-22T07:17:30,2026-09-22T07:17:30
2408,南亞科,2026-05-13,321.0,0.0,0.00%,,,,,,,,,ShowDailyK_ChartFlow,FinMind_API_TaiwanStockPrice_2408,True,2026-09-22T07:17:30,2026-09-22T07:17:30,2026-09-22T07:17:30
2408,南亞科,2026-05-14,341.0,20.0,6.23%,,,,,,,,,ShowDailyK_ChartFlow,FinMind_API_TaiwanStockPrice_2408,True,2026-09-22T07:17:30,2026-09-22T07:17:30,2026-09-22T07:17:30
2408,南亞科,2026-05-15,311.5,-29.5,-8.65%,,,,,,,,,ShowDailyK_ChartFlow,FinMind_API_TaiwanStockPrice_2408,True,2026-09-22T07:17:30,2026-09-22T07:17:30,2026-09-22T07:17:30
2408,南亞科,2026-05-18,305.0,-6.5,-2.09%,,,,,,,,,ShowDailyK_ChartFlow,FinMind_API_TaiwanStockPrice_2408,True,2026-09-22T07:17:30,2026-09-22T07:17:30,2026-09-22T07:17:30
2408,南亞科,2026-05-19,274.5,-30.5,-10.00%,,,,,,,,,ShowDailyK_ChartFlow,FinMind_API_TaiwanStockPrice_2408,True,2026-09-22T07:17:30,2026-09-22T07:17:30,2026-09-22T07:17:30
2408,南亞科,2026-05-20,275.0,0.5,0.18%,,,,,,,,,ShowDailyK_ChartFlow,FinMind_API_TaiwanStockPrice_2408,True,2026-09-22T07:17:30,2026-09-22T07:17:30,2026-09-22T07:17:30
2408,南亞科,2026-05-21,293.0,18.0,6.55%,,,,,,,,,ShowDailyK_ChartFlow,FinMind_API_TaiwanStockPrice_2408,True,2026-09-22T07:17:30,2026-09-22T07:17:30,2026-09-22T07:17:30
2408,南亞科,2026-05-22,310.5,17.5,5.97%,,,,,,,,,ShowDailyK_ChartFlow,FinMind_API_TaiwanStockPrice_2408,True,2026-09-22T07:17:30,2026-09-22T07:17:30,2026-09-22T07:17:30
2408,南亞科,2026-05-25,296.0,-14.5,-4.67%,,,,,,,,,ShowDailyK_ChartFlow,FinMind_API_TaiwanStockPrice_2408,True,2026-09-22T07:17:30,2026-09-22T07:17:30,2026-09-22T07:17:30
2408,南亞科,2026-05-26,303.5,7.5,2.53%,,,,,,,,,ShowDailyK_ChartFlow,FinMind_API_TaiwanStockPrice_2408,True,2026-09-22T07:17:30,2026-09-22T07:17:30,2026-09-22T07:17:30
2408,南亞科,2026-05-27,312.0,8.5,2.80%,,,,,,,,,ShowDailyK_ChartFlow,FinMind_API_TaiwanStockPrice_2408,True,2026-09-22T07:17:30,2026-09-22T07:17:30,2026-09-22T07:17:30
2408,南亞科,2026-05-28,324.0,12.0,3.85%,,,,,,,,,ShowDailyK_ChartFlow,FinMind_API_TaiwanStockPrice_2408,True,2026-09-22T07:17:30,2026-09-22T07:17:30,2026-09-22T07:17:30
2408,南亞科,2026-05-29,347.0,23.0,7.10%,,,,,,,,,ShowDailyK_ChartFlow,FinMind_API_TaiwanStockPrice_2408,True,2026-09-22T07:17:30,2026-09-22T07:17:30,2026-09-22T07:17:30
2408,南亞科,2026-06-01,381.5,34.5,9.94%,,,,,,,,,ShowDailyK_ChartFlow,FinMind_API_TaiwanStockPrice_2408,True,2026-09-22T07:17:30,2026-09-22T07:17:30,2026-09-22T07:17:30
2408,南亞科,2026-06-02,419.5,38.0,9.96%,,,,,,,,,ShowDailyK_ChartFlow,FinMind_API_TaiwanStockPrice_2408,True,2026-09-22T07:17:30,2026-09-22T07:17:30,2026-09-22T07:17:30
2408,南亞科,2026-06-03,401.5,-18.0,-4.29%,,,,,,,,,ShowDailyK_ChartFlow,FinMind_API_TaiwanStockPrice_2408,True,2026-09-22T07:17:30,2026-09-22T07:17:30,2026-09-22T07:17:30
2408,南亞科,2026-06-04,395.0,-6.5,-1.62%,,,,,,,,,ShowDailyK_ChartFlow,FinMind_API_TaiwanStockPrice_2408,True,2026-09-22T07:17:30,2026-09-22T07:17:30,2026-09-22T07:17:30
2408,南亞科,2026-06-05,360.0,-35.0,-8.86%,,,,,,,,,ShowDailyK_ChartFlow,FinMind_API_TaiwanStockPrice_2408,True,2026-09-22T07:17:30,2026-09-22T07:17:30,2026-09-22T07:17:30
2408,南亞科,2026-06-08,339.5,-20.5,-5.69%,,,,,,,,,ShowDailyK_ChartFlow,FinMind_API_TaiwanStockPrice_2408,True,2026-09-22T07:17:30,2026-09-22T07:17:30,2026-09-22T07:17:30
2408,南亞科,2026-06-09,363.0,23.5,6.92%,,,,,,,,,ShowDailyK_ChartFlow,FinMind_API_TaiwanStockPrice_2408,True,2026-09-22T07:17:30,2026-09-22T07:17:30,2026-09-22T07:17:30
2408,南亞科,2026-06-10,333.0,-30.0,-8.26%,,,,,,,,,ShowDailyK_ChartFlow,FinMind_API_TaiwanStockPrice_2408,True,2026-09-22T07:17:30,2026-09-22T07:17:30,2026-09-22T07:17:30
2408,南亞科,2026-06-11,340.0,7.0,2.10%,,,,,,,,,ShowDailyK_ChartFlow,FinMind_API_TaiwanStockPrice_2408,True,2026-09-22T07:17:30,2026-09-22T07:17:30,2026-09-22T07:17:30
2408,南亞科,2026-06-12,374.0,34.0,10.00%,,,,,,,,,ShowDailyK_ChartFlow,FinMind_API_TaiwanStockPrice_2408,True,2026-09-22T07:17:30,2026-09-22T07:17:30,2026-09-22T07:17:30
2408,南亞科,2026-06-15,395.5,21.5,5.75%,,,,,,,,,ShowDailyK_ChartFlow,FinMind_API_TaiwanStockPrice_2408,True,2026-09-22T07:17:30,2026-09-22T07:17:30,2026-09-22T07:17:30
2408,南亞科,2026-06-16,425.0,29.5,7.46%,,,,,,,,,ShowDailyK_ChartFlow,FinMind_API_TaiwanStockPrice_2408,True,2026-09-22T07:17:30,2026-09-22T07:17:30,2026-09-22T07:17:30
2408,南亞科,2026-06-17,437.0,12.0,2.82%,,,,,,,,,ShowDailyK_ChartFlow,FinMind_API_TaiwanStockPrice_2408,True,2026-09-22T07:17:30,2026-09-22T07:17:30,2026-09-22T07:17:30
2408,南亞科,2026-06-18,459.5,22.5,5.15%,,,,,,,,,ShowDailyK_ChartFlow,FinMind_API_TaiwanStockPrice_2408,True,2026-09-22T07:17:30,2026-09-22T07:17:30,2026-09-22T07:17:30
2408,南亞科,2026-06-22,505.0,45.5,9.90%,,,,,,,,,ShowDailyK_ChartFlow,FinMind_API_TaiwanStockPrice_2408,True,2026-09-22T07:17:30,2026-09-22T07:17:30,2026-09-22T07:17:30
2408,南亞科,2026-06-23,454.5,-50.5,-10.00%,,,,,,,,,ShowDailyK_ChartFlow,FinMind_API_TaiwanStockPrice_2408,True,2026-09-22T07:17:30,2026-09-22T07:17:30,2026-09-22T07:17:30
2408,南亞科,2026-06-24,443.5,-11.0,-2.42%,,,,,,,,,ShowDailyK_ChartFlow,FinMind_API_TaiwanStockPrice_2408,True,2026-09-22T07:17:30,2026-09-22T07:17:30,2026-09-22T07:17:30
2408,南亞科,2026-06-25,477.0,33.5,7.55%,,,,,,,,,ShowDailyK_ChartFlow,FinMind_API_TaiwanStockPrice_2408,True,2026-09-22T07:17:30,2026-09-22T07:17:30,2026-09-22T07:17:30
2408,南亞科,2026-06-26,449.0,-28.0,-5.87%,,,,,,,,,ShowDailyK_ChartFlow,FinMind_API_TaiwanStockPrice_2408,True,2026-09-22T07:17:30,2026-09-22T07:17:30,2026-09-22T07:17:30
2408,南亞科,2026-06-29,453.0,4.0,0.89%,,,,,,,,,ShowDailyK_ChartFlow,FinMind_API_TaiwanStockPrice_2408,True,2026-09-22T07:17:30,2026-09-22T07:17:30,2026-09-22T07:17:30
2408,南亞科,2026-06-30,452.5,-0.5,-0.11%,,,,,,,,,ShowDailyK_ChartFlow,FinMind_API_TaiwanStockPrice_2408,True,2026-09-22T07:17:30,2026-09-22T07:17:30,2026-09-22T07:17:30
2408,南亞科,2026-07-01,421.0,-31.5,-6.96%,,,,,,,,,ShowDailyK_ChartFlow,FinMind_API_TaiwanStockPrice_2408,True,2026-09-22T07:17:30,2026-09-22T07:17:30,2026-09-22T07:17:30
2408,南亞科,2026-07-02,407.0,-14.0,-3.33%,,,,,,,,,ShowDailyK_ChartFlow,FinMind_API_TaiwanStockPrice_2408,True,2026-09-22T07:17:30,2026-09-22T07:17:30,2026-09-22T07:17:30
2408,南亞科,2026-07-03,409.5,2.5,0.61%,,,,,,,,,ShowDailyK_ChartFlow,FinMind_API_TaiwanStockPrice_2408,True,2026-09-22T07:17:30,2026-09-22T07:17:30,2026-09-22T07:17:30
2408,南亞科,2026-07-06,420.5,11.0,2.69%,,,,,,,,,ShowDailyK_ChartFlow,FinMind_API_TaiwanStockPrice_2408,True,2026-09-22T07:17:30,2026-09-22T07:17:30,2026-09-22T07:17:30
2408,南亞科,2026-07-07,403.0,-17.5,-4.16%,,,,,,,,,ShowDailyK_ChartFlow,FinMind_API_TaiwanStockPrice_2408,True,2026-09-22T07:17:30,2026-09-22T07:17:30,2026-09-22T07:17:30
2408,南亞科,2026-07-08,396.0,-7.0,-1.74%,,,,,,,,,ShowDailyK_ChartFlow,FinMind_API_TaiwanStockPrice_2408,True,2026-09-22T07:17:30,2026-09-22T07:17:30,2026-09-22T07:17:30
2408,南亞科,2026-07-09,435.5,39.5,9.97%,,,,,,,,,ShowDailyK_ChartFlow,FinMind_API_TaiwanStockPrice_2408,True,2026-09-22T07:17:30,2026-09-22T07:17:30,2026-09-22T07:17:30
2408,南亞科,2026-07-13,423.0,-12.5,-2.87%,,,,,,,,,ShowDailyK_ChartFlow,FinMind_API_TaiwanStockPrice_2408,True,2026-09-22T07:17:30,2026-09-22T07:17:30,2026-09-22T07:17:30
2408,南亞科,2026-07-14,448.0,25.0,5.91%,,,,,,,,,ShowDailyK_ChartFlow,FinMind_API_TaiwanStockPrice_2408,True,2026-09-22T07:17:30,2026-09-22T07:17:30,2026-09-22T07:17:30
2408,南亞科,2026-07-15,481.0,33.0,7.37%,,,,,,,,,ShowDailyK_ChartFlow,FinMind_API_TaiwanStockPrice_2408,True,2026-09-22T07:17:30,2026-09-22T07:17:30,2026-09-22T07:17:30
2408,南亞科,2026-07-16,439.0,-42.0,-8.73%,,,,,,,,,ShowDailyK_ChartFlow,FinMind_API_TaiwanStockPrice_2408,True,2026-09-22T07:17:30,2026-09-22T07:17:30,2026-09-22T07:17:30
2408,南亞科,2026-07-17,395.5,-43.5,-9.91%,,,,,,,,,ShowDailyK_ChartFlow,FinMind_API_TaiwanStockPrice_2408,True,2026-09-22T07:17:30,2026-09-22T07:17:30,2026-09-22T07:17:30
2408,南亞科,2026-07-20,381.0,-14.5,-3.67%,,,,,,,,,ShowDailyK_ChartFlow,FinMind_API_TaiwanStockPrice_2408,True,2026-09-22T07:17:30,2026-09-22T07:17:30,2026-09-22T07:17:30
2408,南亞科,2026-07-21,405.0,24.0,6.30%,,,,,,,,,ShowDailyK_ChartFlow,FinMind_API_TaiwanStockPrice_2408,True,2026-09-22T07:17:30,2026-09-22T07:17:30,2026-09-22T07:17:30
2408,南亞科,2026-07-22,445.5,40.5,10.00%,,,,,,,,,ShowDailyK_ChartFlow,FinMind_API_TaiwanStockPrice_2408,True,2026-09-22T07:17:30,2026-09-22T07:17:30,2026-09-22T07:17:30
2408,南亞科,2026-07-23,426.0,-19.5,-4.38%,,,,,,,,,ShowDailyK_ChartFlow,FinMind_API_TaiwanStockPrice_2408,True,2026-09-22T07:17:30,2026-09-22T07:17:30,2026-09-22T07:17:30
2408,南亞科,2026-07-24,401.0,-25.0,-5.87%,,,,,,,,,ShowDailyK_ChartFlow,FinMind_API_TaiwanStockPrice_2408,True,2026-09-22T07:17:30,2026-09-22T07:17:30,2026-09-22T07:17:30
2408,南亞科,2026-07-27,436.0,35.0,8.73%,,,,,,,,,ShowDailyK_ChartFlow,FinMind_API_TaiwanStockPrice_2408,True,2026-09-22T07:17:30,2026-09-22T07:17:30,2026-09-22T07:17:30
2408,南亞科,2026-07-28,392.5,-43.5,-9.98%,,,,,,,,,ShowDailyK_ChartFlow,FinMind_API_TaiwanStockPrice_2408,True,2026-09-22T07:17:30,2026-09-22T07:17:30,2026-09-22T07:17:30
2408,南亞科,2026-07-29,353.5,-39.0,-9.94%,,,,,,,,,ShowDailyK_ChartFlow,FinMind_API_TaiwanStockPrice_2408,True,2026-09-22T07:17:30,2026-09-22T07:17:30,2026-09-22T07:17:30
2408,南亞科,2026-07-30,328.0,-25.5,-7.21%,,,,,,,,,ShowDailyK_ChartFlow,FinMind_API_TaiwanStockPrice_2408,True,2026-09-22T07:17:30,2026-09-22T07:17:30,2026-09-22T07:17:30
2408,南亞科,2026-07-31,360.5,32.5,9.91%,,,,,,,,,ShowDailyK_ChartFlow,FinMind_API_TaiwanStockPrice_2408,True,2026-09-22T07:17:30,2026-09-22T07:17:30,2026-09-22T07:17:30
2408,南亞科,2026-08-03,396.5,36.0,9.99%,,,,,,,,,ShowDailyK_ChartFlow,FinMind_API_TaiwanStockPrice_2408,True,2026-09-22T07:17:30,2026-09-22T07:17:30,2026-09-22T07:17:30
2408,南亞科,2026-08-04,436.0,39.5,9.96%,,,,,,,,,ShowDailyK_ChartFlow,FinMind_API_TaiwanStockPrice_2408,True,2026-09-22T07:17:30,2026-09-22T07:17:30,2026-09-22T07:17:30
2408,南亞科,2026-08-05,445.0,9.0,2.06%,,,,,,,,,ShowDailyK_ChartFlow,FinMind_API_TaiwanStockPrice_2408,True,2026-09-22T07:17:30,2026-09-22T07:17:30,2026-09-22T07:17:30
2408,南亞科,2026-08-06,459.0,14.0,3.15%,,,,,,,,,ShowDailyK_ChartFlow,FinMind_API_TaiwanStockPrice_2408,True,2026-09-22T07:17:30,2026-09-22T07:17:30,2026-09-22T07:17:30
2408,南亞科,2026-08-07,457.0,-2.0,-0.44%,,,,,,,,,ShowDailyK_ChartFlow,FinMind_API_TaiwanStockPrice_2408,True,2026-09-22T07:17:30,2026-09-22T07:17:30,2026-09-22T07:17:30
2408,南亞科,2026-08-10,502.0,45.0,9.85%,,,,,,,,,ShowDailyK_ChartFlow,FinMind_API_TaiwanStockPrice_2408,True,2026-09-22T07:17:30,2026-09-22T07:17:30,2026-09-22T07:17:30
2408,南亞科,2026-08-11,489.0,-13.0,-2.59%,,,,,,,,,ShowDailyK_ChartFlow,FinMind_API_TaiwanStockPrice_2408,True,2026-09-22T07:17:30,2026-09-22T07:17:30,2026-09-22T07:17:30
2408,南亞科,2026-08-12,482.5,-6.5,-1.33%,,,,,,,,,ShowDailyK_ChartFlow,FinMind_API_TaiwanStockPrice_2408,True,2026-09-22T07:17:30,2026-09-22T07:17:30,2026-09-22T07:17:30
2408,南亞科,2026-08-13,514.0,31.5,6.53%,,,,,,,,,ShowDailyK_ChartFlow,FinMind_API_TaiwanStockPrice_2408,True,2026-09-22T07:17:30,2026-09-22T07:17:30,2026-09-22T07:17:30
2408,南亞科,2026-08-14,512.0,-2.0,-0.39%,,,,,,,,,ShowDailyK_ChartFlow,FinMind_API_TaiwanStockPrice_2408,True,2026-09-22T07:17:30,2026-09-22T07:17:30,2026-09-22T07:17:30
2408,南亞科,2026-08-17,524.0,12.0,2.34%,,,,,,,,,ShowDailyK_ChartFlow,FinMind_API_TaiwanStockPrice_2408,True,2026-09-22T07:17:30,2026-09-22T07:17:30,2026-09-22T07:17:30
2408,南亞科,2026-08-18,515.0,-9.0,-1.72%,,,,,,,,,ShowDailyK_ChartFlow,FinMind_API_TaiwanStockPrice_2408,True,2026-09-22T07:17:30,2026-09-22T07:17:30,2026-09-22T07:17:30
2408,南亞科,2026-08-19,481.0,-34.0,-6.60%,,,,,,,,,ShowDailyK_ChartFlow,FinMind_API_TaiwanStockPrice_2408,True,2026-09-22T07:17:30,2026-09-22T07:17:30,2026-09-22T07:17:30
2408,南亞科,2026-08-20,517.0,36.0,7.48%,,,,,,,,,ShowDailyK_ChartFlow,FinMind_API_TaiwanStockPrice_2408,True,2026-09-22T07:17:30,2026-09-22T07:17:30,2026-09-22T07:17:30
2408,南亞科,2026-08-21,528.0,11.0,2.13%,,,,,,,,,ShowDailyK_ChartFlow,FinMind_API_TaiwanStockPrice_2408,True,2026-09-22T07:17:30,2026-09-22T07:17:30,2026-09-22T07:17:30
2408,南亞科,2026-08-24,501.0,-27.0,-5.11%,,,,,,,,,ShowDailyK_ChartFlow,FinMind_API_TaiwanStockPrice_2408,True,2026-09-22T07:17:30,2026-09-22T07:17:30,2026-09-22T07:17:30
2408,南亞科,2026-08-25,510.0,9.0,1.80%,,,,,,,,,ShowDailyK_ChartFlow,FinMind_API_TaiwanStockPrice_2408,True,2026-09-22T07:17:30,2026-09-22T07:17:30,2026-09-22T07:17:30
2408,南亞科,2026-08-26,517.0,7.0,1.37%,,,,,,,,,ShowDailyK_ChartFlow,FinMind_API_TaiwanStockPrice_2408,True,2026-09-22T07:17:30,2026-09-22T07:17:30,2026-09-22T07:17:30
2408,南亞科,2026-08-27,541.0,24.0,4.64%,,,,,,,,,ShowDailyK_ChartFlow,FinMind_API_TaiwanStockPrice_2408,True,2026-09-22T07:17:30,2026-09-22T07:17:30,2026-09-22T07:17:30
2408,南亞科,2026-08-28,540.0,-1.0,-0.18%,,,,,,,,,ShowDailyK_ChartFlow,FinMind_API_TaiwanStockPrice_2408,True,2026-09-22T07:17:30,2026-09-22T07:17:30,2026-09-22T07:17:30
2408,南亞科,2026-08-31,543.0,3.0,0.56%,,,,,,,,,ShowDailyK_ChartFlow,FinMind_API_TaiwanStockPrice_2408,True,2026-09-22T07:17:30,2026-09-22T07:17:30,2026-09-22T07:17:30
2408,南亞科,2026-09-01,518.0,-25.0,-4.60%,,,,,,,,,ShowDailyK_ChartFlow,FinMind_API_TaiwanStockPrice_2408,True,2026-09-22T07:17:30,2026-09-22T07:17:30,2026-09-22T07:17:30
2408,南亞科,2026-09-02,518.0,0.0,0.00%,,,,,,,,,ShowDailyK_ChartFlow,FinMind_API_TaiwanStockPrice_2408,True,2026-09-22T07:17:30,2026-09-22T07:17:30,2026-09-22T07:17:30
2408,南亞科,2026-09-03,477.5,-40.5,-7.82%,,,,,,,,,ShowDailyK_ChartFlow,FinMind_API_TaiwanStockPrice_2408,True,2026-09-22T07:17:30,2026-09-22T07:17:30,2026-09-22T07:17:30
2408,南亞科,2026-09-04,496.0,18.5,3.87%,,,,,,,,,ShowDailyK_ChartFlow,FinMind_API_TaiwanStockPrice_2408,True,2026-09-22T07:17:30,2026-09-22T07:17:30,2026-09-22T07:17:30
2408,南亞科,2026-09-07,517.0,21.0,4.23%,,,,,,,,,ShowDailyK_ChartFlow,FinMind_API_TaiwanStockPrice_2408,True,2026-09-22T07:17:30,2026-09-22T07:17:30,2026-09-22T07:17:30
2408,南亞科,2026-09-08,531.0,14.0,2.71%,,,,,,,,,ShowDailyK_ChartFlow,FinMind_API_TaiwanStockPrice_2408,True,2026-09-22T07:17:30,2026-09-22T07:17:30,2026-09-22T07:17:30
2408,南亞科,2026-09-09,523.0,-8.0,-1.51%,,,,,,,,,ShowDailyK_ChartFlow,FinMind_API_TaiwanStockPrice_2408,True,2026-09-22T07:17:30,2026-09-22T07:17:30,2026-09-22T07:17:30
2408,南亞科,2026-09-10,515.0,-8.0,-1.53%,,,,,,,,,ShowDailyK_ChartFlow,FinMind_API_TaiwanStockPrice_2408,True,2026-09-22T07:17:30,2026-09-22T07:17:30,2026-09-22T07:17:30
2408,南亞科,2026-09-11,493.0,-22.0,-4.27%,,,,,,,,,ShowDailyK_ChartFlow,FinMind_API_TaiwanStockPrice_2408,True,2026-09-22T07:17:30,2026-09-22T07:17:30,2026-09-22T07:17:30
2408,南亞科,2026-09-14,473.0,-20.0,-4.06%,,,,,,,,,ShowDailyK_ChartFlow,FinMind_API_TaiwanStockPrice_2408,True,2026-09-22T07:17:30,2026-09-22T07:17:30,2026-09-22T07:17:30
2408,南亞科,2026-09-15,465.5,-7.5,-1.59%,,,,,,,,,ShowDailyK_ChartFlow,FinMind_API_TaiwanStockPrice_2408,True,2026-09-22T07:17:30,2026-09-22T07:17:30,2026-09-22T07:17:30
2408,南亞科,2026-09-16,492.5,27.0,5.80%,,,,,,,,,ShowDailyK_ChartFlow,FinMind_API_TaiwanStockPrice_2408,True,2026-09-22T07:17:30,2026-09-22T07:17:30,2026-09-22T07:17:30
2408,南亞科,2026-09-17,488.0,-4.5,-0.91%,,,,,,,,,ShowDailyK_ChartFlow,FinMind_API_TaiwanStockPrice_2408,True,2026-09-22T07:17:30,2026-09-22T07:17:30,2026-09-22T07:17:30
2408,南亞科,2026-09-18,525.0,37.0,7.58%,,,,,,,,,ShowDailyK_ChartFlow,FinMind_API_TaiwanStockPrice_2408,True,2026-09-22T07:17:30,2026-09-22T07:17:30,2026-09-22T07:17:30
2408,南亞科,2026-09-21,516.0,-9.0,-1.71%,,,,,,,,,ShowDailyK_ChartFlow,FinMind_API_TaiwanStockPrice_2408,True,2026-09-22T07:17:30,2026-09-22T07:17:30,2026-09-22T07:17:30
2408,南亞科,2026-09-22,497.0,-19.0,-3.68%,,,,,,,,,ShowDailyK_ChartFlow,FinMind_API_TaiwanStockPrice_2408,True,2026-09-22T07:17:30,2026-09-22T07:17:30,2026-09-22T07:17:30
