stock_code,company_name,交易_日期,收盤價_元,漲跌價_元,漲跌幅_pct,河流圖_eps_元,目前_per_倍,本益比試算價格_15x_元,本益比試算價格_18x_元,本益比試算價格_21x_元,本益比試算價格_24x_元,本益比試算價格_27x_元,本益比試算價格_30x_元,file_type,source_file,download_success,download_timestamp,process_timestamp,stage1_process_timestamp
6414,樺漢,2021-01-04,254.0,,,,20.77,,,,,,,ShowDailyK_ChartFlow,FinMind_API_TaiwanStockPrice_6414,True,2026-09-22T15:49:52,2026-09-22T15:49:52,2026-09-22T15:49:52
6414,樺漢,2021-01-05,258.0,4.0,1.57%,,21.1,,,,,,,ShowDailyK_ChartFlow,FinMind_API_TaiwanStockPrice_6414,True,2026-09-22T15:49:52,2026-09-22T15:49:52,2026-09-22T15:49:52
6414,樺漢,2021-01-06,252.0,-6.0,-2.33%,,20.61,,,,,,,ShowDailyK_ChartFlow,FinMind_API_TaiwanStockPrice_6414,True,2026-09-22T15:49:52,2026-09-22T15:49:52,2026-09-22T15:49:52
6414,樺漢,2021-01-07,250.0,-2.0,-0.79%,,20.44,,,,,,,ShowDailyK_ChartFlow,FinMind_API_TaiwanStockPrice_6414,True,2026-09-22T15:49:52,2026-09-22T15:49:52,2026-09-22T15:49:52
6414,樺漢,2021-01-08,245.0,-5.0,-2.00%,,20.03,,,,,,,ShowDailyK_ChartFlow,FinMind_API_TaiwanStockPrice_6414,True,2026-09-22T15:49:52,2026-09-22T15:49:52,2026-09-22T15:49:52
6414,樺漢,2021-01-11,252.0,7.0,2.86%,,20.61,,,,,,,ShowDailyK_ChartFlow,FinMind_API_TaiwanStockPrice_6414,True,2026-09-22T15:49:52,2026-09-22T15:49:52,2026-09-22T15:49:52
6414,樺漢,2021-01-12,247.5,-4.5,-1.79%,,20.24,,,,,,,ShowDailyK_ChartFlow,FinMind_API_TaiwanStockPrice_6414,True,2026-09-22T15:49:52,2026-09-22T15:49:52,2026-09-22T15:49:52
6414,樺漢,2021-01-13,249.0,1.5,0.61%,,20.36,,,,,,,ShowDailyK_ChartFlow,FinMind_API_TaiwanStockPrice_6414,True,2026-09-22T15:49:52,2026-09-22T15:49:52,2026-09-22T15:49:52
6414,樺漢,2021-01-14,273.5,24.5,9.84%,,22.36,,,,,,,ShowDailyK_ChartFlow,FinMind_API_TaiwanStockPrice_6414,True,2026-09-22T15:49:52,2026-09-22T15:49:52,2026-09-22T15:49:52
6414,樺漢,2021-01-15,265.0,-8.5,-3.11%,,21.67,,,,,,,ShowDailyK_ChartFlow,FinMind_API_TaiwanStockPrice_6414,True,2026-09-22T15:49:52,2026-09-22T15:49:52,2026-09-22T15:49:52
6414,樺漢,2021-01-18,266.5,1.5,0.57%,,21.79,,,,,,,ShowDailyK_ChartFlow,FinMind_API_TaiwanStockPrice_6414,True,2026-09-22T15:49:52,2026-09-22T15:49:52,2026-09-22T15:49:52
6414,樺漢,2021-01-19,267.5,1.0,0.38%,,21.87,,,,,,,ShowDailyK_ChartFlow,FinMind_API_TaiwanStockPrice_6414,True,2026-09-22T15:49:52,2026-09-22T15:49:52,2026-09-22T15:49:52
6414,樺漢,2021-01-20,265.0,-2.5,-0.93%,,21.67,,,,,,,ShowDailyK_ChartFlow,FinMind_API_TaiwanStockPrice_6414,True,2026-09-22T15:49:52,2026-09-22T15:49:52,2026-09-22T15:49:52
6414,樺漢,2021-01-21,260.5,-4.5,-1.70%,,21.3,,,,,,,ShowDailyK_ChartFlow,FinMind_API_TaiwanStockPrice_6414,True,2026-09-22T15:49:52,2026-09-22T15:49:52,2026-09-22T15:49:52
6414,樺漢,2021-01-22,266.5,6.0,2.30%,,21.79,,,,,,,ShowDailyK_ChartFlow,FinMind_API_TaiwanStockPrice_6414,True,2026-09-22T15:49:52,2026-09-22T15:49:52,2026-09-22T15:49:52
6414,樺漢,2021-01-25,261.0,-5.5,-2.06%,,21.34,,,,,,,ShowDailyK_ChartFlow,FinMind_API_TaiwanStockPrice_6414,True,2026-09-22T15:49:52,2026-09-22T15:49:52,2026-09-22T15:49:52
6414,樺漢,2021-01-26,258.5,-2.5,-0.96%,,21.14,,,,,,,ShowDailyK_ChartFlow,FinMind_API_TaiwanStockPrice_6414,True,2026-09-22T15:49:52,2026-09-22T15:49:52,2026-09-22T15:49:52
6414,樺漢,2021-01-27,269.0,10.5,4.06%,,22.0,,,,,,,ShowDailyK_ChartFlow,FinMind_API_TaiwanStockPrice_6414,True,2026-09-22T15:49:52,2026-09-22T15:49:52,2026-09-22T15:49:52
6414,樺漢,2021-01-28,268.5,-0.5,-0.19%,,21.95,,,,,,,ShowDailyK_ChartFlow,FinMind_API_TaiwanStockPrice_6414,True,2026-09-22T15:49:52,2026-09-22T15:49:52,2026-09-22T15:49:52
6414,樺漢,2021-01-29,260.0,-8.5,-3.17%,,21.26,,,,,,,ShowDailyK_ChartFlow,FinMind_API_TaiwanStockPrice_6414,True,2026-09-22T15:49:52,2026-09-22T15:49:52,2026-09-22T15:49:52
6414,樺漢,2021-02-01,258.5,-1.5,-0.58%,,21.14,,,,,,,ShowDailyK_ChartFlow,FinMind_API_TaiwanStockPrice_6414,True,2026-09-22T15:49:52,2026-09-22T15:49:52,2026-09-22T15:49:52
6414,樺漢,2021-02-02,264.0,5.5,2.13%,,21.59,,,,,,,ShowDailyK_ChartFlow,FinMind_API_TaiwanStockPrice_6414,True,2026-09-22T15:49:52,2026-09-22T15:49:52,2026-09-22T15:49:52
6414,樺漢,2021-02-03,260.5,-3.5,-1.33%,,21.3,,,,,,,ShowDailyK_ChartFlow,FinMind_API_TaiwanStockPrice_6414,True,2026-09-22T15:49:52,2026-09-22T15:49:52,2026-09-22T15:49:52
6414,樺漢,2021-02-04,256.5,-4.0,-1.54%,,20.97,,,,,,,ShowDailyK_ChartFlow,FinMind_API_TaiwanStockPrice_6414,True,2026-09-22T15:49:52,2026-09-22T15:49:52,2026-09-22T15:49:52
6414,樺漢,2021-02-05,256.5,0.0,0.00%,,20.97,,,,,,,ShowDailyK_ChartFlow,FinMind_API_TaiwanStockPrice_6414,True,2026-09-22T15:49:52,2026-09-22T15:49:52,2026-09-22T15:49:52
6414,樺漢,2021-02-17,253.0,-3.5,-1.36%,,20.69,,,,,,,ShowDailyK_ChartFlow,FinMind_API_TaiwanStockPrice_6414,True,2026-09-22T15:49:52,2026-09-22T15:49:52,2026-09-22T15:49:52
6414,樺漢,2021-02-18,254.0,1.0,0.40%,,20.77,,,,,,,ShowDailyK_ChartFlow,FinMind_API_TaiwanStockPrice_6414,True,2026-09-22T15:49:52,2026-09-22T15:49:52,2026-09-22T15:49:52
6414,樺漢,2021-02-19,259.5,5.5,2.17%,,21.22,,,,,,,ShowDailyK_ChartFlow,FinMind_API_TaiwanStockPrice_6414,True,2026-09-22T15:49:52,2026-09-22T15:49:52,2026-09-22T15:49:52
6414,樺漢,2021-02-22,259.0,-0.5,-0.19%,,21.18,,,,,,,ShowDailyK_ChartFlow,FinMind_API_TaiwanStockPrice_6414,True,2026-09-22T15:49:52,2026-09-22T15:49:52,2026-09-22T15:49:52
6414,樺漢,2021-02-23,259.5,0.5,0.19%,,21.22,,,,,,,ShowDailyK_ChartFlow,FinMind_API_TaiwanStockPrice_6414,True,2026-09-22T15:49:52,2026-09-22T15:49:52,2026-09-22T15:49:52
6414,樺漢,2021-02-24,259.5,0.0,0.00%,,21.22,,,,,,,ShowDailyK_ChartFlow,FinMind_API_TaiwanStockPrice_6414,True,2026-09-22T15:49:52,2026-09-22T15:49:52,2026-09-22T15:49:52
6414,樺漢,2021-02-25,257.0,-2.5,-0.96%,,21.01,,,,,,,ShowDailyK_ChartFlow,FinMind_API_TaiwanStockPrice_6414,True,2026-09-22T15:49:52,2026-09-22T15:49:52,2026-09-22T15:49:52
6414,樺漢,2021-02-26,252.5,-4.5,-1.75%,,20.65,,,,,,,ShowDailyK_ChartFlow,FinMind_API_TaiwanStockPrice_6414,True,2026-09-22T15:49:52,2026-09-22T15:49:52,2026-09-22T15:49:52
6414,樺漢,2021-03-02,248.0,-4.5,-1.78%,,20.28,,,,,,,ShowDailyK_ChartFlow,FinMind_API_TaiwanStockPrice_6414,True,2026-09-22T15:49:52,2026-09-22T15:49:52,2026-09-22T15:49:52
6414,樺漢,2021-03-03,250.0,2.0,0.81%,,20.44,,,,,,,ShowDailyK_ChartFlow,FinMind_API_TaiwanStockPrice_6414,True,2026-09-22T15:49:52,2026-09-22T15:49:52,2026-09-22T15:49:52
6414,樺漢,2021-03-04,243.5,-6.5,-2.60%,,19.91,,,,,,,ShowDailyK_ChartFlow,FinMind_API_TaiwanStockPrice_6414,True,2026-09-22T15:49:52,2026-09-22T15:49:52,2026-09-22T15:49:52
6414,樺漢,2021-03-05,239.0,-4.5,-1.85%,,19.54,,,,,,,ShowDailyK_ChartFlow,FinMind_API_TaiwanStockPrice_6414,True,2026-09-22T15:49:52,2026-09-22T15:49:52,2026-09-22T15:49:52
6414,樺漢,2021-03-08,233.5,-5.5,-2.30%,,19.09,,,,,,,ShowDailyK_ChartFlow,FinMind_API_TaiwanStockPrice_6414,True,2026-09-22T15:49:52,2026-09-22T15:49:52,2026-09-22T15:49:52
6414,樺漢,2021-03-09,230.0,-3.5,-1.50%,,18.81,,,,,,,ShowDailyK_ChartFlow,FinMind_API_TaiwanStockPrice_6414,True,2026-09-22T15:49:52,2026-09-22T15:49:52,2026-09-22T15:49:52
6414,樺漢,2021-03-10,230.5,0.5,0.22%,,18.85,,,,,,,ShowDailyK_ChartFlow,FinMind_API_TaiwanStockPrice_6414,True,2026-09-22T15:49:52,2026-09-22T15:49:52,2026-09-22T15:49:52
6414,樺漢,2021-03-11,238.0,7.5,3.25%,,19.46,,,,,,,ShowDailyK_ChartFlow,FinMind_API_TaiwanStockPrice_6414,True,2026-09-22T15:49:52,2026-09-22T15:49:52,2026-09-22T15:49:52
6414,樺漢,2021-03-12,237.5,-0.5,-0.21%,,19.42,,,,,,,ShowDailyK_ChartFlow,FinMind_API_TaiwanStockPrice_6414,True,2026-09-22T15:49:52,2026-09-22T15:49:52,2026-09-22T15:49:52
6414,樺漢,2021-03-15,238.5,1.0,0.42%,,19.5,,,,,,,ShowDailyK_ChartFlow,FinMind_API_TaiwanStockPrice_6414,True,2026-09-22T15:49:52,2026-09-22T15:49:52,2026-09-22T15:49:52
6414,樺漢,2021-03-16,236.0,-2.5,-1.05%,,19.3,,,,,,,ShowDailyK_ChartFlow,FinMind_API_TaiwanStockPrice_6414,True,2026-09-22T15:49:52,2026-09-22T15:49:52,2026-09-22T15:49:52
6414,樺漢,2021-03-17,240.0,4.0,1.69%,,19.62,,,,,,,ShowDailyK_ChartFlow,FinMind_API_TaiwanStockPrice_6414,True,2026-09-22T15:49:52,2026-09-22T15:49:52,2026-09-22T15:49:52
6414,樺漢,2021-03-18,241.0,1.0,0.42%,,19.71,,,,,,,ShowDailyK_ChartFlow,FinMind_API_TaiwanStockPrice_6414,True,2026-09-22T15:49:52,2026-09-22T15:49:52,2026-09-22T15:49:52
6414,樺漢,2021-03-19,238.0,-3.0,-1.24%,,19.46,,,,,,,ShowDailyK_ChartFlow,FinMind_API_TaiwanStockPrice_6414,True,2026-09-22T15:49:52,2026-09-22T15:49:52,2026-09-22T15:49:52
6414,樺漢,2021-03-22,239.0,1.0,0.42%,,19.54,,,,,,,ShowDailyK_ChartFlow,FinMind_API_TaiwanStockPrice_6414,True,2026-09-22T15:49:52,2026-09-22T15:49:52,2026-09-22T15:49:52
6414,樺漢,2021-03-23,242.5,3.5,1.46%,,19.83,,,,,,,ShowDailyK_ChartFlow,FinMind_API_TaiwanStockPrice_6414,True,2026-09-22T15:49:52,2026-09-22T15:49:52,2026-09-22T15:49:52
6414,樺漢,2021-03-24,239.0,-3.5,-1.44%,,19.54,,,,,,,ShowDailyK_ChartFlow,FinMind_API_TaiwanStockPrice_6414,True,2026-09-22T15:49:52,2026-09-22T15:49:52,2026-09-22T15:49:52
6414,樺漢,2021-03-25,244.5,5.5,2.30%,,19.99,,,,,,,ShowDailyK_ChartFlow,FinMind_API_TaiwanStockPrice_6414,True,2026-09-22T15:49:52,2026-09-22T15:49:52,2026-09-22T15:49:52
6414,樺漢,2021-03-26,245.5,1.0,0.41%,,20.07,,,,,,,ShowDailyK_ChartFlow,FinMind_API_TaiwanStockPrice_6414,True,2026-09-22T15:49:52,2026-09-22T15:49:52,2026-09-22T15:49:52
6414,樺漢,2021-03-29,247.0,1.5,0.61%,,20.58,,,,,,,ShowDailyK_ChartFlow,FinMind_API_TaiwanStockPrice_6414,True,2026-09-22T15:49:52,2026-09-22T15:49:52,2026-09-22T15:49:52
6414,樺漢,2021-03-30,249.0,2.0,0.81%,,20.75,,,,,,,ShowDailyK_ChartFlow,FinMind_API_TaiwanStockPrice_6414,True,2026-09-22T15:49:52,2026-09-22T15:49:52,2026-09-22T15:49:52
6414,樺漢,2021-03-31,242.5,-6.5,-2.61%,2.06,20.21,30.9,37.08,43.26,49.44,55.62,61.8,ShowDailyK_ChartFlow,FinMind_API_TaiwanStockPrice_6414,True,2026-09-22T15:49:52,2026-09-22T15:49:52,2026-09-22T15:49:52
6414,樺漢,2021-04-01,240.5,-2.0,-0.82%,2.06,20.04,30.9,37.08,43.26,49.44,55.62,61.8,ShowDailyK_ChartFlow,FinMind_API_TaiwanStockPrice_6414,True,2026-09-22T15:49:52,2026-09-22T15:49:52,2026-09-22T15:49:52
6414,樺漢,2021-04-06,244.5,4.0,1.66%,2.06,20.38,30.9,37.08,43.26,49.44,55.62,61.8,ShowDailyK_ChartFlow,FinMind_API_TaiwanStockPrice_6414,True,2026-09-22T15:49:52,2026-09-22T15:49:52,2026-09-22T15:49:52
6414,樺漢,2021-04-07,244.5,0.0,0.00%,2.06,20.38,30.9,37.08,43.26,49.44,55.62,61.8,ShowDailyK_ChartFlow,FinMind_API_TaiwanStockPrice_6414,True,2026-09-22T15:49:52,2026-09-22T15:49:52,2026-09-22T15:49:52
6414,樺漢,2021-04-08,247.0,2.5,1.02%,2.06,20.58,30.9,37.08,43.26,49.44,55.62,61.8,ShowDailyK_ChartFlow,FinMind_API_TaiwanStockPrice_6414,True,2026-09-22T15:49:52,2026-09-22T15:49:52,2026-09-22T15:49:52
6414,樺漢,2021-04-09,242.5,-4.5,-1.82%,2.06,20.21,30.9,37.08,43.26,49.44,55.62,61.8,ShowDailyK_ChartFlow,FinMind_API_TaiwanStockPrice_6414,True,2026-09-22T15:49:52,2026-09-22T15:49:52,2026-09-22T15:49:52
6414,樺漢,2021-04-12,244.0,1.5,0.62%,2.06,20.33,30.9,37.08,43.26,49.44,55.62,61.8,ShowDailyK_ChartFlow,FinMind_API_TaiwanStockPrice_6414,True,2026-09-22T15:49:52,2026-09-22T15:49:52,2026-09-22T15:49:52
6414,樺漢,2021-04-13,240.0,-4.0,-1.64%,2.06,20.0,30.9,37.08,43.26,49.44,55.62,61.8,ShowDailyK_ChartFlow,FinMind_API_TaiwanStockPrice_6414,True,2026-09-22T15:49:52,2026-09-22T15:49:52,2026-09-22T15:49:52
6414,樺漢,2021-04-14,235.0,-5.0,-2.08%,2.06,19.58,30.9,37.08,43.26,49.44,55.62,61.8,ShowDailyK_ChartFlow,FinMind_API_TaiwanStockPrice_6414,True,2026-09-22T15:49:52,2026-09-22T15:49:52,2026-09-22T15:49:52
6414,樺漢,2021-04-15,237.5,2.5,1.06%,2.06,19.79,30.9,37.08,43.26,49.44,55.62,61.8,ShowDailyK_ChartFlow,FinMind_API_TaiwanStockPrice_6414,True,2026-09-22T15:49:52,2026-09-22T15:49:52,2026-09-22T15:49:52
6414,樺漢,2021-04-16,239.0,1.5,0.63%,2.06,19.92,30.9,37.08,43.26,49.44,55.62,61.8,ShowDailyK_ChartFlow,FinMind_API_TaiwanStockPrice_6414,True,2026-09-22T15:49:52,2026-09-22T15:49:52,2026-09-22T15:49:52
6414,樺漢,2021-04-19,240.5,1.5,0.63%,2.06,20.04,30.9,37.08,43.26,49.44,55.62,61.8,ShowDailyK_ChartFlow,FinMind_API_TaiwanStockPrice_6414,True,2026-09-22T15:49:52,2026-09-22T15:49:52,2026-09-22T15:49:52
6414,樺漢,2021-04-20,240.5,0.0,0.00%,2.06,20.04,30.9,37.08,43.26,49.44,55.62,61.8,ShowDailyK_ChartFlow,FinMind_API_TaiwanStockPrice_6414,True,2026-09-22T15:49:52,2026-09-22T15:49:52,2026-09-22T15:49:52
6414,樺漢,2021-04-21,235.5,-5.0,-2.08%,2.06,19.63,30.9,37.08,43.26,49.44,55.62,61.8,ShowDailyK_ChartFlow,FinMind_API_TaiwanStockPrice_6414,True,2026-09-22T15:49:52,2026-09-22T15:49:52,2026-09-22T15:49:52
6414,樺漢,2021-04-22,232.0,-3.5,-1.49%,2.06,19.33,30.9,37.08,43.26,49.44,55.62,61.8,ShowDailyK_ChartFlow,FinMind_API_TaiwanStockPrice_6414,True,2026-09-22T15:49:52,2026-09-22T15:49:52,2026-09-22T15:49:52
6414,樺漢,2021-04-23,232.0,0.0,0.00%,2.06,19.33,30.9,37.08,43.26,49.44,55.62,61.8,ShowDailyK_ChartFlow,FinMind_API_TaiwanStockPrice_6414,True,2026-09-22T15:49:52,2026-09-22T15:49:52,2026-09-22T15:49:52
6414,樺漢,2021-04-26,230.5,-1.5,-0.65%,2.06,19.21,30.9,37.08,43.26,49.44,55.62,61.8,ShowDailyK_ChartFlow,FinMind_API_TaiwanStockPrice_6414,True,2026-09-22T15:49:52,2026-09-22T15:49:52,2026-09-22T15:49:52
6414,樺漢,2021-04-27,234.0,3.5,1.52%,2.06,19.5,30.9,37.08,43.26,49.44,55.62,61.8,ShowDailyK_ChartFlow,FinMind_API_TaiwanStockPrice_6414,True,2026-09-22T15:49:52,2026-09-22T15:49:52,2026-09-22T15:49:52
6414,樺漢,2021-04-28,231.5,-2.5,-1.07%,2.06,19.29,30.9,37.08,43.26,49.44,55.62,61.8,ShowDailyK_ChartFlow,FinMind_API_TaiwanStockPrice_6414,True,2026-09-22T15:49:52,2026-09-22T15:49:52,2026-09-22T15:49:52
6414,樺漢,2021-04-29,232.5,1.0,0.43%,2.06,19.38,30.9,37.08,43.26,49.44,55.62,61.8,ShowDailyK_ChartFlow,FinMind_API_TaiwanStockPrice_6414,True,2026-09-22T15:49:52,2026-09-22T15:49:52,2026-09-22T15:49:52
6414,樺漢,2021-05-03,222.5,-10.0,-4.30%,2.06,18.54,30.9,37.08,43.26,49.44,55.62,61.8,ShowDailyK_ChartFlow,FinMind_API_TaiwanStockPrice_6414,True,2026-09-22T15:49:52,2026-09-22T15:49:52,2026-09-22T15:49:52
6414,樺漢,2021-05-04,213.5,-9.0,-4.04%,2.06,17.79,30.9,37.08,43.26,49.44,55.62,61.8,ShowDailyK_ChartFlow,FinMind_API_TaiwanStockPrice_6414,True,2026-09-22T15:49:52,2026-09-22T15:49:52,2026-09-22T15:49:52
6414,樺漢,2021-05-05,210.0,-3.5,-1.64%,2.06,17.5,30.9,37.08,43.26,49.44,55.62,61.8,ShowDailyK_ChartFlow,FinMind_API_TaiwanStockPrice_6414,True,2026-09-22T15:49:52,2026-09-22T15:49:52,2026-09-22T15:49:52
6414,樺漢,2021-05-06,213.5,3.5,1.67%,2.06,17.79,30.9,37.08,43.26,49.44,55.62,61.8,ShowDailyK_ChartFlow,FinMind_API_TaiwanStockPrice_6414,True,2026-09-22T15:49:52,2026-09-22T15:49:52,2026-09-22T15:49:52
6414,樺漢,2021-05-07,221.0,7.5,3.51%,2.06,18.42,30.9,37.08,43.26,49.44,55.62,61.8,ShowDailyK_ChartFlow,FinMind_API_TaiwanStockPrice_6414,True,2026-09-22T15:49:52,2026-09-22T15:49:52,2026-09-22T15:49:52
6414,樺漢,2021-05-10,215.0,-6.0,-2.71%,2.06,17.92,30.9,37.08,43.26,49.44,55.62,61.8,ShowDailyK_ChartFlow,FinMind_API_TaiwanStockPrice_6414,True,2026-09-22T15:49:52,2026-09-22T15:49:52,2026-09-22T15:49:52
6414,樺漢,2021-05-11,201.5,-13.5,-6.28%,2.06,16.79,30.9,37.08,43.26,49.44,55.62,61.8,ShowDailyK_ChartFlow,FinMind_API_TaiwanStockPrice_6414,True,2026-09-22T15:49:52,2026-09-22T15:49:52,2026-09-22T15:49:52
6414,樺漢,2021-05-12,189.0,-12.5,-6.20%,2.06,15.75,30.9,37.08,43.26,49.44,55.62,61.8,ShowDailyK_ChartFlow,FinMind_API_TaiwanStockPrice_6414,True,2026-09-22T15:49:52,2026-09-22T15:49:52,2026-09-22T15:49:52
6414,樺漢,2021-05-13,184.5,-4.5,-2.38%,2.06,15.38,30.9,37.08,43.26,49.44,55.62,61.8,ShowDailyK_ChartFlow,FinMind_API_TaiwanStockPrice_6414,True,2026-09-22T15:49:52,2026-09-22T15:49:52,2026-09-22T15:49:52
6414,樺漢,2021-05-14,192.0,7.5,4.07%,2.06,16.45,30.9,37.08,43.26,49.44,55.62,61.8,ShowDailyK_ChartFlow,FinMind_API_TaiwanStockPrice_6414,True,2026-09-22T15:49:52,2026-09-22T15:49:52,2026-09-22T15:49:52
6414,樺漢,2021-05-17,181.0,-11.0,-5.73%,2.06,15.51,30.9,37.08,43.26,49.44,55.62,61.8,ShowDailyK_ChartFlow,FinMind_API_TaiwanStockPrice_6414,True,2026-09-22T15:49:52,2026-09-22T15:49:52,2026-09-22T15:49:52
6414,樺漢,2021-05-18,192.5,11.5,6.35%,2.06,16.5,30.9,37.08,43.26,49.44,55.62,61.8,ShowDailyK_ChartFlow,FinMind_API_TaiwanStockPrice_6414,True,2026-09-22T15:49:52,2026-09-22T15:49:52,2026-09-22T15:49:52
6414,樺漢,2021-05-19,191.5,-1.0,-0.52%,2.06,16.41,30.9,37.08,43.26,49.44,55.62,61.8,ShowDailyK_ChartFlow,FinMind_API_TaiwanStockPrice_6414,True,2026-09-22T15:49:52,2026-09-22T15:49:52,2026-09-22T15:49:52
6414,樺漢,2021-05-20,189.0,-2.5,-1.31%,2.06,16.2,30.9,37.08,43.26,49.44,55.62,61.8,ShowDailyK_ChartFlow,FinMind_API_TaiwanStockPrice_6414,True,2026-09-22T15:49:52,2026-09-22T15:49:52,2026-09-22T15:49:52
6414,樺漢,2021-05-21,190.0,1.0,0.53%,2.06,16.28,30.9,37.08,43.26,49.44,55.62,61.8,ShowDailyK_ChartFlow,FinMind_API_TaiwanStockPrice_6414,True,2026-09-22T15:49:52,2026-09-22T15:49:52,2026-09-22T15:49:52
6414,樺漢,2021-05-24,197.5,7.5,3.95%,2.06,16.92,30.9,37.08,43.26,49.44,55.62,61.8,ShowDailyK_ChartFlow,FinMind_API_TaiwanStockPrice_6414,True,2026-09-22T15:49:52,2026-09-22T15:49:52,2026-09-22T15:49:52
6414,樺漢,2021-05-25,205.5,8.0,4.05%,2.06,17.61,30.9,37.08,43.26,49.44,55.62,61.8,ShowDailyK_ChartFlow,FinMind_API_TaiwanStockPrice_6414,True,2026-09-22T15:49:52,2026-09-22T15:49:52,2026-09-22T15:49:52
6414,樺漢,2021-05-26,206.0,0.5,0.24%,2.06,17.65,30.9,37.08,43.26,49.44,55.62,61.8,ShowDailyK_ChartFlow,FinMind_API_TaiwanStockPrice_6414,True,2026-09-22T15:49:52,2026-09-22T15:49:52,2026-09-22T15:49:52
6414,樺漢,2021-05-27,207.0,1.0,0.49%,2.06,17.74,30.9,37.08,43.26,49.44,55.62,61.8,ShowDailyK_ChartFlow,FinMind_API_TaiwanStockPrice_6414,True,2026-09-22T15:49:52,2026-09-22T15:49:52,2026-09-22T15:49:52
6414,樺漢,2021-05-28,209.0,2.0,0.97%,2.06,17.91,30.9,37.08,43.26,49.44,55.62,61.8,ShowDailyK_ChartFlow,FinMind_API_TaiwanStockPrice_6414,True,2026-09-22T15:49:52,2026-09-22T15:49:52,2026-09-22T15:49:52
6414,樺漢,2021-05-31,210.0,1.0,0.48%,2.06,17.99,30.9,37.08,43.26,49.44,55.62,61.8,ShowDailyK_ChartFlow,FinMind_API_TaiwanStockPrice_6414,True,2026-09-22T15:49:52,2026-09-22T15:49:52,2026-09-22T15:49:52
6414,樺漢,2021-06-01,210.5,0.5,0.24%,2.06,18.04,30.9,37.08,43.26,49.44,55.62,61.8,ShowDailyK_ChartFlow,FinMind_API_TaiwanStockPrice_6414,True,2026-09-22T15:49:52,2026-09-22T15:49:52,2026-09-22T15:49:52
6414,樺漢,2021-06-02,207.0,-3.5,-1.66%,2.06,17.74,30.9,37.08,43.26,49.44,55.62,61.8,ShowDailyK_ChartFlow,FinMind_API_TaiwanStockPrice_6414,True,2026-09-22T15:49:52,2026-09-22T15:49:52,2026-09-22T15:49:52
6414,樺漢,2021-06-03,207.0,0.0,0.00%,2.06,17.74,30.9,37.08,43.26,49.44,55.62,61.8,ShowDailyK_ChartFlow,FinMind_API_TaiwanStockPrice_6414,True,2026-09-22T15:49:52,2026-09-22T15:49:52,2026-09-22T15:49:52
6414,樺漢,2021-06-04,206.5,-0.5,-0.24%,2.06,17.69,30.9,37.08,43.26,49.44,55.62,61.8,ShowDailyK_ChartFlow,FinMind_API_TaiwanStockPrice_6414,True,2026-09-22T15:49:52,2026-09-22T15:49:52,2026-09-22T15:49:52
6414,樺漢,2021-06-07,203.5,-3.0,-1.45%,2.06,17.44,30.9,37.08,43.26,49.44,55.62,61.8,ShowDailyK_ChartFlow,FinMind_API_TaiwanStockPrice_6414,True,2026-09-22T15:49:52,2026-09-22T15:49:52,2026-09-22T15:49:52
6414,樺漢,2021-06-08,205.0,1.5,0.74%,2.06,17.57,30.9,37.08,43.26,49.44,55.62,61.8,ShowDailyK_ChartFlow,FinMind_API_TaiwanStockPrice_6414,True,2026-09-22T15:49:52,2026-09-22T15:49:52,2026-09-22T15:49:52
6414,樺漢,2021-06-09,207.5,2.5,1.22%,2.06,17.78,30.9,37.08,43.26,49.44,55.62,61.8,ShowDailyK_ChartFlow,FinMind_API_TaiwanStockPrice_6414,True,2026-09-22T15:49:52,2026-09-22T15:49:52,2026-09-22T15:49:52
6414,樺漢,2021-06-10,217.5,10.0,4.82%,2.06,18.64,30.9,37.08,43.26,49.44,55.62,61.8,ShowDailyK_ChartFlow,FinMind_API_TaiwanStockPrice_6414,True,2026-09-22T15:49:52,2026-09-22T15:49:52,2026-09-22T15:49:52
6414,樺漢,2021-06-11,213.5,-4.0,-1.84%,2.06,18.29,30.9,37.08,43.26,49.44,55.62,61.8,ShowDailyK_ChartFlow,FinMind_API_TaiwanStockPrice_6414,True,2026-09-22T15:49:52,2026-09-22T15:49:52,2026-09-22T15:49:52
6414,樺漢,2021-06-15,213.5,0.0,0.00%,2.06,18.29,30.9,37.08,43.26,49.44,55.62,61.8,ShowDailyK_ChartFlow,FinMind_API_TaiwanStockPrice_6414,True,2026-09-22T15:49:52,2026-09-22T15:49:52,2026-09-22T15:49:52
6414,樺漢,2021-06-16,213.5,0.0,0.00%,2.06,18.29,30.9,37.08,43.26,49.44,55.62,61.8,ShowDailyK_ChartFlow,FinMind_API_TaiwanStockPrice_6414,True,2026-09-22T15:49:52,2026-09-22T15:49:52,2026-09-22T15:49:52
6414,樺漢,2021-06-17,216.5,3.0,1.41%,2.06,18.55,30.9,37.08,43.26,49.44,55.62,61.8,ShowDailyK_ChartFlow,FinMind_API_TaiwanStockPrice_6414,True,2026-09-22T15:49:52,2026-09-22T15:49:52,2026-09-22T15:49:52
6414,樺漢,2021-06-18,215.5,-1.0,-0.46%,2.06,18.47,30.9,37.08,43.26,49.44,55.62,61.8,ShowDailyK_ChartFlow,FinMind_API_TaiwanStockPrice_6414,True,2026-09-22T15:49:52,2026-09-22T15:49:52,2026-09-22T15:49:52
6414,樺漢,2021-06-21,211.0,-4.5,-2.09%,2.06,18.08,30.9,37.08,43.26,49.44,55.62,61.8,ShowDailyK_ChartFlow,FinMind_API_TaiwanStockPrice_6414,True,2026-09-22T15:49:52,2026-09-22T15:49:52,2026-09-22T15:49:52
6414,樺漢,2021-06-22,211.0,0.0,0.00%,2.06,18.08,30.9,37.08,43.26,49.44,55.62,61.8,ShowDailyK_ChartFlow,FinMind_API_TaiwanStockPrice_6414,True,2026-09-22T15:49:52,2026-09-22T15:49:52,2026-09-22T15:49:52
6414,樺漢,2021-06-23,214.5,3.5,1.66%,2.06,18.38,30.9,37.08,43.26,49.44,55.62,61.8,ShowDailyK_ChartFlow,FinMind_API_TaiwanStockPrice_6414,True,2026-09-22T15:49:52,2026-09-22T15:49:52,2026-09-22T15:49:52
6414,樺漢,2021-06-24,217.5,3.0,1.40%,2.06,18.64,30.9,37.08,43.26,49.44,55.62,61.8,ShowDailyK_ChartFlow,FinMind_API_TaiwanStockPrice_6414,True,2026-09-22T15:49:52,2026-09-22T15:49:52,2026-09-22T15:49:52
6414,樺漢,2021-06-25,216.5,-1.0,-0.46%,2.06,18.55,30.9,37.08,43.26,49.44,55.62,61.8,ShowDailyK_ChartFlow,FinMind_API_TaiwanStockPrice_6414,True,2026-09-22T15:49:52,2026-09-22T15:49:52,2026-09-22T15:49:52
6414,樺漢,2021-06-28,215.5,-1.0,-0.46%,2.06,18.47,30.9,37.08,43.26,49.44,55.62,61.8,ShowDailyK_ChartFlow,FinMind_API_TaiwanStockPrice_6414,True,2026-09-22T15:49:52,2026-09-22T15:49:52,2026-09-22T15:49:52
6414,樺漢,2021-06-29,216.0,0.5,0.23%,2.06,18.51,30.9,37.08,43.26,49.44,55.62,61.8,ShowDailyK_ChartFlow,FinMind_API_TaiwanStockPrice_6414,True,2026-09-22T15:49:52,2026-09-22T15:49:52,2026-09-22T15:49:52
6414,樺漢,2021-06-30,219.0,3.0,1.39%,5.1899999999999995,18.77,77.85,93.42,108.99,124.56,140.13,155.7,ShowDailyK_ChartFlow,FinMind_API_TaiwanStockPrice_6414,True,2026-09-22T15:49:52,2026-09-22T15:49:52,2026-09-22T15:49:52
6414,樺漢,2021-07-01,217.5,-1.5,-0.68%,5.1899999999999995,18.64,77.85,93.42,108.99,124.56,140.13,155.7,ShowDailyK_ChartFlow,FinMind_API_TaiwanStockPrice_6414,True,2026-09-22T15:49:52,2026-09-22T15:49:52,2026-09-22T15:49:52
6414,樺漢,2021-07-02,215.0,-2.5,-1.15%,5.1899999999999995,18.42,77.85,93.42,108.99,124.56,140.13,155.7,ShowDailyK_ChartFlow,FinMind_API_TaiwanStockPrice_6414,True,2026-09-22T15:49:52,2026-09-22T15:49:52,2026-09-22T15:49:52
6414,樺漢,2021-07-05,218.0,3.0,1.40%,5.1899999999999995,18.68,77.85,93.42,108.99,124.56,140.13,155.7,ShowDailyK_ChartFlow,FinMind_API_TaiwanStockPrice_6414,True,2026-09-22T15:49:52,2026-09-22T15:49:52,2026-09-22T15:49:52
6414,樺漢,2021-07-06,218.5,0.5,0.23%,5.1899999999999995,18.72,77.85,93.42,108.99,124.56,140.13,155.7,ShowDailyK_ChartFlow,FinMind_API_TaiwanStockPrice_6414,True,2026-09-22T15:49:52,2026-09-22T15:49:52,2026-09-22T15:49:52
6414,樺漢,2021-07-07,223.5,5.0,2.29%,5.1899999999999995,19.15,77.85,93.42,108.99,124.56,140.13,155.7,ShowDailyK_ChartFlow,FinMind_API_TaiwanStockPrice_6414,True,2026-09-22T15:49:52,2026-09-22T15:49:52,2026-09-22T15:49:52
6414,樺漢,2021-07-08,229.5,6.0,2.68%,5.1899999999999995,19.67,77.85,93.42,108.99,124.56,140.13,155.7,ShowDailyK_ChartFlow,FinMind_API_TaiwanStockPrice_6414,True,2026-09-22T15:49:52,2026-09-22T15:49:52,2026-09-22T15:49:52
6414,樺漢,2021-07-09,230.0,0.5,0.22%,5.1899999999999995,19.71,77.85,93.42,108.99,124.56,140.13,155.7,ShowDailyK_ChartFlow,FinMind_API_TaiwanStockPrice_6414,True,2026-09-22T15:49:52,2026-09-22T15:49:52,2026-09-22T15:49:52
6414,樺漢,2021-07-12,234.0,4.0,1.74%,5.1899999999999995,20.05,77.85,93.42,108.99,124.56,140.13,155.7,ShowDailyK_ChartFlow,FinMind_API_TaiwanStockPrice_6414,True,2026-09-22T15:49:52,2026-09-22T15:49:52,2026-09-22T15:49:52
6414,樺漢,2021-07-13,234.5,0.5,0.21%,5.1899999999999995,20.09,77.85,93.42,108.99,124.56,140.13,155.7,ShowDailyK_ChartFlow,FinMind_API_TaiwanStockPrice_6414,True,2026-09-22T15:49:52,2026-09-22T15:49:52,2026-09-22T15:49:52
6414,樺漢,2021-07-14,233.5,-1.0,-0.43%,5.1899999999999995,20.01,77.85,93.42,108.99,124.56,140.13,155.7,ShowDailyK_ChartFlow,FinMind_API_TaiwanStockPrice_6414,True,2026-09-22T15:49:52,2026-09-22T15:49:52,2026-09-22T15:49:52
6414,樺漢,2021-07-15,236.0,2.5,1.07%,5.1899999999999995,20.22,77.85,93.42,108.99,124.56,140.13,155.7,ShowDailyK_ChartFlow,FinMind_API_TaiwanStockPrice_6414,True,2026-09-22T15:49:52,2026-09-22T15:49:52,2026-09-22T15:49:52
6414,樺漢,2021-07-16,233.0,-3.0,-1.27%,5.1899999999999995,19.97,77.85,93.42,108.99,124.56,140.13,155.7,ShowDailyK_ChartFlow,FinMind_API_TaiwanStockPrice_6414,True,2026-09-22T15:49:52,2026-09-22T15:49:52,2026-09-22T15:49:52
6414,樺漢,2021-07-19,228.5,-4.5,-1.93%,5.1899999999999995,19.58,77.85,93.42,108.99,124.56,140.13,155.7,ShowDailyK_ChartFlow,FinMind_API_TaiwanStockPrice_6414,True,2026-09-22T15:49:52,2026-09-22T15:49:52,2026-09-22T15:49:52
6414,樺漢,2021-07-20,224.0,-4.5,-1.97%,5.1899999999999995,19.19,77.85,93.42,108.99,124.56,140.13,155.7,ShowDailyK_ChartFlow,FinMind_API_TaiwanStockPrice_6414,True,2026-09-22T15:49:52,2026-09-22T15:49:52,2026-09-22T15:49:52
6414,樺漢,2021-07-21,222.0,-2.0,-0.89%,5.1899999999999995,19.02,77.85,93.42,108.99,124.56,140.13,155.7,ShowDailyK_ChartFlow,FinMind_API_TaiwanStockPrice_6414,True,2026-09-22T15:49:52,2026-09-22T15:49:52,2026-09-22T15:49:52
6414,樺漢,2021-07-22,224.0,2.0,0.90%,5.1899999999999995,19.19,77.85,93.42,108.99,124.56,140.13,155.7,ShowDailyK_ChartFlow,FinMind_API_TaiwanStockPrice_6414,True,2026-09-22T15:49:52,2026-09-22T15:49:52,2026-09-22T15:49:52
6414,樺漢,2021-07-23,223.5,-0.5,-0.22%,5.1899999999999995,19.15,77.85,93.42,108.99,124.56,140.13,155.7,ShowDailyK_ChartFlow,FinMind_API_TaiwanStockPrice_6414,True,2026-09-22T15:49:52,2026-09-22T15:49:52,2026-09-22T15:49:52
6414,樺漢,2021-07-26,228.0,4.5,2.01%,5.1899999999999995,19.54,77.85,93.42,108.99,124.56,140.13,155.7,ShowDailyK_ChartFlow,FinMind_API_TaiwanStockPrice_6414,True,2026-09-22T15:49:52,2026-09-22T15:49:52,2026-09-22T15:49:52
6414,樺漢,2021-07-27,227.0,-1.0,-0.44%,5.1899999999999995,19.45,77.85,93.42,108.99,124.56,140.13,155.7,ShowDailyK_ChartFlow,FinMind_API_TaiwanStockPrice_6414,True,2026-09-22T15:49:52,2026-09-22T15:49:52,2026-09-22T15:49:52
6414,樺漢,2021-07-28,226.0,-1.0,-0.44%,5.1899999999999995,19.37,77.85,93.42,108.99,124.56,140.13,155.7,ShowDailyK_ChartFlow,FinMind_API_TaiwanStockPrice_6414,True,2026-09-22T15:49:52,2026-09-22T15:49:52,2026-09-22T15:49:52
6414,樺漢,2021-07-29,226.0,0.0,0.00%,5.1899999999999995,19.37,77.85,93.42,108.99,124.56,140.13,155.7,ShowDailyK_ChartFlow,FinMind_API_TaiwanStockPrice_6414,True,2026-09-22T15:49:52,2026-09-22T15:49:52,2026-09-22T15:49:52
6414,樺漢,2021-07-30,224.0,-2.0,-0.88%,5.1899999999999995,19.19,77.85,93.42,108.99,124.56,140.13,155.7,ShowDailyK_ChartFlow,FinMind_API_TaiwanStockPrice_6414,True,2026-09-22T15:49:52,2026-09-22T15:49:52,2026-09-22T15:49:52
6414,樺漢,2021-08-02,227.0,3.0,1.34%,5.1899999999999995,19.45,77.85,93.42,108.99,124.56,140.13,155.7,ShowDailyK_ChartFlow,FinMind_API_TaiwanStockPrice_6414,True,2026-09-22T15:49:52,2026-09-22T15:49:52,2026-09-22T15:49:52
6414,樺漢,2021-08-03,227.0,0.0,0.00%,5.1899999999999995,19.45,77.85,93.42,108.99,124.56,140.13,155.7,ShowDailyK_ChartFlow,FinMind_API_TaiwanStockPrice_6414,True,2026-09-22T15:49:52,2026-09-22T15:49:52,2026-09-22T15:49:52
6414,樺漢,2021-08-04,226.5,-0.5,-0.22%,5.1899999999999995,19.41,77.85,93.42,108.99,124.56,140.13,155.7,ShowDailyK_ChartFlow,FinMind_API_TaiwanStockPrice_6414,True,2026-09-22T15:49:52,2026-09-22T15:49:52,2026-09-22T15:49:52
6414,樺漢,2021-08-05,225.0,-1.5,-0.66%,5.1899999999999995,19.28,77.85,93.42,108.99,124.56,140.13,155.7,ShowDailyK_ChartFlow,FinMind_API_TaiwanStockPrice_6414,True,2026-09-22T15:49:52,2026-09-22T15:49:52,2026-09-22T15:49:52
6414,樺漢,2021-08-06,222.5,-2.5,-1.11%,5.1899999999999995,19.07,77.85,93.42,108.99,124.56,140.13,155.7,ShowDailyK_ChartFlow,FinMind_API_TaiwanStockPrice_6414,True,2026-09-22T15:49:52,2026-09-22T15:49:52,2026-09-22T15:49:52
6414,樺漢,2021-08-09,219.0,-3.5,-1.57%,5.1899999999999995,18.77,77.85,93.42,108.99,124.56,140.13,155.7,ShowDailyK_ChartFlow,FinMind_API_TaiwanStockPrice_6414,True,2026-09-22T15:49:52,2026-09-22T15:49:52,2026-09-22T15:49:52
6414,樺漢,2021-08-10,215.0,-4.0,-1.83%,5.1899999999999995,18.42,77.85,93.42,108.99,124.56,140.13,155.7,ShowDailyK_ChartFlow,FinMind_API_TaiwanStockPrice_6414,True,2026-09-22T15:49:52,2026-09-22T15:49:52,2026-09-22T15:49:52
6414,樺漢,2021-08-11,209.5,-5.5,-2.56%,5.1899999999999995,17.95,77.85,93.42,108.99,124.56,140.13,155.7,ShowDailyK_ChartFlow,FinMind_API_TaiwanStockPrice_6414,True,2026-09-22T15:49:52,2026-09-22T15:49:52,2026-09-22T15:49:52
6414,樺漢,2021-08-12,212.5,3.0,1.43%,5.1899999999999995,18.21,77.85,93.42,108.99,124.56,140.13,155.7,ShowDailyK_ChartFlow,FinMind_API_TaiwanStockPrice_6414,True,2026-09-22T15:49:52,2026-09-22T15:49:52,2026-09-22T15:49:52
6414,樺漢,2021-08-13,207.0,-5.5,-2.59%,5.1899999999999995,17.8,77.85,93.42,108.99,124.56,140.13,155.7,ShowDailyK_ChartFlow,FinMind_API_TaiwanStockPrice_6414,True,2026-09-22T15:49:52,2026-09-22T15:49:52,2026-09-22T15:49:52
6414,樺漢,2021-08-16,200.5,-6.5,-3.14%,5.1899999999999995,17.17,77.85,93.42,108.99,124.56,140.13,155.7,ShowDailyK_ChartFlow,FinMind_API_TaiwanStockPrice_6414,True,2026-09-22T15:49:52,2026-09-22T15:49:52,2026-09-22T15:49:52
6414,樺漢,2021-08-17,199.0,-1.5,-0.75%,5.1899999999999995,17.04,77.85,93.42,108.99,124.56,140.13,155.7,ShowDailyK_ChartFlow,FinMind_API_TaiwanStockPrice_6414,True,2026-09-22T15:49:52,2026-09-22T15:49:52,2026-09-22T15:49:52
6414,樺漢,2021-08-18,203.0,4.0,2.01%,5.1899999999999995,17.38,77.85,93.42,108.99,124.56,140.13,155.7,ShowDailyK_ChartFlow,FinMind_API_TaiwanStockPrice_6414,True,2026-09-22T15:49:52,2026-09-22T15:49:52,2026-09-22T15:49:52
6414,樺漢,2021-08-19,197.0,-6.0,-2.96%,5.1899999999999995,16.87,77.85,93.42,108.99,124.56,140.13,155.7,ShowDailyK_ChartFlow,FinMind_API_TaiwanStockPrice_6414,True,2026-09-22T15:49:52,2026-09-22T15:49:52,2026-09-22T15:49:52
6414,樺漢,2021-08-20,196.0,-1.0,-0.51%,5.1899999999999995,16.78,77.85,93.42,108.99,124.56,140.13,155.7,ShowDailyK_ChartFlow,FinMind_API_TaiwanStockPrice_6414,True,2026-09-22T15:49:52,2026-09-22T15:49:52,2026-09-22T15:49:52
6414,樺漢,2021-08-23,200.0,4.0,2.04%,5.1899999999999995,17.12,77.85,93.42,108.99,124.56,140.13,155.7,ShowDailyK_ChartFlow,FinMind_API_TaiwanStockPrice_6414,True,2026-09-22T15:49:52,2026-09-22T15:49:52,2026-09-22T15:49:52
6414,樺漢,2021-08-24,199.0,-1.0,-0.50%,5.1899999999999995,17.04,77.85,93.42,108.99,124.56,140.13,155.7,ShowDailyK_ChartFlow,FinMind_API_TaiwanStockPrice_6414,True,2026-09-22T15:49:52,2026-09-22T15:49:52,2026-09-22T15:49:52
6414,樺漢,2021-08-25,203.0,4.0,2.01%,5.1899999999999995,17.38,77.85,93.42,108.99,124.56,140.13,155.7,ShowDailyK_ChartFlow,FinMind_API_TaiwanStockPrice_6414,True,2026-09-22T15:49:52,2026-09-22T15:49:52,2026-09-22T15:49:52
6414,樺漢,2021-08-26,199.5,-3.5,-1.72%,5.1899999999999995,17.08,77.85,93.42,108.99,124.56,140.13,155.7,ShowDailyK_ChartFlow,FinMind_API_TaiwanStockPrice_6414,True,2026-09-22T15:49:52,2026-09-22T15:49:52,2026-09-22T15:49:52
6414,樺漢,2021-08-27,198.5,-1.0,-0.50%,5.1899999999999995,16.99,77.85,93.42,108.99,124.56,140.13,155.7,ShowDailyK_ChartFlow,FinMind_API_TaiwanStockPrice_6414,True,2026-09-22T15:49:52,2026-09-22T15:49:52,2026-09-22T15:49:52
6414,樺漢,2021-08-30,196.5,-2.0,-1.01%,5.1899999999999995,16.82,77.85,93.42,108.99,124.56,140.13,155.7,ShowDailyK_ChartFlow,FinMind_API_TaiwanStockPrice_6414,True,2026-09-22T15:49:52,2026-09-22T15:49:52,2026-09-22T15:49:52
6414,樺漢,2021-08-31,195.5,-1.0,-0.51%,5.1899999999999995,16.74,77.85,93.42,108.99,124.56,140.13,155.7,ShowDailyK_ChartFlow,FinMind_API_TaiwanStockPrice_6414,True,2026-09-22T15:49:52,2026-09-22T15:49:52,2026-09-22T15:49:52
6414,樺漢,2021-09-01,199.5,4.0,2.05%,5.1899999999999995,17.08,77.85,93.42,108.99,124.56,140.13,155.7,ShowDailyK_ChartFlow,FinMind_API_TaiwanStockPrice_6414,True,2026-09-22T15:49:52,2026-09-22T15:49:52,2026-09-22T15:49:52
6414,樺漢,2021-09-02,197.5,-2.0,-1.00%,5.1899999999999995,16.91,77.85,93.42,108.99,124.56,140.13,155.7,ShowDailyK_ChartFlow,FinMind_API_TaiwanStockPrice_6414,True,2026-09-22T15:49:52,2026-09-22T15:49:52,2026-09-22T15:49:52
6414,樺漢,2021-09-03,201.0,3.5,1.77%,5.1899999999999995,17.21,77.85,93.42,108.99,124.56,140.13,155.7,ShowDailyK_ChartFlow,FinMind_API_TaiwanStockPrice_6414,True,2026-09-22T15:49:52,2026-09-22T15:49:52,2026-09-22T15:49:52
6414,樺漢,2021-09-06,194.5,-6.5,-3.23%,5.1899999999999995,16.65,77.85,93.42,108.99,124.56,140.13,155.7,ShowDailyK_ChartFlow,FinMind_API_TaiwanStockPrice_6414,True,2026-09-22T15:49:52,2026-09-22T15:49:52,2026-09-22T15:49:52
6414,樺漢,2021-09-07,193.5,-1.0,-0.51%,5.1899999999999995,16.57,77.85,93.42,108.99,124.56,140.13,155.7,ShowDailyK_ChartFlow,FinMind_API_TaiwanStockPrice_6414,True,2026-09-22T15:49:52,2026-09-22T15:49:52,2026-09-22T15:49:52
6414,樺漢,2021-09-08,187.5,-6.0,-3.10%,5.1899999999999995,16.05,77.85,93.42,108.99,124.56,140.13,155.7,ShowDailyK_ChartFlow,FinMind_API_TaiwanStockPrice_6414,True,2026-09-22T15:49:52,2026-09-22T15:49:52,2026-09-22T15:49:52
6414,樺漢,2021-09-09,190.5,3.0,1.60%,5.1899999999999995,16.31,77.85,93.42,108.99,124.56,140.13,155.7,ShowDailyK_ChartFlow,FinMind_API_TaiwanStockPrice_6414,True,2026-09-22T15:49:52,2026-09-22T15:49:52,2026-09-22T15:49:52
6414,樺漢,2021-09-10,192.5,2.0,1.05%,5.1899999999999995,16.48,77.85,93.42,108.99,124.56,140.13,155.7,ShowDailyK_ChartFlow,FinMind_API_TaiwanStockPrice_6414,True,2026-09-22T15:49:52,2026-09-22T15:49:52,2026-09-22T15:49:52
6414,樺漢,2021-09-13,191.0,-1.5,-0.78%,5.1899999999999995,16.35,77.85,93.42,108.99,124.56,140.13,155.7,ShowDailyK_ChartFlow,FinMind_API_TaiwanStockPrice_6414,True,2026-09-22T15:49:52,2026-09-22T15:49:52,2026-09-22T15:49:52
6414,樺漢,2021-09-14,190.0,-1.0,-0.52%,5.1899999999999995,16.27,77.85,93.42,108.99,124.56,140.13,155.7,ShowDailyK_ChartFlow,FinMind_API_TaiwanStockPrice_6414,True,2026-09-22T15:49:52,2026-09-22T15:49:52,2026-09-22T15:49:52
6414,樺漢,2021-09-15,189.0,-1.0,-0.53%,5.1899999999999995,16.18,77.85,93.42,108.99,124.56,140.13,155.7,ShowDailyK_ChartFlow,FinMind_API_TaiwanStockPrice_6414,True,2026-09-22T15:49:52,2026-09-22T15:49:52,2026-09-22T15:49:52
6414,樺漢,2021-09-16,188.5,-0.5,-0.26%,5.1899999999999995,16.14,77.85,93.42,108.99,124.56,140.13,155.7,ShowDailyK_ChartFlow,FinMind_API_TaiwanStockPrice_6414,True,2026-09-22T15:49:52,2026-09-22T15:49:52,2026-09-22T15:49:52
6414,樺漢,2021-09-17,192.0,3.5,1.86%,5.1899999999999995,16.44,77.85,93.42,108.99,124.56,140.13,155.7,ShowDailyK_ChartFlow,FinMind_API_TaiwanStockPrice_6414,True,2026-09-22T15:49:52,2026-09-22T15:49:52,2026-09-22T15:49:52
6414,樺漢,2021-09-22,193.0,1.0,0.52%,5.1899999999999995,16.52,77.85,93.42,108.99,124.56,140.13,155.7,ShowDailyK_ChartFlow,FinMind_API_TaiwanStockPrice_6414,True,2026-09-22T15:49:52,2026-09-22T15:49:52,2026-09-22T15:49:52
6414,樺漢,2021-09-23,193.5,0.5,0.26%,5.1899999999999995,16.57,77.85,93.42,108.99,124.56,140.13,155.7,ShowDailyK_ChartFlow,FinMind_API_TaiwanStockPrice_6414,True,2026-09-22T15:49:52,2026-09-22T15:49:52,2026-09-22T15:49:52
6414,樺漢,2021-09-24,199.5,6.0,3.10%,5.1899999999999995,17.08,77.85,93.42,108.99,124.56,140.13,155.7,ShowDailyK_ChartFlow,FinMind_API_TaiwanStockPrice_6414,True,2026-09-22T15:49:52,2026-09-22T15:49:52,2026-09-22T15:49:52
6414,樺漢,2021-09-27,197.5,-2.0,-1.00%,5.1899999999999995,16.91,77.85,93.42,108.99,124.56,140.13,155.7,ShowDailyK_ChartFlow,FinMind_API_TaiwanStockPrice_6414,True,2026-09-22T15:49:52,2026-09-22T15:49:52,2026-09-22T15:49:52
6414,樺漢,2021-09-28,195.5,-2.0,-1.01%,5.1899999999999995,16.74,77.85,93.42,108.99,124.56,140.13,155.7,ShowDailyK_ChartFlow,FinMind_API_TaiwanStockPrice_6414,True,2026-09-22T15:49:52,2026-09-22T15:49:52,2026-09-22T15:49:52
6414,樺漢,2021-09-29,192.0,-3.5,-1.79%,5.1899999999999995,16.44,77.85,93.42,108.99,124.56,140.13,155.7,ShowDailyK_ChartFlow,FinMind_API_TaiwanStockPrice_6414,True,2026-09-22T15:49:52,2026-09-22T15:49:52,2026-09-22T15:49:52
6414,樺漢,2021-09-30,192.5,0.5,0.26%,8.969999999999999,16.48,134.55,161.46,188.37,215.28,242.19,269.1,ShowDailyK_ChartFlow,FinMind_API_TaiwanStockPrice_6414,True,2026-09-22T15:49:52,2026-09-22T15:49:52,2026-09-22T15:49:52
6414,樺漢,2021-10-01,185.5,-7.0,-3.64%,8.969999999999999,15.88,134.55,161.46,188.37,215.28,242.19,269.1,ShowDailyK_ChartFlow,FinMind_API_TaiwanStockPrice_6414,True,2026-09-22T15:49:52,2026-09-22T15:49:52,2026-09-22T15:49:52
6414,樺漢,2021-10-04,184.5,-1.0,-0.54%,8.969999999999999,15.8,134.55,161.46,188.37,215.28,242.19,269.1,ShowDailyK_ChartFlow,FinMind_API_TaiwanStockPrice_6414,True,2026-09-22T15:49:52,2026-09-22T15:49:52,2026-09-22T15:49:52
6414,樺漢,2021-10-05,181.5,-3.0,-1.63%,8.969999999999999,15.54,134.55,161.46,188.37,215.28,242.19,269.1,ShowDailyK_ChartFlow,FinMind_API_TaiwanStockPrice_6414,True,2026-09-22T15:49:52,2026-09-22T15:49:52,2026-09-22T15:49:52
6414,樺漢,2021-10-06,176.0,-5.5,-3.03%,8.969999999999999,15.07,134.55,161.46,188.37,215.28,242.19,269.1,ShowDailyK_ChartFlow,FinMind_API_TaiwanStockPrice_6414,True,2026-09-22T15:49:52,2026-09-22T15:49:52,2026-09-22T15:49:52
6414,樺漢,2021-10-07,178.0,2.0,1.14%,8.969999999999999,15.24,134.55,161.46,188.37,215.28,242.19,269.1,ShowDailyK_ChartFlow,FinMind_API_TaiwanStockPrice_6414,True,2026-09-22T15:49:52,2026-09-22T15:49:52,2026-09-22T15:49:52
6414,樺漢,2021-10-08,181.5,3.5,1.97%,8.969999999999999,15.54,134.55,161.46,188.37,215.28,242.19,269.1,ShowDailyK_ChartFlow,FinMind_API_TaiwanStockPrice_6414,True,2026-09-22T15:49:52,2026-09-22T15:49:52,2026-09-22T15:49:52
6414,樺漢,2021-10-12,178.0,-3.5,-1.93%,8.969999999999999,15.24,134.55,161.46,188.37,215.28,242.19,269.1,ShowDailyK_ChartFlow,FinMind_API_TaiwanStockPrice_6414,True,2026-09-22T15:49:52,2026-09-22T15:49:52,2026-09-22T15:49:52
6414,樺漢,2021-10-13,178.0,0.0,0.00%,8.969999999999999,15.24,134.55,161.46,188.37,215.28,242.19,269.1,ShowDailyK_ChartFlow,FinMind_API_TaiwanStockPrice_6414,True,2026-09-22T15:49:52,2026-09-22T15:49:52,2026-09-22T15:49:52
6414,樺漢,2021-10-14,180.0,2.0,1.12%,8.969999999999999,15.41,134.55,161.46,188.37,215.28,242.19,269.1,ShowDailyK_ChartFlow,FinMind_API_TaiwanStockPrice_6414,True,2026-09-22T15:49:52,2026-09-22T15:49:52,2026-09-22T15:49:52
6414,樺漢,2021-10-15,185.5,5.5,3.06%,8.969999999999999,15.88,134.55,161.46,188.37,215.28,242.19,269.1,ShowDailyK_ChartFlow,FinMind_API_TaiwanStockPrice_6414,True,2026-09-22T15:49:52,2026-09-22T15:49:52,2026-09-22T15:49:52
6414,樺漢,2021-10-18,181.5,-4.0,-2.16%,8.969999999999999,15.54,134.55,161.46,188.37,215.28,242.19,269.1,ShowDailyK_ChartFlow,FinMind_API_TaiwanStockPrice_6414,True,2026-09-22T15:49:52,2026-09-22T15:49:52,2026-09-22T15:49:52
6414,樺漢,2021-10-19,181.5,0.0,0.00%,8.969999999999999,15.54,134.55,161.46,188.37,215.28,242.19,269.1,ShowDailyK_ChartFlow,FinMind_API_TaiwanStockPrice_6414,True,2026-09-22T15:49:52,2026-09-22T15:49:52,2026-09-22T15:49:52
6414,樺漢,2021-10-20,178.0,-3.5,-1.93%,8.969999999999999,15.24,134.55,161.46,188.37,215.28,242.19,269.1,ShowDailyK_ChartFlow,FinMind_API_TaiwanStockPrice_6414,True,2026-09-22T15:49:52,2026-09-22T15:49:52,2026-09-22T15:49:52
6414,樺漢,2021-10-21,178.5,0.5,0.28%,8.969999999999999,15.28,134.55,161.46,188.37,215.28,242.19,269.1,ShowDailyK_ChartFlow,FinMind_API_TaiwanStockPrice_6414,True,2026-09-22T15:49:52,2026-09-22T15:49:52,2026-09-22T15:49:52
6414,樺漢,2021-10-22,181.0,2.5,1.40%,8.969999999999999,15.5,134.55,161.46,188.37,215.28,242.19,269.1,ShowDailyK_ChartFlow,FinMind_API_TaiwanStockPrice_6414,True,2026-09-22T15:49:52,2026-09-22T15:49:52,2026-09-22T15:49:52
6414,樺漢,2021-10-25,183.5,2.5,1.38%,8.969999999999999,15.71,134.55,161.46,188.37,215.28,242.19,269.1,ShowDailyK_ChartFlow,FinMind_API_TaiwanStockPrice_6414,True,2026-09-22T15:49:52,2026-09-22T15:49:52,2026-09-22T15:49:52
6414,樺漢,2021-10-26,185.0,1.5,0.82%,8.969999999999999,15.84,134.55,161.46,188.37,215.28,242.19,269.1,ShowDailyK_ChartFlow,FinMind_API_TaiwanStockPrice_6414,True,2026-09-22T15:49:52,2026-09-22T15:49:52,2026-09-22T15:49:52
6414,樺漢,2021-10-27,185.0,0.0,0.00%,8.969999999999999,15.84,134.55,161.46,188.37,215.28,242.19,269.1,ShowDailyK_ChartFlow,FinMind_API_TaiwanStockPrice_6414,True,2026-09-22T15:49:52,2026-09-22T15:49:52,2026-09-22T15:49:52
6414,樺漢,2021-10-28,185.0,0.0,0.00%,8.969999999999999,15.84,134.55,161.46,188.37,215.28,242.19,269.1,ShowDailyK_ChartFlow,FinMind_API_TaiwanStockPrice_6414,True,2026-09-22T15:49:52,2026-09-22T15:49:52,2026-09-22T15:49:52
6414,樺漢,2021-10-29,184.0,-1.0,-0.54%,8.969999999999999,15.75,134.55,161.46,188.37,215.28,242.19,269.1,ShowDailyK_ChartFlow,FinMind_API_TaiwanStockPrice_6414,True,2026-09-22T15:49:52,2026-09-22T15:49:52,2026-09-22T15:49:52
6414,樺漢,2021-11-01,191.5,7.5,4.08%,8.969999999999999,16.4,134.55,161.46,188.37,215.28,242.19,269.1,ShowDailyK_ChartFlow,FinMind_API_TaiwanStockPrice_6414,True,2026-09-22T15:49:52,2026-09-22T15:49:52,2026-09-22T15:49:52
6414,樺漢,2021-11-02,193.0,1.5,0.78%,8.969999999999999,16.52,134.55,161.46,188.37,215.28,242.19,269.1,ShowDailyK_ChartFlow,FinMind_API_TaiwanStockPrice_6414,True,2026-09-22T15:49:52,2026-09-22T15:49:52,2026-09-22T15:49:52
6414,樺漢,2021-11-03,212.0,19.0,9.84%,8.969999999999999,18.15,134.55,161.46,188.37,215.28,242.19,269.1,ShowDailyK_ChartFlow,FinMind_API_TaiwanStockPrice_6414,True,2026-09-22T15:49:52,2026-09-22T15:49:52,2026-09-22T15:49:52
6414,樺漢,2021-11-04,219.0,7.0,3.30%,8.969999999999999,18.75,134.55,161.46,188.37,215.28,242.19,269.1,ShowDailyK_ChartFlow,FinMind_API_TaiwanStockPrice_6414,True,2026-09-22T15:49:52,2026-09-22T15:49:52,2026-09-22T15:49:52
6414,樺漢,2021-11-05,217.5,-1.5,-0.68%,8.969999999999999,18.62,134.55,161.46,188.37,215.28,242.19,269.1,ShowDailyK_ChartFlow,FinMind_API_TaiwanStockPrice_6414,True,2026-09-22T15:49:52,2026-09-22T15:49:52,2026-09-22T15:49:52
6414,樺漢,2021-11-08,218.5,1.0,0.46%,8.969999999999999,18.71,134.55,161.46,188.37,215.28,242.19,269.1,ShowDailyK_ChartFlow,FinMind_API_TaiwanStockPrice_6414,True,2026-09-22T15:49:52,2026-09-22T15:49:52,2026-09-22T15:49:52
6414,樺漢,2021-11-09,219.0,0.5,0.23%,8.969999999999999,18.75,134.55,161.46,188.37,215.28,242.19,269.1,ShowDailyK_ChartFlow,FinMind_API_TaiwanStockPrice_6414,True,2026-09-22T15:49:52,2026-09-22T15:49:52,2026-09-22T15:49:52
6414,樺漢,2021-11-10,225.0,6.0,2.74%,8.969999999999999,19.26,134.55,161.46,188.37,215.28,242.19,269.1,ShowDailyK_ChartFlow,FinMind_API_TaiwanStockPrice_6414,True,2026-09-22T15:49:52,2026-09-22T15:49:52,2026-09-22T15:49:52
6414,樺漢,2021-11-11,226.5,1.5,0.67%,8.969999999999999,17.99,134.55,161.46,188.37,215.28,242.19,269.1,ShowDailyK_ChartFlow,FinMind_API_TaiwanStockPrice_6414,True,2026-09-22T15:49:52,2026-09-22T15:49:52,2026-09-22T15:49:52
6414,樺漢,2021-11-12,226.5,0.0,0.00%,8.969999999999999,17.99,134.55,161.46,188.37,215.28,242.19,269.1,ShowDailyK_ChartFlow,FinMind_API_TaiwanStockPrice_6414,True,2026-09-22T15:49:52,2026-09-22T15:49:52,2026-09-22T15:49:52
6414,樺漢,2021-11-15,230.0,3.5,1.55%,8.969999999999999,18.27,134.55,161.46,188.37,215.28,242.19,269.1,ShowDailyK_ChartFlow,FinMind_API_TaiwanStockPrice_6414,True,2026-09-22T15:49:52,2026-09-22T15:49:52,2026-09-22T15:49:52
6414,樺漢,2021-11-16,225.5,-4.5,-1.96%,8.969999999999999,17.91,134.55,161.46,188.37,215.28,242.19,269.1,ShowDailyK_ChartFlow,FinMind_API_TaiwanStockPrice_6414,True,2026-09-22T15:49:52,2026-09-22T15:49:52,2026-09-22T15:49:52
6414,樺漢,2021-11-17,213.5,-12.0,-5.32%,8.969999999999999,16.96,134.55,161.46,188.37,215.28,242.19,269.1,ShowDailyK_ChartFlow,FinMind_API_TaiwanStockPrice_6414,True,2026-09-22T15:49:52,2026-09-22T15:49:52,2026-09-22T15:49:52
6414,樺漢,2021-11-18,213.5,0.0,0.00%,8.969999999999999,16.96,134.55,161.46,188.37,215.28,242.19,269.1,ShowDailyK_ChartFlow,FinMind_API_TaiwanStockPrice_6414,True,2026-09-22T15:49:52,2026-09-22T15:49:52,2026-09-22T15:49:52
6414,樺漢,2021-11-19,213.0,-0.5,-0.23%,8.969999999999999,16.92,134.55,161.46,188.37,215.28,242.19,269.1,ShowDailyK_ChartFlow,FinMind_API_TaiwanStockPrice_6414,True,2026-09-22T15:49:52,2026-09-22T15:49:52,2026-09-22T15:49:52
6414,樺漢,2021-11-22,216.0,3.0,1.41%,8.969999999999999,17.16,134.55,161.46,188.37,215.28,242.19,269.1,ShowDailyK_ChartFlow,FinMind_API_TaiwanStockPrice_6414,True,2026-09-22T15:49:52,2026-09-22T15:49:52,2026-09-22T15:49:52
6414,樺漢,2021-11-23,212.0,-4.0,-1.85%,8.969999999999999,16.84,134.55,161.46,188.37,215.28,242.19,269.1,ShowDailyK_ChartFlow,FinMind_API_TaiwanStockPrice_6414,True,2026-09-22T15:49:52,2026-09-22T15:49:52,2026-09-22T15:49:52
6414,樺漢,2021-11-24,215.5,3.5,1.65%,8.969999999999999,17.12,134.55,161.46,188.37,215.28,242.19,269.1,ShowDailyK_ChartFlow,FinMind_API_TaiwanStockPrice_6414,True,2026-09-22T15:49:52,2026-09-22T15:49:52,2026-09-22T15:49:52
6414,樺漢,2021-11-25,225.5,10.0,4.64%,8.969999999999999,17.91,134.55,161.46,188.37,215.28,242.19,269.1,ShowDailyK_ChartFlow,FinMind_API_TaiwanStockPrice_6414,True,2026-09-22T15:49:52,2026-09-22T15:49:52,2026-09-22T15:49:52
6414,樺漢,2021-11-26,221.5,-4.0,-1.77%,8.969999999999999,17.59,134.55,161.46,188.37,215.28,242.19,269.1,ShowDailyK_ChartFlow,FinMind_API_TaiwanStockPrice_6414,True,2026-09-22T15:49:52,2026-09-22T15:49:52,2026-09-22T15:49:52
6414,樺漢,2021-11-29,235.0,13.5,6.09%,8.969999999999999,18.67,134.55,161.46,188.37,215.28,242.19,269.1,ShowDailyK_ChartFlow,FinMind_API_TaiwanStockPrice_6414,True,2026-09-22T15:49:52,2026-09-22T15:49:52,2026-09-22T15:49:52
6414,樺漢,2021-11-30,244.0,9.0,3.83%,8.969999999999999,19.38,134.55,161.46,188.37,215.28,242.19,269.1,ShowDailyK_ChartFlow,FinMind_API_TaiwanStockPrice_6414,True,2026-09-22T15:49:52,2026-09-22T15:49:52,2026-09-22T15:49:52
6414,樺漢,2021-12-01,241.5,-2.5,-1.02%,8.969999999999999,19.18,134.55,161.46,188.37,215.28,242.19,269.1,ShowDailyK_ChartFlow,FinMind_API_TaiwanStockPrice_6414,True,2026-09-22T15:49:52,2026-09-22T15:49:52,2026-09-22T15:49:52
6414,樺漢,2021-12-02,238.0,-3.5,-1.45%,8.969999999999999,18.9,134.55,161.46,188.37,215.28,242.19,269.1,ShowDailyK_ChartFlow,FinMind_API_TaiwanStockPrice_6414,True,2026-09-22T15:49:52,2026-09-22T15:49:52,2026-09-22T15:49:52
6414,樺漢,2021-12-03,232.0,-6.0,-2.52%,8.969999999999999,18.43,134.55,161.46,188.37,215.28,242.19,269.1,ShowDailyK_ChartFlow,FinMind_API_TaiwanStockPrice_6414,True,2026-09-22T15:49:52,2026-09-22T15:49:52,2026-09-22T15:49:52
6414,樺漢,2021-12-06,229.0,-3.0,-1.29%,8.969999999999999,18.19,134.55,161.46,188.37,215.28,242.19,269.1,ShowDailyK_ChartFlow,FinMind_API_TaiwanStockPrice_6414,True,2026-09-22T15:49:52,2026-09-22T15:49:52,2026-09-22T15:49:52
6414,樺漢,2021-12-07,237.0,8.0,3.49%,8.969999999999999,18.82,134.55,161.46,188.37,215.28,242.19,269.1,ShowDailyK_ChartFlow,FinMind_API_TaiwanStockPrice_6414,True,2026-09-22T15:49:52,2026-09-22T15:49:52,2026-09-22T15:49:52
6414,樺漢,2021-12-08,238.5,1.5,0.63%,8.969999999999999,18.94,134.55,161.46,188.37,215.28,242.19,269.1,ShowDailyK_ChartFlow,FinMind_API_TaiwanStockPrice_6414,True,2026-09-22T15:49:52,2026-09-22T15:49:52,2026-09-22T15:49:52
6414,樺漢,2021-12-09,239.0,0.5,0.21%,8.969999999999999,18.98,134.55,161.46,188.37,215.28,242.19,269.1,ShowDailyK_ChartFlow,FinMind_API_TaiwanStockPrice_6414,True,2026-09-22T15:49:52,2026-09-22T15:49:52,2026-09-22T15:49:52
6414,樺漢,2021-12-10,240.5,1.5,0.63%,8.969999999999999,19.1,134.55,161.46,188.37,215.28,242.19,269.1,ShowDailyK_ChartFlow,FinMind_API_TaiwanStockPrice_6414,True,2026-09-22T15:49:52,2026-09-22T15:49:52,2026-09-22T15:49:52
6414,樺漢,2021-12-13,234.0,-6.5,-2.70%,8.969999999999999,18.59,134.55,161.46,188.37,215.28,242.19,269.1,ShowDailyK_ChartFlow,FinMind_API_TaiwanStockPrice_6414,True,2026-09-22T15:49:52,2026-09-22T15:49:52,2026-09-22T15:49:52
6414,樺漢,2021-12-14,233.0,-1.0,-0.43%,8.969999999999999,18.51,134.55,161.46,188.37,215.28,242.19,269.1,ShowDailyK_ChartFlow,FinMind_API_TaiwanStockPrice_6414,True,2026-09-22T15:49:52,2026-09-22T15:49:52,2026-09-22T15:49:52
6414,樺漢,2021-12-15,226.5,-6.5,-2.79%,8.969999999999999,17.99,134.55,161.46,188.37,215.28,242.19,269.1,ShowDailyK_ChartFlow,FinMind_API_TaiwanStockPrice_6414,True,2026-09-22T15:49:52,2026-09-22T15:49:52,2026-09-22T15:49:52
6414,樺漢,2021-12-16,238.5,12.0,5.30%,8.969999999999999,18.94,134.55,161.46,188.37,215.28,242.19,269.1,ShowDailyK_ChartFlow,FinMind_API_TaiwanStockPrice_6414,True,2026-09-22T15:49:52,2026-09-22T15:49:52,2026-09-22T15:49:52
6414,樺漢,2021-12-17,240.5,2.0,0.84%,8.969999999999999,19.1,134.55,161.46,188.37,215.28,242.19,269.1,ShowDailyK_ChartFlow,FinMind_API_TaiwanStockPrice_6414,True,2026-09-22T15:49:52,2026-09-22T15:49:52,2026-09-22T15:49:52
6414,樺漢,2021-12-20,236.5,-4.0,-1.66%,8.969999999999999,18.78,134.55,161.46,188.37,215.28,242.19,269.1,ShowDailyK_ChartFlow,FinMind_API_TaiwanStockPrice_6414,True,2026-09-22T15:49:52,2026-09-22T15:49:52,2026-09-22T15:49:52
6414,樺漢,2021-12-21,227.0,-9.5,-4.02%,8.969999999999999,18.03,134.55,161.46,188.37,215.28,242.19,269.1,ShowDailyK_ChartFlow,FinMind_API_TaiwanStockPrice_6414,True,2026-09-22T15:49:52,2026-09-22T15:49:52,2026-09-22T15:49:52
6414,樺漢,2021-12-22,224.0,-3.0,-1.32%,8.969999999999999,17.79,134.55,161.46,188.37,215.28,242.19,269.1,ShowDailyK_ChartFlow,FinMind_API_TaiwanStockPrice_6414,True,2026-09-22T15:49:52,2026-09-22T15:49:52,2026-09-22T15:49:52
6414,樺漢,2021-12-23,225.0,1.0,0.45%,8.969999999999999,17.87,134.55,161.46,188.37,215.28,242.19,269.1,ShowDailyK_ChartFlow,FinMind_API_TaiwanStockPrice_6414,True,2026-09-22T15:49:52,2026-09-22T15:49:52,2026-09-22T15:49:52
6414,樺漢,2021-12-24,225.0,0.0,0.00%,8.969999999999999,17.87,134.55,161.46,188.37,215.28,242.19,269.1,ShowDailyK_ChartFlow,FinMind_API_TaiwanStockPrice_6414,True,2026-09-22T15:49:52,2026-09-22T15:49:52,2026-09-22T15:49:52
6414,樺漢,2021-12-27,227.5,2.5,1.11%,8.969999999999999,18.07,134.55,161.46,188.37,215.28,242.19,269.1,ShowDailyK_ChartFlow,FinMind_API_TaiwanStockPrice_6414,True,2026-09-22T15:49:52,2026-09-22T15:49:52,2026-09-22T15:49:52
6414,樺漢,2021-12-28,224.0,-3.5,-1.54%,8.969999999999999,17.79,134.55,161.46,188.37,215.28,242.19,269.1,ShowDailyK_ChartFlow,FinMind_API_TaiwanStockPrice_6414,True,2026-09-22T15:49:52,2026-09-22T15:49:52,2026-09-22T15:49:52
6414,樺漢,2021-12-29,228.5,4.5,2.01%,8.969999999999999,18.15,134.55,161.46,188.37,215.28,242.19,269.1,ShowDailyK_ChartFlow,FinMind_API_TaiwanStockPrice_6414,True,2026-09-22T15:49:52,2026-09-22T15:49:52,2026-09-22T15:49:52
6414,樺漢,2021-12-30,236.5,8.0,3.50%,8.969999999999999,18.78,134.55,161.46,188.37,215.28,242.19,269.1,ShowDailyK_ChartFlow,FinMind_API_TaiwanStockPrice_6414,True,2026-09-22T15:49:52,2026-09-22T15:49:52,2026-09-22T15:49:52
6414,樺漢,2022-01-03,244.0,7.5,3.17%,13.899999999999999,19.38,208.5,250.2,291.9,333.6,375.3,417.0,ShowDailyK_ChartFlow,FinMind_API_TaiwanStockPrice_6414,True,2026-09-22T15:49:52,2026-09-22T15:49:52,2026-09-22T15:49:52
6414,樺漢,2022-01-04,251.0,7.0,2.87%,13.899999999999999,19.94,208.5,250.2,291.9,333.6,375.3,417.0,ShowDailyK_ChartFlow,FinMind_API_TaiwanStockPrice_6414,True,2026-09-22T15:49:52,2026-09-22T15:49:52,2026-09-22T15:49:52
6414,樺漢,2022-01-05,276.0,25.0,9.96%,13.899999999999999,21.92,208.5,250.2,291.9,333.6,375.3,417.0,ShowDailyK_ChartFlow,FinMind_API_TaiwanStockPrice_6414,True,2026-09-22T15:49:52,2026-09-22T15:49:52,2026-09-22T15:49:52
6414,樺漢,2022-01-06,258.0,-18.0,-6.52%,13.899999999999999,20.49,208.5,250.2,291.9,333.6,375.3,417.0,ShowDailyK_ChartFlow,FinMind_API_TaiwanStockPrice_6414,True,2026-09-22T15:49:52,2026-09-22T15:49:52,2026-09-22T15:49:52
6414,樺漢,2022-01-07,244.0,-14.0,-5.43%,13.899999999999999,19.38,208.5,250.2,291.9,333.6,375.3,417.0,ShowDailyK_ChartFlow,FinMind_API_TaiwanStockPrice_6414,True,2026-09-22T15:49:52,2026-09-22T15:49:52,2026-09-22T15:49:52
6414,樺漢,2022-01-10,247.5,3.5,1.43%,13.899999999999999,19.66,208.5,250.2,291.9,333.6,375.3,417.0,ShowDailyK_ChartFlow,FinMind_API_TaiwanStockPrice_6414,True,2026-09-22T15:49:52,2026-09-22T15:49:52,2026-09-22T15:49:52
6414,樺漢,2022-01-11,237.5,-10.0,-4.04%,13.899999999999999,18.86,208.5,250.2,291.9,333.6,375.3,417.0,ShowDailyK_ChartFlow,FinMind_API_TaiwanStockPrice_6414,True,2026-09-22T15:49:52,2026-09-22T15:49:52,2026-09-22T15:49:52
6414,樺漢,2022-01-12,234.0,-3.5,-1.47%,13.899999999999999,18.59,208.5,250.2,291.9,333.6,375.3,417.0,ShowDailyK_ChartFlow,FinMind_API_TaiwanStockPrice_6414,True,2026-09-22T15:49:52,2026-09-22T15:49:52,2026-09-22T15:49:52
6414,樺漢,2022-01-13,230.5,-3.5,-1.50%,13.899999999999999,18.31,208.5,250.2,291.9,333.6,375.3,417.0,ShowDailyK_ChartFlow,FinMind_API_TaiwanStockPrice_6414,True,2026-09-22T15:49:52,2026-09-22T15:49:52,2026-09-22T15:49:52
6414,樺漢,2022-01-14,229.0,-1.5,-0.65%,13.899999999999999,18.19,208.5,250.2,291.9,333.6,375.3,417.0,ShowDailyK_ChartFlow,FinMind_API_TaiwanStockPrice_6414,True,2026-09-22T15:49:52,2026-09-22T15:49:52,2026-09-22T15:49:52
6414,樺漢,2022-01-17,235.0,6.0,2.62%,13.899999999999999,18.67,208.5,250.2,291.9,333.6,375.3,417.0,ShowDailyK_ChartFlow,FinMind_API_TaiwanStockPrice_6414,True,2026-09-22T15:49:52,2026-09-22T15:49:52,2026-09-22T15:49:52
6414,樺漢,2022-01-18,232.0,-3.0,-1.28%,13.899999999999999,18.43,208.5,250.2,291.9,333.6,375.3,417.0,ShowDailyK_ChartFlow,FinMind_API_TaiwanStockPrice_6414,True,2026-09-22T15:49:52,2026-09-22T15:49:52,2026-09-22T15:49:52
6414,樺漢,2022-01-19,226.0,-6.0,-2.59%,13.899999999999999,17.95,208.5,250.2,291.9,333.6,375.3,417.0,ShowDailyK_ChartFlow,FinMind_API_TaiwanStockPrice_6414,True,2026-09-22T15:49:52,2026-09-22T15:49:52,2026-09-22T15:49:52
6414,樺漢,2022-01-20,229.0,3.0,1.33%,13.899999999999999,18.19,208.5,250.2,291.9,333.6,375.3,417.0,ShowDailyK_ChartFlow,FinMind_API_TaiwanStockPrice_6414,True,2026-09-22T15:49:52,2026-09-22T15:49:52,2026-09-22T15:49:52
6414,樺漢,2022-01-21,225.0,-4.0,-1.75%,13.899999999999999,17.87,208.5,250.2,291.9,333.6,375.3,417.0,ShowDailyK_ChartFlow,FinMind_API_TaiwanStockPrice_6414,True,2026-09-22T15:49:52,2026-09-22T15:49:52,2026-09-22T15:49:52
6414,樺漢,2022-01-24,222.5,-2.5,-1.11%,13.899999999999999,17.67,208.5,250.2,291.9,333.6,375.3,417.0,ShowDailyK_ChartFlow,FinMind_API_TaiwanStockPrice_6414,True,2026-09-22T15:49:52,2026-09-22T15:49:52,2026-09-22T15:49:52
6414,樺漢,2022-01-25,212.5,-10.0,-4.49%,13.899999999999999,16.88,208.5,250.2,291.9,333.6,375.3,417.0,ShowDailyK_ChartFlow,FinMind_API_TaiwanStockPrice_6414,True,2026-09-22T15:49:52,2026-09-22T15:49:52,2026-09-22T15:49:52
6414,樺漢,2022-01-26,211.0,-1.5,-0.71%,13.899999999999999,16.76,208.5,250.2,291.9,333.6,375.3,417.0,ShowDailyK_ChartFlow,FinMind_API_TaiwanStockPrice_6414,True,2026-09-22T15:49:52,2026-09-22T15:49:52,2026-09-22T15:49:52
6414,樺漢,2022-02-07,217.0,6.0,2.84%,13.899999999999999,17.24,208.5,250.2,291.9,333.6,375.3,417.0,ShowDailyK_ChartFlow,FinMind_API_TaiwanStockPrice_6414,True,2026-09-22T15:49:52,2026-09-22T15:49:52,2026-09-22T15:49:52
6414,樺漢,2022-02-08,220.5,3.5,1.61%,13.899999999999999,17.51,208.5,250.2,291.9,333.6,375.3,417.0,ShowDailyK_ChartFlow,FinMind_API_TaiwanStockPrice_6414,True,2026-09-22T15:49:52,2026-09-22T15:49:52,2026-09-22T15:49:52
6414,樺漢,2022-02-09,227.5,7.0,3.17%,13.899999999999999,18.07,208.5,250.2,291.9,333.6,375.3,417.0,ShowDailyK_ChartFlow,FinMind_API_TaiwanStockPrice_6414,True,2026-09-22T15:49:52,2026-09-22T15:49:52,2026-09-22T15:49:52
6414,樺漢,2022-02-10,226.5,-1.0,-0.44%,13.899999999999999,17.99,208.5,250.2,291.9,333.6,375.3,417.0,ShowDailyK_ChartFlow,FinMind_API_TaiwanStockPrice_6414,True,2026-09-22T15:49:52,2026-09-22T15:49:52,2026-09-22T15:49:52
6414,樺漢,2022-02-11,222.5,-4.0,-1.77%,13.899999999999999,17.67,208.5,250.2,291.9,333.6,375.3,417.0,ShowDailyK_ChartFlow,FinMind_API_TaiwanStockPrice_6414,True,2026-09-22T15:49:52,2026-09-22T15:49:52,2026-09-22T15:49:52
6414,樺漢,2022-02-14,213.5,-9.0,-4.04%,13.899999999999999,16.96,208.5,250.2,291.9,333.6,375.3,417.0,ShowDailyK_ChartFlow,FinMind_API_TaiwanStockPrice_6414,True,2026-09-22T15:49:52,2026-09-22T15:49:52,2026-09-22T15:49:52
6414,樺漢,2022-02-15,211.5,-2.0,-0.94%,13.899999999999999,16.8,208.5,250.2,291.9,333.6,375.3,417.0,ShowDailyK_ChartFlow,FinMind_API_TaiwanStockPrice_6414,True,2026-09-22T15:49:52,2026-09-22T15:49:52,2026-09-22T15:49:52
6414,樺漢,2022-02-16,216.5,5.0,2.36%,13.899999999999999,17.2,208.5,250.2,291.9,333.6,375.3,417.0,ShowDailyK_ChartFlow,FinMind_API_TaiwanStockPrice_6414,True,2026-09-22T15:49:52,2026-09-22T15:49:52,2026-09-22T15:49:52
6414,樺漢,2022-02-17,212.5,-4.0,-1.85%,13.899999999999999,16.88,208.5,250.2,291.9,333.6,375.3,417.0,ShowDailyK_ChartFlow,FinMind_API_TaiwanStockPrice_6414,True,2026-09-22T15:49:52,2026-09-22T15:49:52,2026-09-22T15:49:52
6414,樺漢,2022-02-18,212.0,-0.5,-0.24%,13.899999999999999,16.84,208.5,250.2,291.9,333.6,375.3,417.0,ShowDailyK_ChartFlow,FinMind_API_TaiwanStockPrice_6414,True,2026-09-22T15:49:52,2026-09-22T15:49:52,2026-09-22T15:49:52
6414,樺漢,2022-02-21,210.5,-1.5,-0.71%,13.899999999999999,16.72,208.5,250.2,291.9,333.6,375.3,417.0,ShowDailyK_ChartFlow,FinMind_API_TaiwanStockPrice_6414,True,2026-09-22T15:49:52,2026-09-22T15:49:52,2026-09-22T15:49:52
6414,樺漢,2022-02-22,202.0,-8.5,-4.04%,13.899999999999999,16.04,208.5,250.2,291.9,333.6,375.3,417.0,ShowDailyK_ChartFlow,FinMind_API_TaiwanStockPrice_6414,True,2026-09-22T15:49:52,2026-09-22T15:49:52,2026-09-22T15:49:52
6414,樺漢,2022-02-23,202.5,0.5,0.25%,13.899999999999999,16.08,208.5,250.2,291.9,333.6,375.3,417.0,ShowDailyK_ChartFlow,FinMind_API_TaiwanStockPrice_6414,True,2026-09-22T15:49:52,2026-09-22T15:49:52,2026-09-22T15:49:52
6414,樺漢,2022-02-24,196.5,-6.0,-2.96%,13.899999999999999,15.61,208.5,250.2,291.9,333.6,375.3,417.0,ShowDailyK_ChartFlow,FinMind_API_TaiwanStockPrice_6414,True,2026-09-22T15:49:52,2026-09-22T15:49:52,2026-09-22T15:49:52
6414,樺漢,2022-02-25,202.0,5.5,2.80%,13.899999999999999,16.04,208.5,250.2,291.9,333.6,375.3,417.0,ShowDailyK_ChartFlow,FinMind_API_TaiwanStockPrice_6414,True,2026-09-22T15:49:52,2026-09-22T15:49:52,2026-09-22T15:49:52
6414,樺漢,2022-03-01,208.0,6.0,2.97%,13.899999999999999,16.52,208.5,250.2,291.9,333.6,375.3,417.0,ShowDailyK_ChartFlow,FinMind_API_TaiwanStockPrice_6414,True,2026-09-22T15:49:52,2026-09-22T15:49:52,2026-09-22T15:49:52
6414,樺漢,2022-03-02,207.0,-1.0,-0.48%,13.899999999999999,16.44,208.5,250.2,291.9,333.6,375.3,417.0,ShowDailyK_ChartFlow,FinMind_API_TaiwanStockPrice_6414,True,2026-09-22T15:49:52,2026-09-22T15:49:52,2026-09-22T15:49:52
6414,樺漢,2022-03-03,206.5,-0.5,-0.24%,13.899999999999999,16.4,208.5,250.2,291.9,333.6,375.3,417.0,ShowDailyK_ChartFlow,FinMind_API_TaiwanStockPrice_6414,True,2026-09-22T15:49:52,2026-09-22T15:49:52,2026-09-22T15:49:52
6414,樺漢,2022-03-04,203.0,-3.5,-1.69%,13.899999999999999,16.12,208.5,250.2,291.9,333.6,375.3,417.0,ShowDailyK_ChartFlow,FinMind_API_TaiwanStockPrice_6414,True,2026-09-22T15:49:52,2026-09-22T15:49:52,2026-09-22T15:49:52
6414,樺漢,2022-03-07,192.5,-10.5,-5.17%,13.899999999999999,15.29,208.5,250.2,291.9,333.6,375.3,417.0,ShowDailyK_ChartFlow,FinMind_API_TaiwanStockPrice_6414,True,2026-09-22T15:49:52,2026-09-22T15:49:52,2026-09-22T15:49:52
6414,樺漢,2022-03-08,189.0,-3.5,-1.82%,13.899999999999999,15.01,208.5,250.2,291.9,333.6,375.3,417.0,ShowDailyK_ChartFlow,FinMind_API_TaiwanStockPrice_6414,True,2026-09-22T15:49:52,2026-09-22T15:49:52,2026-09-22T15:49:52
6414,樺漢,2022-03-09,191.0,2.0,1.06%,13.899999999999999,15.17,208.5,250.2,291.9,333.6,375.3,417.0,ShowDailyK_ChartFlow,FinMind_API_TaiwanStockPrice_6414,True,2026-09-22T15:49:52,2026-09-22T15:49:52,2026-09-22T15:49:52
6414,樺漢,2022-03-10,192.0,1.0,0.52%,13.899999999999999,15.25,208.5,250.2,291.9,333.6,375.3,417.0,ShowDailyK_ChartFlow,FinMind_API_TaiwanStockPrice_6414,True,2026-09-22T15:49:52,2026-09-22T15:49:52,2026-09-22T15:49:52
6414,樺漢,2022-03-11,192.5,0.5,0.26%,13.899999999999999,15.29,208.5,250.2,291.9,333.6,375.3,417.0,ShowDailyK_ChartFlow,FinMind_API_TaiwanStockPrice_6414,True,2026-09-22T15:49:52,2026-09-22T15:49:52,2026-09-22T15:49:52
6414,樺漢,2022-03-14,192.5,0.0,0.00%,13.899999999999999,15.29,208.5,250.2,291.9,333.6,375.3,417.0,ShowDailyK_ChartFlow,FinMind_API_TaiwanStockPrice_6414,True,2026-09-22T15:49:52,2026-09-22T15:49:52,2026-09-22T15:49:52
6414,樺漢,2022-03-15,189.5,-3.0,-1.56%,13.899999999999999,15.05,208.5,250.2,291.9,333.6,375.3,417.0,ShowDailyK_ChartFlow,FinMind_API_TaiwanStockPrice_6414,True,2026-09-22T15:49:52,2026-09-22T15:49:52,2026-09-22T15:49:52
6414,樺漢,2022-03-16,190.0,0.5,0.26%,13.899999999999999,15.09,208.5,250.2,291.9,333.6,375.3,417.0,ShowDailyK_ChartFlow,FinMind_API_TaiwanStockPrice_6414,True,2026-09-22T15:49:52,2026-09-22T15:49:52,2026-09-22T15:49:52
6414,樺漢,2022-03-17,197.0,7.0,3.68%,13.899999999999999,15.65,208.5,250.2,291.9,333.6,375.3,417.0,ShowDailyK_ChartFlow,FinMind_API_TaiwanStockPrice_6414,True,2026-09-22T15:49:52,2026-09-22T15:49:52,2026-09-22T15:49:52
6414,樺漢,2022-03-18,199.0,2.0,1.02%,13.899999999999999,15.81,208.5,250.2,291.9,333.6,375.3,417.0,ShowDailyK_ChartFlow,FinMind_API_TaiwanStockPrice_6414,True,2026-09-22T15:49:52,2026-09-22T15:49:52,2026-09-22T15:49:52
6414,樺漢,2022-03-21,201.5,2.5,1.26%,13.899999999999999,16.0,208.5,250.2,291.9,333.6,375.3,417.0,ShowDailyK_ChartFlow,FinMind_API_TaiwanStockPrice_6414,True,2026-09-22T15:49:52,2026-09-22T15:49:52,2026-09-22T15:49:52
6414,樺漢,2022-03-22,202.5,1.0,0.50%,13.899999999999999,16.08,208.5,250.2,291.9,333.6,375.3,417.0,ShowDailyK_ChartFlow,FinMind_API_TaiwanStockPrice_6414,True,2026-09-22T15:49:52,2026-09-22T15:49:52,2026-09-22T15:49:52
6414,樺漢,2022-03-23,204.5,2.0,0.99%,13.899999999999999,16.24,208.5,250.2,291.9,333.6,375.3,417.0,ShowDailyK_ChartFlow,FinMind_API_TaiwanStockPrice_6414,True,2026-09-22T15:49:52,2026-09-22T15:49:52,2026-09-22T15:49:52
6414,樺漢,2022-03-24,204.5,0.0,0.00%,13.899999999999999,16.24,208.5,250.2,291.9,333.6,375.3,417.0,ShowDailyK_ChartFlow,FinMind_API_TaiwanStockPrice_6414,True,2026-09-22T15:49:52,2026-09-22T15:49:52,2026-09-22T15:49:52
6414,樺漢,2022-03-25,203.0,-1.5,-0.73%,13.899999999999999,16.12,208.5,250.2,291.9,333.6,375.3,417.0,ShowDailyK_ChartFlow,FinMind_API_TaiwanStockPrice_6414,True,2026-09-22T15:49:52,2026-09-22T15:49:52,2026-09-22T15:49:52
6414,樺漢,2022-03-28,200.5,-2.5,-1.23%,13.899999999999999,15.93,208.5,250.2,291.9,333.6,375.3,417.0,ShowDailyK_ChartFlow,FinMind_API_TaiwanStockPrice_6414,True,2026-09-22T15:49:52,2026-09-22T15:49:52,2026-09-22T15:49:52
6414,樺漢,2022-03-29,199.5,-1.0,-0.50%,13.899999999999999,15.85,208.5,250.2,291.9,333.6,375.3,417.0,ShowDailyK_ChartFlow,FinMind_API_TaiwanStockPrice_6414,True,2026-09-22T15:49:52,2026-09-22T15:49:52,2026-09-22T15:49:52
6414,樺漢,2022-03-30,202.5,3.0,1.50%,13.899999999999999,16.08,208.5,250.2,291.9,333.6,375.3,417.0,ShowDailyK_ChartFlow,FinMind_API_TaiwanStockPrice_6414,True,2026-09-22T15:49:52,2026-09-22T15:49:52,2026-09-22T15:49:52
6414,樺漢,2022-03-31,202.0,-0.5,-0.25%,14.809999999999999,16.04,222.15,266.58,311.01,355.44,399.87,444.3,ShowDailyK_ChartFlow,FinMind_API_TaiwanStockPrice_6414,True,2026-09-22T15:49:52,2026-09-22T15:49:52,2026-09-22T15:49:52
6414,樺漢,2022-04-01,203.0,1.0,0.50%,14.809999999999999,15.38,222.15,266.58,311.01,355.44,399.87,444.3,ShowDailyK_ChartFlow,FinMind_API_TaiwanStockPrice_6414,True,2026-09-22T15:49:52,2026-09-22T15:49:52,2026-09-22T15:49:52
6414,樺漢,2022-04-06,202.0,-1.0,-0.49%,14.809999999999999,15.3,222.15,266.58,311.01,355.44,399.87,444.3,ShowDailyK_ChartFlow,FinMind_API_TaiwanStockPrice_6414,True,2026-09-22T15:49:52,2026-09-22T15:49:52,2026-09-22T15:49:52
6414,樺漢,2022-04-07,199.5,-2.5,-1.24%,14.809999999999999,15.11,222.15,266.58,311.01,355.44,399.87,444.3,ShowDailyK_ChartFlow,FinMind_API_TaiwanStockPrice_6414,True,2026-09-22T15:49:52,2026-09-22T15:49:52,2026-09-22T15:49:52
6414,樺漢,2022-04-08,202.0,2.5,1.25%,14.809999999999999,15.3,222.15,266.58,311.01,355.44,399.87,444.3,ShowDailyK_ChartFlow,FinMind_API_TaiwanStockPrice_6414,True,2026-09-22T15:49:52,2026-09-22T15:49:52,2026-09-22T15:49:52
6414,樺漢,2022-04-11,195.5,-6.5,-3.22%,14.809999999999999,14.81,222.15,266.58,311.01,355.44,399.87,444.3,ShowDailyK_ChartFlow,FinMind_API_TaiwanStockPrice_6414,True,2026-09-22T15:49:52,2026-09-22T15:49:52,2026-09-22T15:49:52
6414,樺漢,2022-04-12,199.0,3.5,1.79%,14.809999999999999,15.08,222.15,266.58,311.01,355.44,399.87,444.3,ShowDailyK_ChartFlow,FinMind_API_TaiwanStockPrice_6414,True,2026-09-22T15:49:52,2026-09-22T15:49:52,2026-09-22T15:49:52
6414,樺漢,2022-04-13,200.5,1.5,0.75%,14.809999999999999,15.19,222.15,266.58,311.01,355.44,399.87,444.3,ShowDailyK_ChartFlow,FinMind_API_TaiwanStockPrice_6414,True,2026-09-22T15:49:52,2026-09-22T15:49:52,2026-09-22T15:49:52
6414,樺漢,2022-04-14,202.5,2.0,1.00%,14.809999999999999,15.34,222.15,266.58,311.01,355.44,399.87,444.3,ShowDailyK_ChartFlow,FinMind_API_TaiwanStockPrice_6414,True,2026-09-22T15:49:52,2026-09-22T15:49:52,2026-09-22T15:49:52
6414,樺漢,2022-04-15,200.0,-2.5,-1.23%,14.809999999999999,15.15,222.15,266.58,311.01,355.44,399.87,444.3,ShowDailyK_ChartFlow,FinMind_API_TaiwanStockPrice_6414,True,2026-09-22T15:49:52,2026-09-22T15:49:52,2026-09-22T15:49:52
6414,樺漢,2022-04-18,204.5,4.5,2.25%,14.809999999999999,15.49,222.15,266.58,311.01,355.44,399.87,444.3,ShowDailyK_ChartFlow,FinMind_API_TaiwanStockPrice_6414,True,2026-09-22T15:49:52,2026-09-22T15:49:52,2026-09-22T15:49:52
6414,樺漢,2022-04-19,209.0,4.5,2.20%,14.809999999999999,15.83,222.15,266.58,311.01,355.44,399.87,444.3,ShowDailyK_ChartFlow,FinMind_API_TaiwanStockPrice_6414,True,2026-09-22T15:49:52,2026-09-22T15:49:52,2026-09-22T15:49:52
6414,樺漢,2022-04-20,219.0,10.0,4.78%,14.809999999999999,16.59,222.15,266.58,311.01,355.44,399.87,444.3,ShowDailyK_ChartFlow,FinMind_API_TaiwanStockPrice_6414,True,2026-09-22T15:49:52,2026-09-22T15:49:52,2026-09-22T15:49:52
6414,樺漢,2022-04-21,217.0,-2.0,-0.91%,14.809999999999999,16.44,222.15,266.58,311.01,355.44,399.87,444.3,ShowDailyK_ChartFlow,FinMind_API_TaiwanStockPrice_6414,True,2026-09-22T15:49:52,2026-09-22T15:49:52,2026-09-22T15:49:52
6414,樺漢,2022-04-22,215.5,-1.5,-0.69%,14.809999999999999,16.33,222.15,266.58,311.01,355.44,399.87,444.3,ShowDailyK_ChartFlow,FinMind_API_TaiwanStockPrice_6414,True,2026-09-22T15:49:52,2026-09-22T15:49:52,2026-09-22T15:49:52
6414,樺漢,2022-04-25,198.5,-17.0,-7.89%,14.809999999999999,15.04,222.15,266.58,311.01,355.44,399.87,444.3,ShowDailyK_ChartFlow,FinMind_API_TaiwanStockPrice_6414,True,2026-09-22T15:49:52,2026-09-22T15:49:52,2026-09-22T15:49:52
6414,樺漢,2022-04-26,203.0,4.5,2.27%,14.809999999999999,15.38,222.15,266.58,311.01,355.44,399.87,444.3,ShowDailyK_ChartFlow,FinMind_API_TaiwanStockPrice_6414,True,2026-09-22T15:49:52,2026-09-22T15:49:52,2026-09-22T15:49:52
6414,樺漢,2022-04-27,199.5,-3.5,-1.72%,14.809999999999999,15.11,222.15,266.58,311.01,355.44,399.87,444.3,ShowDailyK_ChartFlow,FinMind_API_TaiwanStockPrice_6414,True,2026-09-22T15:49:52,2026-09-22T15:49:52,2026-09-22T15:49:52
6414,樺漢,2022-04-28,199.0,-0.5,-0.25%,14.809999999999999,15.08,222.15,266.58,311.01,355.44,399.87,444.3,ShowDailyK_ChartFlow,FinMind_API_TaiwanStockPrice_6414,True,2026-09-22T15:49:52,2026-09-22T15:49:52,2026-09-22T15:49:52
6414,樺漢,2022-04-29,198.0,-1.0,-0.50%,14.809999999999999,15.0,222.15,266.58,311.01,355.44,399.87,444.3,ShowDailyK_ChartFlow,FinMind_API_TaiwanStockPrice_6414,True,2026-09-22T15:49:52,2026-09-22T15:49:52,2026-09-22T15:49:52
6414,樺漢,2022-05-03,197.5,-0.5,-0.25%,14.809999999999999,14.96,222.15,266.58,311.01,355.44,399.87,444.3,ShowDailyK_ChartFlow,FinMind_API_TaiwanStockPrice_6414,True,2026-09-22T15:49:52,2026-09-22T15:49:52,2026-09-22T15:49:52
6414,樺漢,2022-05-04,198.5,1.0,0.51%,14.809999999999999,15.04,222.15,266.58,311.01,355.44,399.87,444.3,ShowDailyK_ChartFlow,FinMind_API_TaiwanStockPrice_6414,True,2026-09-22T15:49:52,2026-09-22T15:49:52,2026-09-22T15:49:52
6414,樺漢,2022-05-05,199.5,1.0,0.50%,14.809999999999999,15.11,222.15,266.58,311.01,355.44,399.87,444.3,ShowDailyK_ChartFlow,FinMind_API_TaiwanStockPrice_6414,True,2026-09-22T15:49:52,2026-09-22T15:49:52,2026-09-22T15:49:52
6414,樺漢,2022-05-06,196.5,-3.0,-1.50%,14.809999999999999,14.89,222.15,266.58,311.01,355.44,399.87,444.3,ShowDailyK_ChartFlow,FinMind_API_TaiwanStockPrice_6414,True,2026-09-22T15:49:52,2026-09-22T15:49:52,2026-09-22T15:49:52
6414,樺漢,2022-05-09,190.0,-6.5,-3.31%,14.809999999999999,14.39,222.15,266.58,311.01,355.44,399.87,444.3,ShowDailyK_ChartFlow,FinMind_API_TaiwanStockPrice_6414,True,2026-09-22T15:49:52,2026-09-22T15:49:52,2026-09-22T15:49:52
6414,樺漢,2022-05-10,196.0,6.0,3.16%,14.809999999999999,14.85,222.15,266.58,311.01,355.44,399.87,444.3,ShowDailyK_ChartFlow,FinMind_API_TaiwanStockPrice_6414,True,2026-09-22T15:49:52,2026-09-22T15:49:52,2026-09-22T15:49:52
6414,樺漢,2022-05-11,192.5,-3.5,-1.79%,14.809999999999999,14.58,222.15,266.58,311.01,355.44,399.87,444.3,ShowDailyK_ChartFlow,FinMind_API_TaiwanStockPrice_6414,True,2026-09-22T15:49:52,2026-09-22T15:49:52,2026-09-22T15:49:52
6414,樺漢,2022-05-12,192.5,0.0,0.00%,14.809999999999999,14.58,222.15,266.58,311.01,355.44,399.87,444.3,ShowDailyK_ChartFlow,FinMind_API_TaiwanStockPrice_6414,True,2026-09-22T15:49:52,2026-09-22T15:49:52,2026-09-22T15:49:52
6414,樺漢,2022-05-13,195.0,2.5,1.30%,14.809999999999999,14.77,222.15,266.58,311.01,355.44,399.87,444.3,ShowDailyK_ChartFlow,FinMind_API_TaiwanStockPrice_6414,True,2026-09-22T15:49:52,2026-09-22T15:49:52,2026-09-22T15:49:52
6414,樺漢,2022-05-16,194.0,-1.0,-0.51%,14.809999999999999,14.7,222.15,266.58,311.01,355.44,399.87,444.3,ShowDailyK_ChartFlow,FinMind_API_TaiwanStockPrice_6414,True,2026-09-22T15:49:52,2026-09-22T15:49:52,2026-09-22T15:49:52
6414,樺漢,2022-05-17,199.5,5.5,2.84%,14.809999999999999,14.57,222.15,266.58,311.01,355.44,399.87,444.3,ShowDailyK_ChartFlow,FinMind_API_TaiwanStockPrice_6414,True,2026-09-22T15:49:52,2026-09-22T15:49:52,2026-09-22T15:49:52
6414,樺漢,2022-05-18,208.5,9.0,4.51%,14.809999999999999,15.23,222.15,266.58,311.01,355.44,399.87,444.3,ShowDailyK_ChartFlow,FinMind_API_TaiwanStockPrice_6414,True,2026-09-22T15:49:52,2026-09-22T15:49:52,2026-09-22T15:49:52
6414,樺漢,2022-05-19,204.5,-4.0,-1.92%,14.809999999999999,14.94,222.15,266.58,311.01,355.44,399.87,444.3,ShowDailyK_ChartFlow,FinMind_API_TaiwanStockPrice_6414,True,2026-09-22T15:49:52,2026-09-22T15:49:52,2026-09-22T15:49:52
6414,樺漢,2022-05-20,203.5,-1.0,-0.49%,14.809999999999999,14.86,222.15,266.58,311.01,355.44,399.87,444.3,ShowDailyK_ChartFlow,FinMind_API_TaiwanStockPrice_6414,True,2026-09-22T15:49:52,2026-09-22T15:49:52,2026-09-22T15:49:52
6414,樺漢,2022-05-23,204.0,0.5,0.25%,14.809999999999999,14.9,222.15,266.58,311.01,355.44,399.87,444.3,ShowDailyK_ChartFlow,FinMind_API_TaiwanStockPrice_6414,True,2026-09-22T15:49:52,2026-09-22T15:49:52,2026-09-22T15:49:52
6414,樺漢,2022-05-24,201.5,-2.5,-1.23%,14.809999999999999,14.72,222.15,266.58,311.01,355.44,399.87,444.3,ShowDailyK_ChartFlow,FinMind_API_TaiwanStockPrice_6414,True,2026-09-22T15:49:52,2026-09-22T15:49:52,2026-09-22T15:49:52
6414,樺漢,2022-05-25,208.0,6.5,3.23%,14.809999999999999,15.19,222.15,266.58,311.01,355.44,399.87,444.3,ShowDailyK_ChartFlow,FinMind_API_TaiwanStockPrice_6414,True,2026-09-22T15:49:52,2026-09-22T15:49:52,2026-09-22T15:49:52
6414,樺漢,2022-05-26,204.0,-4.0,-1.92%,14.809999999999999,14.9,222.15,266.58,311.01,355.44,399.87,444.3,ShowDailyK_ChartFlow,FinMind_API_TaiwanStockPrice_6414,True,2026-09-22T15:49:52,2026-09-22T15:49:52,2026-09-22T15:49:52
6414,樺漢,2022-05-27,207.0,3.0,1.47%,14.809999999999999,15.12,222.15,266.58,311.01,355.44,399.87,444.3,ShowDailyK_ChartFlow,FinMind_API_TaiwanStockPrice_6414,True,2026-09-22T15:49:52,2026-09-22T15:49:52,2026-09-22T15:49:52
6414,樺漢,2022-05-30,207.5,0.5,0.24%,14.809999999999999,15.16,222.15,266.58,311.01,355.44,399.87,444.3,ShowDailyK_ChartFlow,FinMind_API_TaiwanStockPrice_6414,True,2026-09-22T15:49:52,2026-09-22T15:49:52,2026-09-22T15:49:52
6414,樺漢,2022-05-31,208.5,1.0,0.48%,14.809999999999999,15.23,222.15,266.58,311.01,355.44,399.87,444.3,ShowDailyK_ChartFlow,FinMind_API_TaiwanStockPrice_6414,True,2026-09-22T15:49:52,2026-09-22T15:49:52,2026-09-22T15:49:52
6414,樺漢,2022-06-01,208.5,0.0,0.00%,14.809999999999999,15.23,222.15,266.58,311.01,355.44,399.87,444.3,ShowDailyK_ChartFlow,FinMind_API_TaiwanStockPrice_6414,True,2026-09-22T15:49:52,2026-09-22T15:49:52,2026-09-22T15:49:52
6414,樺漢,2022-06-02,210.0,1.5,0.72%,14.809999999999999,15.34,222.15,266.58,311.01,355.44,399.87,444.3,ShowDailyK_ChartFlow,FinMind_API_TaiwanStockPrice_6414,True,2026-09-22T15:49:52,2026-09-22T15:49:52,2026-09-22T15:49:52
6414,樺漢,2022-06-06,215.5,5.5,2.62%,14.809999999999999,15.74,222.15,266.58,311.01,355.44,399.87,444.3,ShowDailyK_ChartFlow,FinMind_API_TaiwanStockPrice_6414,True,2026-09-22T15:49:52,2026-09-22T15:49:52,2026-09-22T15:49:52
6414,樺漢,2022-06-07,215.0,-0.5,-0.23%,14.809999999999999,15.7,222.15,266.58,311.01,355.44,399.87,444.3,ShowDailyK_ChartFlow,FinMind_API_TaiwanStockPrice_6414,True,2026-09-22T15:49:52,2026-09-22T15:49:52,2026-09-22T15:49:52
6414,樺漢,2022-06-08,216.5,1.5,0.70%,14.809999999999999,15.81,222.15,266.58,311.01,355.44,399.87,444.3,ShowDailyK_ChartFlow,FinMind_API_TaiwanStockPrice_6414,True,2026-09-22T15:49:52,2026-09-22T15:49:52,2026-09-22T15:49:52
6414,樺漢,2022-06-09,222.5,6.0,2.77%,14.809999999999999,16.25,222.15,266.58,311.01,355.44,399.87,444.3,ShowDailyK_ChartFlow,FinMind_API_TaiwanStockPrice_6414,True,2026-09-22T15:49:52,2026-09-22T15:49:52,2026-09-22T15:49:52
6414,樺漢,2022-06-10,227.0,4.5,2.02%,14.809999999999999,16.58,222.15,266.58,311.01,355.44,399.87,444.3,ShowDailyK_ChartFlow,FinMind_API_TaiwanStockPrice_6414,True,2026-09-22T15:49:52,2026-09-22T15:49:52,2026-09-22T15:49:52
6414,樺漢,2022-06-13,215.5,-11.5,-5.07%,14.809999999999999,15.74,222.15,266.58,311.01,355.44,399.87,444.3,ShowDailyK_ChartFlow,FinMind_API_TaiwanStockPrice_6414,True,2026-09-22T15:49:52,2026-09-22T15:49:52,2026-09-22T15:49:52
6414,樺漢,2022-06-14,212.0,-3.5,-1.62%,14.809999999999999,15.49,222.15,266.58,311.01,355.44,399.87,444.3,ShowDailyK_ChartFlow,FinMind_API_TaiwanStockPrice_6414,True,2026-09-22T15:49:52,2026-09-22T15:49:52,2026-09-22T15:49:52
6414,樺漢,2022-06-15,208.5,-3.5,-1.65%,14.809999999999999,15.23,222.15,266.58,311.01,355.44,399.87,444.3,ShowDailyK_ChartFlow,FinMind_API_TaiwanStockPrice_6414,True,2026-09-22T15:49:52,2026-09-22T15:49:52,2026-09-22T15:49:52
6414,樺漢,2022-06-16,204.0,-4.5,-2.16%,14.809999999999999,14.9,222.15,266.58,311.01,355.44,399.87,444.3,ShowDailyK_ChartFlow,FinMind_API_TaiwanStockPrice_6414,True,2026-09-22T15:49:52,2026-09-22T15:49:52,2026-09-22T15:49:52
6414,樺漢,2022-06-17,200.5,-3.5,-1.72%,14.809999999999999,14.65,222.15,266.58,311.01,355.44,399.87,444.3,ShowDailyK_ChartFlow,FinMind_API_TaiwanStockPrice_6414,True,2026-09-22T15:49:52,2026-09-22T15:49:52,2026-09-22T15:49:52
6414,樺漢,2022-06-20,196.5,-4.0,-2.00%,14.809999999999999,14.35,222.15,266.58,311.01,355.44,399.87,444.3,ShowDailyK_ChartFlow,FinMind_API_TaiwanStockPrice_6414,True,2026-09-22T15:49:52,2026-09-22T15:49:52,2026-09-22T15:49:52
6414,樺漢,2022-06-21,202.0,5.5,2.80%,14.809999999999999,14.76,222.15,266.58,311.01,355.44,399.87,444.3,ShowDailyK_ChartFlow,FinMind_API_TaiwanStockPrice_6414,True,2026-09-22T15:49:52,2026-09-22T15:49:52,2026-09-22T15:49:52
6414,樺漢,2022-06-22,195.5,-6.5,-3.22%,14.809999999999999,14.28,222.15,266.58,311.01,355.44,399.87,444.3,ShowDailyK_ChartFlow,FinMind_API_TaiwanStockPrice_6414,True,2026-09-22T15:49:52,2026-09-22T15:49:52,2026-09-22T15:49:52
6414,樺漢,2022-06-23,199.5,4.0,2.05%,14.809999999999999,14.57,222.15,266.58,311.01,355.44,399.87,444.3,ShowDailyK_ChartFlow,FinMind_API_TaiwanStockPrice_6414,True,2026-09-22T15:49:52,2026-09-22T15:49:52,2026-09-22T15:49:52
6414,樺漢,2022-06-24,203.0,3.5,1.75%,14.809999999999999,14.83,222.15,266.58,311.01,355.44,399.87,444.3,ShowDailyK_ChartFlow,FinMind_API_TaiwanStockPrice_6414,True,2026-09-22T15:49:52,2026-09-22T15:49:52,2026-09-22T15:49:52
6414,樺漢,2022-06-27,212.0,9.0,4.43%,14.809999999999999,15.49,222.15,266.58,311.01,355.44,399.87,444.3,ShowDailyK_ChartFlow,FinMind_API_TaiwanStockPrice_6414,True,2026-09-22T15:49:52,2026-09-22T15:49:52,2026-09-22T15:49:52
6414,樺漢,2022-06-28,211.0,-1.0,-0.47%,14.809999999999999,15.41,222.15,266.58,311.01,355.44,399.87,444.3,ShowDailyK_ChartFlow,FinMind_API_TaiwanStockPrice_6414,True,2026-09-22T15:49:52,2026-09-22T15:49:52,2026-09-22T15:49:52
6414,樺漢,2022-06-29,216.0,5.0,2.37%,14.809999999999999,15.78,222.15,266.58,311.01,355.44,399.87,444.3,ShowDailyK_ChartFlow,FinMind_API_TaiwanStockPrice_6414,True,2026-09-22T15:49:52,2026-09-22T15:49:52,2026-09-22T15:49:52
6414,樺漢,2022-06-30,214.0,-2.0,-0.93%,15.84,15.63,237.6,285.12,332.64,380.16,427.68,475.2,ShowDailyK_ChartFlow,FinMind_API_TaiwanStockPrice_6414,True,2026-09-22T15:49:52,2026-09-22T15:49:52,2026-09-22T15:49:52
6414,樺漢,2022-07-01,203.5,-10.5,-4.91%,15.84,14.86,237.6,285.12,332.64,380.16,427.68,475.2,ShowDailyK_ChartFlow,FinMind_API_TaiwanStockPrice_6414,True,2026-09-22T15:49:52,2026-09-22T15:49:52,2026-09-22T15:49:52
6414,樺漢,2022-07-04,203.5,0.0,0.00%,15.84,14.86,237.6,285.12,332.64,380.16,427.68,475.2,ShowDailyK_ChartFlow,FinMind_API_TaiwanStockPrice_6414,True,2026-09-22T15:49:52,2026-09-22T15:49:52,2026-09-22T15:49:52
6414,樺漢,2022-07-05,211.0,7.5,3.69%,15.84,15.41,237.6,285.12,332.64,380.16,427.68,475.2,ShowDailyK_ChartFlow,FinMind_API_TaiwanStockPrice_6414,True,2026-09-22T15:49:52,2026-09-22T15:49:52,2026-09-22T15:49:52
6414,樺漢,2022-07-06,212.5,1.5,0.71%,15.84,15.52,237.6,285.12,332.64,380.16,427.68,475.2,ShowDailyK_ChartFlow,FinMind_API_TaiwanStockPrice_6414,True,2026-09-22T15:49:52,2026-09-22T15:49:52,2026-09-22T15:49:52
6414,樺漢,2022-07-07,203.5,-9.0,-4.24%,15.84,14.86,237.6,285.12,332.64,380.16,427.68,475.2,ShowDailyK_ChartFlow,FinMind_API_TaiwanStockPrice_6414,True,2026-09-22T15:49:52,2026-09-22T15:49:52,2026-09-22T15:49:52
6414,樺漢,2022-07-08,201.5,-2.0,-0.98%,15.84,14.72,237.6,285.12,332.64,380.16,427.68,475.2,ShowDailyK_ChartFlow,FinMind_API_TaiwanStockPrice_6414,True,2026-09-22T15:49:52,2026-09-22T15:49:52,2026-09-22T15:49:52
6414,樺漢,2022-07-11,206.5,5.0,2.48%,15.84,15.08,237.6,285.12,332.64,380.16,427.68,475.2,ShowDailyK_ChartFlow,FinMind_API_TaiwanStockPrice_6414,True,2026-09-22T15:49:52,2026-09-22T15:49:52,2026-09-22T15:49:52
6414,樺漢,2022-07-12,202.0,-4.5,-2.18%,15.84,14.76,237.6,285.12,332.64,380.16,427.68,475.2,ShowDailyK_ChartFlow,FinMind_API_TaiwanStockPrice_6414,True,2026-09-22T15:49:52,2026-09-22T15:49:52,2026-09-22T15:49:52
6414,樺漢,2022-07-13,216.5,14.5,7.18%,15.84,15.81,237.6,285.12,332.64,380.16,427.68,475.2,ShowDailyK_ChartFlow,FinMind_API_TaiwanStockPrice_6414,True,2026-09-22T15:49:52,2026-09-22T15:49:52,2026-09-22T15:49:52
6414,樺漢,2022-07-14,222.5,6.0,2.77%,15.84,16.25,237.6,285.12,332.64,380.16,427.68,475.2,ShowDailyK_ChartFlow,FinMind_API_TaiwanStockPrice_6414,True,2026-09-22T15:49:52,2026-09-22T15:49:52,2026-09-22T15:49:52
6414,樺漢,2022-07-15,222.0,-0.5,-0.22%,15.84,16.22,237.6,285.12,332.64,380.16,427.68,475.2,ShowDailyK_ChartFlow,FinMind_API_TaiwanStockPrice_6414,True,2026-09-22T15:49:52,2026-09-22T15:49:52,2026-09-22T15:49:52
6414,樺漢,2022-07-18,222.0,0.0,0.00%,15.84,16.22,237.6,285.12,332.64,380.16,427.68,475.2,ShowDailyK_ChartFlow,FinMind_API_TaiwanStockPrice_6414,True,2026-09-22T15:49:52,2026-09-22T15:49:52,2026-09-22T15:49:52
6414,樺漢,2022-07-19,223.5,1.5,0.68%,15.84,16.33,237.6,285.12,332.64,380.16,427.68,475.2,ShowDailyK_ChartFlow,FinMind_API_TaiwanStockPrice_6414,True,2026-09-22T15:49:52,2026-09-22T15:49:52,2026-09-22T15:49:52
6414,樺漢,2022-07-20,225.0,1.5,0.67%,15.84,16.44,237.6,285.12,332.64,380.16,427.68,475.2,ShowDailyK_ChartFlow,FinMind_API_TaiwanStockPrice_6414,True,2026-09-22T15:49:52,2026-09-22T15:49:52,2026-09-22T15:49:52
6414,樺漢,2022-07-21,222.0,-3.0,-1.33%,15.84,16.22,237.6,285.12,332.64,380.16,427.68,475.2,ShowDailyK_ChartFlow,FinMind_API_TaiwanStockPrice_6414,True,2026-09-22T15:49:52,2026-09-22T15:49:52,2026-09-22T15:49:52
6414,樺漢,2022-07-22,223.5,1.5,0.68%,15.84,16.33,237.6,285.12,332.64,380.16,427.68,475.2,ShowDailyK_ChartFlow,FinMind_API_TaiwanStockPrice_6414,True,2026-09-22T15:49:52,2026-09-22T15:49:52,2026-09-22T15:49:52
6414,樺漢,2022-07-25,222.5,-1.0,-0.45%,15.84,16.25,237.6,285.12,332.64,380.16,427.68,475.2,ShowDailyK_ChartFlow,FinMind_API_TaiwanStockPrice_6414,True,2026-09-22T15:49:52,2026-09-22T15:49:52,2026-09-22T15:49:52
6414,樺漢,2022-07-26,217.5,-5.0,-2.25%,15.84,15.89,237.6,285.12,332.64,380.16,427.68,475.2,ShowDailyK_ChartFlow,FinMind_API_TaiwanStockPrice_6414,True,2026-09-22T15:49:52,2026-09-22T15:49:52,2026-09-22T15:49:52
6414,樺漢,2022-07-27,221.0,3.5,1.61%,15.84,16.14,237.6,285.12,332.64,380.16,427.68,475.2,ShowDailyK_ChartFlow,FinMind_API_TaiwanStockPrice_6414,True,2026-09-22T15:49:52,2026-09-22T15:49:52,2026-09-22T15:49:52
6414,樺漢,2022-07-28,218.5,-2.5,-1.13%,15.84,15.96,237.6,285.12,332.64,380.16,427.68,475.2,ShowDailyK_ChartFlow,FinMind_API_TaiwanStockPrice_6414,True,2026-09-22T15:49:52,2026-09-22T15:49:52,2026-09-22T15:49:52
6414,樺漢,2022-07-29,215.0,-3.5,-1.60%,15.84,15.7,237.6,285.12,332.64,380.16,427.68,475.2,ShowDailyK_ChartFlow,FinMind_API_TaiwanStockPrice_6414,True,2026-09-22T15:49:52,2026-09-22T15:49:52,2026-09-22T15:49:52
6414,樺漢,2022-08-01,216.5,1.5,0.70%,15.84,15.81,237.6,285.12,332.64,380.16,427.68,475.2,ShowDailyK_ChartFlow,FinMind_API_TaiwanStockPrice_6414,True,2026-09-22T15:49:52,2026-09-22T15:49:52,2026-09-22T15:49:52
6414,樺漢,2022-08-02,212.5,-4.0,-1.85%,15.84,15.52,237.6,285.12,332.64,380.16,427.68,475.2,ShowDailyK_ChartFlow,FinMind_API_TaiwanStockPrice_6414,True,2026-09-22T15:49:52,2026-09-22T15:49:52,2026-09-22T15:49:52
6414,樺漢,2022-08-03,212.5,0.0,0.00%,15.84,15.52,237.6,285.12,332.64,380.16,427.68,475.2,ShowDailyK_ChartFlow,FinMind_API_TaiwanStockPrice_6414,True,2026-09-22T15:49:52,2026-09-22T15:49:52,2026-09-22T15:49:52
6414,樺漢,2022-08-04,221.0,8.5,4.00%,15.84,16.14,237.6,285.12,332.64,380.16,427.68,475.2,ShowDailyK_ChartFlow,FinMind_API_TaiwanStockPrice_6414,True,2026-09-22T15:49:52,2026-09-22T15:49:52,2026-09-22T15:49:52
6414,樺漢,2022-08-05,232.0,11.0,4.98%,15.84,16.95,237.6,285.12,332.64,380.16,427.68,475.2,ShowDailyK_ChartFlow,FinMind_API_TaiwanStockPrice_6414,True,2026-09-22T15:49:52,2026-09-22T15:49:52,2026-09-22T15:49:52
6414,樺漢,2022-08-08,234.5,2.5,1.08%,15.84,17.13,237.6,285.12,332.64,380.16,427.68,475.2,ShowDailyK_ChartFlow,FinMind_API_TaiwanStockPrice_6414,True,2026-09-22T15:49:52,2026-09-22T15:49:52,2026-09-22T15:49:52
6414,樺漢,2022-08-09,235.0,0.5,0.21%,15.84,17.17,237.6,285.12,332.64,380.16,427.68,475.2,ShowDailyK_ChartFlow,FinMind_API_TaiwanStockPrice_6414,True,2026-09-22T15:49:52,2026-09-22T15:49:52,2026-09-22T15:49:52
6414,樺漢,2022-08-10,238.0,3.0,1.28%,15.84,17.38,237.6,285.12,332.64,380.16,427.68,475.2,ShowDailyK_ChartFlow,FinMind_API_TaiwanStockPrice_6414,True,2026-09-22T15:49:52,2026-09-22T15:49:52,2026-09-22T15:49:52
6414,樺漢,2022-08-11,242.5,4.5,1.89%,15.84,16.16,237.6,285.12,332.64,380.16,427.68,475.2,ShowDailyK_ChartFlow,FinMind_API_TaiwanStockPrice_6414,True,2026-09-22T15:49:52,2026-09-22T15:49:52,2026-09-22T15:49:52
6414,樺漢,2022-08-12,230.5,-12.0,-4.95%,15.84,15.36,237.6,285.12,332.64,380.16,427.68,475.2,ShowDailyK_ChartFlow,FinMind_API_TaiwanStockPrice_6414,True,2026-09-22T15:49:52,2026-09-22T15:49:52,2026-09-22T15:49:52
6414,樺漢,2022-08-15,228.5,-2.0,-0.87%,15.84,15.22,237.6,285.12,332.64,380.16,427.68,475.2,ShowDailyK_ChartFlow,FinMind_API_TaiwanStockPrice_6414,True,2026-09-22T15:49:52,2026-09-22T15:49:52,2026-09-22T15:49:52
6414,樺漢,2022-08-16,230.5,2.0,0.88%,15.84,15.36,237.6,285.12,332.64,380.16,427.68,475.2,ShowDailyK_ChartFlow,FinMind_API_TaiwanStockPrice_6414,True,2026-09-22T15:49:52,2026-09-22T15:49:52,2026-09-22T15:49:52
6414,樺漢,2022-08-17,228.0,-2.5,-1.08%,15.84,15.19,237.6,285.12,332.64,380.16,427.68,475.2,ShowDailyK_ChartFlow,FinMind_API_TaiwanStockPrice_6414,True,2026-09-22T15:49:52,2026-09-22T15:49:52,2026-09-22T15:49:52
6414,樺漢,2022-08-18,230.0,2.0,0.88%,15.84,15.32,237.6,285.12,332.64,380.16,427.68,475.2,ShowDailyK_ChartFlow,FinMind_API_TaiwanStockPrice_6414,True,2026-09-22T15:49:52,2026-09-22T15:49:52,2026-09-22T15:49:52
6414,樺漢,2022-08-19,228.0,-2.0,-0.87%,15.84,15.19,237.6,285.12,332.64,380.16,427.68,475.2,ShowDailyK_ChartFlow,FinMind_API_TaiwanStockPrice_6414,True,2026-09-22T15:49:52,2026-09-22T15:49:52,2026-09-22T15:49:52
6414,樺漢,2022-08-22,229.0,1.0,0.44%,15.84,15.26,237.6,285.12,332.64,380.16,427.68,475.2,ShowDailyK_ChartFlow,FinMind_API_TaiwanStockPrice_6414,True,2026-09-22T15:49:52,2026-09-22T15:49:52,2026-09-22T15:49:52
6414,樺漢,2022-08-23,227.0,-2.0,-0.87%,15.84,15.12,237.6,285.12,332.64,380.16,427.68,475.2,ShowDailyK_ChartFlow,FinMind_API_TaiwanStockPrice_6414,True,2026-09-22T15:49:52,2026-09-22T15:49:52,2026-09-22T15:49:52
6414,樺漢,2022-08-24,232.5,5.5,2.42%,15.84,15.49,237.6,285.12,332.64,380.16,427.68,475.2,ShowDailyK_ChartFlow,FinMind_API_TaiwanStockPrice_6414,True,2026-09-22T15:49:52,2026-09-22T15:49:52,2026-09-22T15:49:52
6414,樺漢,2022-08-25,232.5,0.0,0.00%,15.84,15.49,237.6,285.12,332.64,380.16,427.68,475.2,ShowDailyK_ChartFlow,FinMind_API_TaiwanStockPrice_6414,True,2026-09-22T15:49:52,2026-09-22T15:49:52,2026-09-22T15:49:52
6414,樺漢,2022-08-26,229.0,-3.5,-1.51%,15.84,15.26,237.6,285.12,332.64,380.16,427.68,475.2,ShowDailyK_ChartFlow,FinMind_API_TaiwanStockPrice_6414,True,2026-09-22T15:49:52,2026-09-22T15:49:52,2026-09-22T15:49:52
6414,樺漢,2022-08-29,215.0,-14.0,-6.11%,15.84,14.32,237.6,285.12,332.64,380.16,427.68,475.2,ShowDailyK_ChartFlow,FinMind_API_TaiwanStockPrice_6414,True,2026-09-22T15:49:52,2026-09-22T15:49:52,2026-09-22T15:49:52
6414,樺漢,2022-08-30,218.0,3.0,1.40%,15.84,14.52,237.6,285.12,332.64,380.16,427.68,475.2,ShowDailyK_ChartFlow,FinMind_API_TaiwanStockPrice_6414,True,2026-09-22T15:49:52,2026-09-22T15:49:52,2026-09-22T15:49:52
6414,樺漢,2022-08-31,221.0,3.0,1.38%,15.84,14.72,237.6,285.12,332.64,380.16,427.68,475.2,ShowDailyK_ChartFlow,FinMind_API_TaiwanStockPrice_6414,True,2026-09-22T15:49:52,2026-09-22T15:49:52,2026-09-22T15:49:52
6414,樺漢,2022-09-01,218.5,-2.5,-1.13%,15.84,14.56,237.6,285.12,332.64,380.16,427.68,475.2,ShowDailyK_ChartFlow,FinMind_API_TaiwanStockPrice_6414,True,2026-09-22T15:49:52,2026-09-22T15:49:52,2026-09-22T15:49:52
6414,樺漢,2022-09-02,217.5,-1.0,-0.46%,15.84,14.49,237.6,285.12,332.64,380.16,427.68,475.2,ShowDailyK_ChartFlow,FinMind_API_TaiwanStockPrice_6414,True,2026-09-22T15:49:52,2026-09-22T15:49:52,2026-09-22T15:49:52
6414,樺漢,2022-09-05,212.0,-5.5,-2.53%,15.84,14.12,237.6,285.12,332.64,380.16,427.68,475.2,ShowDailyK_ChartFlow,FinMind_API_TaiwanStockPrice_6414,True,2026-09-22T15:49:52,2026-09-22T15:49:52,2026-09-22T15:49:52
6414,樺漢,2022-09-06,213.5,1.5,0.71%,15.84,14.22,237.6,285.12,332.64,380.16,427.68,475.2,ShowDailyK_ChartFlow,FinMind_API_TaiwanStockPrice_6414,True,2026-09-22T15:49:52,2026-09-22T15:49:52,2026-09-22T15:49:52
6414,樺漢,2022-09-07,196.0,-17.5,-8.20%,15.84,13.06,237.6,285.12,332.64,380.16,427.68,475.2,ShowDailyK_ChartFlow,FinMind_API_TaiwanStockPrice_6414,True,2026-09-22T15:49:52,2026-09-22T15:49:52,2026-09-22T15:49:52
6414,樺漢,2022-09-08,202.5,6.5,3.32%,15.84,13.49,237.6,285.12,332.64,380.16,427.68,475.2,ShowDailyK_ChartFlow,FinMind_API_TaiwanStockPrice_6414,True,2026-09-22T15:49:52,2026-09-22T15:49:52,2026-09-22T15:49:52
6414,樺漢,2022-09-12,210.0,7.5,3.70%,15.84,13.99,237.6,285.12,332.64,380.16,427.68,475.2,ShowDailyK_ChartFlow,FinMind_API_TaiwanStockPrice_6414,True,2026-09-22T15:49:52,2026-09-22T15:49:52,2026-09-22T15:49:52
6414,樺漢,2022-09-13,210.0,0.0,0.00%,15.84,13.99,237.6,285.12,332.64,380.16,427.68,475.2,ShowDailyK_ChartFlow,FinMind_API_TaiwanStockPrice_6414,True,2026-09-22T15:49:52,2026-09-22T15:49:52,2026-09-22T15:49:52
6414,樺漢,2022-09-14,210.0,0.0,0.00%,15.84,13.99,237.6,285.12,332.64,380.16,427.68,475.2,ShowDailyK_ChartFlow,FinMind_API_TaiwanStockPrice_6414,True,2026-09-22T15:49:52,2026-09-22T15:49:52,2026-09-22T15:49:52
6414,樺漢,2022-09-15,206.0,-4.0,-1.90%,15.84,13.72,237.6,285.12,332.64,380.16,427.68,475.2,ShowDailyK_ChartFlow,FinMind_API_TaiwanStockPrice_6414,True,2026-09-22T15:49:52,2026-09-22T15:49:52,2026-09-22T15:49:52
6414,樺漢,2022-09-16,203.5,-2.5,-1.21%,15.84,13.56,237.6,285.12,332.64,380.16,427.68,475.2,ShowDailyK_ChartFlow,FinMind_API_TaiwanStockPrice_6414,True,2026-09-22T15:49:52,2026-09-22T15:49:52,2026-09-22T15:49:52
6414,樺漢,2022-09-19,203.0,-0.5,-0.25%,15.84,13.52,237.6,285.12,332.64,380.16,427.68,475.2,ShowDailyK_ChartFlow,FinMind_API_TaiwanStockPrice_6414,True,2026-09-22T15:49:52,2026-09-22T15:49:52,2026-09-22T15:49:52
6414,樺漢,2022-09-20,206.0,3.0,1.48%,15.84,13.72,237.6,285.12,332.64,380.16,427.68,475.2,ShowDailyK_ChartFlow,FinMind_API_TaiwanStockPrice_6414,True,2026-09-22T15:49:52,2026-09-22T15:49:52,2026-09-22T15:49:52
6414,樺漢,2022-09-21,202.5,-3.5,-1.70%,15.84,13.49,237.6,285.12,332.64,380.16,427.68,475.2,ShowDailyK_ChartFlow,FinMind_API_TaiwanStockPrice_6414,True,2026-09-22T15:49:52,2026-09-22T15:49:52,2026-09-22T15:49:52
6414,樺漢,2022-09-22,203.5,1.0,0.49%,15.84,13.56,237.6,285.12,332.64,380.16,427.68,475.2,ShowDailyK_ChartFlow,FinMind_API_TaiwanStockPrice_6414,True,2026-09-22T15:49:52,2026-09-22T15:49:52,2026-09-22T15:49:52
6414,樺漢,2022-09-23,201.5,-2.0,-0.98%,15.84,13.42,237.6,285.12,332.64,380.16,427.68,475.2,ShowDailyK_ChartFlow,FinMind_API_TaiwanStockPrice_6414,True,2026-09-22T15:49:52,2026-09-22T15:49:52,2026-09-22T15:49:52
6414,樺漢,2022-09-26,192.0,-9.5,-4.71%,15.84,12.79,237.6,285.12,332.64,380.16,427.68,475.2,ShowDailyK_ChartFlow,FinMind_API_TaiwanStockPrice_6414,True,2026-09-22T15:49:52,2026-09-22T15:49:52,2026-09-22T15:49:52
6414,樺漢,2022-09-27,194.0,2.0,1.04%,15.84,12.92,237.6,285.12,332.64,380.16,427.68,475.2,ShowDailyK_ChartFlow,FinMind_API_TaiwanStockPrice_6414,True,2026-09-22T15:49:52,2026-09-22T15:49:52,2026-09-22T15:49:52
6414,樺漢,2022-09-28,185.5,-8.5,-4.38%,15.84,12.36,237.6,285.12,332.64,380.16,427.68,475.2,ShowDailyK_ChartFlow,FinMind_API_TaiwanStockPrice_6414,True,2026-09-22T15:49:52,2026-09-22T15:49:52,2026-09-22T15:49:52
6414,樺漢,2022-09-29,189.5,4.0,2.16%,15.84,12.62,237.6,285.12,332.64,380.16,427.68,475.2,ShowDailyK_ChartFlow,FinMind_API_TaiwanStockPrice_6414,True,2026-09-22T15:49:52,2026-09-22T15:49:52,2026-09-22T15:49:52
6414,樺漢,2022-09-30,190.5,1.0,0.53%,18.21,12.69,273.15,327.78,382.41,437.04,491.67,546.3,ShowDailyK_ChartFlow,FinMind_API_TaiwanStockPrice_6414,True,2026-09-22T15:49:52,2026-09-22T15:49:52,2026-09-22T15:49:52
6414,樺漢,2022-10-03,189.0,-1.5,-0.79%,18.21,12.59,273.15,327.78,382.41,437.04,491.67,546.3,ShowDailyK_ChartFlow,FinMind_API_TaiwanStockPrice_6414,True,2026-09-22T15:49:52,2026-09-22T15:49:52,2026-09-22T15:49:52
6414,樺漢,2022-10-04,196.0,7.0,3.70%,18.21,13.06,273.15,327.78,382.41,437.04,491.67,546.3,ShowDailyK_ChartFlow,FinMind_API_TaiwanStockPrice_6414,True,2026-09-22T15:49:52,2026-09-22T15:49:52,2026-09-22T15:49:52
6414,樺漢,2022-10-05,194.0,-2.0,-1.02%,18.21,12.92,273.15,327.78,382.41,437.04,491.67,546.3,ShowDailyK_ChartFlow,FinMind_API_TaiwanStockPrice_6414,True,2026-09-22T15:49:52,2026-09-22T15:49:52,2026-09-22T15:49:52
6414,樺漢,2022-10-06,195.5,1.5,0.77%,18.21,13.02,273.15,327.78,382.41,437.04,491.67,546.3,ShowDailyK_ChartFlow,FinMind_API_TaiwanStockPrice_6414,True,2026-09-22T15:49:52,2026-09-22T15:49:52,2026-09-22T15:49:52
6414,樺漢,2022-10-07,195.5,0.0,0.00%,18.21,13.02,273.15,327.78,382.41,437.04,491.67,546.3,ShowDailyK_ChartFlow,FinMind_API_TaiwanStockPrice_6414,True,2026-09-22T15:49:52,2026-09-22T15:49:52,2026-09-22T15:49:52
6414,樺漢,2022-10-11,188.5,-7.0,-3.58%,18.21,12.56,273.15,327.78,382.41,437.04,491.67,546.3,ShowDailyK_ChartFlow,FinMind_API_TaiwanStockPrice_6414,True,2026-09-22T15:49:52,2026-09-22T15:49:52,2026-09-22T15:49:52
6414,樺漢,2022-10-12,191.0,2.5,1.33%,18.21,12.72,273.15,327.78,382.41,437.04,491.67,546.3,ShowDailyK_ChartFlow,FinMind_API_TaiwanStockPrice_6414,True,2026-09-22T15:49:52,2026-09-22T15:49:52,2026-09-22T15:49:52
6414,樺漢,2022-10-13,179.0,-12.0,-6.28%,18.21,11.93,273.15,327.78,382.41,437.04,491.67,546.3,ShowDailyK_ChartFlow,FinMind_API_TaiwanStockPrice_6414,True,2026-09-22T15:49:52,2026-09-22T15:49:52,2026-09-22T15:49:52
6414,樺漢,2022-10-14,187.5,8.5,4.75%,18.21,12.49,273.15,327.78,382.41,437.04,491.67,546.3,ShowDailyK_ChartFlow,FinMind_API_TaiwanStockPrice_6414,True,2026-09-22T15:49:52,2026-09-22T15:49:52,2026-09-22T15:49:52
6414,樺漢,2022-10-17,186.5,-1.0,-0.53%,18.21,12.43,273.15,327.78,382.41,437.04,491.67,546.3,ShowDailyK_ChartFlow,FinMind_API_TaiwanStockPrice_6414,True,2026-09-22T15:49:52,2026-09-22T15:49:52,2026-09-22T15:49:52
6414,樺漢,2022-10-18,189.0,2.5,1.34%,18.21,12.59,273.15,327.78,382.41,437.04,491.67,546.3,ShowDailyK_ChartFlow,FinMind_API_TaiwanStockPrice_6414,True,2026-09-22T15:49:52,2026-09-22T15:49:52,2026-09-22T15:49:52
6414,樺漢,2022-10-19,186.5,-2.5,-1.32%,18.21,12.43,273.15,327.78,382.41,437.04,491.67,546.3,ShowDailyK_ChartFlow,FinMind_API_TaiwanStockPrice_6414,True,2026-09-22T15:49:52,2026-09-22T15:49:52,2026-09-22T15:49:52
6414,樺漢,2022-10-20,192.0,5.5,2.95%,18.21,12.79,273.15,327.78,382.41,437.04,491.67,546.3,ShowDailyK_ChartFlow,FinMind_API_TaiwanStockPrice_6414,True,2026-09-22T15:49:52,2026-09-22T15:49:52,2026-09-22T15:49:52
6414,樺漢,2022-10-21,184.0,-8.0,-4.17%,18.21,12.26,273.15,327.78,382.41,437.04,491.67,546.3,ShowDailyK_ChartFlow,FinMind_API_TaiwanStockPrice_6414,True,2026-09-22T15:49:52,2026-09-22T15:49:52,2026-09-22T15:49:52
6414,樺漢,2022-10-24,186.5,2.5,1.36%,18.21,12.43,273.15,327.78,382.41,437.04,491.67,546.3,ShowDailyK_ChartFlow,FinMind_API_TaiwanStockPrice_6414,True,2026-09-22T15:49:52,2026-09-22T15:49:52,2026-09-22T15:49:52
6414,樺漢,2022-10-25,183.0,-3.5,-1.88%,18.21,12.19,273.15,327.78,382.41,437.04,491.67,546.3,ShowDailyK_ChartFlow,FinMind_API_TaiwanStockPrice_6414,True,2026-09-22T15:49:52,2026-09-22T15:49:52,2026-09-22T15:49:52
6414,樺漢,2022-10-26,182.0,-1.0,-0.55%,18.21,12.13,273.15,327.78,382.41,437.04,491.67,546.3,ShowDailyK_ChartFlow,FinMind_API_TaiwanStockPrice_6414,True,2026-09-22T15:49:52,2026-09-22T15:49:52,2026-09-22T15:49:52
6414,樺漢,2022-10-27,185.5,3.5,1.92%,18.21,12.36,273.15,327.78,382.41,437.04,491.67,546.3,ShowDailyK_ChartFlow,FinMind_API_TaiwanStockPrice_6414,True,2026-09-22T15:49:52,2026-09-22T15:49:52,2026-09-22T15:49:52
6414,樺漢,2022-10-28,181.0,-4.5,-2.43%,18.21,12.06,273.15,327.78,382.41,437.04,491.67,546.3,ShowDailyK_ChartFlow,FinMind_API_TaiwanStockPrice_6414,True,2026-09-22T15:49:52,2026-09-22T15:49:52,2026-09-22T15:49:52
6414,樺漢,2022-10-31,185.0,4.0,2.21%,18.21,12.33,273.15,327.78,382.41,437.04,491.67,546.3,ShowDailyK_ChartFlow,FinMind_API_TaiwanStockPrice_6414,True,2026-09-22T15:49:52,2026-09-22T15:49:52,2026-09-22T15:49:52
6414,樺漢,2022-11-01,189.0,4.0,2.16%,18.21,12.59,273.15,327.78,382.41,437.04,491.67,546.3,ShowDailyK_ChartFlow,FinMind_API_TaiwanStockPrice_6414,True,2026-09-22T15:49:52,2026-09-22T15:49:52,2026-09-22T15:49:52
6414,樺漢,2022-11-02,189.5,0.5,0.26%,18.21,12.62,273.15,327.78,382.41,437.04,491.67,546.3,ShowDailyK_ChartFlow,FinMind_API_TaiwanStockPrice_6414,True,2026-09-22T15:49:52,2026-09-22T15:49:52,2026-09-22T15:49:52
6414,樺漢,2022-11-03,193.5,4.0,2.11%,18.21,12.89,273.15,327.78,382.41,437.04,491.67,546.3,ShowDailyK_ChartFlow,FinMind_API_TaiwanStockPrice_6414,True,2026-09-22T15:49:52,2026-09-22T15:49:52,2026-09-22T15:49:52
6414,樺漢,2022-11-04,194.0,0.5,0.26%,18.21,12.92,273.15,327.78,382.41,437.04,491.67,546.3,ShowDailyK_ChartFlow,FinMind_API_TaiwanStockPrice_6414,True,2026-09-22T15:49:52,2026-09-22T15:49:52,2026-09-22T15:49:52
6414,樺漢,2022-11-07,196.5,2.5,1.29%,18.21,13.09,273.15,327.78,382.41,437.04,491.67,546.3,ShowDailyK_ChartFlow,FinMind_API_TaiwanStockPrice_6414,True,2026-09-22T15:49:52,2026-09-22T15:49:52,2026-09-22T15:49:52
6414,樺漢,2022-11-08,196.0,-0.5,-0.25%,18.21,13.06,273.15,327.78,382.41,437.04,491.67,546.3,ShowDailyK_ChartFlow,FinMind_API_TaiwanStockPrice_6414,True,2026-09-22T15:49:52,2026-09-22T15:49:52,2026-09-22T15:49:52
6414,樺漢,2022-11-09,198.5,2.5,1.28%,18.21,13.22,273.15,327.78,382.41,437.04,491.67,546.3,ShowDailyK_ChartFlow,FinMind_API_TaiwanStockPrice_6414,True,2026-09-22T15:49:52,2026-09-22T15:49:52,2026-09-22T15:49:52
6414,樺漢,2022-11-10,200.0,1.5,0.76%,18.21,11.27,273.15,327.78,382.41,437.04,491.67,546.3,ShowDailyK_ChartFlow,FinMind_API_TaiwanStockPrice_6414,True,2026-09-22T15:49:52,2026-09-22T15:49:52,2026-09-22T15:49:52
6414,樺漢,2022-11-11,201.0,1.0,0.50%,18.21,11.33,273.15,327.78,382.41,437.04,491.67,546.3,ShowDailyK_ChartFlow,FinMind_API_TaiwanStockPrice_6414,True,2026-09-22T15:49:52,2026-09-22T15:49:52,2026-09-22T15:49:52
6414,樺漢,2022-11-14,203.0,2.0,1.00%,18.21,11.44,273.15,327.78,382.41,437.04,491.67,546.3,ShowDailyK_ChartFlow,FinMind_API_TaiwanStockPrice_6414,True,2026-09-22T15:49:52,2026-09-22T15:49:52,2026-09-22T15:49:52
6414,樺漢,2022-11-15,203.5,0.5,0.25%,18.21,11.47,273.15,327.78,382.41,437.04,491.67,546.3,ShowDailyK_ChartFlow,FinMind_API_TaiwanStockPrice_6414,True,2026-09-22T15:49:52,2026-09-22T15:49:52,2026-09-22T15:49:52
6414,樺漢,2022-11-16,199.5,-4.0,-1.97%,18.21,11.25,273.15,327.78,382.41,437.04,491.67,546.3,ShowDailyK_ChartFlow,FinMind_API_TaiwanStockPrice_6414,True,2026-09-22T15:49:52,2026-09-22T15:49:52,2026-09-22T15:49:52
6414,樺漢,2022-11-17,200.5,1.0,0.50%,18.21,11.3,273.15,327.78,382.41,437.04,491.67,546.3,ShowDailyK_ChartFlow,FinMind_API_TaiwanStockPrice_6414,True,2026-09-22T15:49:52,2026-09-22T15:49:52,2026-09-22T15:49:52
6414,樺漢,2022-11-18,203.0,2.5,1.25%,18.21,11.44,273.15,327.78,382.41,437.04,491.67,546.3,ShowDailyK_ChartFlow,FinMind_API_TaiwanStockPrice_6414,True,2026-09-22T15:49:52,2026-09-22T15:49:52,2026-09-22T15:49:52
6414,樺漢,2022-11-21,199.5,-3.5,-1.72%,18.21,11.25,273.15,327.78,382.41,437.04,491.67,546.3,ShowDailyK_ChartFlow,FinMind_API_TaiwanStockPrice_6414,True,2026-09-22T15:49:52,2026-09-22T15:49:52,2026-09-22T15:49:52
6414,樺漢,2022-11-22,202.0,2.5,1.25%,18.21,11.39,273.15,327.78,382.41,437.04,491.67,546.3,ShowDailyK_ChartFlow,FinMind_API_TaiwanStockPrice_6414,True,2026-09-22T15:49:52,2026-09-22T15:49:52,2026-09-22T15:49:52
6414,樺漢,2022-11-23,202.0,0.0,0.00%,18.21,11.39,273.15,327.78,382.41,437.04,491.67,546.3,ShowDailyK_ChartFlow,FinMind_API_TaiwanStockPrice_6414,True,2026-09-22T15:49:52,2026-09-22T15:49:52,2026-09-22T15:49:52
6414,樺漢,2022-11-24,205.0,3.0,1.49%,18.21,11.56,273.15,327.78,382.41,437.04,491.67,546.3,ShowDailyK_ChartFlow,FinMind_API_TaiwanStockPrice_6414,True,2026-09-22T15:49:52,2026-09-22T15:49:52,2026-09-22T15:49:52
6414,樺漢,2022-11-25,201.5,-3.5,-1.71%,18.21,11.36,273.15,327.78,382.41,437.04,491.67,546.3,ShowDailyK_ChartFlow,FinMind_API_TaiwanStockPrice_6414,True,2026-09-22T15:49:52,2026-09-22T15:49:52,2026-09-22T15:49:52
6414,樺漢,2022-11-28,204.0,2.5,1.24%,18.21,11.5,273.15,327.78,382.41,437.04,491.67,546.3,ShowDailyK_ChartFlow,FinMind_API_TaiwanStockPrice_6414,True,2026-09-22T15:49:52,2026-09-22T15:49:52,2026-09-22T15:49:52
6414,樺漢,2022-11-29,204.0,0.0,0.00%,18.21,11.5,273.15,327.78,382.41,437.04,491.67,546.3,ShowDailyK_ChartFlow,FinMind_API_TaiwanStockPrice_6414,True,2026-09-22T15:49:52,2026-09-22T15:49:52,2026-09-22T15:49:52
6414,樺漢,2022-11-30,206.0,2.0,0.98%,18.21,11.61,273.15,327.78,382.41,437.04,491.67,546.3,ShowDailyK_ChartFlow,FinMind_API_TaiwanStockPrice_6414,True,2026-09-22T15:49:52,2026-09-22T15:49:52,2026-09-22T15:49:52
6414,樺漢,2022-12-01,208.0,2.0,0.97%,18.21,11.72,273.15,327.78,382.41,437.04,491.67,546.3,ShowDailyK_ChartFlow,FinMind_API_TaiwanStockPrice_6414,True,2026-09-22T15:49:52,2026-09-22T15:49:52,2026-09-22T15:49:52
6414,樺漢,2022-12-02,208.0,0.0,0.00%,18.21,11.72,273.15,327.78,382.41,437.04,491.67,546.3,ShowDailyK_ChartFlow,FinMind_API_TaiwanStockPrice_6414,True,2026-09-22T15:49:52,2026-09-22T15:49:52,2026-09-22T15:49:52
6414,樺漢,2022-12-05,209.5,1.5,0.72%,18.21,11.81,273.15,327.78,382.41,437.04,491.67,546.3,ShowDailyK_ChartFlow,FinMind_API_TaiwanStockPrice_6414,True,2026-09-22T15:49:52,2026-09-22T15:49:52,2026-09-22T15:49:52
6414,樺漢,2022-12-06,203.5,-6.0,-2.86%,18.21,11.47,273.15,327.78,382.41,437.04,491.67,546.3,ShowDailyK_ChartFlow,FinMind_API_TaiwanStockPrice_6414,True,2026-09-22T15:49:52,2026-09-22T15:49:52,2026-09-22T15:49:52
6414,樺漢,2022-12-07,212.5,9.0,4.42%,18.21,11.98,273.15,327.78,382.41,437.04,491.67,546.3,ShowDailyK_ChartFlow,FinMind_API_TaiwanStockPrice_6414,True,2026-09-22T15:49:52,2026-09-22T15:49:52,2026-09-22T15:49:52
6414,樺漢,2022-12-08,207.5,-5.0,-2.35%,18.21,11.7,273.15,327.78,382.41,437.04,491.67,546.3,ShowDailyK_ChartFlow,FinMind_API_TaiwanStockPrice_6414,True,2026-09-22T15:49:52,2026-09-22T15:49:52,2026-09-22T15:49:52
6414,樺漢,2022-12-09,213.0,5.5,2.65%,18.21,12.01,273.15,327.78,382.41,437.04,491.67,546.3,ShowDailyK_ChartFlow,FinMind_API_TaiwanStockPrice_6414,True,2026-09-22T15:49:52,2026-09-22T15:49:52,2026-09-22T15:49:52
6414,樺漢,2022-12-12,208.0,-5.0,-2.35%,18.21,11.72,273.15,327.78,382.41,437.04,491.67,546.3,ShowDailyK_ChartFlow,FinMind_API_TaiwanStockPrice_6414,True,2026-09-22T15:49:52,2026-09-22T15:49:52,2026-09-22T15:49:52
6414,樺漢,2022-12-13,208.5,0.5,0.24%,18.21,11.75,273.15,327.78,382.41,437.04,491.67,546.3,ShowDailyK_ChartFlow,FinMind_API_TaiwanStockPrice_6414,True,2026-09-22T15:49:52,2026-09-22T15:49:52,2026-09-22T15:49:52
6414,樺漢,2022-12-14,212.5,4.0,1.92%,18.21,11.98,273.15,327.78,382.41,437.04,491.67,546.3,ShowDailyK_ChartFlow,FinMind_API_TaiwanStockPrice_6414,True,2026-09-22T15:49:52,2026-09-22T15:49:52,2026-09-22T15:49:52
6414,樺漢,2022-12-15,214.5,2.0,0.94%,18.21,12.09,273.15,327.78,382.41,437.04,491.67,546.3,ShowDailyK_ChartFlow,FinMind_API_TaiwanStockPrice_6414,True,2026-09-22T15:49:52,2026-09-22T15:49:52,2026-09-22T15:49:52
6414,樺漢,2022-12-16,207.5,-7.0,-3.26%,18.21,11.7,273.15,327.78,382.41,437.04,491.67,546.3,ShowDailyK_ChartFlow,FinMind_API_TaiwanStockPrice_6414,True,2026-09-22T15:49:52,2026-09-22T15:49:52,2026-09-22T15:49:52
6414,樺漢,2022-12-19,205.0,-2.5,-1.20%,18.21,11.56,273.15,327.78,382.41,437.04,491.67,546.3,ShowDailyK_ChartFlow,FinMind_API_TaiwanStockPrice_6414,True,2026-09-22T15:49:52,2026-09-22T15:49:52,2026-09-22T15:49:52
6414,樺漢,2022-12-20,198.5,-6.5,-3.17%,18.21,11.19,273.15,327.78,382.41,437.04,491.67,546.3,ShowDailyK_ChartFlow,FinMind_API_TaiwanStockPrice_6414,True,2026-09-22T15:49:52,2026-09-22T15:49:52,2026-09-22T15:49:52
6414,樺漢,2022-12-21,197.0,-1.5,-0.76%,18.21,11.1,273.15,327.78,382.41,437.04,491.67,546.3,ShowDailyK_ChartFlow,FinMind_API_TaiwanStockPrice_6414,True,2026-09-22T15:49:52,2026-09-22T15:49:52,2026-09-22T15:49:52
6414,樺漢,2022-12-22,199.0,2.0,1.02%,18.21,11.22,273.15,327.78,382.41,437.04,491.67,546.3,ShowDailyK_ChartFlow,FinMind_API_TaiwanStockPrice_6414,True,2026-09-22T15:49:52,2026-09-22T15:49:52,2026-09-22T15:49:52
6414,樺漢,2022-12-23,198.5,-0.5,-0.25%,18.21,11.19,273.15,327.78,382.41,437.04,491.67,546.3,ShowDailyK_ChartFlow,FinMind_API_TaiwanStockPrice_6414,True,2026-09-22T15:49:52,2026-09-22T15:49:52,2026-09-22T15:49:52
6414,樺漢,2022-12-26,200.0,1.5,0.76%,18.21,11.27,273.15,327.78,382.41,437.04,491.67,546.3,ShowDailyK_ChartFlow,FinMind_API_TaiwanStockPrice_6414,True,2026-09-22T15:49:52,2026-09-22T15:49:52,2026-09-22T15:49:52
6414,樺漢,2022-12-27,200.0,0.0,0.00%,18.21,11.27,273.15,327.78,382.41,437.04,491.67,546.3,ShowDailyK_ChartFlow,FinMind_API_TaiwanStockPrice_6414,True,2026-09-22T15:49:52,2026-09-22T15:49:52,2026-09-22T15:49:52
6414,樺漢,2022-12-28,197.5,-2.5,-1.25%,18.21,11.13,273.15,327.78,382.41,437.04,491.67,546.3,ShowDailyK_ChartFlow,FinMind_API_TaiwanStockPrice_6414,True,2026-09-22T15:49:52,2026-09-22T15:49:52,2026-09-22T15:49:52
6414,樺漢,2022-12-29,198.5,1.0,0.51%,18.21,11.19,273.15,327.78,382.41,437.04,491.67,546.3,ShowDailyK_ChartFlow,FinMind_API_TaiwanStockPrice_6414,True,2026-09-22T15:49:52,2026-09-22T15:49:52,2026-09-22T15:49:52
6414,樺漢,2022-12-30,203.5,5.0,2.52%,18.21,11.47,273.15,327.78,382.41,437.04,491.67,546.3,ShowDailyK_ChartFlow,FinMind_API_TaiwanStockPrice_6414,True,2026-09-22T15:49:52,2026-09-22T15:49:52,2026-09-22T15:49:52
6414,樺漢,2023-01-03,212.0,8.5,4.18%,32.589999999999996,11.95,488.85,586.62,684.39,782.16,879.93,977.7,ShowDailyK_ChartFlow,FinMind_API_TaiwanStockPrice_6414,True,2026-09-22T15:49:52,2026-09-22T15:49:52,2026-09-22T15:49:52
6414,樺漢,2023-01-04,219.5,7.5,3.54%,32.589999999999996,12.37,488.85,586.62,684.39,782.16,879.93,977.7,ShowDailyK_ChartFlow,FinMind_API_TaiwanStockPrice_6414,True,2026-09-22T15:49:52,2026-09-22T15:49:52,2026-09-22T15:49:52
6414,樺漢,2023-01-05,223.0,3.5,1.59%,32.589999999999996,12.57,488.85,586.62,684.39,782.16,879.93,977.7,ShowDailyK_ChartFlow,FinMind_API_TaiwanStockPrice_6414,True,2026-09-22T15:49:52,2026-09-22T15:49:52,2026-09-22T15:49:52
6414,樺漢,2023-01-06,224.0,1.0,0.45%,32.589999999999996,12.63,488.85,586.62,684.39,782.16,879.93,977.7,ShowDailyK_ChartFlow,FinMind_API_TaiwanStockPrice_6414,True,2026-09-22T15:49:52,2026-09-22T15:49:52,2026-09-22T15:49:52
6414,樺漢,2023-01-09,219.5,-4.5,-2.01%,32.589999999999996,12.37,488.85,586.62,684.39,782.16,879.93,977.7,ShowDailyK_ChartFlow,FinMind_API_TaiwanStockPrice_6414,True,2026-09-22T15:49:52,2026-09-22T15:49:52,2026-09-22T15:49:52
6414,樺漢,2023-01-10,222.5,3.0,1.37%,32.589999999999996,12.54,488.85,586.62,684.39,782.16,879.93,977.7,ShowDailyK_ChartFlow,FinMind_API_TaiwanStockPrice_6414,True,2026-09-22T15:49:52,2026-09-22T15:49:52,2026-09-22T15:49:52
6414,樺漢,2023-01-11,221.0,-1.5,-0.67%,32.589999999999996,12.46,488.85,586.62,684.39,782.16,879.93,977.7,ShowDailyK_ChartFlow,FinMind_API_TaiwanStockPrice_6414,True,2026-09-22T15:49:52,2026-09-22T15:49:52,2026-09-22T15:49:52
6414,樺漢,2023-01-12,221.0,0.0,0.00%,32.589999999999996,12.46,488.85,586.62,684.39,782.16,879.93,977.7,ShowDailyK_ChartFlow,FinMind_API_TaiwanStockPrice_6414,True,2026-09-22T15:49:52,2026-09-22T15:49:52,2026-09-22T15:49:52
6414,樺漢,2023-01-13,217.5,-3.5,-1.58%,32.589999999999996,12.26,488.85,586.62,684.39,782.16,879.93,977.7,ShowDailyK_ChartFlow,FinMind_API_TaiwanStockPrice_6414,True,2026-09-22T15:49:52,2026-09-22T15:49:52,2026-09-22T15:49:52
6414,樺漢,2023-01-16,219.0,1.5,0.69%,32.589999999999996,12.34,488.85,586.62,684.39,782.16,879.93,977.7,ShowDailyK_ChartFlow,FinMind_API_TaiwanStockPrice_6414,True,2026-09-22T15:49:52,2026-09-22T15:49:52,2026-09-22T15:49:52
6414,樺漢,2023-01-17,217.5,-1.5,-0.68%,32.589999999999996,12.26,488.85,586.62,684.39,782.16,879.93,977.7,ShowDailyK_ChartFlow,FinMind_API_TaiwanStockPrice_6414,True,2026-09-22T15:49:52,2026-09-22T15:49:52,2026-09-22T15:49:52
6414,樺漢,2023-01-30,221.0,3.5,1.61%,32.589999999999996,12.46,488.85,586.62,684.39,782.16,879.93,977.7,ShowDailyK_ChartFlow,FinMind_API_TaiwanStockPrice_6414,True,2026-09-22T15:49:52,2026-09-22T15:49:52,2026-09-22T15:49:52
6414,樺漢,2023-01-31,223.0,2.0,0.90%,32.589999999999996,12.57,488.85,586.62,684.39,782.16,879.93,977.7,ShowDailyK_ChartFlow,FinMind_API_TaiwanStockPrice_6414,True,2026-09-22T15:49:52,2026-09-22T15:49:52,2026-09-22T15:49:52
6414,樺漢,2023-02-01,226.0,3.0,1.35%,32.589999999999996,12.74,488.85,586.62,684.39,782.16,879.93,977.7,ShowDailyK_ChartFlow,FinMind_API_TaiwanStockPrice_6414,True,2026-09-22T15:49:52,2026-09-22T15:49:52,2026-09-22T15:49:52
6414,樺漢,2023-02-02,230.5,4.5,1.99%,32.589999999999996,12.99,488.85,586.62,684.39,782.16,879.93,977.7,ShowDailyK_ChartFlow,FinMind_API_TaiwanStockPrice_6414,True,2026-09-22T15:49:52,2026-09-22T15:49:52,2026-09-22T15:49:52
6414,樺漢,2023-02-03,230.0,-0.5,-0.22%,32.589999999999996,12.97,488.85,586.62,684.39,782.16,879.93,977.7,ShowDailyK_ChartFlow,FinMind_API_TaiwanStockPrice_6414,True,2026-09-22T15:49:52,2026-09-22T15:49:52,2026-09-22T15:49:52
6414,樺漢,2023-02-06,231.5,1.5,0.65%,32.589999999999996,13.05,488.85,586.62,684.39,782.16,879.93,977.7,ShowDailyK_ChartFlow,FinMind_API_TaiwanStockPrice_6414,True,2026-09-22T15:49:52,2026-09-22T15:49:52,2026-09-22T15:49:52
6414,樺漢,2023-02-07,228.0,-3.5,-1.51%,32.589999999999996,12.85,488.85,586.62,684.39,782.16,879.93,977.7,ShowDailyK_ChartFlow,FinMind_API_TaiwanStockPrice_6414,True,2026-09-22T15:49:52,2026-09-22T15:49:52,2026-09-22T15:49:52
6414,樺漢,2023-02-08,229.5,1.5,0.66%,32.589999999999996,12.94,488.85,586.62,684.39,782.16,879.93,977.7,ShowDailyK_ChartFlow,FinMind_API_TaiwanStockPrice_6414,True,2026-09-22T15:49:52,2026-09-22T15:49:52,2026-09-22T15:49:52
6414,樺漢,2023-02-09,230.0,0.5,0.22%,32.589999999999996,12.97,488.85,586.62,684.39,782.16,879.93,977.7,ShowDailyK_ChartFlow,FinMind_API_TaiwanStockPrice_6414,True,2026-09-22T15:49:52,2026-09-22T15:49:52,2026-09-22T15:49:52
6414,樺漢,2023-02-10,225.0,-5.0,-2.17%,32.589999999999996,12.68,488.85,586.62,684.39,782.16,879.93,977.7,ShowDailyK_ChartFlow,FinMind_API_TaiwanStockPrice_6414,True,2026-09-22T15:49:52,2026-09-22T15:49:52,2026-09-22T15:49:52
6414,樺漢,2023-02-13,230.0,5.0,2.22%,32.589999999999996,12.97,488.85,586.62,684.39,782.16,879.93,977.7,ShowDailyK_ChartFlow,FinMind_API_TaiwanStockPrice_6414,True,2026-09-22T15:49:52,2026-09-22T15:49:52,2026-09-22T15:49:52
6414,樺漢,2023-02-14,229.0,-1.0,-0.43%,32.589999999999996,12.91,488.85,586.62,684.39,782.16,879.93,977.7,ShowDailyK_ChartFlow,FinMind_API_TaiwanStockPrice_6414,True,2026-09-22T15:49:52,2026-09-22T15:49:52,2026-09-22T15:49:52
6414,樺漢,2023-02-15,229.0,0.0,0.00%,32.589999999999996,12.91,488.85,586.62,684.39,782.16,879.93,977.7,ShowDailyK_ChartFlow,FinMind_API_TaiwanStockPrice_6414,True,2026-09-22T15:49:52,2026-09-22T15:49:52,2026-09-22T15:49:52
6414,樺漢,2023-02-16,231.0,2.0,0.87%,32.589999999999996,13.02,488.85,586.62,684.39,782.16,879.93,977.7,ShowDailyK_ChartFlow,FinMind_API_TaiwanStockPrice_6414,True,2026-09-22T15:49:52,2026-09-22T15:49:52,2026-09-22T15:49:52
6414,樺漢,2023-02-17,228.5,-2.5,-1.08%,32.589999999999996,12.88,488.85,586.62,684.39,782.16,879.93,977.7,ShowDailyK_ChartFlow,FinMind_API_TaiwanStockPrice_6414,True,2026-09-22T15:49:52,2026-09-22T15:49:52,2026-09-22T15:49:52
6414,樺漢,2023-02-20,235.0,6.5,2.84%,32.589999999999996,13.25,488.85,586.62,684.39,782.16,879.93,977.7,ShowDailyK_ChartFlow,FinMind_API_TaiwanStockPrice_6414,True,2026-09-22T15:49:52,2026-09-22T15:49:52,2026-09-22T15:49:52
6414,樺漢,2023-02-21,235.5,0.5,0.21%,32.589999999999996,13.28,488.85,586.62,684.39,782.16,879.93,977.7,ShowDailyK_ChartFlow,FinMind_API_TaiwanStockPrice_6414,True,2026-09-22T15:49:52,2026-09-22T15:49:52,2026-09-22T15:49:52
6414,樺漢,2023-02-22,230.0,-5.5,-2.34%,32.589999999999996,12.97,488.85,586.62,684.39,782.16,879.93,977.7,ShowDailyK_ChartFlow,FinMind_API_TaiwanStockPrice_6414,True,2026-09-22T15:49:52,2026-09-22T15:49:52,2026-09-22T15:49:52
6414,樺漢,2023-02-23,232.0,2.0,0.87%,32.589999999999996,13.08,488.85,586.62,684.39,782.16,879.93,977.7,ShowDailyK_ChartFlow,FinMind_API_TaiwanStockPrice_6414,True,2026-09-22T15:49:52,2026-09-22T15:49:52,2026-09-22T15:49:52
6414,樺漢,2023-02-24,233.5,1.5,0.65%,32.589999999999996,13.16,488.85,586.62,684.39,782.16,879.93,977.7,ShowDailyK_ChartFlow,FinMind_API_TaiwanStockPrice_6414,True,2026-09-22T15:49:52,2026-09-22T15:49:52,2026-09-22T15:49:52
6414,樺漢,2023-03-01,235.0,1.5,0.64%,32.589999999999996,13.25,488.85,586.62,684.39,782.16,879.93,977.7,ShowDailyK_ChartFlow,FinMind_API_TaiwanStockPrice_6414,True,2026-09-22T15:49:52,2026-09-22T15:49:52,2026-09-22T15:49:52
6414,樺漢,2023-03-02,237.0,2.0,0.85%,32.589999999999996,13.36,488.85,586.62,684.39,782.16,879.93,977.7,ShowDailyK_ChartFlow,FinMind_API_TaiwanStockPrice_6414,True,2026-09-22T15:49:52,2026-09-22T15:49:52,2026-09-22T15:49:52
6414,樺漢,2023-03-03,237.5,0.5,0.21%,32.589999999999996,13.39,488.85,586.62,684.39,782.16,879.93,977.7,ShowDailyK_ChartFlow,FinMind_API_TaiwanStockPrice_6414,True,2026-09-22T15:49:52,2026-09-22T15:49:52,2026-09-22T15:49:52
6414,樺漢,2023-03-06,242.0,4.5,1.89%,32.589999999999996,13.64,488.85,586.62,684.39,782.16,879.93,977.7,ShowDailyK_ChartFlow,FinMind_API_TaiwanStockPrice_6414,True,2026-09-22T15:49:52,2026-09-22T15:49:52,2026-09-22T15:49:52
6414,樺漢,2023-03-07,238.0,-4.0,-1.65%,32.589999999999996,13.42,488.85,586.62,684.39,782.16,879.93,977.7,ShowDailyK_ChartFlow,FinMind_API_TaiwanStockPrice_6414,True,2026-09-22T15:49:52,2026-09-22T15:49:52,2026-09-22T15:49:52
6414,樺漢,2023-03-08,244.0,6.0,2.52%,32.589999999999996,13.75,488.85,586.62,684.39,782.16,879.93,977.7,ShowDailyK_ChartFlow,FinMind_API_TaiwanStockPrice_6414,True,2026-09-22T15:49:52,2026-09-22T15:49:52,2026-09-22T15:49:52
6414,樺漢,2023-03-09,240.0,-4.0,-1.64%,32.589999999999996,13.53,488.85,586.62,684.39,782.16,879.93,977.7,ShowDailyK_ChartFlow,FinMind_API_TaiwanStockPrice_6414,True,2026-09-22T15:49:52,2026-09-22T15:49:52,2026-09-22T15:49:52
6414,樺漢,2023-03-10,234.5,-5.5,-2.29%,32.589999999999996,13.22,488.85,586.62,684.39,782.16,879.93,977.7,ShowDailyK_ChartFlow,FinMind_API_TaiwanStockPrice_6414,True,2026-09-22T15:49:52,2026-09-22T15:49:52,2026-09-22T15:49:52
6414,樺漢,2023-03-13,235.0,0.5,0.21%,32.589999999999996,13.25,488.85,586.62,684.39,782.16,879.93,977.7,ShowDailyK_ChartFlow,FinMind_API_TaiwanStockPrice_6414,True,2026-09-22T15:49:52,2026-09-22T15:49:52,2026-09-22T15:49:52
6414,樺漢,2023-03-14,238.0,3.0,1.28%,32.589999999999996,13.42,488.85,586.62,684.39,782.16,879.93,977.7,ShowDailyK_ChartFlow,FinMind_API_TaiwanStockPrice_6414,True,2026-09-22T15:49:52,2026-09-22T15:49:52,2026-09-22T15:49:52
6414,樺漢,2023-03-15,237.5,-0.5,-0.21%,32.589999999999996,13.39,488.85,586.62,684.39,782.16,879.93,977.7,ShowDailyK_ChartFlow,FinMind_API_TaiwanStockPrice_6414,True,2026-09-22T15:49:52,2026-09-22T15:49:52,2026-09-22T15:49:52
6414,樺漢,2023-03-16,232.5,-5.0,-2.11%,32.589999999999996,13.11,488.85,586.62,684.39,782.16,879.93,977.7,ShowDailyK_ChartFlow,FinMind_API_TaiwanStockPrice_6414,True,2026-09-22T15:49:52,2026-09-22T15:49:52,2026-09-22T15:49:52
6414,樺漢,2023-03-17,234.5,2.0,0.86%,32.589999999999996,13.22,488.85,586.62,684.39,782.16,879.93,977.7,ShowDailyK_ChartFlow,FinMind_API_TaiwanStockPrice_6414,True,2026-09-22T15:49:52,2026-09-22T15:49:52,2026-09-22T15:49:52
6414,樺漢,2023-03-20,237.0,2.5,1.07%,32.589999999999996,13.36,488.85,586.62,684.39,782.16,879.93,977.7,ShowDailyK_ChartFlow,FinMind_API_TaiwanStockPrice_6414,True,2026-09-22T15:49:52,2026-09-22T15:49:52,2026-09-22T15:49:52
6414,樺漢,2023-03-21,236.0,-1.0,-0.42%,32.589999999999996,13.3,488.85,586.62,684.39,782.16,879.93,977.7,ShowDailyK_ChartFlow,FinMind_API_TaiwanStockPrice_6414,True,2026-09-22T15:49:52,2026-09-22T15:49:52,2026-09-22T15:49:52
6414,樺漢,2023-03-22,240.0,4.0,1.69%,32.589999999999996,13.53,488.85,586.62,684.39,782.16,879.93,977.7,ShowDailyK_ChartFlow,FinMind_API_TaiwanStockPrice_6414,True,2026-09-22T15:49:52,2026-09-22T15:49:52,2026-09-22T15:49:52
6414,樺漢,2023-03-23,245.0,5.0,2.08%,32.589999999999996,13.81,488.85,586.62,684.39,782.16,879.93,977.7,ShowDailyK_ChartFlow,FinMind_API_TaiwanStockPrice_6414,True,2026-09-22T15:49:52,2026-09-22T15:49:52,2026-09-22T15:49:52
6414,樺漢,2023-03-24,253.0,8.0,3.27%,32.589999999999996,14.26,488.85,586.62,684.39,782.16,879.93,977.7,ShowDailyK_ChartFlow,FinMind_API_TaiwanStockPrice_6414,True,2026-09-22T15:49:52,2026-09-22T15:49:52,2026-09-22T15:49:52
6414,樺漢,2023-03-27,259.5,6.5,2.57%,32.589999999999996,14.63,488.85,586.62,684.39,782.16,879.93,977.7,ShowDailyK_ChartFlow,FinMind_API_TaiwanStockPrice_6414,True,2026-09-22T15:49:52,2026-09-22T15:49:52,2026-09-22T15:49:52
6414,樺漢,2023-03-28,255.0,-4.5,-1.73%,32.589999999999996,14.37,488.85,586.62,684.39,782.16,879.93,977.7,ShowDailyK_ChartFlow,FinMind_API_TaiwanStockPrice_6414,True,2026-09-22T15:49:52,2026-09-22T15:49:52,2026-09-22T15:49:52
6414,樺漢,2023-03-29,258.0,3.0,1.18%,32.589999999999996,14.54,488.85,586.62,684.39,782.16,879.93,977.7,ShowDailyK_ChartFlow,FinMind_API_TaiwanStockPrice_6414,True,2026-09-22T15:49:52,2026-09-22T15:49:52,2026-09-22T15:49:52
6414,樺漢,2023-03-30,263.5,5.5,2.13%,32.589999999999996,14.85,488.85,586.62,684.39,782.16,879.93,977.7,ShowDailyK_ChartFlow,FinMind_API_TaiwanStockPrice_6414,True,2026-09-22T15:49:52,2026-09-22T15:49:52,2026-09-22T15:49:52
6414,樺漢,2023-03-31,265.0,1.5,0.57%,34.26,8.14,513.9,616.68,719.46,822.24,925.02,1027.8,ShowDailyK_ChartFlow,FinMind_API_TaiwanStockPrice_6414,True,2026-09-22T15:49:52,2026-09-22T15:49:52,2026-09-22T15:49:52
6414,樺漢,2023-04-06,264.0,-1.0,-0.38%,34.26,8.11,513.9,616.68,719.46,822.24,925.02,1027.8,ShowDailyK_ChartFlow,FinMind_API_TaiwanStockPrice_6414,True,2026-09-22T15:49:52,2026-09-22T15:49:52,2026-09-22T15:49:52
6414,樺漢,2023-04-07,260.5,-3.5,-1.33%,34.26,8.0,513.9,616.68,719.46,822.24,925.02,1027.8,ShowDailyK_ChartFlow,FinMind_API_TaiwanStockPrice_6414,True,2026-09-22T15:49:52,2026-09-22T15:49:52,2026-09-22T15:49:52
6414,樺漢,2023-04-10,256.0,-4.5,-1.73%,34.26,7.86,513.9,616.68,719.46,822.24,925.02,1027.8,ShowDailyK_ChartFlow,FinMind_API_TaiwanStockPrice_6414,True,2026-09-22T15:49:52,2026-09-22T15:49:52,2026-09-22T15:49:52
6414,樺漢,2023-04-11,258.0,2.0,0.78%,34.26,7.92,513.9,616.68,719.46,822.24,925.02,1027.8,ShowDailyK_ChartFlow,FinMind_API_TaiwanStockPrice_6414,True,2026-09-22T15:49:52,2026-09-22T15:49:52,2026-09-22T15:49:52
6414,樺漢,2023-04-12,258.0,0.0,0.00%,34.26,7.92,513.9,616.68,719.46,822.24,925.02,1027.8,ShowDailyK_ChartFlow,FinMind_API_TaiwanStockPrice_6414,True,2026-09-22T15:49:52,2026-09-22T15:49:52,2026-09-22T15:49:52
6414,樺漢,2023-04-13,257.0,-1.0,-0.39%,34.26,7.89,513.9,616.68,719.46,822.24,925.02,1027.8,ShowDailyK_ChartFlow,FinMind_API_TaiwanStockPrice_6414,True,2026-09-22T15:49:52,2026-09-22T15:49:52,2026-09-22T15:49:52
6414,樺漢,2023-04-14,256.5,-0.5,-0.19%,34.26,7.88,513.9,616.68,719.46,822.24,925.02,1027.8,ShowDailyK_ChartFlow,FinMind_API_TaiwanStockPrice_6414,True,2026-09-22T15:49:52,2026-09-22T15:49:52,2026-09-22T15:49:52
6414,樺漢,2023-04-17,256.5,0.0,0.00%,34.26,7.88,513.9,616.68,719.46,822.24,925.02,1027.8,ShowDailyK_ChartFlow,FinMind_API_TaiwanStockPrice_6414,True,2026-09-22T15:49:52,2026-09-22T15:49:52,2026-09-22T15:49:52
6414,樺漢,2023-04-18,255.0,-1.5,-0.58%,34.26,7.83,513.9,616.68,719.46,822.24,925.02,1027.8,ShowDailyK_ChartFlow,FinMind_API_TaiwanStockPrice_6414,True,2026-09-22T15:49:52,2026-09-22T15:49:52,2026-09-22T15:49:52
6414,樺漢,2023-04-19,255.5,0.5,0.20%,34.26,7.85,513.9,616.68,719.46,822.24,925.02,1027.8,ShowDailyK_ChartFlow,FinMind_API_TaiwanStockPrice_6414,True,2026-09-22T15:49:52,2026-09-22T15:49:52,2026-09-22T15:49:52
6414,樺漢,2023-04-20,250.5,-5.0,-1.96%,34.26,7.69,513.9,616.68,719.46,822.24,925.02,1027.8,ShowDailyK_ChartFlow,FinMind_API_TaiwanStockPrice_6414,True,2026-09-22T15:49:52,2026-09-22T15:49:52,2026-09-22T15:49:52
6414,樺漢,2023-04-21,246.0,-4.5,-1.80%,34.26,7.56,513.9,616.68,719.46,822.24,925.02,1027.8,ShowDailyK_ChartFlow,FinMind_API_TaiwanStockPrice_6414,True,2026-09-22T15:49:52,2026-09-22T15:49:52,2026-09-22T15:49:52
6414,樺漢,2023-04-24,249.0,3.0,1.22%,34.26,7.65,513.9,616.68,719.46,822.24,925.02,1027.8,ShowDailyK_ChartFlow,FinMind_API_TaiwanStockPrice_6414,True,2026-09-22T15:49:52,2026-09-22T15:49:52,2026-09-22T15:49:52
6414,樺漢,2023-04-25,244.0,-5.0,-2.01%,34.26,7.49,513.9,616.68,719.46,822.24,925.02,1027.8,ShowDailyK_ChartFlow,FinMind_API_TaiwanStockPrice_6414,True,2026-09-22T15:49:52,2026-09-22T15:49:52,2026-09-22T15:49:52
6414,樺漢,2023-04-26,244.5,0.5,0.20%,34.26,7.51,513.9,616.68,719.46,822.24,925.02,1027.8,ShowDailyK_ChartFlow,FinMind_API_TaiwanStockPrice_6414,True,2026-09-22T15:49:52,2026-09-22T15:49:52,2026-09-22T15:49:52
6414,樺漢,2023-04-27,246.5,2.0,0.82%,34.26,7.57,513.9,616.68,719.46,822.24,925.02,1027.8,ShowDailyK_ChartFlow,FinMind_API_TaiwanStockPrice_6414,True,2026-09-22T15:49:52,2026-09-22T15:49:52,2026-09-22T15:49:52
6414,樺漢,2023-04-28,250.5,4.0,1.62%,34.26,7.69,513.9,616.68,719.46,822.24,925.02,1027.8,ShowDailyK_ChartFlow,FinMind_API_TaiwanStockPrice_6414,True,2026-09-22T15:49:52,2026-09-22T15:49:52,2026-09-22T15:49:52
6414,樺漢,2023-05-02,254.5,4.0,1.60%,34.26,7.82,513.9,616.68,719.46,822.24,925.02,1027.8,ShowDailyK_ChartFlow,FinMind_API_TaiwanStockPrice_6414,True,2026-09-22T15:49:52,2026-09-22T15:49:52,2026-09-22T15:49:52
6414,樺漢,2023-05-03,253.0,-1.5,-0.59%,34.26,7.77,513.9,616.68,719.46,822.24,925.02,1027.8,ShowDailyK_ChartFlow,FinMind_API_TaiwanStockPrice_6414,True,2026-09-22T15:49:52,2026-09-22T15:49:52,2026-09-22T15:49:52
6414,樺漢,2023-05-04,256.0,3.0,1.19%,34.26,7.86,513.9,616.68,719.46,822.24,925.02,1027.8,ShowDailyK_ChartFlow,FinMind_API_TaiwanStockPrice_6414,True,2026-09-22T15:49:52,2026-09-22T15:49:52,2026-09-22T15:49:52
6414,樺漢,2023-05-05,256.5,0.5,0.20%,34.26,7.88,513.9,616.68,719.46,822.24,925.02,1027.8,ShowDailyK_ChartFlow,FinMind_API_TaiwanStockPrice_6414,True,2026-09-22T15:49:52,2026-09-22T15:49:52,2026-09-22T15:49:52
6414,樺漢,2023-05-08,256.5,0.0,0.00%,34.26,7.88,513.9,616.68,719.46,822.24,925.02,1027.8,ShowDailyK_ChartFlow,FinMind_API_TaiwanStockPrice_6414,True,2026-09-22T15:49:52,2026-09-22T15:49:52,2026-09-22T15:49:52
6414,樺漢,2023-05-09,254.5,-2.0,-0.78%,34.26,7.82,513.9,616.68,719.46,822.24,925.02,1027.8,ShowDailyK_ChartFlow,FinMind_API_TaiwanStockPrice_6414,True,2026-09-22T15:49:52,2026-09-22T15:49:52,2026-09-22T15:49:52
6414,樺漢,2023-05-10,256.0,1.5,0.59%,34.26,7.86,513.9,616.68,719.46,822.24,925.02,1027.8,ShowDailyK_ChartFlow,FinMind_API_TaiwanStockPrice_6414,True,2026-09-22T15:49:52,2026-09-22T15:49:52,2026-09-22T15:49:52
6414,樺漢,2023-05-11,255.5,-0.5,-0.20%,34.26,7.85,513.9,616.68,719.46,822.24,925.02,1027.8,ShowDailyK_ChartFlow,FinMind_API_TaiwanStockPrice_6414,True,2026-09-22T15:49:52,2026-09-22T15:49:52,2026-09-22T15:49:52
6414,樺漢,2023-05-12,271.0,15.5,6.07%,34.26,8.12,513.9,616.68,719.46,822.24,925.02,1027.8,ShowDailyK_ChartFlow,FinMind_API_TaiwanStockPrice_6414,True,2026-09-22T15:49:52,2026-09-22T15:49:52,2026-09-22T15:49:52
6414,樺漢,2023-05-15,268.0,-3.0,-1.11%,34.26,8.03,513.9,616.68,719.46,822.24,925.02,1027.8,ShowDailyK_ChartFlow,FinMind_API_TaiwanStockPrice_6414,True,2026-09-22T15:49:52,2026-09-22T15:49:52,2026-09-22T15:49:52
6414,樺漢,2023-05-16,277.0,9.0,3.36%,34.26,8.3,513.9,616.68,719.46,822.24,925.02,1027.8,ShowDailyK_ChartFlow,FinMind_API_TaiwanStockPrice_6414,True,2026-09-22T15:49:52,2026-09-22T15:49:52,2026-09-22T15:49:52
6414,樺漢,2023-05-17,284.5,7.5,2.71%,34.26,8.52,513.9,616.68,719.46,822.24,925.02,1027.8,ShowDailyK_ChartFlow,FinMind_API_TaiwanStockPrice_6414,True,2026-09-22T15:49:52,2026-09-22T15:49:52,2026-09-22T15:49:52
6414,樺漢,2023-05-18,282.5,-2.0,-0.70%,34.26,8.46,513.9,616.68,719.46,822.24,925.02,1027.8,ShowDailyK_ChartFlow,FinMind_API_TaiwanStockPrice_6414,True,2026-09-22T15:49:52,2026-09-22T15:49:52,2026-09-22T15:49:52
6414,樺漢,2023-05-19,285.5,3.0,1.06%,34.26,8.55,513.9,616.68,719.46,822.24,925.02,1027.8,ShowDailyK_ChartFlow,FinMind_API_TaiwanStockPrice_6414,True,2026-09-22T15:49:52,2026-09-22T15:49:52,2026-09-22T15:49:52
6414,樺漢,2023-05-22,283.0,-2.5,-0.88%,34.26,8.48,513.9,616.68,719.46,822.24,925.02,1027.8,ShowDailyK_ChartFlow,FinMind_API_TaiwanStockPrice_6414,True,2026-09-22T15:49:52,2026-09-22T15:49:52,2026-09-22T15:49:52
6414,樺漢,2023-05-23,283.0,0.0,0.00%,34.26,8.48,513.9,616.68,719.46,822.24,925.02,1027.8,ShowDailyK_ChartFlow,FinMind_API_TaiwanStockPrice_6414,True,2026-09-22T15:49:52,2026-09-22T15:49:52,2026-09-22T15:49:52
6414,樺漢,2023-05-24,286.0,3.0,1.06%,34.26,8.57,513.9,616.68,719.46,822.24,925.02,1027.8,ShowDailyK_ChartFlow,FinMind_API_TaiwanStockPrice_6414,True,2026-09-22T15:49:52,2026-09-22T15:49:52,2026-09-22T15:49:52
6414,樺漢,2023-05-25,283.5,-2.5,-0.87%,34.26,8.49,513.9,616.68,719.46,822.24,925.02,1027.8,ShowDailyK_ChartFlow,FinMind_API_TaiwanStockPrice_6414,True,2026-09-22T15:49:52,2026-09-22T15:49:52,2026-09-22T15:49:52
6414,樺漢,2023-05-26,276.0,-7.5,-2.65%,34.26,8.27,513.9,616.68,719.46,822.24,925.02,1027.8,ShowDailyK_ChartFlow,FinMind_API_TaiwanStockPrice_6414,True,2026-09-22T15:49:52,2026-09-22T15:49:52,2026-09-22T15:49:52
6414,樺漢,2023-05-29,281.0,5.0,1.81%,34.26,8.42,513.9,616.68,719.46,822.24,925.02,1027.8,ShowDailyK_ChartFlow,FinMind_API_TaiwanStockPrice_6414,True,2026-09-22T15:49:52,2026-09-22T15:49:52,2026-09-22T15:49:52
6414,樺漢,2023-05-30,280.0,-1.0,-0.36%,34.26,8.39,513.9,616.68,719.46,822.24,925.02,1027.8,ShowDailyK_ChartFlow,FinMind_API_TaiwanStockPrice_6414,True,2026-09-22T15:49:52,2026-09-22T15:49:52,2026-09-22T15:49:52
6414,樺漢,2023-05-31,284.0,4.0,1.43%,34.26,8.51,513.9,616.68,719.46,822.24,925.02,1027.8,ShowDailyK_ChartFlow,FinMind_API_TaiwanStockPrice_6414,True,2026-09-22T15:49:52,2026-09-22T15:49:52,2026-09-22T15:49:52
6414,樺漢,2023-06-01,279.5,-4.5,-1.58%,34.26,8.37,513.9,616.68,719.46,822.24,925.02,1027.8,ShowDailyK_ChartFlow,FinMind_API_TaiwanStockPrice_6414,True,2026-09-22T15:49:52,2026-09-22T15:49:52,2026-09-22T15:49:52
6414,樺漢,2023-06-02,280.0,0.5,0.18%,34.26,8.39,513.9,616.68,719.46,822.24,925.02,1027.8,ShowDailyK_ChartFlow,FinMind_API_TaiwanStockPrice_6414,True,2026-09-22T15:49:52,2026-09-22T15:49:52,2026-09-22T15:49:52
6414,樺漢,2023-06-05,277.5,-2.5,-0.89%,34.26,8.31,513.9,616.68,719.46,822.24,925.02,1027.8,ShowDailyK_ChartFlow,FinMind_API_TaiwanStockPrice_6414,True,2026-09-22T15:49:52,2026-09-22T15:49:52,2026-09-22T15:49:52
6414,樺漢,2023-06-06,272.5,-5.0,-1.80%,34.26,8.16,513.9,616.68,719.46,822.24,925.02,1027.8,ShowDailyK_ChartFlow,FinMind_API_TaiwanStockPrice_6414,True,2026-09-22T15:49:52,2026-09-22T15:49:52,2026-09-22T15:49:52
6414,樺漢,2023-06-07,275.5,3.0,1.10%,34.26,8.25,513.9,616.68,719.46,822.24,925.02,1027.8,ShowDailyK_ChartFlow,FinMind_API_TaiwanStockPrice_6414,True,2026-09-22T15:49:52,2026-09-22T15:49:52,2026-09-22T15:49:52
6414,樺漢,2023-06-08,276.0,0.5,0.18%,34.26,8.27,513.9,616.68,719.46,822.24,925.02,1027.8,ShowDailyK_ChartFlow,FinMind_API_TaiwanStockPrice_6414,True,2026-09-22T15:49:52,2026-09-22T15:49:52,2026-09-22T15:49:52
6414,樺漢,2023-06-09,277.5,1.5,0.54%,34.26,8.31,513.9,616.68,719.46,822.24,925.02,1027.8,ShowDailyK_ChartFlow,FinMind_API_TaiwanStockPrice_6414,True,2026-09-22T15:49:52,2026-09-22T15:49:52,2026-09-22T15:49:52
6414,樺漢,2023-06-12,273.5,-4.0,-1.44%,34.26,8.19,513.9,616.68,719.46,822.24,925.02,1027.8,ShowDailyK_ChartFlow,FinMind_API_TaiwanStockPrice_6414,True,2026-09-22T15:49:52,2026-09-22T15:49:52,2026-09-22T15:49:52
6414,樺漢,2023-06-13,278.0,4.5,1.65%,34.26,8.33,513.9,616.68,719.46,822.24,925.02,1027.8,ShowDailyK_ChartFlow,FinMind_API_TaiwanStockPrice_6414,True,2026-09-22T15:49:52,2026-09-22T15:49:52,2026-09-22T15:49:52
6414,樺漢,2023-06-14,279.5,1.5,0.54%,34.26,8.37,513.9,616.68,719.46,822.24,925.02,1027.8,ShowDailyK_ChartFlow,FinMind_API_TaiwanStockPrice_6414,True,2026-09-22T15:49:52,2026-09-22T15:49:52,2026-09-22T15:49:52
6414,樺漢,2023-06-15,279.5,0.0,0.00%,34.26,8.37,513.9,616.68,719.46,822.24,925.02,1027.8,ShowDailyK_ChartFlow,FinMind_API_TaiwanStockPrice_6414,True,2026-09-22T15:49:52,2026-09-22T15:49:52,2026-09-22T15:49:52
6414,樺漢,2023-06-16,272.5,-7.0,-2.50%,34.26,8.16,513.9,616.68,719.46,822.24,925.02,1027.8,ShowDailyK_ChartFlow,FinMind_API_TaiwanStockPrice_6414,True,2026-09-22T15:49:52,2026-09-22T15:49:52,2026-09-22T15:49:52
6414,樺漢,2023-06-19,273.0,0.5,0.18%,34.26,8.18,513.9,616.68,719.46,822.24,925.02,1027.8,ShowDailyK_ChartFlow,FinMind_API_TaiwanStockPrice_6414,True,2026-09-22T15:49:52,2026-09-22T15:49:52,2026-09-22T15:49:52
6414,樺漢,2023-06-20,278.5,5.5,2.01%,34.26,8.34,513.9,616.68,719.46,822.24,925.02,1027.8,ShowDailyK_ChartFlow,FinMind_API_TaiwanStockPrice_6414,True,2026-09-22T15:49:52,2026-09-22T15:49:52,2026-09-22T15:49:52
6414,樺漢,2023-06-21,287.5,9.0,3.23%,34.26,8.61,513.9,616.68,719.46,822.24,925.02,1027.8,ShowDailyK_ChartFlow,FinMind_API_TaiwanStockPrice_6414,True,2026-09-22T15:49:52,2026-09-22T15:49:52,2026-09-22T15:49:52
6414,樺漢,2023-06-26,288.0,0.5,0.17%,34.26,8.63,513.9,616.68,719.46,822.24,925.02,1027.8,ShowDailyK_ChartFlow,FinMind_API_TaiwanStockPrice_6414,True,2026-09-22T15:49:52,2026-09-22T15:49:52,2026-09-22T15:49:52
6414,樺漢,2023-06-27,271.5,-16.5,-5.73%,34.26,8.13,513.9,616.68,719.46,822.24,925.02,1027.8,ShowDailyK_ChartFlow,FinMind_API_TaiwanStockPrice_6414,True,2026-09-22T15:49:52,2026-09-22T15:49:52,2026-09-22T15:49:52
6414,樺漢,2023-06-28,271.0,-0.5,-0.18%,34.26,8.12,513.9,616.68,719.46,822.24,925.02,1027.8,ShowDailyK_ChartFlow,FinMind_API_TaiwanStockPrice_6414,True,2026-09-22T15:49:52,2026-09-22T15:49:52,2026-09-22T15:49:52
6414,樺漢,2023-06-29,273.0,2.0,0.74%,34.26,8.18,513.9,616.68,719.46,822.24,925.02,1027.8,ShowDailyK_ChartFlow,FinMind_API_TaiwanStockPrice_6414,True,2026-09-22T15:49:52,2026-09-22T15:49:52,2026-09-22T15:49:52
6414,樺漢,2023-06-30,273.0,0.0,0.00%,35.239999999999995,8.18,528.6,634.32,740.04,845.76,951.48,1057.2,ShowDailyK_ChartFlow,FinMind_API_TaiwanStockPrice_6414,True,2026-09-22T15:49:52,2026-09-22T15:49:52,2026-09-22T15:49:52
6414,樺漢,2023-07-03,278.5,5.5,2.01%,35.239999999999995,8.34,528.6,634.32,740.04,845.76,951.48,1057.2,ShowDailyK_ChartFlow,FinMind_API_TaiwanStockPrice_6414,True,2026-09-22T15:49:52,2026-09-22T15:49:52,2026-09-22T15:49:52
6414,樺漢,2023-07-04,294.0,15.5,5.57%,35.239999999999995,8.81,528.6,634.32,740.04,845.76,951.48,1057.2,ShowDailyK_ChartFlow,FinMind_API_TaiwanStockPrice_6414,True,2026-09-22T15:49:52,2026-09-22T15:49:52,2026-09-22T15:49:52
6414,樺漢,2023-07-05,299.0,5.0,1.70%,35.239999999999995,8.95,528.6,634.32,740.04,845.76,951.48,1057.2,ShowDailyK_ChartFlow,FinMind_API_TaiwanStockPrice_6414,True,2026-09-22T15:49:52,2026-09-22T15:49:52,2026-09-22T15:49:52
6414,樺漢,2023-07-06,291.5,-7.5,-2.51%,35.239999999999995,8.73,528.6,634.32,740.04,845.76,951.48,1057.2,ShowDailyK_ChartFlow,FinMind_API_TaiwanStockPrice_6414,True,2026-09-22T15:49:52,2026-09-22T15:49:52,2026-09-22T15:49:52
6414,樺漢,2023-07-07,290.0,-1.5,-0.51%,35.239999999999995,8.69,528.6,634.32,740.04,845.76,951.48,1057.2,ShowDailyK_ChartFlow,FinMind_API_TaiwanStockPrice_6414,True,2026-09-22T15:49:52,2026-09-22T15:49:52,2026-09-22T15:49:52
6414,樺漢,2023-07-10,284.5,-5.5,-1.90%,35.239999999999995,8.52,528.6,634.32,740.04,845.76,951.48,1057.2,ShowDailyK_ChartFlow,FinMind_API_TaiwanStockPrice_6414,True,2026-09-22T15:49:52,2026-09-22T15:49:52,2026-09-22T15:49:52
6414,樺漢,2023-07-11,291.5,7.0,2.46%,35.239999999999995,8.73,528.6,634.32,740.04,845.76,951.48,1057.2,ShowDailyK_ChartFlow,FinMind_API_TaiwanStockPrice_6414,True,2026-09-22T15:49:52,2026-09-22T15:49:52,2026-09-22T15:49:52
6414,樺漢,2023-07-12,288.0,-3.5,-1.20%,35.239999999999995,8.63,528.6,634.32,740.04,845.76,951.48,1057.2,ShowDailyK_ChartFlow,FinMind_API_TaiwanStockPrice_6414,True,2026-09-22T15:49:52,2026-09-22T15:49:52,2026-09-22T15:49:52
6414,樺漢,2023-07-13,293.5,5.5,1.91%,35.239999999999995,8.79,528.6,634.32,740.04,845.76,951.48,1057.2,ShowDailyK_ChartFlow,FinMind_API_TaiwanStockPrice_6414,True,2026-09-22T15:49:52,2026-09-22T15:49:52,2026-09-22T15:49:52
6414,樺漢,2023-07-14,319.0,25.5,8.69%,35.239999999999995,9.55,528.6,634.32,740.04,845.76,951.48,1057.2,ShowDailyK_ChartFlow,FinMind_API_TaiwanStockPrice_6414,True,2026-09-22T15:49:52,2026-09-22T15:49:52,2026-09-22T15:49:52
6414,樺漢,2023-07-17,314.5,-4.5,-1.41%,35.239999999999995,9.42,528.6,634.32,740.04,845.76,951.48,1057.2,ShowDailyK_ChartFlow,FinMind_API_TaiwanStockPrice_6414,True,2026-09-22T15:49:52,2026-09-22T15:49:52,2026-09-22T15:49:52
6414,樺漢,2023-07-18,303.0,-11.5,-3.66%,35.239999999999995,9.07,528.6,634.32,740.04,845.76,951.48,1057.2,ShowDailyK_ChartFlow,FinMind_API_TaiwanStockPrice_6414,True,2026-09-22T15:49:52,2026-09-22T15:49:52,2026-09-22T15:49:52
6414,樺漢,2023-07-19,295.0,-8.0,-2.64%,35.239999999999995,8.83,528.6,634.32,740.04,845.76,951.48,1057.2,ShowDailyK_ChartFlow,FinMind_API_TaiwanStockPrice_6414,True,2026-09-22T15:49:52,2026-09-22T15:49:52,2026-09-22T15:49:52
6414,樺漢,2023-07-20,292.0,-3.0,-1.02%,35.239999999999995,8.75,528.6,634.32,740.04,845.76,951.48,1057.2,ShowDailyK_ChartFlow,FinMind_API_TaiwanStockPrice_6414,True,2026-09-22T15:49:52,2026-09-22T15:49:52,2026-09-22T15:49:52
6414,樺漢,2023-07-21,291.0,-1.0,-0.34%,35.239999999999995,8.72,528.6,634.32,740.04,845.76,951.48,1057.2,ShowDailyK_ChartFlow,FinMind_API_TaiwanStockPrice_6414,True,2026-09-22T15:49:52,2026-09-22T15:49:52,2026-09-22T15:49:52
6414,樺漢,2023-07-24,290.0,-1.0,-0.34%,35.239999999999995,8.69,528.6,634.32,740.04,845.76,951.48,1057.2,ShowDailyK_ChartFlow,FinMind_API_TaiwanStockPrice_6414,True,2026-09-22T15:49:52,2026-09-22T15:49:52,2026-09-22T15:49:52
6414,樺漢,2023-07-25,307.5,17.5,6.03%,35.239999999999995,9.21,528.6,634.32,740.04,845.76,951.48,1057.2,ShowDailyK_ChartFlow,FinMind_API_TaiwanStockPrice_6414,True,2026-09-22T15:49:52,2026-09-22T15:49:52,2026-09-22T15:49:52
6414,樺漢,2023-07-26,308.5,1.0,0.33%,35.239999999999995,9.24,528.6,634.32,740.04,845.76,951.48,1057.2,ShowDailyK_ChartFlow,FinMind_API_TaiwanStockPrice_6414,True,2026-09-22T15:49:52,2026-09-22T15:49:52,2026-09-22T15:49:52
6414,樺漢,2023-07-27,302.0,-6.5,-2.11%,35.239999999999995,9.04,528.6,634.32,740.04,845.76,951.48,1057.2,ShowDailyK_ChartFlow,FinMind_API_TaiwanStockPrice_6414,True,2026-09-22T15:49:52,2026-09-22T15:49:52,2026-09-22T15:49:52
6414,樺漢,2023-07-28,306.0,4.0,1.32%,35.239999999999995,9.16,528.6,634.32,740.04,845.76,951.48,1057.2,ShowDailyK_ChartFlow,FinMind_API_TaiwanStockPrice_6414,True,2026-09-22T15:49:52,2026-09-22T15:49:52,2026-09-22T15:49:52
6414,樺漢,2023-07-31,302.5,-3.5,-1.14%,35.239999999999995,9.06,528.6,634.32,740.04,845.76,951.48,1057.2,ShowDailyK_ChartFlow,FinMind_API_TaiwanStockPrice_6414,True,2026-09-22T15:49:52,2026-09-22T15:49:52,2026-09-22T15:49:52
6414,樺漢,2023-08-01,302.0,-0.5,-0.17%,35.239999999999995,9.04,528.6,634.32,740.04,845.76,951.48,1057.2,ShowDailyK_ChartFlow,FinMind_API_TaiwanStockPrice_6414,True,2026-09-22T15:49:52,2026-09-22T15:49:52,2026-09-22T15:49:52
6414,樺漢,2023-08-02,294.0,-8.0,-2.65%,35.239999999999995,8.81,528.6,634.32,740.04,845.76,951.48,1057.2,ShowDailyK_ChartFlow,FinMind_API_TaiwanStockPrice_6414,True,2026-09-22T15:49:52,2026-09-22T15:49:52,2026-09-22T15:49:52
6414,樺漢,2023-08-04,287.0,-7.0,-2.38%,35.239999999999995,8.6,528.6,634.32,740.04,845.76,951.48,1057.2,ShowDailyK_ChartFlow,FinMind_API_TaiwanStockPrice_6414,True,2026-09-22T15:49:52,2026-09-22T15:49:52,2026-09-22T15:49:52
6414,樺漢,2023-08-07,286.0,-1.0,-0.35%,35.239999999999995,8.57,528.6,634.32,740.04,845.76,951.48,1057.2,ShowDailyK_ChartFlow,FinMind_API_TaiwanStockPrice_6414,True,2026-09-22T15:49:52,2026-09-22T15:49:52,2026-09-22T15:49:52
6414,樺漢,2023-08-08,275.0,-11.0,-3.85%,35.239999999999995,8.24,528.6,634.32,740.04,845.76,951.48,1057.2,ShowDailyK_ChartFlow,FinMind_API_TaiwanStockPrice_6414,True,2026-09-22T15:49:52,2026-09-22T15:49:52,2026-09-22T15:49:52
6414,樺漢,2023-08-09,275.0,0.0,0.00%,35.239999999999995,8.24,528.6,634.32,740.04,845.76,951.48,1057.2,ShowDailyK_ChartFlow,FinMind_API_TaiwanStockPrice_6414,True,2026-09-22T15:49:52,2026-09-22T15:49:52,2026-09-22T15:49:52
6414,樺漢,2023-08-10,262.5,-12.5,-4.55%,35.239999999999995,7.86,528.6,634.32,740.04,845.76,951.48,1057.2,ShowDailyK_ChartFlow,FinMind_API_TaiwanStockPrice_6414,True,2026-09-22T15:49:52,2026-09-22T15:49:52,2026-09-22T15:49:52
6414,樺漢,2023-08-11,259.0,-3.5,-1.33%,35.239999999999995,7.76,528.6,634.32,740.04,845.76,951.48,1057.2,ShowDailyK_ChartFlow,FinMind_API_TaiwanStockPrice_6414,True,2026-09-22T15:49:52,2026-09-22T15:49:52,2026-09-22T15:49:52
6414,樺漢,2023-08-14,259.5,0.5,0.19%,35.239999999999995,7.77,528.6,634.32,740.04,845.76,951.48,1057.2,ShowDailyK_ChartFlow,FinMind_API_TaiwanStockPrice_6414,True,2026-09-22T15:49:52,2026-09-22T15:49:52,2026-09-22T15:49:52
6414,樺漢,2023-08-15,266.0,6.5,2.50%,35.239999999999995,8.76,528.6,634.32,740.04,845.76,951.48,1057.2,ShowDailyK_ChartFlow,FinMind_API_TaiwanStockPrice_6414,True,2026-09-22T15:49:52,2026-09-22T15:49:52,2026-09-22T15:49:52
6414,樺漢,2023-08-16,268.5,2.5,0.94%,35.239999999999995,8.84,528.6,634.32,740.04,845.76,951.48,1057.2,ShowDailyK_ChartFlow,FinMind_API_TaiwanStockPrice_6414,True,2026-09-22T15:49:52,2026-09-22T15:49:52,2026-09-22T15:49:52
6414,樺漢,2023-08-17,261.5,-7.0,-2.61%,35.239999999999995,8.61,528.6,634.32,740.04,845.76,951.48,1057.2,ShowDailyK_ChartFlow,FinMind_API_TaiwanStockPrice_6414,True,2026-09-22T15:49:52,2026-09-22T15:49:52,2026-09-22T15:49:52
6414,樺漢,2023-08-18,265.5,4.0,1.53%,35.239999999999995,8.74,528.6,634.32,740.04,845.76,951.48,1057.2,ShowDailyK_ChartFlow,FinMind_API_TaiwanStockPrice_6414,True,2026-09-22T15:49:52,2026-09-22T15:49:52,2026-09-22T15:49:52
6414,樺漢,2023-08-21,259.5,-6.0,-2.26%,35.239999999999995,8.54,528.6,634.32,740.04,845.76,951.48,1057.2,ShowDailyK_ChartFlow,FinMind_API_TaiwanStockPrice_6414,True,2026-09-22T15:49:52,2026-09-22T15:49:52,2026-09-22T15:49:52
6414,樺漢,2023-08-22,259.0,-0.5,-0.19%,35.239999999999995,8.53,528.6,634.32,740.04,845.76,951.48,1057.2,ShowDailyK_ChartFlow,FinMind_API_TaiwanStockPrice_6414,True,2026-09-22T15:49:52,2026-09-22T15:49:52,2026-09-22T15:49:52
6414,樺漢,2023-08-23,259.0,0.0,0.00%,35.239999999999995,8.53,528.6,634.32,740.04,845.76,951.48,1057.2,ShowDailyK_ChartFlow,FinMind_API_TaiwanStockPrice_6414,True,2026-09-22T15:49:52,2026-09-22T15:49:52,2026-09-22T15:49:52
6414,樺漢,2023-08-24,263.0,4.0,1.54%,35.239999999999995,8.66,528.6,634.32,740.04,845.76,951.48,1057.2,ShowDailyK_ChartFlow,FinMind_API_TaiwanStockPrice_6414,True,2026-09-22T15:49:52,2026-09-22T15:49:52,2026-09-22T15:49:52
6414,樺漢,2023-08-25,259.5,-3.5,-1.33%,35.239999999999995,8.54,528.6,634.32,740.04,845.76,951.48,1057.2,ShowDailyK_ChartFlow,FinMind_API_TaiwanStockPrice_6414,True,2026-09-22T15:49:52,2026-09-22T15:49:52,2026-09-22T15:49:52
6414,樺漢,2023-08-28,256.0,-3.5,-1.35%,35.239999999999995,8.43,528.6,634.32,740.04,845.76,951.48,1057.2,ShowDailyK_ChartFlow,FinMind_API_TaiwanStockPrice_6414,True,2026-09-22T15:49:52,2026-09-22T15:49:52,2026-09-22T15:49:52
6414,樺漢,2023-08-29,259.5,3.5,1.37%,35.239999999999995,8.54,528.6,634.32,740.04,845.76,951.48,1057.2,ShowDailyK_ChartFlow,FinMind_API_TaiwanStockPrice_6414,True,2026-09-22T15:49:52,2026-09-22T15:49:52,2026-09-22T15:49:52
6414,樺漢,2023-08-30,261.5,2.0,0.77%,35.239999999999995,8.61,528.6,634.32,740.04,845.76,951.48,1057.2,ShowDailyK_ChartFlow,FinMind_API_TaiwanStockPrice_6414,True,2026-09-22T15:49:52,2026-09-22T15:49:52,2026-09-22T15:49:52
6414,樺漢,2023-08-31,262.5,1.0,0.38%,35.239999999999995,8.64,528.6,634.32,740.04,845.76,951.48,1057.2,ShowDailyK_ChartFlow,FinMind_API_TaiwanStockPrice_6414,True,2026-09-22T15:49:52,2026-09-22T15:49:52,2026-09-22T15:49:52
6414,樺漢,2023-09-01,264.5,2.0,0.76%,35.239999999999995,8.71,528.6,634.32,740.04,845.76,951.48,1057.2,ShowDailyK_ChartFlow,FinMind_API_TaiwanStockPrice_6414,True,2026-09-22T15:49:52,2026-09-22T15:49:52,2026-09-22T15:49:52
6414,樺漢,2023-09-04,264.0,-0.5,-0.19%,35.239999999999995,8.69,528.6,634.32,740.04,845.76,951.48,1057.2,ShowDailyK_ChartFlow,FinMind_API_TaiwanStockPrice_6414,True,2026-09-22T15:49:52,2026-09-22T15:49:52,2026-09-22T15:49:52
6414,樺漢,2023-09-05,267.5,3.5,1.33%,35.239999999999995,8.81,528.6,634.32,740.04,845.76,951.48,1057.2,ShowDailyK_ChartFlow,FinMind_API_TaiwanStockPrice_6414,True,2026-09-22T15:49:52,2026-09-22T15:49:52,2026-09-22T15:49:52
6414,樺漢,2023-09-06,270.5,3.0,1.12%,35.239999999999995,8.91,528.6,634.32,740.04,845.76,951.48,1057.2,ShowDailyK_ChartFlow,FinMind_API_TaiwanStockPrice_6414,True,2026-09-22T15:49:52,2026-09-22T15:49:52,2026-09-22T15:49:52
6414,樺漢,2023-09-07,272.0,1.5,0.55%,35.239999999999995,8.96,528.6,634.32,740.04,845.76,951.48,1057.2,ShowDailyK_ChartFlow,FinMind_API_TaiwanStockPrice_6414,True,2026-09-22T15:49:52,2026-09-22T15:49:52,2026-09-22T15:49:52
6414,樺漢,2023-09-08,275.0,3.0,1.10%,35.239999999999995,9.05,528.6,634.32,740.04,845.76,951.48,1057.2,ShowDailyK_ChartFlow,FinMind_API_TaiwanStockPrice_6414,True,2026-09-22T15:49:52,2026-09-22T15:49:52,2026-09-22T15:49:52
6414,樺漢,2023-09-11,271.5,-3.5,-1.27%,35.239999999999995,8.94,528.6,634.32,740.04,845.76,951.48,1057.2,ShowDailyK_ChartFlow,FinMind_API_TaiwanStockPrice_6414,True,2026-09-22T15:49:52,2026-09-22T15:49:52,2026-09-22T15:49:52
6414,樺漢,2023-09-12,268.0,-3.5,-1.29%,35.239999999999995,8.82,528.6,634.32,740.04,845.76,951.48,1057.2,ShowDailyK_ChartFlow,FinMind_API_TaiwanStockPrice_6414,True,2026-09-22T15:49:52,2026-09-22T15:49:52,2026-09-22T15:49:52
6414,樺漢,2023-09-13,278.0,10.0,3.73%,35.239999999999995,9.15,528.6,634.32,740.04,845.76,951.48,1057.2,ShowDailyK_ChartFlow,FinMind_API_TaiwanStockPrice_6414,True,2026-09-22T15:49:52,2026-09-22T15:49:52,2026-09-22T15:49:52
6414,樺漢,2023-09-14,283.5,5.5,1.98%,35.239999999999995,9.33,528.6,634.32,740.04,845.76,951.48,1057.2,ShowDailyK_ChartFlow,FinMind_API_TaiwanStockPrice_6414,True,2026-09-22T15:49:52,2026-09-22T15:49:52,2026-09-22T15:49:52
6414,樺漢,2023-09-15,280.0,-3.5,-1.23%,35.239999999999995,9.22,528.6,634.32,740.04,845.76,951.48,1057.2,ShowDailyK_ChartFlow,FinMind_API_TaiwanStockPrice_6414,True,2026-09-22T15:49:52,2026-09-22T15:49:52,2026-09-22T15:49:52
6414,樺漢,2023-09-18,275.5,-4.5,-1.61%,35.239999999999995,9.07,528.6,634.32,740.04,845.76,951.48,1057.2,ShowDailyK_ChartFlow,FinMind_API_TaiwanStockPrice_6414,True,2026-09-22T15:49:52,2026-09-22T15:49:52,2026-09-22T15:49:52
6414,樺漢,2023-09-19,270.0,-5.5,-2.00%,35.239999999999995,8.89,528.6,634.32,740.04,845.76,951.48,1057.2,ShowDailyK_ChartFlow,FinMind_API_TaiwanStockPrice_6414,True,2026-09-22T15:49:52,2026-09-22T15:49:52,2026-09-22T15:49:52
6414,樺漢,2023-09-20,267.5,-2.5,-0.93%,35.239999999999995,8.81,528.6,634.32,740.04,845.76,951.48,1057.2,ShowDailyK_ChartFlow,FinMind_API_TaiwanStockPrice_6414,True,2026-09-22T15:49:52,2026-09-22T15:49:52,2026-09-22T15:49:52
6414,樺漢,2023-09-21,260.5,-7.0,-2.62%,35.239999999999995,8.58,528.6,634.32,740.04,845.76,951.48,1057.2,ShowDailyK_ChartFlow,FinMind_API_TaiwanStockPrice_6414,True,2026-09-22T15:49:52,2026-09-22T15:49:52,2026-09-22T15:49:52
6414,樺漢,2023-09-22,264.0,3.5,1.34%,35.239999999999995,8.69,528.6,634.32,740.04,845.76,951.48,1057.2,ShowDailyK_ChartFlow,FinMind_API_TaiwanStockPrice_6414,True,2026-09-22T15:49:52,2026-09-22T15:49:52,2026-09-22T15:49:52
6414,樺漢,2023-09-25,265.0,1.0,0.38%,35.239999999999995,8.73,528.6,634.32,740.04,845.76,951.48,1057.2,ShowDailyK_ChartFlow,FinMind_API_TaiwanStockPrice_6414,True,2026-09-22T15:49:52,2026-09-22T15:49:52,2026-09-22T15:49:52
6414,樺漢,2023-09-26,263.5,-1.5,-0.57%,35.239999999999995,8.68,528.6,634.32,740.04,845.76,951.48,1057.2,ShowDailyK_ChartFlow,FinMind_API_TaiwanStockPrice_6414,True,2026-09-22T15:49:52,2026-09-22T15:49:52,2026-09-22T15:49:52
6414,樺漢,2023-09-27,262.5,-1.0,-0.38%,35.239999999999995,8.64,528.6,634.32,740.04,845.76,951.48,1057.2,ShowDailyK_ChartFlow,FinMind_API_TaiwanStockPrice_6414,True,2026-09-22T15:49:52,2026-09-22T15:49:52,2026-09-22T15:49:52
6414,樺漢,2023-09-28,263.0,0.5,0.19%,35.239999999999995,8.66,528.6,634.32,740.04,845.76,951.48,1057.2,ShowDailyK_ChartFlow,FinMind_API_TaiwanStockPrice_6414,True,2026-09-22T15:49:52,2026-09-22T15:49:52,2026-09-22T15:49:52
6414,樺漢,2023-10-02,268.5,5.5,2.09%,35.11,8.84,526.65,631.98,737.31,842.64,947.97,1053.3,ShowDailyK_ChartFlow,FinMind_API_TaiwanStockPrice_6414,True,2026-09-22T15:49:52,2026-09-22T15:49:52,2026-09-22T15:49:52
6414,樺漢,2023-10-03,264.0,-4.5,-1.68%,35.11,8.69,526.65,631.98,737.31,842.64,947.97,1053.3,ShowDailyK_ChartFlow,FinMind_API_TaiwanStockPrice_6414,True,2026-09-22T15:49:52,2026-09-22T15:49:52,2026-09-22T15:49:52
6414,樺漢,2023-10-04,264.0,0.0,0.00%,35.11,8.69,526.65,631.98,737.31,842.64,947.97,1053.3,ShowDailyK_ChartFlow,FinMind_API_TaiwanStockPrice_6414,True,2026-09-22T15:49:52,2026-09-22T15:49:52,2026-09-22T15:49:52
6414,樺漢,2023-10-05,268.0,4.0,1.52%,35.11,8.82,526.65,631.98,737.31,842.64,947.97,1053.3,ShowDailyK_ChartFlow,FinMind_API_TaiwanStockPrice_6414,True,2026-09-22T15:49:52,2026-09-22T15:49:52,2026-09-22T15:49:52
6414,樺漢,2023-10-06,263.0,-5.0,-1.87%,35.11,8.66,526.65,631.98,737.31,842.64,947.97,1053.3,ShowDailyK_ChartFlow,FinMind_API_TaiwanStockPrice_6414,True,2026-09-22T15:49:52,2026-09-22T15:49:52,2026-09-22T15:49:52
6414,樺漢,2023-10-11,264.0,1.0,0.38%,35.11,8.69,526.65,631.98,737.31,842.64,947.97,1053.3,ShowDailyK_ChartFlow,FinMind_API_TaiwanStockPrice_6414,True,2026-09-22T15:49:52,2026-09-22T15:49:52,2026-09-22T15:49:52
6414,樺漢,2023-10-12,266.5,2.5,0.95%,35.11,8.78,526.65,631.98,737.31,842.64,947.97,1053.3,ShowDailyK_ChartFlow,FinMind_API_TaiwanStockPrice_6414,True,2026-09-22T15:49:52,2026-09-22T15:49:52,2026-09-22T15:49:52
6414,樺漢,2023-10-13,263.5,-3.0,-1.13%,35.11,8.68,526.65,631.98,737.31,842.64,947.97,1053.3,ShowDailyK_ChartFlow,FinMind_API_TaiwanStockPrice_6414,True,2026-09-22T15:49:52,2026-09-22T15:49:52,2026-09-22T15:49:52
6414,樺漢,2023-10-16,258.5,-5.0,-1.90%,35.11,8.51,526.65,631.98,737.31,842.64,947.97,1053.3,ShowDailyK_ChartFlow,FinMind_API_TaiwanStockPrice_6414,True,2026-09-22T15:49:52,2026-09-22T15:49:52,2026-09-22T15:49:52
6414,樺漢,2023-10-17,256.5,-2.0,-0.77%,35.11,8.45,526.65,631.98,737.31,842.64,947.97,1053.3,ShowDailyK_ChartFlow,FinMind_API_TaiwanStockPrice_6414,True,2026-09-22T15:49:52,2026-09-22T15:49:52,2026-09-22T15:49:52
6414,樺漢,2023-10-18,250.0,-6.5,-2.53%,35.11,8.23,526.65,631.98,737.31,842.64,947.97,1053.3,ShowDailyK_ChartFlow,FinMind_API_TaiwanStockPrice_6414,True,2026-09-22T15:49:52,2026-09-22T15:49:52,2026-09-22T15:49:52
6414,樺漢,2023-10-19,252.0,2.0,0.80%,35.11,8.3,526.65,631.98,737.31,842.64,947.97,1053.3,ShowDailyK_ChartFlow,FinMind_API_TaiwanStockPrice_6414,True,2026-09-22T15:49:52,2026-09-22T15:49:52,2026-09-22T15:49:52
6414,樺漢,2023-10-20,253.0,1.0,0.40%,35.11,8.33,526.65,631.98,737.31,842.64,947.97,1053.3,ShowDailyK_ChartFlow,FinMind_API_TaiwanStockPrice_6414,True,2026-09-22T15:49:52,2026-09-22T15:49:52,2026-09-22T15:49:52
6414,樺漢,2023-10-23,250.5,-2.5,-0.99%,35.11,8.25,526.65,631.98,737.31,842.64,947.97,1053.3,ShowDailyK_ChartFlow,FinMind_API_TaiwanStockPrice_6414,True,2026-09-22T15:49:52,2026-09-22T15:49:52,2026-09-22T15:49:52
6414,樺漢,2023-10-24,249.5,-1.0,-0.40%,35.11,8.22,526.65,631.98,737.31,842.64,947.97,1053.3,ShowDailyK_ChartFlow,FinMind_API_TaiwanStockPrice_6414,True,2026-09-22T15:49:52,2026-09-22T15:49:52,2026-09-22T15:49:52
6414,樺漢,2023-10-25,252.0,2.5,1.00%,35.11,8.3,526.65,631.98,737.31,842.64,947.97,1053.3,ShowDailyK_ChartFlow,FinMind_API_TaiwanStockPrice_6414,True,2026-09-22T15:49:52,2026-09-22T15:49:52,2026-09-22T15:49:52
6414,樺漢,2023-10-26,249.5,-2.5,-0.99%,35.11,8.22,526.65,631.98,737.31,842.64,947.97,1053.3,ShowDailyK_ChartFlow,FinMind_API_TaiwanStockPrice_6414,True,2026-09-22T15:49:52,2026-09-22T15:49:52,2026-09-22T15:49:52
6414,樺漢,2023-10-27,249.0,-0.5,-0.20%,35.11,8.2,526.65,631.98,737.31,842.64,947.97,1053.3,ShowDailyK_ChartFlow,FinMind_API_TaiwanStockPrice_6414,True,2026-09-22T15:49:52,2026-09-22T15:49:52,2026-09-22T15:49:52
6414,樺漢,2023-10-30,248.0,-1.0,-0.40%,35.11,8.17,526.65,631.98,737.31,842.64,947.97,1053.3,ShowDailyK_ChartFlow,FinMind_API_TaiwanStockPrice_6414,True,2026-09-22T15:49:52,2026-09-22T15:49:52,2026-09-22T15:49:52
6414,樺漢,2023-10-31,249.0,1.0,0.40%,35.11,8.2,526.65,631.98,737.31,842.64,947.97,1053.3,ShowDailyK_ChartFlow,FinMind_API_TaiwanStockPrice_6414,True,2026-09-22T15:49:52,2026-09-22T15:49:52,2026-09-22T15:49:52
6414,樺漢,2023-11-01,248.0,-1.0,-0.40%,35.11,8.17,526.65,631.98,737.31,842.64,947.97,1053.3,ShowDailyK_ChartFlow,FinMind_API_TaiwanStockPrice_6414,True,2026-09-22T15:49:52,2026-09-22T15:49:52,2026-09-22T15:49:52
6414,樺漢,2023-11-02,252.5,4.5,1.81%,35.11,8.31,526.65,631.98,737.31,842.64,947.97,1053.3,ShowDailyK_ChartFlow,FinMind_API_TaiwanStockPrice_6414,True,2026-09-22T15:49:52,2026-09-22T15:49:52,2026-09-22T15:49:52
6414,樺漢,2023-11-03,248.5,-4.0,-1.58%,35.11,8.18,526.65,631.98,737.31,842.64,947.97,1053.3,ShowDailyK_ChartFlow,FinMind_API_TaiwanStockPrice_6414,True,2026-09-22T15:49:52,2026-09-22T15:49:52,2026-09-22T15:49:52
6414,樺漢,2023-11-06,251.5,3.0,1.21%,35.11,8.28,526.65,631.98,737.31,842.64,947.97,1053.3,ShowDailyK_ChartFlow,FinMind_API_TaiwanStockPrice_6414,True,2026-09-22T15:49:52,2026-09-22T15:49:52,2026-09-22T15:49:52
6414,樺漢,2023-11-07,251.5,0.0,0.00%,35.11,8.28,526.65,631.98,737.31,842.64,947.97,1053.3,ShowDailyK_ChartFlow,FinMind_API_TaiwanStockPrice_6414,True,2026-09-22T15:49:52,2026-09-22T15:49:52,2026-09-22T15:49:52
6414,樺漢,2023-11-08,254.5,3.0,1.19%,35.11,8.38,526.65,631.98,737.31,842.64,947.97,1053.3,ShowDailyK_ChartFlow,FinMind_API_TaiwanStockPrice_6414,True,2026-09-22T15:49:52,2026-09-22T15:49:52,2026-09-22T15:49:52
6414,樺漢,2023-11-09,255.0,0.5,0.20%,35.11,8.4,526.65,631.98,737.31,842.64,947.97,1053.3,ShowDailyK_ChartFlow,FinMind_API_TaiwanStockPrice_6414,True,2026-09-22T15:49:52,2026-09-22T15:49:52,2026-09-22T15:49:52
6414,樺漢,2023-11-10,252.5,-2.5,-0.98%,35.11,8.31,526.65,631.98,737.31,842.64,947.97,1053.3,ShowDailyK_ChartFlow,FinMind_API_TaiwanStockPrice_6414,True,2026-09-22T15:49:52,2026-09-22T15:49:52,2026-09-22T15:49:52
6414,樺漢,2023-11-13,255.5,3.0,1.19%,35.11,8.41,526.65,631.98,737.31,842.64,947.97,1053.3,ShowDailyK_ChartFlow,FinMind_API_TaiwanStockPrice_6414,True,2026-09-22T15:49:52,2026-09-22T15:49:52,2026-09-22T15:49:52
6414,樺漢,2023-11-14,258.5,3.0,1.17%,35.11,8.54,526.65,631.98,737.31,842.64,947.97,1053.3,ShowDailyK_ChartFlow,FinMind_API_TaiwanStockPrice_6414,True,2026-09-22T15:49:52,2026-09-22T15:49:52,2026-09-22T15:49:52
6414,樺漢,2023-11-15,261.5,3.0,1.16%,35.11,8.64,526.65,631.98,737.31,842.64,947.97,1053.3,ShowDailyK_ChartFlow,FinMind_API_TaiwanStockPrice_6414,True,2026-09-22T15:49:52,2026-09-22T15:49:52,2026-09-22T15:49:52
6414,樺漢,2023-11-16,276.5,15.0,5.74%,35.11,9.14,526.65,631.98,737.31,842.64,947.97,1053.3,ShowDailyK_ChartFlow,FinMind_API_TaiwanStockPrice_6414,True,2026-09-22T15:49:52,2026-09-22T15:49:52,2026-09-22T15:49:52
6414,樺漢,2023-11-17,277.0,0.5,0.18%,35.11,9.15,526.65,631.98,737.31,842.64,947.97,1053.3,ShowDailyK_ChartFlow,FinMind_API_TaiwanStockPrice_6414,True,2026-09-22T15:49:52,2026-09-22T15:49:52,2026-09-22T15:49:52
6414,樺漢,2023-11-20,278.0,1.0,0.36%,35.11,9.19,526.65,631.98,737.31,842.64,947.97,1053.3,ShowDailyK_ChartFlow,FinMind_API_TaiwanStockPrice_6414,True,2026-09-22T15:49:52,2026-09-22T15:49:52,2026-09-22T15:49:52
6414,樺漢,2023-11-21,277.5,-0.5,-0.18%,35.11,9.17,526.65,631.98,737.31,842.64,947.97,1053.3,ShowDailyK_ChartFlow,FinMind_API_TaiwanStockPrice_6414,True,2026-09-22T15:49:52,2026-09-22T15:49:52,2026-09-22T15:49:52
6414,樺漢,2023-11-22,278.5,1.0,0.36%,35.11,9.2,526.65,631.98,737.31,842.64,947.97,1053.3,ShowDailyK_ChartFlow,FinMind_API_TaiwanStockPrice_6414,True,2026-09-22T15:49:52,2026-09-22T15:49:52,2026-09-22T15:49:52
6414,樺漢,2023-11-23,279.0,0.5,0.18%,35.11,9.22,526.65,631.98,737.31,842.64,947.97,1053.3,ShowDailyK_ChartFlow,FinMind_API_TaiwanStockPrice_6414,True,2026-09-22T15:49:52,2026-09-22T15:49:52,2026-09-22T15:49:52
6414,樺漢,2023-11-24,278.0,-1.0,-0.36%,35.11,9.19,526.65,631.98,737.31,842.64,947.97,1053.3,ShowDailyK_ChartFlow,FinMind_API_TaiwanStockPrice_6414,True,2026-09-22T15:49:52,2026-09-22T15:49:52,2026-09-22T15:49:52
6414,樺漢,2023-11-27,272.0,-6.0,-2.16%,35.11,8.99,526.65,631.98,737.31,842.64,947.97,1053.3,ShowDailyK_ChartFlow,FinMind_API_TaiwanStockPrice_6414,True,2026-09-22T15:49:52,2026-09-22T15:49:52,2026-09-22T15:49:52
6414,樺漢,2023-11-28,277.0,5.0,1.84%,35.11,9.15,526.65,631.98,737.31,842.64,947.97,1053.3,ShowDailyK_ChartFlow,FinMind_API_TaiwanStockPrice_6414,True,2026-09-22T15:49:52,2026-09-22T15:49:52,2026-09-22T15:49:52
6414,樺漢,2023-11-29,276.5,-0.5,-0.18%,35.11,9.14,526.65,631.98,737.31,842.64,947.97,1053.3,ShowDailyK_ChartFlow,FinMind_API_TaiwanStockPrice_6414,True,2026-09-22T15:49:52,2026-09-22T15:49:52,2026-09-22T15:49:52
6414,樺漢,2023-11-30,275.0,-1.5,-0.54%,35.11,9.09,526.65,631.98,737.31,842.64,947.97,1053.3,ShowDailyK_ChartFlow,FinMind_API_TaiwanStockPrice_6414,True,2026-09-22T15:49:52,2026-09-22T15:49:52,2026-09-22T15:49:52
6414,樺漢,2023-12-01,277.0,2.0,0.73%,35.11,9.15,526.65,631.98,737.31,842.64,947.97,1053.3,ShowDailyK_ChartFlow,FinMind_API_TaiwanStockPrice_6414,True,2026-09-22T15:49:52,2026-09-22T15:49:52,2026-09-22T15:49:52
6414,樺漢,2023-12-04,273.5,-3.5,-1.26%,35.11,9.04,526.65,631.98,737.31,842.64,947.97,1053.3,ShowDailyK_ChartFlow,FinMind_API_TaiwanStockPrice_6414,True,2026-09-22T15:49:52,2026-09-22T15:49:52,2026-09-22T15:49:52
6414,樺漢,2023-12-05,267.0,-6.5,-2.38%,35.11,8.82,526.65,631.98,737.31,842.64,947.97,1053.3,ShowDailyK_ChartFlow,FinMind_API_TaiwanStockPrice_6414,True,2026-09-22T15:49:52,2026-09-22T15:49:52,2026-09-22T15:49:52
6414,樺漢,2023-12-06,272.5,5.5,2.06%,35.11,9.01,526.65,631.98,737.31,842.64,947.97,1053.3,ShowDailyK_ChartFlow,FinMind_API_TaiwanStockPrice_6414,True,2026-09-22T15:49:52,2026-09-22T15:49:52,2026-09-22T15:49:52
6414,樺漢,2023-12-07,275.5,3.0,1.10%,35.11,9.1,526.65,631.98,737.31,842.64,947.97,1053.3,ShowDailyK_ChartFlow,FinMind_API_TaiwanStockPrice_6414,True,2026-09-22T15:49:52,2026-09-22T15:49:52,2026-09-22T15:49:52
6414,樺漢,2023-12-08,273.5,-2.0,-0.73%,35.11,9.04,526.65,631.98,737.31,842.64,947.97,1053.3,ShowDailyK_ChartFlow,FinMind_API_TaiwanStockPrice_6414,True,2026-09-22T15:49:52,2026-09-22T15:49:52,2026-09-22T15:49:52
6414,樺漢,2023-12-11,274.5,1.0,0.37%,35.11,9.07,526.65,631.98,737.31,842.64,947.97,1053.3,ShowDailyK_ChartFlow,FinMind_API_TaiwanStockPrice_6414,True,2026-09-22T15:49:52,2026-09-22T15:49:52,2026-09-22T15:49:52
6414,樺漢,2023-12-12,272.0,-2.5,-0.91%,35.11,8.99,526.65,631.98,737.31,842.64,947.97,1053.3,ShowDailyK_ChartFlow,FinMind_API_TaiwanStockPrice_6414,True,2026-09-22T15:49:52,2026-09-22T15:49:52,2026-09-22T15:49:52
6414,樺漢,2023-12-13,276.5,4.5,1.65%,35.11,9.14,526.65,631.98,737.31,842.64,947.97,1053.3,ShowDailyK_ChartFlow,FinMind_API_TaiwanStockPrice_6414,True,2026-09-22T15:49:52,2026-09-22T15:49:52,2026-09-22T15:49:52
6414,樺漢,2023-12-14,280.5,4.0,1.45%,35.11,9.27,526.65,631.98,737.31,842.64,947.97,1053.3,ShowDailyK_ChartFlow,FinMind_API_TaiwanStockPrice_6414,True,2026-09-22T15:49:52,2026-09-22T15:49:52,2026-09-22T15:49:52
6414,樺漢,2023-12-15,275.5,-5.0,-1.78%,35.11,9.1,526.65,631.98,737.31,842.64,947.97,1053.3,ShowDailyK_ChartFlow,FinMind_API_TaiwanStockPrice_6414,True,2026-09-22T15:49:52,2026-09-22T15:49:52,2026-09-22T15:49:52
6414,樺漢,2023-12-18,268.0,-7.5,-2.72%,35.11,8.86,526.65,631.98,737.31,842.64,947.97,1053.3,ShowDailyK_ChartFlow,FinMind_API_TaiwanStockPrice_6414,True,2026-09-22T15:49:52,2026-09-22T15:49:52,2026-09-22T15:49:52
6414,樺漢,2023-12-19,267.0,-1.0,-0.37%,35.11,8.82,526.65,631.98,737.31,842.64,947.97,1053.3,ShowDailyK_ChartFlow,FinMind_API_TaiwanStockPrice_6414,True,2026-09-22T15:49:52,2026-09-22T15:49:52,2026-09-22T15:49:52
6414,樺漢,2023-12-20,269.0,2.0,0.75%,35.11,8.89,526.65,631.98,737.31,842.64,947.97,1053.3,ShowDailyK_ChartFlow,FinMind_API_TaiwanStockPrice_6414,True,2026-09-22T15:49:52,2026-09-22T15:49:52,2026-09-22T15:49:52
6414,樺漢,2023-12-21,265.5,-3.5,-1.30%,35.11,8.77,526.65,631.98,737.31,842.64,947.97,1053.3,ShowDailyK_ChartFlow,FinMind_API_TaiwanStockPrice_6414,True,2026-09-22T15:49:52,2026-09-22T15:49:52,2026-09-22T15:49:52
6414,樺漢,2023-12-22,266.0,0.5,0.19%,35.11,8.79,526.65,631.98,737.31,842.64,947.97,1053.3,ShowDailyK_ChartFlow,FinMind_API_TaiwanStockPrice_6414,True,2026-09-22T15:49:52,2026-09-22T15:49:52,2026-09-22T15:49:52
6414,樺漢,2023-12-25,263.5,-2.5,-0.94%,35.11,8.71,526.65,631.98,737.31,842.64,947.97,1053.3,ShowDailyK_ChartFlow,FinMind_API_TaiwanStockPrice_6414,True,2026-09-22T15:49:52,2026-09-22T15:49:52,2026-09-22T15:49:52
6414,樺漢,2023-12-26,267.0,3.5,1.33%,35.11,8.82,526.65,631.98,737.31,842.64,947.97,1053.3,ShowDailyK_ChartFlow,FinMind_API_TaiwanStockPrice_6414,True,2026-09-22T15:49:52,2026-09-22T15:49:52,2026-09-22T15:49:52
6414,樺漢,2023-12-27,268.5,1.5,0.56%,35.11,8.87,526.65,631.98,737.31,842.64,947.97,1053.3,ShowDailyK_ChartFlow,FinMind_API_TaiwanStockPrice_6414,True,2026-09-22T15:49:52,2026-09-22T15:49:52,2026-09-22T15:49:52
6414,樺漢,2023-12-28,265.5,-3.0,-1.12%,35.11,8.77,526.65,631.98,737.31,842.64,947.97,1053.3,ShowDailyK_ChartFlow,FinMind_API_TaiwanStockPrice_6414,True,2026-09-22T15:49:52,2026-09-22T15:49:52,2026-09-22T15:49:52
6414,樺漢,2023-12-29,268.0,2.5,0.94%,35.11,8.86,526.65,631.98,737.31,842.64,947.97,1053.3,ShowDailyK_ChartFlow,FinMind_API_TaiwanStockPrice_6414,True,2026-09-22T15:49:52,2026-09-22T15:49:52,2026-09-22T15:49:52
6414,樺漢,2024-01-02,265.0,-3.0,-1.12%,18.899999999999995,8.76,283.5,340.2,396.9,453.6,510.3,567.0,ShowDailyK_ChartFlow,FinMind_API_TaiwanStockPrice_6414,True,2026-09-22T15:49:52,2026-09-22T15:49:52,2026-09-22T15:49:52
6414,樺漢,2024-01-03,263.5,-1.5,-0.57%,18.899999999999995,8.71,283.5,340.2,396.9,453.6,510.3,567.0,ShowDailyK_ChartFlow,FinMind_API_TaiwanStockPrice_6414,True,2026-09-22T15:49:52,2026-09-22T15:49:52,2026-09-22T15:49:52
6414,樺漢,2024-01-04,261.5,-2.0,-0.76%,18.899999999999995,8.64,283.5,340.2,396.9,453.6,510.3,567.0,ShowDailyK_ChartFlow,FinMind_API_TaiwanStockPrice_6414,True,2026-09-22T15:49:52,2026-09-22T15:49:52,2026-09-22T15:49:52
6414,樺漢,2024-01-05,269.0,7.5,2.87%,18.899999999999995,8.89,283.5,340.2,396.9,453.6,510.3,567.0,ShowDailyK_ChartFlow,FinMind_API_TaiwanStockPrice_6414,True,2026-09-22T15:49:52,2026-09-22T15:49:52,2026-09-22T15:49:52
6414,樺漢,2024-01-08,269.0,0.0,0.00%,18.899999999999995,8.89,283.5,340.2,396.9,453.6,510.3,567.0,ShowDailyK_ChartFlow,FinMind_API_TaiwanStockPrice_6414,True,2026-09-22T15:49:52,2026-09-22T15:49:52,2026-09-22T15:49:52
6414,樺漢,2024-01-09,265.5,-3.5,-1.30%,18.899999999999995,8.77,283.5,340.2,396.9,453.6,510.3,567.0,ShowDailyK_ChartFlow,FinMind_API_TaiwanStockPrice_6414,True,2026-09-22T15:49:52,2026-09-22T15:49:52,2026-09-22T15:49:52
6414,樺漢,2024-01-10,263.0,-2.5,-0.94%,18.899999999999995,8.69,283.5,340.2,396.9,453.6,510.3,567.0,ShowDailyK_ChartFlow,FinMind_API_TaiwanStockPrice_6414,True,2026-09-22T15:49:52,2026-09-22T15:49:52,2026-09-22T15:49:52
6414,樺漢,2024-01-11,265.5,2.5,0.95%,18.899999999999995,8.77,283.5,340.2,396.9,453.6,510.3,567.0,ShowDailyK_ChartFlow,FinMind_API_TaiwanStockPrice_6414,True,2026-09-22T15:49:52,2026-09-22T15:49:52,2026-09-22T15:49:52
6414,樺漢,2024-01-12,264.5,-1.0,-0.38%,18.899999999999995,8.74,283.5,340.2,396.9,453.6,510.3,567.0,ShowDailyK_ChartFlow,FinMind_API_TaiwanStockPrice_6414,True,2026-09-22T15:49:52,2026-09-22T15:49:52,2026-09-22T15:49:52
6414,樺漢,2024-01-15,266.5,2.0,0.76%,18.899999999999995,8.81,283.5,340.2,396.9,453.6,510.3,567.0,ShowDailyK_ChartFlow,FinMind_API_TaiwanStockPrice_6414,True,2026-09-22T15:49:52,2026-09-22T15:49:52,2026-09-22T15:49:52
6414,樺漢,2024-01-16,264.5,-2.0,-0.75%,18.899999999999995,8.74,283.5,340.2,396.9,453.6,510.3,567.0,ShowDailyK_ChartFlow,FinMind_API_TaiwanStockPrice_6414,True,2026-09-22T15:49:52,2026-09-22T15:49:52,2026-09-22T15:49:52
6414,樺漢,2024-01-17,258.0,-6.5,-2.46%,18.899999999999995,8.53,283.5,340.2,396.9,453.6,510.3,567.0,ShowDailyK_ChartFlow,FinMind_API_TaiwanStockPrice_6414,True,2026-09-22T15:49:52,2026-09-22T15:49:52,2026-09-22T15:49:52
6414,樺漢,2024-01-18,256.5,-1.5,-0.58%,18.899999999999995,8.48,283.5,340.2,396.9,453.6,510.3,567.0,ShowDailyK_ChartFlow,FinMind_API_TaiwanStockPrice_6414,True,2026-09-22T15:49:52,2026-09-22T15:49:52,2026-09-22T15:49:52
6414,樺漢,2024-01-19,264.5,8.0,3.12%,18.899999999999995,8.74,283.5,340.2,396.9,453.6,510.3,567.0,ShowDailyK_ChartFlow,FinMind_API_TaiwanStockPrice_6414,True,2026-09-22T15:49:52,2026-09-22T15:49:52,2026-09-22T15:49:52
6414,樺漢,2024-01-22,267.5,3.0,1.13%,18.899999999999995,8.84,283.5,340.2,396.9,453.6,510.3,567.0,ShowDailyK_ChartFlow,FinMind_API_TaiwanStockPrice_6414,True,2026-09-22T15:49:52,2026-09-22T15:49:52,2026-09-22T15:49:52
6414,樺漢,2024-01-23,266.5,-1.0,-0.37%,18.899999999999995,8.81,283.5,340.2,396.9,453.6,510.3,567.0,ShowDailyK_ChartFlow,FinMind_API_TaiwanStockPrice_6414,True,2026-09-22T15:49:52,2026-09-22T15:49:52,2026-09-22T15:49:52
6414,樺漢,2024-01-24,271.0,4.5,1.69%,18.899999999999995,8.96,283.5,340.2,396.9,453.6,510.3,567.0,ShowDailyK_ChartFlow,FinMind_API_TaiwanStockPrice_6414,True,2026-09-22T15:49:52,2026-09-22T15:49:52,2026-09-22T15:49:52
6414,樺漢,2024-01-25,270.0,-1.0,-0.37%,18.899999999999995,8.92,283.5,340.2,396.9,453.6,510.3,567.0,ShowDailyK_ChartFlow,FinMind_API_TaiwanStockPrice_6414,True,2026-09-22T15:49:52,2026-09-22T15:49:52,2026-09-22T15:49:52
6414,樺漢,2024-01-26,270.5,0.5,0.19%,18.899999999999995,8.94,283.5,340.2,396.9,453.6,510.3,567.0,ShowDailyK_ChartFlow,FinMind_API_TaiwanStockPrice_6414,True,2026-09-22T15:49:52,2026-09-22T15:49:52,2026-09-22T15:49:52
6414,樺漢,2024-01-29,272.0,1.5,0.55%,18.899999999999995,8.99,283.5,340.2,396.9,453.6,510.3,567.0,ShowDailyK_ChartFlow,FinMind_API_TaiwanStockPrice_6414,True,2026-09-22T15:49:52,2026-09-22T15:49:52,2026-09-22T15:49:52
6414,樺漢,2024-01-30,272.0,0.0,0.00%,18.899999999999995,8.99,283.5,340.2,396.9,453.6,510.3,567.0,ShowDailyK_ChartFlow,FinMind_API_TaiwanStockPrice_6414,True,2026-09-22T15:49:52,2026-09-22T15:49:52,2026-09-22T15:49:52
6414,樺漢,2024-01-31,269.5,-2.5,-0.92%,18.899999999999995,8.91,283.5,340.2,396.9,453.6,510.3,567.0,ShowDailyK_ChartFlow,FinMind_API_TaiwanStockPrice_6414,True,2026-09-22T15:49:52,2026-09-22T15:49:52,2026-09-22T15:49:52
6414,樺漢,2024-02-01,272.5,3.0,1.11%,18.899999999999995,9.01,283.5,340.2,396.9,453.6,510.3,567.0,ShowDailyK_ChartFlow,FinMind_API_TaiwanStockPrice_6414,True,2026-09-22T15:49:52,2026-09-22T15:49:52,2026-09-22T15:49:52
6414,樺漢,2024-02-02,272.0,-0.5,-0.18%,18.899999999999995,8.99,283.5,340.2,396.9,453.6,510.3,567.0,ShowDailyK_ChartFlow,FinMind_API_TaiwanStockPrice_6414,True,2026-09-22T15:49:52,2026-09-22T15:49:52,2026-09-22T15:49:52
6414,樺漢,2024-02-05,276.0,4.0,1.47%,18.899999999999995,9.12,283.5,340.2,396.9,453.6,510.3,567.0,ShowDailyK_ChartFlow,FinMind_API_TaiwanStockPrice_6414,True,2026-09-22T15:49:52,2026-09-22T15:49:52,2026-09-22T15:49:52
6414,樺漢,2024-02-15,283.0,7.0,2.54%,18.899999999999995,9.35,283.5,340.2,396.9,453.6,510.3,567.0,ShowDailyK_ChartFlow,FinMind_API_TaiwanStockPrice_6414,True,2026-09-22T15:49:52,2026-09-22T15:49:52,2026-09-22T15:49:52
6414,樺漢,2024-02-16,284.0,1.0,0.35%,18.899999999999995,9.39,283.5,340.2,396.9,453.6,510.3,567.0,ShowDailyK_ChartFlow,FinMind_API_TaiwanStockPrice_6414,True,2026-09-22T15:49:52,2026-09-22T15:49:52,2026-09-22T15:49:52
6414,樺漢,2024-02-19,286.5,2.5,0.88%,18.899999999999995,9.47,283.5,340.2,396.9,453.6,510.3,567.0,ShowDailyK_ChartFlow,FinMind_API_TaiwanStockPrice_6414,True,2026-09-22T15:49:52,2026-09-22T15:49:52,2026-09-22T15:49:52
6414,樺漢,2024-02-20,282.5,-4.0,-1.40%,18.899999999999995,9.34,283.5,340.2,396.9,453.6,510.3,567.0,ShowDailyK_ChartFlow,FinMind_API_TaiwanStockPrice_6414,True,2026-09-22T15:49:52,2026-09-22T15:49:52,2026-09-22T15:49:52
6414,樺漢,2024-02-21,280.5,-2.0,-0.71%,18.899999999999995,9.27,283.5,340.2,396.9,453.6,510.3,567.0,ShowDailyK_ChartFlow,FinMind_API_TaiwanStockPrice_6414,True,2026-09-22T15:49:52,2026-09-22T15:49:52,2026-09-22T15:49:52
6414,樺漢,2024-02-22,283.5,3.0,1.07%,18.899999999999995,9.37,283.5,340.2,396.9,453.6,510.3,567.0,ShowDailyK_ChartFlow,FinMind_API_TaiwanStockPrice_6414,True,2026-09-22T15:49:52,2026-09-22T15:49:52,2026-09-22T15:49:52
6414,樺漢,2024-02-23,280.0,-3.5,-1.23%,18.899999999999995,9.25,283.5,340.2,396.9,453.6,510.3,567.0,ShowDailyK_ChartFlow,FinMind_API_TaiwanStockPrice_6414,True,2026-09-22T15:49:52,2026-09-22T15:49:52,2026-09-22T15:49:52
6414,樺漢,2024-02-26,293.0,13.0,4.64%,18.899999999999995,9.68,283.5,340.2,396.9,453.6,510.3,567.0,ShowDailyK_ChartFlow,FinMind_API_TaiwanStockPrice_6414,True,2026-09-22T15:49:52,2026-09-22T15:49:52,2026-09-22T15:49:52
6414,樺漢,2024-02-27,294.5,1.5,0.51%,18.899999999999995,9.73,283.5,340.2,396.9,453.6,510.3,567.0,ShowDailyK_ChartFlow,FinMind_API_TaiwanStockPrice_6414,True,2026-09-22T15:49:52,2026-09-22T15:49:52,2026-09-22T15:49:52
6414,樺漢,2024-02-29,299.0,4.5,1.53%,18.899999999999995,9.88,283.5,340.2,396.9,453.6,510.3,567.0,ShowDailyK_ChartFlow,FinMind_API_TaiwanStockPrice_6414,True,2026-09-22T15:49:52,2026-09-22T15:49:52,2026-09-22T15:49:52
6414,樺漢,2024-03-01,301.0,2.0,0.67%,18.899999999999995,9.95,283.5,340.2,396.9,453.6,510.3,567.0,ShowDailyK_ChartFlow,FinMind_API_TaiwanStockPrice_6414,True,2026-09-22T15:49:52,2026-09-22T15:49:52,2026-09-22T15:49:52
6414,樺漢,2024-03-04,301.0,0.0,0.00%,18.899999999999995,9.95,283.5,340.2,396.9,453.6,510.3,567.0,ShowDailyK_ChartFlow,FinMind_API_TaiwanStockPrice_6414,True,2026-09-22T15:49:52,2026-09-22T15:49:52,2026-09-22T15:49:52
6414,樺漢,2024-03-05,307.0,6.0,1.99%,18.899999999999995,10.15,283.5,340.2,396.9,453.6,510.3,567.0,ShowDailyK_ChartFlow,FinMind_API_TaiwanStockPrice_6414,True,2026-09-22T15:49:52,2026-09-22T15:49:52,2026-09-22T15:49:52
6414,樺漢,2024-03-06,305.0,-2.0,-0.65%,18.899999999999995,10.08,283.5,340.2,396.9,453.6,510.3,567.0,ShowDailyK_ChartFlow,FinMind_API_TaiwanStockPrice_6414,True,2026-09-22T15:49:52,2026-09-22T15:49:52,2026-09-22T15:49:52
6414,樺漢,2024-03-07,297.5,-7.5,-2.46%,18.899999999999995,9.83,283.5,340.2,396.9,453.6,510.3,567.0,ShowDailyK_ChartFlow,FinMind_API_TaiwanStockPrice_6414,True,2026-09-22T15:49:52,2026-09-22T15:49:52,2026-09-22T15:49:52
6414,樺漢,2024-03-08,290.5,-7.0,-2.35%,18.899999999999995,9.6,283.5,340.2,396.9,453.6,510.3,567.0,ShowDailyK_ChartFlow,FinMind_API_TaiwanStockPrice_6414,True,2026-09-22T15:49:52,2026-09-22T15:49:52,2026-09-22T15:49:52
6414,樺漢,2024-03-11,290.0,-0.5,-0.17%,18.899999999999995,9.58,283.5,340.2,396.9,453.6,510.3,567.0,ShowDailyK_ChartFlow,FinMind_API_TaiwanStockPrice_6414,True,2026-09-22T15:49:52,2026-09-22T15:49:52,2026-09-22T15:49:52
6414,樺漢,2024-03-12,297.5,7.5,2.59%,18.899999999999995,9.83,283.5,340.2,396.9,453.6,510.3,567.0,ShowDailyK_ChartFlow,FinMind_API_TaiwanStockPrice_6414,True,2026-09-22T15:49:52,2026-09-22T15:49:52,2026-09-22T15:49:52
6414,樺漢,2024-03-13,299.0,1.5,0.50%,18.899999999999995,9.88,283.5,340.2,396.9,453.6,510.3,567.0,ShowDailyK_ChartFlow,FinMind_API_TaiwanStockPrice_6414,True,2026-09-22T15:49:52,2026-09-22T15:49:52,2026-09-22T15:49:52
6414,樺漢,2024-03-14,284.5,-14.5,-4.85%,18.899999999999995,9.4,283.5,340.2,396.9,453.6,510.3,567.0,ShowDailyK_ChartFlow,FinMind_API_TaiwanStockPrice_6414,True,2026-09-22T15:49:52,2026-09-22T15:49:52,2026-09-22T15:49:52
6414,樺漢,2024-03-15,294.0,9.5,3.34%,18.899999999999995,9.72,283.5,340.2,396.9,453.6,510.3,567.0,ShowDailyK_ChartFlow,FinMind_API_TaiwanStockPrice_6414,True,2026-09-22T15:49:52,2026-09-22T15:49:52,2026-09-22T15:49:52
6414,樺漢,2024-03-18,291.5,-2.5,-0.85%,18.899999999999995,9.63,283.5,340.2,396.9,453.6,510.3,567.0,ShowDailyK_ChartFlow,FinMind_API_TaiwanStockPrice_6414,True,2026-09-22T15:49:52,2026-09-22T15:49:52,2026-09-22T15:49:52
6414,樺漢,2024-03-19,313.5,22.0,7.55%,18.899999999999995,10.36,283.5,340.2,396.9,453.6,510.3,567.0,ShowDailyK_ChartFlow,FinMind_API_TaiwanStockPrice_6414,True,2026-09-22T15:49:52,2026-09-22T15:49:52,2026-09-22T15:49:52
6414,樺漢,2024-03-20,331.5,18.0,5.74%,18.899999999999995,10.96,283.5,340.2,396.9,453.6,510.3,567.0,ShowDailyK_ChartFlow,FinMind_API_TaiwanStockPrice_6414,True,2026-09-22T15:49:52,2026-09-22T15:49:52,2026-09-22T15:49:52
6414,樺漢,2024-03-21,334.5,3.0,0.90%,18.899999999999995,11.05,283.5,340.2,396.9,453.6,510.3,567.0,ShowDailyK_ChartFlow,FinMind_API_TaiwanStockPrice_6414,True,2026-09-22T15:49:52,2026-09-22T15:49:52,2026-09-22T15:49:52
6414,樺漢,2024-03-22,329.0,-5.5,-1.64%,18.899999999999995,10.87,283.5,340.2,396.9,453.6,510.3,567.0,ShowDailyK_ChartFlow,FinMind_API_TaiwanStockPrice_6414,True,2026-09-22T15:49:52,2026-09-22T15:49:52,2026-09-22T15:49:52
6414,樺漢,2024-03-25,337.0,8.0,2.43%,18.899999999999995,11.14,283.5,340.2,396.9,453.6,510.3,567.0,ShowDailyK_ChartFlow,FinMind_API_TaiwanStockPrice_6414,True,2026-09-22T15:49:52,2026-09-22T15:49:52,2026-09-22T15:49:52
6414,樺漢,2024-03-26,328.0,-9.0,-2.67%,18.899999999999995,10.84,283.5,340.2,396.9,453.6,510.3,567.0,ShowDailyK_ChartFlow,FinMind_API_TaiwanStockPrice_6414,True,2026-09-22T15:49:52,2026-09-22T15:49:52,2026-09-22T15:49:52
6414,樺漢,2024-03-27,339.0,11.0,3.35%,18.899999999999995,11.2,283.5,340.2,396.9,453.6,510.3,567.0,ShowDailyK_ChartFlow,FinMind_API_TaiwanStockPrice_6414,True,2026-09-22T15:49:52,2026-09-22T15:49:52,2026-09-22T15:49:52
6414,樺漢,2024-03-28,349.0,10.0,2.95%,18.899999999999995,11.53,283.5,340.2,396.9,453.6,510.3,567.0,ShowDailyK_ChartFlow,FinMind_API_TaiwanStockPrice_6414,True,2026-09-22T15:49:52,2026-09-22T15:49:52,2026-09-22T15:49:52
6414,樺漢,2024-03-29,375.0,26.0,7.45%,18.899999999999995,12.39,283.5,340.2,396.9,453.6,510.3,567.0,ShowDailyK_ChartFlow,FinMind_API_TaiwanStockPrice_6414,True,2026-09-22T15:49:52,2026-09-22T15:49:52,2026-09-22T15:49:52
6414,樺漢,2024-04-01,358.0,-17.0,-4.53%,18.929999999999993,20.9,283.95,340.74,397.53,454.32,511.11,567.9,ShowDailyK_ChartFlow,FinMind_API_TaiwanStockPrice_6414,True,2026-09-22T15:49:52,2026-09-22T15:49:52,2026-09-22T15:49:52
6414,樺漢,2024-04-02,345.5,-12.5,-3.49%,18.929999999999993,20.17,283.95,340.74,397.53,454.32,511.11,567.9,ShowDailyK_ChartFlow,FinMind_API_TaiwanStockPrice_6414,True,2026-09-22T15:49:52,2026-09-22T15:49:52,2026-09-22T15:49:52
6414,樺漢,2024-04-03,336.0,-9.5,-2.75%,18.929999999999993,19.61,283.95,340.74,397.53,454.32,511.11,567.9,ShowDailyK_ChartFlow,FinMind_API_TaiwanStockPrice_6414,True,2026-09-22T15:49:52,2026-09-22T15:49:52,2026-09-22T15:49:52
6414,樺漢,2024-04-08,341.0,5.0,1.49%,18.929999999999993,19.91,283.95,340.74,397.53,454.32,511.11,567.9,ShowDailyK_ChartFlow,FinMind_API_TaiwanStockPrice_6414,True,2026-09-22T15:49:52,2026-09-22T15:49:52,2026-09-22T15:49:52
6414,樺漢,2024-04-09,340.0,-1.0,-0.29%,18.929999999999993,19.85,283.95,340.74,397.53,454.32,511.11,567.9,ShowDailyK_ChartFlow,FinMind_API_TaiwanStockPrice_6414,True,2026-09-22T15:49:52,2026-09-22T15:49:52,2026-09-22T15:49:52
6414,樺漢,2024-04-10,337.5,-2.5,-0.74%,18.929999999999993,19.7,283.95,340.74,397.53,454.32,511.11,567.9,ShowDailyK_ChartFlow,FinMind_API_TaiwanStockPrice_6414,True,2026-09-22T15:49:52,2026-09-22T15:49:52,2026-09-22T15:49:52
6414,樺漢,2024-04-11,337.5,0.0,0.00%,18.929999999999993,19.7,283.95,340.74,397.53,454.32,511.11,567.9,ShowDailyK_ChartFlow,FinMind_API_TaiwanStockPrice_6414,True,2026-09-22T15:49:52,2026-09-22T15:49:52,2026-09-22T15:49:52
6414,樺漢,2024-04-12,344.0,6.5,1.93%,18.929999999999993,20.08,283.95,340.74,397.53,454.32,511.11,567.9,ShowDailyK_ChartFlow,FinMind_API_TaiwanStockPrice_6414,True,2026-09-22T15:49:52,2026-09-22T15:49:52,2026-09-22T15:49:52
6414,樺漢,2024-04-15,335.5,-8.5,-2.47%,18.929999999999993,19.59,283.95,340.74,397.53,454.32,511.11,567.9,ShowDailyK_ChartFlow,FinMind_API_TaiwanStockPrice_6414,True,2026-09-22T15:49:52,2026-09-22T15:49:52,2026-09-22T15:49:52
6414,樺漢,2024-04-16,320.0,-15.5,-4.62%,18.929999999999993,18.68,283.95,340.74,397.53,454.32,511.11,567.9,ShowDailyK_ChartFlow,FinMind_API_TaiwanStockPrice_6414,True,2026-09-22T15:49:52,2026-09-22T15:49:52,2026-09-22T15:49:52
6414,樺漢,2024-04-17,326.0,6.0,1.88%,18.929999999999993,19.03,283.95,340.74,397.53,454.32,511.11,567.9,ShowDailyK_ChartFlow,FinMind_API_TaiwanStockPrice_6414,True,2026-09-22T15:49:52,2026-09-22T15:49:52,2026-09-22T15:49:52
6414,樺漢,2024-04-18,330.0,4.0,1.23%,18.929999999999993,19.26,283.95,340.74,397.53,454.32,511.11,567.9,ShowDailyK_ChartFlow,FinMind_API_TaiwanStockPrice_6414,True,2026-09-22T15:49:52,2026-09-22T15:49:52,2026-09-22T15:49:52
6414,樺漢,2024-04-19,324.0,-6.0,-1.82%,18.929999999999993,18.91,283.95,340.74,397.53,454.32,511.11,567.9,ShowDailyK_ChartFlow,FinMind_API_TaiwanStockPrice_6414,True,2026-09-22T15:49:52,2026-09-22T15:49:52,2026-09-22T15:49:52
6414,樺漢,2024-04-22,317.0,-7.0,-2.16%,18.929999999999993,18.51,283.95,340.74,397.53,454.32,511.11,567.9,ShowDailyK_ChartFlow,FinMind_API_TaiwanStockPrice_6414,True,2026-09-22T15:49:52,2026-09-22T15:49:52,2026-09-22T15:49:52
6414,樺漢,2024-04-23,320.0,3.0,0.95%,18.929999999999993,18.68,283.95,340.74,397.53,454.32,511.11,567.9,ShowDailyK_ChartFlow,FinMind_API_TaiwanStockPrice_6414,True,2026-09-22T15:49:52,2026-09-22T15:49:52,2026-09-22T15:49:52
6414,樺漢,2024-04-24,331.0,11.0,3.44%,18.929999999999993,19.32,283.95,340.74,397.53,454.32,511.11,567.9,ShowDailyK_ChartFlow,FinMind_API_TaiwanStockPrice_6414,True,2026-09-22T15:49:52,2026-09-22T15:49:52,2026-09-22T15:49:52
6414,樺漢,2024-04-25,325.5,-5.5,-1.66%,18.929999999999993,19.0,283.95,340.74,397.53,454.32,511.11,567.9,ShowDailyK_ChartFlow,FinMind_API_TaiwanStockPrice_6414,True,2026-09-22T15:49:52,2026-09-22T15:49:52,2026-09-22T15:49:52
6414,樺漢,2024-04-26,331.0,5.5,1.69%,18.929999999999993,19.32,283.95,340.74,397.53,454.32,511.11,567.9,ShowDailyK_ChartFlow,FinMind_API_TaiwanStockPrice_6414,True,2026-09-22T15:49:52,2026-09-22T15:49:52,2026-09-22T15:49:52
6414,樺漢,2024-04-29,332.0,1.0,0.30%,18.929999999999993,19.38,283.95,340.74,397.53,454.32,511.11,567.9,ShowDailyK_ChartFlow,FinMind_API_TaiwanStockPrice_6414,True,2026-09-22T15:49:52,2026-09-22T15:49:52,2026-09-22T15:49:52
6414,樺漢,2024-04-30,328.0,-4.0,-1.20%,18.929999999999993,19.15,283.95,340.74,397.53,454.32,511.11,567.9,ShowDailyK_ChartFlow,FinMind_API_TaiwanStockPrice_6414,True,2026-09-22T15:49:52,2026-09-22T15:49:52,2026-09-22T15:49:52
6414,樺漢,2024-05-02,326.5,-1.5,-0.46%,18.929999999999993,19.06,283.95,340.74,397.53,454.32,511.11,567.9,ShowDailyK_ChartFlow,FinMind_API_TaiwanStockPrice_6414,True,2026-09-22T15:49:52,2026-09-22T15:49:52,2026-09-22T15:49:52
6414,樺漢,2024-05-03,320.0,-6.5,-1.99%,18.929999999999993,18.68,283.95,340.74,397.53,454.32,511.11,567.9,ShowDailyK_ChartFlow,FinMind_API_TaiwanStockPrice_6414,True,2026-09-22T15:49:52,2026-09-22T15:49:52,2026-09-22T15:49:52
6414,樺漢,2024-05-06,324.0,4.0,1.25%,18.929999999999993,18.91,283.95,340.74,397.53,454.32,511.11,567.9,ShowDailyK_ChartFlow,FinMind_API_TaiwanStockPrice_6414,True,2026-09-22T15:49:52,2026-09-22T15:49:52,2026-09-22T15:49:52
6414,樺漢,2024-05-07,323.0,-1.0,-0.31%,18.929999999999993,18.86,283.95,340.74,397.53,454.32,511.11,567.9,ShowDailyK_ChartFlow,FinMind_API_TaiwanStockPrice_6414,True,2026-09-22T15:49:52,2026-09-22T15:49:52,2026-09-22T15:49:52
6414,樺漢,2024-05-08,325.0,2.0,0.62%,18.929999999999993,18.97,283.95,340.74,397.53,454.32,511.11,567.9,ShowDailyK_ChartFlow,FinMind_API_TaiwanStockPrice_6414,True,2026-09-22T15:49:52,2026-09-22T15:49:52,2026-09-22T15:49:52
6414,樺漢,2024-05-09,316.5,-8.5,-2.62%,18.929999999999993,18.48,283.95,340.74,397.53,454.32,511.11,567.9,ShowDailyK_ChartFlow,FinMind_API_TaiwanStockPrice_6414,True,2026-09-22T15:49:52,2026-09-22T15:49:52,2026-09-22T15:49:52
6414,樺漢,2024-05-10,319.5,3.0,0.95%,18.929999999999993,18.65,283.95,340.74,397.53,454.32,511.11,567.9,ShowDailyK_ChartFlow,FinMind_API_TaiwanStockPrice_6414,True,2026-09-22T15:49:52,2026-09-22T15:49:52,2026-09-22T15:49:52
6414,樺漢,2024-05-13,322.5,3.0,0.94%,18.929999999999993,18.42,283.95,340.74,397.53,454.32,511.11,567.9,ShowDailyK_ChartFlow,FinMind_API_TaiwanStockPrice_6414,True,2026-09-22T15:49:52,2026-09-22T15:49:52,2026-09-22T15:49:52
6414,樺漢,2024-05-14,318.0,-4.5,-1.40%,18.929999999999993,18.16,283.95,340.74,397.53,454.32,511.11,567.9,ShowDailyK_ChartFlow,FinMind_API_TaiwanStockPrice_6414,True,2026-09-22T15:49:52,2026-09-22T15:49:52,2026-09-22T15:49:52
6414,樺漢,2024-05-15,317.0,-1.0,-0.31%,18.929999999999993,18.1,283.95,340.74,397.53,454.32,511.11,567.9,ShowDailyK_ChartFlow,FinMind_API_TaiwanStockPrice_6414,True,2026-09-22T15:49:52,2026-09-22T15:49:52,2026-09-22T15:49:52
6414,樺漢,2024-05-16,314.0,-3.0,-0.95%,18.929999999999993,17.93,283.95,340.74,397.53,454.32,511.11,567.9,ShowDailyK_ChartFlow,FinMind_API_TaiwanStockPrice_6414,True,2026-09-22T15:49:52,2026-09-22T15:49:52,2026-09-22T15:49:52
6414,樺漢,2024-05-17,306.0,-8.0,-2.55%,18.929999999999993,17.48,283.95,340.74,397.53,454.32,511.11,567.9,ShowDailyK_ChartFlow,FinMind_API_TaiwanStockPrice_6414,True,2026-09-22T15:49:52,2026-09-22T15:49:52,2026-09-22T15:49:52
6414,樺漢,2024-05-20,305.5,-0.5,-0.16%,18.929999999999993,17.45,283.95,340.74,397.53,454.32,511.11,567.9,ShowDailyK_ChartFlow,FinMind_API_TaiwanStockPrice_6414,True,2026-09-22T15:49:52,2026-09-22T15:49:52,2026-09-22T15:49:52
6414,樺漢,2024-05-21,310.0,4.5,1.47%,18.929999999999993,17.7,283.95,340.74,397.53,454.32,511.11,567.9,ShowDailyK_ChartFlow,FinMind_API_TaiwanStockPrice_6414,True,2026-09-22T15:49:52,2026-09-22T15:49:52,2026-09-22T15:49:52
6414,樺漢,2024-05-22,319.5,9.5,3.06%,18.929999999999993,18.25,283.95,340.74,397.53,454.32,511.11,567.9,ShowDailyK_ChartFlow,FinMind_API_TaiwanStockPrice_6414,True,2026-09-22T15:49:52,2026-09-22T15:49:52,2026-09-22T15:49:52
6414,樺漢,2024-05-23,319.5,0.0,0.00%,18.929999999999993,18.25,283.95,340.74,397.53,454.32,511.11,567.9,ShowDailyK_ChartFlow,FinMind_API_TaiwanStockPrice_6414,True,2026-09-22T15:49:52,2026-09-22T15:49:52,2026-09-22T15:49:52
6414,樺漢,2024-05-24,320.0,0.5,0.16%,18.929999999999993,18.28,283.95,340.74,397.53,454.32,511.11,567.9,ShowDailyK_ChartFlow,FinMind_API_TaiwanStockPrice_6414,True,2026-09-22T15:49:52,2026-09-22T15:49:52,2026-09-22T15:49:52
6414,樺漢,2024-05-27,339.0,19.0,5.94%,18.929999999999993,19.36,283.95,340.74,397.53,454.32,511.11,567.9,ShowDailyK_ChartFlow,FinMind_API_TaiwanStockPrice_6414,True,2026-09-22T15:49:52,2026-09-22T15:49:52,2026-09-22T15:49:52
6414,樺漢,2024-05-28,334.0,-5.0,-1.47%,18.929999999999993,19.07,283.95,340.74,397.53,454.32,511.11,567.9,ShowDailyK_ChartFlow,FinMind_API_TaiwanStockPrice_6414,True,2026-09-22T15:49:52,2026-09-22T15:49:52,2026-09-22T15:49:52
6414,樺漢,2024-05-29,334.0,0.0,0.00%,18.929999999999993,19.07,283.95,340.74,397.53,454.32,511.11,567.9,ShowDailyK_ChartFlow,FinMind_API_TaiwanStockPrice_6414,True,2026-09-22T15:49:52,2026-09-22T15:49:52,2026-09-22T15:49:52
6414,樺漢,2024-05-30,324.5,-9.5,-2.84%,18.929999999999993,18.53,283.95,340.74,397.53,454.32,511.11,567.9,ShowDailyK_ChartFlow,FinMind_API_TaiwanStockPrice_6414,True,2026-09-22T15:49:52,2026-09-22T15:49:52,2026-09-22T15:49:52
6414,樺漢,2024-05-31,327.0,2.5,0.77%,18.929999999999993,18.68,283.95,340.74,397.53,454.32,511.11,567.9,ShowDailyK_ChartFlow,FinMind_API_TaiwanStockPrice_6414,True,2026-09-22T15:49:52,2026-09-22T15:49:52,2026-09-22T15:49:52
6414,樺漢,2024-06-03,333.5,6.5,1.99%,18.929999999999993,19.05,283.95,340.74,397.53,454.32,511.11,567.9,ShowDailyK_ChartFlow,FinMind_API_TaiwanStockPrice_6414,True,2026-09-22T15:49:52,2026-09-22T15:49:52,2026-09-22T15:49:52
6414,樺漢,2024-06-04,327.5,-6.0,-1.80%,18.929999999999993,18.7,283.95,340.74,397.53,454.32,511.11,567.9,ShowDailyK_ChartFlow,FinMind_API_TaiwanStockPrice_6414,True,2026-09-22T15:49:52,2026-09-22T15:49:52,2026-09-22T15:49:52
6414,樺漢,2024-06-05,326.5,-1.0,-0.31%,18.929999999999993,18.65,283.95,340.74,397.53,454.32,511.11,567.9,ShowDailyK_ChartFlow,FinMind_API_TaiwanStockPrice_6414,True,2026-09-22T15:49:52,2026-09-22T15:49:52,2026-09-22T15:49:52
6414,樺漢,2024-06-06,326.5,0.0,0.00%,18.929999999999993,18.65,283.95,340.74,397.53,454.32,511.11,567.9,ShowDailyK_ChartFlow,FinMind_API_TaiwanStockPrice_6414,True,2026-09-22T15:49:52,2026-09-22T15:49:52,2026-09-22T15:49:52
6414,樺漢,2024-06-07,327.0,0.5,0.15%,18.929999999999993,18.68,283.95,340.74,397.53,454.32,511.11,567.9,ShowDailyK_ChartFlow,FinMind_API_TaiwanStockPrice_6414,True,2026-09-22T15:49:52,2026-09-22T15:49:52,2026-09-22T15:49:52
6414,樺漢,2024-06-11,326.5,-0.5,-0.15%,18.929999999999993,18.65,283.95,340.74,397.53,454.32,511.11,567.9,ShowDailyK_ChartFlow,FinMind_API_TaiwanStockPrice_6414,True,2026-09-22T15:49:52,2026-09-22T15:49:52,2026-09-22T15:49:52
6414,樺漢,2024-06-12,327.5,1.0,0.31%,18.929999999999993,18.7,283.95,340.74,397.53,454.32,511.11,567.9,ShowDailyK_ChartFlow,FinMind_API_TaiwanStockPrice_6414,True,2026-09-22T15:49:52,2026-09-22T15:49:52,2026-09-22T15:49:52
6414,樺漢,2024-06-13,332.0,4.5,1.37%,18.929999999999993,18.96,283.95,340.74,397.53,454.32,511.11,567.9,ShowDailyK_ChartFlow,FinMind_API_TaiwanStockPrice_6414,True,2026-09-22T15:49:52,2026-09-22T15:49:52,2026-09-22T15:49:52
6414,樺漢,2024-06-14,335.0,3.0,0.90%,18.929999999999993,19.13,283.95,340.74,397.53,454.32,511.11,567.9,ShowDailyK_ChartFlow,FinMind_API_TaiwanStockPrice_6414,True,2026-09-22T15:49:52,2026-09-22T15:49:52,2026-09-22T15:49:52
6414,樺漢,2024-06-17,336.0,1.0,0.30%,18.929999999999993,19.19,283.95,340.74,397.53,454.32,511.11,567.9,ShowDailyK_ChartFlow,FinMind_API_TaiwanStockPrice_6414,True,2026-09-22T15:49:52,2026-09-22T15:49:52,2026-09-22T15:49:52
6414,樺漢,2024-06-18,330.5,-5.5,-1.64%,18.929999999999993,18.87,283.95,340.74,397.53,454.32,511.11,567.9,ShowDailyK_ChartFlow,FinMind_API_TaiwanStockPrice_6414,True,2026-09-22T15:49:52,2026-09-22T15:49:52,2026-09-22T15:49:52
6414,樺漢,2024-06-19,332.0,1.5,0.45%,18.929999999999993,18.96,283.95,340.74,397.53,454.32,511.11,567.9,ShowDailyK_ChartFlow,FinMind_API_TaiwanStockPrice_6414,True,2026-09-22T15:49:52,2026-09-22T15:49:52,2026-09-22T15:49:52
6414,樺漢,2024-06-20,339.5,7.5,2.26%,18.929999999999993,19.39,283.95,340.74,397.53,454.32,511.11,567.9,ShowDailyK_ChartFlow,FinMind_API_TaiwanStockPrice_6414,True,2026-09-22T15:49:52,2026-09-22T15:49:52,2026-09-22T15:49:52
6414,樺漢,2024-06-21,334.5,-5.0,-1.47%,18.929999999999993,19.1,283.95,340.74,397.53,454.32,511.11,567.9,ShowDailyK_ChartFlow,FinMind_API_TaiwanStockPrice_6414,True,2026-09-22T15:49:52,2026-09-22T15:49:52,2026-09-22T15:49:52
6414,樺漢,2024-06-24,328.5,-6.0,-1.79%,18.929999999999993,18.76,283.95,340.74,397.53,454.32,511.11,567.9,ShowDailyK_ChartFlow,FinMind_API_TaiwanStockPrice_6414,True,2026-09-22T15:49:52,2026-09-22T15:49:52,2026-09-22T15:49:52
6414,樺漢,2024-06-25,332.0,3.5,1.07%,18.929999999999993,18.96,283.95,340.74,397.53,454.32,511.11,567.9,ShowDailyK_ChartFlow,FinMind_API_TaiwanStockPrice_6414,True,2026-09-22T15:49:52,2026-09-22T15:49:52,2026-09-22T15:49:52
6414,樺漢,2024-06-26,334.5,2.5,0.75%,18.929999999999993,19.1,283.95,340.74,397.53,454.32,511.11,567.9,ShowDailyK_ChartFlow,FinMind_API_TaiwanStockPrice_6414,True,2026-09-22T15:49:52,2026-09-22T15:49:52,2026-09-22T15:49:52
6414,樺漢,2024-06-27,342.0,7.5,2.24%,18.929999999999993,19.53,283.95,340.74,397.53,454.32,511.11,567.9,ShowDailyK_ChartFlow,FinMind_API_TaiwanStockPrice_6414,True,2026-09-22T15:49:52,2026-09-22T15:49:52,2026-09-22T15:49:52
6414,樺漢,2024-06-28,335.5,-6.5,-1.90%,18.929999999999993,19.16,283.95,340.74,397.53,454.32,511.11,567.9,ShowDailyK_ChartFlow,FinMind_API_TaiwanStockPrice_6414,True,2026-09-22T15:49:52,2026-09-22T15:49:52,2026-09-22T15:49:52
6414,樺漢,2024-07-01,331.5,-4.0,-1.19%,17.489999999999995,18.93,262.35,314.82,367.29,419.76,472.23,524.7,ShowDailyK_ChartFlow,FinMind_API_TaiwanStockPrice_6414,True,2026-09-22T15:49:52,2026-09-22T15:49:52,2026-09-22T15:49:52
6414,樺漢,2024-07-02,334.0,2.5,0.75%,17.489999999999995,19.07,262.35,314.82,367.29,419.76,472.23,524.7,ShowDailyK_ChartFlow,FinMind_API_TaiwanStockPrice_6414,True,2026-09-22T15:49:52,2026-09-22T15:49:52,2026-09-22T15:49:52
6414,樺漢,2024-07-03,327.5,-6.5,-1.95%,17.489999999999995,18.7,262.35,314.82,367.29,419.76,472.23,524.7,ShowDailyK_ChartFlow,FinMind_API_TaiwanStockPrice_6414,True,2026-09-22T15:49:52,2026-09-22T15:49:52,2026-09-22T15:49:52
6414,樺漢,2024-07-04,342.0,14.5,4.43%,17.489999999999995,19.53,262.35,314.82,367.29,419.76,472.23,524.7,ShowDailyK_ChartFlow,FinMind_API_TaiwanStockPrice_6414,True,2026-09-22T15:49:52,2026-09-22T15:49:52,2026-09-22T15:49:52
6414,樺漢,2024-07-05,342.0,0.0,0.00%,17.489999999999995,19.53,262.35,314.82,367.29,419.76,472.23,524.7,ShowDailyK_ChartFlow,FinMind_API_TaiwanStockPrice_6414,True,2026-09-22T15:49:52,2026-09-22T15:49:52,2026-09-22T15:49:52
6414,樺漢,2024-07-08,340.0,-2.0,-0.58%,17.489999999999995,19.42,262.35,314.82,367.29,419.76,472.23,524.7,ShowDailyK_ChartFlow,FinMind_API_TaiwanStockPrice_6414,True,2026-09-22T15:49:52,2026-09-22T15:49:52,2026-09-22T15:49:52
6414,樺漢,2024-07-09,349.0,9.0,2.65%,17.489999999999995,19.93,262.35,314.82,367.29,419.76,472.23,524.7,ShowDailyK_ChartFlow,FinMind_API_TaiwanStockPrice_6414,True,2026-09-22T15:49:52,2026-09-22T15:49:52,2026-09-22T15:49:52
6414,樺漢,2024-07-10,345.5,-3.5,-1.00%,17.489999999999995,19.73,262.35,314.82,367.29,419.76,472.23,524.7,ShowDailyK_ChartFlow,FinMind_API_TaiwanStockPrice_6414,True,2026-09-22T15:49:52,2026-09-22T15:49:52,2026-09-22T15:49:52
6414,樺漢,2024-07-11,341.5,-4.0,-1.16%,17.489999999999995,19.5,262.35,314.82,367.29,419.76,472.23,524.7,ShowDailyK_ChartFlow,FinMind_API_TaiwanStockPrice_6414,True,2026-09-22T15:49:52,2026-09-22T15:49:52,2026-09-22T15:49:52
6414,樺漢,2024-07-12,335.0,-6.5,-1.90%,17.489999999999995,19.13,262.35,314.82,367.29,419.76,472.23,524.7,ShowDailyK_ChartFlow,FinMind_API_TaiwanStockPrice_6414,True,2026-09-22T15:49:52,2026-09-22T15:49:52,2026-09-22T15:49:52
6414,樺漢,2024-07-15,337.0,2.0,0.60%,17.489999999999995,19.25,262.35,314.82,367.29,419.76,472.23,524.7,ShowDailyK_ChartFlow,FinMind_API_TaiwanStockPrice_6414,True,2026-09-22T15:49:52,2026-09-22T15:49:52,2026-09-22T15:49:52
6414,樺漢,2024-07-16,343.5,6.5,1.93%,17.489999999999995,19.62,262.35,314.82,367.29,419.76,472.23,524.7,ShowDailyK_ChartFlow,FinMind_API_TaiwanStockPrice_6414,True,2026-09-22T15:49:52,2026-09-22T15:49:52,2026-09-22T15:49:52
6414,樺漢,2024-07-17,338.5,-5.0,-1.46%,17.489999999999995,19.33,262.35,314.82,367.29,419.76,472.23,524.7,ShowDailyK_ChartFlow,FinMind_API_TaiwanStockPrice_6414,True,2026-09-22T15:49:52,2026-09-22T15:49:52,2026-09-22T15:49:52
6414,樺漢,2024-07-18,335.0,-3.5,-1.03%,17.489999999999995,19.13,262.35,314.82,367.29,419.76,472.23,524.7,ShowDailyK_ChartFlow,FinMind_API_TaiwanStockPrice_6414,True,2026-09-22T15:49:52,2026-09-22T15:49:52,2026-09-22T15:49:52
6414,樺漢,2024-07-19,324.5,-10.5,-3.13%,17.489999999999995,18.53,262.35,314.82,367.29,419.76,472.23,524.7,ShowDailyK_ChartFlow,FinMind_API_TaiwanStockPrice_6414,True,2026-09-22T15:49:52,2026-09-22T15:49:52,2026-09-22T15:49:52
6414,樺漢,2024-07-22,315.0,-9.5,-2.93%,17.489999999999995,17.99,262.35,314.82,367.29,419.76,472.23,524.7,ShowDailyK_ChartFlow,FinMind_API_TaiwanStockPrice_6414,True,2026-09-22T15:49:52,2026-09-22T15:49:52,2026-09-22T15:49:52
6414,樺漢,2024-07-23,317.0,2.0,0.63%,17.489999999999995,18.1,262.35,314.82,367.29,419.76,472.23,524.7,ShowDailyK_ChartFlow,FinMind_API_TaiwanStockPrice_6414,True,2026-09-22T15:49:52,2026-09-22T15:49:52,2026-09-22T15:49:52
6414,樺漢,2024-07-26,320.0,3.0,0.95%,17.489999999999995,18.28,262.35,314.82,367.29,419.76,472.23,524.7,ShowDailyK_ChartFlow,FinMind_API_TaiwanStockPrice_6414,True,2026-09-22T15:49:52,2026-09-22T15:49:52,2026-09-22T15:49:52
6414,樺漢,2024-07-29,302.0,-18.0,-5.62%,17.489999999999995,17.25,262.35,314.82,367.29,419.76,472.23,524.7,ShowDailyK_ChartFlow,FinMind_API_TaiwanStockPrice_6414,True,2026-09-22T15:49:52,2026-09-22T15:49:52,2026-09-22T15:49:52
6414,樺漢,2024-07-30,306.5,4.5,1.49%,17.489999999999995,17.5,262.35,314.82,367.29,419.76,472.23,524.7,ShowDailyK_ChartFlow,FinMind_API_TaiwanStockPrice_6414,True,2026-09-22T15:49:52,2026-09-22T15:49:52,2026-09-22T15:49:52
6414,樺漢,2024-07-31,303.0,-3.5,-1.14%,17.489999999999995,17.3,262.35,314.82,367.29,419.76,472.23,524.7,ShowDailyK_ChartFlow,FinMind_API_TaiwanStockPrice_6414,True,2026-09-22T15:49:52,2026-09-22T15:49:52,2026-09-22T15:49:52
6414,樺漢,2024-08-01,314.5,11.5,3.80%,17.489999999999995,17.96,262.35,314.82,367.29,419.76,472.23,524.7,ShowDailyK_ChartFlow,FinMind_API_TaiwanStockPrice_6414,True,2026-09-22T15:49:52,2026-09-22T15:49:52,2026-09-22T15:49:52
6414,樺漢,2024-08-02,299.5,-15.0,-4.77%,17.489999999999995,17.1,262.35,314.82,367.29,419.76,472.23,524.7,ShowDailyK_ChartFlow,FinMind_API_TaiwanStockPrice_6414,True,2026-09-22T15:49:52,2026-09-22T15:49:52,2026-09-22T15:49:52
6414,樺漢,2024-08-05,270.0,-29.5,-9.85%,17.489999999999995,15.42,262.35,314.82,367.29,419.76,472.23,524.7,ShowDailyK_ChartFlow,FinMind_API_TaiwanStockPrice_6414,True,2026-09-22T15:49:52,2026-09-22T15:49:52,2026-09-22T15:49:52
6414,樺漢,2024-08-06,273.5,3.5,1.30%,17.489999999999995,15.62,262.35,314.82,367.29,419.76,472.23,524.7,ShowDailyK_ChartFlow,FinMind_API_TaiwanStockPrice_6414,True,2026-09-22T15:49:52,2026-09-22T15:49:52,2026-09-22T15:49:52
6414,樺漢,2024-08-07,290.0,16.5,6.03%,17.489999999999995,16.56,262.35,314.82,367.29,419.76,472.23,524.7,ShowDailyK_ChartFlow,FinMind_API_TaiwanStockPrice_6414,True,2026-09-22T15:49:52,2026-09-22T15:49:52,2026-09-22T15:49:52
6414,樺漢,2024-08-08,283.5,-6.5,-2.24%,17.489999999999995,16.19,262.35,314.82,367.29,419.76,472.23,524.7,ShowDailyK_ChartFlow,FinMind_API_TaiwanStockPrice_6414,True,2026-09-22T15:49:52,2026-09-22T15:49:52,2026-09-22T15:49:52
6414,樺漢,2024-08-09,286.0,2.5,0.88%,17.489999999999995,16.33,262.35,314.82,367.29,419.76,472.23,524.7,ShowDailyK_ChartFlow,FinMind_API_TaiwanStockPrice_6414,True,2026-09-22T15:49:52,2026-09-22T15:49:52,2026-09-22T15:49:52
6414,樺漢,2024-08-12,293.0,7.0,2.45%,17.489999999999995,16.73,262.35,314.82,367.29,419.76,472.23,524.7,ShowDailyK_ChartFlow,FinMind_API_TaiwanStockPrice_6414,True,2026-09-22T15:49:52,2026-09-22T15:49:52,2026-09-22T15:49:52
6414,樺漢,2024-08-13,299.5,6.5,2.22%,17.489999999999995,17.1,262.35,314.82,367.29,419.76,472.23,524.7,ShowDailyK_ChartFlow,FinMind_API_TaiwanStockPrice_6414,True,2026-09-22T15:49:52,2026-09-22T15:49:52,2026-09-22T15:49:52
6414,樺漢,2024-08-14,286.5,-13.0,-4.34%,17.489999999999995,16.88,262.35,314.82,367.29,419.76,472.23,524.7,ShowDailyK_ChartFlow,FinMind_API_TaiwanStockPrice_6414,True,2026-09-22T15:49:52,2026-09-22T15:49:52,2026-09-22T15:49:52
6414,樺漢,2024-08-15,286.5,0.0,0.00%,17.489999999999995,16.88,262.35,314.82,367.29,419.76,472.23,524.7,ShowDailyK_ChartFlow,FinMind_API_TaiwanStockPrice_6414,True,2026-09-22T15:49:52,2026-09-22T15:49:52,2026-09-22T15:49:52
6414,樺漢,2024-08-16,288.0,1.5,0.52%,17.489999999999995,16.97,262.35,314.82,367.29,419.76,472.23,524.7,ShowDailyK_ChartFlow,FinMind_API_TaiwanStockPrice_6414,True,2026-09-22T15:49:52,2026-09-22T15:49:52,2026-09-22T15:49:52
6414,樺漢,2024-08-19,290.0,2.0,0.69%,17.489999999999995,17.09,262.35,314.82,367.29,419.76,472.23,524.7,ShowDailyK_ChartFlow,FinMind_API_TaiwanStockPrice_6414,True,2026-09-22T15:49:52,2026-09-22T15:49:52,2026-09-22T15:49:52
6414,樺漢,2024-08-20,293.0,3.0,1.03%,17.489999999999995,17.27,262.35,314.82,367.29,419.76,472.23,524.7,ShowDailyK_ChartFlow,FinMind_API_TaiwanStockPrice_6414,True,2026-09-22T15:49:52,2026-09-22T15:49:52,2026-09-22T15:49:52
6414,樺漢,2024-08-21,292.0,-1.0,-0.34%,17.489999999999995,17.21,262.35,314.82,367.29,419.76,472.23,524.7,ShowDailyK_ChartFlow,FinMind_API_TaiwanStockPrice_6414,True,2026-09-22T15:49:52,2026-09-22T15:49:52,2026-09-22T15:49:52
6414,樺漢,2024-08-22,292.0,0.0,0.00%,17.489999999999995,17.21,262.35,314.82,367.29,419.76,472.23,524.7,ShowDailyK_ChartFlow,FinMind_API_TaiwanStockPrice_6414,True,2026-09-22T15:49:52,2026-09-22T15:49:52,2026-09-22T15:49:52
6414,樺漢,2024-08-23,292.0,0.0,0.00%,17.489999999999995,17.21,262.35,314.82,367.29,419.76,472.23,524.7,ShowDailyK_ChartFlow,FinMind_API_TaiwanStockPrice_6414,True,2026-09-22T15:49:52,2026-09-22T15:49:52,2026-09-22T15:49:52
6414,樺漢,2024-08-26,298.0,6.0,2.05%,17.489999999999995,17.56,262.35,314.82,367.29,419.76,472.23,524.7,ShowDailyK_ChartFlow,FinMind_API_TaiwanStockPrice_6414,True,2026-09-22T15:49:52,2026-09-22T15:49:52,2026-09-22T15:49:52
6414,樺漢,2024-08-27,291.5,-6.5,-2.18%,17.489999999999995,17.18,262.35,314.82,367.29,419.76,472.23,524.7,ShowDailyK_ChartFlow,FinMind_API_TaiwanStockPrice_6414,True,2026-09-22T15:49:52,2026-09-22T15:49:52,2026-09-22T15:49:52
6414,樺漢,2024-08-28,289.5,-2.0,-0.69%,17.489999999999995,17.06,262.35,314.82,367.29,419.76,472.23,524.7,ShowDailyK_ChartFlow,FinMind_API_TaiwanStockPrice_6414,True,2026-09-22T15:49:52,2026-09-22T15:49:52,2026-09-22T15:49:52
6414,樺漢,2024-08-29,293.5,4.0,1.38%,17.489999999999995,17.3,262.35,314.82,367.29,419.76,472.23,524.7,ShowDailyK_ChartFlow,FinMind_API_TaiwanStockPrice_6414,True,2026-09-22T15:49:52,2026-09-22T15:49:52,2026-09-22T15:49:52
6414,樺漢,2024-08-30,297.0,3.5,1.19%,17.489999999999995,17.5,262.35,314.82,367.29,419.76,472.23,524.7,ShowDailyK_ChartFlow,FinMind_API_TaiwanStockPrice_6414,True,2026-09-22T15:49:52,2026-09-22T15:49:52,2026-09-22T15:49:52
6414,樺漢,2024-09-02,294.5,-2.5,-0.84%,17.489999999999995,17.35,262.35,314.82,367.29,419.76,472.23,524.7,ShowDailyK_ChartFlow,FinMind_API_TaiwanStockPrice_6414,True,2026-09-22T15:49:52,2026-09-22T15:49:52,2026-09-22T15:49:52
6414,樺漢,2024-09-03,292.0,-2.5,-0.85%,17.489999999999995,17.21,262.35,314.82,367.29,419.76,472.23,524.7,ShowDailyK_ChartFlow,FinMind_API_TaiwanStockPrice_6414,True,2026-09-22T15:49:52,2026-09-22T15:49:52,2026-09-22T15:49:52
6414,樺漢,2024-09-04,280.0,-12.0,-4.11%,17.489999999999995,16.5,262.35,314.82,367.29,419.76,472.23,524.7,ShowDailyK_ChartFlow,FinMind_API_TaiwanStockPrice_6414,True,2026-09-22T15:49:52,2026-09-22T15:49:52,2026-09-22T15:49:52
6414,樺漢,2024-09-05,278.5,-1.5,-0.54%,17.489999999999995,16.41,262.35,314.82,367.29,419.76,472.23,524.7,ShowDailyK_ChartFlow,FinMind_API_TaiwanStockPrice_6414,True,2026-09-22T15:49:52,2026-09-22T15:49:52,2026-09-22T15:49:52
6414,樺漢,2024-09-06,280.0,1.5,0.54%,17.489999999999995,16.5,262.35,314.82,367.29,419.76,472.23,524.7,ShowDailyK_ChartFlow,FinMind_API_TaiwanStockPrice_6414,True,2026-09-22T15:49:52,2026-09-22T15:49:52,2026-09-22T15:49:52
6414,樺漢,2024-09-09,285.5,5.5,1.96%,17.489999999999995,16.82,262.35,314.82,367.29,419.76,472.23,524.7,ShowDailyK_ChartFlow,FinMind_API_TaiwanStockPrice_6414,True,2026-09-22T15:49:52,2026-09-22T15:49:52,2026-09-22T15:49:52
6414,樺漢,2024-09-10,280.5,-5.0,-1.75%,17.489999999999995,16.53,262.35,314.82,367.29,419.76,472.23,524.7,ShowDailyK_ChartFlow,FinMind_API_TaiwanStockPrice_6414,True,2026-09-22T15:49:52,2026-09-22T15:49:52,2026-09-22T15:49:52
6414,樺漢,2024-09-11,279.5,-1.0,-0.36%,17.489999999999995,16.47,262.35,314.82,367.29,419.76,472.23,524.7,ShowDailyK_ChartFlow,FinMind_API_TaiwanStockPrice_6414,True,2026-09-22T15:49:52,2026-09-22T15:49:52,2026-09-22T15:49:52
6414,樺漢,2024-09-12,288.0,8.5,3.04%,17.489999999999995,16.97,262.35,314.82,367.29,419.76,472.23,524.7,ShowDailyK_ChartFlow,FinMind_API_TaiwanStockPrice_6414,True,2026-09-22T15:49:52,2026-09-22T15:49:52,2026-09-22T15:49:52
6414,樺漢,2024-09-13,287.5,-0.5,-0.17%,17.489999999999995,16.94,262.35,314.82,367.29,419.76,472.23,524.7,ShowDailyK_ChartFlow,FinMind_API_TaiwanStockPrice_6414,True,2026-09-22T15:49:52,2026-09-22T15:49:52,2026-09-22T15:49:52
6414,樺漢,2024-09-16,290.0,2.5,0.87%,17.489999999999995,17.09,262.35,314.82,367.29,419.76,472.23,524.7,ShowDailyK_ChartFlow,FinMind_API_TaiwanStockPrice_6414,True,2026-09-22T15:49:52,2026-09-22T15:49:52,2026-09-22T15:49:52
6414,樺漢,2024-09-18,283.0,-7.0,-2.41%,17.489999999999995,16.68,262.35,314.82,367.29,419.76,472.23,524.7,ShowDailyK_ChartFlow,FinMind_API_TaiwanStockPrice_6414,True,2026-09-22T15:49:52,2026-09-22T15:49:52,2026-09-22T15:49:52
6414,樺漢,2024-09-19,286.5,3.5,1.24%,17.489999999999995,16.88,262.35,314.82,367.29,419.76,472.23,524.7,ShowDailyK_ChartFlow,FinMind_API_TaiwanStockPrice_6414,True,2026-09-22T15:49:52,2026-09-22T15:49:52,2026-09-22T15:49:52
6414,樺漢,2024-09-20,287.5,1.0,0.35%,17.489999999999995,16.94,262.35,314.82,367.29,419.76,472.23,524.7,ShowDailyK_ChartFlow,FinMind_API_TaiwanStockPrice_6414,True,2026-09-22T15:49:52,2026-09-22T15:49:52,2026-09-22T15:49:52
6414,樺漢,2024-09-23,287.0,-0.5,-0.17%,17.489999999999995,16.91,262.35,314.82,367.29,419.76,472.23,524.7,ShowDailyK_ChartFlow,FinMind_API_TaiwanStockPrice_6414,True,2026-09-22T15:49:52,2026-09-22T15:49:52,2026-09-22T15:49:52
6414,樺漢,2024-09-24,287.0,0.0,0.00%,17.489999999999995,16.91,262.35,314.82,367.29,419.76,472.23,524.7,ShowDailyK_ChartFlow,FinMind_API_TaiwanStockPrice_6414,True,2026-09-22T15:49:52,2026-09-22T15:49:52,2026-09-22T15:49:52
6414,樺漢,2024-09-25,291.0,4.0,1.39%,17.489999999999995,17.15,262.35,314.82,367.29,419.76,472.23,524.7,ShowDailyK_ChartFlow,FinMind_API_TaiwanStockPrice_6414,True,2026-09-22T15:49:52,2026-09-22T15:49:52,2026-09-22T15:49:52
6414,樺漢,2024-09-26,291.0,0.0,0.00%,17.489999999999995,17.15,262.35,314.82,367.29,419.76,472.23,524.7,ShowDailyK_ChartFlow,FinMind_API_TaiwanStockPrice_6414,True,2026-09-22T15:49:52,2026-09-22T15:49:52,2026-09-22T15:49:52
6414,樺漢,2024-09-27,291.0,0.0,0.00%,17.489999999999995,17.15,262.35,314.82,367.29,419.76,472.23,524.7,ShowDailyK_ChartFlow,FinMind_API_TaiwanStockPrice_6414,True,2026-09-22T15:49:52,2026-09-22T15:49:52,2026-09-22T15:49:52
6414,樺漢,2024-09-30,289.0,-2.0,-0.69%,16.499999999999996,17.03,247.5,297.0,346.5,396.0,445.5,495.0,ShowDailyK_ChartFlow,FinMind_API_TaiwanStockPrice_6414,True,2026-09-22T15:49:52,2026-09-22T15:49:52,2026-09-22T15:49:52
6414,樺漢,2024-10-01,287.5,-1.5,-0.52%,16.499999999999996,16.94,247.5,297.0,346.5,396.0,445.5,495.0,ShowDailyK_ChartFlow,FinMind_API_TaiwanStockPrice_6414,True,2026-09-22T15:49:52,2026-09-22T15:49:52,2026-09-22T15:49:52
6414,樺漢,2024-10-04,290.5,3.0,1.04%,16.499999999999996,17.12,247.5,297.0,346.5,396.0,445.5,495.0,ShowDailyK_ChartFlow,FinMind_API_TaiwanStockPrice_6414,True,2026-09-22T15:49:52,2026-09-22T15:49:52,2026-09-22T15:49:52
6414,樺漢,2024-10-07,295.0,4.5,1.55%,16.499999999999996,17.38,247.5,297.0,346.5,396.0,445.5,495.0,ShowDailyK_ChartFlow,FinMind_API_TaiwanStockPrice_6414,True,2026-09-22T15:49:52,2026-09-22T15:49:52,2026-09-22T15:49:52
6414,樺漢,2024-10-08,295.5,0.5,0.17%,16.499999999999996,17.41,247.5,297.0,346.5,396.0,445.5,495.0,ShowDailyK_ChartFlow,FinMind_API_TaiwanStockPrice_6414,True,2026-09-22T15:49:52,2026-09-22T15:49:52,2026-09-22T15:49:52
6414,樺漢,2024-10-09,291.0,-4.5,-1.52%,16.499999999999996,17.15,247.5,297.0,346.5,396.0,445.5,495.0,ShowDailyK_ChartFlow,FinMind_API_TaiwanStockPrice_6414,True,2026-09-22T15:49:52,2026-09-22T15:49:52,2026-09-22T15:49:52
6414,樺漢,2024-10-11,292.0,1.0,0.34%,16.499999999999996,17.21,247.5,297.0,346.5,396.0,445.5,495.0,ShowDailyK_ChartFlow,FinMind_API_TaiwanStockPrice_6414,True,2026-09-22T15:49:52,2026-09-22T15:49:52,2026-09-22T15:49:52
6414,樺漢,2024-10-14,292.0,0.0,0.00%,16.499999999999996,17.21,247.5,297.0,346.5,396.0,445.5,495.0,ShowDailyK_ChartFlow,FinMind_API_TaiwanStockPrice_6414,True,2026-09-22T15:49:52,2026-09-22T15:49:52,2026-09-22T15:49:52
6414,樺漢,2024-10-15,299.0,7.0,2.40%,16.499999999999996,17.62,247.5,297.0,346.5,396.0,445.5,495.0,ShowDailyK_ChartFlow,FinMind_API_TaiwanStockPrice_6414,True,2026-09-22T15:49:52,2026-09-22T15:49:52,2026-09-22T15:49:52
6414,樺漢,2024-10-16,304.5,5.5,1.84%,16.499999999999996,17.94,247.5,297.0,346.5,396.0,445.5,495.0,ShowDailyK_ChartFlow,FinMind_API_TaiwanStockPrice_6414,True,2026-09-22T15:49:52,2026-09-22T15:49:52,2026-09-22T15:49:52
6414,樺漢,2024-10-17,299.5,-5.0,-1.64%,16.499999999999996,17.65,247.5,297.0,346.5,396.0,445.5,495.0,ShowDailyK_ChartFlow,FinMind_API_TaiwanStockPrice_6414,True,2026-09-22T15:49:52,2026-09-22T15:49:52,2026-09-22T15:49:52
6414,樺漢,2024-10-18,300.0,0.5,0.17%,16.499999999999996,17.68,247.5,297.0,346.5,396.0,445.5,495.0,ShowDailyK_ChartFlow,FinMind_API_TaiwanStockPrice_6414,True,2026-09-22T15:49:52,2026-09-22T15:49:52,2026-09-22T15:49:52
6414,樺漢,2024-10-21,300.5,0.5,0.17%,16.499999999999996,17.71,247.5,297.0,346.5,396.0,445.5,495.0,ShowDailyK_ChartFlow,FinMind_API_TaiwanStockPrice_6414,True,2026-09-22T15:49:52,2026-09-22T15:49:52,2026-09-22T15:49:52
6414,樺漢,2024-10-22,306.5,6.0,2.00%,16.499999999999996,18.06,247.5,297.0,346.5,396.0,445.5,495.0,ShowDailyK_ChartFlow,FinMind_API_TaiwanStockPrice_6414,True,2026-09-22T15:49:52,2026-09-22T15:49:52,2026-09-22T15:49:52
6414,樺漢,2024-10-23,308.0,1.5,0.49%,16.499999999999996,18.15,247.5,297.0,346.5,396.0,445.5,495.0,ShowDailyK_ChartFlow,FinMind_API_TaiwanStockPrice_6414,True,2026-09-22T15:49:52,2026-09-22T15:49:52,2026-09-22T15:49:52
6414,樺漢,2024-10-24,306.0,-2.0,-0.65%,16.499999999999996,18.03,247.5,297.0,346.5,396.0,445.5,495.0,ShowDailyK_ChartFlow,FinMind_API_TaiwanStockPrice_6414,True,2026-09-22T15:49:52,2026-09-22T15:49:52,2026-09-22T15:49:52
6414,樺漢,2024-10-25,304.5,-1.5,-0.49%,16.499999999999996,17.94,247.5,297.0,346.5,396.0,445.5,495.0,ShowDailyK_ChartFlow,FinMind_API_TaiwanStockPrice_6414,True,2026-09-22T15:49:52,2026-09-22T15:49:52,2026-09-22T15:49:52
6414,樺漢,2024-10-28,302.0,-2.5,-0.82%,16.499999999999996,17.8,247.5,297.0,346.5,396.0,445.5,495.0,ShowDailyK_ChartFlow,FinMind_API_TaiwanStockPrice_6414,True,2026-09-22T15:49:52,2026-09-22T15:49:52,2026-09-22T15:49:52
6414,樺漢,2024-10-29,294.0,-8.0,-2.65%,16.499999999999996,17.32,247.5,297.0,346.5,396.0,445.5,495.0,ShowDailyK_ChartFlow,FinMind_API_TaiwanStockPrice_6414,True,2026-09-22T15:49:52,2026-09-22T15:49:52,2026-09-22T15:49:52
6414,樺漢,2024-10-30,293.0,-1.0,-0.34%,16.499999999999996,17.27,247.5,297.0,346.5,396.0,445.5,495.0,ShowDailyK_ChartFlow,FinMind_API_TaiwanStockPrice_6414,True,2026-09-22T15:49:52,2026-09-22T15:49:52,2026-09-22T15:49:52
6414,樺漢,2024-11-01,300.0,7.0,2.39%,16.499999999999996,17.68,247.5,297.0,346.5,396.0,445.5,495.0,ShowDailyK_ChartFlow,FinMind_API_TaiwanStockPrice_6414,True,2026-09-22T15:49:52,2026-09-22T15:49:52,2026-09-22T15:49:52
6414,樺漢,2024-11-04,300.5,0.5,0.17%,16.499999999999996,17.71,247.5,297.0,346.5,396.0,445.5,495.0,ShowDailyK_ChartFlow,FinMind_API_TaiwanStockPrice_6414,True,2026-09-22T15:49:52,2026-09-22T15:49:52,2026-09-22T15:49:52
6414,樺漢,2024-11-05,308.0,7.5,2.50%,16.499999999999996,18.15,247.5,297.0,346.5,396.0,445.5,495.0,ShowDailyK_ChartFlow,FinMind_API_TaiwanStockPrice_6414,True,2026-09-22T15:49:52,2026-09-22T15:49:52,2026-09-22T15:49:52
6414,樺漢,2024-11-06,311.0,3.0,0.97%,16.499999999999996,18.33,247.5,297.0,346.5,396.0,445.5,495.0,ShowDailyK_ChartFlow,FinMind_API_TaiwanStockPrice_6414,True,2026-09-22T15:49:52,2026-09-22T15:49:52,2026-09-22T15:49:52
6414,樺漢,2024-11-07,311.5,0.5,0.16%,16.499999999999996,18.36,247.5,297.0,346.5,396.0,445.5,495.0,ShowDailyK_ChartFlow,FinMind_API_TaiwanStockPrice_6414,True,2026-09-22T15:49:52,2026-09-22T15:49:52,2026-09-22T15:49:52
6414,樺漢,2024-11-08,308.5,-3.0,-0.96%,16.499999999999996,18.18,247.5,297.0,346.5,396.0,445.5,495.0,ShowDailyK_ChartFlow,FinMind_API_TaiwanStockPrice_6414,True,2026-09-22T15:49:52,2026-09-22T15:49:52,2026-09-22T15:49:52
6414,樺漢,2024-11-11,318.0,9.5,3.08%,16.499999999999996,18.74,247.5,297.0,346.5,396.0,445.5,495.0,ShowDailyK_ChartFlow,FinMind_API_TaiwanStockPrice_6414,True,2026-09-22T15:49:52,2026-09-22T15:49:52,2026-09-22T15:49:52
6414,樺漢,2024-11-12,312.5,-5.5,-1.73%,16.499999999999996,18.41,247.5,297.0,346.5,396.0,445.5,495.0,ShowDailyK_ChartFlow,FinMind_API_TaiwanStockPrice_6414,True,2026-09-22T15:49:52,2026-09-22T15:49:52,2026-09-22T15:49:52
6414,樺漢,2024-11-13,312.5,0.0,0.00%,16.499999999999996,18.41,247.5,297.0,346.5,396.0,445.5,495.0,ShowDailyK_ChartFlow,FinMind_API_TaiwanStockPrice_6414,True,2026-09-22T15:49:52,2026-09-22T15:49:52,2026-09-22T15:49:52
6414,樺漢,2024-11-14,306.0,-6.5,-2.08%,16.499999999999996,18.65,247.5,297.0,346.5,396.0,445.5,495.0,ShowDailyK_ChartFlow,FinMind_API_TaiwanStockPrice_6414,True,2026-09-22T15:49:52,2026-09-22T15:49:52,2026-09-22T15:49:52
6414,樺漢,2024-11-15,310.5,4.5,1.47%,16.499999999999996,18.92,247.5,297.0,346.5,396.0,445.5,495.0,ShowDailyK_ChartFlow,FinMind_API_TaiwanStockPrice_6414,True,2026-09-22T15:49:52,2026-09-22T15:49:52,2026-09-22T15:49:52
6414,樺漢,2024-11-18,309.0,-1.5,-0.48%,16.499999999999996,18.83,247.5,297.0,346.5,396.0,445.5,495.0,ShowDailyK_ChartFlow,FinMind_API_TaiwanStockPrice_6414,True,2026-09-22T15:49:52,2026-09-22T15:49:52,2026-09-22T15:49:52
6414,樺漢,2024-11-19,310.5,1.5,0.49%,16.499999999999996,18.92,247.5,297.0,346.5,396.0,445.5,495.0,ShowDailyK_ChartFlow,FinMind_API_TaiwanStockPrice_6414,True,2026-09-22T15:49:52,2026-09-22T15:49:52,2026-09-22T15:49:52
6414,樺漢,2024-11-20,311.5,1.0,0.32%,16.499999999999996,18.98,247.5,297.0,346.5,396.0,445.5,495.0,ShowDailyK_ChartFlow,FinMind_API_TaiwanStockPrice_6414,True,2026-09-22T15:49:52,2026-09-22T15:49:52,2026-09-22T15:49:52
6414,樺漢,2024-11-21,308.5,-3.0,-0.96%,16.499999999999996,18.8,247.5,297.0,346.5,396.0,445.5,495.0,ShowDailyK_ChartFlow,FinMind_API_TaiwanStockPrice_6414,True,2026-09-22T15:49:52,2026-09-22T15:49:52,2026-09-22T15:49:52
6414,樺漢,2024-11-22,312.0,3.5,1.13%,16.499999999999996,19.01,247.5,297.0,346.5,396.0,445.5,495.0,ShowDailyK_ChartFlow,FinMind_API_TaiwanStockPrice_6414,True,2026-09-22T15:49:52,2026-09-22T15:49:52,2026-09-22T15:49:52
6414,樺漢,2024-11-25,316.0,4.0,1.28%,16.499999999999996,19.26,247.5,297.0,346.5,396.0,445.5,495.0,ShowDailyK_ChartFlow,FinMind_API_TaiwanStockPrice_6414,True,2026-09-22T15:49:52,2026-09-22T15:49:52,2026-09-22T15:49:52
6414,樺漢,2024-11-26,314.0,-2.0,-0.63%,16.499999999999996,19.13,247.5,297.0,346.5,396.0,445.5,495.0,ShowDailyK_ChartFlow,FinMind_API_TaiwanStockPrice_6414,True,2026-09-22T15:49:52,2026-09-22T15:49:52,2026-09-22T15:49:52
6414,樺漢,2024-11-27,302.5,-11.5,-3.66%,16.499999999999996,18.43,247.5,297.0,346.5,396.0,445.5,495.0,ShowDailyK_ChartFlow,FinMind_API_TaiwanStockPrice_6414,True,2026-09-22T15:49:52,2026-09-22T15:49:52,2026-09-22T15:49:52
6414,樺漢,2024-11-28,298.0,-4.5,-1.49%,16.499999999999996,18.16,247.5,297.0,346.5,396.0,445.5,495.0,ShowDailyK_ChartFlow,FinMind_API_TaiwanStockPrice_6414,True,2026-09-22T15:49:52,2026-09-22T15:49:52,2026-09-22T15:49:52
6414,樺漢,2024-11-29,301.0,3.0,1.01%,16.499999999999996,18.34,247.5,297.0,346.5,396.0,445.5,495.0,ShowDailyK_ChartFlow,FinMind_API_TaiwanStockPrice_6414,True,2026-09-22T15:49:52,2026-09-22T15:49:52,2026-09-22T15:49:52
6414,樺漢,2024-12-02,306.5,5.5,1.83%,16.499999999999996,18.68,247.5,297.0,346.5,396.0,445.5,495.0,ShowDailyK_ChartFlow,FinMind_API_TaiwanStockPrice_6414,True,2026-09-22T15:49:52,2026-09-22T15:49:52,2026-09-22T15:49:52
6414,樺漢,2024-12-03,301.5,-5.0,-1.63%,16.499999999999996,18.37,247.5,297.0,346.5,396.0,445.5,495.0,ShowDailyK_ChartFlow,FinMind_API_TaiwanStockPrice_6414,True,2026-09-22T15:49:52,2026-09-22T15:49:52,2026-09-22T15:49:52
6414,樺漢,2024-12-04,301.0,-0.5,-0.17%,16.499999999999996,18.34,247.5,297.0,346.5,396.0,445.5,495.0,ShowDailyK_ChartFlow,FinMind_API_TaiwanStockPrice_6414,True,2026-09-22T15:49:52,2026-09-22T15:49:52,2026-09-22T15:49:52
6414,樺漢,2024-12-05,301.5,0.5,0.17%,16.499999999999996,18.37,247.5,297.0,346.5,396.0,445.5,495.0,ShowDailyK_ChartFlow,FinMind_API_TaiwanStockPrice_6414,True,2026-09-22T15:49:52,2026-09-22T15:49:52,2026-09-22T15:49:52
6414,樺漢,2024-12-06,308.5,7.0,2.32%,16.499999999999996,18.8,247.5,297.0,346.5,396.0,445.5,495.0,ShowDailyK_ChartFlow,FinMind_API_TaiwanStockPrice_6414,True,2026-09-22T15:49:52,2026-09-22T15:49:52,2026-09-22T15:49:52
6414,樺漢,2024-12-09,305.0,-3.5,-1.13%,16.499999999999996,18.59,247.5,297.0,346.5,396.0,445.5,495.0,ShowDailyK_ChartFlow,FinMind_API_TaiwanStockPrice_6414,True,2026-09-22T15:49:52,2026-09-22T15:49:52,2026-09-22T15:49:52
6414,樺漢,2024-12-10,305.0,0.0,0.00%,16.499999999999996,18.59,247.5,297.0,346.5,396.0,445.5,495.0,ShowDailyK_ChartFlow,FinMind_API_TaiwanStockPrice_6414,True,2026-09-22T15:49:52,2026-09-22T15:49:52,2026-09-22T15:49:52
6414,樺漢,2024-12-11,301.5,-3.5,-1.15%,16.499999999999996,18.37,247.5,297.0,346.5,396.0,445.5,495.0,ShowDailyK_ChartFlow,FinMind_API_TaiwanStockPrice_6414,True,2026-09-22T15:49:52,2026-09-22T15:49:52,2026-09-22T15:49:52
6414,樺漢,2024-12-12,303.0,1.5,0.50%,16.499999999999996,18.46,247.5,297.0,346.5,396.0,445.5,495.0,ShowDailyK_ChartFlow,FinMind_API_TaiwanStockPrice_6414,True,2026-09-22T15:49:52,2026-09-22T15:49:52,2026-09-22T15:49:52
6414,樺漢,2024-12-13,299.5,-3.5,-1.16%,16.499999999999996,18.25,247.5,297.0,346.5,396.0,445.5,495.0,ShowDailyK_ChartFlow,FinMind_API_TaiwanStockPrice_6414,True,2026-09-22T15:49:52,2026-09-22T15:49:52,2026-09-22T15:49:52
6414,樺漢,2024-12-16,282.0,-17.5,-5.84%,16.499999999999996,17.18,247.5,297.0,346.5,396.0,445.5,495.0,ShowDailyK_ChartFlow,FinMind_API_TaiwanStockPrice_6414,True,2026-09-22T15:49:52,2026-09-22T15:49:52,2026-09-22T15:49:52
6414,樺漢,2024-12-17,290.0,8.0,2.84%,16.499999999999996,17.67,247.5,297.0,346.5,396.0,445.5,495.0,ShowDailyK_ChartFlow,FinMind_API_TaiwanStockPrice_6414,True,2026-09-22T15:49:52,2026-09-22T15:49:52,2026-09-22T15:49:52
6414,樺漢,2024-12-18,293.0,3.0,1.03%,16.499999999999996,17.85,247.5,297.0,346.5,396.0,445.5,495.0,ShowDailyK_ChartFlow,FinMind_API_TaiwanStockPrice_6414,True,2026-09-22T15:49:52,2026-09-22T15:49:52,2026-09-22T15:49:52
6414,樺漢,2024-12-19,297.0,4.0,1.37%,16.499999999999996,18.1,247.5,297.0,346.5,396.0,445.5,495.0,ShowDailyK_ChartFlow,FinMind_API_TaiwanStockPrice_6414,True,2026-09-22T15:49:52,2026-09-22T15:49:52,2026-09-22T15:49:52
6414,樺漢,2024-12-20,291.0,-6.0,-2.02%,16.499999999999996,17.73,247.5,297.0,346.5,396.0,445.5,495.0,ShowDailyK_ChartFlow,FinMind_API_TaiwanStockPrice_6414,True,2026-09-22T15:49:52,2026-09-22T15:49:52,2026-09-22T15:49:52
6414,樺漢,2024-12-23,293.5,2.5,0.86%,16.499999999999996,17.89,247.5,297.0,346.5,396.0,445.5,495.0,ShowDailyK_ChartFlow,FinMind_API_TaiwanStockPrice_6414,True,2026-09-22T15:49:52,2026-09-22T15:49:52,2026-09-22T15:49:52
6414,樺漢,2024-12-24,296.5,3.0,1.02%,16.499999999999996,18.07,247.5,297.0,346.5,396.0,445.5,495.0,ShowDailyK_ChartFlow,FinMind_API_TaiwanStockPrice_6414,True,2026-09-22T15:49:52,2026-09-22T15:49:52,2026-09-22T15:49:52
6414,樺漢,2024-12-25,297.0,0.5,0.17%,16.499999999999996,18.1,247.5,297.0,346.5,396.0,445.5,495.0,ShowDailyK_ChartFlow,FinMind_API_TaiwanStockPrice_6414,True,2026-09-22T15:49:52,2026-09-22T15:49:52,2026-09-22T15:49:52
6414,樺漢,2024-12-26,299.0,2.0,0.67%,16.499999999999996,18.22,247.5,297.0,346.5,396.0,445.5,495.0,ShowDailyK_ChartFlow,FinMind_API_TaiwanStockPrice_6414,True,2026-09-22T15:49:52,2026-09-22T15:49:52,2026-09-22T15:49:52
6414,樺漢,2024-12-27,296.0,-3.0,-1.00%,16.499999999999996,18.04,247.5,297.0,346.5,396.0,445.5,495.0,ShowDailyK_ChartFlow,FinMind_API_TaiwanStockPrice_6414,True,2026-09-22T15:49:52,2026-09-22T15:49:52,2026-09-22T15:49:52
6414,樺漢,2024-12-30,292.5,-3.5,-1.18%,16.499999999999996,17.82,247.5,297.0,346.5,396.0,445.5,495.0,ShowDailyK_ChartFlow,FinMind_API_TaiwanStockPrice_6414,True,2026-09-22T15:49:52,2026-09-22T15:49:52,2026-09-22T15:49:52
6414,樺漢,2024-12-31,291.5,-1.0,-0.34%,20.039999999999996,17.76,300.6,360.72,420.84,480.96,541.08,601.2,ShowDailyK_ChartFlow,FinMind_API_TaiwanStockPrice_6414,True,2026-09-22T15:49:52,2026-09-22T15:49:52,2026-09-22T15:49:52
6414,樺漢,2025-01-02,292.0,0.5,0.17%,20.039999999999996,17.79,300.6,360.72,420.84,480.96,541.08,601.2,ShowDailyK_ChartFlow,FinMind_API_TaiwanStockPrice_6414,True,2026-09-22T15:49:52,2026-09-22T15:49:52,2026-09-22T15:49:52
6414,樺漢,2025-01-03,290.0,-2.0,-0.68%,20.039999999999996,17.67,300.6,360.72,420.84,480.96,541.08,601.2,ShowDailyK_ChartFlow,FinMind_API_TaiwanStockPrice_6414,True,2026-09-22T15:49:52,2026-09-22T15:49:52,2026-09-22T15:49:52
6414,樺漢,2025-01-06,294.0,4.0,1.38%,20.039999999999996,17.92,300.6,360.72,420.84,480.96,541.08,601.2,ShowDailyK_ChartFlow,FinMind_API_TaiwanStockPrice_6414,True,2026-09-22T15:49:52,2026-09-22T15:49:52,2026-09-22T15:49:52
6414,樺漢,2025-01-07,296.0,2.0,0.68%,20.039999999999996,18.04,300.6,360.72,420.84,480.96,541.08,601.2,ShowDailyK_ChartFlow,FinMind_API_TaiwanStockPrice_6414,True,2026-09-22T15:49:52,2026-09-22T15:49:52,2026-09-22T15:49:52
6414,樺漢,2025-01-08,299.0,3.0,1.01%,20.039999999999996,18.22,300.6,360.72,420.84,480.96,541.08,601.2,ShowDailyK_ChartFlow,FinMind_API_TaiwanStockPrice_6414,True,2026-09-22T15:49:52,2026-09-22T15:49:52,2026-09-22T15:49:52
6414,樺漢,2025-01-09,291.5,-7.5,-2.51%,20.039999999999996,17.76,300.6,360.72,420.84,480.96,541.08,601.2,ShowDailyK_ChartFlow,FinMind_API_TaiwanStockPrice_6414,True,2026-09-22T15:49:52,2026-09-22T15:49:52,2026-09-22T15:49:52
6414,樺漢,2025-01-10,290.0,-1.5,-0.51%,20.039999999999996,17.67,300.6,360.72,420.84,480.96,541.08,601.2,ShowDailyK_ChartFlow,FinMind_API_TaiwanStockPrice_6414,True,2026-09-22T15:49:52,2026-09-22T15:49:52,2026-09-22T15:49:52
6414,樺漢,2025-01-13,280.0,-10.0,-3.45%,20.039999999999996,17.06,300.6,360.72,420.84,480.96,541.08,601.2,ShowDailyK_ChartFlow,FinMind_API_TaiwanStockPrice_6414,True,2026-09-22T15:49:52,2026-09-22T15:49:52,2026-09-22T15:49:52
6414,樺漢,2025-01-14,281.0,1.0,0.36%,20.039999999999996,17.12,300.6,360.72,420.84,480.96,541.08,601.2,ShowDailyK_ChartFlow,FinMind_API_TaiwanStockPrice_6414,True,2026-09-22T15:49:52,2026-09-22T15:49:52,2026-09-22T15:49:52
6414,樺漢,2025-01-15,278.5,-2.5,-0.89%,20.039999999999996,16.97,300.6,360.72,420.84,480.96,541.08,601.2,ShowDailyK_ChartFlow,FinMind_API_TaiwanStockPrice_6414,True,2026-09-22T15:49:52,2026-09-22T15:49:52,2026-09-22T15:49:52
6414,樺漢,2025-01-16,282.0,3.5,1.26%,20.039999999999996,17.18,300.6,360.72,420.84,480.96,541.08,601.2,ShowDailyK_ChartFlow,FinMind_API_TaiwanStockPrice_6414,True,2026-09-22T15:49:52,2026-09-22T15:49:52,2026-09-22T15:49:52
6414,樺漢,2025-01-17,285.0,3.0,1.06%,20.039999999999996,17.37,300.6,360.72,420.84,480.96,541.08,601.2,ShowDailyK_ChartFlow,FinMind_API_TaiwanStockPrice_6414,True,2026-09-22T15:49:52,2026-09-22T15:49:52,2026-09-22T15:49:52
6414,樺漢,2025-01-20,285.0,0.0,0.00%,20.039999999999996,17.37,300.6,360.72,420.84,480.96,541.08,601.2,ShowDailyK_ChartFlow,FinMind_API_TaiwanStockPrice_6414,True,2026-09-22T15:49:52,2026-09-22T15:49:52,2026-09-22T15:49:52
6414,樺漢,2025-01-21,285.0,0.0,0.00%,20.039999999999996,17.37,300.6,360.72,420.84,480.96,541.08,601.2,ShowDailyK_ChartFlow,FinMind_API_TaiwanStockPrice_6414,True,2026-09-22T15:49:52,2026-09-22T15:49:52,2026-09-22T15:49:52
6414,樺漢,2025-01-22,287.5,2.5,0.88%,20.039999999999996,17.52,300.6,360.72,420.84,480.96,541.08,601.2,ShowDailyK_ChartFlow,FinMind_API_TaiwanStockPrice_6414,True,2026-09-22T15:49:52,2026-09-22T15:49:52,2026-09-22T15:49:52
6414,樺漢,2025-02-03,281.5,-6.0,-2.09%,20.039999999999996,17.15,300.6,360.72,420.84,480.96,541.08,601.2,ShowDailyK_ChartFlow,FinMind_API_TaiwanStockPrice_6414,True,2026-09-22T15:49:52,2026-09-22T15:49:52,2026-09-22T15:49:52
6414,樺漢,2025-02-04,284.0,2.5,0.89%,20.039999999999996,17.31,300.6,360.72,420.84,480.96,541.08,601.2,ShowDailyK_ChartFlow,FinMind_API_TaiwanStockPrice_6414,True,2026-09-22T15:49:52,2026-09-22T15:49:52,2026-09-22T15:49:52
6414,樺漢,2025-02-05,299.5,15.5,5.46%,20.039999999999996,18.25,300.6,360.72,420.84,480.96,541.08,601.2,ShowDailyK_ChartFlow,FinMind_API_TaiwanStockPrice_6414,True,2026-09-22T15:49:52,2026-09-22T15:49:52,2026-09-22T15:49:52
6414,樺漢,2025-02-06,306.5,7.0,2.34%,20.039999999999996,18.68,300.6,360.72,420.84,480.96,541.08,601.2,ShowDailyK_ChartFlow,FinMind_API_TaiwanStockPrice_6414,True,2026-09-22T15:49:52,2026-09-22T15:49:52,2026-09-22T15:49:52
6414,樺漢,2025-02-07,309.0,2.5,0.82%,20.039999999999996,18.83,300.6,360.72,420.84,480.96,541.08,601.2,ShowDailyK_ChartFlow,FinMind_API_TaiwanStockPrice_6414,True,2026-09-22T15:49:52,2026-09-22T15:49:52,2026-09-22T15:49:52
6414,樺漢,2025-02-10,310.5,1.5,0.49%,20.039999999999996,18.92,300.6,360.72,420.84,480.96,541.08,601.2,ShowDailyK_ChartFlow,FinMind_API_TaiwanStockPrice_6414,True,2026-09-22T15:49:52,2026-09-22T15:49:52,2026-09-22T15:49:52
6414,樺漢,2025-02-11,308.5,-2.0,-0.64%,20.039999999999996,18.8,300.6,360.72,420.84,480.96,541.08,601.2,ShowDailyK_ChartFlow,FinMind_API_TaiwanStockPrice_6414,True,2026-09-22T15:49:52,2026-09-22T15:49:52,2026-09-22T15:49:52
6414,樺漢,2025-02-12,309.0,0.5,0.16%,20.039999999999996,18.83,300.6,360.72,420.84,480.96,541.08,601.2,ShowDailyK_ChartFlow,FinMind_API_TaiwanStockPrice_6414,True,2026-09-22T15:49:52,2026-09-22T15:49:52,2026-09-22T15:49:52
6414,樺漢,2025-02-13,302.5,-6.5,-2.10%,20.039999999999996,18.43,300.6,360.72,420.84,480.96,541.08,601.2,ShowDailyK_ChartFlow,FinMind_API_TaiwanStockPrice_6414,True,2026-09-22T15:49:52,2026-09-22T15:49:52,2026-09-22T15:49:52
6414,樺漢,2025-02-14,305.0,2.5,0.83%,20.039999999999996,18.59,300.6,360.72,420.84,480.96,541.08,601.2,ShowDailyK_ChartFlow,FinMind_API_TaiwanStockPrice_6414,True,2026-09-22T15:49:52,2026-09-22T15:49:52,2026-09-22T15:49:52
6414,樺漢,2025-02-17,310.5,5.5,1.80%,20.039999999999996,18.92,300.6,360.72,420.84,480.96,541.08,601.2,ShowDailyK_ChartFlow,FinMind_API_TaiwanStockPrice_6414,True,2026-09-22T15:49:52,2026-09-22T15:49:52,2026-09-22T15:49:52
6414,樺漢,2025-02-18,310.0,-0.5,-0.16%,20.039999999999996,18.89,300.6,360.72,420.84,480.96,541.08,601.2,ShowDailyK_ChartFlow,FinMind_API_TaiwanStockPrice_6414,True,2026-09-22T15:49:52,2026-09-22T15:49:52,2026-09-22T15:49:52
6414,樺漢,2025-02-19,322.0,12.0,3.87%,20.039999999999996,19.62,300.6,360.72,420.84,480.96,541.08,601.2,ShowDailyK_ChartFlow,FinMind_API_TaiwanStockPrice_6414,True,2026-09-22T15:49:52,2026-09-22T15:49:52,2026-09-22T15:49:52
6414,樺漢,2025-02-20,322.0,0.0,0.00%,20.039999999999996,19.62,300.6,360.72,420.84,480.96,541.08,601.2,ShowDailyK_ChartFlow,FinMind_API_TaiwanStockPrice_6414,True,2026-09-22T15:49:52,2026-09-22T15:49:52,2026-09-22T15:49:52
6414,樺漢,2025-02-21,327.5,5.5,1.71%,20.039999999999996,19.96,300.6,360.72,420.84,480.96,541.08,601.2,ShowDailyK_ChartFlow,FinMind_API_TaiwanStockPrice_6414,True,2026-09-22T15:49:52,2026-09-22T15:49:52,2026-09-22T15:49:52
6414,樺漢,2025-02-24,323.0,-4.5,-1.37%,20.039999999999996,19.68,300.6,360.72,420.84,480.96,541.08,601.2,ShowDailyK_ChartFlow,FinMind_API_TaiwanStockPrice_6414,True,2026-09-22T15:49:52,2026-09-22T15:49:52,2026-09-22T15:49:52
6414,樺漢,2025-02-25,319.0,-4.0,-1.24%,20.039999999999996,19.44,300.6,360.72,420.84,480.96,541.08,601.2,ShowDailyK_ChartFlow,FinMind_API_TaiwanStockPrice_6414,True,2026-09-22T15:49:52,2026-09-22T15:49:52,2026-09-22T15:49:52
6414,樺漢,2025-02-26,322.5,3.5,1.10%,20.039999999999996,19.65,300.6,360.72,420.84,480.96,541.08,601.2,ShowDailyK_ChartFlow,FinMind_API_TaiwanStockPrice_6414,True,2026-09-22T15:49:52,2026-09-22T15:49:52,2026-09-22T15:49:52
6414,樺漢,2025-02-27,315.5,-7.0,-2.17%,20.039999999999996,19.23,300.6,360.72,420.84,480.96,541.08,601.2,ShowDailyK_ChartFlow,FinMind_API_TaiwanStockPrice_6414,True,2026-09-22T15:49:52,2026-09-22T15:49:52,2026-09-22T15:49:52
6414,樺漢,2025-03-03,308.5,-7.0,-2.22%,20.039999999999996,18.8,300.6,360.72,420.84,480.96,541.08,601.2,ShowDailyK_ChartFlow,FinMind_API_TaiwanStockPrice_6414,True,2026-09-22T15:49:52,2026-09-22T15:49:52,2026-09-22T15:49:52
6414,樺漢,2025-03-04,316.0,7.5,2.43%,20.039999999999996,19.26,300.6,360.72,420.84,480.96,541.08,601.2,ShowDailyK_ChartFlow,FinMind_API_TaiwanStockPrice_6414,True,2026-09-22T15:49:52,2026-09-22T15:49:52,2026-09-22T15:49:52
6414,樺漢,2025-03-05,320.5,4.5,1.42%,20.039999999999996,19.53,300.6,360.72,420.84,480.96,541.08,601.2,ShowDailyK_ChartFlow,FinMind_API_TaiwanStockPrice_6414,True,2026-09-22T15:49:52,2026-09-22T15:49:52,2026-09-22T15:49:52
6414,樺漢,2025-03-06,314.0,-6.5,-2.03%,20.039999999999996,19.13,300.6,360.72,420.84,480.96,541.08,601.2,ShowDailyK_ChartFlow,FinMind_API_TaiwanStockPrice_6414,True,2026-09-22T15:49:52,2026-09-22T15:49:52,2026-09-22T15:49:52
6414,樺漢,2025-03-07,307.5,-6.5,-2.07%,20.039999999999996,18.74,300.6,360.72,420.84,480.96,541.08,601.2,ShowDailyK_ChartFlow,FinMind_API_TaiwanStockPrice_6414,True,2026-09-22T15:49:52,2026-09-22T15:49:52,2026-09-22T15:49:52
6414,樺漢,2025-03-10,309.0,1.5,0.49%,20.039999999999996,18.83,300.6,360.72,420.84,480.96,541.08,601.2,ShowDailyK_ChartFlow,FinMind_API_TaiwanStockPrice_6414,True,2026-09-22T15:49:52,2026-09-22T15:49:52,2026-09-22T15:49:52
6414,樺漢,2025-03-11,299.0,-10.0,-3.24%,20.039999999999996,18.22,300.6,360.72,420.84,480.96,541.08,601.2,ShowDailyK_ChartFlow,FinMind_API_TaiwanStockPrice_6414,True,2026-09-22T15:49:52,2026-09-22T15:49:52,2026-09-22T15:49:52
6414,樺漢,2025-03-12,299.0,0.0,0.00%,20.039999999999996,18.22,300.6,360.72,420.84,480.96,541.08,601.2,ShowDailyK_ChartFlow,FinMind_API_TaiwanStockPrice_6414,True,2026-09-22T15:49:52,2026-09-22T15:49:52,2026-09-22T15:49:52
6414,樺漢,2025-03-13,290.5,-8.5,-2.84%,20.039999999999996,17.7,300.6,360.72,420.84,480.96,541.08,601.2,ShowDailyK_ChartFlow,FinMind_API_TaiwanStockPrice_6414,True,2026-09-22T15:49:52,2026-09-22T15:49:52,2026-09-22T15:49:52
6414,樺漢,2025-03-14,288.5,-2.0,-0.69%,20.039999999999996,17.58,300.6,360.72,420.84,480.96,541.08,601.2,ShowDailyK_ChartFlow,FinMind_API_TaiwanStockPrice_6414,True,2026-09-22T15:49:52,2026-09-22T15:49:52,2026-09-22T15:49:52
6414,樺漢,2025-03-17,307.5,19.0,6.59%,20.039999999999996,18.74,300.6,360.72,420.84,480.96,541.08,601.2,ShowDailyK_ChartFlow,FinMind_API_TaiwanStockPrice_6414,True,2026-09-22T15:49:52,2026-09-22T15:49:52,2026-09-22T15:49:52
6414,樺漢,2025-03-18,313.0,5.5,1.79%,20.039999999999996,19.07,300.6,360.72,420.84,480.96,541.08,601.2,ShowDailyK_ChartFlow,FinMind_API_TaiwanStockPrice_6414,True,2026-09-22T15:49:52,2026-09-22T15:49:52,2026-09-22T15:49:52
6414,樺漢,2025-03-19,299.5,-13.5,-4.31%,20.039999999999996,18.25,300.6,360.72,420.84,480.96,541.08,601.2,ShowDailyK_ChartFlow,FinMind_API_TaiwanStockPrice_6414,True,2026-09-22T15:49:52,2026-09-22T15:49:52,2026-09-22T15:49:52
6414,樺漢,2025-03-20,308.0,8.5,2.84%,20.039999999999996,18.77,300.6,360.72,420.84,480.96,541.08,601.2,ShowDailyK_ChartFlow,FinMind_API_TaiwanStockPrice_6414,True,2026-09-22T15:49:52,2026-09-22T15:49:52,2026-09-22T15:49:52
6414,樺漢,2025-03-21,307.0,-1.0,-0.32%,20.039999999999996,18.71,300.6,360.72,420.84,480.96,541.08,601.2,ShowDailyK_ChartFlow,FinMind_API_TaiwanStockPrice_6414,True,2026-09-22T15:49:52,2026-09-22T15:49:52,2026-09-22T15:49:52
6414,樺漢,2025-03-24,300.0,-7.0,-2.28%,20.039999999999996,18.28,300.6,360.72,420.84,480.96,541.08,601.2,ShowDailyK_ChartFlow,FinMind_API_TaiwanStockPrice_6414,True,2026-09-22T15:49:52,2026-09-22T15:49:52,2026-09-22T15:49:52
6414,樺漢,2025-03-25,298.0,-2.0,-0.67%,20.039999999999996,18.16,300.6,360.72,420.84,480.96,541.08,601.2,ShowDailyK_ChartFlow,FinMind_API_TaiwanStockPrice_6414,True,2026-09-22T15:49:52,2026-09-22T15:49:52,2026-09-22T15:49:52
6414,樺漢,2025-03-26,303.0,5.0,1.68%,20.039999999999996,18.46,300.6,360.72,420.84,480.96,541.08,601.2,ShowDailyK_ChartFlow,FinMind_API_TaiwanStockPrice_6414,True,2026-09-22T15:49:52,2026-09-22T15:49:52,2026-09-22T15:49:52
6414,樺漢,2025-03-27,299.0,-4.0,-1.32%,20.039999999999996,18.22,300.6,360.72,420.84,480.96,541.08,601.2,ShowDailyK_ChartFlow,FinMind_API_TaiwanStockPrice_6414,True,2026-09-22T15:49:52,2026-09-22T15:49:52,2026-09-22T15:49:52
6414,樺漢,2025-03-28,291.0,-8.0,-2.68%,20.039999999999996,17.73,300.6,360.72,420.84,480.96,541.08,601.2,ShowDailyK_ChartFlow,FinMind_API_TaiwanStockPrice_6414,True,2026-09-22T15:49:52,2026-09-22T15:49:52,2026-09-22T15:49:52
6414,樺漢,2025-03-31,282.5,-8.5,-2.92%,21.389999999999997,14.18,320.85,385.02,449.19,513.36,577.53,641.7,ShowDailyK_ChartFlow,FinMind_API_TaiwanStockPrice_6414,True,2026-09-22T15:49:52,2026-09-22T15:49:52,2026-09-22T15:49:52
6414,樺漢,2025-04-01,285.0,2.5,0.88%,21.389999999999997,14.31,320.85,385.02,449.19,513.36,577.53,641.7,ShowDailyK_ChartFlow,FinMind_API_TaiwanStockPrice_6414,True,2026-09-22T15:49:52,2026-09-22T15:49:52,2026-09-22T15:49:52
6414,樺漢,2025-04-02,288.5,3.5,1.23%,21.389999999999997,14.48,320.85,385.02,449.19,513.36,577.53,641.7,ShowDailyK_ChartFlow,FinMind_API_TaiwanStockPrice_6414,True,2026-09-22T15:49:52,2026-09-22T15:49:52,2026-09-22T15:49:52
6414,樺漢,2025-04-07,260.0,-28.5,-9.88%,21.389999999999997,13.05,320.85,385.02,449.19,513.36,577.53,641.7,ShowDailyK_ChartFlow,FinMind_API_TaiwanStockPrice_6414,True,2026-09-22T15:49:52,2026-09-22T15:49:52,2026-09-22T15:49:52
6414,樺漢,2025-04-08,240.5,-19.5,-7.50%,21.389999999999997,12.07,320.85,385.02,449.19,513.36,577.53,641.7,ShowDailyK_ChartFlow,FinMind_API_TaiwanStockPrice_6414,True,2026-09-22T15:49:52,2026-09-22T15:49:52,2026-09-22T15:49:52
6414,樺漢,2025-04-09,216.5,-24.0,-9.98%,21.389999999999997,10.87,320.85,385.02,449.19,513.36,577.53,641.7,ShowDailyK_ChartFlow,FinMind_API_TaiwanStockPrice_6414,True,2026-09-22T15:49:52,2026-09-22T15:49:52,2026-09-22T15:49:52
6414,樺漢,2025-04-10,238.0,21.5,9.93%,21.389999999999997,11.95,320.85,385.02,449.19,513.36,577.53,641.7,ShowDailyK_ChartFlow,FinMind_API_TaiwanStockPrice_6414,True,2026-09-22T15:49:52,2026-09-22T15:49:52,2026-09-22T15:49:52
6414,樺漢,2025-04-11,255.0,17.0,7.14%,21.389999999999997,12.8,320.85,385.02,449.19,513.36,577.53,641.7,ShowDailyK_ChartFlow,FinMind_API_TaiwanStockPrice_6414,True,2026-09-22T15:49:52,2026-09-22T15:49:52,2026-09-22T15:49:52
6414,樺漢,2025-04-14,258.0,3.0,1.18%,21.389999999999997,12.95,320.85,385.02,449.19,513.36,577.53,641.7,ShowDailyK_ChartFlow,FinMind_API_TaiwanStockPrice_6414,True,2026-09-22T15:49:52,2026-09-22T15:49:52,2026-09-22T15:49:52
6414,樺漢,2025-04-15,260.5,2.5,0.97%,21.389999999999997,13.08,320.85,385.02,449.19,513.36,577.53,641.7,ShowDailyK_ChartFlow,FinMind_API_TaiwanStockPrice_6414,True,2026-09-22T15:49:52,2026-09-22T15:49:52,2026-09-22T15:49:52
6414,樺漢,2025-04-16,258.0,-2.5,-0.96%,21.389999999999997,12.95,320.85,385.02,449.19,513.36,577.53,641.7,ShowDailyK_ChartFlow,FinMind_API_TaiwanStockPrice_6414,True,2026-09-22T15:49:52,2026-09-22T15:49:52,2026-09-22T15:49:52
6414,樺漢,2025-04-17,261.0,3.0,1.16%,21.389999999999997,13.1,320.85,385.02,449.19,513.36,577.53,641.7,ShowDailyK_ChartFlow,FinMind_API_TaiwanStockPrice_6414,True,2026-09-22T15:49:52,2026-09-22T15:49:52,2026-09-22T15:49:52
6414,樺漢,2025-04-18,258.5,-2.5,-0.96%,21.389999999999997,12.98,320.85,385.02,449.19,513.36,577.53,641.7,ShowDailyK_ChartFlow,FinMind_API_TaiwanStockPrice_6414,True,2026-09-22T15:49:52,2026-09-22T15:49:52,2026-09-22T15:49:52
6414,樺漢,2025-04-21,257.5,-1.0,-0.39%,21.389999999999997,12.93,320.85,385.02,449.19,513.36,577.53,641.7,ShowDailyK_ChartFlow,FinMind_API_TaiwanStockPrice_6414,True,2026-09-22T15:49:52,2026-09-22T15:49:52,2026-09-22T15:49:52
6414,樺漢,2025-04-22,258.0,0.5,0.19%,21.389999999999997,12.95,320.85,385.02,449.19,513.36,577.53,641.7,ShowDailyK_ChartFlow,FinMind_API_TaiwanStockPrice_6414,True,2026-09-22T15:49:52,2026-09-22T15:49:52,2026-09-22T15:49:52
6414,樺漢,2025-04-23,262.5,4.5,1.74%,21.389999999999997,13.18,320.85,385.02,449.19,513.36,577.53,641.7,ShowDailyK_ChartFlow,FinMind_API_TaiwanStockPrice_6414,True,2026-09-22T15:49:52,2026-09-22T15:49:52,2026-09-22T15:49:52
6414,樺漢,2025-04-24,268.5,6.0,2.29%,21.389999999999997,13.48,320.85,385.02,449.19,513.36,577.53,641.7,ShowDailyK_ChartFlow,FinMind_API_TaiwanStockPrice_6414,True,2026-09-22T15:49:52,2026-09-22T15:49:52,2026-09-22T15:49:52
6414,樺漢,2025-04-25,267.0,-1.5,-0.56%,21.389999999999997,13.4,320.85,385.02,449.19,513.36,577.53,641.7,ShowDailyK_ChartFlow,FinMind_API_TaiwanStockPrice_6414,True,2026-09-22T15:49:52,2026-09-22T15:49:52,2026-09-22T15:49:52
6414,樺漢,2025-04-28,267.5,0.5,0.19%,21.389999999999997,13.43,320.85,385.02,449.19,513.36,577.53,641.7,ShowDailyK_ChartFlow,FinMind_API_TaiwanStockPrice_6414,True,2026-09-22T15:49:52,2026-09-22T15:49:52,2026-09-22T15:49:52
6414,樺漢,2025-04-29,269.5,2.0,0.75%,21.389999999999997,13.53,320.85,385.02,449.19,513.36,577.53,641.7,ShowDailyK_ChartFlow,FinMind_API_TaiwanStockPrice_6414,True,2026-09-22T15:49:52,2026-09-22T15:49:52,2026-09-22T15:49:52
6414,樺漢,2025-04-30,267.5,-2.0,-0.74%,21.389999999999997,13.43,320.85,385.02,449.19,513.36,577.53,641.7,ShowDailyK_ChartFlow,FinMind_API_TaiwanStockPrice_6414,True,2026-09-22T15:49:52,2026-09-22T15:49:52,2026-09-22T15:49:52
6414,樺漢,2025-05-02,272.0,4.5,1.68%,21.389999999999997,13.65,320.85,385.02,449.19,513.36,577.53,641.7,ShowDailyK_ChartFlow,FinMind_API_TaiwanStockPrice_6414,True,2026-09-22T15:49:52,2026-09-22T15:49:52,2026-09-22T15:49:52
6414,樺漢,2025-05-05,268.0,-4.0,-1.47%,21.389999999999997,13.45,320.85,385.02,449.19,513.36,577.53,641.7,ShowDailyK_ChartFlow,FinMind_API_TaiwanStockPrice_6414,True,2026-09-22T15:49:52,2026-09-22T15:49:52,2026-09-22T15:49:52
6414,樺漢,2025-05-06,267.0,-1.0,-0.37%,21.389999999999997,13.4,320.85,385.02,449.19,513.36,577.53,641.7,ShowDailyK_ChartFlow,FinMind_API_TaiwanStockPrice_6414,True,2026-09-22T15:49:52,2026-09-22T15:49:52,2026-09-22T15:49:52
6414,樺漢,2025-05-07,268.0,1.0,0.37%,21.389999999999997,13.45,320.85,385.02,449.19,513.36,577.53,641.7,ShowDailyK_ChartFlow,FinMind_API_TaiwanStockPrice_6414,True,2026-09-22T15:49:52,2026-09-22T15:49:52,2026-09-22T15:49:52
6414,樺漢,2025-05-08,272.0,4.0,1.49%,21.389999999999997,13.65,320.85,385.02,449.19,513.36,577.53,641.7,ShowDailyK_ChartFlow,FinMind_API_TaiwanStockPrice_6414,True,2026-09-22T15:49:52,2026-09-22T15:49:52,2026-09-22T15:49:52
6414,樺漢,2025-05-09,272.0,0.0,0.00%,21.389999999999997,13.65,320.85,385.02,449.19,513.36,577.53,641.7,ShowDailyK_ChartFlow,FinMind_API_TaiwanStockPrice_6414,True,2026-09-22T15:49:52,2026-09-22T15:49:52,2026-09-22T15:49:52
6414,樺漢,2025-05-12,278.5,6.5,2.39%,21.389999999999997,13.98,320.85,385.02,449.19,513.36,577.53,641.7,ShowDailyK_ChartFlow,FinMind_API_TaiwanStockPrice_6414,True,2026-09-22T15:49:52,2026-09-22T15:49:52,2026-09-22T15:49:52
6414,樺漢,2025-05-13,283.0,4.5,1.62%,21.389999999999997,14.21,320.85,385.02,449.19,513.36,577.53,641.7,ShowDailyK_ChartFlow,FinMind_API_TaiwanStockPrice_6414,True,2026-09-22T15:49:52,2026-09-22T15:49:52,2026-09-22T15:49:52
6414,樺漢,2025-05-14,287.5,4.5,1.59%,21.389999999999997,13.47,320.85,385.02,449.19,513.36,577.53,641.7,ShowDailyK_ChartFlow,FinMind_API_TaiwanStockPrice_6414,True,2026-09-22T15:49:52,2026-09-22T15:49:52,2026-09-22T15:49:52
6414,樺漢,2025-05-15,286.5,-1.0,-0.35%,21.389999999999997,13.42,320.85,385.02,449.19,513.36,577.53,641.7,ShowDailyK_ChartFlow,FinMind_API_TaiwanStockPrice_6414,True,2026-09-22T15:49:52,2026-09-22T15:49:52,2026-09-22T15:49:52
6414,樺漢,2025-05-16,297.5,11.0,3.84%,21.389999999999997,13.93,320.85,385.02,449.19,513.36,577.53,641.7,ShowDailyK_ChartFlow,FinMind_API_TaiwanStockPrice_6414,True,2026-09-22T15:49:52,2026-09-22T15:49:52,2026-09-22T15:49:52
6414,樺漢,2025-05-19,293.5,-4.0,-1.34%,21.389999999999997,13.75,320.85,385.02,449.19,513.36,577.53,641.7,ShowDailyK_ChartFlow,FinMind_API_TaiwanStockPrice_6414,True,2026-09-22T15:49:52,2026-09-22T15:49:52,2026-09-22T15:49:52
6414,樺漢,2025-05-20,299.0,5.5,1.87%,21.389999999999997,14.0,320.85,385.02,449.19,513.36,577.53,641.7,ShowDailyK_ChartFlow,FinMind_API_TaiwanStockPrice_6414,True,2026-09-22T15:49:52,2026-09-22T15:49:52,2026-09-22T15:49:52
6414,樺漢,2025-05-21,304.5,5.5,1.84%,21.389999999999997,14.26,320.85,385.02,449.19,513.36,577.53,641.7,ShowDailyK_ChartFlow,FinMind_API_TaiwanStockPrice_6414,True,2026-09-22T15:49:52,2026-09-22T15:49:52,2026-09-22T15:49:52
6414,樺漢,2025-05-22,304.5,0.0,0.00%,21.389999999999997,14.26,320.85,385.02,449.19,513.36,577.53,641.7,ShowDailyK_ChartFlow,FinMind_API_TaiwanStockPrice_6414,True,2026-09-22T15:49:52,2026-09-22T15:49:52,2026-09-22T15:49:52
6414,樺漢,2025-05-23,300.0,-4.5,-1.48%,21.389999999999997,14.05,320.85,385.02,449.19,513.36,577.53,641.7,ShowDailyK_ChartFlow,FinMind_API_TaiwanStockPrice_6414,True,2026-09-22T15:49:52,2026-09-22T15:49:52,2026-09-22T15:49:52
6414,樺漢,2025-05-26,296.5,-3.5,-1.17%,21.389999999999997,13.89,320.85,385.02,449.19,513.36,577.53,641.7,ShowDailyK_ChartFlow,FinMind_API_TaiwanStockPrice_6414,True,2026-09-22T15:49:52,2026-09-22T15:49:52,2026-09-22T15:49:52
6414,樺漢,2025-05-27,297.0,0.5,0.17%,21.389999999999997,13.91,320.85,385.02,449.19,513.36,577.53,641.7,ShowDailyK_ChartFlow,FinMind_API_TaiwanStockPrice_6414,True,2026-09-22T15:49:52,2026-09-22T15:49:52,2026-09-22T15:49:52
6414,樺漢,2025-05-28,300.0,3.0,1.01%,21.389999999999997,14.05,320.85,385.02,449.19,513.36,577.53,641.7,ShowDailyK_ChartFlow,FinMind_API_TaiwanStockPrice_6414,True,2026-09-22T15:49:52,2026-09-22T15:49:52,2026-09-22T15:49:52
6414,樺漢,2025-05-29,303.0,3.0,1.00%,21.389999999999997,14.19,320.85,385.02,449.19,513.36,577.53,641.7,ShowDailyK_ChartFlow,FinMind_API_TaiwanStockPrice_6414,True,2026-09-22T15:49:52,2026-09-22T15:49:52,2026-09-22T15:49:52
6414,樺漢,2025-06-02,293.5,-9.5,-3.14%,21.389999999999997,13.75,320.85,385.02,449.19,513.36,577.53,641.7,ShowDailyK_ChartFlow,FinMind_API_TaiwanStockPrice_6414,True,2026-09-22T15:49:52,2026-09-22T15:49:52,2026-09-22T15:49:52
6414,樺漢,2025-06-03,299.0,5.5,1.87%,21.389999999999997,14.0,320.85,385.02,449.19,513.36,577.53,641.7,ShowDailyK_ChartFlow,FinMind_API_TaiwanStockPrice_6414,True,2026-09-22T15:49:52,2026-09-22T15:49:52,2026-09-22T15:49:52
6414,樺漢,2025-06-04,302.5,3.5,1.17%,21.389999999999997,14.17,320.85,385.02,449.19,513.36,577.53,641.7,ShowDailyK_ChartFlow,FinMind_API_TaiwanStockPrice_6414,True,2026-09-22T15:49:52,2026-09-22T15:49:52,2026-09-22T15:49:52
6414,樺漢,2025-06-05,302.0,-0.5,-0.17%,21.389999999999997,14.15,320.85,385.02,449.19,513.36,577.53,641.7,ShowDailyK_ChartFlow,FinMind_API_TaiwanStockPrice_6414,True,2026-09-22T15:49:52,2026-09-22T15:49:52,2026-09-22T15:49:52
6414,樺漢,2025-06-06,299.5,-2.5,-0.83%,21.389999999999997,14.03,320.85,385.02,449.19,513.36,577.53,641.7,ShowDailyK_ChartFlow,FinMind_API_TaiwanStockPrice_6414,True,2026-09-22T15:49:52,2026-09-22T15:49:52,2026-09-22T15:49:52
6414,樺漢,2025-06-09,300.5,1.0,0.33%,21.389999999999997,14.07,320.85,385.02,449.19,513.36,577.53,641.7,ShowDailyK_ChartFlow,FinMind_API_TaiwanStockPrice_6414,True,2026-09-22T15:49:52,2026-09-22T15:49:52,2026-09-22T15:49:52
6414,樺漢,2025-06-10,302.0,1.5,0.50%,21.389999999999997,14.15,320.85,385.02,449.19,513.36,577.53,641.7,ShowDailyK_ChartFlow,FinMind_API_TaiwanStockPrice_6414,True,2026-09-22T15:49:52,2026-09-22T15:49:52,2026-09-22T15:49:52
6414,樺漢,2025-06-11,308.0,6.0,1.99%,21.389999999999997,14.43,320.85,385.02,449.19,513.36,577.53,641.7,ShowDailyK_ChartFlow,FinMind_API_TaiwanStockPrice_6414,True,2026-09-22T15:49:52,2026-09-22T15:49:52,2026-09-22T15:49:52
6414,樺漢,2025-06-12,304.0,-4.0,-1.30%,21.389999999999997,14.24,320.85,385.02,449.19,513.36,577.53,641.7,ShowDailyK_ChartFlow,FinMind_API_TaiwanStockPrice_6414,True,2026-09-22T15:49:52,2026-09-22T15:49:52,2026-09-22T15:49:52
6414,樺漢,2025-06-13,304.5,0.5,0.16%,21.389999999999997,14.26,320.85,385.02,449.19,513.36,577.53,641.7,ShowDailyK_ChartFlow,FinMind_API_TaiwanStockPrice_6414,True,2026-09-22T15:49:52,2026-09-22T15:49:52,2026-09-22T15:49:52
6414,樺漢,2025-06-16,304.0,-0.5,-0.16%,21.389999999999997,14.24,320.85,385.02,449.19,513.36,577.53,641.7,ShowDailyK_ChartFlow,FinMind_API_TaiwanStockPrice_6414,True,2026-09-22T15:49:52,2026-09-22T15:49:52,2026-09-22T15:49:52
6414,樺漢,2025-06-17,301.0,-3.0,-0.99%,21.389999999999997,14.1,320.85,385.02,449.19,513.36,577.53,641.7,ShowDailyK_ChartFlow,FinMind_API_TaiwanStockPrice_6414,True,2026-09-22T15:49:52,2026-09-22T15:49:52,2026-09-22T15:49:52
6414,樺漢,2025-06-18,302.5,1.5,0.50%,21.389999999999997,14.17,320.85,385.02,449.19,513.36,577.53,641.7,ShowDailyK_ChartFlow,FinMind_API_TaiwanStockPrice_6414,True,2026-09-22T15:49:52,2026-09-22T15:49:52,2026-09-22T15:49:52
6414,樺漢,2025-06-19,299.5,-3.0,-0.99%,21.389999999999997,14.03,320.85,385.02,449.19,513.36,577.53,641.7,ShowDailyK_ChartFlow,FinMind_API_TaiwanStockPrice_6414,True,2026-09-22T15:49:52,2026-09-22T15:49:52,2026-09-22T15:49:52
6414,樺漢,2025-06-20,295.0,-4.5,-1.50%,21.389999999999997,13.82,320.85,385.02,449.19,513.36,577.53,641.7,ShowDailyK_ChartFlow,FinMind_API_TaiwanStockPrice_6414,True,2026-09-22T15:49:52,2026-09-22T15:49:52,2026-09-22T15:49:52
6414,樺漢,2025-06-23,300.0,5.0,1.69%,21.389999999999997,14.05,320.85,385.02,449.19,513.36,577.53,641.7,ShowDailyK_ChartFlow,FinMind_API_TaiwanStockPrice_6414,True,2026-09-22T15:49:52,2026-09-22T15:49:52,2026-09-22T15:49:52
6414,樺漢,2025-06-24,309.0,9.0,3.00%,21.389999999999997,14.47,320.85,385.02,449.19,513.36,577.53,641.7,ShowDailyK_ChartFlow,FinMind_API_TaiwanStockPrice_6414,True,2026-09-22T15:49:52,2026-09-22T15:49:52,2026-09-22T15:49:52
6414,樺漢,2025-06-25,306.0,-3.0,-0.97%,21.389999999999997,14.33,320.85,385.02,449.19,513.36,577.53,641.7,ShowDailyK_ChartFlow,FinMind_API_TaiwanStockPrice_6414,True,2026-09-22T15:49:52,2026-09-22T15:49:52,2026-09-22T15:49:52
6414,樺漢,2025-06-26,304.5,-1.5,-0.49%,21.389999999999997,14.26,320.85,385.02,449.19,513.36,577.53,641.7,ShowDailyK_ChartFlow,FinMind_API_TaiwanStockPrice_6414,True,2026-09-22T15:49:52,2026-09-22T15:49:52,2026-09-22T15:49:52
6414,樺漢,2025-06-27,280.0,-24.5,-8.05%,21.389999999999997,13.11,320.85,385.02,449.19,513.36,577.53,641.7,ShowDailyK_ChartFlow,FinMind_API_TaiwanStockPrice_6414,True,2026-09-22T15:49:52,2026-09-22T15:49:52,2026-09-22T15:49:52
6414,樺漢,2025-06-30,288.0,8.0,2.86%,21.799999999999997,13.49,327.0,392.4,457.8,523.2,588.6,654.0,ShowDailyK_ChartFlow,FinMind_API_TaiwanStockPrice_6414,True,2026-09-22T15:49:52,2026-09-22T15:49:52,2026-09-22T15:49:52
6414,樺漢,2025-07-01,290.0,2.0,0.69%,21.799999999999997,13.58,327.0,392.4,457.8,523.2,588.6,654.0,ShowDailyK_ChartFlow,FinMind_API_TaiwanStockPrice_6414,True,2026-09-22T15:49:52,2026-09-22T15:49:52,2026-09-22T15:49:52
6414,樺漢,2025-07-02,292.5,2.5,0.86%,21.799999999999997,13.7,327.0,392.4,457.8,523.2,588.6,654.0,ShowDailyK_ChartFlow,FinMind_API_TaiwanStockPrice_6414,True,2026-09-22T15:49:52,2026-09-22T15:49:52,2026-09-22T15:49:52
6414,樺漢,2025-07-03,300.0,7.5,2.56%,21.799999999999997,14.05,327.0,392.4,457.8,523.2,588.6,654.0,ShowDailyK_ChartFlow,FinMind_API_TaiwanStockPrice_6414,True,2026-09-22T15:49:52,2026-09-22T15:49:52,2026-09-22T15:49:52
6414,樺漢,2025-07-04,301.0,1.0,0.33%,21.799999999999997,14.1,327.0,392.4,457.8,523.2,588.6,654.0,ShowDailyK_ChartFlow,FinMind_API_TaiwanStockPrice_6414,True,2026-09-22T15:49:52,2026-09-22T15:49:52,2026-09-22T15:49:52
6414,樺漢,2025-07-07,293.5,-7.5,-2.49%,21.799999999999997,13.75,327.0,392.4,457.8,523.2,588.6,654.0,ShowDailyK_ChartFlow,FinMind_API_TaiwanStockPrice_6414,True,2026-09-22T15:49:52,2026-09-22T15:49:52,2026-09-22T15:49:52
6414,樺漢,2025-07-08,298.5,5.0,1.70%,21.799999999999997,13.98,327.0,392.4,457.8,523.2,588.6,654.0,ShowDailyK_ChartFlow,FinMind_API_TaiwanStockPrice_6414,True,2026-09-22T15:49:52,2026-09-22T15:49:52,2026-09-22T15:49:52
6414,樺漢,2025-07-09,296.0,-2.5,-0.84%,21.799999999999997,13.86,327.0,392.4,457.8,523.2,588.6,654.0,ShowDailyK_ChartFlow,FinMind_API_TaiwanStockPrice_6414,True,2026-09-22T15:49:52,2026-09-22T15:49:52,2026-09-22T15:49:52
6414,樺漢,2025-07-10,296.0,0.0,0.00%,21.799999999999997,13.86,327.0,392.4,457.8,523.2,588.6,654.0,ShowDailyK_ChartFlow,FinMind_API_TaiwanStockPrice_6414,True,2026-09-22T15:49:52,2026-09-22T15:49:52,2026-09-22T15:49:52
6414,樺漢,2025-07-11,299.0,3.0,1.01%,21.799999999999997,14.0,327.0,392.4,457.8,523.2,588.6,654.0,ShowDailyK_ChartFlow,FinMind_API_TaiwanStockPrice_6414,True,2026-09-22T15:49:52,2026-09-22T15:49:52,2026-09-22T15:49:52
6414,樺漢,2025-07-14,298.0,-1.0,-0.33%,21.799999999999997,13.96,327.0,392.4,457.8,523.2,588.6,654.0,ShowDailyK_ChartFlow,FinMind_API_TaiwanStockPrice_6414,True,2026-09-22T15:49:52,2026-09-22T15:49:52,2026-09-22T15:49:52
6414,樺漢,2025-07-15,302.5,4.5,1.51%,21.799999999999997,14.17,327.0,392.4,457.8,523.2,588.6,654.0,ShowDailyK_ChartFlow,FinMind_API_TaiwanStockPrice_6414,True,2026-09-22T15:49:52,2026-09-22T15:49:52,2026-09-22T15:49:52
6414,樺漢,2025-07-16,305.5,3.0,0.99%,21.799999999999997,14.31,327.0,392.4,457.8,523.2,588.6,654.0,ShowDailyK_ChartFlow,FinMind_API_TaiwanStockPrice_6414,True,2026-09-22T15:49:52,2026-09-22T15:49:52,2026-09-22T15:49:52
6414,樺漢,2025-07-17,307.0,1.5,0.49%,21.799999999999997,14.38,327.0,392.4,457.8,523.2,588.6,654.0,ShowDailyK_ChartFlow,FinMind_API_TaiwanStockPrice_6414,True,2026-09-22T15:49:52,2026-09-22T15:49:52,2026-09-22T15:49:52
6414,樺漢,2025-07-18,303.5,-3.5,-1.14%,21.799999999999997,14.22,327.0,392.4,457.8,523.2,588.6,654.0,ShowDailyK_ChartFlow,FinMind_API_TaiwanStockPrice_6414,True,2026-09-22T15:49:52,2026-09-22T15:49:52,2026-09-22T15:49:52
6414,樺漢,2025-07-21,304.0,0.5,0.16%,21.799999999999997,14.24,327.0,392.4,457.8,523.2,588.6,654.0,ShowDailyK_ChartFlow,FinMind_API_TaiwanStockPrice_6414,True,2026-09-22T15:49:52,2026-09-22T15:49:52,2026-09-22T15:49:52
6414,樺漢,2025-07-22,296.0,-8.0,-2.63%,21.799999999999997,13.86,327.0,392.4,457.8,523.2,588.6,654.0,ShowDailyK_ChartFlow,FinMind_API_TaiwanStockPrice_6414,True,2026-09-22T15:49:52,2026-09-22T15:49:52,2026-09-22T15:49:52
6414,樺漢,2025-07-23,303.0,7.0,2.36%,21.799999999999997,14.19,327.0,392.4,457.8,523.2,588.6,654.0,ShowDailyK_ChartFlow,FinMind_API_TaiwanStockPrice_6414,True,2026-09-22T15:49:52,2026-09-22T15:49:52,2026-09-22T15:49:52
6414,樺漢,2025-07-24,303.0,0.0,0.00%,21.799999999999997,14.19,327.0,392.4,457.8,523.2,588.6,654.0,ShowDailyK_ChartFlow,FinMind_API_TaiwanStockPrice_6414,True,2026-09-22T15:49:52,2026-09-22T15:49:52,2026-09-22T15:49:52
6414,樺漢,2025-07-25,301.0,-2.0,-0.66%,21.799999999999997,14.1,327.0,392.4,457.8,523.2,588.6,654.0,ShowDailyK_ChartFlow,FinMind_API_TaiwanStockPrice_6414,True,2026-09-22T15:49:52,2026-09-22T15:49:52,2026-09-22T15:49:52
6414,樺漢,2025-07-28,303.0,2.0,0.66%,21.799999999999997,14.19,327.0,392.4,457.8,523.2,588.6,654.0,ShowDailyK_ChartFlow,FinMind_API_TaiwanStockPrice_6414,True,2026-09-22T15:49:52,2026-09-22T15:49:52,2026-09-22T15:49:52
6414,樺漢,2025-07-29,300.0,-3.0,-0.99%,21.799999999999997,14.05,327.0,392.4,457.8,523.2,588.6,654.0,ShowDailyK_ChartFlow,FinMind_API_TaiwanStockPrice_6414,True,2026-09-22T15:49:52,2026-09-22T15:49:52,2026-09-22T15:49:52
6414,樺漢,2025-07-30,304.0,4.0,1.33%,21.799999999999997,14.24,327.0,392.4,457.8,523.2,588.6,654.0,ShowDailyK_ChartFlow,FinMind_API_TaiwanStockPrice_6414,True,2026-09-22T15:49:52,2026-09-22T15:49:52,2026-09-22T15:49:52
6414,樺漢,2025-07-31,306.0,2.0,0.66%,21.799999999999997,14.33,327.0,392.4,457.8,523.2,588.6,654.0,ShowDailyK_ChartFlow,FinMind_API_TaiwanStockPrice_6414,True,2026-09-22T15:49:52,2026-09-22T15:49:52,2026-09-22T15:49:52
6414,樺漢,2025-08-01,306.5,0.5,0.16%,21.799999999999997,14.36,327.0,392.4,457.8,523.2,588.6,654.0,ShowDailyK_ChartFlow,FinMind_API_TaiwanStockPrice_6414,True,2026-09-22T15:49:52,2026-09-22T15:49:52,2026-09-22T15:49:52
6414,樺漢,2025-08-04,303.0,-3.5,-1.14%,21.799999999999997,14.19,327.0,392.4,457.8,523.2,588.6,654.0,ShowDailyK_ChartFlow,FinMind_API_TaiwanStockPrice_6414,True,2026-09-22T15:49:52,2026-09-22T15:49:52,2026-09-22T15:49:52
6414,樺漢,2025-08-05,308.5,5.5,1.82%,21.799999999999997,14.45,327.0,392.4,457.8,523.2,588.6,654.0,ShowDailyK_ChartFlow,FinMind_API_TaiwanStockPrice_6414,True,2026-09-22T15:49:52,2026-09-22T15:49:52,2026-09-22T15:49:52
6414,樺漢,2025-08-06,311.5,3.0,0.97%,21.799999999999997,14.59,327.0,392.4,457.8,523.2,588.6,654.0,ShowDailyK_ChartFlow,FinMind_API_TaiwanStockPrice_6414,True,2026-09-22T15:49:52,2026-09-22T15:49:52,2026-09-22T15:49:52
6414,樺漢,2025-08-07,313.5,2.0,0.64%,21.799999999999997,14.68,327.0,392.4,457.8,523.2,588.6,654.0,ShowDailyK_ChartFlow,FinMind_API_TaiwanStockPrice_6414,True,2026-09-22T15:49:52,2026-09-22T15:49:52,2026-09-22T15:49:52
6414,樺漢,2025-08-08,316.0,2.5,0.80%,21.799999999999997,14.8,327.0,392.4,457.8,523.2,588.6,654.0,ShowDailyK_ChartFlow,FinMind_API_TaiwanStockPrice_6414,True,2026-09-22T15:49:52,2026-09-22T15:49:52,2026-09-22T15:49:52
6414,樺漢,2025-08-11,307.0,-9.0,-2.85%,21.799999999999997,14.38,327.0,392.4,457.8,523.2,588.6,654.0,ShowDailyK_ChartFlow,FinMind_API_TaiwanStockPrice_6414,True,2026-09-22T15:49:52,2026-09-22T15:49:52,2026-09-22T15:49:52
6414,樺漢,2025-08-12,303.5,-3.5,-1.14%,21.799999999999997,14.22,327.0,392.4,457.8,523.2,588.6,654.0,ShowDailyK_ChartFlow,FinMind_API_TaiwanStockPrice_6414,True,2026-09-22T15:49:52,2026-09-22T15:49:52,2026-09-22T15:49:52
6414,樺漢,2025-08-13,311.0,7.5,2.47%,21.799999999999997,14.57,327.0,392.4,457.8,523.2,588.6,654.0,ShowDailyK_ChartFlow,FinMind_API_TaiwanStockPrice_6414,True,2026-09-22T15:49:52,2026-09-22T15:49:52,2026-09-22T15:49:52
6414,樺漢,2025-08-14,319.0,8.0,2.57%,21.799999999999997,14.65,327.0,392.4,457.8,523.2,588.6,654.0,ShowDailyK_ChartFlow,FinMind_API_TaiwanStockPrice_6414,True,2026-09-22T15:49:52,2026-09-22T15:49:52,2026-09-22T15:49:52
6414,樺漢,2025-08-15,309.0,-10.0,-3.13%,21.799999999999997,14.19,327.0,392.4,457.8,523.2,588.6,654.0,ShowDailyK_ChartFlow,FinMind_API_TaiwanStockPrice_6414,True,2026-09-22T15:49:52,2026-09-22T15:49:52,2026-09-22T15:49:52
6414,樺漢,2025-08-18,304.0,-5.0,-1.62%,21.799999999999997,13.96,327.0,392.4,457.8,523.2,588.6,654.0,ShowDailyK_ChartFlow,FinMind_API_TaiwanStockPrice_6414,True,2026-09-22T15:49:52,2026-09-22T15:49:52,2026-09-22T15:49:52
6414,樺漢,2025-08-19,313.0,9.0,2.96%,21.799999999999997,14.38,327.0,392.4,457.8,523.2,588.6,654.0,ShowDailyK_ChartFlow,FinMind_API_TaiwanStockPrice_6414,True,2026-09-22T15:49:52,2026-09-22T15:49:52,2026-09-22T15:49:52
6414,樺漢,2025-08-20,310.5,-2.5,-0.80%,21.799999999999997,14.26,327.0,392.4,457.8,523.2,588.6,654.0,ShowDailyK_ChartFlow,FinMind_API_TaiwanStockPrice_6414,True,2026-09-22T15:49:52,2026-09-22T15:49:52,2026-09-22T15:49:52
6414,樺漢,2025-08-21,318.0,7.5,2.42%,21.799999999999997,14.61,327.0,392.4,457.8,523.2,588.6,654.0,ShowDailyK_ChartFlow,FinMind_API_TaiwanStockPrice_6414,True,2026-09-22T15:49:52,2026-09-22T15:49:52,2026-09-22T15:49:52
6414,樺漢,2025-08-22,311.5,-6.5,-2.04%,21.799999999999997,14.31,327.0,392.4,457.8,523.2,588.6,654.0,ShowDailyK_ChartFlow,FinMind_API_TaiwanStockPrice_6414,True,2026-09-22T15:49:52,2026-09-22T15:49:52,2026-09-22T15:49:52
6414,樺漢,2025-08-25,315.0,3.5,1.12%,21.799999999999997,14.47,327.0,392.4,457.8,523.2,588.6,654.0,ShowDailyK_ChartFlow,FinMind_API_TaiwanStockPrice_6414,True,2026-09-22T15:49:52,2026-09-22T15:49:52,2026-09-22T15:49:52
6414,樺漢,2025-08-26,311.0,-4.0,-1.27%,21.799999999999997,14.29,327.0,392.4,457.8,523.2,588.6,654.0,ShowDailyK_ChartFlow,FinMind_API_TaiwanStockPrice_6414,True,2026-09-22T15:49:52,2026-09-22T15:49:52,2026-09-22T15:49:52
6414,樺漢,2025-08-27,320.5,9.5,3.05%,21.799999999999997,14.72,327.0,392.4,457.8,523.2,588.6,654.0,ShowDailyK_ChartFlow,FinMind_API_TaiwanStockPrice_6414,True,2026-09-22T15:49:52,2026-09-22T15:49:52,2026-09-22T15:49:52
6414,樺漢,2025-08-28,326.0,5.5,1.72%,21.799999999999997,14.97,327.0,392.4,457.8,523.2,588.6,654.0,ShowDailyK_ChartFlow,FinMind_API_TaiwanStockPrice_6414,True,2026-09-22T15:49:52,2026-09-22T15:49:52,2026-09-22T15:49:52
6414,樺漢,2025-08-29,322.0,-4.0,-1.23%,21.799999999999997,14.79,327.0,392.4,457.8,523.2,588.6,654.0,ShowDailyK_ChartFlow,FinMind_API_TaiwanStockPrice_6414,True,2026-09-22T15:49:52,2026-09-22T15:49:52,2026-09-22T15:49:52
6414,樺漢,2025-09-01,319.0,-3.0,-0.93%,21.799999999999997,14.65,327.0,392.4,457.8,523.2,588.6,654.0,ShowDailyK_ChartFlow,FinMind_API_TaiwanStockPrice_6414,True,2026-09-22T15:49:52,2026-09-22T15:49:52,2026-09-22T15:49:52
6414,樺漢,2025-09-02,311.0,-8.0,-2.51%,21.799999999999997,14.29,327.0,392.4,457.8,523.2,588.6,654.0,ShowDailyK_ChartFlow,FinMind_API_TaiwanStockPrice_6414,True,2026-09-22T15:49:52,2026-09-22T15:49:52,2026-09-22T15:49:52
6414,樺漢,2025-09-03,314.0,3.0,0.96%,21.799999999999997,14.42,327.0,392.4,457.8,523.2,588.6,654.0,ShowDailyK_ChartFlow,FinMind_API_TaiwanStockPrice_6414,True,2026-09-22T15:49:52,2026-09-22T15:49:52,2026-09-22T15:49:52
6414,樺漢,2025-09-04,307.5,-6.5,-2.07%,21.799999999999997,14.12,327.0,392.4,457.8,523.2,588.6,654.0,ShowDailyK_ChartFlow,FinMind_API_TaiwanStockPrice_6414,True,2026-09-22T15:49:52,2026-09-22T15:49:52,2026-09-22T15:49:52
6414,樺漢,2025-09-05,309.5,2.0,0.65%,21.799999999999997,14.22,327.0,392.4,457.8,523.2,588.6,654.0,ShowDailyK_ChartFlow,FinMind_API_TaiwanStockPrice_6414,True,2026-09-22T15:49:52,2026-09-22T15:49:52,2026-09-22T15:49:52
6414,樺漢,2025-09-08,308.5,-1.0,-0.32%,21.799999999999997,14.17,327.0,392.4,457.8,523.2,588.6,654.0,ShowDailyK_ChartFlow,FinMind_API_TaiwanStockPrice_6414,True,2026-09-22T15:49:52,2026-09-22T15:49:52,2026-09-22T15:49:52
6414,樺漢,2025-09-09,305.5,-3.0,-0.97%,21.799999999999997,14.03,327.0,392.4,457.8,523.2,588.6,654.0,ShowDailyK_ChartFlow,FinMind_API_TaiwanStockPrice_6414,True,2026-09-22T15:49:52,2026-09-22T15:49:52,2026-09-22T15:49:52
6414,樺漢,2025-09-10,309.0,3.5,1.15%,21.799999999999997,14.19,327.0,392.4,457.8,523.2,588.6,654.0,ShowDailyK_ChartFlow,FinMind_API_TaiwanStockPrice_6414,True,2026-09-22T15:49:52,2026-09-22T15:49:52,2026-09-22T15:49:52
6414,樺漢,2025-09-11,301.5,-7.5,-2.43%,21.799999999999997,13.85,327.0,392.4,457.8,523.2,588.6,654.0,ShowDailyK_ChartFlow,FinMind_API_TaiwanStockPrice_6414,True,2026-09-22T15:49:52,2026-09-22T15:49:52,2026-09-22T15:49:52
6414,樺漢,2025-09-12,302.5,1.0,0.33%,21.799999999999997,13.9,327.0,392.4,457.8,523.2,588.6,654.0,ShowDailyK_ChartFlow,FinMind_API_TaiwanStockPrice_6414,True,2026-09-22T15:49:52,2026-09-22T15:49:52,2026-09-22T15:49:52
6414,樺漢,2025-09-15,298.0,-4.5,-1.49%,21.799999999999997,13.69,327.0,392.4,457.8,523.2,588.6,654.0,ShowDailyK_ChartFlow,FinMind_API_TaiwanStockPrice_6414,True,2026-09-22T15:49:52,2026-09-22T15:49:52,2026-09-22T15:49:52
6414,樺漢,2025-09-16,299.0,1.0,0.34%,21.799999999999997,13.73,327.0,392.4,457.8,523.2,588.6,654.0,ShowDailyK_ChartFlow,FinMind_API_TaiwanStockPrice_6414,True,2026-09-22T15:49:52,2026-09-22T15:49:52,2026-09-22T15:49:52
6414,樺漢,2025-09-17,298.0,-1.0,-0.33%,21.799999999999997,13.69,327.0,392.4,457.8,523.2,588.6,654.0,ShowDailyK_ChartFlow,FinMind_API_TaiwanStockPrice_6414,True,2026-09-22T15:49:52,2026-09-22T15:49:52,2026-09-22T15:49:52
6414,樺漢,2025-09-18,303.0,5.0,1.68%,21.799999999999997,13.92,327.0,392.4,457.8,523.2,588.6,654.0,ShowDailyK_ChartFlow,FinMind_API_TaiwanStockPrice_6414,True,2026-09-22T15:49:52,2026-09-22T15:49:52,2026-09-22T15:49:52
6414,樺漢,2025-09-19,303.5,0.5,0.17%,21.799999999999997,13.94,327.0,392.4,457.8,523.2,588.6,654.0,ShowDailyK_ChartFlow,FinMind_API_TaiwanStockPrice_6414,True,2026-09-22T15:49:52,2026-09-22T15:49:52,2026-09-22T15:49:52
6414,樺漢,2025-09-22,300.0,-3.5,-1.15%,21.799999999999997,13.78,327.0,392.4,457.8,523.2,588.6,654.0,ShowDailyK_ChartFlow,FinMind_API_TaiwanStockPrice_6414,True,2026-09-22T15:49:52,2026-09-22T15:49:52,2026-09-22T15:49:52
6414,樺漢,2025-09-23,299.0,-1.0,-0.33%,21.799999999999997,13.73,327.0,392.4,457.8,523.2,588.6,654.0,ShowDailyK_ChartFlow,FinMind_API_TaiwanStockPrice_6414,True,2026-09-22T15:49:52,2026-09-22T15:49:52,2026-09-22T15:49:52
6414,樺漢,2025-09-24,301.0,2.0,0.67%,21.799999999999997,13.83,327.0,392.4,457.8,523.2,588.6,654.0,ShowDailyK_ChartFlow,FinMind_API_TaiwanStockPrice_6414,True,2026-09-22T15:49:52,2026-09-22T15:49:52,2026-09-22T15:49:52
6414,樺漢,2025-09-25,298.0,-3.0,-1.00%,21.799999999999997,13.69,327.0,392.4,457.8,523.2,588.6,654.0,ShowDailyK_ChartFlow,FinMind_API_TaiwanStockPrice_6414,True,2026-09-22T15:49:52,2026-09-22T15:49:52,2026-09-22T15:49:52
6414,樺漢,2025-09-26,290.5,-7.5,-2.52%,21.799999999999997,13.34,327.0,392.4,457.8,523.2,588.6,654.0,ShowDailyK_ChartFlow,FinMind_API_TaiwanStockPrice_6414,True,2026-09-22T15:49:52,2026-09-22T15:49:52,2026-09-22T15:49:52
6414,樺漢,2025-09-30,294.5,4.0,1.38%,23.679999999999996,13.53,355.2,426.24,497.28,568.32,639.36,710.4,ShowDailyK_ChartFlow,FinMind_API_TaiwanStockPrice_6414,True,2026-09-22T15:49:52,2026-09-22T15:49:52,2026-09-22T15:49:52
6414,樺漢,2025-10-01,297.5,3.0,1.02%,23.679999999999996,13.67,355.2,426.24,497.28,568.32,639.36,710.4,ShowDailyK_ChartFlow,FinMind_API_TaiwanStockPrice_6414,True,2026-09-22T15:49:52,2026-09-22T15:49:52,2026-09-22T15:49:52
6414,樺漢,2025-10-02,296.5,-1.0,-0.34%,23.679999999999996,13.62,355.2,426.24,497.28,568.32,639.36,710.4,ShowDailyK_ChartFlow,FinMind_API_TaiwanStockPrice_6414,True,2026-09-22T15:49:52,2026-09-22T15:49:52,2026-09-22T15:49:52
6414,樺漢,2025-10-03,293.0,-3.5,-1.18%,23.679999999999996,13.46,355.2,426.24,497.28,568.32,639.36,710.4,ShowDailyK_ChartFlow,FinMind_API_TaiwanStockPrice_6414,True,2026-09-22T15:49:52,2026-09-22T15:49:52,2026-09-22T15:49:52
6414,樺漢,2025-10-07,293.0,0.0,0.00%,23.679999999999996,13.46,355.2,426.24,497.28,568.32,639.36,710.4,ShowDailyK_ChartFlow,FinMind_API_TaiwanStockPrice_6414,True,2026-09-22T15:49:52,2026-09-22T15:49:52,2026-09-22T15:49:52
6414,樺漢,2025-10-08,295.0,2.0,0.68%,23.679999999999996,13.55,355.2,426.24,497.28,568.32,639.36,710.4,ShowDailyK_ChartFlow,FinMind_API_TaiwanStockPrice_6414,True,2026-09-22T15:49:52,2026-09-22T15:49:52,2026-09-22T15:49:52
6414,樺漢,2025-10-09,296.0,1.0,0.34%,23.679999999999996,13.6,355.2,426.24,497.28,568.32,639.36,710.4,ShowDailyK_ChartFlow,FinMind_API_TaiwanStockPrice_6414,True,2026-09-22T15:49:52,2026-09-22T15:49:52,2026-09-22T15:49:52
6414,樺漢,2025-10-13,290.0,-6.0,-2.03%,23.679999999999996,13.32,355.2,426.24,497.28,568.32,639.36,710.4,ShowDailyK_ChartFlow,FinMind_API_TaiwanStockPrice_6414,True,2026-09-22T15:49:52,2026-09-22T15:49:52,2026-09-22T15:49:52
6414,樺漢,2025-10-14,284.0,-6.0,-2.07%,23.679999999999996,13.05,355.2,426.24,497.28,568.32,639.36,710.4,ShowDailyK_ChartFlow,FinMind_API_TaiwanStockPrice_6414,True,2026-09-22T15:49:52,2026-09-22T15:49:52,2026-09-22T15:49:52
6414,樺漢,2025-10-15,291.0,7.0,2.46%,23.679999999999996,13.37,355.2,426.24,497.28,568.32,639.36,710.4,ShowDailyK_ChartFlow,FinMind_API_TaiwanStockPrice_6414,True,2026-09-22T15:49:52,2026-09-22T15:49:52,2026-09-22T15:49:52
6414,樺漢,2025-10-16,293.0,2.0,0.69%,23.679999999999996,13.46,355.2,426.24,497.28,568.32,639.36,710.4,ShowDailyK_ChartFlow,FinMind_API_TaiwanStockPrice_6414,True,2026-09-22T15:49:52,2026-09-22T15:49:52,2026-09-22T15:49:52
6414,樺漢,2025-10-17,297.5,4.5,1.54%,23.679999999999996,13.67,355.2,426.24,497.28,568.32,639.36,710.4,ShowDailyK_ChartFlow,FinMind_API_TaiwanStockPrice_6414,True,2026-09-22T15:49:52,2026-09-22T15:49:52,2026-09-22T15:49:52
6414,樺漢,2025-10-20,295.5,-2.0,-0.67%,23.679999999999996,13.57,355.2,426.24,497.28,568.32,639.36,710.4,ShowDailyK_ChartFlow,FinMind_API_TaiwanStockPrice_6414,True,2026-09-22T15:49:52,2026-09-22T15:49:52,2026-09-22T15:49:52
6414,樺漢,2025-10-21,295.0,-0.5,-0.17%,23.679999999999996,13.55,355.2,426.24,497.28,568.32,639.36,710.4,ShowDailyK_ChartFlow,FinMind_API_TaiwanStockPrice_6414,True,2026-09-22T15:49:52,2026-09-22T15:49:52,2026-09-22T15:49:52
6414,樺漢,2025-10-22,293.5,-1.5,-0.51%,23.679999999999996,13.48,355.2,426.24,497.28,568.32,639.36,710.4,ShowDailyK_ChartFlow,FinMind_API_TaiwanStockPrice_6414,True,2026-09-22T15:49:52,2026-09-22T15:49:52,2026-09-22T15:49:52
6414,樺漢,2025-10-23,290.0,-3.5,-1.19%,23.679999999999996,13.32,355.2,426.24,497.28,568.32,639.36,710.4,ShowDailyK_ChartFlow,FinMind_API_TaiwanStockPrice_6414,True,2026-09-22T15:49:52,2026-09-22T15:49:52,2026-09-22T15:49:52
6414,樺漢,2025-10-27,291.0,1.0,0.34%,23.679999999999996,13.37,355.2,426.24,497.28,568.32,639.36,710.4,ShowDailyK_ChartFlow,FinMind_API_TaiwanStockPrice_6414,True,2026-09-22T15:49:52,2026-09-22T15:49:52,2026-09-22T15:49:52
6414,樺漢,2025-10-28,292.0,1.0,0.34%,23.679999999999996,13.41,355.2,426.24,497.28,568.32,639.36,710.4,ShowDailyK_ChartFlow,FinMind_API_TaiwanStockPrice_6414,True,2026-09-22T15:49:52,2026-09-22T15:49:52,2026-09-22T15:49:52
6414,樺漢,2025-10-29,296.0,4.0,1.37%,23.679999999999996,13.6,355.2,426.24,497.28,568.32,639.36,710.4,ShowDailyK_ChartFlow,FinMind_API_TaiwanStockPrice_6414,True,2026-09-22T15:49:52,2026-09-22T15:49:52,2026-09-22T15:49:52
6414,樺漢,2025-10-30,291.5,-4.5,-1.52%,23.679999999999996,13.39,355.2,426.24,497.28,568.32,639.36,710.4,ShowDailyK_ChartFlow,FinMind_API_TaiwanStockPrice_6414,True,2026-09-22T15:49:52,2026-09-22T15:49:52,2026-09-22T15:49:52
6414,樺漢,2025-10-31,292.5,1.0,0.34%,23.679999999999996,13.44,355.2,426.24,497.28,568.32,639.36,710.4,ShowDailyK_ChartFlow,FinMind_API_TaiwanStockPrice_6414,True,2026-09-22T15:49:52,2026-09-22T15:49:52,2026-09-22T15:49:52
6414,樺漢,2025-11-03,293.0,0.5,0.17%,23.679999999999996,13.46,355.2,426.24,497.28,568.32,639.36,710.4,ShowDailyK_ChartFlow,FinMind_API_TaiwanStockPrice_6414,True,2026-09-22T15:49:52,2026-09-22T15:49:52,2026-09-22T15:49:52
6414,樺漢,2025-11-04,281.5,-11.5,-3.92%,23.679999999999996,12.93,355.2,426.24,497.28,568.32,639.36,710.4,ShowDailyK_ChartFlow,FinMind_API_TaiwanStockPrice_6414,True,2026-09-22T15:49:52,2026-09-22T15:49:52,2026-09-22T15:49:52
6414,樺漢,2025-11-05,280.5,-1.0,-0.36%,23.679999999999996,12.88,355.2,426.24,497.28,568.32,639.36,710.4,ShowDailyK_ChartFlow,FinMind_API_TaiwanStockPrice_6414,True,2026-09-22T15:49:52,2026-09-22T15:49:52,2026-09-22T15:49:52
6414,樺漢,2025-11-06,285.0,4.5,1.60%,23.679999999999996,13.09,355.2,426.24,497.28,568.32,639.36,710.4,ShowDailyK_ChartFlow,FinMind_API_TaiwanStockPrice_6414,True,2026-09-22T15:49:52,2026-09-22T15:49:52,2026-09-22T15:49:52
6414,樺漢,2025-11-07,283.5,-1.5,-0.53%,23.679999999999996,13.02,355.2,426.24,497.28,568.32,639.36,710.4,ShowDailyK_ChartFlow,FinMind_API_TaiwanStockPrice_6414,True,2026-09-22T15:49:52,2026-09-22T15:49:52,2026-09-22T15:49:52
6414,樺漢,2025-11-10,279.0,-4.5,-1.59%,23.679999999999996,12.82,355.2,426.24,497.28,568.32,639.36,710.4,ShowDailyK_ChartFlow,FinMind_API_TaiwanStockPrice_6414,True,2026-09-22T15:49:52,2026-09-22T15:49:52,2026-09-22T15:49:52
6414,樺漢,2025-11-11,279.5,0.5,0.18%,23.679999999999996,12.84,355.2,426.24,497.28,568.32,639.36,710.4,ShowDailyK_ChartFlow,FinMind_API_TaiwanStockPrice_6414,True,2026-09-22T15:49:52,2026-09-22T15:49:52,2026-09-22T15:49:52
6414,樺漢,2025-11-12,282.5,3.0,1.07%,23.679999999999996,12.98,355.2,426.24,497.28,568.32,639.36,710.4,ShowDailyK_ChartFlow,FinMind_API_TaiwanStockPrice_6414,True,2026-09-22T15:49:52,2026-09-22T15:49:52,2026-09-22T15:49:52
6414,樺漢,2025-11-13,276.0,-6.5,-2.30%,23.679999999999996,12.68,355.2,426.24,497.28,568.32,639.36,710.4,ShowDailyK_ChartFlow,FinMind_API_TaiwanStockPrice_6414,True,2026-09-22T15:49:52,2026-09-22T15:49:52,2026-09-22T15:49:52
6414,樺漢,2025-11-14,282.0,6.0,2.17%,23.679999999999996,11.92,355.2,426.24,497.28,568.32,639.36,710.4,ShowDailyK_ChartFlow,FinMind_API_TaiwanStockPrice_6414,True,2026-09-22T15:49:52,2026-09-22T15:49:52,2026-09-22T15:49:52
6414,樺漢,2025-11-17,297.0,15.0,5.32%,23.679999999999996,12.55,355.2,426.24,497.28,568.32,639.36,710.4,ShowDailyK_ChartFlow,FinMind_API_TaiwanStockPrice_6414,True,2026-09-22T15:49:52,2026-09-22T15:49:52,2026-09-22T15:49:52
6414,樺漢,2025-11-18,288.5,-8.5,-2.86%,23.679999999999996,12.19,355.2,426.24,497.28,568.32,639.36,710.4,ShowDailyK_ChartFlow,FinMind_API_TaiwanStockPrice_6414,True,2026-09-22T15:49:52,2026-09-22T15:49:52,2026-09-22T15:49:52
6414,樺漢,2025-11-19,288.0,-0.5,-0.17%,23.679999999999996,12.17,355.2,426.24,497.28,568.32,639.36,710.4,ShowDailyK_ChartFlow,FinMind_API_TaiwanStockPrice_6414,True,2026-09-22T15:49:52,2026-09-22T15:49:52,2026-09-22T15:49:52
6414,樺漢,2025-11-20,294.0,6.0,2.08%,23.679999999999996,12.43,355.2,426.24,497.28,568.32,639.36,710.4,ShowDailyK_ChartFlow,FinMind_API_TaiwanStockPrice_6414,True,2026-09-22T15:49:52,2026-09-22T15:49:52,2026-09-22T15:49:52
6414,樺漢,2025-11-21,287.0,-7.0,-2.38%,23.679999999999996,12.13,355.2,426.24,497.28,568.32,639.36,710.4,ShowDailyK_ChartFlow,FinMind_API_TaiwanStockPrice_6414,True,2026-09-22T15:49:52,2026-09-22T15:49:52,2026-09-22T15:49:52
6414,樺漢,2025-11-24,282.0,-5.0,-1.74%,23.679999999999996,11.92,355.2,426.24,497.28,568.32,639.36,710.4,ShowDailyK_ChartFlow,FinMind_API_TaiwanStockPrice_6414,True,2026-09-22T15:49:52,2026-09-22T15:49:52,2026-09-22T15:49:52
6414,樺漢,2025-11-25,290.0,8.0,2.84%,23.679999999999996,12.26,355.2,426.24,497.28,568.32,639.36,710.4,ShowDailyK_ChartFlow,FinMind_API_TaiwanStockPrice_6414,True,2026-09-22T15:49:52,2026-09-22T15:49:52,2026-09-22T15:49:52
6414,樺漢,2025-11-26,294.0,4.0,1.38%,23.679999999999996,12.43,355.2,426.24,497.28,568.32,639.36,710.4,ShowDailyK_ChartFlow,FinMind_API_TaiwanStockPrice_6414,True,2026-09-22T15:49:52,2026-09-22T15:49:52,2026-09-22T15:49:52
6414,樺漢,2025-11-27,296.0,2.0,0.68%,23.679999999999996,12.51,355.2,426.24,497.28,568.32,639.36,710.4,ShowDailyK_ChartFlow,FinMind_API_TaiwanStockPrice_6414,True,2026-09-22T15:49:52,2026-09-22T15:49:52,2026-09-22T15:49:52
6414,樺漢,2025-11-28,298.0,2.0,0.68%,23.679999999999996,12.6,355.2,426.24,497.28,568.32,639.36,710.4,ShowDailyK_ChartFlow,FinMind_API_TaiwanStockPrice_6414,True,2026-09-22T15:49:52,2026-09-22T15:49:52,2026-09-22T15:49:52
6414,樺漢,2025-12-01,288.0,-10.0,-3.36%,23.679999999999996,12.17,355.2,426.24,497.28,568.32,639.36,710.4,ShowDailyK_ChartFlow,FinMind_API_TaiwanStockPrice_6414,True,2026-09-22T15:49:52,2026-09-22T15:49:52,2026-09-22T15:49:52
6414,樺漢,2025-12-02,286.0,-2.0,-0.69%,23.679999999999996,12.09,355.2,426.24,497.28,568.32,639.36,710.4,ShowDailyK_ChartFlow,FinMind_API_TaiwanStockPrice_6414,True,2026-09-22T15:49:52,2026-09-22T15:49:52,2026-09-22T15:49:52
6414,樺漢,2025-12-03,291.0,5.0,1.75%,23.679999999999996,12.3,355.2,426.24,497.28,568.32,639.36,710.4,ShowDailyK_ChartFlow,FinMind_API_TaiwanStockPrice_6414,True,2026-09-22T15:49:52,2026-09-22T15:49:52,2026-09-22T15:49:52
6414,樺漢,2025-12-04,290.0,-1.0,-0.34%,23.679999999999996,12.26,355.2,426.24,497.28,568.32,639.36,710.4,ShowDailyK_ChartFlow,FinMind_API_TaiwanStockPrice_6414,True,2026-09-22T15:49:52,2026-09-22T15:49:52,2026-09-22T15:49:52
6414,樺漢,2025-12-05,290.5,0.5,0.17%,23.679999999999996,12.28,355.2,426.24,497.28,568.32,639.36,710.4,ShowDailyK_ChartFlow,FinMind_API_TaiwanStockPrice_6414,True,2026-09-22T15:49:52,2026-09-22T15:49:52,2026-09-22T15:49:52
6414,樺漢,2025-12-08,291.0,0.5,0.17%,23.679999999999996,12.3,355.2,426.24,497.28,568.32,639.36,710.4,ShowDailyK_ChartFlow,FinMind_API_TaiwanStockPrice_6414,True,2026-09-22T15:49:52,2026-09-22T15:49:52,2026-09-22T15:49:52
6414,樺漢,2025-12-09,287.5,-3.5,-1.20%,23.679999999999996,12.15,355.2,426.24,497.28,568.32,639.36,710.4,ShowDailyK_ChartFlow,FinMind_API_TaiwanStockPrice_6414,True,2026-09-22T15:49:52,2026-09-22T15:49:52,2026-09-22T15:49:52
6414,樺漢,2025-12-10,292.5,5.0,1.74%,23.679999999999996,12.36,355.2,426.24,497.28,568.32,639.36,710.4,ShowDailyK_ChartFlow,FinMind_API_TaiwanStockPrice_6414,True,2026-09-22T15:49:52,2026-09-22T15:49:52,2026-09-22T15:49:52
6414,樺漢,2025-12-11,292.5,0.0,0.00%,23.679999999999996,12.36,355.2,426.24,497.28,568.32,639.36,710.4,ShowDailyK_ChartFlow,FinMind_API_TaiwanStockPrice_6414,True,2026-09-22T15:49:52,2026-09-22T15:49:52,2026-09-22T15:49:52
6414,樺漢,2025-12-12,294.5,2.0,0.68%,23.679999999999996,12.45,355.2,426.24,497.28,568.32,639.36,710.4,ShowDailyK_ChartFlow,FinMind_API_TaiwanStockPrice_6414,True,2026-09-22T15:49:52,2026-09-22T15:49:52,2026-09-22T15:49:52
6414,樺漢,2025-12-15,292.5,-2.0,-0.68%,23.679999999999996,12.36,355.2,426.24,497.28,568.32,639.36,710.4,ShowDailyK_ChartFlow,FinMind_API_TaiwanStockPrice_6414,True,2026-09-22T15:49:52,2026-09-22T15:49:52,2026-09-22T15:49:52
6414,樺漢,2025-12-16,288.5,-4.0,-1.37%,23.679999999999996,12.19,355.2,426.24,497.28,568.32,639.36,710.4,ShowDailyK_ChartFlow,FinMind_API_TaiwanStockPrice_6414,True,2026-09-22T15:49:52,2026-09-22T15:49:52,2026-09-22T15:49:52
6414,樺漢,2025-12-17,293.5,5.0,1.73%,23.679999999999996,12.4,355.2,426.24,497.28,568.32,639.36,710.4,ShowDailyK_ChartFlow,FinMind_API_TaiwanStockPrice_6414,True,2026-09-22T15:49:52,2026-09-22T15:49:52,2026-09-22T15:49:52
6414,樺漢,2025-12-18,296.5,3.0,1.02%,23.679999999999996,12.53,355.2,426.24,497.28,568.32,639.36,710.4,ShowDailyK_ChartFlow,FinMind_API_TaiwanStockPrice_6414,True,2026-09-22T15:49:52,2026-09-22T15:49:52,2026-09-22T15:49:52
6414,樺漢,2025-12-19,298.0,1.5,0.51%,23.679999999999996,12.6,355.2,426.24,497.28,568.32,639.36,710.4,ShowDailyK_ChartFlow,FinMind_API_TaiwanStockPrice_6414,True,2026-09-22T15:49:52,2026-09-22T15:49:52,2026-09-22T15:49:52
6414,樺漢,2025-12-22,300.5,2.5,0.84%,23.679999999999996,12.7,355.2,426.24,497.28,568.32,639.36,710.4,ShowDailyK_ChartFlow,FinMind_API_TaiwanStockPrice_6414,True,2026-09-22T15:49:52,2026-09-22T15:49:52,2026-09-22T15:49:52
6414,樺漢,2025-12-23,299.0,-1.5,-0.50%,23.679999999999996,12.64,355.2,426.24,497.28,568.32,639.36,710.4,ShowDailyK_ChartFlow,FinMind_API_TaiwanStockPrice_6414,True,2026-09-22T15:49:52,2026-09-22T15:49:52,2026-09-22T15:49:52
6414,樺漢,2025-12-24,297.5,-1.5,-0.50%,23.679999999999996,12.57,355.2,426.24,497.28,568.32,639.36,710.4,ShowDailyK_ChartFlow,FinMind_API_TaiwanStockPrice_6414,True,2026-09-22T15:49:52,2026-09-22T15:49:52,2026-09-22T15:49:52
6414,樺漢,2025-12-26,293.0,-4.5,-1.51%,23.679999999999996,12.38,355.2,426.24,497.28,568.32,639.36,710.4,ShowDailyK_ChartFlow,FinMind_API_TaiwanStockPrice_6414,True,2026-09-22T15:49:52,2026-09-22T15:49:52,2026-09-22T15:49:52
6414,樺漢,2025-12-29,293.0,0.0,0.00%,23.679999999999996,12.38,355.2,426.24,497.28,568.32,639.36,710.4,ShowDailyK_ChartFlow,FinMind_API_TaiwanStockPrice_6414,True,2026-09-22T15:49:52,2026-09-22T15:49:52,2026-09-22T15:49:52
6414,樺漢,2025-12-30,288.5,-4.5,-1.54%,23.679999999999996,12.19,355.2,426.24,497.28,568.32,639.36,710.4,ShowDailyK_ChartFlow,FinMind_API_TaiwanStockPrice_6414,True,2026-09-22T15:49:52,2026-09-22T15:49:52,2026-09-22T15:49:52
6414,樺漢,2025-12-31,286.5,-2.0,-0.69%,23.259999999999994,12.11,348.9,418.68,488.46,558.24,628.02,697.8,ShowDailyK_ChartFlow,FinMind_API_TaiwanStockPrice_6414,True,2026-09-22T15:49:52,2026-09-22T15:49:52,2026-09-22T15:49:52
6414,樺漢,2026-01-02,286.0,-0.5,-0.17%,23.259999999999994,12.09,348.9,418.68,488.46,558.24,628.02,697.8,ShowDailyK_ChartFlow,FinMind_API_TaiwanStockPrice_6414,True,2026-09-22T15:49:52,2026-09-22T15:49:52,2026-09-22T15:49:52
6414,樺漢,2026-01-05,283.0,-3.0,-1.05%,23.259999999999994,11.96,348.9,418.68,488.46,558.24,628.02,697.8,ShowDailyK_ChartFlow,FinMind_API_TaiwanStockPrice_6414,True,2026-09-22T15:49:52,2026-09-22T15:49:52,2026-09-22T15:49:52
6414,樺漢,2026-01-06,283.0,0.0,0.00%,23.259999999999994,11.96,348.9,418.68,488.46,558.24,628.02,697.8,ShowDailyK_ChartFlow,FinMind_API_TaiwanStockPrice_6414,True,2026-09-22T15:49:52,2026-09-22T15:49:52,2026-09-22T15:49:52
6414,樺漢,2026-01-07,287.5,4.5,1.59%,23.259999999999994,12.15,348.9,418.68,488.46,558.24,628.02,697.8,ShowDailyK_ChartFlow,FinMind_API_TaiwanStockPrice_6414,True,2026-09-22T15:49:52,2026-09-22T15:49:52,2026-09-22T15:49:52
6414,樺漢,2026-01-08,291.0,3.5,1.22%,23.259999999999994,12.3,348.9,418.68,488.46,558.24,628.02,697.8,ShowDailyK_ChartFlow,FinMind_API_TaiwanStockPrice_6414,True,2026-09-22T15:49:52,2026-09-22T15:49:52,2026-09-22T15:49:52
6414,樺漢,2026-01-09,288.0,-3.0,-1.03%,23.259999999999994,12.17,348.9,418.68,488.46,558.24,628.02,697.8,ShowDailyK_ChartFlow,FinMind_API_TaiwanStockPrice_6414,True,2026-09-22T15:49:52,2026-09-22T15:49:52,2026-09-22T15:49:52
6414,樺漢,2026-01-12,293.5,5.5,1.91%,23.259999999999994,12.4,348.9,418.68,488.46,558.24,628.02,697.8,ShowDailyK_ChartFlow,FinMind_API_TaiwanStockPrice_6414,True,2026-09-22T15:49:52,2026-09-22T15:49:52,2026-09-22T15:49:52
6414,樺漢,2026-01-13,288.5,-5.0,-1.70%,23.259999999999994,12.19,348.9,418.68,488.46,558.24,628.02,697.8,ShowDailyK_ChartFlow,FinMind_API_TaiwanStockPrice_6414,True,2026-09-22T15:49:52,2026-09-22T15:49:52,2026-09-22T15:49:52
6414,樺漢,2026-01-14,297.0,8.5,2.95%,23.259999999999994,12.55,348.9,418.68,488.46,558.24,628.02,697.8,ShowDailyK_ChartFlow,FinMind_API_TaiwanStockPrice_6414,True,2026-09-22T15:49:52,2026-09-22T15:49:52,2026-09-22T15:49:52
6414,樺漢,2026-01-15,297.0,0.0,0.00%,23.259999999999994,12.55,348.9,418.68,488.46,558.24,628.02,697.8,ShowDailyK_ChartFlow,FinMind_API_TaiwanStockPrice_6414,True,2026-09-22T15:49:52,2026-09-22T15:49:52,2026-09-22T15:49:52
6414,樺漢,2026-01-16,304.0,7.0,2.36%,23.259999999999994,12.85,348.9,418.68,488.46,558.24,628.02,697.8,ShowDailyK_ChartFlow,FinMind_API_TaiwanStockPrice_6414,True,2026-09-22T15:49:52,2026-09-22T15:49:52,2026-09-22T15:49:52
6414,樺漢,2026-01-19,293.5,-10.5,-3.45%,23.259999999999994,12.4,348.9,418.68,488.46,558.24,628.02,697.8,ShowDailyK_ChartFlow,FinMind_API_TaiwanStockPrice_6414,True,2026-09-22T15:49:52,2026-09-22T15:49:52,2026-09-22T15:49:52
6414,樺漢,2026-01-20,296.0,2.5,0.85%,23.259999999999994,12.51,348.9,418.68,488.46,558.24,628.02,697.8,ShowDailyK_ChartFlow,FinMind_API_TaiwanStockPrice_6414,True,2026-09-22T15:49:52,2026-09-22T15:49:52,2026-09-22T15:49:52
6414,樺漢,2026-01-21,287.0,-9.0,-3.04%,23.259999999999994,12.13,348.9,418.68,488.46,558.24,628.02,697.8,ShowDailyK_ChartFlow,FinMind_API_TaiwanStockPrice_6414,True,2026-09-22T15:49:52,2026-09-22T15:49:52,2026-09-22T15:49:52
6414,樺漢,2026-01-22,290.5,3.5,1.22%,23.259999999999994,12.28,348.9,418.68,488.46,558.24,628.02,697.8,ShowDailyK_ChartFlow,FinMind_API_TaiwanStockPrice_6414,True,2026-09-22T15:49:52,2026-09-22T15:49:52,2026-09-22T15:49:52
6414,樺漢,2026-01-23,291.0,0.5,0.17%,23.259999999999994,12.3,348.9,418.68,488.46,558.24,628.02,697.8,ShowDailyK_ChartFlow,FinMind_API_TaiwanStockPrice_6414,True,2026-09-22T15:49:52,2026-09-22T15:49:52,2026-09-22T15:49:52
6414,樺漢,2026-01-26,288.5,-2.5,-0.86%,23.259999999999994,12.19,348.9,418.68,488.46,558.24,628.02,697.8,ShowDailyK_ChartFlow,FinMind_API_TaiwanStockPrice_6414,True,2026-09-22T15:49:52,2026-09-22T15:49:52,2026-09-22T15:49:52
6414,樺漢,2026-01-27,292.0,3.5,1.21%,23.259999999999994,12.34,348.9,418.68,488.46,558.24,628.02,697.8,ShowDailyK_ChartFlow,FinMind_API_TaiwanStockPrice_6414,True,2026-09-22T15:49:52,2026-09-22T15:49:52,2026-09-22T15:49:52
6414,樺漢,2026-01-28,293.5,1.5,0.51%,23.259999999999994,12.4,348.9,418.68,488.46,558.24,628.02,697.8,ShowDailyK_ChartFlow,FinMind_API_TaiwanStockPrice_6414,True,2026-09-22T15:49:52,2026-09-22T15:49:52,2026-09-22T15:49:52
6414,樺漢,2026-01-29,289.5,-4.0,-1.36%,23.259999999999994,12.24,348.9,418.68,488.46,558.24,628.02,697.8,ShowDailyK_ChartFlow,FinMind_API_TaiwanStockPrice_6414,True,2026-09-22T15:49:52,2026-09-22T15:49:52,2026-09-22T15:49:52
6414,樺漢,2026-01-30,284.0,-5.5,-1.90%,23.259999999999994,12.0,348.9,418.68,488.46,558.24,628.02,697.8,ShowDailyK_ChartFlow,FinMind_API_TaiwanStockPrice_6414,True,2026-09-22T15:49:52,2026-09-22T15:49:52,2026-09-22T15:49:52
6414,樺漢,2026-02-02,281.0,-3.0,-1.06%,23.259999999999994,11.88,348.9,418.68,488.46,558.24,628.02,697.8,ShowDailyK_ChartFlow,FinMind_API_TaiwanStockPrice_6414,True,2026-09-22T15:49:52,2026-09-22T15:49:52,2026-09-22T15:49:52
6414,樺漢,2026-02-03,285.0,4.0,1.42%,23.259999999999994,12.05,348.9,418.68,488.46,558.24,628.02,697.8,ShowDailyK_ChartFlow,FinMind_API_TaiwanStockPrice_6414,True,2026-09-22T15:49:52,2026-09-22T15:49:52,2026-09-22T15:49:52
6414,樺漢,2026-02-04,288.5,3.5,1.23%,23.259999999999994,12.19,348.9,418.68,488.46,558.24,628.02,697.8,ShowDailyK_ChartFlow,FinMind_API_TaiwanStockPrice_6414,True,2026-09-22T15:49:52,2026-09-22T15:49:52,2026-09-22T15:49:52
6414,樺漢,2026-02-05,282.5,-6.0,-2.08%,23.259999999999994,11.94,348.9,418.68,488.46,558.24,628.02,697.8,ShowDailyK_ChartFlow,FinMind_API_TaiwanStockPrice_6414,True,2026-09-22T15:49:52,2026-09-22T15:49:52,2026-09-22T15:49:52
6414,樺漢,2026-02-06,280.5,-2.0,-0.71%,23.259999999999994,11.86,348.9,418.68,488.46,558.24,628.02,697.8,ShowDailyK_ChartFlow,FinMind_API_TaiwanStockPrice_6414,True,2026-09-22T15:49:52,2026-09-22T15:49:52,2026-09-22T15:49:52
6414,樺漢,2026-02-09,284.0,3.5,1.25%,23.259999999999994,12.0,348.9,418.68,488.46,558.24,628.02,697.8,ShowDailyK_ChartFlow,FinMind_API_TaiwanStockPrice_6414,True,2026-09-22T15:49:52,2026-09-22T15:49:52,2026-09-22T15:49:52
6414,樺漢,2026-02-10,278.0,-6.0,-2.11%,23.259999999999994,11.75,348.9,418.68,488.46,558.24,628.02,697.8,ShowDailyK_ChartFlow,FinMind_API_TaiwanStockPrice_6414,True,2026-09-22T15:49:52,2026-09-22T15:49:52,2026-09-22T15:49:52
6414,樺漢,2026-02-11,280.0,2.0,0.72%,23.259999999999994,11.83,348.9,418.68,488.46,558.24,628.02,697.8,ShowDailyK_ChartFlow,FinMind_API_TaiwanStockPrice_6414,True,2026-09-22T15:49:52,2026-09-22T15:49:52,2026-09-22T15:49:52
6414,樺漢,2026-02-23,279.5,-0.5,-0.18%,23.259999999999994,11.81,348.9,418.68,488.46,558.24,628.02,697.8,ShowDailyK_ChartFlow,FinMind_API_TaiwanStockPrice_6414,True,2026-09-22T15:49:52,2026-09-22T15:49:52,2026-09-22T15:49:52
6414,樺漢,2026-02-24,283.5,4.0,1.43%,23.259999999999994,11.98,348.9,418.68,488.46,558.24,628.02,697.8,ShowDailyK_ChartFlow,FinMind_API_TaiwanStockPrice_6414,True,2026-09-22T15:49:52,2026-09-22T15:49:52,2026-09-22T15:49:52
6414,樺漢,2026-02-25,285.0,1.5,0.53%,23.259999999999994,12.05,348.9,418.68,488.46,558.24,628.02,697.8,ShowDailyK_ChartFlow,FinMind_API_TaiwanStockPrice_6414,True,2026-09-22T15:49:52,2026-09-22T15:49:52,2026-09-22T15:49:52
6414,樺漢,2026-02-26,285.0,0.0,0.00%,23.259999999999994,12.05,348.9,418.68,488.46,558.24,628.02,697.8,ShowDailyK_ChartFlow,FinMind_API_TaiwanStockPrice_6414,True,2026-09-22T15:49:52,2026-09-22T15:49:52,2026-09-22T15:49:52
6414,樺漢,2026-03-02,280.5,-4.5,-1.58%,23.259999999999994,11.86,348.9,418.68,488.46,558.24,628.02,697.8,ShowDailyK_ChartFlow,FinMind_API_TaiwanStockPrice_6414,True,2026-09-22T15:49:52,2026-09-22T15:49:52,2026-09-22T15:49:52
6414,樺漢,2026-03-03,275.0,-5.5,-1.96%,23.259999999999994,11.62,348.9,418.68,488.46,558.24,628.02,697.8,ShowDailyK_ChartFlow,FinMind_API_TaiwanStockPrice_6414,True,2026-09-22T15:49:52,2026-09-22T15:49:52,2026-09-22T15:49:52
6414,樺漢,2026-03-04,258.5,-16.5,-6.00%,23.259999999999994,10.93,348.9,418.68,488.46,558.24,628.02,697.8,ShowDailyK_ChartFlow,FinMind_API_TaiwanStockPrice_6414,True,2026-09-22T15:49:52,2026-09-22T15:49:52,2026-09-22T15:49:52
6414,樺漢,2026-03-05,270.0,11.5,4.45%,23.259999999999994,11.41,348.9,418.68,488.46,558.24,628.02,697.8,ShowDailyK_ChartFlow,FinMind_API_TaiwanStockPrice_6414,True,2026-09-22T15:49:52,2026-09-22T15:49:52,2026-09-22T15:49:52
6414,樺漢,2026-03-06,273.0,3.0,1.11%,23.259999999999994,11.54,348.9,418.68,488.46,558.24,628.02,697.8,ShowDailyK_ChartFlow,FinMind_API_TaiwanStockPrice_6414,True,2026-09-22T15:49:52,2026-09-22T15:49:52,2026-09-22T15:49:52
6414,樺漢,2026-03-09,265.0,-8.0,-2.93%,23.259999999999994,11.2,348.9,418.68,488.46,558.24,628.02,697.8,ShowDailyK_ChartFlow,FinMind_API_TaiwanStockPrice_6414,True,2026-09-22T15:49:52,2026-09-22T15:49:52,2026-09-22T15:49:52
6414,樺漢,2026-03-10,271.5,6.5,2.45%,23.259999999999994,11.48,348.9,418.68,488.46,558.24,628.02,697.8,ShowDailyK_ChartFlow,FinMind_API_TaiwanStockPrice_6414,True,2026-09-22T15:49:52,2026-09-22T15:49:52,2026-09-22T15:49:52
6414,樺漢,2026-03-11,276.5,5.0,1.84%,23.259999999999994,11.69,348.9,418.68,488.46,558.24,628.02,697.8,ShowDailyK_ChartFlow,FinMind_API_TaiwanStockPrice_6414,True,2026-09-22T15:49:52,2026-09-22T15:49:52,2026-09-22T15:49:52
6414,樺漢,2026-03-12,274.0,-2.5,-0.90%,23.259999999999994,11.58,348.9,418.68,488.46,558.24,628.02,697.8,ShowDailyK_ChartFlow,FinMind_API_TaiwanStockPrice_6414,True,2026-09-22T15:49:52,2026-09-22T15:49:52,2026-09-22T15:49:52
6414,樺漢,2026-03-13,276.0,2.0,0.73%,23.259999999999994,11.67,348.9,418.68,488.46,558.24,628.02,697.8,ShowDailyK_ChartFlow,FinMind_API_TaiwanStockPrice_6414,True,2026-09-22T15:49:52,2026-09-22T15:49:52,2026-09-22T15:49:52
6414,樺漢,2026-03-16,274.5,-1.5,-0.54%,23.259999999999994,11.6,348.9,418.68,488.46,558.24,628.02,697.8,ShowDailyK_ChartFlow,FinMind_API_TaiwanStockPrice_6414,True,2026-09-22T15:49:52,2026-09-22T15:49:52,2026-09-22T15:49:52
6414,樺漢,2026-03-17,276.0,1.5,0.55%,23.259999999999994,11.67,348.9,418.68,488.46,558.24,628.02,697.8,ShowDailyK_ChartFlow,FinMind_API_TaiwanStockPrice_6414,True,2026-09-22T15:49:52,2026-09-22T15:49:52,2026-09-22T15:49:52
6414,樺漢,2026-03-18,279.0,3.0,1.09%,23.259999999999994,11.79,348.9,418.68,488.46,558.24,628.02,697.8,ShowDailyK_ChartFlow,FinMind_API_TaiwanStockPrice_6414,True,2026-09-22T15:49:52,2026-09-22T15:49:52,2026-09-22T15:49:52
6414,樺漢,2026-03-19,271.5,-7.5,-2.69%,23.259999999999994,11.48,348.9,418.68,488.46,558.24,628.02,697.8,ShowDailyK_ChartFlow,FinMind_API_TaiwanStockPrice_6414,True,2026-09-22T15:49:52,2026-09-22T15:49:52,2026-09-22T15:49:52
6414,樺漢,2026-03-20,270.0,-1.5,-0.55%,23.259999999999994,11.41,348.9,418.68,488.46,558.24,628.02,697.8,ShowDailyK_ChartFlow,FinMind_API_TaiwanStockPrice_6414,True,2026-09-22T15:49:52,2026-09-22T15:49:52,2026-09-22T15:49:52
6414,樺漢,2026-03-23,264.0,-6.0,-2.22%,23.259999999999994,11.16,348.9,418.68,488.46,558.24,628.02,697.8,ShowDailyK_ChartFlow,FinMind_API_TaiwanStockPrice_6414,True,2026-09-22T15:49:52,2026-09-22T15:49:52,2026-09-22T15:49:52
6414,樺漢,2026-03-24,265.0,1.0,0.38%,23.259999999999994,11.2,348.9,418.68,488.46,558.24,628.02,697.8,ShowDailyK_ChartFlow,FinMind_API_TaiwanStockPrice_6414,True,2026-09-22T15:49:52,2026-09-22T15:49:52,2026-09-22T15:49:52
6414,樺漢,2026-03-25,269.0,4.0,1.51%,23.259999999999994,11.37,348.9,418.68,488.46,558.24,628.02,697.8,ShowDailyK_ChartFlow,FinMind_API_TaiwanStockPrice_6414,True,2026-09-22T15:49:52,2026-09-22T15:49:52,2026-09-22T15:49:52
6414,樺漢,2026-03-26,266.0,-3.0,-1.12%,23.259999999999994,11.24,348.9,418.68,488.46,558.24,628.02,697.8,ShowDailyK_ChartFlow,FinMind_API_TaiwanStockPrice_6414,True,2026-09-22T15:49:52,2026-09-22T15:49:52,2026-09-22T15:49:52
6414,樺漢,2026-03-27,264.0,-2.0,-0.75%,23.259999999999994,11.16,348.9,418.68,488.46,558.24,628.02,697.8,ShowDailyK_ChartFlow,FinMind_API_TaiwanStockPrice_6414,True,2026-09-22T15:49:52,2026-09-22T15:49:52,2026-09-22T15:49:52
6414,樺漢,2026-03-30,269.0,5.0,1.89%,23.259999999999994,12.21,348.9,418.68,488.46,558.24,628.02,697.8,ShowDailyK_ChartFlow,FinMind_API_TaiwanStockPrice_6414,True,2026-09-22T15:49:52,2026-09-22T15:49:52,2026-09-22T15:49:52
6414,樺漢,2026-03-31,271.0,2.0,0.74%,22.389999999999997,12.3,335.85,403.02,470.19,537.36,604.53,671.7,ShowDailyK_ChartFlow,FinMind_API_TaiwanStockPrice_6414,True,2026-09-22T15:49:52,2026-09-22T15:49:52,2026-09-22T15:49:52
6414,樺漢,2026-04-01,274.5,3.5,1.29%,22.389999999999997,12.46,335.85,403.02,470.19,537.36,604.53,671.7,ShowDailyK_ChartFlow,FinMind_API_TaiwanStockPrice_6414,True,2026-09-22T15:49:52,2026-09-22T15:49:52,2026-09-22T15:49:52
6414,樺漢,2026-04-02,272.5,-2.0,-0.73%,22.389999999999997,12.37,335.85,403.02,470.19,537.36,604.53,671.7,ShowDailyK_ChartFlow,FinMind_API_TaiwanStockPrice_6414,True,2026-09-22T15:49:52,2026-09-22T15:49:52,2026-09-22T15:49:52
6414,樺漢,2026-04-07,276.0,3.5,1.28%,22.389999999999997,12.53,335.85,403.02,470.19,537.36,604.53,671.7,ShowDailyK_ChartFlow,FinMind_API_TaiwanStockPrice_6414,True,2026-09-22T15:49:52,2026-09-22T15:49:52,2026-09-22T15:49:52
6414,樺漢,2026-04-08,283.5,7.5,2.72%,22.389999999999997,12.87,335.85,403.02,470.19,537.36,604.53,671.7,ShowDailyK_ChartFlow,FinMind_API_TaiwanStockPrice_6414,True,2026-09-22T15:49:52,2026-09-22T15:49:52,2026-09-22T15:49:52
6414,樺漢,2026-04-09,278.0,-5.5,-1.94%,22.389999999999997,12.62,335.85,403.02,470.19,537.36,604.53,671.7,ShowDailyK_ChartFlow,FinMind_API_TaiwanStockPrice_6414,True,2026-09-22T15:49:52,2026-09-22T15:49:52,2026-09-22T15:49:52
6414,樺漢,2026-04-10,283.0,5.0,1.80%,22.389999999999997,12.85,335.85,403.02,470.19,537.36,604.53,671.7,ShowDailyK_ChartFlow,FinMind_API_TaiwanStockPrice_6414,True,2026-09-22T15:49:52,2026-09-22T15:49:52,2026-09-22T15:49:52
6414,樺漢,2026-04-13,287.5,4.5,1.59%,22.389999999999997,13.05,335.85,403.02,470.19,537.36,604.53,671.7,ShowDailyK_ChartFlow,FinMind_API_TaiwanStockPrice_6414,True,2026-09-22T15:49:52,2026-09-22T15:49:52,2026-09-22T15:49:52
6414,樺漢,2026-04-14,294.0,6.5,2.26%,22.389999999999997,13.35,335.85,403.02,470.19,537.36,604.53,671.7,ShowDailyK_ChartFlow,FinMind_API_TaiwanStockPrice_6414,True,2026-09-22T15:49:52,2026-09-22T15:49:52,2026-09-22T15:49:52
6414,樺漢,2026-04-15,294.5,0.5,0.17%,22.389999999999997,13.37,335.85,403.02,470.19,537.36,604.53,671.7,ShowDailyK_ChartFlow,FinMind_API_TaiwanStockPrice_6414,True,2026-09-22T15:49:52,2026-09-22T15:49:52,2026-09-22T15:49:52
6414,樺漢,2026-04-16,300.0,5.5,1.87%,22.389999999999997,13.62,335.85,403.02,470.19,537.36,604.53,671.7,ShowDailyK_ChartFlow,FinMind_API_TaiwanStockPrice_6414,True,2026-09-22T15:49:52,2026-09-22T15:49:52,2026-09-22T15:49:52
6414,樺漢,2026-04-17,304.0,4.0,1.33%,22.389999999999997,13.8,335.85,403.02,470.19,537.36,604.53,671.7,ShowDailyK_ChartFlow,FinMind_API_TaiwanStockPrice_6414,True,2026-09-22T15:49:52,2026-09-22T15:49:52,2026-09-22T15:49:52
6414,樺漢,2026-04-20,310.0,6.0,1.97%,22.389999999999997,14.07,335.85,403.02,470.19,537.36,604.53,671.7,ShowDailyK_ChartFlow,FinMind_API_TaiwanStockPrice_6414,True,2026-09-22T15:49:52,2026-09-22T15:49:52,2026-09-22T15:49:52
6414,樺漢,2026-04-21,312.5,2.5,0.81%,22.389999999999997,14.19,335.85,403.02,470.19,537.36,604.53,671.7,ShowDailyK_ChartFlow,FinMind_API_TaiwanStockPrice_6414,True,2026-09-22T15:49:52,2026-09-22T15:49:52,2026-09-22T15:49:52
6414,樺漢,2026-04-22,318.5,6.0,1.92%,22.389999999999997,14.46,335.85,403.02,470.19,537.36,604.53,671.7,ShowDailyK_ChartFlow,FinMind_API_TaiwanStockPrice_6414,True,2026-09-22T15:49:52,2026-09-22T15:49:52,2026-09-22T15:49:52
6414,樺漢,2026-04-23,317.5,-1.0,-0.31%,22.389999999999997,14.41,335.85,403.02,470.19,537.36,604.53,671.7,ShowDailyK_ChartFlow,FinMind_API_TaiwanStockPrice_6414,True,2026-09-22T15:49:52,2026-09-22T15:49:52,2026-09-22T15:49:52
6414,樺漢,2026-04-24,312.5,-5.0,-1.57%,22.389999999999997,14.19,335.85,403.02,470.19,537.36,604.53,671.7,ShowDailyK_ChartFlow,FinMind_API_TaiwanStockPrice_6414,True,2026-09-22T15:49:52,2026-09-22T15:49:52,2026-09-22T15:49:52
6414,樺漢,2026-04-27,311.5,-1.0,-0.32%,22.389999999999997,14.14,335.85,403.02,470.19,537.36,604.53,671.7,ShowDailyK_ChartFlow,FinMind_API_TaiwanStockPrice_6414,True,2026-09-22T15:49:52,2026-09-22T15:49:52,2026-09-22T15:49:52
6414,樺漢,2026-04-28,321.5,10.0,3.21%,22.389999999999997,14.59,335.85,403.02,470.19,537.36,604.53,671.7,ShowDailyK_ChartFlow,FinMind_API_TaiwanStockPrice_6414,True,2026-09-22T15:49:52,2026-09-22T15:49:52,2026-09-22T15:49:52
6414,樺漢,2026-04-29,319.5,-2.0,-0.62%,22.389999999999997,14.5,335.85,403.02,470.19,537.36,604.53,671.7,ShowDailyK_ChartFlow,FinMind_API_TaiwanStockPrice_6414,True,2026-09-22T15:49:52,2026-09-22T15:49:52,2026-09-22T15:49:52
6414,樺漢,2026-04-30,322.0,2.5,0.78%,22.389999999999997,14.62,335.85,403.02,470.19,537.36,604.53,671.7,ShowDailyK_ChartFlow,FinMind_API_TaiwanStockPrice_6414,True,2026-09-22T15:49:52,2026-09-22T15:49:52,2026-09-22T15:49:52
6414,樺漢,2026-05-04,334.0,12.0,3.73%,22.389999999999997,15.16,335.85,403.02,470.19,537.36,604.53,671.7,ShowDailyK_ChartFlow,FinMind_API_TaiwanStockPrice_6414,True,2026-09-22T15:49:52,2026-09-22T15:49:52,2026-09-22T15:49:52
6414,樺漢,2026-05-05,345.0,11.0,3.29%,22.389999999999997,15.66,335.85,403.02,470.19,537.36,604.53,671.7,ShowDailyK_ChartFlow,FinMind_API_TaiwanStockPrice_6414,True,2026-09-22T15:49:52,2026-09-22T15:49:52,2026-09-22T15:49:52
6414,樺漢,2026-05-06,348.5,3.5,1.01%,22.389999999999997,15.82,335.85,403.02,470.19,537.36,604.53,671.7,ShowDailyK_ChartFlow,FinMind_API_TaiwanStockPrice_6414,True,2026-09-22T15:49:52,2026-09-22T15:49:52,2026-09-22T15:49:52
6414,樺漢,2026-05-07,351.5,3.0,0.86%,22.389999999999997,15.96,335.85,403.02,470.19,537.36,604.53,671.7,ShowDailyK_ChartFlow,FinMind_API_TaiwanStockPrice_6414,True,2026-09-22T15:49:52,2026-09-22T15:49:52,2026-09-22T15:49:52
6414,樺漢,2026-05-08,346.5,-5.0,-1.42%,22.389999999999997,15.73,335.85,403.02,470.19,537.36,604.53,671.7,ShowDailyK_ChartFlow,FinMind_API_TaiwanStockPrice_6414,True,2026-09-22T15:49:52,2026-09-22T15:49:52,2026-09-22T15:49:52
6414,樺漢,2026-05-11,359.0,12.5,3.61%,22.389999999999997,16.3,335.85,403.02,470.19,537.36,604.53,671.7,ShowDailyK_ChartFlow,FinMind_API_TaiwanStockPrice_6414,True,2026-09-22T15:49:52,2026-09-22T15:49:52,2026-09-22T15:49:52
6414,樺漢,2026-05-12,362.0,3.0,0.84%,22.389999999999997,16.43,335.85,403.02,470.19,537.36,604.53,671.7,ShowDailyK_ChartFlow,FinMind_API_TaiwanStockPrice_6414,True,2026-09-22T15:49:52,2026-09-22T15:49:52,2026-09-22T15:49:52
6414,樺漢,2026-05-13,347.5,-14.5,-4.01%,22.389999999999997,15.77,335.85,403.02,470.19,537.36,604.53,671.7,ShowDailyK_ChartFlow,FinMind_API_TaiwanStockPrice_6414,True,2026-09-22T15:49:52,2026-09-22T15:49:52,2026-09-22T15:49:52
6414,樺漢,2026-05-14,355.0,7.5,2.16%,22.389999999999997,16.11,335.85,403.02,470.19,537.36,604.53,671.7,ShowDailyK_ChartFlow,FinMind_API_TaiwanStockPrice_6414,True,2026-09-22T15:49:52,2026-09-22T15:49:52,2026-09-22T15:49:52
6414,樺漢,2026-05-15,319.5,-35.5,-10.00%,22.389999999999997,14.85,335.85,403.02,470.19,537.36,604.53,671.7,ShowDailyK_ChartFlow,FinMind_API_TaiwanStockPrice_6414,True,2026-09-22T15:49:52,2026-09-22T15:49:52,2026-09-22T15:49:52
6414,樺漢,2026-05-18,321.0,1.5,0.47%,22.389999999999997,14.92,335.85,403.02,470.19,537.36,604.53,671.7,ShowDailyK_ChartFlow,FinMind_API_TaiwanStockPrice_6414,True,2026-09-22T15:49:52,2026-09-22T15:49:52,2026-09-22T15:49:52
6414,樺漢,2026-05-19,328.0,7.0,2.18%,22.389999999999997,15.24,335.85,403.02,470.19,537.36,604.53,671.7,ShowDailyK_ChartFlow,FinMind_API_TaiwanStockPrice_6414,True,2026-09-22T15:49:52,2026-09-22T15:49:52,2026-09-22T15:49:52
6414,樺漢,2026-05-20,331.5,3.5,1.07%,22.389999999999997,15.4,335.85,403.02,470.19,537.36,604.53,671.7,ShowDailyK_ChartFlow,FinMind_API_TaiwanStockPrice_6414,True,2026-09-22T15:49:52,2026-09-22T15:49:52,2026-09-22T15:49:52
6414,樺漢,2026-05-21,347.5,16.0,4.83%,22.389999999999997,16.15,335.85,403.02,470.19,537.36,604.53,671.7,ShowDailyK_ChartFlow,FinMind_API_TaiwanStockPrice_6414,True,2026-09-22T15:49:52,2026-09-22T15:49:52,2026-09-22T15:49:52
6414,樺漢,2026-05-22,350.5,3.0,0.86%,22.389999999999997,16.29,335.85,403.02,470.19,537.36,604.53,671.7,ShowDailyK_ChartFlow,FinMind_API_TaiwanStockPrice_6414,True,2026-09-22T15:49:52,2026-09-22T15:49:52,2026-09-22T15:49:52
6414,樺漢,2026-05-25,363.5,13.0,3.71%,22.389999999999997,16.89,335.85,403.02,470.19,537.36,604.53,671.7,ShowDailyK_ChartFlow,FinMind_API_TaiwanStockPrice_6414,True,2026-09-22T15:49:52,2026-09-22T15:49:52,2026-09-22T15:49:52
6414,樺漢,2026-05-26,355.5,-8.0,-2.20%,22.389999999999997,16.52,335.85,403.02,470.19,537.36,604.53,671.7,ShowDailyK_ChartFlow,FinMind_API_TaiwanStockPrice_6414,True,2026-09-22T15:49:52,2026-09-22T15:49:52,2026-09-22T15:49:52
6414,樺漢,2026-05-27,360.0,4.5,1.27%,22.389999999999997,16.73,335.85,403.02,470.19,537.36,604.53,671.7,ShowDailyK_ChartFlow,FinMind_API_TaiwanStockPrice_6414,True,2026-09-22T15:49:52,2026-09-22T15:49:52,2026-09-22T15:49:52
6414,樺漢,2026-05-28,352.5,-7.5,-2.08%,22.389999999999997,16.38,335.85,403.02,470.19,537.36,604.53,671.7,ShowDailyK_ChartFlow,FinMind_API_TaiwanStockPrice_6414,True,2026-09-22T15:49:52,2026-09-22T15:49:52,2026-09-22T15:49:52
6414,樺漢,2026-05-29,360.5,8.0,2.27%,22.389999999999997,16.75,335.85,403.02,470.19,537.36,604.53,671.7,ShowDailyK_ChartFlow,FinMind_API_TaiwanStockPrice_6414,True,2026-09-22T15:49:52,2026-09-22T15:49:52,2026-09-22T15:49:52
6414,樺漢,2026-06-01,375.5,15.0,4.16%,22.389999999999997,17.45,335.85,403.02,470.19,537.36,604.53,671.7,ShowDailyK_ChartFlow,FinMind_API_TaiwanStockPrice_6414,True,2026-09-22T15:49:52,2026-09-22T15:49:52,2026-09-22T15:49:52
6414,樺漢,2026-06-02,383.0,7.5,2.00%,22.389999999999997,17.8,335.85,403.02,470.19,537.36,604.53,671.7,ShowDailyK_ChartFlow,FinMind_API_TaiwanStockPrice_6414,True,2026-09-22T15:49:52,2026-09-22T15:49:52,2026-09-22T15:49:52
6414,樺漢,2026-06-03,385.0,2.0,0.52%,22.389999999999997,17.89,335.85,403.02,470.19,537.36,604.53,671.7,ShowDailyK_ChartFlow,FinMind_API_TaiwanStockPrice_6414,True,2026-09-22T15:49:52,2026-09-22T15:49:52,2026-09-22T15:49:52
6414,樺漢,2026-06-04,389.5,4.5,1.17%,22.389999999999997,18.1,335.85,403.02,470.19,537.36,604.53,671.7,ShowDailyK_ChartFlow,FinMind_API_TaiwanStockPrice_6414,True,2026-09-22T15:49:52,2026-09-22T15:49:52,2026-09-22T15:49:52
6414,樺漢,2026-06-05,384.0,-5.5,-1.41%,22.389999999999997,17.84,335.85,403.02,470.19,537.36,604.53,671.7,ShowDailyK_ChartFlow,FinMind_API_TaiwanStockPrice_6414,True,2026-09-22T15:49:52,2026-09-22T15:49:52,2026-09-22T15:49:52
6414,樺漢,2026-06-08,372.0,-12.0,-3.12%,22.389999999999997,17.29,335.85,403.02,470.19,537.36,604.53,671.7,ShowDailyK_ChartFlow,FinMind_API_TaiwanStockPrice_6414,True,2026-09-22T15:49:52,2026-09-22T15:49:52,2026-09-22T15:49:52
6414,樺漢,2026-06-09,401.0,29.0,7.80%,22.389999999999997,18.63,335.85,403.02,470.19,537.36,604.53,671.7,ShowDailyK_ChartFlow,FinMind_API_TaiwanStockPrice_6414,True,2026-09-22T15:49:52,2026-09-22T15:49:52,2026-09-22T15:49:52
6414,樺漢,2026-06-10,388.0,-13.0,-3.24%,22.389999999999997,18.03,335.85,403.02,470.19,537.36,604.53,671.7,ShowDailyK_ChartFlow,FinMind_API_TaiwanStockPrice_6414,True,2026-09-22T15:49:52,2026-09-22T15:49:52,2026-09-22T15:49:52
6414,樺漢,2026-06-11,395.0,7.0,1.80%,22.389999999999997,18.36,335.85,403.02,470.19,537.36,604.53,671.7,ShowDailyK_ChartFlow,FinMind_API_TaiwanStockPrice_6414,True,2026-09-22T15:49:52,2026-09-22T15:49:52,2026-09-22T15:49:52
6414,樺漢,2026-06-12,375.5,-19.5,-4.94%,22.389999999999997,17.45,335.85,403.02,470.19,537.36,604.53,671.7,ShowDailyK_ChartFlow,FinMind_API_TaiwanStockPrice_6414,True,2026-09-22T15:49:52,2026-09-22T15:49:52,2026-09-22T15:49:52
6414,樺漢,2026-06-15,381.5,6.0,1.60%,22.389999999999997,17.73,335.85,403.02,470.19,537.36,604.53,671.7,ShowDailyK_ChartFlow,FinMind_API_TaiwanStockPrice_6414,True,2026-09-22T15:49:52,2026-09-22T15:49:52,2026-09-22T15:49:52
6414,樺漢,2026-06-16,367.0,-14.5,-3.80%,22.389999999999997,17.05,335.85,403.02,470.19,537.36,604.53,671.7,ShowDailyK_ChartFlow,FinMind_API_TaiwanStockPrice_6414,True,2026-09-22T15:49:52,2026-09-22T15:49:52,2026-09-22T15:49:52
6414,樺漢,2026-06-17,370.5,3.5,0.95%,22.389999999999997,17.22,335.85,403.02,470.19,537.36,604.53,671.7,ShowDailyK_ChartFlow,FinMind_API_TaiwanStockPrice_6414,True,2026-09-22T15:49:52,2026-09-22T15:49:52,2026-09-22T15:49:52
6414,樺漢,2026-06-18,383.0,12.5,3.37%,22.389999999999997,17.8,335.85,403.02,470.19,537.36,604.53,671.7,ShowDailyK_ChartFlow,FinMind_API_TaiwanStockPrice_6414,True,2026-09-22T15:49:52,2026-09-22T15:49:52,2026-09-22T15:49:52
6414,樺漢,2026-06-22,381.0,-2.0,-0.52%,22.389999999999997,17.7,335.85,403.02,470.19,537.36,604.53,671.7,ShowDailyK_ChartFlow,FinMind_API_TaiwanStockPrice_6414,True,2026-09-22T15:49:52,2026-09-22T15:49:52,2026-09-22T15:49:52
6414,樺漢,2026-06-23,377.5,-3.5,-0.92%,22.389999999999997,17.54,335.85,403.02,470.19,537.36,604.53,671.7,ShowDailyK_ChartFlow,FinMind_API_TaiwanStockPrice_6414,True,2026-09-22T15:49:52,2026-09-22T15:49:52,2026-09-22T15:49:52
6414,樺漢,2026-06-24,371.0,-6.5,-1.72%,22.389999999999997,17.24,335.85,403.02,470.19,537.36,604.53,671.7,ShowDailyK_ChartFlow,FinMind_API_TaiwanStockPrice_6414,True,2026-09-22T15:49:52,2026-09-22T15:49:52,2026-09-22T15:49:52
6414,樺漢,2026-06-25,373.5,2.5,0.67%,22.389999999999997,17.36,335.85,403.02,470.19,537.36,604.53,671.7,ShowDailyK_ChartFlow,FinMind_API_TaiwanStockPrice_6414,True,2026-09-22T15:49:52,2026-09-22T15:49:52,2026-09-22T15:49:52
6414,樺漢,2026-06-26,361.5,-12.0,-3.21%,22.389999999999997,16.8,335.85,403.02,470.19,537.36,604.53,671.7,ShowDailyK_ChartFlow,FinMind_API_TaiwanStockPrice_6414,True,2026-09-22T15:49:52,2026-09-22T15:49:52,2026-09-22T15:49:52
6414,樺漢,2026-06-29,360.0,-1.5,-0.41%,22.389999999999997,16.73,335.85,403.02,470.19,537.36,604.53,671.7,ShowDailyK_ChartFlow,FinMind_API_TaiwanStockPrice_6414,True,2026-09-22T15:49:52,2026-09-22T15:49:52,2026-09-22T15:49:52
6414,樺漢,2026-06-30,369.5,9.5,2.64%,25.429999999999996,17.17,381.45,457.74,534.03,610.32,686.61,762.9,ShowDailyK_ChartFlow,FinMind_API_TaiwanStockPrice_6414,True,2026-09-22T15:49:52,2026-09-22T15:49:52,2026-09-22T15:49:52
6414,樺漢,2026-07-01,370.5,1.0,0.27%,25.429999999999996,17.22,381.45,457.74,534.03,610.32,686.61,762.9,ShowDailyK_ChartFlow,FinMind_API_TaiwanStockPrice_6414,True,2026-09-22T15:49:52,2026-09-22T15:49:52,2026-09-22T15:49:52
6414,樺漢,2026-07-02,373.5,3.0,0.81%,25.429999999999996,17.36,381.45,457.74,534.03,610.32,686.61,762.9,ShowDailyK_ChartFlow,FinMind_API_TaiwanStockPrice_6414,True,2026-09-22T15:49:52,2026-09-22T15:49:52,2026-09-22T15:49:52
6414,樺漢,2026-07-03,375.5,2.0,0.54%,25.429999999999996,17.45,381.45,457.74,534.03,610.32,686.61,762.9,ShowDailyK_ChartFlow,FinMind_API_TaiwanStockPrice_6414,True,2026-09-22T15:49:52,2026-09-22T15:49:52,2026-09-22T15:49:52
6414,樺漢,2026-07-06,384.0,8.5,2.26%,25.429999999999996,17.84,381.45,457.74,534.03,610.32,686.61,762.9,ShowDailyK_ChartFlow,FinMind_API_TaiwanStockPrice_6414,True,2026-09-22T15:49:52,2026-09-22T15:49:52,2026-09-22T15:49:52
6414,樺漢,2026-07-07,400.0,16.0,4.17%,25.429999999999996,18.59,381.45,457.74,534.03,610.32,686.61,762.9,ShowDailyK_ChartFlow,FinMind_API_TaiwanStockPrice_6414,True,2026-09-22T15:49:52,2026-09-22T15:49:52,2026-09-22T15:49:52
6414,樺漢,2026-07-08,404.0,4.0,1.00%,25.429999999999996,18.77,381.45,457.74,534.03,610.32,686.61,762.9,ShowDailyK_ChartFlow,FinMind_API_TaiwanStockPrice_6414,True,2026-09-22T15:49:52,2026-09-22T15:49:52,2026-09-22T15:49:52
6414,樺漢,2026-07-09,394.0,-10.0,-2.48%,25.429999999999996,18.31,381.45,457.74,534.03,610.32,686.61,762.9,ShowDailyK_ChartFlow,FinMind_API_TaiwanStockPrice_6414,True,2026-09-22T15:49:52,2026-09-22T15:49:52,2026-09-22T15:49:52
6414,樺漢,2026-07-13,388.5,-5.5,-1.40%,25.429999999999996,18.05,381.45,457.74,534.03,610.32,686.61,762.9,ShowDailyK_ChartFlow,FinMind_API_TaiwanStockPrice_6414,True,2026-09-22T15:49:52,2026-09-22T15:49:52,2026-09-22T15:49:52
6414,樺漢,2026-07-14,377.5,-11.0,-2.83%,25.429999999999996,17.54,381.45,457.74,534.03,610.32,686.61,762.9,ShowDailyK_ChartFlow,FinMind_API_TaiwanStockPrice_6414,True,2026-09-22T15:49:52,2026-09-22T15:49:52,2026-09-22T15:49:52
6414,樺漢,2026-07-15,394.5,17.0,4.50%,25.429999999999996,18.33,381.45,457.74,534.03,610.32,686.61,762.9,ShowDailyK_ChartFlow,FinMind_API_TaiwanStockPrice_6414,True,2026-09-22T15:49:52,2026-09-22T15:49:52,2026-09-22T15:49:52
6414,樺漢,2026-07-16,400.0,5.5,1.39%,25.429999999999996,18.59,381.45,457.74,534.03,610.32,686.61,762.9,ShowDailyK_ChartFlow,FinMind_API_TaiwanStockPrice_6414,True,2026-09-22T15:49:52,2026-09-22T15:49:52,2026-09-22T15:49:52
6414,樺漢,2026-07-17,395.0,-5.0,-1.25%,25.429999999999996,18.36,381.45,457.74,534.03,610.32,686.61,762.9,ShowDailyK_ChartFlow,FinMind_API_TaiwanStockPrice_6414,True,2026-09-22T15:49:52,2026-09-22T15:49:52,2026-09-22T15:49:52
6414,樺漢,2026-07-20,405.0,10.0,2.53%,25.429999999999996,18.82,381.45,457.74,534.03,610.32,686.61,762.9,ShowDailyK_ChartFlow,FinMind_API_TaiwanStockPrice_6414,True,2026-09-22T15:49:52,2026-09-22T15:49:52,2026-09-22T15:49:52
6414,樺漢,2026-07-21,445.5,40.5,10.00%,25.429999999999996,20.7,381.45,457.74,534.03,610.32,686.61,762.9,ShowDailyK_ChartFlow,FinMind_API_TaiwanStockPrice_6414,True,2026-09-22T15:49:52,2026-09-22T15:49:52,2026-09-22T15:49:52
6414,樺漢,2026-07-22,490.0,44.5,9.99%,25.429999999999996,22.77,381.45,457.74,534.03,610.32,686.61,762.9,ShowDailyK_ChartFlow,FinMind_API_TaiwanStockPrice_6414,True,2026-09-22T15:49:52,2026-09-22T15:49:52,2026-09-22T15:49:52
6414,樺漢,2026-07-23,503.0,13.0,2.65%,25.429999999999996,23.37,381.45,457.74,534.03,610.32,686.61,762.9,ShowDailyK_ChartFlow,FinMind_API_TaiwanStockPrice_6414,True,2026-09-22T15:49:52,2026-09-22T15:49:52,2026-09-22T15:49:52
6414,樺漢,2026-07-24,500.0,-3.0,-0.60%,25.429999999999996,23.23,381.45,457.74,534.03,610.32,686.61,762.9,ShowDailyK_ChartFlow,FinMind_API_TaiwanStockPrice_6414,True,2026-09-22T15:49:52,2026-09-22T15:49:52,2026-09-22T15:49:52
6414,樺漢,2026-07-27,469.0,-31.0,-6.20%,25.429999999999996,21.79,381.45,457.74,534.03,610.32,686.61,762.9,ShowDailyK_ChartFlow,FinMind_API_TaiwanStockPrice_6414,True,2026-09-22T15:49:52,2026-09-22T15:49:52,2026-09-22T15:49:52
6414,樺漢,2026-07-28,436.0,-33.0,-7.04%,25.429999999999996,20.26,381.45,457.74,534.03,610.32,686.61,762.9,ShowDailyK_ChartFlow,FinMind_API_TaiwanStockPrice_6414,True,2026-09-22T15:49:52,2026-09-22T15:49:52,2026-09-22T15:49:52
6414,樺漢,2026-07-29,436.5,0.5,0.11%,25.429999999999996,20.28,381.45,457.74,534.03,610.32,686.61,762.9,ShowDailyK_ChartFlow,FinMind_API_TaiwanStockPrice_6414,True,2026-09-22T15:49:52,2026-09-22T15:49:52,2026-09-22T15:49:52
6414,樺漢,2026-07-30,403.0,-33.5,-7.67%,25.429999999999996,18.73,381.45,457.74,534.03,610.32,686.61,762.9,ShowDailyK_ChartFlow,FinMind_API_TaiwanStockPrice_6414,True,2026-09-22T15:49:52,2026-09-22T15:49:52,2026-09-22T15:49:52
6414,樺漢,2026-07-31,405.0,2.0,0.50%,25.429999999999996,18.82,381.45,457.74,534.03,610.32,686.61,762.9,ShowDailyK_ChartFlow,FinMind_API_TaiwanStockPrice_6414,True,2026-09-22T15:49:52,2026-09-22T15:49:52,2026-09-22T15:49:52
6414,樺漢,2026-08-03,437.5,32.5,8.02%,25.429999999999996,20.33,381.45,457.74,534.03,610.32,686.61,762.9,ShowDailyK_ChartFlow,FinMind_API_TaiwanStockPrice_6414,True,2026-09-22T15:49:52,2026-09-22T15:49:52,2026-09-22T15:49:52
6414,樺漢,2026-08-04,436.5,-1.0,-0.23%,25.429999999999996,20.28,381.45,457.74,534.03,610.32,686.61,762.9,ShowDailyK_ChartFlow,FinMind_API_TaiwanStockPrice_6414,True,2026-09-22T15:49:52,2026-09-22T15:49:52,2026-09-22T15:49:52
6414,樺漢,2026-08-05,469.0,32.5,7.45%,25.429999999999996,21.79,381.45,457.74,534.03,610.32,686.61,762.9,ShowDailyK_ChartFlow,FinMind_API_TaiwanStockPrice_6414,True,2026-09-22T15:49:52,2026-09-22T15:49:52,2026-09-22T15:49:52
6414,樺漢,2026-08-06,468.0,-1.0,-0.21%,25.429999999999996,21.75,381.45,457.74,534.03,610.32,686.61,762.9,ShowDailyK_ChartFlow,FinMind_API_TaiwanStockPrice_6414,True,2026-09-22T15:49:52,2026-09-22T15:49:52,2026-09-22T15:49:52
6414,樺漢,2026-08-07,474.0,6.0,1.28%,25.429999999999996,22.03,381.45,457.74,534.03,610.32,686.61,762.9,ShowDailyK_ChartFlow,FinMind_API_TaiwanStockPrice_6414,True,2026-09-22T15:49:52,2026-09-22T15:49:52,2026-09-22T15:49:52
6414,樺漢,2026-08-10,482.0,8.0,1.69%,25.429999999999996,22.4,381.45,457.74,534.03,610.32,686.61,762.9,ShowDailyK_ChartFlow,FinMind_API_TaiwanStockPrice_6414,True,2026-09-22T15:49:52,2026-09-22T15:49:52,2026-09-22T15:49:52
6414,樺漢,2026-08-11,448.5,-33.5,-6.95%,25.429999999999996,20.84,381.45,457.74,534.03,610.32,686.61,762.9,ShowDailyK_ChartFlow,FinMind_API_TaiwanStockPrice_6414,True,2026-09-22T15:49:52,2026-09-22T15:49:52,2026-09-22T15:49:52
6414,樺漢,2026-08-12,455.5,7.0,1.56%,25.429999999999996,21.17,381.45,457.74,534.03,610.32,686.61,762.9,ShowDailyK_ChartFlow,FinMind_API_TaiwanStockPrice_6414,True,2026-09-22T15:49:52,2026-09-22T15:49:52,2026-09-22T15:49:52
6414,樺漢,2026-08-13,451.0,-4.5,-0.99%,25.429999999999996,20.96,381.45,457.74,534.03,610.32,686.61,762.9,ShowDailyK_ChartFlow,FinMind_API_TaiwanStockPrice_6414,True,2026-09-22T15:49:52,2026-09-22T15:49:52,2026-09-22T15:49:52
6414,樺漢,2026-08-14,407.0,-44.0,-9.76%,25.429999999999996,16.9,381.45,457.74,534.03,610.32,686.61,762.9,ShowDailyK_ChartFlow,FinMind_API_TaiwanStockPrice_6414,True,2026-09-22T15:49:52,2026-09-22T15:49:52,2026-09-22T15:49:52
6414,樺漢,2026-08-17,417.5,10.5,2.58%,25.429999999999996,17.34,381.45,457.74,534.03,610.32,686.61,762.9,ShowDailyK_ChartFlow,FinMind_API_TaiwanStockPrice_6414,True,2026-09-22T15:49:52,2026-09-22T15:49:52,2026-09-22T15:49:52
6414,樺漢,2026-08-18,389.5,-28.0,-6.71%,25.429999999999996,16.18,381.45,457.74,534.03,610.32,686.61,762.9,ShowDailyK_ChartFlow,FinMind_API_TaiwanStockPrice_6414,True,2026-09-22T15:49:52,2026-09-22T15:49:52,2026-09-22T15:49:52
6414,樺漢,2026-08-19,408.5,19.0,4.88%,25.429999999999996,16.96,381.45,457.74,534.03,610.32,686.61,762.9,ShowDailyK_ChartFlow,FinMind_API_TaiwanStockPrice_6414,True,2026-09-22T15:49:52,2026-09-22T15:49:52,2026-09-22T15:49:52
6414,樺漢,2026-08-20,402.5,-6.0,-1.47%,25.429999999999996,16.72,381.45,457.74,534.03,610.32,686.61,762.9,ShowDailyK_ChartFlow,FinMind_API_TaiwanStockPrice_6414,True,2026-09-22T15:49:52,2026-09-22T15:49:52,2026-09-22T15:49:52
6414,樺漢,2026-08-21,395.0,-7.5,-1.86%,25.429999999999996,16.4,381.45,457.74,534.03,610.32,686.61,762.9,ShowDailyK_ChartFlow,FinMind_API_TaiwanStockPrice_6414,True,2026-09-22T15:49:52,2026-09-22T15:49:52,2026-09-22T15:49:52
6414,樺漢,2026-08-24,395.5,0.5,0.13%,25.429999999999996,16.42,381.45,457.74,534.03,610.32,686.61,762.9,ShowDailyK_ChartFlow,FinMind_API_TaiwanStockPrice_6414,True,2026-09-22T15:49:52,2026-09-22T15:49:52,2026-09-22T15:49:52
6414,樺漢,2026-08-25,394.0,-1.5,-0.38%,25.429999999999996,16.36,381.45,457.74,534.03,610.32,686.61,762.9,ShowDailyK_ChartFlow,FinMind_API_TaiwanStockPrice_6414,True,2026-09-22T15:49:52,2026-09-22T15:49:52,2026-09-22T15:49:52
6414,樺漢,2026-08-26,398.0,4.0,1.02%,25.429999999999996,16.53,381.45,457.74,534.03,610.32,686.61,762.9,ShowDailyK_ChartFlow,FinMind_API_TaiwanStockPrice_6414,True,2026-09-22T15:49:52,2026-09-22T15:49:52,2026-09-22T15:49:52
6414,樺漢,2026-08-27,393.5,-4.5,-1.13%,25.429999999999996,16.34,381.45,457.74,534.03,610.32,686.61,762.9,ShowDailyK_ChartFlow,FinMind_API_TaiwanStockPrice_6414,True,2026-09-22T15:49:52,2026-09-22T15:49:52,2026-09-22T15:49:52
6414,樺漢,2026-08-28,390.0,-3.5,-0.89%,25.429999999999996,16.2,381.45,457.74,534.03,610.32,686.61,762.9,ShowDailyK_ChartFlow,FinMind_API_TaiwanStockPrice_6414,True,2026-09-22T15:49:52,2026-09-22T15:49:52,2026-09-22T15:49:52
6414,樺漢,2026-08-31,389.5,-0.5,-0.13%,25.429999999999996,16.18,381.45,457.74,534.03,610.32,686.61,762.9,ShowDailyK_ChartFlow,FinMind_API_TaiwanStockPrice_6414,True,2026-09-22T15:49:52,2026-09-22T15:49:52,2026-09-22T15:49:52
6414,樺漢,2026-09-01,396.0,6.5,1.67%,25.429999999999996,16.45,381.45,457.74,534.03,610.32,686.61,762.9,ShowDailyK_ChartFlow,FinMind_API_TaiwanStockPrice_6414,True,2026-09-22T15:49:52,2026-09-22T15:49:52,2026-09-22T15:49:52
6414,樺漢,2026-09-02,391.5,-4.5,-1.14%,25.429999999999996,16.26,381.45,457.74,534.03,610.32,686.61,762.9,ShowDailyK_ChartFlow,FinMind_API_TaiwanStockPrice_6414,True,2026-09-22T15:49:52,2026-09-22T15:49:52,2026-09-22T15:49:52
6414,樺漢,2026-09-03,381.0,-10.5,-2.68%,25.429999999999996,15.82,381.45,457.74,534.03,610.32,686.61,762.9,ShowDailyK_ChartFlow,FinMind_API_TaiwanStockPrice_6414,True,2026-09-22T15:49:52,2026-09-22T15:49:52,2026-09-22T15:49:52
6414,樺漢,2026-09-04,395.0,14.0,3.67%,25.429999999999996,16.4,381.45,457.74,534.03,610.32,686.61,762.9,ShowDailyK_ChartFlow,FinMind_API_TaiwanStockPrice_6414,True,2026-09-22T15:49:52,2026-09-22T15:49:52,2026-09-22T15:49:52
6414,樺漢,2026-09-07,389.5,-5.5,-1.39%,25.429999999999996,16.18,381.45,457.74,534.03,610.32,686.61,762.9,ShowDailyK_ChartFlow,FinMind_API_TaiwanStockPrice_6414,True,2026-09-22T15:49:52,2026-09-22T15:49:52,2026-09-22T15:49:52
6414,樺漢,2026-09-08,376.0,-13.5,-3.47%,25.429999999999996,15.61,381.45,457.74,534.03,610.32,686.61,762.9,ShowDailyK_ChartFlow,FinMind_API_TaiwanStockPrice_6414,True,2026-09-22T15:49:52,2026-09-22T15:49:52,2026-09-22T15:49:52
6414,樺漢,2026-09-09,378.5,2.5,0.66%,25.429999999999996,15.72,381.45,457.74,534.03,610.32,686.61,762.9,ShowDailyK_ChartFlow,FinMind_API_TaiwanStockPrice_6414,True,2026-09-22T15:49:52,2026-09-22T15:49:52,2026-09-22T15:49:52
6414,樺漢,2026-09-10,372.5,-6.0,-1.59%,25.429999999999996,15.47,381.45,457.74,534.03,610.32,686.61,762.9,ShowDailyK_ChartFlow,FinMind_API_TaiwanStockPrice_6414,True,2026-09-22T15:49:52,2026-09-22T15:49:52,2026-09-22T15:49:52
6414,樺漢,2026-09-11,370.0,-2.5,-0.67%,25.429999999999996,15.37,381.45,457.74,534.03,610.32,686.61,762.9,ShowDailyK_ChartFlow,FinMind_API_TaiwanStockPrice_6414,True,2026-09-22T15:49:52,2026-09-22T15:49:52,2026-09-22T15:49:52
6414,樺漢,2026-09-14,371.5,1.5,0.41%,25.429999999999996,15.43,381.45,457.74,534.03,610.32,686.61,762.9,ShowDailyK_ChartFlow,FinMind_API_TaiwanStockPrice_6414,True,2026-09-22T15:49:52,2026-09-22T15:49:52,2026-09-22T15:49:52
6414,樺漢,2026-09-15,369.5,-2.0,-0.54%,25.429999999999996,15.34,381.45,457.74,534.03,610.32,686.61,762.9,ShowDailyK_ChartFlow,FinMind_API_TaiwanStockPrice_6414,True,2026-09-22T15:49:52,2026-09-22T15:49:52,2026-09-22T15:49:52
6414,樺漢,2026-09-16,367.5,-2.0,-0.54%,25.429999999999996,15.26,381.45,457.74,534.03,610.32,686.61,762.9,ShowDailyK_ChartFlow,FinMind_API_TaiwanStockPrice_6414,True,2026-09-22T15:49:52,2026-09-22T15:49:52,2026-09-22T15:49:52
6414,樺漢,2026-09-17,371.5,4.0,1.09%,25.429999999999996,15.43,381.45,457.74,534.03,610.32,686.61,762.9,ShowDailyK_ChartFlow,FinMind_API_TaiwanStockPrice_6414,True,2026-09-22T15:49:52,2026-09-22T15:49:52,2026-09-22T15:49:52
6414,樺漢,2026-09-18,372.5,1.0,0.27%,25.429999999999996,15.47,381.45,457.74,534.03,610.32,686.61,762.9,ShowDailyK_ChartFlow,FinMind_API_TaiwanStockPrice_6414,True,2026-09-22T15:49:52,2026-09-22T15:49:52,2026-09-22T15:49:52
6414,樺漢,2026-09-21,375.0,2.5,0.67%,25.429999999999996,15.57,381.45,457.74,534.03,610.32,686.61,762.9,ShowDailyK_ChartFlow,FinMind_API_TaiwanStockPrice_6414,True,2026-09-22T15:49:52,2026-09-22T15:49:52,2026-09-22T15:49:52
6414,樺漢,2026-09-22,376.0,1.0,0.27%,25.429999999999996,15.61,381.45,457.74,534.03,610.32,686.61,762.9,ShowDailyK_ChartFlow,FinMind_API_TaiwanStockPrice_6414,True,2026-09-22T15:49:52,2026-09-22T15:49:52,2026-09-22T15:49:52
