stock_code,company_name,交易_日期,收盤價_元,漲跌價_元,漲跌幅_pct,河流圖_eps_元,目前_per_倍,本益比試算價格_15x_元,本益比試算價格_18x_元,本益比試算價格_21x_元,本益比試算價格_24x_元,本益比試算價格_27x_元,本益比試算價格_30x_元,file_type,source_file,download_success,download_timestamp,process_timestamp,stage1_process_timestamp
3665,貿聯-KY,2021-01-04,267.5,,,,20.17,,,,,,,ShowDailyK_ChartFlow,FinMind_API_TaiwanStockPrice_3665,True,2026-09-22T15:49:21,2026-09-22T15:49:21,2026-09-22T15:49:21
3665,貿聯-KY,2021-01-05,265.5,-2.0,-0.75%,,20.02,,,,,,,ShowDailyK_ChartFlow,FinMind_API_TaiwanStockPrice_3665,True,2026-09-22T15:49:21,2026-09-22T15:49:21,2026-09-22T15:49:21
3665,貿聯-KY,2021-01-06,267.0,1.5,0.56%,,20.14,,,,,,,ShowDailyK_ChartFlow,FinMind_API_TaiwanStockPrice_3665,True,2026-09-22T15:49:21,2026-09-22T15:49:21,2026-09-22T15:49:21
3665,貿聯-KY,2021-01-07,268.5,1.5,0.56%,,20.25,,,,,,,ShowDailyK_ChartFlow,FinMind_API_TaiwanStockPrice_3665,True,2026-09-22T15:49:21,2026-09-22T15:49:21,2026-09-22T15:49:21
3665,貿聯-KY,2021-01-08,264.0,-4.5,-1.68%,,19.91,,,,,,,ShowDailyK_ChartFlow,FinMind_API_TaiwanStockPrice_3665,True,2026-09-22T15:49:21,2026-09-22T15:49:21,2026-09-22T15:49:21
3665,貿聯-KY,2021-01-11,267.5,3.5,1.33%,,20.17,,,,,,,ShowDailyK_ChartFlow,FinMind_API_TaiwanStockPrice_3665,True,2026-09-22T15:49:21,2026-09-22T15:49:21,2026-09-22T15:49:21
3665,貿聯-KY,2021-01-12,261.0,-6.5,-2.43%,,19.68,,,,,,,ShowDailyK_ChartFlow,FinMind_API_TaiwanStockPrice_3665,True,2026-09-22T15:49:21,2026-09-22T15:49:21,2026-09-22T15:49:21
3665,貿聯-KY,2021-01-13,266.0,5.0,1.92%,,20.06,,,,,,,ShowDailyK_ChartFlow,FinMind_API_TaiwanStockPrice_3665,True,2026-09-22T15:49:21,2026-09-22T15:49:21,2026-09-22T15:49:21
3665,貿聯-KY,2021-01-14,274.0,8.0,3.01%,,20.66,,,,,,,ShowDailyK_ChartFlow,FinMind_API_TaiwanStockPrice_3665,True,2026-09-22T15:49:21,2026-09-22T15:49:21,2026-09-22T15:49:21
3665,貿聯-KY,2021-01-15,275.0,1.0,0.36%,,20.74,,,,,,,ShowDailyK_ChartFlow,FinMind_API_TaiwanStockPrice_3665,True,2026-09-22T15:49:21,2026-09-22T15:49:21,2026-09-22T15:49:21
3665,貿聯-KY,2021-01-18,281.0,6.0,2.18%,,21.19,,,,,,,ShowDailyK_ChartFlow,FinMind_API_TaiwanStockPrice_3665,True,2026-09-22T15:49:21,2026-09-22T15:49:21,2026-09-22T15:49:21
3665,貿聯-KY,2021-01-19,283.5,2.5,0.89%,,21.38,,,,,,,ShowDailyK_ChartFlow,FinMind_API_TaiwanStockPrice_3665,True,2026-09-22T15:49:21,2026-09-22T15:49:21,2026-09-22T15:49:21
3665,貿聯-KY,2021-01-20,278.5,-5.0,-1.76%,,21.0,,,,,,,ShowDailyK_ChartFlow,FinMind_API_TaiwanStockPrice_3665,True,2026-09-22T15:49:21,2026-09-22T15:49:21,2026-09-22T15:49:21
3665,貿聯-KY,2021-01-21,286.0,7.5,2.69%,,21.57,,,,,,,ShowDailyK_ChartFlow,FinMind_API_TaiwanStockPrice_3665,True,2026-09-22T15:49:21,2026-09-22T15:49:21,2026-09-22T15:49:21
3665,貿聯-KY,2021-01-22,298.0,12.0,4.20%,,22.47,,,,,,,ShowDailyK_ChartFlow,FinMind_API_TaiwanStockPrice_3665,True,2026-09-22T15:49:21,2026-09-22T15:49:21,2026-09-22T15:49:21
3665,貿聯-KY,2021-01-25,292.0,-6.0,-2.01%,,22.02,,,,,,,ShowDailyK_ChartFlow,FinMind_API_TaiwanStockPrice_3665,True,2026-09-22T15:49:21,2026-09-22T15:49:21,2026-09-22T15:49:21
3665,貿聯-KY,2021-01-26,298.5,6.5,2.23%,,22.51,,,,,,,ShowDailyK_ChartFlow,FinMind_API_TaiwanStockPrice_3665,True,2026-09-22T15:49:21,2026-09-22T15:49:21,2026-09-22T15:49:21
3665,貿聯-KY,2021-01-27,312.5,14.0,4.69%,,23.57,,,,,,,ShowDailyK_ChartFlow,FinMind_API_TaiwanStockPrice_3665,True,2026-09-22T15:49:21,2026-09-22T15:49:21,2026-09-22T15:49:21
3665,貿聯-KY,2021-01-28,306.0,-6.5,-2.08%,,23.08,,,,,,,ShowDailyK_ChartFlow,FinMind_API_TaiwanStockPrice_3665,True,2026-09-22T15:49:21,2026-09-22T15:49:21,2026-09-22T15:49:21
3665,貿聯-KY,2021-01-29,310.5,4.5,1.47%,,23.42,,,,,,,ShowDailyK_ChartFlow,FinMind_API_TaiwanStockPrice_3665,True,2026-09-22T15:49:21,2026-09-22T15:49:21,2026-09-22T15:49:21
3665,貿聯-KY,2021-02-01,295.0,-15.5,-4.99%,,22.25,,,,,,,ShowDailyK_ChartFlow,FinMind_API_TaiwanStockPrice_3665,True,2026-09-22T15:49:21,2026-09-22T15:49:21,2026-09-22T15:49:21
3665,貿聯-KY,2021-02-02,301.0,6.0,2.03%,,22.7,,,,,,,ShowDailyK_ChartFlow,FinMind_API_TaiwanStockPrice_3665,True,2026-09-22T15:49:21,2026-09-22T15:49:21,2026-09-22T15:49:21
3665,貿聯-KY,2021-02-03,300.0,-1.0,-0.33%,,22.62,,,,,,,ShowDailyK_ChartFlow,FinMind_API_TaiwanStockPrice_3665,True,2026-09-22T15:49:21,2026-09-22T15:49:21,2026-09-22T15:49:21
3665,貿聯-KY,2021-02-04,298.5,-1.5,-0.50%,,22.51,,,,,,,ShowDailyK_ChartFlow,FinMind_API_TaiwanStockPrice_3665,True,2026-09-22T15:49:21,2026-09-22T15:49:21,2026-09-22T15:49:21
3665,貿聯-KY,2021-02-05,295.0,-3.5,-1.17%,,22.25,,,,,,,ShowDailyK_ChartFlow,FinMind_API_TaiwanStockPrice_3665,True,2026-09-22T15:49:21,2026-09-22T15:49:21,2026-09-22T15:49:21
3665,貿聯-KY,2021-02-17,307.0,12.0,4.07%,,23.15,,,,,,,ShowDailyK_ChartFlow,FinMind_API_TaiwanStockPrice_3665,True,2026-09-22T15:49:21,2026-09-22T15:49:21,2026-09-22T15:49:21
3665,貿聯-KY,2021-02-18,312.5,5.5,1.79%,,23.57,,,,,,,ShowDailyK_ChartFlow,FinMind_API_TaiwanStockPrice_3665,True,2026-09-22T15:49:21,2026-09-22T15:49:21,2026-09-22T15:49:21
3665,貿聯-KY,2021-02-19,305.0,-7.5,-2.40%,,23.0,,,,,,,ShowDailyK_ChartFlow,FinMind_API_TaiwanStockPrice_3665,True,2026-09-22T15:49:21,2026-09-22T15:49:21,2026-09-22T15:49:21
3665,貿聯-KY,2021-02-22,306.0,1.0,0.33%,,23.08,,,,,,,ShowDailyK_ChartFlow,FinMind_API_TaiwanStockPrice_3665,True,2026-09-22T15:49:21,2026-09-22T15:49:21,2026-09-22T15:49:21
3665,貿聯-KY,2021-02-23,301.5,-4.5,-1.47%,,22.74,,,,,,,ShowDailyK_ChartFlow,FinMind_API_TaiwanStockPrice_3665,True,2026-09-22T15:49:21,2026-09-22T15:49:21,2026-09-22T15:49:21
3665,貿聯-KY,2021-02-24,300.5,-1.0,-0.33%,,22.66,,,,,,,ShowDailyK_ChartFlow,FinMind_API_TaiwanStockPrice_3665,True,2026-09-22T15:49:21,2026-09-22T15:49:21,2026-09-22T15:49:21
3665,貿聯-KY,2021-02-25,305.0,4.5,1.50%,,23.0,,,,,,,ShowDailyK_ChartFlow,FinMind_API_TaiwanStockPrice_3665,True,2026-09-22T15:49:21,2026-09-22T15:49:21,2026-09-22T15:49:21
3665,貿聯-KY,2021-02-26,298.0,-7.0,-2.30%,,22.47,,,,,,,ShowDailyK_ChartFlow,FinMind_API_TaiwanStockPrice_3665,True,2026-09-22T15:49:21,2026-09-22T15:49:21,2026-09-22T15:49:21
3665,貿聯-KY,2021-03-02,287.5,-10.5,-3.52%,,21.68,,,,,,,ShowDailyK_ChartFlow,FinMind_API_TaiwanStockPrice_3665,True,2026-09-22T15:49:21,2026-09-22T15:49:21,2026-09-22T15:49:21
3665,貿聯-KY,2021-03-03,278.0,-9.5,-3.30%,,20.97,,,,,,,ShowDailyK_ChartFlow,FinMind_API_TaiwanStockPrice_3665,True,2026-09-22T15:49:21,2026-09-22T15:49:21,2026-09-22T15:49:21
3665,貿聯-KY,2021-03-04,275.5,-2.5,-0.90%,,20.78,,,,,,,ShowDailyK_ChartFlow,FinMind_API_TaiwanStockPrice_3665,True,2026-09-22T15:49:21,2026-09-22T15:49:21,2026-09-22T15:49:21
3665,貿聯-KY,2021-03-05,280.0,4.5,1.63%,,21.12,,,,,,,ShowDailyK_ChartFlow,FinMind_API_TaiwanStockPrice_3665,True,2026-09-22T15:49:21,2026-09-22T15:49:21,2026-09-22T15:49:21
3665,貿聯-KY,2021-03-08,274.0,-6.0,-2.14%,,20.66,,,,,,,ShowDailyK_ChartFlow,FinMind_API_TaiwanStockPrice_3665,True,2026-09-22T15:49:21,2026-09-22T15:49:21,2026-09-22T15:49:21
3665,貿聯-KY,2021-03-09,270.5,-3.5,-1.28%,,20.4,,,,,,,ShowDailyK_ChartFlow,FinMind_API_TaiwanStockPrice_3665,True,2026-09-22T15:49:21,2026-09-22T15:49:21,2026-09-22T15:49:21
3665,貿聯-KY,2021-03-10,273.0,2.5,0.92%,,20.59,,,,,,,ShowDailyK_ChartFlow,FinMind_API_TaiwanStockPrice_3665,True,2026-09-22T15:49:21,2026-09-22T15:49:21,2026-09-22T15:49:21
3665,貿聯-KY,2021-03-11,279.5,6.5,2.38%,,21.08,,,,,,,ShowDailyK_ChartFlow,FinMind_API_TaiwanStockPrice_3665,True,2026-09-22T15:49:21,2026-09-22T15:49:21,2026-09-22T15:49:21
3665,貿聯-KY,2021-03-12,276.5,-3.0,-1.07%,,20.85,,,,,,,ShowDailyK_ChartFlow,FinMind_API_TaiwanStockPrice_3665,True,2026-09-22T15:49:21,2026-09-22T15:49:21,2026-09-22T15:49:21
3665,貿聯-KY,2021-03-15,275.5,-1.0,-0.36%,,20.78,,,,,,,ShowDailyK_ChartFlow,FinMind_API_TaiwanStockPrice_3665,True,2026-09-22T15:49:21,2026-09-22T15:49:21,2026-09-22T15:49:21
3665,貿聯-KY,2021-03-16,278.0,2.5,0.91%,,20.97,,,,,,,ShowDailyK_ChartFlow,FinMind_API_TaiwanStockPrice_3665,True,2026-09-22T15:49:21,2026-09-22T15:49:21,2026-09-22T15:49:21
3665,貿聯-KY,2021-03-17,275.5,-2.5,-0.90%,,20.78,,,,,,,ShowDailyK_ChartFlow,FinMind_API_TaiwanStockPrice_3665,True,2026-09-22T15:49:21,2026-09-22T15:49:21,2026-09-22T15:49:21
3665,貿聯-KY,2021-03-18,280.0,4.5,1.63%,,21.12,,,,,,,ShowDailyK_ChartFlow,FinMind_API_TaiwanStockPrice_3665,True,2026-09-22T15:49:21,2026-09-22T15:49:21,2026-09-22T15:49:21
3665,貿聯-KY,2021-03-19,274.0,-6.0,-2.14%,,20.66,,,,,,,ShowDailyK_ChartFlow,FinMind_API_TaiwanStockPrice_3665,True,2026-09-22T15:49:21,2026-09-22T15:49:21,2026-09-22T15:49:21
3665,貿聯-KY,2021-03-22,270.0,-4.0,-1.46%,,20.36,,,,,,,ShowDailyK_ChartFlow,FinMind_API_TaiwanStockPrice_3665,True,2026-09-22T15:49:21,2026-09-22T15:49:21,2026-09-22T15:49:21
3665,貿聯-KY,2021-03-23,270.0,0.0,0.00%,,20.36,,,,,,,ShowDailyK_ChartFlow,FinMind_API_TaiwanStockPrice_3665,True,2026-09-22T15:49:21,2026-09-22T15:49:21,2026-09-22T15:49:21
3665,貿聯-KY,2021-03-24,268.5,-1.5,-0.56%,,20.25,,,,,,,ShowDailyK_ChartFlow,FinMind_API_TaiwanStockPrice_3665,True,2026-09-22T15:49:21,2026-09-22T15:49:21,2026-09-22T15:49:21
3665,貿聯-KY,2021-03-25,263.5,-5.0,-1.86%,,19.87,,,,,,,ShowDailyK_ChartFlow,FinMind_API_TaiwanStockPrice_3665,True,2026-09-22T15:49:21,2026-09-22T15:49:21,2026-09-22T15:49:21
3665,貿聯-KY,2021-03-26,268.0,4.5,1.71%,,20.21,,,,,,,ShowDailyK_ChartFlow,FinMind_API_TaiwanStockPrice_3665,True,2026-09-22T15:49:21,2026-09-22T15:49:21,2026-09-22T15:49:21
3665,貿聯-KY,2021-03-29,269.0,1.0,0.37%,,20.29,,,,,,,ShowDailyK_ChartFlow,FinMind_API_TaiwanStockPrice_3665,True,2026-09-22T15:49:21,2026-09-22T15:49:21,2026-09-22T15:49:21
3665,貿聯-KY,2021-03-30,271.5,2.5,0.93%,,20.48,,,,,,,ShowDailyK_ChartFlow,FinMind_API_TaiwanStockPrice_3665,True,2026-09-22T15:49:21,2026-09-22T15:49:21,2026-09-22T15:49:21
3665,貿聯-KY,2021-03-31,266.0,-5.5,-2.03%,2.35,19.0,35.25,42.3,49.35,56.4,63.45,70.5,ShowDailyK_ChartFlow,FinMind_API_TaiwanStockPrice_3665,True,2026-09-22T15:49:21,2026-09-22T15:49:21,2026-09-22T15:49:21
3665,貿聯-KY,2021-04-01,270.5,4.5,1.69%,2.35,19.32,35.25,42.3,49.35,56.4,63.45,70.5,ShowDailyK_ChartFlow,FinMind_API_TaiwanStockPrice_3665,True,2026-09-22T15:49:21,2026-09-22T15:49:21,2026-09-22T15:49:21
3665,貿聯-KY,2021-04-06,273.5,3.0,1.11%,2.35,19.54,35.25,42.3,49.35,56.4,63.45,70.5,ShowDailyK_ChartFlow,FinMind_API_TaiwanStockPrice_3665,True,2026-09-22T15:49:21,2026-09-22T15:49:21,2026-09-22T15:49:21
3665,貿聯-KY,2021-04-07,283.0,9.5,3.47%,2.35,20.21,35.25,42.3,49.35,56.4,63.45,70.5,ShowDailyK_ChartFlow,FinMind_API_TaiwanStockPrice_3665,True,2026-09-22T15:49:21,2026-09-22T15:49:21,2026-09-22T15:49:21
3665,貿聯-KY,2021-04-08,284.0,1.0,0.35%,2.35,20.29,35.25,42.3,49.35,56.4,63.45,70.5,ShowDailyK_ChartFlow,FinMind_API_TaiwanStockPrice_3665,True,2026-09-22T15:49:21,2026-09-22T15:49:21,2026-09-22T15:49:21
3665,貿聯-KY,2021-04-09,281.0,-3.0,-1.06%,2.35,20.07,35.25,42.3,49.35,56.4,63.45,70.5,ShowDailyK_ChartFlow,FinMind_API_TaiwanStockPrice_3665,True,2026-09-22T15:49:21,2026-09-22T15:49:21,2026-09-22T15:49:21
3665,貿聯-KY,2021-04-12,276.5,-4.5,-1.60%,2.35,19.75,35.25,42.3,49.35,56.4,63.45,70.5,ShowDailyK_ChartFlow,FinMind_API_TaiwanStockPrice_3665,True,2026-09-22T15:49:21,2026-09-22T15:49:21,2026-09-22T15:49:21
3665,貿聯-KY,2021-04-13,269.5,-7.0,-2.53%,2.35,19.25,35.25,42.3,49.35,56.4,63.45,70.5,ShowDailyK_ChartFlow,FinMind_API_TaiwanStockPrice_3665,True,2026-09-22T15:49:21,2026-09-22T15:49:21,2026-09-22T15:49:21
3665,貿聯-KY,2021-04-14,270.0,0.5,0.19%,2.35,19.29,35.25,42.3,49.35,56.4,63.45,70.5,ShowDailyK_ChartFlow,FinMind_API_TaiwanStockPrice_3665,True,2026-09-22T15:49:21,2026-09-22T15:49:21,2026-09-22T15:49:21
3665,貿聯-KY,2021-04-15,267.0,-3.0,-1.11%,2.35,19.07,35.25,42.3,49.35,56.4,63.45,70.5,ShowDailyK_ChartFlow,FinMind_API_TaiwanStockPrice_3665,True,2026-09-22T15:49:21,2026-09-22T15:49:21,2026-09-22T15:49:21
3665,貿聯-KY,2021-04-16,269.5,2.5,0.94%,2.35,19.25,35.25,42.3,49.35,56.4,63.45,70.5,ShowDailyK_ChartFlow,FinMind_API_TaiwanStockPrice_3665,True,2026-09-22T15:49:21,2026-09-22T15:49:21,2026-09-22T15:49:21
3665,貿聯-KY,2021-04-19,266.5,-3.0,-1.11%,2.35,19.04,35.25,42.3,49.35,56.4,63.45,70.5,ShowDailyK_ChartFlow,FinMind_API_TaiwanStockPrice_3665,True,2026-09-22T15:49:21,2026-09-22T15:49:21,2026-09-22T15:49:21
3665,貿聯-KY,2021-04-20,266.0,-0.5,-0.19%,2.35,19.0,35.25,42.3,49.35,56.4,63.45,70.5,ShowDailyK_ChartFlow,FinMind_API_TaiwanStockPrice_3665,True,2026-09-22T15:49:21,2026-09-22T15:49:21,2026-09-22T15:49:21
3665,貿聯-KY,2021-04-21,268.0,2.0,0.75%,2.35,19.14,35.25,42.3,49.35,56.4,63.45,70.5,ShowDailyK_ChartFlow,FinMind_API_TaiwanStockPrice_3665,True,2026-09-22T15:49:21,2026-09-22T15:49:21,2026-09-22T15:49:21
3665,貿聯-KY,2021-04-22,269.0,1.0,0.37%,2.35,19.21,35.25,42.3,49.35,56.4,63.45,70.5,ShowDailyK_ChartFlow,FinMind_API_TaiwanStockPrice_3665,True,2026-09-22T15:49:21,2026-09-22T15:49:21,2026-09-22T15:49:21
3665,貿聯-KY,2021-04-23,270.5,1.5,0.56%,2.35,19.32,35.25,42.3,49.35,56.4,63.45,70.5,ShowDailyK_ChartFlow,FinMind_API_TaiwanStockPrice_3665,True,2026-09-22T15:49:21,2026-09-22T15:49:21,2026-09-22T15:49:21
3665,貿聯-KY,2021-04-26,271.5,1.0,0.37%,2.35,19.39,35.25,42.3,49.35,56.4,63.45,70.5,ShowDailyK_ChartFlow,FinMind_API_TaiwanStockPrice_3665,True,2026-09-22T15:49:21,2026-09-22T15:49:21,2026-09-22T15:49:21
3665,貿聯-KY,2021-04-27,268.5,-3.0,-1.10%,2.35,19.18,35.25,42.3,49.35,56.4,63.45,70.5,ShowDailyK_ChartFlow,FinMind_API_TaiwanStockPrice_3665,True,2026-09-22T15:49:21,2026-09-22T15:49:21,2026-09-22T15:49:21
3665,貿聯-KY,2021-04-28,264.5,-4.0,-1.49%,2.35,18.89,35.25,42.3,49.35,56.4,63.45,70.5,ShowDailyK_ChartFlow,FinMind_API_TaiwanStockPrice_3665,True,2026-09-22T15:49:21,2026-09-22T15:49:21,2026-09-22T15:49:21
3665,貿聯-KY,2021-04-29,261.0,-3.5,-1.32%,2.35,18.64,35.25,42.3,49.35,56.4,63.45,70.5,ShowDailyK_ChartFlow,FinMind_API_TaiwanStockPrice_3665,True,2026-09-22T15:49:21,2026-09-22T15:49:21,2026-09-22T15:49:21
3665,貿聯-KY,2021-05-03,258.0,-3.0,-1.15%,2.35,18.43,35.25,42.3,49.35,56.4,63.45,70.5,ShowDailyK_ChartFlow,FinMind_API_TaiwanStockPrice_3665,True,2026-09-22T15:49:21,2026-09-22T15:49:21,2026-09-22T15:49:21
3665,貿聯-KY,2021-05-04,251.0,-7.0,-2.71%,2.35,17.93,35.25,42.3,49.35,56.4,63.45,70.5,ShowDailyK_ChartFlow,FinMind_API_TaiwanStockPrice_3665,True,2026-09-22T15:49:21,2026-09-22T15:49:21,2026-09-22T15:49:21
3665,貿聯-KY,2021-05-05,242.0,-9.0,-3.59%,2.35,17.29,35.25,42.3,49.35,56.4,63.45,70.5,ShowDailyK_ChartFlow,FinMind_API_TaiwanStockPrice_3665,True,2026-09-22T15:49:21,2026-09-22T15:49:21,2026-09-22T15:49:21
3665,貿聯-KY,2021-05-06,252.0,10.0,4.13%,2.35,18.0,35.25,42.3,49.35,56.4,63.45,70.5,ShowDailyK_ChartFlow,FinMind_API_TaiwanStockPrice_3665,True,2026-09-22T15:49:21,2026-09-22T15:49:21,2026-09-22T15:49:21
3665,貿聯-KY,2021-05-07,262.0,10.0,3.97%,2.35,18.71,35.25,42.3,49.35,56.4,63.45,70.5,ShowDailyK_ChartFlow,FinMind_API_TaiwanStockPrice_3665,True,2026-09-22T15:49:21,2026-09-22T15:49:21,2026-09-22T15:49:21
3665,貿聯-KY,2021-05-10,255.0,-7.0,-2.67%,2.35,18.21,35.25,42.3,49.35,56.4,63.45,70.5,ShowDailyK_ChartFlow,FinMind_API_TaiwanStockPrice_3665,True,2026-09-22T15:49:21,2026-09-22T15:49:21,2026-09-22T15:49:21
3665,貿聯-KY,2021-05-11,244.5,-10.5,-4.12%,2.35,17.46,35.25,42.3,49.35,56.4,63.45,70.5,ShowDailyK_ChartFlow,FinMind_API_TaiwanStockPrice_3665,True,2026-09-22T15:49:21,2026-09-22T15:49:21,2026-09-22T15:49:21
3665,貿聯-KY,2021-05-12,240.0,-4.5,-1.84%,2.35,17.14,35.25,42.3,49.35,56.4,63.45,70.5,ShowDailyK_ChartFlow,FinMind_API_TaiwanStockPrice_3665,True,2026-09-22T15:49:21,2026-09-22T15:49:21,2026-09-22T15:49:21
3665,貿聯-KY,2021-05-13,238.0,-2.0,-0.83%,2.35,17.0,35.25,42.3,49.35,56.4,63.45,70.5,ShowDailyK_ChartFlow,FinMind_API_TaiwanStockPrice_3665,True,2026-09-22T15:49:21,2026-09-22T15:49:21,2026-09-22T15:49:21
3665,貿聯-KY,2021-05-14,237.0,-1.0,-0.42%,2.35,16.93,35.25,42.3,49.35,56.4,63.45,70.5,ShowDailyK_ChartFlow,FinMind_API_TaiwanStockPrice_3665,True,2026-09-22T15:49:21,2026-09-22T15:49:21,2026-09-22T15:49:21
3665,貿聯-KY,2021-05-17,213.5,-23.5,-9.92%,2.35,15.0,35.25,42.3,49.35,56.4,63.45,70.5,ShowDailyK_ChartFlow,FinMind_API_TaiwanStockPrice_3665,True,2026-09-22T15:49:21,2026-09-22T15:49:21,2026-09-22T15:49:21
3665,貿聯-KY,2021-05-18,214.5,1.0,0.47%,2.35,15.07,35.25,42.3,49.35,56.4,63.45,70.5,ShowDailyK_ChartFlow,FinMind_API_TaiwanStockPrice_3665,True,2026-09-22T15:49:21,2026-09-22T15:49:21,2026-09-22T15:49:21
3665,貿聯-KY,2021-05-19,209.0,-5.5,-2.56%,2.35,14.69,35.25,42.3,49.35,56.4,63.45,70.5,ShowDailyK_ChartFlow,FinMind_API_TaiwanStockPrice_3665,True,2026-09-22T15:49:21,2026-09-22T15:49:21,2026-09-22T15:49:21
3665,貿聯-KY,2021-05-20,215.5,6.5,3.11%,2.35,15.14,35.25,42.3,49.35,56.4,63.45,70.5,ShowDailyK_ChartFlow,FinMind_API_TaiwanStockPrice_3665,True,2026-09-22T15:49:21,2026-09-22T15:49:21,2026-09-22T15:49:21
3665,貿聯-KY,2021-05-21,218.0,2.5,1.16%,2.35,15.32,35.25,42.3,49.35,56.4,63.45,70.5,ShowDailyK_ChartFlow,FinMind_API_TaiwanStockPrice_3665,True,2026-09-22T15:49:21,2026-09-22T15:49:21,2026-09-22T15:49:21
3665,貿聯-KY,2021-05-24,235.0,17.0,7.80%,2.35,16.51,35.25,42.3,49.35,56.4,63.45,70.5,ShowDailyK_ChartFlow,FinMind_API_TaiwanStockPrice_3665,True,2026-09-22T15:49:21,2026-09-22T15:49:21,2026-09-22T15:49:21
3665,貿聯-KY,2021-05-25,232.0,-3.0,-1.28%,2.35,16.3,35.25,42.3,49.35,56.4,63.45,70.5,ShowDailyK_ChartFlow,FinMind_API_TaiwanStockPrice_3665,True,2026-09-22T15:49:21,2026-09-22T15:49:21,2026-09-22T15:49:21
3665,貿聯-KY,2021-05-26,233.0,1.0,0.43%,2.35,16.37,35.25,42.3,49.35,56.4,63.45,70.5,ShowDailyK_ChartFlow,FinMind_API_TaiwanStockPrice_3665,True,2026-09-22T15:49:21,2026-09-22T15:49:21,2026-09-22T15:49:21
3665,貿聯-KY,2021-05-27,234.5,1.5,0.64%,2.35,16.48,35.25,42.3,49.35,56.4,63.45,70.5,ShowDailyK_ChartFlow,FinMind_API_TaiwanStockPrice_3665,True,2026-09-22T15:49:21,2026-09-22T15:49:21,2026-09-22T15:49:21
3665,貿聯-KY,2021-05-28,241.0,6.5,2.77%,2.35,16.94,35.25,42.3,49.35,56.4,63.45,70.5,ShowDailyK_ChartFlow,FinMind_API_TaiwanStockPrice_3665,True,2026-09-22T15:49:21,2026-09-22T15:49:21,2026-09-22T15:49:21
3665,貿聯-KY,2021-05-31,243.5,2.5,1.04%,2.35,17.11,35.25,42.3,49.35,56.4,63.45,70.5,ShowDailyK_ChartFlow,FinMind_API_TaiwanStockPrice_3665,True,2026-09-22T15:49:21,2026-09-22T15:49:21,2026-09-22T15:49:21
3665,貿聯-KY,2021-06-01,246.0,2.5,1.03%,2.35,17.29,35.25,42.3,49.35,56.4,63.45,70.5,ShowDailyK_ChartFlow,FinMind_API_TaiwanStockPrice_3665,True,2026-09-22T15:49:21,2026-09-22T15:49:21,2026-09-22T15:49:21
3665,貿聯-KY,2021-06-02,240.0,-6.0,-2.44%,2.35,16.87,35.25,42.3,49.35,56.4,63.45,70.5,ShowDailyK_ChartFlow,FinMind_API_TaiwanStockPrice_3665,True,2026-09-22T15:49:21,2026-09-22T15:49:21,2026-09-22T15:49:21
3665,貿聯-KY,2021-06-03,238.0,-2.0,-0.83%,2.35,16.73,35.25,42.3,49.35,56.4,63.45,70.5,ShowDailyK_ChartFlow,FinMind_API_TaiwanStockPrice_3665,True,2026-09-22T15:49:21,2026-09-22T15:49:21,2026-09-22T15:49:21
3665,貿聯-KY,2021-06-04,236.5,-1.5,-0.63%,2.35,16.62,35.25,42.3,49.35,56.4,63.45,70.5,ShowDailyK_ChartFlow,FinMind_API_TaiwanStockPrice_3665,True,2026-09-22T15:49:21,2026-09-22T15:49:21,2026-09-22T15:49:21
3665,貿聯-KY,2021-06-07,237.0,0.5,0.21%,2.35,16.65,35.25,42.3,49.35,56.4,63.45,70.5,ShowDailyK_ChartFlow,FinMind_API_TaiwanStockPrice_3665,True,2026-09-22T15:49:21,2026-09-22T15:49:21,2026-09-22T15:49:21
3665,貿聯-KY,2021-06-08,231.5,-5.5,-2.32%,2.35,16.27,35.25,42.3,49.35,56.4,63.45,70.5,ShowDailyK_ChartFlow,FinMind_API_TaiwanStockPrice_3665,True,2026-09-22T15:49:21,2026-09-22T15:49:21,2026-09-22T15:49:21
3665,貿聯-KY,2021-06-09,235.0,3.5,1.51%,2.35,16.51,35.25,42.3,49.35,56.4,63.45,70.5,ShowDailyK_ChartFlow,FinMind_API_TaiwanStockPrice_3665,True,2026-09-22T15:49:21,2026-09-22T15:49:21,2026-09-22T15:49:21
3665,貿聯-KY,2021-06-10,240.0,5.0,2.13%,2.35,16.87,35.25,42.3,49.35,56.4,63.45,70.5,ShowDailyK_ChartFlow,FinMind_API_TaiwanStockPrice_3665,True,2026-09-22T15:49:21,2026-09-22T15:49:21,2026-09-22T15:49:21
3665,貿聯-KY,2021-06-11,237.0,-3.0,-1.25%,2.35,16.65,35.25,42.3,49.35,56.4,63.45,70.5,ShowDailyK_ChartFlow,FinMind_API_TaiwanStockPrice_3665,True,2026-09-22T15:49:21,2026-09-22T15:49:21,2026-09-22T15:49:21
3665,貿聯-KY,2021-06-15,238.5,1.5,0.63%,2.35,16.76,35.25,42.3,49.35,56.4,63.45,70.5,ShowDailyK_ChartFlow,FinMind_API_TaiwanStockPrice_3665,True,2026-09-22T15:49:21,2026-09-22T15:49:21,2026-09-22T15:49:21
3665,貿聯-KY,2021-06-16,239.0,0.5,0.21%,2.35,16.8,35.25,42.3,49.35,56.4,63.45,70.5,ShowDailyK_ChartFlow,FinMind_API_TaiwanStockPrice_3665,True,2026-09-22T15:49:21,2026-09-22T15:49:21,2026-09-22T15:49:21
3665,貿聯-KY,2021-06-17,242.5,3.5,1.46%,2.35,17.04,35.25,42.3,49.35,56.4,63.45,70.5,ShowDailyK_ChartFlow,FinMind_API_TaiwanStockPrice_3665,True,2026-09-22T15:49:21,2026-09-22T15:49:21,2026-09-22T15:49:21
3665,貿聯-KY,2021-06-18,245.5,3.0,1.24%,2.35,17.25,35.25,42.3,49.35,56.4,63.45,70.5,ShowDailyK_ChartFlow,FinMind_API_TaiwanStockPrice_3665,True,2026-09-22T15:49:21,2026-09-22T15:49:21,2026-09-22T15:49:21
3665,貿聯-KY,2021-06-21,245.0,-0.5,-0.20%,2.35,17.22,35.25,42.3,49.35,56.4,63.45,70.5,ShowDailyK_ChartFlow,FinMind_API_TaiwanStockPrice_3665,True,2026-09-22T15:49:21,2026-09-22T15:49:21,2026-09-22T15:49:21
3665,貿聯-KY,2021-06-22,254.0,9.0,3.67%,2.35,17.85,35.25,42.3,49.35,56.4,63.45,70.5,ShowDailyK_ChartFlow,FinMind_API_TaiwanStockPrice_3665,True,2026-09-22T15:49:21,2026-09-22T15:49:21,2026-09-22T15:49:21
3665,貿聯-KY,2021-06-23,273.5,19.5,7.68%,2.35,19.22,35.25,42.3,49.35,56.4,63.45,70.5,ShowDailyK_ChartFlow,FinMind_API_TaiwanStockPrice_3665,True,2026-09-22T15:49:21,2026-09-22T15:49:21,2026-09-22T15:49:21
3665,貿聯-KY,2021-06-24,266.0,-7.5,-2.74%,2.35,18.69,35.25,42.3,49.35,56.4,63.45,70.5,ShowDailyK_ChartFlow,FinMind_API_TaiwanStockPrice_3665,True,2026-09-22T15:49:21,2026-09-22T15:49:21,2026-09-22T15:49:21
3665,貿聯-KY,2021-06-25,264.0,-2.0,-0.75%,2.35,18.55,35.25,42.3,49.35,56.4,63.45,70.5,ShowDailyK_ChartFlow,FinMind_API_TaiwanStockPrice_3665,True,2026-09-22T15:49:21,2026-09-22T15:49:21,2026-09-22T15:49:21
3665,貿聯-KY,2021-06-28,265.0,1.0,0.38%,2.35,18.62,35.25,42.3,49.35,56.4,63.45,70.5,ShowDailyK_ChartFlow,FinMind_API_TaiwanStockPrice_3665,True,2026-09-22T15:49:21,2026-09-22T15:49:21,2026-09-22T15:49:21
3665,貿聯-KY,2021-06-29,262.5,-2.5,-0.94%,2.35,18.45,35.25,42.3,49.35,56.4,63.45,70.5,ShowDailyK_ChartFlow,FinMind_API_TaiwanStockPrice_3665,True,2026-09-22T15:49:21,2026-09-22T15:49:21,2026-09-22T15:49:21
3665,貿聯-KY,2021-06-30,259.0,-3.5,-1.33%,6.48,18.2,97.2,116.64,136.08,155.52,174.96,194.4,ShowDailyK_ChartFlow,FinMind_API_TaiwanStockPrice_3665,True,2026-09-22T15:49:21,2026-09-22T15:49:21,2026-09-22T15:49:21
3665,貿聯-KY,2021-07-01,252.5,-6.5,-2.51%,6.48,17.74,97.2,116.64,136.08,155.52,174.96,194.4,ShowDailyK_ChartFlow,FinMind_API_TaiwanStockPrice_3665,True,2026-09-22T15:49:21,2026-09-22T15:49:21,2026-09-22T15:49:21
3665,貿聯-KY,2021-07-02,257.0,4.5,1.78%,6.48,18.06,97.2,116.64,136.08,155.52,174.96,194.4,ShowDailyK_ChartFlow,FinMind_API_TaiwanStockPrice_3665,True,2026-09-22T15:49:21,2026-09-22T15:49:21,2026-09-22T15:49:21
3665,貿聯-KY,2021-07-05,259.0,2.0,0.78%,6.48,18.2,97.2,116.64,136.08,155.52,174.96,194.4,ShowDailyK_ChartFlow,FinMind_API_TaiwanStockPrice_3665,True,2026-09-22T15:49:21,2026-09-22T15:49:21,2026-09-22T15:49:21
3665,貿聯-KY,2021-07-06,265.0,6.0,2.32%,6.48,18.62,97.2,116.64,136.08,155.52,174.96,194.4,ShowDailyK_ChartFlow,FinMind_API_TaiwanStockPrice_3665,True,2026-09-22T15:49:21,2026-09-22T15:49:21,2026-09-22T15:49:21
3665,貿聯-KY,2021-07-07,272.0,7.0,2.64%,6.48,19.11,97.2,116.64,136.08,155.52,174.96,194.4,ShowDailyK_ChartFlow,FinMind_API_TaiwanStockPrice_3665,True,2026-09-22T15:49:21,2026-09-22T15:49:21,2026-09-22T15:49:21
3665,貿聯-KY,2021-07-08,258.0,-14.0,-5.15%,6.48,18.13,97.2,116.64,136.08,155.52,174.96,194.4,ShowDailyK_ChartFlow,FinMind_API_TaiwanStockPrice_3665,True,2026-09-22T15:49:21,2026-09-22T15:49:21,2026-09-22T15:49:21
3665,貿聯-KY,2021-07-09,256.0,-2.0,-0.78%,6.48,17.99,97.2,116.64,136.08,155.52,174.96,194.4,ShowDailyK_ChartFlow,FinMind_API_TaiwanStockPrice_3665,True,2026-09-22T15:49:21,2026-09-22T15:49:21,2026-09-22T15:49:21
3665,貿聯-KY,2021-07-12,259.0,3.0,1.17%,6.48,18.2,97.2,116.64,136.08,155.52,174.96,194.4,ShowDailyK_ChartFlow,FinMind_API_TaiwanStockPrice_3665,True,2026-09-22T15:49:21,2026-09-22T15:49:21,2026-09-22T15:49:21
3665,貿聯-KY,2021-07-13,255.0,-4.0,-1.54%,6.48,17.92,97.2,116.64,136.08,155.52,174.96,194.4,ShowDailyK_ChartFlow,FinMind_API_TaiwanStockPrice_3665,True,2026-09-22T15:49:21,2026-09-22T15:49:21,2026-09-22T15:49:21
3665,貿聯-KY,2021-07-14,252.5,-2.5,-0.98%,6.48,17.74,97.2,116.64,136.08,155.52,174.96,194.4,ShowDailyK_ChartFlow,FinMind_API_TaiwanStockPrice_3665,True,2026-09-22T15:49:21,2026-09-22T15:49:21,2026-09-22T15:49:21
3665,貿聯-KY,2021-07-15,251.5,-1.0,-0.40%,6.48,17.67,97.2,116.64,136.08,155.52,174.96,194.4,ShowDailyK_ChartFlow,FinMind_API_TaiwanStockPrice_3665,True,2026-09-22T15:49:21,2026-09-22T15:49:21,2026-09-22T15:49:21
3665,貿聯-KY,2021-07-16,252.0,0.5,0.20%,6.48,17.71,97.2,116.64,136.08,155.52,174.96,194.4,ShowDailyK_ChartFlow,FinMind_API_TaiwanStockPrice_3665,True,2026-09-22T15:49:21,2026-09-22T15:49:21,2026-09-22T15:49:21
3665,貿聯-KY,2021-07-19,249.0,-3.0,-1.19%,6.48,17.5,97.2,116.64,136.08,155.52,174.96,194.4,ShowDailyK_ChartFlow,FinMind_API_TaiwanStockPrice_3665,True,2026-09-22T15:49:21,2026-09-22T15:49:21,2026-09-22T15:49:21
3665,貿聯-KY,2021-07-20,239.0,-10.0,-4.02%,6.48,16.8,97.2,116.64,136.08,155.52,174.96,194.4,ShowDailyK_ChartFlow,FinMind_API_TaiwanStockPrice_3665,True,2026-09-22T15:49:21,2026-09-22T15:49:21,2026-09-22T15:49:21
3665,貿聯-KY,2021-07-21,242.0,3.0,1.26%,6.48,17.01,97.2,116.64,136.08,155.52,174.96,194.4,ShowDailyK_ChartFlow,FinMind_API_TaiwanStockPrice_3665,True,2026-09-22T15:49:21,2026-09-22T15:49:21,2026-09-22T15:49:21
3665,貿聯-KY,2021-07-22,245.0,3.0,1.24%,6.48,17.22,97.2,116.64,136.08,155.52,174.96,194.4,ShowDailyK_ChartFlow,FinMind_API_TaiwanStockPrice_3665,True,2026-09-22T15:49:21,2026-09-22T15:49:21,2026-09-22T15:49:21
3665,貿聯-KY,2021-07-23,247.5,2.5,1.02%,6.48,17.39,97.2,116.64,136.08,155.52,174.96,194.4,ShowDailyK_ChartFlow,FinMind_API_TaiwanStockPrice_3665,True,2026-09-22T15:49:21,2026-09-22T15:49:21,2026-09-22T15:49:21
3665,貿聯-KY,2021-07-26,254.0,6.5,2.63%,6.48,17.85,97.2,116.64,136.08,155.52,174.96,194.4,ShowDailyK_ChartFlow,FinMind_API_TaiwanStockPrice_3665,True,2026-09-22T15:49:21,2026-09-22T15:49:21,2026-09-22T15:49:21
3665,貿聯-KY,2021-07-27,248.0,-6.0,-2.36%,6.48,17.43,97.2,116.64,136.08,155.52,174.96,194.4,ShowDailyK_ChartFlow,FinMind_API_TaiwanStockPrice_3665,True,2026-09-22T15:49:21,2026-09-22T15:49:21,2026-09-22T15:49:21
3665,貿聯-KY,2021-07-28,250.0,2.0,0.81%,6.48,17.57,97.2,116.64,136.08,155.52,174.96,194.4,ShowDailyK_ChartFlow,FinMind_API_TaiwanStockPrice_3665,True,2026-09-22T15:49:21,2026-09-22T15:49:21,2026-09-22T15:49:21
3665,貿聯-KY,2021-07-29,251.0,1.0,0.40%,6.48,17.64,97.2,116.64,136.08,155.52,174.96,194.4,ShowDailyK_ChartFlow,FinMind_API_TaiwanStockPrice_3665,True,2026-09-22T15:49:21,2026-09-22T15:49:21,2026-09-22T15:49:21
3665,貿聯-KY,2021-07-30,257.0,6.0,2.39%,6.48,18.06,97.2,116.64,136.08,155.52,174.96,194.4,ShowDailyK_ChartFlow,FinMind_API_TaiwanStockPrice_3665,True,2026-09-22T15:49:21,2026-09-22T15:49:21,2026-09-22T15:49:21
3665,貿聯-KY,2021-08-02,256.0,-1.0,-0.39%,6.48,17.99,97.2,116.64,136.08,155.52,174.96,194.4,ShowDailyK_ChartFlow,FinMind_API_TaiwanStockPrice_3665,True,2026-09-22T15:49:21,2026-09-22T15:49:21,2026-09-22T15:49:21
3665,貿聯-KY,2021-08-03,251.0,-5.0,-1.95%,6.48,17.64,97.2,116.64,136.08,155.52,174.96,194.4,ShowDailyK_ChartFlow,FinMind_API_TaiwanStockPrice_3665,True,2026-09-22T15:49:21,2026-09-22T15:49:21,2026-09-22T15:49:21
3665,貿聯-KY,2021-08-04,250.0,-1.0,-0.40%,6.48,17.57,97.2,116.64,136.08,155.52,174.96,194.4,ShowDailyK_ChartFlow,FinMind_API_TaiwanStockPrice_3665,True,2026-09-22T15:49:21,2026-09-22T15:49:21,2026-09-22T15:49:21
3665,貿聯-KY,2021-08-05,251.5,1.5,0.60%,6.48,17.67,97.2,116.64,136.08,155.52,174.96,194.4,ShowDailyK_ChartFlow,FinMind_API_TaiwanStockPrice_3665,True,2026-09-22T15:49:21,2026-09-22T15:49:21,2026-09-22T15:49:21
3665,貿聯-KY,2021-08-06,247.5,-4.0,-1.59%,6.48,17.39,97.2,116.64,136.08,155.52,174.96,194.4,ShowDailyK_ChartFlow,FinMind_API_TaiwanStockPrice_3665,True,2026-09-22T15:49:21,2026-09-22T15:49:21,2026-09-22T15:49:21
3665,貿聯-KY,2021-08-09,247.5,0.0,0.00%,6.48,17.39,97.2,116.64,136.08,155.52,174.96,194.4,ShowDailyK_ChartFlow,FinMind_API_TaiwanStockPrice_3665,True,2026-09-22T15:49:21,2026-09-22T15:49:21,2026-09-22T15:49:21
3665,貿聯-KY,2021-08-10,241.0,-6.5,-2.63%,6.48,16.94,97.2,116.64,136.08,155.52,174.96,194.4,ShowDailyK_ChartFlow,FinMind_API_TaiwanStockPrice_3665,True,2026-09-22T15:49:21,2026-09-22T15:49:21,2026-09-22T15:49:21
3665,貿聯-KY,2021-08-11,238.5,-2.5,-1.04%,6.48,16.76,97.2,116.64,136.08,155.52,174.96,194.4,ShowDailyK_ChartFlow,FinMind_API_TaiwanStockPrice_3665,True,2026-09-22T15:49:21,2026-09-22T15:49:21,2026-09-22T15:49:21
3665,貿聯-KY,2021-08-12,238.5,0.0,0.00%,6.48,16.76,97.2,116.64,136.08,155.52,174.96,194.4,ShowDailyK_ChartFlow,FinMind_API_TaiwanStockPrice_3665,True,2026-09-22T15:49:21,2026-09-22T15:49:21,2026-09-22T15:49:21
3665,貿聯-KY,2021-08-13,233.0,-5.5,-2.31%,6.48,16.37,97.2,116.64,136.08,155.52,174.96,194.4,ShowDailyK_ChartFlow,FinMind_API_TaiwanStockPrice_3665,True,2026-09-22T15:49:21,2026-09-22T15:49:21,2026-09-22T15:49:21
3665,貿聯-KY,2021-08-16,230.5,-2.5,-1.07%,6.48,16.2,97.2,116.64,136.08,155.52,174.96,194.4,ShowDailyK_ChartFlow,FinMind_API_TaiwanStockPrice_3665,True,2026-09-22T15:49:21,2026-09-22T15:49:21,2026-09-22T15:49:21
3665,貿聯-KY,2021-08-17,218.0,-12.5,-5.42%,6.48,15.32,97.2,116.64,136.08,155.52,174.96,194.4,ShowDailyK_ChartFlow,FinMind_API_TaiwanStockPrice_3665,True,2026-09-22T15:49:21,2026-09-22T15:49:21,2026-09-22T15:49:21
3665,貿聯-KY,2021-08-18,220.0,2.0,0.92%,6.48,15.46,97.2,116.64,136.08,155.52,174.96,194.4,ShowDailyK_ChartFlow,FinMind_API_TaiwanStockPrice_3665,True,2026-09-22T15:49:21,2026-09-22T15:49:21,2026-09-22T15:49:21
3665,貿聯-KY,2021-08-19,216.5,-3.5,-1.59%,6.48,15.21,97.2,116.64,136.08,155.52,174.96,194.4,ShowDailyK_ChartFlow,FinMind_API_TaiwanStockPrice_3665,True,2026-09-22T15:49:21,2026-09-22T15:49:21,2026-09-22T15:49:21
3665,貿聯-KY,2021-08-20,214.0,-2.5,-1.15%,6.48,15.04,97.2,116.64,136.08,155.52,174.96,194.4,ShowDailyK_ChartFlow,FinMind_API_TaiwanStockPrice_3665,True,2026-09-22T15:49:21,2026-09-22T15:49:21,2026-09-22T15:49:21
3665,貿聯-KY,2021-08-23,217.0,3.0,1.40%,6.48,15.25,97.2,116.64,136.08,155.52,174.96,194.4,ShowDailyK_ChartFlow,FinMind_API_TaiwanStockPrice_3665,True,2026-09-22T15:49:21,2026-09-22T15:49:21,2026-09-22T15:49:21
3665,貿聯-KY,2021-08-24,230.5,13.5,6.22%,6.48,16.2,97.2,116.64,136.08,155.52,174.96,194.4,ShowDailyK_ChartFlow,FinMind_API_TaiwanStockPrice_3665,True,2026-09-22T15:49:21,2026-09-22T15:49:21,2026-09-22T15:49:21
3665,貿聯-KY,2021-08-25,234.0,3.5,1.52%,6.48,16.44,97.2,116.64,136.08,155.52,174.96,194.4,ShowDailyK_ChartFlow,FinMind_API_TaiwanStockPrice_3665,True,2026-09-22T15:49:21,2026-09-22T15:49:21,2026-09-22T15:49:21
3665,貿聯-KY,2021-08-26,221.5,-12.5,-5.34%,6.48,15.57,97.2,116.64,136.08,155.52,174.96,194.4,ShowDailyK_ChartFlow,FinMind_API_TaiwanStockPrice_3665,True,2026-09-22T15:49:21,2026-09-22T15:49:21,2026-09-22T15:49:21
3665,貿聯-KY,2021-08-27,217.5,-4.0,-1.81%,6.48,15.28,97.2,116.64,136.08,155.52,174.96,194.4,ShowDailyK_ChartFlow,FinMind_API_TaiwanStockPrice_3665,True,2026-09-22T15:49:21,2026-09-22T15:49:21,2026-09-22T15:49:21
3665,貿聯-KY,2021-08-30,221.0,3.5,1.61%,6.48,15.53,97.2,116.64,136.08,155.52,174.96,194.4,ShowDailyK_ChartFlow,FinMind_API_TaiwanStockPrice_3665,True,2026-09-22T15:49:21,2026-09-22T15:49:21,2026-09-22T15:49:21
3665,貿聯-KY,2021-08-31,227.5,6.5,2.94%,6.48,15.99,97.2,116.64,136.08,155.52,174.96,194.4,ShowDailyK_ChartFlow,FinMind_API_TaiwanStockPrice_3665,True,2026-09-22T15:49:21,2026-09-22T15:49:21,2026-09-22T15:49:21
3665,貿聯-KY,2021-09-01,235.5,8.0,3.52%,6.48,16.14,97.2,116.64,136.08,155.52,174.96,194.4,ShowDailyK_ChartFlow,FinMind_API_TaiwanStockPrice_3665,True,2026-09-22T15:49:21,2026-09-22T15:49:21,2026-09-22T15:49:21
3665,貿聯-KY,2021-09-02,235.5,0.0,0.00%,6.48,16.14,97.2,116.64,136.08,155.52,174.96,194.4,ShowDailyK_ChartFlow,FinMind_API_TaiwanStockPrice_3665,True,2026-09-22T15:49:21,2026-09-22T15:49:21,2026-09-22T15:49:21
3665,貿聯-KY,2021-09-03,236.5,1.0,0.42%,6.48,16.21,97.2,116.64,136.08,155.52,174.96,194.4,ShowDailyK_ChartFlow,FinMind_API_TaiwanStockPrice_3665,True,2026-09-22T15:49:21,2026-09-22T15:49:21,2026-09-22T15:49:21
3665,貿聯-KY,2021-09-06,231.0,-5.5,-2.33%,6.48,15.83,97.2,116.64,136.08,155.52,174.96,194.4,ShowDailyK_ChartFlow,FinMind_API_TaiwanStockPrice_3665,True,2026-09-22T15:49:21,2026-09-22T15:49:21,2026-09-22T15:49:21
3665,貿聯-KY,2021-09-07,234.0,3.0,1.30%,6.48,16.04,97.2,116.64,136.08,155.52,174.96,194.4,ShowDailyK_ChartFlow,FinMind_API_TaiwanStockPrice_3665,True,2026-09-22T15:49:21,2026-09-22T15:49:21,2026-09-22T15:49:21
3665,貿聯-KY,2021-09-08,239.5,5.5,2.35%,6.48,16.42,97.2,116.64,136.08,155.52,174.96,194.4,ShowDailyK_ChartFlow,FinMind_API_TaiwanStockPrice_3665,True,2026-09-22T15:49:21,2026-09-22T15:49:21,2026-09-22T15:49:21
3665,貿聯-KY,2021-09-09,238.0,-1.5,-0.63%,6.48,16.31,97.2,116.64,136.08,155.52,174.96,194.4,ShowDailyK_ChartFlow,FinMind_API_TaiwanStockPrice_3665,True,2026-09-22T15:49:21,2026-09-22T15:49:21,2026-09-22T15:49:21
3665,貿聯-KY,2021-09-10,237.0,-1.0,-0.42%,6.48,16.24,97.2,116.64,136.08,155.52,174.96,194.4,ShowDailyK_ChartFlow,FinMind_API_TaiwanStockPrice_3665,True,2026-09-22T15:49:21,2026-09-22T15:49:21,2026-09-22T15:49:21
3665,貿聯-KY,2021-09-13,238.0,1.0,0.42%,6.48,16.31,97.2,116.64,136.08,155.52,174.96,194.4,ShowDailyK_ChartFlow,FinMind_API_TaiwanStockPrice_3665,True,2026-09-22T15:49:21,2026-09-22T15:49:21,2026-09-22T15:49:21
3665,貿聯-KY,2021-09-14,238.0,0.0,0.00%,6.48,16.31,97.2,116.64,136.08,155.52,174.96,194.4,ShowDailyK_ChartFlow,FinMind_API_TaiwanStockPrice_3665,True,2026-09-22T15:49:21,2026-09-22T15:49:21,2026-09-22T15:49:21
3665,貿聯-KY,2021-09-15,238.0,0.0,0.00%,6.48,16.31,97.2,116.64,136.08,155.52,174.96,194.4,ShowDailyK_ChartFlow,FinMind_API_TaiwanStockPrice_3665,True,2026-09-22T15:49:21,2026-09-22T15:49:21,2026-09-22T15:49:21
3665,貿聯-KY,2021-09-16,240.0,2.0,0.84%,6.48,16.45,97.2,116.64,136.08,155.52,174.96,194.4,ShowDailyK_ChartFlow,FinMind_API_TaiwanStockPrice_3665,True,2026-09-22T15:49:21,2026-09-22T15:49:21,2026-09-22T15:49:21
3665,貿聯-KY,2021-09-17,248.5,8.5,3.54%,6.48,17.03,97.2,116.64,136.08,155.52,174.96,194.4,ShowDailyK_ChartFlow,FinMind_API_TaiwanStockPrice_3665,True,2026-09-22T15:49:21,2026-09-22T15:49:21,2026-09-22T15:49:21
3665,貿聯-KY,2021-09-22,247.5,-1.0,-0.40%,6.48,16.96,97.2,116.64,136.08,155.52,174.96,194.4,ShowDailyK_ChartFlow,FinMind_API_TaiwanStockPrice_3665,True,2026-09-22T15:49:21,2026-09-22T15:49:21,2026-09-22T15:49:21
3665,貿聯-KY,2021-09-23,248.0,0.5,0.20%,6.48,17.0,97.2,116.64,136.08,155.52,174.96,194.4,ShowDailyK_ChartFlow,FinMind_API_TaiwanStockPrice_3665,True,2026-09-22T15:49:21,2026-09-22T15:49:21,2026-09-22T15:49:21
3665,貿聯-KY,2021-09-24,250.0,2.0,0.81%,6.48,17.14,97.2,116.64,136.08,155.52,174.96,194.4,ShowDailyK_ChartFlow,FinMind_API_TaiwanStockPrice_3665,True,2026-09-22T15:49:21,2026-09-22T15:49:21,2026-09-22T15:49:21
3665,貿聯-KY,2021-09-27,243.0,-7.0,-2.80%,6.48,16.66,97.2,116.64,136.08,155.52,174.96,194.4,ShowDailyK_ChartFlow,FinMind_API_TaiwanStockPrice_3665,True,2026-09-22T15:49:21,2026-09-22T15:49:21,2026-09-22T15:49:21
3665,貿聯-KY,2021-09-28,229.5,-13.5,-5.56%,6.48,15.73,97.2,116.64,136.08,155.52,174.96,194.4,ShowDailyK_ChartFlow,FinMind_API_TaiwanStockPrice_3665,True,2026-09-22T15:49:21,2026-09-22T15:49:21,2026-09-22T15:49:21
3665,貿聯-KY,2021-09-29,222.0,-7.5,-3.27%,6.48,15.22,97.2,116.64,136.08,155.52,174.96,194.4,ShowDailyK_ChartFlow,FinMind_API_TaiwanStockPrice_3665,True,2026-09-22T15:49:21,2026-09-22T15:49:21,2026-09-22T15:49:21
3665,貿聯-KY,2021-09-30,223.5,1.5,0.68%,11.02,15.32,165.3,198.36,231.42,264.48,297.54,330.6,ShowDailyK_ChartFlow,FinMind_API_TaiwanStockPrice_3665,True,2026-09-22T15:49:21,2026-09-22T15:49:21,2026-09-22T15:49:21
3665,貿聯-KY,2021-10-01,0.0,-223.5,-100.00%,11.02,15.32,165.3,198.36,231.42,264.48,297.54,330.6,ShowDailyK_ChartFlow,FinMind_API_TaiwanStockPrice_3665,True,2026-09-22T15:49:21,2026-09-22T15:49:21,2026-09-22T15:49:21
3665,貿聯-KY,2021-10-04,245.5,245.5,,11.02,16.83,165.3,198.36,231.42,264.48,297.54,330.6,ShowDailyK_ChartFlow,FinMind_API_TaiwanStockPrice_3665,True,2026-09-22T15:49:21,2026-09-22T15:49:21,2026-09-22T15:49:21
3665,貿聯-KY,2021-10-05,244.5,-1.0,-0.41%,11.02,16.76,165.3,198.36,231.42,264.48,297.54,330.6,ShowDailyK_ChartFlow,FinMind_API_TaiwanStockPrice_3665,True,2026-09-22T15:49:21,2026-09-22T15:49:21,2026-09-22T15:49:21
3665,貿聯-KY,2021-10-06,247.5,3.0,1.23%,11.02,16.96,165.3,198.36,231.42,264.48,297.54,330.6,ShowDailyK_ChartFlow,FinMind_API_TaiwanStockPrice_3665,True,2026-09-22T15:49:21,2026-09-22T15:49:21,2026-09-22T15:49:21
3665,貿聯-KY,2021-10-07,254.5,7.0,2.83%,11.02,17.44,165.3,198.36,231.42,264.48,297.54,330.6,ShowDailyK_ChartFlow,FinMind_API_TaiwanStockPrice_3665,True,2026-09-22T15:49:21,2026-09-22T15:49:21,2026-09-22T15:49:21
3665,貿聯-KY,2021-10-08,255.5,1.0,0.39%,11.02,17.51,165.3,198.36,231.42,264.48,297.54,330.6,ShowDailyK_ChartFlow,FinMind_API_TaiwanStockPrice_3665,True,2026-09-22T15:49:21,2026-09-22T15:49:21,2026-09-22T15:49:21
3665,貿聯-KY,2021-10-12,248.5,-7.0,-2.74%,11.02,17.03,165.3,198.36,231.42,264.48,297.54,330.6,ShowDailyK_ChartFlow,FinMind_API_TaiwanStockPrice_3665,True,2026-09-22T15:49:21,2026-09-22T15:49:21,2026-09-22T15:49:21
3665,貿聯-KY,2021-10-13,253.0,4.5,1.81%,11.02,17.34,165.3,198.36,231.42,264.48,297.54,330.6,ShowDailyK_ChartFlow,FinMind_API_TaiwanStockPrice_3665,True,2026-09-22T15:49:21,2026-09-22T15:49:21,2026-09-22T15:49:21
3665,貿聯-KY,2021-10-14,246.5,-6.5,-2.57%,11.02,16.9,165.3,198.36,231.42,264.48,297.54,330.6,ShowDailyK_ChartFlow,FinMind_API_TaiwanStockPrice_3665,True,2026-09-22T15:49:21,2026-09-22T15:49:21,2026-09-22T15:49:21
3665,貿聯-KY,2021-10-15,264.0,17.5,7.10%,11.02,18.09,165.3,198.36,231.42,264.48,297.54,330.6,ShowDailyK_ChartFlow,FinMind_API_TaiwanStockPrice_3665,True,2026-09-22T15:49:21,2026-09-22T15:49:21,2026-09-22T15:49:21
3665,貿聯-KY,2021-10-18,258.5,-5.5,-2.08%,11.02,17.72,165.3,198.36,231.42,264.48,297.54,330.6,ShowDailyK_ChartFlow,FinMind_API_TaiwanStockPrice_3665,True,2026-09-22T15:49:21,2026-09-22T15:49:21,2026-09-22T15:49:21
3665,貿聯-KY,2021-10-19,259.5,1.0,0.39%,11.02,17.79,165.3,198.36,231.42,264.48,297.54,330.6,ShowDailyK_ChartFlow,FinMind_API_TaiwanStockPrice_3665,True,2026-09-22T15:49:21,2026-09-22T15:49:21,2026-09-22T15:49:21
3665,貿聯-KY,2021-10-20,265.5,6.0,2.31%,11.02,18.2,165.3,198.36,231.42,264.48,297.54,330.6,ShowDailyK_ChartFlow,FinMind_API_TaiwanStockPrice_3665,True,2026-09-22T15:49:21,2026-09-22T15:49:21,2026-09-22T15:49:21
3665,貿聯-KY,2021-10-21,258.0,-7.5,-2.82%,11.02,17.68,165.3,198.36,231.42,264.48,297.54,330.6,ShowDailyK_ChartFlow,FinMind_API_TaiwanStockPrice_3665,True,2026-09-22T15:49:21,2026-09-22T15:49:21,2026-09-22T15:49:21
3665,貿聯-KY,2021-10-22,260.0,2.0,0.78%,11.02,17.82,165.3,198.36,231.42,264.48,297.54,330.6,ShowDailyK_ChartFlow,FinMind_API_TaiwanStockPrice_3665,True,2026-09-22T15:49:21,2026-09-22T15:49:21,2026-09-22T15:49:21
3665,貿聯-KY,2021-10-25,265.0,5.0,1.92%,11.02,18.16,165.3,198.36,231.42,264.48,297.54,330.6,ShowDailyK_ChartFlow,FinMind_API_TaiwanStockPrice_3665,True,2026-09-22T15:49:21,2026-09-22T15:49:21,2026-09-22T15:49:21
3665,貿聯-KY,2021-10-26,269.0,4.0,1.51%,11.02,18.44,165.3,198.36,231.42,264.48,297.54,330.6,ShowDailyK_ChartFlow,FinMind_API_TaiwanStockPrice_3665,True,2026-09-22T15:49:21,2026-09-22T15:49:21,2026-09-22T15:49:21
3665,貿聯-KY,2021-10-27,263.5,-5.5,-2.04%,11.02,18.06,165.3,198.36,231.42,264.48,297.54,330.6,ShowDailyK_ChartFlow,FinMind_API_TaiwanStockPrice_3665,True,2026-09-22T15:49:21,2026-09-22T15:49:21,2026-09-22T15:49:21
3665,貿聯-KY,2021-10-28,259.5,-4.0,-1.52%,11.02,17.79,165.3,198.36,231.42,264.48,297.54,330.6,ShowDailyK_ChartFlow,FinMind_API_TaiwanStockPrice_3665,True,2026-09-22T15:49:21,2026-09-22T15:49:21,2026-09-22T15:49:21
3665,貿聯-KY,2021-10-29,256.5,-3.0,-1.16%,11.02,17.58,165.3,198.36,231.42,264.48,297.54,330.6,ShowDailyK_ChartFlow,FinMind_API_TaiwanStockPrice_3665,True,2026-09-22T15:49:21,2026-09-22T15:49:21,2026-09-22T15:49:21
3665,貿聯-KY,2021-11-01,267.0,10.5,4.09%,11.02,18.3,165.3,198.36,231.42,264.48,297.54,330.6,ShowDailyK_ChartFlow,FinMind_API_TaiwanStockPrice_3665,True,2026-09-22T15:49:21,2026-09-22T15:49:21,2026-09-22T15:49:21
3665,貿聯-KY,2021-11-02,262.0,-5.0,-1.87%,11.02,17.96,165.3,198.36,231.42,264.48,297.54,330.6,ShowDailyK_ChartFlow,FinMind_API_TaiwanStockPrice_3665,True,2026-09-22T15:49:21,2026-09-22T15:49:21,2026-09-22T15:49:21
3665,貿聯-KY,2021-11-03,266.0,4.0,1.53%,11.02,18.23,165.3,198.36,231.42,264.48,297.54,330.6,ShowDailyK_ChartFlow,FinMind_API_TaiwanStockPrice_3665,True,2026-09-22T15:49:21,2026-09-22T15:49:21,2026-09-22T15:49:21
3665,貿聯-KY,2021-11-04,266.0,0.0,0.00%,11.02,18.23,165.3,198.36,231.42,264.48,297.54,330.6,ShowDailyK_ChartFlow,FinMind_API_TaiwanStockPrice_3665,True,2026-09-22T15:49:21,2026-09-22T15:49:21,2026-09-22T15:49:21
3665,貿聯-KY,2021-11-05,271.0,5.0,1.88%,11.02,18.57,165.3,198.36,231.42,264.48,297.54,330.6,ShowDailyK_ChartFlow,FinMind_API_TaiwanStockPrice_3665,True,2026-09-22T15:49:21,2026-09-22T15:49:21,2026-09-22T15:49:21
3665,貿聯-KY,2021-11-08,266.5,-4.5,-1.66%,11.02,18.27,165.3,198.36,231.42,264.48,297.54,330.6,ShowDailyK_ChartFlow,FinMind_API_TaiwanStockPrice_3665,True,2026-09-22T15:49:21,2026-09-22T15:49:21,2026-09-22T15:49:21
3665,貿聯-KY,2021-11-09,262.0,-4.5,-1.69%,11.02,17.96,165.3,198.36,231.42,264.48,297.54,330.6,ShowDailyK_ChartFlow,FinMind_API_TaiwanStockPrice_3665,True,2026-09-22T15:49:21,2026-09-22T15:49:21,2026-09-22T15:49:21
3665,貿聯-KY,2021-11-10,260.0,-2.0,-0.76%,11.02,17.82,165.3,198.36,231.42,264.48,297.54,330.6,ShowDailyK_ChartFlow,FinMind_API_TaiwanStockPrice_3665,True,2026-09-22T15:49:21,2026-09-22T15:49:21,2026-09-22T15:49:21
3665,貿聯-KY,2021-11-11,257.5,-2.5,-0.96%,11.02,17.65,165.3,198.36,231.42,264.48,297.54,330.6,ShowDailyK_ChartFlow,FinMind_API_TaiwanStockPrice_3665,True,2026-09-22T15:49:21,2026-09-22T15:49:21,2026-09-22T15:49:21
3665,貿聯-KY,2021-11-12,257.5,0.0,0.00%,11.02,17.65,165.3,198.36,231.42,264.48,297.54,330.6,ShowDailyK_ChartFlow,FinMind_API_TaiwanStockPrice_3665,True,2026-09-22T15:49:21,2026-09-22T15:49:21,2026-09-22T15:49:21
3665,貿聯-KY,2021-11-15,259.5,2.0,0.78%,11.02,16.87,165.3,198.36,231.42,264.48,297.54,330.6,ShowDailyK_ChartFlow,FinMind_API_TaiwanStockPrice_3665,True,2026-09-22T15:49:21,2026-09-22T15:49:21,2026-09-22T15:49:21
3665,貿聯-KY,2021-11-16,260.0,0.5,0.19%,11.02,16.91,165.3,198.36,231.42,264.48,297.54,330.6,ShowDailyK_ChartFlow,FinMind_API_TaiwanStockPrice_3665,True,2026-09-22T15:49:21,2026-09-22T15:49:21,2026-09-22T15:49:21
3665,貿聯-KY,2021-11-17,262.0,2.0,0.77%,11.02,17.04,165.3,198.36,231.42,264.48,297.54,330.6,ShowDailyK_ChartFlow,FinMind_API_TaiwanStockPrice_3665,True,2026-09-22T15:49:21,2026-09-22T15:49:21,2026-09-22T15:49:21
3665,貿聯-KY,2021-11-18,257.0,-5.0,-1.91%,11.02,16.71,165.3,198.36,231.42,264.48,297.54,330.6,ShowDailyK_ChartFlow,FinMind_API_TaiwanStockPrice_3665,True,2026-09-22T15:49:21,2026-09-22T15:49:21,2026-09-22T15:49:21
3665,貿聯-KY,2021-11-19,253.5,-3.5,-1.36%,11.02,16.48,165.3,198.36,231.42,264.48,297.54,330.6,ShowDailyK_ChartFlow,FinMind_API_TaiwanStockPrice_3665,True,2026-09-22T15:49:21,2026-09-22T15:49:21,2026-09-22T15:49:21
3665,貿聯-KY,2021-11-22,258.5,5.0,1.97%,11.02,16.81,165.3,198.36,231.42,264.48,297.54,330.6,ShowDailyK_ChartFlow,FinMind_API_TaiwanStockPrice_3665,True,2026-09-22T15:49:21,2026-09-22T15:49:21,2026-09-22T15:49:21
3665,貿聯-KY,2021-11-23,258.5,0.0,0.00%,11.02,16.81,165.3,198.36,231.42,264.48,297.54,330.6,ShowDailyK_ChartFlow,FinMind_API_TaiwanStockPrice_3665,True,2026-09-22T15:49:21,2026-09-22T15:49:21,2026-09-22T15:49:21
3665,貿聯-KY,2021-11-24,262.5,4.0,1.55%,11.02,17.07,165.3,198.36,231.42,264.48,297.54,330.6,ShowDailyK_ChartFlow,FinMind_API_TaiwanStockPrice_3665,True,2026-09-22T15:49:21,2026-09-22T15:49:21,2026-09-22T15:49:21
3665,貿聯-KY,2021-11-25,257.5,-5.0,-1.90%,11.02,16.74,165.3,198.36,231.42,264.48,297.54,330.6,ShowDailyK_ChartFlow,FinMind_API_TaiwanStockPrice_3665,True,2026-09-22T15:49:21,2026-09-22T15:49:21,2026-09-22T15:49:21
3665,貿聯-KY,2021-11-26,256.0,-1.5,-0.58%,11.02,16.64,165.3,198.36,231.42,264.48,297.54,330.6,ShowDailyK_ChartFlow,FinMind_API_TaiwanStockPrice_3665,True,2026-09-22T15:49:21,2026-09-22T15:49:21,2026-09-22T15:49:21
3665,貿聯-KY,2021-11-29,253.0,-3.0,-1.17%,11.02,16.45,165.3,198.36,231.42,264.48,297.54,330.6,ShowDailyK_ChartFlow,FinMind_API_TaiwanStockPrice_3665,True,2026-09-22T15:49:21,2026-09-22T15:49:21,2026-09-22T15:49:21
3665,貿聯-KY,2021-11-30,258.5,5.5,2.17%,11.02,16.81,165.3,198.36,231.42,264.48,297.54,330.6,ShowDailyK_ChartFlow,FinMind_API_TaiwanStockPrice_3665,True,2026-09-22T15:49:21,2026-09-22T15:49:21,2026-09-22T15:49:21
3665,貿聯-KY,2021-12-01,255.0,-3.5,-1.35%,11.02,16.58,165.3,198.36,231.42,264.48,297.54,330.6,ShowDailyK_ChartFlow,FinMind_API_TaiwanStockPrice_3665,True,2026-09-22T15:49:21,2026-09-22T15:49:21,2026-09-22T15:49:21
3665,貿聯-KY,2021-12-02,250.0,-5.0,-1.96%,11.02,16.25,165.3,198.36,231.42,264.48,297.54,330.6,ShowDailyK_ChartFlow,FinMind_API_TaiwanStockPrice_3665,True,2026-09-22T15:49:21,2026-09-22T15:49:21,2026-09-22T15:49:21
3665,貿聯-KY,2021-12-03,250.5,0.5,0.20%,11.02,16.29,165.3,198.36,231.42,264.48,297.54,330.6,ShowDailyK_ChartFlow,FinMind_API_TaiwanStockPrice_3665,True,2026-09-22T15:49:21,2026-09-22T15:49:21,2026-09-22T15:49:21
3665,貿聯-KY,2021-12-06,248.5,-2.0,-0.80%,11.02,16.16,165.3,198.36,231.42,264.48,297.54,330.6,ShowDailyK_ChartFlow,FinMind_API_TaiwanStockPrice_3665,True,2026-09-22T15:49:21,2026-09-22T15:49:21,2026-09-22T15:49:21
3665,貿聯-KY,2021-12-07,253.5,5.0,2.01%,11.02,16.48,165.3,198.36,231.42,264.48,297.54,330.6,ShowDailyK_ChartFlow,FinMind_API_TaiwanStockPrice_3665,True,2026-09-22T15:49:21,2026-09-22T15:49:21,2026-09-22T15:49:21
3665,貿聯-KY,2021-12-08,253.5,0.0,0.00%,11.02,16.48,165.3,198.36,231.42,264.48,297.54,330.6,ShowDailyK_ChartFlow,FinMind_API_TaiwanStockPrice_3665,True,2026-09-22T15:49:21,2026-09-22T15:49:21,2026-09-22T15:49:21
3665,貿聯-KY,2021-12-09,255.5,2.0,0.79%,11.02,16.61,165.3,198.36,231.42,264.48,297.54,330.6,ShowDailyK_ChartFlow,FinMind_API_TaiwanStockPrice_3665,True,2026-09-22T15:49:21,2026-09-22T15:49:21,2026-09-22T15:49:21
3665,貿聯-KY,2021-12-10,253.0,-2.5,-0.98%,11.02,16.45,165.3,198.36,231.42,264.48,297.54,330.6,ShowDailyK_ChartFlow,FinMind_API_TaiwanStockPrice_3665,True,2026-09-22T15:49:21,2026-09-22T15:49:21,2026-09-22T15:49:21
3665,貿聯-KY,2021-12-13,247.5,-5.5,-2.17%,11.02,16.09,165.3,198.36,231.42,264.48,297.54,330.6,ShowDailyK_ChartFlow,FinMind_API_TaiwanStockPrice_3665,True,2026-09-22T15:49:21,2026-09-22T15:49:21,2026-09-22T15:49:21
3665,貿聯-KY,2021-12-14,245.0,-2.5,-1.01%,11.02,15.93,165.3,198.36,231.42,264.48,297.54,330.6,ShowDailyK_ChartFlow,FinMind_API_TaiwanStockPrice_3665,True,2026-09-22T15:49:21,2026-09-22T15:49:21,2026-09-22T15:49:21
3665,貿聯-KY,2021-12-15,241.5,-3.5,-1.43%,11.02,15.7,165.3,198.36,231.42,264.48,297.54,330.6,ShowDailyK_ChartFlow,FinMind_API_TaiwanStockPrice_3665,True,2026-09-22T15:49:21,2026-09-22T15:49:21,2026-09-22T15:49:21
3665,貿聯-KY,2021-12-16,243.0,1.5,0.62%,11.02,15.8,165.3,198.36,231.42,264.48,297.54,330.6,ShowDailyK_ChartFlow,FinMind_API_TaiwanStockPrice_3665,True,2026-09-22T15:49:21,2026-09-22T15:49:21,2026-09-22T15:49:21
3665,貿聯-KY,2021-12-17,242.0,-1.0,-0.41%,11.02,15.73,165.3,198.36,231.42,264.48,297.54,330.6,ShowDailyK_ChartFlow,FinMind_API_TaiwanStockPrice_3665,True,2026-09-22T15:49:21,2026-09-22T15:49:21,2026-09-22T15:49:21
3665,貿聯-KY,2021-12-20,245.5,3.5,1.45%,11.02,15.96,165.3,198.36,231.42,264.48,297.54,330.6,ShowDailyK_ChartFlow,FinMind_API_TaiwanStockPrice_3665,True,2026-09-22T15:49:21,2026-09-22T15:49:21,2026-09-22T15:49:21
3665,貿聯-KY,2021-12-21,248.0,2.5,1.02%,11.02,16.12,165.3,198.36,231.42,264.48,297.54,330.6,ShowDailyK_ChartFlow,FinMind_API_TaiwanStockPrice_3665,True,2026-09-22T15:49:21,2026-09-22T15:49:21,2026-09-22T15:49:21
3665,貿聯-KY,2021-12-22,251.0,3.0,1.21%,11.02,16.32,165.3,198.36,231.42,264.48,297.54,330.6,ShowDailyK_ChartFlow,FinMind_API_TaiwanStockPrice_3665,True,2026-09-22T15:49:21,2026-09-22T15:49:21,2026-09-22T15:49:21
3665,貿聯-KY,2021-12-23,252.5,1.5,0.60%,11.02,16.42,165.3,198.36,231.42,264.48,297.54,330.6,ShowDailyK_ChartFlow,FinMind_API_TaiwanStockPrice_3665,True,2026-09-22T15:49:21,2026-09-22T15:49:21,2026-09-22T15:49:21
3665,貿聯-KY,2021-12-24,254.0,1.5,0.59%,11.02,16.51,165.3,198.36,231.42,264.48,297.54,330.6,ShowDailyK_ChartFlow,FinMind_API_TaiwanStockPrice_3665,True,2026-09-22T15:49:21,2026-09-22T15:49:21,2026-09-22T15:49:21
3665,貿聯-KY,2021-12-27,255.5,1.5,0.59%,11.02,16.61,165.3,198.36,231.42,264.48,297.54,330.6,ShowDailyK_ChartFlow,FinMind_API_TaiwanStockPrice_3665,True,2026-09-22T15:49:21,2026-09-22T15:49:21,2026-09-22T15:49:21
3665,貿聯-KY,2021-12-28,255.0,-0.5,-0.20%,11.02,16.58,165.3,198.36,231.42,264.48,297.54,330.6,ShowDailyK_ChartFlow,FinMind_API_TaiwanStockPrice_3665,True,2026-09-22T15:49:21,2026-09-22T15:49:21,2026-09-22T15:49:21
3665,貿聯-KY,2021-12-29,258.5,3.5,1.37%,11.02,16.81,165.3,198.36,231.42,264.48,297.54,330.6,ShowDailyK_ChartFlow,FinMind_API_TaiwanStockPrice_3665,True,2026-09-22T15:49:21,2026-09-22T15:49:21,2026-09-22T15:49:21
3665,貿聯-KY,2021-12-30,261.0,2.5,0.97%,11.02,16.97,165.3,198.36,231.42,264.48,297.54,330.6,ShowDailyK_ChartFlow,FinMind_API_TaiwanStockPrice_3665,True,2026-09-22T15:49:21,2026-09-22T15:49:21,2026-09-22T15:49:21
3665,貿聯-KY,2022-01-03,263.5,2.5,0.96%,15.219999999999999,17.13,228.3,273.96,319.62,365.28,410.94,456.6,ShowDailyK_ChartFlow,FinMind_API_TaiwanStockPrice_3665,True,2026-09-22T15:49:21,2026-09-22T15:49:21,2026-09-22T15:49:21
3665,貿聯-KY,2022-01-04,265.0,1.5,0.57%,15.219999999999999,17.23,228.3,273.96,319.62,365.28,410.94,456.6,ShowDailyK_ChartFlow,FinMind_API_TaiwanStockPrice_3665,True,2026-09-22T15:49:21,2026-09-22T15:49:21,2026-09-22T15:49:21
3665,貿聯-KY,2022-01-05,262.0,-3.0,-1.13%,15.219999999999999,17.04,228.3,273.96,319.62,365.28,410.94,456.6,ShowDailyK_ChartFlow,FinMind_API_TaiwanStockPrice_3665,True,2026-09-22T15:49:21,2026-09-22T15:49:21,2026-09-22T15:49:21
3665,貿聯-KY,2022-01-06,252.5,-9.5,-3.63%,15.219999999999999,16.42,228.3,273.96,319.62,365.28,410.94,456.6,ShowDailyK_ChartFlow,FinMind_API_TaiwanStockPrice_3665,True,2026-09-22T15:49:21,2026-09-22T15:49:21,2026-09-22T15:49:21
3665,貿聯-KY,2022-01-07,253.5,1.0,0.40%,15.219999999999999,16.48,228.3,273.96,319.62,365.28,410.94,456.6,ShowDailyK_ChartFlow,FinMind_API_TaiwanStockPrice_3665,True,2026-09-22T15:49:21,2026-09-22T15:49:21,2026-09-22T15:49:21
3665,貿聯-KY,2022-01-10,259.0,5.5,2.17%,15.219999999999999,16.84,228.3,273.96,319.62,365.28,410.94,456.6,ShowDailyK_ChartFlow,FinMind_API_TaiwanStockPrice_3665,True,2026-09-22T15:49:21,2026-09-22T15:49:21,2026-09-22T15:49:21
3665,貿聯-KY,2022-01-11,261.5,2.5,0.97%,15.219999999999999,17.0,228.3,273.96,319.62,365.28,410.94,456.6,ShowDailyK_ChartFlow,FinMind_API_TaiwanStockPrice_3665,True,2026-09-22T15:49:21,2026-09-22T15:49:21,2026-09-22T15:49:21
3665,貿聯-KY,2022-01-12,263.0,1.5,0.57%,15.219999999999999,17.1,228.3,273.96,319.62,365.28,410.94,456.6,ShowDailyK_ChartFlow,FinMind_API_TaiwanStockPrice_3665,True,2026-09-22T15:49:21,2026-09-22T15:49:21,2026-09-22T15:49:21
3665,貿聯-KY,2022-01-13,254.0,-9.0,-3.42%,15.219999999999999,16.51,228.3,273.96,319.62,365.28,410.94,456.6,ShowDailyK_ChartFlow,FinMind_API_TaiwanStockPrice_3665,True,2026-09-22T15:49:21,2026-09-22T15:49:21,2026-09-22T15:49:21
3665,貿聯-KY,2022-01-14,247.0,-7.0,-2.76%,15.219999999999999,16.06,228.3,273.96,319.62,365.28,410.94,456.6,ShowDailyK_ChartFlow,FinMind_API_TaiwanStockPrice_3665,True,2026-09-22T15:49:21,2026-09-22T15:49:21,2026-09-22T15:49:21
3665,貿聯-KY,2022-01-17,250.0,3.0,1.21%,15.219999999999999,16.25,228.3,273.96,319.62,365.28,410.94,456.6,ShowDailyK_ChartFlow,FinMind_API_TaiwanStockPrice_3665,True,2026-09-22T15:49:21,2026-09-22T15:49:21,2026-09-22T15:49:21
3665,貿聯-KY,2022-01-18,252.0,2.0,0.80%,15.219999999999999,16.38,228.3,273.96,319.62,365.28,410.94,456.6,ShowDailyK_ChartFlow,FinMind_API_TaiwanStockPrice_3665,True,2026-09-22T15:49:21,2026-09-22T15:49:21,2026-09-22T15:49:21
3665,貿聯-KY,2022-01-19,258.0,6.0,2.38%,15.219999999999999,16.78,228.3,273.96,319.62,365.28,410.94,456.6,ShowDailyK_ChartFlow,FinMind_API_TaiwanStockPrice_3665,True,2026-09-22T15:49:21,2026-09-22T15:49:21,2026-09-22T15:49:21
3665,貿聯-KY,2022-01-20,261.5,3.5,1.36%,15.219999999999999,17.0,228.3,273.96,319.62,365.28,410.94,456.6,ShowDailyK_ChartFlow,FinMind_API_TaiwanStockPrice_3665,True,2026-09-22T15:49:21,2026-09-22T15:49:21,2026-09-22T15:49:21
3665,貿聯-KY,2022-01-21,264.5,3.0,1.15%,15.219999999999999,17.2,228.3,273.96,319.62,365.28,410.94,456.6,ShowDailyK_ChartFlow,FinMind_API_TaiwanStockPrice_3665,True,2026-09-22T15:49:21,2026-09-22T15:49:21,2026-09-22T15:49:21
3665,貿聯-KY,2022-01-24,277.5,13.0,4.91%,15.219999999999999,18.04,228.3,273.96,319.62,365.28,410.94,456.6,ShowDailyK_ChartFlow,FinMind_API_TaiwanStockPrice_3665,True,2026-09-22T15:49:21,2026-09-22T15:49:21,2026-09-22T15:49:21
3665,貿聯-KY,2022-01-25,291.5,14.0,5.05%,15.219999999999999,18.95,228.3,273.96,319.62,365.28,410.94,456.6,ShowDailyK_ChartFlow,FinMind_API_TaiwanStockPrice_3665,True,2026-09-22T15:49:21,2026-09-22T15:49:21,2026-09-22T15:49:21
3665,貿聯-KY,2022-01-26,295.0,3.5,1.20%,15.219999999999999,19.18,228.3,273.96,319.62,365.28,410.94,456.6,ShowDailyK_ChartFlow,FinMind_API_TaiwanStockPrice_3665,True,2026-09-22T15:49:21,2026-09-22T15:49:21,2026-09-22T15:49:21
3665,貿聯-KY,2022-02-07,306.0,11.0,3.73%,15.219999999999999,19.9,228.3,273.96,319.62,365.28,410.94,456.6,ShowDailyK_ChartFlow,FinMind_API_TaiwanStockPrice_3665,True,2026-09-22T15:49:21,2026-09-22T15:49:21,2026-09-22T15:49:21
3665,貿聯-KY,2022-02-08,306.5,0.5,0.16%,15.219999999999999,19.93,228.3,273.96,319.62,365.28,410.94,456.6,ShowDailyK_ChartFlow,FinMind_API_TaiwanStockPrice_3665,True,2026-09-22T15:49:21,2026-09-22T15:49:21,2026-09-22T15:49:21
3665,貿聯-KY,2022-02-09,304.5,-2.0,-0.65%,15.219999999999999,19.8,228.3,273.96,319.62,365.28,410.94,456.6,ShowDailyK_ChartFlow,FinMind_API_TaiwanStockPrice_3665,True,2026-09-22T15:49:21,2026-09-22T15:49:21,2026-09-22T15:49:21
3665,貿聯-KY,2022-02-10,292.0,-12.5,-4.11%,15.219999999999999,18.99,228.3,273.96,319.62,365.28,410.94,456.6,ShowDailyK_ChartFlow,FinMind_API_TaiwanStockPrice_3665,True,2026-09-22T15:49:21,2026-09-22T15:49:21,2026-09-22T15:49:21
3665,貿聯-KY,2022-02-11,309.0,17.0,5.82%,15.219999999999999,20.09,228.3,273.96,319.62,365.28,410.94,456.6,ShowDailyK_ChartFlow,FinMind_API_TaiwanStockPrice_3665,True,2026-09-22T15:49:21,2026-09-22T15:49:21,2026-09-22T15:49:21
3665,貿聯-KY,2022-02-14,296.5,-12.5,-4.05%,15.219999999999999,19.28,228.3,273.96,319.62,365.28,410.94,456.6,ShowDailyK_ChartFlow,FinMind_API_TaiwanStockPrice_3665,True,2026-09-22T15:49:21,2026-09-22T15:49:21,2026-09-22T15:49:21
3665,貿聯-KY,2022-02-15,295.5,-1.0,-0.34%,15.219999999999999,19.21,228.3,273.96,319.62,365.28,410.94,456.6,ShowDailyK_ChartFlow,FinMind_API_TaiwanStockPrice_3665,True,2026-09-22T15:49:21,2026-09-22T15:49:21,2026-09-22T15:49:21
3665,貿聯-KY,2022-02-16,294.5,-1.0,-0.34%,15.219999999999999,19.15,228.3,273.96,319.62,365.28,410.94,456.6,ShowDailyK_ChartFlow,FinMind_API_TaiwanStockPrice_3665,True,2026-09-22T15:49:21,2026-09-22T15:49:21,2026-09-22T15:49:21
3665,貿聯-KY,2022-02-17,298.0,3.5,1.19%,15.219999999999999,19.38,228.3,273.96,319.62,365.28,410.94,456.6,ShowDailyK_ChartFlow,FinMind_API_TaiwanStockPrice_3665,True,2026-09-22T15:49:21,2026-09-22T15:49:21,2026-09-22T15:49:21
3665,貿聯-KY,2022-02-18,283.5,-14.5,-4.87%,15.219999999999999,18.43,228.3,273.96,319.62,365.28,410.94,456.6,ShowDailyK_ChartFlow,FinMind_API_TaiwanStockPrice_3665,True,2026-09-22T15:49:21,2026-09-22T15:49:21,2026-09-22T15:49:21
3665,貿聯-KY,2022-02-21,287.0,3.5,1.23%,15.219999999999999,18.66,228.3,273.96,319.62,365.28,410.94,456.6,ShowDailyK_ChartFlow,FinMind_API_TaiwanStockPrice_3665,True,2026-09-22T15:49:21,2026-09-22T15:49:21,2026-09-22T15:49:21
3665,貿聯-KY,2022-02-22,280.0,-7.0,-2.44%,15.219999999999999,18.21,228.3,273.96,319.62,365.28,410.94,456.6,ShowDailyK_ChartFlow,FinMind_API_TaiwanStockPrice_3665,True,2026-09-22T15:49:21,2026-09-22T15:49:21,2026-09-22T15:49:21
3665,貿聯-KY,2022-02-23,293.0,13.0,4.64%,15.219999999999999,19.05,228.3,273.96,319.62,365.28,410.94,456.6,ShowDailyK_ChartFlow,FinMind_API_TaiwanStockPrice_3665,True,2026-09-22T15:49:21,2026-09-22T15:49:21,2026-09-22T15:49:21
3665,貿聯-KY,2022-02-24,292.5,-0.5,-0.17%,15.219999999999999,19.02,228.3,273.96,319.62,365.28,410.94,456.6,ShowDailyK_ChartFlow,FinMind_API_TaiwanStockPrice_3665,True,2026-09-22T15:49:21,2026-09-22T15:49:21,2026-09-22T15:49:21
3665,貿聯-KY,2022-02-25,299.0,6.5,2.22%,15.219999999999999,19.44,228.3,273.96,319.62,365.28,410.94,456.6,ShowDailyK_ChartFlow,FinMind_API_TaiwanStockPrice_3665,True,2026-09-22T15:49:21,2026-09-22T15:49:21,2026-09-22T15:49:21
3665,貿聯-KY,2022-03-01,296.5,-2.5,-0.84%,15.219999999999999,19.28,228.3,273.96,319.62,365.28,410.94,456.6,ShowDailyK_ChartFlow,FinMind_API_TaiwanStockPrice_3665,True,2026-09-22T15:49:21,2026-09-22T15:49:21,2026-09-22T15:49:21
3665,貿聯-KY,2022-03-02,297.5,1.0,0.34%,15.219999999999999,19.34,228.3,273.96,319.62,365.28,410.94,456.6,ShowDailyK_ChartFlow,FinMind_API_TaiwanStockPrice_3665,True,2026-09-22T15:49:21,2026-09-22T15:49:21,2026-09-22T15:49:21
3665,貿聯-KY,2022-03-03,289.0,-8.5,-2.86%,15.219999999999999,18.79,228.3,273.96,319.62,365.28,410.94,456.6,ShowDailyK_ChartFlow,FinMind_API_TaiwanStockPrice_3665,True,2026-09-22T15:49:21,2026-09-22T15:49:21,2026-09-22T15:49:21
3665,貿聯-KY,2022-03-04,291.0,2.0,0.69%,15.219999999999999,18.92,228.3,273.96,319.62,365.28,410.94,456.6,ShowDailyK_ChartFlow,FinMind_API_TaiwanStockPrice_3665,True,2026-09-22T15:49:21,2026-09-22T15:49:21,2026-09-22T15:49:21
3665,貿聯-KY,2022-03-07,291.5,0.5,0.17%,15.219999999999999,18.95,228.3,273.96,319.62,365.28,410.94,456.6,ShowDailyK_ChartFlow,FinMind_API_TaiwanStockPrice_3665,True,2026-09-22T15:49:21,2026-09-22T15:49:21,2026-09-22T15:49:21
3665,貿聯-KY,2022-03-08,281.0,-10.5,-3.60%,15.219999999999999,18.27,228.3,273.96,319.62,365.28,410.94,456.6,ShowDailyK_ChartFlow,FinMind_API_TaiwanStockPrice_3665,True,2026-09-22T15:49:21,2026-09-22T15:49:21,2026-09-22T15:49:21
3665,貿聯-KY,2022-03-09,292.0,11.0,3.91%,15.219999999999999,18.99,228.3,273.96,319.62,365.28,410.94,456.6,ShowDailyK_ChartFlow,FinMind_API_TaiwanStockPrice_3665,True,2026-09-22T15:49:21,2026-09-22T15:49:21,2026-09-22T15:49:21
3665,貿聯-KY,2022-03-10,309.0,17.0,5.82%,15.219999999999999,20.09,228.3,273.96,319.62,365.28,410.94,456.6,ShowDailyK_ChartFlow,FinMind_API_TaiwanStockPrice_3665,True,2026-09-22T15:49:21,2026-09-22T15:49:21,2026-09-22T15:49:21
3665,貿聯-KY,2022-03-11,312.0,3.0,0.97%,15.219999999999999,20.29,228.3,273.96,319.62,365.28,410.94,456.6,ShowDailyK_ChartFlow,FinMind_API_TaiwanStockPrice_3665,True,2026-09-22T15:49:21,2026-09-22T15:49:21,2026-09-22T15:49:21
3665,貿聯-KY,2022-03-14,304.5,-7.5,-2.40%,15.219999999999999,19.8,228.3,273.96,319.62,365.28,410.94,456.6,ShowDailyK_ChartFlow,FinMind_API_TaiwanStockPrice_3665,True,2026-09-22T15:49:21,2026-09-22T15:49:21,2026-09-22T15:49:21
3665,貿聯-KY,2022-03-15,297.5,-7.0,-2.30%,15.219999999999999,19.34,228.3,273.96,319.62,365.28,410.94,456.6,ShowDailyK_ChartFlow,FinMind_API_TaiwanStockPrice_3665,True,2026-09-22T15:49:21,2026-09-22T15:49:21,2026-09-22T15:49:21
3665,貿聯-KY,2022-03-16,309.5,12.0,4.03%,15.219999999999999,20.12,228.3,273.96,319.62,365.28,410.94,456.6,ShowDailyK_ChartFlow,FinMind_API_TaiwanStockPrice_3665,True,2026-09-22T15:49:21,2026-09-22T15:49:21,2026-09-22T15:49:21
3665,貿聯-KY,2022-03-17,321.5,12.0,3.88%,15.219999999999999,20.9,228.3,273.96,319.62,365.28,410.94,456.6,ShowDailyK_ChartFlow,FinMind_API_TaiwanStockPrice_3665,True,2026-09-22T15:49:21,2026-09-22T15:49:21,2026-09-22T15:49:21
3665,貿聯-KY,2022-03-18,318.0,-3.5,-1.09%,15.219999999999999,20.68,228.3,273.96,319.62,365.28,410.94,456.6,ShowDailyK_ChartFlow,FinMind_API_TaiwanStockPrice_3665,True,2026-09-22T15:49:21,2026-09-22T15:49:21,2026-09-22T15:49:21
3665,貿聯-KY,2022-03-21,316.5,-1.5,-0.47%,15.219999999999999,20.58,228.3,273.96,319.62,365.28,410.94,456.6,ShowDailyK_ChartFlow,FinMind_API_TaiwanStockPrice_3665,True,2026-09-22T15:49:21,2026-09-22T15:49:21,2026-09-22T15:49:21
3665,貿聯-KY,2022-03-22,320.0,3.5,1.11%,15.219999999999999,20.81,228.3,273.96,319.62,365.28,410.94,456.6,ShowDailyK_ChartFlow,FinMind_API_TaiwanStockPrice_3665,True,2026-09-22T15:49:21,2026-09-22T15:49:21,2026-09-22T15:49:21
3665,貿聯-KY,2022-03-23,318.0,-2.0,-0.62%,15.219999999999999,20.68,228.3,273.96,319.62,365.28,410.94,456.6,ShowDailyK_ChartFlow,FinMind_API_TaiwanStockPrice_3665,True,2026-09-22T15:49:21,2026-09-22T15:49:21,2026-09-22T15:49:21
3665,貿聯-KY,2022-03-24,321.5,3.5,1.10%,15.219999999999999,20.9,228.3,273.96,319.62,365.28,410.94,456.6,ShowDailyK_ChartFlow,FinMind_API_TaiwanStockPrice_3665,True,2026-09-22T15:49:21,2026-09-22T15:49:21,2026-09-22T15:49:21
3665,貿聯-KY,2022-03-25,318.0,-3.5,-1.09%,15.219999999999999,20.68,228.3,273.96,319.62,365.28,410.94,456.6,ShowDailyK_ChartFlow,FinMind_API_TaiwanStockPrice_3665,True,2026-09-22T15:49:21,2026-09-22T15:49:21,2026-09-22T15:49:21
3665,貿聯-KY,2022-03-28,294.0,-24.0,-7.55%,15.219999999999999,19.12,228.3,273.96,319.62,365.28,410.94,456.6,ShowDailyK_ChartFlow,FinMind_API_TaiwanStockPrice_3665,True,2026-09-22T15:49:21,2026-09-22T15:49:21,2026-09-22T15:49:21
3665,貿聯-KY,2022-03-29,304.5,10.5,3.57%,15.219999999999999,19.8,228.3,273.96,319.62,365.28,410.94,456.6,ShowDailyK_ChartFlow,FinMind_API_TaiwanStockPrice_3665,True,2026-09-22T15:49:21,2026-09-22T15:49:21,2026-09-22T15:49:21
3665,貿聯-KY,2022-03-30,309.5,5.0,1.64%,15.219999999999999,20.12,228.3,273.96,319.62,365.28,410.94,456.6,ShowDailyK_ChartFlow,FinMind_API_TaiwanStockPrice_3665,True,2026-09-22T15:49:21,2026-09-22T15:49:21,2026-09-22T15:49:21
3665,貿聯-KY,2022-03-31,296.5,-13.0,-4.20%,16.61,20.02,249.15,298.98,348.81,398.64,448.47,498.3,ShowDailyK_ChartFlow,FinMind_API_TaiwanStockPrice_3665,True,2026-09-22T15:49:21,2026-09-22T15:49:21,2026-09-22T15:49:21
3665,貿聯-KY,2022-04-01,299.5,3.0,1.01%,16.61,20.22,249.15,298.98,348.81,398.64,448.47,498.3,ShowDailyK_ChartFlow,FinMind_API_TaiwanStockPrice_3665,True,2026-09-22T15:49:21,2026-09-22T15:49:21,2026-09-22T15:49:21
3665,貿聯-KY,2022-04-06,301.0,1.5,0.50%,16.61,20.32,249.15,298.98,348.81,398.64,448.47,498.3,ShowDailyK_ChartFlow,FinMind_API_TaiwanStockPrice_3665,True,2026-09-22T15:49:21,2026-09-22T15:49:21,2026-09-22T15:49:21
3665,貿聯-KY,2022-04-07,299.5,-1.5,-0.50%,16.61,20.22,249.15,298.98,348.81,398.64,448.47,498.3,ShowDailyK_ChartFlow,FinMind_API_TaiwanStockPrice_3665,True,2026-09-22T15:49:21,2026-09-22T15:49:21,2026-09-22T15:49:21
3665,貿聯-KY,2022-04-08,301.0,1.5,0.50%,16.61,20.32,249.15,298.98,348.81,398.64,448.47,498.3,ShowDailyK_ChartFlow,FinMind_API_TaiwanStockPrice_3665,True,2026-09-22T15:49:21,2026-09-22T15:49:21,2026-09-22T15:49:21
3665,貿聯-KY,2022-04-11,287.5,-13.5,-4.49%,16.61,19.41,249.15,298.98,348.81,398.64,448.47,498.3,ShowDailyK_ChartFlow,FinMind_API_TaiwanStockPrice_3665,True,2026-09-22T15:49:21,2026-09-22T15:49:21,2026-09-22T15:49:21
3665,貿聯-KY,2022-04-12,286.5,-1.0,-0.35%,16.61,19.35,249.15,298.98,348.81,398.64,448.47,498.3,ShowDailyK_ChartFlow,FinMind_API_TaiwanStockPrice_3665,True,2026-09-22T15:49:21,2026-09-22T15:49:21,2026-09-22T15:49:21
3665,貿聯-KY,2022-04-13,298.0,11.5,4.01%,16.61,20.12,249.15,298.98,348.81,398.64,448.47,498.3,ShowDailyK_ChartFlow,FinMind_API_TaiwanStockPrice_3665,True,2026-09-22T15:49:21,2026-09-22T15:49:21,2026-09-22T15:49:21
3665,貿聯-KY,2022-04-14,299.5,1.5,0.50%,16.61,20.22,249.15,298.98,348.81,398.64,448.47,498.3,ShowDailyK_ChartFlow,FinMind_API_TaiwanStockPrice_3665,True,2026-09-22T15:49:21,2026-09-22T15:49:21,2026-09-22T15:49:21
3665,貿聯-KY,2022-04-15,299.0,-0.5,-0.17%,16.61,20.19,249.15,298.98,348.81,398.64,448.47,498.3,ShowDailyK_ChartFlow,FinMind_API_TaiwanStockPrice_3665,True,2026-09-22T15:49:21,2026-09-22T15:49:21,2026-09-22T15:49:21
3665,貿聯-KY,2022-04-18,300.0,1.0,0.33%,16.61,20.26,249.15,298.98,348.81,398.64,448.47,498.3,ShowDailyK_ChartFlow,FinMind_API_TaiwanStockPrice_3665,True,2026-09-22T15:49:21,2026-09-22T15:49:21,2026-09-22T15:49:21
3665,貿聯-KY,2022-04-19,310.0,10.0,3.33%,16.61,20.93,249.15,298.98,348.81,398.64,448.47,498.3,ShowDailyK_ChartFlow,FinMind_API_TaiwanStockPrice_3665,True,2026-09-22T15:49:21,2026-09-22T15:49:21,2026-09-22T15:49:21
3665,貿聯-KY,2022-04-20,315.0,5.0,1.61%,16.61,21.27,249.15,298.98,348.81,398.64,448.47,498.3,ShowDailyK_ChartFlow,FinMind_API_TaiwanStockPrice_3665,True,2026-09-22T15:49:21,2026-09-22T15:49:21,2026-09-22T15:49:21
3665,貿聯-KY,2022-04-21,317.5,2.5,0.79%,16.61,21.44,249.15,298.98,348.81,398.64,448.47,498.3,ShowDailyK_ChartFlow,FinMind_API_TaiwanStockPrice_3665,True,2026-09-22T15:49:21,2026-09-22T15:49:21,2026-09-22T15:49:21
3665,貿聯-KY,2022-04-22,308.5,-9.0,-2.83%,16.61,20.83,249.15,298.98,348.81,398.64,448.47,498.3,ShowDailyK_ChartFlow,FinMind_API_TaiwanStockPrice_3665,True,2026-09-22T15:49:21,2026-09-22T15:49:21,2026-09-22T15:49:21
3665,貿聯-KY,2022-04-25,299.0,-9.5,-3.08%,16.61,20.19,249.15,298.98,348.81,398.64,448.47,498.3,ShowDailyK_ChartFlow,FinMind_API_TaiwanStockPrice_3665,True,2026-09-22T15:49:21,2026-09-22T15:49:21,2026-09-22T15:49:21
3665,貿聯-KY,2022-04-26,305.0,6.0,2.01%,16.61,20.59,249.15,298.98,348.81,398.64,448.47,498.3,ShowDailyK_ChartFlow,FinMind_API_TaiwanStockPrice_3665,True,2026-09-22T15:49:21,2026-09-22T15:49:21,2026-09-22T15:49:21
3665,貿聯-KY,2022-04-27,294.5,-10.5,-3.44%,16.61,19.89,249.15,298.98,348.81,398.64,448.47,498.3,ShowDailyK_ChartFlow,FinMind_API_TaiwanStockPrice_3665,True,2026-09-22T15:49:21,2026-09-22T15:49:21,2026-09-22T15:49:21
3665,貿聯-KY,2022-04-28,294.0,-0.5,-0.17%,16.61,19.85,249.15,298.98,348.81,398.64,448.47,498.3,ShowDailyK_ChartFlow,FinMind_API_TaiwanStockPrice_3665,True,2026-09-22T15:49:21,2026-09-22T15:49:21,2026-09-22T15:49:21
3665,貿聯-KY,2022-04-29,300.5,6.5,2.21%,16.61,20.29,249.15,298.98,348.81,398.64,448.47,498.3,ShowDailyK_ChartFlow,FinMind_API_TaiwanStockPrice_3665,True,2026-09-22T15:49:21,2026-09-22T15:49:21,2026-09-22T15:49:21
3665,貿聯-KY,2022-05-03,302.5,2.0,0.67%,16.61,20.43,249.15,298.98,348.81,398.64,448.47,498.3,ShowDailyK_ChartFlow,FinMind_API_TaiwanStockPrice_3665,True,2026-09-22T15:49:21,2026-09-22T15:49:21,2026-09-22T15:49:21
3665,貿聯-KY,2022-05-04,313.0,10.5,3.47%,16.61,21.13,249.15,298.98,348.81,398.64,448.47,498.3,ShowDailyK_ChartFlow,FinMind_API_TaiwanStockPrice_3665,True,2026-09-22T15:49:21,2026-09-22T15:49:21,2026-09-22T15:49:21
3665,貿聯-KY,2022-05-05,344.0,31.0,9.90%,16.61,23.23,249.15,298.98,348.81,398.64,448.47,498.3,ShowDailyK_ChartFlow,FinMind_API_TaiwanStockPrice_3665,True,2026-09-22T15:49:21,2026-09-22T15:49:21,2026-09-22T15:49:21
3665,貿聯-KY,2022-05-06,335.0,-9.0,-2.62%,16.61,22.62,249.15,298.98,348.81,398.64,448.47,498.3,ShowDailyK_ChartFlow,FinMind_API_TaiwanStockPrice_3665,True,2026-09-22T15:49:21,2026-09-22T15:49:21,2026-09-22T15:49:21
3665,貿聯-KY,2022-05-09,335.0,0.0,0.00%,16.61,22.62,249.15,298.98,348.81,398.64,448.47,498.3,ShowDailyK_ChartFlow,FinMind_API_TaiwanStockPrice_3665,True,2026-09-22T15:49:21,2026-09-22T15:49:21,2026-09-22T15:49:21
3665,貿聯-KY,2022-05-10,318.5,-16.5,-4.93%,16.61,21.51,249.15,298.98,348.81,398.64,448.47,498.3,ShowDailyK_ChartFlow,FinMind_API_TaiwanStockPrice_3665,True,2026-09-22T15:49:21,2026-09-22T15:49:21,2026-09-22T15:49:21
3665,貿聯-KY,2022-05-11,313.0,-5.5,-1.73%,16.61,21.13,249.15,298.98,348.81,398.64,448.47,498.3,ShowDailyK_ChartFlow,FinMind_API_TaiwanStockPrice_3665,True,2026-09-22T15:49:21,2026-09-22T15:49:21,2026-09-22T15:49:21
3665,貿聯-KY,2022-05-12,310.0,-3.0,-0.96%,16.61,20.93,249.15,298.98,348.81,398.64,448.47,498.3,ShowDailyK_ChartFlow,FinMind_API_TaiwanStockPrice_3665,True,2026-09-22T15:49:21,2026-09-22T15:49:21,2026-09-22T15:49:21
3665,貿聯-KY,2022-05-13,318.0,8.0,2.58%,16.61,21.47,249.15,298.98,348.81,398.64,448.47,498.3,ShowDailyK_ChartFlow,FinMind_API_TaiwanStockPrice_3665,True,2026-09-22T15:49:21,2026-09-22T15:49:21,2026-09-22T15:49:21
3665,貿聯-KY,2022-05-16,303.5,-14.5,-4.56%,16.61,20.27,249.15,298.98,348.81,398.64,448.47,498.3,ShowDailyK_ChartFlow,FinMind_API_TaiwanStockPrice_3665,True,2026-09-22T15:49:21,2026-09-22T15:49:21,2026-09-22T15:49:21
3665,貿聯-KY,2022-05-17,316.0,12.5,4.12%,16.61,21.11,249.15,298.98,348.81,398.64,448.47,498.3,ShowDailyK_ChartFlow,FinMind_API_TaiwanStockPrice_3665,True,2026-09-22T15:49:21,2026-09-22T15:49:21,2026-09-22T15:49:21
3665,貿聯-KY,2022-05-18,312.0,-4.0,-1.27%,16.61,20.84,249.15,298.98,348.81,398.64,448.47,498.3,ShowDailyK_ChartFlow,FinMind_API_TaiwanStockPrice_3665,True,2026-09-22T15:49:21,2026-09-22T15:49:21,2026-09-22T15:49:21
3665,貿聯-KY,2022-05-19,310.5,-1.5,-0.48%,16.61,20.74,249.15,298.98,348.81,398.64,448.47,498.3,ShowDailyK_ChartFlow,FinMind_API_TaiwanStockPrice_3665,True,2026-09-22T15:49:21,2026-09-22T15:49:21,2026-09-22T15:49:21
3665,貿聯-KY,2022-05-20,311.0,0.5,0.16%,16.61,20.77,249.15,298.98,348.81,398.64,448.47,498.3,ShowDailyK_ChartFlow,FinMind_API_TaiwanStockPrice_3665,True,2026-09-22T15:49:21,2026-09-22T15:49:21,2026-09-22T15:49:21
3665,貿聯-KY,2022-05-23,316.5,5.5,1.77%,16.61,21.14,249.15,298.98,348.81,398.64,448.47,498.3,ShowDailyK_ChartFlow,FinMind_API_TaiwanStockPrice_3665,True,2026-09-22T15:49:21,2026-09-22T15:49:21,2026-09-22T15:49:21
3665,貿聯-KY,2022-05-24,300.0,-16.5,-5.21%,16.61,20.04,249.15,298.98,348.81,398.64,448.47,498.3,ShowDailyK_ChartFlow,FinMind_API_TaiwanStockPrice_3665,True,2026-09-22T15:49:21,2026-09-22T15:49:21,2026-09-22T15:49:21
3665,貿聯-KY,2022-05-25,300.0,0.0,0.00%,16.61,20.04,249.15,298.98,348.81,398.64,448.47,498.3,ShowDailyK_ChartFlow,FinMind_API_TaiwanStockPrice_3665,True,2026-09-22T15:49:21,2026-09-22T15:49:21,2026-09-22T15:49:21
3665,貿聯-KY,2022-05-26,297.0,-3.0,-1.00%,16.61,19.84,249.15,298.98,348.81,398.64,448.47,498.3,ShowDailyK_ChartFlow,FinMind_API_TaiwanStockPrice_3665,True,2026-09-22T15:49:21,2026-09-22T15:49:21,2026-09-22T15:49:21
3665,貿聯-KY,2022-05-27,304.5,7.5,2.53%,16.61,20.34,249.15,298.98,348.81,398.64,448.47,498.3,ShowDailyK_ChartFlow,FinMind_API_TaiwanStockPrice_3665,True,2026-09-22T15:49:21,2026-09-22T15:49:21,2026-09-22T15:49:21
3665,貿聯-KY,2022-05-30,315.0,10.5,3.45%,16.61,21.04,249.15,298.98,348.81,398.64,448.47,498.3,ShowDailyK_ChartFlow,FinMind_API_TaiwanStockPrice_3665,True,2026-09-22T15:49:21,2026-09-22T15:49:21,2026-09-22T15:49:21
3665,貿聯-KY,2022-05-31,311.5,-3.5,-1.11%,16.61,20.81,249.15,298.98,348.81,398.64,448.47,498.3,ShowDailyK_ChartFlow,FinMind_API_TaiwanStockPrice_3665,True,2026-09-22T15:49:21,2026-09-22T15:49:21,2026-09-22T15:49:21
3665,貿聯-KY,2022-06-01,315.0,3.5,1.12%,16.61,21.04,249.15,298.98,348.81,398.64,448.47,498.3,ShowDailyK_ChartFlow,FinMind_API_TaiwanStockPrice_3665,True,2026-09-22T15:49:21,2026-09-22T15:49:21,2026-09-22T15:49:21
3665,貿聯-KY,2022-06-02,301.0,-14.0,-4.44%,16.61,20.11,249.15,298.98,348.81,398.64,448.47,498.3,ShowDailyK_ChartFlow,FinMind_API_TaiwanStockPrice_3665,True,2026-09-22T15:49:21,2026-09-22T15:49:21,2026-09-22T15:49:21
3665,貿聯-KY,2022-06-06,298.5,-2.5,-0.83%,16.61,19.94,249.15,298.98,348.81,398.64,448.47,498.3,ShowDailyK_ChartFlow,FinMind_API_TaiwanStockPrice_3665,True,2026-09-22T15:49:21,2026-09-22T15:49:21,2026-09-22T15:49:21
3665,貿聯-KY,2022-06-07,313.5,15.0,5.03%,16.61,20.94,249.15,298.98,348.81,398.64,448.47,498.3,ShowDailyK_ChartFlow,FinMind_API_TaiwanStockPrice_3665,True,2026-09-22T15:49:21,2026-09-22T15:49:21,2026-09-22T15:49:21
3665,貿聯-KY,2022-06-08,313.5,0.0,0.00%,16.61,20.94,249.15,298.98,348.81,398.64,448.47,498.3,ShowDailyK_ChartFlow,FinMind_API_TaiwanStockPrice_3665,True,2026-09-22T15:49:21,2026-09-22T15:49:21,2026-09-22T15:49:21
3665,貿聯-KY,2022-06-09,315.0,1.5,0.48%,16.61,21.04,249.15,298.98,348.81,398.64,448.47,498.3,ShowDailyK_ChartFlow,FinMind_API_TaiwanStockPrice_3665,True,2026-09-22T15:49:21,2026-09-22T15:49:21,2026-09-22T15:49:21
3665,貿聯-KY,2022-06-10,316.0,1.0,0.32%,16.61,21.11,249.15,298.98,348.81,398.64,448.47,498.3,ShowDailyK_ChartFlow,FinMind_API_TaiwanStockPrice_3665,True,2026-09-22T15:49:21,2026-09-22T15:49:21,2026-09-22T15:49:21
3665,貿聯-KY,2022-06-13,309.0,-7.0,-2.22%,16.61,20.64,249.15,298.98,348.81,398.64,448.47,498.3,ShowDailyK_ChartFlow,FinMind_API_TaiwanStockPrice_3665,True,2026-09-22T15:49:21,2026-09-22T15:49:21,2026-09-22T15:49:21
3665,貿聯-KY,2022-06-14,309.0,0.0,0.00%,16.61,20.64,249.15,298.98,348.81,398.64,448.47,498.3,ShowDailyK_ChartFlow,FinMind_API_TaiwanStockPrice_3665,True,2026-09-22T15:49:21,2026-09-22T15:49:21,2026-09-22T15:49:21
3665,貿聯-KY,2022-06-15,306.0,-3.0,-0.97%,16.61,20.44,249.15,298.98,348.81,398.64,448.47,498.3,ShowDailyK_ChartFlow,FinMind_API_TaiwanStockPrice_3665,True,2026-09-22T15:49:21,2026-09-22T15:49:21,2026-09-22T15:49:21
3665,貿聯-KY,2022-06-16,301.0,-5.0,-1.63%,16.61,20.11,249.15,298.98,348.81,398.64,448.47,498.3,ShowDailyK_ChartFlow,FinMind_API_TaiwanStockPrice_3665,True,2026-09-22T15:49:21,2026-09-22T15:49:21,2026-09-22T15:49:21
3665,貿聯-KY,2022-06-17,298.0,-3.0,-1.00%,16.61,19.91,249.15,298.98,348.81,398.64,448.47,498.3,ShowDailyK_ChartFlow,FinMind_API_TaiwanStockPrice_3665,True,2026-09-22T15:49:21,2026-09-22T15:49:21,2026-09-22T15:49:21
3665,貿聯-KY,2022-06-20,283.5,-14.5,-4.87%,16.61,18.94,249.15,298.98,348.81,398.64,448.47,498.3,ShowDailyK_ChartFlow,FinMind_API_TaiwanStockPrice_3665,True,2026-09-22T15:49:21,2026-09-22T15:49:21,2026-09-22T15:49:21
3665,貿聯-KY,2022-06-21,298.5,15.0,5.29%,16.61,19.94,249.15,298.98,348.81,398.64,448.47,498.3,ShowDailyK_ChartFlow,FinMind_API_TaiwanStockPrice_3665,True,2026-09-22T15:49:21,2026-09-22T15:49:21,2026-09-22T15:49:21
3665,貿聯-KY,2022-06-22,294.0,-4.5,-1.51%,16.61,19.64,249.15,298.98,348.81,398.64,448.47,498.3,ShowDailyK_ChartFlow,FinMind_API_TaiwanStockPrice_3665,True,2026-09-22T15:49:21,2026-09-22T15:49:21,2026-09-22T15:49:21
3665,貿聯-KY,2022-06-23,293.5,-0.5,-0.17%,16.61,19.61,249.15,298.98,348.81,398.64,448.47,498.3,ShowDailyK_ChartFlow,FinMind_API_TaiwanStockPrice_3665,True,2026-09-22T15:49:21,2026-09-22T15:49:21,2026-09-22T15:49:21
3665,貿聯-KY,2022-06-24,305.0,11.5,3.92%,16.61,20.37,249.15,298.98,348.81,398.64,448.47,498.3,ShowDailyK_ChartFlow,FinMind_API_TaiwanStockPrice_3665,True,2026-09-22T15:49:21,2026-09-22T15:49:21,2026-09-22T15:49:21
3665,貿聯-KY,2022-06-27,312.0,7.0,2.30%,16.61,20.84,249.15,298.98,348.81,398.64,448.47,498.3,ShowDailyK_ChartFlow,FinMind_API_TaiwanStockPrice_3665,True,2026-09-22T15:49:21,2026-09-22T15:49:21,2026-09-22T15:49:21
3665,貿聯-KY,2022-06-28,314.0,2.0,0.64%,16.61,20.98,249.15,298.98,348.81,398.64,448.47,498.3,ShowDailyK_ChartFlow,FinMind_API_TaiwanStockPrice_3665,True,2026-09-22T15:49:21,2026-09-22T15:49:21,2026-09-22T15:49:21
3665,貿聯-KY,2022-06-29,306.5,-7.5,-2.39%,16.61,20.47,249.15,298.98,348.81,398.64,448.47,498.3,ShowDailyK_ChartFlow,FinMind_API_TaiwanStockPrice_3665,True,2026-09-22T15:49:21,2026-09-22T15:49:21,2026-09-22T15:49:21
3665,貿聯-KY,2022-06-30,308.5,2.0,0.65%,20.16,20.61,302.4,362.88,423.36,483.84,544.32,604.8,ShowDailyK_ChartFlow,FinMind_API_TaiwanStockPrice_3665,True,2026-09-22T15:49:21,2026-09-22T15:49:21,2026-09-22T15:49:21
3665,貿聯-KY,2022-07-01,291.0,-17.5,-5.67%,20.16,19.44,302.4,362.88,423.36,483.84,544.32,604.8,ShowDailyK_ChartFlow,FinMind_API_TaiwanStockPrice_3665,True,2026-09-22T15:49:21,2026-09-22T15:49:21,2026-09-22T15:49:21
3665,貿聯-KY,2022-07-04,294.0,3.0,1.03%,20.16,19.64,302.4,362.88,423.36,483.84,544.32,604.8,ShowDailyK_ChartFlow,FinMind_API_TaiwanStockPrice_3665,True,2026-09-22T15:49:21,2026-09-22T15:49:21,2026-09-22T15:49:21
3665,貿聯-KY,2022-07-05,297.5,3.5,1.19%,20.16,19.87,302.4,362.88,423.36,483.84,544.32,604.8,ShowDailyK_ChartFlow,FinMind_API_TaiwanStockPrice_3665,True,2026-09-22T15:49:21,2026-09-22T15:49:21,2026-09-22T15:49:21
3665,貿聯-KY,2022-07-06,315.5,18.0,6.05%,20.16,21.08,302.4,362.88,423.36,483.84,544.32,604.8,ShowDailyK_ChartFlow,FinMind_API_TaiwanStockPrice_3665,True,2026-09-22T15:49:21,2026-09-22T15:49:21,2026-09-22T15:49:21
3665,貿聯-KY,2022-07-07,329.0,13.5,4.28%,20.16,21.98,302.4,362.88,423.36,483.84,544.32,604.8,ShowDailyK_ChartFlow,FinMind_API_TaiwanStockPrice_3665,True,2026-09-22T15:49:21,2026-09-22T15:49:21,2026-09-22T15:49:21
3665,貿聯-KY,2022-07-08,330.5,1.5,0.46%,20.16,22.08,302.4,362.88,423.36,483.84,544.32,604.8,ShowDailyK_ChartFlow,FinMind_API_TaiwanStockPrice_3665,True,2026-09-22T15:49:21,2026-09-22T15:49:21,2026-09-22T15:49:21
3665,貿聯-KY,2022-07-11,326.0,-4.5,-1.36%,20.16,21.78,302.4,362.88,423.36,483.84,544.32,604.8,ShowDailyK_ChartFlow,FinMind_API_TaiwanStockPrice_3665,True,2026-09-22T15:49:21,2026-09-22T15:49:21,2026-09-22T15:49:21
3665,貿聯-KY,2022-07-12,315.5,-10.5,-3.22%,20.16,21.08,302.4,362.88,423.36,483.84,544.32,604.8,ShowDailyK_ChartFlow,FinMind_API_TaiwanStockPrice_3665,True,2026-09-22T15:49:21,2026-09-22T15:49:21,2026-09-22T15:49:21
3665,貿聯-KY,2022-07-13,315.5,0.0,0.00%,20.16,21.08,302.4,362.88,423.36,483.84,544.32,604.8,ShowDailyK_ChartFlow,FinMind_API_TaiwanStockPrice_3665,True,2026-09-22T15:49:21,2026-09-22T15:49:21,2026-09-22T15:49:21
3665,貿聯-KY,2022-07-14,309.0,-6.5,-2.06%,20.16,20.64,302.4,362.88,423.36,483.84,544.32,604.8,ShowDailyK_ChartFlow,FinMind_API_TaiwanStockPrice_3665,True,2026-09-22T15:49:21,2026-09-22T15:49:21,2026-09-22T15:49:21
3665,貿聯-KY,2022-07-15,320.0,11.0,3.56%,20.16,21.38,302.4,362.88,423.36,483.84,544.32,604.8,ShowDailyK_ChartFlow,FinMind_API_TaiwanStockPrice_3665,True,2026-09-22T15:49:21,2026-09-22T15:49:21,2026-09-22T15:49:21
3665,貿聯-KY,2022-07-18,334.5,14.5,4.53%,20.16,22.34,302.4,362.88,423.36,483.84,544.32,604.8,ShowDailyK_ChartFlow,FinMind_API_TaiwanStockPrice_3665,True,2026-09-22T15:49:21,2026-09-22T15:49:21,2026-09-22T15:49:21
3665,貿聯-KY,2022-07-19,315.0,-19.5,-5.83%,20.16,21.04,302.4,362.88,423.36,483.84,544.32,604.8,ShowDailyK_ChartFlow,FinMind_API_TaiwanStockPrice_3665,True,2026-09-22T15:49:21,2026-09-22T15:49:21,2026-09-22T15:49:21
3665,貿聯-KY,2022-07-20,312.0,-3.0,-0.95%,20.16,20.84,302.4,362.88,423.36,483.84,544.32,604.8,ShowDailyK_ChartFlow,FinMind_API_TaiwanStockPrice_3665,True,2026-09-22T15:49:21,2026-09-22T15:49:21,2026-09-22T15:49:21
3665,貿聯-KY,2022-07-21,314.0,2.0,0.64%,20.16,20.98,302.4,362.88,423.36,483.84,544.32,604.8,ShowDailyK_ChartFlow,FinMind_API_TaiwanStockPrice_3665,True,2026-09-22T15:49:21,2026-09-22T15:49:21,2026-09-22T15:49:21
3665,貿聯-KY,2022-07-22,310.0,-4.0,-1.27%,20.16,20.71,302.4,362.88,423.36,483.84,544.32,604.8,ShowDailyK_ChartFlow,FinMind_API_TaiwanStockPrice_3665,True,2026-09-22T15:49:21,2026-09-22T15:49:21,2026-09-22T15:49:21
3665,貿聯-KY,2022-07-25,310.0,0.0,0.00%,20.16,20.71,302.4,362.88,423.36,483.84,544.32,604.8,ShowDailyK_ChartFlow,FinMind_API_TaiwanStockPrice_3665,True,2026-09-22T15:49:21,2026-09-22T15:49:21,2026-09-22T15:49:21
3665,貿聯-KY,2022-07-26,301.5,-8.5,-2.74%,20.16,20.14,302.4,362.88,423.36,483.84,544.32,604.8,ShowDailyK_ChartFlow,FinMind_API_TaiwanStockPrice_3665,True,2026-09-22T15:49:21,2026-09-22T15:49:21,2026-09-22T15:49:21
3665,貿聯-KY,2022-07-27,314.5,13.0,4.31%,20.16,21.01,302.4,362.88,423.36,483.84,544.32,604.8,ShowDailyK_ChartFlow,FinMind_API_TaiwanStockPrice_3665,True,2026-09-22T15:49:21,2026-09-22T15:49:21,2026-09-22T15:49:21
3665,貿聯-KY,2022-07-28,312.5,-2.0,-0.64%,20.16,20.88,302.4,362.88,423.36,483.84,544.32,604.8,ShowDailyK_ChartFlow,FinMind_API_TaiwanStockPrice_3665,True,2026-09-22T15:49:21,2026-09-22T15:49:21,2026-09-22T15:49:21
3665,貿聯-KY,2022-07-29,321.0,8.5,2.72%,20.16,21.44,302.4,362.88,423.36,483.84,544.32,604.8,ShowDailyK_ChartFlow,FinMind_API_TaiwanStockPrice_3665,True,2026-09-22T15:49:21,2026-09-22T15:49:21,2026-09-22T15:49:21
3665,貿聯-KY,2022-08-01,311.5,-9.5,-2.96%,20.16,20.81,302.4,362.88,423.36,483.84,544.32,604.8,ShowDailyK_ChartFlow,FinMind_API_TaiwanStockPrice_3665,True,2026-09-22T15:49:21,2026-09-22T15:49:21,2026-09-22T15:49:21
3665,貿聯-KY,2022-08-02,306.0,-5.5,-1.77%,20.16,20.44,302.4,362.88,423.36,483.84,544.32,604.8,ShowDailyK_ChartFlow,FinMind_API_TaiwanStockPrice_3665,True,2026-09-22T15:49:21,2026-09-22T15:49:21,2026-09-22T15:49:21
3665,貿聯-KY,2022-08-03,302.5,-3.5,-1.14%,20.16,20.21,302.4,362.88,423.36,483.84,544.32,604.8,ShowDailyK_ChartFlow,FinMind_API_TaiwanStockPrice_3665,True,2026-09-22T15:49:21,2026-09-22T15:49:21,2026-09-22T15:49:21
3665,貿聯-KY,2022-08-04,306.5,4.0,1.32%,20.16,20.47,302.4,362.88,423.36,483.84,544.32,604.8,ShowDailyK_ChartFlow,FinMind_API_TaiwanStockPrice_3665,True,2026-09-22T15:49:21,2026-09-22T15:49:21,2026-09-22T15:49:21
3665,貿聯-KY,2022-08-05,315.0,8.5,2.77%,20.16,21.04,302.4,362.88,423.36,483.84,544.32,604.8,ShowDailyK_ChartFlow,FinMind_API_TaiwanStockPrice_3665,True,2026-09-22T15:49:21,2026-09-22T15:49:21,2026-09-22T15:49:21
3665,貿聯-KY,2022-08-08,311.5,-3.5,-1.11%,20.16,20.81,302.4,362.88,423.36,483.84,544.32,604.8,ShowDailyK_ChartFlow,FinMind_API_TaiwanStockPrice_3665,True,2026-09-22T15:49:21,2026-09-22T15:49:21,2026-09-22T15:49:21
3665,貿聯-KY,2022-08-09,316.0,4.5,1.44%,20.16,21.11,302.4,362.88,423.36,483.84,544.32,604.8,ShowDailyK_ChartFlow,FinMind_API_TaiwanStockPrice_3665,True,2026-09-22T15:49:21,2026-09-22T15:49:21,2026-09-22T15:49:21
3665,貿聯-KY,2022-08-10,315.5,-0.5,-0.16%,20.16,21.08,302.4,362.88,423.36,483.84,544.32,604.8,ShowDailyK_ChartFlow,FinMind_API_TaiwanStockPrice_3665,True,2026-09-22T15:49:21,2026-09-22T15:49:21,2026-09-22T15:49:21
3665,貿聯-KY,2022-08-11,311.0,-4.5,-1.43%,20.16,20.77,302.4,362.88,423.36,483.84,544.32,604.8,ShowDailyK_ChartFlow,FinMind_API_TaiwanStockPrice_3665,True,2026-09-22T15:49:21,2026-09-22T15:49:21,2026-09-22T15:49:21
3665,貿聯-KY,2022-08-12,307.0,-4.0,-1.29%,20.16,20.51,302.4,362.88,423.36,483.84,544.32,604.8,ShowDailyK_ChartFlow,FinMind_API_TaiwanStockPrice_3665,True,2026-09-22T15:49:21,2026-09-22T15:49:21,2026-09-22T15:49:21
3665,貿聯-KY,2022-08-15,310.0,3.0,0.98%,20.16,20.71,302.4,362.88,423.36,483.84,544.32,604.8,ShowDailyK_ChartFlow,FinMind_API_TaiwanStockPrice_3665,True,2026-09-22T15:49:21,2026-09-22T15:49:21,2026-09-22T15:49:21
3665,貿聯-KY,2022-08-16,314.5,4.5,1.45%,20.16,21.01,302.4,362.88,423.36,483.84,544.32,604.8,ShowDailyK_ChartFlow,FinMind_API_TaiwanStockPrice_3665,True,2026-09-22T15:49:21,2026-09-22T15:49:21,2026-09-22T15:49:21
3665,貿聯-KY,2022-08-17,311.0,-3.5,-1.11%,20.16,20.77,302.4,362.88,423.36,483.84,544.32,604.8,ShowDailyK_ChartFlow,FinMind_API_TaiwanStockPrice_3665,True,2026-09-22T15:49:21,2026-09-22T15:49:21,2026-09-22T15:49:21
3665,貿聯-KY,2022-08-18,306.0,-5.0,-1.61%,20.16,20.44,302.4,362.88,423.36,483.84,544.32,604.8,ShowDailyK_ChartFlow,FinMind_API_TaiwanStockPrice_3665,True,2026-09-22T15:49:21,2026-09-22T15:49:21,2026-09-22T15:49:21
3665,貿聯-KY,2022-08-19,303.5,-2.5,-0.82%,20.16,20.27,302.4,362.88,423.36,483.84,544.32,604.8,ShowDailyK_ChartFlow,FinMind_API_TaiwanStockPrice_3665,True,2026-09-22T15:49:21,2026-09-22T15:49:21,2026-09-22T15:49:21
3665,貿聯-KY,2022-08-22,296.5,-7.0,-2.31%,20.16,19.81,302.4,362.88,423.36,483.84,544.32,604.8,ShowDailyK_ChartFlow,FinMind_API_TaiwanStockPrice_3665,True,2026-09-22T15:49:21,2026-09-22T15:49:21,2026-09-22T15:49:21
3665,貿聯-KY,2022-08-23,302.0,5.5,1.85%,20.16,20.17,302.4,362.88,423.36,483.84,544.32,604.8,ShowDailyK_ChartFlow,FinMind_API_TaiwanStockPrice_3665,True,2026-09-22T15:49:21,2026-09-22T15:49:21,2026-09-22T15:49:21
3665,貿聯-KY,2022-08-24,299.5,-2.5,-0.83%,20.16,20.01,302.4,362.88,423.36,483.84,544.32,604.8,ShowDailyK_ChartFlow,FinMind_API_TaiwanStockPrice_3665,True,2026-09-22T15:49:21,2026-09-22T15:49:21,2026-09-22T15:49:21
3665,貿聯-KY,2022-08-25,298.0,-1.5,-0.50%,20.16,19.91,302.4,362.88,423.36,483.84,544.32,604.8,ShowDailyK_ChartFlow,FinMind_API_TaiwanStockPrice_3665,True,2026-09-22T15:49:21,2026-09-22T15:49:21,2026-09-22T15:49:21
3665,貿聯-KY,2022-08-26,300.5,2.5,0.84%,20.16,20.07,302.4,362.88,423.36,483.84,544.32,604.8,ShowDailyK_ChartFlow,FinMind_API_TaiwanStockPrice_3665,True,2026-09-22T15:49:21,2026-09-22T15:49:21,2026-09-22T15:49:21
3665,貿聯-KY,2022-08-29,328.0,27.5,9.15%,20.16,21.91,302.4,362.88,423.36,483.84,544.32,604.8,ShowDailyK_ChartFlow,FinMind_API_TaiwanStockPrice_3665,True,2026-09-22T15:49:21,2026-09-22T15:49:21,2026-09-22T15:49:21
3665,貿聯-KY,2022-08-30,340.5,12.5,3.81%,20.16,22.75,302.4,362.88,423.36,483.84,544.32,604.8,ShowDailyK_ChartFlow,FinMind_API_TaiwanStockPrice_3665,True,2026-09-22T15:49:21,2026-09-22T15:49:21,2026-09-22T15:49:21
3665,貿聯-KY,2022-08-31,340.0,-0.5,-0.15%,20.16,17.87,302.4,362.88,423.36,483.84,544.32,604.8,ShowDailyK_ChartFlow,FinMind_API_TaiwanStockPrice_3665,True,2026-09-22T15:49:21,2026-09-22T15:49:21,2026-09-22T15:49:21
3665,貿聯-KY,2022-09-01,335.5,-4.5,-1.32%,20.16,17.63,302.4,362.88,423.36,483.84,544.32,604.8,ShowDailyK_ChartFlow,FinMind_API_TaiwanStockPrice_3665,True,2026-09-22T15:49:21,2026-09-22T15:49:21,2026-09-22T15:49:21
3665,貿聯-KY,2022-09-02,330.5,-5.0,-1.49%,20.16,17.37,302.4,362.88,423.36,483.84,544.32,604.8,ShowDailyK_ChartFlow,FinMind_API_TaiwanStockPrice_3665,True,2026-09-22T15:49:21,2026-09-22T15:49:21,2026-09-22T15:49:21
3665,貿聯-KY,2022-09-05,323.0,-7.5,-2.27%,20.16,16.97,302.4,362.88,423.36,483.84,544.32,604.8,ShowDailyK_ChartFlow,FinMind_API_TaiwanStockPrice_3665,True,2026-09-22T15:49:21,2026-09-22T15:49:21,2026-09-22T15:49:21
3665,貿聯-KY,2022-09-06,315.0,-8.0,-2.48%,20.16,16.55,302.4,362.88,423.36,483.84,544.32,604.8,ShowDailyK_ChartFlow,FinMind_API_TaiwanStockPrice_3665,True,2026-09-22T15:49:21,2026-09-22T15:49:21,2026-09-22T15:49:21
3665,貿聯-KY,2022-09-07,303.5,-11.5,-3.65%,20.16,15.95,302.4,362.88,423.36,483.84,544.32,604.8,ShowDailyK_ChartFlow,FinMind_API_TaiwanStockPrice_3665,True,2026-09-22T15:49:21,2026-09-22T15:49:21,2026-09-22T15:49:21
3665,貿聯-KY,2022-09-08,303.0,-0.5,-0.16%,20.16,15.92,302.4,362.88,423.36,483.84,544.32,604.8,ShowDailyK_ChartFlow,FinMind_API_TaiwanStockPrice_3665,True,2026-09-22T15:49:21,2026-09-22T15:49:21,2026-09-22T15:49:21
3665,貿聯-KY,2022-09-12,305.5,2.5,0.83%,20.16,16.05,302.4,362.88,423.36,483.84,544.32,604.8,ShowDailyK_ChartFlow,FinMind_API_TaiwanStockPrice_3665,True,2026-09-22T15:49:21,2026-09-22T15:49:21,2026-09-22T15:49:21
3665,貿聯-KY,2022-09-13,323.0,17.5,5.73%,20.16,16.97,302.4,362.88,423.36,483.84,544.32,604.8,ShowDailyK_ChartFlow,FinMind_API_TaiwanStockPrice_3665,True,2026-09-22T15:49:21,2026-09-22T15:49:21,2026-09-22T15:49:21
3665,貿聯-KY,2022-09-14,321.5,-1.5,-0.46%,20.16,16.89,302.4,362.88,423.36,483.84,544.32,604.8,ShowDailyK_ChartFlow,FinMind_API_TaiwanStockPrice_3665,True,2026-09-22T15:49:21,2026-09-22T15:49:21,2026-09-22T15:49:21
3665,貿聯-KY,2022-09-15,320.0,-1.5,-0.47%,20.16,16.82,302.4,362.88,423.36,483.84,544.32,604.8,ShowDailyK_ChartFlow,FinMind_API_TaiwanStockPrice_3665,True,2026-09-22T15:49:21,2026-09-22T15:49:21,2026-09-22T15:49:21
3665,貿聯-KY,2022-09-16,318.0,-2.0,-0.62%,20.16,16.71,302.4,362.88,423.36,483.84,544.32,604.8,ShowDailyK_ChartFlow,FinMind_API_TaiwanStockPrice_3665,True,2026-09-22T15:49:21,2026-09-22T15:49:21,2026-09-22T15:49:21
3665,貿聯-KY,2022-09-19,310.5,-7.5,-2.36%,20.16,16.32,302.4,362.88,423.36,483.84,544.32,604.8,ShowDailyK_ChartFlow,FinMind_API_TaiwanStockPrice_3665,True,2026-09-22T15:49:21,2026-09-22T15:49:21,2026-09-22T15:49:21
3665,貿聯-KY,2022-09-20,310.0,-0.5,-0.16%,20.16,16.29,302.4,362.88,423.36,483.84,544.32,604.8,ShowDailyK_ChartFlow,FinMind_API_TaiwanStockPrice_3665,True,2026-09-22T15:49:21,2026-09-22T15:49:21,2026-09-22T15:49:21
3665,貿聯-KY,2022-09-21,304.5,-5.5,-1.77%,20.16,16.0,302.4,362.88,423.36,483.84,544.32,604.8,ShowDailyK_ChartFlow,FinMind_API_TaiwanStockPrice_3665,True,2026-09-22T15:49:21,2026-09-22T15:49:21,2026-09-22T15:49:21
3665,貿聯-KY,2022-09-22,312.5,8.0,2.63%,20.16,16.42,302.4,362.88,423.36,483.84,544.32,604.8,ShowDailyK_ChartFlow,FinMind_API_TaiwanStockPrice_3665,True,2026-09-22T15:49:21,2026-09-22T15:49:21,2026-09-22T15:49:21
3665,貿聯-KY,2022-09-23,300.0,-12.5,-4.00%,20.16,15.76,302.4,362.88,423.36,483.84,544.32,604.8,ShowDailyK_ChartFlow,FinMind_API_TaiwanStockPrice_3665,True,2026-09-22T15:49:21,2026-09-22T15:49:21,2026-09-22T15:49:21
3665,貿聯-KY,2022-09-26,286.0,-14.0,-4.67%,20.16,15.03,302.4,362.88,423.36,483.84,544.32,604.8,ShowDailyK_ChartFlow,FinMind_API_TaiwanStockPrice_3665,True,2026-09-22T15:49:21,2026-09-22T15:49:21,2026-09-22T15:49:21
3665,貿聯-KY,2022-09-27,293.5,7.5,2.62%,20.16,15.42,302.4,362.88,423.36,483.84,544.32,604.8,ShowDailyK_ChartFlow,FinMind_API_TaiwanStockPrice_3665,True,2026-09-22T15:49:21,2026-09-22T15:49:21,2026-09-22T15:49:21
3665,貿聯-KY,2022-09-28,277.0,-16.5,-5.62%,20.16,14.56,302.4,362.88,423.36,483.84,544.32,604.8,ShowDailyK_ChartFlow,FinMind_API_TaiwanStockPrice_3665,True,2026-09-22T15:49:21,2026-09-22T15:49:21,2026-09-22T15:49:21
3665,貿聯-KY,2022-09-29,277.5,0.5,0.18%,20.16,14.58,302.4,362.88,423.36,483.84,544.32,604.8,ShowDailyK_ChartFlow,FinMind_API_TaiwanStockPrice_3665,True,2026-09-22T15:49:21,2026-09-22T15:49:21,2026-09-22T15:49:21
3665,貿聯-KY,2022-09-30,280.5,3.0,1.08%,23.259999999999998,14.74,348.9,418.68,488.46,558.24,628.02,697.8,ShowDailyK_ChartFlow,FinMind_API_TaiwanStockPrice_3665,True,2026-09-22T15:49:21,2026-09-22T15:49:21,2026-09-22T15:49:21
3665,貿聯-KY,2022-10-03,275.5,-5.0,-1.78%,23.259999999999998,14.48,348.9,418.68,488.46,558.24,628.02,697.8,ShowDailyK_ChartFlow,FinMind_API_TaiwanStockPrice_3665,True,2026-09-22T15:49:21,2026-09-22T15:49:21,2026-09-22T15:49:21
3665,貿聯-KY,2022-10-04,283.0,7.5,2.72%,23.259999999999998,14.87,348.9,418.68,488.46,558.24,628.02,697.8,ShowDailyK_ChartFlow,FinMind_API_TaiwanStockPrice_3665,True,2026-09-22T15:49:21,2026-09-22T15:49:21,2026-09-22T15:49:21
3665,貿聯-KY,2022-10-05,285.5,2.5,0.88%,23.259999999999998,15.0,348.9,418.68,488.46,558.24,628.02,697.8,ShowDailyK_ChartFlow,FinMind_API_TaiwanStockPrice_3665,True,2026-09-22T15:49:21,2026-09-22T15:49:21,2026-09-22T15:49:21
3665,貿聯-KY,2022-10-06,289.0,3.5,1.23%,23.259999999999998,15.19,348.9,418.68,488.46,558.24,628.02,697.8,ShowDailyK_ChartFlow,FinMind_API_TaiwanStockPrice_3665,True,2026-09-22T15:49:21,2026-09-22T15:49:21,2026-09-22T15:49:21
3665,貿聯-KY,2022-10-07,287.0,-2.0,-0.69%,23.259999999999998,15.08,348.9,418.68,488.46,558.24,628.02,697.8,ShowDailyK_ChartFlow,FinMind_API_TaiwanStockPrice_3665,True,2026-09-22T15:49:21,2026-09-22T15:49:21,2026-09-22T15:49:21
3665,貿聯-KY,2022-10-11,275.5,-11.5,-4.01%,23.259999999999998,14.48,348.9,418.68,488.46,558.24,628.02,697.8,ShowDailyK_ChartFlow,FinMind_API_TaiwanStockPrice_3665,True,2026-09-22T15:49:21,2026-09-22T15:49:21,2026-09-22T15:49:21
3665,貿聯-KY,2022-10-12,281.5,6.0,2.18%,23.259999999999998,14.79,348.9,418.68,488.46,558.24,628.02,697.8,ShowDailyK_ChartFlow,FinMind_API_TaiwanStockPrice_3665,True,2026-09-22T15:49:21,2026-09-22T15:49:21,2026-09-22T15:49:21
3665,貿聯-KY,2022-10-13,253.5,-28.0,-9.95%,23.259999999999998,13.32,348.9,418.68,488.46,558.24,628.02,697.8,ShowDailyK_ChartFlow,FinMind_API_TaiwanStockPrice_3665,True,2026-09-22T15:49:21,2026-09-22T15:49:21,2026-09-22T15:49:21
3665,貿聯-KY,2022-10-14,253.5,0.0,0.00%,23.259999999999998,13.32,348.9,418.68,488.46,558.24,628.02,697.8,ShowDailyK_ChartFlow,FinMind_API_TaiwanStockPrice_3665,True,2026-09-22T15:49:21,2026-09-22T15:49:21,2026-09-22T15:49:21
3665,貿聯-KY,2022-10-17,259.5,6.0,2.37%,23.259999999999998,13.64,348.9,418.68,488.46,558.24,628.02,697.8,ShowDailyK_ChartFlow,FinMind_API_TaiwanStockPrice_3665,True,2026-09-22T15:49:21,2026-09-22T15:49:21,2026-09-22T15:49:21
3665,貿聯-KY,2022-10-18,264.5,5.0,1.93%,23.259999999999998,13.9,348.9,418.68,488.46,558.24,628.02,697.8,ShowDailyK_ChartFlow,FinMind_API_TaiwanStockPrice_3665,True,2026-09-22T15:49:21,2026-09-22T15:49:21,2026-09-22T15:49:21
3665,貿聯-KY,2022-10-19,272.0,7.5,2.84%,23.259999999999998,14.29,348.9,418.68,488.46,558.24,628.02,697.8,ShowDailyK_ChartFlow,FinMind_API_TaiwanStockPrice_3665,True,2026-09-22T15:49:21,2026-09-22T15:49:21,2026-09-22T15:49:21
3665,貿聯-KY,2022-10-20,265.0,-7.0,-2.57%,23.259999999999998,13.93,348.9,418.68,488.46,558.24,628.02,697.8,ShowDailyK_ChartFlow,FinMind_API_TaiwanStockPrice_3665,True,2026-09-22T15:49:21,2026-09-22T15:49:21,2026-09-22T15:49:21
3665,貿聯-KY,2022-10-21,264.0,-1.0,-0.38%,23.259999999999998,13.87,348.9,418.68,488.46,558.24,628.02,697.8,ShowDailyK_ChartFlow,FinMind_API_TaiwanStockPrice_3665,True,2026-09-22T15:49:21,2026-09-22T15:49:21,2026-09-22T15:49:21
3665,貿聯-KY,2022-10-24,273.0,9.0,3.41%,23.259999999999998,14.35,348.9,418.68,488.46,558.24,628.02,697.8,ShowDailyK_ChartFlow,FinMind_API_TaiwanStockPrice_3665,True,2026-09-22T15:49:21,2026-09-22T15:49:21,2026-09-22T15:49:21
3665,貿聯-KY,2022-10-25,261.0,-12.0,-4.40%,23.259999999999998,13.72,348.9,418.68,488.46,558.24,628.02,697.8,ShowDailyK_ChartFlow,FinMind_API_TaiwanStockPrice_3665,True,2026-09-22T15:49:21,2026-09-22T15:49:21,2026-09-22T15:49:21
3665,貿聯-KY,2022-10-26,246.5,-14.5,-5.56%,23.259999999999998,12.95,348.9,418.68,488.46,558.24,628.02,697.8,ShowDailyK_ChartFlow,FinMind_API_TaiwanStockPrice_3665,True,2026-09-22T15:49:21,2026-09-22T15:49:21,2026-09-22T15:49:21
3665,貿聯-KY,2022-10-27,252.5,6.0,2.43%,23.259999999999998,13.27,348.9,418.68,488.46,558.24,628.02,697.8,ShowDailyK_ChartFlow,FinMind_API_TaiwanStockPrice_3665,True,2026-09-22T15:49:21,2026-09-22T15:49:21,2026-09-22T15:49:21
3665,貿聯-KY,2022-10-28,242.0,-10.5,-4.16%,23.259999999999998,12.72,348.9,418.68,488.46,558.24,628.02,697.8,ShowDailyK_ChartFlow,FinMind_API_TaiwanStockPrice_3665,True,2026-09-22T15:49:21,2026-09-22T15:49:21,2026-09-22T15:49:21
3665,貿聯-KY,2022-10-31,246.5,4.5,1.86%,23.259999999999998,12.95,348.9,418.68,488.46,558.24,628.02,697.8,ShowDailyK_ChartFlow,FinMind_API_TaiwanStockPrice_3665,True,2026-09-22T15:49:21,2026-09-22T15:49:21,2026-09-22T15:49:21
3665,貿聯-KY,2022-11-01,250.0,3.5,1.42%,23.259999999999998,13.14,348.9,418.68,488.46,558.24,628.02,697.8,ShowDailyK_ChartFlow,FinMind_API_TaiwanStockPrice_3665,True,2026-09-22T15:49:21,2026-09-22T15:49:21,2026-09-22T15:49:21
3665,貿聯-KY,2022-11-02,255.5,5.5,2.20%,23.259999999999998,13.43,348.9,418.68,488.46,558.24,628.02,697.8,ShowDailyK_ChartFlow,FinMind_API_TaiwanStockPrice_3665,True,2026-09-22T15:49:21,2026-09-22T15:49:21,2026-09-22T15:49:21
3665,貿聯-KY,2022-11-03,255.0,-0.5,-0.20%,23.259999999999998,13.4,348.9,418.68,488.46,558.24,628.02,697.8,ShowDailyK_ChartFlow,FinMind_API_TaiwanStockPrice_3665,True,2026-09-22T15:49:21,2026-09-22T15:49:21,2026-09-22T15:49:21
3665,貿聯-KY,2022-11-04,260.0,5.0,1.96%,23.259999999999998,13.66,348.9,418.68,488.46,558.24,628.02,697.8,ShowDailyK_ChartFlow,FinMind_API_TaiwanStockPrice_3665,True,2026-09-22T15:49:21,2026-09-22T15:49:21,2026-09-22T15:49:21
3665,貿聯-KY,2022-11-07,263.0,3.0,1.15%,23.259999999999998,13.82,348.9,418.68,488.46,558.24,628.02,697.8,ShowDailyK_ChartFlow,FinMind_API_TaiwanStockPrice_3665,True,2026-09-22T15:49:21,2026-09-22T15:49:21,2026-09-22T15:49:21
3665,貿聯-KY,2022-11-08,263.0,0.0,0.00%,23.259999999999998,13.82,348.9,418.68,488.46,558.24,628.02,697.8,ShowDailyK_ChartFlow,FinMind_API_TaiwanStockPrice_3665,True,2026-09-22T15:49:21,2026-09-22T15:49:21,2026-09-22T15:49:21
3665,貿聯-KY,2022-11-09,268.5,5.5,2.09%,23.259999999999998,14.11,348.9,418.68,488.46,558.24,628.02,697.8,ShowDailyK_ChartFlow,FinMind_API_TaiwanStockPrice_3665,True,2026-09-22T15:49:21,2026-09-22T15:49:21,2026-09-22T15:49:21
3665,貿聯-KY,2022-11-10,266.0,-2.5,-0.93%,23.259999999999998,13.98,348.9,418.68,488.46,558.24,628.02,697.8,ShowDailyK_ChartFlow,FinMind_API_TaiwanStockPrice_3665,True,2026-09-22T15:49:21,2026-09-22T15:49:21,2026-09-22T15:49:21
3665,貿聯-KY,2022-11-11,250.5,-15.5,-5.83%,23.259999999999998,13.16,348.9,418.68,488.46,558.24,628.02,697.8,ShowDailyK_ChartFlow,FinMind_API_TaiwanStockPrice_3665,True,2026-09-22T15:49:21,2026-09-22T15:49:21,2026-09-22T15:49:21
3665,貿聯-KY,2022-11-14,253.5,3.0,1.20%,23.259999999999998,11.38,348.9,418.68,488.46,558.24,628.02,697.8,ShowDailyK_ChartFlow,FinMind_API_TaiwanStockPrice_3665,True,2026-09-22T15:49:21,2026-09-22T15:49:21,2026-09-22T15:49:21
3665,貿聯-KY,2022-11-15,254.0,0.5,0.20%,23.259999999999998,11.4,348.9,418.68,488.46,558.24,628.02,697.8,ShowDailyK_ChartFlow,FinMind_API_TaiwanStockPrice_3665,True,2026-09-22T15:49:21,2026-09-22T15:49:21,2026-09-22T15:49:21
3665,貿聯-KY,2022-11-16,253.0,-1.0,-0.39%,23.259999999999998,11.36,348.9,418.68,488.46,558.24,628.02,697.8,ShowDailyK_ChartFlow,FinMind_API_TaiwanStockPrice_3665,True,2026-09-22T15:49:21,2026-09-22T15:49:21,2026-09-22T15:49:21
3665,貿聯-KY,2022-11-17,256.0,3.0,1.19%,23.259999999999998,11.49,348.9,418.68,488.46,558.24,628.02,697.8,ShowDailyK_ChartFlow,FinMind_API_TaiwanStockPrice_3665,True,2026-09-22T15:49:21,2026-09-22T15:49:21,2026-09-22T15:49:21
3665,貿聯-KY,2022-11-18,252.0,-4.0,-1.56%,23.259999999999998,11.31,348.9,418.68,488.46,558.24,628.02,697.8,ShowDailyK_ChartFlow,FinMind_API_TaiwanStockPrice_3665,True,2026-09-22T15:49:21,2026-09-22T15:49:21,2026-09-22T15:49:21
3665,貿聯-KY,2022-11-21,240.5,-11.5,-4.56%,23.259999999999998,10.79,348.9,418.68,488.46,558.24,628.02,697.8,ShowDailyK_ChartFlow,FinMind_API_TaiwanStockPrice_3665,True,2026-09-22T15:49:21,2026-09-22T15:49:21,2026-09-22T15:49:21
3665,貿聯-KY,2022-11-22,244.0,3.5,1.46%,23.259999999999998,10.95,348.9,418.68,488.46,558.24,628.02,697.8,ShowDailyK_ChartFlow,FinMind_API_TaiwanStockPrice_3665,True,2026-09-22T15:49:21,2026-09-22T15:49:21,2026-09-22T15:49:21
3665,貿聯-KY,2022-11-23,248.0,4.0,1.64%,23.259999999999998,11.13,348.9,418.68,488.46,558.24,628.02,697.8,ShowDailyK_ChartFlow,FinMind_API_TaiwanStockPrice_3665,True,2026-09-22T15:49:21,2026-09-22T15:49:21,2026-09-22T15:49:21
3665,貿聯-KY,2022-11-24,253.0,5.0,2.02%,23.259999999999998,11.36,348.9,418.68,488.46,558.24,628.02,697.8,ShowDailyK_ChartFlow,FinMind_API_TaiwanStockPrice_3665,True,2026-09-22T15:49:21,2026-09-22T15:49:21,2026-09-22T15:49:21
3665,貿聯-KY,2022-11-25,249.0,-4.0,-1.58%,23.259999999999998,11.18,348.9,418.68,488.46,558.24,628.02,697.8,ShowDailyK_ChartFlow,FinMind_API_TaiwanStockPrice_3665,True,2026-09-22T15:49:21,2026-09-22T15:49:21,2026-09-22T15:49:21
3665,貿聯-KY,2022-11-28,251.0,2.0,0.80%,23.259999999999998,11.27,348.9,418.68,488.46,558.24,628.02,697.8,ShowDailyK_ChartFlow,FinMind_API_TaiwanStockPrice_3665,True,2026-09-22T15:49:21,2026-09-22T15:49:21,2026-09-22T15:49:21
3665,貿聯-KY,2022-11-29,248.5,-2.5,-1.00%,23.259999999999998,11.15,348.9,418.68,488.46,558.24,628.02,697.8,ShowDailyK_ChartFlow,FinMind_API_TaiwanStockPrice_3665,True,2026-09-22T15:49:21,2026-09-22T15:49:21,2026-09-22T15:49:21
3665,貿聯-KY,2022-11-30,250.5,2.0,0.80%,23.259999999999998,11.24,348.9,418.68,488.46,558.24,628.02,697.8,ShowDailyK_ChartFlow,FinMind_API_TaiwanStockPrice_3665,True,2026-09-22T15:49:21,2026-09-22T15:49:21,2026-09-22T15:49:21
3665,貿聯-KY,2022-12-01,253.5,3.0,1.20%,23.259999999999998,11.38,348.9,418.68,488.46,558.24,628.02,697.8,ShowDailyK_ChartFlow,FinMind_API_TaiwanStockPrice_3665,True,2026-09-22T15:49:21,2026-09-22T15:49:21,2026-09-22T15:49:21
3665,貿聯-KY,2022-12-02,259.5,6.0,2.37%,23.259999999999998,11.65,348.9,418.68,488.46,558.24,628.02,697.8,ShowDailyK_ChartFlow,FinMind_API_TaiwanStockPrice_3665,True,2026-09-22T15:49:21,2026-09-22T15:49:21,2026-09-22T15:49:21
3665,貿聯-KY,2022-12-05,265.5,6.0,2.31%,23.259999999999998,11.92,348.9,418.68,488.46,558.24,628.02,697.8,ShowDailyK_ChartFlow,FinMind_API_TaiwanStockPrice_3665,True,2026-09-22T15:49:21,2026-09-22T15:49:21,2026-09-22T15:49:21
3665,貿聯-KY,2022-12-06,265.5,0.0,0.00%,23.259999999999998,11.92,348.9,418.68,488.46,558.24,628.02,697.8,ShowDailyK_ChartFlow,FinMind_API_TaiwanStockPrice_3665,True,2026-09-22T15:49:21,2026-09-22T15:49:21,2026-09-22T15:49:21
3665,貿聯-KY,2022-12-07,259.5,-6.0,-2.26%,23.259999999999998,11.65,348.9,418.68,488.46,558.24,628.02,697.8,ShowDailyK_ChartFlow,FinMind_API_TaiwanStockPrice_3665,True,2026-09-22T15:49:21,2026-09-22T15:49:21,2026-09-22T15:49:21
3665,貿聯-KY,2022-12-08,258.5,-1.0,-0.39%,23.259999999999998,11.6,348.9,418.68,488.46,558.24,628.02,697.8,ShowDailyK_ChartFlow,FinMind_API_TaiwanStockPrice_3665,True,2026-09-22T15:49:21,2026-09-22T15:49:21,2026-09-22T15:49:21
3665,貿聯-KY,2022-12-09,258.5,0.0,0.00%,23.259999999999998,11.6,348.9,418.68,488.46,558.24,628.02,697.8,ShowDailyK_ChartFlow,FinMind_API_TaiwanStockPrice_3665,True,2026-09-22T15:49:21,2026-09-22T15:49:21,2026-09-22T15:49:21
3665,貿聯-KY,2022-12-12,263.0,4.5,1.74%,23.259999999999998,11.8,348.9,418.68,488.46,558.24,628.02,697.8,ShowDailyK_ChartFlow,FinMind_API_TaiwanStockPrice_3665,True,2026-09-22T15:49:21,2026-09-22T15:49:21,2026-09-22T15:49:21
3665,貿聯-KY,2022-12-13,261.5,-1.5,-0.57%,23.259999999999998,11.74,348.9,418.68,488.46,558.24,628.02,697.8,ShowDailyK_ChartFlow,FinMind_API_TaiwanStockPrice_3665,True,2026-09-22T15:49:21,2026-09-22T15:49:21,2026-09-22T15:49:21
3665,貿聯-KY,2022-12-14,262.5,1.0,0.38%,23.259999999999998,11.78,348.9,418.68,488.46,558.24,628.02,697.8,ShowDailyK_ChartFlow,FinMind_API_TaiwanStockPrice_3665,True,2026-09-22T15:49:21,2026-09-22T15:49:21,2026-09-22T15:49:21
3665,貿聯-KY,2022-12-15,263.0,0.5,0.19%,23.259999999999998,11.8,348.9,418.68,488.46,558.24,628.02,697.8,ShowDailyK_ChartFlow,FinMind_API_TaiwanStockPrice_3665,True,2026-09-22T15:49:21,2026-09-22T15:49:21,2026-09-22T15:49:21
3665,貿聯-KY,2022-12-16,255.5,-7.5,-2.85%,23.259999999999998,11.47,348.9,418.68,488.46,558.24,628.02,697.8,ShowDailyK_ChartFlow,FinMind_API_TaiwanStockPrice_3665,True,2026-09-22T15:49:21,2026-09-22T15:49:21,2026-09-22T15:49:21
3665,貿聯-KY,2022-12-19,251.5,-4.0,-1.57%,23.259999999999998,11.29,348.9,418.68,488.46,558.24,628.02,697.8,ShowDailyK_ChartFlow,FinMind_API_TaiwanStockPrice_3665,True,2026-09-22T15:49:21,2026-09-22T15:49:21,2026-09-22T15:49:21
3665,貿聯-KY,2022-12-20,247.0,-4.5,-1.79%,23.259999999999998,11.09,348.9,418.68,488.46,558.24,628.02,697.8,ShowDailyK_ChartFlow,FinMind_API_TaiwanStockPrice_3665,True,2026-09-22T15:49:21,2026-09-22T15:49:21,2026-09-22T15:49:21
3665,貿聯-KY,2022-12-21,250.0,3.0,1.21%,23.259999999999998,11.22,348.9,418.68,488.46,558.24,628.02,697.8,ShowDailyK_ChartFlow,FinMind_API_TaiwanStockPrice_3665,True,2026-09-22T15:49:21,2026-09-22T15:49:21,2026-09-22T15:49:21
3665,貿聯-KY,2022-12-22,257.0,7.0,2.80%,23.259999999999998,11.54,348.9,418.68,488.46,558.24,628.02,697.8,ShowDailyK_ChartFlow,FinMind_API_TaiwanStockPrice_3665,True,2026-09-22T15:49:21,2026-09-22T15:49:21,2026-09-22T15:49:21
3665,貿聯-KY,2022-12-23,251.0,-6.0,-2.33%,23.259999999999998,11.27,348.9,418.68,488.46,558.24,628.02,697.8,ShowDailyK_ChartFlow,FinMind_API_TaiwanStockPrice_3665,True,2026-09-22T15:49:21,2026-09-22T15:49:21,2026-09-22T15:49:21
3665,貿聯-KY,2022-12-26,245.5,-5.5,-2.19%,23.259999999999998,11.02,348.9,418.68,488.46,558.24,628.02,697.8,ShowDailyK_ChartFlow,FinMind_API_TaiwanStockPrice_3665,True,2026-09-22T15:49:21,2026-09-22T15:49:21,2026-09-22T15:49:21
3665,貿聯-KY,2022-12-27,246.5,1.0,0.41%,23.259999999999998,11.06,348.9,418.68,488.46,558.24,628.02,697.8,ShowDailyK_ChartFlow,FinMind_API_TaiwanStockPrice_3665,True,2026-09-22T15:49:21,2026-09-22T15:49:21,2026-09-22T15:49:21
3665,貿聯-KY,2022-12-28,237.5,-9.0,-3.65%,23.259999999999998,10.66,348.9,418.68,488.46,558.24,628.02,697.8,ShowDailyK_ChartFlow,FinMind_API_TaiwanStockPrice_3665,True,2026-09-22T15:49:21,2026-09-22T15:49:21,2026-09-22T15:49:21
3665,貿聯-KY,2022-12-29,236.5,-1.0,-0.42%,23.259999999999998,10.61,348.9,418.68,488.46,558.24,628.02,697.8,ShowDailyK_ChartFlow,FinMind_API_TaiwanStockPrice_3665,True,2026-09-22T15:49:21,2026-09-22T15:49:21,2026-09-22T15:49:21
3665,貿聯-KY,2022-12-30,236.5,0.0,0.00%,23.259999999999998,10.61,348.9,418.68,488.46,558.24,628.02,697.8,ShowDailyK_ChartFlow,FinMind_API_TaiwanStockPrice_3665,True,2026-09-22T15:49:21,2026-09-22T15:49:21,2026-09-22T15:49:21
3665,貿聯-KY,2023-01-03,239.0,2.5,1.06%,24.939999999999998,10.73,374.1,448.92,523.74,598.56,673.38,748.2,ShowDailyK_ChartFlow,FinMind_API_TaiwanStockPrice_3665,True,2026-09-22T15:49:21,2026-09-22T15:49:21,2026-09-22T15:49:21
3665,貿聯-KY,2023-01-04,235.0,-4.0,-1.67%,24.939999999999998,10.55,374.1,448.92,523.74,598.56,673.38,748.2,ShowDailyK_ChartFlow,FinMind_API_TaiwanStockPrice_3665,True,2026-09-22T15:49:21,2026-09-22T15:49:21,2026-09-22T15:49:21
3665,貿聯-KY,2023-01-05,241.0,6.0,2.55%,24.939999999999998,10.82,374.1,448.92,523.74,598.56,673.38,748.2,ShowDailyK_ChartFlow,FinMind_API_TaiwanStockPrice_3665,True,2026-09-22T15:49:21,2026-09-22T15:49:21,2026-09-22T15:49:21
3665,貿聯-KY,2023-01-06,245.0,4.0,1.66%,24.939999999999998,11.0,374.1,448.92,523.74,598.56,673.38,748.2,ShowDailyK_ChartFlow,FinMind_API_TaiwanStockPrice_3665,True,2026-09-22T15:49:21,2026-09-22T15:49:21,2026-09-22T15:49:21
3665,貿聯-KY,2023-01-09,244.0,-1.0,-0.41%,24.939999999999998,10.95,374.1,448.92,523.74,598.56,673.38,748.2,ShowDailyK_ChartFlow,FinMind_API_TaiwanStockPrice_3665,True,2026-09-22T15:49:21,2026-09-22T15:49:21,2026-09-22T15:49:21
3665,貿聯-KY,2023-01-10,245.0,1.0,0.41%,24.939999999999998,11.0,374.1,448.92,523.74,598.56,673.38,748.2,ShowDailyK_ChartFlow,FinMind_API_TaiwanStockPrice_3665,True,2026-09-22T15:49:21,2026-09-22T15:49:21,2026-09-22T15:49:21
3665,貿聯-KY,2023-01-11,242.0,-3.0,-1.22%,24.939999999999998,10.86,374.1,448.92,523.74,598.56,673.38,748.2,ShowDailyK_ChartFlow,FinMind_API_TaiwanStockPrice_3665,True,2026-09-22T15:49:21,2026-09-22T15:49:21,2026-09-22T15:49:21
3665,貿聯-KY,2023-01-12,250.0,8.0,3.31%,24.939999999999998,11.22,374.1,448.92,523.74,598.56,673.38,748.2,ShowDailyK_ChartFlow,FinMind_API_TaiwanStockPrice_3665,True,2026-09-22T15:49:21,2026-09-22T15:49:21,2026-09-22T15:49:21
3665,貿聯-KY,2023-01-13,247.0,-3.0,-1.20%,24.939999999999998,11.09,374.1,448.92,523.74,598.56,673.38,748.2,ShowDailyK_ChartFlow,FinMind_API_TaiwanStockPrice_3665,True,2026-09-22T15:49:21,2026-09-22T15:49:21,2026-09-22T15:49:21
3665,貿聯-KY,2023-01-16,248.0,1.0,0.40%,24.939999999999998,11.13,374.1,448.92,523.74,598.56,673.38,748.2,ShowDailyK_ChartFlow,FinMind_API_TaiwanStockPrice_3665,True,2026-09-22T15:49:21,2026-09-22T15:49:21,2026-09-22T15:49:21
3665,貿聯-KY,2023-01-17,251.0,3.0,1.21%,24.939999999999998,11.27,374.1,448.92,523.74,598.56,673.38,748.2,ShowDailyK_ChartFlow,FinMind_API_TaiwanStockPrice_3665,True,2026-09-22T15:49:21,2026-09-22T15:49:21,2026-09-22T15:49:21
3665,貿聯-KY,2023-01-30,266.0,15.0,5.98%,24.939999999999998,11.94,374.1,448.92,523.74,598.56,673.38,748.2,ShowDailyK_ChartFlow,FinMind_API_TaiwanStockPrice_3665,True,2026-09-22T15:49:21,2026-09-22T15:49:21,2026-09-22T15:49:21
3665,貿聯-KY,2023-01-31,261.5,-4.5,-1.69%,24.939999999999998,11.74,374.1,448.92,523.74,598.56,673.38,748.2,ShowDailyK_ChartFlow,FinMind_API_TaiwanStockPrice_3665,True,2026-09-22T15:49:21,2026-09-22T15:49:21,2026-09-22T15:49:21
3665,貿聯-KY,2023-02-01,263.5,2.0,0.76%,24.939999999999998,11.83,374.1,448.92,523.74,598.56,673.38,748.2,ShowDailyK_ChartFlow,FinMind_API_TaiwanStockPrice_3665,True,2026-09-22T15:49:21,2026-09-22T15:49:21,2026-09-22T15:49:21
3665,貿聯-KY,2023-02-02,274.5,11.0,4.17%,24.939999999999998,12.32,374.1,448.92,523.74,598.56,673.38,748.2,ShowDailyK_ChartFlow,FinMind_API_TaiwanStockPrice_3665,True,2026-09-22T15:49:21,2026-09-22T15:49:21,2026-09-22T15:49:21
3665,貿聯-KY,2023-02-03,272.0,-2.5,-0.91%,24.939999999999998,12.21,374.1,448.92,523.74,598.56,673.38,748.2,ShowDailyK_ChartFlow,FinMind_API_TaiwanStockPrice_3665,True,2026-09-22T15:49:21,2026-09-22T15:49:21,2026-09-22T15:49:21
3665,貿聯-KY,2023-02-06,272.5,0.5,0.18%,24.939999999999998,12.23,374.1,448.92,523.74,598.56,673.38,748.2,ShowDailyK_ChartFlow,FinMind_API_TaiwanStockPrice_3665,True,2026-09-22T15:49:21,2026-09-22T15:49:21,2026-09-22T15:49:21
3665,貿聯-KY,2023-02-07,271.5,-1.0,-0.37%,24.939999999999998,12.19,374.1,448.92,523.74,598.56,673.38,748.2,ShowDailyK_ChartFlow,FinMind_API_TaiwanStockPrice_3665,True,2026-09-22T15:49:21,2026-09-22T15:49:21,2026-09-22T15:49:21
3665,貿聯-KY,2023-02-08,272.0,0.5,0.18%,24.939999999999998,12.21,374.1,448.92,523.74,598.56,673.38,748.2,ShowDailyK_ChartFlow,FinMind_API_TaiwanStockPrice_3665,True,2026-09-22T15:49:21,2026-09-22T15:49:21,2026-09-22T15:49:21
3665,貿聯-KY,2023-02-09,265.5,-6.5,-2.39%,24.939999999999998,11.92,374.1,448.92,523.74,598.56,673.38,748.2,ShowDailyK_ChartFlow,FinMind_API_TaiwanStockPrice_3665,True,2026-09-22T15:49:21,2026-09-22T15:49:21,2026-09-22T15:49:21
3665,貿聯-KY,2023-02-10,266.5,1.0,0.38%,24.939999999999998,11.96,374.1,448.92,523.74,598.56,673.38,748.2,ShowDailyK_ChartFlow,FinMind_API_TaiwanStockPrice_3665,True,2026-09-22T15:49:21,2026-09-22T15:49:21,2026-09-22T15:49:21
3665,貿聯-KY,2023-02-13,267.5,1.0,0.38%,24.939999999999998,12.01,374.1,448.92,523.74,598.56,673.38,748.2,ShowDailyK_ChartFlow,FinMind_API_TaiwanStockPrice_3665,True,2026-09-22T15:49:21,2026-09-22T15:49:21,2026-09-22T15:49:21
3665,貿聯-KY,2023-02-14,271.0,3.5,1.31%,24.939999999999998,12.16,374.1,448.92,523.74,598.56,673.38,748.2,ShowDailyK_ChartFlow,FinMind_API_TaiwanStockPrice_3665,True,2026-09-22T15:49:21,2026-09-22T15:49:21,2026-09-22T15:49:21
3665,貿聯-KY,2023-02-15,273.5,2.5,0.92%,24.939999999999998,12.28,374.1,448.92,523.74,598.56,673.38,748.2,ShowDailyK_ChartFlow,FinMind_API_TaiwanStockPrice_3665,True,2026-09-22T15:49:21,2026-09-22T15:49:21,2026-09-22T15:49:21
3665,貿聯-KY,2023-02-16,280.5,7.0,2.56%,24.939999999999998,12.59,374.1,448.92,523.74,598.56,673.38,748.2,ShowDailyK_ChartFlow,FinMind_API_TaiwanStockPrice_3665,True,2026-09-22T15:49:21,2026-09-22T15:49:21,2026-09-22T15:49:21
3665,貿聯-KY,2023-02-17,279.0,-1.5,-0.53%,24.939999999999998,12.52,374.1,448.92,523.74,598.56,673.38,748.2,ShowDailyK_ChartFlow,FinMind_API_TaiwanStockPrice_3665,True,2026-09-22T15:49:21,2026-09-22T15:49:21,2026-09-22T15:49:21
3665,貿聯-KY,2023-02-20,281.0,2.0,0.72%,24.939999999999998,12.61,374.1,448.92,523.74,598.56,673.38,748.2,ShowDailyK_ChartFlow,FinMind_API_TaiwanStockPrice_3665,True,2026-09-22T15:49:21,2026-09-22T15:49:21,2026-09-22T15:49:21
3665,貿聯-KY,2023-02-21,279.0,-2.0,-0.71%,24.939999999999998,12.52,374.1,448.92,523.74,598.56,673.38,748.2,ShowDailyK_ChartFlow,FinMind_API_TaiwanStockPrice_3665,True,2026-09-22T15:49:21,2026-09-22T15:49:21,2026-09-22T15:49:21
3665,貿聯-KY,2023-02-22,274.0,-5.0,-1.79%,24.939999999999998,12.3,374.1,448.92,523.74,598.56,673.38,748.2,ShowDailyK_ChartFlow,FinMind_API_TaiwanStockPrice_3665,True,2026-09-22T15:49:21,2026-09-22T15:49:21,2026-09-22T15:49:21
3665,貿聯-KY,2023-02-23,280.5,6.5,2.37%,24.939999999999998,12.59,374.1,448.92,523.74,598.56,673.38,748.2,ShowDailyK_ChartFlow,FinMind_API_TaiwanStockPrice_3665,True,2026-09-22T15:49:21,2026-09-22T15:49:21,2026-09-22T15:49:21
3665,貿聯-KY,2023-02-24,277.0,-3.5,-1.25%,24.939999999999998,12.43,374.1,448.92,523.74,598.56,673.38,748.2,ShowDailyK_ChartFlow,FinMind_API_TaiwanStockPrice_3665,True,2026-09-22T15:49:21,2026-09-22T15:49:21,2026-09-22T15:49:21
3665,貿聯-KY,2023-03-01,279.5,2.5,0.90%,24.939999999999998,12.54,374.1,448.92,523.74,598.56,673.38,748.2,ShowDailyK_ChartFlow,FinMind_API_TaiwanStockPrice_3665,True,2026-09-22T15:49:21,2026-09-22T15:49:21,2026-09-22T15:49:21
3665,貿聯-KY,2023-03-02,283.0,3.5,1.25%,24.939999999999998,12.7,374.1,448.92,523.74,598.56,673.38,748.2,ShowDailyK_ChartFlow,FinMind_API_TaiwanStockPrice_3665,True,2026-09-22T15:49:21,2026-09-22T15:49:21,2026-09-22T15:49:21
3665,貿聯-KY,2023-03-03,280.5,-2.5,-0.88%,24.939999999999998,12.59,374.1,448.92,523.74,598.56,673.38,748.2,ShowDailyK_ChartFlow,FinMind_API_TaiwanStockPrice_3665,True,2026-09-22T15:49:21,2026-09-22T15:49:21,2026-09-22T15:49:21
3665,貿聯-KY,2023-03-06,287.5,7.0,2.50%,24.939999999999998,12.9,374.1,448.92,523.74,598.56,673.38,748.2,ShowDailyK_ChartFlow,FinMind_API_TaiwanStockPrice_3665,True,2026-09-22T15:49:21,2026-09-22T15:49:21,2026-09-22T15:49:21
3665,貿聯-KY,2023-03-07,284.0,-3.5,-1.22%,24.939999999999998,12.75,374.1,448.92,523.74,598.56,673.38,748.2,ShowDailyK_ChartFlow,FinMind_API_TaiwanStockPrice_3665,True,2026-09-22T15:49:21,2026-09-22T15:49:21,2026-09-22T15:49:21
3665,貿聯-KY,2023-03-08,282.0,-2.0,-0.70%,24.939999999999998,12.66,374.1,448.92,523.74,598.56,673.38,748.2,ShowDailyK_ChartFlow,FinMind_API_TaiwanStockPrice_3665,True,2026-09-22T15:49:21,2026-09-22T15:49:21,2026-09-22T15:49:21
3665,貿聯-KY,2023-03-09,276.5,-5.5,-1.95%,24.939999999999998,12.41,374.1,448.92,523.74,598.56,673.38,748.2,ShowDailyK_ChartFlow,FinMind_API_TaiwanStockPrice_3665,True,2026-09-22T15:49:21,2026-09-22T15:49:21,2026-09-22T15:49:21
3665,貿聯-KY,2023-03-10,271.5,-5.0,-1.81%,24.939999999999998,12.19,374.1,448.92,523.74,598.56,673.38,748.2,ShowDailyK_ChartFlow,FinMind_API_TaiwanStockPrice_3665,True,2026-09-22T15:49:21,2026-09-22T15:49:21,2026-09-22T15:49:21
3665,貿聯-KY,2023-03-13,270.5,-1.0,-0.37%,24.939999999999998,12.14,374.1,448.92,523.74,598.56,673.38,748.2,ShowDailyK_ChartFlow,FinMind_API_TaiwanStockPrice_3665,True,2026-09-22T15:49:21,2026-09-22T15:49:21,2026-09-22T15:49:21
3665,貿聯-KY,2023-03-14,268.0,-2.5,-0.92%,24.939999999999998,12.03,374.1,448.92,523.74,598.56,673.38,748.2,ShowDailyK_ChartFlow,FinMind_API_TaiwanStockPrice_3665,True,2026-09-22T15:49:21,2026-09-22T15:49:21,2026-09-22T15:49:21
3665,貿聯-KY,2023-03-15,270.0,2.0,0.75%,24.939999999999998,12.12,374.1,448.92,523.74,598.56,673.38,748.2,ShowDailyK_ChartFlow,FinMind_API_TaiwanStockPrice_3665,True,2026-09-22T15:49:21,2026-09-22T15:49:21,2026-09-22T15:49:21
3665,貿聯-KY,2023-03-16,263.5,-6.5,-2.41%,24.939999999999998,11.83,374.1,448.92,523.74,598.56,673.38,748.2,ShowDailyK_ChartFlow,FinMind_API_TaiwanStockPrice_3665,True,2026-09-22T15:49:21,2026-09-22T15:49:21,2026-09-22T15:49:21
3665,貿聯-KY,2023-03-17,268.0,4.5,1.71%,24.939999999999998,12.03,374.1,448.92,523.74,598.56,673.38,748.2,ShowDailyK_ChartFlow,FinMind_API_TaiwanStockPrice_3665,True,2026-09-22T15:49:21,2026-09-22T15:49:21,2026-09-22T15:49:21
3665,貿聯-KY,2023-03-20,273.0,5.0,1.87%,24.939999999999998,12.25,374.1,448.92,523.74,598.56,673.38,748.2,ShowDailyK_ChartFlow,FinMind_API_TaiwanStockPrice_3665,True,2026-09-22T15:49:21,2026-09-22T15:49:21,2026-09-22T15:49:21
3665,貿聯-KY,2023-03-21,272.5,-0.5,-0.18%,24.939999999999998,12.23,374.1,448.92,523.74,598.56,673.38,748.2,ShowDailyK_ChartFlow,FinMind_API_TaiwanStockPrice_3665,True,2026-09-22T15:49:21,2026-09-22T15:49:21,2026-09-22T15:49:21
3665,貿聯-KY,2023-03-22,276.0,3.5,1.28%,24.939999999999998,12.39,374.1,448.92,523.74,598.56,673.38,748.2,ShowDailyK_ChartFlow,FinMind_API_TaiwanStockPrice_3665,True,2026-09-22T15:49:21,2026-09-22T15:49:21,2026-09-22T15:49:21
3665,貿聯-KY,2023-03-23,275.0,-1.0,-0.36%,24.939999999999998,12.34,374.1,448.92,523.74,598.56,673.38,748.2,ShowDailyK_ChartFlow,FinMind_API_TaiwanStockPrice_3665,True,2026-09-22T15:49:21,2026-09-22T15:49:21,2026-09-22T15:49:21
3665,貿聯-KY,2023-03-24,277.5,2.5,0.91%,24.939999999999998,12.46,374.1,448.92,523.74,598.56,673.38,748.2,ShowDailyK_ChartFlow,FinMind_API_TaiwanStockPrice_3665,True,2026-09-22T15:49:21,2026-09-22T15:49:21,2026-09-22T15:49:21
3665,貿聯-KY,2023-03-27,274.0,-3.5,-1.26%,24.939999999999998,12.3,374.1,448.92,523.74,598.56,673.38,748.2,ShowDailyK_ChartFlow,FinMind_API_TaiwanStockPrice_3665,True,2026-09-22T15:49:21,2026-09-22T15:49:21,2026-09-22T15:49:21
3665,貿聯-KY,2023-03-28,269.0,-5.0,-1.82%,24.939999999999998,12.07,374.1,448.92,523.74,598.56,673.38,748.2,ShowDailyK_ChartFlow,FinMind_API_TaiwanStockPrice_3665,True,2026-09-22T15:49:21,2026-09-22T15:49:21,2026-09-22T15:49:21
3665,貿聯-KY,2023-03-29,275.0,6.0,2.23%,24.939999999999998,12.34,374.1,448.92,523.74,598.56,673.38,748.2,ShowDailyK_ChartFlow,FinMind_API_TaiwanStockPrice_3665,True,2026-09-22T15:49:21,2026-09-22T15:49:21,2026-09-22T15:49:21
3665,貿聯-KY,2023-03-30,278.0,3.0,1.09%,24.939999999999998,12.48,374.1,448.92,523.74,598.56,673.38,748.2,ShowDailyK_ChartFlow,FinMind_API_TaiwanStockPrice_3665,True,2026-09-22T15:49:21,2026-09-22T15:49:21,2026-09-22T15:49:21
3665,貿聯-KY,2023-03-31,279.0,1.0,0.36%,25.209999999999997,11.37,378.15,453.78,529.41,605.04,680.67,756.3,ShowDailyK_ChartFlow,FinMind_API_TaiwanStockPrice_3665,True,2026-09-22T15:49:21,2026-09-22T15:49:21,2026-09-22T15:49:21
3665,貿聯-KY,2023-04-06,271.0,-8.0,-2.87%,25.209999999999997,11.05,378.15,453.78,529.41,605.04,680.67,756.3,ShowDailyK_ChartFlow,FinMind_API_TaiwanStockPrice_3665,True,2026-09-22T15:49:21,2026-09-22T15:49:21,2026-09-22T15:49:21
3665,貿聯-KY,2023-04-07,272.0,1.0,0.37%,25.209999999999997,11.09,378.15,453.78,529.41,605.04,680.67,756.3,ShowDailyK_ChartFlow,FinMind_API_TaiwanStockPrice_3665,True,2026-09-22T15:49:21,2026-09-22T15:49:21,2026-09-22T15:49:21
3665,貿聯-KY,2023-04-10,274.5,2.5,0.92%,25.209999999999997,11.19,378.15,453.78,529.41,605.04,680.67,756.3,ShowDailyK_ChartFlow,FinMind_API_TaiwanStockPrice_3665,True,2026-09-22T15:49:21,2026-09-22T15:49:21,2026-09-22T15:49:21
3665,貿聯-KY,2023-04-11,277.5,3.0,1.09%,25.209999999999997,11.31,378.15,453.78,529.41,605.04,680.67,756.3,ShowDailyK_ChartFlow,FinMind_API_TaiwanStockPrice_3665,True,2026-09-22T15:49:21,2026-09-22T15:49:21,2026-09-22T15:49:21
3665,貿聯-KY,2023-04-12,278.5,1.0,0.36%,25.209999999999997,11.35,378.15,453.78,529.41,605.04,680.67,756.3,ShowDailyK_ChartFlow,FinMind_API_TaiwanStockPrice_3665,True,2026-09-22T15:49:21,2026-09-22T15:49:21,2026-09-22T15:49:21
3665,貿聯-KY,2023-04-13,277.0,-1.5,-0.54%,25.209999999999997,11.29,378.15,453.78,529.41,605.04,680.67,756.3,ShowDailyK_ChartFlow,FinMind_API_TaiwanStockPrice_3665,True,2026-09-22T15:49:21,2026-09-22T15:49:21,2026-09-22T15:49:21
3665,貿聯-KY,2023-04-14,277.0,0.0,0.00%,25.209999999999997,11.29,378.15,453.78,529.41,605.04,680.67,756.3,ShowDailyK_ChartFlow,FinMind_API_TaiwanStockPrice_3665,True,2026-09-22T15:49:21,2026-09-22T15:49:21,2026-09-22T15:49:21
3665,貿聯-KY,2023-04-17,272.5,-4.5,-1.62%,25.209999999999997,11.11,378.15,453.78,529.41,605.04,680.67,756.3,ShowDailyK_ChartFlow,FinMind_API_TaiwanStockPrice_3665,True,2026-09-22T15:49:21,2026-09-22T15:49:21,2026-09-22T15:49:21
3665,貿聯-KY,2023-04-18,272.5,0.0,0.00%,25.209999999999997,11.11,378.15,453.78,529.41,605.04,680.67,756.3,ShowDailyK_ChartFlow,FinMind_API_TaiwanStockPrice_3665,True,2026-09-22T15:49:21,2026-09-22T15:49:21,2026-09-22T15:49:21
3665,貿聯-KY,2023-04-19,273.0,0.5,0.18%,25.209999999999997,11.13,378.15,453.78,529.41,605.04,680.67,756.3,ShowDailyK_ChartFlow,FinMind_API_TaiwanStockPrice_3665,True,2026-09-22T15:49:21,2026-09-22T15:49:21,2026-09-22T15:49:21
3665,貿聯-KY,2023-04-20,273.0,0.0,0.00%,25.209999999999997,11.13,378.15,453.78,529.41,605.04,680.67,756.3,ShowDailyK_ChartFlow,FinMind_API_TaiwanStockPrice_3665,True,2026-09-22T15:49:21,2026-09-22T15:49:21,2026-09-22T15:49:21
3665,貿聯-KY,2023-04-21,263.0,-10.0,-3.66%,25.209999999999997,10.72,378.15,453.78,529.41,605.04,680.67,756.3,ShowDailyK_ChartFlow,FinMind_API_TaiwanStockPrice_3665,True,2026-09-22T15:49:21,2026-09-22T15:49:21,2026-09-22T15:49:21
3665,貿聯-KY,2023-04-24,255.0,-8.0,-3.04%,25.209999999999997,10.4,378.15,453.78,529.41,605.04,680.67,756.3,ShowDailyK_ChartFlow,FinMind_API_TaiwanStockPrice_3665,True,2026-09-22T15:49:21,2026-09-22T15:49:21,2026-09-22T15:49:21
3665,貿聯-KY,2023-04-25,250.5,-4.5,-1.76%,25.209999999999997,10.21,378.15,453.78,529.41,605.04,680.67,756.3,ShowDailyK_ChartFlow,FinMind_API_TaiwanStockPrice_3665,True,2026-09-22T15:49:21,2026-09-22T15:49:21,2026-09-22T15:49:21
3665,貿聯-KY,2023-04-26,255.5,5.0,2.00%,25.209999999999997,10.42,378.15,453.78,529.41,605.04,680.67,756.3,ShowDailyK_ChartFlow,FinMind_API_TaiwanStockPrice_3665,True,2026-09-22T15:49:21,2026-09-22T15:49:21,2026-09-22T15:49:21
3665,貿聯-KY,2023-04-27,260.0,4.5,1.76%,25.209999999999997,10.6,378.15,453.78,529.41,605.04,680.67,756.3,ShowDailyK_ChartFlow,FinMind_API_TaiwanStockPrice_3665,True,2026-09-22T15:49:21,2026-09-22T15:49:21,2026-09-22T15:49:21
3665,貿聯-KY,2023-04-28,263.0,3.0,1.15%,25.209999999999997,10.72,378.15,453.78,529.41,605.04,680.67,756.3,ShowDailyK_ChartFlow,FinMind_API_TaiwanStockPrice_3665,True,2026-09-22T15:49:21,2026-09-22T15:49:21,2026-09-22T15:49:21
3665,貿聯-KY,2023-05-02,261.0,-2.0,-0.76%,25.209999999999997,10.64,378.15,453.78,529.41,605.04,680.67,756.3,ShowDailyK_ChartFlow,FinMind_API_TaiwanStockPrice_3665,True,2026-09-22T15:49:21,2026-09-22T15:49:21,2026-09-22T15:49:21
3665,貿聯-KY,2023-05-03,258.5,-2.5,-0.96%,25.209999999999997,10.54,378.15,453.78,529.41,605.04,680.67,756.3,ShowDailyK_ChartFlow,FinMind_API_TaiwanStockPrice_3665,True,2026-09-22T15:49:21,2026-09-22T15:49:21,2026-09-22T15:49:21
3665,貿聯-KY,2023-05-04,257.5,-1.0,-0.39%,25.209999999999997,10.5,378.15,453.78,529.41,605.04,680.67,756.3,ShowDailyK_ChartFlow,FinMind_API_TaiwanStockPrice_3665,True,2026-09-22T15:49:21,2026-09-22T15:49:21,2026-09-22T15:49:21
3665,貿聯-KY,2023-05-05,258.0,0.5,0.19%,25.209999999999997,10.52,378.15,453.78,529.41,605.04,680.67,756.3,ShowDailyK_ChartFlow,FinMind_API_TaiwanStockPrice_3665,True,2026-09-22T15:49:21,2026-09-22T15:49:21,2026-09-22T15:49:21
3665,貿聯-KY,2023-05-08,260.0,2.0,0.78%,25.209999999999997,10.6,378.15,453.78,529.41,605.04,680.67,756.3,ShowDailyK_ChartFlow,FinMind_API_TaiwanStockPrice_3665,True,2026-09-22T15:49:21,2026-09-22T15:49:21,2026-09-22T15:49:21
3665,貿聯-KY,2023-05-09,257.0,-3.0,-1.15%,25.209999999999997,10.48,378.15,453.78,529.41,605.04,680.67,756.3,ShowDailyK_ChartFlow,FinMind_API_TaiwanStockPrice_3665,True,2026-09-22T15:49:21,2026-09-22T15:49:21,2026-09-22T15:49:21
3665,貿聯-KY,2023-05-10,257.5,0.5,0.19%,25.209999999999997,10.5,378.15,453.78,529.41,605.04,680.67,756.3,ShowDailyK_ChartFlow,FinMind_API_TaiwanStockPrice_3665,True,2026-09-22T15:49:21,2026-09-22T15:49:21,2026-09-22T15:49:21
3665,貿聯-KY,2023-05-11,257.5,0.0,0.00%,25.209999999999997,10.5,378.15,453.78,529.41,605.04,680.67,756.3,ShowDailyK_ChartFlow,FinMind_API_TaiwanStockPrice_3665,True,2026-09-22T15:49:21,2026-09-22T15:49:21,2026-09-22T15:49:21
3665,貿聯-KY,2023-05-12,258.5,1.0,0.39%,25.209999999999997,10.54,378.15,453.78,529.41,605.04,680.67,756.3,ShowDailyK_ChartFlow,FinMind_API_TaiwanStockPrice_3665,True,2026-09-22T15:49:21,2026-09-22T15:49:21,2026-09-22T15:49:21
3665,貿聯-KY,2023-05-15,254.5,-4.0,-1.55%,25.209999999999997,10.2,378.15,453.78,529.41,605.04,680.67,756.3,ShowDailyK_ChartFlow,FinMind_API_TaiwanStockPrice_3665,True,2026-09-22T15:49:21,2026-09-22T15:49:21,2026-09-22T15:49:21
3665,貿聯-KY,2023-05-16,259.5,5.0,1.96%,25.209999999999997,10.4,378.15,453.78,529.41,605.04,680.67,756.3,ShowDailyK_ChartFlow,FinMind_API_TaiwanStockPrice_3665,True,2026-09-22T15:49:21,2026-09-22T15:49:21,2026-09-22T15:49:21
3665,貿聯-KY,2023-05-17,261.5,2.0,0.77%,25.209999999999997,10.48,378.15,453.78,529.41,605.04,680.67,756.3,ShowDailyK_ChartFlow,FinMind_API_TaiwanStockPrice_3665,True,2026-09-22T15:49:21,2026-09-22T15:49:21,2026-09-22T15:49:21
3665,貿聯-KY,2023-05-18,262.0,0.5,0.19%,25.209999999999997,10.5,378.15,453.78,529.41,605.04,680.67,756.3,ShowDailyK_ChartFlow,FinMind_API_TaiwanStockPrice_3665,True,2026-09-22T15:49:21,2026-09-22T15:49:21,2026-09-22T15:49:21
3665,貿聯-KY,2023-05-19,261.0,-1.0,-0.38%,25.209999999999997,10.46,378.15,453.78,529.41,605.04,680.67,756.3,ShowDailyK_ChartFlow,FinMind_API_TaiwanStockPrice_3665,True,2026-09-22T15:49:21,2026-09-22T15:49:21,2026-09-22T15:49:21
3665,貿聯-KY,2023-05-22,265.0,4.0,1.53%,25.209999999999997,10.62,378.15,453.78,529.41,605.04,680.67,756.3,ShowDailyK_ChartFlow,FinMind_API_TaiwanStockPrice_3665,True,2026-09-22T15:49:21,2026-09-22T15:49:21,2026-09-22T15:49:21
3665,貿聯-KY,2023-05-23,266.0,1.0,0.38%,25.209999999999997,10.66,378.15,453.78,529.41,605.04,680.67,756.3,ShowDailyK_ChartFlow,FinMind_API_TaiwanStockPrice_3665,True,2026-09-22T15:49:21,2026-09-22T15:49:21,2026-09-22T15:49:21
3665,貿聯-KY,2023-05-24,267.5,1.5,0.56%,25.209999999999997,10.72,378.15,453.78,529.41,605.04,680.67,756.3,ShowDailyK_ChartFlow,FinMind_API_TaiwanStockPrice_3665,True,2026-09-22T15:49:21,2026-09-22T15:49:21,2026-09-22T15:49:21
3665,貿聯-KY,2023-05-25,266.5,-1.0,-0.37%,25.209999999999997,10.68,378.15,453.78,529.41,605.04,680.67,756.3,ShowDailyK_ChartFlow,FinMind_API_TaiwanStockPrice_3665,True,2026-09-22T15:49:21,2026-09-22T15:49:21,2026-09-22T15:49:21
3665,貿聯-KY,2023-05-26,267.0,0.5,0.19%,25.209999999999997,10.7,378.15,453.78,529.41,605.04,680.67,756.3,ShowDailyK_ChartFlow,FinMind_API_TaiwanStockPrice_3665,True,2026-09-22T15:49:21,2026-09-22T15:49:21,2026-09-22T15:49:21
3665,貿聯-KY,2023-05-29,270.5,3.5,1.31%,25.209999999999997,10.84,378.15,453.78,529.41,605.04,680.67,756.3,ShowDailyK_ChartFlow,FinMind_API_TaiwanStockPrice_3665,True,2026-09-22T15:49:21,2026-09-22T15:49:21,2026-09-22T15:49:21
3665,貿聯-KY,2023-05-30,268.5,-2.0,-0.74%,25.209999999999997,10.76,378.15,453.78,529.41,605.04,680.67,756.3,ShowDailyK_ChartFlow,FinMind_API_TaiwanStockPrice_3665,True,2026-09-22T15:49:21,2026-09-22T15:49:21,2026-09-22T15:49:21
3665,貿聯-KY,2023-05-31,276.5,8.0,2.98%,25.209999999999997,11.08,378.15,453.78,529.41,605.04,680.67,756.3,ShowDailyK_ChartFlow,FinMind_API_TaiwanStockPrice_3665,True,2026-09-22T15:49:21,2026-09-22T15:49:21,2026-09-22T15:49:21
3665,貿聯-KY,2023-06-01,275.5,-1.0,-0.36%,25.209999999999997,11.04,378.15,453.78,529.41,605.04,680.67,756.3,ShowDailyK_ChartFlow,FinMind_API_TaiwanStockPrice_3665,True,2026-09-22T15:49:21,2026-09-22T15:49:21,2026-09-22T15:49:21
3665,貿聯-KY,2023-06-02,272.0,-3.5,-1.27%,25.209999999999997,10.9,378.15,453.78,529.41,605.04,680.67,756.3,ShowDailyK_ChartFlow,FinMind_API_TaiwanStockPrice_3665,True,2026-09-22T15:49:21,2026-09-22T15:49:21,2026-09-22T15:49:21
3665,貿聯-KY,2023-06-05,271.0,-1.0,-0.37%,25.209999999999997,10.86,378.15,453.78,529.41,605.04,680.67,756.3,ShowDailyK_ChartFlow,FinMind_API_TaiwanStockPrice_3665,True,2026-09-22T15:49:21,2026-09-22T15:49:21,2026-09-22T15:49:21
3665,貿聯-KY,2023-06-06,269.5,-1.5,-0.55%,25.209999999999997,10.8,378.15,453.78,529.41,605.04,680.67,756.3,ShowDailyK_ChartFlow,FinMind_API_TaiwanStockPrice_3665,True,2026-09-22T15:49:21,2026-09-22T15:49:21,2026-09-22T15:49:21
3665,貿聯-KY,2023-06-07,272.5,3.0,1.11%,25.209999999999997,10.92,378.15,453.78,529.41,605.04,680.67,756.3,ShowDailyK_ChartFlow,FinMind_API_TaiwanStockPrice_3665,True,2026-09-22T15:49:21,2026-09-22T15:49:21,2026-09-22T15:49:21
3665,貿聯-KY,2023-06-08,275.0,2.5,0.92%,25.209999999999997,11.02,378.15,453.78,529.41,605.04,680.67,756.3,ShowDailyK_ChartFlow,FinMind_API_TaiwanStockPrice_3665,True,2026-09-22T15:49:21,2026-09-22T15:49:21,2026-09-22T15:49:21
3665,貿聯-KY,2023-06-09,281.0,6.0,2.18%,25.209999999999997,11.26,378.15,453.78,529.41,605.04,680.67,756.3,ShowDailyK_ChartFlow,FinMind_API_TaiwanStockPrice_3665,True,2026-09-22T15:49:21,2026-09-22T15:49:21,2026-09-22T15:49:21
3665,貿聯-KY,2023-06-12,289.5,8.5,3.02%,25.209999999999997,11.6,378.15,453.78,529.41,605.04,680.67,756.3,ShowDailyK_ChartFlow,FinMind_API_TaiwanStockPrice_3665,True,2026-09-22T15:49:21,2026-09-22T15:49:21,2026-09-22T15:49:21
3665,貿聯-KY,2023-06-13,286.0,-3.5,-1.21%,25.209999999999997,11.46,378.15,453.78,529.41,605.04,680.67,756.3,ShowDailyK_ChartFlow,FinMind_API_TaiwanStockPrice_3665,True,2026-09-22T15:49:21,2026-09-22T15:49:21,2026-09-22T15:49:21
3665,貿聯-KY,2023-06-14,285.5,-0.5,-0.17%,25.209999999999997,11.44,378.15,453.78,529.41,605.04,680.67,756.3,ShowDailyK_ChartFlow,FinMind_API_TaiwanStockPrice_3665,True,2026-09-22T15:49:21,2026-09-22T15:49:21,2026-09-22T15:49:21
3665,貿聯-KY,2023-06-15,285.0,-0.5,-0.18%,25.209999999999997,11.42,378.15,453.78,529.41,605.04,680.67,756.3,ShowDailyK_ChartFlow,FinMind_API_TaiwanStockPrice_3665,True,2026-09-22T15:49:21,2026-09-22T15:49:21,2026-09-22T15:49:21
3665,貿聯-KY,2023-06-16,281.5,-3.5,-1.23%,25.209999999999997,11.28,378.15,453.78,529.41,605.04,680.67,756.3,ShowDailyK_ChartFlow,FinMind_API_TaiwanStockPrice_3665,True,2026-09-22T15:49:21,2026-09-22T15:49:21,2026-09-22T15:49:21
3665,貿聯-KY,2023-06-19,288.5,7.0,2.49%,25.209999999999997,11.56,378.15,453.78,529.41,605.04,680.67,756.3,ShowDailyK_ChartFlow,FinMind_API_TaiwanStockPrice_3665,True,2026-09-22T15:49:21,2026-09-22T15:49:21,2026-09-22T15:49:21
3665,貿聯-KY,2023-06-20,292.5,4.0,1.39%,25.209999999999997,11.72,378.15,453.78,529.41,605.04,680.67,756.3,ShowDailyK_ChartFlow,FinMind_API_TaiwanStockPrice_3665,True,2026-09-22T15:49:21,2026-09-22T15:49:21,2026-09-22T15:49:21
3665,貿聯-KY,2023-06-21,319.0,26.5,9.06%,25.209999999999997,12.78,378.15,453.78,529.41,605.04,680.67,756.3,ShowDailyK_ChartFlow,FinMind_API_TaiwanStockPrice_3665,True,2026-09-22T15:49:21,2026-09-22T15:49:21,2026-09-22T15:49:21
3665,貿聯-KY,2023-06-26,316.0,-3.0,-0.94%,25.209999999999997,12.66,378.15,453.78,529.41,605.04,680.67,756.3,ShowDailyK_ChartFlow,FinMind_API_TaiwanStockPrice_3665,True,2026-09-22T15:49:21,2026-09-22T15:49:21,2026-09-22T15:49:21
3665,貿聯-KY,2023-06-27,309.0,-7.0,-2.22%,25.209999999999997,12.38,378.15,453.78,529.41,605.04,680.67,756.3,ShowDailyK_ChartFlow,FinMind_API_TaiwanStockPrice_3665,True,2026-09-22T15:49:21,2026-09-22T15:49:21,2026-09-22T15:49:21
3665,貿聯-KY,2023-06-28,301.0,-8.0,-2.59%,25.209999999999997,12.06,378.15,453.78,529.41,605.04,680.67,756.3,ShowDailyK_ChartFlow,FinMind_API_TaiwanStockPrice_3665,True,2026-09-22T15:49:21,2026-09-22T15:49:21,2026-09-22T15:49:21
3665,貿聯-KY,2023-06-29,324.5,23.5,7.81%,25.209999999999997,13.0,378.15,453.78,529.41,605.04,680.67,756.3,ShowDailyK_ChartFlow,FinMind_API_TaiwanStockPrice_3665,True,2026-09-22T15:49:21,2026-09-22T15:49:21,2026-09-22T15:49:21
3665,貿聯-KY,2023-06-30,322.0,-2.5,-0.77%,20.279999999999998,12.9,304.2,365.04,425.88,486.72,547.56,608.4,ShowDailyK_ChartFlow,FinMind_API_TaiwanStockPrice_3665,True,2026-09-22T15:49:21,2026-09-22T15:49:21,2026-09-22T15:49:21
3665,貿聯-KY,2023-07-03,325.5,3.5,1.09%,20.279999999999998,13.04,304.2,365.04,425.88,486.72,547.56,608.4,ShowDailyK_ChartFlow,FinMind_API_TaiwanStockPrice_3665,True,2026-09-22T15:49:21,2026-09-22T15:49:21,2026-09-22T15:49:21
3665,貿聯-KY,2023-07-04,327.0,1.5,0.46%,20.279999999999998,13.1,304.2,365.04,425.88,486.72,547.56,608.4,ShowDailyK_ChartFlow,FinMind_API_TaiwanStockPrice_3665,True,2026-09-22T15:49:21,2026-09-22T15:49:21,2026-09-22T15:49:21
3665,貿聯-KY,2023-07-05,322.5,-4.5,-1.38%,20.279999999999998,12.92,304.2,365.04,425.88,486.72,547.56,608.4,ShowDailyK_ChartFlow,FinMind_API_TaiwanStockPrice_3665,True,2026-09-22T15:49:21,2026-09-22T15:49:21,2026-09-22T15:49:21
3665,貿聯-KY,2023-07-06,320.0,-2.5,-0.78%,20.279999999999998,12.82,304.2,365.04,425.88,486.72,547.56,608.4,ShowDailyK_ChartFlow,FinMind_API_TaiwanStockPrice_3665,True,2026-09-22T15:49:21,2026-09-22T15:49:21,2026-09-22T15:49:21
3665,貿聯-KY,2023-07-07,313.0,-7.0,-2.19%,20.279999999999998,12.54,304.2,365.04,425.88,486.72,547.56,608.4,ShowDailyK_ChartFlow,FinMind_API_TaiwanStockPrice_3665,True,2026-09-22T15:49:21,2026-09-22T15:49:21,2026-09-22T15:49:21
3665,貿聯-KY,2023-07-10,312.0,-1.0,-0.32%,20.279999999999998,12.5,304.2,365.04,425.88,486.72,547.56,608.4,ShowDailyK_ChartFlow,FinMind_API_TaiwanStockPrice_3665,True,2026-09-22T15:49:21,2026-09-22T15:49:21,2026-09-22T15:49:21
3665,貿聯-KY,2023-07-11,317.5,5.5,1.76%,20.279999999999998,12.72,304.2,365.04,425.88,486.72,547.56,608.4,ShowDailyK_ChartFlow,FinMind_API_TaiwanStockPrice_3665,True,2026-09-22T15:49:21,2026-09-22T15:49:21,2026-09-22T15:49:21
3665,貿聯-KY,2023-07-12,316.0,-1.5,-0.47%,20.279999999999998,12.66,304.2,365.04,425.88,486.72,547.56,608.4,ShowDailyK_ChartFlow,FinMind_API_TaiwanStockPrice_3665,True,2026-09-22T15:49:21,2026-09-22T15:49:21,2026-09-22T15:49:21
3665,貿聯-KY,2023-07-13,322.5,6.5,2.06%,20.279999999999998,12.92,304.2,365.04,425.88,486.72,547.56,608.4,ShowDailyK_ChartFlow,FinMind_API_TaiwanStockPrice_3665,True,2026-09-22T15:49:21,2026-09-22T15:49:21,2026-09-22T15:49:21
3665,貿聯-KY,2023-07-14,326.0,3.5,1.09%,20.279999999999998,13.06,304.2,365.04,425.88,486.72,547.56,608.4,ShowDailyK_ChartFlow,FinMind_API_TaiwanStockPrice_3665,True,2026-09-22T15:49:21,2026-09-22T15:49:21,2026-09-22T15:49:21
3665,貿聯-KY,2023-07-17,317.5,-8.5,-2.61%,20.279999999999998,12.72,304.2,365.04,425.88,486.72,547.56,608.4,ShowDailyK_ChartFlow,FinMind_API_TaiwanStockPrice_3665,True,2026-09-22T15:49:21,2026-09-22T15:49:21,2026-09-22T15:49:21
3665,貿聯-KY,2023-07-18,315.0,-2.5,-0.79%,20.279999999999998,12.62,304.2,365.04,425.88,486.72,547.56,608.4,ShowDailyK_ChartFlow,FinMind_API_TaiwanStockPrice_3665,True,2026-09-22T15:49:21,2026-09-22T15:49:21,2026-09-22T15:49:21
3665,貿聯-KY,2023-07-19,305.0,-10.0,-3.17%,20.279999999999998,12.22,304.2,365.04,425.88,486.72,547.56,608.4,ShowDailyK_ChartFlow,FinMind_API_TaiwanStockPrice_3665,True,2026-09-22T15:49:21,2026-09-22T15:49:21,2026-09-22T15:49:21
3665,貿聯-KY,2023-07-20,307.5,2.5,0.82%,20.279999999999998,12.32,304.2,365.04,425.88,486.72,547.56,608.4,ShowDailyK_ChartFlow,FinMind_API_TaiwanStockPrice_3665,True,2026-09-22T15:49:21,2026-09-22T15:49:21,2026-09-22T15:49:21
3665,貿聯-KY,2023-07-21,305.0,-2.5,-0.81%,20.279999999999998,12.22,304.2,365.04,425.88,486.72,547.56,608.4,ShowDailyK_ChartFlow,FinMind_API_TaiwanStockPrice_3665,True,2026-09-22T15:49:21,2026-09-22T15:49:21,2026-09-22T15:49:21
3665,貿聯-KY,2023-07-24,309.5,4.5,1.48%,20.279999999999998,12.4,304.2,365.04,425.88,486.72,547.56,608.4,ShowDailyK_ChartFlow,FinMind_API_TaiwanStockPrice_3665,True,2026-09-22T15:49:21,2026-09-22T15:49:21,2026-09-22T15:49:21
3665,貿聯-KY,2023-07-25,301.5,-8.0,-2.58%,20.279999999999998,12.08,304.2,365.04,425.88,486.72,547.56,608.4,ShowDailyK_ChartFlow,FinMind_API_TaiwanStockPrice_3665,True,2026-09-22T15:49:21,2026-09-22T15:49:21,2026-09-22T15:49:21
3665,貿聯-KY,2023-07-26,303.0,1.5,0.50%,20.279999999999998,12.14,304.2,365.04,425.88,486.72,547.56,608.4,ShowDailyK_ChartFlow,FinMind_API_TaiwanStockPrice_3665,True,2026-09-22T15:49:21,2026-09-22T15:49:21,2026-09-22T15:49:21
3665,貿聯-KY,2023-07-27,306.0,3.0,0.99%,20.279999999999998,12.26,304.2,365.04,425.88,486.72,547.56,608.4,ShowDailyK_ChartFlow,FinMind_API_TaiwanStockPrice_3665,True,2026-09-22T15:49:21,2026-09-22T15:49:21,2026-09-22T15:49:21
3665,貿聯-KY,2023-07-28,309.0,3.0,0.98%,20.279999999999998,12.38,304.2,365.04,425.88,486.72,547.56,608.4,ShowDailyK_ChartFlow,FinMind_API_TaiwanStockPrice_3665,True,2026-09-22T15:49:21,2026-09-22T15:49:21,2026-09-22T15:49:21
3665,貿聯-KY,2023-07-31,302.5,-6.5,-2.10%,20.279999999999998,12.12,304.2,365.04,425.88,486.72,547.56,608.4,ShowDailyK_ChartFlow,FinMind_API_TaiwanStockPrice_3665,True,2026-09-22T15:49:21,2026-09-22T15:49:21,2026-09-22T15:49:21
3665,貿聯-KY,2023-08-01,304.0,1.5,0.50%,20.279999999999998,12.18,304.2,365.04,425.88,486.72,547.56,608.4,ShowDailyK_ChartFlow,FinMind_API_TaiwanStockPrice_3665,True,2026-09-22T15:49:21,2026-09-22T15:49:21,2026-09-22T15:49:21
3665,貿聯-KY,2023-08-02,298.5,-5.5,-1.81%,20.279999999999998,11.96,304.2,365.04,425.88,486.72,547.56,608.4,ShowDailyK_ChartFlow,FinMind_API_TaiwanStockPrice_3665,True,2026-09-22T15:49:21,2026-09-22T15:49:21,2026-09-22T15:49:21
3665,貿聯-KY,2023-08-04,292.0,-6.5,-2.18%,20.279999999999998,11.7,304.2,365.04,425.88,486.72,547.56,608.4,ShowDailyK_ChartFlow,FinMind_API_TaiwanStockPrice_3665,True,2026-09-22T15:49:21,2026-09-22T15:49:21,2026-09-22T15:49:21
3665,貿聯-KY,2023-08-07,296.5,4.5,1.54%,20.279999999999998,11.88,304.2,365.04,425.88,486.72,547.56,608.4,ShowDailyK_ChartFlow,FinMind_API_TaiwanStockPrice_3665,True,2026-09-22T15:49:21,2026-09-22T15:49:21,2026-09-22T15:49:21
3665,貿聯-KY,2023-08-08,293.5,-3.0,-1.01%,20.279999999999998,11.76,304.2,365.04,425.88,486.72,547.56,608.4,ShowDailyK_ChartFlow,FinMind_API_TaiwanStockPrice_3665,True,2026-09-22T15:49:21,2026-09-22T15:49:21,2026-09-22T15:49:21
3665,貿聯-KY,2023-08-09,284.0,-9.5,-3.24%,20.279999999999998,11.38,304.2,365.04,425.88,486.72,547.56,608.4,ShowDailyK_ChartFlow,FinMind_API_TaiwanStockPrice_3665,True,2026-09-22T15:49:21,2026-09-22T15:49:21,2026-09-22T15:49:21
3665,貿聯-KY,2023-08-10,276.0,-8.0,-2.82%,20.279999999999998,11.06,304.2,365.04,425.88,486.72,547.56,608.4,ShowDailyK_ChartFlow,FinMind_API_TaiwanStockPrice_3665,True,2026-09-22T15:49:21,2026-09-22T15:49:21,2026-09-22T15:49:21
3665,貿聯-KY,2023-08-11,271.0,-5.0,-1.81%,20.279999999999998,10.86,304.2,365.04,425.88,486.72,547.56,608.4,ShowDailyK_ChartFlow,FinMind_API_TaiwanStockPrice_3665,True,2026-09-22T15:49:21,2026-09-22T15:49:21,2026-09-22T15:49:21
3665,貿聯-KY,2023-08-14,269.0,-2.0,-0.74%,20.279999999999998,10.78,304.2,365.04,425.88,486.72,547.56,608.4,ShowDailyK_ChartFlow,FinMind_API_TaiwanStockPrice_3665,True,2026-09-22T15:49:21,2026-09-22T15:49:21,2026-09-22T15:49:21
3665,貿聯-KY,2023-08-15,267.0,-2.0,-0.74%,20.279999999999998,10.7,304.2,365.04,425.88,486.72,547.56,608.4,ShowDailyK_ChartFlow,FinMind_API_TaiwanStockPrice_3665,True,2026-09-22T15:49:21,2026-09-22T15:49:21,2026-09-22T15:49:21
3665,貿聯-KY,2023-08-16,269.5,2.5,0.94%,20.279999999999998,10.8,304.2,365.04,425.88,486.72,547.56,608.4,ShowDailyK_ChartFlow,FinMind_API_TaiwanStockPrice_3665,True,2026-09-22T15:49:21,2026-09-22T15:49:21,2026-09-22T15:49:21
3665,貿聯-KY,2023-08-17,269.0,-0.5,-0.19%,20.279999999999998,10.78,304.2,365.04,425.88,486.72,547.56,608.4,ShowDailyK_ChartFlow,FinMind_API_TaiwanStockPrice_3665,True,2026-09-22T15:49:21,2026-09-22T15:49:21,2026-09-22T15:49:21
3665,貿聯-KY,2023-08-18,264.0,-5.0,-1.86%,20.279999999999998,10.58,304.2,365.04,425.88,486.72,547.56,608.4,ShowDailyK_ChartFlow,FinMind_API_TaiwanStockPrice_3665,True,2026-09-22T15:49:21,2026-09-22T15:49:21,2026-09-22T15:49:21
3665,貿聯-KY,2023-08-21,262.5,-1.5,-0.57%,20.279999999999998,10.52,304.2,365.04,425.88,486.72,547.56,608.4,ShowDailyK_ChartFlow,FinMind_API_TaiwanStockPrice_3665,True,2026-09-22T15:49:21,2026-09-22T15:49:21,2026-09-22T15:49:21
3665,貿聯-KY,2023-08-22,263.0,0.5,0.19%,20.279999999999998,10.54,304.2,365.04,425.88,486.72,547.56,608.4,ShowDailyK_ChartFlow,FinMind_API_TaiwanStockPrice_3665,True,2026-09-22T15:49:21,2026-09-22T15:49:21,2026-09-22T15:49:21
3665,貿聯-KY,2023-08-23,268.0,5.0,1.90%,20.279999999999998,10.74,304.2,365.04,425.88,486.72,547.56,608.4,ShowDailyK_ChartFlow,FinMind_API_TaiwanStockPrice_3665,True,2026-09-22T15:49:21,2026-09-22T15:49:21,2026-09-22T15:49:21
3665,貿聯-KY,2023-08-24,271.0,3.0,1.12%,20.279999999999998,10.86,304.2,365.04,425.88,486.72,547.56,608.4,ShowDailyK_ChartFlow,FinMind_API_TaiwanStockPrice_3665,True,2026-09-22T15:49:21,2026-09-22T15:49:21,2026-09-22T15:49:21
3665,貿聯-KY,2023-08-25,267.0,-4.0,-1.48%,20.279999999999998,10.7,304.2,365.04,425.88,486.72,547.56,608.4,ShowDailyK_ChartFlow,FinMind_API_TaiwanStockPrice_3665,True,2026-09-22T15:49:21,2026-09-22T15:49:21,2026-09-22T15:49:21
3665,貿聯-KY,2023-08-28,240.5,-26.5,-9.93%,20.279999999999998,9.64,304.2,365.04,425.88,486.72,547.56,608.4,ShowDailyK_ChartFlow,FinMind_API_TaiwanStockPrice_3665,True,2026-09-22T15:49:21,2026-09-22T15:49:21,2026-09-22T15:49:21
3665,貿聯-KY,2023-08-29,243.0,2.5,1.04%,20.279999999999998,12.37,304.2,365.04,425.88,486.72,547.56,608.4,ShowDailyK_ChartFlow,FinMind_API_TaiwanStockPrice_3665,True,2026-09-22T15:49:21,2026-09-22T15:49:21,2026-09-22T15:49:21
3665,貿聯-KY,2023-08-30,248.5,5.5,2.26%,20.279999999999998,12.65,304.2,365.04,425.88,486.72,547.56,608.4,ShowDailyK_ChartFlow,FinMind_API_TaiwanStockPrice_3665,True,2026-09-22T15:49:21,2026-09-22T15:49:21,2026-09-22T15:49:21
3665,貿聯-KY,2023-08-31,249.5,1.0,0.40%,20.279999999999998,12.7,304.2,365.04,425.88,486.72,547.56,608.4,ShowDailyK_ChartFlow,FinMind_API_TaiwanStockPrice_3665,True,2026-09-22T15:49:21,2026-09-22T15:49:21,2026-09-22T15:49:21
3665,貿聯-KY,2023-09-01,254.0,4.5,1.80%,20.279999999999998,12.93,304.2,365.04,425.88,486.72,547.56,608.4,ShowDailyK_ChartFlow,FinMind_API_TaiwanStockPrice_3665,True,2026-09-22T15:49:21,2026-09-22T15:49:21,2026-09-22T15:49:21
3665,貿聯-KY,2023-09-04,252.5,-1.5,-0.59%,20.279999999999998,12.85,304.2,365.04,425.88,486.72,547.56,608.4,ShowDailyK_ChartFlow,FinMind_API_TaiwanStockPrice_3665,True,2026-09-22T15:49:21,2026-09-22T15:49:21,2026-09-22T15:49:21
3665,貿聯-KY,2023-09-05,256.0,3.5,1.39%,20.279999999999998,13.03,304.2,365.04,425.88,486.72,547.56,608.4,ShowDailyK_ChartFlow,FinMind_API_TaiwanStockPrice_3665,True,2026-09-22T15:49:21,2026-09-22T15:49:21,2026-09-22T15:49:21
3665,貿聯-KY,2023-09-06,252.0,-4.0,-1.56%,20.279999999999998,12.82,304.2,365.04,425.88,486.72,547.56,608.4,ShowDailyK_ChartFlow,FinMind_API_TaiwanStockPrice_3665,True,2026-09-22T15:49:21,2026-09-22T15:49:21,2026-09-22T15:49:21
3665,貿聯-KY,2023-09-07,252.0,0.0,0.00%,20.279999999999998,12.82,304.2,365.04,425.88,486.72,547.56,608.4,ShowDailyK_ChartFlow,FinMind_API_TaiwanStockPrice_3665,True,2026-09-22T15:49:21,2026-09-22T15:49:21,2026-09-22T15:49:21
3665,貿聯-KY,2023-09-08,251.5,-0.5,-0.20%,20.279999999999998,12.8,304.2,365.04,425.88,486.72,547.56,608.4,ShowDailyK_ChartFlow,FinMind_API_TaiwanStockPrice_3665,True,2026-09-22T15:49:21,2026-09-22T15:49:21,2026-09-22T15:49:21
3665,貿聯-KY,2023-09-11,248.5,-3.0,-1.19%,20.279999999999998,12.65,304.2,365.04,425.88,486.72,547.56,608.4,ShowDailyK_ChartFlow,FinMind_API_TaiwanStockPrice_3665,True,2026-09-22T15:49:21,2026-09-22T15:49:21,2026-09-22T15:49:21
3665,貿聯-KY,2023-09-12,254.5,6.0,2.41%,20.279999999999998,12.95,304.2,365.04,425.88,486.72,547.56,608.4,ShowDailyK_ChartFlow,FinMind_API_TaiwanStockPrice_3665,True,2026-09-22T15:49:21,2026-09-22T15:49:21,2026-09-22T15:49:21
3665,貿聯-KY,2023-09-13,258.5,4.0,1.57%,20.279999999999998,13.16,304.2,365.04,425.88,486.72,547.56,608.4,ShowDailyK_ChartFlow,FinMind_API_TaiwanStockPrice_3665,True,2026-09-22T15:49:21,2026-09-22T15:49:21,2026-09-22T15:49:21
3665,貿聯-KY,2023-09-14,258.5,0.0,0.00%,20.279999999999998,13.16,304.2,365.04,425.88,486.72,547.56,608.4,ShowDailyK_ChartFlow,FinMind_API_TaiwanStockPrice_3665,True,2026-09-22T15:49:21,2026-09-22T15:49:21,2026-09-22T15:49:21
3665,貿聯-KY,2023-09-15,260.0,1.5,0.58%,20.279999999999998,13.23,304.2,365.04,425.88,486.72,547.56,608.4,ShowDailyK_ChartFlow,FinMind_API_TaiwanStockPrice_3665,True,2026-09-22T15:49:21,2026-09-22T15:49:21,2026-09-22T15:49:21
3665,貿聯-KY,2023-09-18,259.5,-0.5,-0.19%,20.279999999999998,13.21,304.2,365.04,425.88,486.72,547.56,608.4,ShowDailyK_ChartFlow,FinMind_API_TaiwanStockPrice_3665,True,2026-09-22T15:49:21,2026-09-22T15:49:21,2026-09-22T15:49:21
3665,貿聯-KY,2023-09-19,259.5,0.0,0.00%,20.279999999999998,13.21,304.2,365.04,425.88,486.72,547.56,608.4,ShowDailyK_ChartFlow,FinMind_API_TaiwanStockPrice_3665,True,2026-09-22T15:49:21,2026-09-22T15:49:21,2026-09-22T15:49:21
3665,貿聯-KY,2023-09-20,274.0,14.5,5.59%,20.279999999999998,13.94,304.2,365.04,425.88,486.72,547.56,608.4,ShowDailyK_ChartFlow,FinMind_API_TaiwanStockPrice_3665,True,2026-09-22T15:49:21,2026-09-22T15:49:21,2026-09-22T15:49:21
3665,貿聯-KY,2023-09-21,268.0,-6.0,-2.19%,20.279999999999998,13.64,304.2,365.04,425.88,486.72,547.56,608.4,ShowDailyK_ChartFlow,FinMind_API_TaiwanStockPrice_3665,True,2026-09-22T15:49:21,2026-09-22T15:49:21,2026-09-22T15:49:21
3665,貿聯-KY,2023-09-22,273.5,5.5,2.05%,20.279999999999998,13.92,304.2,365.04,425.88,486.72,547.56,608.4,ShowDailyK_ChartFlow,FinMind_API_TaiwanStockPrice_3665,True,2026-09-22T15:49:21,2026-09-22T15:49:21,2026-09-22T15:49:21
3665,貿聯-KY,2023-09-25,274.0,0.5,0.18%,20.279999999999998,13.94,304.2,365.04,425.88,486.72,547.56,608.4,ShowDailyK_ChartFlow,FinMind_API_TaiwanStockPrice_3665,True,2026-09-22T15:49:21,2026-09-22T15:49:21,2026-09-22T15:49:21
3665,貿聯-KY,2023-09-26,273.0,-1.0,-0.36%,20.279999999999998,13.89,304.2,365.04,425.88,486.72,547.56,608.4,ShowDailyK_ChartFlow,FinMind_API_TaiwanStockPrice_3665,True,2026-09-22T15:49:21,2026-09-22T15:49:21,2026-09-22T15:49:21
3665,貿聯-KY,2023-09-27,269.5,-3.5,-1.28%,20.279999999999998,13.72,304.2,365.04,425.88,486.72,547.56,608.4,ShowDailyK_ChartFlow,FinMind_API_TaiwanStockPrice_3665,True,2026-09-22T15:49:21,2026-09-22T15:49:21,2026-09-22T15:49:21
3665,貿聯-KY,2023-09-28,270.0,0.5,0.19%,20.279999999999998,13.74,304.2,365.04,425.88,486.72,547.56,608.4,ShowDailyK_ChartFlow,FinMind_API_TaiwanStockPrice_3665,True,2026-09-22T15:49:21,2026-09-22T15:49:21,2026-09-22T15:49:21
3665,貿聯-KY,2023-10-02,268.0,-2.0,-0.74%,17.18,13.64,257.7,309.24,360.78,412.32,463.86,515.4,ShowDailyK_ChartFlow,FinMind_API_TaiwanStockPrice_3665,True,2026-09-22T15:49:21,2026-09-22T15:49:21,2026-09-22T15:49:21
3665,貿聯-KY,2023-10-03,268.0,0.0,0.00%,17.18,13.64,257.7,309.24,360.78,412.32,463.86,515.4,ShowDailyK_ChartFlow,FinMind_API_TaiwanStockPrice_3665,True,2026-09-22T15:49:21,2026-09-22T15:49:21,2026-09-22T15:49:21
3665,貿聯-KY,2023-10-04,270.5,2.5,0.93%,17.18,13.77,257.7,309.24,360.78,412.32,463.86,515.4,ShowDailyK_ChartFlow,FinMind_API_TaiwanStockPrice_3665,True,2026-09-22T15:49:21,2026-09-22T15:49:21,2026-09-22T15:49:21
3665,貿聯-KY,2023-10-05,266.0,-4.5,-1.66%,17.18,13.54,257.7,309.24,360.78,412.32,463.86,515.4,ShowDailyK_ChartFlow,FinMind_API_TaiwanStockPrice_3665,True,2026-09-22T15:49:21,2026-09-22T15:49:21,2026-09-22T15:49:21
3665,貿聯-KY,2023-10-06,260.0,-6.0,-2.26%,17.18,13.23,257.7,309.24,360.78,412.32,463.86,515.4,ShowDailyK_ChartFlow,FinMind_API_TaiwanStockPrice_3665,True,2026-09-22T15:49:21,2026-09-22T15:49:21,2026-09-22T15:49:21
3665,貿聯-KY,2023-10-11,256.5,-3.5,-1.35%,17.18,13.05,257.7,309.24,360.78,412.32,463.86,515.4,ShowDailyK_ChartFlow,FinMind_API_TaiwanStockPrice_3665,True,2026-09-22T15:49:21,2026-09-22T15:49:21,2026-09-22T15:49:21
3665,貿聯-KY,2023-10-12,260.0,3.5,1.36%,17.18,13.23,257.7,309.24,360.78,412.32,463.86,515.4,ShowDailyK_ChartFlow,FinMind_API_TaiwanStockPrice_3665,True,2026-09-22T15:49:21,2026-09-22T15:49:21,2026-09-22T15:49:21
3665,貿聯-KY,2023-10-13,255.5,-4.5,-1.73%,17.18,13.0,257.7,309.24,360.78,412.32,463.86,515.4,ShowDailyK_ChartFlow,FinMind_API_TaiwanStockPrice_3665,True,2026-09-22T15:49:21,2026-09-22T15:49:21,2026-09-22T15:49:21
3665,貿聯-KY,2023-10-16,257.0,1.5,0.59%,17.18,13.08,257.7,309.24,360.78,412.32,463.86,515.4,ShowDailyK_ChartFlow,FinMind_API_TaiwanStockPrice_3665,True,2026-09-22T15:49:21,2026-09-22T15:49:21,2026-09-22T15:49:21
3665,貿聯-KY,2023-10-17,268.0,11.0,4.28%,17.18,13.64,257.7,309.24,360.78,412.32,463.86,515.4,ShowDailyK_ChartFlow,FinMind_API_TaiwanStockPrice_3665,True,2026-09-22T15:49:21,2026-09-22T15:49:21,2026-09-22T15:49:21
3665,貿聯-KY,2023-10-18,264.5,-3.5,-1.31%,17.18,13.46,257.7,309.24,360.78,412.32,463.86,515.4,ShowDailyK_ChartFlow,FinMind_API_TaiwanStockPrice_3665,True,2026-09-22T15:49:21,2026-09-22T15:49:21,2026-09-22T15:49:21
3665,貿聯-KY,2023-10-19,265.0,0.5,0.19%,17.18,13.49,257.7,309.24,360.78,412.32,463.86,515.4,ShowDailyK_ChartFlow,FinMind_API_TaiwanStockPrice_3665,True,2026-09-22T15:49:21,2026-09-22T15:49:21,2026-09-22T15:49:21
3665,貿聯-KY,2023-10-20,258.5,-6.5,-2.45%,17.18,13.16,257.7,309.24,360.78,412.32,463.86,515.4,ShowDailyK_ChartFlow,FinMind_API_TaiwanStockPrice_3665,True,2026-09-22T15:49:21,2026-09-22T15:49:21,2026-09-22T15:49:21
3665,貿聯-KY,2023-10-23,259.0,0.5,0.19%,17.18,13.18,257.7,309.24,360.78,412.32,463.86,515.4,ShowDailyK_ChartFlow,FinMind_API_TaiwanStockPrice_3665,True,2026-09-22T15:49:21,2026-09-22T15:49:21,2026-09-22T15:49:21
3665,貿聯-KY,2023-10-24,265.5,6.5,2.51%,17.18,13.51,257.7,309.24,360.78,412.32,463.86,515.4,ShowDailyK_ChartFlow,FinMind_API_TaiwanStockPrice_3665,True,2026-09-22T15:49:21,2026-09-22T15:49:21,2026-09-22T15:49:21
3665,貿聯-KY,2023-10-25,261.5,-4.0,-1.51%,17.18,13.31,257.7,309.24,360.78,412.32,463.86,515.4,ShowDailyK_ChartFlow,FinMind_API_TaiwanStockPrice_3665,True,2026-09-22T15:49:21,2026-09-22T15:49:21,2026-09-22T15:49:21
3665,貿聯-KY,2023-10-26,258.0,-3.5,-1.34%,17.18,13.13,257.7,309.24,360.78,412.32,463.86,515.4,ShowDailyK_ChartFlow,FinMind_API_TaiwanStockPrice_3665,True,2026-09-22T15:49:21,2026-09-22T15:49:21,2026-09-22T15:49:21
3665,貿聯-KY,2023-10-27,257.5,-0.5,-0.19%,17.18,13.1,257.7,309.24,360.78,412.32,463.86,515.4,ShowDailyK_ChartFlow,FinMind_API_TaiwanStockPrice_3665,True,2026-09-22T15:49:21,2026-09-22T15:49:21,2026-09-22T15:49:21
3665,貿聯-KY,2023-10-30,258.0,0.5,0.19%,17.18,13.13,257.7,309.24,360.78,412.32,463.86,515.4,ShowDailyK_ChartFlow,FinMind_API_TaiwanStockPrice_3665,True,2026-09-22T15:49:21,2026-09-22T15:49:21,2026-09-22T15:49:21
3665,貿聯-KY,2023-10-31,251.5,-6.5,-2.52%,17.18,12.8,257.7,309.24,360.78,412.32,463.86,515.4,ShowDailyK_ChartFlow,FinMind_API_TaiwanStockPrice_3665,True,2026-09-22T15:49:21,2026-09-22T15:49:21,2026-09-22T15:49:21
3665,貿聯-KY,2023-11-01,251.5,0.0,0.00%,17.18,12.8,257.7,309.24,360.78,412.32,463.86,515.4,ShowDailyK_ChartFlow,FinMind_API_TaiwanStockPrice_3665,True,2026-09-22T15:49:21,2026-09-22T15:49:21,2026-09-22T15:49:21
3665,貿聯-KY,2023-11-02,254.0,2.5,0.99%,17.18,12.93,257.7,309.24,360.78,412.32,463.86,515.4,ShowDailyK_ChartFlow,FinMind_API_TaiwanStockPrice_3665,True,2026-09-22T15:49:21,2026-09-22T15:49:21,2026-09-22T15:49:21
3665,貿聯-KY,2023-11-03,250.5,-3.5,-1.38%,17.18,12.75,257.7,309.24,360.78,412.32,463.86,515.4,ShowDailyK_ChartFlow,FinMind_API_TaiwanStockPrice_3665,True,2026-09-22T15:49:21,2026-09-22T15:49:21,2026-09-22T15:49:21
3665,貿聯-KY,2023-11-06,256.0,5.5,2.20%,17.18,13.03,257.7,309.24,360.78,412.32,463.86,515.4,ShowDailyK_ChartFlow,FinMind_API_TaiwanStockPrice_3665,True,2026-09-22T15:49:21,2026-09-22T15:49:21,2026-09-22T15:49:21
3665,貿聯-KY,2023-11-07,257.0,1.0,0.39%,17.18,13.08,257.7,309.24,360.78,412.32,463.86,515.4,ShowDailyK_ChartFlow,FinMind_API_TaiwanStockPrice_3665,True,2026-09-22T15:49:21,2026-09-22T15:49:21,2026-09-22T15:49:21
3665,貿聯-KY,2023-11-08,263.5,6.5,2.53%,17.18,13.41,257.7,309.24,360.78,412.32,463.86,515.4,ShowDailyK_ChartFlow,FinMind_API_TaiwanStockPrice_3665,True,2026-09-22T15:49:21,2026-09-22T15:49:21,2026-09-22T15:49:21
3665,貿聯-KY,2023-11-09,261.0,-2.5,-0.95%,17.18,13.28,257.7,309.24,360.78,412.32,463.86,515.4,ShowDailyK_ChartFlow,FinMind_API_TaiwanStockPrice_3665,True,2026-09-22T15:49:21,2026-09-22T15:49:21,2026-09-22T15:49:21
3665,貿聯-KY,2023-11-10,257.0,-4.0,-1.53%,17.18,13.08,257.7,309.24,360.78,412.32,463.86,515.4,ShowDailyK_ChartFlow,FinMind_API_TaiwanStockPrice_3665,True,2026-09-22T15:49:21,2026-09-22T15:49:21,2026-09-22T15:49:21
3665,貿聯-KY,2023-11-13,254.0,-3.0,-1.17%,17.18,15.18,257.7,309.24,360.78,412.32,463.86,515.4,ShowDailyK_ChartFlow,FinMind_API_TaiwanStockPrice_3665,True,2026-09-22T15:49:21,2026-09-22T15:49:21,2026-09-22T15:49:21
3665,貿聯-KY,2023-11-14,255.0,1.0,0.39%,17.18,15.24,257.7,309.24,360.78,412.32,463.86,515.4,ShowDailyK_ChartFlow,FinMind_API_TaiwanStockPrice_3665,True,2026-09-22T15:49:21,2026-09-22T15:49:21,2026-09-22T15:49:21
3665,貿聯-KY,2023-11-15,259.5,4.5,1.76%,17.18,15.51,257.7,309.24,360.78,412.32,463.86,515.4,ShowDailyK_ChartFlow,FinMind_API_TaiwanStockPrice_3665,True,2026-09-22T15:49:21,2026-09-22T15:49:21,2026-09-22T15:49:21
3665,貿聯-KY,2023-11-16,260.0,0.5,0.19%,17.18,15.54,257.7,309.24,360.78,412.32,463.86,515.4,ShowDailyK_ChartFlow,FinMind_API_TaiwanStockPrice_3665,True,2026-09-22T15:49:21,2026-09-22T15:49:21,2026-09-22T15:49:21
3665,貿聯-KY,2023-11-17,262.0,2.0,0.77%,17.18,15.66,257.7,309.24,360.78,412.32,463.86,515.4,ShowDailyK_ChartFlow,FinMind_API_TaiwanStockPrice_3665,True,2026-09-22T15:49:21,2026-09-22T15:49:21,2026-09-22T15:49:21
3665,貿聯-KY,2023-11-20,261.0,-1.0,-0.38%,17.18,15.6,257.7,309.24,360.78,412.32,463.86,515.4,ShowDailyK_ChartFlow,FinMind_API_TaiwanStockPrice_3665,True,2026-09-22T15:49:21,2026-09-22T15:49:21,2026-09-22T15:49:21
3665,貿聯-KY,2023-11-21,266.5,5.5,2.11%,17.18,15.93,257.7,309.24,360.78,412.32,463.86,515.4,ShowDailyK_ChartFlow,FinMind_API_TaiwanStockPrice_3665,True,2026-09-22T15:49:21,2026-09-22T15:49:21,2026-09-22T15:49:21
3665,貿聯-KY,2023-11-22,270.0,3.5,1.31%,17.18,16.14,257.7,309.24,360.78,412.32,463.86,515.4,ShowDailyK_ChartFlow,FinMind_API_TaiwanStockPrice_3665,True,2026-09-22T15:49:21,2026-09-22T15:49:21,2026-09-22T15:49:21
3665,貿聯-KY,2023-11-23,270.5,0.5,0.19%,17.18,16.17,257.7,309.24,360.78,412.32,463.86,515.4,ShowDailyK_ChartFlow,FinMind_API_TaiwanStockPrice_3665,True,2026-09-22T15:49:21,2026-09-22T15:49:21,2026-09-22T15:49:21
3665,貿聯-KY,2023-11-24,266.5,-4.0,-1.48%,17.18,15.93,257.7,309.24,360.78,412.32,463.86,515.4,ShowDailyK_ChartFlow,FinMind_API_TaiwanStockPrice_3665,True,2026-09-22T15:49:21,2026-09-22T15:49:21,2026-09-22T15:49:21
3665,貿聯-KY,2023-11-27,264.5,-2.0,-0.75%,17.18,15.81,257.7,309.24,360.78,412.32,463.86,515.4,ShowDailyK_ChartFlow,FinMind_API_TaiwanStockPrice_3665,True,2026-09-22T15:49:21,2026-09-22T15:49:21,2026-09-22T15:49:21
3665,貿聯-KY,2023-11-28,266.0,1.5,0.57%,17.18,15.9,257.7,309.24,360.78,412.32,463.86,515.4,ShowDailyK_ChartFlow,FinMind_API_TaiwanStockPrice_3665,True,2026-09-22T15:49:21,2026-09-22T15:49:21,2026-09-22T15:49:21
3665,貿聯-KY,2023-11-29,266.5,0.5,0.19%,17.18,15.93,257.7,309.24,360.78,412.32,463.86,515.4,ShowDailyK_ChartFlow,FinMind_API_TaiwanStockPrice_3665,True,2026-09-22T15:49:21,2026-09-22T15:49:21,2026-09-22T15:49:21
3665,貿聯-KY,2023-11-30,264.0,-2.5,-0.94%,17.18,15.78,257.7,309.24,360.78,412.32,463.86,515.4,ShowDailyK_ChartFlow,FinMind_API_TaiwanStockPrice_3665,True,2026-09-22T15:49:21,2026-09-22T15:49:21,2026-09-22T15:49:21
3665,貿聯-KY,2023-12-01,272.0,8.0,3.03%,17.18,16.26,257.7,309.24,360.78,412.32,463.86,515.4,ShowDailyK_ChartFlow,FinMind_API_TaiwanStockPrice_3665,True,2026-09-22T15:49:21,2026-09-22T15:49:21,2026-09-22T15:49:21
3665,貿聯-KY,2023-12-04,276.0,4.0,1.47%,17.18,16.5,257.7,309.24,360.78,412.32,463.86,515.4,ShowDailyK_ChartFlow,FinMind_API_TaiwanStockPrice_3665,True,2026-09-22T15:49:21,2026-09-22T15:49:21,2026-09-22T15:49:21
3665,貿聯-KY,2023-12-05,271.0,-5.0,-1.81%,17.18,16.2,257.7,309.24,360.78,412.32,463.86,515.4,ShowDailyK_ChartFlow,FinMind_API_TaiwanStockPrice_3665,True,2026-09-22T15:49:21,2026-09-22T15:49:21,2026-09-22T15:49:21
3665,貿聯-KY,2023-12-06,270.5,-0.5,-0.18%,17.18,16.17,257.7,309.24,360.78,412.32,463.86,515.4,ShowDailyK_ChartFlow,FinMind_API_TaiwanStockPrice_3665,True,2026-09-22T15:49:21,2026-09-22T15:49:21,2026-09-22T15:49:21
3665,貿聯-KY,2023-12-07,269.0,-1.5,-0.55%,17.18,16.08,257.7,309.24,360.78,412.32,463.86,515.4,ShowDailyK_ChartFlow,FinMind_API_TaiwanStockPrice_3665,True,2026-09-22T15:49:21,2026-09-22T15:49:21,2026-09-22T15:49:21
3665,貿聯-KY,2023-12-08,266.5,-2.5,-0.93%,17.18,15.93,257.7,309.24,360.78,412.32,463.86,515.4,ShowDailyK_ChartFlow,FinMind_API_TaiwanStockPrice_3665,True,2026-09-22T15:49:21,2026-09-22T15:49:21,2026-09-22T15:49:21
3665,貿聯-KY,2023-12-11,271.5,5.0,1.88%,17.18,16.23,257.7,309.24,360.78,412.32,463.86,515.4,ShowDailyK_ChartFlow,FinMind_API_TaiwanStockPrice_3665,True,2026-09-22T15:49:21,2026-09-22T15:49:21,2026-09-22T15:49:21
3665,貿聯-KY,2023-12-12,269.0,-2.5,-0.92%,17.18,16.08,257.7,309.24,360.78,412.32,463.86,515.4,ShowDailyK_ChartFlow,FinMind_API_TaiwanStockPrice_3665,True,2026-09-22T15:49:21,2026-09-22T15:49:21,2026-09-22T15:49:21
3665,貿聯-KY,2023-12-13,264.5,-4.5,-1.67%,17.18,15.81,257.7,309.24,360.78,412.32,463.86,515.4,ShowDailyK_ChartFlow,FinMind_API_TaiwanStockPrice_3665,True,2026-09-22T15:49:21,2026-09-22T15:49:21,2026-09-22T15:49:21
3665,貿聯-KY,2023-12-14,267.5,3.0,1.13%,17.18,15.99,257.7,309.24,360.78,412.32,463.86,515.4,ShowDailyK_ChartFlow,FinMind_API_TaiwanStockPrice_3665,True,2026-09-22T15:49:21,2026-09-22T15:49:21,2026-09-22T15:49:21
3665,貿聯-KY,2023-12-15,272.0,4.5,1.68%,17.18,16.26,257.7,309.24,360.78,412.32,463.86,515.4,ShowDailyK_ChartFlow,FinMind_API_TaiwanStockPrice_3665,True,2026-09-22T15:49:21,2026-09-22T15:49:21,2026-09-22T15:49:21
3665,貿聯-KY,2023-12-18,266.5,-5.5,-2.02%,17.18,15.93,257.7,309.24,360.78,412.32,463.86,515.4,ShowDailyK_ChartFlow,FinMind_API_TaiwanStockPrice_3665,True,2026-09-22T15:49:21,2026-09-22T15:49:21,2026-09-22T15:49:21
3665,貿聯-KY,2023-12-19,264.0,-2.5,-0.94%,17.18,15.78,257.7,309.24,360.78,412.32,463.86,515.4,ShowDailyK_ChartFlow,FinMind_API_TaiwanStockPrice_3665,True,2026-09-22T15:49:21,2026-09-22T15:49:21,2026-09-22T15:49:21
3665,貿聯-KY,2023-12-20,264.5,0.5,0.19%,17.18,15.81,257.7,309.24,360.78,412.32,463.86,515.4,ShowDailyK_ChartFlow,FinMind_API_TaiwanStockPrice_3665,True,2026-09-22T15:49:21,2026-09-22T15:49:21,2026-09-22T15:49:21
3665,貿聯-KY,2023-12-21,260.0,-4.5,-1.70%,17.18,15.54,257.7,309.24,360.78,412.32,463.86,515.4,ShowDailyK_ChartFlow,FinMind_API_TaiwanStockPrice_3665,True,2026-09-22T15:49:21,2026-09-22T15:49:21,2026-09-22T15:49:21
3665,貿聯-KY,2023-12-22,258.0,-2.0,-0.77%,17.18,15.42,257.7,309.24,360.78,412.32,463.86,515.4,ShowDailyK_ChartFlow,FinMind_API_TaiwanStockPrice_3665,True,2026-09-22T15:49:21,2026-09-22T15:49:21,2026-09-22T15:49:21
3665,貿聯-KY,2023-12-25,260.0,2.0,0.78%,17.18,15.54,257.7,309.24,360.78,412.32,463.86,515.4,ShowDailyK_ChartFlow,FinMind_API_TaiwanStockPrice_3665,True,2026-09-22T15:49:21,2026-09-22T15:49:21,2026-09-22T15:49:21
3665,貿聯-KY,2023-12-26,262.5,2.5,0.96%,17.18,15.69,257.7,309.24,360.78,412.32,463.86,515.4,ShowDailyK_ChartFlow,FinMind_API_TaiwanStockPrice_3665,True,2026-09-22T15:49:21,2026-09-22T15:49:21,2026-09-22T15:49:21
3665,貿聯-KY,2023-12-27,265.0,2.5,0.95%,17.18,15.84,257.7,309.24,360.78,412.32,463.86,515.4,ShowDailyK_ChartFlow,FinMind_API_TaiwanStockPrice_3665,True,2026-09-22T15:49:21,2026-09-22T15:49:21,2026-09-22T15:49:21
3665,貿聯-KY,2023-12-28,265.5,0.5,0.19%,17.18,15.87,257.7,309.24,360.78,412.32,463.86,515.4,ShowDailyK_ChartFlow,FinMind_API_TaiwanStockPrice_3665,True,2026-09-22T15:49:21,2026-09-22T15:49:21,2026-09-22T15:49:21
3665,貿聯-KY,2023-12-29,267.0,1.5,0.56%,17.18,15.96,257.7,309.24,360.78,412.32,463.86,515.4,ShowDailyK_ChartFlow,FinMind_API_TaiwanStockPrice_3665,True,2026-09-22T15:49:21,2026-09-22T15:49:21,2026-09-22T15:49:21
3665,貿聯-KY,2024-01-02,265.0,-2.0,-0.75%,14.409999999999998,15.84,216.15,259.38,302.61,345.84,389.07,432.3,ShowDailyK_ChartFlow,FinMind_API_TaiwanStockPrice_3665,True,2026-09-22T15:49:21,2026-09-22T15:49:21,2026-09-22T15:49:21
3665,貿聯-KY,2024-01-03,262.5,-2.5,-0.94%,14.409999999999998,15.69,216.15,259.38,302.61,345.84,389.07,432.3,ShowDailyK_ChartFlow,FinMind_API_TaiwanStockPrice_3665,True,2026-09-22T15:49:21,2026-09-22T15:49:21,2026-09-22T15:49:21
3665,貿聯-KY,2024-01-04,259.0,-3.5,-1.33%,14.409999999999998,15.48,216.15,259.38,302.61,345.84,389.07,432.3,ShowDailyK_ChartFlow,FinMind_API_TaiwanStockPrice_3665,True,2026-09-22T15:49:21,2026-09-22T15:49:21,2026-09-22T15:49:21
3665,貿聯-KY,2024-01-05,256.0,-3.0,-1.16%,14.409999999999998,15.3,216.15,259.38,302.61,345.84,389.07,432.3,ShowDailyK_ChartFlow,FinMind_API_TaiwanStockPrice_3665,True,2026-09-22T15:49:21,2026-09-22T15:49:21,2026-09-22T15:49:21
3665,貿聯-KY,2024-01-08,252.0,-4.0,-1.56%,14.409999999999998,15.06,216.15,259.38,302.61,345.84,389.07,432.3,ShowDailyK_ChartFlow,FinMind_API_TaiwanStockPrice_3665,True,2026-09-22T15:49:21,2026-09-22T15:49:21,2026-09-22T15:49:21
3665,貿聯-KY,2024-01-09,254.0,2.0,0.79%,14.409999999999998,15.18,216.15,259.38,302.61,345.84,389.07,432.3,ShowDailyK_ChartFlow,FinMind_API_TaiwanStockPrice_3665,True,2026-09-22T15:49:21,2026-09-22T15:49:21,2026-09-22T15:49:21
3665,貿聯-KY,2024-01-10,249.0,-5.0,-1.97%,14.409999999999998,14.88,216.15,259.38,302.61,345.84,389.07,432.3,ShowDailyK_ChartFlow,FinMind_API_TaiwanStockPrice_3665,True,2026-09-22T15:49:21,2026-09-22T15:49:21,2026-09-22T15:49:21
3665,貿聯-KY,2024-01-11,246.5,-2.5,-1.00%,14.409999999999998,14.73,216.15,259.38,302.61,345.84,389.07,432.3,ShowDailyK_ChartFlow,FinMind_API_TaiwanStockPrice_3665,True,2026-09-22T15:49:21,2026-09-22T15:49:21,2026-09-22T15:49:21
3665,貿聯-KY,2024-01-12,246.5,0.0,0.00%,14.409999999999998,14.73,216.15,259.38,302.61,345.84,389.07,432.3,ShowDailyK_ChartFlow,FinMind_API_TaiwanStockPrice_3665,True,2026-09-22T15:49:21,2026-09-22T15:49:21,2026-09-22T15:49:21
3665,貿聯-KY,2024-01-15,245.5,-1.0,-0.41%,14.409999999999998,14.67,216.15,259.38,302.61,345.84,389.07,432.3,ShowDailyK_ChartFlow,FinMind_API_TaiwanStockPrice_3665,True,2026-09-22T15:49:21,2026-09-22T15:49:21,2026-09-22T15:49:21
3665,貿聯-KY,2024-01-16,244.0,-1.5,-0.61%,14.409999999999998,14.58,216.15,259.38,302.61,345.84,389.07,432.3,ShowDailyK_ChartFlow,FinMind_API_TaiwanStockPrice_3665,True,2026-09-22T15:49:21,2026-09-22T15:49:21,2026-09-22T15:49:21
3665,貿聯-KY,2024-01-17,241.0,-3.0,-1.23%,14.409999999999998,14.41,216.15,259.38,302.61,345.84,389.07,432.3,ShowDailyK_ChartFlow,FinMind_API_TaiwanStockPrice_3665,True,2026-09-22T15:49:21,2026-09-22T15:49:21,2026-09-22T15:49:21
3665,貿聯-KY,2024-01-18,240.0,-1.0,-0.41%,14.409999999999998,14.35,216.15,259.38,302.61,345.84,389.07,432.3,ShowDailyK_ChartFlow,FinMind_API_TaiwanStockPrice_3665,True,2026-09-22T15:49:21,2026-09-22T15:49:21,2026-09-22T15:49:21
3665,貿聯-KY,2024-01-19,240.0,0.0,0.00%,14.409999999999998,14.35,216.15,259.38,302.61,345.84,389.07,432.3,ShowDailyK_ChartFlow,FinMind_API_TaiwanStockPrice_3665,True,2026-09-22T15:49:21,2026-09-22T15:49:21,2026-09-22T15:49:21
3665,貿聯-KY,2024-01-22,240.5,0.5,0.21%,14.409999999999998,14.38,216.15,259.38,302.61,345.84,389.07,432.3,ShowDailyK_ChartFlow,FinMind_API_TaiwanStockPrice_3665,True,2026-09-22T15:49:21,2026-09-22T15:49:21,2026-09-22T15:49:21
3665,貿聯-KY,2024-01-23,245.5,5.0,2.08%,14.409999999999998,14.67,216.15,259.38,302.61,345.84,389.07,432.3,ShowDailyK_ChartFlow,FinMind_API_TaiwanStockPrice_3665,True,2026-09-22T15:49:21,2026-09-22T15:49:21,2026-09-22T15:49:21
3665,貿聯-KY,2024-01-24,245.5,0.0,0.00%,14.409999999999998,14.67,216.15,259.38,302.61,345.84,389.07,432.3,ShowDailyK_ChartFlow,FinMind_API_TaiwanStockPrice_3665,True,2026-09-22T15:49:21,2026-09-22T15:49:21,2026-09-22T15:49:21
3665,貿聯-KY,2024-01-25,242.0,-3.5,-1.43%,14.409999999999998,14.47,216.15,259.38,302.61,345.84,389.07,432.3,ShowDailyK_ChartFlow,FinMind_API_TaiwanStockPrice_3665,True,2026-09-22T15:49:21,2026-09-22T15:49:21,2026-09-22T15:49:21
3665,貿聯-KY,2024-01-26,232.5,-9.5,-3.93%,14.409999999999998,13.9,216.15,259.38,302.61,345.84,389.07,432.3,ShowDailyK_ChartFlow,FinMind_API_TaiwanStockPrice_3665,True,2026-09-22T15:49:21,2026-09-22T15:49:21,2026-09-22T15:49:21
3665,貿聯-KY,2024-01-29,235.5,3.0,1.29%,14.409999999999998,14.08,216.15,259.38,302.61,345.84,389.07,432.3,ShowDailyK_ChartFlow,FinMind_API_TaiwanStockPrice_3665,True,2026-09-22T15:49:21,2026-09-22T15:49:21,2026-09-22T15:49:21
3665,貿聯-KY,2024-01-30,235.0,-0.5,-0.21%,14.409999999999998,14.05,216.15,259.38,302.61,345.84,389.07,432.3,ShowDailyK_ChartFlow,FinMind_API_TaiwanStockPrice_3665,True,2026-09-22T15:49:21,2026-09-22T15:49:21,2026-09-22T15:49:21
3665,貿聯-KY,2024-01-31,231.0,-4.0,-1.70%,14.409999999999998,13.81,216.15,259.38,302.61,345.84,389.07,432.3,ShowDailyK_ChartFlow,FinMind_API_TaiwanStockPrice_3665,True,2026-09-22T15:49:21,2026-09-22T15:49:21,2026-09-22T15:49:21
3665,貿聯-KY,2024-02-01,233.0,2.0,0.87%,14.409999999999998,13.93,216.15,259.38,302.61,345.84,389.07,432.3,ShowDailyK_ChartFlow,FinMind_API_TaiwanStockPrice_3665,True,2026-09-22T15:49:21,2026-09-22T15:49:21,2026-09-22T15:49:21
3665,貿聯-KY,2024-02-02,232.5,-0.5,-0.21%,14.409999999999998,13.9,216.15,259.38,302.61,345.84,389.07,432.3,ShowDailyK_ChartFlow,FinMind_API_TaiwanStockPrice_3665,True,2026-09-22T15:49:21,2026-09-22T15:49:21,2026-09-22T15:49:21
3665,貿聯-KY,2024-02-05,228.5,-4.0,-1.72%,14.409999999999998,13.66,216.15,259.38,302.61,345.84,389.07,432.3,ShowDailyK_ChartFlow,FinMind_API_TaiwanStockPrice_3665,True,2026-09-22T15:49:21,2026-09-22T15:49:21,2026-09-22T15:49:21
3665,貿聯-KY,2024-02-15,232.5,4.0,1.75%,14.409999999999998,13.9,216.15,259.38,302.61,345.84,389.07,432.3,ShowDailyK_ChartFlow,FinMind_API_TaiwanStockPrice_3665,True,2026-09-22T15:49:21,2026-09-22T15:49:21,2026-09-22T15:49:21
3665,貿聯-KY,2024-02-16,237.0,4.5,1.94%,14.409999999999998,14.17,216.15,259.38,302.61,345.84,389.07,432.3,ShowDailyK_ChartFlow,FinMind_API_TaiwanStockPrice_3665,True,2026-09-22T15:49:21,2026-09-22T15:49:21,2026-09-22T15:49:21
3665,貿聯-KY,2024-02-19,245.5,8.5,3.59%,14.409999999999998,14.67,216.15,259.38,302.61,345.84,389.07,432.3,ShowDailyK_ChartFlow,FinMind_API_TaiwanStockPrice_3665,True,2026-09-22T15:49:21,2026-09-22T15:49:21,2026-09-22T15:49:21
3665,貿聯-KY,2024-02-20,244.5,-1.0,-0.41%,14.409999999999998,14.61,216.15,259.38,302.61,345.84,389.07,432.3,ShowDailyK_ChartFlow,FinMind_API_TaiwanStockPrice_3665,True,2026-09-22T15:49:21,2026-09-22T15:49:21,2026-09-22T15:49:21
3665,貿聯-KY,2024-02-21,243.0,-1.5,-0.61%,14.409999999999998,14.52,216.15,259.38,302.61,345.84,389.07,432.3,ShowDailyK_ChartFlow,FinMind_API_TaiwanStockPrice_3665,True,2026-09-22T15:49:21,2026-09-22T15:49:21,2026-09-22T15:49:21
3665,貿聯-KY,2024-02-22,243.5,0.5,0.21%,14.409999999999998,14.55,216.15,259.38,302.61,345.84,389.07,432.3,ShowDailyK_ChartFlow,FinMind_API_TaiwanStockPrice_3665,True,2026-09-22T15:49:21,2026-09-22T15:49:21,2026-09-22T15:49:21
3665,貿聯-KY,2024-02-23,244.0,0.5,0.21%,14.409999999999998,14.58,216.15,259.38,302.61,345.84,389.07,432.3,ShowDailyK_ChartFlow,FinMind_API_TaiwanStockPrice_3665,True,2026-09-22T15:49:21,2026-09-22T15:49:21,2026-09-22T15:49:21
3665,貿聯-KY,2024-02-26,241.0,-3.0,-1.23%,14.409999999999998,14.41,216.15,259.38,302.61,345.84,389.07,432.3,ShowDailyK_ChartFlow,FinMind_API_TaiwanStockPrice_3665,True,2026-09-22T15:49:21,2026-09-22T15:49:21,2026-09-22T15:49:21
3665,貿聯-KY,2024-02-27,241.0,0.0,0.00%,14.409999999999998,14.41,216.15,259.38,302.61,345.84,389.07,432.3,ShowDailyK_ChartFlow,FinMind_API_TaiwanStockPrice_3665,True,2026-09-22T15:49:21,2026-09-22T15:49:21,2026-09-22T15:49:21
3665,貿聯-KY,2024-02-29,242.5,1.5,0.62%,14.409999999999998,14.49,216.15,259.38,302.61,345.84,389.07,432.3,ShowDailyK_ChartFlow,FinMind_API_TaiwanStockPrice_3665,True,2026-09-22T15:49:21,2026-09-22T15:49:21,2026-09-22T15:49:21
3665,貿聯-KY,2024-03-01,238.5,-4.0,-1.65%,14.409999999999998,14.26,216.15,259.38,302.61,345.84,389.07,432.3,ShowDailyK_ChartFlow,FinMind_API_TaiwanStockPrice_3665,True,2026-09-22T15:49:21,2026-09-22T15:49:21,2026-09-22T15:49:21
3665,貿聯-KY,2024-03-04,247.5,9.0,3.77%,14.409999999999998,14.79,216.15,259.38,302.61,345.84,389.07,432.3,ShowDailyK_ChartFlow,FinMind_API_TaiwanStockPrice_3665,True,2026-09-22T15:49:21,2026-09-22T15:49:21,2026-09-22T15:49:21
3665,貿聯-KY,2024-03-05,249.0,1.5,0.61%,14.409999999999998,14.88,216.15,259.38,302.61,345.84,389.07,432.3,ShowDailyK_ChartFlow,FinMind_API_TaiwanStockPrice_3665,True,2026-09-22T15:49:21,2026-09-22T15:49:21,2026-09-22T15:49:21
3665,貿聯-KY,2024-03-06,248.0,-1.0,-0.40%,14.409999999999998,14.82,216.15,259.38,302.61,345.84,389.07,432.3,ShowDailyK_ChartFlow,FinMind_API_TaiwanStockPrice_3665,True,2026-09-22T15:49:21,2026-09-22T15:49:21,2026-09-22T15:49:21
3665,貿聯-KY,2024-03-07,243.0,-5.0,-2.02%,14.409999999999998,14.52,216.15,259.38,302.61,345.84,389.07,432.3,ShowDailyK_ChartFlow,FinMind_API_TaiwanStockPrice_3665,True,2026-09-22T15:49:21,2026-09-22T15:49:21,2026-09-22T15:49:21
3665,貿聯-KY,2024-03-08,243.0,0.0,0.00%,14.409999999999998,14.52,216.15,259.38,302.61,345.84,389.07,432.3,ShowDailyK_ChartFlow,FinMind_API_TaiwanStockPrice_3665,True,2026-09-22T15:49:21,2026-09-22T15:49:21,2026-09-22T15:49:21
3665,貿聯-KY,2024-03-11,240.5,-2.5,-1.03%,14.409999999999998,14.38,216.15,259.38,302.61,345.84,389.07,432.3,ShowDailyK_ChartFlow,FinMind_API_TaiwanStockPrice_3665,True,2026-09-22T15:49:21,2026-09-22T15:49:21,2026-09-22T15:49:21
3665,貿聯-KY,2024-03-12,244.5,4.0,1.66%,14.409999999999998,14.61,216.15,259.38,302.61,345.84,389.07,432.3,ShowDailyK_ChartFlow,FinMind_API_TaiwanStockPrice_3665,True,2026-09-22T15:49:21,2026-09-22T15:49:21,2026-09-22T15:49:21
3665,貿聯-KY,2024-03-13,244.5,0.0,0.00%,14.409999999999998,14.61,216.15,259.38,302.61,345.84,389.07,432.3,ShowDailyK_ChartFlow,FinMind_API_TaiwanStockPrice_3665,True,2026-09-22T15:49:21,2026-09-22T15:49:21,2026-09-22T15:49:21
3665,貿聯-KY,2024-03-14,244.5,0.0,0.00%,14.409999999999998,17.23,216.15,259.38,302.61,345.84,389.07,432.3,ShowDailyK_ChartFlow,FinMind_API_TaiwanStockPrice_3665,True,2026-09-22T15:49:21,2026-09-22T15:49:21,2026-09-22T15:49:21
3665,貿聯-KY,2024-03-15,245.0,0.5,0.20%,14.409999999999998,17.27,216.15,259.38,302.61,345.84,389.07,432.3,ShowDailyK_ChartFlow,FinMind_API_TaiwanStockPrice_3665,True,2026-09-22T15:49:21,2026-09-22T15:49:21,2026-09-22T15:49:21
3665,貿聯-KY,2024-03-18,245.5,0.5,0.20%,14.409999999999998,17.3,216.15,259.38,302.61,345.84,389.07,432.3,ShowDailyK_ChartFlow,FinMind_API_TaiwanStockPrice_3665,True,2026-09-22T15:49:21,2026-09-22T15:49:21,2026-09-22T15:49:21
3665,貿聯-KY,2024-03-19,252.5,7.0,2.85%,14.409999999999998,17.79,216.15,259.38,302.61,345.84,389.07,432.3,ShowDailyK_ChartFlow,FinMind_API_TaiwanStockPrice_3665,True,2026-09-22T15:49:21,2026-09-22T15:49:21,2026-09-22T15:49:21
3665,貿聯-KY,2024-03-20,253.5,1.0,0.40%,14.409999999999998,17.86,216.15,259.38,302.61,345.84,389.07,432.3,ShowDailyK_ChartFlow,FinMind_API_TaiwanStockPrice_3665,True,2026-09-22T15:49:21,2026-09-22T15:49:21,2026-09-22T15:49:21
3665,貿聯-KY,2024-03-21,258.0,4.5,1.78%,14.409999999999998,18.18,216.15,259.38,302.61,345.84,389.07,432.3,ShowDailyK_ChartFlow,FinMind_API_TaiwanStockPrice_3665,True,2026-09-22T15:49:21,2026-09-22T15:49:21,2026-09-22T15:49:21
3665,貿聯-KY,2024-03-22,262.5,4.5,1.74%,14.409999999999998,18.5,216.15,259.38,302.61,345.84,389.07,432.3,ShowDailyK_ChartFlow,FinMind_API_TaiwanStockPrice_3665,True,2026-09-22T15:49:21,2026-09-22T15:49:21,2026-09-22T15:49:21
3665,貿聯-KY,2024-03-25,260.5,-2.0,-0.76%,14.409999999999998,18.36,216.15,259.38,302.61,345.84,389.07,432.3,ShowDailyK_ChartFlow,FinMind_API_TaiwanStockPrice_3665,True,2026-09-22T15:49:21,2026-09-22T15:49:21,2026-09-22T15:49:21
3665,貿聯-KY,2024-03-26,256.0,-4.5,-1.73%,14.409999999999998,18.04,216.15,259.38,302.61,345.84,389.07,432.3,ShowDailyK_ChartFlow,FinMind_API_TaiwanStockPrice_3665,True,2026-09-22T15:49:21,2026-09-22T15:49:21,2026-09-22T15:49:21
3665,貿聯-KY,2024-03-27,252.0,-4.0,-1.56%,14.409999999999998,17.76,216.15,259.38,302.61,345.84,389.07,432.3,ShowDailyK_ChartFlow,FinMind_API_TaiwanStockPrice_3665,True,2026-09-22T15:49:21,2026-09-22T15:49:21,2026-09-22T15:49:21
3665,貿聯-KY,2024-03-28,257.0,5.0,1.98%,14.409999999999998,18.11,216.15,259.38,302.61,345.84,389.07,432.3,ShowDailyK_ChartFlow,FinMind_API_TaiwanStockPrice_3665,True,2026-09-22T15:49:21,2026-09-22T15:49:21,2026-09-22T15:49:21
3665,貿聯-KY,2024-03-29,259.0,2.0,0.78%,14.409999999999998,18.25,216.15,259.38,302.61,345.84,389.07,432.3,ShowDailyK_ChartFlow,FinMind_API_TaiwanStockPrice_3665,True,2026-09-22T15:49:21,2026-09-22T15:49:21,2026-09-22T15:49:21
3665,貿聯-KY,2024-04-01,254.0,-5.0,-1.93%,13.959999999999999,17.9,209.4,251.28,293.16,335.04,376.92,418.8,ShowDailyK_ChartFlow,FinMind_API_TaiwanStockPrice_3665,True,2026-09-22T15:49:21,2026-09-22T15:49:21,2026-09-22T15:49:21
3665,貿聯-KY,2024-04-02,256.5,2.5,0.98%,13.959999999999999,18.08,209.4,251.28,293.16,335.04,376.92,418.8,ShowDailyK_ChartFlow,FinMind_API_TaiwanStockPrice_3665,True,2026-09-22T15:49:21,2026-09-22T15:49:21,2026-09-22T15:49:21
3665,貿聯-KY,2024-04-03,256.5,0.0,0.00%,13.959999999999999,18.08,209.4,251.28,293.16,335.04,376.92,418.8,ShowDailyK_ChartFlow,FinMind_API_TaiwanStockPrice_3665,True,2026-09-22T15:49:21,2026-09-22T15:49:21,2026-09-22T15:49:21
3665,貿聯-KY,2024-04-08,255.0,-1.5,-0.58%,13.959999999999999,17.97,209.4,251.28,293.16,335.04,376.92,418.8,ShowDailyK_ChartFlow,FinMind_API_TaiwanStockPrice_3665,True,2026-09-22T15:49:21,2026-09-22T15:49:21,2026-09-22T15:49:21
3665,貿聯-KY,2024-04-09,254.0,-1.0,-0.39%,13.959999999999999,17.9,209.4,251.28,293.16,335.04,376.92,418.8,ShowDailyK_ChartFlow,FinMind_API_TaiwanStockPrice_3665,True,2026-09-22T15:49:21,2026-09-22T15:49:21,2026-09-22T15:49:21
3665,貿聯-KY,2024-04-10,255.5,1.5,0.59%,13.959999999999999,18.01,209.4,251.28,293.16,335.04,376.92,418.8,ShowDailyK_ChartFlow,FinMind_API_TaiwanStockPrice_3665,True,2026-09-22T15:49:21,2026-09-22T15:49:21,2026-09-22T15:49:21
3665,貿聯-KY,2024-04-11,250.5,-5.0,-1.96%,13.959999999999999,17.65,209.4,251.28,293.16,335.04,376.92,418.8,ShowDailyK_ChartFlow,FinMind_API_TaiwanStockPrice_3665,True,2026-09-22T15:49:21,2026-09-22T15:49:21,2026-09-22T15:49:21
3665,貿聯-KY,2024-04-12,247.5,-3.0,-1.20%,13.959999999999999,17.44,209.4,251.28,293.16,335.04,376.92,418.8,ShowDailyK_ChartFlow,FinMind_API_TaiwanStockPrice_3665,True,2026-09-22T15:49:21,2026-09-22T15:49:21,2026-09-22T15:49:21
3665,貿聯-KY,2024-04-15,243.0,-4.5,-1.82%,13.959999999999999,17.12,209.4,251.28,293.16,335.04,376.92,418.8,ShowDailyK_ChartFlow,FinMind_API_TaiwanStockPrice_3665,True,2026-09-22T15:49:21,2026-09-22T15:49:21,2026-09-22T15:49:21
3665,貿聯-KY,2024-04-16,233.0,-10.0,-4.12%,13.959999999999999,16.42,209.4,251.28,293.16,335.04,376.92,418.8,ShowDailyK_ChartFlow,FinMind_API_TaiwanStockPrice_3665,True,2026-09-22T15:49:21,2026-09-22T15:49:21,2026-09-22T15:49:21
3665,貿聯-KY,2024-04-17,235.5,2.5,1.07%,13.959999999999999,16.6,209.4,251.28,293.16,335.04,376.92,418.8,ShowDailyK_ChartFlow,FinMind_API_TaiwanStockPrice_3665,True,2026-09-22T15:49:21,2026-09-22T15:49:21,2026-09-22T15:49:21
3665,貿聯-KY,2024-04-18,233.5,-2.0,-0.85%,13.959999999999999,16.46,209.4,251.28,293.16,335.04,376.92,418.8,ShowDailyK_ChartFlow,FinMind_API_TaiwanStockPrice_3665,True,2026-09-22T15:49:21,2026-09-22T15:49:21,2026-09-22T15:49:21
3665,貿聯-KY,2024-04-19,226.5,-7.0,-3.00%,13.959999999999999,15.96,209.4,251.28,293.16,335.04,376.92,418.8,ShowDailyK_ChartFlow,FinMind_API_TaiwanStockPrice_3665,True,2026-09-22T15:49:21,2026-09-22T15:49:21,2026-09-22T15:49:21
3665,貿聯-KY,2024-04-22,226.0,-0.5,-0.22%,13.959999999999999,15.93,209.4,251.28,293.16,335.04,376.92,418.8,ShowDailyK_ChartFlow,FinMind_API_TaiwanStockPrice_3665,True,2026-09-22T15:49:21,2026-09-22T15:49:21,2026-09-22T15:49:21
3665,貿聯-KY,2024-04-23,227.0,1.0,0.44%,13.959999999999999,16.0,209.4,251.28,293.16,335.04,376.92,418.8,ShowDailyK_ChartFlow,FinMind_API_TaiwanStockPrice_3665,True,2026-09-22T15:49:21,2026-09-22T15:49:21,2026-09-22T15:49:21
3665,貿聯-KY,2024-04-24,235.5,8.5,3.74%,13.959999999999999,16.6,209.4,251.28,293.16,335.04,376.92,418.8,ShowDailyK_ChartFlow,FinMind_API_TaiwanStockPrice_3665,True,2026-09-22T15:49:21,2026-09-22T15:49:21,2026-09-22T15:49:21
3665,貿聯-KY,2024-04-25,233.5,-2.0,-0.85%,13.959999999999999,16.46,209.4,251.28,293.16,335.04,376.92,418.8,ShowDailyK_ChartFlow,FinMind_API_TaiwanStockPrice_3665,True,2026-09-22T15:49:21,2026-09-22T15:49:21,2026-09-22T15:49:21
3665,貿聯-KY,2024-04-26,232.0,-1.5,-0.64%,13.959999999999999,16.35,209.4,251.28,293.16,335.04,376.92,418.8,ShowDailyK_ChartFlow,FinMind_API_TaiwanStockPrice_3665,True,2026-09-22T15:49:21,2026-09-22T15:49:21,2026-09-22T15:49:21
3665,貿聯-KY,2024-04-29,231.0,-1.0,-0.43%,13.959999999999999,16.28,209.4,251.28,293.16,335.04,376.92,418.8,ShowDailyK_ChartFlow,FinMind_API_TaiwanStockPrice_3665,True,2026-09-22T15:49:21,2026-09-22T15:49:21,2026-09-22T15:49:21
3665,貿聯-KY,2024-04-30,230.5,-0.5,-0.22%,13.959999999999999,16.24,209.4,251.28,293.16,335.04,376.92,418.8,ShowDailyK_ChartFlow,FinMind_API_TaiwanStockPrice_3665,True,2026-09-22T15:49:21,2026-09-22T15:49:21,2026-09-22T15:49:21
3665,貿聯-KY,2024-05-02,226.0,-4.5,-1.95%,13.959999999999999,15.93,209.4,251.28,293.16,335.04,376.92,418.8,ShowDailyK_ChartFlow,FinMind_API_TaiwanStockPrice_3665,True,2026-09-22T15:49:21,2026-09-22T15:49:21,2026-09-22T15:49:21
3665,貿聯-KY,2024-05-03,225.0,-1.0,-0.44%,13.959999999999999,15.86,209.4,251.28,293.16,335.04,376.92,418.8,ShowDailyK_ChartFlow,FinMind_API_TaiwanStockPrice_3665,True,2026-09-22T15:49:21,2026-09-22T15:49:21,2026-09-22T15:49:21
3665,貿聯-KY,2024-05-06,227.0,2.0,0.89%,13.959999999999999,16.0,209.4,251.28,293.16,335.04,376.92,418.8,ShowDailyK_ChartFlow,FinMind_API_TaiwanStockPrice_3665,True,2026-09-22T15:49:21,2026-09-22T15:49:21,2026-09-22T15:49:21
3665,貿聯-KY,2024-05-07,228.5,1.5,0.66%,13.959999999999999,16.1,209.4,251.28,293.16,335.04,376.92,418.8,ShowDailyK_ChartFlow,FinMind_API_TaiwanStockPrice_3665,True,2026-09-22T15:49:21,2026-09-22T15:49:21,2026-09-22T15:49:21
3665,貿聯-KY,2024-05-08,229.0,0.5,0.22%,13.959999999999999,16.14,209.4,251.28,293.16,335.04,376.92,418.8,ShowDailyK_ChartFlow,FinMind_API_TaiwanStockPrice_3665,True,2026-09-22T15:49:21,2026-09-22T15:49:21,2026-09-22T15:49:21
3665,貿聯-KY,2024-05-09,224.0,-5.0,-2.18%,13.959999999999999,15.79,209.4,251.28,293.16,335.04,376.92,418.8,ShowDailyK_ChartFlow,FinMind_API_TaiwanStockPrice_3665,True,2026-09-22T15:49:21,2026-09-22T15:49:21,2026-09-22T15:49:21
3665,貿聯-KY,2024-05-10,228.0,4.0,1.79%,13.959999999999999,16.07,209.4,251.28,293.16,335.04,376.92,418.8,ShowDailyK_ChartFlow,FinMind_API_TaiwanStockPrice_3665,True,2026-09-22T15:49:21,2026-09-22T15:49:21,2026-09-22T15:49:21
3665,貿聯-KY,2024-05-13,230.0,2.0,0.88%,13.959999999999999,16.21,209.4,251.28,293.16,335.04,376.92,418.8,ShowDailyK_ChartFlow,FinMind_API_TaiwanStockPrice_3665,True,2026-09-22T15:49:21,2026-09-22T15:49:21,2026-09-22T15:49:21
3665,貿聯-KY,2024-05-14,232.5,2.5,1.09%,13.959999999999999,16.38,209.4,251.28,293.16,335.04,376.92,418.8,ShowDailyK_ChartFlow,FinMind_API_TaiwanStockPrice_3665,True,2026-09-22T15:49:21,2026-09-22T15:49:21,2026-09-22T15:49:21
3665,貿聯-KY,2024-05-15,233.0,0.5,0.22%,13.959999999999999,16.77,209.4,251.28,293.16,335.04,376.92,418.8,ShowDailyK_ChartFlow,FinMind_API_TaiwanStockPrice_3665,True,2026-09-22T15:49:21,2026-09-22T15:49:21,2026-09-22T15:49:21
3665,貿聯-KY,2024-05-16,232.0,-1.0,-0.43%,13.959999999999999,16.7,209.4,251.28,293.16,335.04,376.92,418.8,ShowDailyK_ChartFlow,FinMind_API_TaiwanStockPrice_3665,True,2026-09-22T15:49:21,2026-09-22T15:49:21,2026-09-22T15:49:21
3665,貿聯-KY,2024-05-17,240.5,8.5,3.66%,13.959999999999999,17.31,209.4,251.28,293.16,335.04,376.92,418.8,ShowDailyK_ChartFlow,FinMind_API_TaiwanStockPrice_3665,True,2026-09-22T15:49:21,2026-09-22T15:49:21,2026-09-22T15:49:21
3665,貿聯-KY,2024-05-20,241.0,0.5,0.21%,13.959999999999999,17.35,209.4,251.28,293.16,335.04,376.92,418.8,ShowDailyK_ChartFlow,FinMind_API_TaiwanStockPrice_3665,True,2026-09-22T15:49:21,2026-09-22T15:49:21,2026-09-22T15:49:21
3665,貿聯-KY,2024-05-21,259.0,18.0,7.47%,13.959999999999999,18.65,209.4,251.28,293.16,335.04,376.92,418.8,ShowDailyK_ChartFlow,FinMind_API_TaiwanStockPrice_3665,True,2026-09-22T15:49:21,2026-09-22T15:49:21,2026-09-22T15:49:21
3665,貿聯-KY,2024-05-22,260.0,1.0,0.39%,13.959999999999999,18.72,209.4,251.28,293.16,335.04,376.92,418.8,ShowDailyK_ChartFlow,FinMind_API_TaiwanStockPrice_3665,True,2026-09-22T15:49:21,2026-09-22T15:49:21,2026-09-22T15:49:21
3665,貿聯-KY,2024-05-23,266.0,6.0,2.31%,13.959999999999999,19.15,209.4,251.28,293.16,335.04,376.92,418.8,ShowDailyK_ChartFlow,FinMind_API_TaiwanStockPrice_3665,True,2026-09-22T15:49:21,2026-09-22T15:49:21,2026-09-22T15:49:21
3665,貿聯-KY,2024-05-24,263.5,-2.5,-0.94%,13.959999999999999,18.97,209.4,251.28,293.16,335.04,376.92,418.8,ShowDailyK_ChartFlow,FinMind_API_TaiwanStockPrice_3665,True,2026-09-22T15:49:21,2026-09-22T15:49:21,2026-09-22T15:49:21
3665,貿聯-KY,2024-05-27,264.0,0.5,0.19%,13.959999999999999,19.01,209.4,251.28,293.16,335.04,376.92,418.8,ShowDailyK_ChartFlow,FinMind_API_TaiwanStockPrice_3665,True,2026-09-22T15:49:21,2026-09-22T15:49:21,2026-09-22T15:49:21
3665,貿聯-KY,2024-05-28,266.0,2.0,0.76%,13.959999999999999,19.15,209.4,251.28,293.16,335.04,376.92,418.8,ShowDailyK_ChartFlow,FinMind_API_TaiwanStockPrice_3665,True,2026-09-22T15:49:21,2026-09-22T15:49:21,2026-09-22T15:49:21
3665,貿聯-KY,2024-05-29,261.5,-4.5,-1.69%,13.959999999999999,18.83,209.4,251.28,293.16,335.04,376.92,418.8,ShowDailyK_ChartFlow,FinMind_API_TaiwanStockPrice_3665,True,2026-09-22T15:49:21,2026-09-22T15:49:21,2026-09-22T15:49:21
3665,貿聯-KY,2024-05-30,268.0,6.5,2.49%,13.959999999999999,19.29,209.4,251.28,293.16,335.04,376.92,418.8,ShowDailyK_ChartFlow,FinMind_API_TaiwanStockPrice_3665,True,2026-09-22T15:49:21,2026-09-22T15:49:21,2026-09-22T15:49:21
3665,貿聯-KY,2024-05-31,277.0,9.0,3.36%,13.959999999999999,19.94,209.4,251.28,293.16,335.04,376.92,418.8,ShowDailyK_ChartFlow,FinMind_API_TaiwanStockPrice_3665,True,2026-09-22T15:49:21,2026-09-22T15:49:21,2026-09-22T15:49:21
3665,貿聯-KY,2024-06-03,277.0,0.0,0.00%,13.959999999999999,19.94,209.4,251.28,293.16,335.04,376.92,418.8,ShowDailyK_ChartFlow,FinMind_API_TaiwanStockPrice_3665,True,2026-09-22T15:49:21,2026-09-22T15:49:21,2026-09-22T15:49:21
3665,貿聯-KY,2024-06-04,287.0,10.0,3.61%,13.959999999999999,20.66,209.4,251.28,293.16,335.04,376.92,418.8,ShowDailyK_ChartFlow,FinMind_API_TaiwanStockPrice_3665,True,2026-09-22T15:49:21,2026-09-22T15:49:21,2026-09-22T15:49:21
3665,貿聯-KY,2024-06-05,285.5,-1.5,-0.52%,13.959999999999999,20.55,209.4,251.28,293.16,335.04,376.92,418.8,ShowDailyK_ChartFlow,FinMind_API_TaiwanStockPrice_3665,True,2026-09-22T15:49:21,2026-09-22T15:49:21,2026-09-22T15:49:21
3665,貿聯-KY,2024-06-06,275.5,-10.0,-3.50%,13.959999999999999,19.83,209.4,251.28,293.16,335.04,376.92,418.8,ShowDailyK_ChartFlow,FinMind_API_TaiwanStockPrice_3665,True,2026-09-22T15:49:21,2026-09-22T15:49:21,2026-09-22T15:49:21
3665,貿聯-KY,2024-06-07,288.0,12.5,4.54%,13.959999999999999,20.73,209.4,251.28,293.16,335.04,376.92,418.8,ShowDailyK_ChartFlow,FinMind_API_TaiwanStockPrice_3665,True,2026-09-22T15:49:21,2026-09-22T15:49:21,2026-09-22T15:49:21
3665,貿聯-KY,2024-06-11,291.0,3.0,1.04%,13.959999999999999,20.95,209.4,251.28,293.16,335.04,376.92,418.8,ShowDailyK_ChartFlow,FinMind_API_TaiwanStockPrice_3665,True,2026-09-22T15:49:21,2026-09-22T15:49:21,2026-09-22T15:49:21
3665,貿聯-KY,2024-06-12,283.0,-8.0,-2.75%,13.959999999999999,20.37,209.4,251.28,293.16,335.04,376.92,418.8,ShowDailyK_ChartFlow,FinMind_API_TaiwanStockPrice_3665,True,2026-09-22T15:49:21,2026-09-22T15:49:21,2026-09-22T15:49:21
3665,貿聯-KY,2024-06-13,304.0,21.0,7.42%,13.959999999999999,21.89,209.4,251.28,293.16,335.04,376.92,418.8,ShowDailyK_ChartFlow,FinMind_API_TaiwanStockPrice_3665,True,2026-09-22T15:49:21,2026-09-22T15:49:21,2026-09-22T15:49:21
3665,貿聯-KY,2024-06-14,323.5,19.5,6.41%,13.959999999999999,23.29,209.4,251.28,293.16,335.04,376.92,418.8,ShowDailyK_ChartFlow,FinMind_API_TaiwanStockPrice_3665,True,2026-09-22T15:49:21,2026-09-22T15:49:21,2026-09-22T15:49:21
3665,貿聯-KY,2024-06-17,351.0,27.5,8.50%,13.959999999999999,25.27,209.4,251.28,293.16,335.04,376.92,418.8,ShowDailyK_ChartFlow,FinMind_API_TaiwanStockPrice_3665,True,2026-09-22T15:49:21,2026-09-22T15:49:21,2026-09-22T15:49:21
3665,貿聯-KY,2024-06-18,333.5,-17.5,-4.99%,13.959999999999999,24.01,209.4,251.28,293.16,335.04,376.92,418.8,ShowDailyK_ChartFlow,FinMind_API_TaiwanStockPrice_3665,True,2026-09-22T15:49:21,2026-09-22T15:49:21,2026-09-22T15:49:21
3665,貿聯-KY,2024-06-19,341.0,7.5,2.25%,13.959999999999999,24.55,209.4,251.28,293.16,335.04,376.92,418.8,ShowDailyK_ChartFlow,FinMind_API_TaiwanStockPrice_3665,True,2026-09-22T15:49:21,2026-09-22T15:49:21,2026-09-22T15:49:21
3665,貿聯-KY,2024-06-20,340.0,-1.0,-0.29%,13.959999999999999,24.48,209.4,251.28,293.16,335.04,376.92,418.8,ShowDailyK_ChartFlow,FinMind_API_TaiwanStockPrice_3665,True,2026-09-22T15:49:21,2026-09-22T15:49:21,2026-09-22T15:49:21
3665,貿聯-KY,2024-06-21,332.0,-8.0,-2.35%,13.959999999999999,23.9,209.4,251.28,293.16,335.04,376.92,418.8,ShowDailyK_ChartFlow,FinMind_API_TaiwanStockPrice_3665,True,2026-09-22T15:49:21,2026-09-22T15:49:21,2026-09-22T15:49:21
3665,貿聯-KY,2024-06-24,330.0,-2.0,-0.60%,13.959999999999999,23.76,209.4,251.28,293.16,335.04,376.92,418.8,ShowDailyK_ChartFlow,FinMind_API_TaiwanStockPrice_3665,True,2026-09-22T15:49:21,2026-09-22T15:49:21,2026-09-22T15:49:21
3665,貿聯-KY,2024-06-25,338.0,8.0,2.42%,13.959999999999999,24.33,209.4,251.28,293.16,335.04,376.92,418.8,ShowDailyK_ChartFlow,FinMind_API_TaiwanStockPrice_3665,True,2026-09-22T15:49:21,2026-09-22T15:49:21,2026-09-22T15:49:21
3665,貿聯-KY,2024-06-26,360.5,22.5,6.66%,13.959999999999999,25.95,209.4,251.28,293.16,335.04,376.92,418.8,ShowDailyK_ChartFlow,FinMind_API_TaiwanStockPrice_3665,True,2026-09-22T15:49:21,2026-09-22T15:49:21,2026-09-22T15:49:21
3665,貿聯-KY,2024-06-27,360.0,-0.5,-0.14%,13.959999999999999,25.92,209.4,251.28,293.16,335.04,376.92,418.8,ShowDailyK_ChartFlow,FinMind_API_TaiwanStockPrice_3665,True,2026-09-22T15:49:21,2026-09-22T15:49:21,2026-09-22T15:49:21
3665,貿聯-KY,2024-06-28,374.0,14.0,3.89%,13.959999999999999,26.93,209.4,251.28,293.16,335.04,376.92,418.8,ShowDailyK_ChartFlow,FinMind_API_TaiwanStockPrice_3665,True,2026-09-22T15:49:21,2026-09-22T15:49:21,2026-09-22T15:49:21
3665,貿聯-KY,2024-07-01,365.5,-8.5,-2.27%,17.34,26.31,260.1,312.12,364.14,416.16,468.18,520.2,ShowDailyK_ChartFlow,FinMind_API_TaiwanStockPrice_3665,True,2026-09-22T15:49:21,2026-09-22T15:49:21,2026-09-22T15:49:21
3665,貿聯-KY,2024-07-02,367.0,1.5,0.41%,17.34,26.42,260.1,312.12,364.14,416.16,468.18,520.2,ShowDailyK_ChartFlow,FinMind_API_TaiwanStockPrice_3665,True,2026-09-22T15:49:21,2026-09-22T15:49:21,2026-09-22T15:49:21
3665,貿聯-KY,2024-07-03,388.5,21.5,5.86%,17.34,27.97,260.1,312.12,364.14,416.16,468.18,520.2,ShowDailyK_ChartFlow,FinMind_API_TaiwanStockPrice_3665,True,2026-09-22T15:49:21,2026-09-22T15:49:21,2026-09-22T15:49:21
3665,貿聯-KY,2024-07-04,383.5,-5.0,-1.29%,17.34,27.61,260.1,312.12,364.14,416.16,468.18,520.2,ShowDailyK_ChartFlow,FinMind_API_TaiwanStockPrice_3665,True,2026-09-22T15:49:21,2026-09-22T15:49:21,2026-09-22T15:49:21
3665,貿聯-KY,2024-07-05,385.0,1.5,0.39%,17.34,27.72,260.1,312.12,364.14,416.16,468.18,520.2,ShowDailyK_ChartFlow,FinMind_API_TaiwanStockPrice_3665,True,2026-09-22T15:49:21,2026-09-22T15:49:21,2026-09-22T15:49:21
3665,貿聯-KY,2024-07-08,383.5,-1.5,-0.39%,17.34,27.61,260.1,312.12,364.14,416.16,468.18,520.2,ShowDailyK_ChartFlow,FinMind_API_TaiwanStockPrice_3665,True,2026-09-22T15:49:21,2026-09-22T15:49:21,2026-09-22T15:49:21
3665,貿聯-KY,2024-07-09,379.0,-4.5,-1.17%,17.34,27.29,260.1,312.12,364.14,416.16,468.18,520.2,ShowDailyK_ChartFlow,FinMind_API_TaiwanStockPrice_3665,True,2026-09-22T15:49:21,2026-09-22T15:49:21,2026-09-22T15:49:21
3665,貿聯-KY,2024-07-10,386.0,7.0,1.85%,17.34,27.79,260.1,312.12,364.14,416.16,468.18,520.2,ShowDailyK_ChartFlow,FinMind_API_TaiwanStockPrice_3665,True,2026-09-22T15:49:21,2026-09-22T15:49:21,2026-09-22T15:49:21
3665,貿聯-KY,2024-07-11,402.0,16.0,4.15%,17.34,28.94,260.1,312.12,364.14,416.16,468.18,520.2,ShowDailyK_ChartFlow,FinMind_API_TaiwanStockPrice_3665,True,2026-09-22T15:49:21,2026-09-22T15:49:21,2026-09-22T15:49:21
3665,貿聯-KY,2024-07-12,386.0,-16.0,-3.98%,17.34,27.79,260.1,312.12,364.14,416.16,468.18,520.2,ShowDailyK_ChartFlow,FinMind_API_TaiwanStockPrice_3665,True,2026-09-22T15:49:21,2026-09-22T15:49:21,2026-09-22T15:49:21
3665,貿聯-KY,2024-07-15,420.0,34.0,8.81%,17.34,30.24,260.1,312.12,364.14,416.16,468.18,520.2,ShowDailyK_ChartFlow,FinMind_API_TaiwanStockPrice_3665,True,2026-09-22T15:49:21,2026-09-22T15:49:21,2026-09-22T15:49:21
3665,貿聯-KY,2024-07-16,411.5,-8.5,-2.02%,17.34,29.63,260.1,312.12,364.14,416.16,468.18,520.2,ShowDailyK_ChartFlow,FinMind_API_TaiwanStockPrice_3665,True,2026-09-22T15:49:21,2026-09-22T15:49:21,2026-09-22T15:49:21
3665,貿聯-KY,2024-07-17,389.0,-22.5,-5.47%,17.34,28.01,260.1,312.12,364.14,416.16,468.18,520.2,ShowDailyK_ChartFlow,FinMind_API_TaiwanStockPrice_3665,True,2026-09-22T15:49:21,2026-09-22T15:49:21,2026-09-22T15:49:21
3665,貿聯-KY,2024-07-18,390.0,1.0,0.26%,17.34,28.08,260.1,312.12,364.14,416.16,468.18,520.2,ShowDailyK_ChartFlow,FinMind_API_TaiwanStockPrice_3665,True,2026-09-22T15:49:21,2026-09-22T15:49:21,2026-09-22T15:49:21
3665,貿聯-KY,2024-07-19,392.0,2.0,0.51%,17.34,28.22,260.1,312.12,364.14,416.16,468.18,520.2,ShowDailyK_ChartFlow,FinMind_API_TaiwanStockPrice_3665,True,2026-09-22T15:49:21,2026-09-22T15:49:21,2026-09-22T15:49:21
3665,貿聯-KY,2024-07-22,388.0,-4.0,-1.02%,17.34,27.93,260.1,312.12,364.14,416.16,468.18,520.2,ShowDailyK_ChartFlow,FinMind_API_TaiwanStockPrice_3665,True,2026-09-22T15:49:21,2026-09-22T15:49:21,2026-09-22T15:49:21
3665,貿聯-KY,2024-07-23,397.5,9.5,2.45%,17.34,28.62,260.1,312.12,364.14,416.16,468.18,520.2,ShowDailyK_ChartFlow,FinMind_API_TaiwanStockPrice_3665,True,2026-09-22T15:49:21,2026-09-22T15:49:21,2026-09-22T15:49:21
3665,貿聯-KY,2024-07-26,382.0,-15.5,-3.90%,17.34,27.5,260.1,312.12,364.14,416.16,468.18,520.2,ShowDailyK_ChartFlow,FinMind_API_TaiwanStockPrice_3665,True,2026-09-22T15:49:21,2026-09-22T15:49:21,2026-09-22T15:49:21
3665,貿聯-KY,2024-07-29,378.5,-3.5,-0.92%,17.34,27.25,260.1,312.12,364.14,416.16,468.18,520.2,ShowDailyK_ChartFlow,FinMind_API_TaiwanStockPrice_3665,True,2026-09-22T15:49:21,2026-09-22T15:49:21,2026-09-22T15:49:21
3665,貿聯-KY,2024-07-30,391.5,13.0,3.43%,17.34,28.19,260.1,312.12,364.14,416.16,468.18,520.2,ShowDailyK_ChartFlow,FinMind_API_TaiwanStockPrice_3665,True,2026-09-22T15:49:21,2026-09-22T15:49:21,2026-09-22T15:49:21
3665,貿聯-KY,2024-07-31,379.0,-12.5,-3.19%,17.34,27.29,260.1,312.12,364.14,416.16,468.18,520.2,ShowDailyK_ChartFlow,FinMind_API_TaiwanStockPrice_3665,True,2026-09-22T15:49:21,2026-09-22T15:49:21,2026-09-22T15:49:21
3665,貿聯-KY,2024-08-01,415.0,36.0,9.50%,17.34,29.88,260.1,312.12,364.14,416.16,468.18,520.2,ShowDailyK_ChartFlow,FinMind_API_TaiwanStockPrice_3665,True,2026-09-22T15:49:21,2026-09-22T15:49:21,2026-09-22T15:49:21
3665,貿聯-KY,2024-08-02,378.0,-37.0,-8.92%,17.34,27.21,260.1,312.12,364.14,416.16,468.18,520.2,ShowDailyK_ChartFlow,FinMind_API_TaiwanStockPrice_3665,True,2026-09-22T15:49:21,2026-09-22T15:49:21,2026-09-22T15:49:21
3665,貿聯-KY,2024-08-05,346.0,-32.0,-8.47%,17.34,24.91,260.1,312.12,364.14,416.16,468.18,520.2,ShowDailyK_ChartFlow,FinMind_API_TaiwanStockPrice_3665,True,2026-09-22T15:49:21,2026-09-22T15:49:21,2026-09-22T15:49:21
3665,貿聯-KY,2024-08-06,356.0,10.0,2.89%,17.34,25.63,260.1,312.12,364.14,416.16,468.18,520.2,ShowDailyK_ChartFlow,FinMind_API_TaiwanStockPrice_3665,True,2026-09-22T15:49:21,2026-09-22T15:49:21,2026-09-22T15:49:21
3665,貿聯-KY,2024-08-07,371.5,15.5,4.35%,17.34,26.75,260.1,312.12,364.14,416.16,468.18,520.2,ShowDailyK_ChartFlow,FinMind_API_TaiwanStockPrice_3665,True,2026-09-22T15:49:21,2026-09-22T15:49:21,2026-09-22T15:49:21
3665,貿聯-KY,2024-08-08,367.0,-4.5,-1.21%,17.34,26.42,260.1,312.12,364.14,416.16,468.18,520.2,ShowDailyK_ChartFlow,FinMind_API_TaiwanStockPrice_3665,True,2026-09-22T15:49:21,2026-09-22T15:49:21,2026-09-22T15:49:21
3665,貿聯-KY,2024-08-09,383.5,16.5,4.50%,17.34,27.61,260.1,312.12,364.14,416.16,468.18,520.2,ShowDailyK_ChartFlow,FinMind_API_TaiwanStockPrice_3665,True,2026-09-22T15:49:21,2026-09-22T15:49:21,2026-09-22T15:49:21
3665,貿聯-KY,2024-08-12,386.0,2.5,0.65%,17.34,27.79,260.1,312.12,364.14,416.16,468.18,520.2,ShowDailyK_ChartFlow,FinMind_API_TaiwanStockPrice_3665,True,2026-09-22T15:49:21,2026-09-22T15:49:21,2026-09-22T15:49:21
3665,貿聯-KY,2024-08-13,388.5,2.5,0.65%,17.34,27.97,260.1,312.12,364.14,416.16,468.18,520.2,ShowDailyK_ChartFlow,FinMind_API_TaiwanStockPrice_3665,True,2026-09-22T15:49:21,2026-09-22T15:49:21,2026-09-22T15:49:21
3665,貿聯-KY,2024-08-14,391.0,2.5,0.64%,17.34,28.15,260.1,312.12,364.14,416.16,468.18,520.2,ShowDailyK_ChartFlow,FinMind_API_TaiwanStockPrice_3665,True,2026-09-22T15:49:21,2026-09-22T15:49:21,2026-09-22T15:49:21
3665,貿聯-KY,2024-08-15,383.5,-7.5,-1.92%,17.34,27.61,260.1,312.12,364.14,416.16,468.18,520.2,ShowDailyK_ChartFlow,FinMind_API_TaiwanStockPrice_3665,True,2026-09-22T15:49:21,2026-09-22T15:49:21,2026-09-22T15:49:21
3665,貿聯-KY,2024-08-16,404.5,21.0,5.48%,17.34,29.12,260.1,312.12,364.14,416.16,468.18,520.2,ShowDailyK_ChartFlow,FinMind_API_TaiwanStockPrice_3665,True,2026-09-22T15:49:21,2026-09-22T15:49:21,2026-09-22T15:49:21
3665,貿聯-KY,2024-08-19,420.5,16.0,3.96%,17.34,30.27,260.1,312.12,364.14,416.16,468.18,520.2,ShowDailyK_ChartFlow,FinMind_API_TaiwanStockPrice_3665,True,2026-09-22T15:49:21,2026-09-22T15:49:21,2026-09-22T15:49:21
3665,貿聯-KY,2024-08-20,425.5,5.0,1.19%,17.34,30.63,260.1,312.12,364.14,416.16,468.18,520.2,ShowDailyK_ChartFlow,FinMind_API_TaiwanStockPrice_3665,True,2026-09-22T15:49:21,2026-09-22T15:49:21,2026-09-22T15:49:21
3665,貿聯-KY,2024-08-21,417.0,-8.5,-2.00%,17.34,30.02,260.1,312.12,364.14,416.16,468.18,520.2,ShowDailyK_ChartFlow,FinMind_API_TaiwanStockPrice_3665,True,2026-09-22T15:49:21,2026-09-22T15:49:21,2026-09-22T15:49:21
3665,貿聯-KY,2024-08-22,424.0,7.0,1.68%,17.34,30.53,260.1,312.12,364.14,416.16,468.18,520.2,ShowDailyK_ChartFlow,FinMind_API_TaiwanStockPrice_3665,True,2026-09-22T15:49:21,2026-09-22T15:49:21,2026-09-22T15:49:21
3665,貿聯-KY,2024-08-23,429.5,5.5,1.30%,17.34,30.92,260.1,312.12,364.14,416.16,468.18,520.2,ShowDailyK_ChartFlow,FinMind_API_TaiwanStockPrice_3665,True,2026-09-22T15:49:21,2026-09-22T15:49:21,2026-09-22T15:49:21
3665,貿聯-KY,2024-08-26,431.5,2.0,0.47%,17.34,31.07,260.1,312.12,364.14,416.16,468.18,520.2,ShowDailyK_ChartFlow,FinMind_API_TaiwanStockPrice_3665,True,2026-09-22T15:49:21,2026-09-22T15:49:21,2026-09-22T15:49:21
3665,貿聯-KY,2024-08-27,469.5,38.0,8.81%,17.34,33.8,260.1,312.12,364.14,416.16,468.18,520.2,ShowDailyK_ChartFlow,FinMind_API_TaiwanStockPrice_3665,True,2026-09-22T15:49:21,2026-09-22T15:49:21,2026-09-22T15:49:21
3665,貿聯-KY,2024-08-28,451.0,-18.5,-3.94%,17.34,32.47,260.1,312.12,364.14,416.16,468.18,520.2,ShowDailyK_ChartFlow,FinMind_API_TaiwanStockPrice_3665,True,2026-09-22T15:49:21,2026-09-22T15:49:21,2026-09-22T15:49:21
3665,貿聯-KY,2024-08-29,441.5,-9.5,-2.11%,17.34,25.97,260.1,312.12,364.14,416.16,468.18,520.2,ShowDailyK_ChartFlow,FinMind_API_TaiwanStockPrice_3665,True,2026-09-22T15:49:21,2026-09-22T15:49:21,2026-09-22T15:49:21
3665,貿聯-KY,2024-08-30,455.5,14.0,3.17%,17.34,26.79,260.1,312.12,364.14,416.16,468.18,520.2,ShowDailyK_ChartFlow,FinMind_API_TaiwanStockPrice_3665,True,2026-09-22T15:49:21,2026-09-22T15:49:21,2026-09-22T15:49:21
3665,貿聯-KY,2024-09-02,438.5,-17.0,-3.73%,17.34,25.79,260.1,312.12,364.14,416.16,468.18,520.2,ShowDailyK_ChartFlow,FinMind_API_TaiwanStockPrice_3665,True,2026-09-22T15:49:21,2026-09-22T15:49:21,2026-09-22T15:49:21
3665,貿聯-KY,2024-09-03,433.0,-5.5,-1.25%,17.34,25.47,260.1,312.12,364.14,416.16,468.18,520.2,ShowDailyK_ChartFlow,FinMind_API_TaiwanStockPrice_3665,True,2026-09-22T15:49:21,2026-09-22T15:49:21,2026-09-22T15:49:21
3665,貿聯-KY,2024-09-04,416.0,-17.0,-3.93%,17.34,24.47,260.1,312.12,364.14,416.16,468.18,520.2,ShowDailyK_ChartFlow,FinMind_API_TaiwanStockPrice_3665,True,2026-09-22T15:49:21,2026-09-22T15:49:21,2026-09-22T15:49:21
3665,貿聯-KY,2024-09-05,412.0,-4.0,-0.96%,17.34,24.24,260.1,312.12,364.14,416.16,468.18,520.2,ShowDailyK_ChartFlow,FinMind_API_TaiwanStockPrice_3665,True,2026-09-22T15:49:21,2026-09-22T15:49:21,2026-09-22T15:49:21
3665,貿聯-KY,2024-09-06,420.0,8.0,1.94%,17.34,24.71,260.1,312.12,364.14,416.16,468.18,520.2,ShowDailyK_ChartFlow,FinMind_API_TaiwanStockPrice_3665,True,2026-09-22T15:49:21,2026-09-22T15:49:21,2026-09-22T15:49:21
3665,貿聯-KY,2024-09-09,413.0,-7.0,-1.67%,17.34,24.29,260.1,312.12,364.14,416.16,468.18,520.2,ShowDailyK_ChartFlow,FinMind_API_TaiwanStockPrice_3665,True,2026-09-22T15:49:21,2026-09-22T15:49:21,2026-09-22T15:49:21
3665,貿聯-KY,2024-09-10,397.5,-15.5,-3.75%,17.34,23.38,260.1,312.12,364.14,416.16,468.18,520.2,ShowDailyK_ChartFlow,FinMind_API_TaiwanStockPrice_3665,True,2026-09-22T15:49:21,2026-09-22T15:49:21,2026-09-22T15:49:21
3665,貿聯-KY,2024-09-11,401.5,4.0,1.01%,17.34,23.62,260.1,312.12,364.14,416.16,468.18,520.2,ShowDailyK_ChartFlow,FinMind_API_TaiwanStockPrice_3665,True,2026-09-22T15:49:21,2026-09-22T15:49:21,2026-09-22T15:49:21
3665,貿聯-KY,2024-09-12,421.0,19.5,4.86%,17.34,24.76,260.1,312.12,364.14,416.16,468.18,520.2,ShowDailyK_ChartFlow,FinMind_API_TaiwanStockPrice_3665,True,2026-09-22T15:49:21,2026-09-22T15:49:21,2026-09-22T15:49:21
3665,貿聯-KY,2024-09-13,412.5,-8.5,-2.02%,17.34,24.26,260.1,312.12,364.14,416.16,468.18,520.2,ShowDailyK_ChartFlow,FinMind_API_TaiwanStockPrice_3665,True,2026-09-22T15:49:21,2026-09-22T15:49:21,2026-09-22T15:49:21
3665,貿聯-KY,2024-09-16,413.0,0.5,0.12%,17.34,24.29,260.1,312.12,364.14,416.16,468.18,520.2,ShowDailyK_ChartFlow,FinMind_API_TaiwanStockPrice_3665,True,2026-09-22T15:49:21,2026-09-22T15:49:21,2026-09-22T15:49:21
3665,貿聯-KY,2024-09-18,409.5,-3.5,-0.85%,17.34,24.09,260.1,312.12,364.14,416.16,468.18,520.2,ShowDailyK_ChartFlow,FinMind_API_TaiwanStockPrice_3665,True,2026-09-22T15:49:21,2026-09-22T15:49:21,2026-09-22T15:49:21
3665,貿聯-KY,2024-09-19,416.5,7.0,1.71%,17.34,24.5,260.1,312.12,364.14,416.16,468.18,520.2,ShowDailyK_ChartFlow,FinMind_API_TaiwanStockPrice_3665,True,2026-09-22T15:49:21,2026-09-22T15:49:21,2026-09-22T15:49:21
3665,貿聯-KY,2024-09-20,435.0,18.5,4.44%,17.34,25.59,260.1,312.12,364.14,416.16,468.18,520.2,ShowDailyK_ChartFlow,FinMind_API_TaiwanStockPrice_3665,True,2026-09-22T15:49:21,2026-09-22T15:49:21,2026-09-22T15:49:21
3665,貿聯-KY,2024-09-23,451.0,16.0,3.68%,17.34,26.53,260.1,312.12,364.14,416.16,468.18,520.2,ShowDailyK_ChartFlow,FinMind_API_TaiwanStockPrice_3665,True,2026-09-22T15:49:21,2026-09-22T15:49:21,2026-09-22T15:49:21
3665,貿聯-KY,2024-09-24,461.0,10.0,2.22%,17.34,27.12,260.1,312.12,364.14,416.16,468.18,520.2,ShowDailyK_ChartFlow,FinMind_API_TaiwanStockPrice_3665,True,2026-09-22T15:49:21,2026-09-22T15:49:21,2026-09-22T15:49:21
3665,貿聯-KY,2024-09-25,460.0,-1.0,-0.22%,17.34,27.06,260.1,312.12,364.14,416.16,468.18,520.2,ShowDailyK_ChartFlow,FinMind_API_TaiwanStockPrice_3665,True,2026-09-22T15:49:21,2026-09-22T15:49:21,2026-09-22T15:49:21
3665,貿聯-KY,2024-09-26,463.0,3.0,0.65%,17.34,27.24,260.1,312.12,364.14,416.16,468.18,520.2,ShowDailyK_ChartFlow,FinMind_API_TaiwanStockPrice_3665,True,2026-09-22T15:49:21,2026-09-22T15:49:21,2026-09-22T15:49:21
3665,貿聯-KY,2024-09-27,463.5,0.5,0.11%,17.34,27.26,260.1,312.12,364.14,416.16,468.18,520.2,ShowDailyK_ChartFlow,FinMind_API_TaiwanStockPrice_3665,True,2026-09-22T15:49:21,2026-09-22T15:49:21,2026-09-22T15:49:21
3665,貿聯-KY,2024-09-30,461.0,-2.5,-0.54%,19.87,27.12,298.05,357.66,417.27,476.88,536.49,596.1,ShowDailyK_ChartFlow,FinMind_API_TaiwanStockPrice_3665,True,2026-09-22T15:49:21,2026-09-22T15:49:21,2026-09-22T15:49:21
3665,貿聯-KY,2024-10-01,479.0,18.0,3.90%,19.87,28.18,298.05,357.66,417.27,476.88,536.49,596.1,ShowDailyK_ChartFlow,FinMind_API_TaiwanStockPrice_3665,True,2026-09-22T15:49:21,2026-09-22T15:49:21,2026-09-22T15:49:21
3665,貿聯-KY,2024-10-04,431.5,-47.5,-9.92%,19.87,25.38,298.05,357.66,417.27,476.88,536.49,596.1,ShowDailyK_ChartFlow,FinMind_API_TaiwanStockPrice_3665,True,2026-09-22T15:49:21,2026-09-22T15:49:21,2026-09-22T15:49:21
3665,貿聯-KY,2024-10-07,455.0,23.5,5.45%,19.87,26.76,298.05,357.66,417.27,476.88,536.49,596.1,ShowDailyK_ChartFlow,FinMind_API_TaiwanStockPrice_3665,True,2026-09-22T15:49:21,2026-09-22T15:49:21,2026-09-22T15:49:21
3665,貿聯-KY,2024-10-08,444.5,-10.5,-2.31%,19.87,26.15,298.05,357.66,417.27,476.88,536.49,596.1,ShowDailyK_ChartFlow,FinMind_API_TaiwanStockPrice_3665,True,2026-09-22T15:49:21,2026-09-22T15:49:21,2026-09-22T15:49:21
3665,貿聯-KY,2024-10-09,444.0,-0.5,-0.11%,19.87,26.12,298.05,357.66,417.27,476.88,536.49,596.1,ShowDailyK_ChartFlow,FinMind_API_TaiwanStockPrice_3665,True,2026-09-22T15:49:21,2026-09-22T15:49:21,2026-09-22T15:49:21
3665,貿聯-KY,2024-10-11,456.0,12.0,2.70%,19.87,26.82,298.05,357.66,417.27,476.88,536.49,596.1,ShowDailyK_ChartFlow,FinMind_API_TaiwanStockPrice_3665,True,2026-09-22T15:49:21,2026-09-22T15:49:21,2026-09-22T15:49:21
3665,貿聯-KY,2024-10-14,457.5,1.5,0.33%,19.87,26.91,298.05,357.66,417.27,476.88,536.49,596.1,ShowDailyK_ChartFlow,FinMind_API_TaiwanStockPrice_3665,True,2026-09-22T15:49:21,2026-09-22T15:49:21,2026-09-22T15:49:21
3665,貿聯-KY,2024-10-15,467.0,9.5,2.08%,19.87,27.47,298.05,357.66,417.27,476.88,536.49,596.1,ShowDailyK_ChartFlow,FinMind_API_TaiwanStockPrice_3665,True,2026-09-22T15:49:21,2026-09-22T15:49:21,2026-09-22T15:49:21
3665,貿聯-KY,2024-10-16,467.5,0.5,0.11%,19.87,27.5,298.05,357.66,417.27,476.88,536.49,596.1,ShowDailyK_ChartFlow,FinMind_API_TaiwanStockPrice_3665,True,2026-09-22T15:49:21,2026-09-22T15:49:21,2026-09-22T15:49:21
3665,貿聯-KY,2024-10-17,465.0,-2.5,-0.53%,19.87,27.35,298.05,357.66,417.27,476.88,536.49,596.1,ShowDailyK_ChartFlow,FinMind_API_TaiwanStockPrice_3665,True,2026-09-22T15:49:21,2026-09-22T15:49:21,2026-09-22T15:49:21
3665,貿聯-KY,2024-10-18,471.0,6.0,1.29%,19.87,27.71,298.05,357.66,417.27,476.88,536.49,596.1,ShowDailyK_ChartFlow,FinMind_API_TaiwanStockPrice_3665,True,2026-09-22T15:49:21,2026-09-22T15:49:21,2026-09-22T15:49:21
3665,貿聯-KY,2024-10-21,480.0,9.0,1.91%,19.87,28.24,298.05,357.66,417.27,476.88,536.49,596.1,ShowDailyK_ChartFlow,FinMind_API_TaiwanStockPrice_3665,True,2026-09-22T15:49:21,2026-09-22T15:49:21,2026-09-22T15:49:21
3665,貿聯-KY,2024-10-22,495.0,15.0,3.12%,19.87,29.12,298.05,357.66,417.27,476.88,536.49,596.1,ShowDailyK_ChartFlow,FinMind_API_TaiwanStockPrice_3665,True,2026-09-22T15:49:21,2026-09-22T15:49:21,2026-09-22T15:49:21
3665,貿聯-KY,2024-10-23,488.5,-6.5,-1.31%,19.87,28.74,298.05,357.66,417.27,476.88,536.49,596.1,ShowDailyK_ChartFlow,FinMind_API_TaiwanStockPrice_3665,True,2026-09-22T15:49:21,2026-09-22T15:49:21,2026-09-22T15:49:21
3665,貿聯-KY,2024-10-24,476.5,-12.0,-2.46%,19.87,28.03,298.05,357.66,417.27,476.88,536.49,596.1,ShowDailyK_ChartFlow,FinMind_API_TaiwanStockPrice_3665,True,2026-09-22T15:49:21,2026-09-22T15:49:21,2026-09-22T15:49:21
3665,貿聯-KY,2024-10-25,469.5,-7.0,-1.47%,19.87,27.62,298.05,357.66,417.27,476.88,536.49,596.1,ShowDailyK_ChartFlow,FinMind_API_TaiwanStockPrice_3665,True,2026-09-22T15:49:21,2026-09-22T15:49:21,2026-09-22T15:49:21
3665,貿聯-KY,2024-10-28,470.0,0.5,0.11%,19.87,27.65,298.05,357.66,417.27,476.88,536.49,596.1,ShowDailyK_ChartFlow,FinMind_API_TaiwanStockPrice_3665,True,2026-09-22T15:49:21,2026-09-22T15:49:21,2026-09-22T15:49:21
3665,貿聯-KY,2024-10-29,452.0,-18.0,-3.83%,19.87,26.59,298.05,357.66,417.27,476.88,536.49,596.1,ShowDailyK_ChartFlow,FinMind_API_TaiwanStockPrice_3665,True,2026-09-22T15:49:21,2026-09-22T15:49:21,2026-09-22T15:49:21
3665,貿聯-KY,2024-10-30,471.5,19.5,4.31%,19.87,27.74,298.05,357.66,417.27,476.88,536.49,596.1,ShowDailyK_ChartFlow,FinMind_API_TaiwanStockPrice_3665,True,2026-09-22T15:49:21,2026-09-22T15:49:21,2026-09-22T15:49:21
3665,貿聯-KY,2024-11-01,469.0,-2.5,-0.53%,19.87,27.59,298.05,357.66,417.27,476.88,536.49,596.1,ShowDailyK_ChartFlow,FinMind_API_TaiwanStockPrice_3665,True,2026-09-22T15:49:21,2026-09-22T15:49:21,2026-09-22T15:49:21
3665,貿聯-KY,2024-11-04,481.0,12.0,2.56%,19.87,28.29,298.05,357.66,417.27,476.88,536.49,596.1,ShowDailyK_ChartFlow,FinMind_API_TaiwanStockPrice_3665,True,2026-09-22T15:49:21,2026-09-22T15:49:21,2026-09-22T15:49:21
3665,貿聯-KY,2024-11-05,483.0,2.0,0.42%,19.87,28.41,298.05,357.66,417.27,476.88,536.49,596.1,ShowDailyK_ChartFlow,FinMind_API_TaiwanStockPrice_3665,True,2026-09-22T15:49:21,2026-09-22T15:49:21,2026-09-22T15:49:21
3665,貿聯-KY,2024-11-06,489.5,6.5,1.35%,19.87,28.79,298.05,357.66,417.27,476.88,536.49,596.1,ShowDailyK_ChartFlow,FinMind_API_TaiwanStockPrice_3665,True,2026-09-22T15:49:21,2026-09-22T15:49:21,2026-09-22T15:49:21
3665,貿聯-KY,2024-11-07,494.0,4.5,0.92%,19.87,29.06,298.05,357.66,417.27,476.88,536.49,596.1,ShowDailyK_ChartFlow,FinMind_API_TaiwanStockPrice_3665,True,2026-09-22T15:49:21,2026-09-22T15:49:21,2026-09-22T15:49:21
3665,貿聯-KY,2024-11-08,521.0,27.0,5.47%,19.87,28.53,298.05,357.66,417.27,476.88,536.49,596.1,ShowDailyK_ChartFlow,FinMind_API_TaiwanStockPrice_3665,True,2026-09-22T15:49:21,2026-09-22T15:49:21,2026-09-22T15:49:21
3665,貿聯-KY,2024-11-11,573.0,52.0,9.98%,19.87,31.38,298.05,357.66,417.27,476.88,536.49,596.1,ShowDailyK_ChartFlow,FinMind_API_TaiwanStockPrice_3665,True,2026-09-22T15:49:21,2026-09-22T15:49:21,2026-09-22T15:49:21
3665,貿聯-KY,2024-11-12,571.0,-2.0,-0.35%,19.87,31.27,298.05,357.66,417.27,476.88,536.49,596.1,ShowDailyK_ChartFlow,FinMind_API_TaiwanStockPrice_3665,True,2026-09-22T15:49:21,2026-09-22T15:49:21,2026-09-22T15:49:21
3665,貿聯-KY,2024-11-13,566.0,-5.0,-0.88%,19.87,31.0,298.05,357.66,417.27,476.88,536.49,596.1,ShowDailyK_ChartFlow,FinMind_API_TaiwanStockPrice_3665,True,2026-09-22T15:49:21,2026-09-22T15:49:21,2026-09-22T15:49:21
3665,貿聯-KY,2024-11-14,574.0,8.0,1.41%,19.87,31.43,298.05,357.66,417.27,476.88,536.49,596.1,ShowDailyK_ChartFlow,FinMind_API_TaiwanStockPrice_3665,True,2026-09-22T15:49:21,2026-09-22T15:49:21,2026-09-22T15:49:21
3665,貿聯-KY,2024-11-15,596.0,22.0,3.83%,19.87,32.64,298.05,357.66,417.27,476.88,536.49,596.1,ShowDailyK_ChartFlow,FinMind_API_TaiwanStockPrice_3665,True,2026-09-22T15:49:21,2026-09-22T15:49:21,2026-09-22T15:49:21
3665,貿聯-KY,2024-11-18,561.0,-35.0,-5.87%,19.87,30.72,298.05,357.66,417.27,476.88,536.49,596.1,ShowDailyK_ChartFlow,FinMind_API_TaiwanStockPrice_3665,True,2026-09-22T15:49:21,2026-09-22T15:49:21,2026-09-22T15:49:21
3665,貿聯-KY,2024-11-19,601.0,40.0,7.13%,19.87,32.91,298.05,357.66,417.27,476.88,536.49,596.1,ShowDailyK_ChartFlow,FinMind_API_TaiwanStockPrice_3665,True,2026-09-22T15:49:21,2026-09-22T15:49:21,2026-09-22T15:49:21
3665,貿聯-KY,2024-11-20,599.0,-2.0,-0.33%,19.87,32.8,298.05,357.66,417.27,476.88,536.49,596.1,ShowDailyK_ChartFlow,FinMind_API_TaiwanStockPrice_3665,True,2026-09-22T15:49:21,2026-09-22T15:49:21,2026-09-22T15:49:21
3665,貿聯-KY,2024-11-21,642.0,43.0,7.18%,19.87,35.16,298.05,357.66,417.27,476.88,536.49,596.1,ShowDailyK_ChartFlow,FinMind_API_TaiwanStockPrice_3665,True,2026-09-22T15:49:21,2026-09-22T15:49:21,2026-09-22T15:49:21
3665,貿聯-KY,2024-11-22,633.0,-9.0,-1.40%,19.87,34.67,298.05,357.66,417.27,476.88,536.49,596.1,ShowDailyK_ChartFlow,FinMind_API_TaiwanStockPrice_3665,True,2026-09-22T15:49:21,2026-09-22T15:49:21,2026-09-22T15:49:21
3665,貿聯-KY,2024-11-25,628.0,-5.0,-0.79%,19.87,34.39,298.05,357.66,417.27,476.88,536.49,596.1,ShowDailyK_ChartFlow,FinMind_API_TaiwanStockPrice_3665,True,2026-09-22T15:49:21,2026-09-22T15:49:21,2026-09-22T15:49:21
3665,貿聯-KY,2024-11-26,620.0,-8.0,-1.27%,19.87,33.95,298.05,357.66,417.27,476.88,536.49,596.1,ShowDailyK_ChartFlow,FinMind_API_TaiwanStockPrice_3665,True,2026-09-22T15:49:21,2026-09-22T15:49:21,2026-09-22T15:49:21
3665,貿聯-KY,2024-11-27,619.0,-1.0,-0.16%,19.87,33.9,298.05,357.66,417.27,476.88,536.49,596.1,ShowDailyK_ChartFlow,FinMind_API_TaiwanStockPrice_3665,True,2026-09-22T15:49:21,2026-09-22T15:49:21,2026-09-22T15:49:21
3665,貿聯-KY,2024-11-28,604.0,-15.0,-2.42%,19.87,33.08,298.05,357.66,417.27,476.88,536.49,596.1,ShowDailyK_ChartFlow,FinMind_API_TaiwanStockPrice_3665,True,2026-09-22T15:49:21,2026-09-22T15:49:21,2026-09-22T15:49:21
3665,貿聯-KY,2024-11-29,647.0,43.0,7.12%,19.87,35.43,298.05,357.66,417.27,476.88,536.49,596.1,ShowDailyK_ChartFlow,FinMind_API_TaiwanStockPrice_3665,True,2026-09-22T15:49:21,2026-09-22T15:49:21,2026-09-22T15:49:21
3665,貿聯-KY,2024-12-02,657.0,10.0,1.55%,19.87,35.98,298.05,357.66,417.27,476.88,536.49,596.1,ShowDailyK_ChartFlow,FinMind_API_TaiwanStockPrice_3665,True,2026-09-22T15:49:21,2026-09-22T15:49:21,2026-09-22T15:49:21
3665,貿聯-KY,2024-12-03,673.0,16.0,2.44%,19.87,36.86,298.05,357.66,417.27,476.88,536.49,596.1,ShowDailyK_ChartFlow,FinMind_API_TaiwanStockPrice_3665,True,2026-09-22T15:49:21,2026-09-22T15:49:21,2026-09-22T15:49:21
3665,貿聯-KY,2024-12-04,729.0,56.0,8.32%,19.87,39.92,298.05,357.66,417.27,476.88,536.49,596.1,ShowDailyK_ChartFlow,FinMind_API_TaiwanStockPrice_3665,True,2026-09-22T15:49:21,2026-09-22T15:49:21,2026-09-22T15:49:21
3665,貿聯-KY,2024-12-05,721.0,-8.0,-1.10%,19.87,39.49,298.05,357.66,417.27,476.88,536.49,596.1,ShowDailyK_ChartFlow,FinMind_API_TaiwanStockPrice_3665,True,2026-09-22T15:49:21,2026-09-22T15:49:21,2026-09-22T15:49:21
3665,貿聯-KY,2024-12-06,710.0,-11.0,-1.53%,19.87,38.88,298.05,357.66,417.27,476.88,536.49,596.1,ShowDailyK_ChartFlow,FinMind_API_TaiwanStockPrice_3665,True,2026-09-22T15:49:21,2026-09-22T15:49:21,2026-09-22T15:49:21
3665,貿聯-KY,2024-12-09,704.0,-6.0,-0.85%,19.87,38.55,298.05,357.66,417.27,476.88,536.49,596.1,ShowDailyK_ChartFlow,FinMind_API_TaiwanStockPrice_3665,True,2026-09-22T15:49:21,2026-09-22T15:49:21,2026-09-22T15:49:21
3665,貿聯-KY,2024-12-10,682.0,-22.0,-3.12%,19.87,37.35,298.05,357.66,417.27,476.88,536.49,596.1,ShowDailyK_ChartFlow,FinMind_API_TaiwanStockPrice_3665,True,2026-09-22T15:49:21,2026-09-22T15:49:21,2026-09-22T15:49:21
3665,貿聯-KY,2024-12-11,686.0,4.0,0.59%,19.87,37.57,298.05,357.66,417.27,476.88,536.49,596.1,ShowDailyK_ChartFlow,FinMind_API_TaiwanStockPrice_3665,True,2026-09-22T15:49:21,2026-09-22T15:49:21,2026-09-22T15:49:21
3665,貿聯-KY,2024-12-12,696.0,10.0,1.46%,19.87,38.12,298.05,357.66,417.27,476.88,536.49,596.1,ShowDailyK_ChartFlow,FinMind_API_TaiwanStockPrice_3665,True,2026-09-22T15:49:21,2026-09-22T15:49:21,2026-09-22T15:49:21
3665,貿聯-KY,2024-12-13,703.0,7.0,1.01%,19.87,38.5,298.05,357.66,417.27,476.88,536.49,596.1,ShowDailyK_ChartFlow,FinMind_API_TaiwanStockPrice_3665,True,2026-09-22T15:49:21,2026-09-22T15:49:21,2026-09-22T15:49:21
3665,貿聯-KY,2024-12-16,682.0,-21.0,-2.99%,19.87,37.35,298.05,357.66,417.27,476.88,536.49,596.1,ShowDailyK_ChartFlow,FinMind_API_TaiwanStockPrice_3665,True,2026-09-22T15:49:21,2026-09-22T15:49:21,2026-09-22T15:49:21
3665,貿聯-KY,2024-12-17,676.0,-6.0,-0.88%,19.87,37.02,298.05,357.66,417.27,476.88,536.49,596.1,ShowDailyK_ChartFlow,FinMind_API_TaiwanStockPrice_3665,True,2026-09-22T15:49:21,2026-09-22T15:49:21,2026-09-22T15:49:21
3665,貿聯-KY,2024-12-18,609.0,-67.0,-9.91%,19.87,33.35,298.05,357.66,417.27,476.88,536.49,596.1,ShowDailyK_ChartFlow,FinMind_API_TaiwanStockPrice_3665,True,2026-09-22T15:49:21,2026-09-22T15:49:21,2026-09-22T15:49:21
3665,貿聯-KY,2024-12-19,631.0,22.0,3.61%,19.87,34.56,298.05,357.66,417.27,476.88,536.49,596.1,ShowDailyK_ChartFlow,FinMind_API_TaiwanStockPrice_3665,True,2026-09-22T15:49:21,2026-09-22T15:49:21,2026-09-22T15:49:21
3665,貿聯-KY,2024-12-20,620.0,-11.0,-1.74%,19.87,33.95,298.05,357.66,417.27,476.88,536.49,596.1,ShowDailyK_ChartFlow,FinMind_API_TaiwanStockPrice_3665,True,2026-09-22T15:49:21,2026-09-22T15:49:21,2026-09-22T15:49:21
3665,貿聯-KY,2024-12-23,613.0,-7.0,-1.13%,19.87,33.57,298.05,357.66,417.27,476.88,536.49,596.1,ShowDailyK_ChartFlow,FinMind_API_TaiwanStockPrice_3665,True,2026-09-22T15:49:21,2026-09-22T15:49:21,2026-09-22T15:49:21
3665,貿聯-KY,2024-12-24,601.0,-12.0,-1.96%,19.87,32.91,298.05,357.66,417.27,476.88,536.49,596.1,ShowDailyK_ChartFlow,FinMind_API_TaiwanStockPrice_3665,True,2026-09-22T15:49:21,2026-09-22T15:49:21,2026-09-22T15:49:21
3665,貿聯-KY,2024-12-25,591.0,-10.0,-1.66%,19.87,32.37,298.05,357.66,417.27,476.88,536.49,596.1,ShowDailyK_ChartFlow,FinMind_API_TaiwanStockPrice_3665,True,2026-09-22T15:49:21,2026-09-22T15:49:21,2026-09-22T15:49:21
3665,貿聯-KY,2024-12-26,602.0,11.0,1.86%,19.87,32.97,298.05,357.66,417.27,476.88,536.49,596.1,ShowDailyK_ChartFlow,FinMind_API_TaiwanStockPrice_3665,True,2026-09-22T15:49:21,2026-09-22T15:49:21,2026-09-22T15:49:21
3665,貿聯-KY,2024-12-27,601.0,-1.0,-0.17%,19.87,32.91,298.05,357.66,417.27,476.88,536.49,596.1,ShowDailyK_ChartFlow,FinMind_API_TaiwanStockPrice_3665,True,2026-09-22T15:49:21,2026-09-22T15:49:21,2026-09-22T15:49:21
3665,貿聯-KY,2024-12-30,602.0,1.0,0.17%,19.87,32.97,298.05,357.66,417.27,476.88,536.49,596.1,ShowDailyK_ChartFlow,FinMind_API_TaiwanStockPrice_3665,True,2026-09-22T15:49:21,2026-09-22T15:49:21,2026-09-22T15:49:21
3665,貿聯-KY,2024-12-31,612.0,10.0,1.66%,25.29,33.52,379.35,455.22,531.09,606.96,682.83,758.7,ShowDailyK_ChartFlow,FinMind_API_TaiwanStockPrice_3665,True,2026-09-22T15:49:21,2026-09-22T15:49:21,2026-09-22T15:49:21
3665,貿聯-KY,2025-01-02,605.0,-7.0,-1.14%,25.29,33.13,379.35,455.22,531.09,606.96,682.83,758.7,ShowDailyK_ChartFlow,FinMind_API_TaiwanStockPrice_3665,True,2026-09-22T15:49:21,2026-09-22T15:49:21,2026-09-22T15:49:21
3665,貿聯-KY,2025-01-03,605.0,0.0,0.00%,25.29,33.13,379.35,455.22,531.09,606.96,682.83,758.7,ShowDailyK_ChartFlow,FinMind_API_TaiwanStockPrice_3665,True,2026-09-22T15:49:21,2026-09-22T15:49:21,2026-09-22T15:49:21
3665,貿聯-KY,2025-01-06,628.0,23.0,3.80%,25.29,34.39,379.35,455.22,531.09,606.96,682.83,758.7,ShowDailyK_ChartFlow,FinMind_API_TaiwanStockPrice_3665,True,2026-09-22T15:49:21,2026-09-22T15:49:21,2026-09-22T15:49:21
3665,貿聯-KY,2025-01-07,625.0,-3.0,-0.48%,25.29,34.23,379.35,455.22,531.09,606.96,682.83,758.7,ShowDailyK_ChartFlow,FinMind_API_TaiwanStockPrice_3665,True,2026-09-22T15:49:21,2026-09-22T15:49:21,2026-09-22T15:49:21
3665,貿聯-KY,2025-01-08,640.0,15.0,2.40%,25.29,35.05,379.35,455.22,531.09,606.96,682.83,758.7,ShowDailyK_ChartFlow,FinMind_API_TaiwanStockPrice_3665,True,2026-09-22T15:49:21,2026-09-22T15:49:21,2026-09-22T15:49:21
3665,貿聯-KY,2025-01-09,643.0,3.0,0.47%,25.29,35.21,379.35,455.22,531.09,606.96,682.83,758.7,ShowDailyK_ChartFlow,FinMind_API_TaiwanStockPrice_3665,True,2026-09-22T15:49:21,2026-09-22T15:49:21,2026-09-22T15:49:21
3665,貿聯-KY,2025-01-10,620.0,-23.0,-3.58%,25.29,33.95,379.35,455.22,531.09,606.96,682.83,758.7,ShowDailyK_ChartFlow,FinMind_API_TaiwanStockPrice_3665,True,2026-09-22T15:49:21,2026-09-22T15:49:21,2026-09-22T15:49:21
3665,貿聯-KY,2025-01-13,593.0,-27.0,-4.35%,25.29,32.48,379.35,455.22,531.09,606.96,682.83,758.7,ShowDailyK_ChartFlow,FinMind_API_TaiwanStockPrice_3665,True,2026-09-22T15:49:21,2026-09-22T15:49:21,2026-09-22T15:49:21
3665,貿聯-KY,2025-01-14,584.0,-9.0,-1.52%,25.29,31.98,379.35,455.22,531.09,606.96,682.83,758.7,ShowDailyK_ChartFlow,FinMind_API_TaiwanStockPrice_3665,True,2026-09-22T15:49:21,2026-09-22T15:49:21,2026-09-22T15:49:21
3665,貿聯-KY,2025-01-15,542.0,-42.0,-7.19%,25.29,29.68,379.35,455.22,531.09,606.96,682.83,758.7,ShowDailyK_ChartFlow,FinMind_API_TaiwanStockPrice_3665,True,2026-09-22T15:49:21,2026-09-22T15:49:21,2026-09-22T15:49:21
3665,貿聯-KY,2025-01-16,556.0,14.0,2.58%,25.29,30.45,379.35,455.22,531.09,606.96,682.83,758.7,ShowDailyK_ChartFlow,FinMind_API_TaiwanStockPrice_3665,True,2026-09-22T15:49:21,2026-09-22T15:49:21,2026-09-22T15:49:21
3665,貿聯-KY,2025-01-17,561.0,5.0,0.90%,25.29,30.72,379.35,455.22,531.09,606.96,682.83,758.7,ShowDailyK_ChartFlow,FinMind_API_TaiwanStockPrice_3665,True,2026-09-22T15:49:21,2026-09-22T15:49:21,2026-09-22T15:49:21
3665,貿聯-KY,2025-01-20,617.0,56.0,9.98%,25.29,33.79,379.35,455.22,531.09,606.96,682.83,758.7,ShowDailyK_ChartFlow,FinMind_API_TaiwanStockPrice_3665,True,2026-09-22T15:49:21,2026-09-22T15:49:21,2026-09-22T15:49:21
3665,貿聯-KY,2025-01-21,612.0,-5.0,-0.81%,25.29,33.52,379.35,455.22,531.09,606.96,682.83,758.7,ShowDailyK_ChartFlow,FinMind_API_TaiwanStockPrice_3665,True,2026-09-22T15:49:21,2026-09-22T15:49:21,2026-09-22T15:49:21
3665,貿聯-KY,2025-01-22,637.0,25.0,4.08%,25.29,34.88,379.35,455.22,531.09,606.96,682.83,758.7,ShowDailyK_ChartFlow,FinMind_API_TaiwanStockPrice_3665,True,2026-09-22T15:49:21,2026-09-22T15:49:21,2026-09-22T15:49:21
3665,貿聯-KY,2025-02-03,583.0,-54.0,-8.48%,25.29,31.93,379.35,455.22,531.09,606.96,682.83,758.7,ShowDailyK_ChartFlow,FinMind_API_TaiwanStockPrice_3665,True,2026-09-22T15:49:21,2026-09-22T15:49:21,2026-09-22T15:49:21
3665,貿聯-KY,2025-02-04,571.0,-12.0,-2.06%,25.29,31.27,379.35,455.22,531.09,606.96,682.83,758.7,ShowDailyK_ChartFlow,FinMind_API_TaiwanStockPrice_3665,True,2026-09-22T15:49:21,2026-09-22T15:49:21,2026-09-22T15:49:21
3665,貿聯-KY,2025-02-05,600.0,29.0,5.08%,25.29,32.86,379.35,455.22,531.09,606.96,682.83,758.7,ShowDailyK_ChartFlow,FinMind_API_TaiwanStockPrice_3665,True,2026-09-22T15:49:21,2026-09-22T15:49:21,2026-09-22T15:49:21
3665,貿聯-KY,2025-02-06,620.0,20.0,3.33%,25.29,33.95,379.35,455.22,531.09,606.96,682.83,758.7,ShowDailyK_ChartFlow,FinMind_API_TaiwanStockPrice_3665,True,2026-09-22T15:49:21,2026-09-22T15:49:21,2026-09-22T15:49:21
3665,貿聯-KY,2025-02-07,646.0,26.0,4.19%,25.29,35.38,379.35,455.22,531.09,606.96,682.83,758.7,ShowDailyK_ChartFlow,FinMind_API_TaiwanStockPrice_3665,True,2026-09-22T15:49:21,2026-09-22T15:49:21,2026-09-22T15:49:21
3665,貿聯-KY,2025-02-10,656.0,10.0,1.55%,25.29,35.93,379.35,455.22,531.09,606.96,682.83,758.7,ShowDailyK_ChartFlow,FinMind_API_TaiwanStockPrice_3665,True,2026-09-22T15:49:21,2026-09-22T15:49:21,2026-09-22T15:49:21
3665,貿聯-KY,2025-02-11,706.0,50.0,7.62%,25.29,38.66,379.35,455.22,531.09,606.96,682.83,758.7,ShowDailyK_ChartFlow,FinMind_API_TaiwanStockPrice_3665,True,2026-09-22T15:49:21,2026-09-22T15:49:21,2026-09-22T15:49:21
3665,貿聯-KY,2025-02-12,699.0,-7.0,-0.99%,25.29,38.28,379.35,455.22,531.09,606.96,682.83,758.7,ShowDailyK_ChartFlow,FinMind_API_TaiwanStockPrice_3665,True,2026-09-22T15:49:21,2026-09-22T15:49:21,2026-09-22T15:49:21
3665,貿聯-KY,2025-02-13,693.0,-6.0,-0.86%,25.29,37.95,379.35,455.22,531.09,606.96,682.83,758.7,ShowDailyK_ChartFlow,FinMind_API_TaiwanStockPrice_3665,True,2026-09-22T15:49:21,2026-09-22T15:49:21,2026-09-22T15:49:21
3665,貿聯-KY,2025-02-14,698.0,5.0,0.72%,25.29,38.23,379.35,455.22,531.09,606.96,682.83,758.7,ShowDailyK_ChartFlow,FinMind_API_TaiwanStockPrice_3665,True,2026-09-22T15:49:21,2026-09-22T15:49:21,2026-09-22T15:49:21
3665,貿聯-KY,2025-02-17,658.0,-40.0,-5.73%,25.29,36.04,379.35,455.22,531.09,606.96,682.83,758.7,ShowDailyK_ChartFlow,FinMind_API_TaiwanStockPrice_3665,True,2026-09-22T15:49:21,2026-09-22T15:49:21,2026-09-22T15:49:21
3665,貿聯-KY,2025-02-18,686.0,28.0,4.26%,25.29,37.57,379.35,455.22,531.09,606.96,682.83,758.7,ShowDailyK_ChartFlow,FinMind_API_TaiwanStockPrice_3665,True,2026-09-22T15:49:21,2026-09-22T15:49:21,2026-09-22T15:49:21
3665,貿聯-KY,2025-02-19,682.0,-4.0,-0.58%,25.29,37.35,379.35,455.22,531.09,606.96,682.83,758.7,ShowDailyK_ChartFlow,FinMind_API_TaiwanStockPrice_3665,True,2026-09-22T15:49:21,2026-09-22T15:49:21,2026-09-22T15:49:21
3665,貿聯-KY,2025-02-20,694.0,12.0,1.76%,25.29,38.01,379.35,455.22,531.09,606.96,682.83,758.7,ShowDailyK_ChartFlow,FinMind_API_TaiwanStockPrice_3665,True,2026-09-22T15:49:21,2026-09-22T15:49:21,2026-09-22T15:49:21
3665,貿聯-KY,2025-02-21,692.0,-2.0,-0.29%,25.29,37.9,379.35,455.22,531.09,606.96,682.83,758.7,ShowDailyK_ChartFlow,FinMind_API_TaiwanStockPrice_3665,True,2026-09-22T15:49:21,2026-09-22T15:49:21,2026-09-22T15:49:21
3665,貿聯-KY,2025-02-24,654.0,-38.0,-5.49%,25.29,35.82,379.35,455.22,531.09,606.96,682.83,758.7,ShowDailyK_ChartFlow,FinMind_API_TaiwanStockPrice_3665,True,2026-09-22T15:49:21,2026-09-22T15:49:21,2026-09-22T15:49:21
3665,貿聯-KY,2025-02-25,634.0,-20.0,-3.06%,25.29,34.72,379.35,455.22,531.09,606.96,682.83,758.7,ShowDailyK_ChartFlow,FinMind_API_TaiwanStockPrice_3665,True,2026-09-22T15:49:21,2026-09-22T15:49:21,2026-09-22T15:49:21
3665,貿聯-KY,2025-02-26,628.0,-6.0,-0.95%,25.29,34.39,379.35,455.22,531.09,606.96,682.83,758.7,ShowDailyK_ChartFlow,FinMind_API_TaiwanStockPrice_3665,True,2026-09-22T15:49:21,2026-09-22T15:49:21,2026-09-22T15:49:21
3665,貿聯-KY,2025-02-27,595.0,-33.0,-5.25%,25.29,32.58,379.35,455.22,531.09,606.96,682.83,758.7,ShowDailyK_ChartFlow,FinMind_API_TaiwanStockPrice_3665,True,2026-09-22T15:49:21,2026-09-22T15:49:21,2026-09-22T15:49:21
3665,貿聯-KY,2025-03-03,591.0,-4.0,-0.67%,25.29,32.37,379.35,455.22,531.09,606.96,682.83,758.7,ShowDailyK_ChartFlow,FinMind_API_TaiwanStockPrice_3665,True,2026-09-22T15:49:21,2026-09-22T15:49:21,2026-09-22T15:49:21
3665,貿聯-KY,2025-03-04,586.0,-5.0,-0.85%,25.29,32.09,379.35,455.22,531.09,606.96,682.83,758.7,ShowDailyK_ChartFlow,FinMind_API_TaiwanStockPrice_3665,True,2026-09-22T15:49:21,2026-09-22T15:49:21,2026-09-22T15:49:21
3665,貿聯-KY,2025-03-05,602.0,16.0,2.73%,25.29,32.97,379.35,455.22,531.09,606.96,682.83,758.7,ShowDailyK_ChartFlow,FinMind_API_TaiwanStockPrice_3665,True,2026-09-22T15:49:21,2026-09-22T15:49:21,2026-09-22T15:49:21
3665,貿聯-KY,2025-03-06,600.0,-2.0,-0.33%,25.29,32.86,379.35,455.22,531.09,606.96,682.83,758.7,ShowDailyK_ChartFlow,FinMind_API_TaiwanStockPrice_3665,True,2026-09-22T15:49:21,2026-09-22T15:49:21,2026-09-22T15:49:21
3665,貿聯-KY,2025-03-07,568.0,-32.0,-5.33%,25.29,31.11,379.35,455.22,531.09,606.96,682.83,758.7,ShowDailyK_ChartFlow,FinMind_API_TaiwanStockPrice_3665,True,2026-09-22T15:49:21,2026-09-22T15:49:21,2026-09-22T15:49:21
3665,貿聯-KY,2025-03-10,584.0,16.0,2.82%,25.29,31.98,379.35,455.22,531.09,606.96,682.83,758.7,ShowDailyK_ChartFlow,FinMind_API_TaiwanStockPrice_3665,True,2026-09-22T15:49:21,2026-09-22T15:49:21,2026-09-22T15:49:21
3665,貿聯-KY,2025-03-11,541.0,-43.0,-7.36%,25.29,29.63,379.35,455.22,531.09,606.96,682.83,758.7,ShowDailyK_ChartFlow,FinMind_API_TaiwanStockPrice_3665,True,2026-09-22T15:49:21,2026-09-22T15:49:21,2026-09-22T15:49:21
3665,貿聯-KY,2025-03-12,531.0,-10.0,-1.85%,25.29,29.08,379.35,455.22,531.09,606.96,682.83,758.7,ShowDailyK_ChartFlow,FinMind_API_TaiwanStockPrice_3665,True,2026-09-22T15:49:21,2026-09-22T15:49:21,2026-09-22T15:49:21
3665,貿聯-KY,2025-03-13,539.0,8.0,1.51%,25.29,23.24,379.35,455.22,531.09,606.96,682.83,758.7,ShowDailyK_ChartFlow,FinMind_API_TaiwanStockPrice_3665,True,2026-09-22T15:49:21,2026-09-22T15:49:21,2026-09-22T15:49:21
3665,貿聯-KY,2025-03-14,539.0,0.0,0.00%,25.29,23.24,379.35,455.22,531.09,606.96,682.83,758.7,ShowDailyK_ChartFlow,FinMind_API_TaiwanStockPrice_3665,True,2026-09-22T15:49:21,2026-09-22T15:49:21,2026-09-22T15:49:21
3665,貿聯-KY,2025-03-17,558.0,19.0,3.53%,25.29,24.06,379.35,455.22,531.09,606.96,682.83,758.7,ShowDailyK_ChartFlow,FinMind_API_TaiwanStockPrice_3665,True,2026-09-22T15:49:21,2026-09-22T15:49:21,2026-09-22T15:49:21
3665,貿聯-KY,2025-03-18,579.0,21.0,3.76%,25.29,24.97,379.35,455.22,531.09,606.96,682.83,758.7,ShowDailyK_ChartFlow,FinMind_API_TaiwanStockPrice_3665,True,2026-09-22T15:49:21,2026-09-22T15:49:21,2026-09-22T15:49:21
3665,貿聯-KY,2025-03-19,560.0,-19.0,-3.28%,25.29,24.15,379.35,455.22,531.09,606.96,682.83,758.7,ShowDailyK_ChartFlow,FinMind_API_TaiwanStockPrice_3665,True,2026-09-22T15:49:21,2026-09-22T15:49:21,2026-09-22T15:49:21
3665,貿聯-KY,2025-03-20,559.0,-1.0,-0.18%,25.29,24.11,379.35,455.22,531.09,606.96,682.83,758.7,ShowDailyK_ChartFlow,FinMind_API_TaiwanStockPrice_3665,True,2026-09-22T15:49:21,2026-09-22T15:49:21,2026-09-22T15:49:21
3665,貿聯-KY,2025-03-21,599.0,40.0,7.16%,25.29,25.83,379.35,455.22,531.09,606.96,682.83,758.7,ShowDailyK_ChartFlow,FinMind_API_TaiwanStockPrice_3665,True,2026-09-22T15:49:21,2026-09-22T15:49:21,2026-09-22T15:49:21
3665,貿聯-KY,2025-03-24,580.0,-19.0,-3.17%,25.29,25.01,379.35,455.22,531.09,606.96,682.83,758.7,ShowDailyK_ChartFlow,FinMind_API_TaiwanStockPrice_3665,True,2026-09-22T15:49:21,2026-09-22T15:49:21,2026-09-22T15:49:21
3665,貿聯-KY,2025-03-25,588.0,8.0,1.38%,25.29,25.36,379.35,455.22,531.09,606.96,682.83,758.7,ShowDailyK_ChartFlow,FinMind_API_TaiwanStockPrice_3665,True,2026-09-22T15:49:21,2026-09-22T15:49:21,2026-09-22T15:49:21
3665,貿聯-KY,2025-03-26,580.0,-8.0,-1.36%,25.29,25.01,379.35,455.22,531.09,606.96,682.83,758.7,ShowDailyK_ChartFlow,FinMind_API_TaiwanStockPrice_3665,True,2026-09-22T15:49:21,2026-09-22T15:49:21,2026-09-22T15:49:21
3665,貿聯-KY,2025-03-27,552.0,-28.0,-4.83%,25.29,23.8,379.35,455.22,531.09,606.96,682.83,758.7,ShowDailyK_ChartFlow,FinMind_API_TaiwanStockPrice_3665,True,2026-09-22T15:49:21,2026-09-22T15:49:21,2026-09-22T15:49:21
3665,貿聯-KY,2025-03-28,542.0,-10.0,-1.81%,25.29,23.37,379.35,455.22,531.09,606.96,682.83,758.7,ShowDailyK_ChartFlow,FinMind_API_TaiwanStockPrice_3665,True,2026-09-22T15:49:21,2026-09-22T15:49:21,2026-09-22T15:49:21
3665,貿聯-KY,2025-03-31,504.0,-38.0,-7.01%,30.22,21.73,453.3,543.96,634.62,725.28,815.94,906.6,ShowDailyK_ChartFlow,FinMind_API_TaiwanStockPrice_3665,True,2026-09-22T15:49:21,2026-09-22T15:49:21,2026-09-22T15:49:21
3665,貿聯-KY,2025-04-01,525.0,21.0,4.17%,30.22,22.64,453.3,543.96,634.62,725.28,815.94,906.6,ShowDailyK_ChartFlow,FinMind_API_TaiwanStockPrice_3665,True,2026-09-22T15:49:21,2026-09-22T15:49:21,2026-09-22T15:49:21
3665,貿聯-KY,2025-04-02,514.0,-11.0,-2.10%,30.22,22.16,453.3,543.96,634.62,725.28,815.94,906.6,ShowDailyK_ChartFlow,FinMind_API_TaiwanStockPrice_3665,True,2026-09-22T15:49:21,2026-09-22T15:49:21,2026-09-22T15:49:21
3665,貿聯-KY,2025-04-07,463.0,-51.0,-9.92%,30.22,19.97,453.3,543.96,634.62,725.28,815.94,906.6,ShowDailyK_ChartFlow,FinMind_API_TaiwanStockPrice_3665,True,2026-09-22T15:49:21,2026-09-22T15:49:21,2026-09-22T15:49:21
3665,貿聯-KY,2025-04-08,417.0,-46.0,-9.94%,30.22,17.98,453.3,543.96,634.62,725.28,815.94,906.6,ShowDailyK_ChartFlow,FinMind_API_TaiwanStockPrice_3665,True,2026-09-22T15:49:21,2026-09-22T15:49:21,2026-09-22T15:49:21
3665,貿聯-KY,2025-04-09,375.5,-41.5,-9.95%,30.22,16.19,453.3,543.96,634.62,725.28,815.94,906.6,ShowDailyK_ChartFlow,FinMind_API_TaiwanStockPrice_3665,True,2026-09-22T15:49:21,2026-09-22T15:49:21,2026-09-22T15:49:21
3665,貿聯-KY,2025-04-10,413.0,37.5,9.99%,30.22,17.81,453.3,543.96,634.62,725.28,815.94,906.6,ShowDailyK_ChartFlow,FinMind_API_TaiwanStockPrice_3665,True,2026-09-22T15:49:21,2026-09-22T15:49:21,2026-09-22T15:49:21
3665,貿聯-KY,2025-04-11,454.0,41.0,9.93%,30.22,19.58,453.3,543.96,634.62,725.28,815.94,906.6,ShowDailyK_ChartFlow,FinMind_API_TaiwanStockPrice_3665,True,2026-09-22T15:49:21,2026-09-22T15:49:21,2026-09-22T15:49:21
3665,貿聯-KY,2025-04-14,484.0,30.0,6.61%,30.22,20.87,453.3,543.96,634.62,725.28,815.94,906.6,ShowDailyK_ChartFlow,FinMind_API_TaiwanStockPrice_3665,True,2026-09-22T15:49:21,2026-09-22T15:49:21,2026-09-22T15:49:21
3665,貿聯-KY,2025-04-15,506.0,22.0,4.55%,30.22,21.82,453.3,543.96,634.62,725.28,815.94,906.6,ShowDailyK_ChartFlow,FinMind_API_TaiwanStockPrice_3665,True,2026-09-22T15:49:21,2026-09-22T15:49:21,2026-09-22T15:49:21
3665,貿聯-KY,2025-04-16,486.0,-20.0,-3.95%,30.22,20.96,453.3,543.96,634.62,725.28,815.94,906.6,ShowDailyK_ChartFlow,FinMind_API_TaiwanStockPrice_3665,True,2026-09-22T15:49:21,2026-09-22T15:49:21,2026-09-22T15:49:21
3665,貿聯-KY,2025-04-17,496.5,10.5,2.16%,30.22,21.41,453.3,543.96,634.62,725.28,815.94,906.6,ShowDailyK_ChartFlow,FinMind_API_TaiwanStockPrice_3665,True,2026-09-22T15:49:21,2026-09-22T15:49:21,2026-09-22T15:49:21
3665,貿聯-KY,2025-04-18,517.0,20.5,4.13%,30.22,22.29,453.3,543.96,634.62,725.28,815.94,906.6,ShowDailyK_ChartFlow,FinMind_API_TaiwanStockPrice_3665,True,2026-09-22T15:49:21,2026-09-22T15:49:21,2026-09-22T15:49:21
3665,貿聯-KY,2025-04-21,483.0,-34.0,-6.58%,30.22,20.83,453.3,543.96,634.62,725.28,815.94,906.6,ShowDailyK_ChartFlow,FinMind_API_TaiwanStockPrice_3665,True,2026-09-22T15:49:21,2026-09-22T15:49:21,2026-09-22T15:49:21
3665,貿聯-KY,2025-04-22,481.5,-1.5,-0.31%,30.22,20.76,453.3,543.96,634.62,725.28,815.94,906.6,ShowDailyK_ChartFlow,FinMind_API_TaiwanStockPrice_3665,True,2026-09-22T15:49:21,2026-09-22T15:49:21,2026-09-22T15:49:21
3665,貿聯-KY,2025-04-23,511.0,29.5,6.13%,30.22,22.04,453.3,543.96,634.62,725.28,815.94,906.6,ShowDailyK_ChartFlow,FinMind_API_TaiwanStockPrice_3665,True,2026-09-22T15:49:21,2026-09-22T15:49:21,2026-09-22T15:49:21
3665,貿聯-KY,2025-04-24,532.0,21.0,4.11%,30.22,22.94,453.3,543.96,634.62,725.28,815.94,906.6,ShowDailyK_ChartFlow,FinMind_API_TaiwanStockPrice_3665,True,2026-09-22T15:49:21,2026-09-22T15:49:21,2026-09-22T15:49:21
3665,貿聯-KY,2025-04-25,540.0,8.0,1.50%,30.22,23.29,453.3,543.96,634.62,725.28,815.94,906.6,ShowDailyK_ChartFlow,FinMind_API_TaiwanStockPrice_3665,True,2026-09-22T15:49:21,2026-09-22T15:49:21,2026-09-22T15:49:21
3665,貿聯-KY,2025-04-28,535.0,-5.0,-0.93%,30.22,23.07,453.3,543.96,634.62,725.28,815.94,906.6,ShowDailyK_ChartFlow,FinMind_API_TaiwanStockPrice_3665,True,2026-09-22T15:49:21,2026-09-22T15:49:21,2026-09-22T15:49:21
3665,貿聯-KY,2025-04-29,536.0,1.0,0.19%,30.22,23.11,453.3,543.96,634.62,725.28,815.94,906.6,ShowDailyK_ChartFlow,FinMind_API_TaiwanStockPrice_3665,True,2026-09-22T15:49:21,2026-09-22T15:49:21,2026-09-22T15:49:21
3665,貿聯-KY,2025-04-30,537.0,1.0,0.19%,30.22,23.16,453.3,543.96,634.62,725.28,815.94,906.6,ShowDailyK_ChartFlow,FinMind_API_TaiwanStockPrice_3665,True,2026-09-22T15:49:21,2026-09-22T15:49:21,2026-09-22T15:49:21
3665,貿聯-KY,2025-05-02,590.0,53.0,9.87%,30.22,25.44,453.3,543.96,634.62,725.28,815.94,906.6,ShowDailyK_ChartFlow,FinMind_API_TaiwanStockPrice_3665,True,2026-09-22T15:49:21,2026-09-22T15:49:21,2026-09-22T15:49:21
3665,貿聯-KY,2025-05-05,603.0,13.0,2.20%,30.22,26.0,453.3,543.96,634.62,725.28,815.94,906.6,ShowDailyK_ChartFlow,FinMind_API_TaiwanStockPrice_3665,True,2026-09-22T15:49:21,2026-09-22T15:49:21,2026-09-22T15:49:21
3665,貿聯-KY,2025-05-06,597.0,-6.0,-1.00%,30.22,25.74,453.3,543.96,634.62,725.28,815.94,906.6,ShowDailyK_ChartFlow,FinMind_API_TaiwanStockPrice_3665,True,2026-09-22T15:49:21,2026-09-22T15:49:21,2026-09-22T15:49:21
3665,貿聯-KY,2025-05-07,589.0,-8.0,-1.34%,30.22,25.4,453.3,543.96,634.62,725.28,815.94,906.6,ShowDailyK_ChartFlow,FinMind_API_TaiwanStockPrice_3665,True,2026-09-22T15:49:21,2026-09-22T15:49:21,2026-09-22T15:49:21
3665,貿聯-KY,2025-05-08,605.0,16.0,2.72%,30.22,26.09,453.3,543.96,634.62,725.28,815.94,906.6,ShowDailyK_ChartFlow,FinMind_API_TaiwanStockPrice_3665,True,2026-09-22T15:49:21,2026-09-22T15:49:21,2026-09-22T15:49:21
3665,貿聯-KY,2025-05-09,614.0,9.0,1.49%,30.22,26.48,453.3,543.96,634.62,725.28,815.94,906.6,ShowDailyK_ChartFlow,FinMind_API_TaiwanStockPrice_3665,True,2026-09-22T15:49:21,2026-09-22T15:49:21,2026-09-22T15:49:21
3665,貿聯-KY,2025-05-12,612.0,-2.0,-0.33%,30.22,26.39,453.3,543.96,634.62,725.28,815.94,906.6,ShowDailyK_ChartFlow,FinMind_API_TaiwanStockPrice_3665,True,2026-09-22T15:49:21,2026-09-22T15:49:21,2026-09-22T15:49:21
3665,貿聯-KY,2025-05-13,612.0,0.0,0.00%,30.22,26.39,453.3,543.96,634.62,725.28,815.94,906.6,ShowDailyK_ChartFlow,FinMind_API_TaiwanStockPrice_3665,True,2026-09-22T15:49:21,2026-09-22T15:49:21,2026-09-22T15:49:21
3665,貿聯-KY,2025-05-14,643.0,31.0,5.07%,30.22,22.52,453.3,543.96,634.62,725.28,815.94,906.6,ShowDailyK_ChartFlow,FinMind_API_TaiwanStockPrice_3665,True,2026-09-22T15:49:21,2026-09-22T15:49:21,2026-09-22T15:49:21
3665,貿聯-KY,2025-05-15,615.0,-28.0,-4.35%,30.22,21.54,453.3,543.96,634.62,725.28,815.94,906.6,ShowDailyK_ChartFlow,FinMind_API_TaiwanStockPrice_3665,True,2026-09-22T15:49:21,2026-09-22T15:49:21,2026-09-22T15:49:21
3665,貿聯-KY,2025-05-16,621.0,6.0,0.98%,30.22,21.75,453.3,543.96,634.62,725.28,815.94,906.6,ShowDailyK_ChartFlow,FinMind_API_TaiwanStockPrice_3665,True,2026-09-22T15:49:21,2026-09-22T15:49:21,2026-09-22T15:49:21
3665,貿聯-KY,2025-05-19,598.0,-23.0,-3.70%,30.22,20.95,453.3,543.96,634.62,725.28,815.94,906.6,ShowDailyK_ChartFlow,FinMind_API_TaiwanStockPrice_3665,True,2026-09-22T15:49:21,2026-09-22T15:49:21,2026-09-22T15:49:21
3665,貿聯-KY,2025-05-20,600.0,2.0,0.33%,30.22,21.02,453.3,543.96,634.62,725.28,815.94,906.6,ShowDailyK_ChartFlow,FinMind_API_TaiwanStockPrice_3665,True,2026-09-22T15:49:21,2026-09-22T15:49:21,2026-09-22T15:49:21
3665,貿聯-KY,2025-05-21,617.0,17.0,2.83%,30.22,21.61,453.3,543.96,634.62,725.28,815.94,906.6,ShowDailyK_ChartFlow,FinMind_API_TaiwanStockPrice_3665,True,2026-09-22T15:49:21,2026-09-22T15:49:21,2026-09-22T15:49:21
3665,貿聯-KY,2025-05-22,617.0,0.0,0.00%,30.22,21.61,453.3,543.96,634.62,725.28,815.94,906.6,ShowDailyK_ChartFlow,FinMind_API_TaiwanStockPrice_3665,True,2026-09-22T15:49:21,2026-09-22T15:49:21,2026-09-22T15:49:21
3665,貿聯-KY,2025-05-23,625.0,8.0,1.30%,30.22,21.89,453.3,543.96,634.62,725.28,815.94,906.6,ShowDailyK_ChartFlow,FinMind_API_TaiwanStockPrice_3665,True,2026-09-22T15:49:21,2026-09-22T15:49:21,2026-09-22T15:49:21
3665,貿聯-KY,2025-05-26,630.0,5.0,0.80%,30.22,22.07,453.3,543.96,634.62,725.28,815.94,906.6,ShowDailyK_ChartFlow,FinMind_API_TaiwanStockPrice_3665,True,2026-09-22T15:49:21,2026-09-22T15:49:21,2026-09-22T15:49:21
3665,貿聯-KY,2025-05-27,622.0,-8.0,-1.27%,30.22,21.79,453.3,543.96,634.62,725.28,815.94,906.6,ShowDailyK_ChartFlow,FinMind_API_TaiwanStockPrice_3665,True,2026-09-22T15:49:21,2026-09-22T15:49:21,2026-09-22T15:49:21
3665,貿聯-KY,2025-05-28,617.0,-5.0,-0.80%,30.22,21.61,453.3,543.96,634.62,725.28,815.94,906.6,ShowDailyK_ChartFlow,FinMind_API_TaiwanStockPrice_3665,True,2026-09-22T15:49:21,2026-09-22T15:49:21,2026-09-22T15:49:21
3665,貿聯-KY,2025-05-29,645.0,28.0,4.54%,30.22,22.59,453.3,543.96,634.62,725.28,815.94,906.6,ShowDailyK_ChartFlow,FinMind_API_TaiwanStockPrice_3665,True,2026-09-22T15:49:21,2026-09-22T15:49:21,2026-09-22T15:49:21
3665,貿聯-KY,2025-06-02,638.0,-7.0,-1.09%,30.22,22.35,453.3,543.96,634.62,725.28,815.94,906.6,ShowDailyK_ChartFlow,FinMind_API_TaiwanStockPrice_3665,True,2026-09-22T15:49:21,2026-09-22T15:49:21,2026-09-22T15:49:21
3665,貿聯-KY,2025-06-03,649.0,11.0,1.72%,30.22,22.73,453.3,543.96,634.62,725.28,815.94,906.6,ShowDailyK_ChartFlow,FinMind_API_TaiwanStockPrice_3665,True,2026-09-22T15:49:21,2026-09-22T15:49:21,2026-09-22T15:49:21
3665,貿聯-KY,2025-06-04,630.0,-19.0,-2.93%,30.22,22.07,453.3,543.96,634.62,725.28,815.94,906.6,ShowDailyK_ChartFlow,FinMind_API_TaiwanStockPrice_3665,True,2026-09-22T15:49:21,2026-09-22T15:49:21,2026-09-22T15:49:21
3665,貿聯-KY,2025-06-05,643.0,13.0,2.06%,30.22,22.52,453.3,543.96,634.62,725.28,815.94,906.6,ShowDailyK_ChartFlow,FinMind_API_TaiwanStockPrice_3665,True,2026-09-22T15:49:21,2026-09-22T15:49:21,2026-09-22T15:49:21
3665,貿聯-KY,2025-06-06,617.0,-26.0,-4.04%,30.22,21.61,453.3,543.96,634.62,725.28,815.94,906.6,ShowDailyK_ChartFlow,FinMind_API_TaiwanStockPrice_3665,True,2026-09-22T15:49:21,2026-09-22T15:49:21,2026-09-22T15:49:21
3665,貿聯-KY,2025-06-09,624.0,7.0,1.13%,30.22,21.86,453.3,543.96,634.62,725.28,815.94,906.6,ShowDailyK_ChartFlow,FinMind_API_TaiwanStockPrice_3665,True,2026-09-22T15:49:21,2026-09-22T15:49:21,2026-09-22T15:49:21
3665,貿聯-KY,2025-06-10,655.0,31.0,4.97%,30.22,22.94,453.3,543.96,634.62,725.28,815.94,906.6,ShowDailyK_ChartFlow,FinMind_API_TaiwanStockPrice_3665,True,2026-09-22T15:49:21,2026-09-22T15:49:21,2026-09-22T15:49:21
3665,貿聯-KY,2025-06-11,668.0,13.0,1.98%,30.22,23.4,453.3,543.96,634.62,725.28,815.94,906.6,ShowDailyK_ChartFlow,FinMind_API_TaiwanStockPrice_3665,True,2026-09-22T15:49:21,2026-09-22T15:49:21,2026-09-22T15:49:21
3665,貿聯-KY,2025-06-12,692.0,24.0,3.59%,30.22,24.24,453.3,543.96,634.62,725.28,815.94,906.6,ShowDailyK_ChartFlow,FinMind_API_TaiwanStockPrice_3665,True,2026-09-22T15:49:21,2026-09-22T15:49:21,2026-09-22T15:49:21
3665,貿聯-KY,2025-06-13,752.0,60.0,8.67%,30.22,26.34,453.3,543.96,634.62,725.28,815.94,906.6,ShowDailyK_ChartFlow,FinMind_API_TaiwanStockPrice_3665,True,2026-09-22T15:49:21,2026-09-22T15:49:21,2026-09-22T15:49:21
3665,貿聯-KY,2025-06-16,766.0,14.0,1.86%,30.22,26.83,453.3,543.96,634.62,725.28,815.94,906.6,ShowDailyK_ChartFlow,FinMind_API_TaiwanStockPrice_3665,True,2026-09-22T15:49:21,2026-09-22T15:49:21,2026-09-22T15:49:21
3665,貿聯-KY,2025-06-17,781.0,15.0,1.96%,30.22,27.36,453.3,543.96,634.62,725.28,815.94,906.6,ShowDailyK_ChartFlow,FinMind_API_TaiwanStockPrice_3665,True,2026-09-22T15:49:21,2026-09-22T15:49:21,2026-09-22T15:49:21
3665,貿聯-KY,2025-06-18,785.0,4.0,0.51%,30.22,27.5,453.3,543.96,634.62,725.28,815.94,906.6,ShowDailyK_ChartFlow,FinMind_API_TaiwanStockPrice_3665,True,2026-09-22T15:49:21,2026-09-22T15:49:21,2026-09-22T15:49:21
3665,貿聯-KY,2025-06-19,770.0,-15.0,-1.91%,30.22,26.97,453.3,543.96,634.62,725.28,815.94,906.6,ShowDailyK_ChartFlow,FinMind_API_TaiwanStockPrice_3665,True,2026-09-22T15:49:21,2026-09-22T15:49:21,2026-09-22T15:49:21
3665,貿聯-KY,2025-06-20,765.0,-5.0,-0.65%,30.22,26.8,453.3,543.96,634.62,725.28,815.94,906.6,ShowDailyK_ChartFlow,FinMind_API_TaiwanStockPrice_3665,True,2026-09-22T15:49:21,2026-09-22T15:49:21,2026-09-22T15:49:21
3665,貿聯-KY,2025-06-23,784.0,19.0,2.48%,30.22,27.46,453.3,543.96,634.62,725.28,815.94,906.6,ShowDailyK_ChartFlow,FinMind_API_TaiwanStockPrice_3665,True,2026-09-22T15:49:21,2026-09-22T15:49:21,2026-09-22T15:49:21
3665,貿聯-KY,2025-06-24,797.0,13.0,1.66%,30.22,27.92,453.3,543.96,634.62,725.28,815.94,906.6,ShowDailyK_ChartFlow,FinMind_API_TaiwanStockPrice_3665,True,2026-09-22T15:49:21,2026-09-22T15:49:21,2026-09-22T15:49:21
3665,貿聯-KY,2025-06-25,810.0,13.0,1.63%,30.22,28.37,453.3,543.96,634.62,725.28,815.94,906.6,ShowDailyK_ChartFlow,FinMind_API_TaiwanStockPrice_3665,True,2026-09-22T15:49:21,2026-09-22T15:49:21,2026-09-22T15:49:21
3665,貿聯-KY,2025-06-26,803.0,-7.0,-0.86%,30.22,28.13,453.3,543.96,634.62,725.28,815.94,906.6,ShowDailyK_ChartFlow,FinMind_API_TaiwanStockPrice_3665,True,2026-09-22T15:49:21,2026-09-22T15:49:21,2026-09-22T15:49:21
3665,貿聯-KY,2025-06-27,809.0,6.0,0.75%,30.22,28.34,453.3,543.96,634.62,725.28,815.94,906.6,ShowDailyK_ChartFlow,FinMind_API_TaiwanStockPrice_3665,True,2026-09-22T15:49:21,2026-09-22T15:49:21,2026-09-22T15:49:21
3665,貿聯-KY,2025-06-30,848.0,39.0,4.82%,34.629999999999995,29.7,519.45,623.34,727.23,831.12,935.01,1038.9,ShowDailyK_ChartFlow,FinMind_API_TaiwanStockPrice_3665,True,2026-09-22T15:49:21,2026-09-22T15:49:21,2026-09-22T15:49:21
3665,貿聯-KY,2025-07-01,848.0,0.0,0.00%,34.629999999999995,29.7,519.45,623.34,727.23,831.12,935.01,1038.9,ShowDailyK_ChartFlow,FinMind_API_TaiwanStockPrice_3665,True,2026-09-22T15:49:21,2026-09-22T15:49:21,2026-09-22T15:49:21
3665,貿聯-KY,2025-07-02,835.0,-13.0,-1.53%,34.629999999999995,29.25,519.45,623.34,727.23,831.12,935.01,1038.9,ShowDailyK_ChartFlow,FinMind_API_TaiwanStockPrice_3665,True,2026-09-22T15:49:21,2026-09-22T15:49:21,2026-09-22T15:49:21
3665,貿聯-KY,2025-07-03,868.0,33.0,3.95%,34.629999999999995,30.4,519.45,623.34,727.23,831.12,935.01,1038.9,ShowDailyK_ChartFlow,FinMind_API_TaiwanStockPrice_3665,True,2026-09-22T15:49:21,2026-09-22T15:49:21,2026-09-22T15:49:21
3665,貿聯-KY,2025-07-04,886.0,18.0,2.07%,34.629999999999995,31.03,519.45,623.34,727.23,831.12,935.01,1038.9,ShowDailyK_ChartFlow,FinMind_API_TaiwanStockPrice_3665,True,2026-09-22T15:49:21,2026-09-22T15:49:21,2026-09-22T15:49:21
3665,貿聯-KY,2025-07-07,861.0,-25.0,-2.82%,34.629999999999995,30.16,519.45,623.34,727.23,831.12,935.01,1038.9,ShowDailyK_ChartFlow,FinMind_API_TaiwanStockPrice_3665,True,2026-09-22T15:49:21,2026-09-22T15:49:21,2026-09-22T15:49:21
3665,貿聯-KY,2025-07-08,879.0,18.0,2.09%,34.629999999999995,30.79,519.45,623.34,727.23,831.12,935.01,1038.9,ShowDailyK_ChartFlow,FinMind_API_TaiwanStockPrice_3665,True,2026-09-22T15:49:21,2026-09-22T15:49:21,2026-09-22T15:49:21
3665,貿聯-KY,2025-07-09,934.0,55.0,6.26%,34.629999999999995,32.71,519.45,623.34,727.23,831.12,935.01,1038.9,ShowDailyK_ChartFlow,FinMind_API_TaiwanStockPrice_3665,True,2026-09-22T15:49:21,2026-09-22T15:49:21,2026-09-22T15:49:21
3665,貿聯-KY,2025-07-10,911.0,-23.0,-2.46%,34.629999999999995,31.91,519.45,623.34,727.23,831.12,935.01,1038.9,ShowDailyK_ChartFlow,FinMind_API_TaiwanStockPrice_3665,True,2026-09-22T15:49:21,2026-09-22T15:49:21,2026-09-22T15:49:21
3665,貿聯-KY,2025-07-11,896.0,-15.0,-1.65%,34.629999999999995,31.38,519.45,623.34,727.23,831.12,935.01,1038.9,ShowDailyK_ChartFlow,FinMind_API_TaiwanStockPrice_3665,True,2026-09-22T15:49:21,2026-09-22T15:49:21,2026-09-22T15:49:21
3665,貿聯-KY,2025-07-14,874.0,-22.0,-2.46%,34.629999999999995,30.61,519.45,623.34,727.23,831.12,935.01,1038.9,ShowDailyK_ChartFlow,FinMind_API_TaiwanStockPrice_3665,True,2026-09-22T15:49:21,2026-09-22T15:49:21,2026-09-22T15:49:21
3665,貿聯-KY,2025-07-15,885.0,11.0,1.26%,34.629999999999995,31.0,519.45,623.34,727.23,831.12,935.01,1038.9,ShowDailyK_ChartFlow,FinMind_API_TaiwanStockPrice_3665,True,2026-09-22T15:49:21,2026-09-22T15:49:21,2026-09-22T15:49:21
3665,貿聯-KY,2025-07-16,882.0,-3.0,-0.34%,34.629999999999995,30.89,519.45,623.34,727.23,831.12,935.01,1038.9,ShowDailyK_ChartFlow,FinMind_API_TaiwanStockPrice_3665,True,2026-09-22T15:49:21,2026-09-22T15:49:21,2026-09-22T15:49:21
3665,貿聯-KY,2025-07-17,862.0,-20.0,-2.27%,34.629999999999995,30.19,519.45,623.34,727.23,831.12,935.01,1038.9,ShowDailyK_ChartFlow,FinMind_API_TaiwanStockPrice_3665,True,2026-09-22T15:49:21,2026-09-22T15:49:21,2026-09-22T15:49:21
3665,貿聯-KY,2025-07-18,871.0,9.0,1.04%,34.629999999999995,30.51,519.45,623.34,727.23,831.12,935.01,1038.9,ShowDailyK_ChartFlow,FinMind_API_TaiwanStockPrice_3665,True,2026-09-22T15:49:21,2026-09-22T15:49:21,2026-09-22T15:49:21
3665,貿聯-KY,2025-07-21,868.0,-3.0,-0.34%,34.629999999999995,30.4,519.45,623.34,727.23,831.12,935.01,1038.9,ShowDailyK_ChartFlow,FinMind_API_TaiwanStockPrice_3665,True,2026-09-22T15:49:21,2026-09-22T15:49:21,2026-09-22T15:49:21
3665,貿聯-KY,2025-07-22,818.0,-50.0,-5.76%,34.629999999999995,28.65,519.45,623.34,727.23,831.12,935.01,1038.9,ShowDailyK_ChartFlow,FinMind_API_TaiwanStockPrice_3665,True,2026-09-22T15:49:21,2026-09-22T15:49:21,2026-09-22T15:49:21
3665,貿聯-KY,2025-07-23,826.0,8.0,0.98%,34.629999999999995,28.93,519.45,623.34,727.23,831.12,935.01,1038.9,ShowDailyK_ChartFlow,FinMind_API_TaiwanStockPrice_3665,True,2026-09-22T15:49:21,2026-09-22T15:49:21,2026-09-22T15:49:21
3665,貿聯-KY,2025-07-24,850.0,24.0,2.91%,34.629999999999995,29.77,519.45,623.34,727.23,831.12,935.01,1038.9,ShowDailyK_ChartFlow,FinMind_API_TaiwanStockPrice_3665,True,2026-09-22T15:49:21,2026-09-22T15:49:21,2026-09-22T15:49:21
3665,貿聯-KY,2025-07-25,833.0,-17.0,-2.00%,34.629999999999995,29.18,519.45,623.34,727.23,831.12,935.01,1038.9,ShowDailyK_ChartFlow,FinMind_API_TaiwanStockPrice_3665,True,2026-09-22T15:49:21,2026-09-22T15:49:21,2026-09-22T15:49:21
3665,貿聯-KY,2025-07-28,876.0,43.0,5.16%,34.629999999999995,30.68,519.45,623.34,727.23,831.12,935.01,1038.9,ShowDailyK_ChartFlow,FinMind_API_TaiwanStockPrice_3665,True,2026-09-22T15:49:21,2026-09-22T15:49:21,2026-09-22T15:49:21
3665,貿聯-KY,2025-07-29,888.0,12.0,1.37%,34.629999999999995,31.1,519.45,623.34,727.23,831.12,935.01,1038.9,ShowDailyK_ChartFlow,FinMind_API_TaiwanStockPrice_3665,True,2026-09-22T15:49:21,2026-09-22T15:49:21,2026-09-22T15:49:21
3665,貿聯-KY,2025-07-30,878.0,-10.0,-1.13%,34.629999999999995,30.75,519.45,623.34,727.23,831.12,935.01,1038.9,ShowDailyK_ChartFlow,FinMind_API_TaiwanStockPrice_3665,True,2026-09-22T15:49:21,2026-09-22T15:49:21,2026-09-22T15:49:21
3665,貿聯-KY,2025-07-31,911.0,33.0,3.76%,34.629999999999995,31.91,519.45,623.34,727.23,831.12,935.01,1038.9,ShowDailyK_ChartFlow,FinMind_API_TaiwanStockPrice_3665,True,2026-09-22T15:49:21,2026-09-22T15:49:21,2026-09-22T15:49:21
3665,貿聯-KY,2025-08-01,895.0,-16.0,-1.76%,34.629999999999995,31.35,519.45,623.34,727.23,831.12,935.01,1038.9,ShowDailyK_ChartFlow,FinMind_API_TaiwanStockPrice_3665,True,2026-09-22T15:49:21,2026-09-22T15:49:21,2026-09-22T15:49:21
3665,貿聯-KY,2025-08-04,850.0,-45.0,-5.03%,34.629999999999995,29.77,519.45,623.34,727.23,831.12,935.01,1038.9,ShowDailyK_ChartFlow,FinMind_API_TaiwanStockPrice_3665,True,2026-09-22T15:49:21,2026-09-22T15:49:21,2026-09-22T15:49:21
3665,貿聯-KY,2025-08-05,885.0,35.0,4.12%,34.629999999999995,31.0,519.45,623.34,727.23,831.12,935.01,1038.9,ShowDailyK_ChartFlow,FinMind_API_TaiwanStockPrice_3665,True,2026-09-22T15:49:21,2026-09-22T15:49:21,2026-09-22T15:49:21
3665,貿聯-KY,2025-08-06,878.0,-7.0,-0.79%,34.629999999999995,30.75,519.45,623.34,727.23,831.12,935.01,1038.9,ShowDailyK_ChartFlow,FinMind_API_TaiwanStockPrice_3665,True,2026-09-22T15:49:21,2026-09-22T15:49:21,2026-09-22T15:49:21
3665,貿聯-KY,2025-08-07,930.0,52.0,5.92%,34.629999999999995,32.57,519.45,623.34,727.23,831.12,935.01,1038.9,ShowDailyK_ChartFlow,FinMind_API_TaiwanStockPrice_3665,True,2026-09-22T15:49:21,2026-09-22T15:49:21,2026-09-22T15:49:21
3665,貿聯-KY,2025-08-08,973.0,43.0,4.62%,34.629999999999995,34.08,519.45,623.34,727.23,831.12,935.01,1038.9,ShowDailyK_ChartFlow,FinMind_API_TaiwanStockPrice_3665,True,2026-09-22T15:49:21,2026-09-22T15:49:21,2026-09-22T15:49:21
3665,貿聯-KY,2025-08-11,981.0,8.0,0.82%,34.629999999999995,34.36,519.45,623.34,727.23,831.12,935.01,1038.9,ShowDailyK_ChartFlow,FinMind_API_TaiwanStockPrice_3665,True,2026-09-22T15:49:21,2026-09-22T15:49:21,2026-09-22T15:49:21
3665,貿聯-KY,2025-08-12,964.0,-17.0,-1.73%,34.629999999999995,33.77,519.45,623.34,727.23,831.12,935.01,1038.9,ShowDailyK_ChartFlow,FinMind_API_TaiwanStockPrice_3665,True,2026-09-22T15:49:21,2026-09-22T15:49:21,2026-09-22T15:49:21
3665,貿聯-KY,2025-08-13,989.0,25.0,2.59%,34.629999999999995,34.64,519.45,623.34,727.23,831.12,935.01,1038.9,ShowDailyK_ChartFlow,FinMind_API_TaiwanStockPrice_3665,True,2026-09-22T15:49:21,2026-09-22T15:49:21,2026-09-22T15:49:21
3665,貿聯-KY,2025-08-14,989.0,0.0,0.00%,34.629999999999995,34.64,519.45,623.34,727.23,831.12,935.01,1038.9,ShowDailyK_ChartFlow,FinMind_API_TaiwanStockPrice_3665,True,2026-09-22T15:49:21,2026-09-22T15:49:21,2026-09-22T15:49:21
3665,貿聯-KY,2025-08-15,985.0,-4.0,-0.40%,34.629999999999995,34.5,519.45,623.34,727.23,831.12,935.01,1038.9,ShowDailyK_ChartFlow,FinMind_API_TaiwanStockPrice_3665,True,2026-09-22T15:49:21,2026-09-22T15:49:21,2026-09-22T15:49:21
3665,貿聯-KY,2025-08-18,977.0,-8.0,-0.81%,34.629999999999995,34.22,519.45,623.34,727.23,831.12,935.01,1038.9,ShowDailyK_ChartFlow,FinMind_API_TaiwanStockPrice_3665,True,2026-09-22T15:49:21,2026-09-22T15:49:21,2026-09-22T15:49:21
3665,貿聯-KY,2025-08-19,944.0,-33.0,-3.38%,34.629999999999995,33.06,519.45,623.34,727.23,831.12,935.01,1038.9,ShowDailyK_ChartFlow,FinMind_API_TaiwanStockPrice_3665,True,2026-09-22T15:49:21,2026-09-22T15:49:21,2026-09-22T15:49:21
3665,貿聯-KY,2025-08-20,925.0,-19.0,-2.01%,34.629999999999995,27.55,519.45,623.34,727.23,831.12,935.01,1038.9,ShowDailyK_ChartFlow,FinMind_API_TaiwanStockPrice_3665,True,2026-09-22T15:49:21,2026-09-22T15:49:21,2026-09-22T15:49:21
3665,貿聯-KY,2025-08-21,977.0,52.0,5.62%,34.629999999999995,29.09,519.45,623.34,727.23,831.12,935.01,1038.9,ShowDailyK_ChartFlow,FinMind_API_TaiwanStockPrice_3665,True,2026-09-22T15:49:21,2026-09-22T15:49:21,2026-09-22T15:49:21
3665,貿聯-KY,2025-08-22,942.0,-35.0,-3.58%,34.629999999999995,28.05,519.45,623.34,727.23,831.12,935.01,1038.9,ShowDailyK_ChartFlow,FinMind_API_TaiwanStockPrice_3665,True,2026-09-22T15:49:21,2026-09-22T15:49:21,2026-09-22T15:49:21
3665,貿聯-KY,2025-08-25,929.0,-13.0,-1.38%,34.629999999999995,27.67,519.45,623.34,727.23,831.12,935.01,1038.9,ShowDailyK_ChartFlow,FinMind_API_TaiwanStockPrice_3665,True,2026-09-22T15:49:21,2026-09-22T15:49:21,2026-09-22T15:49:21
3665,貿聯-KY,2025-08-26,935.0,6.0,0.65%,34.629999999999995,27.84,519.45,623.34,727.23,831.12,935.01,1038.9,ShowDailyK_ChartFlow,FinMind_API_TaiwanStockPrice_3665,True,2026-09-22T15:49:21,2026-09-22T15:49:21,2026-09-22T15:49:21
3665,貿聯-KY,2025-08-27,961.0,26.0,2.78%,34.629999999999995,28.62,519.45,623.34,727.23,831.12,935.01,1038.9,ShowDailyK_ChartFlow,FinMind_API_TaiwanStockPrice_3665,True,2026-09-22T15:49:21,2026-09-22T15:49:21,2026-09-22T15:49:21
3665,貿聯-KY,2025-08-28,981.0,20.0,2.08%,34.629999999999995,29.21,519.45,623.34,727.23,831.12,935.01,1038.9,ShowDailyK_ChartFlow,FinMind_API_TaiwanStockPrice_3665,True,2026-09-22T15:49:21,2026-09-22T15:49:21,2026-09-22T15:49:21
3665,貿聯-KY,2025-08-29,1075.0,94.0,9.58%,34.629999999999995,32.01,519.45,623.34,727.23,831.12,935.01,1038.9,ShowDailyK_ChartFlow,FinMind_API_TaiwanStockPrice_3665,True,2026-09-22T15:49:21,2026-09-22T15:49:21,2026-09-22T15:49:21
3665,貿聯-KY,2025-09-01,976.0,-99.0,-9.21%,34.629999999999995,29.06,519.45,623.34,727.23,831.12,935.01,1038.9,ShowDailyK_ChartFlow,FinMind_API_TaiwanStockPrice_3665,True,2026-09-22T15:49:21,2026-09-22T15:49:21,2026-09-22T15:49:21
3665,貿聯-KY,2025-09-02,959.0,-17.0,-1.74%,34.629999999999995,28.56,519.45,623.34,727.23,831.12,935.01,1038.9,ShowDailyK_ChartFlow,FinMind_API_TaiwanStockPrice_3665,True,2026-09-22T15:49:21,2026-09-22T15:49:21,2026-09-22T15:49:21
3665,貿聯-KY,2025-09-03,967.0,8.0,0.83%,34.629999999999995,28.8,519.45,623.34,727.23,831.12,935.01,1038.9,ShowDailyK_ChartFlow,FinMind_API_TaiwanStockPrice_3665,True,2026-09-22T15:49:21,2026-09-22T15:49:21,2026-09-22T15:49:21
3665,貿聯-KY,2025-09-04,1060.0,93.0,9.62%,34.629999999999995,31.57,519.45,623.34,727.23,831.12,935.01,1038.9,ShowDailyK_ChartFlow,FinMind_API_TaiwanStockPrice_3665,True,2026-09-22T15:49:21,2026-09-22T15:49:21,2026-09-22T15:49:21
3665,貿聯-KY,2025-09-05,1075.0,15.0,1.42%,34.629999999999995,32.01,519.45,623.34,727.23,831.12,935.01,1038.9,ShowDailyK_ChartFlow,FinMind_API_TaiwanStockPrice_3665,True,2026-09-22T15:49:21,2026-09-22T15:49:21,2026-09-22T15:49:21
3665,貿聯-KY,2025-09-08,1085.0,10.0,0.93%,34.629999999999995,32.31,519.45,623.34,727.23,831.12,935.01,1038.9,ShowDailyK_ChartFlow,FinMind_API_TaiwanStockPrice_3665,True,2026-09-22T15:49:21,2026-09-22T15:49:21,2026-09-22T15:49:21
3665,貿聯-KY,2025-09-09,1090.0,5.0,0.46%,34.629999999999995,32.46,519.45,623.34,727.23,831.12,935.01,1038.9,ShowDailyK_ChartFlow,FinMind_API_TaiwanStockPrice_3665,True,2026-09-22T15:49:21,2026-09-22T15:49:21,2026-09-22T15:49:21
3665,貿聯-KY,2025-09-10,1135.0,45.0,4.13%,34.629999999999995,33.8,519.45,623.34,727.23,831.12,935.01,1038.9,ShowDailyK_ChartFlow,FinMind_API_TaiwanStockPrice_3665,True,2026-09-22T15:49:21,2026-09-22T15:49:21,2026-09-22T15:49:21
3665,貿聯-KY,2025-09-11,1125.0,-10.0,-0.88%,34.629999999999995,33.5,519.45,623.34,727.23,831.12,935.01,1038.9,ShowDailyK_ChartFlow,FinMind_API_TaiwanStockPrice_3665,True,2026-09-22T15:49:21,2026-09-22T15:49:21,2026-09-22T15:49:21
3665,貿聯-KY,2025-09-12,1100.0,-25.0,-2.22%,34.629999999999995,32.76,519.45,623.34,727.23,831.12,935.01,1038.9,ShowDailyK_ChartFlow,FinMind_API_TaiwanStockPrice_3665,True,2026-09-22T15:49:21,2026-09-22T15:49:21,2026-09-22T15:49:21
3665,貿聯-KY,2025-09-15,1095.0,-5.0,-0.45%,34.629999999999995,32.61,519.45,623.34,727.23,831.12,935.01,1038.9,ShowDailyK_ChartFlow,FinMind_API_TaiwanStockPrice_3665,True,2026-09-22T15:49:21,2026-09-22T15:49:21,2026-09-22T15:49:21
3665,貿聯-KY,2025-09-16,1115.0,20.0,1.83%,34.629999999999995,33.2,519.45,623.34,727.23,831.12,935.01,1038.9,ShowDailyK_ChartFlow,FinMind_API_TaiwanStockPrice_3665,True,2026-09-22T15:49:21,2026-09-22T15:49:21,2026-09-22T15:49:21
3665,貿聯-KY,2025-09-17,1100.0,-15.0,-1.35%,34.629999999999995,32.76,519.45,623.34,727.23,831.12,935.01,1038.9,ShowDailyK_ChartFlow,FinMind_API_TaiwanStockPrice_3665,True,2026-09-22T15:49:21,2026-09-22T15:49:21,2026-09-22T15:49:21
3665,貿聯-KY,2025-09-18,1125.0,25.0,2.27%,34.629999999999995,33.5,519.45,623.34,727.23,831.12,935.01,1038.9,ShowDailyK_ChartFlow,FinMind_API_TaiwanStockPrice_3665,True,2026-09-22T15:49:21,2026-09-22T15:49:21,2026-09-22T15:49:21
3665,貿聯-KY,2025-09-19,1115.0,-10.0,-0.89%,34.629999999999995,33.2,519.45,623.34,727.23,831.12,935.01,1038.9,ShowDailyK_ChartFlow,FinMind_API_TaiwanStockPrice_3665,True,2026-09-22T15:49:21,2026-09-22T15:49:21,2026-09-22T15:49:21
3665,貿聯-KY,2025-09-22,1120.0,5.0,0.45%,34.629999999999995,33.35,519.45,623.34,727.23,831.12,935.01,1038.9,ShowDailyK_ChartFlow,FinMind_API_TaiwanStockPrice_3665,True,2026-09-22T15:49:21,2026-09-22T15:49:21,2026-09-22T15:49:21
3665,貿聯-KY,2025-09-23,1085.0,-35.0,-3.12%,34.629999999999995,32.31,519.45,623.34,727.23,831.12,935.01,1038.9,ShowDailyK_ChartFlow,FinMind_API_TaiwanStockPrice_3665,True,2026-09-22T15:49:21,2026-09-22T15:49:21,2026-09-22T15:49:21
3665,貿聯-KY,2025-09-24,1095.0,10.0,0.92%,34.629999999999995,32.61,519.45,623.34,727.23,831.12,935.01,1038.9,ShowDailyK_ChartFlow,FinMind_API_TaiwanStockPrice_3665,True,2026-09-22T15:49:21,2026-09-22T15:49:21,2026-09-22T15:49:21
3665,貿聯-KY,2025-09-25,998.0,-97.0,-8.86%,34.629999999999995,29.72,519.45,623.34,727.23,831.12,935.01,1038.9,ShowDailyK_ChartFlow,FinMind_API_TaiwanStockPrice_3665,True,2026-09-22T15:49:21,2026-09-22T15:49:21,2026-09-22T15:49:21
3665,貿聯-KY,2025-09-26,984.0,-14.0,-1.40%,34.629999999999995,29.3,519.45,623.34,727.23,831.12,935.01,1038.9,ShowDailyK_ChartFlow,FinMind_API_TaiwanStockPrice_3665,True,2026-09-22T15:49:21,2026-09-22T15:49:21,2026-09-22T15:49:21
3665,貿聯-KY,2025-09-30,1030.0,46.0,4.67%,41.06999999999999,30.67,616.05,739.26,862.47,985.68,1108.89,1232.1,ShowDailyK_ChartFlow,FinMind_API_TaiwanStockPrice_3665,True,2026-09-22T15:49:21,2026-09-22T15:49:21,2026-09-22T15:49:21
3665,貿聯-KY,2025-10-01,1040.0,10.0,0.97%,41.06999999999999,30.97,616.05,739.26,862.47,985.68,1108.89,1232.1,ShowDailyK_ChartFlow,FinMind_API_TaiwanStockPrice_3665,True,2026-09-22T15:49:21,2026-09-22T15:49:21,2026-09-22T15:49:21
3665,貿聯-KY,2025-10-02,1025.0,-15.0,-1.44%,41.06999999999999,30.52,616.05,739.26,862.47,985.68,1108.89,1232.1,ShowDailyK_ChartFlow,FinMind_API_TaiwanStockPrice_3665,True,2026-09-22T15:49:21,2026-09-22T15:49:21,2026-09-22T15:49:21
3665,貿聯-KY,2025-10-03,1060.0,35.0,3.41%,41.06999999999999,31.57,616.05,739.26,862.47,985.68,1108.89,1232.1,ShowDailyK_ChartFlow,FinMind_API_TaiwanStockPrice_3665,True,2026-09-22T15:49:21,2026-09-22T15:49:21,2026-09-22T15:49:21
3665,貿聯-KY,2025-10-07,1030.0,-30.0,-2.83%,41.06999999999999,30.67,616.05,739.26,862.47,985.68,1108.89,1232.1,ShowDailyK_ChartFlow,FinMind_API_TaiwanStockPrice_3665,True,2026-09-22T15:49:21,2026-09-22T15:49:21,2026-09-22T15:49:21
3665,貿聯-KY,2025-10-08,1055.0,25.0,2.43%,41.06999999999999,31.42,616.05,739.26,862.47,985.68,1108.89,1232.1,ShowDailyK_ChartFlow,FinMind_API_TaiwanStockPrice_3665,True,2026-09-22T15:49:21,2026-09-22T15:49:21,2026-09-22T15:49:21
3665,貿聯-KY,2025-10-09,1105.0,50.0,4.74%,41.06999999999999,32.91,616.05,739.26,862.47,985.68,1108.89,1232.1,ShowDailyK_ChartFlow,FinMind_API_TaiwanStockPrice_3665,True,2026-09-22T15:49:21,2026-09-22T15:49:21,2026-09-22T15:49:21
3665,貿聯-KY,2025-10-13,1095.0,-10.0,-0.90%,41.06999999999999,32.61,616.05,739.26,862.47,985.68,1108.89,1232.1,ShowDailyK_ChartFlow,FinMind_API_TaiwanStockPrice_3665,True,2026-09-22T15:49:21,2026-09-22T15:49:21,2026-09-22T15:49:21
3665,貿聯-KY,2025-10-14,1125.0,30.0,2.74%,41.06999999999999,33.5,616.05,739.26,862.47,985.68,1108.89,1232.1,ShowDailyK_ChartFlow,FinMind_API_TaiwanStockPrice_3665,True,2026-09-22T15:49:21,2026-09-22T15:49:21,2026-09-22T15:49:21
3665,貿聯-KY,2025-10-15,1185.0,60.0,5.33%,41.06999999999999,35.29,616.05,739.26,862.47,985.68,1108.89,1232.1,ShowDailyK_ChartFlow,FinMind_API_TaiwanStockPrice_3665,True,2026-09-22T15:49:21,2026-09-22T15:49:21,2026-09-22T15:49:21
3665,貿聯-KY,2025-10-16,1220.0,35.0,2.95%,41.06999999999999,36.33,616.05,739.26,862.47,985.68,1108.89,1232.1,ShowDailyK_ChartFlow,FinMind_API_TaiwanStockPrice_3665,True,2026-09-22T15:49:21,2026-09-22T15:49:21,2026-09-22T15:49:21
3665,貿聯-KY,2025-10-17,1295.0,75.0,6.15%,41.06999999999999,38.56,616.05,739.26,862.47,985.68,1108.89,1232.1,ShowDailyK_ChartFlow,FinMind_API_TaiwanStockPrice_3665,True,2026-09-22T15:49:21,2026-09-22T15:49:21,2026-09-22T15:49:21
3665,貿聯-KY,2025-10-20,1290.0,-5.0,-0.39%,41.06999999999999,38.42,616.05,739.26,862.47,985.68,1108.89,1232.1,ShowDailyK_ChartFlow,FinMind_API_TaiwanStockPrice_3665,True,2026-09-22T15:49:21,2026-09-22T15:49:21,2026-09-22T15:49:21
3665,貿聯-KY,2025-10-21,1290.0,0.0,0.00%,41.06999999999999,38.42,616.05,739.26,862.47,985.68,1108.89,1232.1,ShowDailyK_ChartFlow,FinMind_API_TaiwanStockPrice_3665,True,2026-09-22T15:49:21,2026-09-22T15:49:21,2026-09-22T15:49:21
3665,貿聯-KY,2025-10-22,1320.0,30.0,2.33%,41.06999999999999,39.31,616.05,739.26,862.47,985.68,1108.89,1232.1,ShowDailyK_ChartFlow,FinMind_API_TaiwanStockPrice_3665,True,2026-09-22T15:49:21,2026-09-22T15:49:21,2026-09-22T15:49:21
3665,貿聯-KY,2025-10-23,1330.0,10.0,0.76%,41.06999999999999,39.61,616.05,739.26,862.47,985.68,1108.89,1232.1,ShowDailyK_ChartFlow,FinMind_API_TaiwanStockPrice_3665,True,2026-09-22T15:49:21,2026-09-22T15:49:21,2026-09-22T15:49:21
3665,貿聯-KY,2025-10-27,1370.0,40.0,3.01%,41.06999999999999,40.8,616.05,739.26,862.47,985.68,1108.89,1232.1,ShowDailyK_ChartFlow,FinMind_API_TaiwanStockPrice_3665,True,2026-09-22T15:49:21,2026-09-22T15:49:21,2026-09-22T15:49:21
3665,貿聯-KY,2025-10-28,1445.0,75.0,5.47%,41.06999999999999,43.03,616.05,739.26,862.47,985.68,1108.89,1232.1,ShowDailyK_ChartFlow,FinMind_API_TaiwanStockPrice_3665,True,2026-09-22T15:49:21,2026-09-22T15:49:21,2026-09-22T15:49:21
3665,貿聯-KY,2025-10-29,1460.0,15.0,1.04%,41.06999999999999,43.48,616.05,739.26,862.47,985.68,1108.89,1232.1,ShowDailyK_ChartFlow,FinMind_API_TaiwanStockPrice_3665,True,2026-09-22T15:49:21,2026-09-22T15:49:21,2026-09-22T15:49:21
3665,貿聯-KY,2025-10-30,1400.0,-60.0,-4.11%,41.06999999999999,41.69,616.05,739.26,862.47,985.68,1108.89,1232.1,ShowDailyK_ChartFlow,FinMind_API_TaiwanStockPrice_3665,True,2026-09-22T15:49:21,2026-09-22T15:49:21,2026-09-22T15:49:21
3665,貿聯-KY,2025-10-31,1395.0,-5.0,-0.36%,41.06999999999999,41.54,616.05,739.26,862.47,985.68,1108.89,1232.1,ShowDailyK_ChartFlow,FinMind_API_TaiwanStockPrice_3665,True,2026-09-22T15:49:21,2026-09-22T15:49:21,2026-09-22T15:49:21
3665,貿聯-KY,2025-11-03,1455.0,60.0,4.30%,41.06999999999999,43.33,616.05,739.26,862.47,985.68,1108.89,1232.1,ShowDailyK_ChartFlow,FinMind_API_TaiwanStockPrice_3665,True,2026-09-22T15:49:21,2026-09-22T15:49:21,2026-09-22T15:49:21
3665,貿聯-KY,2025-11-04,1380.0,-75.0,-5.15%,41.06999999999999,41.1,616.05,739.26,862.47,985.68,1108.89,1232.1,ShowDailyK_ChartFlow,FinMind_API_TaiwanStockPrice_3665,True,2026-09-22T15:49:21,2026-09-22T15:49:21,2026-09-22T15:49:21
3665,貿聯-KY,2025-11-05,1375.0,-5.0,-0.36%,41.06999999999999,40.95,616.05,739.26,862.47,985.68,1108.89,1232.1,ShowDailyK_ChartFlow,FinMind_API_TaiwanStockPrice_3665,True,2026-09-22T15:49:21,2026-09-22T15:49:21,2026-09-22T15:49:21
3665,貿聯-KY,2025-11-06,1370.0,-5.0,-0.36%,41.06999999999999,40.8,616.05,739.26,862.47,985.68,1108.89,1232.1,ShowDailyK_ChartFlow,FinMind_API_TaiwanStockPrice_3665,True,2026-09-22T15:49:21,2026-09-22T15:49:21,2026-09-22T15:49:21
3665,貿聯-KY,2025-11-07,1415.0,45.0,3.28%,41.06999999999999,42.14,616.05,739.26,862.47,985.68,1108.89,1232.1,ShowDailyK_ChartFlow,FinMind_API_TaiwanStockPrice_3665,True,2026-09-22T15:49:21,2026-09-22T15:49:21,2026-09-22T15:49:21
3665,貿聯-KY,2025-11-10,1535.0,120.0,8.48%,41.06999999999999,45.71,616.05,739.26,862.47,985.68,1108.89,1232.1,ShowDailyK_ChartFlow,FinMind_API_TaiwanStockPrice_3665,True,2026-09-22T15:49:21,2026-09-22T15:49:21,2026-09-22T15:49:21
3665,貿聯-KY,2025-11-11,1550.0,15.0,0.98%,41.06999999999999,38.63,616.05,739.26,862.47,985.68,1108.89,1232.1,ShowDailyK_ChartFlow,FinMind_API_TaiwanStockPrice_3665,True,2026-09-22T15:49:21,2026-09-22T15:49:21,2026-09-22T15:49:21
3665,貿聯-KY,2025-11-12,1500.0,-50.0,-3.23%,41.06999999999999,37.39,616.05,739.26,862.47,985.68,1108.89,1232.1,ShowDailyK_ChartFlow,FinMind_API_TaiwanStockPrice_3665,True,2026-09-22T15:49:21,2026-09-22T15:49:21,2026-09-22T15:49:21
3665,貿聯-KY,2025-11-13,1605.0,105.0,7.00%,41.06999999999999,40.0,616.05,739.26,862.47,985.68,1108.89,1232.1,ShowDailyK_ChartFlow,FinMind_API_TaiwanStockPrice_3665,True,2026-09-22T15:49:21,2026-09-22T15:49:21,2026-09-22T15:49:21
3665,貿聯-KY,2025-11-14,1520.0,-85.0,-5.30%,41.06999999999999,37.89,616.05,739.26,862.47,985.68,1108.89,1232.1,ShowDailyK_ChartFlow,FinMind_API_TaiwanStockPrice_3665,True,2026-09-22T15:49:21,2026-09-22T15:49:21,2026-09-22T15:49:21
3665,貿聯-KY,2025-11-17,1625.0,105.0,6.91%,41.06999999999999,40.5,616.05,739.26,862.47,985.68,1108.89,1232.1,ShowDailyK_ChartFlow,FinMind_API_TaiwanStockPrice_3665,True,2026-09-22T15:49:21,2026-09-22T15:49:21,2026-09-22T15:49:21
3665,貿聯-KY,2025-11-18,1570.0,-55.0,-3.38%,41.06999999999999,39.13,616.05,739.26,862.47,985.68,1108.89,1232.1,ShowDailyK_ChartFlow,FinMind_API_TaiwanStockPrice_3665,True,2026-09-22T15:49:21,2026-09-22T15:49:21,2026-09-22T15:49:21
3665,貿聯-KY,2025-11-19,1580.0,10.0,0.64%,41.06999999999999,39.38,616.05,739.26,862.47,985.68,1108.89,1232.1,ShowDailyK_ChartFlow,FinMind_API_TaiwanStockPrice_3665,True,2026-09-22T15:49:21,2026-09-22T15:49:21,2026-09-22T15:49:21
3665,貿聯-KY,2025-11-20,1680.0,100.0,6.33%,41.06999999999999,41.87,616.05,739.26,862.47,985.68,1108.89,1232.1,ShowDailyK_ChartFlow,FinMind_API_TaiwanStockPrice_3665,True,2026-09-22T15:49:21,2026-09-22T15:49:21,2026-09-22T15:49:21
3665,貿聯-KY,2025-11-21,1605.0,-75.0,-4.46%,41.06999999999999,40.0,616.05,739.26,862.47,985.68,1108.89,1232.1,ShowDailyK_ChartFlow,FinMind_API_TaiwanStockPrice_3665,True,2026-09-22T15:49:21,2026-09-22T15:49:21,2026-09-22T15:49:21
3665,貿聯-KY,2025-11-24,1560.0,-45.0,-2.80%,41.06999999999999,38.88,616.05,739.26,862.47,985.68,1108.89,1232.1,ShowDailyK_ChartFlow,FinMind_API_TaiwanStockPrice_3665,True,2026-09-22T15:49:21,2026-09-22T15:49:21,2026-09-22T15:49:21
3665,貿聯-KY,2025-11-25,1545.0,-15.0,-0.96%,41.06999999999999,38.51,616.05,739.26,862.47,985.68,1108.89,1232.1,ShowDailyK_ChartFlow,FinMind_API_TaiwanStockPrice_3665,True,2026-09-22T15:49:21,2026-09-22T15:49:21,2026-09-22T15:49:21
3665,貿聯-KY,2025-11-26,1500.0,-45.0,-2.91%,41.06999999999999,37.39,616.05,739.26,862.47,985.68,1108.89,1232.1,ShowDailyK_ChartFlow,FinMind_API_TaiwanStockPrice_3665,True,2026-09-22T15:49:21,2026-09-22T15:49:21,2026-09-22T15:49:21
3665,貿聯-KY,2025-11-27,1540.0,40.0,2.67%,41.06999999999999,38.38,616.05,739.26,862.47,985.68,1108.89,1232.1,ShowDailyK_ChartFlow,FinMind_API_TaiwanStockPrice_3665,True,2026-09-22T15:49:21,2026-09-22T15:49:21,2026-09-22T15:49:21
3665,貿聯-KY,2025-11-28,1610.0,70.0,4.55%,41.06999999999999,40.13,616.05,739.26,862.47,985.68,1108.89,1232.1,ShowDailyK_ChartFlow,FinMind_API_TaiwanStockPrice_3665,True,2026-09-22T15:49:21,2026-09-22T15:49:21,2026-09-22T15:49:21
3665,貿聯-KY,2025-12-01,1600.0,-10.0,-0.62%,41.06999999999999,39.88,616.05,739.26,862.47,985.68,1108.89,1232.1,ShowDailyK_ChartFlow,FinMind_API_TaiwanStockPrice_3665,True,2026-09-22T15:49:21,2026-09-22T15:49:21,2026-09-22T15:49:21
3665,貿聯-KY,2025-12-02,1535.0,-65.0,-4.06%,41.06999999999999,38.26,616.05,739.26,862.47,985.68,1108.89,1232.1,ShowDailyK_ChartFlow,FinMind_API_TaiwanStockPrice_3665,True,2026-09-22T15:49:21,2026-09-22T15:49:21,2026-09-22T15:49:21
3665,貿聯-KY,2025-12-03,1525.0,-10.0,-0.65%,41.06999999999999,38.01,616.05,739.26,862.47,985.68,1108.89,1232.1,ShowDailyK_ChartFlow,FinMind_API_TaiwanStockPrice_3665,True,2026-09-22T15:49:21,2026-09-22T15:49:21,2026-09-22T15:49:21
3665,貿聯-KY,2025-12-04,1530.0,5.0,0.33%,41.06999999999999,38.14,616.05,739.26,862.47,985.68,1108.89,1232.1,ShowDailyK_ChartFlow,FinMind_API_TaiwanStockPrice_3665,True,2026-09-22T15:49:21,2026-09-22T15:49:21,2026-09-22T15:49:21
3665,貿聯-KY,2025-12-05,1525.0,-5.0,-0.33%,41.06999999999999,38.01,616.05,739.26,862.47,985.68,1108.89,1232.1,ShowDailyK_ChartFlow,FinMind_API_TaiwanStockPrice_3665,True,2026-09-22T15:49:21,2026-09-22T15:49:21,2026-09-22T15:49:21
3665,貿聯-KY,2025-12-08,1515.0,-10.0,-0.66%,41.06999999999999,37.76,616.05,739.26,862.47,985.68,1108.89,1232.1,ShowDailyK_ChartFlow,FinMind_API_TaiwanStockPrice_3665,True,2026-09-22T15:49:21,2026-09-22T15:49:21,2026-09-22T15:49:21
3665,貿聯-KY,2025-12-09,1470.0,-45.0,-2.97%,41.06999999999999,36.64,616.05,739.26,862.47,985.68,1108.89,1232.1,ShowDailyK_ChartFlow,FinMind_API_TaiwanStockPrice_3665,True,2026-09-22T15:49:21,2026-09-22T15:49:21,2026-09-22T15:49:21
3665,貿聯-KY,2025-12-10,1525.0,55.0,3.74%,41.06999999999999,38.01,616.05,739.26,862.47,985.68,1108.89,1232.1,ShowDailyK_ChartFlow,FinMind_API_TaiwanStockPrice_3665,True,2026-09-22T15:49:21,2026-09-22T15:49:21,2026-09-22T15:49:21
3665,貿聯-KY,2025-12-11,1535.0,10.0,0.66%,41.06999999999999,38.26,616.05,739.26,862.47,985.68,1108.89,1232.1,ShowDailyK_ChartFlow,FinMind_API_TaiwanStockPrice_3665,True,2026-09-22T15:49:21,2026-09-22T15:49:21,2026-09-22T15:49:21
3665,貿聯-KY,2025-12-12,1535.0,0.0,0.00%,41.06999999999999,38.26,616.05,739.26,862.47,985.68,1108.89,1232.1,ShowDailyK_ChartFlow,FinMind_API_TaiwanStockPrice_3665,True,2026-09-22T15:49:21,2026-09-22T15:49:21,2026-09-22T15:49:21
3665,貿聯-KY,2025-12-15,1475.0,-60.0,-3.91%,41.06999999999999,36.76,616.05,739.26,862.47,985.68,1108.89,1232.1,ShowDailyK_ChartFlow,FinMind_API_TaiwanStockPrice_3665,True,2026-09-22T15:49:21,2026-09-22T15:49:21,2026-09-22T15:49:21
3665,貿聯-KY,2025-12-16,1440.0,-35.0,-2.37%,41.06999999999999,35.89,616.05,739.26,862.47,985.68,1108.89,1232.1,ShowDailyK_ChartFlow,FinMind_API_TaiwanStockPrice_3665,True,2026-09-22T15:49:21,2026-09-22T15:49:21,2026-09-22T15:49:21
3665,貿聯-KY,2025-12-17,1435.0,-5.0,-0.35%,41.06999999999999,35.77,616.05,739.26,862.47,985.68,1108.89,1232.1,ShowDailyK_ChartFlow,FinMind_API_TaiwanStockPrice_3665,True,2026-09-22T15:49:21,2026-09-22T15:49:21,2026-09-22T15:49:21
3665,貿聯-KY,2025-12-18,1440.0,5.0,0.35%,41.06999999999999,35.89,616.05,739.26,862.47,985.68,1108.89,1232.1,ShowDailyK_ChartFlow,FinMind_API_TaiwanStockPrice_3665,True,2026-09-22T15:49:21,2026-09-22T15:49:21,2026-09-22T15:49:21
3665,貿聯-KY,2025-12-19,1440.0,0.0,0.00%,41.06999999999999,35.89,616.05,739.26,862.47,985.68,1108.89,1232.1,ShowDailyK_ChartFlow,FinMind_API_TaiwanStockPrice_3665,True,2026-09-22T15:49:21,2026-09-22T15:49:21,2026-09-22T15:49:21
3665,貿聯-KY,2025-12-22,1475.0,35.0,2.43%,41.06999999999999,36.76,616.05,739.26,862.47,985.68,1108.89,1232.1,ShowDailyK_ChartFlow,FinMind_API_TaiwanStockPrice_3665,True,2026-09-22T15:49:21,2026-09-22T15:49:21,2026-09-22T15:49:21
3665,貿聯-KY,2025-12-23,1460.0,-15.0,-1.02%,41.06999999999999,36.39,616.05,739.26,862.47,985.68,1108.89,1232.1,ShowDailyK_ChartFlow,FinMind_API_TaiwanStockPrice_3665,True,2026-09-22T15:49:21,2026-09-22T15:49:21,2026-09-22T15:49:21
3665,貿聯-KY,2025-12-24,1550.0,90.0,6.16%,41.06999999999999,38.63,616.05,739.26,862.47,985.68,1108.89,1232.1,ShowDailyK_ChartFlow,FinMind_API_TaiwanStockPrice_3665,True,2026-09-22T15:49:21,2026-09-22T15:49:21,2026-09-22T15:49:21
3665,貿聯-KY,2025-12-26,1545.0,-5.0,-0.32%,41.06999999999999,38.51,616.05,739.26,862.47,985.68,1108.89,1232.1,ShowDailyK_ChartFlow,FinMind_API_TaiwanStockPrice_3665,True,2026-09-22T15:49:21,2026-09-22T15:49:21,2026-09-22T15:49:21
3665,貿聯-KY,2025-12-29,1505.0,-40.0,-2.59%,41.06999999999999,37.51,616.05,739.26,862.47,985.68,1108.89,1232.1,ShowDailyK_ChartFlow,FinMind_API_TaiwanStockPrice_3665,True,2026-09-22T15:49:21,2026-09-22T15:49:21,2026-09-22T15:49:21
3665,貿聯-KY,2025-12-30,1505.0,0.0,0.00%,41.06999999999999,37.51,616.05,739.26,862.47,985.68,1108.89,1232.1,ShowDailyK_ChartFlow,FinMind_API_TaiwanStockPrice_3665,True,2026-09-22T15:49:21,2026-09-22T15:49:21,2026-09-22T15:49:21
3665,貿聯-KY,2025-12-31,1520.0,15.0,1.00%,46.62,37.89,699.3,839.16,979.02,1118.88,1258.74,1398.6,ShowDailyK_ChartFlow,FinMind_API_TaiwanStockPrice_3665,True,2026-09-22T15:49:21,2026-09-22T15:49:21,2026-09-22T15:49:21
3665,貿聯-KY,2026-01-02,1525.0,5.0,0.33%,46.62,38.01,699.3,839.16,979.02,1118.88,1258.74,1398.6,ShowDailyK_ChartFlow,FinMind_API_TaiwanStockPrice_3665,True,2026-09-22T15:49:21,2026-09-22T15:49:21,2026-09-22T15:49:21
3665,貿聯-KY,2026-01-05,1575.0,50.0,3.28%,46.62,39.26,699.3,839.16,979.02,1118.88,1258.74,1398.6,ShowDailyK_ChartFlow,FinMind_API_TaiwanStockPrice_3665,True,2026-09-22T15:49:21,2026-09-22T15:49:21,2026-09-22T15:49:21
3665,貿聯-KY,2026-01-06,1575.0,0.0,0.00%,46.62,39.26,699.3,839.16,979.02,1118.88,1258.74,1398.6,ShowDailyK_ChartFlow,FinMind_API_TaiwanStockPrice_3665,True,2026-09-22T15:49:21,2026-09-22T15:49:21,2026-09-22T15:49:21
3665,貿聯-KY,2026-01-07,1430.0,-145.0,-9.21%,46.62,35.64,699.3,839.16,979.02,1118.88,1258.74,1398.6,ShowDailyK_ChartFlow,FinMind_API_TaiwanStockPrice_3665,True,2026-09-22T15:49:21,2026-09-22T15:49:21,2026-09-22T15:49:21
3665,貿聯-KY,2026-01-08,1410.0,-20.0,-1.40%,46.62,35.14,699.3,839.16,979.02,1118.88,1258.74,1398.6,ShowDailyK_ChartFlow,FinMind_API_TaiwanStockPrice_3665,True,2026-09-22T15:49:21,2026-09-22T15:49:21,2026-09-22T15:49:21
3665,貿聯-KY,2026-01-09,1425.0,15.0,1.06%,46.62,35.52,699.3,839.16,979.02,1118.88,1258.74,1398.6,ShowDailyK_ChartFlow,FinMind_API_TaiwanStockPrice_3665,True,2026-09-22T15:49:21,2026-09-22T15:49:21,2026-09-22T15:49:21
3665,貿聯-KY,2026-01-12,1395.0,-30.0,-2.11%,46.62,34.77,699.3,839.16,979.02,1118.88,1258.74,1398.6,ShowDailyK_ChartFlow,FinMind_API_TaiwanStockPrice_3665,True,2026-09-22T15:49:21,2026-09-22T15:49:21,2026-09-22T15:49:21
3665,貿聯-KY,2026-01-13,1420.0,25.0,1.79%,46.62,35.39,699.3,839.16,979.02,1118.88,1258.74,1398.6,ShowDailyK_ChartFlow,FinMind_API_TaiwanStockPrice_3665,True,2026-09-22T15:49:21,2026-09-22T15:49:21,2026-09-22T15:49:21
3665,貿聯-KY,2026-01-14,1495.0,75.0,5.28%,46.62,37.26,699.3,839.16,979.02,1118.88,1258.74,1398.6,ShowDailyK_ChartFlow,FinMind_API_TaiwanStockPrice_3665,True,2026-09-22T15:49:21,2026-09-22T15:49:21,2026-09-22T15:49:21
3665,貿聯-KY,2026-01-15,1470.0,-25.0,-1.67%,46.62,36.64,699.3,839.16,979.02,1118.88,1258.74,1398.6,ShowDailyK_ChartFlow,FinMind_API_TaiwanStockPrice_3665,True,2026-09-22T15:49:21,2026-09-22T15:49:21,2026-09-22T15:49:21
3665,貿聯-KY,2026-01-16,1400.0,-70.0,-4.76%,46.62,34.9,699.3,839.16,979.02,1118.88,1258.74,1398.6,ShowDailyK_ChartFlow,FinMind_API_TaiwanStockPrice_3665,True,2026-09-22T15:49:21,2026-09-22T15:49:21,2026-09-22T15:49:21
3665,貿聯-KY,2026-01-19,1315.0,-85.0,-6.07%,46.62,32.78,699.3,839.16,979.02,1118.88,1258.74,1398.6,ShowDailyK_ChartFlow,FinMind_API_TaiwanStockPrice_3665,True,2026-09-22T15:49:21,2026-09-22T15:49:21,2026-09-22T15:49:21
3665,貿聯-KY,2026-01-20,1340.0,25.0,1.90%,46.62,33.4,699.3,839.16,979.02,1118.88,1258.74,1398.6,ShowDailyK_ChartFlow,FinMind_API_TaiwanStockPrice_3665,True,2026-09-22T15:49:21,2026-09-22T15:49:21,2026-09-22T15:49:21
3665,貿聯-KY,2026-01-21,1300.0,-40.0,-2.99%,46.62,32.4,699.3,839.16,979.02,1118.88,1258.74,1398.6,ShowDailyK_ChartFlow,FinMind_API_TaiwanStockPrice_3665,True,2026-09-22T15:49:21,2026-09-22T15:49:21,2026-09-22T15:49:21
3665,貿聯-KY,2026-01-22,1420.0,120.0,9.23%,46.62,35.39,699.3,839.16,979.02,1118.88,1258.74,1398.6,ShowDailyK_ChartFlow,FinMind_API_TaiwanStockPrice_3665,True,2026-09-22T15:49:21,2026-09-22T15:49:21,2026-09-22T15:49:21
3665,貿聯-KY,2026-01-23,1390.0,-30.0,-2.11%,46.62,34.65,699.3,839.16,979.02,1118.88,1258.74,1398.6,ShowDailyK_ChartFlow,FinMind_API_TaiwanStockPrice_3665,True,2026-09-22T15:49:21,2026-09-22T15:49:21,2026-09-22T15:49:21
3665,貿聯-KY,2026-01-26,1430.0,40.0,2.88%,46.62,35.64,699.3,839.16,979.02,1118.88,1258.74,1398.6,ShowDailyK_ChartFlow,FinMind_API_TaiwanStockPrice_3665,True,2026-09-22T15:49:21,2026-09-22T15:49:21,2026-09-22T15:49:21
3665,貿聯-KY,2026-01-27,1420.0,-10.0,-0.70%,46.62,35.39,699.3,839.16,979.02,1118.88,1258.74,1398.6,ShowDailyK_ChartFlow,FinMind_API_TaiwanStockPrice_3665,True,2026-09-22T15:49:21,2026-09-22T15:49:21,2026-09-22T15:49:21
3665,貿聯-KY,2026-01-28,1440.0,20.0,1.41%,46.62,35.89,699.3,839.16,979.02,1118.88,1258.74,1398.6,ShowDailyK_ChartFlow,FinMind_API_TaiwanStockPrice_3665,True,2026-09-22T15:49:21,2026-09-22T15:49:21,2026-09-22T15:49:21
3665,貿聯-KY,2026-01-29,1365.0,-75.0,-5.21%,46.62,34.02,699.3,839.16,979.02,1118.88,1258.74,1398.6,ShowDailyK_ChartFlow,FinMind_API_TaiwanStockPrice_3665,True,2026-09-22T15:49:21,2026-09-22T15:49:21,2026-09-22T15:49:21
3665,貿聯-KY,2026-01-30,1300.0,-65.0,-4.76%,46.62,32.4,699.3,839.16,979.02,1118.88,1258.74,1398.6,ShowDailyK_ChartFlow,FinMind_API_TaiwanStockPrice_3665,True,2026-09-22T15:49:21,2026-09-22T15:49:21,2026-09-22T15:49:21
3665,貿聯-KY,2026-02-02,1325.0,25.0,1.92%,46.62,33.03,699.3,839.16,979.02,1118.88,1258.74,1398.6,ShowDailyK_ChartFlow,FinMind_API_TaiwanStockPrice_3665,True,2026-09-22T15:49:21,2026-09-22T15:49:21,2026-09-22T15:49:21
3665,貿聯-KY,2026-02-03,1410.0,85.0,6.42%,46.62,35.14,699.3,839.16,979.02,1118.88,1258.74,1398.6,ShowDailyK_ChartFlow,FinMind_API_TaiwanStockPrice_3665,True,2026-09-22T15:49:21,2026-09-22T15:49:21,2026-09-22T15:49:21
3665,貿聯-KY,2026-02-04,1340.0,-70.0,-4.96%,46.62,33.4,699.3,839.16,979.02,1118.88,1258.74,1398.6,ShowDailyK_ChartFlow,FinMind_API_TaiwanStockPrice_3665,True,2026-09-22T15:49:21,2026-09-22T15:49:21,2026-09-22T15:49:21
3665,貿聯-KY,2026-02-05,1260.0,-80.0,-5.97%,46.62,31.41,699.3,839.16,979.02,1118.88,1258.74,1398.6,ShowDailyK_ChartFlow,FinMind_API_TaiwanStockPrice_3665,True,2026-09-22T15:49:21,2026-09-22T15:49:21,2026-09-22T15:49:21
3665,貿聯-KY,2026-02-06,1285.0,25.0,1.98%,46.62,32.03,699.3,839.16,979.02,1118.88,1258.74,1398.6,ShowDailyK_ChartFlow,FinMind_API_TaiwanStockPrice_3665,True,2026-09-22T15:49:21,2026-09-22T15:49:21,2026-09-22T15:49:21
3665,貿聯-KY,2026-02-09,1255.0,-30.0,-2.33%,46.62,31.28,699.3,839.16,979.02,1118.88,1258.74,1398.6,ShowDailyK_ChartFlow,FinMind_API_TaiwanStockPrice_3665,True,2026-09-22T15:49:21,2026-09-22T15:49:21,2026-09-22T15:49:21
3665,貿聯-KY,2026-02-10,1380.0,125.0,9.96%,46.62,34.4,699.3,839.16,979.02,1118.88,1258.74,1398.6,ShowDailyK_ChartFlow,FinMind_API_TaiwanStockPrice_3665,True,2026-09-22T15:49:21,2026-09-22T15:49:21,2026-09-22T15:49:21
3665,貿聯-KY,2026-02-11,1365.0,-15.0,-1.09%,46.62,34.02,699.3,839.16,979.02,1118.88,1258.74,1398.6,ShowDailyK_ChartFlow,FinMind_API_TaiwanStockPrice_3665,True,2026-09-22T15:49:21,2026-09-22T15:49:21,2026-09-22T15:49:21
3665,貿聯-KY,2026-02-23,1290.0,-75.0,-5.49%,46.62,32.15,699.3,839.16,979.02,1118.88,1258.74,1398.6,ShowDailyK_ChartFlow,FinMind_API_TaiwanStockPrice_3665,True,2026-09-22T15:49:21,2026-09-22T15:49:21,2026-09-22T15:49:21
3665,貿聯-KY,2026-02-24,1295.0,5.0,0.39%,46.62,32.28,699.3,839.16,979.02,1118.88,1258.74,1398.6,ShowDailyK_ChartFlow,FinMind_API_TaiwanStockPrice_3665,True,2026-09-22T15:49:21,2026-09-22T15:49:21,2026-09-22T15:49:21
3665,貿聯-KY,2026-02-25,1345.0,50.0,3.86%,46.62,33.52,699.3,839.16,979.02,1118.88,1258.74,1398.6,ShowDailyK_ChartFlow,FinMind_API_TaiwanStockPrice_3665,True,2026-09-22T15:49:21,2026-09-22T15:49:21,2026-09-22T15:49:21
3665,貿聯-KY,2026-02-26,1410.0,65.0,4.83%,46.62,35.14,699.3,839.16,979.02,1118.88,1258.74,1398.6,ShowDailyK_ChartFlow,FinMind_API_TaiwanStockPrice_3665,True,2026-09-22T15:49:21,2026-09-22T15:49:21,2026-09-22T15:49:21
3665,貿聯-KY,2026-03-02,1505.0,95.0,6.74%,46.62,37.51,699.3,839.16,979.02,1118.88,1258.74,1398.6,ShowDailyK_ChartFlow,FinMind_API_TaiwanStockPrice_3665,True,2026-09-22T15:49:21,2026-09-22T15:49:21,2026-09-22T15:49:21
3665,貿聯-KY,2026-03-03,1645.0,140.0,9.30%,46.62,41.0,699.3,839.16,979.02,1118.88,1258.74,1398.6,ShowDailyK_ChartFlow,FinMind_API_TaiwanStockPrice_3665,True,2026-09-22T15:49:21,2026-09-22T15:49:21,2026-09-22T15:49:21
3665,貿聯-KY,2026-03-04,1610.0,-35.0,-2.13%,46.62,40.13,699.3,839.16,979.02,1118.88,1258.74,1398.6,ShowDailyK_ChartFlow,FinMind_API_TaiwanStockPrice_3665,True,2026-09-22T15:49:21,2026-09-22T15:49:21,2026-09-22T15:49:21
3665,貿聯-KY,2026-03-05,1725.0,115.0,7.14%,46.62,43.0,699.3,839.16,979.02,1118.88,1258.74,1398.6,ShowDailyK_ChartFlow,FinMind_API_TaiwanStockPrice_3665,True,2026-09-22T15:49:21,2026-09-22T15:49:21,2026-09-22T15:49:21
3665,貿聯-KY,2026-03-06,1770.0,45.0,2.61%,46.62,44.12,699.3,839.16,979.02,1118.88,1258.74,1398.6,ShowDailyK_ChartFlow,FinMind_API_TaiwanStockPrice_3665,True,2026-09-22T15:49:21,2026-09-22T15:49:21,2026-09-22T15:49:21
3665,貿聯-KY,2026-03-09,1595.0,-175.0,-9.89%,46.62,39.76,699.3,839.16,979.02,1118.88,1258.74,1398.6,ShowDailyK_ChartFlow,FinMind_API_TaiwanStockPrice_3665,True,2026-09-22T15:49:21,2026-09-22T15:49:21,2026-09-22T15:49:21
3665,貿聯-KY,2026-03-10,1565.0,-30.0,-1.88%,46.62,39.01,699.3,839.16,979.02,1118.88,1258.74,1398.6,ShowDailyK_ChartFlow,FinMind_API_TaiwanStockPrice_3665,True,2026-09-22T15:49:21,2026-09-22T15:49:21,2026-09-22T15:49:21
3665,貿聯-KY,2026-03-11,1655.0,90.0,5.75%,46.62,41.25,699.3,839.16,979.02,1118.88,1258.74,1398.6,ShowDailyK_ChartFlow,FinMind_API_TaiwanStockPrice_3665,True,2026-09-22T15:49:21,2026-09-22T15:49:21,2026-09-22T15:49:21
3665,貿聯-KY,2026-03-12,1635.0,-20.0,-1.21%,46.62,40.75,699.3,839.16,979.02,1118.88,1258.74,1398.6,ShowDailyK_ChartFlow,FinMind_API_TaiwanStockPrice_3665,True,2026-09-22T15:49:21,2026-09-22T15:49:21,2026-09-22T15:49:21
3665,貿聯-KY,2026-03-13,1590.0,-45.0,-2.75%,46.62,34.43,699.3,839.16,979.02,1118.88,1258.74,1398.6,ShowDailyK_ChartFlow,FinMind_API_TaiwanStockPrice_3665,True,2026-09-22T15:49:21,2026-09-22T15:49:21,2026-09-22T15:49:21
3665,貿聯-KY,2026-03-16,1645.0,55.0,3.46%,46.62,35.62,699.3,839.16,979.02,1118.88,1258.74,1398.6,ShowDailyK_ChartFlow,FinMind_API_TaiwanStockPrice_3665,True,2026-09-22T15:49:21,2026-09-22T15:49:21,2026-09-22T15:49:21
3665,貿聯-KY,2026-03-17,1740.0,95.0,5.78%,46.62,37.68,699.3,839.16,979.02,1118.88,1258.74,1398.6,ShowDailyK_ChartFlow,FinMind_API_TaiwanStockPrice_3665,True,2026-09-22T15:49:21,2026-09-22T15:49:21,2026-09-22T15:49:21
3665,貿聯-KY,2026-03-18,1690.0,-50.0,-2.87%,46.62,36.6,699.3,839.16,979.02,1118.88,1258.74,1398.6,ShowDailyK_ChartFlow,FinMind_API_TaiwanStockPrice_3665,True,2026-09-22T15:49:21,2026-09-22T15:49:21,2026-09-22T15:49:21
3665,貿聯-KY,2026-03-19,1720.0,30.0,1.78%,46.62,37.25,699.3,839.16,979.02,1118.88,1258.74,1398.6,ShowDailyK_ChartFlow,FinMind_API_TaiwanStockPrice_3665,True,2026-09-22T15:49:21,2026-09-22T15:49:21,2026-09-22T15:49:21
3665,貿聯-KY,2026-03-20,1825.0,105.0,6.10%,46.62,39.52,699.3,839.16,979.02,1118.88,1258.74,1398.6,ShowDailyK_ChartFlow,FinMind_API_TaiwanStockPrice_3665,True,2026-09-22T15:49:21,2026-09-22T15:49:21,2026-09-22T15:49:21
3665,貿聯-KY,2026-03-23,1770.0,-55.0,-3.01%,46.62,38.33,699.3,839.16,979.02,1118.88,1258.74,1398.6,ShowDailyK_ChartFlow,FinMind_API_TaiwanStockPrice_3665,True,2026-09-22T15:49:21,2026-09-22T15:49:21,2026-09-22T15:49:21
3665,貿聯-KY,2026-03-24,1730.0,-40.0,-2.26%,46.62,37.46,699.3,839.16,979.02,1118.88,1258.74,1398.6,ShowDailyK_ChartFlow,FinMind_API_TaiwanStockPrice_3665,True,2026-09-22T15:49:21,2026-09-22T15:49:21,2026-09-22T15:49:21
3665,貿聯-KY,2026-03-25,1805.0,75.0,4.34%,46.62,39.09,699.3,839.16,979.02,1118.88,1258.74,1398.6,ShowDailyK_ChartFlow,FinMind_API_TaiwanStockPrice_3665,True,2026-09-22T15:49:21,2026-09-22T15:49:21,2026-09-22T15:49:21
3665,貿聯-KY,2026-03-26,1815.0,10.0,0.55%,46.62,39.3,699.3,839.16,979.02,1118.88,1258.74,1398.6,ShowDailyK_ChartFlow,FinMind_API_TaiwanStockPrice_3665,True,2026-09-22T15:49:21,2026-09-22T15:49:21,2026-09-22T15:49:21
3665,貿聯-KY,2026-03-27,1860.0,45.0,2.48%,46.62,40.28,699.3,839.16,979.02,1118.88,1258.74,1398.6,ShowDailyK_ChartFlow,FinMind_API_TaiwanStockPrice_3665,True,2026-09-22T15:49:21,2026-09-22T15:49:21,2026-09-22T15:49:21
3665,貿聯-KY,2026-03-30,1880.0,20.0,1.08%,46.62,40.71,699.3,839.16,979.02,1118.88,1258.74,1398.6,ShowDailyK_ChartFlow,FinMind_API_TaiwanStockPrice_3665,True,2026-09-22T15:49:21,2026-09-22T15:49:21,2026-09-22T15:49:21
3665,貿聯-KY,2026-03-31,1740.0,-140.0,-7.45%,49.78999999999999,37.68,746.85,896.22,1045.59,1194.96,1344.33,1493.7,ShowDailyK_ChartFlow,FinMind_API_TaiwanStockPrice_3665,True,2026-09-22T15:49:21,2026-09-22T15:49:21,2026-09-22T15:49:21
3665,貿聯-KY,2026-04-01,1910.0,170.0,9.77%,49.78999999999999,41.36,746.85,896.22,1045.59,1194.96,1344.33,1493.7,ShowDailyK_ChartFlow,FinMind_API_TaiwanStockPrice_3665,True,2026-09-22T15:49:21,2026-09-22T15:49:21,2026-09-22T15:49:21
3665,貿聯-KY,2026-04-02,1915.0,5.0,0.26%,49.78999999999999,41.47,746.85,896.22,1045.59,1194.96,1344.33,1493.7,ShowDailyK_ChartFlow,FinMind_API_TaiwanStockPrice_3665,True,2026-09-22T15:49:21,2026-09-22T15:49:21,2026-09-22T15:49:21
3665,貿聯-KY,2026-04-07,1990.0,75.0,3.92%,49.78999999999999,43.09,746.85,896.22,1045.59,1194.96,1344.33,1493.7,ShowDailyK_ChartFlow,FinMind_API_TaiwanStockPrice_3665,True,2026-09-22T15:49:21,2026-09-22T15:49:21,2026-09-22T15:49:21
3665,貿聯-KY,2026-04-08,2015.0,25.0,1.26%,49.78999999999999,43.63,746.85,896.22,1045.59,1194.96,1344.33,1493.7,ShowDailyK_ChartFlow,FinMind_API_TaiwanStockPrice_3665,True,2026-09-22T15:49:21,2026-09-22T15:49:21,2026-09-22T15:49:21
3665,貿聯-KY,2026-04-09,2130.0,115.0,5.71%,49.78999999999999,46.12,746.85,896.22,1045.59,1194.96,1344.33,1493.7,ShowDailyK_ChartFlow,FinMind_API_TaiwanStockPrice_3665,True,2026-09-22T15:49:21,2026-09-22T15:49:21,2026-09-22T15:49:21
3665,貿聯-KY,2026-04-10,2200.0,70.0,3.29%,49.78999999999999,47.64,746.85,896.22,1045.59,1194.96,1344.33,1493.7,ShowDailyK_ChartFlow,FinMind_API_TaiwanStockPrice_3665,True,2026-09-22T15:49:21,2026-09-22T15:49:21,2026-09-22T15:49:21
3665,貿聯-KY,2026-04-13,2225.0,25.0,1.14%,49.78999999999999,48.18,746.85,896.22,1045.59,1194.96,1344.33,1493.7,ShowDailyK_ChartFlow,FinMind_API_TaiwanStockPrice_3665,True,2026-09-22T15:49:21,2026-09-22T15:49:21,2026-09-22T15:49:21
3665,貿聯-KY,2026-04-14,2295.0,70.0,3.15%,49.78999999999999,49.7,746.85,896.22,1045.59,1194.96,1344.33,1493.7,ShowDailyK_ChartFlow,FinMind_API_TaiwanStockPrice_3665,True,2026-09-22T15:49:21,2026-09-22T15:49:21,2026-09-22T15:49:21
3665,貿聯-KY,2026-04-15,2350.0,55.0,2.40%,49.78999999999999,50.89,746.85,896.22,1045.59,1194.96,1344.33,1493.7,ShowDailyK_ChartFlow,FinMind_API_TaiwanStockPrice_3665,True,2026-09-22T15:49:21,2026-09-22T15:49:21,2026-09-22T15:49:21
3665,貿聯-KY,2026-04-16,2395.0,45.0,1.91%,49.78999999999999,51.86,746.85,896.22,1045.59,1194.96,1344.33,1493.7,ShowDailyK_ChartFlow,FinMind_API_TaiwanStockPrice_3665,True,2026-09-22T15:49:21,2026-09-22T15:49:21,2026-09-22T15:49:21
3665,貿聯-KY,2026-04-17,2365.0,-30.0,-1.25%,49.78999999999999,51.21,746.85,896.22,1045.59,1194.96,1344.33,1493.7,ShowDailyK_ChartFlow,FinMind_API_TaiwanStockPrice_3665,True,2026-09-22T15:49:21,2026-09-22T15:49:21,2026-09-22T15:49:21
3665,貿聯-KY,2026-04-20,2460.0,95.0,4.02%,49.78999999999999,53.27,746.85,896.22,1045.59,1194.96,1344.33,1493.7,ShowDailyK_ChartFlow,FinMind_API_TaiwanStockPrice_3665,True,2026-09-22T15:49:21,2026-09-22T15:49:21,2026-09-22T15:49:21
3665,貿聯-KY,2026-04-21,2425.0,-35.0,-1.42%,49.78999999999999,52.51,746.85,896.22,1045.59,1194.96,1344.33,1493.7,ShowDailyK_ChartFlow,FinMind_API_TaiwanStockPrice_3665,True,2026-09-22T15:49:21,2026-09-22T15:49:21,2026-09-22T15:49:21
3665,貿聯-KY,2026-04-22,2555.0,130.0,5.36%,49.78999999999999,55.33,746.85,896.22,1045.59,1194.96,1344.33,1493.7,ShowDailyK_ChartFlow,FinMind_API_TaiwanStockPrice_3665,True,2026-09-22T15:49:21,2026-09-22T15:49:21,2026-09-22T15:49:21
3665,貿聯-KY,2026-04-23,2755.0,200.0,7.83%,49.78999999999999,59.66,746.85,896.22,1045.59,1194.96,1344.33,1493.7,ShowDailyK_ChartFlow,FinMind_API_TaiwanStockPrice_3665,True,2026-09-22T15:49:21,2026-09-22T15:49:21,2026-09-22T15:49:21
3665,貿聯-KY,2026-04-24,2765.0,10.0,0.36%,49.78999999999999,59.87,746.85,896.22,1045.59,1194.96,1344.33,1493.7,ShowDailyK_ChartFlow,FinMind_API_TaiwanStockPrice_3665,True,2026-09-22T15:49:21,2026-09-22T15:49:21,2026-09-22T15:49:21
3665,貿聯-KY,2026-04-27,2630.0,-135.0,-4.88%,49.78999999999999,56.95,746.85,896.22,1045.59,1194.96,1344.33,1493.7,ShowDailyK_ChartFlow,FinMind_API_TaiwanStockPrice_3665,True,2026-09-22T15:49:21,2026-09-22T15:49:21,2026-09-22T15:49:21
3665,貿聯-KY,2026-04-28,2630.0,0.0,0.00%,49.78999999999999,56.95,746.85,896.22,1045.59,1194.96,1344.33,1493.7,ShowDailyK_ChartFlow,FinMind_API_TaiwanStockPrice_3665,True,2026-09-22T15:49:21,2026-09-22T15:49:21,2026-09-22T15:49:21
3665,貿聯-KY,2026-04-29,2780.0,150.0,5.70%,49.78999999999999,60.2,746.85,896.22,1045.59,1194.96,1344.33,1493.7,ShowDailyK_ChartFlow,FinMind_API_TaiwanStockPrice_3665,True,2026-09-22T15:49:21,2026-09-22T15:49:21,2026-09-22T15:49:21
3665,貿聯-KY,2026-04-30,2770.0,-10.0,-0.36%,49.78999999999999,59.98,746.85,896.22,1045.59,1194.96,1344.33,1493.7,ShowDailyK_ChartFlow,FinMind_API_TaiwanStockPrice_3665,True,2026-09-22T15:49:21,2026-09-22T15:49:21,2026-09-22T15:49:21
3665,貿聯-KY,2026-05-04,2940.0,170.0,6.14%,49.78999999999999,63.66,746.85,896.22,1045.59,1194.96,1344.33,1493.7,ShowDailyK_ChartFlow,FinMind_API_TaiwanStockPrice_3665,True,2026-09-22T15:49:21,2026-09-22T15:49:21,2026-09-22T15:49:21
3665,貿聯-KY,2026-05-05,2875.0,-65.0,-2.21%,49.78999999999999,62.26,746.85,896.22,1045.59,1194.96,1344.33,1493.7,ShowDailyK_ChartFlow,FinMind_API_TaiwanStockPrice_3665,True,2026-09-22T15:49:21,2026-09-22T15:49:21,2026-09-22T15:49:21
3665,貿聯-KY,2026-05-06,2745.0,-130.0,-4.52%,49.78999999999999,59.44,746.85,896.22,1045.59,1194.96,1344.33,1493.7,ShowDailyK_ChartFlow,FinMind_API_TaiwanStockPrice_3665,True,2026-09-22T15:49:21,2026-09-22T15:49:21,2026-09-22T15:49:21
3665,貿聯-KY,2026-05-07,2780.0,35.0,1.28%,49.78999999999999,60.2,746.85,896.22,1045.59,1194.96,1344.33,1493.7,ShowDailyK_ChartFlow,FinMind_API_TaiwanStockPrice_3665,True,2026-09-22T15:49:21,2026-09-22T15:49:21,2026-09-22T15:49:21
3665,貿聯-KY,2026-05-08,2750.0,-30.0,-1.08%,49.78999999999999,59.55,746.85,896.22,1045.59,1194.96,1344.33,1493.7,ShowDailyK_ChartFlow,FinMind_API_TaiwanStockPrice_3665,True,2026-09-22T15:49:21,2026-09-22T15:49:21,2026-09-22T15:49:21
3665,貿聯-KY,2026-05-11,2905.0,155.0,5.64%,49.78999999999999,62.91,746.85,896.22,1045.59,1194.96,1344.33,1493.7,ShowDailyK_ChartFlow,FinMind_API_TaiwanStockPrice_3665,True,2026-09-22T15:49:21,2026-09-22T15:49:21,2026-09-22T15:49:21
3665,貿聯-KY,2026-05-12,2775.0,-130.0,-4.48%,49.78999999999999,60.09,746.85,896.22,1045.59,1194.96,1344.33,1493.7,ShowDailyK_ChartFlow,FinMind_API_TaiwanStockPrice_3665,True,2026-09-22T15:49:21,2026-09-22T15:49:21,2026-09-22T15:49:21
3665,貿聯-KY,2026-05-13,2500.0,-275.0,-9.91%,49.78999999999999,54.14,746.85,896.22,1045.59,1194.96,1344.33,1493.7,ShowDailyK_ChartFlow,FinMind_API_TaiwanStockPrice_3665,True,2026-09-22T15:49:21,2026-09-22T15:49:21,2026-09-22T15:49:21
3665,貿聯-KY,2026-05-14,2250.0,-250.0,-10.00%,49.78999999999999,45.41,746.85,896.22,1045.59,1194.96,1344.33,1493.7,ShowDailyK_ChartFlow,FinMind_API_TaiwanStockPrice_3665,True,2026-09-22T15:49:21,2026-09-22T15:49:21,2026-09-22T15:49:21
3665,貿聯-KY,2026-05-15,2095.0,-155.0,-6.89%,49.78999999999999,42.28,746.85,896.22,1045.59,1194.96,1344.33,1493.7,ShowDailyK_ChartFlow,FinMind_API_TaiwanStockPrice_3665,True,2026-09-22T15:49:21,2026-09-22T15:49:21,2026-09-22T15:49:21
3665,貿聯-KY,2026-05-18,2025.0,-70.0,-3.34%,49.78999999999999,40.87,746.85,896.22,1045.59,1194.96,1344.33,1493.7,ShowDailyK_ChartFlow,FinMind_API_TaiwanStockPrice_3665,True,2026-09-22T15:49:21,2026-09-22T15:49:21,2026-09-22T15:49:21
3665,貿聯-KY,2026-05-19,1990.0,-35.0,-1.73%,49.78999999999999,40.16,746.85,896.22,1045.59,1194.96,1344.33,1493.7,ShowDailyK_ChartFlow,FinMind_API_TaiwanStockPrice_3665,True,2026-09-22T15:49:21,2026-09-22T15:49:21,2026-09-22T15:49:21
3665,貿聯-KY,2026-05-20,1965.0,-25.0,-1.26%,49.78999999999999,39.66,746.85,896.22,1045.59,1194.96,1344.33,1493.7,ShowDailyK_ChartFlow,FinMind_API_TaiwanStockPrice_3665,True,2026-09-22T15:49:21,2026-09-22T15:49:21,2026-09-22T15:49:21
3665,貿聯-KY,2026-05-21,2155.0,190.0,9.67%,49.78999999999999,43.49,746.85,896.22,1045.59,1194.96,1344.33,1493.7,ShowDailyK_ChartFlow,FinMind_API_TaiwanStockPrice_3665,True,2026-09-22T15:49:21,2026-09-22T15:49:21,2026-09-22T15:49:21
3665,貿聯-KY,2026-05-22,2225.0,70.0,3.25%,49.78999999999999,44.9,746.85,896.22,1045.59,1194.96,1344.33,1493.7,ShowDailyK_ChartFlow,FinMind_API_TaiwanStockPrice_3665,True,2026-09-22T15:49:21,2026-09-22T15:49:21,2026-09-22T15:49:21
3665,貿聯-KY,2026-05-25,2385.0,160.0,7.19%,49.78999999999999,48.13,746.85,896.22,1045.59,1194.96,1344.33,1493.7,ShowDailyK_ChartFlow,FinMind_API_TaiwanStockPrice_3665,True,2026-09-22T15:49:21,2026-09-22T15:49:21,2026-09-22T15:49:21
3665,貿聯-KY,2026-05-26,2265.0,-120.0,-5.03%,49.78999999999999,45.71,746.85,896.22,1045.59,1194.96,1344.33,1493.7,ShowDailyK_ChartFlow,FinMind_API_TaiwanStockPrice_3665,True,2026-09-22T15:49:21,2026-09-22T15:49:21,2026-09-22T15:49:21
3665,貿聯-KY,2026-05-27,2115.0,-150.0,-6.62%,49.78999999999999,42.68,746.85,896.22,1045.59,1194.96,1344.33,1493.7,ShowDailyK_ChartFlow,FinMind_API_TaiwanStockPrice_3665,True,2026-09-22T15:49:21,2026-09-22T15:49:21,2026-09-22T15:49:21
3665,貿聯-KY,2026-05-28,2115.0,0.0,0.00%,49.78999999999999,42.68,746.85,896.22,1045.59,1194.96,1344.33,1493.7,ShowDailyK_ChartFlow,FinMind_API_TaiwanStockPrice_3665,True,2026-09-22T15:49:21,2026-09-22T15:49:21,2026-09-22T15:49:21
3665,貿聯-KY,2026-05-29,2085.0,-30.0,-1.42%,49.78999999999999,42.08,746.85,896.22,1045.59,1194.96,1344.33,1493.7,ShowDailyK_ChartFlow,FinMind_API_TaiwanStockPrice_3665,True,2026-09-22T15:49:21,2026-09-22T15:49:21,2026-09-22T15:49:21
3665,貿聯-KY,2026-06-01,2120.0,35.0,1.68%,49.78999999999999,42.79,746.85,896.22,1045.59,1194.96,1344.33,1493.7,ShowDailyK_ChartFlow,FinMind_API_TaiwanStockPrice_3665,True,2026-09-22T15:49:21,2026-09-22T15:49:21,2026-09-22T15:49:21
3665,貿聯-KY,2026-06-02,2195.0,75.0,3.54%,49.78999999999999,44.3,746.85,896.22,1045.59,1194.96,1344.33,1493.7,ShowDailyK_ChartFlow,FinMind_API_TaiwanStockPrice_3665,True,2026-09-22T15:49:21,2026-09-22T15:49:21,2026-09-22T15:49:21
3665,貿聯-KY,2026-06-03,2305.0,110.0,5.01%,49.78999999999999,46.52,746.85,896.22,1045.59,1194.96,1344.33,1493.7,ShowDailyK_ChartFlow,FinMind_API_TaiwanStockPrice_3665,True,2026-09-22T15:49:21,2026-09-22T15:49:21,2026-09-22T15:49:21
3665,貿聯-KY,2026-06-04,2155.0,-150.0,-6.51%,49.78999999999999,43.49,746.85,896.22,1045.59,1194.96,1344.33,1493.7,ShowDailyK_ChartFlow,FinMind_API_TaiwanStockPrice_3665,True,2026-09-22T15:49:21,2026-09-22T15:49:21,2026-09-22T15:49:21
3665,貿聯-KY,2026-06-05,2200.0,45.0,2.09%,49.78999999999999,44.4,746.85,896.22,1045.59,1194.96,1344.33,1493.7,ShowDailyK_ChartFlow,FinMind_API_TaiwanStockPrice_3665,True,2026-09-22T15:49:21,2026-09-22T15:49:21,2026-09-22T15:49:21
3665,貿聯-KY,2026-06-08,2095.0,-105.0,-4.77%,49.78999999999999,42.28,746.85,896.22,1045.59,1194.96,1344.33,1493.7,ShowDailyK_ChartFlow,FinMind_API_TaiwanStockPrice_3665,True,2026-09-22T15:49:21,2026-09-22T15:49:21,2026-09-22T15:49:21
3665,貿聯-KY,2026-06-09,2155.0,60.0,2.86%,49.78999999999999,43.49,746.85,896.22,1045.59,1194.96,1344.33,1493.7,ShowDailyK_ChartFlow,FinMind_API_TaiwanStockPrice_3665,True,2026-09-22T15:49:21,2026-09-22T15:49:21,2026-09-22T15:49:21
3665,貿聯-KY,2026-06-10,0.0,-2155.0,-100.00%,49.78999999999999,43.49,746.85,896.22,1045.59,1194.96,1344.33,1493.7,ShowDailyK_ChartFlow,FinMind_API_TaiwanStockPrice_3665,True,2026-09-22T15:49:21,2026-09-22T15:49:21,2026-09-22T15:49:21
3665,貿聯-KY,2026-06-11,2160.0,2160.0,,49.78999999999999,43.59,746.85,896.22,1045.59,1194.96,1344.33,1493.7,ShowDailyK_ChartFlow,FinMind_API_TaiwanStockPrice_3665,True,2026-09-22T15:49:21,2026-09-22T15:49:21,2026-09-22T15:49:21
3665,貿聯-KY,2026-06-12,2310.0,150.0,6.94%,49.78999999999999,46.62,746.85,896.22,1045.59,1194.96,1344.33,1493.7,ShowDailyK_ChartFlow,FinMind_API_TaiwanStockPrice_3665,True,2026-09-22T15:49:21,2026-09-22T15:49:21,2026-09-22T15:49:21
3665,貿聯-KY,2026-06-15,2265.0,-45.0,-1.95%,49.78999999999999,45.71,746.85,896.22,1045.59,1194.96,1344.33,1493.7,ShowDailyK_ChartFlow,FinMind_API_TaiwanStockPrice_3665,True,2026-09-22T15:49:21,2026-09-22T15:49:21,2026-09-22T15:49:21
3665,貿聯-KY,2026-06-16,2120.0,-145.0,-6.40%,49.78999999999999,42.79,746.85,896.22,1045.59,1194.96,1344.33,1493.7,ShowDailyK_ChartFlow,FinMind_API_TaiwanStockPrice_3665,True,2026-09-22T15:49:21,2026-09-22T15:49:21,2026-09-22T15:49:21
3665,貿聯-KY,2026-06-17,2090.0,-30.0,-1.42%,49.78999999999999,42.18,746.85,896.22,1045.59,1194.96,1344.33,1493.7,ShowDailyK_ChartFlow,FinMind_API_TaiwanStockPrice_3665,True,2026-09-22T15:49:21,2026-09-22T15:49:21,2026-09-22T15:49:21
3665,貿聯-KY,2026-06-18,2100.0,10.0,0.48%,49.78999999999999,42.38,746.85,896.22,1045.59,1194.96,1344.33,1493.7,ShowDailyK_ChartFlow,FinMind_API_TaiwanStockPrice_3665,True,2026-09-22T15:49:21,2026-09-22T15:49:21,2026-09-22T15:49:21
3665,貿聯-KY,2026-06-22,1990.0,-110.0,-5.24%,49.78999999999999,40.16,746.85,896.22,1045.59,1194.96,1344.33,1493.7,ShowDailyK_ChartFlow,FinMind_API_TaiwanStockPrice_3665,True,2026-09-22T15:49:21,2026-09-22T15:49:21,2026-09-22T15:49:21
3665,貿聯-KY,2026-06-23,2000.0,10.0,0.50%,49.78999999999999,40.36,746.85,896.22,1045.59,1194.96,1344.33,1493.7,ShowDailyK_ChartFlow,FinMind_API_TaiwanStockPrice_3665,True,2026-09-22T15:49:21,2026-09-22T15:49:21,2026-09-22T15:49:21
3665,貿聯-KY,2026-06-24,2005.0,5.0,0.25%,49.78999999999999,40.46,746.85,896.22,1045.59,1194.96,1344.33,1493.7,ShowDailyK_ChartFlow,FinMind_API_TaiwanStockPrice_3665,True,2026-09-22T15:49:21,2026-09-22T15:49:21,2026-09-22T15:49:21
3665,貿聯-KY,2026-06-25,1920.0,-85.0,-4.24%,49.78999999999999,38.75,746.85,896.22,1045.59,1194.96,1344.33,1493.7,ShowDailyK_ChartFlow,FinMind_API_TaiwanStockPrice_3665,True,2026-09-22T15:49:21,2026-09-22T15:49:21,2026-09-22T15:49:21
3665,貿聯-KY,2026-06-26,1855.0,-65.0,-3.39%,49.78999999999999,37.44,746.85,896.22,1045.59,1194.96,1344.33,1493.7,ShowDailyK_ChartFlow,FinMind_API_TaiwanStockPrice_3665,True,2026-09-22T15:49:21,2026-09-22T15:49:21,2026-09-22T15:49:21
3665,貿聯-KY,2026-06-29,1880.0,25.0,1.35%,49.78999999999999,37.94,746.85,896.22,1045.59,1194.96,1344.33,1493.7,ShowDailyK_ChartFlow,FinMind_API_TaiwanStockPrice_3665,True,2026-09-22T15:49:21,2026-09-22T15:49:21,2026-09-22T15:49:21
3665,貿聯-KY,2026-06-30,1915.0,35.0,1.86%,54.53,38.65,817.95,981.54,1145.13,1308.72,1472.31,1635.9,ShowDailyK_ChartFlow,FinMind_API_TaiwanStockPrice_3665,True,2026-09-22T15:49:21,2026-09-22T15:49:21,2026-09-22T15:49:21
3665,貿聯-KY,2026-07-01,2010.0,95.0,4.96%,54.53,40.57,817.95,981.54,1145.13,1308.72,1472.31,1635.9,ShowDailyK_ChartFlow,FinMind_API_TaiwanStockPrice_3665,True,2026-09-22T15:49:21,2026-09-22T15:49:21,2026-09-22T15:49:21
3665,貿聯-KY,2026-07-02,2040.0,30.0,1.49%,54.53,41.17,817.95,981.54,1145.13,1308.72,1472.31,1635.9,ShowDailyK_ChartFlow,FinMind_API_TaiwanStockPrice_3665,True,2026-09-22T15:49:21,2026-09-22T15:49:21,2026-09-22T15:49:21
3665,貿聯-KY,2026-07-03,1995.0,-45.0,-2.21%,54.53,40.26,817.95,981.54,1145.13,1308.72,1472.31,1635.9,ShowDailyK_ChartFlow,FinMind_API_TaiwanStockPrice_3665,True,2026-09-22T15:49:21,2026-09-22T15:49:21,2026-09-22T15:49:21
3665,貿聯-KY,2026-07-06,1945.0,-50.0,-2.51%,54.53,39.25,817.95,981.54,1145.13,1308.72,1472.31,1635.9,ShowDailyK_ChartFlow,FinMind_API_TaiwanStockPrice_3665,True,2026-09-22T15:49:21,2026-09-22T15:49:21,2026-09-22T15:49:21
3665,貿聯-KY,2026-07-07,1980.0,35.0,1.80%,54.53,39.96,817.95,981.54,1145.13,1308.72,1472.31,1635.9,ShowDailyK_ChartFlow,FinMind_API_TaiwanStockPrice_3665,True,2026-09-22T15:49:21,2026-09-22T15:49:21,2026-09-22T15:49:21
3665,貿聯-KY,2026-07-08,1900.0,-80.0,-4.04%,54.53,38.35,817.95,981.54,1145.13,1308.72,1472.31,1635.9,ShowDailyK_ChartFlow,FinMind_API_TaiwanStockPrice_3665,True,2026-09-22T15:49:21,2026-09-22T15:49:21,2026-09-22T15:49:21
3665,貿聯-KY,2026-07-09,1865.0,-35.0,-1.84%,54.53,37.64,817.95,981.54,1145.13,1308.72,1472.31,1635.9,ShowDailyK_ChartFlow,FinMind_API_TaiwanStockPrice_3665,True,2026-09-22T15:49:21,2026-09-22T15:49:21,2026-09-22T15:49:21
3665,貿聯-KY,2026-07-13,1865.0,0.0,0.00%,54.53,37.64,817.95,981.54,1145.13,1308.72,1472.31,1635.9,ShowDailyK_ChartFlow,FinMind_API_TaiwanStockPrice_3665,True,2026-09-22T15:49:21,2026-09-22T15:49:21,2026-09-22T15:49:21
3665,貿聯-KY,2026-07-14,1775.0,-90.0,-4.83%,54.53,35.82,817.95,981.54,1145.13,1308.72,1472.31,1635.9,ShowDailyK_ChartFlow,FinMind_API_TaiwanStockPrice_3665,True,2026-09-22T15:49:21,2026-09-22T15:49:21,2026-09-22T15:49:21
3665,貿聯-KY,2026-07-15,1910.0,135.0,7.61%,54.53,38.55,817.95,981.54,1145.13,1308.72,1472.31,1635.9,ShowDailyK_ChartFlow,FinMind_API_TaiwanStockPrice_3665,True,2026-09-22T15:49:21,2026-09-22T15:49:21,2026-09-22T15:49:21
3665,貿聯-KY,2026-07-16,1955.0,45.0,2.36%,54.53,39.46,817.95,981.54,1145.13,1308.72,1472.31,1635.9,ShowDailyK_ChartFlow,FinMind_API_TaiwanStockPrice_3665,True,2026-09-22T15:49:21,2026-09-22T15:49:21,2026-09-22T15:49:21
3665,貿聯-KY,2026-07-17,1765.0,-190.0,-9.72%,54.53,35.62,817.95,981.54,1145.13,1308.72,1472.31,1635.9,ShowDailyK_ChartFlow,FinMind_API_TaiwanStockPrice_3665,True,2026-09-22T15:49:21,2026-09-22T15:49:21,2026-09-22T15:49:21
3665,貿聯-KY,2026-07-20,1820.0,55.0,3.12%,54.53,36.73,817.95,981.54,1145.13,1308.72,1472.31,1635.9,ShowDailyK_ChartFlow,FinMind_API_TaiwanStockPrice_3665,True,2026-09-22T15:49:21,2026-09-22T15:49:21,2026-09-22T15:49:21
3665,貿聯-KY,2026-07-21,2000.0,180.0,9.89%,54.53,40.36,817.95,981.54,1145.13,1308.72,1472.31,1635.9,ShowDailyK_ChartFlow,FinMind_API_TaiwanStockPrice_3665,True,2026-09-22T15:49:21,2026-09-22T15:49:21,2026-09-22T15:49:21
3665,貿聯-KY,2026-07-22,2115.0,115.0,5.75%,54.53,42.68,817.95,981.54,1145.13,1308.72,1472.31,1635.9,ShowDailyK_ChartFlow,FinMind_API_TaiwanStockPrice_3665,True,2026-09-22T15:49:21,2026-09-22T15:49:21,2026-09-22T15:49:21
3665,貿聯-KY,2026-07-23,2285.0,170.0,8.04%,54.53,46.12,817.95,981.54,1145.13,1308.72,1472.31,1635.9,ShowDailyK_ChartFlow,FinMind_API_TaiwanStockPrice_3665,True,2026-09-22T15:49:21,2026-09-22T15:49:21,2026-09-22T15:49:21
3665,貿聯-KY,2026-07-24,2205.0,-80.0,-3.50%,54.53,44.5,817.95,981.54,1145.13,1308.72,1472.31,1635.9,ShowDailyK_ChartFlow,FinMind_API_TaiwanStockPrice_3665,True,2026-09-22T15:49:21,2026-09-22T15:49:21,2026-09-22T15:49:21
3665,貿聯-KY,2026-07-27,2150.0,-55.0,-2.49%,54.53,43.39,817.95,981.54,1145.13,1308.72,1472.31,1635.9,ShowDailyK_ChartFlow,FinMind_API_TaiwanStockPrice_3665,True,2026-09-22T15:49:21,2026-09-22T15:49:21,2026-09-22T15:49:21
3665,貿聯-KY,2026-07-28,2215.0,65.0,3.02%,54.53,44.7,817.95,981.54,1145.13,1308.72,1472.31,1635.9,ShowDailyK_ChartFlow,FinMind_API_TaiwanStockPrice_3665,True,2026-09-22T15:49:21,2026-09-22T15:49:21,2026-09-22T15:49:21
3665,貿聯-KY,2026-07-29,2090.0,-125.0,-5.64%,54.53,42.18,817.95,981.54,1145.13,1308.72,1472.31,1635.9,ShowDailyK_ChartFlow,FinMind_API_TaiwanStockPrice_3665,True,2026-09-22T15:49:21,2026-09-22T15:49:21,2026-09-22T15:49:21
3665,貿聯-KY,2026-07-30,1910.0,-180.0,-8.61%,54.53,38.55,817.95,981.54,1145.13,1308.72,1472.31,1635.9,ShowDailyK_ChartFlow,FinMind_API_TaiwanStockPrice_3665,True,2026-09-22T15:49:21,2026-09-22T15:49:21,2026-09-22T15:49:21
3665,貿聯-KY,2026-07-31,2100.0,190.0,9.95%,54.53,42.38,817.95,981.54,1145.13,1308.72,1472.31,1635.9,ShowDailyK_ChartFlow,FinMind_API_TaiwanStockPrice_3665,True,2026-09-22T15:49:21,2026-09-22T15:49:21,2026-09-22T15:49:21
3665,貿聯-KY,2026-08-03,2095.0,-5.0,-0.24%,54.53,42.28,817.95,981.54,1145.13,1308.72,1472.31,1635.9,ShowDailyK_ChartFlow,FinMind_API_TaiwanStockPrice_3665,True,2026-09-22T15:49:21,2026-09-22T15:49:21,2026-09-22T15:49:21
3665,貿聯-KY,2026-08-04,2300.0,205.0,9.79%,54.53,46.42,817.95,981.54,1145.13,1308.72,1472.31,1635.9,ShowDailyK_ChartFlow,FinMind_API_TaiwanStockPrice_3665,True,2026-09-22T15:49:21,2026-09-22T15:49:21,2026-09-22T15:49:21
3665,貿聯-KY,2026-08-05,2355.0,55.0,2.39%,54.53,47.53,817.95,981.54,1145.13,1308.72,1472.31,1635.9,ShowDailyK_ChartFlow,FinMind_API_TaiwanStockPrice_3665,True,2026-09-22T15:49:21,2026-09-22T15:49:21,2026-09-22T15:49:21
3665,貿聯-KY,2026-08-06,2370.0,15.0,0.64%,54.53,47.83,817.95,981.54,1145.13,1308.72,1472.31,1635.9,ShowDailyK_ChartFlow,FinMind_API_TaiwanStockPrice_3665,True,2026-09-22T15:49:21,2026-09-22T15:49:21,2026-09-22T15:49:21
3665,貿聯-KY,2026-08-07,2200.0,-170.0,-7.17%,54.53,44.4,817.95,981.54,1145.13,1308.72,1472.31,1635.9,ShowDailyK_ChartFlow,FinMind_API_TaiwanStockPrice_3665,True,2026-09-22T15:49:21,2026-09-22T15:49:21,2026-09-22T15:49:21
3665,貿聯-KY,2026-08-10,2190.0,-10.0,-0.45%,54.53,44.2,817.95,981.54,1145.13,1308.72,1472.31,1635.9,ShowDailyK_ChartFlow,FinMind_API_TaiwanStockPrice_3665,True,2026-09-22T15:49:21,2026-09-22T15:49:21,2026-09-22T15:49:21
3665,貿聯-KY,2026-08-11,2200.0,10.0,0.46%,54.53,44.4,817.95,981.54,1145.13,1308.72,1472.31,1635.9,ShowDailyK_ChartFlow,FinMind_API_TaiwanStockPrice_3665,True,2026-09-22T15:49:21,2026-09-22T15:49:21,2026-09-22T15:49:21
3665,貿聯-KY,2026-08-12,2155.0,-45.0,-2.05%,54.53,43.49,817.95,981.54,1145.13,1308.72,1472.31,1635.9,ShowDailyK_ChartFlow,FinMind_API_TaiwanStockPrice_3665,True,2026-09-22T15:49:21,2026-09-22T15:49:21,2026-09-22T15:49:21
3665,貿聯-KY,2026-08-13,2205.0,50.0,2.32%,54.53,44.5,817.95,981.54,1145.13,1308.72,1472.31,1635.9,ShowDailyK_ChartFlow,FinMind_API_TaiwanStockPrice_3665,True,2026-09-22T15:49:21,2026-09-22T15:49:21,2026-09-22T15:49:21
3665,貿聯-KY,2026-08-14,2200.0,-5.0,-0.23%,54.53,44.4,817.95,981.54,1145.13,1308.72,1472.31,1635.9,ShowDailyK_ChartFlow,FinMind_API_TaiwanStockPrice_3665,True,2026-09-22T15:49:21,2026-09-22T15:49:21,2026-09-22T15:49:21
3665,貿聯-KY,2026-08-17,2135.0,-65.0,-2.95%,54.53,43.09,817.95,981.54,1145.13,1308.72,1472.31,1635.9,ShowDailyK_ChartFlow,FinMind_API_TaiwanStockPrice_3665,True,2026-09-22T15:49:21,2026-09-22T15:49:21,2026-09-22T15:49:21
3665,貿聯-KY,2026-08-18,2240.0,105.0,4.92%,54.53,45.21,817.95,981.54,1145.13,1308.72,1472.31,1635.9,ShowDailyK_ChartFlow,FinMind_API_TaiwanStockPrice_3665,True,2026-09-22T15:49:21,2026-09-22T15:49:21,2026-09-22T15:49:21
3665,貿聯-KY,2026-08-19,2200.0,-40.0,-1.79%,54.53,44.4,817.95,981.54,1145.13,1308.72,1472.31,1635.9,ShowDailyK_ChartFlow,FinMind_API_TaiwanStockPrice_3665,True,2026-09-22T15:49:21,2026-09-22T15:49:21,2026-09-22T15:49:21
3665,貿聯-KY,2026-08-20,2250.0,50.0,2.27%,54.53,45.41,817.95,981.54,1145.13,1308.72,1472.31,1635.9,ShowDailyK_ChartFlow,FinMind_API_TaiwanStockPrice_3665,True,2026-09-22T15:49:21,2026-09-22T15:49:21,2026-09-22T15:49:21
3665,貿聯-KY,2026-08-21,2275.0,25.0,1.11%,54.53,45.91,817.95,981.54,1145.13,1308.72,1472.31,1635.9,ShowDailyK_ChartFlow,FinMind_API_TaiwanStockPrice_3665,True,2026-09-22T15:49:21,2026-09-22T15:49:21,2026-09-22T15:49:21
3665,貿聯-KY,2026-08-24,2050.0,-225.0,-9.89%,54.53,41.37,817.95,981.54,1145.13,1308.72,1472.31,1635.9,ShowDailyK_ChartFlow,FinMind_API_TaiwanStockPrice_3665,True,2026-09-22T15:49:21,2026-09-22T15:49:21,2026-09-22T15:49:21
3665,貿聯-KY,2026-08-25,2075.0,25.0,1.22%,54.53,38.1,817.95,981.54,1145.13,1308.72,1472.31,1635.9,ShowDailyK_ChartFlow,FinMind_API_TaiwanStockPrice_3665,True,2026-09-22T15:49:21,2026-09-22T15:49:21,2026-09-22T15:49:21
3665,貿聯-KY,2026-08-26,2005.0,-70.0,-3.37%,54.53,36.82,817.95,981.54,1145.13,1308.72,1472.31,1635.9,ShowDailyK_ChartFlow,FinMind_API_TaiwanStockPrice_3665,True,2026-09-22T15:49:21,2026-09-22T15:49:21,2026-09-22T15:49:21
3665,貿聯-KY,2026-08-27,2055.0,50.0,2.49%,54.53,37.73,817.95,981.54,1145.13,1308.72,1472.31,1635.9,ShowDailyK_ChartFlow,FinMind_API_TaiwanStockPrice_3665,True,2026-09-22T15:49:21,2026-09-22T15:49:21,2026-09-22T15:49:21
3665,貿聯-KY,2026-08-28,2260.0,205.0,9.98%,54.53,41.5,817.95,981.54,1145.13,1308.72,1472.31,1635.9,ShowDailyK_ChartFlow,FinMind_API_TaiwanStockPrice_3665,True,2026-09-22T15:49:21,2026-09-22T15:49:21,2026-09-22T15:49:21
3665,貿聯-KY,2026-08-31,2170.0,-90.0,-3.98%,54.53,39.85,817.95,981.54,1145.13,1308.72,1472.31,1635.9,ShowDailyK_ChartFlow,FinMind_API_TaiwanStockPrice_3665,True,2026-09-22T15:49:21,2026-09-22T15:49:21,2026-09-22T15:49:21
3665,貿聯-KY,2026-09-01,2315.0,145.0,6.68%,54.53,42.51,817.95,981.54,1145.13,1308.72,1472.31,1635.9,ShowDailyK_ChartFlow,FinMind_API_TaiwanStockPrice_3665,True,2026-09-22T15:49:21,2026-09-22T15:49:21,2026-09-22T15:49:21
3665,貿聯-KY,2026-09-02,2170.0,-145.0,-6.26%,54.53,39.85,817.95,981.54,1145.13,1308.72,1472.31,1635.9,ShowDailyK_ChartFlow,FinMind_API_TaiwanStockPrice_3665,True,2026-09-22T15:49:21,2026-09-22T15:49:21,2026-09-22T15:49:21
3665,貿聯-KY,2026-09-03,2100.0,-70.0,-3.23%,54.53,38.56,817.95,981.54,1145.13,1308.72,1472.31,1635.9,ShowDailyK_ChartFlow,FinMind_API_TaiwanStockPrice_3665,True,2026-09-22T15:49:21,2026-09-22T15:49:21,2026-09-22T15:49:21
3665,貿聯-KY,2026-09-04,2145.0,45.0,2.14%,54.53,39.39,817.95,981.54,1145.13,1308.72,1472.31,1635.9,ShowDailyK_ChartFlow,FinMind_API_TaiwanStockPrice_3665,True,2026-09-22T15:49:21,2026-09-22T15:49:21,2026-09-22T15:49:21
3665,貿聯-KY,2026-09-07,2070.0,-75.0,-3.50%,54.53,38.01,817.95,981.54,1145.13,1308.72,1472.31,1635.9,ShowDailyK_ChartFlow,FinMind_API_TaiwanStockPrice_3665,True,2026-09-22T15:49:21,2026-09-22T15:49:21,2026-09-22T15:49:21
3665,貿聯-KY,2026-09-08,1935.0,-135.0,-6.52%,54.53,35.53,817.95,981.54,1145.13,1308.72,1472.31,1635.9,ShowDailyK_ChartFlow,FinMind_API_TaiwanStockPrice_3665,True,2026-09-22T15:49:21,2026-09-22T15:49:21,2026-09-22T15:49:21
3665,貿聯-KY,2026-09-09,1975.0,40.0,2.07%,54.53,36.27,817.95,981.54,1145.13,1308.72,1472.31,1635.9,ShowDailyK_ChartFlow,FinMind_API_TaiwanStockPrice_3665,True,2026-09-22T15:49:21,2026-09-22T15:49:21,2026-09-22T15:49:21
3665,貿聯-KY,2026-09-10,1930.0,-45.0,-2.28%,54.53,35.44,817.95,981.54,1145.13,1308.72,1472.31,1635.9,ShowDailyK_ChartFlow,FinMind_API_TaiwanStockPrice_3665,True,2026-09-22T15:49:21,2026-09-22T15:49:21,2026-09-22T15:49:21
3665,貿聯-KY,2026-09-11,1875.0,-55.0,-2.85%,54.53,34.43,817.95,981.54,1145.13,1308.72,1472.31,1635.9,ShowDailyK_ChartFlow,FinMind_API_TaiwanStockPrice_3665,True,2026-09-22T15:49:21,2026-09-22T15:49:21,2026-09-22T15:49:21
3665,貿聯-KY,2026-09-14,1955.0,80.0,4.27%,54.53,35.9,817.95,981.54,1145.13,1308.72,1472.31,1635.9,ShowDailyK_ChartFlow,FinMind_API_TaiwanStockPrice_3665,True,2026-09-22T15:49:21,2026-09-22T15:49:21,2026-09-22T15:49:21
3665,貿聯-KY,2026-09-15,1980.0,25.0,1.28%,54.53,36.36,817.95,981.54,1145.13,1308.72,1472.31,1635.9,ShowDailyK_ChartFlow,FinMind_API_TaiwanStockPrice_3665,True,2026-09-22T15:49:21,2026-09-22T15:49:21,2026-09-22T15:49:21
3665,貿聯-KY,2026-09-16,1995.0,15.0,0.76%,54.53,36.63,817.95,981.54,1145.13,1308.72,1472.31,1635.9,ShowDailyK_ChartFlow,FinMind_API_TaiwanStockPrice_3665,True,2026-09-22T15:49:21,2026-09-22T15:49:21,2026-09-22T15:49:21
3665,貿聯-KY,2026-09-17,2010.0,15.0,0.75%,54.53,36.91,817.95,981.54,1145.13,1308.72,1472.31,1635.9,ShowDailyK_ChartFlow,FinMind_API_TaiwanStockPrice_3665,True,2026-09-22T15:49:21,2026-09-22T15:49:21,2026-09-22T15:49:21
3665,貿聯-KY,2026-09-18,2210.0,200.0,9.95%,54.53,40.58,817.95,981.54,1145.13,1308.72,1472.31,1635.9,ShowDailyK_ChartFlow,FinMind_API_TaiwanStockPrice_3665,True,2026-09-22T15:49:21,2026-09-22T15:49:21,2026-09-22T15:49:21
3665,貿聯-KY,2026-09-21,2300.0,90.0,4.07%,54.53,42.23,817.95,981.54,1145.13,1308.72,1472.31,1635.9,ShowDailyK_ChartFlow,FinMind_API_TaiwanStockPrice_3665,True,2026-09-22T15:49:21,2026-09-22T15:49:21,2026-09-22T15:49:21
3665,貿聯-KY,2026-09-22,2245.0,-55.0,-2.39%,54.53,41.22,817.95,981.54,1145.13,1308.72,1472.31,1635.9,ShowDailyK_ChartFlow,FinMind_API_TaiwanStockPrice_3665,True,2026-09-22T15:49:21,2026-09-22T15:49:21,2026-09-22T15:49:21
