stock_code,company_name,交易_日期,收盤價_元,漲跌價_元,漲跌幅_pct,河流圖_eps_元,目前_per_倍,本益比試算價格_15x_元,本益比試算價格_18x_元,本益比試算價格_21x_元,本益比試算價格_24x_元,本益比試算價格_27x_元,本益比試算價格_30x_元,file_type,source_file,download_success,download_timestamp,process_timestamp,stage1_process_timestamp
7732,金興精密,2024-03-13,51.0,,,7.699999999999999,,115.5,138.6,161.7,184.8,207.9,231.0,ShowDailyK_ChartFlow,FinMind_API_TaiwanStockPrice_7732,True,2026-09-25T07:02:21,2026-09-25T07:02:21,2026-09-25T07:02:21
7732,金興精密,2024-03-14,46.2,-4.799999999999997,-9.41%,7.699999999999999,,115.5,138.6,161.7,184.8,207.9,231.0,ShowDailyK_ChartFlow,FinMind_API_TaiwanStockPrice_7732,True,2026-09-25T07:02:21,2026-09-25T07:02:21,2026-09-25T07:02:21
7732,金興精密,2024-03-15,44.4,-1.8000000000000043,-3.90%,7.699999999999999,,115.5,138.6,161.7,184.8,207.9,231.0,ShowDailyK_ChartFlow,FinMind_API_TaiwanStockPrice_7732,True,2026-09-25T07:02:21,2026-09-25T07:02:21,2026-09-25T07:02:21
7732,金興精密,2024-03-18,40.2,-4.199999999999996,-9.46%,7.699999999999999,,115.5,138.6,161.7,184.8,207.9,231.0,ShowDailyK_ChartFlow,FinMind_API_TaiwanStockPrice_7732,True,2026-09-25T07:02:21,2026-09-25T07:02:21,2026-09-25T07:02:21
7732,金興精密,2024-03-19,40.0,-0.20000000000000284,-0.50%,7.699999999999999,,115.5,138.6,161.7,184.8,207.9,231.0,ShowDailyK_ChartFlow,FinMind_API_TaiwanStockPrice_7732,True,2026-09-25T07:02:21,2026-09-25T07:02:21,2026-09-25T07:02:21
7732,金興精密,2024-03-20,38.15,-1.8500000000000014,-4.63%,7.699999999999999,,115.5,138.6,161.7,184.8,207.9,231.0,ShowDailyK_ChartFlow,FinMind_API_TaiwanStockPrice_7732,True,2026-09-25T07:02:21,2026-09-25T07:02:21,2026-09-25T07:02:21
7732,金興精密,2024-03-21,39.15,1.0,2.62%,7.699999999999999,,115.5,138.6,161.7,184.8,207.9,231.0,ShowDailyK_ChartFlow,FinMind_API_TaiwanStockPrice_7732,True,2026-09-25T07:02:21,2026-09-25T07:02:21,2026-09-25T07:02:21
7732,金興精密,2024-03-22,40.5,1.3500000000000014,3.45%,7.699999999999999,,115.5,138.6,161.7,184.8,207.9,231.0,ShowDailyK_ChartFlow,FinMind_API_TaiwanStockPrice_7732,True,2026-09-25T07:02:21,2026-09-25T07:02:21,2026-09-25T07:02:21
7732,金興精密,2024-03-25,40.2,-0.29999999999999716,-0.74%,7.699999999999999,,115.5,138.6,161.7,184.8,207.9,231.0,ShowDailyK_ChartFlow,FinMind_API_TaiwanStockPrice_7732,True,2026-09-25T07:02:21,2026-09-25T07:02:21,2026-09-25T07:02:21
7732,金興精密,2024-03-26,40.15,-0.05000000000000426,-0.12%,7.699999999999999,,115.5,138.6,161.7,184.8,207.9,231.0,ShowDailyK_ChartFlow,FinMind_API_TaiwanStockPrice_7732,True,2026-09-25T07:02:21,2026-09-25T07:02:21,2026-09-25T07:02:21
7732,金興精密,2024-03-27,39.5,-0.6499999999999986,-1.62%,7.699999999999999,,115.5,138.6,161.7,184.8,207.9,231.0,ShowDailyK_ChartFlow,FinMind_API_TaiwanStockPrice_7732,True,2026-09-25T07:02:21,2026-09-25T07:02:21,2026-09-25T07:02:21
7732,金興精密,2024-03-28,40.0,0.5,1.27%,7.699999999999999,,115.5,138.6,161.7,184.8,207.9,231.0,ShowDailyK_ChartFlow,FinMind_API_TaiwanStockPrice_7732,True,2026-09-25T07:02:21,2026-09-25T07:02:21,2026-09-25T07:02:21
7732,金興精密,2024-03-29,39.9,-0.10000000000000142,-0.25%,7.699999999999999,,115.5,138.6,161.7,184.8,207.9,231.0,ShowDailyK_ChartFlow,FinMind_API_TaiwanStockPrice_7732,True,2026-09-25T07:02:21,2026-09-25T07:02:21,2026-09-25T07:02:21
7732,金興精密,2024-04-01,40.65,0.75,1.88%,7.699999999999999,,115.5,138.6,161.7,184.8,207.9,231.0,ShowDailyK_ChartFlow,FinMind_API_TaiwanStockPrice_7732,True,2026-09-25T07:02:21,2026-09-25T07:02:21,2026-09-25T07:02:21
7732,金興精密,2024-04-02,40.75,0.10000000000000142,0.25%,7.699999999999999,,115.5,138.6,161.7,184.8,207.9,231.0,ShowDailyK_ChartFlow,FinMind_API_TaiwanStockPrice_7732,True,2026-09-25T07:02:21,2026-09-25T07:02:21,2026-09-25T07:02:21
7732,金興精密,2024-04-03,47.35,6.600000000000001,16.20%,7.699999999999999,,115.5,138.6,161.7,184.8,207.9,231.0,ShowDailyK_ChartFlow,FinMind_API_TaiwanStockPrice_7732,True,2026-09-25T07:02:21,2026-09-25T07:02:21,2026-09-25T07:02:21
7732,金興精密,2024-04-08,48.45,1.1000000000000014,2.32%,7.699999999999999,,115.5,138.6,161.7,184.8,207.9,231.0,ShowDailyK_ChartFlow,FinMind_API_TaiwanStockPrice_7732,True,2026-09-25T07:02:21,2026-09-25T07:02:21,2026-09-25T07:02:21
7732,金興精密,2024-04-09,44.85,-3.6000000000000014,-7.43%,7.699999999999999,,115.5,138.6,161.7,184.8,207.9,231.0,ShowDailyK_ChartFlow,FinMind_API_TaiwanStockPrice_7732,True,2026-09-25T07:02:21,2026-09-25T07:02:21,2026-09-25T07:02:21
7732,金興精密,2024-04-10,47.3,2.4499999999999957,5.46%,7.699999999999999,,115.5,138.6,161.7,184.8,207.9,231.0,ShowDailyK_ChartFlow,FinMind_API_TaiwanStockPrice_7732,True,2026-09-25T07:02:21,2026-09-25T07:02:21,2026-09-25T07:02:21
7732,金興精密,2024-04-11,46.3,-1.0,-2.11%,7.699999999999999,,115.5,138.6,161.7,184.8,207.9,231.0,ShowDailyK_ChartFlow,FinMind_API_TaiwanStockPrice_7732,True,2026-09-25T07:02:21,2026-09-25T07:02:21,2026-09-25T07:02:21
7732,金興精密,2024-04-12,53.0,6.700000000000003,14.47%,7.699999999999999,,115.5,138.6,161.7,184.8,207.9,231.0,ShowDailyK_ChartFlow,FinMind_API_TaiwanStockPrice_7732,True,2026-09-25T07:02:21,2026-09-25T07:02:21,2026-09-25T07:02:21
7732,金興精密,2024-04-15,57.1,4.100000000000001,7.74%,7.699999999999999,,115.5,138.6,161.7,184.8,207.9,231.0,ShowDailyK_ChartFlow,FinMind_API_TaiwanStockPrice_7732,True,2026-09-25T07:02:21,2026-09-25T07:02:21,2026-09-25T07:02:21
7732,金興精密,2024-04-16,53.5,-3.6000000000000014,-6.30%,7.699999999999999,,115.5,138.6,161.7,184.8,207.9,231.0,ShowDailyK_ChartFlow,FinMind_API_TaiwanStockPrice_7732,True,2026-09-25T07:02:21,2026-09-25T07:02:21,2026-09-25T07:02:21
7732,金興精密,2024-04-17,53.3,-0.20000000000000284,-0.37%,7.699999999999999,,115.5,138.6,161.7,184.8,207.9,231.0,ShowDailyK_ChartFlow,FinMind_API_TaiwanStockPrice_7732,True,2026-09-25T07:02:21,2026-09-25T07:02:21,2026-09-25T07:02:21
7732,金興精密,2024-04-18,50.9,-2.3999999999999986,-4.50%,7.699999999999999,,115.5,138.6,161.7,184.8,207.9,231.0,ShowDailyK_ChartFlow,FinMind_API_TaiwanStockPrice_7732,True,2026-09-25T07:02:21,2026-09-25T07:02:21,2026-09-25T07:02:21
7732,金興精密,2024-04-19,49.8,-1.1000000000000014,-2.16%,7.699999999999999,,115.5,138.6,161.7,184.8,207.9,231.0,ShowDailyK_ChartFlow,FinMind_API_TaiwanStockPrice_7732,True,2026-09-25T07:02:21,2026-09-25T07:02:21,2026-09-25T07:02:21
7732,金興精密,2024-04-22,48.3,-1.5,-3.01%,7.699999999999999,,115.5,138.6,161.7,184.8,207.9,231.0,ShowDailyK_ChartFlow,FinMind_API_TaiwanStockPrice_7732,True,2026-09-25T07:02:21,2026-09-25T07:02:21,2026-09-25T07:02:21
7732,金興精密,2024-04-23,48.85,0.5500000000000043,1.14%,7.699999999999999,,115.5,138.6,161.7,184.8,207.9,231.0,ShowDailyK_ChartFlow,FinMind_API_TaiwanStockPrice_7732,True,2026-09-25T07:02:21,2026-09-25T07:02:21,2026-09-25T07:02:21
7732,金興精密,2024-04-24,48.4,-0.45000000000000284,-0.92%,7.699999999999999,,115.5,138.6,161.7,184.8,207.9,231.0,ShowDailyK_ChartFlow,FinMind_API_TaiwanStockPrice_7732,True,2026-09-25T07:02:21,2026-09-25T07:02:21,2026-09-25T07:02:21
7732,金興精密,2024-04-25,52.6,4.200000000000003,8.68%,7.699999999999999,,115.5,138.6,161.7,184.8,207.9,231.0,ShowDailyK_ChartFlow,FinMind_API_TaiwanStockPrice_7732,True,2026-09-25T07:02:21,2026-09-25T07:02:21,2026-09-25T07:02:21
7732,金興精密,2024-04-26,47.15,-5.450000000000003,-10.36%,7.699999999999999,,115.5,138.6,161.7,184.8,207.9,231.0,ShowDailyK_ChartFlow,FinMind_API_TaiwanStockPrice_7732,True,2026-09-25T07:02:21,2026-09-25T07:02:21,2026-09-25T07:02:21
7732,金興精密,2024-04-29,47.4,0.25,0.53%,7.699999999999999,,115.5,138.6,161.7,184.8,207.9,231.0,ShowDailyK_ChartFlow,FinMind_API_TaiwanStockPrice_7732,True,2026-09-25T07:02:21,2026-09-25T07:02:21,2026-09-25T07:02:21
7732,金興精密,2024-04-30,46.15,-1.25,-2.64%,7.699999999999999,,115.5,138.6,161.7,184.8,207.9,231.0,ShowDailyK_ChartFlow,FinMind_API_TaiwanStockPrice_7732,True,2026-09-25T07:02:21,2026-09-25T07:02:21,2026-09-25T07:02:21
7732,金興精密,2024-05-02,44.5,-1.6499999999999986,-3.58%,7.699999999999999,,115.5,138.6,161.7,184.8,207.9,231.0,ShowDailyK_ChartFlow,FinMind_API_TaiwanStockPrice_7732,True,2026-09-25T07:02:21,2026-09-25T07:02:21,2026-09-25T07:02:21
7732,金興精密,2024-05-03,44.2,-0.29999999999999716,-0.67%,7.699999999999999,,115.5,138.6,161.7,184.8,207.9,231.0,ShowDailyK_ChartFlow,FinMind_API_TaiwanStockPrice_7732,True,2026-09-25T07:02:21,2026-09-25T07:02:21,2026-09-25T07:02:21
7732,金興精密,2024-05-06,43.65,-0.5500000000000043,-1.24%,7.699999999999999,,115.5,138.6,161.7,184.8,207.9,231.0,ShowDailyK_ChartFlow,FinMind_API_TaiwanStockPrice_7732,True,2026-09-25T07:02:21,2026-09-25T07:02:21,2026-09-25T07:02:21
7732,金興精密,2024-05-07,43.15,-0.5,-1.15%,7.699999999999999,,115.5,138.6,161.7,184.8,207.9,231.0,ShowDailyK_ChartFlow,FinMind_API_TaiwanStockPrice_7732,True,2026-09-25T07:02:21,2026-09-25T07:02:21,2026-09-25T07:02:21
7732,金興精密,2024-05-08,43.8,0.6499999999999986,1.51%,7.699999999999999,,115.5,138.6,161.7,184.8,207.9,231.0,ShowDailyK_ChartFlow,FinMind_API_TaiwanStockPrice_7732,True,2026-09-25T07:02:21,2026-09-25T07:02:21,2026-09-25T07:02:21
7732,金興精密,2024-05-09,46.0,2.200000000000003,5.02%,7.699999999999999,,115.5,138.6,161.7,184.8,207.9,231.0,ShowDailyK_ChartFlow,FinMind_API_TaiwanStockPrice_7732,True,2026-09-25T07:02:21,2026-09-25T07:02:21,2026-09-25T07:02:21
7732,金興精密,2024-05-10,44.4,-1.6000000000000014,-3.48%,7.699999999999999,,115.5,138.6,161.7,184.8,207.9,231.0,ShowDailyK_ChartFlow,FinMind_API_TaiwanStockPrice_7732,True,2026-09-25T07:02:21,2026-09-25T07:02:21,2026-09-25T07:02:21
7732,金興精密,2024-05-13,44.5,0.10000000000000142,0.23%,7.699999999999999,,115.5,138.6,161.7,184.8,207.9,231.0,ShowDailyK_ChartFlow,FinMind_API_TaiwanStockPrice_7732,True,2026-09-25T07:02:21,2026-09-25T07:02:21,2026-09-25T07:02:21
7732,金興精密,2024-05-14,44.5,0.0,0.00%,7.699999999999999,,115.5,138.6,161.7,184.8,207.9,231.0,ShowDailyK_ChartFlow,FinMind_API_TaiwanStockPrice_7732,True,2026-09-25T07:02:21,2026-09-25T07:02:21,2026-09-25T07:02:21
7732,金興精密,2024-05-15,44.2,-0.29999999999999716,-0.67%,7.699999999999999,,115.5,138.6,161.7,184.8,207.9,231.0,ShowDailyK_ChartFlow,FinMind_API_TaiwanStockPrice_7732,True,2026-09-25T07:02:21,2026-09-25T07:02:21,2026-09-25T07:02:21
7732,金興精密,2024-05-16,44.25,0.04999999999999716,0.11%,7.699999999999999,,115.5,138.6,161.7,184.8,207.9,231.0,ShowDailyK_ChartFlow,FinMind_API_TaiwanStockPrice_7732,True,2026-09-25T07:02:21,2026-09-25T07:02:21,2026-09-25T07:02:21
7732,金興精密,2024-05-17,44.15,-0.10000000000000142,-0.23%,7.699999999999999,,115.5,138.6,161.7,184.8,207.9,231.0,ShowDailyK_ChartFlow,FinMind_API_TaiwanStockPrice_7732,True,2026-09-25T07:02:21,2026-09-25T07:02:21,2026-09-25T07:02:21
7732,金興精密,2024-05-20,45.4,1.25,2.83%,7.699999999999999,,115.5,138.6,161.7,184.8,207.9,231.0,ShowDailyK_ChartFlow,FinMind_API_TaiwanStockPrice_7732,True,2026-09-25T07:02:21,2026-09-25T07:02:21,2026-09-25T07:02:21
7732,金興精密,2024-05-21,44.85,-0.5499999999999972,-1.21%,7.699999999999999,,115.5,138.6,161.7,184.8,207.9,231.0,ShowDailyK_ChartFlow,FinMind_API_TaiwanStockPrice_7732,True,2026-09-25T07:02:21,2026-09-25T07:02:21,2026-09-25T07:02:21
7732,金興精密,2024-05-22,45.0,0.14999999999999858,0.33%,7.699999999999999,,115.5,138.6,161.7,184.8,207.9,231.0,ShowDailyK_ChartFlow,FinMind_API_TaiwanStockPrice_7732,True,2026-09-25T07:02:21,2026-09-25T07:02:21,2026-09-25T07:02:21
7732,金興精密,2024-05-23,44.8,-0.20000000000000284,-0.44%,7.699999999999999,,115.5,138.6,161.7,184.8,207.9,231.0,ShowDailyK_ChartFlow,FinMind_API_TaiwanStockPrice_7732,True,2026-09-25T07:02:21,2026-09-25T07:02:21,2026-09-25T07:02:21
7732,金興精密,2024-05-24,44.8,0.0,0.00%,7.699999999999999,,115.5,138.6,161.7,184.8,207.9,231.0,ShowDailyK_ChartFlow,FinMind_API_TaiwanStockPrice_7732,True,2026-09-25T07:02:21,2026-09-25T07:02:21,2026-09-25T07:02:21
7732,金興精密,2024-05-27,46.0,1.2000000000000028,2.68%,7.699999999999999,,115.5,138.6,161.7,184.8,207.9,231.0,ShowDailyK_ChartFlow,FinMind_API_TaiwanStockPrice_7732,True,2026-09-25T07:02:21,2026-09-25T07:02:21,2026-09-25T07:02:21
7732,金興精密,2024-05-28,45.5,-0.5,-1.09%,7.699999999999999,,115.5,138.6,161.7,184.8,207.9,231.0,ShowDailyK_ChartFlow,FinMind_API_TaiwanStockPrice_7732,True,2026-09-25T07:02:21,2026-09-25T07:02:21,2026-09-25T07:02:21
7732,金興精密,2024-05-29,49.45,3.950000000000003,8.68%,7.699999999999999,,115.5,138.6,161.7,184.8,207.9,231.0,ShowDailyK_ChartFlow,FinMind_API_TaiwanStockPrice_7732,True,2026-09-25T07:02:21,2026-09-25T07:02:21,2026-09-25T07:02:21
7732,金興精密,2024-05-30,49.1,-0.3500000000000014,-0.71%,7.699999999999999,,115.5,138.6,161.7,184.8,207.9,231.0,ShowDailyK_ChartFlow,FinMind_API_TaiwanStockPrice_7732,True,2026-09-25T07:02:21,2026-09-25T07:02:21,2026-09-25T07:02:21
7732,金興精密,2024-05-31,50.9,1.7999999999999972,3.67%,7.699999999999999,,115.5,138.6,161.7,184.8,207.9,231.0,ShowDailyK_ChartFlow,FinMind_API_TaiwanStockPrice_7732,True,2026-09-25T07:02:21,2026-09-25T07:02:21,2026-09-25T07:02:21
7732,金興精密,2024-06-03,49.75,-1.1499999999999986,-2.26%,7.699999999999999,,115.5,138.6,161.7,184.8,207.9,231.0,ShowDailyK_ChartFlow,FinMind_API_TaiwanStockPrice_7732,True,2026-09-25T07:02:21,2026-09-25T07:02:21,2026-09-25T07:02:21
7732,金興精密,2024-06-04,49.9,0.14999999999999858,0.30%,7.699999999999999,,115.5,138.6,161.7,184.8,207.9,231.0,ShowDailyK_ChartFlow,FinMind_API_TaiwanStockPrice_7732,True,2026-09-25T07:02:21,2026-09-25T07:02:21,2026-09-25T07:02:21
7732,金興精密,2024-06-05,49.5,-0.3999999999999986,-0.80%,7.699999999999999,,115.5,138.6,161.7,184.8,207.9,231.0,ShowDailyK_ChartFlow,FinMind_API_TaiwanStockPrice_7732,True,2026-09-25T07:02:21,2026-09-25T07:02:21,2026-09-25T07:02:21
7732,金興精密,2024-06-06,48.0,-1.5,-3.03%,7.699999999999999,,115.5,138.6,161.7,184.8,207.9,231.0,ShowDailyK_ChartFlow,FinMind_API_TaiwanStockPrice_7732,True,2026-09-25T07:02:21,2026-09-25T07:02:21,2026-09-25T07:02:21
7732,金興精密,2024-06-07,48.0,0.0,0.00%,7.699999999999999,,115.5,138.6,161.7,184.8,207.9,231.0,ShowDailyK_ChartFlow,FinMind_API_TaiwanStockPrice_7732,True,2026-09-25T07:02:21,2026-09-25T07:02:21,2026-09-25T07:02:21
7732,金興精密,2024-06-11,45.8,-2.200000000000003,-4.58%,7.699999999999999,,115.5,138.6,161.7,184.8,207.9,231.0,ShowDailyK_ChartFlow,FinMind_API_TaiwanStockPrice_7732,True,2026-09-25T07:02:21,2026-09-25T07:02:21,2026-09-25T07:02:21
7732,金興精密,2024-06-12,45.5,-0.29999999999999716,-0.66%,7.699999999999999,,115.5,138.6,161.7,184.8,207.9,231.0,ShowDailyK_ChartFlow,FinMind_API_TaiwanStockPrice_7732,True,2026-09-25T07:02:21,2026-09-25T07:02:21,2026-09-25T07:02:21
7732,金興精密,2024-06-13,46.0,0.5,1.10%,7.699999999999999,,115.5,138.6,161.7,184.8,207.9,231.0,ShowDailyK_ChartFlow,FinMind_API_TaiwanStockPrice_7732,True,2026-09-25T07:02:21,2026-09-25T07:02:21,2026-09-25T07:02:21
7732,金興精密,2024-06-14,45.8,-0.20000000000000284,-0.43%,7.699999999999999,,115.5,138.6,161.7,184.8,207.9,231.0,ShowDailyK_ChartFlow,FinMind_API_TaiwanStockPrice_7732,True,2026-09-25T07:02:21,2026-09-25T07:02:21,2026-09-25T07:02:21
7732,金興精密,2024-06-17,45.95,0.15000000000000568,0.33%,7.699999999999999,,115.5,138.6,161.7,184.8,207.9,231.0,ShowDailyK_ChartFlow,FinMind_API_TaiwanStockPrice_7732,True,2026-09-25T07:02:21,2026-09-25T07:02:21,2026-09-25T07:02:21
7732,金興精密,2024-06-18,45.0,-0.9500000000000028,-2.07%,7.699999999999999,,115.5,138.6,161.7,184.8,207.9,231.0,ShowDailyK_ChartFlow,FinMind_API_TaiwanStockPrice_7732,True,2026-09-25T07:02:21,2026-09-25T07:02:21,2026-09-25T07:02:21
7732,金興精密,2024-06-19,46.0,1.0,2.22%,7.699999999999999,,115.5,138.6,161.7,184.8,207.9,231.0,ShowDailyK_ChartFlow,FinMind_API_TaiwanStockPrice_7732,True,2026-09-25T07:02:21,2026-09-25T07:02:21,2026-09-25T07:02:21
7732,金興精密,2024-06-20,44.25,-1.75,-3.80%,7.699999999999999,,115.5,138.6,161.7,184.8,207.9,231.0,ShowDailyK_ChartFlow,FinMind_API_TaiwanStockPrice_7732,True,2026-09-25T07:02:21,2026-09-25T07:02:21,2026-09-25T07:02:21
7732,金興精密,2024-06-21,44.8,0.5499999999999972,1.24%,7.699999999999999,,115.5,138.6,161.7,184.8,207.9,231.0,ShowDailyK_ChartFlow,FinMind_API_TaiwanStockPrice_7732,True,2026-09-25T07:02:21,2026-09-25T07:02:21,2026-09-25T07:02:21
7732,金興精密,2024-06-24,0.0,-44.8,-100.00%,7.699999999999999,,115.5,138.6,161.7,184.8,207.9,231.0,ShowDailyK_ChartFlow,FinMind_API_TaiwanStockPrice_7732,True,2026-09-25T07:02:21,2026-09-25T07:02:21,2026-09-25T07:02:21
7732,金興精密,2024-06-25,45.65,45.65,,7.699999999999999,,115.5,138.6,161.7,184.8,207.9,231.0,ShowDailyK_ChartFlow,FinMind_API_TaiwanStockPrice_7732,True,2026-09-25T07:02:21,2026-09-25T07:02:21,2026-09-25T07:02:21
7732,金興精密,2024-06-26,46.0,0.3500000000000014,0.77%,7.699999999999999,,115.5,138.6,161.7,184.8,207.9,231.0,ShowDailyK_ChartFlow,FinMind_API_TaiwanStockPrice_7732,True,2026-09-25T07:02:21,2026-09-25T07:02:21,2026-09-25T07:02:21
7732,金興精密,2024-06-27,45.8,-0.20000000000000284,-0.43%,7.699999999999999,,115.5,138.6,161.7,184.8,207.9,231.0,ShowDailyK_ChartFlow,FinMind_API_TaiwanStockPrice_7732,True,2026-09-25T07:02:21,2026-09-25T07:02:21,2026-09-25T07:02:21
7732,金興精密,2024-06-28,45.6,-0.19999999999999574,-0.44%,7.699999999999999,,115.5,138.6,161.7,184.8,207.9,231.0,ShowDailyK_ChartFlow,FinMind_API_TaiwanStockPrice_7732,True,2026-09-25T07:02:21,2026-09-25T07:02:21,2026-09-25T07:02:21
7732,金興精密,2024-07-01,45.9,0.29999999999999716,0.66%,8.27,,124.05,148.86,173.67,198.48,223.29,248.1,ShowDailyK_ChartFlow,FinMind_API_TaiwanStockPrice_7732,True,2026-09-25T07:02:21,2026-09-25T07:02:21,2026-09-25T07:02:21
7732,金興精密,2024-07-02,46.0,0.10000000000000142,0.22%,8.27,,124.05,148.86,173.67,198.48,223.29,248.1,ShowDailyK_ChartFlow,FinMind_API_TaiwanStockPrice_7732,True,2026-09-25T07:02:21,2026-09-25T07:02:21,2026-09-25T07:02:21
7732,金興精密,2024-07-03,46.0,0.0,0.00%,8.27,,124.05,148.86,173.67,198.48,223.29,248.1,ShowDailyK_ChartFlow,FinMind_API_TaiwanStockPrice_7732,True,2026-09-25T07:02:21,2026-09-25T07:02:21,2026-09-25T07:02:21
7732,金興精密,2024-07-04,46.4,0.3999999999999986,0.87%,8.27,,124.05,148.86,173.67,198.48,223.29,248.1,ShowDailyK_ChartFlow,FinMind_API_TaiwanStockPrice_7732,True,2026-09-25T07:02:21,2026-09-25T07:02:21,2026-09-25T07:02:21
7732,金興精密,2024-07-05,48.35,1.9500000000000028,4.20%,8.27,,124.05,148.86,173.67,198.48,223.29,248.1,ShowDailyK_ChartFlow,FinMind_API_TaiwanStockPrice_7732,True,2026-09-25T07:02:21,2026-09-25T07:02:21,2026-09-25T07:02:21
7732,金興精密,2024-07-08,47.3,-1.0500000000000043,-2.17%,8.27,,124.05,148.86,173.67,198.48,223.29,248.1,ShowDailyK_ChartFlow,FinMind_API_TaiwanStockPrice_7732,True,2026-09-25T07:02:21,2026-09-25T07:02:21,2026-09-25T07:02:21
7732,金興精密,2024-07-09,49.75,2.450000000000003,5.18%,8.27,,124.05,148.86,173.67,198.48,223.29,248.1,ShowDailyK_ChartFlow,FinMind_API_TaiwanStockPrice_7732,True,2026-09-25T07:02:21,2026-09-25T07:02:21,2026-09-25T07:02:21
7732,金興精密,2024-07-10,49.7,-0.04999999999999716,-0.10%,8.27,,124.05,148.86,173.67,198.48,223.29,248.1,ShowDailyK_ChartFlow,FinMind_API_TaiwanStockPrice_7732,True,2026-09-25T07:02:21,2026-09-25T07:02:21,2026-09-25T07:02:21
7732,金興精密,2024-07-11,49.45,-0.25,-0.50%,8.27,,124.05,148.86,173.67,198.48,223.29,248.1,ShowDailyK_ChartFlow,FinMind_API_TaiwanStockPrice_7732,True,2026-09-25T07:02:21,2026-09-25T07:02:21,2026-09-25T07:02:21
7732,金興精密,2024-07-12,49.7,0.25,0.51%,8.27,,124.05,148.86,173.67,198.48,223.29,248.1,ShowDailyK_ChartFlow,FinMind_API_TaiwanStockPrice_7732,True,2026-09-25T07:02:21,2026-09-25T07:02:21,2026-09-25T07:02:21
7732,金興精密,2024-07-15,49.7,0.0,0.00%,8.27,,124.05,148.86,173.67,198.48,223.29,248.1,ShowDailyK_ChartFlow,FinMind_API_TaiwanStockPrice_7732,True,2026-09-25T07:02:21,2026-09-25T07:02:21,2026-09-25T07:02:21
7732,金興精密,2024-07-16,50.0,0.29999999999999716,0.60%,8.27,,124.05,148.86,173.67,198.48,223.29,248.1,ShowDailyK_ChartFlow,FinMind_API_TaiwanStockPrice_7732,True,2026-09-25T07:02:21,2026-09-25T07:02:21,2026-09-25T07:02:21
7732,金興精密,2024-07-17,50.5,0.5,1.00%,8.27,,124.05,148.86,173.67,198.48,223.29,248.1,ShowDailyK_ChartFlow,FinMind_API_TaiwanStockPrice_7732,True,2026-09-25T07:02:21,2026-09-25T07:02:21,2026-09-25T07:02:21
7732,金興精密,2024-07-18,50.6,0.10000000000000142,0.20%,8.27,,124.05,148.86,173.67,198.48,223.29,248.1,ShowDailyK_ChartFlow,FinMind_API_TaiwanStockPrice_7732,True,2026-09-25T07:02:21,2026-09-25T07:02:21,2026-09-25T07:02:21
7732,金興精密,2024-07-19,51.4,0.7999999999999972,1.58%,8.27,,124.05,148.86,173.67,198.48,223.29,248.1,ShowDailyK_ChartFlow,FinMind_API_TaiwanStockPrice_7732,True,2026-09-25T07:02:21,2026-09-25T07:02:21,2026-09-25T07:02:21
7732,金興精密,2024-07-22,50.0,-1.3999999999999986,-2.72%,8.27,,124.05,148.86,173.67,198.48,223.29,248.1,ShowDailyK_ChartFlow,FinMind_API_TaiwanStockPrice_7732,True,2026-09-25T07:02:21,2026-09-25T07:02:21,2026-09-25T07:02:21
7732,金興精密,2024-07-23,50.0,0.0,0.00%,8.27,,124.05,148.86,173.67,198.48,223.29,248.1,ShowDailyK_ChartFlow,FinMind_API_TaiwanStockPrice_7732,True,2026-09-25T07:02:21,2026-09-25T07:02:21,2026-09-25T07:02:21
7732,金興精密,2024-07-26,49.6,-0.3999999999999986,-0.80%,8.27,,124.05,148.86,173.67,198.48,223.29,248.1,ShowDailyK_ChartFlow,FinMind_API_TaiwanStockPrice_7732,True,2026-09-25T07:02:21,2026-09-25T07:02:21,2026-09-25T07:02:21
7732,金興精密,2024-07-29,49.3,-0.30000000000000426,-0.60%,8.27,,124.05,148.86,173.67,198.48,223.29,248.1,ShowDailyK_ChartFlow,FinMind_API_TaiwanStockPrice_7732,True,2026-09-25T07:02:21,2026-09-25T07:02:21,2026-09-25T07:02:21
7732,金興精密,2024-07-30,48.8,-0.5,-1.01%,8.27,,124.05,148.86,173.67,198.48,223.29,248.1,ShowDailyK_ChartFlow,FinMind_API_TaiwanStockPrice_7732,True,2026-09-25T07:02:21,2026-09-25T07:02:21,2026-09-25T07:02:21
7732,金興精密,2024-07-31,49.1,0.30000000000000426,0.61%,8.27,,124.05,148.86,173.67,198.48,223.29,248.1,ShowDailyK_ChartFlow,FinMind_API_TaiwanStockPrice_7732,True,2026-09-25T07:02:21,2026-09-25T07:02:21,2026-09-25T07:02:21
7732,金興精密,2024-08-01,48.8,-0.30000000000000426,-0.61%,8.27,,124.05,148.86,173.67,198.48,223.29,248.1,ShowDailyK_ChartFlow,FinMind_API_TaiwanStockPrice_7732,True,2026-09-25T07:02:21,2026-09-25T07:02:21,2026-09-25T07:02:21
7732,金興精密,2024-08-02,48.5,-0.29999999999999716,-0.61%,8.27,,124.05,148.86,173.67,198.48,223.29,248.1,ShowDailyK_ChartFlow,FinMind_API_TaiwanStockPrice_7732,True,2026-09-25T07:02:21,2026-09-25T07:02:21,2026-09-25T07:02:21
7732,金興精密,2024-08-05,46.7,-1.7999999999999972,-3.71%,8.27,,124.05,148.86,173.67,198.48,223.29,248.1,ShowDailyK_ChartFlow,FinMind_API_TaiwanStockPrice_7732,True,2026-09-25T07:02:21,2026-09-25T07:02:21,2026-09-25T07:02:21
7732,金興精密,2024-08-06,46.0,-0.7000000000000028,-1.50%,8.27,,124.05,148.86,173.67,198.48,223.29,248.1,ShowDailyK_ChartFlow,FinMind_API_TaiwanStockPrice_7732,True,2026-09-25T07:02:21,2026-09-25T07:02:21,2026-09-25T07:02:21
7732,金興精密,2024-08-07,46.7,0.7000000000000028,1.52%,8.27,,124.05,148.86,173.67,198.48,223.29,248.1,ShowDailyK_ChartFlow,FinMind_API_TaiwanStockPrice_7732,True,2026-09-25T07:02:21,2026-09-25T07:02:21,2026-09-25T07:02:21
7732,金興精密,2024-08-08,47.65,0.9499999999999957,2.03%,8.27,,124.05,148.86,173.67,198.48,223.29,248.1,ShowDailyK_ChartFlow,FinMind_API_TaiwanStockPrice_7732,True,2026-09-25T07:02:21,2026-09-25T07:02:21,2026-09-25T07:02:21
7732,金興精密,2024-08-09,49.35,1.7000000000000028,3.57%,8.27,,124.05,148.86,173.67,198.48,223.29,248.1,ShowDailyK_ChartFlow,FinMind_API_TaiwanStockPrice_7732,True,2026-09-25T07:02:21,2026-09-25T07:02:21,2026-09-25T07:02:21
7732,金興精密,2024-08-12,48.4,-0.9500000000000028,-1.93%,8.27,,124.05,148.86,173.67,198.48,223.29,248.1,ShowDailyK_ChartFlow,FinMind_API_TaiwanStockPrice_7732,True,2026-09-25T07:02:21,2026-09-25T07:02:21,2026-09-25T07:02:21
7732,金興精密,2024-08-13,48.4,0.0,0.00%,8.27,,124.05,148.86,173.67,198.48,223.29,248.1,ShowDailyK_ChartFlow,FinMind_API_TaiwanStockPrice_7732,True,2026-09-25T07:02:21,2026-09-25T07:02:21,2026-09-25T07:02:21
7732,金興精密,2024-08-14,48.25,-0.14999999999999858,-0.31%,8.27,,124.05,148.86,173.67,198.48,223.29,248.1,ShowDailyK_ChartFlow,FinMind_API_TaiwanStockPrice_7732,True,2026-09-25T07:02:21,2026-09-25T07:02:21,2026-09-25T07:02:21
7732,金興精密,2024-08-15,48.45,0.20000000000000284,0.41%,8.27,,124.05,148.86,173.67,198.48,223.29,248.1,ShowDailyK_ChartFlow,FinMind_API_TaiwanStockPrice_7732,True,2026-09-25T07:02:21,2026-09-25T07:02:21,2026-09-25T07:02:21
7732,金興精密,2024-08-16,48.3,-0.15000000000000568,-0.31%,8.27,,124.05,148.86,173.67,198.48,223.29,248.1,ShowDailyK_ChartFlow,FinMind_API_TaiwanStockPrice_7732,True,2026-09-25T07:02:21,2026-09-25T07:02:21,2026-09-25T07:02:21
7732,金興精密,2024-08-19,48.6,0.30000000000000426,0.62%,8.27,,124.05,148.86,173.67,198.48,223.29,248.1,ShowDailyK_ChartFlow,FinMind_API_TaiwanStockPrice_7732,True,2026-09-25T07:02:21,2026-09-25T07:02:21,2026-09-25T07:02:21
7732,金興精密,2024-08-20,48.6,0.0,0.00%,8.27,,124.05,148.86,173.67,198.48,223.29,248.1,ShowDailyK_ChartFlow,FinMind_API_TaiwanStockPrice_7732,True,2026-09-25T07:02:21,2026-09-25T07:02:21,2026-09-25T07:02:21
7732,金興精密,2024-08-21,48.7,0.10000000000000142,0.21%,8.27,,124.05,148.86,173.67,198.48,223.29,248.1,ShowDailyK_ChartFlow,FinMind_API_TaiwanStockPrice_7732,True,2026-09-25T07:02:21,2026-09-25T07:02:21,2026-09-25T07:02:21
7732,金興精密,2024-08-22,49.5,0.7999999999999972,1.64%,8.27,,124.05,148.86,173.67,198.48,223.29,248.1,ShowDailyK_ChartFlow,FinMind_API_TaiwanStockPrice_7732,True,2026-09-25T07:02:21,2026-09-25T07:02:21,2026-09-25T07:02:21
7732,金興精密,2024-08-23,49.3,-0.20000000000000284,-0.40%,8.27,,124.05,148.86,173.67,198.48,223.29,248.1,ShowDailyK_ChartFlow,FinMind_API_TaiwanStockPrice_7732,True,2026-09-25T07:02:21,2026-09-25T07:02:21,2026-09-25T07:02:21
7732,金興精密,2024-08-26,49.1,-0.19999999999999574,-0.41%,8.27,,124.05,148.86,173.67,198.48,223.29,248.1,ShowDailyK_ChartFlow,FinMind_API_TaiwanStockPrice_7732,True,2026-09-25T07:02:21,2026-09-25T07:02:21,2026-09-25T07:02:21
7732,金興精密,2024-08-27,49.05,-0.05000000000000426,-0.10%,8.27,,124.05,148.86,173.67,198.48,223.29,248.1,ShowDailyK_ChartFlow,FinMind_API_TaiwanStockPrice_7732,True,2026-09-25T07:02:21,2026-09-25T07:02:21,2026-09-25T07:02:21
7732,金興精密,2024-08-28,0.0,-49.05,-100.00%,8.27,,124.05,148.86,173.67,198.48,223.29,248.1,ShowDailyK_ChartFlow,FinMind_API_TaiwanStockPrice_7732,True,2026-09-25T07:02:21,2026-09-25T07:02:21,2026-09-25T07:02:21
7732,金興精密,2024-08-29,49.05,49.05,,8.27,,124.05,148.86,173.67,198.48,223.29,248.1,ShowDailyK_ChartFlow,FinMind_API_TaiwanStockPrice_7732,True,2026-09-25T07:02:21,2026-09-25T07:02:21,2026-09-25T07:02:21
7732,金興精密,2024-08-30,49.0,-0.04999999999999716,-0.10%,8.27,,124.05,148.86,173.67,198.48,223.29,248.1,ShowDailyK_ChartFlow,FinMind_API_TaiwanStockPrice_7732,True,2026-09-25T07:02:21,2026-09-25T07:02:21,2026-09-25T07:02:21
7732,金興精密,2024-09-02,48.7,-0.29999999999999716,-0.61%,8.27,,124.05,148.86,173.67,198.48,223.29,248.1,ShowDailyK_ChartFlow,FinMind_API_TaiwanStockPrice_7732,True,2026-09-25T07:02:21,2026-09-25T07:02:21,2026-09-25T07:02:21
7732,金興精密,2024-09-03,48.8,0.09999999999999432,0.21%,8.27,,124.05,148.86,173.67,198.48,223.29,248.1,ShowDailyK_ChartFlow,FinMind_API_TaiwanStockPrice_7732,True,2026-09-25T07:02:21,2026-09-25T07:02:21,2026-09-25T07:02:21
7732,金興精密,2024-09-04,48.2,-0.5999999999999943,-1.23%,8.27,,124.05,148.86,173.67,198.48,223.29,248.1,ShowDailyK_ChartFlow,FinMind_API_TaiwanStockPrice_7732,True,2026-09-25T07:02:21,2026-09-25T07:02:21,2026-09-25T07:02:21
7732,金興精密,2024-09-05,48.0,-0.20000000000000284,-0.41%,8.27,,124.05,148.86,173.67,198.48,223.29,248.1,ShowDailyK_ChartFlow,FinMind_API_TaiwanStockPrice_7732,True,2026-09-25T07:02:21,2026-09-25T07:02:21,2026-09-25T07:02:21
7732,金興精密,2024-09-06,48.0,0.0,0.00%,8.27,,124.05,148.86,173.67,198.48,223.29,248.1,ShowDailyK_ChartFlow,FinMind_API_TaiwanStockPrice_7732,True,2026-09-25T07:02:21,2026-09-25T07:02:21,2026-09-25T07:02:21
7732,金興精密,2024-09-09,0.0,-48.0,-100.00%,8.27,,124.05,148.86,173.67,198.48,223.29,248.1,ShowDailyK_ChartFlow,FinMind_API_TaiwanStockPrice_7732,True,2026-09-25T07:02:21,2026-09-25T07:02:21,2026-09-25T07:02:21
7732,金興精密,2024-09-10,48.0,48.0,,8.27,,124.05,148.86,173.67,198.48,223.29,248.1,ShowDailyK_ChartFlow,FinMind_API_TaiwanStockPrice_7732,True,2026-09-25T07:02:21,2026-09-25T07:02:21,2026-09-25T07:02:21
7732,金興精密,2024-09-11,48.05,0.04999999999999716,0.10%,8.27,,124.05,148.86,173.67,198.48,223.29,248.1,ShowDailyK_ChartFlow,FinMind_API_TaiwanStockPrice_7732,True,2026-09-25T07:02:21,2026-09-25T07:02:21,2026-09-25T07:02:21
7732,金興精密,2024-09-12,53.2,5.150000000000006,10.72%,8.27,,124.05,148.86,173.67,198.48,223.29,248.1,ShowDailyK_ChartFlow,FinMind_API_TaiwanStockPrice_7732,True,2026-09-25T07:02:21,2026-09-25T07:02:21,2026-09-25T07:02:21
7732,金興精密,2024-09-13,54.0,0.7999999999999972,1.50%,8.27,,124.05,148.86,173.67,198.48,223.29,248.1,ShowDailyK_ChartFlow,FinMind_API_TaiwanStockPrice_7732,True,2026-09-25T07:02:21,2026-09-25T07:02:21,2026-09-25T07:02:21
7732,金興精密,2024-09-16,51.8,-2.200000000000003,-4.07%,8.27,,124.05,148.86,173.67,198.48,223.29,248.1,ShowDailyK_ChartFlow,FinMind_API_TaiwanStockPrice_7732,True,2026-09-25T07:02:21,2026-09-25T07:02:21,2026-09-25T07:02:21
7732,金興精密,2024-09-18,52.2,0.4000000000000057,0.77%,8.27,,124.05,148.86,173.67,198.48,223.29,248.1,ShowDailyK_ChartFlow,FinMind_API_TaiwanStockPrice_7732,True,2026-09-25T07:02:21,2026-09-25T07:02:21,2026-09-25T07:02:21
7732,金興精密,2024-09-19,55.5,3.299999999999997,6.32%,8.27,,124.05,148.86,173.67,198.48,223.29,248.1,ShowDailyK_ChartFlow,FinMind_API_TaiwanStockPrice_7732,True,2026-09-25T07:02:21,2026-09-25T07:02:21,2026-09-25T07:02:21
7732,金興精密,2024-09-20,56.0,0.5,0.90%,8.27,,124.05,148.86,173.67,198.48,223.29,248.1,ShowDailyK_ChartFlow,FinMind_API_TaiwanStockPrice_7732,True,2026-09-25T07:02:21,2026-09-25T07:02:21,2026-09-25T07:02:21
7732,金興精密,2024-09-23,54.7,-1.2999999999999972,-2.32%,8.27,,124.05,148.86,173.67,198.48,223.29,248.1,ShowDailyK_ChartFlow,FinMind_API_TaiwanStockPrice_7732,True,2026-09-25T07:02:21,2026-09-25T07:02:21,2026-09-25T07:02:21
7732,金興精密,2024-09-24,52.2,-2.5,-4.57%,8.27,,124.05,148.86,173.67,198.48,223.29,248.1,ShowDailyK_ChartFlow,FinMind_API_TaiwanStockPrice_7732,True,2026-09-25T07:02:21,2026-09-25T07:02:21,2026-09-25T07:02:21
7732,金興精密,2024-09-25,51.7,-0.5,-0.96%,8.27,,124.05,148.86,173.67,198.48,223.29,248.1,ShowDailyK_ChartFlow,FinMind_API_TaiwanStockPrice_7732,True,2026-09-25T07:02:21,2026-09-25T07:02:21,2026-09-25T07:02:21
7732,金興精密,2024-09-26,53.0,1.2999999999999972,2.51%,8.27,,124.05,148.86,173.67,198.48,223.29,248.1,ShowDailyK_ChartFlow,FinMind_API_TaiwanStockPrice_7732,True,2026-09-25T07:02:21,2026-09-25T07:02:21,2026-09-25T07:02:21
7732,金興精密,2024-09-27,52.5,-0.5,-0.94%,8.27,,124.05,148.86,173.67,198.48,223.29,248.1,ShowDailyK_ChartFlow,FinMind_API_TaiwanStockPrice_7732,True,2026-09-25T07:02:21,2026-09-25T07:02:21,2026-09-25T07:02:21
7732,金興精密,2024-09-30,52.7,0.20000000000000284,0.38%,5.84,,87.6,105.12,122.64,140.16,157.68,175.2,ShowDailyK_ChartFlow,FinMind_API_TaiwanStockPrice_7732,True,2026-09-25T07:02:21,2026-09-25T07:02:21,2026-09-25T07:02:21
7732,金興精密,2024-10-01,54.9,2.1999999999999957,4.17%,5.84,,87.6,105.12,122.64,140.16,157.68,175.2,ShowDailyK_ChartFlow,FinMind_API_TaiwanStockPrice_7732,True,2026-09-25T07:02:21,2026-09-25T07:02:21,2026-09-25T07:02:21
7732,金興精密,2024-10-04,52.8,-2.1000000000000014,-3.83%,5.84,,87.6,105.12,122.64,140.16,157.68,175.2,ShowDailyK_ChartFlow,FinMind_API_TaiwanStockPrice_7732,True,2026-09-25T07:02:21,2026-09-25T07:02:21,2026-09-25T07:02:21
7732,金興精密,2024-10-07,54.5,1.7000000000000028,3.22%,5.84,,87.6,105.12,122.64,140.16,157.68,175.2,ShowDailyK_ChartFlow,FinMind_API_TaiwanStockPrice_7732,True,2026-09-25T07:02:21,2026-09-25T07:02:21,2026-09-25T07:02:21
7732,金興精密,2024-10-08,54.6,0.10000000000000142,0.18%,5.84,,87.6,105.12,122.64,140.16,157.68,175.2,ShowDailyK_ChartFlow,FinMind_API_TaiwanStockPrice_7732,True,2026-09-25T07:02:21,2026-09-25T07:02:21,2026-09-25T07:02:21
7732,金興精密,2024-10-09,53.7,-0.8999999999999986,-1.65%,5.84,,87.6,105.12,122.64,140.16,157.68,175.2,ShowDailyK_ChartFlow,FinMind_API_TaiwanStockPrice_7732,True,2026-09-25T07:02:21,2026-09-25T07:02:21,2026-09-25T07:02:21
7732,金興精密,2024-10-11,53.7,0.0,0.00%,5.84,,87.6,105.12,122.64,140.16,157.68,175.2,ShowDailyK_ChartFlow,FinMind_API_TaiwanStockPrice_7732,True,2026-09-25T07:02:21,2026-09-25T07:02:21,2026-09-25T07:02:21
7732,金興精密,2024-10-14,52.9,-0.8000000000000043,-1.49%,5.84,,87.6,105.12,122.64,140.16,157.68,175.2,ShowDailyK_ChartFlow,FinMind_API_TaiwanStockPrice_7732,True,2026-09-25T07:02:21,2026-09-25T07:02:21,2026-09-25T07:02:21
7732,金興精密,2024-10-15,53.0,0.10000000000000142,0.19%,5.84,,87.6,105.12,122.64,140.16,157.68,175.2,ShowDailyK_ChartFlow,FinMind_API_TaiwanStockPrice_7732,True,2026-09-25T07:02:21,2026-09-25T07:02:21,2026-09-25T07:02:21
7732,金興精密,2024-10-16,53.0,0.0,0.00%,5.84,,87.6,105.12,122.64,140.16,157.68,175.2,ShowDailyK_ChartFlow,FinMind_API_TaiwanStockPrice_7732,True,2026-09-25T07:02:21,2026-09-25T07:02:21,2026-09-25T07:02:21
7732,金興精密,2024-10-17,53.0,0.0,0.00%,5.84,,87.6,105.12,122.64,140.16,157.68,175.2,ShowDailyK_ChartFlow,FinMind_API_TaiwanStockPrice_7732,True,2026-09-25T07:02:21,2026-09-25T07:02:21,2026-09-25T07:02:21
7732,金興精密,2024-10-18,53.0,0.0,0.00%,5.84,,87.6,105.12,122.64,140.16,157.68,175.2,ShowDailyK_ChartFlow,FinMind_API_TaiwanStockPrice_7732,True,2026-09-25T07:02:21,2026-09-25T07:02:21,2026-09-25T07:02:21
7732,金興精密,2024-10-21,53.5,0.5,0.94%,5.84,,87.6,105.12,122.64,140.16,157.68,175.2,ShowDailyK_ChartFlow,FinMind_API_TaiwanStockPrice_7732,True,2026-09-25T07:02:21,2026-09-25T07:02:21,2026-09-25T07:02:21
7732,金興精密,2024-10-22,52.9,-0.6000000000000014,-1.12%,5.84,,87.6,105.12,122.64,140.16,157.68,175.2,ShowDailyK_ChartFlow,FinMind_API_TaiwanStockPrice_7732,True,2026-09-25T07:02:21,2026-09-25T07:02:21,2026-09-25T07:02:21
7732,金興精密,2024-10-23,53.1,0.20000000000000284,0.38%,5.84,,87.6,105.12,122.64,140.16,157.68,175.2,ShowDailyK_ChartFlow,FinMind_API_TaiwanStockPrice_7732,True,2026-09-25T07:02:21,2026-09-25T07:02:21,2026-09-25T07:02:21
7732,金興精密,2024-10-24,53.2,0.10000000000000142,0.19%,5.84,,87.6,105.12,122.64,140.16,157.68,175.2,ShowDailyK_ChartFlow,FinMind_API_TaiwanStockPrice_7732,True,2026-09-25T07:02:21,2026-09-25T07:02:21,2026-09-25T07:02:21
7732,金興精密,2024-10-25,56.2,3.0,5.64%,5.84,,87.6,105.12,122.64,140.16,157.68,175.2,ShowDailyK_ChartFlow,FinMind_API_TaiwanStockPrice_7732,True,2026-09-25T07:02:21,2026-09-25T07:02:21,2026-09-25T07:02:21
7732,金興精密,2024-10-28,56.2,0.0,0.00%,5.84,,87.6,105.12,122.64,140.16,157.68,175.2,ShowDailyK_ChartFlow,FinMind_API_TaiwanStockPrice_7732,True,2026-09-25T07:02:21,2026-09-25T07:02:21,2026-09-25T07:02:21
7732,金興精密,2024-10-29,55.3,-0.9000000000000057,-1.60%,5.84,,87.6,105.12,122.64,140.16,157.68,175.2,ShowDailyK_ChartFlow,FinMind_API_TaiwanStockPrice_7732,True,2026-09-25T07:02:21,2026-09-25T07:02:21,2026-09-25T07:02:21
7732,金興精密,2024-10-30,56.0,0.7000000000000028,1.27%,5.84,,87.6,105.12,122.64,140.16,157.68,175.2,ShowDailyK_ChartFlow,FinMind_API_TaiwanStockPrice_7732,True,2026-09-25T07:02:21,2026-09-25T07:02:21,2026-09-25T07:02:21
7732,金興精密,2024-11-01,55.0,-1.0,-1.79%,5.84,,87.6,105.12,122.64,140.16,157.68,175.2,ShowDailyK_ChartFlow,FinMind_API_TaiwanStockPrice_7732,True,2026-09-25T07:02:21,2026-09-25T07:02:21,2026-09-25T07:02:21
7732,金興精密,2024-11-04,55.1,0.10000000000000142,0.18%,5.84,,87.6,105.12,122.64,140.16,157.68,175.2,ShowDailyK_ChartFlow,FinMind_API_TaiwanStockPrice_7732,True,2026-09-25T07:02:21,2026-09-25T07:02:21,2026-09-25T07:02:21
7732,金興精密,2024-11-05,55.2,0.10000000000000142,0.18%,5.84,,87.6,105.12,122.64,140.16,157.68,175.2,ShowDailyK_ChartFlow,FinMind_API_TaiwanStockPrice_7732,True,2026-09-25T07:02:21,2026-09-25T07:02:21,2026-09-25T07:02:21
7732,金興精密,2024-11-06,54.7,-0.5,-0.91%,5.84,,87.6,105.12,122.64,140.16,157.68,175.2,ShowDailyK_ChartFlow,FinMind_API_TaiwanStockPrice_7732,True,2026-09-25T07:02:21,2026-09-25T07:02:21,2026-09-25T07:02:21
7732,金興精密,2024-11-07,54.5,-0.20000000000000284,-0.37%,5.84,,87.6,105.12,122.64,140.16,157.68,175.2,ShowDailyK_ChartFlow,FinMind_API_TaiwanStockPrice_7732,True,2026-09-25T07:02:21,2026-09-25T07:02:21,2026-09-25T07:02:21
7732,金興精密,2024-11-08,54.6,0.10000000000000142,0.18%,5.84,,87.6,105.12,122.64,140.16,157.68,175.2,ShowDailyK_ChartFlow,FinMind_API_TaiwanStockPrice_7732,True,2026-09-25T07:02:21,2026-09-25T07:02:21,2026-09-25T07:02:21
7732,金興精密,2024-11-11,55.0,0.3999999999999986,0.73%,5.84,,87.6,105.12,122.64,140.16,157.68,175.2,ShowDailyK_ChartFlow,FinMind_API_TaiwanStockPrice_7732,True,2026-09-25T07:02:21,2026-09-25T07:02:21,2026-09-25T07:02:21
7732,金興精密,2024-11-12,53.7,-1.2999999999999972,-2.36%,5.84,,87.6,105.12,122.64,140.16,157.68,175.2,ShowDailyK_ChartFlow,FinMind_API_TaiwanStockPrice_7732,True,2026-09-25T07:02:21,2026-09-25T07:02:21,2026-09-25T07:02:21
7732,金興精密,2024-11-13,52.0,-1.7000000000000028,-3.17%,5.84,,87.6,105.12,122.64,140.16,157.68,175.2,ShowDailyK_ChartFlow,FinMind_API_TaiwanStockPrice_7732,True,2026-09-25T07:02:21,2026-09-25T07:02:21,2026-09-25T07:02:21
7732,金興精密,2024-11-14,51.5,-0.5,-0.96%,5.84,,87.6,105.12,122.64,140.16,157.68,175.2,ShowDailyK_ChartFlow,FinMind_API_TaiwanStockPrice_7732,True,2026-09-25T07:02:21,2026-09-25T07:02:21,2026-09-25T07:02:21
7732,金興精密,2024-11-15,49.2,-2.299999999999997,-4.47%,5.84,,87.6,105.12,122.64,140.16,157.68,175.2,ShowDailyK_ChartFlow,FinMind_API_TaiwanStockPrice_7732,True,2026-09-25T07:02:21,2026-09-25T07:02:21,2026-09-25T07:02:21
7732,金興精密,2024-11-18,49.3,0.09999999999999432,0.20%,5.84,,87.6,105.12,122.64,140.16,157.68,175.2,ShowDailyK_ChartFlow,FinMind_API_TaiwanStockPrice_7732,True,2026-09-25T07:02:21,2026-09-25T07:02:21,2026-09-25T07:02:21
7732,金興精密,2024-11-19,49.5,0.20000000000000284,0.41%,5.84,,87.6,105.12,122.64,140.16,157.68,175.2,ShowDailyK_ChartFlow,FinMind_API_TaiwanStockPrice_7732,True,2026-09-25T07:02:21,2026-09-25T07:02:21,2026-09-25T07:02:21
7732,金興精密,2024-11-20,49.6,0.10000000000000142,0.20%,5.84,,87.6,105.12,122.64,140.16,157.68,175.2,ShowDailyK_ChartFlow,FinMind_API_TaiwanStockPrice_7732,True,2026-09-25T07:02:21,2026-09-25T07:02:21,2026-09-25T07:02:21
7732,金興精密,2024-11-21,49.0,-0.6000000000000014,-1.21%,5.84,,87.6,105.12,122.64,140.16,157.68,175.2,ShowDailyK_ChartFlow,FinMind_API_TaiwanStockPrice_7732,True,2026-09-25T07:02:21,2026-09-25T07:02:21,2026-09-25T07:02:21
7732,金興精密,2024-11-22,49.6,0.6000000000000014,1.22%,5.84,,87.6,105.12,122.64,140.16,157.68,175.2,ShowDailyK_ChartFlow,FinMind_API_TaiwanStockPrice_7732,True,2026-09-25T07:02:21,2026-09-25T07:02:21,2026-09-25T07:02:21
7732,金興精密,2024-11-25,50.0,0.3999999999999986,0.81%,5.84,,87.6,105.12,122.64,140.16,157.68,175.2,ShowDailyK_ChartFlow,FinMind_API_TaiwanStockPrice_7732,True,2026-09-25T07:02:21,2026-09-25T07:02:21,2026-09-25T07:02:21
7732,金興精密,2024-11-26,49.5,-0.5,-1.00%,5.84,,87.6,105.12,122.64,140.16,157.68,175.2,ShowDailyK_ChartFlow,FinMind_API_TaiwanStockPrice_7732,True,2026-09-25T07:02:21,2026-09-25T07:02:21,2026-09-25T07:02:21
7732,金興精密,2024-11-27,50.8,1.2999999999999972,2.63%,5.84,,87.6,105.12,122.64,140.16,157.68,175.2,ShowDailyK_ChartFlow,FinMind_API_TaiwanStockPrice_7732,True,2026-09-25T07:02:21,2026-09-25T07:02:21,2026-09-25T07:02:21
7732,金興精密,2024-11-28,49.8,-1.0,-1.97%,5.84,,87.6,105.12,122.64,140.16,157.68,175.2,ShowDailyK_ChartFlow,FinMind_API_TaiwanStockPrice_7732,True,2026-09-25T07:02:21,2026-09-25T07:02:21,2026-09-25T07:02:21
7732,金興精密,2024-11-29,49.75,-0.04999999999999716,-0.10%,5.84,,87.6,105.12,122.64,140.16,157.68,175.2,ShowDailyK_ChartFlow,FinMind_API_TaiwanStockPrice_7732,True,2026-09-25T07:02:21,2026-09-25T07:02:21,2026-09-25T07:02:21
7732,金興精密,2024-12-02,49.9,0.14999999999999858,0.30%,5.84,,87.6,105.12,122.64,140.16,157.68,175.2,ShowDailyK_ChartFlow,FinMind_API_TaiwanStockPrice_7732,True,2026-09-25T07:02:21,2026-09-25T07:02:21,2026-09-25T07:02:21
7732,金興精密,2024-12-03,48.9,-1.0,-2.00%,5.84,,87.6,105.12,122.64,140.16,157.68,175.2,ShowDailyK_ChartFlow,FinMind_API_TaiwanStockPrice_7732,True,2026-09-25T07:02:21,2026-09-25T07:02:21,2026-09-25T07:02:21
7732,金興精密,2024-12-04,49.1,0.20000000000000284,0.41%,5.84,,87.6,105.12,122.64,140.16,157.68,175.2,ShowDailyK_ChartFlow,FinMind_API_TaiwanStockPrice_7732,True,2026-09-25T07:02:21,2026-09-25T07:02:21,2026-09-25T07:02:21
7732,金興精密,2024-12-05,50.8,1.6999999999999957,3.46%,5.84,,87.6,105.12,122.64,140.16,157.68,175.2,ShowDailyK_ChartFlow,FinMind_API_TaiwanStockPrice_7732,True,2026-09-25T07:02:21,2026-09-25T07:02:21,2026-09-25T07:02:21
7732,金興精密,2024-12-06,51.1,0.30000000000000426,0.59%,5.84,,87.6,105.12,122.64,140.16,157.68,175.2,ShowDailyK_ChartFlow,FinMind_API_TaiwanStockPrice_7732,True,2026-09-25T07:02:21,2026-09-25T07:02:21,2026-09-25T07:02:21
7732,金興精密,2024-12-09,50.6,-0.5,-0.98%,5.84,,87.6,105.12,122.64,140.16,157.68,175.2,ShowDailyK_ChartFlow,FinMind_API_TaiwanStockPrice_7732,True,2026-09-25T07:02:21,2026-09-25T07:02:21,2026-09-25T07:02:21
7732,金興精密,2024-12-10,50.5,-0.10000000000000142,-0.20%,5.84,,87.6,105.12,122.64,140.16,157.68,175.2,ShowDailyK_ChartFlow,FinMind_API_TaiwanStockPrice_7732,True,2026-09-25T07:02:21,2026-09-25T07:02:21,2026-09-25T07:02:21
7732,金興精密,2024-12-11,50.8,0.29999999999999716,0.59%,5.84,,87.6,105.12,122.64,140.16,157.68,175.2,ShowDailyK_ChartFlow,FinMind_API_TaiwanStockPrice_7732,True,2026-09-25T07:02:21,2026-09-25T07:02:21,2026-09-25T07:02:21
7732,金興精密,2024-12-12,50.0,-0.7999999999999972,-1.57%,5.84,,87.6,105.12,122.64,140.16,157.68,175.2,ShowDailyK_ChartFlow,FinMind_API_TaiwanStockPrice_7732,True,2026-09-25T07:02:21,2026-09-25T07:02:21,2026-09-25T07:02:21
7732,金興精密,2024-12-13,49.4,-0.6000000000000014,-1.20%,5.84,,87.6,105.12,122.64,140.16,157.68,175.2,ShowDailyK_ChartFlow,FinMind_API_TaiwanStockPrice_7732,True,2026-09-25T07:02:21,2026-09-25T07:02:21,2026-09-25T07:02:21
7732,金興精密,2024-12-16,49.5,0.10000000000000142,0.20%,5.84,,87.6,105.12,122.64,140.16,157.68,175.2,ShowDailyK_ChartFlow,FinMind_API_TaiwanStockPrice_7732,True,2026-09-25T07:02:21,2026-09-25T07:02:21,2026-09-25T07:02:21
7732,金興精密,2024-12-17,50.5,1.0,2.02%,5.84,,87.6,105.12,122.64,140.16,157.68,175.2,ShowDailyK_ChartFlow,FinMind_API_TaiwanStockPrice_7732,True,2026-09-25T07:02:21,2026-09-25T07:02:21,2026-09-25T07:02:21
7732,金興精密,2024-12-18,50.8,0.29999999999999716,0.59%,5.84,,87.6,105.12,122.64,140.16,157.68,175.2,ShowDailyK_ChartFlow,FinMind_API_TaiwanStockPrice_7732,True,2026-09-25T07:02:21,2026-09-25T07:02:21,2026-09-25T07:02:21
7732,金興精密,2024-12-19,50.3,-0.5,-0.98%,5.84,,87.6,105.12,122.64,140.16,157.68,175.2,ShowDailyK_ChartFlow,FinMind_API_TaiwanStockPrice_7732,True,2026-09-25T07:02:21,2026-09-25T07:02:21,2026-09-25T07:02:21
7732,金興精密,2024-12-20,50.0,-0.29999999999999716,-0.60%,5.84,,87.6,105.12,122.64,140.16,157.68,175.2,ShowDailyK_ChartFlow,FinMind_API_TaiwanStockPrice_7732,True,2026-09-25T07:02:21,2026-09-25T07:02:21,2026-09-25T07:02:21
7732,金興精密,2024-12-23,49.5,-0.5,-1.00%,5.84,,87.6,105.12,122.64,140.16,157.68,175.2,ShowDailyK_ChartFlow,FinMind_API_TaiwanStockPrice_7732,True,2026-09-25T07:02:21,2026-09-25T07:02:21,2026-09-25T07:02:21
7732,金興精密,2024-12-24,46.5,-3.0,-6.06%,5.84,,87.6,105.12,122.64,140.16,157.68,175.2,ShowDailyK_ChartFlow,FinMind_API_TaiwanStockPrice_7732,True,2026-09-25T07:02:21,2026-09-25T07:02:21,2026-09-25T07:02:21
7732,金興精密,2024-12-25,49.0,2.5,5.38%,5.84,,87.6,105.12,122.64,140.16,157.68,175.2,ShowDailyK_ChartFlow,FinMind_API_TaiwanStockPrice_7732,True,2026-09-25T07:02:21,2026-09-25T07:02:21,2026-09-25T07:02:21
7732,金興精密,2024-12-26,48.75,-0.25,-0.51%,5.84,,87.6,105.12,122.64,140.16,157.68,175.2,ShowDailyK_ChartFlow,FinMind_API_TaiwanStockPrice_7732,True,2026-09-25T07:02:21,2026-09-25T07:02:21,2026-09-25T07:02:21
7732,金興精密,2024-12-27,49.1,0.3500000000000014,0.72%,5.84,,87.6,105.12,122.64,140.16,157.68,175.2,ShowDailyK_ChartFlow,FinMind_API_TaiwanStockPrice_7732,True,2026-09-25T07:02:21,2026-09-25T07:02:21,2026-09-25T07:02:21
7732,金興精密,2024-12-30,49.5,0.3999999999999986,0.81%,5.84,,87.6,105.12,122.64,140.16,157.68,175.2,ShowDailyK_ChartFlow,FinMind_API_TaiwanStockPrice_7732,True,2026-09-25T07:02:21,2026-09-25T07:02:21,2026-09-25T07:02:21
7732,金興精密,2024-12-31,49.45,-0.04999999999999716,-0.10%,5.13,,76.95,92.34,107.73,123.12,138.51,153.9,ShowDailyK_ChartFlow,FinMind_API_TaiwanStockPrice_7732,True,2026-09-25T07:02:21,2026-09-25T07:02:21,2026-09-25T07:02:21
7732,金興精密,2025-01-02,49.0,-0.45000000000000284,-0.91%,5.13,,76.95,92.34,107.73,123.12,138.51,153.9,ShowDailyK_ChartFlow,FinMind_API_TaiwanStockPrice_7732,True,2026-09-25T07:02:21,2026-09-25T07:02:21,2026-09-25T07:02:21
7732,金興精密,2025-01-03,48.45,-0.5499999999999972,-1.12%,5.13,,76.95,92.34,107.73,123.12,138.51,153.9,ShowDailyK_ChartFlow,FinMind_API_TaiwanStockPrice_7732,True,2026-09-25T07:02:21,2026-09-25T07:02:21,2026-09-25T07:02:21
7732,金興精密,2025-01-06,48.4,-0.05000000000000426,-0.10%,5.13,,76.95,92.34,107.73,123.12,138.51,153.9,ShowDailyK_ChartFlow,FinMind_API_TaiwanStockPrice_7732,True,2026-09-25T07:02:21,2026-09-25T07:02:21,2026-09-25T07:02:21
7732,金興精密,2025-01-07,49.1,0.7000000000000028,1.45%,5.13,,76.95,92.34,107.73,123.12,138.51,153.9,ShowDailyK_ChartFlow,FinMind_API_TaiwanStockPrice_7732,True,2026-09-25T07:02:21,2026-09-25T07:02:21,2026-09-25T07:02:21
7732,金興精密,2025-01-08,47.95,-1.1499999999999986,-2.34%,5.13,,76.95,92.34,107.73,123.12,138.51,153.9,ShowDailyK_ChartFlow,FinMind_API_TaiwanStockPrice_7732,True,2026-09-25T07:02:21,2026-09-25T07:02:21,2026-09-25T07:02:21
7732,金興精密,2025-01-09,47.8,-0.15000000000000568,-0.31%,5.13,,76.95,92.34,107.73,123.12,138.51,153.9,ShowDailyK_ChartFlow,FinMind_API_TaiwanStockPrice_7732,True,2026-09-25T07:02:21,2026-09-25T07:02:21,2026-09-25T07:02:21
7732,金興精密,2025-01-10,48.0,0.20000000000000284,0.42%,5.13,,76.95,92.34,107.73,123.12,138.51,153.9,ShowDailyK_ChartFlow,FinMind_API_TaiwanStockPrice_7732,True,2026-09-25T07:02:21,2026-09-25T07:02:21,2026-09-25T07:02:21
7732,金興精密,2025-01-13,45.9,-2.1000000000000014,-4.38%,5.13,,76.95,92.34,107.73,123.12,138.51,153.9,ShowDailyK_ChartFlow,FinMind_API_TaiwanStockPrice_7732,True,2026-09-25T07:02:21,2026-09-25T07:02:21,2026-09-25T07:02:21
7732,金興精密,2025-01-14,47.3,1.3999999999999986,3.05%,5.13,15.16,76.95,92.34,107.73,123.12,138.51,153.9,ShowDailyK_ChartFlow,FinMind_API_TaiwanStockPrice_7732,True,2026-09-25T07:02:21,2026-09-25T07:02:21,2026-09-25T07:02:21
7732,金興精密,2025-01-15,44.15,-3.1499999999999986,-6.66%,5.13,14.15,76.95,92.34,107.73,123.12,138.51,153.9,ShowDailyK_ChartFlow,FinMind_API_TaiwanStockPrice_7732,True,2026-09-25T07:02:21,2026-09-25T07:02:21,2026-09-25T07:02:21
7732,金興精密,2025-01-16,43.6,-0.5499999999999972,-1.25%,5.13,13.97,76.95,92.34,107.73,123.12,138.51,153.9,ShowDailyK_ChartFlow,FinMind_API_TaiwanStockPrice_7732,True,2026-09-25T07:02:21,2026-09-25T07:02:21,2026-09-25T07:02:21
7732,金興精密,2025-01-17,43.3,-0.30000000000000426,-0.69%,5.13,13.88,76.95,92.34,107.73,123.12,138.51,153.9,ShowDailyK_ChartFlow,FinMind_API_TaiwanStockPrice_7732,True,2026-09-25T07:02:21,2026-09-25T07:02:21,2026-09-25T07:02:21
7732,金興精密,2025-01-20,43.45,0.15000000000000568,0.35%,5.13,13.93,76.95,92.34,107.73,123.12,138.51,153.9,ShowDailyK_ChartFlow,FinMind_API_TaiwanStockPrice_7732,True,2026-09-25T07:02:21,2026-09-25T07:02:21,2026-09-25T07:02:21
7732,金興精密,2025-01-21,43.3,-0.15000000000000568,-0.35%,5.13,13.88,76.95,92.34,107.73,123.12,138.51,153.9,ShowDailyK_ChartFlow,FinMind_API_TaiwanStockPrice_7732,True,2026-09-25T07:02:21,2026-09-25T07:02:21,2026-09-25T07:02:21
7732,金興精密,2025-01-22,43.5,0.20000000000000284,0.46%,5.13,13.94,76.95,92.34,107.73,123.12,138.51,153.9,ShowDailyK_ChartFlow,FinMind_API_TaiwanStockPrice_7732,True,2026-09-25T07:02:21,2026-09-25T07:02:21,2026-09-25T07:02:21
7732,金興精密,2025-02-03,42.45,-1.0499999999999972,-2.41%,5.13,13.61,76.95,92.34,107.73,123.12,138.51,153.9,ShowDailyK_ChartFlow,FinMind_API_TaiwanStockPrice_7732,True,2026-09-25T07:02:21,2026-09-25T07:02:21,2026-09-25T07:02:21
7732,金興精密,2025-02-04,42.15,-0.30000000000000426,-0.71%,5.13,13.51,76.95,92.34,107.73,123.12,138.51,153.9,ShowDailyK_ChartFlow,FinMind_API_TaiwanStockPrice_7732,True,2026-09-25T07:02:21,2026-09-25T07:02:21,2026-09-25T07:02:21
7732,金興精密,2025-02-05,42.3,0.14999999999999858,0.36%,5.13,13.56,76.95,92.34,107.73,123.12,138.51,153.9,ShowDailyK_ChartFlow,FinMind_API_TaiwanStockPrice_7732,True,2026-09-25T07:02:21,2026-09-25T07:02:21,2026-09-25T07:02:21
7732,金興精密,2025-02-06,42.95,0.6500000000000057,1.54%,5.13,13.77,76.95,92.34,107.73,123.12,138.51,153.9,ShowDailyK_ChartFlow,FinMind_API_TaiwanStockPrice_7732,True,2026-09-25T07:02:21,2026-09-25T07:02:21,2026-09-25T07:02:21
7732,金興精密,2025-02-07,43.3,0.3499999999999943,0.81%,5.13,13.88,76.95,92.34,107.73,123.12,138.51,153.9,ShowDailyK_ChartFlow,FinMind_API_TaiwanStockPrice_7732,True,2026-09-25T07:02:21,2026-09-25T07:02:21,2026-09-25T07:02:21
7732,金興精密,2025-02-10,43.35,0.05000000000000426,0.12%,5.13,13.89,76.95,92.34,107.73,123.12,138.51,153.9,ShowDailyK_ChartFlow,FinMind_API_TaiwanStockPrice_7732,True,2026-09-25T07:02:21,2026-09-25T07:02:21,2026-09-25T07:02:21
7732,金興精密,2025-02-11,43.05,-0.30000000000000426,-0.69%,5.13,13.8,76.95,92.34,107.73,123.12,138.51,153.9,ShowDailyK_ChartFlow,FinMind_API_TaiwanStockPrice_7732,True,2026-09-25T07:02:21,2026-09-25T07:02:21,2026-09-25T07:02:21
7732,金興精密,2025-02-12,42.85,-0.19999999999999574,-0.46%,5.13,13.73,76.95,92.34,107.73,123.12,138.51,153.9,ShowDailyK_ChartFlow,FinMind_API_TaiwanStockPrice_7732,True,2026-09-25T07:02:21,2026-09-25T07:02:21,2026-09-25T07:02:21
7732,金興精密,2025-02-13,43.0,0.14999999999999858,0.35%,5.13,13.78,76.95,92.34,107.73,123.12,138.51,153.9,ShowDailyK_ChartFlow,FinMind_API_TaiwanStockPrice_7732,True,2026-09-25T07:02:21,2026-09-25T07:02:21,2026-09-25T07:02:21
7732,金興精密,2025-02-14,43.1,0.10000000000000142,0.23%,5.13,13.81,76.95,92.34,107.73,123.12,138.51,153.9,ShowDailyK_ChartFlow,FinMind_API_TaiwanStockPrice_7732,True,2026-09-25T07:02:21,2026-09-25T07:02:21,2026-09-25T07:02:21
7732,金興精密,2025-02-17,42.9,-0.20000000000000284,-0.46%,5.13,13.75,76.95,92.34,107.73,123.12,138.51,153.9,ShowDailyK_ChartFlow,FinMind_API_TaiwanStockPrice_7732,True,2026-09-25T07:02:21,2026-09-25T07:02:21,2026-09-25T07:02:21
7732,金興精密,2025-02-18,43.05,0.14999999999999858,0.35%,5.13,13.8,76.95,92.34,107.73,123.12,138.51,153.9,ShowDailyK_ChartFlow,FinMind_API_TaiwanStockPrice_7732,True,2026-09-25T07:02:21,2026-09-25T07:02:21,2026-09-25T07:02:21
7732,金興精密,2025-02-19,42.75,-0.29999999999999716,-0.70%,5.13,13.7,76.95,92.34,107.73,123.12,138.51,153.9,ShowDailyK_ChartFlow,FinMind_API_TaiwanStockPrice_7732,True,2026-09-25T07:02:21,2026-09-25T07:02:21,2026-09-25T07:02:21
7732,金興精密,2025-02-20,42.8,0.04999999999999716,0.12%,5.13,13.72,76.95,92.34,107.73,123.12,138.51,153.9,ShowDailyK_ChartFlow,FinMind_API_TaiwanStockPrice_7732,True,2026-09-25T07:02:21,2026-09-25T07:02:21,2026-09-25T07:02:21
7732,金興精密,2025-02-21,42.45,-0.3499999999999943,-0.82%,5.13,13.61,76.95,92.34,107.73,123.12,138.51,153.9,ShowDailyK_ChartFlow,FinMind_API_TaiwanStockPrice_7732,True,2026-09-25T07:02:21,2026-09-25T07:02:21,2026-09-25T07:02:21
7732,金興精密,2025-02-24,42.55,0.09999999999999432,0.24%,5.13,13.64,76.95,92.34,107.73,123.12,138.51,153.9,ShowDailyK_ChartFlow,FinMind_API_TaiwanStockPrice_7732,True,2026-09-25T07:02:21,2026-09-25T07:02:21,2026-09-25T07:02:21
7732,金興精密,2025-02-25,42.35,-0.19999999999999574,-0.47%,5.13,13.57,76.95,92.34,107.73,123.12,138.51,153.9,ShowDailyK_ChartFlow,FinMind_API_TaiwanStockPrice_7732,True,2026-09-25T07:02:21,2026-09-25T07:02:21,2026-09-25T07:02:21
7732,金興精密,2025-02-26,43.95,1.6000000000000014,3.78%,5.13,14.09,76.95,92.34,107.73,123.12,138.51,153.9,ShowDailyK_ChartFlow,FinMind_API_TaiwanStockPrice_7732,True,2026-09-25T07:02:21,2026-09-25T07:02:21,2026-09-25T07:02:21
7732,金興精密,2025-02-27,43.7,-0.25,-0.57%,5.13,14.01,76.95,92.34,107.73,123.12,138.51,153.9,ShowDailyK_ChartFlow,FinMind_API_TaiwanStockPrice_7732,True,2026-09-25T07:02:21,2026-09-25T07:02:21,2026-09-25T07:02:21
7732,金興精密,2025-03-03,42.85,-0.8500000000000014,-1.95%,5.13,13.73,76.95,92.34,107.73,123.12,138.51,153.9,ShowDailyK_ChartFlow,FinMind_API_TaiwanStockPrice_7732,True,2026-09-25T07:02:21,2026-09-25T07:02:21,2026-09-25T07:02:21
7732,金興精密,2025-03-04,43.1,0.25,0.58%,5.13,13.81,76.95,92.34,107.73,123.12,138.51,153.9,ShowDailyK_ChartFlow,FinMind_API_TaiwanStockPrice_7732,True,2026-09-25T07:02:21,2026-09-25T07:02:21,2026-09-25T07:02:21
7732,金興精密,2025-03-05,42.7,-0.3999999999999986,-0.93%,5.13,13.69,76.95,92.34,107.73,123.12,138.51,153.9,ShowDailyK_ChartFlow,FinMind_API_TaiwanStockPrice_7732,True,2026-09-25T07:02:21,2026-09-25T07:02:21,2026-09-25T07:02:21
7732,金興精密,2025-03-06,43.2,0.5,1.17%,5.13,13.85,76.95,92.34,107.73,123.12,138.51,153.9,ShowDailyK_ChartFlow,FinMind_API_TaiwanStockPrice_7732,True,2026-09-25T07:02:21,2026-09-25T07:02:21,2026-09-25T07:02:21
7732,金興精密,2025-03-07,43.9,0.6999999999999957,1.62%,5.13,14.07,76.95,92.34,107.73,123.12,138.51,153.9,ShowDailyK_ChartFlow,FinMind_API_TaiwanStockPrice_7732,True,2026-09-25T07:02:21,2026-09-25T07:02:21,2026-09-25T07:02:21
7732,金興精密,2025-03-10,43.7,-0.19999999999999574,-0.46%,5.13,14.01,76.95,92.34,107.73,123.12,138.51,153.9,ShowDailyK_ChartFlow,FinMind_API_TaiwanStockPrice_7732,True,2026-09-25T07:02:21,2026-09-25T07:02:21,2026-09-25T07:02:21
7732,金興精密,2025-03-11,42.65,-1.0500000000000043,-2.40%,5.13,13.67,76.95,92.34,107.73,123.12,138.51,153.9,ShowDailyK_ChartFlow,FinMind_API_TaiwanStockPrice_7732,True,2026-09-25T07:02:21,2026-09-25T07:02:21,2026-09-25T07:02:21
7732,金興精密,2025-03-12,42.85,0.20000000000000284,0.47%,5.13,15.47,76.95,92.34,107.73,123.12,138.51,153.9,ShowDailyK_ChartFlow,FinMind_API_TaiwanStockPrice_7732,True,2026-09-25T07:02:21,2026-09-25T07:02:21,2026-09-25T07:02:21
7732,金興精密,2025-03-13,43.2,0.3500000000000014,0.82%,5.13,15.6,76.95,92.34,107.73,123.12,138.51,153.9,ShowDailyK_ChartFlow,FinMind_API_TaiwanStockPrice_7732,True,2026-09-25T07:02:21,2026-09-25T07:02:21,2026-09-25T07:02:21
7732,金興精密,2025-03-14,43.4,0.19999999999999574,0.46%,5.13,15.67,76.95,92.34,107.73,123.12,138.51,153.9,ShowDailyK_ChartFlow,FinMind_API_TaiwanStockPrice_7732,True,2026-09-25T07:02:21,2026-09-25T07:02:21,2026-09-25T07:02:21
7732,金興精密,2025-03-17,43.55,0.14999999999999858,0.35%,5.13,15.72,76.95,92.34,107.73,123.12,138.51,153.9,ShowDailyK_ChartFlow,FinMind_API_TaiwanStockPrice_7732,True,2026-09-25T07:02:21,2026-09-25T07:02:21,2026-09-25T07:02:21
7732,金興精密,2025-03-18,43.65,0.10000000000000142,0.23%,5.13,15.76,76.95,92.34,107.73,123.12,138.51,153.9,ShowDailyK_ChartFlow,FinMind_API_TaiwanStockPrice_7732,True,2026-09-25T07:02:21,2026-09-25T07:02:21,2026-09-25T07:02:21
7732,金興精密,2025-03-19,43.85,0.20000000000000284,0.46%,5.13,15.83,76.95,92.34,107.73,123.12,138.51,153.9,ShowDailyK_ChartFlow,FinMind_API_TaiwanStockPrice_7732,True,2026-09-25T07:02:21,2026-09-25T07:02:21,2026-09-25T07:02:21
7732,金興精密,2025-03-20,44.45,0.6000000000000014,1.37%,5.13,16.05,76.95,92.34,107.73,123.12,138.51,153.9,ShowDailyK_ChartFlow,FinMind_API_TaiwanStockPrice_7732,True,2026-09-25T07:02:21,2026-09-25T07:02:21,2026-09-25T07:02:21
7732,金興精密,2025-03-21,44.5,0.04999999999999716,0.11%,5.13,16.06,76.95,92.34,107.73,123.12,138.51,153.9,ShowDailyK_ChartFlow,FinMind_API_TaiwanStockPrice_7732,True,2026-09-25T07:02:21,2026-09-25T07:02:21,2026-09-25T07:02:21
7732,金興精密,2025-03-24,44.5,0.0,0.00%,5.13,16.06,76.95,92.34,107.73,123.12,138.51,153.9,ShowDailyK_ChartFlow,FinMind_API_TaiwanStockPrice_7732,True,2026-09-25T07:02:21,2026-09-25T07:02:21,2026-09-25T07:02:21
7732,金興精密,2025-03-25,44.3,-0.20000000000000284,-0.45%,5.13,15.99,76.95,92.34,107.73,123.12,138.51,153.9,ShowDailyK_ChartFlow,FinMind_API_TaiwanStockPrice_7732,True,2026-09-25T07:02:21,2026-09-25T07:02:21,2026-09-25T07:02:21
7732,金興精密,2025-03-26,44.0,-0.29999999999999716,-0.68%,5.13,15.88,76.95,92.34,107.73,123.12,138.51,153.9,ShowDailyK_ChartFlow,FinMind_API_TaiwanStockPrice_7732,True,2026-09-25T07:02:21,2026-09-25T07:02:21,2026-09-25T07:02:21
7732,金興精密,2025-03-27,41.8,-2.200000000000003,-5.00%,5.13,15.09,76.95,92.34,107.73,123.12,138.51,153.9,ShowDailyK_ChartFlow,FinMind_API_TaiwanStockPrice_7732,True,2026-09-25T07:02:21,2026-09-25T07:02:21,2026-09-25T07:02:21
7732,金興精密,2025-03-28,40.6,-1.1999999999999957,-2.87%,5.13,14.66,76.95,92.34,107.73,123.12,138.51,153.9,ShowDailyK_ChartFlow,FinMind_API_TaiwanStockPrice_7732,True,2026-09-25T07:02:21,2026-09-25T07:02:21,2026-09-25T07:02:21
7732,金興精密,2025-03-31,38.75,-1.8500000000000014,-4.56%,3.6,13.99,54.0,64.8,75.6,86.4,97.2,108.0,ShowDailyK_ChartFlow,FinMind_API_TaiwanStockPrice_7732,True,2026-09-25T07:02:21,2026-09-25T07:02:21,2026-09-25T07:02:21
7732,金興精密,2025-04-01,41.9,3.1499999999999986,8.13%,3.6,15.13,54.0,64.8,75.6,86.4,97.2,108.0,ShowDailyK_ChartFlow,FinMind_API_TaiwanStockPrice_7732,True,2026-09-25T07:02:21,2026-09-25T07:02:21,2026-09-25T07:02:21
7732,金興精密,2025-04-02,41.75,-0.14999999999999858,-0.36%,3.6,15.07,54.0,64.8,75.6,86.4,97.2,108.0,ShowDailyK_ChartFlow,FinMind_API_TaiwanStockPrice_7732,True,2026-09-25T07:02:21,2026-09-25T07:02:21,2026-09-25T07:02:21
7732,金興精密,2025-04-07,37.6,-4.149999999999999,-9.94%,3.6,13.57,54.0,64.8,75.6,86.4,97.2,108.0,ShowDailyK_ChartFlow,FinMind_API_TaiwanStockPrice_7732,True,2026-09-25T07:02:21,2026-09-25T07:02:21,2026-09-25T07:02:21
7732,金興精密,2025-04-08,35.0,-2.6000000000000014,-6.91%,3.6,12.64,54.0,64.8,75.6,86.4,97.2,108.0,ShowDailyK_ChartFlow,FinMind_API_TaiwanStockPrice_7732,True,2026-09-25T07:02:21,2026-09-25T07:02:21,2026-09-25T07:02:21
7732,金興精密,2025-04-09,33.2,-1.7999999999999972,-5.14%,3.6,11.99,54.0,64.8,75.6,86.4,97.2,108.0,ShowDailyK_ChartFlow,FinMind_API_TaiwanStockPrice_7732,True,2026-09-25T07:02:21,2026-09-25T07:02:21,2026-09-25T07:02:21
7732,金興精密,2025-04-10,36.5,3.299999999999997,9.94%,3.6,13.18,54.0,64.8,75.6,86.4,97.2,108.0,ShowDailyK_ChartFlow,FinMind_API_TaiwanStockPrice_7732,True,2026-09-25T07:02:21,2026-09-25T07:02:21,2026-09-25T07:02:21
7732,金興精密,2025-04-11,37.3,0.7999999999999972,2.19%,3.6,13.47,54.0,64.8,75.6,86.4,97.2,108.0,ShowDailyK_ChartFlow,FinMind_API_TaiwanStockPrice_7732,True,2026-09-25T07:02:21,2026-09-25T07:02:21,2026-09-25T07:02:21
7732,金興精密,2025-04-14,38.0,0.7000000000000028,1.88%,3.6,13.72,54.0,64.8,75.6,86.4,97.2,108.0,ShowDailyK_ChartFlow,FinMind_API_TaiwanStockPrice_7732,True,2026-09-25T07:02:21,2026-09-25T07:02:21,2026-09-25T07:02:21
7732,金興精密,2025-04-15,40.7,2.700000000000003,7.11%,3.6,14.69,54.0,64.8,75.6,86.4,97.2,108.0,ShowDailyK_ChartFlow,FinMind_API_TaiwanStockPrice_7732,True,2026-09-25T07:02:21,2026-09-25T07:02:21,2026-09-25T07:02:21
7732,金興精密,2025-04-16,39.1,-1.6000000000000014,-3.93%,3.6,14.12,54.0,64.8,75.6,86.4,97.2,108.0,ShowDailyK_ChartFlow,FinMind_API_TaiwanStockPrice_7732,True,2026-09-25T07:02:21,2026-09-25T07:02:21,2026-09-25T07:02:21
7732,金興精密,2025-04-17,39.1,0.0,0.00%,3.6,14.12,54.0,64.8,75.6,86.4,97.2,108.0,ShowDailyK_ChartFlow,FinMind_API_TaiwanStockPrice_7732,True,2026-09-25T07:02:21,2026-09-25T07:02:21,2026-09-25T07:02:21
7732,金興精密,2025-04-18,41.95,2.8500000000000014,7.29%,3.6,15.14,54.0,64.8,75.6,86.4,97.2,108.0,ShowDailyK_ChartFlow,FinMind_API_TaiwanStockPrice_7732,True,2026-09-25T07:02:21,2026-09-25T07:02:21,2026-09-25T07:02:21
7732,金興精密,2025-04-21,41.4,-0.5500000000000043,-1.31%,3.6,14.95,54.0,64.8,75.6,86.4,97.2,108.0,ShowDailyK_ChartFlow,FinMind_API_TaiwanStockPrice_7732,True,2026-09-25T07:02:21,2026-09-25T07:02:21,2026-09-25T07:02:21
7732,金興精密,2025-04-22,41.0,-0.3999999999999986,-0.97%,3.6,14.8,54.0,64.8,75.6,86.4,97.2,108.0,ShowDailyK_ChartFlow,FinMind_API_TaiwanStockPrice_7732,True,2026-09-25T07:02:21,2026-09-25T07:02:21,2026-09-25T07:02:21
7732,金興精密,2025-04-23,41.25,0.25,0.61%,3.6,14.89,54.0,64.8,75.6,86.4,97.2,108.0,ShowDailyK_ChartFlow,FinMind_API_TaiwanStockPrice_7732,True,2026-09-25T07:02:21,2026-09-25T07:02:21,2026-09-25T07:02:21
7732,金興精密,2025-04-24,41.05,-0.20000000000000284,-0.48%,3.6,14.82,54.0,64.8,75.6,86.4,97.2,108.0,ShowDailyK_ChartFlow,FinMind_API_TaiwanStockPrice_7732,True,2026-09-25T07:02:21,2026-09-25T07:02:21,2026-09-25T07:02:21
7732,金興精密,2025-04-25,41.1,0.05000000000000426,0.12%,3.6,14.84,54.0,64.8,75.6,86.4,97.2,108.0,ShowDailyK_ChartFlow,FinMind_API_TaiwanStockPrice_7732,True,2026-09-25T07:02:21,2026-09-25T07:02:21,2026-09-25T07:02:21
7732,金興精密,2025-04-28,41.8,0.6999999999999957,1.70%,3.6,15.09,54.0,64.8,75.6,86.4,97.2,108.0,ShowDailyK_ChartFlow,FinMind_API_TaiwanStockPrice_7732,True,2026-09-25T07:02:21,2026-09-25T07:02:21,2026-09-25T07:02:21
7732,金興精密,2025-04-29,42.4,0.6000000000000014,1.44%,3.6,15.31,54.0,64.8,75.6,86.4,97.2,108.0,ShowDailyK_ChartFlow,FinMind_API_TaiwanStockPrice_7732,True,2026-09-25T07:02:21,2026-09-25T07:02:21,2026-09-25T07:02:21
7732,金興精密,2025-04-30,41.85,-0.5499999999999972,-1.30%,3.6,15.11,54.0,64.8,75.6,86.4,97.2,108.0,ShowDailyK_ChartFlow,FinMind_API_TaiwanStockPrice_7732,True,2026-09-25T07:02:21,2026-09-25T07:02:21,2026-09-25T07:02:21
7732,金興精密,2025-05-02,41.75,-0.10000000000000142,-0.24%,3.6,15.07,54.0,64.8,75.6,86.4,97.2,108.0,ShowDailyK_ChartFlow,FinMind_API_TaiwanStockPrice_7732,True,2026-09-25T07:02:21,2026-09-25T07:02:21,2026-09-25T07:02:21
7732,金興精密,2025-05-05,41.25,-0.5,-1.20%,3.6,14.89,54.0,64.8,75.6,86.4,97.2,108.0,ShowDailyK_ChartFlow,FinMind_API_TaiwanStockPrice_7732,True,2026-09-25T07:02:21,2026-09-25T07:02:21,2026-09-25T07:02:21
7732,金興精密,2025-05-06,41.5,0.25,0.61%,3.6,14.98,54.0,64.8,75.6,86.4,97.2,108.0,ShowDailyK_ChartFlow,FinMind_API_TaiwanStockPrice_7732,True,2026-09-25T07:02:21,2026-09-25T07:02:21,2026-09-25T07:02:21
7732,金興精密,2025-05-07,40.9,-0.6000000000000014,-1.45%,3.6,14.77,54.0,64.8,75.6,86.4,97.2,108.0,ShowDailyK_ChartFlow,FinMind_API_TaiwanStockPrice_7732,True,2026-09-25T07:02:21,2026-09-25T07:02:21,2026-09-25T07:02:21
7732,金興精密,2025-05-08,40.95,0.05000000000000426,0.12%,3.6,14.78,54.0,64.8,75.6,86.4,97.2,108.0,ShowDailyK_ChartFlow,FinMind_API_TaiwanStockPrice_7732,True,2026-09-25T07:02:21,2026-09-25T07:02:21,2026-09-25T07:02:21
7732,金興精密,2025-05-09,41.25,0.29999999999999716,0.73%,3.6,14.89,54.0,64.8,75.6,86.4,97.2,108.0,ShowDailyK_ChartFlow,FinMind_API_TaiwanStockPrice_7732,True,2026-09-25T07:02:21,2026-09-25T07:02:21,2026-09-25T07:02:21
7732,金興精密,2025-05-12,41.45,0.20000000000000284,0.48%,3.6,14.96,54.0,64.8,75.6,86.4,97.2,108.0,ShowDailyK_ChartFlow,FinMind_API_TaiwanStockPrice_7732,True,2026-09-25T07:02:21,2026-09-25T07:02:21,2026-09-25T07:02:21
7732,金興精密,2025-05-13,41.5,0.04999999999999716,0.12%,3.6,14.98,54.0,64.8,75.6,86.4,97.2,108.0,ShowDailyK_ChartFlow,FinMind_API_TaiwanStockPrice_7732,True,2026-09-25T07:02:21,2026-09-25T07:02:21,2026-09-25T07:02:21
7732,金興精密,2025-05-14,41.55,0.04999999999999716,0.12%,3.6,16.49,54.0,64.8,75.6,86.4,97.2,108.0,ShowDailyK_ChartFlow,FinMind_API_TaiwanStockPrice_7732,True,2026-09-25T07:02:21,2026-09-25T07:02:21,2026-09-25T07:02:21
7732,金興精密,2025-05-15,41.45,-0.09999999999999432,-0.24%,3.6,16.45,54.0,64.8,75.6,86.4,97.2,108.0,ShowDailyK_ChartFlow,FinMind_API_TaiwanStockPrice_7732,True,2026-09-25T07:02:21,2026-09-25T07:02:21,2026-09-25T07:02:21
7732,金興精密,2025-05-16,41.45,0.0,0.00%,3.6,16.45,54.0,64.8,75.6,86.4,97.2,108.0,ShowDailyK_ChartFlow,FinMind_API_TaiwanStockPrice_7732,True,2026-09-25T07:02:21,2026-09-25T07:02:21,2026-09-25T07:02:21
7732,金興精密,2025-05-19,41.35,-0.10000000000000142,-0.24%,3.6,16.41,54.0,64.8,75.6,86.4,97.2,108.0,ShowDailyK_ChartFlow,FinMind_API_TaiwanStockPrice_7732,True,2026-09-25T07:02:21,2026-09-25T07:02:21,2026-09-25T07:02:21
7732,金興精密,2025-05-20,41.5,0.14999999999999858,0.36%,3.6,16.47,54.0,64.8,75.6,86.4,97.2,108.0,ShowDailyK_ChartFlow,FinMind_API_TaiwanStockPrice_7732,True,2026-09-25T07:02:21,2026-09-25T07:02:21,2026-09-25T07:02:21
7732,金興精密,2025-05-21,42.0,0.5,1.20%,3.6,16.67,54.0,64.8,75.6,86.4,97.2,108.0,ShowDailyK_ChartFlow,FinMind_API_TaiwanStockPrice_7732,True,2026-09-25T07:02:21,2026-09-25T07:02:21,2026-09-25T07:02:21
7732,金興精密,2025-05-22,42.5,0.5,1.19%,3.6,16.87,54.0,64.8,75.6,86.4,97.2,108.0,ShowDailyK_ChartFlow,FinMind_API_TaiwanStockPrice_7732,True,2026-09-25T07:02:21,2026-09-25T07:02:21,2026-09-25T07:02:21
7732,金興精密,2025-05-23,42.55,0.04999999999999716,0.12%,3.6,16.88,54.0,64.8,75.6,86.4,97.2,108.0,ShowDailyK_ChartFlow,FinMind_API_TaiwanStockPrice_7732,True,2026-09-25T07:02:21,2026-09-25T07:02:21,2026-09-25T07:02:21
7732,金興精密,2025-05-26,42.3,-0.25,-0.59%,3.6,16.79,54.0,64.8,75.6,86.4,97.2,108.0,ShowDailyK_ChartFlow,FinMind_API_TaiwanStockPrice_7732,True,2026-09-25T07:02:21,2026-09-25T07:02:21,2026-09-25T07:02:21
7732,金興精密,2025-05-27,42.3,0.0,0.00%,3.6,16.79,54.0,64.8,75.6,86.4,97.2,108.0,ShowDailyK_ChartFlow,FinMind_API_TaiwanStockPrice_7732,True,2026-09-25T07:02:21,2026-09-25T07:02:21,2026-09-25T07:02:21
7732,金興精密,2025-05-28,42.5,0.20000000000000284,0.47%,3.6,16.87,54.0,64.8,75.6,86.4,97.2,108.0,ShowDailyK_ChartFlow,FinMind_API_TaiwanStockPrice_7732,True,2026-09-25T07:02:21,2026-09-25T07:02:21,2026-09-25T07:02:21
7732,金興精密,2025-05-29,42.45,-0.04999999999999716,-0.12%,3.6,16.85,54.0,64.8,75.6,86.4,97.2,108.0,ShowDailyK_ChartFlow,FinMind_API_TaiwanStockPrice_7732,True,2026-09-25T07:02:21,2026-09-25T07:02:21,2026-09-25T07:02:21
7732,金興精密,2025-06-02,0.0,-42.45,-100.00%,3.6,16.85,54.0,64.8,75.6,86.4,97.2,108.0,ShowDailyK_ChartFlow,FinMind_API_TaiwanStockPrice_7732,True,2026-09-25T07:02:21,2026-09-25T07:02:21,2026-09-25T07:02:21
7732,金興精密,2025-06-03,42.7,42.7,,3.6,16.94,54.0,64.8,75.6,86.4,97.2,108.0,ShowDailyK_ChartFlow,FinMind_API_TaiwanStockPrice_7732,True,2026-09-25T07:02:21,2026-09-25T07:02:21,2026-09-25T07:02:21
7732,金興精密,2025-06-04,42.9,0.19999999999999574,0.47%,3.6,17.02,54.0,64.8,75.6,86.4,97.2,108.0,ShowDailyK_ChartFlow,FinMind_API_TaiwanStockPrice_7732,True,2026-09-25T07:02:21,2026-09-25T07:02:21,2026-09-25T07:02:21
7732,金興精密,2025-06-05,42.9,0.0,0.00%,3.6,17.02,54.0,64.8,75.6,86.4,97.2,108.0,ShowDailyK_ChartFlow,FinMind_API_TaiwanStockPrice_7732,True,2026-09-25T07:02:21,2026-09-25T07:02:21,2026-09-25T07:02:21
7732,金興精密,2025-06-06,42.85,-0.04999999999999716,-0.12%,3.6,17.0,54.0,64.8,75.6,86.4,97.2,108.0,ShowDailyK_ChartFlow,FinMind_API_TaiwanStockPrice_7732,True,2026-09-25T07:02:21,2026-09-25T07:02:21,2026-09-25T07:02:21
7732,金興精密,2025-06-09,42.8,-0.05000000000000426,-0.12%,3.6,16.98,54.0,64.8,75.6,86.4,97.2,108.0,ShowDailyK_ChartFlow,FinMind_API_TaiwanStockPrice_7732,True,2026-09-25T07:02:21,2026-09-25T07:02:21,2026-09-25T07:02:21
7732,金興精密,2025-06-10,43.05,0.25,0.58%,3.6,17.08,54.0,64.8,75.6,86.4,97.2,108.0,ShowDailyK_ChartFlow,FinMind_API_TaiwanStockPrice_7732,True,2026-09-25T07:02:21,2026-09-25T07:02:21,2026-09-25T07:02:21
7732,金興精密,2025-06-11,43.05,0.0,0.00%,3.6,17.08,54.0,64.8,75.6,86.4,97.2,108.0,ShowDailyK_ChartFlow,FinMind_API_TaiwanStockPrice_7732,True,2026-09-25T07:02:21,2026-09-25T07:02:21,2026-09-25T07:02:21
7732,金興精密,2025-06-12,43.05,0.0,0.00%,3.6,17.08,54.0,64.8,75.6,86.4,97.2,108.0,ShowDailyK_ChartFlow,FinMind_API_TaiwanStockPrice_7732,True,2026-09-25T07:02:21,2026-09-25T07:02:21,2026-09-25T07:02:21
7732,金興精密,2025-06-13,43.05,0.0,0.00%,3.6,17.08,54.0,64.8,75.6,86.4,97.2,108.0,ShowDailyK_ChartFlow,FinMind_API_TaiwanStockPrice_7732,True,2026-09-25T07:02:21,2026-09-25T07:02:21,2026-09-25T07:02:21
7732,金興精密,2025-06-16,42.9,-0.14999999999999858,-0.35%,3.6,17.02,54.0,64.8,75.6,86.4,97.2,108.0,ShowDailyK_ChartFlow,FinMind_API_TaiwanStockPrice_7732,True,2026-09-25T07:02:21,2026-09-25T07:02:21,2026-09-25T07:02:21
7732,金興精密,2025-06-17,42.7,-0.19999999999999574,-0.47%,3.6,16.94,54.0,64.8,75.6,86.4,97.2,108.0,ShowDailyK_ChartFlow,FinMind_API_TaiwanStockPrice_7732,True,2026-09-25T07:02:21,2026-09-25T07:02:21,2026-09-25T07:02:21
7732,金興精密,2025-06-18,42.0,-0.7000000000000028,-1.64%,3.6,16.67,54.0,64.8,75.6,86.4,97.2,108.0,ShowDailyK_ChartFlow,FinMind_API_TaiwanStockPrice_7732,True,2026-09-25T07:02:21,2026-09-25T07:02:21,2026-09-25T07:02:21
7732,金興精密,2025-06-19,40.6,-1.3999999999999986,-3.33%,3.6,16.11,54.0,64.8,75.6,86.4,97.2,108.0,ShowDailyK_ChartFlow,FinMind_API_TaiwanStockPrice_7732,True,2026-09-25T07:02:21,2026-09-25T07:02:21,2026-09-25T07:02:21
7732,金興精密,2025-06-20,40.0,-0.6000000000000014,-1.48%,3.6,15.87,54.0,64.8,75.6,86.4,97.2,108.0,ShowDailyK_ChartFlow,FinMind_API_TaiwanStockPrice_7732,True,2026-09-25T07:02:21,2026-09-25T07:02:21,2026-09-25T07:02:21
7732,金興精密,2025-06-23,40.0,0.0,0.00%,3.6,15.87,54.0,64.8,75.6,86.4,97.2,108.0,ShowDailyK_ChartFlow,FinMind_API_TaiwanStockPrice_7732,True,2026-09-25T07:02:21,2026-09-25T07:02:21,2026-09-25T07:02:21
7732,金興精密,2025-06-24,40.8,0.7999999999999972,2.00%,3.6,16.19,54.0,64.8,75.6,86.4,97.2,108.0,ShowDailyK_ChartFlow,FinMind_API_TaiwanStockPrice_7732,True,2026-09-25T07:02:21,2026-09-25T07:02:21,2026-09-25T07:02:21
7732,金興精密,2025-06-25,41.0,0.20000000000000284,0.49%,3.6,16.27,54.0,64.8,75.6,86.4,97.2,108.0,ShowDailyK_ChartFlow,FinMind_API_TaiwanStockPrice_7732,True,2026-09-25T07:02:21,2026-09-25T07:02:21,2026-09-25T07:02:21
7732,金興精密,2025-06-26,41.0,0.0,0.00%,3.6,16.27,54.0,64.8,75.6,86.4,97.2,108.0,ShowDailyK_ChartFlow,FinMind_API_TaiwanStockPrice_7732,True,2026-09-25T07:02:21,2026-09-25T07:02:21,2026-09-25T07:02:21
7732,金興精密,2025-06-27,40.85,-0.14999999999999858,-0.37%,3.6,16.21,54.0,64.8,75.6,86.4,97.2,108.0,ShowDailyK_ChartFlow,FinMind_API_TaiwanStockPrice_7732,True,2026-09-25T07:02:21,2026-09-25T07:02:21,2026-09-25T07:02:21
7732,金興精密,2025-06-30,40.85,0.0,0.00%,1.41,16.21,21.15,25.38,29.61,33.84,38.07,42.3,ShowDailyK_ChartFlow,FinMind_API_TaiwanStockPrice_7732,True,2026-09-25T07:02:21,2026-09-25T07:02:21,2026-09-25T07:02:21
7732,金興精密,2025-07-01,40.85,0.0,0.00%,1.41,16.21,21.15,25.38,29.61,33.84,38.07,42.3,ShowDailyK_ChartFlow,FinMind_API_TaiwanStockPrice_7732,True,2026-09-25T07:02:21,2026-09-25T07:02:21,2026-09-25T07:02:21
7732,金興精密,2025-07-02,0.0,-40.85,-100.00%,1.41,16.21,21.15,25.38,29.61,33.84,38.07,42.3,ShowDailyK_ChartFlow,FinMind_API_TaiwanStockPrice_7732,True,2026-09-25T07:02:21,2026-09-25T07:02:21,2026-09-25T07:02:21
7732,金興精密,2025-07-03,40.9,40.9,,1.41,16.23,21.15,25.38,29.61,33.84,38.07,42.3,ShowDailyK_ChartFlow,FinMind_API_TaiwanStockPrice_7732,True,2026-09-25T07:02:21,2026-09-25T07:02:21,2026-09-25T07:02:21
7732,金興精密,2025-07-04,40.9,0.0,0.00%,1.41,16.23,21.15,25.38,29.61,33.84,38.07,42.3,ShowDailyK_ChartFlow,FinMind_API_TaiwanStockPrice_7732,True,2026-09-25T07:02:21,2026-09-25T07:02:21,2026-09-25T07:02:21
7732,金興精密,2025-07-07,0.0,-40.9,-100.00%,1.41,15.89,21.15,25.38,29.61,33.84,38.07,42.3,ShowDailyK_ChartFlow,FinMind_API_TaiwanStockPrice_7732,True,2026-09-25T07:02:21,2026-09-25T07:02:21,2026-09-25T07:02:21
7732,金興精密,2025-07-08,40.0,40.0,,1.41,15.87,21.15,25.38,29.61,33.84,38.07,42.3,ShowDailyK_ChartFlow,FinMind_API_TaiwanStockPrice_7732,True,2026-09-25T07:02:21,2026-09-25T07:02:21,2026-09-25T07:02:21
7732,金興精密,2025-07-09,39.45,-0.5499999999999972,-1.37%,1.41,15.65,21.15,25.38,29.61,33.84,38.07,42.3,ShowDailyK_ChartFlow,FinMind_API_TaiwanStockPrice_7732,True,2026-09-25T07:02:21,2026-09-25T07:02:21,2026-09-25T07:02:21
7732,金興精密,2025-07-10,39.5,0.04999999999999716,0.13%,1.41,15.67,21.15,25.38,29.61,33.84,38.07,42.3,ShowDailyK_ChartFlow,FinMind_API_TaiwanStockPrice_7732,True,2026-09-25T07:02:21,2026-09-25T07:02:21,2026-09-25T07:02:21
7732,金興精密,2025-07-11,39.75,0.25,0.63%,1.41,15.77,21.15,25.38,29.61,33.84,38.07,42.3,ShowDailyK_ChartFlow,FinMind_API_TaiwanStockPrice_7732,True,2026-09-25T07:02:21,2026-09-25T07:02:21,2026-09-25T07:02:21
7732,金興精密,2025-07-14,0.0,-39.75,-100.00%,1.41,15.77,21.15,25.38,29.61,33.84,38.07,42.3,ShowDailyK_ChartFlow,FinMind_API_TaiwanStockPrice_7732,True,2026-09-25T07:02:21,2026-09-25T07:02:21,2026-09-25T07:02:21
7732,金興精密,2025-07-15,39.55,39.55,,1.41,15.69,21.15,25.38,29.61,33.84,38.07,42.3,ShowDailyK_ChartFlow,FinMind_API_TaiwanStockPrice_7732,True,2026-09-25T07:02:21,2026-09-25T07:02:21,2026-09-25T07:02:21
7732,金興精密,2025-07-16,0.0,-39.55,-100.00%,1.41,15.67,21.15,25.38,29.61,33.84,38.07,42.3,ShowDailyK_ChartFlow,FinMind_API_TaiwanStockPrice_7732,True,2026-09-25T07:02:21,2026-09-25T07:02:21,2026-09-25T07:02:21
7732,金興精密,2025-07-17,0.0,0.0,,1.41,15.67,21.15,25.38,29.61,33.84,38.07,42.3,ShowDailyK_ChartFlow,FinMind_API_TaiwanStockPrice_7732,True,2026-09-25T07:02:21,2026-09-25T07:02:21,2026-09-25T07:02:21
7732,金興精密,2025-07-18,39.5,39.5,,1.41,15.67,21.15,25.38,29.61,33.84,38.07,42.3,ShowDailyK_ChartFlow,FinMind_API_TaiwanStockPrice_7732,True,2026-09-25T07:02:21,2026-09-25T07:02:21,2026-09-25T07:02:21
7732,金興精密,2025-07-21,0.0,-39.5,-100.00%,1.41,15.58,21.15,25.38,29.61,33.84,38.07,42.3,ShowDailyK_ChartFlow,FinMind_API_TaiwanStockPrice_7732,True,2026-09-25T07:02:21,2026-09-25T07:02:21,2026-09-25T07:02:21
7732,金興精密,2025-07-22,0.0,0.0,,1.41,15.56,21.15,25.38,29.61,33.84,38.07,42.3,ShowDailyK_ChartFlow,FinMind_API_TaiwanStockPrice_7732,True,2026-09-25T07:02:21,2026-09-25T07:02:21,2026-09-25T07:02:21
7732,金興精密,2025-07-23,38.5,38.5,,1.41,15.28,21.15,25.38,29.61,33.84,38.07,42.3,ShowDailyK_ChartFlow,FinMind_API_TaiwanStockPrice_7732,True,2026-09-25T07:02:21,2026-09-25T07:02:21,2026-09-25T07:02:21
7732,金興精密,2025-07-24,38.5,0.0,0.00%,1.41,15.28,21.15,25.38,29.61,33.84,38.07,42.3,ShowDailyK_ChartFlow,FinMind_API_TaiwanStockPrice_7732,True,2026-09-25T07:02:21,2026-09-25T07:02:21,2026-09-25T07:02:21
7732,金興精密,2025-07-25,0.0,-38.5,-100.00%,1.41,15.28,21.15,25.38,29.61,33.84,38.07,42.3,ShowDailyK_ChartFlow,FinMind_API_TaiwanStockPrice_7732,True,2026-09-25T07:02:21,2026-09-25T07:02:21,2026-09-25T07:02:21
7732,金興精密,2025-07-28,38.5,38.5,,1.41,15.28,21.15,25.38,29.61,33.84,38.07,42.3,ShowDailyK_ChartFlow,FinMind_API_TaiwanStockPrice_7732,True,2026-09-25T07:02:21,2026-09-25T07:02:21,2026-09-25T07:02:21
7732,金興精密,2025-07-29,38.0,-0.5,-1.30%,1.41,15.08,21.15,25.38,29.61,33.84,38.07,42.3,ShowDailyK_ChartFlow,FinMind_API_TaiwanStockPrice_7732,True,2026-09-25T07:02:21,2026-09-25T07:02:21,2026-09-25T07:02:21
7732,金興精密,2025-07-30,38.0,0.0,0.00%,1.41,15.08,21.15,25.38,29.61,33.84,38.07,42.3,ShowDailyK_ChartFlow,FinMind_API_TaiwanStockPrice_7732,True,2026-09-25T07:02:21,2026-09-25T07:02:21,2026-09-25T07:02:21
7732,金興精密,2025-07-31,38.0,0.0,0.00%,1.41,15.08,21.15,25.38,29.61,33.84,38.07,42.3,ShowDailyK_ChartFlow,FinMind_API_TaiwanStockPrice_7732,True,2026-09-25T07:02:21,2026-09-25T07:02:21,2026-09-25T07:02:21
7732,金興精密,2025-08-01,37.85,-0.14999999999999858,-0.39%,1.41,15.02,21.15,25.38,29.61,33.84,38.07,42.3,ShowDailyK_ChartFlow,FinMind_API_TaiwanStockPrice_7732,True,2026-09-25T07:02:21,2026-09-25T07:02:21,2026-09-25T07:02:21
7732,金興精密,2025-08-04,37.2,-0.6499999999999986,-1.72%,1.41,14.76,21.15,25.38,29.61,33.84,38.07,42.3,ShowDailyK_ChartFlow,FinMind_API_TaiwanStockPrice_7732,True,2026-09-25T07:02:21,2026-09-25T07:02:21,2026-09-25T07:02:21
7732,金興精密,2025-08-05,37.4,0.19999999999999574,0.54%,1.41,14.84,21.15,25.38,29.61,33.84,38.07,42.3,ShowDailyK_ChartFlow,FinMind_API_TaiwanStockPrice_7732,True,2026-09-25T07:02:21,2026-09-25T07:02:21,2026-09-25T07:02:21
7732,金興精密,2025-08-06,37.8,0.3999999999999986,1.07%,1.41,15.0,21.15,25.38,29.61,33.84,38.07,42.3,ShowDailyK_ChartFlow,FinMind_API_TaiwanStockPrice_7732,True,2026-09-25T07:02:21,2026-09-25T07:02:21,2026-09-25T07:02:21
7732,金興精密,2025-08-07,37.8,0.0,0.00%,1.41,15.0,21.15,25.38,29.61,33.84,38.07,42.3,ShowDailyK_ChartFlow,FinMind_API_TaiwanStockPrice_7732,True,2026-09-25T07:02:21,2026-09-25T07:02:21,2026-09-25T07:02:21
7732,金興精密,2025-08-08,37.5,-0.29999999999999716,-0.79%,1.41,14.88,21.15,25.38,29.61,33.84,38.07,42.3,ShowDailyK_ChartFlow,FinMind_API_TaiwanStockPrice_7732,True,2026-09-25T07:02:21,2026-09-25T07:02:21,2026-09-25T07:02:21
7732,金興精密,2025-08-11,37.2,-0.29999999999999716,-0.80%,1.41,14.76,21.15,25.38,29.61,33.84,38.07,42.3,ShowDailyK_ChartFlow,FinMind_API_TaiwanStockPrice_7732,True,2026-09-25T07:02:21,2026-09-25T07:02:21,2026-09-25T07:02:21
7732,金興精密,2025-08-12,38.0,0.7999999999999972,2.15%,1.41,15.08,21.15,25.38,29.61,33.84,38.07,42.3,ShowDailyK_ChartFlow,FinMind_API_TaiwanStockPrice_7732,True,2026-09-25T07:02:21,2026-09-25T07:02:21,2026-09-25T07:02:21
7732,金興精密,2025-08-13,37.3,-0.7000000000000028,-1.84%,1.41,27.23,21.15,25.38,29.61,33.84,38.07,42.3,ShowDailyK_ChartFlow,FinMind_API_TaiwanStockPrice_7732,True,2026-09-25T07:02:21,2026-09-25T07:02:21,2026-09-25T07:02:21
7732,金興精密,2025-08-14,37.05,-0.25,-0.67%,1.41,27.04,21.15,25.38,29.61,33.84,38.07,42.3,ShowDailyK_ChartFlow,FinMind_API_TaiwanStockPrice_7732,True,2026-09-25T07:02:21,2026-09-25T07:02:21,2026-09-25T07:02:21
7732,金興精密,2025-08-15,37.1,0.05000000000000426,0.13%,1.41,27.08,21.15,25.38,29.61,33.84,38.07,42.3,ShowDailyK_ChartFlow,FinMind_API_TaiwanStockPrice_7732,True,2026-09-25T07:02:21,2026-09-25T07:02:21,2026-09-25T07:02:21
7732,金興精密,2025-08-18,37.25,0.14999999999999858,0.40%,1.41,27.19,21.15,25.38,29.61,33.84,38.07,42.3,ShowDailyK_ChartFlow,FinMind_API_TaiwanStockPrice_7732,True,2026-09-25T07:02:21,2026-09-25T07:02:21,2026-09-25T07:02:21
7732,金興精密,2025-08-19,36.5,-0.75,-2.01%,1.41,26.64,21.15,25.38,29.61,33.84,38.07,42.3,ShowDailyK_ChartFlow,FinMind_API_TaiwanStockPrice_7732,True,2026-09-25T07:02:21,2026-09-25T07:02:21,2026-09-25T07:02:21
7732,金興精密,2025-08-20,36.6,0.10000000000000142,0.27%,1.41,26.72,21.15,25.38,29.61,33.84,38.07,42.3,ShowDailyK_ChartFlow,FinMind_API_TaiwanStockPrice_7732,True,2026-09-25T07:02:21,2026-09-25T07:02:21,2026-09-25T07:02:21
7732,金興精密,2025-08-21,36.65,0.04999999999999716,0.14%,1.41,26.75,21.15,25.38,29.61,33.84,38.07,42.3,ShowDailyK_ChartFlow,FinMind_API_TaiwanStockPrice_7732,True,2026-09-25T07:02:21,2026-09-25T07:02:21,2026-09-25T07:02:21
7732,金興精密,2025-08-22,36.65,0.0,0.00%,1.41,26.75,21.15,25.38,29.61,33.84,38.07,42.3,ShowDailyK_ChartFlow,FinMind_API_TaiwanStockPrice_7732,True,2026-09-25T07:02:21,2026-09-25T07:02:21,2026-09-25T07:02:21
7732,金興精密,2025-08-25,36.7,0.05000000000000426,0.14%,1.41,26.79,21.15,25.38,29.61,33.84,38.07,42.3,ShowDailyK_ChartFlow,FinMind_API_TaiwanStockPrice_7732,True,2026-09-25T07:02:21,2026-09-25T07:02:21,2026-09-25T07:02:21
7732,金興精密,2025-08-26,36.45,-0.25,-0.68%,1.41,26.61,21.15,25.38,29.61,33.84,38.07,42.3,ShowDailyK_ChartFlow,FinMind_API_TaiwanStockPrice_7732,True,2026-09-25T07:02:21,2026-09-25T07:02:21,2026-09-25T07:02:21
7732,金興精密,2025-08-27,36.5,0.04999999999999716,0.14%,1.41,26.64,21.15,25.38,29.61,33.84,38.07,42.3,ShowDailyK_ChartFlow,FinMind_API_TaiwanStockPrice_7732,True,2026-09-25T07:02:21,2026-09-25T07:02:21,2026-09-25T07:02:21
7732,金興精密,2025-08-28,36.5,0.0,0.00%,1.41,26.64,21.15,25.38,29.61,33.84,38.07,42.3,ShowDailyK_ChartFlow,FinMind_API_TaiwanStockPrice_7732,True,2026-09-25T07:02:21,2026-09-25T07:02:21,2026-09-25T07:02:21
7732,金興精密,2025-08-29,36.5,0.0,0.00%,1.41,26.64,21.15,25.38,29.61,33.84,38.07,42.3,ShowDailyK_ChartFlow,FinMind_API_TaiwanStockPrice_7732,True,2026-09-25T07:02:21,2026-09-25T07:02:21,2026-09-25T07:02:21
7732,金興精密,2025-09-01,36.0,-0.5,-1.37%,1.41,26.28,21.15,25.38,29.61,33.84,38.07,42.3,ShowDailyK_ChartFlow,FinMind_API_TaiwanStockPrice_7732,True,2026-09-25T07:02:21,2026-09-25T07:02:21,2026-09-25T07:02:21
7732,金興精密,2025-09-02,35.2,-0.7999999999999972,-2.22%,1.41,25.69,21.15,25.38,29.61,33.84,38.07,42.3,ShowDailyK_ChartFlow,FinMind_API_TaiwanStockPrice_7732,True,2026-09-25T07:02:21,2026-09-25T07:02:21,2026-09-25T07:02:21
7732,金興精密,2025-09-03,36.0,0.7999999999999972,2.27%,1.41,26.28,21.15,25.38,29.61,33.84,38.07,42.3,ShowDailyK_ChartFlow,FinMind_API_TaiwanStockPrice_7732,True,2026-09-25T07:02:21,2026-09-25T07:02:21,2026-09-25T07:02:21
7732,金興精密,2025-09-04,36.55,0.5499999999999972,1.53%,1.41,26.68,21.15,25.38,29.61,33.84,38.07,42.3,ShowDailyK_ChartFlow,FinMind_API_TaiwanStockPrice_7732,True,2026-09-25T07:02:21,2026-09-25T07:02:21,2026-09-25T07:02:21
7732,金興精密,2025-09-05,36.85,0.30000000000000426,0.82%,1.41,26.9,21.15,25.38,29.61,33.84,38.07,42.3,ShowDailyK_ChartFlow,FinMind_API_TaiwanStockPrice_7732,True,2026-09-25T07:02:21,2026-09-25T07:02:21,2026-09-25T07:02:21
7732,金興精密,2025-09-08,36.85,0.0,0.00%,1.41,26.9,21.15,25.38,29.61,33.84,38.07,42.3,ShowDailyK_ChartFlow,FinMind_API_TaiwanStockPrice_7732,True,2026-09-25T07:02:21,2026-09-25T07:02:21,2026-09-25T07:02:21
7732,金興精密,2025-09-09,36.9,0.04999999999999716,0.14%,1.41,26.93,21.15,25.38,29.61,33.84,38.07,42.3,ShowDailyK_ChartFlow,FinMind_API_TaiwanStockPrice_7732,True,2026-09-25T07:02:21,2026-09-25T07:02:21,2026-09-25T07:02:21
7732,金興精密,2025-09-10,36.3,-0.6000000000000014,-1.63%,1.41,26.5,21.15,25.38,29.61,33.84,38.07,42.3,ShowDailyK_ChartFlow,FinMind_API_TaiwanStockPrice_7732,True,2026-09-25T07:02:21,2026-09-25T07:02:21,2026-09-25T07:02:21
7732,金興精密,2025-09-11,36.6,0.30000000000000426,0.83%,1.41,26.72,21.15,25.38,29.61,33.84,38.07,42.3,ShowDailyK_ChartFlow,FinMind_API_TaiwanStockPrice_7732,True,2026-09-25T07:02:21,2026-09-25T07:02:21,2026-09-25T07:02:21
7732,金興精密,2025-09-12,37.2,0.6000000000000014,1.64%,1.41,27.15,21.15,25.38,29.61,33.84,38.07,42.3,ShowDailyK_ChartFlow,FinMind_API_TaiwanStockPrice_7732,True,2026-09-25T07:02:21,2026-09-25T07:02:21,2026-09-25T07:02:21
7732,金興精密,2025-09-15,37.2,0.0,0.00%,1.41,27.15,21.15,25.38,29.61,33.84,38.07,42.3,ShowDailyK_ChartFlow,FinMind_API_TaiwanStockPrice_7732,True,2026-09-25T07:02:21,2026-09-25T07:02:21,2026-09-25T07:02:21
7732,金興精密,2025-09-16,36.5,-0.7000000000000028,-1.88%,1.41,26.64,21.15,25.38,29.61,33.84,38.07,42.3,ShowDailyK_ChartFlow,FinMind_API_TaiwanStockPrice_7732,True,2026-09-25T07:02:21,2026-09-25T07:02:21,2026-09-25T07:02:21
7732,金興精密,2025-09-17,36.7,0.20000000000000284,0.55%,1.41,26.79,21.15,25.38,29.61,33.84,38.07,42.3,ShowDailyK_ChartFlow,FinMind_API_TaiwanStockPrice_7732,True,2026-09-25T07:02:21,2026-09-25T07:02:21,2026-09-25T07:02:21
7732,金興精密,2025-09-18,36.7,0.0,0.00%,1.41,26.79,21.15,25.38,29.61,33.84,38.07,42.3,ShowDailyK_ChartFlow,FinMind_API_TaiwanStockPrice_7732,True,2026-09-25T07:02:21,2026-09-25T07:02:21,2026-09-25T07:02:21
7732,金興精密,2025-09-19,36.8,0.09999999999999432,0.27%,1.41,26.86,21.15,25.38,29.61,33.84,38.07,42.3,ShowDailyK_ChartFlow,FinMind_API_TaiwanStockPrice_7732,True,2026-09-25T07:02:21,2026-09-25T07:02:21,2026-09-25T07:02:21
7732,金興精密,2025-09-22,36.85,0.05000000000000426,0.14%,1.41,26.9,21.15,25.38,29.61,33.84,38.07,42.3,ShowDailyK_ChartFlow,FinMind_API_TaiwanStockPrice_7732,True,2026-09-25T07:02:21,2026-09-25T07:02:21,2026-09-25T07:02:21
7732,金興精密,2025-09-23,37.0,0.14999999999999858,0.41%,1.41,27.01,21.15,25.38,29.61,33.84,38.07,42.3,ShowDailyK_ChartFlow,FinMind_API_TaiwanStockPrice_7732,True,2026-09-25T07:02:21,2026-09-25T07:02:21,2026-09-25T07:02:21
7732,金興精密,2025-09-24,36.8,-0.20000000000000284,-0.54%,1.41,26.86,21.15,25.38,29.61,33.84,38.07,42.3,ShowDailyK_ChartFlow,FinMind_API_TaiwanStockPrice_7732,True,2026-09-25T07:02:21,2026-09-25T07:02:21,2026-09-25T07:02:21
7732,金興精密,2025-09-25,36.7,-0.09999999999999432,-0.27%,1.41,26.79,21.15,25.38,29.61,33.84,38.07,42.3,ShowDailyK_ChartFlow,FinMind_API_TaiwanStockPrice_7732,True,2026-09-25T07:02:21,2026-09-25T07:02:21,2026-09-25T07:02:21
7732,金興精密,2025-09-26,36.7,0.0,0.00%,1.41,26.79,21.15,25.38,29.61,33.84,38.07,42.3,ShowDailyK_ChartFlow,FinMind_API_TaiwanStockPrice_7732,True,2026-09-25T07:02:21,2026-09-25T07:02:21,2026-09-25T07:02:21
7732,金興精密,2025-09-30,36.95,0.25,0.68%,1.9700000000000002,26.97,29.55,35.46,41.37,47.28,53.19,59.1,ShowDailyK_ChartFlow,FinMind_API_TaiwanStockPrice_7732,True,2026-09-25T07:02:21,2026-09-25T07:02:21,2026-09-25T07:02:21
7732,金興精密,2025-10-01,36.4,-0.5500000000000043,-1.49%,1.9700000000000002,26.57,29.55,35.46,41.37,47.28,53.19,59.1,ShowDailyK_ChartFlow,FinMind_API_TaiwanStockPrice_7732,True,2026-09-25T07:02:21,2026-09-25T07:02:21,2026-09-25T07:02:21
7732,金興精密,2025-10-02,36.8,0.3999999999999986,1.10%,1.9700000000000002,26.86,29.55,35.46,41.37,47.28,53.19,59.1,ShowDailyK_ChartFlow,FinMind_API_TaiwanStockPrice_7732,True,2026-09-25T07:02:21,2026-09-25T07:02:21,2026-09-25T07:02:21
7732,金興精密,2025-10-03,36.4,-0.3999999999999986,-1.09%,1.9700000000000002,26.57,29.55,35.46,41.37,47.28,53.19,59.1,ShowDailyK_ChartFlow,FinMind_API_TaiwanStockPrice_7732,True,2026-09-25T07:02:21,2026-09-25T07:02:21,2026-09-25T07:02:21
7732,金興精密,2025-10-07,36.35,-0.04999999999999716,-0.14%,1.9700000000000002,26.53,29.55,35.46,41.37,47.28,53.19,59.1,ShowDailyK_ChartFlow,FinMind_API_TaiwanStockPrice_7732,True,2026-09-25T07:02:21,2026-09-25T07:02:21,2026-09-25T07:02:21
7732,金興精密,2025-10-08,36.5,0.14999999999999858,0.41%,1.9700000000000002,26.64,29.55,35.46,41.37,47.28,53.19,59.1,ShowDailyK_ChartFlow,FinMind_API_TaiwanStockPrice_7732,True,2026-09-25T07:02:21,2026-09-25T07:02:21,2026-09-25T07:02:21
7732,金興精密,2025-10-09,35.95,-0.5499999999999972,-1.51%,1.9700000000000002,26.24,29.55,35.46,41.37,47.28,53.19,59.1,ShowDailyK_ChartFlow,FinMind_API_TaiwanStockPrice_7732,True,2026-09-25T07:02:21,2026-09-25T07:02:21,2026-09-25T07:02:21
7732,金興精密,2025-10-13,36.3,0.3499999999999943,0.97%,1.9700000000000002,26.5,29.55,35.46,41.37,47.28,53.19,59.1,ShowDailyK_ChartFlow,FinMind_API_TaiwanStockPrice_7732,True,2026-09-25T07:02:21,2026-09-25T07:02:21,2026-09-25T07:02:21
7732,金興精密,2025-10-14,35.4,-0.8999999999999986,-2.48%,1.9700000000000002,25.84,29.55,35.46,41.37,47.28,53.19,59.1,ShowDailyK_ChartFlow,FinMind_API_TaiwanStockPrice_7732,True,2026-09-25T07:02:21,2026-09-25T07:02:21,2026-09-25T07:02:21
7732,金興精密,2025-10-15,35.3,-0.10000000000000142,-0.28%,1.9700000000000002,25.77,29.55,35.46,41.37,47.28,53.19,59.1,ShowDailyK_ChartFlow,FinMind_API_TaiwanStockPrice_7732,True,2026-09-25T07:02:21,2026-09-25T07:02:21,2026-09-25T07:02:21
7732,金興精密,2025-10-16,36.6,1.3000000000000043,3.68%,1.9700000000000002,26.72,29.55,35.46,41.37,47.28,53.19,59.1,ShowDailyK_ChartFlow,FinMind_API_TaiwanStockPrice_7732,True,2026-09-25T07:02:21,2026-09-25T07:02:21,2026-09-25T07:02:21
7732,金興精密,2025-10-17,37.3,0.6999999999999957,1.91%,1.9700000000000002,27.23,29.55,35.46,41.37,47.28,53.19,59.1,ShowDailyK_ChartFlow,FinMind_API_TaiwanStockPrice_7732,True,2026-09-25T07:02:21,2026-09-25T07:02:21,2026-09-25T07:02:21
7732,金興精密,2025-10-20,36.45,-0.8499999999999943,-2.28%,1.9700000000000002,26.61,29.55,35.46,41.37,47.28,53.19,59.1,ShowDailyK_ChartFlow,FinMind_API_TaiwanStockPrice_7732,True,2026-09-25T07:02:21,2026-09-25T07:02:21,2026-09-25T07:02:21
7732,金興精密,2025-10-21,35.75,-0.7000000000000028,-1.92%,1.9700000000000002,26.09,29.55,35.46,41.37,47.28,53.19,59.1,ShowDailyK_ChartFlow,FinMind_API_TaiwanStockPrice_7732,True,2026-09-25T07:02:21,2026-09-25T07:02:21,2026-09-25T07:02:21
7732,金興精密,2025-10-22,35.85,0.10000000000000142,0.28%,1.9700000000000002,26.17,29.55,35.46,41.37,47.28,53.19,59.1,ShowDailyK_ChartFlow,FinMind_API_TaiwanStockPrice_7732,True,2026-09-25T07:02:21,2026-09-25T07:02:21,2026-09-25T07:02:21
7732,金興精密,2025-10-23,35.4,-0.45000000000000284,-1.26%,1.9700000000000002,25.84,29.55,35.46,41.37,47.28,53.19,59.1,ShowDailyK_ChartFlow,FinMind_API_TaiwanStockPrice_7732,True,2026-09-25T07:02:21,2026-09-25T07:02:21,2026-09-25T07:02:21
7732,金興精密,2025-10-27,35.5,0.10000000000000142,0.28%,1.9700000000000002,25.91,29.55,35.46,41.37,47.28,53.19,59.1,ShowDailyK_ChartFlow,FinMind_API_TaiwanStockPrice_7732,True,2026-09-25T07:02:21,2026-09-25T07:02:21,2026-09-25T07:02:21
7732,金興精密,2025-10-28,35.9,0.3999999999999986,1.13%,1.9700000000000002,26.2,29.55,35.46,41.37,47.28,53.19,59.1,ShowDailyK_ChartFlow,FinMind_API_TaiwanStockPrice_7732,True,2026-09-25T07:02:21,2026-09-25T07:02:21,2026-09-25T07:02:21
7732,金興精密,2025-10-29,35.2,-0.6999999999999957,-1.95%,1.9700000000000002,25.69,29.55,35.46,41.37,47.28,53.19,59.1,ShowDailyK_ChartFlow,FinMind_API_TaiwanStockPrice_7732,True,2026-09-25T07:02:21,2026-09-25T07:02:21,2026-09-25T07:02:21
7732,金興精密,2025-10-30,35.5,0.29999999999999716,0.85%,1.9700000000000002,25.91,29.55,35.46,41.37,47.28,53.19,59.1,ShowDailyK_ChartFlow,FinMind_API_TaiwanStockPrice_7732,True,2026-09-25T07:02:21,2026-09-25T07:02:21,2026-09-25T07:02:21
7732,金興精密,2025-10-31,35.75,0.25,0.70%,1.9700000000000002,26.09,29.55,35.46,41.37,47.28,53.19,59.1,ShowDailyK_ChartFlow,FinMind_API_TaiwanStockPrice_7732,True,2026-09-25T07:02:21,2026-09-25T07:02:21,2026-09-25T07:02:21
7732,金興精密,2025-11-03,35.85,0.10000000000000142,0.28%,1.9700000000000002,26.17,29.55,35.46,41.37,47.28,53.19,59.1,ShowDailyK_ChartFlow,FinMind_API_TaiwanStockPrice_7732,True,2026-09-25T07:02:21,2026-09-25T07:02:21,2026-09-25T07:02:21
7732,金興精密,2025-11-04,35.75,-0.10000000000000142,-0.28%,1.9700000000000002,26.09,29.55,35.46,41.37,47.28,53.19,59.1,ShowDailyK_ChartFlow,FinMind_API_TaiwanStockPrice_7732,True,2026-09-25T07:02:21,2026-09-25T07:02:21,2026-09-25T07:02:21
7732,金興精密,2025-11-05,35.4,-0.3500000000000014,-0.98%,1.9700000000000002,25.84,29.55,35.46,41.37,47.28,53.19,59.1,ShowDailyK_ChartFlow,FinMind_API_TaiwanStockPrice_7732,True,2026-09-25T07:02:21,2026-09-25T07:02:21,2026-09-25T07:02:21
7732,金興精密,2025-11-06,35.8,0.3999999999999986,1.13%,1.9700000000000002,26.13,29.55,35.46,41.37,47.28,53.19,59.1,ShowDailyK_ChartFlow,FinMind_API_TaiwanStockPrice_7732,True,2026-09-25T07:02:21,2026-09-25T07:02:21,2026-09-25T07:02:21
7732,金興精密,2025-11-07,35.8,0.0,0.00%,1.9700000000000002,26.13,29.55,35.46,41.37,47.28,53.19,59.1,ShowDailyK_ChartFlow,FinMind_API_TaiwanStockPrice_7732,True,2026-09-25T07:02:21,2026-09-25T07:02:21,2026-09-25T07:02:21
7732,金興精密,2025-11-10,35.65,-0.14999999999999858,-0.42%,1.9700000000000002,26.02,29.55,35.46,41.37,47.28,53.19,59.1,ShowDailyK_ChartFlow,FinMind_API_TaiwanStockPrice_7732,True,2026-09-25T07:02:21,2026-09-25T07:02:21,2026-09-25T07:02:21
7732,金興精密,2025-11-11,35.4,-0.25,-0.70%,1.9700000000000002,25.84,29.55,35.46,41.37,47.28,53.19,59.1,ShowDailyK_ChartFlow,FinMind_API_TaiwanStockPrice_7732,True,2026-09-25T07:02:21,2026-09-25T07:02:21,2026-09-25T07:02:21
7732,金興精密,2025-11-12,35.4,0.0,0.00%,1.9700000000000002,25.84,29.55,35.46,41.37,47.28,53.19,59.1,ShowDailyK_ChartFlow,FinMind_API_TaiwanStockPrice_7732,True,2026-09-25T07:02:21,2026-09-25T07:02:21,2026-09-25T07:02:21
7732,金興精密,2025-11-13,37.0,1.6000000000000014,4.52%,1.9700000000000002,19.17,29.55,35.46,41.37,47.28,53.19,59.1,ShowDailyK_ChartFlow,FinMind_API_TaiwanStockPrice_7732,True,2026-09-25T07:02:21,2026-09-25T07:02:21,2026-09-25T07:02:21
7732,金興精密,2025-11-14,37.0,0.0,0.00%,1.9700000000000002,19.17,29.55,35.46,41.37,47.28,53.19,59.1,ShowDailyK_ChartFlow,FinMind_API_TaiwanStockPrice_7732,True,2026-09-25T07:02:21,2026-09-25T07:02:21,2026-09-25T07:02:21
7732,金興精密,2025-11-17,37.65,0.6499999999999986,1.76%,1.9700000000000002,19.51,29.55,35.46,41.37,47.28,53.19,59.1,ShowDailyK_ChartFlow,FinMind_API_TaiwanStockPrice_7732,True,2026-09-25T07:02:21,2026-09-25T07:02:21,2026-09-25T07:02:21
7732,金興精密,2025-11-18,37.25,-0.3999999999999986,-1.06%,1.9700000000000002,19.3,29.55,35.46,41.37,47.28,53.19,59.1,ShowDailyK_ChartFlow,FinMind_API_TaiwanStockPrice_7732,True,2026-09-25T07:02:21,2026-09-25T07:02:21,2026-09-25T07:02:21
7732,金興精密,2025-11-19,37.25,0.0,0.00%,1.9700000000000002,19.3,29.55,35.46,41.37,47.28,53.19,59.1,ShowDailyK_ChartFlow,FinMind_API_TaiwanStockPrice_7732,True,2026-09-25T07:02:21,2026-09-25T07:02:21,2026-09-25T07:02:21
7732,金興精密,2025-11-20,38.0,0.75,2.01%,1.9700000000000002,19.69,29.55,35.46,41.37,47.28,53.19,59.1,ShowDailyK_ChartFlow,FinMind_API_TaiwanStockPrice_7732,True,2026-09-25T07:02:21,2026-09-25T07:02:21,2026-09-25T07:02:21
7732,金興精密,2025-11-21,38.0,0.0,0.00%,1.9700000000000002,19.69,29.55,35.46,41.37,47.28,53.19,59.1,ShowDailyK_ChartFlow,FinMind_API_TaiwanStockPrice_7732,True,2026-09-25T07:02:21,2026-09-25T07:02:21,2026-09-25T07:02:21
7732,金興精密,2025-11-24,38.6,0.6000000000000014,1.58%,1.9700000000000002,20.0,29.55,35.46,41.37,47.28,53.19,59.1,ShowDailyK_ChartFlow,FinMind_API_TaiwanStockPrice_7732,True,2026-09-25T07:02:21,2026-09-25T07:02:21,2026-09-25T07:02:21
7732,金興精密,2025-11-25,38.65,0.04999999999999716,0.13%,1.9700000000000002,20.03,29.55,35.46,41.37,47.28,53.19,59.1,ShowDailyK_ChartFlow,FinMind_API_TaiwanStockPrice_7732,True,2026-09-25T07:02:21,2026-09-25T07:02:21,2026-09-25T07:02:21
7732,金興精密,2025-11-26,38.9,0.25,0.65%,1.9700000000000002,20.16,29.55,35.46,41.37,47.28,53.19,59.1,ShowDailyK_ChartFlow,FinMind_API_TaiwanStockPrice_7732,True,2026-09-25T07:02:21,2026-09-25T07:02:21,2026-09-25T07:02:21
7732,金興精密,2025-11-27,39.5,0.6000000000000014,1.54%,1.9700000000000002,20.47,29.55,35.46,41.37,47.28,53.19,59.1,ShowDailyK_ChartFlow,FinMind_API_TaiwanStockPrice_7732,True,2026-09-25T07:02:21,2026-09-25T07:02:21,2026-09-25T07:02:21
7732,金興精密,2025-11-28,39.35,-0.14999999999999858,-0.38%,1.9700000000000002,20.39,29.55,35.46,41.37,47.28,53.19,59.1,ShowDailyK_ChartFlow,FinMind_API_TaiwanStockPrice_7732,True,2026-09-25T07:02:21,2026-09-25T07:02:21,2026-09-25T07:02:21
7732,金興精密,2025-12-01,39.65,0.29999999999999716,0.76%,1.9700000000000002,20.54,29.55,35.46,41.37,47.28,53.19,59.1,ShowDailyK_ChartFlow,FinMind_API_TaiwanStockPrice_7732,True,2026-09-25T07:02:21,2026-09-25T07:02:21,2026-09-25T07:02:21
7732,金興精密,2025-12-02,40.9,1.25,3.15%,1.9700000000000002,21.19,29.55,35.46,41.37,47.28,53.19,59.1,ShowDailyK_ChartFlow,FinMind_API_TaiwanStockPrice_7732,True,2026-09-25T07:02:21,2026-09-25T07:02:21,2026-09-25T07:02:21
7732,金興精密,2025-12-03,40.05,-0.8500000000000014,-2.08%,1.9700000000000002,20.75,29.55,35.46,41.37,47.28,53.19,59.1,ShowDailyK_ChartFlow,FinMind_API_TaiwanStockPrice_7732,True,2026-09-25T07:02:21,2026-09-25T07:02:21,2026-09-25T07:02:21
7732,金興精密,2025-12-04,40.1,0.05000000000000426,0.12%,1.9700000000000002,20.78,29.55,35.46,41.37,47.28,53.19,59.1,ShowDailyK_ChartFlow,FinMind_API_TaiwanStockPrice_7732,True,2026-09-25T07:02:21,2026-09-25T07:02:21,2026-09-25T07:02:21
7732,金興精密,2025-12-05,40.0,-0.10000000000000142,-0.25%,1.9700000000000002,20.73,29.55,35.46,41.37,47.28,53.19,59.1,ShowDailyK_ChartFlow,FinMind_API_TaiwanStockPrice_7732,True,2026-09-25T07:02:21,2026-09-25T07:02:21,2026-09-25T07:02:21
7732,金興精密,2025-12-08,40.3,0.29999999999999716,0.75%,1.9700000000000002,20.88,29.55,35.46,41.37,47.28,53.19,59.1,ShowDailyK_ChartFlow,FinMind_API_TaiwanStockPrice_7732,True,2026-09-25T07:02:21,2026-09-25T07:02:21,2026-09-25T07:02:21
7732,金興精密,2025-12-09,41.0,0.7000000000000028,1.74%,1.9700000000000002,21.24,29.55,35.46,41.37,47.28,53.19,59.1,ShowDailyK_ChartFlow,FinMind_API_TaiwanStockPrice_7732,True,2026-09-25T07:02:21,2026-09-25T07:02:21,2026-09-25T07:02:21
7732,金興精密,2025-12-10,40.9,-0.10000000000000142,-0.24%,1.9700000000000002,21.19,29.55,35.46,41.37,47.28,53.19,59.1,ShowDailyK_ChartFlow,FinMind_API_TaiwanStockPrice_7732,True,2026-09-25T07:02:21,2026-09-25T07:02:21,2026-09-25T07:02:21
7732,金興精密,2025-12-11,41.0,0.10000000000000142,0.24%,1.9700000000000002,21.24,29.55,35.46,41.37,47.28,53.19,59.1,ShowDailyK_ChartFlow,FinMind_API_TaiwanStockPrice_7732,True,2026-09-25T07:02:21,2026-09-25T07:02:21,2026-09-25T07:02:21
7732,金興精密,2025-12-12,41.3,0.29999999999999716,0.73%,1.9700000000000002,21.4,29.55,35.46,41.37,47.28,53.19,59.1,ShowDailyK_ChartFlow,FinMind_API_TaiwanStockPrice_7732,True,2026-09-25T07:02:21,2026-09-25T07:02:21,2026-09-25T07:02:21
7732,金興精密,2025-12-15,41.35,0.05000000000000426,0.12%,1.9700000000000002,21.42,29.55,35.46,41.37,47.28,53.19,59.1,ShowDailyK_ChartFlow,FinMind_API_TaiwanStockPrice_7732,True,2026-09-25T07:02:21,2026-09-25T07:02:21,2026-09-25T07:02:21
7732,金興精密,2025-12-16,41.45,0.10000000000000142,0.24%,1.9700000000000002,21.48,29.55,35.46,41.37,47.28,53.19,59.1,ShowDailyK_ChartFlow,FinMind_API_TaiwanStockPrice_7732,True,2026-09-25T07:02:21,2026-09-25T07:02:21,2026-09-25T07:02:21
7732,金興精密,2025-12-17,41.35,-0.10000000000000142,-0.24%,1.9700000000000002,21.42,29.55,35.46,41.37,47.28,53.19,59.1,ShowDailyK_ChartFlow,FinMind_API_TaiwanStockPrice_7732,True,2026-09-25T07:02:21,2026-09-25T07:02:21,2026-09-25T07:02:21
7732,金興精密,2025-12-18,41.5,0.14999999999999858,0.36%,1.9700000000000002,21.5,29.55,35.46,41.37,47.28,53.19,59.1,ShowDailyK_ChartFlow,FinMind_API_TaiwanStockPrice_7732,True,2026-09-25T07:02:21,2026-09-25T07:02:21,2026-09-25T07:02:21
7732,金興精密,2025-12-19,41.7,0.20000000000000284,0.48%,1.9700000000000002,21.61,29.55,35.46,41.37,47.28,53.19,59.1,ShowDailyK_ChartFlow,FinMind_API_TaiwanStockPrice_7732,True,2026-09-25T07:02:21,2026-09-25T07:02:21,2026-09-25T07:02:21
7732,金興精密,2025-12-22,41.1,-0.6000000000000014,-1.44%,1.9700000000000002,21.3,29.55,35.46,41.37,47.28,53.19,59.1,ShowDailyK_ChartFlow,FinMind_API_TaiwanStockPrice_7732,True,2026-09-25T07:02:21,2026-09-25T07:02:21,2026-09-25T07:02:21
7732,金興精密,2025-12-23,41.0,-0.10000000000000142,-0.24%,1.9700000000000002,21.24,29.55,35.46,41.37,47.28,53.19,59.1,ShowDailyK_ChartFlow,FinMind_API_TaiwanStockPrice_7732,True,2026-09-25T07:02:21,2026-09-25T07:02:21,2026-09-25T07:02:21
7732,金興精密,2025-12-24,40.95,-0.04999999999999716,-0.12%,1.9700000000000002,21.22,29.55,35.46,41.37,47.28,53.19,59.1,ShowDailyK_ChartFlow,FinMind_API_TaiwanStockPrice_7732,True,2026-09-25T07:02:21,2026-09-25T07:02:21,2026-09-25T07:02:21
7732,金興精密,2025-12-26,40.9,-0.05000000000000426,-0.12%,1.9700000000000002,21.19,29.55,35.46,41.37,47.28,53.19,59.1,ShowDailyK_ChartFlow,FinMind_API_TaiwanStockPrice_7732,True,2026-09-25T07:02:21,2026-09-25T07:02:21,2026-09-25T07:02:21
7732,金興精密,2025-12-29,40.9,0.0,0.00%,1.9700000000000002,21.19,29.55,35.46,41.37,47.28,53.19,59.1,ShowDailyK_ChartFlow,FinMind_API_TaiwanStockPrice_7732,True,2026-09-25T07:02:21,2026-09-25T07:02:21,2026-09-25T07:02:21
7732,金興精密,2025-12-30,40.0,-0.8999999999999986,-2.20%,1.9700000000000002,20.73,29.55,35.46,41.37,47.28,53.19,59.1,ShowDailyK_ChartFlow,FinMind_API_TaiwanStockPrice_7732,True,2026-09-25T07:02:21,2026-09-25T07:02:21,2026-09-25T07:02:21
7732,金興精密,2025-12-31,40.2,0.20000000000000284,0.50%,1.73,20.83,25.95,31.14,36.33,41.52,46.71,51.9,ShowDailyK_ChartFlow,FinMind_API_TaiwanStockPrice_7732,True,2026-09-25T07:02:21,2026-09-25T07:02:21,2026-09-25T07:02:21
7732,金興精密,2026-01-02,40.3,0.09999999999999432,0.25%,1.73,20.88,25.95,31.14,36.33,41.52,46.71,51.9,ShowDailyK_ChartFlow,FinMind_API_TaiwanStockPrice_7732,True,2026-09-25T07:02:21,2026-09-25T07:02:21,2026-09-25T07:02:21
7732,金興精密,2026-01-05,40.3,0.0,0.00%,1.73,20.88,25.95,31.14,36.33,41.52,46.71,51.9,ShowDailyK_ChartFlow,FinMind_API_TaiwanStockPrice_7732,True,2026-09-25T07:02:21,2026-09-25T07:02:21,2026-09-25T07:02:21
7732,金興精密,2026-01-06,40.2,-0.09999999999999432,-0.25%,1.73,20.83,25.95,31.14,36.33,41.52,46.71,51.9,ShowDailyK_ChartFlow,FinMind_API_TaiwanStockPrice_7732,True,2026-09-25T07:02:21,2026-09-25T07:02:21,2026-09-25T07:02:21
7732,金興精密,2026-01-07,40.0,-0.20000000000000284,-0.50%,1.73,20.73,25.95,31.14,36.33,41.52,46.71,51.9,ShowDailyK_ChartFlow,FinMind_API_TaiwanStockPrice_7732,True,2026-09-25T07:02:21,2026-09-25T07:02:21,2026-09-25T07:02:21
7732,金興精密,2026-01-08,40.0,0.0,0.00%,1.73,20.73,25.95,31.14,36.33,41.52,46.71,51.9,ShowDailyK_ChartFlow,FinMind_API_TaiwanStockPrice_7732,True,2026-09-25T07:02:21,2026-09-25T07:02:21,2026-09-25T07:02:21
7732,金興精密,2026-01-09,40.0,0.0,0.00%,1.73,20.73,25.95,31.14,36.33,41.52,46.71,51.9,ShowDailyK_ChartFlow,FinMind_API_TaiwanStockPrice_7732,True,2026-09-25T07:02:21,2026-09-25T07:02:21,2026-09-25T07:02:21
7732,金興精密,2026-01-12,40.2,0.20000000000000284,0.50%,1.73,20.83,25.95,31.14,36.33,41.52,46.71,51.9,ShowDailyK_ChartFlow,FinMind_API_TaiwanStockPrice_7732,True,2026-09-25T07:02:21,2026-09-25T07:02:21,2026-09-25T07:02:21
7732,金興精密,2026-01-13,38.75,-1.4500000000000028,-3.61%,1.73,20.08,25.95,31.14,36.33,41.52,46.71,51.9,ShowDailyK_ChartFlow,FinMind_API_TaiwanStockPrice_7732,True,2026-09-25T07:02:21,2026-09-25T07:02:21,2026-09-25T07:02:21
7732,金興精密,2026-01-14,39.1,0.3500000000000014,0.90%,1.73,20.26,25.95,31.14,36.33,41.52,46.71,51.9,ShowDailyK_ChartFlow,FinMind_API_TaiwanStockPrice_7732,True,2026-09-25T07:02:21,2026-09-25T07:02:21,2026-09-25T07:02:21
7732,金興精密,2026-01-15,39.5,0.3999999999999986,1.02%,1.73,20.47,25.95,31.14,36.33,41.52,46.71,51.9,ShowDailyK_ChartFlow,FinMind_API_TaiwanStockPrice_7732,True,2026-09-25T07:02:21,2026-09-25T07:02:21,2026-09-25T07:02:21
7732,金興精密,2026-01-16,38.6,-0.8999999999999986,-2.28%,1.73,20.0,25.95,31.14,36.33,41.52,46.71,51.9,ShowDailyK_ChartFlow,FinMind_API_TaiwanStockPrice_7732,True,2026-09-25T07:02:21,2026-09-25T07:02:21,2026-09-25T07:02:21
7732,金興精密,2026-01-19,38.95,0.3500000000000014,0.91%,1.73,20.18,25.95,31.14,36.33,41.52,46.71,51.9,ShowDailyK_ChartFlow,FinMind_API_TaiwanStockPrice_7732,True,2026-09-25T07:02:21,2026-09-25T07:02:21,2026-09-25T07:02:21
7732,金興精密,2026-01-20,38.95,0.0,0.00%,1.73,20.18,25.95,31.14,36.33,41.52,46.71,51.9,ShowDailyK_ChartFlow,FinMind_API_TaiwanStockPrice_7732,True,2026-09-25T07:02:21,2026-09-25T07:02:21,2026-09-25T07:02:21
7732,金興精密,2026-01-21,38.5,-0.45000000000000284,-1.16%,1.73,19.95,25.95,31.14,36.33,41.52,46.71,51.9,ShowDailyK_ChartFlow,FinMind_API_TaiwanStockPrice_7732,True,2026-09-25T07:02:21,2026-09-25T07:02:21,2026-09-25T07:02:21
7732,金興精密,2026-01-22,38.95,0.45000000000000284,1.17%,1.73,20.18,25.95,31.14,36.33,41.52,46.71,51.9,ShowDailyK_ChartFlow,FinMind_API_TaiwanStockPrice_7732,True,2026-09-25T07:02:21,2026-09-25T07:02:21,2026-09-25T07:02:21
7732,金興精密,2026-01-23,0.0,-38.95,-100.00%,1.73,20.18,25.95,31.14,36.33,41.52,46.71,51.9,ShowDailyK_ChartFlow,FinMind_API_TaiwanStockPrice_7732,True,2026-09-25T07:02:21,2026-09-25T07:02:21,2026-09-25T07:02:21
7732,金興精密,2026-01-26,38.0,38.0,,1.73,19.69,25.95,31.14,36.33,41.52,46.71,51.9,ShowDailyK_ChartFlow,FinMind_API_TaiwanStockPrice_7732,True,2026-09-25T07:02:21,2026-09-25T07:02:21,2026-09-25T07:02:21
7732,金興精密,2026-01-27,37.95,-0.04999999999999716,-0.13%,1.73,19.66,25.95,31.14,36.33,41.52,46.71,51.9,ShowDailyK_ChartFlow,FinMind_API_TaiwanStockPrice_7732,True,2026-09-25T07:02:21,2026-09-25T07:02:21,2026-09-25T07:02:21
7732,金興精密,2026-01-28,37.9,-0.05000000000000426,-0.13%,1.73,19.64,25.95,31.14,36.33,41.52,46.71,51.9,ShowDailyK_ChartFlow,FinMind_API_TaiwanStockPrice_7732,True,2026-09-25T07:02:21,2026-09-25T07:02:21,2026-09-25T07:02:21
7732,金興精密,2026-01-29,37.4,-0.5,-1.32%,1.73,19.38,25.95,31.14,36.33,41.52,46.71,51.9,ShowDailyK_ChartFlow,FinMind_API_TaiwanStockPrice_7732,True,2026-09-25T07:02:21,2026-09-25T07:02:21,2026-09-25T07:02:21
7732,金興精密,2026-01-30,36.6,-0.7999999999999972,-2.14%,1.73,18.96,25.95,31.14,36.33,41.52,46.71,51.9,ShowDailyK_ChartFlow,FinMind_API_TaiwanStockPrice_7732,True,2026-09-25T07:02:21,2026-09-25T07:02:21,2026-09-25T07:02:21
7732,金興精密,2026-02-02,36.3,-0.30000000000000426,-0.82%,1.73,18.81,25.95,31.14,36.33,41.52,46.71,51.9,ShowDailyK_ChartFlow,FinMind_API_TaiwanStockPrice_7732,True,2026-09-25T07:02:21,2026-09-25T07:02:21,2026-09-25T07:02:21
7732,金興精密,2026-02-03,36.95,0.6500000000000057,1.79%,1.73,19.15,25.95,31.14,36.33,41.52,46.71,51.9,ShowDailyK_ChartFlow,FinMind_API_TaiwanStockPrice_7732,True,2026-09-25T07:02:21,2026-09-25T07:02:21,2026-09-25T07:02:21
7732,金興精密,2026-02-04,37.15,0.19999999999999574,0.54%,1.73,19.25,25.95,31.14,36.33,41.52,46.71,51.9,ShowDailyK_ChartFlow,FinMind_API_TaiwanStockPrice_7732,True,2026-09-25T07:02:21,2026-09-25T07:02:21,2026-09-25T07:02:21
7732,金興精密,2026-02-05,37.15,0.0,0.00%,1.73,19.25,25.95,31.14,36.33,41.52,46.71,51.9,ShowDailyK_ChartFlow,FinMind_API_TaiwanStockPrice_7732,True,2026-09-25T07:02:21,2026-09-25T07:02:21,2026-09-25T07:02:21
7732,金興精密,2026-02-06,37.15,0.0,0.00%,1.73,19.25,25.95,31.14,36.33,41.52,46.71,51.9,ShowDailyK_ChartFlow,FinMind_API_TaiwanStockPrice_7732,True,2026-09-25T07:02:21,2026-09-25T07:02:21,2026-09-25T07:02:21
7732,金興精密,2026-02-09,37.75,0.6000000000000014,1.62%,1.73,19.56,25.95,31.14,36.33,41.52,46.71,51.9,ShowDailyK_ChartFlow,FinMind_API_TaiwanStockPrice_7732,True,2026-09-25T07:02:21,2026-09-25T07:02:21,2026-09-25T07:02:21
7732,金興精密,2026-02-10,37.95,0.20000000000000284,0.53%,1.73,19.66,25.95,31.14,36.33,41.52,46.71,51.9,ShowDailyK_ChartFlow,FinMind_API_TaiwanStockPrice_7732,True,2026-09-25T07:02:21,2026-09-25T07:02:21,2026-09-25T07:02:21
7732,金興精密,2026-02-11,38.0,0.04999999999999716,0.13%,1.73,19.69,25.95,31.14,36.33,41.52,46.71,51.9,ShowDailyK_ChartFlow,FinMind_API_TaiwanStockPrice_7732,True,2026-09-25T07:02:21,2026-09-25T07:02:21,2026-09-25T07:02:21
7732,金興精密,2026-02-23,38.95,0.9500000000000028,2.50%,1.73,20.18,25.95,31.14,36.33,41.52,46.71,51.9,ShowDailyK_ChartFlow,FinMind_API_TaiwanStockPrice_7732,True,2026-09-25T07:02:21,2026-09-25T07:02:21,2026-09-25T07:02:21
7732,金興精密,2026-02-24,38.95,0.0,0.00%,1.73,20.18,25.95,31.14,36.33,41.52,46.71,51.9,ShowDailyK_ChartFlow,FinMind_API_TaiwanStockPrice_7732,True,2026-09-25T07:02:21,2026-09-25T07:02:21,2026-09-25T07:02:21
7732,金興精密,2026-02-25,39.95,1.0,2.57%,1.73,20.7,25.95,31.14,36.33,41.52,46.71,51.9,ShowDailyK_ChartFlow,FinMind_API_TaiwanStockPrice_7732,True,2026-09-25T07:02:21,2026-09-25T07:02:21,2026-09-25T07:02:21
7732,金興精密,2026-02-26,39.85,-0.10000000000000142,-0.25%,1.73,20.65,25.95,31.14,36.33,41.52,46.71,51.9,ShowDailyK_ChartFlow,FinMind_API_TaiwanStockPrice_7732,True,2026-09-25T07:02:21,2026-09-25T07:02:21,2026-09-25T07:02:21
7732,金興精密,2026-03-02,38.3,-1.5500000000000043,-3.89%,1.73,19.84,25.95,31.14,36.33,41.52,46.71,51.9,ShowDailyK_ChartFlow,FinMind_API_TaiwanStockPrice_7732,True,2026-09-25T07:02:21,2026-09-25T07:02:21,2026-09-25T07:02:21
7732,金興精密,2026-03-03,38.3,0.0,0.00%,1.73,19.84,25.95,31.14,36.33,41.52,46.71,51.9,ShowDailyK_ChartFlow,FinMind_API_TaiwanStockPrice_7732,True,2026-09-25T07:02:21,2026-09-25T07:02:21,2026-09-25T07:02:21
7732,金興精密,2026-03-04,38.5,0.20000000000000284,0.52%,1.73,19.95,25.95,31.14,36.33,41.52,46.71,51.9,ShowDailyK_ChartFlow,FinMind_API_TaiwanStockPrice_7732,True,2026-09-25T07:02:21,2026-09-25T07:02:21,2026-09-25T07:02:21
7732,金興精密,2026-03-05,38.1,-0.3999999999999986,-1.04%,1.73,19.74,25.95,31.14,36.33,41.52,46.71,51.9,ShowDailyK_ChartFlow,FinMind_API_TaiwanStockPrice_7732,True,2026-09-25T07:02:21,2026-09-25T07:02:21,2026-09-25T07:02:21
7732,金興精密,2026-03-06,37.5,-0.6000000000000014,-1.57%,1.73,19.43,25.95,31.14,36.33,41.52,46.71,51.9,ShowDailyK_ChartFlow,FinMind_API_TaiwanStockPrice_7732,True,2026-09-25T07:02:21,2026-09-25T07:02:21,2026-09-25T07:02:21
7732,金興精密,2026-03-09,36.6,-0.8999999999999986,-2.40%,1.73,18.96,25.95,31.14,36.33,41.52,46.71,51.9,ShowDailyK_ChartFlow,FinMind_API_TaiwanStockPrice_7732,True,2026-09-25T07:02:21,2026-09-25T07:02:21,2026-09-25T07:02:21
7732,金興精密,2026-03-10,36.6,0.0,0.00%,1.73,18.96,25.95,31.14,36.33,41.52,46.71,51.9,ShowDailyK_ChartFlow,FinMind_API_TaiwanStockPrice_7732,True,2026-09-25T07:02:21,2026-09-25T07:02:21,2026-09-25T07:02:21
7732,金興精密,2026-03-11,37.85,1.25,3.42%,1.73,19.61,25.95,31.14,36.33,41.52,46.71,51.9,ShowDailyK_ChartFlow,FinMind_API_TaiwanStockPrice_7732,True,2026-09-25T07:02:21,2026-09-25T07:02:21,2026-09-25T07:02:21
7732,金興精密,2026-03-12,36.7,-1.1499999999999986,-3.04%,1.73,19.02,25.95,31.14,36.33,41.52,46.71,51.9,ShowDailyK_ChartFlow,FinMind_API_TaiwanStockPrice_7732,True,2026-09-25T07:02:21,2026-09-25T07:02:21,2026-09-25T07:02:21
7732,金興精密,2026-03-13,36.3,-0.4000000000000057,-1.09%,1.73,20.63,25.95,31.14,36.33,41.52,46.71,51.9,ShowDailyK_ChartFlow,FinMind_API_TaiwanStockPrice_7732,True,2026-09-25T07:02:21,2026-09-25T07:02:21,2026-09-25T07:02:21
7732,金興精密,2026-03-16,36.2,-0.09999999999999432,-0.28%,1.73,20.57,25.95,31.14,36.33,41.52,46.71,51.9,ShowDailyK_ChartFlow,FinMind_API_TaiwanStockPrice_7732,True,2026-09-25T07:02:21,2026-09-25T07:02:21,2026-09-25T07:02:21
7732,金興精密,2026-03-17,37.5,1.2999999999999972,3.59%,1.73,21.31,25.95,31.14,36.33,41.52,46.71,51.9,ShowDailyK_ChartFlow,FinMind_API_TaiwanStockPrice_7732,True,2026-09-25T07:02:21,2026-09-25T07:02:21,2026-09-25T07:02:21
7732,金興精密,2026-03-18,36.0,-1.5,-4.00%,1.73,20.45,25.95,31.14,36.33,41.52,46.71,51.9,ShowDailyK_ChartFlow,FinMind_API_TaiwanStockPrice_7732,True,2026-09-25T07:02:21,2026-09-25T07:02:21,2026-09-25T07:02:21
7732,金興精密,2026-03-19,36.15,0.14999999999999858,0.42%,1.73,20.54,25.95,31.14,36.33,41.52,46.71,51.9,ShowDailyK_ChartFlow,FinMind_API_TaiwanStockPrice_7732,True,2026-09-25T07:02:21,2026-09-25T07:02:21,2026-09-25T07:02:21
7732,金興精密,2026-03-20,36.4,0.25,0.69%,1.73,20.68,25.95,31.14,36.33,41.52,46.71,51.9,ShowDailyK_ChartFlow,FinMind_API_TaiwanStockPrice_7732,True,2026-09-25T07:02:21,2026-09-25T07:02:21,2026-09-25T07:02:21
7732,金興精密,2026-03-23,36.4,0.0,0.00%,1.73,20.68,25.95,31.14,36.33,41.52,46.71,51.9,ShowDailyK_ChartFlow,FinMind_API_TaiwanStockPrice_7732,True,2026-09-25T07:02:21,2026-09-25T07:02:21,2026-09-25T07:02:21
7732,金興精密,2026-03-24,36.2,-0.19999999999999574,-0.55%,1.73,20.57,25.95,31.14,36.33,41.52,46.71,51.9,ShowDailyK_ChartFlow,FinMind_API_TaiwanStockPrice_7732,True,2026-09-25T07:02:21,2026-09-25T07:02:21,2026-09-25T07:02:21
7732,金興精密,2026-03-25,36.7,0.5,1.38%,1.73,20.85,25.95,31.14,36.33,41.52,46.71,51.9,ShowDailyK_ChartFlow,FinMind_API_TaiwanStockPrice_7732,True,2026-09-25T07:02:21,2026-09-25T07:02:21,2026-09-25T07:02:21
7732,金興精密,2026-03-26,35.95,-0.75,-2.04%,1.73,20.43,25.95,31.14,36.33,41.52,46.71,51.9,ShowDailyK_ChartFlow,FinMind_API_TaiwanStockPrice_7732,True,2026-09-25T07:02:21,2026-09-25T07:02:21,2026-09-25T07:02:21
7732,金興精密,2026-03-27,34.95,-1.0,-2.78%,1.73,19.86,25.95,31.14,36.33,41.52,46.71,51.9,ShowDailyK_ChartFlow,FinMind_API_TaiwanStockPrice_7732,True,2026-09-25T07:02:21,2026-09-25T07:02:21,2026-09-25T07:02:21
7732,金興精密,2026-03-30,34.2,-0.75,-2.15%,1.73,19.43,25.95,31.14,36.33,41.52,46.71,51.9,ShowDailyK_ChartFlow,FinMind_API_TaiwanStockPrice_7732,True,2026-09-25T07:02:21,2026-09-25T07:02:21,2026-09-25T07:02:21
7732,金興精密,2026-03-31,33.25,-0.9500000000000028,-2.78%,1.72,18.89,25.8,30.96,36.12,41.28,46.44,51.6,ShowDailyK_ChartFlow,FinMind_API_TaiwanStockPrice_7732,True,2026-09-25T07:02:21,2026-09-25T07:02:21,2026-09-25T07:02:21
7732,金興精密,2026-04-01,34.95,1.7000000000000028,5.11%,1.72,19.86,25.8,30.96,36.12,41.28,46.44,51.6,ShowDailyK_ChartFlow,FinMind_API_TaiwanStockPrice_7732,True,2026-09-25T07:02:21,2026-09-25T07:02:21,2026-09-25T07:02:21
7732,金興精密,2026-04-02,34.0,-0.9500000000000028,-2.72%,1.72,19.32,25.8,30.96,36.12,41.28,46.44,51.6,ShowDailyK_ChartFlow,FinMind_API_TaiwanStockPrice_7732,True,2026-09-25T07:02:21,2026-09-25T07:02:21,2026-09-25T07:02:21
7732,金興精密,2026-04-07,34.1,0.10000000000000142,0.29%,1.72,19.38,25.8,30.96,36.12,41.28,46.44,51.6,ShowDailyK_ChartFlow,FinMind_API_TaiwanStockPrice_7732,True,2026-09-25T07:02:21,2026-09-25T07:02:21,2026-09-25T07:02:21
7732,金興精密,2026-04-08,34.75,0.6499999999999986,1.91%,1.72,19.74,25.8,30.96,36.12,41.28,46.44,51.6,ShowDailyK_ChartFlow,FinMind_API_TaiwanStockPrice_7732,True,2026-09-25T07:02:21,2026-09-25T07:02:21,2026-09-25T07:02:21
7732,金興精密,2026-04-09,34.45,-0.29999999999999716,-0.86%,1.72,19.57,25.8,30.96,36.12,41.28,46.44,51.6,ShowDailyK_ChartFlow,FinMind_API_TaiwanStockPrice_7732,True,2026-09-25T07:02:21,2026-09-25T07:02:21,2026-09-25T07:02:21
7732,金興精密,2026-04-10,35.0,0.5499999999999972,1.60%,1.72,19.89,25.8,30.96,36.12,41.28,46.44,51.6,ShowDailyK_ChartFlow,FinMind_API_TaiwanStockPrice_7732,True,2026-09-25T07:02:21,2026-09-25T07:02:21,2026-09-25T07:02:21
7732,金興精密,2026-04-13,35.05,0.04999999999999716,0.14%,1.72,19.91,25.8,30.96,36.12,41.28,46.44,51.6,ShowDailyK_ChartFlow,FinMind_API_TaiwanStockPrice_7732,True,2026-09-25T07:02:21,2026-09-25T07:02:21,2026-09-25T07:02:21
7732,金興精密,2026-04-14,35.3,0.25,0.71%,1.72,20.06,25.8,30.96,36.12,41.28,46.44,51.6,ShowDailyK_ChartFlow,FinMind_API_TaiwanStockPrice_7732,True,2026-09-25T07:02:21,2026-09-25T07:02:21,2026-09-25T07:02:21
7732,金興精密,2026-04-15,35.3,0.0,0.00%,1.72,20.06,25.8,30.96,36.12,41.28,46.44,51.6,ShowDailyK_ChartFlow,FinMind_API_TaiwanStockPrice_7732,True,2026-09-25T07:02:21,2026-09-25T07:02:21,2026-09-25T07:02:21
7732,金興精密,2026-04-16,35.0,-0.29999999999999716,-0.85%,1.72,19.89,25.8,30.96,36.12,41.28,46.44,51.6,ShowDailyK_ChartFlow,FinMind_API_TaiwanStockPrice_7732,True,2026-09-25T07:02:21,2026-09-25T07:02:21,2026-09-25T07:02:21
7732,金興精密,2026-04-17,35.0,0.0,0.00%,1.72,19.89,25.8,30.96,36.12,41.28,46.44,51.6,ShowDailyK_ChartFlow,FinMind_API_TaiwanStockPrice_7732,True,2026-09-25T07:02:21,2026-09-25T07:02:21,2026-09-25T07:02:21
7732,金興精密,2026-04-20,35.15,0.14999999999999858,0.43%,1.72,19.97,25.8,30.96,36.12,41.28,46.44,51.6,ShowDailyK_ChartFlow,FinMind_API_TaiwanStockPrice_7732,True,2026-09-25T07:02:21,2026-09-25T07:02:21,2026-09-25T07:02:21
7732,金興精密,2026-04-21,34.95,-0.19999999999999574,-0.57%,1.72,19.86,25.8,30.96,36.12,41.28,46.44,51.6,ShowDailyK_ChartFlow,FinMind_API_TaiwanStockPrice_7732,True,2026-09-25T07:02:21,2026-09-25T07:02:21,2026-09-25T07:02:21
7732,金興精密,2026-04-22,36.0,1.0499999999999972,3.00%,1.72,20.45,25.8,30.96,36.12,41.28,46.44,51.6,ShowDailyK_ChartFlow,FinMind_API_TaiwanStockPrice_7732,True,2026-09-25T07:02:21,2026-09-25T07:02:21,2026-09-25T07:02:21
7732,金興精密,2026-04-23,36.15,0.14999999999999858,0.42%,1.72,20.54,25.8,30.96,36.12,41.28,46.44,51.6,ShowDailyK_ChartFlow,FinMind_API_TaiwanStockPrice_7732,True,2026-09-25T07:02:21,2026-09-25T07:02:21,2026-09-25T07:02:21
7732,金興精密,2026-04-24,35.6,-0.5499999999999972,-1.52%,1.72,20.23,25.8,30.96,36.12,41.28,46.44,51.6,ShowDailyK_ChartFlow,FinMind_API_TaiwanStockPrice_7732,True,2026-09-25T07:02:21,2026-09-25T07:02:21,2026-09-25T07:02:21
7732,金興精密,2026-04-27,34.75,-0.8500000000000014,-2.39%,1.72,19.74,25.8,30.96,36.12,41.28,46.44,51.6,ShowDailyK_ChartFlow,FinMind_API_TaiwanStockPrice_7732,True,2026-09-25T07:02:21,2026-09-25T07:02:21,2026-09-25T07:02:21
7732,金興精密,2026-04-28,35.4,0.6499999999999986,1.87%,1.72,20.11,25.8,30.96,36.12,41.28,46.44,51.6,ShowDailyK_ChartFlow,FinMind_API_TaiwanStockPrice_7732,True,2026-09-25T07:02:21,2026-09-25T07:02:21,2026-09-25T07:02:21
7732,金興精密,2026-04-29,35.6,0.20000000000000284,0.56%,1.72,20.23,25.8,30.96,36.12,41.28,46.44,51.6,ShowDailyK_ChartFlow,FinMind_API_TaiwanStockPrice_7732,True,2026-09-25T07:02:21,2026-09-25T07:02:21,2026-09-25T07:02:21
7732,金興精密,2026-04-30,36.75,1.1499999999999986,3.23%,1.72,20.88,25.8,30.96,36.12,41.28,46.44,51.6,ShowDailyK_ChartFlow,FinMind_API_TaiwanStockPrice_7732,True,2026-09-25T07:02:21,2026-09-25T07:02:21,2026-09-25T07:02:21
7732,金興精密,2026-05-04,36.0,-0.75,-2.04%,1.72,20.45,25.8,30.96,36.12,41.28,46.44,51.6,ShowDailyK_ChartFlow,FinMind_API_TaiwanStockPrice_7732,True,2026-09-25T07:02:21,2026-09-25T07:02:21,2026-09-25T07:02:21
7732,金興精密,2026-05-05,35.7,-0.29999999999999716,-0.83%,1.72,20.28,25.8,30.96,36.12,41.28,46.44,51.6,ShowDailyK_ChartFlow,FinMind_API_TaiwanStockPrice_7732,True,2026-09-25T07:02:21,2026-09-25T07:02:21,2026-09-25T07:02:21
7732,金興精密,2026-05-06,35.85,0.14999999999999858,0.42%,1.72,20.37,25.8,30.96,36.12,41.28,46.44,51.6,ShowDailyK_ChartFlow,FinMind_API_TaiwanStockPrice_7732,True,2026-09-25T07:02:21,2026-09-25T07:02:21,2026-09-25T07:02:21
7732,金興精密,2026-05-07,35.9,0.04999999999999716,0.14%,1.72,20.4,25.8,30.96,36.12,41.28,46.44,51.6,ShowDailyK_ChartFlow,FinMind_API_TaiwanStockPrice_7732,True,2026-09-25T07:02:21,2026-09-25T07:02:21,2026-09-25T07:02:21
7732,金興精密,2026-05-08,35.85,-0.04999999999999716,-0.14%,1.72,20.37,25.8,30.96,36.12,41.28,46.44,51.6,ShowDailyK_ChartFlow,FinMind_API_TaiwanStockPrice_7732,True,2026-09-25T07:02:21,2026-09-25T07:02:21,2026-09-25T07:02:21
7732,金興精密,2026-05-11,35.8,-0.05000000000000426,-0.14%,1.72,20.34,25.8,30.96,36.12,41.28,46.44,51.6,ShowDailyK_ChartFlow,FinMind_API_TaiwanStockPrice_7732,True,2026-09-25T07:02:21,2026-09-25T07:02:21,2026-09-25T07:02:21
7732,金興精密,2026-05-12,34.9,-0.8999999999999986,-2.51%,1.72,19.83,25.8,30.96,36.12,41.28,46.44,51.6,ShowDailyK_ChartFlow,FinMind_API_TaiwanStockPrice_7732,True,2026-09-25T07:02:21,2026-09-25T07:02:21,2026-09-25T07:02:21
7732,金興精密,2026-05-13,35.6,0.7000000000000028,2.01%,1.72,20.58,25.8,30.96,36.12,41.28,46.44,51.6,ShowDailyK_ChartFlow,FinMind_API_TaiwanStockPrice_7732,True,2026-09-25T07:02:21,2026-09-25T07:02:21,2026-09-25T07:02:21
7732,金興精密,2026-05-14,35.35,-0.25,-0.70%,1.72,20.43,25.8,30.96,36.12,41.28,46.44,51.6,ShowDailyK_ChartFlow,FinMind_API_TaiwanStockPrice_7732,True,2026-09-25T07:02:21,2026-09-25T07:02:21,2026-09-25T07:02:21
7732,金興精密,2026-05-15,35.05,-0.30000000000000426,-0.85%,1.72,20.26,25.8,30.96,36.12,41.28,46.44,51.6,ShowDailyK_ChartFlow,FinMind_API_TaiwanStockPrice_7732,True,2026-09-25T07:02:21,2026-09-25T07:02:21,2026-09-25T07:02:21
7732,金興精密,2026-05-18,34.75,-0.29999999999999716,-0.86%,1.72,20.09,25.8,30.96,36.12,41.28,46.44,51.6,ShowDailyK_ChartFlow,FinMind_API_TaiwanStockPrice_7732,True,2026-09-25T07:02:21,2026-09-25T07:02:21,2026-09-25T07:02:21
7732,金興精密,2026-05-19,35.0,0.25,0.72%,1.72,20.23,25.8,30.96,36.12,41.28,46.44,51.6,ShowDailyK_ChartFlow,FinMind_API_TaiwanStockPrice_7732,True,2026-09-25T07:02:21,2026-09-25T07:02:21,2026-09-25T07:02:21
7732,金興精密,2026-05-20,34.5,-0.5,-1.43%,1.72,19.94,25.8,30.96,36.12,41.28,46.44,51.6,ShowDailyK_ChartFlow,FinMind_API_TaiwanStockPrice_7732,True,2026-09-25T07:02:21,2026-09-25T07:02:21,2026-09-25T07:02:21
7732,金興精密,2026-05-21,35.0,0.5,1.45%,1.72,20.23,25.8,30.96,36.12,41.28,46.44,51.6,ShowDailyK_ChartFlow,FinMind_API_TaiwanStockPrice_7732,True,2026-09-25T07:02:21,2026-09-25T07:02:21,2026-09-25T07:02:21
7732,金興精密,2026-05-22,35.2,0.20000000000000284,0.57%,1.72,20.35,25.8,30.96,36.12,41.28,46.44,51.6,ShowDailyK_ChartFlow,FinMind_API_TaiwanStockPrice_7732,True,2026-09-25T07:02:21,2026-09-25T07:02:21,2026-09-25T07:02:21
7732,金興精密,2026-05-25,35.5,0.29999999999999716,0.85%,1.72,20.52,25.8,30.96,36.12,41.28,46.44,51.6,ShowDailyK_ChartFlow,FinMind_API_TaiwanStockPrice_7732,True,2026-09-25T07:02:21,2026-09-25T07:02:21,2026-09-25T07:02:21
7732,金興精密,2026-05-26,35.5,0.0,0.00%,1.72,20.52,25.8,30.96,36.12,41.28,46.44,51.6,ShowDailyK_ChartFlow,FinMind_API_TaiwanStockPrice_7732,True,2026-09-25T07:02:21,2026-09-25T07:02:21,2026-09-25T07:02:21
7732,金興精密,2026-05-27,35.7,0.20000000000000284,0.56%,1.72,20.64,25.8,30.96,36.12,41.28,46.44,51.6,ShowDailyK_ChartFlow,FinMind_API_TaiwanStockPrice_7732,True,2026-09-25T07:02:21,2026-09-25T07:02:21,2026-09-25T07:02:21
7732,金興精密,2026-05-28,36.0,0.29999999999999716,0.84%,1.72,20.81,25.8,30.96,36.12,41.28,46.44,51.6,ShowDailyK_ChartFlow,FinMind_API_TaiwanStockPrice_7732,True,2026-09-25T07:02:21,2026-09-25T07:02:21,2026-09-25T07:02:21
7732,金興精密,2026-05-29,36.0,0.0,0.00%,1.72,20.81,25.8,30.96,36.12,41.28,46.44,51.6,ShowDailyK_ChartFlow,FinMind_API_TaiwanStockPrice_7732,True,2026-09-25T07:02:21,2026-09-25T07:02:21,2026-09-25T07:02:21
7732,金興精密,2026-06-01,36.05,0.04999999999999716,0.14%,1.72,20.84,25.8,30.96,36.12,41.28,46.44,51.6,ShowDailyK_ChartFlow,FinMind_API_TaiwanStockPrice_7732,True,2026-09-25T07:02:21,2026-09-25T07:02:21,2026-09-25T07:02:21
7732,金興精密,2026-06-02,36.1,0.05000000000000426,0.14%,1.72,20.87,25.8,30.96,36.12,41.28,46.44,51.6,ShowDailyK_ChartFlow,FinMind_API_TaiwanStockPrice_7732,True,2026-09-25T07:02:21,2026-09-25T07:02:21,2026-09-25T07:02:21
7732,金興精密,2026-06-03,36.15,0.04999999999999716,0.14%,1.72,20.9,25.8,30.96,36.12,41.28,46.44,51.6,ShowDailyK_ChartFlow,FinMind_API_TaiwanStockPrice_7732,True,2026-09-25T07:02:21,2026-09-25T07:02:21,2026-09-25T07:02:21
7732,金興精密,2026-06-04,36.25,0.10000000000000142,0.28%,1.72,20.95,25.8,30.96,36.12,41.28,46.44,51.6,ShowDailyK_ChartFlow,FinMind_API_TaiwanStockPrice_7732,True,2026-09-25T07:02:21,2026-09-25T07:02:21,2026-09-25T07:02:21
7732,金興精密,2026-06-05,36.25,0.0,0.00%,1.72,20.95,25.8,30.96,36.12,41.28,46.44,51.6,ShowDailyK_ChartFlow,FinMind_API_TaiwanStockPrice_7732,True,2026-09-25T07:02:21,2026-09-25T07:02:21,2026-09-25T07:02:21
7732,金興精密,2026-06-08,35.6,-0.6499999999999986,-1.79%,1.72,20.58,25.8,30.96,36.12,41.28,46.44,51.6,ShowDailyK_ChartFlow,FinMind_API_TaiwanStockPrice_7732,True,2026-09-25T07:02:21,2026-09-25T07:02:21,2026-09-25T07:02:21
7732,金興精密,2026-06-09,35.95,0.3500000000000014,0.98%,1.72,20.78,25.8,30.96,36.12,41.28,46.44,51.6,ShowDailyK_ChartFlow,FinMind_API_TaiwanStockPrice_7732,True,2026-09-25T07:02:21,2026-09-25T07:02:21,2026-09-25T07:02:21
7732,金興精密,2026-06-10,35.5,-0.45000000000000284,-1.25%,1.72,20.52,25.8,30.96,36.12,41.28,46.44,51.6,ShowDailyK_ChartFlow,FinMind_API_TaiwanStockPrice_7732,True,2026-09-25T07:02:21,2026-09-25T07:02:21,2026-09-25T07:02:21
7732,金興精密,2026-06-11,35.7,0.20000000000000284,0.56%,1.72,20.64,25.8,30.96,36.12,41.28,46.44,51.6,ShowDailyK_ChartFlow,FinMind_API_TaiwanStockPrice_7732,True,2026-09-25T07:02:21,2026-09-25T07:02:21,2026-09-25T07:02:21
7732,金興精密,2026-06-12,36.0,0.29999999999999716,0.84%,1.72,20.81,25.8,30.96,36.12,41.28,46.44,51.6,ShowDailyK_ChartFlow,FinMind_API_TaiwanStockPrice_7732,True,2026-09-25T07:02:21,2026-09-25T07:02:21,2026-09-25T07:02:21
7732,金興精密,2026-06-15,35.95,-0.04999999999999716,-0.14%,1.72,20.78,25.8,30.96,36.12,41.28,46.44,51.6,ShowDailyK_ChartFlow,FinMind_API_TaiwanStockPrice_7732,True,2026-09-25T07:02:21,2026-09-25T07:02:21,2026-09-25T07:02:21
7732,金興精密,2026-06-16,35.95,0.0,0.00%,1.72,20.78,25.8,30.96,36.12,41.28,46.44,51.6,ShowDailyK_ChartFlow,FinMind_API_TaiwanStockPrice_7732,True,2026-09-25T07:02:21,2026-09-25T07:02:21,2026-09-25T07:02:21
7732,金興精密,2026-06-17,0.0,-35.95,-100.00%,1.72,20.58,25.8,30.96,36.12,41.28,46.44,51.6,ShowDailyK_ChartFlow,FinMind_API_TaiwanStockPrice_7732,True,2026-09-25T07:02:21,2026-09-25T07:02:21,2026-09-25T07:02:21
7732,金興精密,2026-06-18,36.0,36.0,,1.72,20.81,25.8,30.96,36.12,41.28,46.44,51.6,ShowDailyK_ChartFlow,FinMind_API_TaiwanStockPrice_7732,True,2026-09-25T07:02:21,2026-09-25T07:02:21,2026-09-25T07:02:21
7732,金興精密,2026-06-22,36.0,0.0,0.00%,1.72,20.81,25.8,30.96,36.12,41.28,46.44,51.6,ShowDailyK_ChartFlow,FinMind_API_TaiwanStockPrice_7732,True,2026-09-25T07:02:21,2026-09-25T07:02:21,2026-09-25T07:02:21
7732,金興精密,2026-06-23,35.7,-0.29999999999999716,-0.83%,1.72,20.64,25.8,30.96,36.12,41.28,46.44,51.6,ShowDailyK_ChartFlow,FinMind_API_TaiwanStockPrice_7732,True,2026-09-25T07:02:21,2026-09-25T07:02:21,2026-09-25T07:02:21
7732,金興精密,2026-06-24,36.0,0.29999999999999716,0.84%,1.72,20.81,25.8,30.96,36.12,41.28,46.44,51.6,ShowDailyK_ChartFlow,FinMind_API_TaiwanStockPrice_7732,True,2026-09-25T07:02:21,2026-09-25T07:02:21,2026-09-25T07:02:21
7732,金興精密,2026-06-25,0.0,-36.0,-100.00%,1.72,20.69,25.8,30.96,36.12,41.28,46.44,51.6,ShowDailyK_ChartFlow,FinMind_API_TaiwanStockPrice_7732,True,2026-09-25T07:02:21,2026-09-25T07:02:21,2026-09-25T07:02:21
7732,金興精密,2026-06-26,35.75,35.75,,1.72,20.66,25.8,30.96,36.12,41.28,46.44,51.6,ShowDailyK_ChartFlow,FinMind_API_TaiwanStockPrice_7732,True,2026-09-25T07:02:21,2026-09-25T07:02:21,2026-09-25T07:02:21
7732,金興精密,2026-06-29,35.8,0.04999999999999716,0.14%,1.72,20.69,25.8,30.96,36.12,41.28,46.44,51.6,ShowDailyK_ChartFlow,FinMind_API_TaiwanStockPrice_7732,True,2026-09-25T07:02:21,2026-09-25T07:02:21,2026-09-25T07:02:21
7732,金興精密,2026-06-30,0.0,-35.8,-100.00%,1.88,20.52,28.2,33.84,39.48,45.12,50.76,56.4,ShowDailyK_ChartFlow,FinMind_API_TaiwanStockPrice_7732,True,2026-09-25T07:02:21,2026-09-25T07:02:21,2026-09-25T07:02:21
7732,金興精密,2026-07-01,35.6,35.6,,1.88,20.58,28.2,33.84,39.48,45.12,50.76,56.4,ShowDailyK_ChartFlow,FinMind_API_TaiwanStockPrice_7732,True,2026-09-25T07:02:21,2026-09-25T07:02:21,2026-09-25T07:02:21
7732,金興精密,2026-07-02,36.1,0.5,1.40%,1.88,20.87,28.2,33.84,39.48,45.12,50.76,56.4,ShowDailyK_ChartFlow,FinMind_API_TaiwanStockPrice_7732,True,2026-09-25T07:02:21,2026-09-25T07:02:21,2026-09-25T07:02:21
7732,金興精密,2026-07-03,35.65,-0.45000000000000284,-1.25%,1.88,20.61,28.2,33.84,39.48,45.12,50.76,56.4,ShowDailyK_ChartFlow,FinMind_API_TaiwanStockPrice_7732,True,2026-09-25T07:02:21,2026-09-25T07:02:21,2026-09-25T07:02:21
7732,金興精密,2026-07-06,35.45,-0.19999999999999574,-0.56%,1.88,20.49,28.2,33.84,39.48,45.12,50.76,56.4,ShowDailyK_ChartFlow,FinMind_API_TaiwanStockPrice_7732,True,2026-09-25T07:02:21,2026-09-25T07:02:21,2026-09-25T07:02:21
7732,金興精密,2026-07-07,35.75,0.29999999999999716,0.85%,1.88,20.66,28.2,33.84,39.48,45.12,50.76,56.4,ShowDailyK_ChartFlow,FinMind_API_TaiwanStockPrice_7732,True,2026-09-25T07:02:21,2026-09-25T07:02:21,2026-09-25T07:02:21
7732,金興精密,2026-07-08,35.55,-0.20000000000000284,-0.56%,1.88,20.55,28.2,33.84,39.48,45.12,50.76,56.4,ShowDailyK_ChartFlow,FinMind_API_TaiwanStockPrice_7732,True,2026-09-25T07:02:21,2026-09-25T07:02:21,2026-09-25T07:02:21
7732,金興精密,2026-07-09,35.7,0.15000000000000568,0.42%,1.88,20.64,28.2,33.84,39.48,45.12,50.76,56.4,ShowDailyK_ChartFlow,FinMind_API_TaiwanStockPrice_7732,True,2026-09-25T07:02:21,2026-09-25T07:02:21,2026-09-25T07:02:21
7732,金興精密,2026-07-13,35.75,0.04999999999999716,0.14%,1.88,20.66,28.2,33.84,39.48,45.12,50.76,56.4,ShowDailyK_ChartFlow,FinMind_API_TaiwanStockPrice_7732,True,2026-09-25T07:02:21,2026-09-25T07:02:21,2026-09-25T07:02:21
7732,金興精密,2026-07-14,35.75,0.0,0.00%,1.88,20.66,28.2,33.84,39.48,45.12,50.76,56.4,ShowDailyK_ChartFlow,FinMind_API_TaiwanStockPrice_7732,True,2026-09-25T07:02:21,2026-09-25T07:02:21,2026-09-25T07:02:21
7732,金興精密,2026-07-15,35.75,0.0,0.00%,1.88,20.66,28.2,33.84,39.48,45.12,50.76,56.4,ShowDailyK_ChartFlow,FinMind_API_TaiwanStockPrice_7732,True,2026-09-25T07:02:21,2026-09-25T07:02:21,2026-09-25T07:02:21
7732,金興精密,2026-07-16,35.65,-0.10000000000000142,-0.28%,1.88,20.61,28.2,33.84,39.48,45.12,50.76,56.4,ShowDailyK_ChartFlow,FinMind_API_TaiwanStockPrice_7732,True,2026-09-25T07:02:21,2026-09-25T07:02:21,2026-09-25T07:02:21
7732,金興精密,2026-07-17,35.65,0.0,0.00%,1.88,20.61,28.2,33.84,39.48,45.12,50.76,56.4,ShowDailyK_ChartFlow,FinMind_API_TaiwanStockPrice_7732,True,2026-09-25T07:02:21,2026-09-25T07:02:21,2026-09-25T07:02:21
7732,金興精密,2026-07-20,35.75,0.10000000000000142,0.28%,1.88,20.66,28.2,33.84,39.48,45.12,50.76,56.4,ShowDailyK_ChartFlow,FinMind_API_TaiwanStockPrice_7732,True,2026-09-25T07:02:21,2026-09-25T07:02:21,2026-09-25T07:02:21
7732,金興精密,2026-07-21,36.0,0.25,0.70%,1.88,20.81,28.2,33.84,39.48,45.12,50.76,56.4,ShowDailyK_ChartFlow,FinMind_API_TaiwanStockPrice_7732,True,2026-09-25T07:02:21,2026-09-25T07:02:21,2026-09-25T07:02:21
7732,金興精密,2026-07-22,35.8,-0.20000000000000284,-0.56%,1.88,20.69,28.2,33.84,39.48,45.12,50.76,56.4,ShowDailyK_ChartFlow,FinMind_API_TaiwanStockPrice_7732,True,2026-09-25T07:02:21,2026-09-25T07:02:21,2026-09-25T07:02:21
7732,金興精密,2026-07-23,35.75,-0.04999999999999716,-0.14%,1.88,20.66,28.2,33.84,39.48,45.12,50.76,56.4,ShowDailyK_ChartFlow,FinMind_API_TaiwanStockPrice_7732,True,2026-09-25T07:02:21,2026-09-25T07:02:21,2026-09-25T07:02:21
7732,金興精密,2026-07-24,35.8,0.04999999999999716,0.14%,1.88,20.69,28.2,33.84,39.48,45.12,50.76,56.4,ShowDailyK_ChartFlow,FinMind_API_TaiwanStockPrice_7732,True,2026-09-25T07:02:21,2026-09-25T07:02:21,2026-09-25T07:02:21
7732,金興精密,2026-07-27,36.0,0.20000000000000284,0.56%,1.88,20.81,28.2,33.84,39.48,45.12,50.76,56.4,ShowDailyK_ChartFlow,FinMind_API_TaiwanStockPrice_7732,True,2026-09-25T07:02:21,2026-09-25T07:02:21,2026-09-25T07:02:21
7732,金興精密,2026-07-28,34.95,-1.0499999999999972,-2.92%,1.88,20.2,28.2,33.84,39.48,45.12,50.76,56.4,ShowDailyK_ChartFlow,FinMind_API_TaiwanStockPrice_7732,True,2026-09-25T07:02:21,2026-09-25T07:02:21,2026-09-25T07:02:21
7732,金興精密,2026-07-29,34.95,0.0,0.00%,1.88,20.2,28.2,33.84,39.48,45.12,50.76,56.4,ShowDailyK_ChartFlow,FinMind_API_TaiwanStockPrice_7732,True,2026-09-25T07:02:21,2026-09-25T07:02:21,2026-09-25T07:02:21
7732,金興精密,2026-07-30,34.55,-0.4000000000000057,-1.14%,1.88,19.97,28.2,33.84,39.48,45.12,50.76,56.4,ShowDailyK_ChartFlow,FinMind_API_TaiwanStockPrice_7732,True,2026-09-25T07:02:21,2026-09-25T07:02:21,2026-09-25T07:02:21
7732,金興精密,2026-07-31,35.65,1.1000000000000014,3.18%,1.88,20.61,28.2,33.84,39.48,45.12,50.76,56.4,ShowDailyK_ChartFlow,FinMind_API_TaiwanStockPrice_7732,True,2026-09-25T07:02:21,2026-09-25T07:02:21,2026-09-25T07:02:21
7732,金興精密,2026-08-03,35.55,-0.10000000000000142,-0.28%,1.88,20.55,28.2,33.84,39.48,45.12,50.76,56.4,ShowDailyK_ChartFlow,FinMind_API_TaiwanStockPrice_7732,True,2026-09-25T07:02:21,2026-09-25T07:02:21,2026-09-25T07:02:21
7732,金興精密,2026-08-04,35.6,0.05000000000000426,0.14%,1.88,20.58,28.2,33.84,39.48,45.12,50.76,56.4,ShowDailyK_ChartFlow,FinMind_API_TaiwanStockPrice_7732,True,2026-09-25T07:02:21,2026-09-25T07:02:21,2026-09-25T07:02:21
7732,金興精密,2026-08-05,35.65,0.04999999999999716,0.14%,1.88,20.61,28.2,33.84,39.48,45.12,50.76,56.4,ShowDailyK_ChartFlow,FinMind_API_TaiwanStockPrice_7732,True,2026-09-25T07:02:21,2026-09-25T07:02:21,2026-09-25T07:02:21
7732,金興精密,2026-08-06,35.6,-0.04999999999999716,-0.14%,1.88,20.58,28.2,33.84,39.48,45.12,50.76,56.4,ShowDailyK_ChartFlow,FinMind_API_TaiwanStockPrice_7732,True,2026-09-25T07:02:21,2026-09-25T07:02:21,2026-09-25T07:02:21
7732,金興精密,2026-08-07,35.35,-0.25,-0.70%,1.88,20.43,28.2,33.84,39.48,45.12,50.76,56.4,ShowDailyK_ChartFlow,FinMind_API_TaiwanStockPrice_7732,True,2026-09-25T07:02:21,2026-09-25T07:02:21,2026-09-25T07:02:21
7732,金興精密,2026-08-10,36.1,0.75,2.12%,1.88,20.87,28.2,33.84,39.48,45.12,50.76,56.4,ShowDailyK_ChartFlow,FinMind_API_TaiwanStockPrice_7732,True,2026-09-25T07:02:21,2026-09-25T07:02:21,2026-09-25T07:02:21
7732,金興精密,2026-08-11,34.7,-1.3999999999999986,-3.88%,1.88,20.06,28.2,33.84,39.48,45.12,50.76,56.4,ShowDailyK_ChartFlow,FinMind_API_TaiwanStockPrice_7732,True,2026-09-25T07:02:21,2026-09-25T07:02:21,2026-09-25T07:02:21
7732,金興精密,2026-08-12,35.1,0.3999999999999986,1.15%,1.88,20.29,28.2,33.84,39.48,45.12,50.76,56.4,ShowDailyK_ChartFlow,FinMind_API_TaiwanStockPrice_7732,True,2026-09-25T07:02:21,2026-09-25T07:02:21,2026-09-25T07:02:21
7732,金興精密,2026-08-13,33.8,-1.3000000000000043,-3.70%,1.88,19.54,28.2,33.84,39.48,45.12,50.76,56.4,ShowDailyK_ChartFlow,FinMind_API_TaiwanStockPrice_7732,True,2026-09-25T07:02:21,2026-09-25T07:02:21,2026-09-25T07:02:21
7732,金興精密,2026-08-14,34.5,0.7000000000000028,2.07%,1.88,18.16,28.2,33.84,39.48,45.12,50.76,56.4,ShowDailyK_ChartFlow,FinMind_API_TaiwanStockPrice_7732,True,2026-09-25T07:02:21,2026-09-25T07:02:21,2026-09-25T07:02:21
7732,金興精密,2026-08-17,34.35,-0.14999999999999858,-0.43%,1.88,18.08,28.2,33.84,39.48,45.12,50.76,56.4,ShowDailyK_ChartFlow,FinMind_API_TaiwanStockPrice_7732,True,2026-09-25T07:02:21,2026-09-25T07:02:21,2026-09-25T07:02:21
7732,金興精密,2026-08-18,33.5,-0.8500000000000014,-2.47%,1.88,17.63,28.2,33.84,39.48,45.12,50.76,56.4,ShowDailyK_ChartFlow,FinMind_API_TaiwanStockPrice_7732,True,2026-09-25T07:02:21,2026-09-25T07:02:21,2026-09-25T07:02:21
7732,金興精密,2026-08-19,34.3,0.7999999999999972,2.39%,1.88,18.05,28.2,33.84,39.48,45.12,50.76,56.4,ShowDailyK_ChartFlow,FinMind_API_TaiwanStockPrice_7732,True,2026-09-25T07:02:21,2026-09-25T07:02:21,2026-09-25T07:02:21
7732,金興精密,2026-08-20,34.3,0.0,0.00%,1.88,18.05,28.2,33.84,39.48,45.12,50.76,56.4,ShowDailyK_ChartFlow,FinMind_API_TaiwanStockPrice_7732,True,2026-09-25T07:02:21,2026-09-25T07:02:21,2026-09-25T07:02:21
7732,金興精密,2026-08-21,34.8,0.5,1.46%,1.88,18.32,28.2,33.84,39.48,45.12,50.76,56.4,ShowDailyK_ChartFlow,FinMind_API_TaiwanStockPrice_7732,True,2026-09-25T07:02:21,2026-09-25T07:02:21,2026-09-25T07:02:21
7732,金興精密,2026-08-24,34.7,-0.09999999999999432,-0.29%,1.88,18.26,28.2,33.84,39.48,45.12,50.76,56.4,ShowDailyK_ChartFlow,FinMind_API_TaiwanStockPrice_7732,True,2026-09-25T07:02:21,2026-09-25T07:02:21,2026-09-25T07:02:21
7732,金興精密,2026-08-25,34.55,-0.15000000000000568,-0.43%,1.88,18.18,28.2,33.84,39.48,45.12,50.76,56.4,ShowDailyK_ChartFlow,FinMind_API_TaiwanStockPrice_7732,True,2026-09-25T07:02:21,2026-09-25T07:02:21,2026-09-25T07:02:21
7732,金興精密,2026-08-26,34.8,0.25,0.72%,1.88,18.32,28.2,33.84,39.48,45.12,50.76,56.4,ShowDailyK_ChartFlow,FinMind_API_TaiwanStockPrice_7732,True,2026-09-25T07:02:21,2026-09-25T07:02:21,2026-09-25T07:02:21
7732,金興精密,2026-08-27,34.7,-0.09999999999999432,-0.29%,1.88,18.26,28.2,33.84,39.48,45.12,50.76,56.4,ShowDailyK_ChartFlow,FinMind_API_TaiwanStockPrice_7732,True,2026-09-25T07:02:21,2026-09-25T07:02:21,2026-09-25T07:02:21
7732,金興精密,2026-08-28,34.7,0.0,0.00%,1.88,18.26,28.2,33.84,39.48,45.12,50.76,56.4,ShowDailyK_ChartFlow,FinMind_API_TaiwanStockPrice_7732,True,2026-09-25T07:02:21,2026-09-25T07:02:21,2026-09-25T07:02:21
7732,金興精密,2026-08-31,34.75,0.04999999999999716,0.14%,1.88,18.29,28.2,33.84,39.48,45.12,50.76,56.4,ShowDailyK_ChartFlow,FinMind_API_TaiwanStockPrice_7732,True,2026-09-25T07:02:21,2026-09-25T07:02:21,2026-09-25T07:02:21
7732,金興精密,2026-09-01,34.1,-0.6499999999999986,-1.87%,1.88,17.95,28.2,33.84,39.48,45.12,50.76,56.4,ShowDailyK_ChartFlow,FinMind_API_TaiwanStockPrice_7732,True,2026-09-25T07:02:21,2026-09-25T07:02:21,2026-09-25T07:02:21
7732,金興精密,2026-09-02,33.8,-0.30000000000000426,-0.88%,1.88,17.79,28.2,33.84,39.48,45.12,50.76,56.4,ShowDailyK_ChartFlow,FinMind_API_TaiwanStockPrice_7732,True,2026-09-25T07:02:21,2026-09-25T07:02:21,2026-09-25T07:02:21
7732,金興精密,2026-09-03,33.5,-0.29999999999999716,-0.89%,1.88,17.63,28.2,33.84,39.48,45.12,50.76,56.4,ShowDailyK_ChartFlow,FinMind_API_TaiwanStockPrice_7732,True,2026-09-25T07:02:21,2026-09-25T07:02:21,2026-09-25T07:02:21
7732,金興精密,2026-09-04,33.55,0.04999999999999716,0.15%,1.88,17.66,28.2,33.84,39.48,45.12,50.76,56.4,ShowDailyK_ChartFlow,FinMind_API_TaiwanStockPrice_7732,True,2026-09-25T07:02:21,2026-09-25T07:02:21,2026-09-25T07:02:21
7732,金興精密,2026-09-07,34.85,1.3000000000000043,3.87%,1.88,18.34,28.2,33.84,39.48,45.12,50.76,56.4,ShowDailyK_ChartFlow,FinMind_API_TaiwanStockPrice_7732,True,2026-09-25T07:02:21,2026-09-25T07:02:21,2026-09-25T07:02:21
7732,金興精密,2026-09-08,34.5,-0.3500000000000014,-1.00%,1.88,18.16,28.2,33.84,39.48,45.12,50.76,56.4,ShowDailyK_ChartFlow,FinMind_API_TaiwanStockPrice_7732,True,2026-09-25T07:02:21,2026-09-25T07:02:21,2026-09-25T07:02:21
7732,金興精密,2026-09-09,34.7,0.20000000000000284,0.58%,1.88,18.26,28.2,33.84,39.48,45.12,50.76,56.4,ShowDailyK_ChartFlow,FinMind_API_TaiwanStockPrice_7732,True,2026-09-25T07:02:21,2026-09-25T07:02:21,2026-09-25T07:02:21
7732,金興精密,2026-09-10,34.15,-0.5500000000000043,-1.59%,1.88,17.97,28.2,33.84,39.48,45.12,50.76,56.4,ShowDailyK_ChartFlow,FinMind_API_TaiwanStockPrice_7732,True,2026-09-25T07:02:21,2026-09-25T07:02:21,2026-09-25T07:02:21
7732,金興精密,2026-09-11,33.5,-0.6499999999999986,-1.90%,1.88,17.63,28.2,33.84,39.48,45.12,50.76,56.4,ShowDailyK_ChartFlow,FinMind_API_TaiwanStockPrice_7732,True,2026-09-25T07:02:21,2026-09-25T07:02:21,2026-09-25T07:02:21
7732,金興精密,2026-09-14,34.15,0.6499999999999986,1.94%,1.88,17.97,28.2,33.84,39.48,45.12,50.76,56.4,ShowDailyK_ChartFlow,FinMind_API_TaiwanStockPrice_7732,True,2026-09-25T07:02:21,2026-09-25T07:02:21,2026-09-25T07:02:21
7732,金興精密,2026-09-15,33.8,-0.3500000000000014,-1.02%,1.88,17.79,28.2,33.84,39.48,45.12,50.76,56.4,ShowDailyK_ChartFlow,FinMind_API_TaiwanStockPrice_7732,True,2026-09-25T07:02:21,2026-09-25T07:02:21,2026-09-25T07:02:21
7732,金興精密,2026-09-16,0.0,-33.8,-100.00%,1.88,17.79,28.2,33.84,39.48,45.12,50.76,56.4,ShowDailyK_ChartFlow,FinMind_API_TaiwanStockPrice_7732,True,2026-09-25T07:02:21,2026-09-25T07:02:21,2026-09-25T07:02:21
7732,金興精密,2026-09-17,34.1,34.1,,1.88,17.95,28.2,33.84,39.48,45.12,50.76,56.4,ShowDailyK_ChartFlow,FinMind_API_TaiwanStockPrice_7732,True,2026-09-25T07:02:21,2026-09-25T07:02:21,2026-09-25T07:02:21
7732,金興精密,2026-09-18,34.45,0.3500000000000014,1.03%,1.88,18.13,28.2,33.84,39.48,45.12,50.76,56.4,ShowDailyK_ChartFlow,FinMind_API_TaiwanStockPrice_7732,True,2026-09-25T07:02:21,2026-09-25T07:02:21,2026-09-25T07:02:21
7732,金興精密,2026-09-21,34.45,0.0,0.00%,1.88,18.13,28.2,33.84,39.48,45.12,50.76,56.4,ShowDailyK_ChartFlow,FinMind_API_TaiwanStockPrice_7732,True,2026-09-25T07:02:21,2026-09-25T07:02:21,2026-09-25T07:02:21
7732,金興精密,2026-09-22,34.3,-0.15000000000000568,-0.44%,1.88,18.05,28.2,33.84,39.48,45.12,50.76,56.4,ShowDailyK_ChartFlow,FinMind_API_TaiwanStockPrice_7732,True,2026-09-25T07:02:21,2026-09-25T07:02:21,2026-09-25T07:02:21
7732,金興精密,2026-09-23,0.0,-34.3,-100.00%,1.88,17.95,28.2,33.84,39.48,45.12,50.76,56.4,ShowDailyK_ChartFlow,FinMind_API_TaiwanStockPrice_7732,True,2026-09-25T07:02:21,2026-09-25T07:02:21,2026-09-25T07:02:21
7732,金興精密,2026-09-24,33.5,33.5,,1.88,17.63,28.2,33.84,39.48,45.12,50.76,56.4,ShowDailyK_ChartFlow,FinMind_API_TaiwanStockPrice_7732,True,2026-09-25T07:02:21,2026-09-25T07:02:21,2026-09-25T07:02:21
