stock_code,company_name,交易_日期,收盤價_元,漲跌價_元,漲跌幅_pct,河流圖_eps_元,目前_per_倍,本益比試算價格_15x_元,本益比試算價格_18x_元,本益比試算價格_21x_元,本益比試算價格_24x_元,本益比試算價格_27x_元,本益比試算價格_30x_元,file_type,source_file,download_success,download_timestamp,process_timestamp,stage1_process_timestamp
2451,創見,2021-01-04,66.0,,,,,,,,,,,ShowDailyK_ChartFlow,FinMind_API_TaiwanStockPrice_2451,True,2026-09-24T07:04:11,2026-09-24T07:04:11,2026-09-24T07:04:11
2451,創見,2021-01-05,65.3,-0.7000000000000028,-1.06%,,,,,,,,,ShowDailyK_ChartFlow,FinMind_API_TaiwanStockPrice_2451,True,2026-09-24T07:04:11,2026-09-24T07:04:11,2026-09-24T07:04:11
2451,創見,2021-01-06,64.4,-0.8999999999999915,-1.38%,,,,,,,,,ShowDailyK_ChartFlow,FinMind_API_TaiwanStockPrice_2451,True,2026-09-24T07:04:11,2026-09-24T07:04:11,2026-09-24T07:04:11
2451,創見,2021-01-07,64.7,0.29999999999999716,0.47%,,,,,,,,,ShowDailyK_ChartFlow,FinMind_API_TaiwanStockPrice_2451,True,2026-09-24T07:04:11,2026-09-24T07:04:11,2026-09-24T07:04:11
2451,創見,2021-01-08,64.3,-0.4000000000000057,-0.62%,,,,,,,,,ShowDailyK_ChartFlow,FinMind_API_TaiwanStockPrice_2451,True,2026-09-24T07:04:11,2026-09-24T07:04:11,2026-09-24T07:04:11
2451,創見,2021-01-11,64.3,0.0,0.00%,,,,,,,,,ShowDailyK_ChartFlow,FinMind_API_TaiwanStockPrice_2451,True,2026-09-24T07:04:11,2026-09-24T07:04:11,2026-09-24T07:04:11
2451,創見,2021-01-12,64.0,-0.29999999999999716,-0.47%,,,,,,,,,ShowDailyK_ChartFlow,FinMind_API_TaiwanStockPrice_2451,True,2026-09-24T07:04:11,2026-09-24T07:04:11,2026-09-24T07:04:11
2451,創見,2021-01-13,63.9,-0.10000000000000142,-0.16%,,,,,,,,,ShowDailyK_ChartFlow,FinMind_API_TaiwanStockPrice_2451,True,2026-09-24T07:04:11,2026-09-24T07:04:11,2026-09-24T07:04:11
2451,創見,2021-01-14,64.1,0.19999999999999574,0.31%,,,,,,,,,ShowDailyK_ChartFlow,FinMind_API_TaiwanStockPrice_2451,True,2026-09-24T07:04:11,2026-09-24T07:04:11,2026-09-24T07:04:11
2451,創見,2021-01-15,63.7,-0.3999999999999915,-0.62%,,,,,,,,,ShowDailyK_ChartFlow,FinMind_API_TaiwanStockPrice_2451,True,2026-09-24T07:04:11,2026-09-24T07:04:11,2026-09-24T07:04:11
2451,創見,2021-01-18,63.3,-0.4000000000000057,-0.63%,,,,,,,,,ShowDailyK_ChartFlow,FinMind_API_TaiwanStockPrice_2451,True,2026-09-24T07:04:11,2026-09-24T07:04:11,2026-09-24T07:04:11
2451,創見,2021-01-19,63.6,0.30000000000000426,0.47%,,,,,,,,,ShowDailyK_ChartFlow,FinMind_API_TaiwanStockPrice_2451,True,2026-09-24T07:04:11,2026-09-24T07:04:11,2026-09-24T07:04:11
2451,創見,2021-01-20,62.8,-0.8000000000000043,-1.26%,,,,,,,,,ShowDailyK_ChartFlow,FinMind_API_TaiwanStockPrice_2451,True,2026-09-24T07:04:11,2026-09-24T07:04:11,2026-09-24T07:04:11
2451,創見,2021-01-21,62.4,-0.3999999999999986,-0.64%,,,,,,,,,ShowDailyK_ChartFlow,FinMind_API_TaiwanStockPrice_2451,True,2026-09-24T07:04:11,2026-09-24T07:04:11,2026-09-24T07:04:11
2451,創見,2021-01-22,62.0,-0.3999999999999986,-0.64%,,,,,,,,,ShowDailyK_ChartFlow,FinMind_API_TaiwanStockPrice_2451,True,2026-09-24T07:04:11,2026-09-24T07:04:11,2026-09-24T07:04:11
2451,創見,2021-01-25,62.8,0.7999999999999972,1.29%,,,,,,,,,ShowDailyK_ChartFlow,FinMind_API_TaiwanStockPrice_2451,True,2026-09-24T07:04:11,2026-09-24T07:04:11,2026-09-24T07:04:11
2451,創見,2021-01-26,62.2,-0.5999999999999943,-0.96%,,,,,,,,,ShowDailyK_ChartFlow,FinMind_API_TaiwanStockPrice_2451,True,2026-09-24T07:04:11,2026-09-24T07:04:11,2026-09-24T07:04:11
2451,創見,2021-01-27,62.1,-0.10000000000000142,-0.16%,,,,,,,,,ShowDailyK_ChartFlow,FinMind_API_TaiwanStockPrice_2451,True,2026-09-24T07:04:11,2026-09-24T07:04:11,2026-09-24T07:04:11
2451,創見,2021-01-28,61.7,-0.3999999999999986,-0.64%,,,,,,,,,ShowDailyK_ChartFlow,FinMind_API_TaiwanStockPrice_2451,True,2026-09-24T07:04:11,2026-09-24T07:04:11,2026-09-24T07:04:11
2451,創見,2021-01-29,61.6,-0.10000000000000142,-0.16%,,,,,,,,,ShowDailyK_ChartFlow,FinMind_API_TaiwanStockPrice_2451,True,2026-09-24T07:04:11,2026-09-24T07:04:11,2026-09-24T07:04:11
2451,創見,2021-02-01,61.6,0.0,0.00%,,,,,,,,,ShowDailyK_ChartFlow,FinMind_API_TaiwanStockPrice_2451,True,2026-09-24T07:04:11,2026-09-24T07:04:11,2026-09-24T07:04:11
2451,創見,2021-02-02,61.9,0.29999999999999716,0.49%,,,,,,,,,ShowDailyK_ChartFlow,FinMind_API_TaiwanStockPrice_2451,True,2026-09-24T07:04:11,2026-09-24T07:04:11,2026-09-24T07:04:11
2451,創見,2021-02-03,61.6,-0.29999999999999716,-0.48%,,,,,,,,,ShowDailyK_ChartFlow,FinMind_API_TaiwanStockPrice_2451,True,2026-09-24T07:04:11,2026-09-24T07:04:11,2026-09-24T07:04:11
2451,創見,2021-02-04,61.6,0.0,0.00%,,,,,,,,,ShowDailyK_ChartFlow,FinMind_API_TaiwanStockPrice_2451,True,2026-09-24T07:04:11,2026-09-24T07:04:11,2026-09-24T07:04:11
2451,創見,2021-02-05,62.4,0.7999999999999972,1.30%,,,,,,,,,ShowDailyK_ChartFlow,FinMind_API_TaiwanStockPrice_2451,True,2026-09-24T07:04:11,2026-09-24T07:04:11,2026-09-24T07:04:11
2451,創見,2021-02-17,63.5,1.1000000000000014,1.76%,,,,,,,,,ShowDailyK_ChartFlow,FinMind_API_TaiwanStockPrice_2451,True,2026-09-24T07:04:11,2026-09-24T07:04:11,2026-09-24T07:04:11
2451,創見,2021-02-18,64.5,1.0,1.57%,,,,,,,,,ShowDailyK_ChartFlow,FinMind_API_TaiwanStockPrice_2451,True,2026-09-24T07:04:11,2026-09-24T07:04:11,2026-09-24T07:04:11
2451,創見,2021-02-19,64.9,0.4000000000000057,0.62%,,,,,,,,,ShowDailyK_ChartFlow,FinMind_API_TaiwanStockPrice_2451,True,2026-09-24T07:04:11,2026-09-24T07:04:11,2026-09-24T07:04:11
2451,創見,2021-02-22,65.5,0.5999999999999943,0.92%,,,,,,,,,ShowDailyK_ChartFlow,FinMind_API_TaiwanStockPrice_2451,True,2026-09-24T07:04:11,2026-09-24T07:04:11,2026-09-24T07:04:11
2451,創見,2021-02-23,65.5,0.0,0.00%,,,,,,,,,ShowDailyK_ChartFlow,FinMind_API_TaiwanStockPrice_2451,True,2026-09-24T07:04:11,2026-09-24T07:04:11,2026-09-24T07:04:11
2451,創見,2021-02-24,65.4,-0.09999999999999432,-0.15%,,,,,,,,,ShowDailyK_ChartFlow,FinMind_API_TaiwanStockPrice_2451,True,2026-09-24T07:04:11,2026-09-24T07:04:11,2026-09-24T07:04:11
2451,創見,2021-02-25,65.7,0.29999999999999716,0.46%,,,,,,,,,ShowDailyK_ChartFlow,FinMind_API_TaiwanStockPrice_2451,True,2026-09-24T07:04:11,2026-09-24T07:04:11,2026-09-24T07:04:11
2451,創見,2021-02-26,65.4,-0.29999999999999716,-0.46%,,,,,,,,,ShowDailyK_ChartFlow,FinMind_API_TaiwanStockPrice_2451,True,2026-09-24T07:04:11,2026-09-24T07:04:11,2026-09-24T07:04:11
2451,創見,2021-03-02,66.4,1.0,1.53%,,,,,,,,,ShowDailyK_ChartFlow,FinMind_API_TaiwanStockPrice_2451,True,2026-09-24T07:04:11,2026-09-24T07:04:11,2026-09-24T07:04:11
2451,創見,2021-03-03,66.6,0.19999999999998863,0.30%,,,,,,,,,ShowDailyK_ChartFlow,FinMind_API_TaiwanStockPrice_2451,True,2026-09-24T07:04:11,2026-09-24T07:04:11,2026-09-24T07:04:11
2451,創見,2021-03-04,65.6,-1.0,-1.50%,,,,,,,,,ShowDailyK_ChartFlow,FinMind_API_TaiwanStockPrice_2451,True,2026-09-24T07:04:11,2026-09-24T07:04:11,2026-09-24T07:04:11
2451,創見,2021-03-05,65.2,-0.3999999999999915,-0.61%,,,,,,,,,ShowDailyK_ChartFlow,FinMind_API_TaiwanStockPrice_2451,True,2026-09-24T07:04:11,2026-09-24T07:04:11,2026-09-24T07:04:11
2451,創見,2021-03-08,65.0,-0.20000000000000284,-0.31%,,,,,,,,,ShowDailyK_ChartFlow,FinMind_API_TaiwanStockPrice_2451,True,2026-09-24T07:04:11,2026-09-24T07:04:11,2026-09-24T07:04:11
2451,創見,2021-03-09,64.8,-0.20000000000000284,-0.31%,,,,,,,,,ShowDailyK_ChartFlow,FinMind_API_TaiwanStockPrice_2451,True,2026-09-24T07:04:11,2026-09-24T07:04:11,2026-09-24T07:04:11
2451,創見,2021-03-10,64.5,-0.29999999999999716,-0.46%,,,,,,,,,ShowDailyK_ChartFlow,FinMind_API_TaiwanStockPrice_2451,True,2026-09-24T07:04:11,2026-09-24T07:04:11,2026-09-24T07:04:11
2451,創見,2021-03-11,65.2,0.7000000000000028,1.09%,,,,,,,,,ShowDailyK_ChartFlow,FinMind_API_TaiwanStockPrice_2451,True,2026-09-24T07:04:11,2026-09-24T07:04:11,2026-09-24T07:04:11
2451,創見,2021-03-12,65.3,0.09999999999999432,0.15%,,,,,,,,,ShowDailyK_ChartFlow,FinMind_API_TaiwanStockPrice_2451,True,2026-09-24T07:04:11,2026-09-24T07:04:11,2026-09-24T07:04:11
2451,創見,2021-03-15,64.8,-0.5,-0.77%,,,,,,,,,ShowDailyK_ChartFlow,FinMind_API_TaiwanStockPrice_2451,True,2026-09-24T07:04:11,2026-09-24T07:04:11,2026-09-24T07:04:11
2451,創見,2021-03-16,65.3,0.5,0.77%,,,,,,,,,ShowDailyK_ChartFlow,FinMind_API_TaiwanStockPrice_2451,True,2026-09-24T07:04:11,2026-09-24T07:04:11,2026-09-24T07:04:11
2451,創見,2021-03-17,64.4,-0.8999999999999915,-1.38%,,,,,,,,,ShowDailyK_ChartFlow,FinMind_API_TaiwanStockPrice_2451,True,2026-09-24T07:04:11,2026-09-24T07:04:11,2026-09-24T07:04:11
2451,創見,2021-03-18,64.9,0.5,0.78%,,,,,,,,,ShowDailyK_ChartFlow,FinMind_API_TaiwanStockPrice_2451,True,2026-09-24T07:04:11,2026-09-24T07:04:11,2026-09-24T07:04:11
2451,創見,2021-03-19,65.7,0.7999999999999972,1.23%,,,,,,,,,ShowDailyK_ChartFlow,FinMind_API_TaiwanStockPrice_2451,True,2026-09-24T07:04:11,2026-09-24T07:04:11,2026-09-24T07:04:11
2451,創見,2021-03-22,64.0,-1.7000000000000028,-2.59%,,,,,,,,,ShowDailyK_ChartFlow,FinMind_API_TaiwanStockPrice_2451,True,2026-09-24T07:04:11,2026-09-24T07:04:11,2026-09-24T07:04:11
2451,創見,2021-03-23,63.7,-0.29999999999999716,-0.47%,,,,,,,,,ShowDailyK_ChartFlow,FinMind_API_TaiwanStockPrice_2451,True,2026-09-24T07:04:11,2026-09-24T07:04:11,2026-09-24T07:04:11
2451,創見,2021-03-24,63.6,-0.10000000000000142,-0.16%,,,,,,,,,ShowDailyK_ChartFlow,FinMind_API_TaiwanStockPrice_2451,True,2026-09-24T07:04:11,2026-09-24T07:04:11,2026-09-24T07:04:11
2451,創見,2021-03-25,63.8,0.19999999999999574,0.31%,,,,,,,,,ShowDailyK_ChartFlow,FinMind_API_TaiwanStockPrice_2451,True,2026-09-24T07:04:11,2026-09-24T07:04:11,2026-09-24T07:04:11
2451,創見,2021-03-26,64.6,0.7999999999999972,1.25%,,,,,,,,,ShowDailyK_ChartFlow,FinMind_API_TaiwanStockPrice_2451,True,2026-09-24T07:04:11,2026-09-24T07:04:11,2026-09-24T07:04:11
2451,創見,2021-03-29,65.2,0.6000000000000085,0.93%,,,,,,,,,ShowDailyK_ChartFlow,FinMind_API_TaiwanStockPrice_2451,True,2026-09-24T07:04:11,2026-09-24T07:04:11,2026-09-24T07:04:11
2451,創見,2021-03-30,65.3,0.09999999999999432,0.15%,,,,,,,,,ShowDailyK_ChartFlow,FinMind_API_TaiwanStockPrice_2451,True,2026-09-24T07:04:11,2026-09-24T07:04:11,2026-09-24T07:04:11
2451,創見,2021-03-31,65.3,0.0,0.00%,,,,,,,,,ShowDailyK_ChartFlow,FinMind_API_TaiwanStockPrice_2451,True,2026-09-24T07:04:11,2026-09-24T07:04:11,2026-09-24T07:04:11
2451,創見,2021-04-01,65.4,0.10000000000000853,0.15%,,,,,,,,,ShowDailyK_ChartFlow,FinMind_API_TaiwanStockPrice_2451,True,2026-09-24T07:04:11,2026-09-24T07:04:11,2026-09-24T07:04:11
2451,創見,2021-04-06,66.4,1.0,1.53%,,,,,,,,,ShowDailyK_ChartFlow,FinMind_API_TaiwanStockPrice_2451,True,2026-09-24T07:04:11,2026-09-24T07:04:11,2026-09-24T07:04:11
2451,創見,2021-04-07,66.4,0.0,0.00%,,,,,,,,,ShowDailyK_ChartFlow,FinMind_API_TaiwanStockPrice_2451,True,2026-09-24T07:04:11,2026-09-24T07:04:11,2026-09-24T07:04:11
2451,創見,2021-04-08,69.9,3.5,5.27%,,,,,,,,,ShowDailyK_ChartFlow,FinMind_API_TaiwanStockPrice_2451,True,2026-09-24T07:04:11,2026-09-24T07:04:11,2026-09-24T07:04:11
2451,創見,2021-04-09,70.2,0.29999999999999716,0.43%,,,,,,,,,ShowDailyK_ChartFlow,FinMind_API_TaiwanStockPrice_2451,True,2026-09-24T07:04:11,2026-09-24T07:04:11,2026-09-24T07:04:11
2451,創見,2021-04-12,71.4,1.2000000000000028,1.71%,,,,,,,,,ShowDailyK_ChartFlow,FinMind_API_TaiwanStockPrice_2451,True,2026-09-24T07:04:11,2026-09-24T07:04:11,2026-09-24T07:04:11
2451,創見,2021-04-13,71.4,0.0,0.00%,,,,,,,,,ShowDailyK_ChartFlow,FinMind_API_TaiwanStockPrice_2451,True,2026-09-24T07:04:11,2026-09-24T07:04:11,2026-09-24T07:04:11
2451,創見,2021-04-14,71.0,-0.4000000000000057,-0.56%,,,,,,,,,ShowDailyK_ChartFlow,FinMind_API_TaiwanStockPrice_2451,True,2026-09-24T07:04:11,2026-09-24T07:04:11,2026-09-24T07:04:11
2451,創見,2021-04-15,71.0,0.0,0.00%,,,,,,,,,ShowDailyK_ChartFlow,FinMind_API_TaiwanStockPrice_2451,True,2026-09-24T07:04:11,2026-09-24T07:04:11,2026-09-24T07:04:11
2451,創見,2021-04-16,71.1,0.09999999999999432,0.14%,,,,,,,,,ShowDailyK_ChartFlow,FinMind_API_TaiwanStockPrice_2451,True,2026-09-24T07:04:11,2026-09-24T07:04:11,2026-09-24T07:04:11
2451,創見,2021-04-19,75.6,4.5,6.33%,,,,,,,,,ShowDailyK_ChartFlow,FinMind_API_TaiwanStockPrice_2451,True,2026-09-24T07:04:11,2026-09-24T07:04:11,2026-09-24T07:04:11
2451,創見,2021-04-20,76.6,1.0,1.32%,,,,,,,,,ShowDailyK_ChartFlow,FinMind_API_TaiwanStockPrice_2451,True,2026-09-24T07:04:11,2026-09-24T07:04:11,2026-09-24T07:04:11
2451,創見,2021-04-21,80.4,3.8000000000000114,4.96%,,,,,,,,,ShowDailyK_ChartFlow,FinMind_API_TaiwanStockPrice_2451,True,2026-09-24T07:04:11,2026-09-24T07:04:11,2026-09-24T07:04:11
2451,創見,2021-04-22,78.8,-1.6000000000000085,-1.99%,,,,,,,,,ShowDailyK_ChartFlow,FinMind_API_TaiwanStockPrice_2451,True,2026-09-24T07:04:11,2026-09-24T07:04:11,2026-09-24T07:04:11
2451,創見,2021-04-23,84.3,5.5,6.98%,,,,,,,,,ShowDailyK_ChartFlow,FinMind_API_TaiwanStockPrice_2451,True,2026-09-24T07:04:11,2026-09-24T07:04:11,2026-09-24T07:04:11
2451,創見,2021-04-26,86.1,1.7999999999999972,2.14%,,,,,,,,,ShowDailyK_ChartFlow,FinMind_API_TaiwanStockPrice_2451,True,2026-09-24T07:04:11,2026-09-24T07:04:11,2026-09-24T07:04:11
2451,創見,2021-04-27,80.6,-5.5,-6.39%,,,,,,,,,ShowDailyK_ChartFlow,FinMind_API_TaiwanStockPrice_2451,True,2026-09-24T07:04:11,2026-09-24T07:04:11,2026-09-24T07:04:11
2451,創見,2021-04-28,78.8,-1.7999999999999972,-2.23%,,,,,,,,,ShowDailyK_ChartFlow,FinMind_API_TaiwanStockPrice_2451,True,2026-09-24T07:04:11,2026-09-24T07:04:11,2026-09-24T07:04:11
2451,創見,2021-04-29,80.5,1.7000000000000028,2.16%,,,,,,,,,ShowDailyK_ChartFlow,FinMind_API_TaiwanStockPrice_2451,True,2026-09-24T07:04:11,2026-09-24T07:04:11,2026-09-24T07:04:11
2451,創見,2021-05-03,79.2,-1.2999999999999972,-1.61%,,,,,,,,,ShowDailyK_ChartFlow,FinMind_API_TaiwanStockPrice_2451,True,2026-09-24T07:04:11,2026-09-24T07:04:11,2026-09-24T07:04:11
2451,創見,2021-05-04,75.5,-3.700000000000003,-4.67%,,,,,,,,,ShowDailyK_ChartFlow,FinMind_API_TaiwanStockPrice_2451,True,2026-09-24T07:04:11,2026-09-24T07:04:11,2026-09-24T07:04:11
2451,創見,2021-05-05,74.1,-1.4000000000000057,-1.85%,,,,,,,,,ShowDailyK_ChartFlow,FinMind_API_TaiwanStockPrice_2451,True,2026-09-24T07:04:11,2026-09-24T07:04:11,2026-09-24T07:04:11
2451,創見,2021-05-06,72.9,-1.1999999999999886,-1.62%,,,,,,,,,ShowDailyK_ChartFlow,FinMind_API_TaiwanStockPrice_2451,True,2026-09-24T07:04:11,2026-09-24T07:04:11,2026-09-24T07:04:11
2451,創見,2021-05-07,76.3,3.3999999999999915,4.66%,,,,,,,,,ShowDailyK_ChartFlow,FinMind_API_TaiwanStockPrice_2451,True,2026-09-24T07:04:11,2026-09-24T07:04:11,2026-09-24T07:04:11
2451,創見,2021-05-10,77.0,0.7000000000000028,0.92%,,,,,,,,,ShowDailyK_ChartFlow,FinMind_API_TaiwanStockPrice_2451,True,2026-09-24T07:04:11,2026-09-24T07:04:11,2026-09-24T07:04:11
2451,創見,2021-05-11,71.5,-5.5,-7.14%,,,,,,,,,ShowDailyK_ChartFlow,FinMind_API_TaiwanStockPrice_2451,True,2026-09-24T07:04:11,2026-09-24T07:04:11,2026-09-24T07:04:11
2451,創見,2021-05-12,69.1,-2.4000000000000057,-3.36%,,,,,,,,,ShowDailyK_ChartFlow,FinMind_API_TaiwanStockPrice_2451,True,2026-09-24T07:04:11,2026-09-24T07:04:11,2026-09-24T07:04:11
2451,創見,2021-05-13,68.5,-0.5999999999999943,-0.87%,,,,,,,,,ShowDailyK_ChartFlow,FinMind_API_TaiwanStockPrice_2451,True,2026-09-24T07:04:11,2026-09-24T07:04:11,2026-09-24T07:04:11
2451,創見,2021-05-14,69.4,0.9000000000000057,1.31%,,,,,,,,,ShowDailyK_ChartFlow,FinMind_API_TaiwanStockPrice_2451,True,2026-09-24T07:04:11,2026-09-24T07:04:11,2026-09-24T07:04:11
2451,創見,2021-05-17,66.5,-2.9000000000000057,-4.18%,,,,,,,,,ShowDailyK_ChartFlow,FinMind_API_TaiwanStockPrice_2451,True,2026-09-24T07:04:11,2026-09-24T07:04:11,2026-09-24T07:04:11
2451,創見,2021-05-18,69.3,2.799999999999997,4.21%,,,,,,,,,ShowDailyK_ChartFlow,FinMind_API_TaiwanStockPrice_2451,True,2026-09-24T07:04:11,2026-09-24T07:04:11,2026-09-24T07:04:11
2451,創見,2021-05-19,69.4,0.10000000000000853,0.14%,,,,,,,,,ShowDailyK_ChartFlow,FinMind_API_TaiwanStockPrice_2451,True,2026-09-24T07:04:11,2026-09-24T07:04:11,2026-09-24T07:04:11
2451,創見,2021-05-20,68.6,-0.8000000000000114,-1.15%,,,,,,,,,ShowDailyK_ChartFlow,FinMind_API_TaiwanStockPrice_2451,True,2026-09-24T07:04:11,2026-09-24T07:04:11,2026-09-24T07:04:11
2451,創見,2021-05-21,69.5,0.9000000000000057,1.31%,,,,,,,,,ShowDailyK_ChartFlow,FinMind_API_TaiwanStockPrice_2451,True,2026-09-24T07:04:11,2026-09-24T07:04:11,2026-09-24T07:04:11
2451,創見,2021-05-24,69.8,0.29999999999999716,0.43%,,,,,,,,,ShowDailyK_ChartFlow,FinMind_API_TaiwanStockPrice_2451,True,2026-09-24T07:04:11,2026-09-24T07:04:11,2026-09-24T07:04:11
2451,創見,2021-05-25,72.2,2.4000000000000057,3.44%,,,,,,,,,ShowDailyK_ChartFlow,FinMind_API_TaiwanStockPrice_2451,True,2026-09-24T07:04:11,2026-09-24T07:04:11,2026-09-24T07:04:11
2451,創見,2021-05-26,71.1,-1.1000000000000085,-1.52%,,,,,,,,,ShowDailyK_ChartFlow,FinMind_API_TaiwanStockPrice_2451,True,2026-09-24T07:04:11,2026-09-24T07:04:11,2026-09-24T07:04:11
2451,創見,2021-05-27,70.2,-0.8999999999999915,-1.27%,,,,,,,,,ShowDailyK_ChartFlow,FinMind_API_TaiwanStockPrice_2451,True,2026-09-24T07:04:11,2026-09-24T07:04:11,2026-09-24T07:04:11
2451,創見,2021-05-28,71.2,1.0,1.42%,,,,,,,,,ShowDailyK_ChartFlow,FinMind_API_TaiwanStockPrice_2451,True,2026-09-24T07:04:11,2026-09-24T07:04:11,2026-09-24T07:04:11
2451,創見,2021-05-31,70.9,-0.29999999999999716,-0.42%,,,,,,,,,ShowDailyK_ChartFlow,FinMind_API_TaiwanStockPrice_2451,True,2026-09-24T07:04:11,2026-09-24T07:04:11,2026-09-24T07:04:11
2451,創見,2021-06-01,73.3,2.3999999999999915,3.39%,,,,,,,,,ShowDailyK_ChartFlow,FinMind_API_TaiwanStockPrice_2451,True,2026-09-24T07:04:11,2026-09-24T07:04:11,2026-09-24T07:04:11
2451,創見,2021-06-02,72.2,-1.0999999999999943,-1.50%,,,,,,,,,ShowDailyK_ChartFlow,FinMind_API_TaiwanStockPrice_2451,True,2026-09-24T07:04:11,2026-09-24T07:04:11,2026-09-24T07:04:11
2451,創見,2021-06-03,72.8,0.5999999999999943,0.83%,,,,,,,,,ShowDailyK_ChartFlow,FinMind_API_TaiwanStockPrice_2451,True,2026-09-24T07:04:11,2026-09-24T07:04:11,2026-09-24T07:04:11
2451,創見,2021-06-04,73.3,0.5,0.69%,,,,,,,,,ShowDailyK_ChartFlow,FinMind_API_TaiwanStockPrice_2451,True,2026-09-24T07:04:11,2026-09-24T07:04:11,2026-09-24T07:04:11
2451,創見,2021-06-07,72.2,-1.0999999999999943,-1.50%,,,,,,,,,ShowDailyK_ChartFlow,FinMind_API_TaiwanStockPrice_2451,True,2026-09-24T07:04:11,2026-09-24T07:04:11,2026-09-24T07:04:11
2451,創見,2021-06-08,71.9,-0.29999999999999716,-0.42%,,,,,,,,,ShowDailyK_ChartFlow,FinMind_API_TaiwanStockPrice_2451,True,2026-09-24T07:04:11,2026-09-24T07:04:11,2026-09-24T07:04:11
2451,創見,2021-06-09,71.7,-0.20000000000000284,-0.28%,,,,,,,,,ShowDailyK_ChartFlow,FinMind_API_TaiwanStockPrice_2451,True,2026-09-24T07:04:11,2026-09-24T07:04:11,2026-09-24T07:04:11
2451,創見,2021-06-10,72.5,0.7999999999999972,1.12%,,,,,,,,,ShowDailyK_ChartFlow,FinMind_API_TaiwanStockPrice_2451,True,2026-09-24T07:04:11,2026-09-24T07:04:11,2026-09-24T07:04:11
2451,創見,2021-06-11,72.3,-0.20000000000000284,-0.28%,,,,,,,,,ShowDailyK_ChartFlow,FinMind_API_TaiwanStockPrice_2451,True,2026-09-24T07:04:11,2026-09-24T07:04:11,2026-09-24T07:04:11
2451,創見,2021-06-15,73.7,1.4000000000000057,1.94%,,,,,,,,,ShowDailyK_ChartFlow,FinMind_API_TaiwanStockPrice_2451,True,2026-09-24T07:04:11,2026-09-24T07:04:11,2026-09-24T07:04:11
2451,創見,2021-06-16,72.6,-1.1000000000000085,-1.49%,,,,,,,,,ShowDailyK_ChartFlow,FinMind_API_TaiwanStockPrice_2451,True,2026-09-24T07:04:11,2026-09-24T07:04:11,2026-09-24T07:04:11
2451,創見,2021-06-17,72.8,0.20000000000000284,0.28%,,,,,,,,,ShowDailyK_ChartFlow,FinMind_API_TaiwanStockPrice_2451,True,2026-09-24T07:04:11,2026-09-24T07:04:11,2026-09-24T07:04:11
2451,創見,2021-06-18,72.0,-0.7999999999999972,-1.10%,,,,,,,,,ShowDailyK_ChartFlow,FinMind_API_TaiwanStockPrice_2451,True,2026-09-24T07:04:11,2026-09-24T07:04:11,2026-09-24T07:04:11
2451,創見,2021-06-21,70.9,-1.0999999999999943,-1.53%,,,,,,,,,ShowDailyK_ChartFlow,FinMind_API_TaiwanStockPrice_2451,True,2026-09-24T07:04:11,2026-09-24T07:04:11,2026-09-24T07:04:11
2451,創見,2021-06-22,71.2,0.29999999999999716,0.42%,,,,,,,,,ShowDailyK_ChartFlow,FinMind_API_TaiwanStockPrice_2451,True,2026-09-24T07:04:11,2026-09-24T07:04:11,2026-09-24T07:04:11
2451,創見,2021-06-23,72.2,1.0,1.40%,,,,,,,,,ShowDailyK_ChartFlow,FinMind_API_TaiwanStockPrice_2451,True,2026-09-24T07:04:11,2026-09-24T07:04:11,2026-09-24T07:04:11
2451,創見,2021-06-24,73.6,1.3999999999999915,1.94%,,,,,,,,,ShowDailyK_ChartFlow,FinMind_API_TaiwanStockPrice_2451,True,2026-09-24T07:04:11,2026-09-24T07:04:11,2026-09-24T07:04:11
2451,創見,2021-06-25,73.2,-0.3999999999999915,-0.54%,,,,,,,,,ShowDailyK_ChartFlow,FinMind_API_TaiwanStockPrice_2451,True,2026-09-24T07:04:11,2026-09-24T07:04:11,2026-09-24T07:04:11
2451,創見,2021-06-28,77.9,4.700000000000003,6.42%,,,,,,,,,ShowDailyK_ChartFlow,FinMind_API_TaiwanStockPrice_2451,True,2026-09-24T07:04:11,2026-09-24T07:04:11,2026-09-24T07:04:11
2451,創見,2021-06-29,73.6,-4.300000000000011,-5.52%,,,,,,,,,ShowDailyK_ChartFlow,FinMind_API_TaiwanStockPrice_2451,True,2026-09-24T07:04:11,2026-09-24T07:04:11,2026-09-24T07:04:11
2451,創見,2021-06-30,73.9,0.30000000000001137,0.41%,,,,,,,,,ShowDailyK_ChartFlow,FinMind_API_TaiwanStockPrice_2451,True,2026-09-24T07:04:11,2026-09-24T07:04:11,2026-09-24T07:04:11
2451,創見,2021-07-01,72.7,-1.2000000000000028,-1.62%,,,,,,,,,ShowDailyK_ChartFlow,FinMind_API_TaiwanStockPrice_2451,True,2026-09-24T07:04:11,2026-09-24T07:04:11,2026-09-24T07:04:11
2451,創見,2021-07-02,73.3,0.5999999999999943,0.83%,,,,,,,,,ShowDailyK_ChartFlow,FinMind_API_TaiwanStockPrice_2451,True,2026-09-24T07:04:11,2026-09-24T07:04:11,2026-09-24T07:04:11
2451,創見,2021-07-05,72.6,-0.7000000000000028,-0.95%,,,,,,,,,ShowDailyK_ChartFlow,FinMind_API_TaiwanStockPrice_2451,True,2026-09-24T07:04:11,2026-09-24T07:04:11,2026-09-24T07:04:11
2451,創見,2021-07-06,71.8,-0.7999999999999972,-1.10%,,,,,,,,,ShowDailyK_ChartFlow,FinMind_API_TaiwanStockPrice_2451,True,2026-09-24T07:04:11,2026-09-24T07:04:11,2026-09-24T07:04:11
2451,創見,2021-07-07,71.5,-0.29999999999999716,-0.42%,,,,,,,,,ShowDailyK_ChartFlow,FinMind_API_TaiwanStockPrice_2451,True,2026-09-24T07:04:11,2026-09-24T07:04:11,2026-09-24T07:04:11
2451,創見,2021-07-08,71.8,0.29999999999999716,0.42%,,,,,,,,,ShowDailyK_ChartFlow,FinMind_API_TaiwanStockPrice_2451,True,2026-09-24T07:04:11,2026-09-24T07:04:11,2026-09-24T07:04:11
2451,創見,2021-07-09,72.4,0.6000000000000085,0.84%,,,,,,,,,ShowDailyK_ChartFlow,FinMind_API_TaiwanStockPrice_2451,True,2026-09-24T07:04:11,2026-09-24T07:04:11,2026-09-24T07:04:11
2451,創見,2021-07-12,72.3,-0.10000000000000853,-0.14%,,,,,,,,,ShowDailyK_ChartFlow,FinMind_API_TaiwanStockPrice_2451,True,2026-09-24T07:04:11,2026-09-24T07:04:11,2026-09-24T07:04:11
2451,創見,2021-07-13,72.1,-0.20000000000000284,-0.28%,,,,,,,,,ShowDailyK_ChartFlow,FinMind_API_TaiwanStockPrice_2451,True,2026-09-24T07:04:11,2026-09-24T07:04:11,2026-09-24T07:04:11
2451,創見,2021-07-14,72.0,-0.09999999999999432,-0.14%,,,,,,,,,ShowDailyK_ChartFlow,FinMind_API_TaiwanStockPrice_2451,True,2026-09-24T07:04:11,2026-09-24T07:04:11,2026-09-24T07:04:11
2451,創見,2021-07-15,72.2,0.20000000000000284,0.28%,,,,,,,,,ShowDailyK_ChartFlow,FinMind_API_TaiwanStockPrice_2451,True,2026-09-24T07:04:11,2026-09-24T07:04:11,2026-09-24T07:04:11
2451,創見,2021-07-16,72.6,0.3999999999999915,0.55%,,,,,,,,,ShowDailyK_ChartFlow,FinMind_API_TaiwanStockPrice_2451,True,2026-09-24T07:04:11,2026-09-24T07:04:11,2026-09-24T07:04:11
2451,創見,2021-07-19,71.8,-0.7999999999999972,-1.10%,,,,,,,,,ShowDailyK_ChartFlow,FinMind_API_TaiwanStockPrice_2451,True,2026-09-24T07:04:11,2026-09-24T07:04:11,2026-09-24T07:04:11
2451,創見,2021-07-20,71.3,-0.5,-0.70%,,,,,,,,,ShowDailyK_ChartFlow,FinMind_API_TaiwanStockPrice_2451,True,2026-09-24T07:04:11,2026-09-24T07:04:11,2026-09-24T07:04:11
2451,創見,2021-07-21,70.7,-0.5999999999999943,-0.84%,,,,,,,,,ShowDailyK_ChartFlow,FinMind_API_TaiwanStockPrice_2451,True,2026-09-24T07:04:11,2026-09-24T07:04:11,2026-09-24T07:04:11
2451,創見,2021-07-22,71.1,0.3999999999999915,0.57%,,,,,,,,,ShowDailyK_ChartFlow,FinMind_API_TaiwanStockPrice_2451,True,2026-09-24T07:04:11,2026-09-24T07:04:11,2026-09-24T07:04:11
2451,創見,2021-07-23,70.8,-0.29999999999999716,-0.42%,,,,,,,,,ShowDailyK_ChartFlow,FinMind_API_TaiwanStockPrice_2451,True,2026-09-24T07:04:11,2026-09-24T07:04:11,2026-09-24T07:04:11
2451,創見,2021-07-26,70.9,0.10000000000000853,0.14%,,,,,,,,,ShowDailyK_ChartFlow,FinMind_API_TaiwanStockPrice_2451,True,2026-09-24T07:04:11,2026-09-24T07:04:11,2026-09-24T07:04:11
2451,創見,2021-07-27,70.9,0.0,0.00%,,,,,,,,,ShowDailyK_ChartFlow,FinMind_API_TaiwanStockPrice_2451,True,2026-09-24T07:04:11,2026-09-24T07:04:11,2026-09-24T07:04:11
2451,創見,2021-07-28,69.8,-1.1000000000000085,-1.55%,,,,,,,,,ShowDailyK_ChartFlow,FinMind_API_TaiwanStockPrice_2451,True,2026-09-24T07:04:11,2026-09-24T07:04:11,2026-09-24T07:04:11
2451,創見,2021-07-29,70.3,0.5,0.72%,,,,,,,,,ShowDailyK_ChartFlow,FinMind_API_TaiwanStockPrice_2451,True,2026-09-24T07:04:11,2026-09-24T07:04:11,2026-09-24T07:04:11
2451,創見,2021-07-30,70.0,-0.29999999999999716,-0.43%,,,,,,,,,ShowDailyK_ChartFlow,FinMind_API_TaiwanStockPrice_2451,True,2026-09-24T07:04:11,2026-09-24T07:04:11,2026-09-24T07:04:11
2451,創見,2021-08-02,70.7,0.7000000000000028,1.00%,,,,,,,,,ShowDailyK_ChartFlow,FinMind_API_TaiwanStockPrice_2451,True,2026-09-24T07:04:11,2026-09-24T07:04:11,2026-09-24T07:04:11
2451,創見,2021-08-03,70.8,0.09999999999999432,0.14%,,,,,,,,,ShowDailyK_ChartFlow,FinMind_API_TaiwanStockPrice_2451,True,2026-09-24T07:04:11,2026-09-24T07:04:11,2026-09-24T07:04:11
2451,創見,2021-08-04,73.1,2.299999999999997,3.25%,,,,,,,,,ShowDailyK_ChartFlow,FinMind_API_TaiwanStockPrice_2451,True,2026-09-24T07:04:11,2026-09-24T07:04:11,2026-09-24T07:04:11
2451,創見,2021-08-05,72.5,-0.5999999999999943,-0.82%,,,,,,,,,ShowDailyK_ChartFlow,FinMind_API_TaiwanStockPrice_2451,True,2026-09-24T07:04:11,2026-09-24T07:04:11,2026-09-24T07:04:11
2451,創見,2021-08-06,74.9,2.4000000000000057,3.31%,,,,,,,,,ShowDailyK_ChartFlow,FinMind_API_TaiwanStockPrice_2451,True,2026-09-24T07:04:11,2026-09-24T07:04:11,2026-09-24T07:04:11
2451,創見,2021-08-09,73.2,-1.7000000000000028,-2.27%,,,,,,,,,ShowDailyK_ChartFlow,FinMind_API_TaiwanStockPrice_2451,True,2026-09-24T07:04:11,2026-09-24T07:04:11,2026-09-24T07:04:11
2451,創見,2021-08-10,74.7,1.5,2.05%,,,,,,,,,ShowDailyK_ChartFlow,FinMind_API_TaiwanStockPrice_2451,True,2026-09-24T07:04:11,2026-09-24T07:04:11,2026-09-24T07:04:11
2451,創見,2021-08-11,72.8,-1.9000000000000057,-2.54%,,,,,,,,,ShowDailyK_ChartFlow,FinMind_API_TaiwanStockPrice_2451,True,2026-09-24T07:04:11,2026-09-24T07:04:11,2026-09-24T07:04:11
2451,創見,2021-08-12,71.2,-1.5999999999999943,-2.20%,,,,,,,,,ShowDailyK_ChartFlow,FinMind_API_TaiwanStockPrice_2451,True,2026-09-24T07:04:11,2026-09-24T07:04:11,2026-09-24T07:04:11
2451,創見,2021-08-13,68.0,-3.200000000000003,-4.49%,,,,,,,,,ShowDailyK_ChartFlow,FinMind_API_TaiwanStockPrice_2451,True,2026-09-24T07:04:11,2026-09-24T07:04:11,2026-09-24T07:04:11
2451,創見,2021-08-16,67.2,-0.7999999999999972,-1.18%,,,,,,,,,ShowDailyK_ChartFlow,FinMind_API_TaiwanStockPrice_2451,True,2026-09-24T07:04:11,2026-09-24T07:04:11,2026-09-24T07:04:11
2451,創見,2021-08-17,67.6,0.3999999999999915,0.60%,,,,,,,,,ShowDailyK_ChartFlow,FinMind_API_TaiwanStockPrice_2451,True,2026-09-24T07:04:11,2026-09-24T07:04:11,2026-09-24T07:04:11
2451,創見,2021-08-18,68.2,0.6000000000000085,0.89%,,,,,,,,,ShowDailyK_ChartFlow,FinMind_API_TaiwanStockPrice_2451,True,2026-09-24T07:04:11,2026-09-24T07:04:11,2026-09-24T07:04:11
2451,創見,2021-08-19,67.1,-1.1000000000000085,-1.61%,,,,,,,,,ShowDailyK_ChartFlow,FinMind_API_TaiwanStockPrice_2451,True,2026-09-24T07:04:11,2026-09-24T07:04:11,2026-09-24T07:04:11
2451,創見,2021-08-20,66.7,-0.3999999999999915,-0.60%,,,,,,,,,ShowDailyK_ChartFlow,FinMind_API_TaiwanStockPrice_2451,True,2026-09-24T07:04:11,2026-09-24T07:04:11,2026-09-24T07:04:11
2451,創見,2021-08-23,68.0,1.2999999999999972,1.95%,,,,,,,,,ShowDailyK_ChartFlow,FinMind_API_TaiwanStockPrice_2451,True,2026-09-24T07:04:11,2026-09-24T07:04:11,2026-09-24T07:04:11
2451,創見,2021-08-24,68.2,0.20000000000000284,0.29%,,,,,,,,,ShowDailyK_ChartFlow,FinMind_API_TaiwanStockPrice_2451,True,2026-09-24T07:04:11,2026-09-24T07:04:11,2026-09-24T07:04:11
2451,創見,2021-08-25,68.7,0.5,0.73%,,,,,,,,,ShowDailyK_ChartFlow,FinMind_API_TaiwanStockPrice_2451,True,2026-09-24T07:04:11,2026-09-24T07:04:11,2026-09-24T07:04:11
2451,創見,2021-08-26,69.0,0.29999999999999716,0.44%,,,,,,,,,ShowDailyK_ChartFlow,FinMind_API_TaiwanStockPrice_2451,True,2026-09-24T07:04:11,2026-09-24T07:04:11,2026-09-24T07:04:11
2451,創見,2021-08-27,69.4,0.4000000000000057,0.58%,,,,,,,,,ShowDailyK_ChartFlow,FinMind_API_TaiwanStockPrice_2451,True,2026-09-24T07:04:11,2026-09-24T07:04:11,2026-09-24T07:04:11
2451,創見,2021-08-30,69.7,0.29999999999999716,0.43%,,,,,,,,,ShowDailyK_ChartFlow,FinMind_API_TaiwanStockPrice_2451,True,2026-09-24T07:04:11,2026-09-24T07:04:11,2026-09-24T07:04:11
2451,創見,2021-08-31,69.4,-0.29999999999999716,-0.43%,,,,,,,,,ShowDailyK_ChartFlow,FinMind_API_TaiwanStockPrice_2451,True,2026-09-24T07:04:11,2026-09-24T07:04:11,2026-09-24T07:04:11
2451,創見,2021-09-01,70.8,1.3999999999999915,2.02%,,,,,,,,,ShowDailyK_ChartFlow,FinMind_API_TaiwanStockPrice_2451,True,2026-09-24T07:04:11,2026-09-24T07:04:11,2026-09-24T07:04:11
2451,創見,2021-09-02,69.8,-1.0,-1.41%,,,,,,,,,ShowDailyK_ChartFlow,FinMind_API_TaiwanStockPrice_2451,True,2026-09-24T07:04:11,2026-09-24T07:04:11,2026-09-24T07:04:11
2451,創見,2021-09-03,69.8,0.0,0.00%,,,,,,,,,ShowDailyK_ChartFlow,FinMind_API_TaiwanStockPrice_2451,True,2026-09-24T07:04:11,2026-09-24T07:04:11,2026-09-24T07:04:11
2451,創見,2021-09-06,69.2,-0.5999999999999943,-0.86%,,,,,,,,,ShowDailyK_ChartFlow,FinMind_API_TaiwanStockPrice_2451,True,2026-09-24T07:04:11,2026-09-24T07:04:11,2026-09-24T07:04:11
2451,創見,2021-09-07,68.8,-0.4000000000000057,-0.58%,,,,,,,,,ShowDailyK_ChartFlow,FinMind_API_TaiwanStockPrice_2451,True,2026-09-24T07:04:11,2026-09-24T07:04:11,2026-09-24T07:04:11
2451,創見,2021-09-08,67.7,-1.0999999999999943,-1.60%,,,,,,,,,ShowDailyK_ChartFlow,FinMind_API_TaiwanStockPrice_2451,True,2026-09-24T07:04:11,2026-09-24T07:04:11,2026-09-24T07:04:11
2451,創見,2021-09-09,67.6,-0.10000000000000853,-0.15%,,,,,,,,,ShowDailyK_ChartFlow,FinMind_API_TaiwanStockPrice_2451,True,2026-09-24T07:04:11,2026-09-24T07:04:11,2026-09-24T07:04:11
2451,創見,2021-09-10,68.6,1.0,1.48%,,,,,,,,,ShowDailyK_ChartFlow,FinMind_API_TaiwanStockPrice_2451,True,2026-09-24T07:04:11,2026-09-24T07:04:11,2026-09-24T07:04:11
2451,創見,2021-09-13,67.9,-0.6999999999999886,-1.02%,,,,,,,,,ShowDailyK_ChartFlow,FinMind_API_TaiwanStockPrice_2451,True,2026-09-24T07:04:11,2026-09-24T07:04:11,2026-09-24T07:04:11
2451,創見,2021-09-14,67.9,0.0,0.00%,,,,,,,,,ShowDailyK_ChartFlow,FinMind_API_TaiwanStockPrice_2451,True,2026-09-24T07:04:11,2026-09-24T07:04:11,2026-09-24T07:04:11
2451,創見,2021-09-15,67.3,-0.6000000000000085,-0.88%,,,,,,,,,ShowDailyK_ChartFlow,FinMind_API_TaiwanStockPrice_2451,True,2026-09-24T07:04:11,2026-09-24T07:04:11,2026-09-24T07:04:11
2451,創見,2021-09-16,67.8,0.5,0.74%,,,,,,,,,ShowDailyK_ChartFlow,FinMind_API_TaiwanStockPrice_2451,True,2026-09-24T07:04:11,2026-09-24T07:04:11,2026-09-24T07:04:11
2451,創見,2021-09-17,68.1,0.29999999999999716,0.44%,,,,,,,,,ShowDailyK_ChartFlow,FinMind_API_TaiwanStockPrice_2451,True,2026-09-24T07:04:11,2026-09-24T07:04:11,2026-09-24T07:04:11
2451,創見,2021-09-22,67.3,-0.7999999999999972,-1.17%,,,,,,,,,ShowDailyK_ChartFlow,FinMind_API_TaiwanStockPrice_2451,True,2026-09-24T07:04:11,2026-09-24T07:04:11,2026-09-24T07:04:11
2451,創見,2021-09-23,68.0,0.7000000000000028,1.04%,,,,,,,,,ShowDailyK_ChartFlow,FinMind_API_TaiwanStockPrice_2451,True,2026-09-24T07:04:11,2026-09-24T07:04:11,2026-09-24T07:04:11
2451,創見,2021-09-24,68.1,0.09999999999999432,0.15%,,,,,,,,,ShowDailyK_ChartFlow,FinMind_API_TaiwanStockPrice_2451,True,2026-09-24T07:04:11,2026-09-24T07:04:11,2026-09-24T07:04:11
2451,創見,2021-09-27,67.9,-0.19999999999998863,-0.29%,,,,,,,,,ShowDailyK_ChartFlow,FinMind_API_TaiwanStockPrice_2451,True,2026-09-24T07:04:11,2026-09-24T07:04:11,2026-09-24T07:04:11
2451,創見,2021-09-28,67.9,0.0,0.00%,,,,,,,,,ShowDailyK_ChartFlow,FinMind_API_TaiwanStockPrice_2451,True,2026-09-24T07:04:11,2026-09-24T07:04:11,2026-09-24T07:04:11
2451,創見,2021-09-29,66.8,-1.1000000000000085,-1.62%,,,,,,,,,ShowDailyK_ChartFlow,FinMind_API_TaiwanStockPrice_2451,True,2026-09-24T07:04:11,2026-09-24T07:04:11,2026-09-24T07:04:11
2451,創見,2021-09-30,67.1,0.29999999999999716,0.45%,,,,,,,,,ShowDailyK_ChartFlow,FinMind_API_TaiwanStockPrice_2451,True,2026-09-24T07:04:11,2026-09-24T07:04:11,2026-09-24T07:04:11
2451,創見,2021-10-01,66.1,-1.0,-1.49%,,,,,,,,,ShowDailyK_ChartFlow,FinMind_API_TaiwanStockPrice_2451,True,2026-09-24T07:04:11,2026-09-24T07:04:11,2026-09-24T07:04:11
2451,創見,2021-10-04,66.0,-0.09999999999999432,-0.15%,,,,,,,,,ShowDailyK_ChartFlow,FinMind_API_TaiwanStockPrice_2451,True,2026-09-24T07:04:11,2026-09-24T07:04:11,2026-09-24T07:04:11
2451,創見,2021-10-05,66.3,0.29999999999999716,0.45%,,,,,,,,,ShowDailyK_ChartFlow,FinMind_API_TaiwanStockPrice_2451,True,2026-09-24T07:04:11,2026-09-24T07:04:11,2026-09-24T07:04:11
2451,創見,2021-10-06,66.8,0.5,0.75%,,,,,,,,,ShowDailyK_ChartFlow,FinMind_API_TaiwanStockPrice_2451,True,2026-09-24T07:04:11,2026-09-24T07:04:11,2026-09-24T07:04:11
2451,創見,2021-10-07,67.1,0.29999999999999716,0.45%,,,,,,,,,ShowDailyK_ChartFlow,FinMind_API_TaiwanStockPrice_2451,True,2026-09-24T07:04:11,2026-09-24T07:04:11,2026-09-24T07:04:11
2451,創見,2021-10-08,67.1,0.0,0.00%,,,,,,,,,ShowDailyK_ChartFlow,FinMind_API_TaiwanStockPrice_2451,True,2026-09-24T07:04:11,2026-09-24T07:04:11,2026-09-24T07:04:11
2451,創見,2021-10-12,66.1,-1.0,-1.49%,,,,,,,,,ShowDailyK_ChartFlow,FinMind_API_TaiwanStockPrice_2451,True,2026-09-24T07:04:11,2026-09-24T07:04:11,2026-09-24T07:04:11
2451,創見,2021-10-13,65.6,-0.5,-0.76%,,,,,,,,,ShowDailyK_ChartFlow,FinMind_API_TaiwanStockPrice_2451,True,2026-09-24T07:04:11,2026-09-24T07:04:11,2026-09-24T07:04:11
2451,創見,2021-10-14,65.6,0.0,0.00%,,,,,,,,,ShowDailyK_ChartFlow,FinMind_API_TaiwanStockPrice_2451,True,2026-09-24T07:04:11,2026-09-24T07:04:11,2026-09-24T07:04:11
2451,創見,2021-10-15,66.7,1.1000000000000085,1.68%,,,,,,,,,ShowDailyK_ChartFlow,FinMind_API_TaiwanStockPrice_2451,True,2026-09-24T07:04:11,2026-09-24T07:04:11,2026-09-24T07:04:11
2451,創見,2021-10-18,66.6,-0.10000000000000853,-0.15%,,,,,,,,,ShowDailyK_ChartFlow,FinMind_API_TaiwanStockPrice_2451,True,2026-09-24T07:04:11,2026-09-24T07:04:11,2026-09-24T07:04:11
2451,創見,2021-10-19,67.0,0.4000000000000057,0.60%,,,,,,,,,ShowDailyK_ChartFlow,FinMind_API_TaiwanStockPrice_2451,True,2026-09-24T07:04:11,2026-09-24T07:04:11,2026-09-24T07:04:11
2451,創見,2021-10-20,67.6,0.5999999999999943,0.90%,,,,,,,,,ShowDailyK_ChartFlow,FinMind_API_TaiwanStockPrice_2451,True,2026-09-24T07:04:11,2026-09-24T07:04:11,2026-09-24T07:04:11
2451,創見,2021-10-21,68.2,0.6000000000000085,0.89%,,,,,,,,,ShowDailyK_ChartFlow,FinMind_API_TaiwanStockPrice_2451,True,2026-09-24T07:04:11,2026-09-24T07:04:11,2026-09-24T07:04:11
2451,創見,2021-10-22,67.6,-0.6000000000000085,-0.88%,,,,,,,,,ShowDailyK_ChartFlow,FinMind_API_TaiwanStockPrice_2451,True,2026-09-24T07:04:11,2026-09-24T07:04:11,2026-09-24T07:04:11
2451,創見,2021-10-25,67.9,0.30000000000001137,0.44%,,,,,,,,,ShowDailyK_ChartFlow,FinMind_API_TaiwanStockPrice_2451,True,2026-09-24T07:04:11,2026-09-24T07:04:11,2026-09-24T07:04:11
2451,創見,2021-10-26,68.1,0.19999999999998863,0.29%,,,,,,,,,ShowDailyK_ChartFlow,FinMind_API_TaiwanStockPrice_2451,True,2026-09-24T07:04:11,2026-09-24T07:04:11,2026-09-24T07:04:11
2451,創見,2021-10-27,68.1,0.0,0.00%,,,,,,,,,ShowDailyK_ChartFlow,FinMind_API_TaiwanStockPrice_2451,True,2026-09-24T07:04:11,2026-09-24T07:04:11,2026-09-24T07:04:11
2451,創見,2021-10-28,67.8,-0.29999999999999716,-0.44%,,,,,,,,,ShowDailyK_ChartFlow,FinMind_API_TaiwanStockPrice_2451,True,2026-09-24T07:04:11,2026-09-24T07:04:11,2026-09-24T07:04:11
2451,創見,2021-10-29,67.5,-0.29999999999999716,-0.44%,,,,,,,,,ShowDailyK_ChartFlow,FinMind_API_TaiwanStockPrice_2451,True,2026-09-24T07:04:11,2026-09-24T07:04:11,2026-09-24T07:04:11
2451,創見,2021-11-01,67.8,0.29999999999999716,0.44%,,,,,,,,,ShowDailyK_ChartFlow,FinMind_API_TaiwanStockPrice_2451,True,2026-09-24T07:04:11,2026-09-24T07:04:11,2026-09-24T07:04:11
2451,創見,2021-11-02,68.0,0.20000000000000284,0.29%,,,,,,,,,ShowDailyK_ChartFlow,FinMind_API_TaiwanStockPrice_2451,True,2026-09-24T07:04:11,2026-09-24T07:04:11,2026-09-24T07:04:11
2451,創見,2021-11-03,68.1,0.09999999999999432,0.15%,,,,,,,,,ShowDailyK_ChartFlow,FinMind_API_TaiwanStockPrice_2451,True,2026-09-24T07:04:11,2026-09-24T07:04:11,2026-09-24T07:04:11
2451,創見,2021-11-04,68.2,0.10000000000000853,0.15%,,,,,,,,,ShowDailyK_ChartFlow,FinMind_API_TaiwanStockPrice_2451,True,2026-09-24T07:04:11,2026-09-24T07:04:11,2026-09-24T07:04:11
2451,創見,2021-11-05,69.0,0.7999999999999972,1.17%,,,,,,,,,ShowDailyK_ChartFlow,FinMind_API_TaiwanStockPrice_2451,True,2026-09-24T07:04:11,2026-09-24T07:04:11,2026-09-24T07:04:11
2451,創見,2021-11-08,70.0,1.0,1.45%,,,,,,,,,ShowDailyK_ChartFlow,FinMind_API_TaiwanStockPrice_2451,True,2026-09-24T07:04:11,2026-09-24T07:04:11,2026-09-24T07:04:11
2451,創見,2021-11-09,70.0,0.0,0.00%,,,,,,,,,ShowDailyK_ChartFlow,FinMind_API_TaiwanStockPrice_2451,True,2026-09-24T07:04:11,2026-09-24T07:04:11,2026-09-24T07:04:11
2451,創見,2021-11-10,70.0,0.0,0.00%,,,,,,,,,ShowDailyK_ChartFlow,FinMind_API_TaiwanStockPrice_2451,True,2026-09-24T07:04:11,2026-09-24T07:04:11,2026-09-24T07:04:11
2451,創見,2021-11-11,68.6,-1.4000000000000057,-2.00%,,,,,,,,,ShowDailyK_ChartFlow,FinMind_API_TaiwanStockPrice_2451,True,2026-09-24T07:04:11,2026-09-24T07:04:11,2026-09-24T07:04:11
2451,創見,2021-11-12,70.0,1.4000000000000057,2.04%,,,,,,,,,ShowDailyK_ChartFlow,FinMind_API_TaiwanStockPrice_2451,True,2026-09-24T07:04:11,2026-09-24T07:04:11,2026-09-24T07:04:11
2451,創見,2021-11-15,69.0,-1.0,-1.43%,,,,,,,,,ShowDailyK_ChartFlow,FinMind_API_TaiwanStockPrice_2451,True,2026-09-24T07:04:11,2026-09-24T07:04:11,2026-09-24T07:04:11
2451,創見,2021-11-16,69.0,0.0,0.00%,,,,,,,,,ShowDailyK_ChartFlow,FinMind_API_TaiwanStockPrice_2451,True,2026-09-24T07:04:11,2026-09-24T07:04:11,2026-09-24T07:04:11
2451,創見,2021-11-17,70.1,1.0999999999999943,1.59%,,,,,,,,,ShowDailyK_ChartFlow,FinMind_API_TaiwanStockPrice_2451,True,2026-09-24T07:04:11,2026-09-24T07:04:11,2026-09-24T07:04:11
2451,創見,2021-11-18,70.6,0.5,0.71%,,,,,,,,,ShowDailyK_ChartFlow,FinMind_API_TaiwanStockPrice_2451,True,2026-09-24T07:04:11,2026-09-24T07:04:11,2026-09-24T07:04:11
2451,創見,2021-11-19,71.1,0.5,0.71%,,,,,,,,,ShowDailyK_ChartFlow,FinMind_API_TaiwanStockPrice_2451,True,2026-09-24T07:04:11,2026-09-24T07:04:11,2026-09-24T07:04:11
2451,創見,2021-11-22,71.8,0.7000000000000028,0.98%,,,,,,,,,ShowDailyK_ChartFlow,FinMind_API_TaiwanStockPrice_2451,True,2026-09-24T07:04:11,2026-09-24T07:04:11,2026-09-24T07:04:11
2451,創見,2021-11-23,70.5,-1.2999999999999972,-1.81%,,,,,,,,,ShowDailyK_ChartFlow,FinMind_API_TaiwanStockPrice_2451,True,2026-09-24T07:04:11,2026-09-24T07:04:11,2026-09-24T07:04:11
2451,創見,2021-11-24,70.5,0.0,0.00%,,,,,,,,,ShowDailyK_ChartFlow,FinMind_API_TaiwanStockPrice_2451,True,2026-09-24T07:04:11,2026-09-24T07:04:11,2026-09-24T07:04:11
2451,創見,2021-11-25,70.1,-0.4000000000000057,-0.57%,,,,,,,,,ShowDailyK_ChartFlow,FinMind_API_TaiwanStockPrice_2451,True,2026-09-24T07:04:11,2026-09-24T07:04:11,2026-09-24T07:04:11
2451,創見,2021-11-26,69.1,-1.0,-1.43%,,,,,,,,,ShowDailyK_ChartFlow,FinMind_API_TaiwanStockPrice_2451,True,2026-09-24T07:04:11,2026-09-24T07:04:11,2026-09-24T07:04:11
2451,創見,2021-11-29,69.0,-0.09999999999999432,-0.14%,,,,,,,,,ShowDailyK_ChartFlow,FinMind_API_TaiwanStockPrice_2451,True,2026-09-24T07:04:11,2026-09-24T07:04:11,2026-09-24T07:04:11
2451,創見,2021-11-30,69.3,0.29999999999999716,0.43%,,,,,,,,,ShowDailyK_ChartFlow,FinMind_API_TaiwanStockPrice_2451,True,2026-09-24T07:04:11,2026-09-24T07:04:11,2026-09-24T07:04:11
2451,創見,2021-12-01,69.6,0.29999999999999716,0.43%,,,,,,,,,ShowDailyK_ChartFlow,FinMind_API_TaiwanStockPrice_2451,True,2026-09-24T07:04:11,2026-09-24T07:04:11,2026-09-24T07:04:11
2451,創見,2021-12-02,69.8,0.20000000000000284,0.29%,,,,,,,,,ShowDailyK_ChartFlow,FinMind_API_TaiwanStockPrice_2451,True,2026-09-24T07:04:11,2026-09-24T07:04:11,2026-09-24T07:04:11
2451,創見,2021-12-03,69.8,0.0,0.00%,,,,,,,,,ShowDailyK_ChartFlow,FinMind_API_TaiwanStockPrice_2451,True,2026-09-24T07:04:11,2026-09-24T07:04:11,2026-09-24T07:04:11
2451,創見,2021-12-06,70.3,0.5,0.72%,,,,,,,,,ShowDailyK_ChartFlow,FinMind_API_TaiwanStockPrice_2451,True,2026-09-24T07:04:11,2026-09-24T07:04:11,2026-09-24T07:04:11
2451,創見,2021-12-07,70.3,0.0,0.00%,,,,,,,,,ShowDailyK_ChartFlow,FinMind_API_TaiwanStockPrice_2451,True,2026-09-24T07:04:11,2026-09-24T07:04:11,2026-09-24T07:04:11
2451,創見,2021-12-08,70.3,0.0,0.00%,,,,,,,,,ShowDailyK_ChartFlow,FinMind_API_TaiwanStockPrice_2451,True,2026-09-24T07:04:11,2026-09-24T07:04:11,2026-09-24T07:04:11
2451,創見,2021-12-09,70.2,-0.09999999999999432,-0.14%,,,,,,,,,ShowDailyK_ChartFlow,FinMind_API_TaiwanStockPrice_2451,True,2026-09-24T07:04:11,2026-09-24T07:04:11,2026-09-24T07:04:11
2451,創見,2021-12-10,70.2,0.0,0.00%,,,,,,,,,ShowDailyK_ChartFlow,FinMind_API_TaiwanStockPrice_2451,True,2026-09-24T07:04:11,2026-09-24T07:04:11,2026-09-24T07:04:11
2451,創見,2021-12-13,70.7,0.5,0.71%,,,,,,,,,ShowDailyK_ChartFlow,FinMind_API_TaiwanStockPrice_2451,True,2026-09-24T07:04:11,2026-09-24T07:04:11,2026-09-24T07:04:11
2451,創見,2021-12-14,70.6,-0.10000000000000853,-0.14%,,,,,,,,,ShowDailyK_ChartFlow,FinMind_API_TaiwanStockPrice_2451,True,2026-09-24T07:04:11,2026-09-24T07:04:11,2026-09-24T07:04:11
2451,創見,2021-12-15,70.5,-0.09999999999999432,-0.14%,,,,,,,,,ShowDailyK_ChartFlow,FinMind_API_TaiwanStockPrice_2451,True,2026-09-24T07:04:11,2026-09-24T07:04:11,2026-09-24T07:04:11
2451,創見,2021-12-16,71.3,0.7999999999999972,1.13%,,,,,,,,,ShowDailyK_ChartFlow,FinMind_API_TaiwanStockPrice_2451,True,2026-09-24T07:04:11,2026-09-24T07:04:11,2026-09-24T07:04:11
2451,創見,2021-12-17,72.6,1.2999999999999972,1.82%,,,,,,,,,ShowDailyK_ChartFlow,FinMind_API_TaiwanStockPrice_2451,True,2026-09-24T07:04:11,2026-09-24T07:04:11,2026-09-24T07:04:11
2451,創見,2021-12-20,72.9,0.30000000000001137,0.41%,,,,,,,,,ShowDailyK_ChartFlow,FinMind_API_TaiwanStockPrice_2451,True,2026-09-24T07:04:11,2026-09-24T07:04:11,2026-09-24T07:04:11
2451,創見,2021-12-21,73.1,0.19999999999998863,0.27%,,,,,,,,,ShowDailyK_ChartFlow,FinMind_API_TaiwanStockPrice_2451,True,2026-09-24T07:04:11,2026-09-24T07:04:11,2026-09-24T07:04:11
2451,創見,2021-12-22,72.8,-0.29999999999999716,-0.41%,,,,,,,,,ShowDailyK_ChartFlow,FinMind_API_TaiwanStockPrice_2451,True,2026-09-24T07:04:11,2026-09-24T07:04:11,2026-09-24T07:04:11
2451,創見,2021-12-23,73.9,1.1000000000000085,1.51%,,,,,,,,,ShowDailyK_ChartFlow,FinMind_API_TaiwanStockPrice_2451,True,2026-09-24T07:04:11,2026-09-24T07:04:11,2026-09-24T07:04:11
2451,創見,2021-12-24,73.8,-0.10000000000000853,-0.14%,,,,,,,,,ShowDailyK_ChartFlow,FinMind_API_TaiwanStockPrice_2451,True,2026-09-24T07:04:11,2026-09-24T07:04:11,2026-09-24T07:04:11
2451,創見,2021-12-27,73.8,0.0,0.00%,,,,,,,,,ShowDailyK_ChartFlow,FinMind_API_TaiwanStockPrice_2451,True,2026-09-24T07:04:11,2026-09-24T07:04:11,2026-09-24T07:04:11
2451,創見,2021-12-28,73.0,-0.7999999999999972,-1.08%,,,,,,,,,ShowDailyK_ChartFlow,FinMind_API_TaiwanStockPrice_2451,True,2026-09-24T07:04:11,2026-09-24T07:04:11,2026-09-24T07:04:11
2451,創見,2021-12-29,73.0,0.0,0.00%,,,,,,,,,ShowDailyK_ChartFlow,FinMind_API_TaiwanStockPrice_2451,True,2026-09-24T07:04:11,2026-09-24T07:04:11,2026-09-24T07:04:11
2451,創見,2021-12-30,73.1,0.09999999999999432,0.14%,,,,,,,,,ShowDailyK_ChartFlow,FinMind_API_TaiwanStockPrice_2451,True,2026-09-24T07:04:11,2026-09-24T07:04:11,2026-09-24T07:04:11
2451,創見,2022-01-03,72.4,-0.6999999999999886,-0.96%,,,,,,,,,ShowDailyK_ChartFlow,FinMind_API_TaiwanStockPrice_2451,True,2026-09-24T07:04:11,2026-09-24T07:04:11,2026-09-24T07:04:11
2451,創見,2022-01-04,72.4,0.0,0.00%,,,,,,,,,ShowDailyK_ChartFlow,FinMind_API_TaiwanStockPrice_2451,True,2026-09-24T07:04:11,2026-09-24T07:04:11,2026-09-24T07:04:11
2451,創見,2022-01-05,71.2,-1.2000000000000028,-1.66%,,,,,,,,,ShowDailyK_ChartFlow,FinMind_API_TaiwanStockPrice_2451,True,2026-09-24T07:04:11,2026-09-24T07:04:11,2026-09-24T07:04:11
2451,創見,2022-01-06,71.6,0.3999999999999915,0.56%,,,,,,,,,ShowDailyK_ChartFlow,FinMind_API_TaiwanStockPrice_2451,True,2026-09-24T07:04:11,2026-09-24T07:04:11,2026-09-24T07:04:11
2451,創見,2022-01-07,70.9,-0.6999999999999886,-0.98%,,,,,,,,,ShowDailyK_ChartFlow,FinMind_API_TaiwanStockPrice_2451,True,2026-09-24T07:04:11,2026-09-24T07:04:11,2026-09-24T07:04:11
2451,創見,2022-01-10,70.9,0.0,0.00%,,,,,,,,,ShowDailyK_ChartFlow,FinMind_API_TaiwanStockPrice_2451,True,2026-09-24T07:04:11,2026-09-24T07:04:11,2026-09-24T07:04:11
2451,創見,2022-01-11,70.6,-0.30000000000001137,-0.42%,,,,,,,,,ShowDailyK_ChartFlow,FinMind_API_TaiwanStockPrice_2451,True,2026-09-24T07:04:11,2026-09-24T07:04:11,2026-09-24T07:04:11
2451,創見,2022-01-12,70.8,0.20000000000000284,0.28%,,,,,,,,,ShowDailyK_ChartFlow,FinMind_API_TaiwanStockPrice_2451,True,2026-09-24T07:04:11,2026-09-24T07:04:11,2026-09-24T07:04:11
2451,創見,2022-01-13,71.0,0.20000000000000284,0.28%,,,,,,,,,ShowDailyK_ChartFlow,FinMind_API_TaiwanStockPrice_2451,True,2026-09-24T07:04:11,2026-09-24T07:04:11,2026-09-24T07:04:11
2451,創見,2022-01-14,70.9,-0.09999999999999432,-0.14%,,,,,,,,,ShowDailyK_ChartFlow,FinMind_API_TaiwanStockPrice_2451,True,2026-09-24T07:04:11,2026-09-24T07:04:11,2026-09-24T07:04:11
2451,創見,2022-01-17,71.3,0.3999999999999915,0.56%,,,,,,,,,ShowDailyK_ChartFlow,FinMind_API_TaiwanStockPrice_2451,True,2026-09-24T07:04:11,2026-09-24T07:04:11,2026-09-24T07:04:11
2451,創見,2022-01-18,71.0,-0.29999999999999716,-0.42%,,,,,,,,,ShowDailyK_ChartFlow,FinMind_API_TaiwanStockPrice_2451,True,2026-09-24T07:04:11,2026-09-24T07:04:11,2026-09-24T07:04:11
2451,創見,2022-01-19,71.0,0.0,0.00%,,,,,,,,,ShowDailyK_ChartFlow,FinMind_API_TaiwanStockPrice_2451,True,2026-09-24T07:04:11,2026-09-24T07:04:11,2026-09-24T07:04:11
2451,創見,2022-01-20,71.0,0.0,0.00%,,,,,,,,,ShowDailyK_ChartFlow,FinMind_API_TaiwanStockPrice_2451,True,2026-09-24T07:04:11,2026-09-24T07:04:11,2026-09-24T07:04:11
2451,創見,2022-01-21,70.3,-0.7000000000000028,-0.99%,,,,,,,,,ShowDailyK_ChartFlow,FinMind_API_TaiwanStockPrice_2451,True,2026-09-24T07:04:11,2026-09-24T07:04:11,2026-09-24T07:04:11
2451,創見,2022-01-24,70.4,0.10000000000000853,0.14%,,,,,,,,,ShowDailyK_ChartFlow,FinMind_API_TaiwanStockPrice_2451,True,2026-09-24T07:04:11,2026-09-24T07:04:11,2026-09-24T07:04:11
2451,創見,2022-01-25,69.6,-0.8000000000000114,-1.14%,,,,,,,,,ShowDailyK_ChartFlow,FinMind_API_TaiwanStockPrice_2451,True,2026-09-24T07:04:11,2026-09-24T07:04:11,2026-09-24T07:04:11
2451,創見,2022-01-26,69.9,0.30000000000001137,0.43%,,,,,,,,,ShowDailyK_ChartFlow,FinMind_API_TaiwanStockPrice_2451,True,2026-09-24T07:04:11,2026-09-24T07:04:11,2026-09-24T07:04:11
2451,創見,2022-02-07,70.4,0.5,0.72%,,,,,,,,,ShowDailyK_ChartFlow,FinMind_API_TaiwanStockPrice_2451,True,2026-09-24T07:04:11,2026-09-24T07:04:11,2026-09-24T07:04:11
2451,創見,2022-02-08,71.4,1.0,1.42%,,,,,,,,,ShowDailyK_ChartFlow,FinMind_API_TaiwanStockPrice_2451,True,2026-09-24T07:04:11,2026-09-24T07:04:11,2026-09-24T07:04:11
2451,創見,2022-02-09,72.0,0.5999999999999943,0.84%,,,,,,,,,ShowDailyK_ChartFlow,FinMind_API_TaiwanStockPrice_2451,True,2026-09-24T07:04:11,2026-09-24T07:04:11,2026-09-24T07:04:11
2451,創見,2022-02-10,71.7,-0.29999999999999716,-0.42%,,,,,,,,,ShowDailyK_ChartFlow,FinMind_API_TaiwanStockPrice_2451,True,2026-09-24T07:04:11,2026-09-24T07:04:11,2026-09-24T07:04:11
2451,創見,2022-02-11,71.7,0.0,0.00%,,,,,,,,,ShowDailyK_ChartFlow,FinMind_API_TaiwanStockPrice_2451,True,2026-09-24T07:04:11,2026-09-24T07:04:11,2026-09-24T07:04:11
2451,創見,2022-02-14,70.8,-0.9000000000000057,-1.26%,,,,,,,,,ShowDailyK_ChartFlow,FinMind_API_TaiwanStockPrice_2451,True,2026-09-24T07:04:11,2026-09-24T07:04:11,2026-09-24T07:04:11
2451,創見,2022-02-15,70.7,-0.09999999999999432,-0.14%,,,,,,,,,ShowDailyK_ChartFlow,FinMind_API_TaiwanStockPrice_2451,True,2026-09-24T07:04:11,2026-09-24T07:04:11,2026-09-24T07:04:11
2451,創見,2022-02-16,71.7,1.0,1.41%,,,,,,,,,ShowDailyK_ChartFlow,FinMind_API_TaiwanStockPrice_2451,True,2026-09-24T07:04:11,2026-09-24T07:04:11,2026-09-24T07:04:11
2451,創見,2022-02-17,71.4,-0.29999999999999716,-0.42%,,,,,,,,,ShowDailyK_ChartFlow,FinMind_API_TaiwanStockPrice_2451,True,2026-09-24T07:04:11,2026-09-24T07:04:11,2026-09-24T07:04:11
2451,創見,2022-02-18,71.7,0.29999999999999716,0.42%,,,,,,,,,ShowDailyK_ChartFlow,FinMind_API_TaiwanStockPrice_2451,True,2026-09-24T07:04:11,2026-09-24T07:04:11,2026-09-24T07:04:11
2451,創見,2022-02-21,72.3,0.5999999999999943,0.84%,,,,,,,,,ShowDailyK_ChartFlow,FinMind_API_TaiwanStockPrice_2451,True,2026-09-24T07:04:11,2026-09-24T07:04:11,2026-09-24T07:04:11
2451,創見,2022-02-22,71.3,-1.0,-1.38%,,,,,,,,,ShowDailyK_ChartFlow,FinMind_API_TaiwanStockPrice_2451,True,2026-09-24T07:04:11,2026-09-24T07:04:11,2026-09-24T07:04:11
2451,創見,2022-02-23,71.6,0.29999999999999716,0.42%,,,,,,,,,ShowDailyK_ChartFlow,FinMind_API_TaiwanStockPrice_2451,True,2026-09-24T07:04:11,2026-09-24T07:04:11,2026-09-24T07:04:11
2451,創見,2022-02-24,69.9,-1.6999999999999886,-2.37%,,,,,,,,,ShowDailyK_ChartFlow,FinMind_API_TaiwanStockPrice_2451,True,2026-09-24T07:04:11,2026-09-24T07:04:11,2026-09-24T07:04:11
2451,創見,2022-02-25,70.6,0.6999999999999886,1.00%,,,,,,,,,ShowDailyK_ChartFlow,FinMind_API_TaiwanStockPrice_2451,True,2026-09-24T07:04:11,2026-09-24T07:04:11,2026-09-24T07:04:11
2451,創見,2022-03-01,71.9,1.3000000000000114,1.84%,,,,,,,,,ShowDailyK_ChartFlow,FinMind_API_TaiwanStockPrice_2451,True,2026-09-24T07:04:11,2026-09-24T07:04:11,2026-09-24T07:04:11
2451,創見,2022-03-02,71.7,-0.20000000000000284,-0.28%,,,,,,,,,ShowDailyK_ChartFlow,FinMind_API_TaiwanStockPrice_2451,True,2026-09-24T07:04:11,2026-09-24T07:04:11,2026-09-24T07:04:11
2451,創見,2022-03-03,72.2,0.5,0.70%,,,,,,,,,ShowDailyK_ChartFlow,FinMind_API_TaiwanStockPrice_2451,True,2026-09-24T07:04:11,2026-09-24T07:04:11,2026-09-24T07:04:11
2451,創見,2022-03-04,74.6,2.3999999999999915,3.32%,,,,,,,,,ShowDailyK_ChartFlow,FinMind_API_TaiwanStockPrice_2451,True,2026-09-24T07:04:11,2026-09-24T07:04:11,2026-09-24T07:04:11
2451,創見,2022-03-07,73.1,-1.5,-2.01%,,,,,,,,,ShowDailyK_ChartFlow,FinMind_API_TaiwanStockPrice_2451,True,2026-09-24T07:04:11,2026-09-24T07:04:11,2026-09-24T07:04:11
2451,創見,2022-03-08,72.0,-1.0999999999999943,-1.50%,,,,,,,,,ShowDailyK_ChartFlow,FinMind_API_TaiwanStockPrice_2451,True,2026-09-24T07:04:11,2026-09-24T07:04:11,2026-09-24T07:04:11
2451,創見,2022-03-09,73.4,1.4000000000000057,1.94%,,,,,,,,,ShowDailyK_ChartFlow,FinMind_API_TaiwanStockPrice_2451,True,2026-09-24T07:04:11,2026-09-24T07:04:11,2026-09-24T07:04:11
2451,創見,2022-03-10,74.4,1.0,1.36%,,,,,,,,,ShowDailyK_ChartFlow,FinMind_API_TaiwanStockPrice_2451,True,2026-09-24T07:04:11,2026-09-24T07:04:11,2026-09-24T07:04:11
2451,創見,2022-03-11,74.2,-0.20000000000000284,-0.27%,,,,,,,,,ShowDailyK_ChartFlow,FinMind_API_TaiwanStockPrice_2451,True,2026-09-24T07:04:11,2026-09-24T07:04:11,2026-09-24T07:04:11
2451,創見,2022-03-14,74.8,0.5999999999999943,0.81%,,,,,,,,,ShowDailyK_ChartFlow,FinMind_API_TaiwanStockPrice_2451,True,2026-09-24T07:04:11,2026-09-24T07:04:11,2026-09-24T07:04:11
2451,創見,2022-03-15,74.4,-0.3999999999999915,-0.53%,,,,,,,,,ShowDailyK_ChartFlow,FinMind_API_TaiwanStockPrice_2451,True,2026-09-24T07:04:11,2026-09-24T07:04:11,2026-09-24T07:04:11
2451,創見,2022-03-16,74.5,0.09999999999999432,0.13%,,,,,,,,,ShowDailyK_ChartFlow,FinMind_API_TaiwanStockPrice_2451,True,2026-09-24T07:04:11,2026-09-24T07:04:11,2026-09-24T07:04:11
2451,創見,2022-03-17,75.2,0.7000000000000028,0.94%,,,,,,,,,ShowDailyK_ChartFlow,FinMind_API_TaiwanStockPrice_2451,True,2026-09-24T07:04:11,2026-09-24T07:04:11,2026-09-24T07:04:11
2451,創見,2022-03-18,74.4,-0.7999999999999972,-1.06%,,,,,,,,,ShowDailyK_ChartFlow,FinMind_API_TaiwanStockPrice_2451,True,2026-09-24T07:04:11,2026-09-24T07:04:11,2026-09-24T07:04:11
2451,創見,2022-03-21,74.7,0.29999999999999716,0.40%,,,,,,,,,ShowDailyK_ChartFlow,FinMind_API_TaiwanStockPrice_2451,True,2026-09-24T07:04:11,2026-09-24T07:04:11,2026-09-24T07:04:11
2451,創見,2022-03-22,74.6,-0.10000000000000853,-0.13%,,,,,,,,,ShowDailyK_ChartFlow,FinMind_API_TaiwanStockPrice_2451,True,2026-09-24T07:04:11,2026-09-24T07:04:11,2026-09-24T07:04:11
2451,創見,2022-03-23,74.8,0.20000000000000284,0.27%,,,,,,,,,ShowDailyK_ChartFlow,FinMind_API_TaiwanStockPrice_2451,True,2026-09-24T07:04:11,2026-09-24T07:04:11,2026-09-24T07:04:11
2451,創見,2022-03-24,74.5,-0.29999999999999716,-0.40%,,,,,,,,,ShowDailyK_ChartFlow,FinMind_API_TaiwanStockPrice_2451,True,2026-09-24T07:04:11,2026-09-24T07:04:11,2026-09-24T07:04:11
2451,創見,2022-03-25,74.2,-0.29999999999999716,-0.40%,,,,,,,,,ShowDailyK_ChartFlow,FinMind_API_TaiwanStockPrice_2451,True,2026-09-24T07:04:11,2026-09-24T07:04:11,2026-09-24T07:04:11
2451,創見,2022-03-28,74.0,-0.20000000000000284,-0.27%,,,,,,,,,ShowDailyK_ChartFlow,FinMind_API_TaiwanStockPrice_2451,True,2026-09-24T07:04:11,2026-09-24T07:04:11,2026-09-24T07:04:11
2451,創見,2022-03-29,74.0,0.0,0.00%,,,,,,,,,ShowDailyK_ChartFlow,FinMind_API_TaiwanStockPrice_2451,True,2026-09-24T07:04:11,2026-09-24T07:04:11,2026-09-24T07:04:11
2451,創見,2022-03-30,74.6,0.5999999999999943,0.81%,,,,,,,,,ShowDailyK_ChartFlow,FinMind_API_TaiwanStockPrice_2451,True,2026-09-24T07:04:11,2026-09-24T07:04:11,2026-09-24T07:04:11
2451,創見,2022-03-31,74.4,-0.19999999999998863,-0.27%,,,,,,,,,ShowDailyK_ChartFlow,FinMind_API_TaiwanStockPrice_2451,True,2026-09-24T07:04:11,2026-09-24T07:04:11,2026-09-24T07:04:11
2451,創見,2022-04-01,74.2,-0.20000000000000284,-0.27%,,,,,,,,,ShowDailyK_ChartFlow,FinMind_API_TaiwanStockPrice_2451,True,2026-09-24T07:04:11,2026-09-24T07:04:11,2026-09-24T07:04:11
2451,創見,2022-04-06,74.1,-0.10000000000000853,-0.13%,,,,,,,,,ShowDailyK_ChartFlow,FinMind_API_TaiwanStockPrice_2451,True,2026-09-24T07:04:11,2026-09-24T07:04:11,2026-09-24T07:04:11
2451,創見,2022-04-07,73.0,-1.0999999999999943,-1.48%,,,,,,,,,ShowDailyK_ChartFlow,FinMind_API_TaiwanStockPrice_2451,True,2026-09-24T07:04:11,2026-09-24T07:04:11,2026-09-24T07:04:11
2451,創見,2022-04-08,73.5,0.5,0.68%,,,,,,,,,ShowDailyK_ChartFlow,FinMind_API_TaiwanStockPrice_2451,True,2026-09-24T07:04:11,2026-09-24T07:04:11,2026-09-24T07:04:11
2451,創見,2022-04-11,72.5,-1.0,-1.36%,,,,,,,,,ShowDailyK_ChartFlow,FinMind_API_TaiwanStockPrice_2451,True,2026-09-24T07:04:11,2026-09-24T07:04:11,2026-09-24T07:04:11
2451,創見,2022-04-12,72.0,-0.5,-0.69%,,,,,,,,,ShowDailyK_ChartFlow,FinMind_API_TaiwanStockPrice_2451,True,2026-09-24T07:04:11,2026-09-24T07:04:11,2026-09-24T07:04:11
2451,創見,2022-04-13,73.3,1.2999999999999972,1.81%,,,,,,,,,ShowDailyK_ChartFlow,FinMind_API_TaiwanStockPrice_2451,True,2026-09-24T07:04:11,2026-09-24T07:04:11,2026-09-24T07:04:11
2451,創見,2022-04-14,73.0,-0.29999999999999716,-0.41%,,,,,,,,,ShowDailyK_ChartFlow,FinMind_API_TaiwanStockPrice_2451,True,2026-09-24T07:04:11,2026-09-24T07:04:11,2026-09-24T07:04:11
2451,創見,2022-04-15,72.2,-0.7999999999999972,-1.10%,,,,,,,,,ShowDailyK_ChartFlow,FinMind_API_TaiwanStockPrice_2451,True,2026-09-24T07:04:11,2026-09-24T07:04:11,2026-09-24T07:04:11
2451,創見,2022-04-18,72.6,0.3999999999999915,0.55%,,,,,,,,,ShowDailyK_ChartFlow,FinMind_API_TaiwanStockPrice_2451,True,2026-09-24T07:04:11,2026-09-24T07:04:11,2026-09-24T07:04:11
2451,創見,2022-04-19,72.8,0.20000000000000284,0.28%,,,,,,,,,ShowDailyK_ChartFlow,FinMind_API_TaiwanStockPrice_2451,True,2026-09-24T07:04:11,2026-09-24T07:04:11,2026-09-24T07:04:11
2451,創見,2022-04-20,72.1,-0.7000000000000028,-0.96%,,,,,,,,,ShowDailyK_ChartFlow,FinMind_API_TaiwanStockPrice_2451,True,2026-09-24T07:04:11,2026-09-24T07:04:11,2026-09-24T07:04:11
2451,創見,2022-04-21,73.1,1.0,1.39%,,,,,,,,,ShowDailyK_ChartFlow,FinMind_API_TaiwanStockPrice_2451,True,2026-09-24T07:04:11,2026-09-24T07:04:11,2026-09-24T07:04:11
2451,創見,2022-04-22,72.7,-0.3999999999999915,-0.55%,,,,,,,,,ShowDailyK_ChartFlow,FinMind_API_TaiwanStockPrice_2451,True,2026-09-24T07:04:11,2026-09-24T07:04:11,2026-09-24T07:04:11
2451,創見,2022-04-25,71.7,-1.0,-1.38%,,,,,,,,,ShowDailyK_ChartFlow,FinMind_API_TaiwanStockPrice_2451,True,2026-09-24T07:04:11,2026-09-24T07:04:11,2026-09-24T07:04:11
2451,創見,2022-04-26,71.7,0.0,0.00%,,,,,,,,,ShowDailyK_ChartFlow,FinMind_API_TaiwanStockPrice_2451,True,2026-09-24T07:04:11,2026-09-24T07:04:11,2026-09-24T07:04:11
2451,創見,2022-04-27,71.0,-0.7000000000000028,-0.98%,,,,,,,,,ShowDailyK_ChartFlow,FinMind_API_TaiwanStockPrice_2451,True,2026-09-24T07:04:11,2026-09-24T07:04:11,2026-09-24T07:04:11
2451,創見,2022-04-28,70.9,-0.09999999999999432,-0.14%,,,,,,,,,ShowDailyK_ChartFlow,FinMind_API_TaiwanStockPrice_2451,True,2026-09-24T07:04:11,2026-09-24T07:04:11,2026-09-24T07:04:11
2451,創見,2022-04-29,71.1,0.19999999999998863,0.28%,,,,,,,,,ShowDailyK_ChartFlow,FinMind_API_TaiwanStockPrice_2451,True,2026-09-24T07:04:11,2026-09-24T07:04:11,2026-09-24T07:04:11
2451,創見,2022-05-03,71.4,0.30000000000001137,0.42%,,,,,,,,,ShowDailyK_ChartFlow,FinMind_API_TaiwanStockPrice_2451,True,2026-09-24T07:04:11,2026-09-24T07:04:11,2026-09-24T07:04:11
2451,創見,2022-05-04,71.5,0.09999999999999432,0.14%,,,,,,,,,ShowDailyK_ChartFlow,FinMind_API_TaiwanStockPrice_2451,True,2026-09-24T07:04:11,2026-09-24T07:04:11,2026-09-24T07:04:11
2451,創見,2022-05-05,72.4,0.9000000000000057,1.26%,,,,,,,,,ShowDailyK_ChartFlow,FinMind_API_TaiwanStockPrice_2451,True,2026-09-24T07:04:11,2026-09-24T07:04:11,2026-09-24T07:04:11
2451,創見,2022-05-06,72.3,-0.10000000000000853,-0.14%,,,,,,,,,ShowDailyK_ChartFlow,FinMind_API_TaiwanStockPrice_2451,True,2026-09-24T07:04:11,2026-09-24T07:04:11,2026-09-24T07:04:11
2451,創見,2022-05-09,71.3,-1.0,-1.38%,,,,,,,,,ShowDailyK_ChartFlow,FinMind_API_TaiwanStockPrice_2451,True,2026-09-24T07:04:11,2026-09-24T07:04:11,2026-09-24T07:04:11
2451,創見,2022-05-10,71.3,0.0,0.00%,,,,,,,,,ShowDailyK_ChartFlow,FinMind_API_TaiwanStockPrice_2451,True,2026-09-24T07:04:11,2026-09-24T07:04:11,2026-09-24T07:04:11
2451,創見,2022-05-11,70.7,-0.5999999999999943,-0.84%,,,,,,,,,ShowDailyK_ChartFlow,FinMind_API_TaiwanStockPrice_2451,True,2026-09-24T07:04:11,2026-09-24T07:04:11,2026-09-24T07:04:11
2451,創見,2022-05-12,70.2,-0.5,-0.71%,,,,,,,,,ShowDailyK_ChartFlow,FinMind_API_TaiwanStockPrice_2451,True,2026-09-24T07:04:11,2026-09-24T07:04:11,2026-09-24T07:04:11
2451,創見,2022-05-13,70.0,-0.20000000000000284,-0.28%,,,,,,,,,ShowDailyK_ChartFlow,FinMind_API_TaiwanStockPrice_2451,True,2026-09-24T07:04:11,2026-09-24T07:04:11,2026-09-24T07:04:11
2451,創見,2022-05-16,70.2,0.20000000000000284,0.29%,,,,,,,,,ShowDailyK_ChartFlow,FinMind_API_TaiwanStockPrice_2451,True,2026-09-24T07:04:11,2026-09-24T07:04:11,2026-09-24T07:04:11
2451,創見,2022-05-17,70.9,0.7000000000000028,1.00%,,,,,,,,,ShowDailyK_ChartFlow,FinMind_API_TaiwanStockPrice_2451,True,2026-09-24T07:04:11,2026-09-24T07:04:11,2026-09-24T07:04:11
2451,創見,2022-05-18,71.4,0.5,0.71%,,,,,,,,,ShowDailyK_ChartFlow,FinMind_API_TaiwanStockPrice_2451,True,2026-09-24T07:04:11,2026-09-24T07:04:11,2026-09-24T07:04:11
2451,創見,2022-05-19,70.6,-0.8000000000000114,-1.12%,,,,,,,,,ShowDailyK_ChartFlow,FinMind_API_TaiwanStockPrice_2451,True,2026-09-24T07:04:11,2026-09-24T07:04:11,2026-09-24T07:04:11
2451,創見,2022-05-20,71.3,0.7000000000000028,0.99%,,,,,,,,,ShowDailyK_ChartFlow,FinMind_API_TaiwanStockPrice_2451,True,2026-09-24T07:04:11,2026-09-24T07:04:11,2026-09-24T07:04:11
2451,創見,2022-05-23,71.5,0.20000000000000284,0.28%,,,,,,,,,ShowDailyK_ChartFlow,FinMind_API_TaiwanStockPrice_2451,True,2026-09-24T07:04:11,2026-09-24T07:04:11,2026-09-24T07:04:11
2451,創見,2022-05-24,70.5,-1.0,-1.40%,,,,,,,,,ShowDailyK_ChartFlow,FinMind_API_TaiwanStockPrice_2451,True,2026-09-24T07:04:11,2026-09-24T07:04:11,2026-09-24T07:04:11
2451,創見,2022-05-25,70.5,0.0,0.00%,,,,,,,,,ShowDailyK_ChartFlow,FinMind_API_TaiwanStockPrice_2451,True,2026-09-24T07:04:11,2026-09-24T07:04:11,2026-09-24T07:04:11
2451,創見,2022-05-26,70.9,0.4000000000000057,0.57%,,,,,,,,,ShowDailyK_ChartFlow,FinMind_API_TaiwanStockPrice_2451,True,2026-09-24T07:04:11,2026-09-24T07:04:11,2026-09-24T07:04:11
2451,創見,2022-05-27,71.5,0.5999999999999943,0.85%,,,,,,,,,ShowDailyK_ChartFlow,FinMind_API_TaiwanStockPrice_2451,True,2026-09-24T07:04:11,2026-09-24T07:04:11,2026-09-24T07:04:11
2451,創見,2022-05-30,72.1,0.5999999999999943,0.84%,,,,,,,,,ShowDailyK_ChartFlow,FinMind_API_TaiwanStockPrice_2451,True,2026-09-24T07:04:11,2026-09-24T07:04:11,2026-09-24T07:04:11
2451,創見,2022-05-31,72.1,0.0,0.00%,,,,,,,,,ShowDailyK_ChartFlow,FinMind_API_TaiwanStockPrice_2451,True,2026-09-24T07:04:11,2026-09-24T07:04:11,2026-09-24T07:04:11
2451,創見,2022-06-01,72.2,0.10000000000000853,0.14%,,,,,,,,,ShowDailyK_ChartFlow,FinMind_API_TaiwanStockPrice_2451,True,2026-09-24T07:04:11,2026-09-24T07:04:11,2026-09-24T07:04:11
2451,創見,2022-06-02,72.3,0.09999999999999432,0.14%,,,,,,,,,ShowDailyK_ChartFlow,FinMind_API_TaiwanStockPrice_2451,True,2026-09-24T07:04:11,2026-09-24T07:04:11,2026-09-24T07:04:11
2451,創見,2022-06-06,72.1,-0.20000000000000284,-0.28%,,,,,,,,,ShowDailyK_ChartFlow,FinMind_API_TaiwanStockPrice_2451,True,2026-09-24T07:04:11,2026-09-24T07:04:11,2026-09-24T07:04:11
2451,創見,2022-06-07,71.9,-0.19999999999998863,-0.28%,,,,,,,,,ShowDailyK_ChartFlow,FinMind_API_TaiwanStockPrice_2451,True,2026-09-24T07:04:11,2026-09-24T07:04:11,2026-09-24T07:04:11
2451,創見,2022-06-08,72.1,0.19999999999998863,0.28%,,,,,,,,,ShowDailyK_ChartFlow,FinMind_API_TaiwanStockPrice_2451,True,2026-09-24T07:04:11,2026-09-24T07:04:11,2026-09-24T07:04:11
2451,創見,2022-06-09,71.8,-0.29999999999999716,-0.42%,,,,,,,,,ShowDailyK_ChartFlow,FinMind_API_TaiwanStockPrice_2451,True,2026-09-24T07:04:11,2026-09-24T07:04:11,2026-09-24T07:04:11
2451,創見,2022-06-10,71.5,-0.29999999999999716,-0.42%,,,,,,,,,ShowDailyK_ChartFlow,FinMind_API_TaiwanStockPrice_2451,True,2026-09-24T07:04:11,2026-09-24T07:04:11,2026-09-24T07:04:11
2451,創見,2022-06-13,70.6,-0.9000000000000057,-1.26%,,,,,,,,,ShowDailyK_ChartFlow,FinMind_API_TaiwanStockPrice_2451,True,2026-09-24T07:04:11,2026-09-24T07:04:11,2026-09-24T07:04:11
2451,創見,2022-06-14,71.1,0.5,0.71%,,,,,,,,,ShowDailyK_ChartFlow,FinMind_API_TaiwanStockPrice_2451,True,2026-09-24T07:04:11,2026-09-24T07:04:11,2026-09-24T07:04:11
2451,創見,2022-06-15,71.4,0.30000000000001137,0.42%,,,,,,,,,ShowDailyK_ChartFlow,FinMind_API_TaiwanStockPrice_2451,True,2026-09-24T07:04:11,2026-09-24T07:04:11,2026-09-24T07:04:11
2451,創見,2022-06-16,70.7,-0.7000000000000028,-0.98%,,,,,,,,,ShowDailyK_ChartFlow,FinMind_API_TaiwanStockPrice_2451,True,2026-09-24T07:04:11,2026-09-24T07:04:11,2026-09-24T07:04:11
2451,創見,2022-06-17,69.9,-0.7999999999999972,-1.13%,,,,,,,,,ShowDailyK_ChartFlow,FinMind_API_TaiwanStockPrice_2451,True,2026-09-24T07:04:11,2026-09-24T07:04:11,2026-09-24T07:04:11
2451,創見,2022-06-20,69.5,-0.4000000000000057,-0.57%,,,,,,,,,ShowDailyK_ChartFlow,FinMind_API_TaiwanStockPrice_2451,True,2026-09-24T07:04:11,2026-09-24T07:04:11,2026-09-24T07:04:11
2451,創見,2022-06-21,70.5,1.0,1.44%,,,,,,,,,ShowDailyK_ChartFlow,FinMind_API_TaiwanStockPrice_2451,True,2026-09-24T07:04:11,2026-09-24T07:04:11,2026-09-24T07:04:11
2451,創見,2022-06-22,70.3,-0.20000000000000284,-0.28%,,,,,,,,,ShowDailyK_ChartFlow,FinMind_API_TaiwanStockPrice_2451,True,2026-09-24T07:04:11,2026-09-24T07:04:11,2026-09-24T07:04:11
2451,創見,2022-06-23,70.4,0.10000000000000853,0.14%,,,,,,,,,ShowDailyK_ChartFlow,FinMind_API_TaiwanStockPrice_2451,True,2026-09-24T07:04:11,2026-09-24T07:04:11,2026-09-24T07:04:11
2451,創見,2022-06-24,70.5,0.09999999999999432,0.14%,,,,,,,,,ShowDailyK_ChartFlow,FinMind_API_TaiwanStockPrice_2451,True,2026-09-24T07:04:11,2026-09-24T07:04:11,2026-09-24T07:04:11
2451,創見,2022-06-27,70.8,0.29999999999999716,0.43%,,,,,,,,,ShowDailyK_ChartFlow,FinMind_API_TaiwanStockPrice_2451,True,2026-09-24T07:04:11,2026-09-24T07:04:11,2026-09-24T07:04:11
2451,創見,2022-06-28,70.3,-0.5,-0.71%,,,,,,,,,ShowDailyK_ChartFlow,FinMind_API_TaiwanStockPrice_2451,True,2026-09-24T07:04:11,2026-09-24T07:04:11,2026-09-24T07:04:11
2451,創見,2022-06-29,70.1,-0.20000000000000284,-0.28%,,,,,,,,,ShowDailyK_ChartFlow,FinMind_API_TaiwanStockPrice_2451,True,2026-09-24T07:04:11,2026-09-24T07:04:11,2026-09-24T07:04:11
2451,創見,2022-06-30,69.1,-1.0,-1.43%,,,,,,,,,ShowDailyK_ChartFlow,FinMind_API_TaiwanStockPrice_2451,True,2026-09-24T07:04:11,2026-09-24T07:04:11,2026-09-24T07:04:11
2451,創見,2022-07-01,68.5,-0.5999999999999943,-0.87%,,,,,,,,,ShowDailyK_ChartFlow,FinMind_API_TaiwanStockPrice_2451,True,2026-09-24T07:04:11,2026-09-24T07:04:11,2026-09-24T07:04:11
2451,創見,2022-07-04,59.5,-9.0,-13.14%,,,,,,,,,ShowDailyK_ChartFlow,FinMind_API_TaiwanStockPrice_2451,True,2026-09-24T07:04:11,2026-09-24T07:04:11,2026-09-24T07:04:11
2451,創見,2022-07-05,58.8,-0.7000000000000028,-1.18%,,,,,,,,,ShowDailyK_ChartFlow,FinMind_API_TaiwanStockPrice_2451,True,2026-09-24T07:04:11,2026-09-24T07:04:11,2026-09-24T07:04:11
2451,創見,2022-07-06,58.1,-0.6999999999999957,-1.19%,,,,,,,,,ShowDailyK_ChartFlow,FinMind_API_TaiwanStockPrice_2451,True,2026-09-24T07:04:11,2026-09-24T07:04:11,2026-09-24T07:04:11
2451,創見,2022-07-07,59.0,0.8999999999999986,1.55%,,,,,,,,,ShowDailyK_ChartFlow,FinMind_API_TaiwanStockPrice_2451,True,2026-09-24T07:04:11,2026-09-24T07:04:11,2026-09-24T07:04:11
2451,創見,2022-07-08,60.2,1.2000000000000028,2.03%,,,,,,,,,ShowDailyK_ChartFlow,FinMind_API_TaiwanStockPrice_2451,True,2026-09-24T07:04:11,2026-09-24T07:04:11,2026-09-24T07:04:11
2451,創見,2022-07-11,59.2,-1.0,-1.66%,,,,,,,,,ShowDailyK_ChartFlow,FinMind_API_TaiwanStockPrice_2451,True,2026-09-24T07:04:11,2026-09-24T07:04:11,2026-09-24T07:04:11
2451,創見,2022-07-12,57.9,-1.3000000000000043,-2.20%,,,,,,,,,ShowDailyK_ChartFlow,FinMind_API_TaiwanStockPrice_2451,True,2026-09-24T07:04:11,2026-09-24T07:04:11,2026-09-24T07:04:11
2451,創見,2022-07-13,59.0,1.1000000000000014,1.90%,,,,,,,,,ShowDailyK_ChartFlow,FinMind_API_TaiwanStockPrice_2451,True,2026-09-24T07:04:11,2026-09-24T07:04:11,2026-09-24T07:04:11
2451,創見,2022-07-14,59.1,0.10000000000000142,0.17%,,,,,,,,,ShowDailyK_ChartFlow,FinMind_API_TaiwanStockPrice_2451,True,2026-09-24T07:04:11,2026-09-24T07:04:11,2026-09-24T07:04:11
2451,創見,2022-07-15,59.2,0.10000000000000142,0.17%,,,,,,,,,ShowDailyK_ChartFlow,FinMind_API_TaiwanStockPrice_2451,True,2026-09-24T07:04:11,2026-09-24T07:04:11,2026-09-24T07:04:11
2451,創見,2022-07-18,60.8,1.5999999999999943,2.70%,,,,,,,,,ShowDailyK_ChartFlow,FinMind_API_TaiwanStockPrice_2451,True,2026-09-24T07:04:11,2026-09-24T07:04:11,2026-09-24T07:04:11
2451,創見,2022-07-19,61.1,0.30000000000000426,0.49%,,,,,,,,,ShowDailyK_ChartFlow,FinMind_API_TaiwanStockPrice_2451,True,2026-09-24T07:04:11,2026-09-24T07:04:11,2026-09-24T07:04:11
2451,創見,2022-07-20,61.1,0.0,0.00%,,,,,,,,,ShowDailyK_ChartFlow,FinMind_API_TaiwanStockPrice_2451,True,2026-09-24T07:04:11,2026-09-24T07:04:11,2026-09-24T07:04:11
2451,創見,2022-07-21,61.2,0.10000000000000142,0.16%,,,,,,,,,ShowDailyK_ChartFlow,FinMind_API_TaiwanStockPrice_2451,True,2026-09-24T07:04:11,2026-09-24T07:04:11,2026-09-24T07:04:11
2451,創見,2022-07-22,61.0,-0.20000000000000284,-0.33%,,,,,,,,,ShowDailyK_ChartFlow,FinMind_API_TaiwanStockPrice_2451,True,2026-09-24T07:04:11,2026-09-24T07:04:11,2026-09-24T07:04:11
2451,創見,2022-07-25,61.4,0.3999999999999986,0.66%,,,,,,,,,ShowDailyK_ChartFlow,FinMind_API_TaiwanStockPrice_2451,True,2026-09-24T07:04:11,2026-09-24T07:04:11,2026-09-24T07:04:11
2451,創見,2022-07-26,61.4,0.0,0.00%,,,,,,,,,ShowDailyK_ChartFlow,FinMind_API_TaiwanStockPrice_2451,True,2026-09-24T07:04:11,2026-09-24T07:04:11,2026-09-24T07:04:11
2451,創見,2022-07-27,61.8,0.3999999999999986,0.65%,,,,,,,,,ShowDailyK_ChartFlow,FinMind_API_TaiwanStockPrice_2451,True,2026-09-24T07:04:11,2026-09-24T07:04:11,2026-09-24T07:04:11
2451,創見,2022-07-28,62.9,1.1000000000000014,1.78%,,,,,,,,,ShowDailyK_ChartFlow,FinMind_API_TaiwanStockPrice_2451,True,2026-09-24T07:04:11,2026-09-24T07:04:11,2026-09-24T07:04:11
2451,創見,2022-07-29,63.8,0.8999999999999986,1.43%,,,,,,,,,ShowDailyK_ChartFlow,FinMind_API_TaiwanStockPrice_2451,True,2026-09-24T07:04:11,2026-09-24T07:04:11,2026-09-24T07:04:11
2451,創見,2022-08-01,63.7,-0.09999999999999432,-0.16%,,,,,,,,,ShowDailyK_ChartFlow,FinMind_API_TaiwanStockPrice_2451,True,2026-09-24T07:04:11,2026-09-24T07:04:11,2026-09-24T07:04:11
2451,創見,2022-08-02,62.7,-1.0,-1.57%,,,,,,,,,ShowDailyK_ChartFlow,FinMind_API_TaiwanStockPrice_2451,True,2026-09-24T07:04:11,2026-09-24T07:04:11,2026-09-24T07:04:11
2451,創見,2022-08-03,62.7,0.0,0.00%,,,,,,,,,ShowDailyK_ChartFlow,FinMind_API_TaiwanStockPrice_2451,True,2026-09-24T07:04:11,2026-09-24T07:04:11,2026-09-24T07:04:11
2451,創見,2022-08-04,62.2,-0.5,-0.80%,,,,,,,,,ShowDailyK_ChartFlow,FinMind_API_TaiwanStockPrice_2451,True,2026-09-24T07:04:11,2026-09-24T07:04:11,2026-09-24T07:04:11
2451,創見,2022-08-05,64.7,2.5,4.02%,,,,,,,,,ShowDailyK_ChartFlow,FinMind_API_TaiwanStockPrice_2451,True,2026-09-24T07:04:11,2026-09-24T07:04:11,2026-09-24T07:04:11
2451,創見,2022-08-08,65.3,0.5999999999999943,0.93%,,,,,,,,,ShowDailyK_ChartFlow,FinMind_API_TaiwanStockPrice_2451,True,2026-09-24T07:04:11,2026-09-24T07:04:11,2026-09-24T07:04:11
2451,創見,2022-08-09,65.6,0.29999999999999716,0.46%,,,,,,,,,ShowDailyK_ChartFlow,FinMind_API_TaiwanStockPrice_2451,True,2026-09-24T07:04:11,2026-09-24T07:04:11,2026-09-24T07:04:11
2451,創見,2022-08-10,65.0,-0.5999999999999943,-0.91%,,,,,,,,,ShowDailyK_ChartFlow,FinMind_API_TaiwanStockPrice_2451,True,2026-09-24T07:04:11,2026-09-24T07:04:11,2026-09-24T07:04:11
2451,創見,2022-08-11,65.3,0.29999999999999716,0.46%,,,,,,,,,ShowDailyK_ChartFlow,FinMind_API_TaiwanStockPrice_2451,True,2026-09-24T07:04:11,2026-09-24T07:04:11,2026-09-24T07:04:11
2451,創見,2022-08-12,65.8,0.5,0.77%,,,,,,,,,ShowDailyK_ChartFlow,FinMind_API_TaiwanStockPrice_2451,True,2026-09-24T07:04:11,2026-09-24T07:04:11,2026-09-24T07:04:11
2451,創見,2022-08-15,66.3,0.5,0.76%,,,,,,,,,ShowDailyK_ChartFlow,FinMind_API_TaiwanStockPrice_2451,True,2026-09-24T07:04:11,2026-09-24T07:04:11,2026-09-24T07:04:11
2451,創見,2022-08-16,65.9,-0.3999999999999915,-0.60%,,,,,,,,,ShowDailyK_ChartFlow,FinMind_API_TaiwanStockPrice_2451,True,2026-09-24T07:04:11,2026-09-24T07:04:11,2026-09-24T07:04:11
2451,創見,2022-08-17,65.3,-0.6000000000000085,-0.91%,,,,,,,,,ShowDailyK_ChartFlow,FinMind_API_TaiwanStockPrice_2451,True,2026-09-24T07:04:11,2026-09-24T07:04:11,2026-09-24T07:04:11
2451,創見,2022-08-18,65.1,-0.20000000000000284,-0.31%,,,,,,,,,ShowDailyK_ChartFlow,FinMind_API_TaiwanStockPrice_2451,True,2026-09-24T07:04:11,2026-09-24T07:04:11,2026-09-24T07:04:11
2451,創見,2022-08-19,66.1,1.0,1.54%,,,,,,,,,ShowDailyK_ChartFlow,FinMind_API_TaiwanStockPrice_2451,True,2026-09-24T07:04:11,2026-09-24T07:04:11,2026-09-24T07:04:11
2451,創見,2022-08-22,66.6,0.5,0.76%,,,,,,,,,ShowDailyK_ChartFlow,FinMind_API_TaiwanStockPrice_2451,True,2026-09-24T07:04:11,2026-09-24T07:04:11,2026-09-24T07:04:11
2451,創見,2022-08-23,66.3,-0.29999999999999716,-0.45%,,,,,,,,,ShowDailyK_ChartFlow,FinMind_API_TaiwanStockPrice_2451,True,2026-09-24T07:04:11,2026-09-24T07:04:11,2026-09-24T07:04:11
2451,創見,2022-08-24,66.2,-0.09999999999999432,-0.15%,,,,,,,,,ShowDailyK_ChartFlow,FinMind_API_TaiwanStockPrice_2451,True,2026-09-24T07:04:11,2026-09-24T07:04:11,2026-09-24T07:04:11
2451,創見,2022-08-25,66.5,0.29999999999999716,0.45%,,,,,,,,,ShowDailyK_ChartFlow,FinMind_API_TaiwanStockPrice_2451,True,2026-09-24T07:04:11,2026-09-24T07:04:11,2026-09-24T07:04:11
2451,創見,2022-08-26,66.6,0.09999999999999432,0.15%,,,,,,,,,ShowDailyK_ChartFlow,FinMind_API_TaiwanStockPrice_2451,True,2026-09-24T07:04:11,2026-09-24T07:04:11,2026-09-24T07:04:11
2451,創見,2022-08-29,65.3,-1.2999999999999972,-1.95%,,,,,,,,,ShowDailyK_ChartFlow,FinMind_API_TaiwanStockPrice_2451,True,2026-09-24T07:04:11,2026-09-24T07:04:11,2026-09-24T07:04:11
2451,創見,2022-08-30,65.5,0.20000000000000284,0.31%,,,,,,,,,ShowDailyK_ChartFlow,FinMind_API_TaiwanStockPrice_2451,True,2026-09-24T07:04:11,2026-09-24T07:04:11,2026-09-24T07:04:11
2451,創見,2022-08-31,66.2,0.7000000000000028,1.07%,,,,,,,,,ShowDailyK_ChartFlow,FinMind_API_TaiwanStockPrice_2451,True,2026-09-24T07:04:11,2026-09-24T07:04:11,2026-09-24T07:04:11
2451,創見,2022-09-01,65.5,-0.7000000000000028,-1.06%,,,,,,,,,ShowDailyK_ChartFlow,FinMind_API_TaiwanStockPrice_2451,True,2026-09-24T07:04:11,2026-09-24T07:04:11,2026-09-24T07:04:11
2451,創見,2022-09-02,65.0,-0.5,-0.76%,,,,,,,,,ShowDailyK_ChartFlow,FinMind_API_TaiwanStockPrice_2451,True,2026-09-24T07:04:11,2026-09-24T07:04:11,2026-09-24T07:04:11
2451,創見,2022-09-05,65.0,0.0,0.00%,,,,,,,,,ShowDailyK_ChartFlow,FinMind_API_TaiwanStockPrice_2451,True,2026-09-24T07:04:11,2026-09-24T07:04:11,2026-09-24T07:04:11
2451,創見,2022-09-06,64.7,-0.29999999999999716,-0.46%,,,,,,,,,ShowDailyK_ChartFlow,FinMind_API_TaiwanStockPrice_2451,True,2026-09-24T07:04:11,2026-09-24T07:04:11,2026-09-24T07:04:11
2451,創見,2022-09-07,63.9,-0.8000000000000043,-1.24%,,,,,,,,,ShowDailyK_ChartFlow,FinMind_API_TaiwanStockPrice_2451,True,2026-09-24T07:04:11,2026-09-24T07:04:11,2026-09-24T07:04:11
2451,創見,2022-09-08,64.8,0.8999999999999986,1.41%,,,,,,,,,ShowDailyK_ChartFlow,FinMind_API_TaiwanStockPrice_2451,True,2026-09-24T07:04:11,2026-09-24T07:04:11,2026-09-24T07:04:11
2451,創見,2022-09-12,65.6,0.7999999999999972,1.23%,,,,,,,,,ShowDailyK_ChartFlow,FinMind_API_TaiwanStockPrice_2451,True,2026-09-24T07:04:11,2026-09-24T07:04:11,2026-09-24T07:04:11
2451,創見,2022-09-13,66.0,0.4000000000000057,0.61%,,,,,,,,,ShowDailyK_ChartFlow,FinMind_API_TaiwanStockPrice_2451,True,2026-09-24T07:04:11,2026-09-24T07:04:11,2026-09-24T07:04:11
2451,創見,2022-09-14,65.4,-0.5999999999999943,-0.91%,,,,,,,,,ShowDailyK_ChartFlow,FinMind_API_TaiwanStockPrice_2451,True,2026-09-24T07:04:11,2026-09-24T07:04:11,2026-09-24T07:04:11
2451,創見,2022-09-15,65.7,0.29999999999999716,0.46%,,,,,,,,,ShowDailyK_ChartFlow,FinMind_API_TaiwanStockPrice_2451,True,2026-09-24T07:04:11,2026-09-24T07:04:11,2026-09-24T07:04:11
2451,創見,2022-09-16,67.8,2.0999999999999943,3.20%,,,,,,,,,ShowDailyK_ChartFlow,FinMind_API_TaiwanStockPrice_2451,True,2026-09-24T07:04:11,2026-09-24T07:04:11,2026-09-24T07:04:11
2451,創見,2022-09-19,66.8,-1.0,-1.47%,,,,,,,,,ShowDailyK_ChartFlow,FinMind_API_TaiwanStockPrice_2451,True,2026-09-24T07:04:11,2026-09-24T07:04:11,2026-09-24T07:04:11
2451,創見,2022-09-20,66.0,-0.7999999999999972,-1.20%,,,,,,,,,ShowDailyK_ChartFlow,FinMind_API_TaiwanStockPrice_2451,True,2026-09-24T07:04:11,2026-09-24T07:04:11,2026-09-24T07:04:11
2451,創見,2022-09-21,65.5,-0.5,-0.76%,,,,,,,,,ShowDailyK_ChartFlow,FinMind_API_TaiwanStockPrice_2451,True,2026-09-24T07:04:11,2026-09-24T07:04:11,2026-09-24T07:04:11
2451,創見,2022-09-22,65.7,0.20000000000000284,0.31%,,,,,,,,,ShowDailyK_ChartFlow,FinMind_API_TaiwanStockPrice_2451,True,2026-09-24T07:04:11,2026-09-24T07:04:11,2026-09-24T07:04:11
2451,創見,2022-09-23,65.3,-0.4000000000000057,-0.61%,,,,,,,,,ShowDailyK_ChartFlow,FinMind_API_TaiwanStockPrice_2451,True,2026-09-24T07:04:11,2026-09-24T07:04:11,2026-09-24T07:04:11
2451,創見,2022-09-26,63.7,-1.5999999999999943,-2.45%,,,,,,,,,ShowDailyK_ChartFlow,FinMind_API_TaiwanStockPrice_2451,True,2026-09-24T07:04:11,2026-09-24T07:04:11,2026-09-24T07:04:11
2451,創見,2022-09-27,64.9,1.2000000000000028,1.88%,,,,,,,,,ShowDailyK_ChartFlow,FinMind_API_TaiwanStockPrice_2451,True,2026-09-24T07:04:11,2026-09-24T07:04:11,2026-09-24T07:04:11
2451,創見,2022-09-28,63.4,-1.500000000000007,-2.31%,,,,,,,,,ShowDailyK_ChartFlow,FinMind_API_TaiwanStockPrice_2451,True,2026-09-24T07:04:11,2026-09-24T07:04:11,2026-09-24T07:04:11
2451,創見,2022-09-29,64.3,0.8999999999999986,1.42%,,,,,,,,,ShowDailyK_ChartFlow,FinMind_API_TaiwanStockPrice_2451,True,2026-09-24T07:04:11,2026-09-24T07:04:11,2026-09-24T07:04:11
2451,創見,2022-09-30,64.5,0.20000000000000284,0.31%,,,,,,,,,ShowDailyK_ChartFlow,FinMind_API_TaiwanStockPrice_2451,True,2026-09-24T07:04:11,2026-09-24T07:04:11,2026-09-24T07:04:11
2451,創見,2022-10-03,64.0,-0.5,-0.78%,,,,,,,,,ShowDailyK_ChartFlow,FinMind_API_TaiwanStockPrice_2451,True,2026-09-24T07:04:11,2026-09-24T07:04:11,2026-09-24T07:04:11
2451,創見,2022-10-04,64.5,0.5,0.78%,,,,,,,,,ShowDailyK_ChartFlow,FinMind_API_TaiwanStockPrice_2451,True,2026-09-24T07:04:11,2026-09-24T07:04:11,2026-09-24T07:04:11
2451,創見,2022-10-05,65.3,0.7999999999999972,1.24%,,,,,,,,,ShowDailyK_ChartFlow,FinMind_API_TaiwanStockPrice_2451,True,2026-09-24T07:04:11,2026-09-24T07:04:11,2026-09-24T07:04:11
2451,創見,2022-10-06,65.8,0.5,0.77%,,,,,,,,,ShowDailyK_ChartFlow,FinMind_API_TaiwanStockPrice_2451,True,2026-09-24T07:04:11,2026-09-24T07:04:11,2026-09-24T07:04:11
2451,創見,2022-10-07,66.4,0.6000000000000085,0.91%,,,,,,,,,ShowDailyK_ChartFlow,FinMind_API_TaiwanStockPrice_2451,True,2026-09-24T07:04:11,2026-09-24T07:04:11,2026-09-24T07:04:11
2451,創見,2022-10-11,66.3,-0.10000000000000853,-0.15%,,,,,,,,,ShowDailyK_ChartFlow,FinMind_API_TaiwanStockPrice_2451,True,2026-09-24T07:04:11,2026-09-24T07:04:11,2026-09-24T07:04:11
2451,創見,2022-10-12,66.0,-0.29999999999999716,-0.45%,,,,,,,,,ShowDailyK_ChartFlow,FinMind_API_TaiwanStockPrice_2451,True,2026-09-24T07:04:11,2026-09-24T07:04:11,2026-09-24T07:04:11
2451,創見,2022-10-13,64.5,-1.5,-2.27%,,,,,,,,,ShowDailyK_ChartFlow,FinMind_API_TaiwanStockPrice_2451,True,2026-09-24T07:04:11,2026-09-24T07:04:11,2026-09-24T07:04:11
2451,創見,2022-10-14,65.9,1.4000000000000057,2.17%,,,,,,,,,ShowDailyK_ChartFlow,FinMind_API_TaiwanStockPrice_2451,True,2026-09-24T07:04:11,2026-09-24T07:04:11,2026-09-24T07:04:11
2451,創見,2022-10-17,65.5,-0.4000000000000057,-0.61%,,,,,,,,,ShowDailyK_ChartFlow,FinMind_API_TaiwanStockPrice_2451,True,2026-09-24T07:04:11,2026-09-24T07:04:11,2026-09-24T07:04:11
2451,創見,2022-10-18,66.5,1.0,1.53%,,,,,,,,,ShowDailyK_ChartFlow,FinMind_API_TaiwanStockPrice_2451,True,2026-09-24T07:04:11,2026-09-24T07:04:11,2026-09-24T07:04:11
2451,創見,2022-10-19,66.0,-0.5,-0.75%,,,,,,,,,ShowDailyK_ChartFlow,FinMind_API_TaiwanStockPrice_2451,True,2026-09-24T07:04:11,2026-09-24T07:04:11,2026-09-24T07:04:11
2451,創見,2022-10-20,65.9,-0.09999999999999432,-0.15%,,,,,,,,,ShowDailyK_ChartFlow,FinMind_API_TaiwanStockPrice_2451,True,2026-09-24T07:04:11,2026-09-24T07:04:11,2026-09-24T07:04:11
2451,創見,2022-10-21,64.9,-1.0,-1.52%,,,,,,,,,ShowDailyK_ChartFlow,FinMind_API_TaiwanStockPrice_2451,True,2026-09-24T07:04:11,2026-09-24T07:04:11,2026-09-24T07:04:11
2451,創見,2022-10-24,65.0,0.09999999999999432,0.15%,,,,,,,,,ShowDailyK_ChartFlow,FinMind_API_TaiwanStockPrice_2451,True,2026-09-24T07:04:11,2026-09-24T07:04:11,2026-09-24T07:04:11
2451,創見,2022-10-25,64.5,-0.5,-0.77%,,,,,,,,,ShowDailyK_ChartFlow,FinMind_API_TaiwanStockPrice_2451,True,2026-09-24T07:04:11,2026-09-24T07:04:11,2026-09-24T07:04:11
2451,創見,2022-10-26,65.0,0.5,0.78%,,,,,,,,,ShowDailyK_ChartFlow,FinMind_API_TaiwanStockPrice_2451,True,2026-09-24T07:04:11,2026-09-24T07:04:11,2026-09-24T07:04:11
2451,創見,2022-10-27,65.9,0.9000000000000057,1.38%,,,,,,,,,ShowDailyK_ChartFlow,FinMind_API_TaiwanStockPrice_2451,True,2026-09-24T07:04:11,2026-09-24T07:04:11,2026-09-24T07:04:11
2451,創見,2022-10-28,64.4,-1.5,-2.28%,,,,,,,,,ShowDailyK_ChartFlow,FinMind_API_TaiwanStockPrice_2451,True,2026-09-24T07:04:11,2026-09-24T07:04:11,2026-09-24T07:04:11
2451,創見,2022-10-31,64.4,0.0,0.00%,,,,,,,,,ShowDailyK_ChartFlow,FinMind_API_TaiwanStockPrice_2451,True,2026-09-24T07:04:11,2026-09-24T07:04:11,2026-09-24T07:04:11
2451,創見,2022-11-01,65.2,0.7999999999999972,1.24%,,,,,,,,,ShowDailyK_ChartFlow,FinMind_API_TaiwanStockPrice_2451,True,2026-09-24T07:04:11,2026-09-24T07:04:11,2026-09-24T07:04:11
2451,創見,2022-11-02,65.5,0.29999999999999716,0.46%,,,,,,,,,ShowDailyK_ChartFlow,FinMind_API_TaiwanStockPrice_2451,True,2026-09-24T07:04:11,2026-09-24T07:04:11,2026-09-24T07:04:11
2451,創見,2022-11-03,65.1,-0.4000000000000057,-0.61%,,,,,,,,,ShowDailyK_ChartFlow,FinMind_API_TaiwanStockPrice_2451,True,2026-09-24T07:04:11,2026-09-24T07:04:11,2026-09-24T07:04:11
2451,創見,2022-11-04,65.0,-0.09999999999999432,-0.15%,,,,,,,,,ShowDailyK_ChartFlow,FinMind_API_TaiwanStockPrice_2451,True,2026-09-24T07:04:11,2026-09-24T07:04:11,2026-09-24T07:04:11
2451,創見,2022-11-07,65.0,0.0,0.00%,,,,,,,,,ShowDailyK_ChartFlow,FinMind_API_TaiwanStockPrice_2451,True,2026-09-24T07:04:11,2026-09-24T07:04:11,2026-09-24T07:04:11
2451,創見,2022-11-08,65.1,0.09999999999999432,0.15%,,,,,,,,,ShowDailyK_ChartFlow,FinMind_API_TaiwanStockPrice_2451,True,2026-09-24T07:04:11,2026-09-24T07:04:11,2026-09-24T07:04:11
2451,創見,2022-11-09,66.9,1.8000000000000114,2.76%,,,,,,,,,ShowDailyK_ChartFlow,FinMind_API_TaiwanStockPrice_2451,True,2026-09-24T07:04:11,2026-09-24T07:04:11,2026-09-24T07:04:11
2451,創見,2022-11-10,66.5,-0.4000000000000057,-0.60%,,,,,,,,,ShowDailyK_ChartFlow,FinMind_API_TaiwanStockPrice_2451,True,2026-09-24T07:04:11,2026-09-24T07:04:11,2026-09-24T07:04:11
2451,創見,2022-11-11,66.7,0.20000000000000284,0.30%,,,,,,,,,ShowDailyK_ChartFlow,FinMind_API_TaiwanStockPrice_2451,True,2026-09-24T07:04:11,2026-09-24T07:04:11,2026-09-24T07:04:11
2451,創見,2022-11-14,66.7,0.0,0.00%,,,,,,,,,ShowDailyK_ChartFlow,FinMind_API_TaiwanStockPrice_2451,True,2026-09-24T07:04:11,2026-09-24T07:04:11,2026-09-24T07:04:11
2451,創見,2022-11-15,66.4,-0.29999999999999716,-0.45%,,,,,,,,,ShowDailyK_ChartFlow,FinMind_API_TaiwanStockPrice_2451,True,2026-09-24T07:04:11,2026-09-24T07:04:11,2026-09-24T07:04:11
2451,創見,2022-11-16,66.0,-0.4000000000000057,-0.60%,,,,,,,,,ShowDailyK_ChartFlow,FinMind_API_TaiwanStockPrice_2451,True,2026-09-24T07:04:11,2026-09-24T07:04:11,2026-09-24T07:04:11
2451,創見,2022-11-17,66.0,0.0,0.00%,,,,,,,,,ShowDailyK_ChartFlow,FinMind_API_TaiwanStockPrice_2451,True,2026-09-24T07:04:11,2026-09-24T07:04:11,2026-09-24T07:04:11
2451,創見,2022-11-18,65.8,-0.20000000000000284,-0.30%,,,,,,,,,ShowDailyK_ChartFlow,FinMind_API_TaiwanStockPrice_2451,True,2026-09-24T07:04:11,2026-09-24T07:04:11,2026-09-24T07:04:11
2451,創見,2022-11-21,65.5,-0.29999999999999716,-0.46%,,,,,,,,,ShowDailyK_ChartFlow,FinMind_API_TaiwanStockPrice_2451,True,2026-09-24T07:04:11,2026-09-24T07:04:11,2026-09-24T07:04:11
2451,創見,2022-11-22,65.2,-0.29999999999999716,-0.46%,,,,,,,,,ShowDailyK_ChartFlow,FinMind_API_TaiwanStockPrice_2451,True,2026-09-24T07:04:11,2026-09-24T07:04:11,2026-09-24T07:04:11
2451,創見,2022-11-23,65.5,0.29999999999999716,0.46%,,,,,,,,,ShowDailyK_ChartFlow,FinMind_API_TaiwanStockPrice_2451,True,2026-09-24T07:04:11,2026-09-24T07:04:11,2026-09-24T07:04:11
2451,創見,2022-11-24,66.3,0.7999999999999972,1.22%,,,,,,,,,ShowDailyK_ChartFlow,FinMind_API_TaiwanStockPrice_2451,True,2026-09-24T07:04:11,2026-09-24T07:04:11,2026-09-24T07:04:11
2451,創見,2022-11-25,66.4,0.10000000000000853,0.15%,,,,,,,,,ShowDailyK_ChartFlow,FinMind_API_TaiwanStockPrice_2451,True,2026-09-24T07:04:11,2026-09-24T07:04:11,2026-09-24T07:04:11
2451,創見,2022-11-28,66.8,0.3999999999999915,0.60%,,,,,,,,,ShowDailyK_ChartFlow,FinMind_API_TaiwanStockPrice_2451,True,2026-09-24T07:04:11,2026-09-24T07:04:11,2026-09-24T07:04:11
2451,創見,2022-11-29,67.2,0.4000000000000057,0.60%,,,,,,,,,ShowDailyK_ChartFlow,FinMind_API_TaiwanStockPrice_2451,True,2026-09-24T07:04:11,2026-09-24T07:04:11,2026-09-24T07:04:11
2451,創見,2022-11-30,67.7,0.5,0.74%,,,,,,,,,ShowDailyK_ChartFlow,FinMind_API_TaiwanStockPrice_2451,True,2026-09-24T07:04:11,2026-09-24T07:04:11,2026-09-24T07:04:11
2451,創見,2022-12-01,67.9,0.20000000000000284,0.30%,,,,,,,,,ShowDailyK_ChartFlow,FinMind_API_TaiwanStockPrice_2451,True,2026-09-24T07:04:11,2026-09-24T07:04:11,2026-09-24T07:04:11
2451,創見,2022-12-02,67.4,-0.5,-0.74%,,,,,,,,,ShowDailyK_ChartFlow,FinMind_API_TaiwanStockPrice_2451,True,2026-09-24T07:04:11,2026-09-24T07:04:11,2026-09-24T07:04:11
2451,創見,2022-12-05,67.6,0.19999999999998863,0.30%,,,,,,,,,ShowDailyK_ChartFlow,FinMind_API_TaiwanStockPrice_2451,True,2026-09-24T07:04:11,2026-09-24T07:04:11,2026-09-24T07:04:11
2451,創見,2022-12-06,67.2,-0.3999999999999915,-0.59%,,,,,,,,,ShowDailyK_ChartFlow,FinMind_API_TaiwanStockPrice_2451,True,2026-09-24T07:04:11,2026-09-24T07:04:11,2026-09-24T07:04:11
2451,創見,2022-12-07,66.8,-0.4000000000000057,-0.60%,,,,,,,,,ShowDailyK_ChartFlow,FinMind_API_TaiwanStockPrice_2451,True,2026-09-24T07:04:11,2026-09-24T07:04:11,2026-09-24T07:04:11
2451,創見,2022-12-08,66.8,0.0,0.00%,,,,,,,,,ShowDailyK_ChartFlow,FinMind_API_TaiwanStockPrice_2451,True,2026-09-24T07:04:11,2026-09-24T07:04:11,2026-09-24T07:04:11
2451,創見,2022-12-09,66.9,0.10000000000000853,0.15%,,,,,,,,,ShowDailyK_ChartFlow,FinMind_API_TaiwanStockPrice_2451,True,2026-09-24T07:04:11,2026-09-24T07:04:11,2026-09-24T07:04:11
2451,創見,2022-12-12,66.9,0.0,0.00%,,,,,,,,,ShowDailyK_ChartFlow,FinMind_API_TaiwanStockPrice_2451,True,2026-09-24T07:04:11,2026-09-24T07:04:11,2026-09-24T07:04:11
2451,創見,2022-12-13,67.0,0.09999999999999432,0.15%,,,,,,,,,ShowDailyK_ChartFlow,FinMind_API_TaiwanStockPrice_2451,True,2026-09-24T07:04:11,2026-09-24T07:04:11,2026-09-24T07:04:11
2451,創見,2022-12-14,66.9,-0.09999999999999432,-0.15%,,,,,,,,,ShowDailyK_ChartFlow,FinMind_API_TaiwanStockPrice_2451,True,2026-09-24T07:04:11,2026-09-24T07:04:11,2026-09-24T07:04:11
2451,創見,2022-12-15,66.4,-0.5,-0.75%,,,,,,,,,ShowDailyK_ChartFlow,FinMind_API_TaiwanStockPrice_2451,True,2026-09-24T07:04:11,2026-09-24T07:04:11,2026-09-24T07:04:11
2451,創見,2022-12-16,65.7,-0.7000000000000028,-1.05%,,,,,,,,,ShowDailyK_ChartFlow,FinMind_API_TaiwanStockPrice_2451,True,2026-09-24T07:04:11,2026-09-24T07:04:11,2026-09-24T07:04:11
2451,創見,2022-12-19,67.2,1.5,2.28%,,,,,,,,,ShowDailyK_ChartFlow,FinMind_API_TaiwanStockPrice_2451,True,2026-09-24T07:04:11,2026-09-24T07:04:11,2026-09-24T07:04:11
2451,創見,2022-12-20,65.8,-1.4000000000000057,-2.08%,,,,,,,,,ShowDailyK_ChartFlow,FinMind_API_TaiwanStockPrice_2451,True,2026-09-24T07:04:11,2026-09-24T07:04:11,2026-09-24T07:04:11
2451,創見,2022-12-21,65.8,0.0,0.00%,,,,,,,,,ShowDailyK_ChartFlow,FinMind_API_TaiwanStockPrice_2451,True,2026-09-24T07:04:11,2026-09-24T07:04:11,2026-09-24T07:04:11
2451,創見,2022-12-22,66.5,0.7000000000000028,1.06%,,,,,,,,,ShowDailyK_ChartFlow,FinMind_API_TaiwanStockPrice_2451,True,2026-09-24T07:04:11,2026-09-24T07:04:11,2026-09-24T07:04:11
2451,創見,2022-12-23,66.8,0.29999999999999716,0.45%,,,,,,,,,ShowDailyK_ChartFlow,FinMind_API_TaiwanStockPrice_2451,True,2026-09-24T07:04:11,2026-09-24T07:04:11,2026-09-24T07:04:11
2451,創見,2022-12-26,66.8,0.0,0.00%,,,,,,,,,ShowDailyK_ChartFlow,FinMind_API_TaiwanStockPrice_2451,True,2026-09-24T07:04:11,2026-09-24T07:04:11,2026-09-24T07:04:11
2451,創見,2022-12-27,66.8,0.0,0.00%,,,,,,,,,ShowDailyK_ChartFlow,FinMind_API_TaiwanStockPrice_2451,True,2026-09-24T07:04:11,2026-09-24T07:04:11,2026-09-24T07:04:11
2451,創見,2022-12-28,66.3,-0.5,-0.75%,,,,,,,,,ShowDailyK_ChartFlow,FinMind_API_TaiwanStockPrice_2451,True,2026-09-24T07:04:11,2026-09-24T07:04:11,2026-09-24T07:04:11
2451,創見,2022-12-29,65.7,-0.5999999999999943,-0.90%,,,,,,,,,ShowDailyK_ChartFlow,FinMind_API_TaiwanStockPrice_2451,True,2026-09-24T07:04:11,2026-09-24T07:04:11,2026-09-24T07:04:11
2451,創見,2022-12-30,66.0,0.29999999999999716,0.46%,,,,,,,,,ShowDailyK_ChartFlow,FinMind_API_TaiwanStockPrice_2451,True,2026-09-24T07:04:11,2026-09-24T07:04:11,2026-09-24T07:04:11
2451,創見,2023-01-03,66.0,0.0,0.00%,,,,,,,,,ShowDailyK_ChartFlow,FinMind_API_TaiwanStockPrice_2451,True,2026-09-24T07:04:11,2026-09-24T07:04:11,2026-09-24T07:04:11
2451,創見,2023-01-04,66.2,0.20000000000000284,0.30%,,,,,,,,,ShowDailyK_ChartFlow,FinMind_API_TaiwanStockPrice_2451,True,2026-09-24T07:04:11,2026-09-24T07:04:11,2026-09-24T07:04:11
2451,創見,2023-01-05,66.7,0.5,0.76%,,,,,,,,,ShowDailyK_ChartFlow,FinMind_API_TaiwanStockPrice_2451,True,2026-09-24T07:04:11,2026-09-24T07:04:11,2026-09-24T07:04:11
2451,創見,2023-01-06,66.7,0.0,0.00%,,,,,,,,,ShowDailyK_ChartFlow,FinMind_API_TaiwanStockPrice_2451,True,2026-09-24T07:04:11,2026-09-24T07:04:11,2026-09-24T07:04:11
2451,創見,2023-01-09,67.1,0.3999999999999915,0.60%,,,,,,,,,ShowDailyK_ChartFlow,FinMind_API_TaiwanStockPrice_2451,True,2026-09-24T07:04:11,2026-09-24T07:04:11,2026-09-24T07:04:11
2451,創見,2023-01-10,67.0,-0.09999999999999432,-0.15%,,,,,,,,,ShowDailyK_ChartFlow,FinMind_API_TaiwanStockPrice_2451,True,2026-09-24T07:04:11,2026-09-24T07:04:11,2026-09-24T07:04:11
2451,創見,2023-01-11,67.3,0.29999999999999716,0.45%,,,,,,,,,ShowDailyK_ChartFlow,FinMind_API_TaiwanStockPrice_2451,True,2026-09-24T07:04:11,2026-09-24T07:04:11,2026-09-24T07:04:11
2451,創見,2023-01-12,67.3,0.0,0.00%,,,,,,,,,ShowDailyK_ChartFlow,FinMind_API_TaiwanStockPrice_2451,True,2026-09-24T07:04:11,2026-09-24T07:04:11,2026-09-24T07:04:11
2451,創見,2023-01-13,67.2,-0.09999999999999432,-0.15%,,,,,,,,,ShowDailyK_ChartFlow,FinMind_API_TaiwanStockPrice_2451,True,2026-09-24T07:04:11,2026-09-24T07:04:11,2026-09-24T07:04:11
2451,創見,2023-01-16,67.4,0.20000000000000284,0.30%,,,,,,,,,ShowDailyK_ChartFlow,FinMind_API_TaiwanStockPrice_2451,True,2026-09-24T07:04:11,2026-09-24T07:04:11,2026-09-24T07:04:11
2451,創見,2023-01-17,67.4,0.0,0.00%,,,,,,,,,ShowDailyK_ChartFlow,FinMind_API_TaiwanStockPrice_2451,True,2026-09-24T07:04:11,2026-09-24T07:04:11,2026-09-24T07:04:11
2451,創見,2023-01-30,68.0,0.5999999999999943,0.89%,,,,,,,,,ShowDailyK_ChartFlow,FinMind_API_TaiwanStockPrice_2451,True,2026-09-24T07:04:11,2026-09-24T07:04:11,2026-09-24T07:04:11
2451,創見,2023-01-31,68.0,0.0,0.00%,,,,,,,,,ShowDailyK_ChartFlow,FinMind_API_TaiwanStockPrice_2451,True,2026-09-24T07:04:11,2026-09-24T07:04:11,2026-09-24T07:04:11
2451,創見,2023-02-01,67.7,-0.29999999999999716,-0.44%,,,,,,,,,ShowDailyK_ChartFlow,FinMind_API_TaiwanStockPrice_2451,True,2026-09-24T07:04:11,2026-09-24T07:04:11,2026-09-24T07:04:11
2451,創見,2023-02-02,68.2,0.5,0.74%,,,,,,,,,ShowDailyK_ChartFlow,FinMind_API_TaiwanStockPrice_2451,True,2026-09-24T07:04:11,2026-09-24T07:04:11,2026-09-24T07:04:11
2451,創見,2023-02-03,68.3,0.09999999999999432,0.15%,,,,,,,,,ShowDailyK_ChartFlow,FinMind_API_TaiwanStockPrice_2451,True,2026-09-24T07:04:11,2026-09-24T07:04:11,2026-09-24T07:04:11
2451,創見,2023-02-06,67.7,-0.5999999999999943,-0.88%,,,,,,,,,ShowDailyK_ChartFlow,FinMind_API_TaiwanStockPrice_2451,True,2026-09-24T07:04:11,2026-09-24T07:04:11,2026-09-24T07:04:11
2451,創見,2023-02-07,68.7,1.0,1.48%,,,,,,,,,ShowDailyK_ChartFlow,FinMind_API_TaiwanStockPrice_2451,True,2026-09-24T07:04:11,2026-09-24T07:04:11,2026-09-24T07:04:11
2451,創見,2023-02-08,68.8,0.09999999999999432,0.15%,,,,,,,,,ShowDailyK_ChartFlow,FinMind_API_TaiwanStockPrice_2451,True,2026-09-24T07:04:11,2026-09-24T07:04:11,2026-09-24T07:04:11
2451,創見,2023-02-09,68.8,0.0,0.00%,,,,,,,,,ShowDailyK_ChartFlow,FinMind_API_TaiwanStockPrice_2451,True,2026-09-24T07:04:11,2026-09-24T07:04:11,2026-09-24T07:04:11
2451,創見,2023-02-10,68.5,-0.29999999999999716,-0.44%,,,,,,,,,ShowDailyK_ChartFlow,FinMind_API_TaiwanStockPrice_2451,True,2026-09-24T07:04:11,2026-09-24T07:04:11,2026-09-24T07:04:11
2451,創見,2023-02-13,68.5,0.0,0.00%,,,,,,,,,ShowDailyK_ChartFlow,FinMind_API_TaiwanStockPrice_2451,True,2026-09-24T07:04:11,2026-09-24T07:04:11,2026-09-24T07:04:11
2451,創見,2023-02-14,68.5,0.0,0.00%,,,,,,,,,ShowDailyK_ChartFlow,FinMind_API_TaiwanStockPrice_2451,True,2026-09-24T07:04:11,2026-09-24T07:04:11,2026-09-24T07:04:11
2451,創見,2023-02-15,68.6,0.09999999999999432,0.15%,,,,,,,,,ShowDailyK_ChartFlow,FinMind_API_TaiwanStockPrice_2451,True,2026-09-24T07:04:11,2026-09-24T07:04:11,2026-09-24T07:04:11
2451,創見,2023-02-16,68.5,-0.09999999999999432,-0.15%,,,,,,,,,ShowDailyK_ChartFlow,FinMind_API_TaiwanStockPrice_2451,True,2026-09-24T07:04:11,2026-09-24T07:04:11,2026-09-24T07:04:11
2451,創見,2023-02-17,68.7,0.20000000000000284,0.29%,,,,,,,,,ShowDailyK_ChartFlow,FinMind_API_TaiwanStockPrice_2451,True,2026-09-24T07:04:11,2026-09-24T07:04:11,2026-09-24T07:04:11
2451,創見,2023-02-20,69.3,0.5999999999999943,0.87%,,,,,,,,,ShowDailyK_ChartFlow,FinMind_API_TaiwanStockPrice_2451,True,2026-09-24T07:04:11,2026-09-24T07:04:11,2026-09-24T07:04:11
2451,創見,2023-02-21,69.5,0.20000000000000284,0.29%,,,,,,,,,ShowDailyK_ChartFlow,FinMind_API_TaiwanStockPrice_2451,True,2026-09-24T07:04:11,2026-09-24T07:04:11,2026-09-24T07:04:11
2451,創見,2023-02-22,69.5,0.0,0.00%,,,,,,,,,ShowDailyK_ChartFlow,FinMind_API_TaiwanStockPrice_2451,True,2026-09-24T07:04:11,2026-09-24T07:04:11,2026-09-24T07:04:11
2451,創見,2023-02-23,69.5,0.0,0.00%,,,,,,,,,ShowDailyK_ChartFlow,FinMind_API_TaiwanStockPrice_2451,True,2026-09-24T07:04:11,2026-09-24T07:04:11,2026-09-24T07:04:11
2451,創見,2023-02-24,70.3,0.7999999999999972,1.15%,,,,,,,,,ShowDailyK_ChartFlow,FinMind_API_TaiwanStockPrice_2451,True,2026-09-24T07:04:11,2026-09-24T07:04:11,2026-09-24T07:04:11
2451,創見,2023-03-01,70.7,0.4000000000000057,0.57%,,,,,,,,,ShowDailyK_ChartFlow,FinMind_API_TaiwanStockPrice_2451,True,2026-09-24T07:04:11,2026-09-24T07:04:11,2026-09-24T07:04:11
2451,創見,2023-03-02,71.1,0.3999999999999915,0.57%,,,,,,,,,ShowDailyK_ChartFlow,FinMind_API_TaiwanStockPrice_2451,True,2026-09-24T07:04:11,2026-09-24T07:04:11,2026-09-24T07:04:11
2451,創見,2023-03-03,71.0,-0.09999999999999432,-0.14%,,,,,,,,,ShowDailyK_ChartFlow,FinMind_API_TaiwanStockPrice_2451,True,2026-09-24T07:04:11,2026-09-24T07:04:11,2026-09-24T07:04:11
2451,創見,2023-03-06,70.9,-0.09999999999999432,-0.14%,,,,,,,,,ShowDailyK_ChartFlow,FinMind_API_TaiwanStockPrice_2451,True,2026-09-24T07:04:11,2026-09-24T07:04:11,2026-09-24T07:04:11
2451,創見,2023-03-07,71.0,0.09999999999999432,0.14%,,,,,,,,,ShowDailyK_ChartFlow,FinMind_API_TaiwanStockPrice_2451,True,2026-09-24T07:04:11,2026-09-24T07:04:11,2026-09-24T07:04:11
2451,創見,2023-03-08,71.2,0.20000000000000284,0.28%,,,,,,,,,ShowDailyK_ChartFlow,FinMind_API_TaiwanStockPrice_2451,True,2026-09-24T07:04:11,2026-09-24T07:04:11,2026-09-24T07:04:11
2451,創見,2023-03-09,71.1,-0.10000000000000853,-0.14%,,,,,,,,,ShowDailyK_ChartFlow,FinMind_API_TaiwanStockPrice_2451,True,2026-09-24T07:04:11,2026-09-24T07:04:11,2026-09-24T07:04:11
2451,創見,2023-03-10,71.0,-0.09999999999999432,-0.14%,,,,,,,,,ShowDailyK_ChartFlow,FinMind_API_TaiwanStockPrice_2451,True,2026-09-24T07:04:11,2026-09-24T07:04:11,2026-09-24T07:04:11
2451,創見,2023-03-13,71.1,0.09999999999999432,0.14%,,,,,,,,,ShowDailyK_ChartFlow,FinMind_API_TaiwanStockPrice_2451,True,2026-09-24T07:04:11,2026-09-24T07:04:11,2026-09-24T07:04:11
2451,創見,2023-03-14,71.2,0.10000000000000853,0.14%,,,,,,,,,ShowDailyK_ChartFlow,FinMind_API_TaiwanStockPrice_2451,True,2026-09-24T07:04:11,2026-09-24T07:04:11,2026-09-24T07:04:11
2451,創見,2023-03-15,71.5,0.29999999999999716,0.42%,,,,,,,,,ShowDailyK_ChartFlow,FinMind_API_TaiwanStockPrice_2451,True,2026-09-24T07:04:11,2026-09-24T07:04:11,2026-09-24T07:04:11
2451,創見,2023-03-16,70.2,-1.2999999999999972,-1.82%,,,,,,,,,ShowDailyK_ChartFlow,FinMind_API_TaiwanStockPrice_2451,True,2026-09-24T07:04:11,2026-09-24T07:04:11,2026-09-24T07:04:11
2451,創見,2023-03-17,71.6,1.3999999999999915,1.99%,,,,,,,,,ShowDailyK_ChartFlow,FinMind_API_TaiwanStockPrice_2451,True,2026-09-24T07:04:11,2026-09-24T07:04:11,2026-09-24T07:04:11
2451,創見,2023-03-20,71.6,0.0,0.00%,,,,,,,,,ShowDailyK_ChartFlow,FinMind_API_TaiwanStockPrice_2451,True,2026-09-24T07:04:11,2026-09-24T07:04:11,2026-09-24T07:04:11
2451,創見,2023-03-21,71.9,0.30000000000001137,0.42%,,,,,,,,,ShowDailyK_ChartFlow,FinMind_API_TaiwanStockPrice_2451,True,2026-09-24T07:04:11,2026-09-24T07:04:11,2026-09-24T07:04:11
2451,創見,2023-03-22,71.9,0.0,0.00%,,,,,,,,,ShowDailyK_ChartFlow,FinMind_API_TaiwanStockPrice_2451,True,2026-09-24T07:04:11,2026-09-24T07:04:11,2026-09-24T07:04:11
2451,創見,2023-03-23,72.6,0.6999999999999886,0.97%,,,,,,,,,ShowDailyK_ChartFlow,FinMind_API_TaiwanStockPrice_2451,True,2026-09-24T07:04:11,2026-09-24T07:04:11,2026-09-24T07:04:11
2451,創見,2023-03-24,73.5,0.9000000000000057,1.24%,,,,,,,,,ShowDailyK_ChartFlow,FinMind_API_TaiwanStockPrice_2451,True,2026-09-24T07:04:11,2026-09-24T07:04:11,2026-09-24T07:04:11
2451,創見,2023-03-27,72.8,-0.7000000000000028,-0.95%,,,,,,,,,ShowDailyK_ChartFlow,FinMind_API_TaiwanStockPrice_2451,True,2026-09-24T07:04:11,2026-09-24T07:04:11,2026-09-24T07:04:11
2451,創見,2023-03-28,72.6,-0.20000000000000284,-0.27%,,,,,,,,,ShowDailyK_ChartFlow,FinMind_API_TaiwanStockPrice_2451,True,2026-09-24T07:04:11,2026-09-24T07:04:11,2026-09-24T07:04:11
2451,創見,2023-03-29,72.5,-0.09999999999999432,-0.14%,,,,,,,,,ShowDailyK_ChartFlow,FinMind_API_TaiwanStockPrice_2451,True,2026-09-24T07:04:11,2026-09-24T07:04:11,2026-09-24T07:04:11
2451,創見,2023-03-30,73.0,0.5,0.69%,,,,,,,,,ShowDailyK_ChartFlow,FinMind_API_TaiwanStockPrice_2451,True,2026-09-24T07:04:11,2026-09-24T07:04:11,2026-09-24T07:04:11
2451,創見,2023-03-31,73.1,0.09999999999999432,0.14%,,,,,,,,,ShowDailyK_ChartFlow,FinMind_API_TaiwanStockPrice_2451,True,2026-09-24T07:04:11,2026-09-24T07:04:11,2026-09-24T07:04:11
2451,創見,2023-04-06,73.5,0.4000000000000057,0.55%,,,,,,,,,ShowDailyK_ChartFlow,FinMind_API_TaiwanStockPrice_2451,True,2026-09-24T07:04:11,2026-09-24T07:04:11,2026-09-24T07:04:11
2451,創見,2023-04-07,73.5,0.0,0.00%,,,,,,,,,ShowDailyK_ChartFlow,FinMind_API_TaiwanStockPrice_2451,True,2026-09-24T07:04:11,2026-09-24T07:04:11,2026-09-24T07:04:11
2451,創見,2023-04-10,73.1,-0.4000000000000057,-0.54%,,,,,,,,,ShowDailyK_ChartFlow,FinMind_API_TaiwanStockPrice_2451,True,2026-09-24T07:04:11,2026-09-24T07:04:11,2026-09-24T07:04:11
2451,創見,2023-04-11,73.4,0.30000000000001137,0.41%,,,,,,,,,ShowDailyK_ChartFlow,FinMind_API_TaiwanStockPrice_2451,True,2026-09-24T07:04:11,2026-09-24T07:04:11,2026-09-24T07:04:11
2451,創見,2023-04-12,73.1,-0.30000000000001137,-0.41%,,,,,,,,,ShowDailyK_ChartFlow,FinMind_API_TaiwanStockPrice_2451,True,2026-09-24T07:04:11,2026-09-24T07:04:11,2026-09-24T07:04:11
2451,創見,2023-04-13,73.0,-0.09999999999999432,-0.14%,,,,,,,,,ShowDailyK_ChartFlow,FinMind_API_TaiwanStockPrice_2451,True,2026-09-24T07:04:11,2026-09-24T07:04:11,2026-09-24T07:04:11
2451,創見,2023-04-14,73.0,0.0,0.00%,,,,,,,,,ShowDailyK_ChartFlow,FinMind_API_TaiwanStockPrice_2451,True,2026-09-24T07:04:11,2026-09-24T07:04:11,2026-09-24T07:04:11
2451,創見,2023-04-17,72.4,-0.5999999999999943,-0.82%,,,,,,,,,ShowDailyK_ChartFlow,FinMind_API_TaiwanStockPrice_2451,True,2026-09-24T07:04:11,2026-09-24T07:04:11,2026-09-24T07:04:11
2451,創見,2023-04-18,72.3,-0.10000000000000853,-0.14%,,,,,,,,,ShowDailyK_ChartFlow,FinMind_API_TaiwanStockPrice_2451,True,2026-09-24T07:04:11,2026-09-24T07:04:11,2026-09-24T07:04:11
2451,創見,2023-04-19,71.0,-1.2999999999999972,-1.80%,,,,,,,,,ShowDailyK_ChartFlow,FinMind_API_TaiwanStockPrice_2451,True,2026-09-24T07:04:11,2026-09-24T07:04:11,2026-09-24T07:04:11
2451,創見,2023-04-20,70.6,-0.4000000000000057,-0.56%,,,,,,,,,ShowDailyK_ChartFlow,FinMind_API_TaiwanStockPrice_2451,True,2026-09-24T07:04:11,2026-09-24T07:04:11,2026-09-24T07:04:11
2451,創見,2023-04-21,70.8,0.20000000000000284,0.28%,,,,,,,,,ShowDailyK_ChartFlow,FinMind_API_TaiwanStockPrice_2451,True,2026-09-24T07:04:11,2026-09-24T07:04:11,2026-09-24T07:04:11
2451,創見,2023-04-24,70.5,-0.29999999999999716,-0.42%,,,,,,,,,ShowDailyK_ChartFlow,FinMind_API_TaiwanStockPrice_2451,True,2026-09-24T07:04:11,2026-09-24T07:04:11,2026-09-24T07:04:11
2451,創見,2023-04-25,70.1,-0.4000000000000057,-0.57%,,,,,,,,,ShowDailyK_ChartFlow,FinMind_API_TaiwanStockPrice_2451,True,2026-09-24T07:04:11,2026-09-24T07:04:11,2026-09-24T07:04:11
2451,創見,2023-04-26,70.7,0.6000000000000085,0.86%,,,,,,,,,ShowDailyK_ChartFlow,FinMind_API_TaiwanStockPrice_2451,True,2026-09-24T07:04:11,2026-09-24T07:04:11,2026-09-24T07:04:11
2451,創見,2023-04-27,71.2,0.5,0.71%,,,,,,,,,ShowDailyK_ChartFlow,FinMind_API_TaiwanStockPrice_2451,True,2026-09-24T07:04:11,2026-09-24T07:04:11,2026-09-24T07:04:11
2451,創見,2023-04-28,71.0,-0.20000000000000284,-0.28%,,,,,,,,,ShowDailyK_ChartFlow,FinMind_API_TaiwanStockPrice_2451,True,2026-09-24T07:04:11,2026-09-24T07:04:11,2026-09-24T07:04:11
2451,創見,2023-05-02,71.5,0.5,0.70%,,,,,,,,,ShowDailyK_ChartFlow,FinMind_API_TaiwanStockPrice_2451,True,2026-09-24T07:04:11,2026-09-24T07:04:11,2026-09-24T07:04:11
2451,創見,2023-05-03,71.5,0.0,0.00%,,,,,,,,,ShowDailyK_ChartFlow,FinMind_API_TaiwanStockPrice_2451,True,2026-09-24T07:04:11,2026-09-24T07:04:11,2026-09-24T07:04:11
2451,創見,2023-05-04,71.4,-0.09999999999999432,-0.14%,,,,,,,,,ShowDailyK_ChartFlow,FinMind_API_TaiwanStockPrice_2451,True,2026-09-24T07:04:11,2026-09-24T07:04:11,2026-09-24T07:04:11
2451,創見,2023-05-05,71.2,-0.20000000000000284,-0.28%,,,,,,,,,ShowDailyK_ChartFlow,FinMind_API_TaiwanStockPrice_2451,True,2026-09-24T07:04:11,2026-09-24T07:04:11,2026-09-24T07:04:11
2451,創見,2023-05-08,70.9,-0.29999999999999716,-0.42%,,,,,,,,,ShowDailyK_ChartFlow,FinMind_API_TaiwanStockPrice_2451,True,2026-09-24T07:04:11,2026-09-24T07:04:11,2026-09-24T07:04:11
2451,創見,2023-05-09,71.3,0.3999999999999915,0.56%,,,,,,,,,ShowDailyK_ChartFlow,FinMind_API_TaiwanStockPrice_2451,True,2026-09-24T07:04:11,2026-09-24T07:04:11,2026-09-24T07:04:11
2451,創見,2023-05-10,71.5,0.20000000000000284,0.28%,,,,,,,,,ShowDailyK_ChartFlow,FinMind_API_TaiwanStockPrice_2451,True,2026-09-24T07:04:11,2026-09-24T07:04:11,2026-09-24T07:04:11
2451,創見,2023-05-11,71.0,-0.5,-0.70%,,,,,,,,,ShowDailyK_ChartFlow,FinMind_API_TaiwanStockPrice_2451,True,2026-09-24T07:04:11,2026-09-24T07:04:11,2026-09-24T07:04:11
2451,創見,2023-05-12,71.3,0.29999999999999716,0.42%,,,,,,,,,ShowDailyK_ChartFlow,FinMind_API_TaiwanStockPrice_2451,True,2026-09-24T07:04:11,2026-09-24T07:04:11,2026-09-24T07:04:11
2451,創見,2023-05-15,71.4,0.10000000000000853,0.14%,,,,,,,,,ShowDailyK_ChartFlow,FinMind_API_TaiwanStockPrice_2451,True,2026-09-24T07:04:11,2026-09-24T07:04:11,2026-09-24T07:04:11
2451,創見,2023-05-16,71.5,0.09999999999999432,0.14%,,,,,,,,,ShowDailyK_ChartFlow,FinMind_API_TaiwanStockPrice_2451,True,2026-09-24T07:04:11,2026-09-24T07:04:11,2026-09-24T07:04:11
2451,創見,2023-05-17,72.4,0.9000000000000057,1.26%,,,,,,,,,ShowDailyK_ChartFlow,FinMind_API_TaiwanStockPrice_2451,True,2026-09-24T07:04:11,2026-09-24T07:04:11,2026-09-24T07:04:11
2451,創見,2023-05-18,72.6,0.19999999999998863,0.28%,,,,,,,,,ShowDailyK_ChartFlow,FinMind_API_TaiwanStockPrice_2451,True,2026-09-24T07:04:11,2026-09-24T07:04:11,2026-09-24T07:04:11
2451,創見,2023-05-19,73.0,0.4000000000000057,0.55%,,,,,,,,,ShowDailyK_ChartFlow,FinMind_API_TaiwanStockPrice_2451,True,2026-09-24T07:04:11,2026-09-24T07:04:11,2026-09-24T07:04:11
2451,創見,2023-05-22,73.1,0.09999999999999432,0.14%,,,,,,,,,ShowDailyK_ChartFlow,FinMind_API_TaiwanStockPrice_2451,True,2026-09-24T07:04:11,2026-09-24T07:04:11,2026-09-24T07:04:11
2451,創見,2023-05-23,73.0,-0.09999999999999432,-0.14%,,,,,,,,,ShowDailyK_ChartFlow,FinMind_API_TaiwanStockPrice_2451,True,2026-09-24T07:04:11,2026-09-24T07:04:11,2026-09-24T07:04:11
2451,創見,2023-05-24,73.1,0.09999999999999432,0.14%,,,,,,,,,ShowDailyK_ChartFlow,FinMind_API_TaiwanStockPrice_2451,True,2026-09-24T07:04:11,2026-09-24T07:04:11,2026-09-24T07:04:11
2451,創見,2023-05-25,73.2,0.10000000000000853,0.14%,,,,,,,,,ShowDailyK_ChartFlow,FinMind_API_TaiwanStockPrice_2451,True,2026-09-24T07:04:11,2026-09-24T07:04:11,2026-09-24T07:04:11
2451,創見,2023-05-26,73.3,0.09999999999999432,0.14%,,,,,,,,,ShowDailyK_ChartFlow,FinMind_API_TaiwanStockPrice_2451,True,2026-09-24T07:04:11,2026-09-24T07:04:11,2026-09-24T07:04:11
2451,創見,2023-05-29,73.8,0.5,0.68%,,,,,,,,,ShowDailyK_ChartFlow,FinMind_API_TaiwanStockPrice_2451,True,2026-09-24T07:04:11,2026-09-24T07:04:11,2026-09-24T07:04:11
2451,創見,2023-05-30,74.8,1.0,1.36%,,,,,,,,,ShowDailyK_ChartFlow,FinMind_API_TaiwanStockPrice_2451,True,2026-09-24T07:04:11,2026-09-24T07:04:11,2026-09-24T07:04:11
2451,創見,2023-05-31,77.0,2.200000000000003,2.94%,,,,,,,,,ShowDailyK_ChartFlow,FinMind_API_TaiwanStockPrice_2451,True,2026-09-24T07:04:11,2026-09-24T07:04:11,2026-09-24T07:04:11
2451,創見,2023-06-01,77.5,0.5,0.65%,,,,,,,,,ShowDailyK_ChartFlow,FinMind_API_TaiwanStockPrice_2451,True,2026-09-24T07:04:11,2026-09-24T07:04:11,2026-09-24T07:04:11
2451,創見,2023-06-02,78.7,1.2000000000000028,1.55%,,,,,,,,,ShowDailyK_ChartFlow,FinMind_API_TaiwanStockPrice_2451,True,2026-09-24T07:04:11,2026-09-24T07:04:11,2026-09-24T07:04:11
2451,創見,2023-06-05,77.7,-1.0,-1.27%,,,,,,,,,ShowDailyK_ChartFlow,FinMind_API_TaiwanStockPrice_2451,True,2026-09-24T07:04:11,2026-09-24T07:04:11,2026-09-24T07:04:11
2451,創見,2023-06-06,76.4,-1.2999999999999972,-1.67%,,,,,,,,,ShowDailyK_ChartFlow,FinMind_API_TaiwanStockPrice_2451,True,2026-09-24T07:04:11,2026-09-24T07:04:11,2026-09-24T07:04:11
2451,創見,2023-06-07,77.0,0.5999999999999943,0.79%,,,,,,,,,ShowDailyK_ChartFlow,FinMind_API_TaiwanStockPrice_2451,True,2026-09-24T07:04:11,2026-09-24T07:04:11,2026-09-24T07:04:11
2451,創見,2023-06-08,76.5,-0.5,-0.65%,,,,,,,,,ShowDailyK_ChartFlow,FinMind_API_TaiwanStockPrice_2451,True,2026-09-24T07:04:11,2026-09-24T07:04:11,2026-09-24T07:04:11
2451,創見,2023-06-09,76.1,-0.4000000000000057,-0.52%,,,,,,,,,ShowDailyK_ChartFlow,FinMind_API_TaiwanStockPrice_2451,True,2026-09-24T07:04:11,2026-09-24T07:04:11,2026-09-24T07:04:11
2451,創見,2023-06-12,76.3,0.20000000000000284,0.26%,,,,,,,,,ShowDailyK_ChartFlow,FinMind_API_TaiwanStockPrice_2451,True,2026-09-24T07:04:11,2026-09-24T07:04:11,2026-09-24T07:04:11
2451,創見,2023-06-13,78.1,1.7999999999999972,2.36%,,,,,,,,,ShowDailyK_ChartFlow,FinMind_API_TaiwanStockPrice_2451,True,2026-09-24T07:04:11,2026-09-24T07:04:11,2026-09-24T07:04:11
2451,創見,2023-06-14,78.8,0.7000000000000028,0.90%,,,,,,,,,ShowDailyK_ChartFlow,FinMind_API_TaiwanStockPrice_2451,True,2026-09-24T07:04:11,2026-09-24T07:04:11,2026-09-24T07:04:11
2451,創見,2023-06-15,79.0,0.20000000000000284,0.25%,,,,,,,,,ShowDailyK_ChartFlow,FinMind_API_TaiwanStockPrice_2451,True,2026-09-24T07:04:11,2026-09-24T07:04:11,2026-09-24T07:04:11
2451,創見,2023-06-16,78.8,-0.20000000000000284,-0.25%,,,,,,,,,ShowDailyK_ChartFlow,FinMind_API_TaiwanStockPrice_2451,True,2026-09-24T07:04:11,2026-09-24T07:04:11,2026-09-24T07:04:11
2451,創見,2023-06-19,78.1,-0.7000000000000028,-0.89%,,,,,,,,,ShowDailyK_ChartFlow,FinMind_API_TaiwanStockPrice_2451,True,2026-09-24T07:04:11,2026-09-24T07:04:11,2026-09-24T07:04:11
2451,創見,2023-06-20,77.7,-0.3999999999999915,-0.51%,,,,,,,,,ShowDailyK_ChartFlow,FinMind_API_TaiwanStockPrice_2451,True,2026-09-24T07:04:11,2026-09-24T07:04:11,2026-09-24T07:04:11
2451,創見,2023-06-21,78.0,0.29999999999999716,0.39%,,,,,,,,,ShowDailyK_ChartFlow,FinMind_API_TaiwanStockPrice_2451,True,2026-09-24T07:04:11,2026-09-24T07:04:11,2026-09-24T07:04:11
2451,創見,2023-06-26,77.3,-0.7000000000000028,-0.90%,,,,,,,,,ShowDailyK_ChartFlow,FinMind_API_TaiwanStockPrice_2451,True,2026-09-24T07:04:11,2026-09-24T07:04:11,2026-09-24T07:04:11
2451,創見,2023-06-27,77.1,-0.20000000000000284,-0.26%,,,,,,,,,ShowDailyK_ChartFlow,FinMind_API_TaiwanStockPrice_2451,True,2026-09-24T07:04:11,2026-09-24T07:04:11,2026-09-24T07:04:11
2451,創見,2023-06-28,77.2,0.10000000000000853,0.13%,,,,,,,,,ShowDailyK_ChartFlow,FinMind_API_TaiwanStockPrice_2451,True,2026-09-24T07:04:11,2026-09-24T07:04:11,2026-09-24T07:04:11
2451,創見,2023-06-29,77.8,0.5999999999999943,0.78%,,,,,,,,,ShowDailyK_ChartFlow,FinMind_API_TaiwanStockPrice_2451,True,2026-09-24T07:04:11,2026-09-24T07:04:11,2026-09-24T07:04:11
2451,創見,2023-06-30,78.4,0.6000000000000085,0.77%,,,,,,,,,ShowDailyK_ChartFlow,FinMind_API_TaiwanStockPrice_2451,True,2026-09-24T07:04:11,2026-09-24T07:04:11,2026-09-24T07:04:11
2451,創見,2023-07-03,78.7,0.29999999999999716,0.38%,,,,,,,,,ShowDailyK_ChartFlow,FinMind_API_TaiwanStockPrice_2451,True,2026-09-24T07:04:11,2026-09-24T07:04:11,2026-09-24T07:04:11
2451,創見,2023-07-04,78.8,0.09999999999999432,0.13%,,,,,,,,,ShowDailyK_ChartFlow,FinMind_API_TaiwanStockPrice_2451,True,2026-09-24T07:04:11,2026-09-24T07:04:11,2026-09-24T07:04:11
2451,創見,2023-07-05,78.7,-0.09999999999999432,-0.13%,,,,,,,,,ShowDailyK_ChartFlow,FinMind_API_TaiwanStockPrice_2451,True,2026-09-24T07:04:11,2026-09-24T07:04:11,2026-09-24T07:04:11
2451,創見,2023-07-06,71.5,-7.200000000000003,-9.15%,,,,,,,,,ShowDailyK_ChartFlow,FinMind_API_TaiwanStockPrice_2451,True,2026-09-24T07:04:11,2026-09-24T07:04:11,2026-09-24T07:04:11
2451,創見,2023-07-07,71.5,0.0,0.00%,,,,,,,,,ShowDailyK_ChartFlow,FinMind_API_TaiwanStockPrice_2451,True,2026-09-24T07:04:11,2026-09-24T07:04:11,2026-09-24T07:04:11
2451,創見,2023-07-10,70.0,-1.5,-2.10%,,,,,,,,,ShowDailyK_ChartFlow,FinMind_API_TaiwanStockPrice_2451,True,2026-09-24T07:04:11,2026-09-24T07:04:11,2026-09-24T07:04:11
2451,創見,2023-07-11,71.1,1.0999999999999943,1.57%,,,,,,,,,ShowDailyK_ChartFlow,FinMind_API_TaiwanStockPrice_2451,True,2026-09-24T07:04:11,2026-09-24T07:04:11,2026-09-24T07:04:11
2451,創見,2023-07-12,70.9,-0.19999999999998863,-0.28%,,,,,,,,,ShowDailyK_ChartFlow,FinMind_API_TaiwanStockPrice_2451,True,2026-09-24T07:04:11,2026-09-24T07:04:11,2026-09-24T07:04:11
2451,創見,2023-07-13,70.9,0.0,0.00%,,,,,,,,,ShowDailyK_ChartFlow,FinMind_API_TaiwanStockPrice_2451,True,2026-09-24T07:04:11,2026-09-24T07:04:11,2026-09-24T07:04:11
2451,創見,2023-07-14,73.0,2.0999999999999943,2.96%,,,,,,,,,ShowDailyK_ChartFlow,FinMind_API_TaiwanStockPrice_2451,True,2026-09-24T07:04:11,2026-09-24T07:04:11,2026-09-24T07:04:11
2451,創見,2023-07-17,74.4,1.4000000000000057,1.92%,,,,,,,,,ShowDailyK_ChartFlow,FinMind_API_TaiwanStockPrice_2451,True,2026-09-24T07:04:11,2026-09-24T07:04:11,2026-09-24T07:04:11
2451,創見,2023-07-18,73.7,-0.7000000000000028,-0.94%,,,,,,,,,ShowDailyK_ChartFlow,FinMind_API_TaiwanStockPrice_2451,True,2026-09-24T07:04:11,2026-09-24T07:04:11,2026-09-24T07:04:11
2451,創見,2023-07-19,73.5,-0.20000000000000284,-0.27%,,,,,,,,,ShowDailyK_ChartFlow,FinMind_API_TaiwanStockPrice_2451,True,2026-09-24T07:04:11,2026-09-24T07:04:11,2026-09-24T07:04:11
2451,創見,2023-07-20,72.5,-1.0,-1.36%,,,,,,,,,ShowDailyK_ChartFlow,FinMind_API_TaiwanStockPrice_2451,True,2026-09-24T07:04:11,2026-09-24T07:04:11,2026-09-24T07:04:11
2451,創見,2023-07-21,72.0,-0.5,-0.69%,,,,,,,,,ShowDailyK_ChartFlow,FinMind_API_TaiwanStockPrice_2451,True,2026-09-24T07:04:11,2026-09-24T07:04:11,2026-09-24T07:04:11
2451,創見,2023-07-24,71.0,-1.0,-1.39%,,,,,,,,,ShowDailyK_ChartFlow,FinMind_API_TaiwanStockPrice_2451,True,2026-09-24T07:04:11,2026-09-24T07:04:11,2026-09-24T07:04:11
2451,創見,2023-07-25,71.9,0.9000000000000057,1.27%,,,,,,,,,ShowDailyK_ChartFlow,FinMind_API_TaiwanStockPrice_2451,True,2026-09-24T07:04:11,2026-09-24T07:04:11,2026-09-24T07:04:11
2451,創見,2023-07-26,71.2,-0.7000000000000028,-0.97%,,,,,,,,,ShowDailyK_ChartFlow,FinMind_API_TaiwanStockPrice_2451,True,2026-09-24T07:04:11,2026-09-24T07:04:11,2026-09-24T07:04:11
2451,創見,2023-07-27,71.7,0.5,0.70%,,,,,,,,,ShowDailyK_ChartFlow,FinMind_API_TaiwanStockPrice_2451,True,2026-09-24T07:04:11,2026-09-24T07:04:11,2026-09-24T07:04:11
2451,創見,2023-07-28,72.6,0.8999999999999915,1.26%,,,,,,,,,ShowDailyK_ChartFlow,FinMind_API_TaiwanStockPrice_2451,True,2026-09-24T07:04:11,2026-09-24T07:04:11,2026-09-24T07:04:11
2451,創見,2023-07-31,71.2,-1.3999999999999915,-1.93%,,,,,,,,,ShowDailyK_ChartFlow,FinMind_API_TaiwanStockPrice_2451,True,2026-09-24T07:04:11,2026-09-24T07:04:11,2026-09-24T07:04:11
2451,創見,2023-08-01,71.5,0.29999999999999716,0.42%,,,,,,,,,ShowDailyK_ChartFlow,FinMind_API_TaiwanStockPrice_2451,True,2026-09-24T07:04:11,2026-09-24T07:04:11,2026-09-24T07:04:11
2451,創見,2023-08-02,71.0,-0.5,-0.70%,,,,,,,,,ShowDailyK_ChartFlow,FinMind_API_TaiwanStockPrice_2451,True,2026-09-24T07:04:11,2026-09-24T07:04:11,2026-09-24T07:04:11
2451,創見,2023-08-04,71.0,0.0,0.00%,,,,,,,,,ShowDailyK_ChartFlow,FinMind_API_TaiwanStockPrice_2451,True,2026-09-24T07:04:11,2026-09-24T07:04:11,2026-09-24T07:04:11
2451,創見,2023-08-07,71.9,0.9000000000000057,1.27%,,,,,,,,,ShowDailyK_ChartFlow,FinMind_API_TaiwanStockPrice_2451,True,2026-09-24T07:04:11,2026-09-24T07:04:11,2026-09-24T07:04:11
2451,創見,2023-08-08,71.4,-0.5,-0.70%,,,,,,,,,ShowDailyK_ChartFlow,FinMind_API_TaiwanStockPrice_2451,True,2026-09-24T07:04:11,2026-09-24T07:04:11,2026-09-24T07:04:11
2451,創見,2023-08-09,71.4,0.0,0.00%,,,,,,,,,ShowDailyK_ChartFlow,FinMind_API_TaiwanStockPrice_2451,True,2026-09-24T07:04:11,2026-09-24T07:04:11,2026-09-24T07:04:11
2451,創見,2023-08-10,71.8,0.3999999999999915,0.56%,,,,,,,,,ShowDailyK_ChartFlow,FinMind_API_TaiwanStockPrice_2451,True,2026-09-24T07:04:11,2026-09-24T07:04:11,2026-09-24T07:04:11
2451,創見,2023-08-11,71.2,-0.5999999999999943,-0.84%,,,,,,,,,ShowDailyK_ChartFlow,FinMind_API_TaiwanStockPrice_2451,True,2026-09-24T07:04:11,2026-09-24T07:04:11,2026-09-24T07:04:11
2451,創見,2023-08-14,70.1,-1.1000000000000085,-1.54%,,,,,,,,,ShowDailyK_ChartFlow,FinMind_API_TaiwanStockPrice_2451,True,2026-09-24T07:04:11,2026-09-24T07:04:11,2026-09-24T07:04:11
2451,創見,2023-08-15,70.1,0.0,0.00%,,,,,,,,,ShowDailyK_ChartFlow,FinMind_API_TaiwanStockPrice_2451,True,2026-09-24T07:04:11,2026-09-24T07:04:11,2026-09-24T07:04:11
2451,創見,2023-08-16,70.3,0.20000000000000284,0.29%,,,,,,,,,ShowDailyK_ChartFlow,FinMind_API_TaiwanStockPrice_2451,True,2026-09-24T07:04:11,2026-09-24T07:04:11,2026-09-24T07:04:11
2451,創見,2023-08-17,70.6,0.29999999999999716,0.43%,,,,,,,,,ShowDailyK_ChartFlow,FinMind_API_TaiwanStockPrice_2451,True,2026-09-24T07:04:11,2026-09-24T07:04:11,2026-09-24T07:04:11
2451,創見,2023-08-18,70.5,-0.09999999999999432,-0.14%,,,,,,,,,ShowDailyK_ChartFlow,FinMind_API_TaiwanStockPrice_2451,True,2026-09-24T07:04:11,2026-09-24T07:04:11,2026-09-24T07:04:11
2451,創見,2023-08-21,70.8,0.29999999999999716,0.43%,,,,,,,,,ShowDailyK_ChartFlow,FinMind_API_TaiwanStockPrice_2451,True,2026-09-24T07:04:11,2026-09-24T07:04:11,2026-09-24T07:04:11
2451,創見,2023-08-22,70.5,-0.29999999999999716,-0.42%,,,,,,,,,ShowDailyK_ChartFlow,FinMind_API_TaiwanStockPrice_2451,True,2026-09-24T07:04:11,2026-09-24T07:04:11,2026-09-24T07:04:11
2451,創見,2023-08-23,71.1,0.5999999999999943,0.85%,,,,,,,,,ShowDailyK_ChartFlow,FinMind_API_TaiwanStockPrice_2451,True,2026-09-24T07:04:11,2026-09-24T07:04:11,2026-09-24T07:04:11
2451,創見,2023-08-24,71.5,0.4000000000000057,0.56%,,,,,,,,,ShowDailyK_ChartFlow,FinMind_API_TaiwanStockPrice_2451,True,2026-09-24T07:04:11,2026-09-24T07:04:11,2026-09-24T07:04:11
2451,創見,2023-08-25,70.9,-0.5999999999999943,-0.84%,,,,,,,,,ShowDailyK_ChartFlow,FinMind_API_TaiwanStockPrice_2451,True,2026-09-24T07:04:11,2026-09-24T07:04:11,2026-09-24T07:04:11
2451,創見,2023-08-28,71.0,0.09999999999999432,0.14%,,,,,,,,,ShowDailyK_ChartFlow,FinMind_API_TaiwanStockPrice_2451,True,2026-09-24T07:04:11,2026-09-24T07:04:11,2026-09-24T07:04:11
2451,創見,2023-08-29,70.7,-0.29999999999999716,-0.42%,,,,,,,,,ShowDailyK_ChartFlow,FinMind_API_TaiwanStockPrice_2451,True,2026-09-24T07:04:11,2026-09-24T07:04:11,2026-09-24T07:04:11
2451,創見,2023-08-30,71.5,0.7999999999999972,1.13%,,,,,,,,,ShowDailyK_ChartFlow,FinMind_API_TaiwanStockPrice_2451,True,2026-09-24T07:04:11,2026-09-24T07:04:11,2026-09-24T07:04:11
2451,創見,2023-08-31,72.4,0.9000000000000057,1.26%,,,,,,,,,ShowDailyK_ChartFlow,FinMind_API_TaiwanStockPrice_2451,True,2026-09-24T07:04:11,2026-09-24T07:04:11,2026-09-24T07:04:11
2451,創見,2023-09-01,72.2,-0.20000000000000284,-0.28%,,,,,,,,,ShowDailyK_ChartFlow,FinMind_API_TaiwanStockPrice_2451,True,2026-09-24T07:04:11,2026-09-24T07:04:11,2026-09-24T07:04:11
2451,創見,2023-09-04,72.8,0.5999999999999943,0.83%,,,,,,,,,ShowDailyK_ChartFlow,FinMind_API_TaiwanStockPrice_2451,True,2026-09-24T07:04:11,2026-09-24T07:04:11,2026-09-24T07:04:11
2451,創見,2023-09-05,72.6,-0.20000000000000284,-0.27%,,,,,,,,,ShowDailyK_ChartFlow,FinMind_API_TaiwanStockPrice_2451,True,2026-09-24T07:04:11,2026-09-24T07:04:11,2026-09-24T07:04:11
2451,創見,2023-09-06,72.7,0.10000000000000853,0.14%,,,,,,,,,ShowDailyK_ChartFlow,FinMind_API_TaiwanStockPrice_2451,True,2026-09-24T07:04:11,2026-09-24T07:04:11,2026-09-24T07:04:11
2451,創見,2023-09-07,72.8,0.09999999999999432,0.14%,,,,,,,,,ShowDailyK_ChartFlow,FinMind_API_TaiwanStockPrice_2451,True,2026-09-24T07:04:11,2026-09-24T07:04:11,2026-09-24T07:04:11
2451,創見,2023-09-08,72.7,-0.09999999999999432,-0.14%,,,,,,,,,ShowDailyK_ChartFlow,FinMind_API_TaiwanStockPrice_2451,True,2026-09-24T07:04:11,2026-09-24T07:04:11,2026-09-24T07:04:11
2451,創見,2023-09-11,72.8,0.09999999999999432,0.14%,,,,,,,,,ShowDailyK_ChartFlow,FinMind_API_TaiwanStockPrice_2451,True,2026-09-24T07:04:11,2026-09-24T07:04:11,2026-09-24T07:04:11
2451,創見,2023-09-12,73.4,0.6000000000000085,0.82%,,,,,,,,,ShowDailyK_ChartFlow,FinMind_API_TaiwanStockPrice_2451,True,2026-09-24T07:04:11,2026-09-24T07:04:11,2026-09-24T07:04:11
2451,創見,2023-09-13,73.8,0.3999999999999915,0.54%,,,,,,,,,ShowDailyK_ChartFlow,FinMind_API_TaiwanStockPrice_2451,True,2026-09-24T07:04:11,2026-09-24T07:04:11,2026-09-24T07:04:11
2451,創見,2023-09-14,74.7,0.9000000000000057,1.22%,,,,,,,,,ShowDailyK_ChartFlow,FinMind_API_TaiwanStockPrice_2451,True,2026-09-24T07:04:11,2026-09-24T07:04:11,2026-09-24T07:04:11
2451,創見,2023-09-15,75.0,0.29999999999999716,0.40%,,,,,,,,,ShowDailyK_ChartFlow,FinMind_API_TaiwanStockPrice_2451,True,2026-09-24T07:04:11,2026-09-24T07:04:11,2026-09-24T07:04:11
2451,創見,2023-09-18,74.9,-0.09999999999999432,-0.13%,,,,,,,,,ShowDailyK_ChartFlow,FinMind_API_TaiwanStockPrice_2451,True,2026-09-24T07:04:11,2026-09-24T07:04:11,2026-09-24T07:04:11
2451,創見,2023-09-19,75.0,0.09999999999999432,0.13%,,,,,,,,,ShowDailyK_ChartFlow,FinMind_API_TaiwanStockPrice_2451,True,2026-09-24T07:04:11,2026-09-24T07:04:11,2026-09-24T07:04:11
2451,創見,2023-09-20,74.2,-0.7999999999999972,-1.07%,,,,,,,,,ShowDailyK_ChartFlow,FinMind_API_TaiwanStockPrice_2451,True,2026-09-24T07:04:11,2026-09-24T07:04:11,2026-09-24T07:04:11
2451,創見,2023-09-21,73.4,-0.7999999999999972,-1.08%,,,,,,,,,ShowDailyK_ChartFlow,FinMind_API_TaiwanStockPrice_2451,True,2026-09-24T07:04:11,2026-09-24T07:04:11,2026-09-24T07:04:11
2451,創見,2023-09-22,72.6,-0.8000000000000114,-1.09%,,,,,,,,,ShowDailyK_ChartFlow,FinMind_API_TaiwanStockPrice_2451,True,2026-09-24T07:04:11,2026-09-24T07:04:11,2026-09-24T07:04:11
2451,創見,2023-09-25,73.7,1.1000000000000085,1.52%,,,,,,,,,ShowDailyK_ChartFlow,FinMind_API_TaiwanStockPrice_2451,True,2026-09-24T07:04:11,2026-09-24T07:04:11,2026-09-24T07:04:11
2451,創見,2023-09-26,73.0,-0.7000000000000028,-0.95%,,,,,,,,,ShowDailyK_ChartFlow,FinMind_API_TaiwanStockPrice_2451,True,2026-09-24T07:04:11,2026-09-24T07:04:11,2026-09-24T07:04:11
2451,創見,2023-09-27,72.8,-0.20000000000000284,-0.27%,,,,,,,,,ShowDailyK_ChartFlow,FinMind_API_TaiwanStockPrice_2451,True,2026-09-24T07:04:11,2026-09-24T07:04:11,2026-09-24T07:04:11
2451,創見,2023-09-28,72.6,-0.20000000000000284,-0.27%,,,,,,,,,ShowDailyK_ChartFlow,FinMind_API_TaiwanStockPrice_2451,True,2026-09-24T07:04:11,2026-09-24T07:04:11,2026-09-24T07:04:11
2451,創見,2023-10-02,73.5,0.9000000000000057,1.24%,,,,,,,,,ShowDailyK_ChartFlow,FinMind_API_TaiwanStockPrice_2451,True,2026-09-24T07:04:11,2026-09-24T07:04:11,2026-09-24T07:04:11
2451,創見,2023-10-03,73.4,-0.09999999999999432,-0.14%,,,,,,,,,ShowDailyK_ChartFlow,FinMind_API_TaiwanStockPrice_2451,True,2026-09-24T07:04:11,2026-09-24T07:04:11,2026-09-24T07:04:11
2451,創見,2023-10-04,73.2,-0.20000000000000284,-0.27%,,,,,,,,,ShowDailyK_ChartFlow,FinMind_API_TaiwanStockPrice_2451,True,2026-09-24T07:04:11,2026-09-24T07:04:11,2026-09-24T07:04:11
2451,創見,2023-10-05,73.2,0.0,0.00%,,,,,,,,,ShowDailyK_ChartFlow,FinMind_API_TaiwanStockPrice_2451,True,2026-09-24T07:04:11,2026-09-24T07:04:11,2026-09-24T07:04:11
2451,創見,2023-10-06,74.0,0.7999999999999972,1.09%,,,,,,,,,ShowDailyK_ChartFlow,FinMind_API_TaiwanStockPrice_2451,True,2026-09-24T07:04:11,2026-09-24T07:04:11,2026-09-24T07:04:11
2451,創見,2023-10-11,74.5,0.5,0.68%,,,,,,,,,ShowDailyK_ChartFlow,FinMind_API_TaiwanStockPrice_2451,True,2026-09-24T07:04:11,2026-09-24T07:04:11,2026-09-24T07:04:11
2451,創見,2023-10-12,74.8,0.29999999999999716,0.40%,,,,,,,,,ShowDailyK_ChartFlow,FinMind_API_TaiwanStockPrice_2451,True,2026-09-24T07:04:11,2026-09-24T07:04:11,2026-09-24T07:04:11
2451,創見,2023-10-13,75.1,0.29999999999999716,0.40%,,,,,,,,,ShowDailyK_ChartFlow,FinMind_API_TaiwanStockPrice_2451,True,2026-09-24T07:04:11,2026-09-24T07:04:11,2026-09-24T07:04:11
2451,創見,2023-10-16,75.0,-0.09999999999999432,-0.13%,,,,,,,,,ShowDailyK_ChartFlow,FinMind_API_TaiwanStockPrice_2451,True,2026-09-24T07:04:11,2026-09-24T07:04:11,2026-09-24T07:04:11
2451,創見,2023-10-17,75.2,0.20000000000000284,0.27%,,,,,,,,,ShowDailyK_ChartFlow,FinMind_API_TaiwanStockPrice_2451,True,2026-09-24T07:04:11,2026-09-24T07:04:11,2026-09-24T07:04:11
2451,創見,2023-10-18,75.4,0.20000000000000284,0.27%,,,,,,,,,ShowDailyK_ChartFlow,FinMind_API_TaiwanStockPrice_2451,True,2026-09-24T07:04:11,2026-09-24T07:04:11,2026-09-24T07:04:11
2451,創見,2023-10-19,75.3,-0.10000000000000853,-0.13%,,,,,,,,,ShowDailyK_ChartFlow,FinMind_API_TaiwanStockPrice_2451,True,2026-09-24T07:04:11,2026-09-24T07:04:11,2026-09-24T07:04:11
2451,創見,2023-10-20,75.2,-0.09999999999999432,-0.13%,,,,,,,,,ShowDailyK_ChartFlow,FinMind_API_TaiwanStockPrice_2451,True,2026-09-24T07:04:11,2026-09-24T07:04:11,2026-09-24T07:04:11
2451,創見,2023-10-23,74.5,-0.7000000000000028,-0.93%,,,,,,,,,ShowDailyK_ChartFlow,FinMind_API_TaiwanStockPrice_2451,True,2026-09-24T07:04:11,2026-09-24T07:04:11,2026-09-24T07:04:11
2451,創見,2023-10-24,75.0,0.5,0.67%,,,,,,,,,ShowDailyK_ChartFlow,FinMind_API_TaiwanStockPrice_2451,True,2026-09-24T07:04:11,2026-09-24T07:04:11,2026-09-24T07:04:11
2451,創見,2023-10-25,74.8,-0.20000000000000284,-0.27%,,,,,,,,,ShowDailyK_ChartFlow,FinMind_API_TaiwanStockPrice_2451,True,2026-09-24T07:04:11,2026-09-24T07:04:11,2026-09-24T07:04:11
2451,創見,2023-10-26,73.5,-1.2999999999999972,-1.74%,,,,,,,,,ShowDailyK_ChartFlow,FinMind_API_TaiwanStockPrice_2451,True,2026-09-24T07:04:11,2026-09-24T07:04:11,2026-09-24T07:04:11
2451,創見,2023-10-27,73.4,-0.09999999999999432,-0.14%,,,,,,,,,ShowDailyK_ChartFlow,FinMind_API_TaiwanStockPrice_2451,True,2026-09-24T07:04:11,2026-09-24T07:04:11,2026-09-24T07:04:11
2451,創見,2023-10-30,74.3,0.8999999999999915,1.23%,,,,,,,,,ShowDailyK_ChartFlow,FinMind_API_TaiwanStockPrice_2451,True,2026-09-24T07:04:11,2026-09-24T07:04:11,2026-09-24T07:04:11
2451,創見,2023-10-31,73.4,-0.8999999999999915,-1.21%,,,,,,,,,ShowDailyK_ChartFlow,FinMind_API_TaiwanStockPrice_2451,True,2026-09-24T07:04:11,2026-09-24T07:04:11,2026-09-24T07:04:11
2451,創見,2023-11-01,74.8,1.3999999999999915,1.91%,,,,,,,,,ShowDailyK_ChartFlow,FinMind_API_TaiwanStockPrice_2451,True,2026-09-24T07:04:11,2026-09-24T07:04:11,2026-09-24T07:04:11
2451,創見,2023-11-02,75.0,0.20000000000000284,0.27%,,,,,,,,,ShowDailyK_ChartFlow,FinMind_API_TaiwanStockPrice_2451,True,2026-09-24T07:04:11,2026-09-24T07:04:11,2026-09-24T07:04:11
2451,創見,2023-11-03,75.2,0.20000000000000284,0.27%,,,,,,,,,ShowDailyK_ChartFlow,FinMind_API_TaiwanStockPrice_2451,True,2026-09-24T07:04:11,2026-09-24T07:04:11,2026-09-24T07:04:11
2451,創見,2023-11-06,76.0,0.7999999999999972,1.06%,,,,,,,,,ShowDailyK_ChartFlow,FinMind_API_TaiwanStockPrice_2451,True,2026-09-24T07:04:11,2026-09-24T07:04:11,2026-09-24T07:04:11
2451,創見,2023-11-07,79.4,3.4000000000000057,4.47%,,,,,,,,,ShowDailyK_ChartFlow,FinMind_API_TaiwanStockPrice_2451,True,2026-09-24T07:04:11,2026-09-24T07:04:11,2026-09-24T07:04:11
2451,創見,2023-11-08,79.3,-0.10000000000000853,-0.13%,,,,,,,,,ShowDailyK_ChartFlow,FinMind_API_TaiwanStockPrice_2451,True,2026-09-24T07:04:11,2026-09-24T07:04:11,2026-09-24T07:04:11
2451,創見,2023-11-09,80.8,1.5,1.89%,,,,,,,,,ShowDailyK_ChartFlow,FinMind_API_TaiwanStockPrice_2451,True,2026-09-24T07:04:11,2026-09-24T07:04:11,2026-09-24T07:04:11
2451,創見,2023-11-10,80.6,-0.20000000000000284,-0.25%,,,,,,,,,ShowDailyK_ChartFlow,FinMind_API_TaiwanStockPrice_2451,True,2026-09-24T07:04:11,2026-09-24T07:04:11,2026-09-24T07:04:11
2451,創見,2023-11-13,80.6,0.0,0.00%,,,,,,,,,ShowDailyK_ChartFlow,FinMind_API_TaiwanStockPrice_2451,True,2026-09-24T07:04:11,2026-09-24T07:04:11,2026-09-24T07:04:11
2451,創見,2023-11-14,81.2,0.6000000000000085,0.74%,,,,,,,,,ShowDailyK_ChartFlow,FinMind_API_TaiwanStockPrice_2451,True,2026-09-24T07:04:11,2026-09-24T07:04:11,2026-09-24T07:04:11
2451,創見,2023-11-15,81.9,0.7000000000000028,0.86%,,,,,,,,,ShowDailyK_ChartFlow,FinMind_API_TaiwanStockPrice_2451,True,2026-09-24T07:04:11,2026-09-24T07:04:11,2026-09-24T07:04:11
2451,創見,2023-11-16,81.4,-0.5,-0.61%,,,,,,,,,ShowDailyK_ChartFlow,FinMind_API_TaiwanStockPrice_2451,True,2026-09-24T07:04:11,2026-09-24T07:04:11,2026-09-24T07:04:11
2451,創見,2023-11-17,81.1,-0.30000000000001137,-0.37%,,,,,,,,,ShowDailyK_ChartFlow,FinMind_API_TaiwanStockPrice_2451,True,2026-09-24T07:04:11,2026-09-24T07:04:11,2026-09-24T07:04:11
2451,創見,2023-11-20,80.5,-0.5999999999999943,-0.74%,,,,,,,,,ShowDailyK_ChartFlow,FinMind_API_TaiwanStockPrice_2451,True,2026-09-24T07:04:11,2026-09-24T07:04:11,2026-09-24T07:04:11
2451,創見,2023-11-21,82.0,1.5,1.86%,,,,,,,,,ShowDailyK_ChartFlow,FinMind_API_TaiwanStockPrice_2451,True,2026-09-24T07:04:11,2026-09-24T07:04:11,2026-09-24T07:04:11
2451,創見,2023-11-22,82.1,0.09999999999999432,0.12%,,,,,,,,,ShowDailyK_ChartFlow,FinMind_API_TaiwanStockPrice_2451,True,2026-09-24T07:04:11,2026-09-24T07:04:11,2026-09-24T07:04:11
2451,創見,2023-11-23,82.8,0.7000000000000028,0.85%,,,,,,,,,ShowDailyK_ChartFlow,FinMind_API_TaiwanStockPrice_2451,True,2026-09-24T07:04:11,2026-09-24T07:04:11,2026-09-24T07:04:11
2451,創見,2023-11-24,81.8,-1.0,-1.21%,,,,,,,,,ShowDailyK_ChartFlow,FinMind_API_TaiwanStockPrice_2451,True,2026-09-24T07:04:11,2026-09-24T07:04:11,2026-09-24T07:04:11
2451,創見,2023-11-27,80.7,-1.0999999999999943,-1.34%,,,,,,,,,ShowDailyK_ChartFlow,FinMind_API_TaiwanStockPrice_2451,True,2026-09-24T07:04:11,2026-09-24T07:04:11,2026-09-24T07:04:11
2451,創見,2023-11-28,82.5,1.7999999999999972,2.23%,,,,,,,,,ShowDailyK_ChartFlow,FinMind_API_TaiwanStockPrice_2451,True,2026-09-24T07:04:11,2026-09-24T07:04:11,2026-09-24T07:04:11
2451,創見,2023-11-29,83.0,0.5,0.61%,,,,,,,,,ShowDailyK_ChartFlow,FinMind_API_TaiwanStockPrice_2451,True,2026-09-24T07:04:11,2026-09-24T07:04:11,2026-09-24T07:04:11
2451,創見,2023-11-30,83.3,0.29999999999999716,0.36%,,,,,,,,,ShowDailyK_ChartFlow,FinMind_API_TaiwanStockPrice_2451,True,2026-09-24T07:04:11,2026-09-24T07:04:11,2026-09-24T07:04:11
2451,創見,2023-12-01,82.3,-1.0,-1.20%,,,,,,,,,ShowDailyK_ChartFlow,FinMind_API_TaiwanStockPrice_2451,True,2026-09-24T07:04:11,2026-09-24T07:04:11,2026-09-24T07:04:11
2451,創見,2023-12-04,83.2,0.9000000000000057,1.09%,,,,,,,,,ShowDailyK_ChartFlow,FinMind_API_TaiwanStockPrice_2451,True,2026-09-24T07:04:11,2026-09-24T07:04:11,2026-09-24T07:04:11
2451,創見,2023-12-05,82.6,-0.6000000000000085,-0.72%,,,,,,,,,ShowDailyK_ChartFlow,FinMind_API_TaiwanStockPrice_2451,True,2026-09-24T07:04:11,2026-09-24T07:04:11,2026-09-24T07:04:11
2451,創見,2023-12-06,83.3,0.7000000000000028,0.85%,,,,,,,,,ShowDailyK_ChartFlow,FinMind_API_TaiwanStockPrice_2451,True,2026-09-24T07:04:11,2026-09-24T07:04:11,2026-09-24T07:04:11
2451,創見,2023-12-07,83.2,-0.09999999999999432,-0.12%,,,,,,,,,ShowDailyK_ChartFlow,FinMind_API_TaiwanStockPrice_2451,True,2026-09-24T07:04:11,2026-09-24T07:04:11,2026-09-24T07:04:11
2451,創見,2023-12-08,84.1,0.8999999999999915,1.08%,,,,,,,,,ShowDailyK_ChartFlow,FinMind_API_TaiwanStockPrice_2451,True,2026-09-24T07:04:11,2026-09-24T07:04:11,2026-09-24T07:04:11
2451,創見,2023-12-11,83.4,-0.6999999999999886,-0.83%,,,,,,,,,ShowDailyK_ChartFlow,FinMind_API_TaiwanStockPrice_2451,True,2026-09-24T07:04:11,2026-09-24T07:04:11,2026-09-24T07:04:11
2451,創見,2023-12-12,82.1,-1.3000000000000114,-1.56%,,,,,,,,,ShowDailyK_ChartFlow,FinMind_API_TaiwanStockPrice_2451,True,2026-09-24T07:04:11,2026-09-24T07:04:11,2026-09-24T07:04:11
2451,創見,2023-12-13,82.0,-0.09999999999999432,-0.12%,,,,,,,,,ShowDailyK_ChartFlow,FinMind_API_TaiwanStockPrice_2451,True,2026-09-24T07:04:11,2026-09-24T07:04:11,2026-09-24T07:04:11
2451,創見,2023-12-14,83.0,1.0,1.22%,,,,,,,,,ShowDailyK_ChartFlow,FinMind_API_TaiwanStockPrice_2451,True,2026-09-24T07:04:11,2026-09-24T07:04:11,2026-09-24T07:04:11
2451,創見,2023-12-15,81.5,-1.5,-1.81%,,,,,,,,,ShowDailyK_ChartFlow,FinMind_API_TaiwanStockPrice_2451,True,2026-09-24T07:04:11,2026-09-24T07:04:11,2026-09-24T07:04:11
2451,創見,2023-12-18,80.4,-1.0999999999999943,-1.35%,,,,,,,,,ShowDailyK_ChartFlow,FinMind_API_TaiwanStockPrice_2451,True,2026-09-24T07:04:11,2026-09-24T07:04:11,2026-09-24T07:04:11
2451,創見,2023-12-19,79.6,-0.8000000000000114,-1.00%,,,,,,,,,ShowDailyK_ChartFlow,FinMind_API_TaiwanStockPrice_2451,True,2026-09-24T07:04:11,2026-09-24T07:04:11,2026-09-24T07:04:11
2451,創見,2023-12-20,79.9,0.30000000000001137,0.38%,,,,,,,,,ShowDailyK_ChartFlow,FinMind_API_TaiwanStockPrice_2451,True,2026-09-24T07:04:11,2026-09-24T07:04:11,2026-09-24T07:04:11
2451,創見,2023-12-21,79.0,-0.9000000000000057,-1.13%,,,,,,,,,ShowDailyK_ChartFlow,FinMind_API_TaiwanStockPrice_2451,True,2026-09-24T07:04:11,2026-09-24T07:04:11,2026-09-24T07:04:11
2451,創見,2023-12-22,79.9,0.9000000000000057,1.14%,,,,,,,,,ShowDailyK_ChartFlow,FinMind_API_TaiwanStockPrice_2451,True,2026-09-24T07:04:11,2026-09-24T07:04:11,2026-09-24T07:04:11
2451,創見,2023-12-25,80.1,0.19999999999998863,0.25%,,,,,,,,,ShowDailyK_ChartFlow,FinMind_API_TaiwanStockPrice_2451,True,2026-09-24T07:04:11,2026-09-24T07:04:11,2026-09-24T07:04:11
2451,創見,2023-12-26,81.0,0.9000000000000057,1.12%,,,,,,,,,ShowDailyK_ChartFlow,FinMind_API_TaiwanStockPrice_2451,True,2026-09-24T07:04:11,2026-09-24T07:04:11,2026-09-24T07:04:11
2451,創見,2023-12-27,81.3,0.29999999999999716,0.37%,,,,,,,,,ShowDailyK_ChartFlow,FinMind_API_TaiwanStockPrice_2451,True,2026-09-24T07:04:11,2026-09-24T07:04:11,2026-09-24T07:04:11
2451,創見,2023-12-28,80.5,-0.7999999999999972,-0.98%,,,,,,,,,ShowDailyK_ChartFlow,FinMind_API_TaiwanStockPrice_2451,True,2026-09-24T07:04:11,2026-09-24T07:04:11,2026-09-24T07:04:11
2451,創見,2023-12-29,80.6,0.09999999999999432,0.12%,,,,,,,,,ShowDailyK_ChartFlow,FinMind_API_TaiwanStockPrice_2451,True,2026-09-24T07:04:11,2026-09-24T07:04:11,2026-09-24T07:04:11
2451,創見,2024-01-02,79.6,-1.0,-1.24%,,,,,,,,,ShowDailyK_ChartFlow,FinMind_API_TaiwanStockPrice_2451,True,2026-09-24T07:04:11,2026-09-24T07:04:11,2026-09-24T07:04:11
2451,創見,2024-01-03,78.8,-0.7999999999999972,-1.01%,,,,,,,,,ShowDailyK_ChartFlow,FinMind_API_TaiwanStockPrice_2451,True,2026-09-24T07:04:11,2026-09-24T07:04:11,2026-09-24T07:04:11
2451,創見,2024-01-04,78.7,-0.09999999999999432,-0.13%,,,,,,,,,ShowDailyK_ChartFlow,FinMind_API_TaiwanStockPrice_2451,True,2026-09-24T07:04:11,2026-09-24T07:04:11,2026-09-24T07:04:11
2451,創見,2024-01-05,78.5,-0.20000000000000284,-0.25%,,,,,,,,,ShowDailyK_ChartFlow,FinMind_API_TaiwanStockPrice_2451,True,2026-09-24T07:04:11,2026-09-24T07:04:11,2026-09-24T07:04:11
2451,創見,2024-01-08,78.2,-0.29999999999999716,-0.38%,,,,,,,,,ShowDailyK_ChartFlow,FinMind_API_TaiwanStockPrice_2451,True,2026-09-24T07:04:11,2026-09-24T07:04:11,2026-09-24T07:04:11
2451,創見,2024-01-09,78.0,-0.20000000000000284,-0.26%,,,,,,,,,ShowDailyK_ChartFlow,FinMind_API_TaiwanStockPrice_2451,True,2026-09-24T07:04:11,2026-09-24T07:04:11,2026-09-24T07:04:11
2451,創見,2024-01-10,79.0,1.0,1.28%,,,,,,,,,ShowDailyK_ChartFlow,FinMind_API_TaiwanStockPrice_2451,True,2026-09-24T07:04:11,2026-09-24T07:04:11,2026-09-24T07:04:11
2451,創見,2024-01-11,79.2,0.20000000000000284,0.25%,,,,,,,,,ShowDailyK_ChartFlow,FinMind_API_TaiwanStockPrice_2451,True,2026-09-24T07:04:11,2026-09-24T07:04:11,2026-09-24T07:04:11
2451,創見,2024-01-12,78.7,-0.5,-0.63%,,,,,,,,,ShowDailyK_ChartFlow,FinMind_API_TaiwanStockPrice_2451,True,2026-09-24T07:04:11,2026-09-24T07:04:11,2026-09-24T07:04:11
2451,創見,2024-01-15,79.2,0.5,0.64%,,,,,,,,,ShowDailyK_ChartFlow,FinMind_API_TaiwanStockPrice_2451,True,2026-09-24T07:04:11,2026-09-24T07:04:11,2026-09-24T07:04:11
2451,創見,2024-01-16,77.9,-1.2999999999999972,-1.64%,,,,,,,,,ShowDailyK_ChartFlow,FinMind_API_TaiwanStockPrice_2451,True,2026-09-24T07:04:11,2026-09-24T07:04:11,2026-09-24T07:04:11
2451,創見,2024-01-17,77.0,-0.9000000000000057,-1.16%,,,,,,,,,ShowDailyK_ChartFlow,FinMind_API_TaiwanStockPrice_2451,True,2026-09-24T07:04:11,2026-09-24T07:04:11,2026-09-24T07:04:11
2451,創見,2024-01-18,76.9,-0.09999999999999432,-0.13%,,,,,,,,,ShowDailyK_ChartFlow,FinMind_API_TaiwanStockPrice_2451,True,2026-09-24T07:04:11,2026-09-24T07:04:11,2026-09-24T07:04:11
2451,創見,2024-01-19,77.8,0.8999999999999915,1.17%,,,,,,,,,ShowDailyK_ChartFlow,FinMind_API_TaiwanStockPrice_2451,True,2026-09-24T07:04:11,2026-09-24T07:04:11,2026-09-24T07:04:11
2451,創見,2024-01-22,77.6,-0.20000000000000284,-0.26%,,,,,,,,,ShowDailyK_ChartFlow,FinMind_API_TaiwanStockPrice_2451,True,2026-09-24T07:04:11,2026-09-24T07:04:11,2026-09-24T07:04:11
2451,創見,2024-01-23,78.2,0.6000000000000085,0.77%,,,,,,,,,ShowDailyK_ChartFlow,FinMind_API_TaiwanStockPrice_2451,True,2026-09-24T07:04:11,2026-09-24T07:04:11,2026-09-24T07:04:11
2451,創見,2024-01-24,78.9,0.7000000000000028,0.90%,,,,,,,,,ShowDailyK_ChartFlow,FinMind_API_TaiwanStockPrice_2451,True,2026-09-24T07:04:11,2026-09-24T07:04:11,2026-09-24T07:04:11
2451,創見,2024-01-25,79.0,0.09999999999999432,0.13%,,,,,,,,,ShowDailyK_ChartFlow,FinMind_API_TaiwanStockPrice_2451,True,2026-09-24T07:04:11,2026-09-24T07:04:11,2026-09-24T07:04:11
2451,創見,2024-01-26,79.3,0.29999999999999716,0.38%,,,,,,,,,ShowDailyK_ChartFlow,FinMind_API_TaiwanStockPrice_2451,True,2026-09-24T07:04:11,2026-09-24T07:04:11,2026-09-24T07:04:11
2451,創見,2024-01-29,79.7,0.4000000000000057,0.50%,,,,,,,,,ShowDailyK_ChartFlow,FinMind_API_TaiwanStockPrice_2451,True,2026-09-24T07:04:11,2026-09-24T07:04:11,2026-09-24T07:04:11
2451,創見,2024-01-30,79.6,-0.10000000000000853,-0.13%,,,,,,,,,ShowDailyK_ChartFlow,FinMind_API_TaiwanStockPrice_2451,True,2026-09-24T07:04:11,2026-09-24T07:04:11,2026-09-24T07:04:11
2451,創見,2024-01-31,78.8,-0.7999999999999972,-1.01%,,,,,,,,,ShowDailyK_ChartFlow,FinMind_API_TaiwanStockPrice_2451,True,2026-09-24T07:04:11,2026-09-24T07:04:11,2026-09-24T07:04:11
2451,創見,2024-02-01,79.0,0.20000000000000284,0.25%,,,,,,,,,ShowDailyK_ChartFlow,FinMind_API_TaiwanStockPrice_2451,True,2026-09-24T07:04:11,2026-09-24T07:04:11,2026-09-24T07:04:11
2451,創見,2024-02-02,78.7,-0.29999999999999716,-0.38%,,,,,,,,,ShowDailyK_ChartFlow,FinMind_API_TaiwanStockPrice_2451,True,2026-09-24T07:04:11,2026-09-24T07:04:11,2026-09-24T07:04:11
2451,創見,2024-02-05,77.9,-0.7999999999999972,-1.02%,,,,,,,,,ShowDailyK_ChartFlow,FinMind_API_TaiwanStockPrice_2451,True,2026-09-24T07:04:11,2026-09-24T07:04:11,2026-09-24T07:04:11
2451,創見,2024-02-15,79.0,1.0999999999999943,1.41%,,,,,,,,,ShowDailyK_ChartFlow,FinMind_API_TaiwanStockPrice_2451,True,2026-09-24T07:04:11,2026-09-24T07:04:11,2026-09-24T07:04:11
2451,創見,2024-02-16,79.3,0.29999999999999716,0.38%,,,,,,,,,ShowDailyK_ChartFlow,FinMind_API_TaiwanStockPrice_2451,True,2026-09-24T07:04:11,2026-09-24T07:04:11,2026-09-24T07:04:11
2451,創見,2024-02-19,80.5,1.2000000000000028,1.51%,,,,,,,,,ShowDailyK_ChartFlow,FinMind_API_TaiwanStockPrice_2451,True,2026-09-24T07:04:11,2026-09-24T07:04:11,2026-09-24T07:04:11
2451,創見,2024-02-20,79.9,-0.5999999999999943,-0.75%,,,,,,,,,ShowDailyK_ChartFlow,FinMind_API_TaiwanStockPrice_2451,True,2026-09-24T07:04:11,2026-09-24T07:04:11,2026-09-24T07:04:11
2451,創見,2024-02-21,80.0,0.09999999999999432,0.13%,,,,,,,,,ShowDailyK_ChartFlow,FinMind_API_TaiwanStockPrice_2451,True,2026-09-24T07:04:11,2026-09-24T07:04:11,2026-09-24T07:04:11
2451,創見,2024-02-22,80.3,0.29999999999999716,0.37%,,,,,,,,,ShowDailyK_ChartFlow,FinMind_API_TaiwanStockPrice_2451,True,2026-09-24T07:04:11,2026-09-24T07:04:11,2026-09-24T07:04:11
2451,創見,2024-02-23,81.0,0.7000000000000028,0.87%,,,,,,,,,ShowDailyK_ChartFlow,FinMind_API_TaiwanStockPrice_2451,True,2026-09-24T07:04:11,2026-09-24T07:04:11,2026-09-24T07:04:11
2451,創見,2024-02-26,80.9,-0.09999999999999432,-0.12%,,,,,,,,,ShowDailyK_ChartFlow,FinMind_API_TaiwanStockPrice_2451,True,2026-09-24T07:04:11,2026-09-24T07:04:11,2026-09-24T07:04:11
2451,創見,2024-02-27,80.3,-0.6000000000000085,-0.74%,,,,,,,,,ShowDailyK_ChartFlow,FinMind_API_TaiwanStockPrice_2451,True,2026-09-24T07:04:11,2026-09-24T07:04:11,2026-09-24T07:04:11
2451,創見,2024-02-29,80.0,-0.29999999999999716,-0.37%,,,,,,,,,ShowDailyK_ChartFlow,FinMind_API_TaiwanStockPrice_2451,True,2026-09-24T07:04:11,2026-09-24T07:04:11,2026-09-24T07:04:11
2451,創見,2024-03-01,82.9,2.9000000000000057,3.63%,,,,,,,,,ShowDailyK_ChartFlow,FinMind_API_TaiwanStockPrice_2451,True,2026-09-24T07:04:11,2026-09-24T07:04:11,2026-09-24T07:04:11
2451,創見,2024-03-04,83.5,0.5999999999999943,0.72%,,,,,,,,,ShowDailyK_ChartFlow,FinMind_API_TaiwanStockPrice_2451,True,2026-09-24T07:04:11,2026-09-24T07:04:11,2026-09-24T07:04:11
2451,創見,2024-03-05,84.2,0.7000000000000028,0.84%,,,,,,,,,ShowDailyK_ChartFlow,FinMind_API_TaiwanStockPrice_2451,True,2026-09-24T07:04:11,2026-09-24T07:04:11,2026-09-24T07:04:11
2451,創見,2024-03-06,83.9,-0.29999999999999716,-0.36%,,,,,,,,,ShowDailyK_ChartFlow,FinMind_API_TaiwanStockPrice_2451,True,2026-09-24T07:04:11,2026-09-24T07:04:11,2026-09-24T07:04:11
2451,創見,2024-03-07,84.2,0.29999999999999716,0.36%,,,,,,,,,ShowDailyK_ChartFlow,FinMind_API_TaiwanStockPrice_2451,True,2026-09-24T07:04:11,2026-09-24T07:04:11,2026-09-24T07:04:11
2451,創見,2024-03-08,82.0,-2.200000000000003,-2.61%,,,,,,,,,ShowDailyK_ChartFlow,FinMind_API_TaiwanStockPrice_2451,True,2026-09-24T07:04:11,2026-09-24T07:04:11,2026-09-24T07:04:11
2451,創見,2024-03-11,83.8,1.7999999999999972,2.20%,,,,,,,,,ShowDailyK_ChartFlow,FinMind_API_TaiwanStockPrice_2451,True,2026-09-24T07:04:11,2026-09-24T07:04:11,2026-09-24T07:04:11
2451,創見,2024-03-12,86.2,2.4000000000000057,2.86%,,,,,,,,,ShowDailyK_ChartFlow,FinMind_API_TaiwanStockPrice_2451,True,2026-09-24T07:04:11,2026-09-24T07:04:11,2026-09-24T07:04:11
2451,創見,2024-03-13,86.3,0.09999999999999432,0.12%,,,,,,,,,ShowDailyK_ChartFlow,FinMind_API_TaiwanStockPrice_2451,True,2026-09-24T07:04:11,2026-09-24T07:04:11,2026-09-24T07:04:11
2451,創見,2024-03-14,84.8,-1.5,-1.74%,,,,,,,,,ShowDailyK_ChartFlow,FinMind_API_TaiwanStockPrice_2451,True,2026-09-24T07:04:11,2026-09-24T07:04:11,2026-09-24T07:04:11
2451,創見,2024-03-15,85.9,1.1000000000000085,1.30%,,,,,,,,,ShowDailyK_ChartFlow,FinMind_API_TaiwanStockPrice_2451,True,2026-09-24T07:04:11,2026-09-24T07:04:11,2026-09-24T07:04:11
2451,創見,2024-03-18,85.6,-0.30000000000001137,-0.35%,,,,,,,,,ShowDailyK_ChartFlow,FinMind_API_TaiwanStockPrice_2451,True,2026-09-24T07:04:11,2026-09-24T07:04:11,2026-09-24T07:04:11
2451,創見,2024-03-19,86.8,1.2000000000000028,1.40%,,,,,,,,,ShowDailyK_ChartFlow,FinMind_API_TaiwanStockPrice_2451,True,2026-09-24T07:04:11,2026-09-24T07:04:11,2026-09-24T07:04:11
2451,創見,2024-03-20,88.6,1.7999999999999972,2.07%,,,,,,,,,ShowDailyK_ChartFlow,FinMind_API_TaiwanStockPrice_2451,True,2026-09-24T07:04:11,2026-09-24T07:04:11,2026-09-24T07:04:11
2451,創見,2024-03-21,90.1,1.5,1.69%,,,,,,,,,ShowDailyK_ChartFlow,FinMind_API_TaiwanStockPrice_2451,True,2026-09-24T07:04:11,2026-09-24T07:04:11,2026-09-24T07:04:11
2451,創見,2024-03-22,88.7,-1.3999999999999915,-1.55%,,,,,,,,,ShowDailyK_ChartFlow,FinMind_API_TaiwanStockPrice_2451,True,2026-09-24T07:04:11,2026-09-24T07:04:11,2026-09-24T07:04:11
2451,創見,2024-03-25,88.7,0.0,0.00%,,,,,,,,,ShowDailyK_ChartFlow,FinMind_API_TaiwanStockPrice_2451,True,2026-09-24T07:04:11,2026-09-24T07:04:11,2026-09-24T07:04:11
2451,創見,2024-03-26,88.3,-0.4000000000000057,-0.45%,,,,,,,,,ShowDailyK_ChartFlow,FinMind_API_TaiwanStockPrice_2451,True,2026-09-24T07:04:11,2026-09-24T07:04:11,2026-09-24T07:04:11
2451,創見,2024-03-27,89.5,1.2000000000000028,1.36%,,,,,,,,,ShowDailyK_ChartFlow,FinMind_API_TaiwanStockPrice_2451,True,2026-09-24T07:04:11,2026-09-24T07:04:11,2026-09-24T07:04:11
2451,創見,2024-03-28,88.9,-0.5999999999999943,-0.67%,,,,,,,,,ShowDailyK_ChartFlow,FinMind_API_TaiwanStockPrice_2451,True,2026-09-24T07:04:11,2026-09-24T07:04:11,2026-09-24T07:04:11
2451,創見,2024-03-29,89.1,0.19999999999998863,0.22%,,,,,,,,,ShowDailyK_ChartFlow,FinMind_API_TaiwanStockPrice_2451,True,2026-09-24T07:04:11,2026-09-24T07:04:11,2026-09-24T07:04:11
2451,創見,2024-04-01,88.8,-0.29999999999999716,-0.34%,,,,,,,,,ShowDailyK_ChartFlow,FinMind_API_TaiwanStockPrice_2451,True,2026-09-24T07:04:11,2026-09-24T07:04:11,2026-09-24T07:04:11
2451,創見,2024-04-02,89.6,0.7999999999999972,0.90%,,,,,,,,,ShowDailyK_ChartFlow,FinMind_API_TaiwanStockPrice_2451,True,2026-09-24T07:04:11,2026-09-24T07:04:11,2026-09-24T07:04:11
2451,創見,2024-04-03,89.2,-0.3999999999999915,-0.45%,,,,,,,,,ShowDailyK_ChartFlow,FinMind_API_TaiwanStockPrice_2451,True,2026-09-24T07:04:11,2026-09-24T07:04:11,2026-09-24T07:04:11
2451,創見,2024-04-08,92.6,3.3999999999999915,3.81%,,,,,,,,,ShowDailyK_ChartFlow,FinMind_API_TaiwanStockPrice_2451,True,2026-09-24T07:04:11,2026-09-24T07:04:11,2026-09-24T07:04:11
2451,創見,2024-04-09,93.5,0.9000000000000057,0.97%,,,,,,,,,ShowDailyK_ChartFlow,FinMind_API_TaiwanStockPrice_2451,True,2026-09-24T07:04:11,2026-09-24T07:04:11,2026-09-24T07:04:11
2451,創見,2024-04-10,94.0,0.5,0.53%,,,,,,,,,ShowDailyK_ChartFlow,FinMind_API_TaiwanStockPrice_2451,True,2026-09-24T07:04:11,2026-09-24T07:04:11,2026-09-24T07:04:11
2451,創見,2024-04-11,93.4,-0.5999999999999943,-0.64%,,,,,,,,,ShowDailyK_ChartFlow,FinMind_API_TaiwanStockPrice_2451,True,2026-09-24T07:04:11,2026-09-24T07:04:11,2026-09-24T07:04:11
2451,創見,2024-04-12,94.5,1.0999999999999943,1.18%,,,,,,,,,ShowDailyK_ChartFlow,FinMind_API_TaiwanStockPrice_2451,True,2026-09-24T07:04:11,2026-09-24T07:04:11,2026-09-24T07:04:11
2451,創見,2024-04-15,92.8,-1.7000000000000028,-1.80%,,,,,,,,,ShowDailyK_ChartFlow,FinMind_API_TaiwanStockPrice_2451,True,2026-09-24T07:04:11,2026-09-24T07:04:11,2026-09-24T07:04:11
2451,創見,2024-04-16,90.0,-2.799999999999997,-3.02%,,,,,,,,,ShowDailyK_ChartFlow,FinMind_API_TaiwanStockPrice_2451,True,2026-09-24T07:04:11,2026-09-24T07:04:11,2026-09-24T07:04:11
2451,創見,2024-04-17,90.4,0.4000000000000057,0.44%,,,,,,,,,ShowDailyK_ChartFlow,FinMind_API_TaiwanStockPrice_2451,True,2026-09-24T07:04:11,2026-09-24T07:04:11,2026-09-24T07:04:11
2451,創見,2024-04-18,90.5,0.09999999999999432,0.11%,,,,,,,,,ShowDailyK_ChartFlow,FinMind_API_TaiwanStockPrice_2451,True,2026-09-24T07:04:11,2026-09-24T07:04:11,2026-09-24T07:04:11
2451,創見,2024-04-19,87.4,-3.0999999999999943,-3.43%,,,,,,,,,ShowDailyK_ChartFlow,FinMind_API_TaiwanStockPrice_2451,True,2026-09-24T07:04:11,2026-09-24T07:04:11,2026-09-24T07:04:11
2451,創見,2024-04-22,89.1,1.6999999999999886,1.95%,,,,,,,,,ShowDailyK_ChartFlow,FinMind_API_TaiwanStockPrice_2451,True,2026-09-24T07:04:11,2026-09-24T07:04:11,2026-09-24T07:04:11
2451,創見,2024-04-23,89.2,0.10000000000000853,0.11%,,,,,,,,,ShowDailyK_ChartFlow,FinMind_API_TaiwanStockPrice_2451,True,2026-09-24T07:04:11,2026-09-24T07:04:11,2026-09-24T07:04:11
2451,創見,2024-04-24,90.4,1.2000000000000028,1.35%,,,,,,,,,ShowDailyK_ChartFlow,FinMind_API_TaiwanStockPrice_2451,True,2026-09-24T07:04:11,2026-09-24T07:04:11,2026-09-24T07:04:11
2451,創見,2024-04-25,90.1,-0.30000000000001137,-0.33%,,,,,,,,,ShowDailyK_ChartFlow,FinMind_API_TaiwanStockPrice_2451,True,2026-09-24T07:04:11,2026-09-24T07:04:11,2026-09-24T07:04:11
2451,創見,2024-04-26,91.4,1.3000000000000114,1.44%,,,,,,,,,ShowDailyK_ChartFlow,FinMind_API_TaiwanStockPrice_2451,True,2026-09-24T07:04:11,2026-09-24T07:04:11,2026-09-24T07:04:11
2451,創見,2024-04-29,94.0,2.5999999999999943,2.84%,,,,,,,,,ShowDailyK_ChartFlow,FinMind_API_TaiwanStockPrice_2451,True,2026-09-24T07:04:11,2026-09-24T07:04:11,2026-09-24T07:04:11
2451,創見,2024-04-30,93.7,-0.29999999999999716,-0.32%,,,,,,,,,ShowDailyK_ChartFlow,FinMind_API_TaiwanStockPrice_2451,True,2026-09-24T07:04:11,2026-09-24T07:04:11,2026-09-24T07:04:11
2451,創見,2024-05-02,94.3,0.5999999999999943,0.64%,,,,,,,,,ShowDailyK_ChartFlow,FinMind_API_TaiwanStockPrice_2451,True,2026-09-24T07:04:11,2026-09-24T07:04:11,2026-09-24T07:04:11
2451,創見,2024-05-03,94.5,0.20000000000000284,0.21%,,,,,,,,,ShowDailyK_ChartFlow,FinMind_API_TaiwanStockPrice_2451,True,2026-09-24T07:04:11,2026-09-24T07:04:11,2026-09-24T07:04:11
2451,創見,2024-05-06,97.0,2.5,2.65%,,,,,,,,,ShowDailyK_ChartFlow,FinMind_API_TaiwanStockPrice_2451,True,2026-09-24T07:04:11,2026-09-24T07:04:11,2026-09-24T07:04:11
2451,創見,2024-05-07,99.7,2.700000000000003,2.78%,,,,,,,,,ShowDailyK_ChartFlow,FinMind_API_TaiwanStockPrice_2451,True,2026-09-24T07:04:11,2026-09-24T07:04:11,2026-09-24T07:04:11
2451,創見,2024-05-08,100.0,0.29999999999999716,0.30%,,,,,,,,,ShowDailyK_ChartFlow,FinMind_API_TaiwanStockPrice_2451,True,2026-09-24T07:04:11,2026-09-24T07:04:11,2026-09-24T07:04:11
2451,創見,2024-05-09,98.6,-1.4000000000000057,-1.40%,,,,,,,,,ShowDailyK_ChartFlow,FinMind_API_TaiwanStockPrice_2451,True,2026-09-24T07:04:11,2026-09-24T07:04:11,2026-09-24T07:04:11
2451,創見,2024-05-10,101.5,2.9000000000000057,2.94%,,,,,,,,,ShowDailyK_ChartFlow,FinMind_API_TaiwanStockPrice_2451,True,2026-09-24T07:04:11,2026-09-24T07:04:11,2026-09-24T07:04:11
2451,創見,2024-05-13,101.5,0.0,0.00%,,,,,,,,,ShowDailyK_ChartFlow,FinMind_API_TaiwanStockPrice_2451,True,2026-09-24T07:04:11,2026-09-24T07:04:11,2026-09-24T07:04:11
2451,創見,2024-05-14,101.5,0.0,0.00%,,,,,,,,,ShowDailyK_ChartFlow,FinMind_API_TaiwanStockPrice_2451,True,2026-09-24T07:04:11,2026-09-24T07:04:11,2026-09-24T07:04:11
2451,創見,2024-05-15,103.0,1.5,1.48%,,,,,,,,,ShowDailyK_ChartFlow,FinMind_API_TaiwanStockPrice_2451,True,2026-09-24T07:04:11,2026-09-24T07:04:11,2026-09-24T07:04:11
2451,創見,2024-05-16,108.0,5.0,4.85%,,,,,,,,,ShowDailyK_ChartFlow,FinMind_API_TaiwanStockPrice_2451,True,2026-09-24T07:04:11,2026-09-24T07:04:11,2026-09-24T07:04:11
2451,創見,2024-05-17,109.0,1.0,0.93%,,,,,,,,,ShowDailyK_ChartFlow,FinMind_API_TaiwanStockPrice_2451,True,2026-09-24T07:04:11,2026-09-24T07:04:11,2026-09-24T07:04:11
2451,創見,2024-05-20,111.5,2.5,2.29%,,,,,,,,,ShowDailyK_ChartFlow,FinMind_API_TaiwanStockPrice_2451,True,2026-09-24T07:04:11,2026-09-24T07:04:11,2026-09-24T07:04:11
2451,創見,2024-05-21,112.0,0.5,0.45%,,,,,,,,,ShowDailyK_ChartFlow,FinMind_API_TaiwanStockPrice_2451,True,2026-09-24T07:04:11,2026-09-24T07:04:11,2026-09-24T07:04:11
2451,創見,2024-05-22,111.5,-0.5,-0.45%,,,,,,,,,ShowDailyK_ChartFlow,FinMind_API_TaiwanStockPrice_2451,True,2026-09-24T07:04:11,2026-09-24T07:04:11,2026-09-24T07:04:11
2451,創見,2024-05-23,110.0,-1.5,-1.35%,,,,,,,,,ShowDailyK_ChartFlow,FinMind_API_TaiwanStockPrice_2451,True,2026-09-24T07:04:11,2026-09-24T07:04:11,2026-09-24T07:04:11
2451,創見,2024-05-24,112.0,2.0,1.82%,,,,,,,,,ShowDailyK_ChartFlow,FinMind_API_TaiwanStockPrice_2451,True,2026-09-24T07:04:11,2026-09-24T07:04:11,2026-09-24T07:04:11
2451,創見,2024-05-27,113.5,1.5,1.34%,,,,,,,,,ShowDailyK_ChartFlow,FinMind_API_TaiwanStockPrice_2451,True,2026-09-24T07:04:11,2026-09-24T07:04:11,2026-09-24T07:04:11
2451,創見,2024-05-28,112.0,-1.5,-1.32%,,,,,,,,,ShowDailyK_ChartFlow,FinMind_API_TaiwanStockPrice_2451,True,2026-09-24T07:04:11,2026-09-24T07:04:11,2026-09-24T07:04:11
2451,創見,2024-05-29,115.0,3.0,2.68%,,,,,,,,,ShowDailyK_ChartFlow,FinMind_API_TaiwanStockPrice_2451,True,2026-09-24T07:04:11,2026-09-24T07:04:11,2026-09-24T07:04:11
2451,創見,2024-05-30,114.5,-0.5,-0.43%,,,,,,,,,ShowDailyK_ChartFlow,FinMind_API_TaiwanStockPrice_2451,True,2026-09-24T07:04:11,2026-09-24T07:04:11,2026-09-24T07:04:11
2451,創見,2024-05-31,117.5,3.0,2.62%,,,,,,,,,ShowDailyK_ChartFlow,FinMind_API_TaiwanStockPrice_2451,True,2026-09-24T07:04:11,2026-09-24T07:04:11,2026-09-24T07:04:11
2451,創見,2024-06-03,113.0,-4.5,-3.83%,,,,,,,,,ShowDailyK_ChartFlow,FinMind_API_TaiwanStockPrice_2451,True,2026-09-24T07:04:11,2026-09-24T07:04:11,2026-09-24T07:04:11
2451,創見,2024-06-04,113.5,0.5,0.44%,,,,,,,,,ShowDailyK_ChartFlow,FinMind_API_TaiwanStockPrice_2451,True,2026-09-24T07:04:11,2026-09-24T07:04:11,2026-09-24T07:04:11
2451,創見,2024-06-05,114.0,0.5,0.44%,,,,,,,,,ShowDailyK_ChartFlow,FinMind_API_TaiwanStockPrice_2451,True,2026-09-24T07:04:11,2026-09-24T07:04:11,2026-09-24T07:04:11
2451,創見,2024-06-06,115.0,1.0,0.88%,,,,,,,,,ShowDailyK_ChartFlow,FinMind_API_TaiwanStockPrice_2451,True,2026-09-24T07:04:11,2026-09-24T07:04:11,2026-09-24T07:04:11
2451,創見,2024-06-07,122.0,7.0,6.09%,,,,,,,,,ShowDailyK_ChartFlow,FinMind_API_TaiwanStockPrice_2451,True,2026-09-24T07:04:11,2026-09-24T07:04:11,2026-09-24T07:04:11
2451,創見,2024-06-11,118.0,-4.0,-3.28%,,,,,,,,,ShowDailyK_ChartFlow,FinMind_API_TaiwanStockPrice_2451,True,2026-09-24T07:04:11,2026-09-24T07:04:11,2026-09-24T07:04:11
2451,創見,2024-06-12,121.0,3.0,2.54%,,,,,,,,,ShowDailyK_ChartFlow,FinMind_API_TaiwanStockPrice_2451,True,2026-09-24T07:04:11,2026-09-24T07:04:11,2026-09-24T07:04:11
2451,創見,2024-06-13,122.0,1.0,0.83%,,,,,,,,,ShowDailyK_ChartFlow,FinMind_API_TaiwanStockPrice_2451,True,2026-09-24T07:04:11,2026-09-24T07:04:11,2026-09-24T07:04:11
2451,創見,2024-06-14,121.5,-0.5,-0.41%,,,,,,,,,ShowDailyK_ChartFlow,FinMind_API_TaiwanStockPrice_2451,True,2026-09-24T07:04:11,2026-09-24T07:04:11,2026-09-24T07:04:11
2451,創見,2024-06-17,127.0,5.5,4.53%,,,,,,,,,ShowDailyK_ChartFlow,FinMind_API_TaiwanStockPrice_2451,True,2026-09-24T07:04:11,2026-09-24T07:04:11,2026-09-24T07:04:11
2451,創見,2024-06-18,133.0,6.0,4.72%,,,,,,,,,ShowDailyK_ChartFlow,FinMind_API_TaiwanStockPrice_2451,True,2026-09-24T07:04:11,2026-09-24T07:04:11,2026-09-24T07:04:11
2451,創見,2024-06-19,131.5,-1.5,-1.13%,,,,,,,,,ShowDailyK_ChartFlow,FinMind_API_TaiwanStockPrice_2451,True,2026-09-24T07:04:11,2026-09-24T07:04:11,2026-09-24T07:04:11
2451,創見,2024-06-20,131.0,-0.5,-0.38%,,,,,,,,,ShowDailyK_ChartFlow,FinMind_API_TaiwanStockPrice_2451,True,2026-09-24T07:04:11,2026-09-24T07:04:11,2026-09-24T07:04:11
2451,創見,2024-06-21,132.0,1.0,0.76%,,,,,,,,,ShowDailyK_ChartFlow,FinMind_API_TaiwanStockPrice_2451,True,2026-09-24T07:04:11,2026-09-24T07:04:11,2026-09-24T07:04:11
2451,創見,2024-06-24,126.5,-5.5,-4.17%,,,,,,,,,ShowDailyK_ChartFlow,FinMind_API_TaiwanStockPrice_2451,True,2026-09-24T07:04:11,2026-09-24T07:04:11,2026-09-24T07:04:11
2451,創見,2024-06-25,125.5,-1.0,-0.79%,,,,,,,,,ShowDailyK_ChartFlow,FinMind_API_TaiwanStockPrice_2451,True,2026-09-24T07:04:11,2026-09-24T07:04:11,2026-09-24T07:04:11
2451,創見,2024-06-26,124.5,-1.0,-0.80%,,,,,,,,,ShowDailyK_ChartFlow,FinMind_API_TaiwanStockPrice_2451,True,2026-09-24T07:04:11,2026-09-24T07:04:11,2026-09-24T07:04:11
2451,創見,2024-06-27,122.0,-2.5,-2.01%,,,,,,,,,ShowDailyK_ChartFlow,FinMind_API_TaiwanStockPrice_2451,True,2026-09-24T07:04:11,2026-09-24T07:04:11,2026-09-24T07:04:11
2451,創見,2024-06-28,115.0,-7.0,-5.74%,,,,,,,,,ShowDailyK_ChartFlow,FinMind_API_TaiwanStockPrice_2451,True,2026-09-24T07:04:11,2026-09-24T07:04:11,2026-09-24T07:04:11
2451,創見,2024-07-01,112.5,-2.5,-2.17%,,,,,,,,,ShowDailyK_ChartFlow,FinMind_API_TaiwanStockPrice_2451,True,2026-09-24T07:04:11,2026-09-24T07:04:11,2026-09-24T07:04:11
2451,創見,2024-07-02,113.5,1.0,0.89%,,,,,,,,,ShowDailyK_ChartFlow,FinMind_API_TaiwanStockPrice_2451,True,2026-09-24T07:04:11,2026-09-24T07:04:11,2026-09-24T07:04:11
2451,創見,2024-07-03,118.0,4.5,3.96%,,,,,,,,,ShowDailyK_ChartFlow,FinMind_API_TaiwanStockPrice_2451,True,2026-09-24T07:04:11,2026-09-24T07:04:11,2026-09-24T07:04:11
2451,創見,2024-07-04,117.0,-1.0,-0.85%,,,,,,,,,ShowDailyK_ChartFlow,FinMind_API_TaiwanStockPrice_2451,True,2026-09-24T07:04:11,2026-09-24T07:04:11,2026-09-24T07:04:11
2451,創見,2024-07-05,119.5,2.5,2.14%,,,,,,,,,ShowDailyK_ChartFlow,FinMind_API_TaiwanStockPrice_2451,True,2026-09-24T07:04:11,2026-09-24T07:04:11,2026-09-24T07:04:11
2451,創見,2024-07-08,110.5,-9.0,-7.53%,,,,,,,,,ShowDailyK_ChartFlow,FinMind_API_TaiwanStockPrice_2451,True,2026-09-24T07:04:11,2026-09-24T07:04:11,2026-09-24T07:04:11
2451,創見,2024-07-09,103.5,-7.0,-6.33%,,,,,,,,,ShowDailyK_ChartFlow,FinMind_API_TaiwanStockPrice_2451,True,2026-09-24T07:04:11,2026-09-24T07:04:11,2026-09-24T07:04:11
2451,創見,2024-07-10,102.0,-1.5,-1.45%,,,,,,,,,ShowDailyK_ChartFlow,FinMind_API_TaiwanStockPrice_2451,True,2026-09-24T07:04:11,2026-09-24T07:04:11,2026-09-24T07:04:11
2451,創見,2024-07-11,101.0,-1.0,-0.98%,,,,,,,,,ShowDailyK_ChartFlow,FinMind_API_TaiwanStockPrice_2451,True,2026-09-24T07:04:11,2026-09-24T07:04:11,2026-09-24T07:04:11
2451,創見,2024-07-12,102.0,1.0,0.99%,,,,,,,,,ShowDailyK_ChartFlow,FinMind_API_TaiwanStockPrice_2451,True,2026-09-24T07:04:11,2026-09-24T07:04:11,2026-09-24T07:04:11
2451,創見,2024-07-15,101.0,-1.0,-0.98%,,,,,,,,,ShowDailyK_ChartFlow,FinMind_API_TaiwanStockPrice_2451,True,2026-09-24T07:04:11,2026-09-24T07:04:11,2026-09-24T07:04:11
2451,創見,2024-07-16,102.0,1.0,0.99%,,,,,,,,,ShowDailyK_ChartFlow,FinMind_API_TaiwanStockPrice_2451,True,2026-09-24T07:04:11,2026-09-24T07:04:11,2026-09-24T07:04:11
2451,創見,2024-07-17,102.0,0.0,0.00%,,,,,,,,,ShowDailyK_ChartFlow,FinMind_API_TaiwanStockPrice_2451,True,2026-09-24T07:04:11,2026-09-24T07:04:11,2026-09-24T07:04:11
2451,創見,2024-07-18,102.0,0.0,0.00%,,,,,,,,,ShowDailyK_ChartFlow,FinMind_API_TaiwanStockPrice_2451,True,2026-09-24T07:04:11,2026-09-24T07:04:11,2026-09-24T07:04:11
2451,創見,2024-07-19,98.4,-3.5999999999999943,-3.53%,,,,,,,,,ShowDailyK_ChartFlow,FinMind_API_TaiwanStockPrice_2451,True,2026-09-24T07:04:11,2026-09-24T07:04:11,2026-09-24T07:04:11
2451,創見,2024-07-22,96.7,-1.7000000000000028,-1.73%,,,,,,,,,ShowDailyK_ChartFlow,FinMind_API_TaiwanStockPrice_2451,True,2026-09-24T07:04:11,2026-09-24T07:04:11,2026-09-24T07:04:11
2451,創見,2024-07-23,98.6,1.8999999999999915,1.96%,,,,,,,,,ShowDailyK_ChartFlow,FinMind_API_TaiwanStockPrice_2451,True,2026-09-24T07:04:11,2026-09-24T07:04:11,2026-09-24T07:04:11
2451,創見,2024-07-26,95.8,-2.799999999999997,-2.84%,,,,,,,,,ShowDailyK_ChartFlow,FinMind_API_TaiwanStockPrice_2451,True,2026-09-24T07:04:11,2026-09-24T07:04:11,2026-09-24T07:04:11
2451,創見,2024-07-29,96.1,0.29999999999999716,0.31%,,,,,,,,,ShowDailyK_ChartFlow,FinMind_API_TaiwanStockPrice_2451,True,2026-09-24T07:04:11,2026-09-24T07:04:11,2026-09-24T07:04:11
2451,創見,2024-07-30,98.6,2.5,2.60%,,,,,,,,,ShowDailyK_ChartFlow,FinMind_API_TaiwanStockPrice_2451,True,2026-09-24T07:04:11,2026-09-24T07:04:11,2026-09-24T07:04:11
2451,創見,2024-07-31,99.1,0.5,0.51%,,,,,,,,,ShowDailyK_ChartFlow,FinMind_API_TaiwanStockPrice_2451,True,2026-09-24T07:04:11,2026-09-24T07:04:11,2026-09-24T07:04:11
2451,創見,2024-08-01,101.5,2.4000000000000057,2.42%,,,,,,,,,ShowDailyK_ChartFlow,FinMind_API_TaiwanStockPrice_2451,True,2026-09-24T07:04:11,2026-09-24T07:04:11,2026-09-24T07:04:11
2451,創見,2024-08-02,99.1,-2.4000000000000057,-2.36%,,,,,,,,,ShowDailyK_ChartFlow,FinMind_API_TaiwanStockPrice_2451,True,2026-09-24T07:04:11,2026-09-24T07:04:11,2026-09-24T07:04:11
2451,創見,2024-08-05,92.0,-7.099999999999994,-7.16%,,,,,,,,,ShowDailyK_ChartFlow,FinMind_API_TaiwanStockPrice_2451,True,2026-09-24T07:04:11,2026-09-24T07:04:11,2026-09-24T07:04:11
2451,創見,2024-08-06,91.6,-0.4000000000000057,-0.43%,,,,,,,,,ShowDailyK_ChartFlow,FinMind_API_TaiwanStockPrice_2451,True,2026-09-24T07:04:11,2026-09-24T07:04:11,2026-09-24T07:04:11
2451,創見,2024-08-07,93.5,1.9000000000000057,2.07%,,,,,,,,,ShowDailyK_ChartFlow,FinMind_API_TaiwanStockPrice_2451,True,2026-09-24T07:04:11,2026-09-24T07:04:11,2026-09-24T07:04:11
2451,創見,2024-08-08,92.5,-1.0,-1.07%,,,,,,,,,ShowDailyK_ChartFlow,FinMind_API_TaiwanStockPrice_2451,True,2026-09-24T07:04:11,2026-09-24T07:04:11,2026-09-24T07:04:11
2451,創見,2024-08-09,93.5,1.0,1.08%,,,,,,,,,ShowDailyK_ChartFlow,FinMind_API_TaiwanStockPrice_2451,True,2026-09-24T07:04:11,2026-09-24T07:04:11,2026-09-24T07:04:11
2451,創見,2024-08-12,94.8,1.2999999999999972,1.39%,,,,,,,,,ShowDailyK_ChartFlow,FinMind_API_TaiwanStockPrice_2451,True,2026-09-24T07:04:11,2026-09-24T07:04:11,2026-09-24T07:04:11
2451,創見,2024-08-13,96.0,1.2000000000000028,1.27%,,,,,,,,,ShowDailyK_ChartFlow,FinMind_API_TaiwanStockPrice_2451,True,2026-09-24T07:04:11,2026-09-24T07:04:11,2026-09-24T07:04:11
2451,創見,2024-08-14,97.2,1.2000000000000028,1.25%,,,,,,,,,ShowDailyK_ChartFlow,FinMind_API_TaiwanStockPrice_2451,True,2026-09-24T07:04:11,2026-09-24T07:04:11,2026-09-24T07:04:11
2451,創見,2024-08-15,95.6,-1.6000000000000085,-1.65%,,,,,,,,,ShowDailyK_ChartFlow,FinMind_API_TaiwanStockPrice_2451,True,2026-09-24T07:04:11,2026-09-24T07:04:11,2026-09-24T07:04:11
2451,創見,2024-08-16,98.5,2.9000000000000057,3.03%,,,,,,,,,ShowDailyK_ChartFlow,FinMind_API_TaiwanStockPrice_2451,True,2026-09-24T07:04:11,2026-09-24T07:04:11,2026-09-24T07:04:11
2451,創見,2024-08-19,99.1,0.5999999999999943,0.61%,,,,,,,,,ShowDailyK_ChartFlow,FinMind_API_TaiwanStockPrice_2451,True,2026-09-24T07:04:11,2026-09-24T07:04:11,2026-09-24T07:04:11
2451,創見,2024-08-20,99.8,0.7000000000000028,0.71%,,,,,,,,,ShowDailyK_ChartFlow,FinMind_API_TaiwanStockPrice_2451,True,2026-09-24T07:04:11,2026-09-24T07:04:11,2026-09-24T07:04:11
2451,創見,2024-08-21,102.5,2.700000000000003,2.71%,,,,,,,,,ShowDailyK_ChartFlow,FinMind_API_TaiwanStockPrice_2451,True,2026-09-24T07:04:11,2026-09-24T07:04:11,2026-09-24T07:04:11
2451,創見,2024-08-22,101.0,-1.5,-1.46%,,,,,,,,,ShowDailyK_ChartFlow,FinMind_API_TaiwanStockPrice_2451,True,2026-09-24T07:04:11,2026-09-24T07:04:11,2026-09-24T07:04:11
2451,創見,2024-08-23,100.5,-0.5,-0.50%,,,,,,,,,ShowDailyK_ChartFlow,FinMind_API_TaiwanStockPrice_2451,True,2026-09-24T07:04:11,2026-09-24T07:04:11,2026-09-24T07:04:11
2451,創見,2024-08-26,103.0,2.5,2.49%,,,,,,,,,ShowDailyK_ChartFlow,FinMind_API_TaiwanStockPrice_2451,True,2026-09-24T07:04:11,2026-09-24T07:04:11,2026-09-24T07:04:11
2451,創見,2024-08-27,102.5,-0.5,-0.49%,,,,,,,,,ShowDailyK_ChartFlow,FinMind_API_TaiwanStockPrice_2451,True,2026-09-24T07:04:11,2026-09-24T07:04:11,2026-09-24T07:04:11
2451,創見,2024-08-28,101.5,-1.0,-0.98%,,,,,,,,,ShowDailyK_ChartFlow,FinMind_API_TaiwanStockPrice_2451,True,2026-09-24T07:04:11,2026-09-24T07:04:11,2026-09-24T07:04:11
2451,創見,2024-08-29,103.5,2.0,1.97%,,,,,,,,,ShowDailyK_ChartFlow,FinMind_API_TaiwanStockPrice_2451,True,2026-09-24T07:04:11,2026-09-24T07:04:11,2026-09-24T07:04:11
2451,創見,2024-08-30,103.5,0.0,0.00%,,,,,,,,,ShowDailyK_ChartFlow,FinMind_API_TaiwanStockPrice_2451,True,2026-09-24T07:04:11,2026-09-24T07:04:11,2026-09-24T07:04:11
2451,創見,2024-09-02,103.0,-0.5,-0.48%,,,,,,,,,ShowDailyK_ChartFlow,FinMind_API_TaiwanStockPrice_2451,True,2026-09-24T07:04:11,2026-09-24T07:04:11,2026-09-24T07:04:11
2451,創見,2024-09-03,104.0,1.0,0.97%,,,,,,,,,ShowDailyK_ChartFlow,FinMind_API_TaiwanStockPrice_2451,True,2026-09-24T07:04:11,2026-09-24T07:04:11,2026-09-24T07:04:11
2451,創見,2024-09-04,99.5,-4.5,-4.33%,,,,,,,,,ShowDailyK_ChartFlow,FinMind_API_TaiwanStockPrice_2451,True,2026-09-24T07:04:11,2026-09-24T07:04:11,2026-09-24T07:04:11
2451,創見,2024-09-05,99.4,-0.09999999999999432,-0.10%,,,,,,,,,ShowDailyK_ChartFlow,FinMind_API_TaiwanStockPrice_2451,True,2026-09-24T07:04:11,2026-09-24T07:04:11,2026-09-24T07:04:11
2451,創見,2024-09-06,100.0,0.5999999999999943,0.60%,,,,,,,,,ShowDailyK_ChartFlow,FinMind_API_TaiwanStockPrice_2451,True,2026-09-24T07:04:11,2026-09-24T07:04:11,2026-09-24T07:04:11
2451,創見,2024-09-09,100.5,0.5,0.50%,,,,,,,,,ShowDailyK_ChartFlow,FinMind_API_TaiwanStockPrice_2451,True,2026-09-24T07:04:11,2026-09-24T07:04:11,2026-09-24T07:04:11
2451,創見,2024-09-10,99.2,-1.2999999999999972,-1.29%,,,,,,,,,ShowDailyK_ChartFlow,FinMind_API_TaiwanStockPrice_2451,True,2026-09-24T07:04:11,2026-09-24T07:04:11,2026-09-24T07:04:11
2451,創見,2024-09-11,100.0,0.7999999999999972,0.81%,,,,,,,,,ShowDailyK_ChartFlow,FinMind_API_TaiwanStockPrice_2451,True,2026-09-24T07:04:11,2026-09-24T07:04:11,2026-09-24T07:04:11
2451,創見,2024-09-12,100.0,0.0,0.00%,,,,,,,,,ShowDailyK_ChartFlow,FinMind_API_TaiwanStockPrice_2451,True,2026-09-24T07:04:11,2026-09-24T07:04:11,2026-09-24T07:04:11
2451,創見,2024-09-13,101.0,1.0,1.00%,,,,,,,,,ShowDailyK_ChartFlow,FinMind_API_TaiwanStockPrice_2451,True,2026-09-24T07:04:11,2026-09-24T07:04:11,2026-09-24T07:04:11
2451,創見,2024-09-16,99.0,-2.0,-1.98%,,,,,,,,,ShowDailyK_ChartFlow,FinMind_API_TaiwanStockPrice_2451,True,2026-09-24T07:04:11,2026-09-24T07:04:11,2026-09-24T07:04:11
2451,創見,2024-09-18,99.3,0.29999999999999716,0.30%,,,,,,,,,ShowDailyK_ChartFlow,FinMind_API_TaiwanStockPrice_2451,True,2026-09-24T07:04:11,2026-09-24T07:04:11,2026-09-24T07:04:11
2451,創見,2024-09-19,100.5,1.2000000000000028,1.21%,,,,,,,,,ShowDailyK_ChartFlow,FinMind_API_TaiwanStockPrice_2451,True,2026-09-24T07:04:11,2026-09-24T07:04:11,2026-09-24T07:04:11
2451,創見,2024-09-20,97.8,-2.700000000000003,-2.69%,,,,,,,,,ShowDailyK_ChartFlow,FinMind_API_TaiwanStockPrice_2451,True,2026-09-24T07:04:11,2026-09-24T07:04:11,2026-09-24T07:04:11
2451,創見,2024-09-23,99.6,1.7999999999999972,1.84%,,,,,,,,,ShowDailyK_ChartFlow,FinMind_API_TaiwanStockPrice_2451,True,2026-09-24T07:04:11,2026-09-24T07:04:11,2026-09-24T07:04:11
2451,創見,2024-09-24,99.3,-0.29999999999999716,-0.30%,,,,,,,,,ShowDailyK_ChartFlow,FinMind_API_TaiwanStockPrice_2451,True,2026-09-24T07:04:11,2026-09-24T07:04:11,2026-09-24T07:04:11
2451,創見,2024-09-25,100.5,1.2000000000000028,1.21%,,,,,,,,,ShowDailyK_ChartFlow,FinMind_API_TaiwanStockPrice_2451,True,2026-09-24T07:04:11,2026-09-24T07:04:11,2026-09-24T07:04:11
2451,創見,2024-09-26,101.0,0.5,0.50%,,,,,,,,,ShowDailyK_ChartFlow,FinMind_API_TaiwanStockPrice_2451,True,2026-09-24T07:04:11,2026-09-24T07:04:11,2026-09-24T07:04:11
2451,創見,2024-09-27,103.0,2.0,1.98%,,,,,,,,,ShowDailyK_ChartFlow,FinMind_API_TaiwanStockPrice_2451,True,2026-09-24T07:04:11,2026-09-24T07:04:11,2026-09-24T07:04:11
2451,創見,2024-09-30,103.0,0.0,0.00%,,,,,,,,,ShowDailyK_ChartFlow,FinMind_API_TaiwanStockPrice_2451,True,2026-09-24T07:04:11,2026-09-24T07:04:11,2026-09-24T07:04:11
2451,創見,2024-10-01,100.5,-2.5,-2.43%,,,,,,,,,ShowDailyK_ChartFlow,FinMind_API_TaiwanStockPrice_2451,True,2026-09-24T07:04:11,2026-09-24T07:04:11,2026-09-24T07:04:11
2451,創見,2024-10-04,102.5,2.0,1.99%,,,,,,,,,ShowDailyK_ChartFlow,FinMind_API_TaiwanStockPrice_2451,True,2026-09-24T07:04:11,2026-09-24T07:04:11,2026-09-24T07:04:11
2451,創見,2024-10-07,103.0,0.5,0.49%,,,,,,,,,ShowDailyK_ChartFlow,FinMind_API_TaiwanStockPrice_2451,True,2026-09-24T07:04:11,2026-09-24T07:04:11,2026-09-24T07:04:11
2451,創見,2024-10-08,102.0,-1.0,-0.97%,,,,,,,,,ShowDailyK_ChartFlow,FinMind_API_TaiwanStockPrice_2451,True,2026-09-24T07:04:11,2026-09-24T07:04:11,2026-09-24T07:04:11
2451,創見,2024-10-09,102.5,0.5,0.49%,,,,,,,,,ShowDailyK_ChartFlow,FinMind_API_TaiwanStockPrice_2451,True,2026-09-24T07:04:11,2026-09-24T07:04:11,2026-09-24T07:04:11
2451,創見,2024-10-11,101.0,-1.5,-1.46%,,,,,,,,,ShowDailyK_ChartFlow,FinMind_API_TaiwanStockPrice_2451,True,2026-09-24T07:04:11,2026-09-24T07:04:11,2026-09-24T07:04:11
2451,創見,2024-10-14,102.0,1.0,0.99%,,,,,,,,,ShowDailyK_ChartFlow,FinMind_API_TaiwanStockPrice_2451,True,2026-09-24T07:04:11,2026-09-24T07:04:11,2026-09-24T07:04:11
2451,創見,2024-10-15,103.0,1.0,0.98%,,,,,,,,,ShowDailyK_ChartFlow,FinMind_API_TaiwanStockPrice_2451,True,2026-09-24T07:04:11,2026-09-24T07:04:11,2026-09-24T07:04:11
2451,創見,2024-10-16,102.5,-0.5,-0.49%,,,,,,,,,ShowDailyK_ChartFlow,FinMind_API_TaiwanStockPrice_2451,True,2026-09-24T07:04:11,2026-09-24T07:04:11,2026-09-24T07:04:11
2451,創見,2024-10-17,103.0,0.5,0.49%,,,,,,,,,ShowDailyK_ChartFlow,FinMind_API_TaiwanStockPrice_2451,True,2026-09-24T07:04:11,2026-09-24T07:04:11,2026-09-24T07:04:11
2451,創見,2024-10-18,101.0,-2.0,-1.94%,,,,,,,,,ShowDailyK_ChartFlow,FinMind_API_TaiwanStockPrice_2451,True,2026-09-24T07:04:11,2026-09-24T07:04:11,2026-09-24T07:04:11
2451,創見,2024-10-21,101.0,0.0,0.00%,,,,,,,,,ShowDailyK_ChartFlow,FinMind_API_TaiwanStockPrice_2451,True,2026-09-24T07:04:11,2026-09-24T07:04:11,2026-09-24T07:04:11
2451,創見,2024-10-22,100.0,-1.0,-0.99%,,,,,,,,,ShowDailyK_ChartFlow,FinMind_API_TaiwanStockPrice_2451,True,2026-09-24T07:04:11,2026-09-24T07:04:11,2026-09-24T07:04:11
2451,創見,2024-10-23,97.6,-2.4000000000000057,-2.40%,,,,,,,,,ShowDailyK_ChartFlow,FinMind_API_TaiwanStockPrice_2451,True,2026-09-24T07:04:11,2026-09-24T07:04:11,2026-09-24T07:04:11
2451,創見,2024-10-24,95.6,-2.0,-2.05%,,,,,,,,,ShowDailyK_ChartFlow,FinMind_API_TaiwanStockPrice_2451,True,2026-09-24T07:04:11,2026-09-24T07:04:11,2026-09-24T07:04:11
2451,創見,2024-10-25,96.3,0.7000000000000028,0.73%,,,,,,,,,ShowDailyK_ChartFlow,FinMind_API_TaiwanStockPrice_2451,True,2026-09-24T07:04:11,2026-09-24T07:04:11,2026-09-24T07:04:11
2451,創見,2024-10-28,96.1,-0.20000000000000284,-0.21%,,,,,,,,,ShowDailyK_ChartFlow,FinMind_API_TaiwanStockPrice_2451,True,2026-09-24T07:04:11,2026-09-24T07:04:11,2026-09-24T07:04:11
2451,創見,2024-10-29,95.0,-1.0999999999999943,-1.14%,,,,,,,,,ShowDailyK_ChartFlow,FinMind_API_TaiwanStockPrice_2451,True,2026-09-24T07:04:11,2026-09-24T07:04:11,2026-09-24T07:04:11
2451,創見,2024-10-30,96.4,1.4000000000000057,1.47%,,,,,,,,,ShowDailyK_ChartFlow,FinMind_API_TaiwanStockPrice_2451,True,2026-09-24T07:04:11,2026-09-24T07:04:11,2026-09-24T07:04:11
2451,創見,2024-11-01,97.6,1.1999999999999886,1.24%,,,,,,,,,ShowDailyK_ChartFlow,FinMind_API_TaiwanStockPrice_2451,True,2026-09-24T07:04:11,2026-09-24T07:04:11,2026-09-24T07:04:11
2451,創見,2024-11-04,95.1,-2.5,-2.56%,,,,,,,,,ShowDailyK_ChartFlow,FinMind_API_TaiwanStockPrice_2451,True,2026-09-24T07:04:11,2026-09-24T07:04:11,2026-09-24T07:04:11
2451,創見,2024-11-05,96.0,0.9000000000000057,0.95%,,,,,,,,,ShowDailyK_ChartFlow,FinMind_API_TaiwanStockPrice_2451,True,2026-09-24T07:04:11,2026-09-24T07:04:11,2026-09-24T07:04:11
2451,創見,2024-11-06,96.2,0.20000000000000284,0.21%,,,,,,,,,ShowDailyK_ChartFlow,FinMind_API_TaiwanStockPrice_2451,True,2026-09-24T07:04:11,2026-09-24T07:04:11,2026-09-24T07:04:11
2451,創見,2024-11-07,98.0,1.7999999999999972,1.87%,,,,,,,,,ShowDailyK_ChartFlow,FinMind_API_TaiwanStockPrice_2451,True,2026-09-24T07:04:11,2026-09-24T07:04:11,2026-09-24T07:04:11
2451,創見,2024-11-08,97.4,-0.5999999999999943,-0.61%,,,,,,,,,ShowDailyK_ChartFlow,FinMind_API_TaiwanStockPrice_2451,True,2026-09-24T07:04:11,2026-09-24T07:04:11,2026-09-24T07:04:11
2451,創見,2024-11-11,97.4,0.0,0.00%,,,,,,,,,ShowDailyK_ChartFlow,FinMind_API_TaiwanStockPrice_2451,True,2026-09-24T07:04:11,2026-09-24T07:04:11,2026-09-24T07:04:11
2451,創見,2024-11-12,93.3,-4.1000000000000085,-4.21%,,,,,,,,,ShowDailyK_ChartFlow,FinMind_API_TaiwanStockPrice_2451,True,2026-09-24T07:04:11,2026-09-24T07:04:11,2026-09-24T07:04:11
2451,創見,2024-11-13,92.9,-0.3999999999999915,-0.43%,,,,,,,,,ShowDailyK_ChartFlow,FinMind_API_TaiwanStockPrice_2451,True,2026-09-24T07:04:11,2026-09-24T07:04:11,2026-09-24T07:04:11
2451,創見,2024-11-14,91.7,-1.2000000000000028,-1.29%,,,,,,,,,ShowDailyK_ChartFlow,FinMind_API_TaiwanStockPrice_2451,True,2026-09-24T07:04:11,2026-09-24T07:04:11,2026-09-24T07:04:11
2451,創見,2024-11-15,91.8,0.09999999999999432,0.11%,,,,,,,,,ShowDailyK_ChartFlow,FinMind_API_TaiwanStockPrice_2451,True,2026-09-24T07:04:11,2026-09-24T07:04:11,2026-09-24T07:04:11
2451,創見,2024-11-18,93.3,1.5,1.63%,,,,,,,,,ShowDailyK_ChartFlow,FinMind_API_TaiwanStockPrice_2451,True,2026-09-24T07:04:11,2026-09-24T07:04:11,2026-09-24T07:04:11
2451,創見,2024-11-19,93.9,0.6000000000000085,0.64%,,,,,,,,,ShowDailyK_ChartFlow,FinMind_API_TaiwanStockPrice_2451,True,2026-09-24T07:04:11,2026-09-24T07:04:11,2026-09-24T07:04:11
2451,創見,2024-11-20,93.0,-0.9000000000000057,-0.96%,,,,,,,,,ShowDailyK_ChartFlow,FinMind_API_TaiwanStockPrice_2451,True,2026-09-24T07:04:11,2026-09-24T07:04:11,2026-09-24T07:04:11
2451,創見,2024-11-21,91.8,-1.2000000000000028,-1.29%,,,,,,,,,ShowDailyK_ChartFlow,FinMind_API_TaiwanStockPrice_2451,True,2026-09-24T07:04:11,2026-09-24T07:04:11,2026-09-24T07:04:11
2451,創見,2024-11-22,92.2,0.4000000000000057,0.44%,,,,,,,,,ShowDailyK_ChartFlow,FinMind_API_TaiwanStockPrice_2451,True,2026-09-24T07:04:11,2026-09-24T07:04:11,2026-09-24T07:04:11
2451,創見,2024-11-25,93.6,1.3999999999999915,1.52%,,,,,,,,,ShowDailyK_ChartFlow,FinMind_API_TaiwanStockPrice_2451,True,2026-09-24T07:04:11,2026-09-24T07:04:11,2026-09-24T07:04:11
2451,創見,2024-11-26,93.3,-0.29999999999999716,-0.32%,,,,,,,,,ShowDailyK_ChartFlow,FinMind_API_TaiwanStockPrice_2451,True,2026-09-24T07:04:11,2026-09-24T07:04:11,2026-09-24T07:04:11
2451,創見,2024-11-27,92.1,-1.2000000000000028,-1.29%,,,,,,,,,ShowDailyK_ChartFlow,FinMind_API_TaiwanStockPrice_2451,True,2026-09-24T07:04:11,2026-09-24T07:04:11,2026-09-24T07:04:11
2451,創見,2024-11-28,92.1,0.0,0.00%,,,,,,,,,ShowDailyK_ChartFlow,FinMind_API_TaiwanStockPrice_2451,True,2026-09-24T07:04:11,2026-09-24T07:04:11,2026-09-24T07:04:11
2451,創見,2024-11-29,91.5,-0.5999999999999943,-0.65%,,,,,,,,,ShowDailyK_ChartFlow,FinMind_API_TaiwanStockPrice_2451,True,2026-09-24T07:04:11,2026-09-24T07:04:11,2026-09-24T07:04:11
2451,創見,2024-12-02,90.7,-0.7999999999999972,-0.87%,,,,,,,,,ShowDailyK_ChartFlow,FinMind_API_TaiwanStockPrice_2451,True,2026-09-24T07:04:11,2026-09-24T07:04:11,2026-09-24T07:04:11
2451,創見,2024-12-03,91.3,0.5999999999999943,0.66%,,,,,,,,,ShowDailyK_ChartFlow,FinMind_API_TaiwanStockPrice_2451,True,2026-09-24T07:04:11,2026-09-24T07:04:11,2026-09-24T07:04:11
2451,創見,2024-12-04,91.9,0.6000000000000085,0.66%,,,,,,,,,ShowDailyK_ChartFlow,FinMind_API_TaiwanStockPrice_2451,True,2026-09-24T07:04:11,2026-09-24T07:04:11,2026-09-24T07:04:11
2451,創見,2024-12-05,92.7,0.7999999999999972,0.87%,,,,,,,,,ShowDailyK_ChartFlow,FinMind_API_TaiwanStockPrice_2451,True,2026-09-24T07:04:11,2026-09-24T07:04:11,2026-09-24T07:04:11
2451,創見,2024-12-06,94.2,1.5,1.62%,,,,,,,,,ShowDailyK_ChartFlow,FinMind_API_TaiwanStockPrice_2451,True,2026-09-24T07:04:11,2026-09-24T07:04:11,2026-09-24T07:04:11
2451,創見,2024-12-09,93.9,-0.29999999999999716,-0.32%,,,,,,,,,ShowDailyK_ChartFlow,FinMind_API_TaiwanStockPrice_2451,True,2026-09-24T07:04:11,2026-09-24T07:04:11,2026-09-24T07:04:11
2451,創見,2024-12-10,94.2,0.29999999999999716,0.32%,,,,,,,,,ShowDailyK_ChartFlow,FinMind_API_TaiwanStockPrice_2451,True,2026-09-24T07:04:11,2026-09-24T07:04:11,2026-09-24T07:04:11
2451,創見,2024-12-11,94.2,0.0,0.00%,,,,,,,,,ShowDailyK_ChartFlow,FinMind_API_TaiwanStockPrice_2451,True,2026-09-24T07:04:11,2026-09-24T07:04:11,2026-09-24T07:04:11
2451,創見,2024-12-12,93.7,-0.5,-0.53%,,,,,,,,,ShowDailyK_ChartFlow,FinMind_API_TaiwanStockPrice_2451,True,2026-09-24T07:04:11,2026-09-24T07:04:11,2026-09-24T07:04:11
2451,創見,2024-12-13,90.6,-3.1000000000000085,-3.31%,,,,,,,,,ShowDailyK_ChartFlow,FinMind_API_TaiwanStockPrice_2451,True,2026-09-24T07:04:11,2026-09-24T07:04:11,2026-09-24T07:04:11
2451,創見,2024-12-16,91.2,0.6000000000000085,0.66%,,,,,,,,,ShowDailyK_ChartFlow,FinMind_API_TaiwanStockPrice_2451,True,2026-09-24T07:04:11,2026-09-24T07:04:11,2026-09-24T07:04:11
2451,創見,2024-12-17,90.2,-1.0,-1.10%,,,,,,,,,ShowDailyK_ChartFlow,FinMind_API_TaiwanStockPrice_2451,True,2026-09-24T07:04:11,2026-09-24T07:04:11,2026-09-24T07:04:11
2451,創見,2024-12-18,91.3,1.0999999999999943,1.22%,,,,,,,,,ShowDailyK_ChartFlow,FinMind_API_TaiwanStockPrice_2451,True,2026-09-24T07:04:11,2026-09-24T07:04:11,2026-09-24T07:04:11
2451,創見,2024-12-19,91.0,-0.29999999999999716,-0.33%,,,,,,,,,ShowDailyK_ChartFlow,FinMind_API_TaiwanStockPrice_2451,True,2026-09-24T07:04:11,2026-09-24T07:04:11,2026-09-24T07:04:11
2451,創見,2024-12-20,89.0,-2.0,-2.20%,,,,,,,,,ShowDailyK_ChartFlow,FinMind_API_TaiwanStockPrice_2451,True,2026-09-24T07:04:11,2026-09-24T07:04:11,2026-09-24T07:04:11
2451,創見,2024-12-23,90.3,1.2999999999999972,1.46%,,,,,,,,,ShowDailyK_ChartFlow,FinMind_API_TaiwanStockPrice_2451,True,2026-09-24T07:04:11,2026-09-24T07:04:11,2026-09-24T07:04:11
2451,創見,2024-12-24,88.4,-1.8999999999999915,-2.10%,,,,,,,,,ShowDailyK_ChartFlow,FinMind_API_TaiwanStockPrice_2451,True,2026-09-24T07:04:11,2026-09-24T07:04:11,2026-09-24T07:04:11
2451,創見,2024-12-25,87.7,-0.7000000000000028,-0.79%,,,,,,,,,ShowDailyK_ChartFlow,FinMind_API_TaiwanStockPrice_2451,True,2026-09-24T07:04:11,2026-09-24T07:04:11,2026-09-24T07:04:11
2451,創見,2024-12-26,88.3,0.5999999999999943,0.68%,,,,,,,,,ShowDailyK_ChartFlow,FinMind_API_TaiwanStockPrice_2451,True,2026-09-24T07:04:11,2026-09-24T07:04:11,2026-09-24T07:04:11
2451,創見,2024-12-27,87.7,-0.5999999999999943,-0.68%,,,,,,,,,ShowDailyK_ChartFlow,FinMind_API_TaiwanStockPrice_2451,True,2026-09-24T07:04:11,2026-09-24T07:04:11,2026-09-24T07:04:11
2451,創見,2024-12-30,86.8,-0.9000000000000057,-1.03%,,,,,,,,,ShowDailyK_ChartFlow,FinMind_API_TaiwanStockPrice_2451,True,2026-09-24T07:04:11,2026-09-24T07:04:11,2026-09-24T07:04:11
2451,創見,2024-12-31,86.6,-0.20000000000000284,-0.23%,,,,,,,,,ShowDailyK_ChartFlow,FinMind_API_TaiwanStockPrice_2451,True,2026-09-24T07:04:11,2026-09-24T07:04:11,2026-09-24T07:04:11
2451,創見,2025-01-02,86.7,0.10000000000000853,0.12%,,,,,,,,,ShowDailyK_ChartFlow,FinMind_API_TaiwanStockPrice_2451,True,2026-09-24T07:04:11,2026-09-24T07:04:11,2026-09-24T07:04:11
2451,創見,2025-01-03,85.6,-1.1000000000000085,-1.27%,,,,,,,,,ShowDailyK_ChartFlow,FinMind_API_TaiwanStockPrice_2451,True,2026-09-24T07:04:11,2026-09-24T07:04:11,2026-09-24T07:04:11
2451,創見,2025-01-06,86.7,1.1000000000000085,1.29%,,,,,,,,,ShowDailyK_ChartFlow,FinMind_API_TaiwanStockPrice_2451,True,2026-09-24T07:04:11,2026-09-24T07:04:11,2026-09-24T07:04:11
2451,創見,2025-01-07,86.1,-0.6000000000000085,-0.69%,,,,,,,,,ShowDailyK_ChartFlow,FinMind_API_TaiwanStockPrice_2451,True,2026-09-24T07:04:11,2026-09-24T07:04:11,2026-09-24T07:04:11
2451,創見,2025-01-08,87.5,1.4000000000000057,1.63%,,,,,,,,,ShowDailyK_ChartFlow,FinMind_API_TaiwanStockPrice_2451,True,2026-09-24T07:04:11,2026-09-24T07:04:11,2026-09-24T07:04:11
2451,創見,2025-01-09,85.6,-1.9000000000000057,-2.17%,,,,,,,,,ShowDailyK_ChartFlow,FinMind_API_TaiwanStockPrice_2451,True,2026-09-24T07:04:11,2026-09-24T07:04:11,2026-09-24T07:04:11
2451,創見,2025-01-10,86.1,0.5,0.58%,,,,,,,,,ShowDailyK_ChartFlow,FinMind_API_TaiwanStockPrice_2451,True,2026-09-24T07:04:11,2026-09-24T07:04:11,2026-09-24T07:04:11
2451,創見,2025-01-13,85.0,-1.0999999999999943,-1.28%,,,,,,,,,ShowDailyK_ChartFlow,FinMind_API_TaiwanStockPrice_2451,True,2026-09-24T07:04:11,2026-09-24T07:04:11,2026-09-24T07:04:11
2451,創見,2025-01-14,84.7,-0.29999999999999716,-0.35%,,,,,,,,,ShowDailyK_ChartFlow,FinMind_API_TaiwanStockPrice_2451,True,2026-09-24T07:04:11,2026-09-24T07:04:11,2026-09-24T07:04:11
2451,創見,2025-01-15,84.1,-0.6000000000000085,-0.71%,,,,,,,,,ShowDailyK_ChartFlow,FinMind_API_TaiwanStockPrice_2451,True,2026-09-24T07:04:11,2026-09-24T07:04:11,2026-09-24T07:04:11
2451,創見,2025-01-16,85.3,1.2000000000000028,1.43%,,,,,,,,,ShowDailyK_ChartFlow,FinMind_API_TaiwanStockPrice_2451,True,2026-09-24T07:04:11,2026-09-24T07:04:11,2026-09-24T07:04:11
2451,創見,2025-01-17,86.0,0.7000000000000028,0.82%,,,,,,,,,ShowDailyK_ChartFlow,FinMind_API_TaiwanStockPrice_2451,True,2026-09-24T07:04:11,2026-09-24T07:04:11,2026-09-24T07:04:11
2451,創見,2025-01-20,85.8,-0.20000000000000284,-0.23%,,,,,,,,,ShowDailyK_ChartFlow,FinMind_API_TaiwanStockPrice_2451,True,2026-09-24T07:04:11,2026-09-24T07:04:11,2026-09-24T07:04:11
2451,創見,2025-01-21,86.2,0.4000000000000057,0.47%,,,,,,,,,ShowDailyK_ChartFlow,FinMind_API_TaiwanStockPrice_2451,True,2026-09-24T07:04:11,2026-09-24T07:04:11,2026-09-24T07:04:11
2451,創見,2025-01-22,87.3,1.0999999999999943,1.28%,,,,,,,,,ShowDailyK_ChartFlow,FinMind_API_TaiwanStockPrice_2451,True,2026-09-24T07:04:11,2026-09-24T07:04:11,2026-09-24T07:04:11
2451,創見,2025-02-03,86.5,-0.7999999999999972,-0.92%,,,,,,,,,ShowDailyK_ChartFlow,FinMind_API_TaiwanStockPrice_2451,True,2026-09-24T07:04:11,2026-09-24T07:04:11,2026-09-24T07:04:11
2451,創見,2025-02-04,85.1,-1.4000000000000057,-1.62%,,,,,,,,,ShowDailyK_ChartFlow,FinMind_API_TaiwanStockPrice_2451,True,2026-09-24T07:04:11,2026-09-24T07:04:11,2026-09-24T07:04:11
2451,創見,2025-02-05,86.7,1.6000000000000085,1.88%,,,,,,,,,ShowDailyK_ChartFlow,FinMind_API_TaiwanStockPrice_2451,True,2026-09-24T07:04:11,2026-09-24T07:04:11,2026-09-24T07:04:11
2451,創見,2025-02-06,87.3,0.5999999999999943,0.69%,,,,,,,,,ShowDailyK_ChartFlow,FinMind_API_TaiwanStockPrice_2451,True,2026-09-24T07:04:11,2026-09-24T07:04:11,2026-09-24T07:04:11
2451,創見,2025-02-07,86.9,-0.3999999999999915,-0.46%,,,,,,,,,ShowDailyK_ChartFlow,FinMind_API_TaiwanStockPrice_2451,True,2026-09-24T07:04:11,2026-09-24T07:04:11,2026-09-24T07:04:11
2451,創見,2025-02-10,85.9,-1.0,-1.15%,,,,,,,,,ShowDailyK_ChartFlow,FinMind_API_TaiwanStockPrice_2451,True,2026-09-24T07:04:11,2026-09-24T07:04:11,2026-09-24T07:04:11
2451,創見,2025-02-11,86.6,0.6999999999999886,0.81%,,,,,,,,,ShowDailyK_ChartFlow,FinMind_API_TaiwanStockPrice_2451,True,2026-09-24T07:04:11,2026-09-24T07:04:11,2026-09-24T07:04:11
2451,創見,2025-02-12,86.4,-0.19999999999998863,-0.23%,,,,,,,,,ShowDailyK_ChartFlow,FinMind_API_TaiwanStockPrice_2451,True,2026-09-24T07:04:11,2026-09-24T07:04:11,2026-09-24T07:04:11
2451,創見,2025-02-13,88.4,2.0,2.31%,,,,,,,,,ShowDailyK_ChartFlow,FinMind_API_TaiwanStockPrice_2451,True,2026-09-24T07:04:11,2026-09-24T07:04:11,2026-09-24T07:04:11
2451,創見,2025-02-14,88.3,-0.10000000000000853,-0.11%,,,,,,,,,ShowDailyK_ChartFlow,FinMind_API_TaiwanStockPrice_2451,True,2026-09-24T07:04:11,2026-09-24T07:04:11,2026-09-24T07:04:11
2451,創見,2025-02-17,88.8,0.5,0.57%,,,,,,,,,ShowDailyK_ChartFlow,FinMind_API_TaiwanStockPrice_2451,True,2026-09-24T07:04:11,2026-09-24T07:04:11,2026-09-24T07:04:11
2451,創見,2025-02-18,89.5,0.7000000000000028,0.79%,,,,,,,,,ShowDailyK_ChartFlow,FinMind_API_TaiwanStockPrice_2451,True,2026-09-24T07:04:11,2026-09-24T07:04:11,2026-09-24T07:04:11
2451,創見,2025-02-19,90.2,0.7000000000000028,0.78%,,,,,,,,,ShowDailyK_ChartFlow,FinMind_API_TaiwanStockPrice_2451,True,2026-09-24T07:04:11,2026-09-24T07:04:11,2026-09-24T07:04:11
2451,創見,2025-02-20,89.0,-1.2000000000000028,-1.33%,,,,,,,,,ShowDailyK_ChartFlow,FinMind_API_TaiwanStockPrice_2451,True,2026-09-24T07:04:11,2026-09-24T07:04:11,2026-09-24T07:04:11
2451,創見,2025-02-21,90.2,1.2000000000000028,1.35%,,,,,,,,,ShowDailyK_ChartFlow,FinMind_API_TaiwanStockPrice_2451,True,2026-09-24T07:04:11,2026-09-24T07:04:11,2026-09-24T07:04:11
2451,創見,2025-02-24,89.2,-1.0,-1.11%,,,,,,,,,ShowDailyK_ChartFlow,FinMind_API_TaiwanStockPrice_2451,True,2026-09-24T07:04:11,2026-09-24T07:04:11,2026-09-24T07:04:11
2451,創見,2025-02-25,88.8,-0.4000000000000057,-0.45%,,,,,,,,,ShowDailyK_ChartFlow,FinMind_API_TaiwanStockPrice_2451,True,2026-09-24T07:04:11,2026-09-24T07:04:11,2026-09-24T07:04:11
2451,創見,2025-02-26,90.2,1.4000000000000057,1.58%,,,,,,,,,ShowDailyK_ChartFlow,FinMind_API_TaiwanStockPrice_2451,True,2026-09-24T07:04:11,2026-09-24T07:04:11,2026-09-24T07:04:11
2451,創見,2025-02-27,89.4,-0.7999999999999972,-0.89%,,,,,,,,,ShowDailyK_ChartFlow,FinMind_API_TaiwanStockPrice_2451,True,2026-09-24T07:04:11,2026-09-24T07:04:11,2026-09-24T07:04:11
2451,創見,2025-03-03,87.3,-2.1000000000000085,-2.35%,,,,,,,,,ShowDailyK_ChartFlow,FinMind_API_TaiwanStockPrice_2451,True,2026-09-24T07:04:11,2026-09-24T07:04:11,2026-09-24T07:04:11
2451,創見,2025-03-04,87.8,0.5,0.57%,,,,,,,,,ShowDailyK_ChartFlow,FinMind_API_TaiwanStockPrice_2451,True,2026-09-24T07:04:11,2026-09-24T07:04:11,2026-09-24T07:04:11
2451,創見,2025-03-05,87.9,0.10000000000000853,0.11%,,,,,,,,,ShowDailyK_ChartFlow,FinMind_API_TaiwanStockPrice_2451,True,2026-09-24T07:04:11,2026-09-24T07:04:11,2026-09-24T07:04:11
2451,創見,2025-03-06,87.9,0.0,0.00%,,,,,,,,,ShowDailyK_ChartFlow,FinMind_API_TaiwanStockPrice_2451,True,2026-09-24T07:04:11,2026-09-24T07:04:11,2026-09-24T07:04:11
2451,創見,2025-03-07,96.6,8.699999999999989,9.90%,,,,,,,,,ShowDailyK_ChartFlow,FinMind_API_TaiwanStockPrice_2451,True,2026-09-24T07:04:11,2026-09-24T07:04:11,2026-09-24T07:04:11
2451,創見,2025-03-10,99.0,2.4000000000000057,2.48%,,,,,,,,,ShowDailyK_ChartFlow,FinMind_API_TaiwanStockPrice_2451,True,2026-09-24T07:04:11,2026-09-24T07:04:11,2026-09-24T07:04:11
2451,創見,2025-03-11,102.5,3.5,3.54%,,,,,,,,,ShowDailyK_ChartFlow,FinMind_API_TaiwanStockPrice_2451,True,2026-09-24T07:04:11,2026-09-24T07:04:11,2026-09-24T07:04:11
2451,創見,2025-03-12,101.0,-1.5,-1.46%,,,,,,,,,ShowDailyK_ChartFlow,FinMind_API_TaiwanStockPrice_2451,True,2026-09-24T07:04:11,2026-09-24T07:04:11,2026-09-24T07:04:11
2451,創見,2025-03-13,99.6,-1.4000000000000057,-1.39%,,,,,,,,,ShowDailyK_ChartFlow,FinMind_API_TaiwanStockPrice_2451,True,2026-09-24T07:04:11,2026-09-24T07:04:11,2026-09-24T07:04:11
2451,創見,2025-03-14,100.5,0.9000000000000057,0.90%,,,,,,,,,ShowDailyK_ChartFlow,FinMind_API_TaiwanStockPrice_2451,True,2026-09-24T07:04:11,2026-09-24T07:04:11,2026-09-24T07:04:11
2451,創見,2025-03-17,104.0,3.5,3.48%,,,,,,,,,ShowDailyK_ChartFlow,FinMind_API_TaiwanStockPrice_2451,True,2026-09-24T07:04:11,2026-09-24T07:04:11,2026-09-24T07:04:11
2451,創見,2025-03-18,103.0,-1.0,-0.96%,,,,,,,,,ShowDailyK_ChartFlow,FinMind_API_TaiwanStockPrice_2451,True,2026-09-24T07:04:11,2026-09-24T07:04:11,2026-09-24T07:04:11
2451,創見,2025-03-19,103.0,0.0,0.00%,,,,,,,,,ShowDailyK_ChartFlow,FinMind_API_TaiwanStockPrice_2451,True,2026-09-24T07:04:11,2026-09-24T07:04:11,2026-09-24T07:04:11
2451,創見,2025-03-20,105.0,2.0,1.94%,,,,,,,,,ShowDailyK_ChartFlow,FinMind_API_TaiwanStockPrice_2451,True,2026-09-24T07:04:11,2026-09-24T07:04:11,2026-09-24T07:04:11
2451,創見,2025-03-21,102.5,-2.5,-2.38%,,,,,,,,,ShowDailyK_ChartFlow,FinMind_API_TaiwanStockPrice_2451,True,2026-09-24T07:04:11,2026-09-24T07:04:11,2026-09-24T07:04:11
2451,創見,2025-03-24,102.0,-0.5,-0.49%,,,,,,,,,ShowDailyK_ChartFlow,FinMind_API_TaiwanStockPrice_2451,True,2026-09-24T07:04:11,2026-09-24T07:04:11,2026-09-24T07:04:11
2451,創見,2025-03-25,103.5,1.5,1.47%,,,,,,,,,ShowDailyK_ChartFlow,FinMind_API_TaiwanStockPrice_2451,True,2026-09-24T07:04:11,2026-09-24T07:04:11,2026-09-24T07:04:11
2451,創見,2025-03-26,103.0,-0.5,-0.48%,,,,,,,,,ShowDailyK_ChartFlow,FinMind_API_TaiwanStockPrice_2451,True,2026-09-24T07:04:11,2026-09-24T07:04:11,2026-09-24T07:04:11
2451,創見,2025-03-27,105.0,2.0,1.94%,,,,,,,,,ShowDailyK_ChartFlow,FinMind_API_TaiwanStockPrice_2451,True,2026-09-24T07:04:11,2026-09-24T07:04:11,2026-09-24T07:04:11
2451,創見,2025-03-28,102.0,-3.0,-2.86%,,,,,,,,,ShowDailyK_ChartFlow,FinMind_API_TaiwanStockPrice_2451,True,2026-09-24T07:04:11,2026-09-24T07:04:11,2026-09-24T07:04:11
2451,創見,2025-03-31,100.5,-1.5,-1.47%,,,,,,,,,ShowDailyK_ChartFlow,FinMind_API_TaiwanStockPrice_2451,True,2026-09-24T07:04:11,2026-09-24T07:04:11,2026-09-24T07:04:11
2451,創見,2025-04-01,104.0,3.5,3.48%,,,,,,,,,ShowDailyK_ChartFlow,FinMind_API_TaiwanStockPrice_2451,True,2026-09-24T07:04:11,2026-09-24T07:04:11,2026-09-24T07:04:11
2451,創見,2025-04-02,104.0,0.0,0.00%,,,,,,,,,ShowDailyK_ChartFlow,FinMind_API_TaiwanStockPrice_2451,True,2026-09-24T07:04:11,2026-09-24T07:04:11,2026-09-24T07:04:11
2451,創見,2025-04-07,93.6,-10.400000000000006,-10.00%,,,,,,,,,ShowDailyK_ChartFlow,FinMind_API_TaiwanStockPrice_2451,True,2026-09-24T07:04:11,2026-09-24T07:04:11,2026-09-24T07:04:11
2451,創見,2025-04-08,86.7,-6.8999999999999915,-7.37%,,,,,,,,,ShowDailyK_ChartFlow,FinMind_API_TaiwanStockPrice_2451,True,2026-09-24T07:04:11,2026-09-24T07:04:11,2026-09-24T07:04:11
2451,創見,2025-04-09,78.5,-8.200000000000003,-9.46%,,,,,,,,,ShowDailyK_ChartFlow,FinMind_API_TaiwanStockPrice_2451,True,2026-09-24T07:04:11,2026-09-24T07:04:11,2026-09-24T07:04:11
2451,創見,2025-04-10,86.3,7.799999999999997,9.94%,,,,,,,,,ShowDailyK_ChartFlow,FinMind_API_TaiwanStockPrice_2451,True,2026-09-24T07:04:11,2026-09-24T07:04:11,2026-09-24T07:04:11
2451,創見,2025-04-11,93.4,7.1000000000000085,8.23%,,,,,,,,,ShowDailyK_ChartFlow,FinMind_API_TaiwanStockPrice_2451,True,2026-09-24T07:04:11,2026-09-24T07:04:11,2026-09-24T07:04:11
2451,創見,2025-04-14,94.5,1.0999999999999943,1.18%,,,,,,,,,ShowDailyK_ChartFlow,FinMind_API_TaiwanStockPrice_2451,True,2026-09-24T07:04:11,2026-09-24T07:04:11,2026-09-24T07:04:11
2451,創見,2025-04-15,96.8,2.299999999999997,2.43%,,,,,,,,,ShowDailyK_ChartFlow,FinMind_API_TaiwanStockPrice_2451,True,2026-09-24T07:04:11,2026-09-24T07:04:11,2026-09-24T07:04:11
2451,創見,2025-04-16,96.9,0.10000000000000853,0.10%,,,,,,,,,ShowDailyK_ChartFlow,FinMind_API_TaiwanStockPrice_2451,True,2026-09-24T07:04:11,2026-09-24T07:04:11,2026-09-24T07:04:11
2451,創見,2025-04-17,99.5,2.5999999999999943,2.68%,,,,,,,,,ShowDailyK_ChartFlow,FinMind_API_TaiwanStockPrice_2451,True,2026-09-24T07:04:11,2026-09-24T07:04:11,2026-09-24T07:04:11
2451,創見,2025-04-18,102.0,2.5,2.51%,,,,,,,,,ShowDailyK_ChartFlow,FinMind_API_TaiwanStockPrice_2451,True,2026-09-24T07:04:11,2026-09-24T07:04:11,2026-09-24T07:04:11
2451,創見,2025-04-21,101.5,-0.5,-0.49%,,,,,,,,,ShowDailyK_ChartFlow,FinMind_API_TaiwanStockPrice_2451,True,2026-09-24T07:04:11,2026-09-24T07:04:11,2026-09-24T07:04:11
2451,創見,2025-04-22,99.8,-1.7000000000000028,-1.67%,,,,,,,,,ShowDailyK_ChartFlow,FinMind_API_TaiwanStockPrice_2451,True,2026-09-24T07:04:11,2026-09-24T07:04:11,2026-09-24T07:04:11
2451,創見,2025-04-23,103.0,3.200000000000003,3.21%,,,,,,,,,ShowDailyK_ChartFlow,FinMind_API_TaiwanStockPrice_2451,True,2026-09-24T07:04:11,2026-09-24T07:04:11,2026-09-24T07:04:11
2451,創見,2025-04-24,104.5,1.5,1.46%,,,,,,,,,ShowDailyK_ChartFlow,FinMind_API_TaiwanStockPrice_2451,True,2026-09-24T07:04:11,2026-09-24T07:04:11,2026-09-24T07:04:11
2451,創見,2025-04-25,103.0,-1.5,-1.44%,,,,,,,,,ShowDailyK_ChartFlow,FinMind_API_TaiwanStockPrice_2451,True,2026-09-24T07:04:11,2026-09-24T07:04:11,2026-09-24T07:04:11
2451,創見,2025-04-28,102.5,-0.5,-0.49%,,,,,,,,,ShowDailyK_ChartFlow,FinMind_API_TaiwanStockPrice_2451,True,2026-09-24T07:04:11,2026-09-24T07:04:11,2026-09-24T07:04:11
2451,創見,2025-04-29,103.5,1.0,0.98%,,,,,,,,,ShowDailyK_ChartFlow,FinMind_API_TaiwanStockPrice_2451,True,2026-09-24T07:04:11,2026-09-24T07:04:11,2026-09-24T07:04:11
2451,創見,2025-04-30,100.0,-3.5,-3.38%,,,,,,,,,ShowDailyK_ChartFlow,FinMind_API_TaiwanStockPrice_2451,True,2026-09-24T07:04:11,2026-09-24T07:04:11,2026-09-24T07:04:11
2451,創見,2025-05-02,101.5,1.5,1.50%,,,,,,,,,ShowDailyK_ChartFlow,FinMind_API_TaiwanStockPrice_2451,True,2026-09-24T07:04:11,2026-09-24T07:04:11,2026-09-24T07:04:11
2451,創見,2025-05-05,99.2,-2.299999999999997,-2.27%,,,,,,,,,ShowDailyK_ChartFlow,FinMind_API_TaiwanStockPrice_2451,True,2026-09-24T07:04:11,2026-09-24T07:04:11,2026-09-24T07:04:11
2451,創見,2025-05-06,98.6,-0.6000000000000085,-0.60%,,,,,,,,,ShowDailyK_ChartFlow,FinMind_API_TaiwanStockPrice_2451,True,2026-09-24T07:04:11,2026-09-24T07:04:11,2026-09-24T07:04:11
2451,創見,2025-05-07,97.0,-1.5999999999999943,-1.62%,,,,,,,,,ShowDailyK_ChartFlow,FinMind_API_TaiwanStockPrice_2451,True,2026-09-24T07:04:11,2026-09-24T07:04:11,2026-09-24T07:04:11
2451,創見,2025-05-08,96.5,-0.5,-0.52%,,,,,,,,,ShowDailyK_ChartFlow,FinMind_API_TaiwanStockPrice_2451,True,2026-09-24T07:04:11,2026-09-24T07:04:11,2026-09-24T07:04:11
2451,創見,2025-05-09,96.9,0.4000000000000057,0.41%,,,,,,,,,ShowDailyK_ChartFlow,FinMind_API_TaiwanStockPrice_2451,True,2026-09-24T07:04:11,2026-09-24T07:04:11,2026-09-24T07:04:11
2451,創見,2025-05-12,99.4,2.5,2.58%,,,,,,,,,ShowDailyK_ChartFlow,FinMind_API_TaiwanStockPrice_2451,True,2026-09-24T07:04:11,2026-09-24T07:04:11,2026-09-24T07:04:11
2451,創見,2025-05-13,99.9,0.5,0.50%,,,,,,,,,ShowDailyK_ChartFlow,FinMind_API_TaiwanStockPrice_2451,True,2026-09-24T07:04:11,2026-09-24T07:04:11,2026-09-24T07:04:11
2451,創見,2025-05-14,102.5,2.5999999999999943,2.60%,,,,,,,,,ShowDailyK_ChartFlow,FinMind_API_TaiwanStockPrice_2451,True,2026-09-24T07:04:11,2026-09-24T07:04:11,2026-09-24T07:04:11
2451,創見,2025-05-15,102.0,-0.5,-0.49%,,,,,,,,,ShowDailyK_ChartFlow,FinMind_API_TaiwanStockPrice_2451,True,2026-09-24T07:04:11,2026-09-24T07:04:11,2026-09-24T07:04:11
2451,創見,2025-05-16,101.0,-1.0,-0.98%,,,,,,,,,ShowDailyK_ChartFlow,FinMind_API_TaiwanStockPrice_2451,True,2026-09-24T07:04:11,2026-09-24T07:04:11,2026-09-24T07:04:11
2451,創見,2025-05-19,103.0,2.0,1.98%,,,,,,,,,ShowDailyK_ChartFlow,FinMind_API_TaiwanStockPrice_2451,True,2026-09-24T07:04:11,2026-09-24T07:04:11,2026-09-24T07:04:11
2451,創見,2025-05-20,103.5,0.5,0.49%,,,,,,,,,ShowDailyK_ChartFlow,FinMind_API_TaiwanStockPrice_2451,True,2026-09-24T07:04:11,2026-09-24T07:04:11,2026-09-24T07:04:11
2451,創見,2025-05-21,105.5,2.0,1.93%,,,,,,,,,ShowDailyK_ChartFlow,FinMind_API_TaiwanStockPrice_2451,True,2026-09-24T07:04:11,2026-09-24T07:04:11,2026-09-24T07:04:11
2451,創見,2025-05-22,103.5,-2.0,-1.90%,,,,,,,,,ShowDailyK_ChartFlow,FinMind_API_TaiwanStockPrice_2451,True,2026-09-24T07:04:11,2026-09-24T07:04:11,2026-09-24T07:04:11
2451,創見,2025-05-23,103.5,0.0,0.00%,,,,,,,,,ShowDailyK_ChartFlow,FinMind_API_TaiwanStockPrice_2451,True,2026-09-24T07:04:11,2026-09-24T07:04:11,2026-09-24T07:04:11
2451,創見,2025-05-26,102.5,-1.0,-0.97%,,,,,,,,,ShowDailyK_ChartFlow,FinMind_API_TaiwanStockPrice_2451,True,2026-09-24T07:04:11,2026-09-24T07:04:11,2026-09-24T07:04:11
2451,創見,2025-05-27,101.5,-1.0,-0.98%,,,,,,,,,ShowDailyK_ChartFlow,FinMind_API_TaiwanStockPrice_2451,True,2026-09-24T07:04:11,2026-09-24T07:04:11,2026-09-24T07:04:11
2451,創見,2025-05-28,105.5,4.0,3.94%,,,,,,,,,ShowDailyK_ChartFlow,FinMind_API_TaiwanStockPrice_2451,True,2026-09-24T07:04:11,2026-09-24T07:04:11,2026-09-24T07:04:11
2451,創見,2025-05-29,103.0,-2.5,-2.37%,,,,,,,,,ShowDailyK_ChartFlow,FinMind_API_TaiwanStockPrice_2451,True,2026-09-24T07:04:11,2026-09-24T07:04:11,2026-09-24T07:04:11
2451,創見,2025-06-02,103.5,0.5,0.49%,,,,,,,,,ShowDailyK_ChartFlow,FinMind_API_TaiwanStockPrice_2451,True,2026-09-24T07:04:11,2026-09-24T07:04:11,2026-09-24T07:04:11
2451,創見,2025-06-03,105.5,2.0,1.93%,,,,,,,,,ShowDailyK_ChartFlow,FinMind_API_TaiwanStockPrice_2451,True,2026-09-24T07:04:11,2026-09-24T07:04:11,2026-09-24T07:04:11
2451,創見,2025-06-04,106.0,0.5,0.47%,,,,,,,,,ShowDailyK_ChartFlow,FinMind_API_TaiwanStockPrice_2451,True,2026-09-24T07:04:11,2026-09-24T07:04:11,2026-09-24T07:04:11
2451,創見,2025-06-05,103.5,-2.5,-2.36%,,,,,,,,,ShowDailyK_ChartFlow,FinMind_API_TaiwanStockPrice_2451,True,2026-09-24T07:04:11,2026-09-24T07:04:11,2026-09-24T07:04:11
2451,創見,2025-06-06,105.5,2.0,1.93%,,,,,,,,,ShowDailyK_ChartFlow,FinMind_API_TaiwanStockPrice_2451,True,2026-09-24T07:04:11,2026-09-24T07:04:11,2026-09-24T07:04:11
2451,創見,2025-06-09,104.0,-1.5,-1.42%,,,,,,,,,ShowDailyK_ChartFlow,FinMind_API_TaiwanStockPrice_2451,True,2026-09-24T07:04:11,2026-09-24T07:04:11,2026-09-24T07:04:11
2451,創見,2025-06-10,108.5,4.5,4.33%,,,,,,,,,ShowDailyK_ChartFlow,FinMind_API_TaiwanStockPrice_2451,True,2026-09-24T07:04:11,2026-09-24T07:04:11,2026-09-24T07:04:11
2451,創見,2025-06-11,108.5,0.0,0.00%,,,,,,,,,ShowDailyK_ChartFlow,FinMind_API_TaiwanStockPrice_2451,True,2026-09-24T07:04:11,2026-09-24T07:04:11,2026-09-24T07:04:11
2451,創見,2025-06-12,105.0,-3.5,-3.23%,,,,,,,,,ShowDailyK_ChartFlow,FinMind_API_TaiwanStockPrice_2451,True,2026-09-24T07:04:11,2026-09-24T07:04:11,2026-09-24T07:04:11
2451,創見,2025-06-13,103.5,-1.5,-1.43%,,,,,,,,,ShowDailyK_ChartFlow,FinMind_API_TaiwanStockPrice_2451,True,2026-09-24T07:04:11,2026-09-24T07:04:11,2026-09-24T07:04:11
2451,創見,2025-06-16,102.5,-1.0,-0.97%,,,,,,,,,ShowDailyK_ChartFlow,FinMind_API_TaiwanStockPrice_2451,True,2026-09-24T07:04:11,2026-09-24T07:04:11,2026-09-24T07:04:11
2451,創見,2025-06-17,102.5,0.0,0.00%,,,,,,,,,ShowDailyK_ChartFlow,FinMind_API_TaiwanStockPrice_2451,True,2026-09-24T07:04:11,2026-09-24T07:04:11,2026-09-24T07:04:11
2451,創見,2025-06-18,104.0,1.5,1.46%,,,,,,,,,ShowDailyK_ChartFlow,FinMind_API_TaiwanStockPrice_2451,True,2026-09-24T07:04:11,2026-09-24T07:04:11,2026-09-24T07:04:11
2451,創見,2025-06-19,101.5,-2.5,-2.40%,,,,,,,,,ShowDailyK_ChartFlow,FinMind_API_TaiwanStockPrice_2451,True,2026-09-24T07:04:11,2026-09-24T07:04:11,2026-09-24T07:04:11
2451,創見,2025-06-20,98.4,-3.0999999999999943,-3.05%,,,,,,,,,ShowDailyK_ChartFlow,FinMind_API_TaiwanStockPrice_2451,True,2026-09-24T07:04:11,2026-09-24T07:04:11,2026-09-24T07:04:11
2451,創見,2025-06-23,100.5,2.0999999999999943,2.13%,,,,,,,,,ShowDailyK_ChartFlow,FinMind_API_TaiwanStockPrice_2451,True,2026-09-24T07:04:11,2026-09-24T07:04:11,2026-09-24T07:04:11
2451,創見,2025-06-24,100.5,0.0,0.00%,,,,,,,,,ShowDailyK_ChartFlow,FinMind_API_TaiwanStockPrice_2451,True,2026-09-24T07:04:11,2026-09-24T07:04:11,2026-09-24T07:04:11
2451,創見,2025-06-25,102.5,2.0,1.99%,,,,,,,,,ShowDailyK_ChartFlow,FinMind_API_TaiwanStockPrice_2451,True,2026-09-24T07:04:11,2026-09-24T07:04:11,2026-09-24T07:04:11
2451,創見,2025-06-26,104.5,2.0,1.95%,,,,,,,,,ShowDailyK_ChartFlow,FinMind_API_TaiwanStockPrice_2451,True,2026-09-24T07:04:11,2026-09-24T07:04:11,2026-09-24T07:04:11
2451,創見,2025-06-27,101.0,-3.5,-3.35%,,,,,,,,,ShowDailyK_ChartFlow,FinMind_API_TaiwanStockPrice_2451,True,2026-09-24T07:04:11,2026-09-24T07:04:11,2026-09-24T07:04:11
2451,創見,2025-06-30,100.5,-0.5,-0.50%,,,,,,,,,ShowDailyK_ChartFlow,FinMind_API_TaiwanStockPrice_2451,True,2026-09-24T07:04:11,2026-09-24T07:04:11,2026-09-24T07:04:11
2451,創見,2025-07-01,102.5,2.0,1.99%,,,,,,,,,ShowDailyK_ChartFlow,FinMind_API_TaiwanStockPrice_2451,True,2026-09-24T07:04:11,2026-09-24T07:04:11,2026-09-24T07:04:11
2451,創見,2025-07-02,105.0,2.5,2.44%,,,,,,,,,ShowDailyK_ChartFlow,FinMind_API_TaiwanStockPrice_2451,True,2026-09-24T07:04:11,2026-09-24T07:04:11,2026-09-24T07:04:11
2451,創見,2025-07-03,114.5,9.5,9.05%,,,,,,,,,ShowDailyK_ChartFlow,FinMind_API_TaiwanStockPrice_2451,True,2026-09-24T07:04:11,2026-09-24T07:04:11,2026-09-24T07:04:11
2451,創見,2025-07-04,120.0,5.5,4.80%,,,,,,,,,ShowDailyK_ChartFlow,FinMind_API_TaiwanStockPrice_2451,True,2026-09-24T07:04:11,2026-09-24T07:04:11,2026-09-24T07:04:11
2451,創見,2025-07-07,111.0,-9.0,-7.50%,,,,,,,,,ShowDailyK_ChartFlow,FinMind_API_TaiwanStockPrice_2451,True,2026-09-24T07:04:11,2026-09-24T07:04:11,2026-09-24T07:04:11
2451,創見,2025-07-08,100.5,-10.5,-9.46%,,,,,,,,,ShowDailyK_ChartFlow,FinMind_API_TaiwanStockPrice_2451,True,2026-09-24T07:04:11,2026-09-24T07:04:11,2026-09-24T07:04:11
2451,創見,2025-07-09,99.9,-0.5999999999999943,-0.60%,,,,,,,,,ShowDailyK_ChartFlow,FinMind_API_TaiwanStockPrice_2451,True,2026-09-24T07:04:11,2026-09-24T07:04:11,2026-09-24T07:04:11
2451,創見,2025-07-10,96.9,-3.0,-3.00%,,,,,,,,,ShowDailyK_ChartFlow,FinMind_API_TaiwanStockPrice_2451,True,2026-09-24T07:04:11,2026-09-24T07:04:11,2026-09-24T07:04:11
2451,創見,2025-07-11,96.8,-0.10000000000000853,-0.10%,,,,,,,,,ShowDailyK_ChartFlow,FinMind_API_TaiwanStockPrice_2451,True,2026-09-24T07:04:11,2026-09-24T07:04:11,2026-09-24T07:04:11
2451,創見,2025-07-14,96.3,-0.5,-0.52%,,,,,,,,,ShowDailyK_ChartFlow,FinMind_API_TaiwanStockPrice_2451,True,2026-09-24T07:04:11,2026-09-24T07:04:11,2026-09-24T07:04:11
2451,創見,2025-07-15,91.5,-4.799999999999997,-4.98%,,,,,,,,,ShowDailyK_ChartFlow,FinMind_API_TaiwanStockPrice_2451,True,2026-09-24T07:04:11,2026-09-24T07:04:11,2026-09-24T07:04:11
2451,創見,2025-07-16,91.5,0.0,0.00%,,,,,,,,,ShowDailyK_ChartFlow,FinMind_API_TaiwanStockPrice_2451,True,2026-09-24T07:04:11,2026-09-24T07:04:11,2026-09-24T07:04:11
2451,創見,2025-07-17,91.8,0.29999999999999716,0.33%,,,,,,,,,ShowDailyK_ChartFlow,FinMind_API_TaiwanStockPrice_2451,True,2026-09-24T07:04:11,2026-09-24T07:04:11,2026-09-24T07:04:11
2451,創見,2025-07-18,90.8,-1.0,-1.09%,,,,,,,,,ShowDailyK_ChartFlow,FinMind_API_TaiwanStockPrice_2451,True,2026-09-24T07:04:11,2026-09-24T07:04:11,2026-09-24T07:04:11
2451,創見,2025-07-21,90.3,-0.5,-0.55%,,,,,,,,,ShowDailyK_ChartFlow,FinMind_API_TaiwanStockPrice_2451,True,2026-09-24T07:04:11,2026-09-24T07:04:11,2026-09-24T07:04:11
2451,創見,2025-07-22,88.8,-1.5,-1.66%,,,,,,,,,ShowDailyK_ChartFlow,FinMind_API_TaiwanStockPrice_2451,True,2026-09-24T07:04:11,2026-09-24T07:04:11,2026-09-24T07:04:11
2451,創見,2025-07-23,90.0,1.2000000000000028,1.35%,,,,,,,,,ShowDailyK_ChartFlow,FinMind_API_TaiwanStockPrice_2451,True,2026-09-24T07:04:11,2026-09-24T07:04:11,2026-09-24T07:04:11
2451,創見,2025-07-24,89.6,-0.4000000000000057,-0.44%,,,,,,,,,ShowDailyK_ChartFlow,FinMind_API_TaiwanStockPrice_2451,True,2026-09-24T07:04:11,2026-09-24T07:04:11,2026-09-24T07:04:11
2451,創見,2025-07-25,89.9,0.30000000000001137,0.33%,,,,,,,,,ShowDailyK_ChartFlow,FinMind_API_TaiwanStockPrice_2451,True,2026-09-24T07:04:11,2026-09-24T07:04:11,2026-09-24T07:04:11
2451,創見,2025-07-28,94.0,4.099999999999994,4.56%,,,,,,,,,ShowDailyK_ChartFlow,FinMind_API_TaiwanStockPrice_2451,True,2026-09-24T07:04:11,2026-09-24T07:04:11,2026-09-24T07:04:11
2451,創見,2025-07-29,92.7,-1.2999999999999972,-1.38%,,,,,,,,,ShowDailyK_ChartFlow,FinMind_API_TaiwanStockPrice_2451,True,2026-09-24T07:04:11,2026-09-24T07:04:11,2026-09-24T07:04:11
2451,創見,2025-07-30,93.2,0.5,0.54%,,,,,,,,,ShowDailyK_ChartFlow,FinMind_API_TaiwanStockPrice_2451,True,2026-09-24T07:04:11,2026-09-24T07:04:11,2026-09-24T07:04:11
2451,創見,2025-07-31,94.6,1.3999999999999915,1.50%,,,,,,,,,ShowDailyK_ChartFlow,FinMind_API_TaiwanStockPrice_2451,True,2026-09-24T07:04:11,2026-09-24T07:04:11,2026-09-24T07:04:11
2451,創見,2025-08-01,93.6,-1.0,-1.06%,,,,,,,,,ShowDailyK_ChartFlow,FinMind_API_TaiwanStockPrice_2451,True,2026-09-24T07:04:11,2026-09-24T07:04:11,2026-09-24T07:04:11
2451,創見,2025-08-04,94.3,0.7000000000000028,0.75%,,,,,,,,,ShowDailyK_ChartFlow,FinMind_API_TaiwanStockPrice_2451,True,2026-09-24T07:04:11,2026-09-24T07:04:11,2026-09-24T07:04:11
2451,創見,2025-08-05,95.5,1.2000000000000028,1.27%,,,,,,,,,ShowDailyK_ChartFlow,FinMind_API_TaiwanStockPrice_2451,True,2026-09-24T07:04:11,2026-09-24T07:04:11,2026-09-24T07:04:11
2451,創見,2025-08-06,96.0,0.5,0.52%,,,,,,,,,ShowDailyK_ChartFlow,FinMind_API_TaiwanStockPrice_2451,True,2026-09-24T07:04:11,2026-09-24T07:04:11,2026-09-24T07:04:11
2451,創見,2025-08-07,95.4,-0.5999999999999943,-0.62%,,,,,,,,,ShowDailyK_ChartFlow,FinMind_API_TaiwanStockPrice_2451,True,2026-09-24T07:04:11,2026-09-24T07:04:11,2026-09-24T07:04:11
2451,創見,2025-08-08,93.0,-2.4000000000000057,-2.52%,,,,,,,,,ShowDailyK_ChartFlow,FinMind_API_TaiwanStockPrice_2451,True,2026-09-24T07:04:11,2026-09-24T07:04:11,2026-09-24T07:04:11
2451,創見,2025-08-11,95.5,2.5,2.69%,,,,,,,,,ShowDailyK_ChartFlow,FinMind_API_TaiwanStockPrice_2451,True,2026-09-24T07:04:11,2026-09-24T07:04:11,2026-09-24T07:04:11
2451,創見,2025-08-12,99.8,4.299999999999997,4.50%,,,,,,,,,ShowDailyK_ChartFlow,FinMind_API_TaiwanStockPrice_2451,True,2026-09-24T07:04:11,2026-09-24T07:04:11,2026-09-24T07:04:11
2451,創見,2025-08-13,100.0,0.20000000000000284,0.20%,,,,,,,,,ShowDailyK_ChartFlow,FinMind_API_TaiwanStockPrice_2451,True,2026-09-24T07:04:11,2026-09-24T07:04:11,2026-09-24T07:04:11
2451,創見,2025-08-14,100.5,0.5,0.50%,,,,,,,,,ShowDailyK_ChartFlow,FinMind_API_TaiwanStockPrice_2451,True,2026-09-24T07:04:11,2026-09-24T07:04:11,2026-09-24T07:04:11
2451,創見,2025-08-15,99.3,-1.2000000000000028,-1.19%,,,,,,,,,ShowDailyK_ChartFlow,FinMind_API_TaiwanStockPrice_2451,True,2026-09-24T07:04:11,2026-09-24T07:04:11,2026-09-24T07:04:11
2451,創見,2025-08-18,98.3,-1.0,-1.01%,,,,,,,,,ShowDailyK_ChartFlow,FinMind_API_TaiwanStockPrice_2451,True,2026-09-24T07:04:11,2026-09-24T07:04:11,2026-09-24T07:04:11
2451,創見,2025-08-19,96.6,-1.7000000000000028,-1.73%,,,,,,,,,ShowDailyK_ChartFlow,FinMind_API_TaiwanStockPrice_2451,True,2026-09-24T07:04:11,2026-09-24T07:04:11,2026-09-24T07:04:11
2451,創見,2025-08-20,94.4,-2.1999999999999886,-2.28%,,,,,,,,,ShowDailyK_ChartFlow,FinMind_API_TaiwanStockPrice_2451,True,2026-09-24T07:04:11,2026-09-24T07:04:11,2026-09-24T07:04:11
2451,創見,2025-08-21,99.8,5.3999999999999915,5.72%,,,,,,,,,ShowDailyK_ChartFlow,FinMind_API_TaiwanStockPrice_2451,True,2026-09-24T07:04:11,2026-09-24T07:04:11,2026-09-24T07:04:11
2451,創見,2025-08-22,97.2,-2.5999999999999943,-2.61%,,,,,,,,,ShowDailyK_ChartFlow,FinMind_API_TaiwanStockPrice_2451,True,2026-09-24T07:04:11,2026-09-24T07:04:11,2026-09-24T07:04:11
2451,創見,2025-08-25,98.2,1.0,1.03%,,,,,,,,,ShowDailyK_ChartFlow,FinMind_API_TaiwanStockPrice_2451,True,2026-09-24T07:04:11,2026-09-24T07:04:11,2026-09-24T07:04:11
2451,創見,2025-08-26,98.5,0.29999999999999716,0.31%,,,,,,,,,ShowDailyK_ChartFlow,FinMind_API_TaiwanStockPrice_2451,True,2026-09-24T07:04:11,2026-09-24T07:04:11,2026-09-24T07:04:11
2451,創見,2025-08-27,99.9,1.4000000000000057,1.42%,,,,,,,,,ShowDailyK_ChartFlow,FinMind_API_TaiwanStockPrice_2451,True,2026-09-24T07:04:11,2026-09-24T07:04:11,2026-09-24T07:04:11
2451,創見,2025-08-28,100.5,0.5999999999999943,0.60%,,,,,,,,,ShowDailyK_ChartFlow,FinMind_API_TaiwanStockPrice_2451,True,2026-09-24T07:04:11,2026-09-24T07:04:11,2026-09-24T07:04:11
2451,創見,2025-08-29,101.0,0.5,0.50%,,,,,,,,,ShowDailyK_ChartFlow,FinMind_API_TaiwanStockPrice_2451,True,2026-09-24T07:04:11,2026-09-24T07:04:11,2026-09-24T07:04:11
2451,創見,2025-09-01,99.0,-2.0,-1.98%,,,,,,,,,ShowDailyK_ChartFlow,FinMind_API_TaiwanStockPrice_2451,True,2026-09-24T07:04:11,2026-09-24T07:04:11,2026-09-24T07:04:11
2451,創見,2025-09-02,99.6,0.5999999999999943,0.61%,,,,,,,,,ShowDailyK_ChartFlow,FinMind_API_TaiwanStockPrice_2451,True,2026-09-24T07:04:11,2026-09-24T07:04:11,2026-09-24T07:04:11
2451,創見,2025-09-03,100.5,0.9000000000000057,0.90%,,,,,,,,,ShowDailyK_ChartFlow,FinMind_API_TaiwanStockPrice_2451,True,2026-09-24T07:04:11,2026-09-24T07:04:11,2026-09-24T07:04:11
2451,創見,2025-09-04,101.5,1.0,1.00%,,,,,,,,,ShowDailyK_ChartFlow,FinMind_API_TaiwanStockPrice_2451,True,2026-09-24T07:04:11,2026-09-24T07:04:11,2026-09-24T07:04:11
2451,創見,2025-09-05,104.5,3.0,2.96%,,,,,,,,,ShowDailyK_ChartFlow,FinMind_API_TaiwanStockPrice_2451,True,2026-09-24T07:04:11,2026-09-24T07:04:11,2026-09-24T07:04:11
2451,創見,2025-09-08,106.5,2.0,1.91%,,,,,,,,,ShowDailyK_ChartFlow,FinMind_API_TaiwanStockPrice_2451,True,2026-09-24T07:04:11,2026-09-24T07:04:11,2026-09-24T07:04:11
2451,創見,2025-09-09,109.0,2.5,2.35%,,,,,,,,,ShowDailyK_ChartFlow,FinMind_API_TaiwanStockPrice_2451,True,2026-09-24T07:04:11,2026-09-24T07:04:11,2026-09-24T07:04:11
2451,創見,2025-09-10,109.5,0.5,0.46%,,,,,,,,,ShowDailyK_ChartFlow,FinMind_API_TaiwanStockPrice_2451,True,2026-09-24T07:04:11,2026-09-24T07:04:11,2026-09-24T07:04:11
2451,創見,2025-09-11,110.5,1.0,0.91%,,,,,,,,,ShowDailyK_ChartFlow,FinMind_API_TaiwanStockPrice_2451,True,2026-09-24T07:04:11,2026-09-24T07:04:11,2026-09-24T07:04:11
2451,創見,2025-09-12,111.0,0.5,0.45%,,,,,,,,,ShowDailyK_ChartFlow,FinMind_API_TaiwanStockPrice_2451,True,2026-09-24T07:04:11,2026-09-24T07:04:11,2026-09-24T07:04:11
2451,創見,2025-09-15,116.5,5.5,4.95%,,,,,,,,,ShowDailyK_ChartFlow,FinMind_API_TaiwanStockPrice_2451,True,2026-09-24T07:04:11,2026-09-24T07:04:11,2026-09-24T07:04:11
2451,創見,2025-09-16,118.5,2.0,1.72%,,,,,,,,,ShowDailyK_ChartFlow,FinMind_API_TaiwanStockPrice_2451,True,2026-09-24T07:04:11,2026-09-24T07:04:11,2026-09-24T07:04:11
2451,創見,2025-09-17,118.0,-0.5,-0.42%,,,,,,,,,ShowDailyK_ChartFlow,FinMind_API_TaiwanStockPrice_2451,True,2026-09-24T07:04:11,2026-09-24T07:04:11,2026-09-24T07:04:11
2451,創見,2025-09-18,118.5,0.5,0.42%,,,,,,,,,ShowDailyK_ChartFlow,FinMind_API_TaiwanStockPrice_2451,True,2026-09-24T07:04:11,2026-09-24T07:04:11,2026-09-24T07:04:11
2451,創見,2025-09-19,118.5,0.0,0.00%,,,,,,,,,ShowDailyK_ChartFlow,FinMind_API_TaiwanStockPrice_2451,True,2026-09-24T07:04:11,2026-09-24T07:04:11,2026-09-24T07:04:11
2451,創見,2025-09-22,121.0,2.5,2.11%,,,,,,,,,ShowDailyK_ChartFlow,FinMind_API_TaiwanStockPrice_2451,True,2026-09-24T07:04:11,2026-09-24T07:04:11,2026-09-24T07:04:11
2451,創見,2025-09-23,118.0,-3.0,-2.48%,,,,,,,,,ShowDailyK_ChartFlow,FinMind_API_TaiwanStockPrice_2451,True,2026-09-24T07:04:11,2026-09-24T07:04:11,2026-09-24T07:04:11
2451,創見,2025-09-24,116.0,-2.0,-1.69%,,,,,,,,,ShowDailyK_ChartFlow,FinMind_API_TaiwanStockPrice_2451,True,2026-09-24T07:04:11,2026-09-24T07:04:11,2026-09-24T07:04:11
2451,創見,2025-09-25,111.5,-4.5,-3.88%,,,,,,,,,ShowDailyK_ChartFlow,FinMind_API_TaiwanStockPrice_2451,True,2026-09-24T07:04:11,2026-09-24T07:04:11,2026-09-24T07:04:11
2451,創見,2025-09-26,105.5,-6.0,-5.38%,,,,,,,,,ShowDailyK_ChartFlow,FinMind_API_TaiwanStockPrice_2451,True,2026-09-24T07:04:11,2026-09-24T07:04:11,2026-09-24T07:04:11
2451,創見,2025-09-30,110.0,4.5,4.27%,,,,,,,,,ShowDailyK_ChartFlow,FinMind_API_TaiwanStockPrice_2451,True,2026-09-24T07:04:11,2026-09-24T07:04:11,2026-09-24T07:04:11
2451,創見,2025-10-01,113.0,3.0,2.73%,,,,,,,,,ShowDailyK_ChartFlow,FinMind_API_TaiwanStockPrice_2451,True,2026-09-24T07:04:11,2026-09-24T07:04:11,2026-09-24T07:04:11
2451,創見,2025-10-02,115.5,2.5,2.21%,,,,,,,,,ShowDailyK_ChartFlow,FinMind_API_TaiwanStockPrice_2451,True,2026-09-24T07:04:11,2026-09-24T07:04:11,2026-09-24T07:04:11
2451,創見,2025-10-03,113.5,-2.0,-1.73%,,,,,,,,,ShowDailyK_ChartFlow,FinMind_API_TaiwanStockPrice_2451,True,2026-09-24T07:04:11,2026-09-24T07:04:11,2026-09-24T07:04:11
2451,創見,2025-10-07,118.5,5.0,4.41%,,,,,,,,,ShowDailyK_ChartFlow,FinMind_API_TaiwanStockPrice_2451,True,2026-09-24T07:04:11,2026-09-24T07:04:11,2026-09-24T07:04:11
2451,創見,2025-10-08,117.0,-1.5,-1.27%,,,,,,,,,ShowDailyK_ChartFlow,FinMind_API_TaiwanStockPrice_2451,True,2026-09-24T07:04:11,2026-09-24T07:04:11,2026-09-24T07:04:11
2451,創見,2025-10-09,121.0,4.0,3.42%,,,,,,,,,ShowDailyK_ChartFlow,FinMind_API_TaiwanStockPrice_2451,True,2026-09-24T07:04:11,2026-09-24T07:04:11,2026-09-24T07:04:11
2451,創見,2025-10-13,122.0,1.0,0.83%,,,,,,,,,ShowDailyK_ChartFlow,FinMind_API_TaiwanStockPrice_2451,True,2026-09-24T07:04:11,2026-09-24T07:04:11,2026-09-24T07:04:11
2451,創見,2025-10-14,123.5,1.5,1.23%,,,,,,,,,ShowDailyK_ChartFlow,FinMind_API_TaiwanStockPrice_2451,True,2026-09-24T07:04:11,2026-09-24T07:04:11,2026-09-24T07:04:11
2451,創見,2025-10-15,127.0,3.5,2.83%,,,,,,,,,ShowDailyK_ChartFlow,FinMind_API_TaiwanStockPrice_2451,True,2026-09-24T07:04:11,2026-09-24T07:04:11,2026-09-24T07:04:11
2451,創見,2025-10-16,139.5,12.5,9.84%,,,,,,,,,ShowDailyK_ChartFlow,FinMind_API_TaiwanStockPrice_2451,True,2026-09-24T07:04:11,2026-09-24T07:04:11,2026-09-24T07:04:11
2451,創見,2025-10-17,133.0,-6.5,-4.66%,,,,,,,,,ShowDailyK_ChartFlow,FinMind_API_TaiwanStockPrice_2451,True,2026-09-24T07:04:11,2026-09-24T07:04:11,2026-09-24T07:04:11
2451,創見,2025-10-20,131.0,-2.0,-1.50%,,,,,,,,,ShowDailyK_ChartFlow,FinMind_API_TaiwanStockPrice_2451,True,2026-09-24T07:04:11,2026-09-24T07:04:11,2026-09-24T07:04:11
2451,創見,2025-10-21,131.5,0.5,0.38%,,,,,,,,,ShowDailyK_ChartFlow,FinMind_API_TaiwanStockPrice_2451,True,2026-09-24T07:04:11,2026-09-24T07:04:11,2026-09-24T07:04:11
2451,創見,2025-10-22,130.5,-1.0,-0.76%,,,,,,,,,ShowDailyK_ChartFlow,FinMind_API_TaiwanStockPrice_2451,True,2026-09-24T07:04:11,2026-09-24T07:04:11,2026-09-24T07:04:11
2451,創見,2025-10-23,131.0,0.5,0.38%,,,,,,,,,ShowDailyK_ChartFlow,FinMind_API_TaiwanStockPrice_2451,True,2026-09-24T07:04:11,2026-09-24T07:04:11,2026-09-24T07:04:11
2451,創見,2025-10-27,137.0,6.0,4.58%,,,,,,,,,ShowDailyK_ChartFlow,FinMind_API_TaiwanStockPrice_2451,True,2026-09-24T07:04:11,2026-09-24T07:04:11,2026-09-24T07:04:11
2451,創見,2025-10-28,132.0,-5.0,-3.65%,,,,,,,,,ShowDailyK_ChartFlow,FinMind_API_TaiwanStockPrice_2451,True,2026-09-24T07:04:11,2026-09-24T07:04:11,2026-09-24T07:04:11
2451,創見,2025-10-29,134.5,2.5,1.89%,,,,,,,,,ShowDailyK_ChartFlow,FinMind_API_TaiwanStockPrice_2451,True,2026-09-24T07:04:11,2026-09-24T07:04:11,2026-09-24T07:04:11
2451,創見,2025-10-30,134.0,-0.5,-0.37%,,,,,,,,,ShowDailyK_ChartFlow,FinMind_API_TaiwanStockPrice_2451,True,2026-09-24T07:04:11,2026-09-24T07:04:11,2026-09-24T07:04:11
2451,創見,2025-10-31,132.5,-1.5,-1.12%,,,,,,,,,ShowDailyK_ChartFlow,FinMind_API_TaiwanStockPrice_2451,True,2026-09-24T07:04:11,2026-09-24T07:04:11,2026-09-24T07:04:11
2451,創見,2025-11-03,133.0,0.5,0.38%,,,,,,,,,ShowDailyK_ChartFlow,FinMind_API_TaiwanStockPrice_2451,True,2026-09-24T07:04:11,2026-09-24T07:04:11,2026-09-24T07:04:11
2451,創見,2025-11-04,128.0,-5.0,-3.76%,,,,,,,,,ShowDailyK_ChartFlow,FinMind_API_TaiwanStockPrice_2451,True,2026-09-24T07:04:11,2026-09-24T07:04:11,2026-09-24T07:04:11
2451,創見,2025-11-05,129.0,1.0,0.78%,,,,,,,,,ShowDailyK_ChartFlow,FinMind_API_TaiwanStockPrice_2451,True,2026-09-24T07:04:11,2026-09-24T07:04:11,2026-09-24T07:04:11
2451,創見,2025-11-06,135.0,6.0,4.65%,,,,,,,,,ShowDailyK_ChartFlow,FinMind_API_TaiwanStockPrice_2451,True,2026-09-24T07:04:11,2026-09-24T07:04:11,2026-09-24T07:04:11
2451,創見,2025-11-07,148.5,13.5,10.00%,,,,,,,,,ShowDailyK_ChartFlow,FinMind_API_TaiwanStockPrice_2451,True,2026-09-24T07:04:11,2026-09-24T07:04:11,2026-09-24T07:04:11
2451,創見,2025-11-10,163.0,14.5,9.76%,,,,,,,,,ShowDailyK_ChartFlow,FinMind_API_TaiwanStockPrice_2451,True,2026-09-24T07:04:11,2026-09-24T07:04:11,2026-09-24T07:04:11
2451,創見,2025-11-11,179.0,16.0,9.82%,,,,,,,,,ShowDailyK_ChartFlow,FinMind_API_TaiwanStockPrice_2451,True,2026-09-24T07:04:11,2026-09-24T07:04:11,2026-09-24T07:04:11
2451,創見,2025-11-12,196.5,17.5,9.78%,,,,,,,,,ShowDailyK_ChartFlow,FinMind_API_TaiwanStockPrice_2451,True,2026-09-24T07:04:11,2026-09-24T07:04:11,2026-09-24T07:04:11
2451,創見,2025-11-13,216.0,19.5,9.92%,,,,,,,,,ShowDailyK_ChartFlow,FinMind_API_TaiwanStockPrice_2451,True,2026-09-24T07:04:11,2026-09-24T07:04:11,2026-09-24T07:04:11
2451,創見,2025-11-14,196.0,-20.0,-9.26%,,,,,,,,,ShowDailyK_ChartFlow,FinMind_API_TaiwanStockPrice_2451,True,2026-09-24T07:04:11,2026-09-24T07:04:11,2026-09-24T07:04:11
2451,創見,2025-11-17,199.0,3.0,1.53%,,,,,,,,,ShowDailyK_ChartFlow,FinMind_API_TaiwanStockPrice_2451,True,2026-09-24T07:04:11,2026-09-24T07:04:11,2026-09-24T07:04:11
2451,創見,2025-11-18,200.0,1.0,0.50%,,,,,,,,,ShowDailyK_ChartFlow,FinMind_API_TaiwanStockPrice_2451,True,2026-09-24T07:04:11,2026-09-24T07:04:11,2026-09-24T07:04:11
2451,創見,2025-11-19,204.5,4.5,2.25%,,,,,,,,,ShowDailyK_ChartFlow,FinMind_API_TaiwanStockPrice_2451,True,2026-09-24T07:04:11,2026-09-24T07:04:11,2026-09-24T07:04:11
2451,創見,2025-11-20,202.0,-2.5,-1.22%,,,,,,,,,ShowDailyK_ChartFlow,FinMind_API_TaiwanStockPrice_2451,True,2026-09-24T07:04:11,2026-09-24T07:04:11,2026-09-24T07:04:11
2451,創見,2025-11-21,186.5,-15.5,-7.67%,,,,,,,,,ShowDailyK_ChartFlow,FinMind_API_TaiwanStockPrice_2451,True,2026-09-24T07:04:11,2026-09-24T07:04:11,2026-09-24T07:04:11
2451,創見,2025-11-24,186.5,0.0,0.00%,,,,,,,,,ShowDailyK_ChartFlow,FinMind_API_TaiwanStockPrice_2451,True,2026-09-24T07:04:11,2026-09-24T07:04:11,2026-09-24T07:04:11
2451,創見,2025-11-25,189.0,2.5,1.34%,,,,,,,,,ShowDailyK_ChartFlow,FinMind_API_TaiwanStockPrice_2451,True,2026-09-24T07:04:11,2026-09-24T07:04:11,2026-09-24T07:04:11
2451,創見,2025-11-26,183.0,-6.0,-3.17%,,,,,,,,,ShowDailyK_ChartFlow,FinMind_API_TaiwanStockPrice_2451,True,2026-09-24T07:04:11,2026-09-24T07:04:11,2026-09-24T07:04:11
2451,創見,2025-11-27,192.0,9.0,4.92%,,,,,,,,,ShowDailyK_ChartFlow,FinMind_API_TaiwanStockPrice_2451,True,2026-09-24T07:04:11,2026-09-24T07:04:11,2026-09-24T07:04:11
2451,創見,2025-11-28,183.0,-9.0,-4.69%,,,,,,,,,ShowDailyK_ChartFlow,FinMind_API_TaiwanStockPrice_2451,True,2026-09-24T07:04:11,2026-09-24T07:04:11,2026-09-24T07:04:11
2451,創見,2025-12-01,178.5,-4.5,-2.46%,,,,,,,,,ShowDailyK_ChartFlow,FinMind_API_TaiwanStockPrice_2451,True,2026-09-24T07:04:11,2026-09-24T07:04:11,2026-09-24T07:04:11
2451,創見,2025-12-02,176.5,-2.0,-1.12%,,,,,,,,,ShowDailyK_ChartFlow,FinMind_API_TaiwanStockPrice_2451,True,2026-09-24T07:04:11,2026-09-24T07:04:11,2026-09-24T07:04:11
2451,創見,2025-12-03,173.0,-3.5,-1.98%,,,,,,,,,ShowDailyK_ChartFlow,FinMind_API_TaiwanStockPrice_2451,True,2026-09-24T07:04:11,2026-09-24T07:04:11,2026-09-24T07:04:11
2451,創見,2025-12-04,170.5,-2.5,-1.45%,,,,,,,,,ShowDailyK_ChartFlow,FinMind_API_TaiwanStockPrice_2451,True,2026-09-24T07:04:11,2026-09-24T07:04:11,2026-09-24T07:04:11
2451,創見,2025-12-05,176.5,6.0,3.52%,,,,,,,,,ShowDailyK_ChartFlow,FinMind_API_TaiwanStockPrice_2451,True,2026-09-24T07:04:11,2026-09-24T07:04:11,2026-09-24T07:04:11
2451,創見,2025-12-08,181.0,4.5,2.55%,,,,,,,,,ShowDailyK_ChartFlow,FinMind_API_TaiwanStockPrice_2451,True,2026-09-24T07:04:11,2026-09-24T07:04:11,2026-09-24T07:04:11
2451,創見,2025-12-09,181.0,0.0,0.00%,,,,,,,,,ShowDailyK_ChartFlow,FinMind_API_TaiwanStockPrice_2451,True,2026-09-24T07:04:11,2026-09-24T07:04:11,2026-09-24T07:04:11
2451,創見,2025-12-10,177.5,-3.5,-1.93%,,,,,,,,,ShowDailyK_ChartFlow,FinMind_API_TaiwanStockPrice_2451,True,2026-09-24T07:04:11,2026-09-24T07:04:11,2026-09-24T07:04:11
2451,創見,2025-12-11,174.0,-3.5,-1.97%,,,,,,,,,ShowDailyK_ChartFlow,FinMind_API_TaiwanStockPrice_2451,True,2026-09-24T07:04:11,2026-09-24T07:04:11,2026-09-24T07:04:11
2451,創見,2025-12-12,181.5,7.5,4.31%,,,,,,,,,ShowDailyK_ChartFlow,FinMind_API_TaiwanStockPrice_2451,True,2026-09-24T07:04:11,2026-09-24T07:04:11,2026-09-24T07:04:11
2451,創見,2025-12-15,177.5,-4.0,-2.20%,,,,,,,,,ShowDailyK_ChartFlow,FinMind_API_TaiwanStockPrice_2451,True,2026-09-24T07:04:11,2026-09-24T07:04:11,2026-09-24T07:04:11
2451,創見,2025-12-16,170.0,-7.5,-4.23%,,,,,,,,,ShowDailyK_ChartFlow,FinMind_API_TaiwanStockPrice_2451,True,2026-09-24T07:04:11,2026-09-24T07:04:11,2026-09-24T07:04:11
2451,創見,2025-12-17,180.5,10.5,6.18%,,,,,,,,,ShowDailyK_ChartFlow,FinMind_API_TaiwanStockPrice_2451,True,2026-09-24T07:04:11,2026-09-24T07:04:11,2026-09-24T07:04:11
2451,創見,2025-12-18,183.5,3.0,1.66%,,,,,,,,,ShowDailyK_ChartFlow,FinMind_API_TaiwanStockPrice_2451,True,2026-09-24T07:04:11,2026-09-24T07:04:11,2026-09-24T07:04:11
2451,創見,2025-12-19,175.5,-8.0,-4.36%,,,,,,,,,ShowDailyK_ChartFlow,FinMind_API_TaiwanStockPrice_2451,True,2026-09-24T07:04:11,2026-09-24T07:04:11,2026-09-24T07:04:11
2451,創見,2025-12-22,180.0,4.5,2.56%,,,,,,,,,ShowDailyK_ChartFlow,FinMind_API_TaiwanStockPrice_2451,True,2026-09-24T07:04:11,2026-09-24T07:04:11,2026-09-24T07:04:11
2451,創見,2025-12-23,182.5,2.5,1.39%,,,,,,,,,ShowDailyK_ChartFlow,FinMind_API_TaiwanStockPrice_2451,True,2026-09-24T07:04:11,2026-09-24T07:04:11,2026-09-24T07:04:11
2451,創見,2025-12-24,182.5,0.0,0.00%,,,,,,,,,ShowDailyK_ChartFlow,FinMind_API_TaiwanStockPrice_2451,True,2026-09-24T07:04:11,2026-09-24T07:04:11,2026-09-24T07:04:11
2451,創見,2025-12-26,179.0,-3.5,-1.92%,,,,,,,,,ShowDailyK_ChartFlow,FinMind_API_TaiwanStockPrice_2451,True,2026-09-24T07:04:11,2026-09-24T07:04:11,2026-09-24T07:04:11
2451,創見,2025-12-29,183.5,4.5,2.51%,,,,,,,,,ShowDailyK_ChartFlow,FinMind_API_TaiwanStockPrice_2451,True,2026-09-24T07:04:11,2026-09-24T07:04:11,2026-09-24T07:04:11
2451,創見,2025-12-30,196.0,12.5,6.81%,,,,,,,,,ShowDailyK_ChartFlow,FinMind_API_TaiwanStockPrice_2451,True,2026-09-24T07:04:11,2026-09-24T07:04:11,2026-09-24T07:04:11
2451,創見,2025-12-31,196.0,0.0,0.00%,,,,,,,,,ShowDailyK_ChartFlow,FinMind_API_TaiwanStockPrice_2451,True,2026-09-24T07:04:11,2026-09-24T07:04:11,2026-09-24T07:04:11
2451,創見,2026-01-02,203.0,7.0,3.57%,,,,,,,,,ShowDailyK_ChartFlow,FinMind_API_TaiwanStockPrice_2451,True,2026-09-24T07:04:11,2026-09-24T07:04:11,2026-09-24T07:04:11
2451,創見,2026-01-05,206.5,3.5,1.72%,,,,,,,,,ShowDailyK_ChartFlow,FinMind_API_TaiwanStockPrice_2451,True,2026-09-24T07:04:11,2026-09-24T07:04:11,2026-09-24T07:04:11
2451,創見,2026-01-06,216.5,10.0,4.84%,,,,,,,,,ShowDailyK_ChartFlow,FinMind_API_TaiwanStockPrice_2451,True,2026-09-24T07:04:11,2026-09-24T07:04:11,2026-09-24T07:04:11
2451,創見,2026-01-07,238.0,21.5,9.93%,,,,,,,,,ShowDailyK_ChartFlow,FinMind_API_TaiwanStockPrice_2451,True,2026-09-24T07:04:11,2026-09-24T07:04:11,2026-09-24T07:04:11
2451,創見,2026-01-08,257.5,19.5,8.19%,,,,,,,,,ShowDailyK_ChartFlow,FinMind_API_TaiwanStockPrice_2451,True,2026-09-24T07:04:11,2026-09-24T07:04:11,2026-09-24T07:04:11
2451,創見,2026-01-09,241.5,-16.0,-6.21%,,,,,,,,,ShowDailyK_ChartFlow,FinMind_API_TaiwanStockPrice_2451,True,2026-09-24T07:04:11,2026-09-24T07:04:11,2026-09-24T07:04:11
2451,創見,2026-01-12,237.0,-4.5,-1.86%,,,,,,,,,ShowDailyK_ChartFlow,FinMind_API_TaiwanStockPrice_2451,True,2026-09-24T07:04:11,2026-09-24T07:04:11,2026-09-24T07:04:11
2451,創見,2026-01-13,239.5,2.5,1.05%,,,,,,,,,ShowDailyK_ChartFlow,FinMind_API_TaiwanStockPrice_2451,True,2026-09-24T07:04:11,2026-09-24T07:04:11,2026-09-24T07:04:11
2451,創見,2026-01-14,240.5,1.0,0.42%,,,,,,,,,ShowDailyK_ChartFlow,FinMind_API_TaiwanStockPrice_2451,True,2026-09-24T07:04:11,2026-09-24T07:04:11,2026-09-24T07:04:11
2451,創見,2026-01-15,238.0,-2.5,-1.04%,,,,,,,,,ShowDailyK_ChartFlow,FinMind_API_TaiwanStockPrice_2451,True,2026-09-24T07:04:11,2026-09-24T07:04:11,2026-09-24T07:04:11
2451,創見,2026-01-16,254.0,16.0,6.72%,,,,,,,,,ShowDailyK_ChartFlow,FinMind_API_TaiwanStockPrice_2451,True,2026-09-24T07:04:11,2026-09-24T07:04:11,2026-09-24T07:04:11
2451,創見,2026-01-19,256.5,2.5,0.98%,,,,,,,,,ShowDailyK_ChartFlow,FinMind_API_TaiwanStockPrice_2451,True,2026-09-24T07:04:11,2026-09-24T07:04:11,2026-09-24T07:04:11
2451,創見,2026-01-20,248.0,-8.5,-3.31%,,,,,,,,,ShowDailyK_ChartFlow,FinMind_API_TaiwanStockPrice_2451,True,2026-09-24T07:04:11,2026-09-24T07:04:11,2026-09-24T07:04:11
2451,創見,2026-01-21,231.0,-17.0,-6.85%,,,,,,,,,ShowDailyK_ChartFlow,FinMind_API_TaiwanStockPrice_2451,True,2026-09-24T07:04:11,2026-09-24T07:04:11,2026-09-24T07:04:11
2451,創見,2026-01-22,232.0,1.0,0.43%,,,,,,,,,ShowDailyK_ChartFlow,FinMind_API_TaiwanStockPrice_2451,True,2026-09-24T07:04:11,2026-09-24T07:04:11,2026-09-24T07:04:11
2451,創見,2026-01-23,238.5,6.5,2.80%,,,,,,,,,ShowDailyK_ChartFlow,FinMind_API_TaiwanStockPrice_2451,True,2026-09-24T07:04:11,2026-09-24T07:04:11,2026-09-24T07:04:11
2451,創見,2026-01-26,252.5,14.0,5.87%,,,,,,,,,ShowDailyK_ChartFlow,FinMind_API_TaiwanStockPrice_2451,True,2026-09-24T07:04:11,2026-09-24T07:04:11,2026-09-24T07:04:11
2451,創見,2026-01-27,241.0,-11.5,-4.55%,,,,,,,,,ShowDailyK_ChartFlow,FinMind_API_TaiwanStockPrice_2451,True,2026-09-24T07:04:11,2026-09-24T07:04:11,2026-09-24T07:04:11
2451,創見,2026-01-28,250.5,9.5,3.94%,,,,,,,,,ShowDailyK_ChartFlow,FinMind_API_TaiwanStockPrice_2451,True,2026-09-24T07:04:11,2026-09-24T07:04:11,2026-09-24T07:04:11
2451,創見,2026-01-29,259.0,8.5,3.39%,,,,,,,,,ShowDailyK_ChartFlow,FinMind_API_TaiwanStockPrice_2451,True,2026-09-24T07:04:11,2026-09-24T07:04:11,2026-09-24T07:04:11
2451,創見,2026-01-30,266.5,7.5,2.90%,,,,,,,,,ShowDailyK_ChartFlow,FinMind_API_TaiwanStockPrice_2451,True,2026-09-24T07:04:11,2026-09-24T07:04:11,2026-09-24T07:04:11
2451,創見,2026-02-02,240.0,-26.5,-9.94%,,,,,,,,,ShowDailyK_ChartFlow,FinMind_API_TaiwanStockPrice_2451,True,2026-09-24T07:04:11,2026-09-24T07:04:11,2026-09-24T07:04:11
2451,創見,2026-02-03,231.0,-9.0,-3.75%,,,,,,,,,ShowDailyK_ChartFlow,FinMind_API_TaiwanStockPrice_2451,True,2026-09-24T07:04:11,2026-09-24T07:04:11,2026-09-24T07:04:11
2451,創見,2026-02-04,228.5,-2.5,-1.08%,,,,,,,,,ShowDailyK_ChartFlow,FinMind_API_TaiwanStockPrice_2451,True,2026-09-24T07:04:11,2026-09-24T07:04:11,2026-09-24T07:04:11
2451,創見,2026-02-05,219.0,-9.5,-4.16%,,,,,,,,,ShowDailyK_ChartFlow,FinMind_API_TaiwanStockPrice_2451,True,2026-09-24T07:04:11,2026-09-24T07:04:11,2026-09-24T07:04:11
2451,創見,2026-02-06,221.0,2.0,0.91%,,,,,,,,,ShowDailyK_ChartFlow,FinMind_API_TaiwanStockPrice_2451,True,2026-09-24T07:04:11,2026-09-24T07:04:11,2026-09-24T07:04:11
2451,創見,2026-02-09,223.5,2.5,1.13%,,,,,,,,,ShowDailyK_ChartFlow,FinMind_API_TaiwanStockPrice_2451,True,2026-09-24T07:04:11,2026-09-24T07:04:11,2026-09-24T07:04:11
2451,創見,2026-02-10,213.0,-10.5,-4.70%,,,,,,,,,ShowDailyK_ChartFlow,FinMind_API_TaiwanStockPrice_2451,True,2026-09-24T07:04:11,2026-09-24T07:04:11,2026-09-24T07:04:11
2451,創見,2026-02-11,219.0,6.0,2.82%,,,,,,,,,ShowDailyK_ChartFlow,FinMind_API_TaiwanStockPrice_2451,True,2026-09-24T07:04:11,2026-09-24T07:04:11,2026-09-24T07:04:11
2451,創見,2026-02-23,219.0,0.0,0.00%,,,,,,,,,ShowDailyK_ChartFlow,FinMind_API_TaiwanStockPrice_2451,True,2026-09-24T07:04:11,2026-09-24T07:04:11,2026-09-24T07:04:11
2451,創見,2026-02-24,227.5,8.5,3.88%,,,,,,,,,ShowDailyK_ChartFlow,FinMind_API_TaiwanStockPrice_2451,True,2026-09-24T07:04:11,2026-09-24T07:04:11,2026-09-24T07:04:11
2451,創見,2026-02-25,215.0,-12.5,-5.49%,,,,,,,,,ShowDailyK_ChartFlow,FinMind_API_TaiwanStockPrice_2451,True,2026-09-24T07:04:11,2026-09-24T07:04:11,2026-09-24T07:04:11
2451,創見,2026-02-26,210.0,-5.0,-2.33%,,,,,,,,,ShowDailyK_ChartFlow,FinMind_API_TaiwanStockPrice_2451,True,2026-09-24T07:04:11,2026-09-24T07:04:11,2026-09-24T07:04:11
2451,創見,2026-03-02,218.5,8.5,4.05%,,,,,,,,,ShowDailyK_ChartFlow,FinMind_API_TaiwanStockPrice_2451,True,2026-09-24T07:04:11,2026-09-24T07:04:11,2026-09-24T07:04:11
2451,創見,2026-03-03,202.5,-16.0,-7.32%,,,,,,,,,ShowDailyK_ChartFlow,FinMind_API_TaiwanStockPrice_2451,True,2026-09-24T07:04:11,2026-09-24T07:04:11,2026-09-24T07:04:11
2451,創見,2026-03-04,199.0,-3.5,-1.73%,,,,,,,,,ShowDailyK_ChartFlow,FinMind_API_TaiwanStockPrice_2451,True,2026-09-24T07:04:11,2026-09-24T07:04:11,2026-09-24T07:04:11
2451,創見,2026-03-05,213.5,14.5,7.29%,,,,,,,,,ShowDailyK_ChartFlow,FinMind_API_TaiwanStockPrice_2451,True,2026-09-24T07:04:11,2026-09-24T07:04:11,2026-09-24T07:04:11
2451,創見,2026-03-06,217.0,3.5,1.64%,,,,,,,,,ShowDailyK_ChartFlow,FinMind_API_TaiwanStockPrice_2451,True,2026-09-24T07:04:11,2026-09-24T07:04:11,2026-09-24T07:04:11
2451,創見,2026-03-09,212.5,-4.5,-2.07%,,,,,,,,,ShowDailyK_ChartFlow,FinMind_API_TaiwanStockPrice_2451,True,2026-09-24T07:04:11,2026-09-24T07:04:11,2026-09-24T07:04:11
2451,創見,2026-03-10,220.0,7.5,3.53%,,,,,,,,,ShowDailyK_ChartFlow,FinMind_API_TaiwanStockPrice_2451,True,2026-09-24T07:04:11,2026-09-24T07:04:11,2026-09-24T07:04:11
2451,創見,2026-03-11,229.0,9.0,4.09%,,,,,,,,,ShowDailyK_ChartFlow,FinMind_API_TaiwanStockPrice_2451,True,2026-09-24T07:04:11,2026-09-24T07:04:11,2026-09-24T07:04:11
2451,創見,2026-03-12,225.5,-3.5,-1.53%,,,,,,,,,ShowDailyK_ChartFlow,FinMind_API_TaiwanStockPrice_2451,True,2026-09-24T07:04:11,2026-09-24T07:04:11,2026-09-24T07:04:11
2451,創見,2026-03-13,236.0,10.5,4.66%,,,,,,,,,ShowDailyK_ChartFlow,FinMind_API_TaiwanStockPrice_2451,True,2026-09-24T07:04:11,2026-09-24T07:04:11,2026-09-24T07:04:11
2451,創見,2026-03-16,259.5,23.5,9.96%,,,,,,,,,ShowDailyK_ChartFlow,FinMind_API_TaiwanStockPrice_2451,True,2026-09-24T07:04:11,2026-09-24T07:04:11,2026-09-24T07:04:11
2451,創見,2026-03-17,285.0,25.5,9.83%,,,,,,,,,ShowDailyK_ChartFlow,FinMind_API_TaiwanStockPrice_2451,True,2026-09-24T07:04:11,2026-09-24T07:04:11,2026-09-24T07:04:11
2451,創見,2026-03-18,313.5,28.5,10.00%,,,,,,,,,ShowDailyK_ChartFlow,FinMind_API_TaiwanStockPrice_2451,True,2026-09-24T07:04:11,2026-09-24T07:04:11,2026-09-24T07:04:11
2451,創見,2026-03-19,309.0,-4.5,-1.44%,,,,,,,,,ShowDailyK_ChartFlow,FinMind_API_TaiwanStockPrice_2451,True,2026-09-24T07:04:11,2026-09-24T07:04:11,2026-09-24T07:04:11
2451,創見,2026-03-20,302.0,-7.0,-2.27%,,,,,,,,,ShowDailyK_ChartFlow,FinMind_API_TaiwanStockPrice_2451,True,2026-09-24T07:04:11,2026-09-24T07:04:11,2026-09-24T07:04:11
2451,創見,2026-03-23,272.0,-30.0,-9.93%,,,,,,,,,ShowDailyK_ChartFlow,FinMind_API_TaiwanStockPrice_2451,True,2026-09-24T07:04:11,2026-09-24T07:04:11,2026-09-24T07:04:11
2451,創見,2026-03-24,253.0,-19.0,-6.99%,,,,,,,,,ShowDailyK_ChartFlow,FinMind_API_TaiwanStockPrice_2451,True,2026-09-24T07:04:11,2026-09-24T07:04:11,2026-09-24T07:04:11
2451,創見,2026-03-25,255.0,2.0,0.79%,,,,,,,,,ShowDailyK_ChartFlow,FinMind_API_TaiwanStockPrice_2451,True,2026-09-24T07:04:11,2026-09-24T07:04:11,2026-09-24T07:04:11
2451,創見,2026-03-26,242.0,-13.0,-5.10%,,,,,,,,,ShowDailyK_ChartFlow,FinMind_API_TaiwanStockPrice_2451,True,2026-09-24T07:04:11,2026-09-24T07:04:11,2026-09-24T07:04:11
2451,創見,2026-03-27,236.0,-6.0,-2.48%,,,,,,,,,ShowDailyK_ChartFlow,FinMind_API_TaiwanStockPrice_2451,True,2026-09-24T07:04:11,2026-09-24T07:04:11,2026-09-24T07:04:11
2451,創見,2026-03-30,228.0,-8.0,-3.39%,,,,,,,,,ShowDailyK_ChartFlow,FinMind_API_TaiwanStockPrice_2451,True,2026-09-24T07:04:11,2026-09-24T07:04:11,2026-09-24T07:04:11
2451,創見,2026-03-31,211.0,-17.0,-7.46%,,,,,,,,,ShowDailyK_ChartFlow,FinMind_API_TaiwanStockPrice_2451,True,2026-09-24T07:04:11,2026-09-24T07:04:11,2026-09-24T07:04:11
2451,創見,2026-04-01,230.0,19.0,9.00%,,,,,,,,,ShowDailyK_ChartFlow,FinMind_API_TaiwanStockPrice_2451,True,2026-09-24T07:04:11,2026-09-24T07:04:11,2026-09-24T07:04:11
2451,創見,2026-04-02,233.0,3.0,1.30%,,,,,,,,,ShowDailyK_ChartFlow,FinMind_API_TaiwanStockPrice_2451,True,2026-09-24T07:04:11,2026-09-24T07:04:11,2026-09-24T07:04:11
2451,創見,2026-04-07,233.5,0.5,0.21%,,,,,,,,,ShowDailyK_ChartFlow,FinMind_API_TaiwanStockPrice_2451,True,2026-09-24T07:04:11,2026-09-24T07:04:11,2026-09-24T07:04:11
2451,創見,2026-04-08,248.0,14.5,6.21%,,,,,,,,,ShowDailyK_ChartFlow,FinMind_API_TaiwanStockPrice_2451,True,2026-09-24T07:04:11,2026-09-24T07:04:11,2026-09-24T07:04:11
2451,創見,2026-04-09,233.0,-15.0,-6.05%,,,,,,,,,ShowDailyK_ChartFlow,FinMind_API_TaiwanStockPrice_2451,True,2026-09-24T07:04:11,2026-09-24T07:04:11,2026-09-24T07:04:11
2451,創見,2026-04-10,240.5,7.5,3.22%,,,,,,,,,ShowDailyK_ChartFlow,FinMind_API_TaiwanStockPrice_2451,True,2026-09-24T07:04:11,2026-09-24T07:04:11,2026-09-24T07:04:11
2451,創見,2026-04-13,245.0,4.5,1.87%,,,,,,,,,ShowDailyK_ChartFlow,FinMind_API_TaiwanStockPrice_2451,True,2026-09-24T07:04:11,2026-09-24T07:04:11,2026-09-24T07:04:11
2451,創見,2026-04-14,249.5,4.5,1.84%,,,,,,,,,ShowDailyK_ChartFlow,FinMind_API_TaiwanStockPrice_2451,True,2026-09-24T07:04:11,2026-09-24T07:04:11,2026-09-24T07:04:11
2451,創見,2026-04-15,248.0,-1.5,-0.60%,,,,,,,,,ShowDailyK_ChartFlow,FinMind_API_TaiwanStockPrice_2451,True,2026-09-24T07:04:11,2026-09-24T07:04:11,2026-09-24T07:04:11
2451,創見,2026-04-16,247.0,-1.0,-0.40%,,,,,,,,,ShowDailyK_ChartFlow,FinMind_API_TaiwanStockPrice_2451,True,2026-09-24T07:04:11,2026-09-24T07:04:11,2026-09-24T07:04:11
2451,創見,2026-04-17,246.5,-0.5,-0.20%,,,,,,,,,ShowDailyK_ChartFlow,FinMind_API_TaiwanStockPrice_2451,True,2026-09-24T07:04:11,2026-09-24T07:04:11,2026-09-24T07:04:11
2451,創見,2026-04-20,250.5,4.0,1.62%,,,,,,,,,ShowDailyK_ChartFlow,FinMind_API_TaiwanStockPrice_2451,True,2026-09-24T07:04:11,2026-09-24T07:04:11,2026-09-24T07:04:11
2451,創見,2026-04-21,265.5,15.0,5.99%,,,,,,,,,ShowDailyK_ChartFlow,FinMind_API_TaiwanStockPrice_2451,True,2026-09-24T07:04:11,2026-09-24T07:04:11,2026-09-24T07:04:11
2451,創見,2026-04-22,269.0,3.5,1.32%,,,,,,,,,ShowDailyK_ChartFlow,FinMind_API_TaiwanStockPrice_2451,True,2026-09-24T07:04:11,2026-09-24T07:04:11,2026-09-24T07:04:11
2451,創見,2026-04-23,251.5,-17.5,-6.51%,,,,,,,,,ShowDailyK_ChartFlow,FinMind_API_TaiwanStockPrice_2451,True,2026-09-24T07:04:11,2026-09-24T07:04:11,2026-09-24T07:04:11
2451,創見,2026-04-24,252.5,1.0,0.40%,,,,,,,,,ShowDailyK_ChartFlow,FinMind_API_TaiwanStockPrice_2451,True,2026-09-24T07:04:11,2026-09-24T07:04:11,2026-09-24T07:04:11
2451,創見,2026-04-27,262.0,9.5,3.76%,,,,,,,,,ShowDailyK_ChartFlow,FinMind_API_TaiwanStockPrice_2451,True,2026-09-24T07:04:11,2026-09-24T07:04:11,2026-09-24T07:04:11
2451,創見,2026-04-28,261.5,-0.5,-0.19%,,,,,,,,,ShowDailyK_ChartFlow,FinMind_API_TaiwanStockPrice_2451,True,2026-09-24T07:04:11,2026-09-24T07:04:11,2026-09-24T07:04:11
2451,創見,2026-04-29,268.0,6.5,2.49%,,,,,,,,,ShowDailyK_ChartFlow,FinMind_API_TaiwanStockPrice_2451,True,2026-09-24T07:04:11,2026-09-24T07:04:11,2026-09-24T07:04:11
2451,創見,2026-04-30,252.5,-15.5,-5.78%,,,,,,,,,ShowDailyK_ChartFlow,FinMind_API_TaiwanStockPrice_2451,True,2026-09-24T07:04:11,2026-09-24T07:04:11,2026-09-24T07:04:11
2451,創見,2026-05-04,265.5,13.0,5.15%,,,,,,,,,ShowDailyK_ChartFlow,FinMind_API_TaiwanStockPrice_2451,True,2026-09-24T07:04:11,2026-09-24T07:04:11,2026-09-24T07:04:11
2451,創見,2026-05-05,283.0,17.5,6.59%,,,,,,,,,ShowDailyK_ChartFlow,FinMind_API_TaiwanStockPrice_2451,True,2026-09-24T07:04:11,2026-09-24T07:04:11,2026-09-24T07:04:11
2451,創見,2026-05-06,302.5,19.5,6.89%,,,,,,,,,ShowDailyK_ChartFlow,FinMind_API_TaiwanStockPrice_2451,True,2026-09-24T07:04:11,2026-09-24T07:04:11,2026-09-24T07:04:11
2451,創見,2026-05-07,302.5,0.0,0.00%,,,,,,,,,ShowDailyK_ChartFlow,FinMind_API_TaiwanStockPrice_2451,True,2026-09-24T07:04:11,2026-09-24T07:04:11,2026-09-24T07:04:11
2451,創見,2026-05-08,312.5,10.0,3.31%,,,,,,,,,ShowDailyK_ChartFlow,FinMind_API_TaiwanStockPrice_2451,True,2026-09-24T07:04:11,2026-09-24T07:04:11,2026-09-24T07:04:11
2451,創見,2026-05-11,343.5,31.0,9.92%,,,,,,,,,ShowDailyK_ChartFlow,FinMind_API_TaiwanStockPrice_2451,True,2026-09-24T07:04:11,2026-09-24T07:04:11,2026-09-24T07:04:11
2451,創見,2026-05-12,351.0,7.5,2.18%,,,,,,,,,ShowDailyK_ChartFlow,FinMind_API_TaiwanStockPrice_2451,True,2026-09-24T07:04:11,2026-09-24T07:04:11,2026-09-24T07:04:11
2451,創見,2026-05-13,327.0,-24.0,-6.84%,,,,,,,,,ShowDailyK_ChartFlow,FinMind_API_TaiwanStockPrice_2451,True,2026-09-24T07:04:11,2026-09-24T07:04:11,2026-09-24T07:04:11
2451,創見,2026-05-14,344.5,17.5,5.35%,,,,,,,,,ShowDailyK_ChartFlow,FinMind_API_TaiwanStockPrice_2451,True,2026-09-24T07:04:11,2026-09-24T07:04:11,2026-09-24T07:04:11
2451,創見,2026-05-15,336.0,-8.5,-2.47%,,,,,,,,,ShowDailyK_ChartFlow,FinMind_API_TaiwanStockPrice_2451,True,2026-09-24T07:04:11,2026-09-24T07:04:11,2026-09-24T07:04:11
2451,創見,2026-05-18,328.5,-7.5,-2.23%,,,,,,,,,ShowDailyK_ChartFlow,FinMind_API_TaiwanStockPrice_2451,True,2026-09-24T07:04:11,2026-09-24T07:04:11,2026-09-24T07:04:11
2451,創見,2026-05-19,306.5,-22.0,-6.70%,,,,,,,,,ShowDailyK_ChartFlow,FinMind_API_TaiwanStockPrice_2451,True,2026-09-24T07:04:11,2026-09-24T07:04:11,2026-09-24T07:04:11
2451,創見,2026-05-20,309.5,3.0,0.98%,,,,,,,,,ShowDailyK_ChartFlow,FinMind_API_TaiwanStockPrice_2451,True,2026-09-24T07:04:11,2026-09-24T07:04:11,2026-09-24T07:04:11
2451,創見,2026-05-21,313.5,4.0,1.29%,,,,,,,,,ShowDailyK_ChartFlow,FinMind_API_TaiwanStockPrice_2451,True,2026-09-24T07:04:11,2026-09-24T07:04:11,2026-09-24T07:04:11
2451,創見,2026-05-22,316.5,3.0,0.96%,,,,,,,,,ShowDailyK_ChartFlow,FinMind_API_TaiwanStockPrice_2451,True,2026-09-24T07:04:11,2026-09-24T07:04:11,2026-09-24T07:04:11
2451,創見,2026-05-25,311.0,-5.5,-1.74%,,,,,,,,,ShowDailyK_ChartFlow,FinMind_API_TaiwanStockPrice_2451,True,2026-09-24T07:04:11,2026-09-24T07:04:11,2026-09-24T07:04:11
2451,創見,2026-05-26,316.5,5.5,1.77%,,,,,,,,,ShowDailyK_ChartFlow,FinMind_API_TaiwanStockPrice_2451,True,2026-09-24T07:04:11,2026-09-24T07:04:11,2026-09-24T07:04:11
2451,創見,2026-05-27,321.0,4.5,1.42%,,,,,,,,,ShowDailyK_ChartFlow,FinMind_API_TaiwanStockPrice_2451,True,2026-09-24T07:04:11,2026-09-24T07:04:11,2026-09-24T07:04:11
2451,創見,2026-05-28,322.0,1.0,0.31%,,,,,,,,,ShowDailyK_ChartFlow,FinMind_API_TaiwanStockPrice_2451,True,2026-09-24T07:04:11,2026-09-24T07:04:11,2026-09-24T07:04:11
2451,創見,2026-05-29,338.0,16.0,4.97%,,,,,,,,,ShowDailyK_ChartFlow,FinMind_API_TaiwanStockPrice_2451,True,2026-09-24T07:04:11,2026-09-24T07:04:11,2026-09-24T07:04:11
2451,創見,2026-06-01,357.5,19.5,5.77%,,,,,,,,,ShowDailyK_ChartFlow,FinMind_API_TaiwanStockPrice_2451,True,2026-09-24T07:04:11,2026-09-24T07:04:11,2026-09-24T07:04:11
2451,創見,2026-06-02,363.5,6.0,1.68%,,,,,,,,,ShowDailyK_ChartFlow,FinMind_API_TaiwanStockPrice_2451,True,2026-09-24T07:04:11,2026-09-24T07:04:11,2026-09-24T07:04:11
2451,創見,2026-06-03,358.0,-5.5,-1.51%,,,,,,,,,ShowDailyK_ChartFlow,FinMind_API_TaiwanStockPrice_2451,True,2026-09-24T07:04:11,2026-09-24T07:04:11,2026-09-24T07:04:11
2451,創見,2026-06-04,357.0,-1.0,-0.28%,,,,,,,,,ShowDailyK_ChartFlow,FinMind_API_TaiwanStockPrice_2451,True,2026-09-24T07:04:11,2026-09-24T07:04:11,2026-09-24T07:04:11
2451,創見,2026-06-05,321.5,-35.5,-9.94%,,,,,,,,,ShowDailyK_ChartFlow,FinMind_API_TaiwanStockPrice_2451,True,2026-09-24T07:04:11,2026-09-24T07:04:11,2026-09-24T07:04:11
2451,創見,2026-06-08,294.5,-27.0,-8.40%,,,,,,,,,ShowDailyK_ChartFlow,FinMind_API_TaiwanStockPrice_2451,True,2026-09-24T07:04:11,2026-09-24T07:04:11,2026-09-24T07:04:11
2451,創見,2026-06-09,306.0,11.5,3.90%,,,,,,,,,ShowDailyK_ChartFlow,FinMind_API_TaiwanStockPrice_2451,True,2026-09-24T07:04:11,2026-09-24T07:04:11,2026-09-24T07:04:11
2451,創見,2026-06-10,293.0,-13.0,-4.25%,,,,,,,,,ShowDailyK_ChartFlow,FinMind_API_TaiwanStockPrice_2451,True,2026-09-24T07:04:11,2026-09-24T07:04:11,2026-09-24T07:04:11
2451,創見,2026-06-11,292.0,-1.0,-0.34%,,,,,,,,,ShowDailyK_ChartFlow,FinMind_API_TaiwanStockPrice_2451,True,2026-09-24T07:04:11,2026-09-24T07:04:11,2026-09-24T07:04:11
2451,創見,2026-06-12,305.5,13.5,4.62%,,,,,,,,,ShowDailyK_ChartFlow,FinMind_API_TaiwanStockPrice_2451,True,2026-09-24T07:04:11,2026-09-24T07:04:11,2026-09-24T07:04:11
2451,創見,2026-06-15,310.0,4.5,1.47%,,,,,,,,,ShowDailyK_ChartFlow,FinMind_API_TaiwanStockPrice_2451,True,2026-09-24T07:04:11,2026-09-24T07:04:11,2026-09-24T07:04:11
2451,創見,2026-06-16,312.5,2.5,0.81%,,,,,,,,,ShowDailyK_ChartFlow,FinMind_API_TaiwanStockPrice_2451,True,2026-09-24T07:04:11,2026-09-24T07:04:11,2026-09-24T07:04:11
2451,創見,2026-06-17,311.0,-1.5,-0.48%,,,,,,,,,ShowDailyK_ChartFlow,FinMind_API_TaiwanStockPrice_2451,True,2026-09-24T07:04:11,2026-09-24T07:04:11,2026-09-24T07:04:11
2451,創見,2026-06-18,311.5,0.5,0.16%,,,,,,,,,ShowDailyK_ChartFlow,FinMind_API_TaiwanStockPrice_2451,True,2026-09-24T07:04:11,2026-09-24T07:04:11,2026-09-24T07:04:11
2451,創見,2026-06-22,309.5,-2.0,-0.64%,,,,,,,,,ShowDailyK_ChartFlow,FinMind_API_TaiwanStockPrice_2451,True,2026-09-24T07:04:11,2026-09-24T07:04:11,2026-09-24T07:04:11
2451,創見,2026-06-23,300.5,-9.0,-2.91%,,,,,,,,,ShowDailyK_ChartFlow,FinMind_API_TaiwanStockPrice_2451,True,2026-09-24T07:04:11,2026-09-24T07:04:11,2026-09-24T07:04:11
2451,創見,2026-06-24,294.0,-6.5,-2.16%,,,,,,,,,ShowDailyK_ChartFlow,FinMind_API_TaiwanStockPrice_2451,True,2026-09-24T07:04:11,2026-09-24T07:04:11,2026-09-24T07:04:11
2451,創見,2026-06-25,288.0,-6.0,-2.04%,,,,,,,,,ShowDailyK_ChartFlow,FinMind_API_TaiwanStockPrice_2451,True,2026-09-24T07:04:11,2026-09-24T07:04:11,2026-09-24T07:04:11
2451,創見,2026-06-26,278.5,-9.5,-3.30%,,,,,,,,,ShowDailyK_ChartFlow,FinMind_API_TaiwanStockPrice_2451,True,2026-09-24T07:04:11,2026-09-24T07:04:11,2026-09-24T07:04:11
2451,創見,2026-06-29,275.0,-3.5,-1.26%,,,,,,,,,ShowDailyK_ChartFlow,FinMind_API_TaiwanStockPrice_2451,True,2026-09-24T07:04:11,2026-09-24T07:04:11,2026-09-24T07:04:11
2451,創見,2026-06-30,266.5,-8.5,-3.09%,,,,,,,,,ShowDailyK_ChartFlow,FinMind_API_TaiwanStockPrice_2451,True,2026-09-24T07:04:11,2026-09-24T07:04:11,2026-09-24T07:04:11
2451,創見,2026-07-01,250.5,-16.0,-6.00%,,,,,,,,,ShowDailyK_ChartFlow,FinMind_API_TaiwanStockPrice_2451,True,2026-09-24T07:04:11,2026-09-24T07:04:11,2026-09-24T07:04:11
2451,創見,2026-07-02,258.0,7.5,2.99%,,,,,,,,,ShowDailyK_ChartFlow,FinMind_API_TaiwanStockPrice_2451,True,2026-09-24T07:04:11,2026-09-24T07:04:11,2026-09-24T07:04:11
2451,創見,2026-07-03,263.0,5.0,1.94%,,,,,,,,,ShowDailyK_ChartFlow,FinMind_API_TaiwanStockPrice_2451,True,2026-09-24T07:04:11,2026-09-24T07:04:11,2026-09-24T07:04:11
2451,創見,2026-07-06,270.5,7.5,2.85%,,,,,,,,,ShowDailyK_ChartFlow,FinMind_API_TaiwanStockPrice_2451,True,2026-09-24T07:04:11,2026-09-24T07:04:11,2026-09-24T07:04:11
2451,創見,2026-07-07,256.0,-14.5,-5.36%,,,,,,,,,ShowDailyK_ChartFlow,FinMind_API_TaiwanStockPrice_2451,True,2026-09-24T07:04:11,2026-09-24T07:04:11,2026-09-24T07:04:11
2451,創見,2026-07-08,250.0,-6.0,-2.34%,,,,,,,,,ShowDailyK_ChartFlow,FinMind_API_TaiwanStockPrice_2451,True,2026-09-24T07:04:11,2026-09-24T07:04:11,2026-09-24T07:04:11
2451,創見,2026-07-09,253.5,3.5,1.40%,,,,,,,,,ShowDailyK_ChartFlow,FinMind_API_TaiwanStockPrice_2451,True,2026-09-24T07:04:11,2026-09-24T07:04:11,2026-09-24T07:04:11
2451,創見,2026-07-13,252.5,-1.0,-0.39%,,,,,,,,,ShowDailyK_ChartFlow,FinMind_API_TaiwanStockPrice_2451,True,2026-09-24T07:04:11,2026-09-24T07:04:11,2026-09-24T07:04:11
2451,創見,2026-07-14,239.0,-13.5,-5.35%,,,,,,,,,ShowDailyK_ChartFlow,FinMind_API_TaiwanStockPrice_2451,True,2026-09-24T07:04:11,2026-09-24T07:04:11,2026-09-24T07:04:11
2451,創見,2026-07-15,253.0,14.0,5.86%,,,,,,,,,ShowDailyK_ChartFlow,FinMind_API_TaiwanStockPrice_2451,True,2026-09-24T07:04:11,2026-09-24T07:04:11,2026-09-24T07:04:11
2451,創見,2026-07-16,247.5,-5.5,-2.17%,,,,,,,,,ShowDailyK_ChartFlow,FinMind_API_TaiwanStockPrice_2451,True,2026-09-24T07:04:11,2026-09-24T07:04:11,2026-09-24T07:04:11
2451,創見,2026-07-17,230.0,-17.5,-7.07%,,,,,,,,,ShowDailyK_ChartFlow,FinMind_API_TaiwanStockPrice_2451,True,2026-09-24T07:04:11,2026-09-24T07:04:11,2026-09-24T07:04:11
2451,創見,2026-07-20,221.0,-9.0,-3.91%,,,,,,,,,ShowDailyK_ChartFlow,FinMind_API_TaiwanStockPrice_2451,True,2026-09-24T07:04:11,2026-09-24T07:04:11,2026-09-24T07:04:11
2451,創見,2026-07-21,235.0,14.0,6.33%,,,,,,,,,ShowDailyK_ChartFlow,FinMind_API_TaiwanStockPrice_2451,True,2026-09-24T07:04:11,2026-09-24T07:04:11,2026-09-24T07:04:11
2451,創見,2026-07-22,241.5,6.5,2.77%,,,,,,,,,ShowDailyK_ChartFlow,FinMind_API_TaiwanStockPrice_2451,True,2026-09-24T07:04:11,2026-09-24T07:04:11,2026-09-24T07:04:11
2451,創見,2026-07-23,244.5,3.0,1.24%,,,,,,,,,ShowDailyK_ChartFlow,FinMind_API_TaiwanStockPrice_2451,True,2026-09-24T07:04:11,2026-09-24T07:04:11,2026-09-24T07:04:11
2451,創見,2026-07-24,264.0,19.5,7.98%,,,,,,,,,ShowDailyK_ChartFlow,FinMind_API_TaiwanStockPrice_2451,True,2026-09-24T07:04:11,2026-09-24T07:04:11,2026-09-24T07:04:11
2451,創見,2026-07-27,272.0,8.0,3.03%,,,,,,,,,ShowDailyK_ChartFlow,FinMind_API_TaiwanStockPrice_2451,True,2026-09-24T07:04:11,2026-09-24T07:04:11,2026-09-24T07:04:11
2451,創見,2026-07-28,257.5,-14.5,-5.33%,,,,,,,,,ShowDailyK_ChartFlow,FinMind_API_TaiwanStockPrice_2451,True,2026-09-24T07:04:11,2026-09-24T07:04:11,2026-09-24T07:04:11
2451,創見,2026-07-29,269.5,12.0,4.66%,,,,,,,,,ShowDailyK_ChartFlow,FinMind_API_TaiwanStockPrice_2451,True,2026-09-24T07:04:11,2026-09-24T07:04:11,2026-09-24T07:04:11
2451,創見,2026-07-30,269.5,0.0,0.00%,,,,,,,,,ShowDailyK_ChartFlow,FinMind_API_TaiwanStockPrice_2451,True,2026-09-24T07:04:11,2026-09-24T07:04:11,2026-09-24T07:04:11
2451,創見,2026-07-31,293.0,23.5,8.72%,,,,,,,,,ShowDailyK_ChartFlow,FinMind_API_TaiwanStockPrice_2451,True,2026-09-24T07:04:11,2026-09-24T07:04:11,2026-09-24T07:04:11
2451,創見,2026-08-03,281.0,-12.0,-4.10%,,,,,,,,,ShowDailyK_ChartFlow,FinMind_API_TaiwanStockPrice_2451,True,2026-09-24T07:04:11,2026-09-24T07:04:11,2026-09-24T07:04:11
2451,創見,2026-08-04,284.5,3.5,1.25%,,,,,,,,,ShowDailyK_ChartFlow,FinMind_API_TaiwanStockPrice_2451,True,2026-09-24T07:04:11,2026-09-24T07:04:11,2026-09-24T07:04:11
2451,創見,2026-08-05,282.5,-2.0,-0.70%,,,,,,,,,ShowDailyK_ChartFlow,FinMind_API_TaiwanStockPrice_2451,True,2026-09-24T07:04:11,2026-09-24T07:04:11,2026-09-24T07:04:11
2451,創見,2026-08-06,293.0,10.5,3.72%,,,,,,,,,ShowDailyK_ChartFlow,FinMind_API_TaiwanStockPrice_2451,True,2026-09-24T07:04:11,2026-09-24T07:04:11,2026-09-24T07:04:11
2451,創見,2026-08-07,297.0,4.0,1.37%,,,,,,,,,ShowDailyK_ChartFlow,FinMind_API_TaiwanStockPrice_2451,True,2026-09-24T07:04:11,2026-09-24T07:04:11,2026-09-24T07:04:11
2451,創見,2026-08-10,295.5,-1.5,-0.51%,,,,,,,,,ShowDailyK_ChartFlow,FinMind_API_TaiwanStockPrice_2451,True,2026-09-24T07:04:11,2026-09-24T07:04:11,2026-09-24T07:04:11
2451,創見,2026-08-11,286.0,-9.5,-3.21%,,,,,,,,,ShowDailyK_ChartFlow,FinMind_API_TaiwanStockPrice_2451,True,2026-09-24T07:04:11,2026-09-24T07:04:11,2026-09-24T07:04:11
2451,創見,2026-08-12,294.5,8.5,2.97%,,,,,,,,,ShowDailyK_ChartFlow,FinMind_API_TaiwanStockPrice_2451,True,2026-09-24T07:04:11,2026-09-24T07:04:11,2026-09-24T07:04:11
2451,創見,2026-08-13,302.0,7.5,2.55%,,,,,,,,,ShowDailyK_ChartFlow,FinMind_API_TaiwanStockPrice_2451,True,2026-09-24T07:04:11,2026-09-24T07:04:11,2026-09-24T07:04:11
2451,創見,2026-08-14,292.5,-9.5,-3.15%,,,,,,,,,ShowDailyK_ChartFlow,FinMind_API_TaiwanStockPrice_2451,True,2026-09-24T07:04:11,2026-09-24T07:04:11,2026-09-24T07:04:11
2451,創見,2026-08-17,290.0,-2.5,-0.85%,,,,,,,,,ShowDailyK_ChartFlow,FinMind_API_TaiwanStockPrice_2451,True,2026-09-24T07:04:11,2026-09-24T07:04:11,2026-09-24T07:04:11
2451,創見,2026-08-18,280.0,-10.0,-3.45%,,,,,,,,,ShowDailyK_ChartFlow,FinMind_API_TaiwanStockPrice_2451,True,2026-09-24T07:04:11,2026-09-24T07:04:11,2026-09-24T07:04:11
2451,創見,2026-08-19,281.0,1.0,0.36%,,,,,,,,,ShowDailyK_ChartFlow,FinMind_API_TaiwanStockPrice_2451,True,2026-09-24T07:04:11,2026-09-24T07:04:11,2026-09-24T07:04:11
2451,創見,2026-08-20,284.5,3.5,1.25%,,,,,,,,,ShowDailyK_ChartFlow,FinMind_API_TaiwanStockPrice_2451,True,2026-09-24T07:04:11,2026-09-24T07:04:11,2026-09-24T07:04:11
2451,創見,2026-08-21,312.5,28.0,9.84%,,,,,,,,,ShowDailyK_ChartFlow,FinMind_API_TaiwanStockPrice_2451,True,2026-09-24T07:04:11,2026-09-24T07:04:11,2026-09-24T07:04:11
2451,創見,2026-08-24,316.0,3.5,1.12%,,,,,,,,,ShowDailyK_ChartFlow,FinMind_API_TaiwanStockPrice_2451,True,2026-09-24T07:04:11,2026-09-24T07:04:11,2026-09-24T07:04:11
2451,創見,2026-08-25,299.0,-17.0,-5.38%,,,,,,,,,ShowDailyK_ChartFlow,FinMind_API_TaiwanStockPrice_2451,True,2026-09-24T07:04:11,2026-09-24T07:04:11,2026-09-24T07:04:11
2451,創見,2026-08-26,301.0,2.0,0.67%,,,,,,,,,ShowDailyK_ChartFlow,FinMind_API_TaiwanStockPrice_2451,True,2026-09-24T07:04:11,2026-09-24T07:04:11,2026-09-24T07:04:11
2451,創見,2026-08-27,298.0,-3.0,-1.00%,,,,,,,,,ShowDailyK_ChartFlow,FinMind_API_TaiwanStockPrice_2451,True,2026-09-24T07:04:11,2026-09-24T07:04:11,2026-09-24T07:04:11
2451,創見,2026-08-28,294.0,-4.0,-1.34%,,,,,,,,,ShowDailyK_ChartFlow,FinMind_API_TaiwanStockPrice_2451,True,2026-09-24T07:04:11,2026-09-24T07:04:11,2026-09-24T07:04:11
2451,創見,2026-08-31,294.5,0.5,0.17%,,,,,,,,,ShowDailyK_ChartFlow,FinMind_API_TaiwanStockPrice_2451,True,2026-09-24T07:04:11,2026-09-24T07:04:11,2026-09-24T07:04:11
2451,創見,2026-09-01,295.0,0.5,0.17%,,,,,,,,,ShowDailyK_ChartFlow,FinMind_API_TaiwanStockPrice_2451,True,2026-09-24T07:04:11,2026-09-24T07:04:11,2026-09-24T07:04:11
2451,創見,2026-09-02,296.5,1.5,0.51%,,,,,,,,,ShowDailyK_ChartFlow,FinMind_API_TaiwanStockPrice_2451,True,2026-09-24T07:04:11,2026-09-24T07:04:11,2026-09-24T07:04:11
2451,創見,2026-09-03,286.0,-10.5,-3.54%,,,,,,,,,ShowDailyK_ChartFlow,FinMind_API_TaiwanStockPrice_2451,True,2026-09-24T07:04:11,2026-09-24T07:04:11,2026-09-24T07:04:11
2451,創見,2026-09-04,284.5,-1.5,-0.52%,,,,,,,,,ShowDailyK_ChartFlow,FinMind_API_TaiwanStockPrice_2451,True,2026-09-24T07:04:11,2026-09-24T07:04:11,2026-09-24T07:04:11
2451,創見,2026-09-07,289.5,5.0,1.76%,,,,,,,,,ShowDailyK_ChartFlow,FinMind_API_TaiwanStockPrice_2451,True,2026-09-24T07:04:11,2026-09-24T07:04:11,2026-09-24T07:04:11
2451,創見,2026-09-08,286.0,-3.5,-1.21%,,,,,,,,,ShowDailyK_ChartFlow,FinMind_API_TaiwanStockPrice_2451,True,2026-09-24T07:04:11,2026-09-24T07:04:11,2026-09-24T07:04:11
2451,創見,2026-09-09,287.5,1.5,0.52%,,,,,,,,,ShowDailyK_ChartFlow,FinMind_API_TaiwanStockPrice_2451,True,2026-09-24T07:04:11,2026-09-24T07:04:11,2026-09-24T07:04:11
2451,創見,2026-09-10,282.5,-5.0,-1.74%,,,,,,,,,ShowDailyK_ChartFlow,FinMind_API_TaiwanStockPrice_2451,True,2026-09-24T07:04:11,2026-09-24T07:04:11,2026-09-24T07:04:11
2451,創見,2026-09-11,276.5,-6.0,-2.12%,,,,,,,,,ShowDailyK_ChartFlow,FinMind_API_TaiwanStockPrice_2451,True,2026-09-24T07:04:11,2026-09-24T07:04:11,2026-09-24T07:04:11
2451,創見,2026-09-14,274.0,-2.5,-0.90%,,,,,,,,,ShowDailyK_ChartFlow,FinMind_API_TaiwanStockPrice_2451,True,2026-09-24T07:04:11,2026-09-24T07:04:11,2026-09-24T07:04:11
2451,創見,2026-09-15,273.0,-1.0,-0.36%,,,,,,,,,ShowDailyK_ChartFlow,FinMind_API_TaiwanStockPrice_2451,True,2026-09-24T07:04:11,2026-09-24T07:04:11,2026-09-24T07:04:11
2451,創見,2026-09-16,282.5,9.5,3.48%,,,,,,,,,ShowDailyK_ChartFlow,FinMind_API_TaiwanStockPrice_2451,True,2026-09-24T07:04:11,2026-09-24T07:04:11,2026-09-24T07:04:11
2451,創見,2026-09-17,277.0,-5.5,-1.95%,,,,,,,,,ShowDailyK_ChartFlow,FinMind_API_TaiwanStockPrice_2451,True,2026-09-24T07:04:11,2026-09-24T07:04:11,2026-09-24T07:04:11
2451,創見,2026-09-18,283.0,6.0,2.17%,,,,,,,,,ShowDailyK_ChartFlow,FinMind_API_TaiwanStockPrice_2451,True,2026-09-24T07:04:11,2026-09-24T07:04:11,2026-09-24T07:04:11
2451,創見,2026-09-21,286.0,3.0,1.06%,,,,,,,,,ShowDailyK_ChartFlow,FinMind_API_TaiwanStockPrice_2451,True,2026-09-24T07:04:11,2026-09-24T07:04:11,2026-09-24T07:04:11
2451,創見,2026-09-22,285.0,-1.0,-0.35%,,,,,,,,,ShowDailyK_ChartFlow,FinMind_API_TaiwanStockPrice_2451,True,2026-09-24T07:04:11,2026-09-24T07:04:11,2026-09-24T07:04:11
2451,創見,2026-09-23,284.5,-0.5,-0.18%,,,,,,,,,ShowDailyK_ChartFlow,FinMind_API_TaiwanStockPrice_2451,True,2026-09-24T07:04:11,2026-09-24T07:04:11,2026-09-24T07:04:11
2451,創見,2026-09-24,284.5,0.0,0.00%,,,,,,,,,ShowDailyK_ChartFlow,FinMind_API_TaiwanStockPrice_2451,True,2026-09-24T07:04:11,2026-09-24T07:04:11,2026-09-24T07:04:11
